subject,level,collection_num,obj_ID,point_value,distance,turning_angle,neighbor_value,used,time
49111.0,2.0,1,1,1,42.165137496472106,2.31505873404816,0.613407053921902,0,1103.89794921875
49111.0,2.0,1,2,2,39.994156257787225,2.248193473847161,0.8513997106635237,0,1103.89794921875
49111.0,2.0,1,3,4,36.09161168729326,2.3304881374406636,0.682842712474619,0,1103.89794921875
49111.0,2.0,1,4,1,44.11871071731628,2.18089694246744,0.682842712474619,0,1103.89794921875
49111.0,2.0,1,5,4,36.502246437200554,2.2337021657645453,0.848528137423857,0,1103.89794921875
49111.0,2.0,1,6,2,40.673604408117775,2.1621410924526043,0.848528137423857,0,1103.89794921875
49111.0,2.0,1,7,5,30.202579107450134,2.281934193044387,0.613407053921902,0,1103.89794921875
49111.0,2.0,1,8,5,33.01962227451943,2.216149659849715,0.8513997106635237,0,1103.89794921875
49111.0,2.0,1,9,2,37.245450134719505,2.139923520094647,0.848528137423857,0,1103.89794921875
49111.0,2.0,1,10,2,41.64314657088024,2.079504162941797,0.8513997106635237,0,1103.89794921875
49111.0,2.0,1,11,1,44.79677808429944,2.0443541282444264,0.613407053921902,0,1103.89794921875
49111.0,2.0,1,12,4,33.83940034822864,2.1132179103246687,0.848528137423857,0,1103.89794921875
49111.0,2.0,1,13,4,38.30186831622753,2.0505631438015457,0.848528137423857,0,1103.89794921875
49111.0,2.0,1,14,5,30.462870451050996,2.080564356094352,0.682842712474619,0,1103.89794921875
49111.0,2.0,1,15,5,34.99877964591699,2.016125797923454,0.8513997106635237,0,1103.89794921875
49111.0,2.0,1,16,4,39.646471183314546,1.966627660290369,0.682842712474619,0,1103.89794921875
49111.0,2.0,1,17,5,33.77940632070606,1.920674532538939,0.613407053921902,0,1103.89794921875
49111.0,2.0,1,18,1,37.77822676056691,1.0622565087601374,0.613407053921902,0,1103.89794921875
49111.0,2.0,1,19,2,36.07021905252185,1.1450378989109156,0.8513997106635237,0,1103.89794921875
49111.0,2.0,1,20,4,31.688051406026418,1.0738089437000105,0.682842712474619,0,1103.89794921875
49111.0,2.0,1,21,1,40.59542835200594,1.2006195336840313,0.682842712474619,0,1103.89794921875
49111.0,2.0,1,22,4,32.729973139633856,1.1787644646611941,0.848528137423857,0,1103.89794921875
49111.0,2.0,1,23,2,37.32531637249832,1.2351485601928531,0.848528137423857,0,1103.89794921875
49111.0,2.0,1,24,5,26.236270896132332,1.169002499927827,0.613407053921902,0,1103.89794921875
49111.0,2.0,1,25,5,29.435379748618782,1.220097051296718,0.8513997106635237,0,1103.89794921875
49111.0,2.0,1,26,2,34.108205486822875,1.2762482519158467,0.848528137423857,0,1103.89794921875
49111.0,2.0,1,27,2,38.86254986638514,1.3187689152101598,0.8513997106635237,0,1103.89794921875
49111.0,2.0,1,28,1,42.22437036271148,1.342807268285647,0.613407053921902,0,1103.89794921875
49111.0,2.0,1,29,4,30.960622098975616,1.325803296761642,0.848528137423857,0,1103.89794921875
49111.0,2.0,1,30,4,35.78391009017202,1.3653892485130936,0.848528137423857,0,1103.89794921875
49111.0,2.0,1,31,5,27.90610255803953,1.3863841621671507,0.682842712474619,0,1103.89794921875
49111.0,2.0,1,32,5,32.79754046518973,1.4206388346952226,0.8513997106635237,0,1103.89794921875
49111.0,2.0,1,33,4,37.71745963279732,1.4459806733682243,0.682842712474619,0,1103.89794921875
49111.0,2.0,1,34,5,32.31168435550605,1.5271628966868003,0.613407053921902,0,1103.89794921875
49111.0,2.0,1,35,1,27.319044942691036,3.103411030226843,0.613407053921902,0,1103.89794921875
49111.0,2.0,1,36,2,23.831993858187275,3.091622674659121,0.8513997106635237,0,1103.89794921875
49111.0,2.0,1,37,4,24.797016591570316,2.889466757608181,0.682842712474619,0,1103.89794921875
49111.0,2.0,1,38,1,23.896356012386878,3.3015096268468618,0.682842712474619,0,1103.89794921875
49111.0,2.0,1,39,4,21.743355123633354,2.9662251484448463,0.848528137423857,0,1103.89794921875
49111.0,2.0,1,40,2,21.233120153347585,3.198232182270387,0.848528137423857,0,1103.89794921875
49111.0,2.0,1,41,5,21.56809502988954,2.665043183121768,0.613407053921902,0,1103.89794921875
49111.0,2.0,1,42,5,20.064472402936232,2.817119788587388,0.8513997106635237,0,1103.89794921875
49111.0,2.0,1,43,2,18.85881629960513,3.0672255134996513,0.848528137423857,0,1103.89794921875
49111.0,2.0,1,44,2,18.94008584025729,3.3325264860042614,0.8513997106635237,0,1103.89794921875
49111.0,2.0,1,45,1,19.76429055711736,3.50856548944141,0.613407053921902,0,1103.89794921875
49111.0,2.0,1,46,4,16.89569510254044,2.9023111363364147,0.848528137423857,0,1103.89794921875
49111.0,2.0,1,47,4,16.233804619129536,3.202688173225054,0.848528137423857,0,1103.89794921875
49111.0,2.0,1,48,5,15.500776553894513,2.7012260358122813,0.682842712474619,0,1103.89794921875
49111.0,2.0,1,49,5,13.904890261624805,3.02540246943877,0.8513997106635237,0,1103.89794921875
49111.0,2.0,1,50,4,14.01491607544943,3.385428468652344,0.682842712474619,0,1103.89794921875
49111.0,2.0,1,51,5,10.463254171801987,2.9726264849024613,0.613407053921902,0,1103.89794921875
49111.0,2.0,1,52,1,19.890344734498413,0.15264103328384238,0.613407053921902,0,1103.89794921875
49111.0,2.0,1,53,2,16.416214514353953,0.17614784492541147,0.8513997106635237,0,1103.89794921875
49111.0,2.0,1,54,4,17.788203944390307,0.45844877077847657,0.682842712474619,0,1103.89794921875
49111.0,2.0,1,55,1,16.50951236091932,-0.12869334481946582,0.682842712474619,0,1103.89794921875
49111.0,2.0,1,56,4,14.546842914923706,0.37064649400183236,0.848528137423857,0,1103.89794921875
49111.0,2.0,1,57,2,13.772528388263664,0.01986514244704729,0.848528137423857,0,1103.89794921875
49111.0,2.0,1,58,5,15.534762599145278,0.8013351962369057,0.613407053921902,0,1103.89794921875
49111.0,2.0,1,59,5,13.368963258295189,0.6102615236638749,0.8513997106635237,0,1103.89794921875
49111.0,2.0,1,60,2,11.480465060950676,0.23435599435560173,0.848528137423857,0,1103.89794921875
49111.0,2.0,1,61,2,11.613482571122743,-0.2019646204784904,0.8513997106635237,0,1103.89794921875
49111.0,2.0,1,62,1,12.914073990016298,-0.46807983030059774,0.613407053921902,0,1103.89794921875
49111.0,2.0,1,63,4,9.945834194570603,0.533544376169943,0.848528137423857,0,1103.89794921875
49111.0,2.0,1,64,4,8.774481023966738,0.0071549076443711,0.848528137423857,0,1103.89794921875
49111.0,2.0,1,65,5,9.541391808120581,0.8960787152272927,0.682842712474619,0,1103.89794921875
49111.0,2.0,1,66,5,6.641540261876987,0.37865085066921034,0.765685424949238,1,1103.89794921875
49111.0,2.0,1,67,4,6.868912320316481,-0.3788362202186115,0.682842712474619,0,1103.89794921875
49111.0,2.0,2,1,1,43.51796078384037,1.7090920219072523,0.613407053921902,0,1104.2340087890625
49111.0,2.0,2,2,2,41.138910981413055,1.6484110262413223,0.8513997106635237,0,1104.2340087890625
49111.0,2.0,2,3,4,37.51282033784282,1.7360725187287214,0.682842712474619,0,1104.2340087890625
49111.0,2.0,2,4,1,45.02897182674707,1.575410501981167,0.682842712474619,0,1104.2340087890625
49111.0,2.0,2,5,4,37.612519443643926,1.6419515238373017,0.848528137423857,0,1104.2340087890625
49111.0,2.0,2,6,2,41.5319145469583,1.563381715805997,0.848528137423857,0,1104.2340087890625
49111.0,2.0,2,7,5,31.49768921896034,1.7060039359552457,0.613407053921902,0,1104.2340087890625
49111.0,2.0,2,8,5,34.08802195875199,1.6341558899844757,0.8513997106635237,0,1104.2340087890625
49111.0,2.0,2,9,2,38.04197087556994,1.5491435178256072,0.848528137423857,0,1104.2340087890625
49111.0,2.0,2,10,2,42.218359218888,1.4805315073645642,0.8513997106635237,0,1104.2340087890625
49111.0,2.0,2,11,1,45.24133806665329,1.440166699319465,0.613407053921902,0,1104.2340087890625
49111.0,2.0,2,12,4,34.5612958417299,1.5320333811616007,0.848528137423857,0,1104.2340087890625
49111.0,2.0,2,13,4,38.790223991321966,1.459160992876942,0.848528137423857,0,1104.2340087890625
49111.0,2.0,2,14,5,31.093002306329986,1.5110987959701625,0.682842712474619,0,1104.2340087890625
49111.0,2.0,2,15,5,35.38323189674447,1.4336614239641445,0.8513997106635237,0,1104.2340087890625
49111.0,2.0,2,16,4,39.83931985483875,1.3732482813300313,0.682842712474619,0,1104.2340087890625
49111.0,2.0,2,17,5,33.83888569990972,1.342860376145009,0.613407053921902,0,1104.2340087890625
49111.0,2.0,2,18,1,35.124912719863914,0.44347998687115037,0.613407053921902,0,1104.2340087890625
49111.0,2.0,2,19,2,33.625323903648855,0.5355332663540224,0.8513997106635237,0,1104.2340087890625
49111.0,2.0,2,20,4,29.076865384493317,0.4691148894890911,0.682842712474619,0,1104.2340087890625
49111.0,2.0,2,21,1,38.2865604966371,0.58595922974648,0.682842712474619,0,1104.2340087890625
49111.0,2.0,2,22,4,30.383753527602224,0.5796954106998244,0.848528137423857,0,1104.2340087890625
49111.0,2.0,2,23,2,35.119379058625654,0.6288134721603456,0.848528137423857,0,1104.2340087890625
49111.0,2.0,2,24,5,23.891289925425003,0.5913096184849665,0.613407053921902,0,1104.2340087890625
49111.0,2.0,2,25,5,27.215483630221634,0.6342680534580378,0.8513997106635237,0,1104.2340087890625
49111.0,2.0,2,26,2,32.02937489655731,0.6800463534877528,0.848528137423857,0,1104.2340087890625
49111.0,2.0,2,27,2,36.89280638961434,0.7138112054207719,0.8513997106635237,0,1104.2340087890625
49111.0,2.0,2,28,1,40.31709287917119,0.7325855650576303,0.613407053921902,0,1104.2340087890625
49111.0,2.0,2,29,4,29.041193623282712,0.7420145888909564,0.848528137423857,0,1104.2340087890625
49111.0,2.0,2,30,4,33.964529057567546,0.769787416848903,0.848528137423857,0,1104.2340087890625
49111.0,2.0,2,31,5,26.189711679699297,0.8178243199836048,0.682842712474619,0,1104.2340087890625
49111.0,2.0,2,32,5,31.16246628402719,0.8360707909818841,0.8513997106635237,0,1104.2340087890625
49111.0,2.0,2,33,4,36.142739408358146,0.8492921800698898,0.682842712474619,0,1104.2340087890625
49111.0,2.0,2,34,5,31.024219876579853,0.9486068860694947,0.613407053921902,0,1104.2340087890625
49111.0,2.0,2,35,1,30.53887798462392,2.469181141294214,0.613407053921902,0,1104.2340087890625
49111.0,2.0,2,36,2,27.041082717090053,2.4648587873581382,0.8513997106635237,0,1104.2340087890625
49111.0,2.0,2,37,4,27.68426378919728,2.283384824513231,0.682842712474619,0,1104.2340087890625
49111.0,2.0,2,38,1,27.3134005110157,2.6488247994937786,0.682842712474619,0,1104.2340087890625
49111.0,2.0,2,39,4,24.77317266140381,2.360017060250952,0.848528137423857,0,1104.2340087890625
49111.0,2.0,2,40,2,24.566476684180245,2.5628699610470456,0.848528137423857,0,1104.2340087890625
49111.0,2.0,2,41,5,23.991432384021827,2.094552469648541,0.613407053921902,0,1104.2340087890625
49111.0,2.0,2,42,5,22.829805362966713,2.235743547671399,0.8513997106635237,0,1104.2340087890625
49111.0,2.0,2,43,2,22.045446375013373,2.4563049613922763,0.848528137423857,0,1104.2340087890625
49111.0,2.0,2,44,2,22.378637108551466,2.6813888860965776,0.8513997106635237,0,1104.2340087890625
49111.0,2.0,2,45,1,23.25757046447649,2.8300249047067627,0.613407053921902,0,1104.2340087890625
49111.0,2.0,2,46,4,19.83662358045867,2.3241962604985287,0.848528137423857,0,1104.2340087890625
49111.0,2.0,2,47,4,19.577878537662233,2.578258239326252,0.848528137423857,0,1104.2340087890625
49111.0,2.0,2,48,5,18.05495954778154,2.1626561881773965,0.682842712474619,0,1104.2340087890625
49111.0,2.0,2,49,5,17.05236808289905,2.4427403358183284,0.8513997106635237,0,1104.2340087890625
49111.0,2.0,2,50,4,17.480988250019525,2.7322820475284244,0.682842712474619,0,1104.2340087890625
49111.0,2.0,2,51,5,13.56024864032489,2.4273034026196534,0.613407053921902,0,1104.2340087890625
49111.0,2.0,2,52,1,16.509683563107348,-0.577199777191475,0.613407053921902,0,1104.2340087890625
49111.0,2.0,2,53,2,13.018162904234151,-0.5605913830686258,0.8513997106635237,0,1104.2340087890625
49111.0,2.0,2,54,4,14.306322813306418,-0.20470457762317662,0.682842712474619,0,1104.2340087890625
49111.0,2.0,2,55,1,13.57476549940457,-0.9365867293298618,0.682842712474619,0,1104.2340087890625
49111.0,2.0,2,56,4,11.053548897947342,-0.31493329524999236,0.848528137423857,0,1104.2340087890625
49111.0,2.0,2,57,2,10.58218485011292,-0.7793446521972387,0.848528137423857,0,1104.2340087890625
49111.0,2.0,2,58,5,12.420875009579444,0.234266330705741,0.613407053921902,0,1104.2340087890625
49111.0,2.0,2,59,5,9.994464521796436,0.007389067969350349,0.8513997106635237,0,1104.2340087890625
49111.0,2.0,2,60,2,8.043072425391566,-0.5118723991373806,0.848528137423857,0,1104.2340087890625
49111.0,2.0,2,61,2,8.915868269705461,-1.1017647413730305,0.8513997106635237,0,1104.2340087890625
49111.0,2.0,2,62,1,10.936356435147548,-1.3922053621611188,0.613407053921902,0,1104.2340087890625
49111.0,2.0,2,63,4,6.511481542493146,-0.06791107493244841,0.848528137423857,1,1104.2340087890625
49111.0,2.0,2,64,4,5.674599971881314,-0.9029042322244001,0.848528137423857,0,1104.2340087890625
49111.0,2.0,2,65,5,6.716231809308229,0.47236756651652106,0.6466890965784271,0,1104.2340087890625
49111.0,2.0,2,67,4,4.9710316476217145,-1.5674280100904523,0.6466890965784271,0,1104.2340087890625
49111.0,2.0,3,1,1,43.663488317996666,1.6507557549396337,0.613407053921902,0,1104.5870361328125
49111.0,2.0,3,2,2,41.061588763789025,1.595462364537259,0.8513997106635237,0,1104.5870361328125
49111.0,2.0,3,3,4,37.788295400030904,1.6914507545297495,0.682842712474619,0,1104.5870361328125
49111.0,2.0,3,4,1,44.65593884773954,1.5142715477037352,0.682842712474619,0,1104.5870361328125
49111.0,2.0,3,5,4,37.52723200217656,1.5977863326332464,0.848528137423857,0,1104.5870361328125
49111.0,2.0,3,6,2,41.12653576842709,1.5094151592976526,0.848528137423857,0,1104.5870361328125
49111.0,2.0,3,7,5,31.695631400672152,1.681054739546755,0.613407053921902,0,1104.5870361328125
49111.0,2.0,3,8,5,33.99312006397536,1.6005935436663745,0.8513997106635237,0,1104.5870361328125
49111.0,2.0,3,9,2,37.59828472484313,1.5036471585672606,0.848528137423857,0,1104.5870361328125
49111.0,2.0,3,10,2,41.49373225942565,1.4242662908636747,0.8513997106635237,0,1104.5870361328125
49111.0,2.0,3,11,1,44.35255323669057,1.3771937668074257,0.613407053921902,0,1104.5870361328125
49111.0,2.0,3,12,4,34.071543613241715,1.496684794543401,0.848528137423857,0,1104.5870361328125
49111.0,2.0,3,13,4,37.99959061299951,1.410681597558959,0.848528137423857,0,1104.5870361328125
49111.0,2.0,3,14,5,30.546835419200004,1.4881151986927077,0.682842712474619,0,1104.5870361328125
49111.0,2.0,3,15,5,34.51388063800158,1.394349404868503,0.8513997106635237,0,1104.5870361328125
49111.0,2.0,3,16,4,38.72088272832566,1.3204187537017102,0.682842712474619,0,1104.5870361328125
49111.0,2.0,3,17,5,32.63834886149901,1.306275811372517,0.613407053921902,0,1104.5870361328125
49111.0,2.0,3,18,1,31.475760055445836,0.33303533817006314,0.613407053921902,0,1104.5870361328125
49111.0,2.0,3,19,2,30.11095500573348,0.4377722182844377,0.8513997106635237,0,1104.5870361328125
49111.0,2.0,3,20,4,25.467053398278683,0.3708391321775035,0.682842712474619,0,1104.5870361328125
49111.0,2.0,3,21,1,34.853527998236196,0.486662383441953,0.682842712474619,0,1104.5870361328125
49111.0,2.0,3,22,4,26.950542459329426,0.4934141101792959,0.848528137423857,0,1104.5870361328125
49111.0,2.0,3,23,2,31.771536654978565,0.538729485134739,0.848528137423857,0,1104.5870361328125
49111.0,2.0,3,24,5,20.49572405528432,0.5259678012066491,0.613407053921902,0,1104.5870361328125
49111.0,2.0,3,25,5,23.895477947656335,0.5635503842259386,0.8513997106635237,0,1104.5870361328125
49111.0,2.0,3,26,2,28.793969315005157,0.6017671378923056,0.848528137423857,0,1104.5870361328125
49111.0,2.0,3,27,2,33.722269666794176,0.62884410801627,0.8513997106635237,0,1104.5870361328125
49111.0,2.0,3,28,1,37.183472582271776,0.643520260593593,0.613407053921902,0,1104.5870361328125
49111.0,2.0,3,29,4,25.95678709717885,0.6789517904068451,0.848528137423857,0,1104.5870361328125
49111.0,2.0,3,30,4,30.933050269490057,0.6961254868865312,0.848528137423857,0,1104.5870361328125
49111.0,2.0,3,31,5,23.311304637516162,0.7743397164306945,0.682842712474619,0,1104.5870361328125
49111.0,2.0,3,32,5,28.31105307948842,0.7762920426869221,0.8513997106635237,0,1104.5870361328125
49111.0,2.0,3,33,4,33.31087703793071,0.7776583008405671,0.682842712474619,0,1104.5870361328125
49111.0,2.0,3,34,5,28.49494458248546,0.8994266879646251,0.613407053921902,0,1104.5870361328125
49111.0,2.0,3,35,1,33.28524292680859,2.406989437408179,0.613407053921902,0,1104.5870361328125
49111.0,2.0,3,36,2,29.790287954421572,2.4129551408888603,0.8513997106635237,0,1104.5870361328125
49111.0,2.0,3,37,4,29.92590949284388,2.245361499890545,0.682842712474619,0,1104.5870361328125
49111.0,2.0,3,38,1,30.48544659080504,2.5774444118080506,0.682842712474619,0,1104.5870361328125
49111.0,2.0,3,39,4,27.254341469067693,2.326470726732112,0.848528137423857,0,1104.5870361328125
49111.0,2.0,3,40,2,27.562661815325722,2.508804061838349,0.848528137423857,0,1104.5870361328125
49111.0,2.0,3,41,5,25.66234913670806,2.0876086332716253,0.613407053921902,0,1104.5870361328125
49111.0,2.0,3,42,5,24.962712220785043,2.223206146141733,0.8513997106635237,0,1104.5870361328125
49111.0,2.0,3,43,2,24.799963686489598,2.4243936969209154,0.848528137423857,0,1104.5870361328125
49111.0,2.0,3,44,2,25.630829020628152,2.620267839533165,0.8513997106635237,0,1104.5870361328125
49111.0,2.0,3,45,1,26.75855441701036,2.746870752945589,0.613407053921902,0,1104.5870361328125
49111.0,2.0,3,46,4,22.257045431871468,2.319795118575884,0.848528137423857,0,1104.5870361328125
49111.0,2.0,3,47,4,22.633543001259486,2.5423936290794376,0.848528137423857,0,1104.5870361328125
49111.0,2.0,3,48,5,20.017840639329172,2.190081388183852,0.682842712474619,0,1104.5870361328125
49111.0,2.0,3,49,5,19.814518447215676,2.4415915534204107,0.8513997106635237,0,1104.5870361328125
49111.0,2.0,3,50,4,20.84505549833154,2.6829180201775107,0.682842712474619,0,1104.5870361328125
49111.0,2.0,3,51,5,16.33000309264342,2.4598742362380994,0.613407053921902,0,1104.5870361328125
49111.0,2.0,3,52,1,13.861120289097473,-0.9076384936025067,0.613407053921902,0,1104.5870361328125
49111.0,2.0,3,53,2,10.395999036078074,-0.9487007686798977,0.8513997106635237,0,1104.5870361328125
49111.0,2.0,3,54,4,10.778478488389007,-0.47327620355917854,0.682842712474619,0,1104.5870361328125
49111.0,2.0,3,55,1,12.24655026493616,-1.3633256751488494,0.682842712474619,0,1104.5870361328125
49111.0,2.0,3,56,4,7.799854230655633,-0.6813816818879143,0.848528137423857,0,1104.5870361328125
49111.0,2.0,3,57,2,8.816967928542569,-1.2806314623471358,0.848528137423857,0,1104.5870361328125
49111.0,2.0,3,58,5,8.603360847795862,0.12791840271118704,0.613407053921902,0,1104.5870361328125
49111.0,2.0,3,59,5,6.212781670139142,-0.22355115177964102,0.7685569981889047,0,1104.5870361328125
49111.0,2.0,3,60,2,5.522667246384539,-1.0964254609728807,0.848528137423857,0,1104.5870361328125
49111.0,2.0,3,61,2,8.508880710631702,-1.6901207309158495,0.8513997106635237,0,1104.5870361328125
49111.0,2.0,3,62,1,11.46655524345435,-1.8798642972768076,0.613407053921902,0,1104.5870361328125
49111.0,2.0,3,64,4,5.016171947720752,-1.7741204917194118,0.848528137423857,0,1104.5870361328125
49111.0,2.0,3,65,5,3.3198966304644566,0.7076950946811875,0.5052677403411177,1,1104.5870361328125
49111.0,2.0,3,67,4,6.6950809183991655,-2.317698639863407,0.6466890965784271,0,1104.5870361328125
49111.0,2.0,4,1,1,43.663488317996666,1.6507557549396337,0.613407053921902,0,1104.6180419921875
49111.0,2.0,4,2,2,41.061588763789025,1.595462364537259,0.8513997106635237,0,1104.6180419921875
49111.0,2.0,4,3,4,37.788295400030904,1.6914507545297495,0.682842712474619,0,1104.6180419921875
49111.0,2.0,4,4,1,44.65593884773954,1.5142715477037352,0.682842712474619,0,1104.6180419921875
49111.0,2.0,4,5,4,37.52723200217656,1.5977863326332464,0.848528137423857,0,1104.6180419921875
49111.0,2.0,4,6,2,41.12653576842709,1.5094151592976526,0.848528137423857,0,1104.6180419921875
49111.0,2.0,4,7,5,31.695631400672152,1.681054739546755,0.613407053921902,0,1104.6180419921875
49111.0,2.0,4,8,5,33.99312006397536,1.6005935436663745,0.8513997106635237,0,1104.6180419921875
49111.0,2.0,4,9,2,37.59828472484313,1.5036471585672606,0.848528137423857,0,1104.6180419921875
49111.0,2.0,4,10,2,41.49373225942565,1.4242662908636747,0.8513997106635237,0,1104.6180419921875
49111.0,2.0,4,11,1,44.35255323669057,1.3771937668074257,0.613407053921902,0,1104.6180419921875
49111.0,2.0,4,12,4,34.071543613241715,1.496684794543401,0.848528137423857,0,1104.6180419921875
49111.0,2.0,4,13,4,37.99959061299951,1.410681597558959,0.848528137423857,0,1104.6180419921875
49111.0,2.0,4,14,5,30.546835419200004,1.4881151986927077,0.682842712474619,0,1104.6180419921875
49111.0,2.0,4,15,5,34.51388063800158,1.394349404868503,0.8513997106635237,0,1104.6180419921875
49111.0,2.0,4,16,4,38.72088272832566,1.3204187537017102,0.682842712474619,0,1104.6180419921875
49111.0,2.0,4,17,5,32.63834886149901,1.306275811372517,0.613407053921902,0,1104.6180419921875
49111.0,2.0,4,18,1,31.475760055445836,0.33303533817006314,0.613407053921902,0,1104.6180419921875
49111.0,2.0,4,19,2,30.11095500573348,0.4377722182844377,0.8513997106635237,0,1104.6180419921875
49111.0,2.0,4,20,4,25.467053398278683,0.3708391321775035,0.682842712474619,0,1104.6180419921875
49111.0,2.0,4,21,1,34.853527998236196,0.486662383441953,0.682842712474619,0,1104.6180419921875
49111.0,2.0,4,22,4,26.950542459329426,0.4934141101792959,0.848528137423857,0,1104.6180419921875
49111.0,2.0,4,23,2,31.771536654978565,0.538729485134739,0.848528137423857,0,1104.6180419921875
49111.0,2.0,4,24,5,20.49572405528432,0.5259678012066491,0.613407053921902,0,1104.6180419921875
49111.0,2.0,4,25,5,23.895477947656335,0.5635503842259386,0.8513997106635237,0,1104.6180419921875
49111.0,2.0,4,26,2,28.793969315005157,0.6017671378923056,0.848528137423857,0,1104.6180419921875
49111.0,2.0,4,27,2,33.722269666794176,0.62884410801627,0.8513997106635237,0,1104.6180419921875
49111.0,2.0,4,28,1,37.183472582271776,0.643520260593593,0.613407053921902,0,1104.6180419921875
49111.0,2.0,4,29,4,25.95678709717885,0.6789517904068451,0.848528137423857,0,1104.6180419921875
49111.0,2.0,4,30,4,30.933050269490057,0.6961254868865312,0.848528137423857,0,1104.6180419921875
49111.0,2.0,4,31,5,23.311304637516162,0.7743397164306945,0.682842712474619,1,1104.6180419921875
49111.0,2.0,4,32,5,28.31105307948842,0.7762920426869221,0.8513997106635237,0,1104.6180419921875
49111.0,2.0,4,33,4,33.31087703793071,0.7776583008405671,0.682842712474619,0,1104.6180419921875
49111.0,2.0,4,34,5,28.49494458248546,0.8994266879646251,0.613407053921902,0,1104.6180419921875
49111.0,2.0,4,35,1,33.28524292680859,2.406989437408179,0.613407053921902,0,1104.6180419921875
49111.0,2.0,4,36,2,29.790287954421572,2.4129551408888603,0.8513997106635237,0,1104.6180419921875
49111.0,2.0,4,37,4,29.92590949284388,2.245361499890545,0.682842712474619,0,1104.6180419921875
49111.0,2.0,4,38,1,30.48544659080504,2.5774444118080506,0.682842712474619,0,1104.6180419921875
49111.0,2.0,4,39,4,27.254341469067693,2.326470726732112,0.848528137423857,0,1104.6180419921875
49111.0,2.0,4,40,2,27.562661815325722,2.508804061838349,0.848528137423857,0,1104.6180419921875
49111.0,2.0,4,41,5,25.66234913670806,2.0876086332716253,0.613407053921902,0,1104.6180419921875
49111.0,2.0,4,42,5,24.962712220785043,2.223206146141733,0.8513997106635237,0,1104.6180419921875
49111.0,2.0,4,43,2,24.799963686489598,2.4243936969209154,0.848528137423857,0,1104.6180419921875
49111.0,2.0,4,44,2,25.630829020628152,2.620267839533165,0.8513997106635237,0,1104.6180419921875
49111.0,2.0,4,45,1,26.75855441701036,2.746870752945589,0.613407053921902,0,1104.6180419921875
49111.0,2.0,4,46,4,22.257045431871468,2.319795118575884,0.848528137423857,0,1104.6180419921875
49111.0,2.0,4,47,4,22.633543001259486,2.5423936290794376,0.848528137423857,0,1104.6180419921875
49111.0,2.0,4,48,5,20.017840639329172,2.190081388183852,0.682842712474619,0,1104.6180419921875
49111.0,2.0,4,49,5,19.814518447215676,2.4415915534204107,0.8513997106635237,0,1104.6180419921875
49111.0,2.0,4,50,4,20.84505549833154,2.6829180201775107,0.682842712474619,0,1104.6180419921875
49111.0,2.0,4,51,5,16.33000309264342,2.4598742362380994,0.613407053921902,0,1104.6180419921875
49111.0,2.0,4,52,1,13.861120289097473,-0.9076384936025067,0.613407053921902,0,1104.6180419921875
49111.0,2.0,4,53,2,10.395999036078074,-0.9487007686798977,0.8513997106635237,0,1104.6180419921875
49111.0,2.0,4,54,4,10.778478488389007,-0.47327620355917854,0.682842712474619,0,1104.6180419921875
49111.0,2.0,4,55,1,12.24655026493616,-1.3633256751488494,0.682842712474619,0,1104.6180419921875
49111.0,2.0,4,56,4,7.799854230655633,-0.6813816818879143,0.848528137423857,0,1104.6180419921875
49111.0,2.0,4,57,2,8.816967928542569,-1.2806314623471358,0.848528137423857,0,1104.6180419921875
49111.0,2.0,4,58,5,8.603360847795862,0.12791840271118704,0.6034068236642477,0,1104.6180419921875
49111.0,2.0,4,59,5,6.212781670139142,-0.22355115177964102,0.7685569981889047,0,1104.6180419921875
49111.0,2.0,4,60,2,5.522667246384539,-1.0964254609728807,0.848528137423857,0,1104.6180419921875
49111.0,2.0,4,61,2,8.508880710631702,-1.6901207309158495,0.8513997106635237,0,1104.6180419921875
49111.0,2.0,4,62,1,11.46655524345435,-1.8798642972768076,0.613407053921902,0,1104.6180419921875
49111.0,2.0,4,64,4,5.016171947720752,-1.7741204917194118,0.848528137423857,0,1104.6180419921875
49111.0,2.0,4,67,4,6.6950809183991655,-2.317698639863407,0.6466890965784271,0,1104.6180419921875
49111.0,2.0,5,1,1,37.10531574641861,0.9362039517786883,0.613407053921902,0,1106.72802734375
49111.0,2.0,5,2,2,33.68376863621631,0.915359737891786,0.8513997106635237,0,1106.72802734375
49111.0,2.0,5,3,4,32.941875448392985,1.0639364922437888,0.682842712474619,0,1106.72802734375
49111.0,2.0,5,4,1,35.12869739997289,0.7760944532017563,0.682842712474619,0,1106.72802734375
49111.0,2.0,5,5,4,30.751030322037746,0.9767228171233336,0.848528137423857,0,1106.72802734375
49111.0,2.0,5,6,2,31.938299537508218,0.8215850795418439,0.848528137423857,0,1106.72802734375
49111.0,2.0,5,7,5,27.871223226818035,1.1760995695281777,0.613407053921902,0,1106.72802734375
49111.0,2.0,5,8,5,27.958101906167023,1.0506737171940745,0.8513997106635237,0,1106.72802734375
49111.0,2.0,5,9,2,28.828537487641185,0.8770264633611741,0.848528137423857,0,1106.72802734375
49111.0,2.0,5,10,2,30.504322401211372,0.7180029162532168,0.8513997106635237,0,1106.72802734375
49111.0,2.0,5,11,1,32.0914951847611,0.6182603612786824,0.613407053921902,0,1106.72802734375
49111.0,2.0,5,12,4,25.828553385837708,0.945601127811568,0.848528137423857,0,1106.72802734375
49111.0,2.0,5,13,4,27.231292321257566,0.7643924177192184,0.848528137423857,0,1106.72802734375
49111.0,2.0,5,14,5,22.98137868653236,1.031662055588618,0.682842712474619,0,1106.72802734375
49111.0,2.0,5,15,5,24.032745948278915,0.8232866825581046,0.8513997106635237,0,1106.72802734375
49111.0,2.0,5,16,4,26.01926188990052,0.6395369381039283,0.682842712474619,0,1106.72802734375
49111.0,2.0,5,17,5,20.733178499961003,0.7709821125466992,0.613407053921902,0,1106.72802734375
49111.0,2.0,5,18,1,12.992094347731115,-1.393414479759116,0.613407053921902,0,1106.72802734375
49111.0,2.0,5,19,2,10.320014662955584,-1.197880440551143,0.8513997106635237,0,1106.72802734375
49111.0,2.0,5,20,4,7.55470655703485,-1.6741487172425926,0.682842712474619,0,1106.72802734375
49111.0,2.0,5,21,1,14.350324530279137,-0.9541147380380276,0.682842712474619,0,1106.72802734375
49111.0,2.0,5,22,4,6.7855725502104836,-1.1873814450706908,0.848528137423857,0,1106.72802734375
49111.0,2.0,5,23,2,10.976024157903575,-0.869987585349794,0.848528137423857,0,1106.72802734375
49111.0,2.0,5,24,5,2.39476700082132,-2.4606060944743366,0.6034068236642477,0,1106.72802734375
49111.0,2.0,5,25,5,3.2535038073931566,-1.1540734055705544,0.8513997106635237,0,1106.72802734375
49111.0,2.0,5,26,2,7.746896056191451,-0.7136990040638309,0.848528137423857,0,1106.72802734375
49111.0,2.0,5,27,2,12.627094281193418,-0.6036418988477492,0.8513997106635237,0,1106.72802734375
49111.0,2.0,5,28,1,16.087072077374632,-0.5666088874603441,0.613407053921902,0,1106.72802734375
49111.0,2.0,5,29,4,4.9553698848810885,-0.3617075417773809,0.848528137423857,0,1106.72802734375
49111.0,2.0,5,30,4,9.949110622397326,-0.3973295512808939,0.848528137423857,0,1106.72802734375
49111.0,2.0,5,32,5,7.9703258633039,-0.06680497014193792,0.8513997106635237,0,1106.72802734375
49111.0,2.0,5,33,4,12.765390939879747,-0.20738195147619434,0.682842712474619,0,1106.72802734375
49111.0,2.0,5,34,5,9.784389683088186,0.2737836814463901,0.6034068236642477,1,1106.72802734375
49111.0,2.0,5,35,1,42.7811849737375,1.6935432737124083,0.613407053921902,0,1106.72802734375
49111.0,2.0,5,36,2,39.84998871585627,1.7398693409807486,0.8513997106635237,0,1106.72802734375
49111.0,2.0,5,37,4,37.24849946151637,1.628983982915825,0.682842712474619,0,1106.72802734375
49111.0,2.0,5,38,1,42.87881165766093,1.8361460044541196,0.682842712474619,0,1106.72802734375
49111.0,2.0,5,39,4,36.37966888886319,1.722116680552821,0.848528137423857,0,1106.72802734375
49111.0,2.0,5,40,2,39.357987715108194,1.828303416572671,0.848528137423857,0,1106.72802734375
49111.0,2.0,5,41,5,31.197586353903528,1.6055806688716312,0.613407053921902,0,1106.72802734375
49111.0,2.0,5,42,5,32.92322912888055,1.7006284905854754,0.8513997106635237,0,1106.72802734375
49111.0,2.0,5,43,2,35.840060055642425,1.8189205546244769,0.848528137423857,0,1106.72802734375
49111.0,2.0,5,44,2,39.1801071120453,1.9182535495689628,0.8513997106635237,0,1106.72802734375
49111.0,2.0,5,45,1,41.71606902951,1.977929629508429,0.613407053921902,0,1106.72802734375
49111.0,2.0,5,46,4,32.32597427149728,1.807496515979501,0.848528137423857,0,1106.72802734375
49111.0,2.0,5,47,4,35.6446279419605,1.9177271119721429,0.848528137423857,0,1106.72802734375
49111.0,2.0,5,48,5,28.817135881467337,1.793288195520709,0.682842712474619,0,1106.72802734375
49111.0,2.0,5,49,5,32.10916082569333,1.9170847444556265,0.8513997106635237,0,1106.72802734375
49111.0,2.0,5,50,4,35.79900972721908,2.0166473404995298,0.682842712474619,0,1106.72802734375
49111.0,2.0,5,51,5,29.720195521344873,1.9999108317086831,0.613407053921902,0,1106.72802734375
49111.0,2.0,5,52,1,24.944334961190474,-3.1331600380289464,0.613407053921902,0,1106.72802734375
49111.0,2.0,5,53,2,23.66279851918071,-3.2673180478379855,0.8513997106635237,0,1106.72802734375
49111.0,2.0,5,54,4,18.956717681076906,-3.187548628708745,0.682842712474619,0,1106.72802734375
49111.0,2.0,5,55,1,28.46926276317369,-3.320402417106389,0.682842712474619,0,1106.72802734375
49111.0,2.0,5,56,4,20.588793977079025,-3.346467898146835,0.848528137423857,0,1106.72802734375
49111.0,2.0,5,57,2,25.48468806852249,-3.390782375329848,0.848528137423857,0,1106.72802734375
49111.0,2.0,5,58,5,14.220380414685438,-3.4225358496102087,0.6034068236642477,0,1106.72802734375
49111.0,2.0,5,59,5,17.688098854932665,-3.452440763010121,0.7685569981889047,0,1106.72802734375
49111.0,2.0,5,60,2,22.65920849502818,-3.479250853673163,0.848528137423857,0,1106.72802734375
49111.0,2.0,5,61,2,27.640741996922667,-3.496406181303409,0.8513997106635237,0,1106.72802734375
49111.0,2.0,5,62,1,31.13133855303921,-3.5051465192396005,0.613407053921902,0,1106.72802734375
49111.0,2.0,5,64,4,25.05954951334339,2.694945325962765,0.848528137423857,0,1106.72802734375
49111.0,2.0,5,67,4,27.70419307618002,2.6058619165544226,0.6466890965784271,0,1106.72802734375
49111.0,2.0,6,1,1,28.308890928482583,1.4778809175384018,0.613407053921902,0,1107.6490478515625
49111.0,2.0,6,2,2,24.82746806276976,1.4642966249235694,0.8513997106635237,0,1107.6490478515625
49111.0,2.0,6,3,4,24.781551033367553,1.6662072637502763,0.682842712474619,0,1107.6490478515625
49111.0,2.0,6,4,1,25.858868289163482,1.270906749881677,0.682842712474619,0,1107.6490478515625
49111.0,2.0,6,5,4,22.17833199682915,1.564117707904306,0.848528137423857,0,1107.6490478515625
49111.0,2.0,6,6,2,22.785001842221295,1.3428864659835904,0.848528137423857,0,1107.6490478515625
49111.0,2.0,6,7,5,20.50631904470869,1.8597294886237916,0.613407053921902,0,1107.6490478515625
49111.0,2.0,6,8,5,19.80791886885896,1.6893540095581963,0.8513997106635237,0,1107.6490478515625
49111.0,2.0,6,9,2,19.865335353417795,1.436639441286771,0.848528137423857,0,1107.6490478515625
49111.0,2.0,6,10,2,21.140232910074644,1.200166220493142,0.8513997106635237,0,1107.6490478515625
49111.0,2.0,6,11,1,22.65510928342919,1.0558673987478036,0.613407053921902,0,1107.6490478515625
49111.0,2.0,6,12,4,17.178672488218467,1.5611282902528791,0.848528137423857,0,1107.6490478515625
49111.0,2.0,6,13,4,17.955074136464216,1.2789501238124181,0.848528137423857,0,1107.6490478515625
49111.0,2.0,6,14,5,14.85200418163142,1.727982042398554,0.682842712474619,0,1107.6490478515625
49111.0,2.0,6,15,5,14.928493795411825,1.3906326184533206,0.8513997106635237,0,1107.6490478515625
49111.0,2.0,6,16,4,16.587279035094983,1.0897524659191562,0.682842712474619,0,1107.6490478515625
49111.0,2.0,6,17,5,11.505207160532933,1.3350175562146704,0.613407053921902,0,1107.6490478515625
49111.0,2.0,6,18,1,19.019465333761854,-1.423286687929152,0.613407053921902,0,1107.6490478515625
49111.0,2.0,6,19,2,15.563746232030384,-1.3910283611786527,0.8513997106635237,0,1107.6490478515625
49111.0,2.0,6,20,4,15.490393732458443,-1.714420230827053,0.682842712474619,0,1107.6490478515625
49111.0,2.0,6,21,1,17.161238171049668,-1.1000971284755596,0.682842712474619,0,1107.6490478515625
49111.0,2.0,6,22,4,12.824860943997198,-1.5494414143813218,0.848528137423857,0,1107.6490478515625
49111.0,2.0,6,23,2,13.847561410635334,-1.1800827253026478,0.848528137423857,0,1107.6490478515625
49111.0,2.0,6,24,5,11.827061788067773,-2.0770593622418625,0.6034068236642477,0,1107.6490478515625
49111.0,2.0,6,25,5,10.56995362765085,-1.7838638056552818,0.8513997106635237,0,1107.6490478515625
49111.0,2.0,6,26,2,10.677163409779844,-1.308860934413958,0.848528137423857,0,1107.6490478515625
49111.0,2.0,6,27,2,12.894949292943874,-0.924592383543619,0.8513997106635237,0,1107.6490478515625
49111.0,2.0,6,28,1,15.252024338411942,-0.7398385159045915,0.613407053921902,0,1107.6490478515625
49111.0,2.0,6,29,4,7.826153585061199,-1.5380935870874513,0.848528137423857,0,1107.6490478515625
49111.0,2.0,6,30,4,9.408856398384366,-0.9780902049120318,0.848528137423857,0,1107.6490478515625
49111.0,2.0,6,32,5,5.981090216945663,-1.0936308831052923,0.765685424949238,1,1107.6490478515625
49111.0,2.0,6,33,4,9.38356749705011,-0.5995715745786615,0.682842712474619,0,1107.6490478515625
49111.0,2.0,6,35,1,39.213848483284714,2.3434680007898776,0.613407053921902,0,1107.6490478515625
49111.0,2.0,6,36,2,36.779556518222726,2.4096987971641295,0.8513997106635237,0,1107.6490478515625
49111.0,2.0,6,37,4,33.24174599002874,2.3086072440228436,0.682842712474619,0,1107.6490478515625
49111.0,2.0,6,38,1,40.625827731735974,2.4923694399202914,0.682842712474619,0,1107.6490478515625
49111.0,2.0,6,39,4,33.24889345856964,2.415004021441723,0.848528137423857,0,1107.6490478515625
49111.0,2.0,6,40,2,37.12426453723848,2.5049593294828503,0.848528137423857,0,1107.6490478515625
49111.0,2.0,6,41,5,27.195341217079935,2.3362550282186403,0.613407053921902,0,1107.6490478515625
49111.0,2.0,6,42,5,29.71938853276578,2.4215695765335106,0.8513997106635237,0,1107.6490478515625
49111.0,2.0,6,43,2,33.62981052538117,2.5201684812341374,0.848528137423857,0,1107.6490478515625
49111.0,2.0,6,44,2,37.79796631016788,2.5976457306059153,0.8513997106635237,0,1107.6490478515625
49111.0,2.0,6,45,1,40.82697304518998,2.642289326157284,0.613407053921902,0,1107.6490478515625
49111.0,2.0,6,46,4,30.14493812425584,2.538899314880393,0.848528137423857,0,1107.6490478515625
49111.0,2.0,6,47,4,34.372072904129034,2.6218843680349173,0.848528137423857,0,1107.6490478515625
49111.0,2.0,6,48,5,26.67340310229253,2.5625159530283104,0.682842712474619,0,1107.6490478515625
49111.0,2.0,6,49,5,30.970833606297013,2.651467528076351,0.8513997106635237,0,1107.6490478515625
49111.0,2.0,6,50,4,35.45299191155077,2.7183527498367,0.682842712474619,0,1107.6490478515625
49111.0,2.0,6,51,5,29.473757803783105,2.756227321447448,0.613407053921902,0,1107.6490478515625
49111.0,2.0,6,52,1,33.13717955486641,-2.533892771664872,0.613407053921902,0,1107.6490478515625
49111.0,2.0,6,53,2,31.281988492490804,-2.626106196203734,0.8513997106635237,0,1107.6490478515625
49111.0,2.0,6,54,4,27.034065599402158,-2.535386964492716,0.682842712474619,0,1107.6490478515625
49111.0,2.0,6,55,1,35.725129884380756,-2.6947153106707615,0.682842712474619,0,1107.6490478515625
49111.0,2.0,6,56,4,27.89422098375583,-2.6603483745836374,0.848528137423857,0,1107.6490478515625
49111.0,2.0,6,57,2,32.41619449445218,-2.731313090071149,0.848528137423857,0,1107.6490478515625
49111.0,2.0,6,58,5,21.4232783132927,-2.6352338506911615,0.6034068236642477,0,1107.6490478515625
49111.0,2.0,6,59,5,24.548163363821757,-2.7039888747502596,0.7685569981889047,0,1107.6490478515625
49111.0,2.0,6,60,2,29.16049426447413,-2.776154811073264,0.848528137423857,0,1107.6490478515625
49111.0,2.0,6,61,2,33.88298285216307,-2.828417327049133,0.8513997106635237,0,1107.6490478515625
49111.0,2.0,6,62,1,37.23186804080692,-2.85706109028184,0.613407053921902,0,1107.6490478515625
49111.0,2.0,6,64,4,30.782808306037534,-2.8810521041136603,0.848528137423857,0,1107.6490478515625
49111.0,2.0,6,67,4,32.708227537793576,-2.9745362918992058,0.6466890965784271,0,1107.6490478515625
49111.0,2.0,7,1,1,30.323391632867214,2.8005651243919063,0.613407053921902,0,1107.97705078125
49111.0,2.0,7,2,2,26.82387372840918,2.7985283118444535,0.8513997106635237,0,1107.97705078125
49111.0,2.0,7,3,4,27.199020314808397,2.9833807888589376,0.682842712474619,0,1107.97705078125
49111.0,2.0,7,4,1,27.372498927023823,2.6148607718244605,0.682842712474619,0,1107.97705078125
49111.0,2.0,7,5,4,24.40399494806857,2.8993174057380493,0.848528137423857,0,1107.97705078125
49111.0,2.0,7,6,2,24.5007849902332,2.6945186115262496,0.848528137423857,0,1107.97705078125
49111.0,2.0,7,7,5,23.249221278453092,3.1686743933374704,0.613407053921902,0,1107.97705078125
49111.0,2.0,7,8,5,22.284293505809696,3.0207312366221823,0.8513997106635237,0,1107.97705078125
49111.0,2.0,7,9,2,21.82483064688825,2.7944855254357464,0.848528137423857,0,1107.97705078125
49111.0,2.0,7,10,2,22.495704667283324,2.5704025367965304,0.8513997106635237,0,1107.97705078125
49111.0,2.0,7,11,1,23.592799229345996,2.426008960888417,0.613407053921902,0,1107.97705078125
49111.0,2.0,7,12,4,19.425704630542196,2.9206942808015297,0.848528137423857,0,1107.97705078125
49111.0,2.0,7,13,4,19.547160819549955,2.663471438342998,0.848528137423857,0,1107.97705078125
49111.0,2.0,7,14,5,17.41817349841207,3.0790746580806703,0.682842712474619,0,1107.97705078125
49111.0,2.0,7,15,5,16.826356222696134,2.788040657276225,0.8513997106635237,0,1107.97705078125
49111.0,2.0,7,16,4,17.6878421364887,2.501570324463186,0.682842712474619,0,1107.97705078125
49111.0,2.0,7,17,5,13.328105094516008,2.7806531912749186,0.613407053921902,0,1107.97705078125
49111.0,2.0,7,18,1,16.68701804447811,-0.2970467059145796,0.613407053921902,0,1107.97705078125
49111.0,2.0,7,19,2,13.188800155409865,-0.28951887057404924,0.8513997106635237,0,1107.97705078125
49111.0,2.0,7,20,4,13.935959020715403,-0.6562361422970251,0.682842712474619,0,1107.97705078125
49111.0,2.0,7,21,1,14.271578232683993,0.06818136446071099,0.682842712474619,0,1107.97705078125
49111.0,2.0,7,22,4,10.870887093487033,-0.5129431802104438,0.848528137423857,0,1107.97705078125
49111.0,2.0,7,23,2,11.086463904763468,-0.05389650770695242,0.848528137423857,0,1107.97705078125
49111.0,2.0,7,24,5,11.460561760260726,-1.1013346323064526,0.6034068236642477,0,1107.97705078125
49111.0,2.0,7,25,5,9.349220441263894,-0.8308358571028918,0.8513997106635237,0,1107.97705078125
49111.0,2.0,7,26,2,8.193986732453677,-0.26761674972315364,0.848528137423857,0,1107.97705078125
49111.0,2.0,7,27,2,9.84250548813193,0.26426077576629625,0.8513997106635237,0,1107.97705078125
49111.0,2.0,7,28,1,12.142419910483387,0.5061803492115351,0.613407053921902,0,1107.97705078125
49111.0,2.0,7,29,4,6.031016102750064,-0.668123921742819,0.765685424949238,1,1107.97705078125
49111.0,2.0,7,30,4,6.411446868212419,0.15681358517672628,0.848528137423857,0,1107.97705078125
49111.0,2.0,7,33,4,6.330235644602401,0.7190085297886816,0.6466890965784271,0,1107.97705078125
49111.0,2.0,7,35,1,42.321473342105655,3.588323368069664,0.613407053921902,0,1107.97705078125
49111.0,2.0,7,36,2,39.88883587576803,3.649578391741213,0.8513997106635237,0,1107.97705078125
49111.0,2.0,7,37,4,36.34353757184678,3.5569452072184946,0.682842712474619,0,1107.97705078125
49111.0,2.0,7,38,1,43.71939766066863,3.7265494141014353,0.682842712474619,0,1107.97705078125
49111.0,2.0,7,39,4,36.357770708116234,3.654244703770182,0.848528137423857,0,1107.97705078125
49111.0,2.0,7,40,2,40.213853274110335,3.7375086830121518,0.848528137423857,0,1107.97705078125
49111.0,2.0,7,41,5,30.30213195804129,3.5830670020288267,0.613407053921902,0,1107.97705078125
49111.0,2.0,7,42,5,32.82766751086576,3.6599147403775483,0.8513997106635237,0,1107.97705078125
49111.0,2.0,7,43,2,36.71406077365552,3.7505591774294085,0.848528137423857,0,1107.97705078125
49111.0,2.0,7,44,2,40.843466586216586,3.8233786599076494,0.8513997106635237,0,1107.97705078125
49111.0,2.0,7,45,1,43.84204963024418,3.8660400552932304,0.613407053921902,0,1107.97705078125
49111.0,2.0,7,46,4,33.22183802608861,3.7663565453686947,0.848528137423857,0,1107.97705078125
49111.0,2.0,7,47,4,37.4026339462796,3.8441750508388757,0.848528137423857,0,1107.97705078125
49111.0,2.0,7,48,5,29.73985180144083,3.7858589347292093,0.682842712474619,0,1107.97705078125
49111.0,2.0,7,49,5,33.98124908621493,3.869171893300925,0.8513997106635237,0,1107.97705078125
49111.0,2.0,7,50,4,38.405621902881656,3.933656351404564,0.682842712474619,0,1107.97705078125
49111.0,2.0,7,51,5,32.39193435311917,3.9631974931134124,0.613407053921902,0,1107.97705078125
49111.0,2.0,7,52,1,33.9124696379231,-1.3819845113057756,0.613407053921902,0,1107.97705078125
49111.0,2.0,7,53,2,32.33486470152083,-1.4763681583168449,0.8513997106635237,0,1107.97705078125
49111.0,2.0,7,54,4,27.84379591539088,-1.403105193249666,0.682842712474619,0,1107.97705078125
49111.0,2.0,7,55,1,36.95686647367952,-1.5315440798086377,0.682842712474619,0,1107.97705078125
49111.0,2.0,7,56,4,29.060431993312516,-1.519871699901238,0.848528137423857,0,1107.97705078125
49111.0,2.0,7,57,2,33.760557044066395,-1.5743290608372988,0.848528137423857,0,1107.97705078125
49111.0,2.0,7,58,5,22.56185690515791,-1.5251867079928458,0.6034068236642477,0,1107.97705078125
49111.0,2.0,7,59,5,25.854862985717514,-1.5742882220331729,0.7685569981889047,0,1107.97705078125
49111.0,2.0,7,60,2,30.638871459274494,-1.62594383862685,0.848528137423857,0,1107.97705078125
49111.0,2.0,7,61,2,35.482487914260815,-1.6635756463501399,0.8513997106635237,0,1107.97705078125
49111.0,2.0,7,62,1,38.89657441969754,-1.684322066841474,0.613407053921902,0,1107.97705078125
49111.0,2.0,7,64,4,32.52648430061185,-1.7206768503982022,0.848528137423857,0,1107.97705078125
49111.0,2.0,7,67,4,34.67281236960672,-1.8043608201306056,0.6466890965784271,0,1107.97705078125
49111.0,2.0,8,1,1,32.65511761366468,3.451443237591903,0.613407053921902,0,1108.2879638671875
49111.0,2.0,8,2,2,29.15653991114373,3.448209858053387,0.8513997106635237,0,1108.2879638671875
49111.0,2.0,8,3,4,29.433111017176618,3.6188359572943334,0.682842712474619,0,1108.2879638671875
49111.0,2.0,8,4,1,29.73044929076571,3.2793067140890235,0.682842712474619,0,1108.2879638671875
49111.0,2.0,8,5,4,26.692500335775655,3.5391262289189287,0.848528137423857,0,1108.2879638671875
49111.0,2.0,8,6,2,26.856756498431775,3.3522102095281197,0.848528137423857,0,1108.2879638671875
49111.0,2.0,8,7,5,25.317351203318605,3.784118799400364,0.613407053921902,0,1108.2879638671875
49111.0,2.0,8,8,5,24.492352454606102,3.647418706983645,0.8513997106635237,0,1108.2879638671875
49111.0,2.0,8,9,2,24.159286500253344,3.441966361752729,0.848528137423857,0,1108.2879638671875
49111.0,2.0,8,10,2,24.848881657772797,3.2395030879844233,0.8513997106635237,0,1108.2879638671875
49111.0,2.0,8,11,1,25.9012350371651,3.1078313832628215,0.613407053921902,0,1108.2879638671875
49111.0,2.0,8,12,4,21.703844792722546,3.5531119849346493,0.848528137423857,0,1108.2879638671875
49111.0,2.0,8,13,4,21.90553980679918,3.3234835657610415,0.848528137423857,0,1108.2879638671875
49111.0,2.0,8,14,5,19.58169127965855,3.690388622046326,0.682842712474619,0,1108.2879638671875
49111.0,2.0,8,15,5,19.163465991634432,3.432467020439856,0.8513997106635237,0,1108.2879638671875
49111.0,2.0,8,16,4,20.025838915091754,3.180391632377985,0.682842712474619,0,1108.2879638671875
49111.0,2.0,8,17,5,15.667978237168118,3.4222137183125376,0.613407053921902,0,1108.2879638671875
49111.0,2.0,8,18,1,14.38364938767662,0.3979787936800694,0.613407053921902,0,1108.2879638671875
49111.0,2.0,8,19,2,10.892302625237962,0.4176296884083439,0.8513997106635237,0,1108.2879638671875
49111.0,2.0,8,20,4,11.612340894027007,-0.02594420688154986,0.682842712474619,0,1108.2879638671875
49111.0,2.0,8,21,1,12.346580576031553,0.8331301614144639,0.682842712474619,0,1108.2879638671875
49111.0,2.0,8,22,4,8.512385473756805,0.14526010043169757,0.848528137423857,0,1108.2879638671875
49111.0,2.0,8,23,2,9.014238841660436,0.7210950948970396,0.848528137423857,0,1108.2879638671875
49111.0,2.0,8,24,5,9.611040506595225,-0.5787346209151039,0.6034068236642477,0,1108.2879638671875
49111.0,2.0,8,25,5,7.1609466153495305,-0.2763058788879731,0.7685569981889047,0,1108.2879638671875
49111.0,2.0,8,26,2,5.922410984435287,0.48585788352948955,0.848528137423857,0,1108.2879638671875
49111.0,2.0,8,27,2,8.298840118307714,1.1241343013650502,0.8513997106635237,0,1108.2879638671875
49111.0,2.0,8,28,1,11.057929467929576,1.3494085766498478,0.613407053921902,0,1108.2879638671875
49111.0,2.0,8,30,4,4.763317886021639,1.1255793483582117,0.848528137423857,0,1108.2879638671875
49111.0,2.0,8,33,4,5.941670026013525,1.7628910460899478,0.6466890965784271,0,1108.2879638671875
49111.0,2.0,8,35,1,43.74450746914668,4.206804276562879,0.613407053921902,0,1108.2879638671875
49111.0,2.0,8,36,2,41.19865346035079,4.263387919552466,0.8513997106635237,0,1108.2879638671875
49111.0,2.0,8,37,4,37.8302107103139,4.16975657821274,0.682842712474619,0,1108.2879638671875
49111.0,2.0,8,38,1,44.87241080558744,4.342291476683961,0.682842712474619,0,1108.2879638671875
49111.0,2.0,8,39,4,37.66311985181279,4.263351105852456,0.848528137423857,0,1108.2879638671875
49111.0,2.0,8,40,2,41.34869770054845,4.348997774485444,0.848528137423857,0,1108.2879638671875
49111.0,2.0,8,41,5,31.75057800743832,4.185243150081725,0.613407053921902,0,1108.2879638671875
49111.0,2.0,8,42,5,34.1275863048935,4.263306664535805,0.8513997106635237,0,1108.2879638671875
49111.0,2.0,8,43,2,37.82719063791654,4.3569531278530915,0.848528137423857,0,1108.2879638671875
49111.0,2.0,8,44,2,41.79833197768311,4.4333764445358295,0.8513997106635237,0,1108.2879638671875
49111.0,2.0,8,45,1,44.701157695390116,4.478617691399938,0.613407053921902,0,1108.2879638671875
49111.0,2.0,8,46,4,34.30856892356807,4.366540967915682,0.848528137423857,0,1108.2879638671875
49111.0,2.0,8,47,4,38.31816939967966,4.448950452865565,0.848528137423857,0,1108.2879638671875
49111.0,2.0,8,48,5,30.793821646706345,4.378318781217574,0.682842712474619,0,1108.2879638671875
49111.0,2.0,8,49,5,34.84915574541924,4.467630363453401,0.8513997106635237,0,1108.2879638671875
49111.0,2.0,8,50,4,39.12375059638087,4.537890785153739,0.682842712474619,0,1108.2879638671875
49111.0,2.0,8,51,5,33.056175964505194,4.556221249110737,0.613407053921902,0,1108.2879638671875
49111.0,2.0,8,52,1,32.46713102606338,-0.7759650805069989,0.613407053921902,0,1108.2879638671875
49111.0,2.0,8,53,2,31.07840864387562,-0.8771473210717573,0.8513997106635237,0,1108.2879638671875
49111.0,2.0,8,54,4,26.45114892167062,-0.8110655198073171,0.682842712474619,0,1108.2879638671875
49111.0,2.0,8,55,1,35.806028659920514,-0.9259480743471096,0.682842712474619,0,1108.2879638671875
49111.0,2.0,8,56,4,27.90128544082614,-0.9298274033037501,0.848528137423857,0,1108.2879638671875
49111.0,2.0,8,57,2,32.70605347347465,-0.9756316679753543,0.848528137423857,0,1108.2879638671875
49111.0,2.0,8,58,5,21.43602182014336,-0.9572691894673875,0.6034068236642477,0,1108.2879638671875
49111.0,2.0,8,59,5,24.821280681407046,-0.9958048136964217,0.7685569981889047,1,1108.2879638671875
49111.0,2.0,8,60,2,29.703538160032668,-1.0355337672454408,0.848528137423857,0,1108.2879638671875
49111.0,2.0,8,61,2,34.619422060222824,-1.0640148149059752,0.8513997106635237,0,1108.2879638671875
49111.0,2.0,8,62,1,38.07357780633929,-1.0795672102048581,0.613407053921902,0,1108.2879638671875
49111.0,2.0,8,64,4,31.79809159680148,-1.1282461081711965,0.848528137423857,0,1108.2879638671875
49111.0,2.0,8,67,4,34.1311745940956,-1.208903308111852,0.6466890965784271,0,1108.2879638671875
49111.0,2.0,9,1,1,44.78024170400358,-1.866081479317326,0.613407053921902,0,1110.7139892578125
49111.0,2.0,9,2,2,41.733713306883146,-1.9059401301524874,0.8513997106635237,0,1110.7139892578125
49111.0,2.0,9,3,4,39.419938409199354,-1.7966057245747282,0.682842712474619,0,1110.7139892578125
49111.0,2.0,9,4,1,44.491281264728265,-2.002770401423852,0.682842712474619,0,1110.7139892578125
49111.0,2.0,9,5,4,38.31846662892136,-1.8830742230765567,0.848528137423857,0,1110.7139892578125
49111.0,2.0,9,6,2,41.000928855183325,-1.9895787335308572,0.848528137423857,0,1110.7139892578125
49111.0,2.0,9,7,5,33.43975247613494,-1.7630133010389755,0.613407053921902,0,1110.7139892578125
49111.0,2.0,9,8,5,34.92716626356058,-1.85575122803293,0.8513997106635237,0,1110.7139892578125
49111.0,2.0,9,9,2,37.519038172619105,-1.9739354454733815,0.848528137423857,0,1110.7139892578125
49111.0,2.0,9,10,2,40.5641406613587,-2.0756347477957093,0.8513997106635237,0,1110.7139892578125
49111.0,2.0,9,11,1,42.914326339017904,-2.1378069629301737,0.613407053921902,0,1110.7139892578125
49111.0,2.0,9,12,4,34.04820529497985,-1.955097415354469,0.848528137423857,0,1110.7139892578125
49111.0,2.0,9,13,4,37.041214424005304,-2.0679388427856185,0.848528137423857,0,1110.7139892578125
49111.0,2.0,9,14,5,30.592194138697185,-1.9319932912676236,0.682842712474619,0,1110.7139892578125
49111.0,2.0,9,15,5,33.5209430716945,-2.0586258827138995,0.8513997106635237,0,1110.7139892578125
49111.0,2.0,9,16,4,36.8974918742701,-2.1635305482603333,0.682842712474619,0,1110.7139892578125
49111.0,2.0,9,17,5,30.896381725501726,-2.130592676301634,0.613407053921902,0,1110.7139892578125
49111.0,2.0,9,18,1,22.59289263976441,-3.284712624687124,0.613407053921902,0,1110.7139892578125
49111.0,2.0,9,19,2,21.668087560275993,-3.131998919764577,0.8513997106635237,0,1110.7139892578125
49111.0,2.0,9,20,4,16.784955654506277,-3.1883603974813304,0.682842712474619,0,1110.7139892578125
49111.0,2.0,9,21,1,26.59468557279503,-3.0964383026232203,0.682842712474619,0,1110.7139892578125
49111.0,2.0,9,22,4,18.844964258737605,-3.0266231166824524,0.848528137423857,0,1110.7139892578125
49111.0,2.0,9,23,2,23.83073561829644,-3.0088357419998055,0.848528137423857,0,1110.7139892578125
49111.0,2.0,9,24,5,12.808959355434649,-2.871234676940822,0.6034068236642477,0,1110.7139892578125
49111.0,2.0,9,25,5,16.30212677249224,-2.886361736013614,0.7685569981889047,0,1110.7139892578125
49111.0,2.0,9,26,2,21.29625834512845,-2.899359321088048,0.848528137423857,0,1110.7139892578125
49111.0,2.0,9,27,2,26.292620670037785,-2.907418031162985,0.8513997106635237,0,1110.7139892578125
49111.0,2.0,9,28,1,29.790800580644515,-2.9114505943410363,0.613407053921902,0,1110.7139892578125
49111.0,2.0,9,30,4,24.01933723256761,-2.799615365567587,0.848528137423857,0,1110.7139892578125
49111.0,2.0,9,33,4,26.931886355789565,-2.7207924367067795,0.6466890965784271,0,1110.7139892578125
49111.0,2.0,9,35,1,40.356441293710624,-1.1530870204176369,0.613407053921902,0,1110.7139892578125
49111.0,2.0,9,36,2,36.946923189960565,-1.1326100009123403,0.8513997106635237,0,1110.7139892578125
49111.0,2.0,9,37,4,36.094963850943124,-1.2676273681620691,0.682842712474619,0,1110.7139892578125
49111.0,2.0,9,38,1,38.43571062187872,-1.0058610163348323,0.682842712474619,0,1110.7139892578125
49111.0,2.0,9,39,4,33.97717577744706,-1.1867638862209213,0.848528137423857,0,1110.7139892578125
49111.0,2.0,9,40,2,35.23744019669264,-1.0468130637969706,0.848528137423857,0,1110.7139892578125
49111.0,2.0,9,41,5,30.90326377513314,-1.3637401705725347,0.613407053921902,0,1110.7139892578125
49111.0,2.0,9,42,5,31.12590262816847,-1.251058250222356,0.8513997106635237,0,1110.7139892578125
49111.0,2.0,9,43,2,32.109975587380625,-1.0958386898446415,0.848528137423857,0,1110.7139892578125
49111.0,2.0,9,44,2,33.81241266201119,-0.9530401033529645,0.8513997106635237,0,1110.7139892578125
49111.0,2.0,9,45,1,35.377808757594124,-0.8624986328222293,0.613407053921902,0,1110.7139892578125
49111.0,2.0,9,46,4,29.076173627712247,-1.1552640606105964,0.848528137423857,0,1110.7139892578125
49111.0,2.0,9,47,4,30.53936133308659,-0.9946447604919191,0.848528137423857,0,1110.7139892578125
49111.0,2.0,9,48,5,26.168630331669227,-1.2282031596595726,0.682842712474619,0,1110.7139892578125
49111.0,2.0,9,49,5,27.331775120535323,-1.0461221833871759,0.8513997106635237,0,1110.7139892578125
49111.0,2.0,9,50,4,29.313045714211768,-0.8837573078538932,0.682842712474619,0,1110.7139892578125
49111.0,2.0,9,51,5,24.0407718376854,-0.9996420169838962,0.613407053921902,0,1110.7139892578125
49111.0,2.0,9,52,1,11.567674989195169,-5.366786421217338,0.613407053921902,0,1110.7139892578125
49111.0,2.0,9,53,2,9.637340159168279,-5.644187764693291,0.8513997106635237,0,1110.7139892578125
49111.0,2.0,9,54,4,5.536208769506671,-5.250070569338208,0.6466890965784271,0,1110.7139892578125
49111.0,2.0,9,55,1,14.321558684286872,-5.793176567953138,0.682842712474619,0,1110.7139892578125
49111.0,2.0,9,56,4,6.424660841855632,-5.83204718833195,0.848528137423857,0,1110.7139892578125
49111.0,2.0,9,57,2,11.336003913938464,-5.94194424631039,0.848528137423857,0,1110.7139892578125
49111.0,2.0,9,58,5,0.9295730522449689,-1.1288364589483992,0.4815389220537701,0,1110.7139892578125
49111.0,2.0,9,60,2,8.769431357059798,0.09675189989916921,0.848528137423857,0,1110.7139892578125
49111.0,2.0,9,61,2,13.752514102161056,0.1341755254982817,0.8513997106635237,0,1110.7139892578125
49111.0,2.0,9,62,1,17.24649954607912,0.14749312133345605,0.613407053921902,0,1110.7139892578125
49111.0,2.0,9,63,4,7.0923104779429345,-0.30051339315454095,0.848528137423857,1,1110.7139892578125
49111.0,2.0,9,64,4,11.727300871022889,-0.09452013174856733,0.848528137423857,0,1110.7139892578125
49111.0,2.0,9,65,5,6.978453231547418,-0.8082414022273556,0.6466890965784271,0,1110.7139892578125
49111.0,2.0,9,66,5,10.532213789552967,-0.3950482936665618,0.8513997106635237,0,1110.7139892578125
49111.0,2.0,9,67,4,14.938415080349213,-0.2063538289371083,0.682842712474619,0,1110.7139892578125
49111.0,2.0,9,68,5,12.825550592341674,-0.6230302736096074,0.613407053921902,0,1110.7139892578125
49111.0,2.0,10,1,1,45.108824661599336,-1.4796908512331117,0.613407053921902,0,1111.0369873046875
49111.0,2.0,10,2,2,42.199983895959434,-1.5243068996553082,0.8513997106635237,0,1111.0369873046875
49111.0,2.0,10,3,4,39.53808147083248,-1.4206423740976486,0.682842712474619,0,1111.0369873046875
49111.0,2.0,10,4,1,45.25944537048907,-1.6148283863445745,0.682842712474619,0,1111.0369873046875
49111.0,2.0,10,5,4,38.72200876133179,-1.5085890610023163,0.848528137423857,0,1111.0369873046875
49111.0,2.0,10,6,2,41.73694666524738,-1.6078494920287631,0.848528137423857,0,1111.0369873046875
49111.0,2.0,10,7,5,33.472289376565534,-1.4020764180904133,0.613407053921902,0,1111.0369873046875
49111.0,2.0,10,8,5,35.25548587391863,-1.4897748440858656,0.8513997106635237,0,1111.0369873046875
49111.0,2.0,10,9,2,38.21685542572969,-1.5995845022853605,0.848528137423857,0,1111.0369873046875
49111.0,2.0,10,10,2,41.57050388263503,-1.6926601443750307,0.8513997106635237,0,1111.0369873046875
49111.0,2.0,10,11,1,44.103989855269425,-1.7490647052563588,0.613407053921902,0,1111.0369873046875
49111.0,2.0,10,12,4,34.69990432731113,-1.589643345464172,0.848528137423857,0,1111.0369873046875
49111.0,2.0,10,13,4,38.03501169645665,-1.6922282001487794,0.848528137423857,0,1111.0369873046875
49111.0,2.0,10,14,5,31.187155721834685,-1.577461314645724,0.682842712474619,0,1111.0369873046875
49111.0,2.0,10,15,5,34.4995280611636,-1.6917077252206882,0.8513997106635237,0,1111.0369873046875
49111.0,2.0,10,16,4,38.18109729785229,-1.7849589119844615,0.682842712474619,0,1111.0369873046875
49111.0,2.0,10,17,5,32.10529574558281,-1.7684363114193329,0.613407053921902,0,1111.0369873046875
49111.0,2.0,10,18,1,25.862838239115895,-2.836850296539271,0.613407053921902,0,1111.0369873046875
49111.0,2.0,10,19,2,24.86672120152459,-2.7044479349962485,0.8513997106635237,0,1111.0369873046875
49111.0,2.0,10,20,4,20.019367344881402,-2.7594049211869676,0.682842712474619,0,1111.0369873046875
49111.0,2.0,10,21,1,29.764619563155875,-2.6674946432731836,0.682842712474619,0,1111.0369873046875
49111.0,2.0,10,22,4,21.95950243507087,-2.618321153153634,0.848528137423857,0,1111.0369873046875
49111.0,2.0,10,23,2,26.922082044688377,-2.5932088872377124,0.848528137423857,0,1111.0369873046875
49111.0,2.0,10,24,5,15.764851505164268,-2.5124554420702103,0.6034068236642477,0,1111.0369873046875
49111.0,2.0,10,25,5,19.263584066248267,-2.507050883120886,0.7685569981889047,0,1111.0369873046875
49111.0,2.0,10,26,2,24.26240766087453,-2.5020341856214943,0.848528137423857,0,1111.0369873046875
49111.0,2.0,10,27,2,29.26163324094388,-2.498731589914111,0.8513997106635237,0,1111.0369873046875
49111.0,2.0,10,28,1,32.76123178430637,-2.4970195000823905,0.613407053921902,0,1111.0369873046875
49111.0,2.0,10,30,4,26.834848682432376,-2.4069452868742762,0.848528137423857,0,1111.0369873046875
49111.0,2.0,10,33,4,29.606650977704692,-2.329059370563518,0.6466890965784271,0,1111.0369873046875
49111.0,2.0,10,35,1,38.4621051920019,-0.7620555614588447,0.613407053921902,0,1111.0369873046875
49111.0,2.0,10,36,2,35.00522981311425,-0.7471279336529115,0.8513997106635237,0,1111.0369873046875
49111.0,2.0,10,37,4,34.539033986114774,-0.8904206214605457,0.682842712474619,0,1111.0369873046875
49111.0,2.0,10,38,1,36.163342763686735,-0.6103127983566554,0.682842712474619,0,1111.0369873046875
49111.0,2.0,10,39,4,32.19472302082147,-0.811034229059969,0.848528137423857,0,1111.0369873046875
49111.0,2.0,10,40,2,33.07448315487882,-0.6600558588480907,0.848528137423857,0,1111.0369873046875
49111.0,2.0,10,41,5,29.65955823345006,-1.0050277110506889,0.613407053921902,0,1111.0369873046875
49111.0,2.0,10,42,5,29.54038365536035,-0.8867838044765701,0.8513997106635237,0,1111.0369873046875
49111.0,2.0,10,43,2,30.084140540836998,-0.7198616539636897,0.848528137423857,0,1111.0369873046875
49111.0,2.0,10,44,2,31.424142910440427,-0.563031433558427,0.8513997106635237,0,1111.0369873046875
49111.0,2.0,10,45,1,32.78599746169467,-0.46254060322453805,0.613407053921902,0,1111.0369873046875
49111.0,2.0,10,46,4,27.224797303181184,-0.7925383441588238,0.848528137423857,0,1111.0369873046875
49111.0,2.0,10,47,4,28.259703356090853,-0.6159507066794376,0.848528137423857,0,1111.0369873046875
49111.0,2.0,10,48,5,24.54228319284436,-0.8816656002757965,0.682842712474619,0,1111.0369873046875
49111.0,2.0,10,49,5,25.194144357225586,-0.6819729888489352,0.8513997106635237,0,1111.0369873046875
49111.0,2.0,10,50,4,26.779958093090308,-0.49916360525267,0.682842712474619,0,1111.0369873046875
49111.0,2.0,10,51,5,21.800859807838876,-0.6453743970729893,0.613407053921902,0,1111.0369873046875
49111.0,2.0,10,52,1,10.649595073634604,-4.622973090246255,0.613407053921902,0,1111.0369873046875
49111.0,2.0,10,53,2,7.929772806585298,-4.863262242948658,0.8513997106635237,0,1111.0369873046875
49111.0,2.0,10,54,4,5.519062528102805,-4.188375712073547,0.6466890965784271,0,1111.0369873046875
49111.0,2.0,10,55,1,12.054150419627707,-5.153387543437527,0.682842712474619,0,1111.0369873046875
49111.0,2.0,10,56,4,4.396131830443586,-4.882854877424815,0.848528137423857,0,1111.0369873046875
49111.0,2.0,10,57,2,8.760549106396837,-5.2785515918194665,0.848528137423857,0,1111.0369873046875
49111.0,2.0,10,58,5,2.797459825404659,-2.6511308834682166,0.4815389220537701,0,1111.0369873046875
49111.0,2.0,10,60,2,5.761241094778974,-5.542812036897783,0.848528137423857,0,1111.0369873046875
49111.0,2.0,10,61,2,10.752355301380307,-5.5806712145289925,0.8513997106635237,0,1111.0369873046875
49111.0,2.0,10,62,1,14.249842680871497,-5.591383441114518,0.613407053921902,0,1111.0369873046875
49111.0,2.0,10,64,4,8.488687933579651,0.4172769771049549,0.848528137423857,0,1111.0369873046875
49111.0,2.0,10,65,5,4.591432844475592,-0.7495641868704468,0.5276927682076162,1,1111.0369873046875
49111.0,2.0,10,66,5,7.3145403915953855,-0.009166271819382121,0.7685569981889047,0,1111.0369873046875
49111.0,2.0,10,67,4,11.65863399868233,0.2597278704598889,0.682842712474619,0,1111.0369873046875
49111.0,2.0,10,68,5,9.87268568688164,-0.29119340222387935,0.613407053921902,0,1111.0369873046875
49111.0,2.0,11,1,1,44.69751389519888,-1.4004078739072212,0.613407053921902,0,1111.1689453125
49111.0,2.0,11,2,2,41.8875300908851,-1.4486361562367538,0.8513997106635237,0,1111.1689453125
49111.0,2.0,11,3,4,39.00866279197391,-1.3474600041855596,0.682842712474619,0,1111.1689453125
49111.0,2.0,11,4,1,45.13817210977511,-1.5360352825052206,0.682842712474619,0,1111.1689453125
49111.0,2.0,11,5,4,38.3807624212985,-1.4374107533583964,0.848528137423857,0,1111.1689453125
49111.0,2.0,11,6,2,41.60495557427065,-1.5330818660007948,0.848528137423857,0,1111.1689453125
49111.0,2.0,11,7,5,32.91394974714673,-1.3384394593871773,0.613407053921902,0,1111.1689453125
49111.0,2.0,11,8,5,34.87980319562473,-1.4239299213377357,0.8513997106635237,0,1111.1689453125
49111.0,2.0,11,9,2,38.072169300716084,-1.5295803082079997,0.848528137423857,0,1111.1689453125
49111.0,2.0,11,10,2,41.62186299962152,-1.618067879336686,0.8513997106635237,0,1111.1689453125
49111.0,2.0,11,11,1,44.273604580687525,-1.6712886536181588,0.613407053921902,0,1111.1689453125
49111.0,2.0,11,12,4,34.53994531246021,-1.525362516623938,0.848528137423857,0,1111.1689453125
49111.0,2.0,11,13,4,38.090644868321895,-1.6224538905048271,0.848528137423857,0,1111.1689453125
49111.0,2.0,11,14,5,31.00847576249268,-1.5201839093902363,0.682842712474619,0,1111.1689453125
49111.0,2.0,11,15,5,34.56030922040442,-1.6277360833930246,0.8513997106635237,0,1111.1689453125
49111.0,2.0,11,16,4,38.435717473553765,-1.714446520085967,0.682842712474619,0,1111.1689453125
49111.0,2.0,11,17,5,32.33593051256263,-1.7085920134808827,0.613407053921902,0,1111.1689453125
49111.0,2.0,11,18,1,27.8417275146277,-2.742601388526978,0.613407053921902,0,1111.1689453125
49111.0,2.0,11,19,2,26.720111569667313,-2.6209720262227556,0.8513997106635237,0,1111.1689453125
49111.0,2.0,11,20,4,21.933421028161433,-2.6806638903895945,0.682842712474619,0,1111.1689453125
49111.0,2.0,11,21,1,31.572991093533474,-2.579517472191738,0.682842712474619,0,1111.1689453125
49111.0,2.0,11,22,4,23.71828853592181,-2.546756804424243,0.848528137423857,0,1111.1689453125
49111.0,2.0,11,23,2,28.643439307634043,-2.5136872949213243,0.848528137423857,0,1111.1689453125
49111.0,2.0,11,24,5,17.403375443953355,-2.4709354918487634,0.6034068236642477,0,1111.1689453125
49111.0,2.0,11,25,5,20.884205990437152,-2.4517470660061598,0.7685569981889047,0,1111.1689453125
49111.0,2.0,11,26,2,25.86579718755805,-2.4333034147940276,0.848528137423857,0,1111.1689453125
49111.0,2.0,11,27,2,30.853344526076278,-2.420819543622432,0.8513997106635237,0,1111.1689453125
49111.0,2.0,11,28,1,34.34678225762311,-2.4142387392092663,0.613407053921902,0,1111.1689453125
49111.0,2.0,11,30,4,28.29349248895463,-2.338256883878172,0.848528137423857,0,1111.1689453125
49111.0,2.0,11,33,4,30.93548076718993,-2.2588225980712653,0.6466890965784271,0,1111.1689453125
49111.0,2.0,11,35,1,36.74957581565054,-0.6705586304586539,0.613407053921902,0,1111.1689453125
49111.0,2.0,11,36,2,33.27504697718029,-0.6585055255357646,0.8513997106635237,0,1111.1689453125
49111.0,2.0,11,37,4,33.016937405374684,-0.8092961618458896,0.682842712474619,0,1111.1689453125
49111.0,2.0,11,38,1,34.26863503317107,-0.513262493011174,0.682842712474619,0,1111.1689453125
49111.0,2.0,11,39,4,30.555456183074472,-0.7293710621687359,0.848528137423857,0,1111.1689453125
49111.0,2.0,11,40,2,31.236941243644665,-0.5688670911205271,0.848528137423857,0,1111.1689453125
49111.0,2.0,11,41,5,28.334001425598636,-0.9373537704510839,0.613407053921902,0,1111.1689453125
49111.0,2.0,11,42,5,28.01861976932506,-0.8135603072831552,0.8513997106635237,0,1111.1689453125
49111.0,2.0,11,43,2,28.322317162992473,-0.6361620840791844,0.848528137423857,0,1111.1689453125
49111.0,2.0,11,44,2,29.483287557263065,-0.4676632749676106,0.8513997106635237,0,1111.1689453125
49111.0,2.0,11,45,1,30.75697745514748,-0.359352302767576,0.613407053921902,0,1111.1689453125
49111.0,2.0,11,46,4,25.564835237164488,-0.7184185928121252,0.848528137423857,0,1111.1689453125
49111.0,2.0,11,47,4,26.37558333774804,-0.528128063258632,0.848528137423857,0,1111.1689453125
49111.0,2.0,11,48,5,23.02103281622256,-0.8196759961438198,0.682842712474619,0,1111.1689453125
49111.0,2.0,11,49,5,23.389710293817686,-0.6043727877958527,0.8513997106635237,0,1111.1689453125
49111.0,2.0,11,50,4,24.782839694672724,-0.4045906935946888,0.682842712474619,0,1111.1689453125
49111.0,2.0,11,51,5,19.95685286642233,-0.5727925990536922,0.613407053921902,0,1111.1689453125
49111.0,2.0,11,52,1,11.305988024826808,-4.308652839301745,0.613407053921902,0,1111.1689453125
49111.0,2.0,11,53,2,8.162593736933076,-4.469046219022113,0.8513997106635237,0,1111.1689453125
49111.0,2.0,11,54,4,7.036855889606811,-3.8146398277100593,0.6466890965784271,0,1111.1689453125
49111.0,2.0,11,55,1,11.564537700113398,-4.848462337692373,0.682842712474619,0,1111.1689453125
49111.0,2.0,11,56,4,4.807305855556215,-4.290899500408916,0.848528137423857,0,1111.1689453125
49111.0,2.0,11,57,2,8.075938663213712,-4.907884358832723,0.848528137423857,0,1111.1689453125
49111.0,2.0,11,58,5,4.729167545279355,-2.7910947975267244,0.43533959677349143,0,1111.1689453125
49111.0,2.0,11,60,2,4.658651990290331,-5.055844790853342,0.848528137423857,0,1111.1689453125
49111.0,2.0,11,61,2,9.424098581284104,-5.284755182241446,0.8513997106635237,0,1111.1689453125
49111.0,2.0,11,62,1,12.866275726174555,-5.34230065990463,0.613407053921902,0,1111.1689453125
49111.0,2.0,11,64,4,6.7302219238600935,0.7099181672678054,0.848528137423857,0,1111.1689453125
49111.0,2.0,11,66,5,5.174759918977213,0.16520922525857396,0.7685569981889047,1,1111.1689453125
49111.0,2.0,11,67,4,9.689620009173634,0.4697997262919853,0.682842712474619,0,1111.1689453125
49111.0,2.0,11,68,5,7.751174847450221,-0.21105962547350554,0.6034068236642477,0,1111.1689453125
49111.0,2.0,12,1,1,44.54477882590638,-1.4216472483627038,0.613407053921902,0,1111.3580322265625
49111.0,2.0,12,2,2,41.78141325544829,-1.471442139840003,0.8513997106635237,0,1111.3580322265625
49111.0,2.0,12,3,4,38.80733039983496,-1.3715840572950184,0.682842712474619,0,1111.3580322265625
49111.0,2.0,12,4,1,45.11500963629672,-1.5573014998737442,0.682842712474619,0,1111.3580322265625
49111.0,2.0,12,5,4,38.26492186476115,-1.4622772208966581,0.848528137423857,0,1111.3580322265625
49111.0,2.0,12,6,2,41.57982498973356,-1.5561541285898681,0.848528137423857,0,1111.3580322265625
49111.0,2.0,12,7,5,32.706232990174584,-1.367005233659656,0.613407053921902,0,1111.3580322265625
49111.0,2.0,12,8,5,34.7522948452329,-1.4512585052841838,0.8513997106635237,0,1111.3580322265625
49111.0,2.0,12,9,2,38.04470525409018,-1.554793527402491,0.848528137423857,0,1111.3580322265625
49111.0,2.0,12,10,2,41.67825810577012,-1.6410762873293727,0.8513997106635237,0,1111.3580322265625
49111.0,2.0,12,11,1,44.38019287174865,-1.6928109776756206,0.613407053921902,0,1111.3580322265625
49111.0,2.0,12,12,4,34.509670377509,-1.553154173374533,0.848528137423857,0,1111.3580322265625
49111.0,2.0,12,13,4,38.15226009589626,-1.6475838156793416,0.848528137423857,0,1111.3580322265625
49111.0,2.0,12,14,5,30.974749413966986,-1.5511406379565291,0.682842712474619,0,1111.3580322265625
49111.0,2.0,12,15,5,34.628206741306194,-1.6554162543344741,0.8513997106635237,0,1111.3580322265625
49111.0,2.0,12,16,4,38.584845509334876,-1.7390714920426793,0.682842712474619,0,1111.3580322265625
49111.0,2.0,12,17,5,32.48171601212406,-1.73786963650877,0.613407053921902,0,1111.3580322265625
49111.0,2.0,12,18,1,28.728739975511594,-2.7555821015263833,0.613407053921902,0,1111.3580322265625
49111.0,2.0,12,19,2,27.557055858834506,-2.6382999503641895,0.8513997106635237,0,1111.3580322265625
49111.0,2.0,12,20,4,22.797230681517647,-2.6993934277909952,0.682842712474619,0,1111.3580322265625
49111.0,2.0,12,21,1,32.389333560101555,-2.5953128158822683,0.682842712474619,0,1111.3580322265625
49111.0,2.0,12,22,4,24.519298013046864,-2.5686973121952317,0.848528137423857,0,1111.3580322265625
49111.0,2.0,12,23,2,29.42572982804674,-2.5328523321536744,0.848528137423857,0,1111.3580322265625
49111.0,2.0,12,24,5,18.16524984402542,-2.5037851191888776,0.6034068236642477,0,1111.3580322265625
49111.0,2.0,12,25,5,21.633322040275797,-2.4799910460000336,0.7685569981889047,0,1111.3580322265625
49111.0,2.0,12,26,2,26.602222150769254,-2.4567801327423417,0.848528137423857,0,1111.3580322265625
49111.0,2.0,12,27,2,31.580940838098442,-2.440881137469115,0.8513997106635237,0,1111.3580322265625
49111.0,2.0,12,28,1,35.069647058701506,-2.432439219990644,0.613407053921902,0,1111.3580322265625
49111.0,2.0,12,30,4,28.968266632043292,-2.3621075493599966,0.848528137423857,0,1111.3580322265625
49111.0,2.0,12,33,4,31.553806742949845,-2.2823260395325904,0.6466890965784271,0,1111.3580322265625
49111.0,2.0,12,35,1,36.0023848583027,-0.6871280990284709,0.613407053921902,0,1111.3580322265625
49111.0,2.0,12,36,2,32.521083752836034,-0.6765689230351075,0.8513997106635237,0,1111.3580322265625
49111.0,2.0,12,37,4,32.361991430064556,-0.8307674672684708,0.682842712474619,0,1111.3580322265625
49111.0,2.0,12,38,1,33.43565892274863,-0.5273596252440196,0.682842712474619,0,1111.3580322265625
49111.0,2.0,12,39,4,29.846544875635058,-0.7508056578158415,0.848528137423857,0,1111.3580322265625
49111.0,2.0,12,40,2,30.432526023199284,-0.5858591074014765,0.848528137423857,0,1111.3580322265625
49111.0,2.0,12,41,5,27.776535316162732,-0.9652122611394542,0.613407053921902,0,1111.3580322265625
49111.0,2.0,12,42,5,27.368076175858956,-0.8390535743039376,0.8513997106635237,0,1111.3580322265625
49111.0,2.0,12,43,2,27.556015544832,-0.6568598188916552,0.848528137423857,0,1111.3580322265625
49111.0,2.0,12,44,2,28.629641839297033,-0.4827784893637339,0.8513997106635237,0,1111.3580322265625
49111.0,2.0,12,45,1,29.86020882787008,-0.3706571151961293,0.613407053921902,0,1111.3580322265625
49111.0,2.0,12,46,4,24.850137731234895,-0.7438469068569598,0.848528137423857,0,1111.3580322265625
49111.0,2.0,12,47,4,25.550963668729764,-0.5470608440233711,0.848528137423857,0,1111.3580322265625
49111.0,2.0,12,48,5,22.376878643270725,-0.8510372954873981,0.682842712474619,0,1111.3580322265625
49111.0,2.0,12,49,5,22.606350810227415,-0.6285046974191475,0.8513997106635237,0,1111.3580322265625
49111.0,2.0,12,50,4,23.903336505485463,-0.4203992159698948,0.682842712474619,0,1111.3580322265625
49111.0,2.0,12,51,5,19.15714670635224,-0.5999540504798238,0.613407053921902,0,1111.3580322265625
49111.0,2.0,12,52,1,11.71643697618793,-4.233231789178245,0.613407053921902,0,1111.3580322265625
49111.0,2.0,12,53,2,8.445455727392748,-4.358498591306033,0.8513997106635237,0,1111.3580322265625
49111.0,2.0,12,54,4,7.8104624257432205,-3.737943782825659,0.6466890965784271,0,1111.3580322265625
49111.0,2.0,12,55,1,11.473801531434788,-4.765470516003255,0.682842712474619,0,1111.3580322265625
49111.0,2.0,12,56,4,5.273326345830057,-4.124009649513637,0.848528137423857,0,1111.3580322265625
49111.0,2.0,12,57,2,7.9454622199737175,-4.789081900088444,0.848528137423857,0,1111.3580322265625
49111.0,2.0,12,58,5,5.640437895971978,-2.849567372750344,0.43533959677349143,0,1111.3580322265625
49111.0,2.0,12,60,2,4.428613574845303,-4.850287594118371,0.848528137423857,0,1111.3580322265625
49111.0,2.0,12,61,2,8.940638530592118,-5.194369338706192,0.8513997106635237,0,1111.3580322265625
49111.0,2.0,12,62,1,12.325205748071363,-5.279317138592243,0.613407053921902,0,1111.3580322265625
49111.0,2.0,12,64,4,6.034671958025789,-5.469394932550641,0.848528137423857,0,1111.3580322265625
49111.0,2.0,12,67,4,8.844315297786569,0.5189597336669691,0.6466890965784271,0,1111.3580322265625
49111.0,2.0,12,68,5,6.81544869936121,-0.2405710917354118,0.43533959677349143,1,1111.3580322265625
49111.0,2.0,13,1,1,44.153586753824406,-1.5023627062759355,0.613407053921902,0,1111.6290283203125
49111.0,2.0,13,2,2,41.57893050871799,-1.5577038554263378,0.8513997106635237,0,1111.6290283203125
49111.0,2.0,13,3,4,38.257993443010314,-1.4639517743718975,0.682842712474619,0,1111.6290283203125
49111.0,2.0,13,4,1,45.20996419167105,-1.63700653391028,0.682842712474619,0,1111.6290283203125
49111.0,2.0,13,5,4,38.043727718388695,-1.5564872661241695,0.848528137423857,0,1111.6290283203125
49111.0,2.0,13,6,2,41.6828336209797,-1.642618499548079,0.848528137423857,0,1111.6290283203125
49111.0,2.0,13,7,5,32.17140959296979,-1.4768101437414076,0.613407053921902,0,1111.6290283203125
49111.0,2.0,13,8,5,34.50859277300356,-1.5550214141833985,0.8513997106635237,0,1111.6290283203125
49111.0,2.0,13,9,2,38.157258485593175,-1.6492677535410056,0.848528137423857,0,1111.6290283203125
49111.0,2.0,13,10,2,42.084555065959194,-1.7265105225139998,0.8513997106635237,0,1111.6290283203125
49111.0,2.0,13,11,1,44.9605733401401,-1.772369194899495,0.613407053921902,0,1111.6290283203125
49111.0,2.0,13,12,4,34.633713800262164,-1.6572703796954353,0.848528137423857,0,1111.6290283203125
49111.0,2.0,13,13,4,38.59569317374477,-1.7407176283835977,0.848528137423857,0,1111.6290283203125
49111.0,2.0,13,14,5,31.112889419990662,-1.6670849589091286,0.682842712474619,0,1111.6290283203125
49111.0,2.0,13,15,5,35.11616847014984,-1.7577442155942444,0.8513997106635237,0,1111.6290283203125
49111.0,2.0,13,16,4,39.348172613062026,-1.8293922837232781,0.682842712474619,0,1111.6290283203125
49111.0,2.0,13,17,5,33.270309993224394,-1.844770437884225,0.613407053921902,0,1111.6290283203125
49111.0,2.0,13,18,1,32.0924758217668,-2.7978278214567878,0.613407053921902,0,1111.6290283203125
49111.0,2.0,13,19,2,30.759693843557436,-2.6947774720329,0.8513997106635237,0,1111.6290283203125
49111.0,2.0,13,20,4,26.09646269872617,-2.758459767005934,0.682842712474619,0,1111.6290283203125
49111.0,2.0,13,21,1,35.514675351363756,-2.6479977832757067,0.682842712474619,0,1111.6290283203125
49111.0,2.0,13,22,4,27.61354031854498,-2.6394254482216617,0.848528137423857,0,1111.6290283203125
49111.0,2.0,13,23,2,32.44442955096126,-2.596344574732002,0.848528137423857,0,1111.6290283203125
49111.0,2.0,13,24,5,21.1663192956184,-2.6052309522154626,0.6034068236642477,1,1111.6290283203125
49111.0,2.0,13,25,5,24.57349084884834,-2.570118846663784,0.7685569981889047,0,1111.6290283203125
49111.0,2.0,13,26,2,29.47863382963688,-2.5341023488306655,0.848528137423857,0,1111.6290283203125
49111.0,2.0,13,27,2,34.41109199698828,-2.5083851384912723,0.8513997106635237,0,1111.6290283203125
49111.0,2.0,13,28,1,37.87435322747513,-2.4943747441446753,0.613407053921902,0,1111.6290283203125
49111.0,2.0,13,30,4,31.63024021406911,-2.442194714637895,0.848528137423857,0,1111.6290283203125
49111.0,2.0,13,33,4,34.014031509622875,-2.3625699335069843,0.6466890965784271,0,1111.6290283203125
49111.0,2.0,13,35,1,33.29773000441959,-0.7557612521323529,0.613407053921902,0,1111.6290283203125
49111.0,2.0,13,36,2,29.799447351729963,-0.7522809767689353,0.8513997106635237,0,1111.6290283203125
49111.0,2.0,13,37,4,30.052295460278984,-0.919342413718325,0.682842712474619,0,1111.6290283203125
49111.0,2.0,13,38,1,30.3788357661242,-0.5870318920078585,0.682842712474619,0,1111.6290283203125
49111.0,2.0,13,39,4,27.325047463709957,-0.8408082772403465,0.848528137423857,0,1111.6290283203125
49111.0,2.0,13,40,2,27.504996253964897,-0.6582904527441253,0.848528137423857,0,1111.6290283203125
49111.0,2.0,13,41,5,25.89696420999657,-1.079753817027084,0.613407053921902,0,1111.6290283203125
49111.0,2.0,13,42,5,25.105962943481735,-0.9459418625755596,0.8513997106635237,0,1111.6290283203125
49111.0,2.0,13,43,2,24.802741287125887,-0.7456062597287378,0.848528137423857,0,1111.6290283203125
49111.0,2.0,13,44,2,25.495932526438803,-0.5483755514422015,0.8513997106635237,0,1111.6290283203125
49111.0,2.0,13,45,1,26.536751787254502,-0.4198166611825813,0.613407053921902,0,1111.6290283203125
49111.0,2.0,13,46,4,22.334438246384778,-0.8532071351641486,0.848528137423857,0,1111.6290283203125
49111.0,2.0,13,47,4,22.554239774778406,-0.630184584876242,0.848528137423857,0,1111.6290283203125
49111.0,2.0,13,48,5,20.186091454440884,-0.9855478080096343,0.682842712474619,0,1111.6290283203125
49111.0,2.0,13,49,5,19.807697701743944,-0.7355644695147541,0.8513997106635237,0,1111.6290283203125
49111.0,2.0,13,50,4,20.669095003901198,-0.4915431443345879,0.682842712474619,0,1111.6290283203125
49111.0,2.0,13,51,5,16.312974200463067,-0.7248769557528623,0.613407053921902,0,1111.6290283203125
49111.0,2.0,13,52,1,13.75233087845159,-3.998796314362668,0.613407053921902,0,1111.6290283203125
49111.0,2.0,13,53,2,10.264422320282414,-4.023262601682147,0.8513997106635237,0,1111.6290283203125
49111.0,2.0,13,54,4,10.976874123924839,-3.5526932773886992,0.6466890965784271,0,1111.6290283203125
49111.0,2.0,13,55,1,11.841662282202314,-4.4570195360129485,0.682842712474619,0,1111.6290283203125
49111.0,2.0,13,56,4,7.863880028778074,-3.733339740665386,0.848528137423857,0,1111.6290283203125
49111.0,2.0,13,57,2,8.468010931950651,-4.3513576276191355,0.848528137423857,0,1111.6290283203125
49111.0,2.0,13,58,5,9.146924762961742,-2.963117639572293,0.43533959677349143,0,1111.6290283203125
49111.0,2.0,13,60,2,5.309374038579178,-4.113909848346844,0.848528137423857,0,1111.6290283203125
49111.0,2.0,13,61,2,7.940784137486654,-4.780987608846042,0.8513997106635237,0,1111.6290283203125
49111.0,2.0,13,62,1,10.826480164106634,-4.995005265753505,0.613407053921902,0,1111.6290283203125
49111.0,2.0,13,64,4,4.42021450339941,-4.835841993850099,0.848528137423857,0,1111.6290283203125
49111.0,2.0,13,67,4,5.990587603114274,-5.461572760738063,0.6466890965784271,0,1111.6290283203125
49111.0,2.0,14,1,1,39.00336674424053,2.047674091601774,0.613407053921902,0,1114.2950439453125
49111.0,2.0,14,2,2,35.68445060098414,2.0178873469531826,0.8513997106635237,0,1114.2950439453125
49111.0,2.0,14,3,4,34.35036018615652,2.155630885701511,0.682842712474619,0,1114.2950439453125
49111.0,2.0,14,4,1,37.64057364692345,1.8922510239878507,0.682842712474619,0,1114.2950439453125
49111.0,2.0,14,5,4,32.53236277745247,2.0648908982661007,0.848528137423857,0,1114.2950439453125
49111.0,2.0,14,6,2,34.304334968909764,1.924819648305235,0.848528137423857,0,1114.2950439453125
49111.0,2.0,14,7,5,28.856131102951043,2.240071750764536,0.613407053921902,0,1114.2950439453125
49111.0,2.0,14,8,5,29.46742678065854,2.121821026818808,0.8513997106635237,0,1114.2950439453125
49111.0,2.0,14,9,2,31.01228806213535,1.9643525040223837,0.848528137423857,0,1114.2950439453125
49111.0,2.0,14,10,2,33.24446992545156,1.8248992026772308,0.8513997106635237,0,1114.2950439453125
49111.0,2.0,14,11,1,35.14751370249433,1.738939984987508,0.613407053921902,0,1114.2950439453125
49111.0,2.0,14,12,4,27.78014802045806,2.0131763587261626,0.848528137423857,0,1114.2950439453125
49111.0,2.0,14,13,4,29.83570669204855,1.8546920311409396,0.848528137423857,0,1114.2950439453125
49111.0,2.0,14,14,5,24.631509032705594,2.0746623212027977,0.682842712474619,0,1114.2950439453125
49111.0,2.0,14,15,5,26.460234447254013,1.8921267563805655,0.8513997106635237,0,1114.2950439453125
49111.0,2.0,14,16,4,29.044393207279068,1.7375684806986698,0.682842712474619,0,1114.2950439453125
49111.0,2.0,14,17,5,23.382929763226795,1.8250807773224489,0.613407053921902,0,1114.2950439453125
49111.0,2.0,14,18,1,15.396537962824903,0.09221477154790914,0.613407053921902,0,1114.2950439453125
49111.0,2.0,14,19,2,13.432646199924973,0.2940080699024597,0.8513997106635237,0,1114.2950439453125
49111.0,2.0,14,20,4,9.327551348396222,0.03829671444532079,0.682842712474619,0,1114.2950439453125
49111.0,2.0,14,21,1,17.99635390038075,0.425482624470434,0.682842712474619,0,1114.2950439453125
49111.0,2.0,14,22,4,10.100920797990197,0.3956161959778135,0.848528137423857,0,1114.2950439453125
49111.0,2.0,14,23,2,14.847941633191502,0.5239268373152758,0.848528137423857,0,1114.2950439453125
49111.0,2.0,14,25,5,6.972891652835502,0.5922837822759028,0.765685424949238,1,1114.2950439453125
49111.0,2.0,14,26,2,11.918640349367609,0.6728812817352645,0.848528137423857,0,1114.2950439453125
49111.0,2.0,14,27,2,16.896353380329266,0.706112873473205,0.8513997106635237,0,1114.2950439453125
49111.0,2.0,14,28,1,20.38724347222394,0.719710115693448,0.613407053921902,0,1114.2950439453125
49111.0,2.0,14,29,4,9.415232594709796,0.9091075449938113,0.848528137423857,0,1114.2950439453125
49111.0,2.0,14,30,4,14.390252763168421,0.8662196045494145,0.848528137423857,0,1114.2950439453125
49111.0,2.0,14,31,5,7.7613930352352245,1.276723939377435,0.682842712474619,0,1114.2950439453125
49111.0,2.0,14,32,5,12.396450767166725,1.0852611962581409,0.8513997106635237,0,1114.2950439453125
49111.0,2.0,14,33,4,17.236727108073016,0.9994694741333805,0.682842712474619,0,1114.2950439453125
49111.0,2.0,14,34,5,13.840324935291038,1.3292751850931706,0.613407053921902,0,1114.2950439453125
49111.0,2.0,14,35,1,41.36019824340043,2.8106672507902823,0.613407053921902,0,1114.2950439453125
49111.0,2.0,14,36,2,38.24635140822891,2.8508509370561943,0.8513997106635237,0,1114.2950439453125
49111.0,2.0,14,37,4,36.14161266209803,2.728786593720728,0.682842712474619,0,1114.2950439453125
49111.0,2.0,14,38,1,40.85768748064852,2.9587671852861286,0.682842712474619,0,1114.2950439453125
49111.0,2.0,14,39,4,34.87392692265701,2.821785006313341,0.848528137423857,0,1114.2950439453125
49111.0,2.0,14,40,2,37.38660200167208,2.941573424307554,0.848528137423857,0,1114.2950439453125
49111.0,2.0,14,41,5,30.24485246805947,2.6811674704584134,0.613407053921902,0,1114.2950439453125
49111.0,2.0,14,42,5,31.537250386993307,2.7865333750619143,0.8513997106635237,0,1114.2950439453125
49111.0,2.0,14,43,2,33.9288283351565,2.9208679378387736,0.848528137423857,0,1114.2950439453125
49111.0,2.0,14,44,2,36.84742355200874,3.0357502591671928,0.8513997106635237,0,1114.2950439453125
49111.0,2.0,14,45,1,39.14178947848904,3.1053607189243877,0.613407053921902,0,1114.2950439453125
49111.0,2.0,14,46,4,30.488895932152197,2.8954771972420112,0.848528137423857,0,1114.2950439453125
49111.0,2.0,14,47,4,33.33376674464223,3.0245450232495856,0.848528137423857,0,1114.2950439453125
49111.0,2.0,14,48,5,27.073606300725707,2.8636553962488107,0.682842712474619,0,1114.2950439453125
49111.0,2.0,14,49,5,29.82528102719745,3.0107014446664033,0.8513997106635237,0,1114.2950439453125
49111.0,2.0,14,50,4,33.10762175958752,3.130803334492313,0.682842712474619,0,1114.2950439453125
49111.0,2.0,14,51,5,27.13235680252738,3.0893119950043486,0.613407053921902,0,1114.2950439453125
49111.0,2.0,14,52,1,20.650829585960093,-1.8596326424527554,0.613407053921902,0,1114.2950439453125
49111.0,2.0,14,53,2,19.23120810765707,-2.020338769884168,0.8513997106635237,0,1114.2950439453125
49111.0,2.0,14,54,4,14.603839736706428,-1.9072581301690108,0.6466890965784271,0,1114.2950439453125
49111.0,2.0,14,55,1,24.00846924534391,-2.089030819666462,0.682842712474619,0,1114.2950439453125
49111.0,2.0,14,56,4,16.120321091414954,-2.1157902458352673,0.848528137423857,0,1114.2950439453125
49111.0,2.0,14,57,2,21.010282775701214,-2.17248261939891,0.848528137423857,0,1114.2950439453125
49111.0,2.0,14,58,5,9.749003935961557,-2.2184962312510947,0.43533959677349143,0,1114.2950439453125
49111.0,2.0,14,60,2,18.20597069988936,-2.282626560437341,0.848528137423857,0,1114.2950439453125
49111.0,2.0,14,61,2,23.195357280064457,-2.2984716308035558,0.8513997106635237,0,1114.2950439453125
49111.0,2.0,14,62,1,26.69029150284923,-2.3060371494264946,0.613407053921902,0,1114.2950439453125
49111.0,2.0,14,64,4,20.689368916430052,3.8708050445222524,0.848528137423857,0,1114.2950439453125
49111.0,2.0,14,67,4,23.44445783538306,3.770156481576358,0.6466890965784271,0,1114.2950439453125
49111.0,2.0,15,1,1,39.34189415598887,1.1536228435926492,0.613407053921902,0,1114.6910400390625
49111.0,2.0,15,2,2,35.919031127667616,1.1341830763471037,0.8513997106635237,0,1114.6910400390625
49111.0,2.0,15,3,4,35.16665760184585,1.273376751709925,0.682842712474619,0,1114.6910400390625
49111.0,2.0,15,4,1,37.33175307181874,1.0031101018270254,0.682842712474619,0,1114.6910400390625
49111.0,2.0,15,5,4,32.98756891612349,1.1916102919744533,0.848528137423857,0,1114.6910400390625
49111.0,2.0,15,6,2,34.15644438844432,1.0466547090479688,0.848528137423857,0,1114.6910400390625
49111.0,2.0,15,7,5,30.05818550172672,1.3761428884930325,0.613407053921902,0,1114.6910400390625
49111.0,2.0,15,8,5,30.185801444414874,1.259960388390178,0.8513997106635237,0,1114.6910400390625
49111.0,2.0,15,9,2,31.059066294828177,1.099000945939394,0.848528137423857,0,1114.6910400390625
49111.0,2.0,15,10,2,32.6825425781322,0.9504329492992722,0.8513997106635237,0,1114.6910400390625
49111.0,2.0,15,11,1,34.21018390124276,0.856222279606289,0.613407053921902,0,1114.6910400390625
49111.0,2.0,15,12,4,28.065432563069002,1.1627218551607406,0.848528137423857,0,1114.6910400390625
49111.0,2.0,15,13,4,29.430451835081744,0.9951601502245073,0.848528137423857,0,1114.6910400390625
49111.0,2.0,15,14,5,25.212524879468457,1.2412465926864185,0.682842712474619,0,1114.6910400390625
49111.0,2.0,15,15,5,26.25175043807,1.0508542281266366,0.8513997106635237,0,1114.6910400390625
49111.0,2.0,15,16,4,28.153816638736586,0.880558888593383,0.682842712474619,0,1114.6910400390625
49111.0,2.0,15,17,5,22.935704969153058,1.0052165023750386,0.613407053921902,0,1114.6910400390625
49111.0,2.0,15,18,1,11.53166831681751,-1.0385697943361178,0.613407053921902,0,1114.6910400390625
49111.0,2.0,15,19,2,9.278319503001018,-0.7789291569466175,0.8513997106635237,0,1114.6910400390625
49111.0,2.0,15,20,4,5.7100107298389995,-1.264889654710746,0.6466890965784271,0,1114.6910400390625
49111.0,2.0,15,21,1,13.768449551952523,-0.5840001760478233,0.682842712474619,0,1114.6910400390625
49111.0,2.0,15,22,4,5.8822883888189645,-0.6457241928041535,0.848528137423857,0,1114.6910400390625
49111.0,2.0,15,23,2,10.634110538927409,-0.4487073873708487,0.848528137423857,0,1114.6910400390625
49111.0,2.0,15,26,2,7.848465508848995,-0.20982305557631978,0.848528137423857,0,1114.6910400390625
49111.0,2.0,15,27,2,12.848400721820786,-0.21235775126109452,0.8513997106635237,0,1114.6910400390625
49111.0,2.0,15,28,1,16.348378950033844,-0.21320954317120294,0.613407053921902,0,1114.6910400390625
49111.0,2.0,15,29,4,5.925581383548592,0.2287395714250079,0.848528137423857,0,1114.6910400390625
49111.0,2.0,15,30,4,10.658119205467267,0.025369449109718056,0.848528137423857,0,1114.6910400390625
49111.0,2.0,15,31,5,5.7988463182363255,0.8410116698829677,0.6466890965784271,1,1114.6910400390625
49111.0,2.0,15,32,5,9.333252856716975,0.3555223873648981,0.8513997106635237,0,1114.6910400390625
49111.0,2.0,15,33,4,13.805527847652481,0.1582381025115498,0.682842712474619,0,1114.6910400390625
49111.0,2.0,15,34,5,11.606784546897208,0.6118919468516719,0.613407053921902,0,1114.6910400390625
49111.0,2.0,15,35,1,44.4621939876079,1.8759979293369147,0.613407053921902,0,1114.6910400390625
49111.0,2.0,15,36,2,41.46418762692692,1.9180646997061983,0.8513997106635237,0,1114.6910400390625
49111.0,2.0,15,37,4,39.02258122966614,1.8095382485805274,0.682842712474619,0,1114.6910400390625
49111.0,2.0,15,38,1,44.33729654924967,2.0135396700696524,0.682842712474619,0,1114.6910400390625
49111.0,2.0,15,39,4,38.02321332648694,1.8976088057342981,0.848528137423857,0,1114.6910400390625
49111.0,2.0,15,40,2,40.832361692738786,2.002631044010294,0.848528137423857,0,1114.6910400390625
49111.0,2.0,15,41,5,33.00664692099902,1.7808695050647094,0.613407053921902,0,1114.6910400390625
49111.0,2.0,15,42,5,34.60130991425135,1.8730949122910887,0.8513997106635237,0,1114.6910400390625
49111.0,2.0,15,43,2,37.33319779388281,1.9896757400368668,0.848528137423857,0,1114.6910400390625
49111.0,2.0,15,44,2,40.500427988507525,2.0892147377011687,0.8513997106635237,0,1114.6910400390625
49111.0,2.0,15,45,1,42.925476981238766,2.1497515089824075,0.613407053921902,0,1114.6910400390625
49111.0,2.0,15,46,4,33.84159502192104,1.974044018094539,0.848528137423857,0,1114.6910400390625
49111.0,2.0,15,47,4,36.969860202100016,2.0843736244858078,0.848528137423857,0,1114.6910400390625
49111.0,2.0,15,48,5,30.360162215282145,1.9548216458354386,0.682842712474619,0,1114.6910400390625
49111.0,2.0,15,49,5,33.44034179659881,2.078510421415768,0.8513997106635237,0,1114.6910400390625
49111.0,2.0,15,50,4,36.942840567672384,2.1800751858103795,0.682842712474619,0,1114.6910400390625
49111.0,2.0,15,51,5,30.9054788159426,2.1535995624907684,0.613407053921902,0,1114.6910400390625
49111.0,2.0,15,52,1,23.708256633074843,-2.9935505888616665,0.613407053921902,0,1114.6910400390625
49111.0,2.0,15,53,2,22.697781195755976,-3.138129908929255,0.8513997106635237,0,1114.6910400390625
49111.0,2.0,15,54,4,17.851393824441445,-3.077022801888618,0.6466890965784271,0,1114.6910400390625
49111.0,2.0,15,55,1,27.599026811565675,-3.177640431332478,0.682842712474619,0,1114.6910400390625
49111.0,2.0,15,56,4,19.803695750156624,-3.233954033585789,0.848528137423857,0,1114.6910400390625
49111.0,2.0,15,57,2,24.773037260293275,-3.258914755387462,0.848528137423857,0,1114.6910400390625
49111.0,2.0,15,58,5,13.65179668412016,2.921511645272316,0.43533959677349143,0,1114.6910400390625
49111.0,2.0,15,60,2,22.1517599583924,2.922948491228479,0.848528137423857,0,1114.6910400390625
49111.0,2.0,15,61,2,27.151749096316877,2.923373456217817,0.8513997106635237,0,1114.6910400390625
49111.0,2.0,15,62,1,30.65174360136662,2.9235884392752998,0.613407053921902,0,1114.6910400390625
49111.0,2.0,15,64,4,24.78335274218769,2.8221367117004235,0.848528137423857,0,1114.6910400390625
49111.0,2.0,15,67,4,27.61754292172219,2.7413255408096595,0.6466890965784271,0,1114.6910400390625
49111.0,2.0,16,1,1,37.53881688528781,0.3380593398558087,0.613407053921902,0,1114.97802734375
49111.0,2.0,16,2,2,34.09671364293134,0.32033860259506297,0.8513997106635237,0,1114.97802734375
49111.0,2.0,16,3,4,33.507976991627295,0.4673663136019406,0.682842712474619,0,1114.97802734375
49111.0,2.0,16,4,1,35.38908363358249,0.18117845264016585,0.682842712474619,0,1114.97802734375
49111.0,2.0,16,5,4,31.229935163289017,0.3837596009648283,0.848528137423857,0,1114.97802734375
49111.0,2.0,16,6,2,32.250739673376046,0.2293760943913148,0.848528137423857,0,1114.97802734375
49111.0,2.0,16,7,5,28.546818875923226,0.5823686954981016,0.613407053921902,0,1114.97802734375
49111.0,2.0,16,8,5,28.513712830117576,0.4596203765227882,0.8513997106635237,0,1114.97802734375
49111.0,2.0,16,9,2,29.203307664287745,0.2877934567204601,0.848528137423857,0,1114.97802734375
49111.0,2.0,16,10,2,30.70235394414707,0.12832440330049932,0.8513997106635237,0,1114.97802734375
49111.0,2.0,16,11,1,32.17523098806485,0.027263758802768212,0.613407053921902,0,1114.97802734375
49111.0,2.0,16,12,4,26.278435029320587,0.35950802876693655,0.848528137423857,0,1114.97802734375
49111.0,2.0,16,13,4,27.483768059835953,0.1786976966756142,0.848528137423857,0,1114.97802734375
49111.0,2.0,16,14,5,23.521885907498977,0.4485858296249756,0.682842712474619,0,1114.97802734375
49111.0,2.0,16,15,5,24.353243640674126,0.24221961824748828,0.8513997106635237,0,1114.97802734375
49111.0,2.0,16,16,4,26.132007863895005,0.05671933410775054,0.682842712474619,0,1114.97802734375
49111.0,2.0,16,17,5,21.000085331324865,0.19785704320247266,0.613407053921902,0,1114.97802734375
49111.0,2.0,16,18,1,11.936807263454062,-2.05618842145557,0.613407053921902,0,1114.97802734375
49111.0,2.0,16,19,2,9.195882749576494,-1.8480701517905227,0.8513997106635237,0,1114.97802734375
49111.0,2.0,16,20,4,6.690508229374118,-2.4069645764231806,0.6466890965784271,0,1114.97802734375
49111.0,2.0,16,21,1,13.20475742755596,-1.5760648960617512,0.682842712474619,0,1114.97802734375
49111.0,2.0,16,22,4,5.660382611815832,-1.850211936020385,0.848528137423857,0,1114.97802734375
49111.0,2.0,16,23,2,9.840797248637061,-1.480583525411681,0.848528137423857,0,1114.97802734375
49111.0,2.0,16,26,2,6.657098636566176,-1.2903324698689675,0.848528137423857,0,1114.97802734375
49111.0,2.0,16,27,2,11.580946482632884,-1.191284823194575,0.8513997106635237,0,1114.97802734375
49111.0,2.0,16,28,1,15.057532097168247,-1.1606771107562164,0.613407053921902,0,1114.97802734375
49111.0,2.0,16,29,4,4.0978816509459755,-0.8189432545116346,0.765685424949238,0,1114.97802734375
49111.0,2.0,16,30,4,9.032939344521,-0.9510639096730077,0.848528137423857,0,1114.97802734375
49111.0,2.0,16,32,5,7.353207801360161,-0.5669820135031385,0.8513997106635237,1,1114.97802734375
49111.0,2.0,16,33,4,11.994624802244532,-0.7652923752813715,0.682842712474619,0,1114.97802734375
49111.0,2.0,16,34,5,9.52084853724146,-0.2370632525679971,0.6034068236642477,0,1114.97802734375
49111.0,2.0,16,35,1,43.821850920372526,1.0780928545620174,0.613407053921902,0,1114.97802734375
49111.0,2.0,16,36,2,40.911828683013496,1.124024918716029,0.8513997106635237,0,1114.97802734375
49111.0,2.0,16,37,4,38.256752153899335,1.0168807930020423,0.682842712474619,0,1114.97802734375
49111.0,2.0,16,38,1,43.97699815826007,1.2171889022585227,0.682842712474619,0,1114.97802734375
49111.0,2.0,16,39,4,37.43396925814917,1.1077730487211288,0.848528137423857,0,1114.97802734375
49111.0,2.0,16,40,2,40.4536858054173,1.2102252175560624,0.848528137423857,0,1114.97802734375
49111.0,2.0,16,41,5,32.193746816354164,0.996935037868194,0.613407053921902,0,1114.97802734375
49111.0,2.0,16,42,5,33.96801999899124,1.0881985515123542,0.8513997106635237,0,1114.97802734375
49111.0,2.0,16,43,2,36.932709397974484,1.2019332999425894,0.848528137423857,0,1114.97802734375
49111.0,2.0,16,44,2,40.30165833186765,1.297733912295901,0.8513997106635237,0,1114.97802734375
49111.0,2.0,16,45,1,42.849885797688565,1.3554776228376353,0.613407053921902,0,1114.97802734375
49111.0,2.0,16,46,4,33.41480737198771,1.1918946240880453,0.848528137423857,0,1114.97802734375
49111.0,2.0,16,47,4,36.766125612177426,1.2978091514345111,0.848528137423857,0,1114.97802734375
49111.0,2.0,16,48,5,29.901064862958577,1.1794951067746204,0.682842712474619,0,1114.97802734375
49111.0,2.0,16,49,5,33.2305931449052,1.2979004005447985,0.8513997106635237,0,1114.97802734375
49111.0,2.0,16,50,4,36.938746074895185,1.3936692863388842,0.682842712474619,0,1114.97802734375
49111.0,2.0,16,51,5,30.85766402148924,1.3782658360765767,0.613407053921902,0,1114.97802734375
49111.0,2.0,16,52,1,25.567151045531748,-3.797928745694715,0.613407053921902,0,1114.97802734375
49111.0,2.0,16,53,2,24.408115545534113,-3.930226934912342,0.8513997106635237,0,1114.97802734375
49111.0,2.0,16,54,4,19.635617221283873,-3.862104576163344,0.6466890965784271,0,1114.97802734375
49111.0,2.0,16,55,1,29.256704279660557,-3.9759277624832348,0.682842712474619,0,1114.97802734375
49111.0,2.0,16,56,4,21.401708703488335,-4.011652714377191,0.848528137423857,0,1114.97802734375
49111.0,2.0,16,57,2,26.329295020040558,-4.0473727106185216,0.848528137423857,0,1114.97802734375
49111.0,2.0,16,58,5,15.09705659383436,-4.099667995151176,0.43533959677349143,0,1114.97802734375
49111.0,2.0,16,60,2,23.569234336251927,-4.136098912523497,0.848528137423857,0,1114.97802734375
49111.0,2.0,16,61,2,28.560592571242655,-4.14742446687478,0.8513997106635237,0,1114.97802734375
49111.0,2.0,16,62,1,32.05614600348701,-4.153253343329345,0.613407053921902,0,1114.97802734375
49111.0,2.0,16,64,4,26.038135090004914,2.0448854403399945,0.848528137423857,0,1114.97802734375
49111.0,2.0,16,67,4,28.73082231217084,1.961093085358936,0.6466890965784271,0,1114.97802734375
49111.0,2.0,17,1,1,32.33162535216724,1.7029146638974741,0.613407053921902,0,1115.6419677734375
49111.0,2.0,17,2,2,28.854497611120127,1.6898356369413783,0.8513997106635237,0,1115.6419677734375
49111.0,2.0,17,3,4,28.683119349149152,1.8637527330377615,0.682842712474619,0,1115.6419677734375
49111.0,2.0,17,4,1,29.873779961409966,1.522916745115887,0.682842712474619,0,1115.6419677734375
49111.0,2.0,17,5,4,26.161727663415448,1.7732467295482661,0.848528137423857,0,1115.6419677734375
49111.0,2.0,17,6,2,26.819707140968557,1.5858543078023475,0.848528137423857,0,1115.6419677734375
49111.0,2.0,17,7,5,24.168936023840097,2.0199180697904757,0.613407053921902,0,1115.6419677734375
49111.0,2.0,17,8,5,23.69155875579522,1.874892211488642,0.8513997106635237,0,1115.6419677734375
49111.0,2.0,17,9,2,23.898758400216103,1.6645564286732044,0.848528137423857,0,1115.6419677734375
49111.0,2.0,17,10,2,25.119939288630903,1.466345008711791,0.8513997106635237,0,1115.6419677734375
49111.0,2.0,17,11,1,26.50780710695104,1.3417487400717696,0.613407053921902,0,1115.6419677734375
49111.0,2.0,17,12,4,21.16611950775295,1.7643429236646981,0.848528137423857,0,1115.6419677734375
49111.0,2.0,17,13,4,21.97419649973765,1.5350463657305702,0.848528137423857,0,1115.6419677734375
49111.0,2.0,17,14,5,18.704506862279473,1.89197493516668,0.682842712474619,0,1115.6419677734375
49111.0,2.0,17,15,5,18.966266732113162,1.6260922937558255,0.8513997106635237,0,1115.6419677734375
49111.0,2.0,17,16,4,20.483651299176742,1.3837898794330092,0.682842712474619,0,1115.6419677734375
49111.0,2.0,17,17,5,15.539218391891414,1.5846811507386884,0.613407053921902,0,1115.6419677734375
49111.0,2.0,17,18,1,15.260374579985662,-1.1001713698493358,0.613407053921902,0,1115.6419677734375
49111.0,2.0,17,19,2,11.879856810763279,-1.032818498696347,0.8513997106635237,0,1115.6419677734375
49111.0,2.0,17,20,4,11.457325213662923,-1.4631697126972123,0.6466890965784271,0,1115.6419677734375
49111.0,2.0,17,21,1,14.177153968157404,-0.6889264258210583,0.682842712474619,0,1115.6419677734375
49111.0,2.0,17,22,4,8.911584545245365,-1.2197683242454023,0.848528137423857,0,1115.6419677734375
49111.0,2.0,17,23,2,10.690043774450064,-0.7362999519703917,0.848528137423857,0,1115.6419677734375
49111.0,2.0,17,26,2,7.249991528441669,-0.8290357629840532,0.848528137423857,0,1115.6419677734375
49111.0,2.0,17,27,2,10.602974769142786,-0.4027702412135563,0.8513997106635237,0,1115.6419677734375
49111.0,2.0,17,28,1,13.567444921940913,-0.24748440336921804,0.613407053921902,0,1115.6419677734375
49111.0,2.0,17,29,4,3.9809192939939577,-1.0803411819180135,0.682842712474619,0,1115.6419677734375
49111.0,2.0,17,30,4,7.120984146724095,-0.3322115218489907,0.848528137423857,0,1115.6419677734375
49111.0,2.0,17,33,4,8.593861371543982,0.08159983038228608,0.6466890965784271,0,1115.6419677734375
49111.0,2.0,17,34,5,4.0921537121031255,0.7913611360623987,0.47153869179611585,1,1115.6419677734375
49111.0,2.0,17,35,1,41.66737113326551,2.5006700257788337,0.613407053921902,0,1115.6419677734375
49111.0,2.0,17,36,2,39.03098578865927,2.5577616615794554,0.8513997106635237,0,1115.6419677734375
49111.0,2.0,17,37,4,35.82287744482741,2.4551532520231496,0.682842712474619,0,1115.6419677734375
49111.0,2.0,17,38,1,42.585879758928534,2.6440305658619296,0.682842712474619,0,1115.6419677734375
49111.0,2.0,17,39,4,35.49834517793336,2.553919802253027,0.848528137423857,0,1115.6419677734375
49111.0,2.0,17,40,2,39.05472844072919,2.6483457953490652,0.848528137423857,0,1115.6419677734375
49111.0,2.0,17,41,5,29.723722123309336,2.4620266557847486,0.613407053921902,0,1115.6419677734375
49111.0,2.0,17,42,5,31.96634431881267,2.54922887681155,0.8513997106635237,0,1115.6419677734375
49111.0,2.0,17,43,2,35.5244489375456,2.6535187986986357,0.848528137423857,0,1115.6419677734375
49111.0,2.0,17,44,2,39.39702749603937,2.738086025586983,0.8513997106635237,0,1115.6419677734375
49111.0,2.0,17,45,1,42.24894422075965,2.7878222610791283,0.613407053921902,0,1115.6419677734375
49111.0,2.0,17,46,4,31.995329831921833,2.6598331790656347,0.848528137423857,0,1115.6419677734375
49111.0,2.0,17,47,4,35.900423872997166,2.7519986622799415,0.848528137423857,0,1115.6419677734375
49111.0,2.0,17,48,5,28.467802686379745,2.6677128077114216,0.682842712474619,0,1115.6419677734375
49111.0,2.0,17,49,5,32.41226763122332,2.768909696698803,0.8513997106635237,0,1115.6419677734375
49111.0,2.0,17,50,4,36.61549393638497,2.847534986543444,0.682842712474619,0,1115.6419677734375
49111.0,2.0,17,51,5,30.533639276628673,2.862815546316338,0.613407053921902,0,1115.6419677734375
49111.0,2.0,17,52,1,30.392677597833615,-2.3906935694304616,0.613407053921902,0,1115.6419677734375
49111.0,2.0,17,53,2,28.843834992743655,-2.4967494223398643,0.8513997106635237,0,1115.6419677734375
49111.0,2.0,17,54,4,24.3275052950611,-2.4157367551206903,0.6466890965784271,0,1115.6419677734375
49111.0,2.0,17,55,1,33.49785247289773,-2.555553671683612,0.682842712474619,0,1115.6419677734375
49111.0,2.0,17,56,4,25.595172496860485,-2.5480987809468667,0.848528137423857,0,1115.6419677734375
49111.0,2.0,17,57,2,30.33565819875087,-2.605164348355753,0.848528137423857,0,1115.6419677734375
49111.0,2.0,17,58,5,19.102653767324714,-2.5621985522532826,0.43533959677349143,0,1115.6419677734375
49111.0,2.0,17,60,2,27.265329567178547,-2.666128179302753,0.848528137423857,0,1115.6419677734375
49111.0,2.0,17,61,2,32.148678038361986,-2.7023970589140274,0.8513997106635237,0,1115.6419677734375
49111.0,2.0,17,62,1,35.58630371167307,-2.7218458321021504,0.613407053921902,0,1115.6419677734375
49111.0,2.0,17,64,4,29.269156763898717,-2.7692854266041,0.848528137423857,0,1115.6419677734375
49111.0,2.0,17,67,4,31.543127285234345,-2.858412645801869,0.6466890965784271,0,1115.6419677734375
49111.0,2.0,18,1,1,32.71092122515868,1.195252415579589,0.613407053921902,0,1116.06494140625
49111.0,2.0,18,2,2,29.212357753873977,1.1984960515369156,0.8513997106635237,0,1116.06494140625
49111.0,2.0,18,3,4,29.786197160174854,1.367079284702303,0.682842712474619,0,1116.06494140625
49111.0,2.0,18,4,1,29.487389674500417,1.028187873349213,0.682842712474619,0,1116.06494140625
49111.0,2.0,18,5,4,26.912729979182917,1.2943087649906775,0.848528137423857,0,1116.06494140625
49111.0,2.0,18,6,2,26.7476978300549,1.1077820690671945,0.848528137423857,0,1116.06494140625
49111.0,2.0,18,7,5,25.955292549529123,1.5381655701458907,0.613407053921902,0,1116.06494140625
49111.0,2.0,18,8,5,24.904381629032688,1.4067601977900486,0.8513997106635237,0,1116.06494140625
49111.0,2.0,18,9,2,24.21513015864283,1.2047555870549602,0.848528137423857,0,1116.06494140625
49111.0,2.0,18,10,2,24.546218300901796,0.9997617722816431,0.8513997106635237,0,1116.06494140625
49111.0,2.0,18,11,1,25.3686390227853,0.8633252290429462,0.613407053921902,0,1116.06494140625
49111.0,2.0,18,12,4,21.96145983290053,1.3229533265976903,0.848528137423857,0,1116.06494140625
49111.0,2.0,18,13,4,21.758906734200046,1.093911962923955,0.848528137423857,0,1116.06494140625
49111.0,2.0,18,14,5,20.080809430503372,1.465638119982752,0.682842712474619,0,1116.06494140625
49111.0,2.0,18,15,5,19.219344725034357,1.2142698217053889,0.8513997106635237,0,1116.06494140625
49111.0,2.0,18,16,4,19.634854619660892,0.9570645708856406,0.682842712474619,0,1116.06494140625
49111.0,2.0,18,17,5,15.723889143640342,1.2245263361261842,0.613407053921902,1,1116.06494140625
49111.0,2.0,18,18,1,14.328460774264794,-2.035260492046923,0.613407053921902,0,1116.06494140625
49111.0,2.0,18,19,2,10.837311014170453,-2.055222236746699,0.8513997106635237,0,1116.06494140625
49111.0,2.0,18,20,4,12.300528677351537,-2.4723401914249545,0.6466890965784271,0,1116.06494140625
49111.0,2.0,18,21,1,11.55818386656714,-1.6094583901050323,0.682842712474619,0,1116.06494140625
49111.0,2.0,18,22,4,8.964921435810671,-2.360669206855623,0.848528137423857,0,1116.06494140625
49111.0,2.0,18,23,2,8.45660219152884,-1.7813293775334644,0.848528137423857,0,1116.06494140625
49111.0,2.0,18,26,2,5.86827291101631,-2.124902912295833,0.848528137423857,0,1116.06494140625
49111.0,2.0,18,27,2,7.112027223913062,-1.3565064574667542,0.8513997106635237,0,1116.06494140625
49111.0,2.0,18,28,1,9.572457585517911,-1.0536630915590819,0.613407053921902,0,1116.06494140625
49111.0,2.0,18,29,4,4.728544521368631,-2.7714509659346,0.682842712474619,0,1116.06494140625
49111.0,2.0,18,30,4,3.6747023778910304,-1.5185563390515702,0.848528137423857,0,1116.06494140625
49111.0,2.0,18,33,4,4.191687986239929,-0.5949114209488255,0.6466890965784271,0,1116.06494140625
49111.0,2.0,18,35,1,44.979312375196,1.9250634694711763,0.613407053921902,0,1116.06494140625
49111.0,2.0,18,36,2,42.50289425306523,1.98163840184462,0.8513997106635237,0,1116.06494140625
49111.0,2.0,18,37,4,39.02102413011168,1.893496527340539,0.682842712474619,0,1116.06494140625
49111.0,2.0,18,38,1,46.26393536667339,2.055953269604807,0.682842712474619,0,1116.06494140625
49111.0,2.0,18,39,4,38.96887878236744,1.9841842114006258,0.848528137423857,0,1116.06494140625
49111.0,2.0,18,40,2,42.74844101577664,2.0644058659680793,0.848528137423857,0,1116.06494140625
49111.0,2.0,18,41,5,32.965163737122694,1.914668020798211,0.613407053921902,0,1116.06494140625
49111.0,2.0,18,42,5,35.43516625080868,1.9872377973456348,0.8513997106635237,0,1116.06494140625
49111.0,2.0,18,43,2,39.23654805085352,2.074372394847371,0.848528137423857,0,1116.06494140625
49111.0,2.0,18,44,2,43.28235666725444,2.1456794681157816,0.8513997106635237,0,1116.06494140625
49111.0,2.0,18,45,1,46.22565722278663,2.188024263566619,0.613407053921902,0,1116.06494140625
49111.0,2.0,18,46,4,35.729318445984106,2.08629696083943,0.848528137423857,0,1116.06494140625
49111.0,2.0,18,47,4,39.81758270336143,2.162633172667581,0.848528137423857,0,1116.06494140625
49111.0,2.0,18,48,5,32.22827470222603,2.1008147765821907,0.682842712474619,0,1116.06494140625
49111.0,2.0,18,49,5,36.366432131934936,2.182811421895213,0.8513997106635237,0,1116.06494140625
49111.0,2.0,18,50,4,40.69856363228458,2.2477155391773556,0.682842712474619,0,1116.06494140625
49111.0,2.0,18,51,5,34.64642642681081,2.2687125285780776,0.613407053921902,0,1116.06494140625
49111.0,2.0,18,52,1,34.03584819725474,-3.1105725021045294,0.613407053921902,0,1116.06494140625
49111.0,2.0,18,53,2,32.71974150822075,-3.207793839383599,0.8513997106635237,0,1116.06494140625
49111.0,2.0,18,54,4,28.048632562752445,-3.14891406651446,0.682842712474619,0,1116.06494140625
49111.0,2.0,18,55,1,37.47582127304579,-3.251850969055545,0.682842712474619,0,1116.06494140625
49111.0,2.0,18,56,4,29.57445341798719,-3.2597060530802064,0.848528137423857,0,1116.06494140625
49111.0,2.0,18,57,2,34.40209282437889,-3.300511950525495,0.848528137423857,0,1116.06494140625
49111.0,2.0,18,58,5,23.125010671856202,-3.2906471187525144,0.6034068236642477,0,1116.06494140625
49111.0,2.0,18,59,5,26.527629098368447,-3.3237506991080132,0.8513997106635237,0,1116.06494140625
49111.0,2.0,18,60,2,31.425639234629607,-3.3585510072435407,0.848528137423857,0,1116.06494140625
49111.0,2.0,18,61,2,36.35143046744624,-3.3839443007304517,0.8513997106635237,0,1116.06494140625
49111.0,2.0,18,62,1,39.81049464697368,-3.39797473757207,0.613407053921902,0,1116.06494140625
49111.0,2.0,18,63,4,28.57687197565545,-3.42843862922064,0.765685424949238,0,1116.06494140625
49111.0,2.0,18,64,4,33.54837265259656,-3.445655722165028,0.848528137423857,0,1116.06494140625
49111.0,2.0,18,67,4,35.89450952401894,-3.5218933229265423,0.6466890965784271,0,1116.06494140625
49111.0,2.0,19,1,1,19.902616325897867,0.030417295396939714,0.613407053921902,0,1117.220947265625
49111.0,2.0,19,2,2,16.404580666507112,0.03690602359659456,0.8513997106635237,0,1117.220947265625
49111.0,2.0,19,3,4,17.32521777562889,0.32946158635614875,0.682842712474619,0,1117.220947265625
49111.0,2.0,19,4,1,16.972252729526232,-0.2619193939946871,0.682842712474619,0,1117.220947265625
49111.0,2.0,19,5,4,14.23620978601189,0.21989402887837106,0.848528137423857,0,1117.220947265625
49111.0,2.0,19,6,2,14.022010017908002,-0.13553857357026966,0.848528137423857,0,1117.220947265625
49111.0,2.0,19,7,5,14.5847901660964,0.6742356557381641,0.613407053921902,0,1117.220947265625
49111.0,2.0,19,8,5,12.697601005652306,0.4572082632686101,0.8513997106635237,0,1117.220947265625
49111.0,2.0,19,9,2,11.409477076961684,0.05307646417989842,0.848528137423857,0,1117.220947265625
49111.0,2.0,19,10,2,12.211603622812435,-0.3681390686519195,0.8513997106635237,0,1117.220947265625
49111.0,2.0,19,11,1,13.861321371008104,-0.6059577506011216,0.613407053921902,0,1117.220947265625
49111.0,2.0,19,12,4,9.419955912694913,0.3359330478154894,0.848528137423857,0,1117.220947265625
49111.0,2.0,19,13,4,9.093000894539026,-0.2099081930701654,0.848528137423857,0,1117.220947265625
49111.0,2.0,19,14,5,8.502644978153421,0.7198086374012731,0.682842712474619,0,1117.220947265625
49111.0,2.0,19,15,5,6.42199871500215,0.09439276316836209,0.765685424949238,1,1117.220947265625
49111.0,2.0,19,16,4,7.7581675263209515,-0.6022066468425232,0.682842712474619,0,1117.220947265625
49111.0,2.0,19,18,1,27.113347260679244,-3.1639189527325633,0.613407053921902,0,1117.220947265625
49111.0,2.0,19,19,2,23.614348804278727,-3.167227775624803,0.8513997106635237,0,1117.220947265625
49111.0,2.0,19,20,4,24.262942393270617,-3.3747213383620718,0.6466890965784271,0,1117.220947265625
49111.0,2.0,19,21,1,24.012175355871275,-2.957535135633808,0.682842712474619,0,1117.220947265625
49111.0,2.0,19,22,4,21.333798802645692,-3.2876689143603333,0.848528137423857,0,1117.220947265625
49111.0,2.0,19,23,2,21.19146213036605,-3.052063999050537,0.848528137423857,0,1117.220947265625
49111.0,2.0,19,26,2,18.616432771193438,-3.174112154922577,0.848528137423857,0,1117.220947265625
49111.0,2.0,19,27,2,19.118542439091343,-2.9096522992401272,0.8513997106635237,0,1117.220947265625
49111.0,2.0,19,28,1,20.212165448190277,-2.740318093464415,0.613407053921902,0,1117.220947265625
49111.0,2.0,19,29,4,16.403203072143917,-3.332052048110451,0.682842712474619,0,1117.220947265625
49111.0,2.0,19,30,4,16.21764985739189,-3.0244951376548617,0.848528137423857,0,1117.220947265625
49111.0,2.0,19,33,4,14.298698006096972,-2.829185322450937,0.6466890965784271,0,1117.220947265625
49111.0,2.0,19,35,1,36.502487057597406,0.9944217677472587,0.613407053921902,0,1117.220947265625
49111.0,2.0,19,36,2,34.71926974488532,1.0790450708744594,0.8513997106635237,0,1117.220947265625
49111.0,2.0,19,37,4,30.40353248372762,1.0013162494997934,0.682842712474619,0,1117.220947265625
49111.0,2.0,19,38,1,39.197966729757006,1.1393104788822686,0.682842712474619,0,1117.220947265625
49111.0,2.0,19,39,4,31.351781284585446,1.1116915160526668,0.848528137423857,0,1117.220947265625
49111.0,2.0,19,40,2,35.902466403375556,1.1734459896286205,0.848528137423857,0,1117.220947265625
49111.0,2.0,19,41,5,24.868728454115537,1.0948924860648526,0.613407053921902,0,1117.220947265625
49111.0,2.0,19,42,5,28.025714760106577,1.1521389579255157,0.8513997106635237,0,1117.220947265625
49111.0,2.0,19,43,2,32.65721347488,1.214421843542281,0.848528137423857,0,1117.220947265625
49111.0,2.0,19,44,2,37.38377316527737,1.2611005913272981,0.8513997106635237,0,1117.220947265625
49111.0,2.0,19,45,1,40.73123529876343,1.2872921117419014,0.613407053921902,0,1117.220947265625
49111.0,2.0,19,46,4,29.478807473204498,1.264333407627837,0.848528137423857,0,1117.220947265625
49111.0,2.0,19,47,4,34.27904599272398,1.308352384292112,0.848528137423857,0,1117.220947265625
49111.0,2.0,19,48,5,26.391411257085718,1.326108530432009,0.682842712474619,0,1117.220947265625
49111.0,2.0,19,49,5,31.26594780699378,1.3648590062889556,0.8513997106635237,0,1117.220947265625
49111.0,2.0,19,50,4,36.17474804886258,1.3931262382184433,0.682842712474619,0,1117.220947265625
49111.0,2.0,19,51,5,30.741756984559323,1.4765369456320978,0.613407053921902,0,1117.220947265625
49111.0,2.0,19,52,1,40.88338323148358,-3.987540284765034,0.613407053921902,0,1117.220947265625
49111.0,2.0,19,53,2,38.651712694579395,-4.055379708041459,0.8513997106635237,0,1117.220947265625
49111.0,2.0,19,54,4,34.82674245598175,-3.967582692130976,0.682842712474619,0,1117.220947265625
49111.0,2.0,19,55,1,42.72010999931225,-4.1269236247532355,0.682842712474619,0,1117.220947265625
49111.0,2.0,19,56,4,35.1481932963404,-4.068259168443287,0.848528137423857,0,1117.220947265625
49111.0,2.0,19,57,2,39.26128367903852,-4.144809101239614,0.848528137423857,0,1117.220947265625
49111.0,2.0,19,58,5,28.893754634508593,-4.012718257330095,0.613407053921902,0,1117.220947265625
49111.0,2.0,19,59,5,31.651794416265037,-4.083987185561039,0.8513997106635237,0,1117.220947265625
49111.0,2.0,19,60,2,35.81743980100385,-4.166141914099262,0.848528137423857,0,1117.220947265625
49111.0,2.0,19,61,2,40.1738957287884,-4.23084147643885,0.8513997106635237,0,1117.220947265625
49111.0,2.0,19,62,1,43.30622277361399,-4.268282011738968,0.613407053921902,0,1117.220947265625
49111.0,2.0,19,63,4,32.39335721519357,-4.191998555421587,0.848528137423857,0,1117.220947265625
49111.0,2.0,19,64,4,36.81551976816518,-4.259578422931261,0.848528137423857,0,1117.220947265625
49111.0,2.0,19,65,5,28.99603747831299,-4.223939919237468,0.682842712474619,0,1117.220947265625
49111.0,2.0,19,66,5,33.49362765620887,-4.294049004696823,0.8513997106635237,0,1117.220947265625
49111.0,2.0,19,67,4,38.116610522209186,-4.347363905612488,0.682842712474619,0,1117.220947265625
49111.0,2.0,19,68,5,32.23083870060965,-4.39343976697544,0.613407053921902,0,1117.220947265625
49111.0,2.0,20,1,1,16.49492429200853,-0.5102875952722998,0.613407053921902,0,1117.531982421875
49111.0,2.0,20,2,2,12.995492896640442,-0.5145964849198224,0.8513997106635237,0,1117.531982421875
49111.0,2.0,20,3,4,13.829093881922127,-0.14473956383325093,0.682842712474619,0,1117.531982421875
49111.0,2.0,20,4,1,14.018624528042984,-0.879217044691651,0.682842712474619,0,1117.531982421875
49111.0,2.0,20,5,4,10.728432833320358,-0.28432121381552156,0.848528137423857,0,1117.531982421875
49111.0,2.0,20,6,2,10.850726661873042,-0.7518464630136175,0.848528137423857,0,1117.531982421875
49111.0,2.0,20,7,5,11.476864025916184,0.3060999428459912,0.613407053921902,0,1117.531982421875
49111.0,2.0,20,8,5,9.290624655613872,0.04063167050455707,0.8513997106635237,0,1117.531982421875
49111.0,2.0,20,9,2,7.997168531618961,-0.5272932105450949,0.848528137423857,0,1117.531982421875
49111.0,2.0,20,10,2,9.570459892540837,-1.0766706757127318,0.8513997106635237,0,1117.531982421875
49111.0,2.0,20,11,1,11.861323753142567,-1.3256703721549363,0.613407053921902,0,1117.531982421875
49111.0,2.0,20,12,4,5.930526111193732,-0.1076797726598322,0.848528137423857,0,1117.531982421875
49111.0,2.0,20,13,4,6.148994876170157,-0.9604802273222048,0.848528137423857,0,1117.531982421875
49111.0,2.0,20,14,5,5.602461547211613,0.5129517568761028,0.6466890965784271,1,1117.531982421875
49111.0,2.0,20,16,4,6.055210273080294,-1.5481076825507674,0.6466890965784271,0,1117.531982421875
49111.0,2.0,20,18,1,30.508328289600634,-3.627230518798658,0.613407053921902,0,1117.531982421875
49111.0,2.0,20,19,2,27.008476202823942,-3.6261095624313153,0.8513997106635237,0,1117.531982421875
49111.0,2.0,20,20,4,27.419314155662082,-3.80947997219639,0.6466890965784271,0,1117.531982421875
49111.0,2.0,20,21,1,27.51539178042216,-3.44338667685678,0.682842712474619,0,1117.531982421875
49111.0,2.0,20,22,4,24.608989279010565,-3.7268714001099412,0.848528137423857,0,1117.531982421875
49111.0,2.0,20,23,2,24.662549571487396,-3.523576098318775,0.848528137423857,0,1117.531982421875
49111.0,2.0,20,26,2,22.00876911374243,-3.6238897637423704,0.848528137423857,0,1117.531982421875
49111.0,2.0,20,27,2,22.62796756082258,-3.4011017290729693,0.8513997106635237,0,1117.531982421875
49111.0,2.0,20,28,1,23.688018375452398,-3.256902004830091,0.613407053921902,0,1117.531982421875
49111.0,2.0,20,29,4,19.63493021220021,-3.7500121211012662,0.682842712474619,0,1117.531982421875
49111.0,2.0,20,30,4,19.702017218284748,-3.495131343132265,0.848528137423857,0,1117.531982421875
49111.0,2.0,20,33,4,17.803175195373285,-3.3357218594848517,0.6466890965784271,0,1117.531982421875
49111.0,2.0,20,35,1,34.00365479193958,0.570110103431881,0.613407053921902,0,1117.531982421875
49111.0,2.0,20,36,2,32.450714128304405,0.664570167922939,0.8513997106635237,0,1117.531982421875
49111.0,2.0,20,37,4,27.940791783135836,0.592859707517214,0.682842712474619,0,1117.531982421875
49111.0,2.0,20,38,1,37.08651843197631,0.7185764162242112,0.682842712474619,0,1117.531982421875
49111.0,2.0,20,39,4,29.187399351449336,0.7087783386067876,0.848528137423857,0,1117.531982421875
49111.0,2.0,20,40,2,33.900815371748344,0.7618252495866717,0.848528137423857,0,1117.531982421875
49111.0,2.0,20,41,5,22.6904608368179,0.7165295281169546,0.613407053921902,0,1117.531982421875
49111.0,2.0,20,42,5,25.995378711706348,0.7639746083198511,0.8513997106635237,0,1117.531982421875
49111.0,2.0,20,43,2,30.79156891640014,0.8139230903472181,0.848528137423857,0,1117.531982421875
49111.0,2.0,20,44,2,35.64381739238662,0.8503439047154115,0.8513997106635237,0,1117.531982421875
49111.0,2.0,20,45,1,39.06257057183605,0.8704372338198008,0.613407053921902,0,1117.531982421875
49111.0,2.0,20,46,4,27.784458781798676,0.8775036129606115,0.848528137423857,0,1117.531982421875
49111.0,2.0,20,47,4,32.70072096706514,0.9077359497343926,0.848528137423857,0,1117.531982421875
49111.0,2.0,20,48,5,24.916492194157666,0.9561038102327455,0.682842712474619,0,1117.531982421875
49111.0,2.0,20,49,5,29.886327730751795,0.9762002617409067,0.8513997106635237,0,1117.531982421875
49111.0,2.0,20,50,4,34.86479007821914,0.9905619310444496,0.682842712474619,0,1117.531982421875
49111.0,2.0,20,51,5,29.740425240023768,-5.18962242989754,0.613407053921902,0,1117.531982421875
49111.0,2.0,20,52,1,42.60192609303421,-4.4084800340820935,0.613407053921902,0,1117.531982421875
49111.0,2.0,20,53,2,40.16993650242442,-4.469334121925666,0.8513997106635237,0,1117.531982421875
49111.0,2.0,20,54,4,36.62325486136406,-4.37741560639768,0.682842712474619,0,1117.531982421875
49111.0,2.0,20,55,1,43.999827278947286,-4.545809326105427,0.682842712474619,0,1117.531982421875
49111.0,2.0,20,56,4,36.6388777554168,-4.4739695302359195,0.848528137423857,0,1117.531982421875
49111.0,2.0,20,57,2,40.49405345411545,-4.556654205689563,0.848528137423857,0,1117.531982421875
49111.0,2.0,20,58,5,30.582482344735737,-4.403449408471203,0.613407053921902,0,1117.531982421875
49111.0,2.0,20,59,5,33.10877418062985,-4.479593549151133,0.8513997106635237,0,1117.531982421875
49111.0,2.0,20,60,2,36.99394450058449,-4.569552984488227,0.848528137423857,0,1117.531982421875
49111.0,2.0,20,61,2,41.12071171174824,-4.641950343251995,0.8513997106635237,0,1117.531982421875
49111.0,2.0,20,62,1,44.11706736693383,-4.684421676060584,0.613407053921902,0,1117.531982421875
49111.0,2.0,20,63,4,33.50127600972672,-4.585144346328849,0.848528137423857,0,1117.531982421875
49111.0,2.0,20,64,4,37.67886007097714,-4.662490487901222,0.848528137423857,0,1117.531982421875
49111.0,2.0,20,65,5,30.018645186741146,-4.604359007574921,0.682842712474619,0,1117.531982421875
49111.0,2.0,20,66,5,34.25609523596992,-4.687147459315578,0.8513997106635237,0,1117.531982421875
49111.0,2.0,20,67,4,38.67610454510931,-4.751374888051142,0.682842712474619,0,1117.531982421875
49111.0,2.0,20,68,5,32.66006357293724,-4.780306613019918,0.613407053921902,0,1117.531982421875
49111.0,2.0,21,1,1,14.873500822279691,-0.9141877466055863,0.613407053921902,0,1117.7939453125
49111.0,2.0,21,2,2,11.41134393123448,-0.9535897589489841,0.8513997106635237,0,1117.7939453125
49111.0,2.0,21,3,4,11.666891984737134,-0.5173704495419942,0.682842712474619,0,1117.7939453125
49111.0,2.0,21,4,1,13.203074340861694,-1.3362137266102307,0.682842712474619,0,1117.7939453125
49111.0,2.0,21,5,4,8.770174327835683,-0.7181027053907849,0.848528137423857,0,1117.7939453125
49111.0,2.0,21,6,2,9.798895829328247,-1.252249136750079,0.848528137423857,0,1117.7939453125
49111.0,2.0,21,7,5,9.082481156102402,0.02642821147887231,0.6034068236642477,0,1117.7939453125
49111.0,2.0,21,8,5,6.97231275577438,-0.32629335536545856,0.8513997106635237,0,1117.7939453125
49111.0,2.0,21,9,2,6.5357131896781215,-1.0820067553731743,0.848528137423857,0,1117.7939453125
49111.0,2.0,21,10,2,9.317614964739153,-1.6208993568254284,0.8513997106635237,0,1117.7939453125
49111.0,2.0,21,11,1,12.142472147158086,-1.8154813305602375,0.613407053921902,0,1117.7939453125
49111.0,2.0,21,12,4,3.7964107155889524,-0.6294211772587806,0.765685424949238,1,1117.7939453125
49111.0,2.0,21,13,4,5.789225859718815,-1.651488854858615,0.848528137423857,0,1117.7939453125
49111.0,2.0,21,16,4,7.022444390092494,-2.1771949206723513,0.6466890965784271,0,1117.7939453125
49111.0,2.0,21,18,1,32.306202602131584,-3.8678285043469343,0.613407053921902,0,1117.7939453125
49111.0,2.0,21,19,2,28.813069655338815,-3.8606458608472325,0.8513997106635237,0,1117.7939453125
49111.0,2.0,21,20,4,28.915230955847612,-4.0340524125967026,0.6466890965784271,0,1117.7939453125
49111.0,2.0,21,21,1,29.5684863443634,-3.6911079393617525,0.682842712474619,0,1117.7939453125
49111.0,2.0,21,22,4,26.256301982691735,-3.949455759580076,0.848528137423857,0,1117.7939453125
49111.0,2.0,21,23,2,26.617584329531113,-3.760535623543623,0.848528137423857,0,1117.7939453125
49111.0,2.0,21,26,2,23.8263762746792,-3.846732742961092,0.848528137423857,0,1117.7939453125
49111.0,2.0,21,27,2,24.734563026582748,-3.6438481819292514,0.8513997106635237,0,1117.7939453125
49111.0,2.0,21,28,1,25.931068032947913,-3.513883784077693,0.613407053921902,0,1117.7939453125
49111.0,2.0,21,29,4,21.25786012809124,-3.954738923755433,0.682842712474619,0,1117.7939453125
49111.0,2.0,21,30,4,21.702511812204822,-3.722353582995185,0.848528137423857,0,1117.7939453125
49111.0,2.0,21,33,4,19.98253816548798,-3.5738861200491607,0.6466890965784271,0,1117.7939453125
49111.0,2.0,21,35,1,31.727064413682587,0.30186049920432456,0.613407053921902,0,1117.7939453125
49111.0,2.0,21,36,2,30.25895503675782,0.4044479616447765,0.8513997106635237,0,1117.7939453125
49111.0,2.0,21,37,4,25.68475737961972,0.3320067866498744,0.682842712474619,0,1117.7939453125
49111.0,2.0,21,38,1,34.94999224868488,0.4576635612131663,0.682842712474619,0,1117.7939453125
49111.0,2.0,21,39,4,27.044480935555704,0.4559147131946948,0.848528137423857,0,1117.7939453125
49111.0,2.0,21,40,2,31.816686617877693,0.5067830768620252,0.848528137423857,0,1117.7939453125
49111.0,2.0,21,41,5,20.562714301475847,0.4765461027492135,0.613407053921902,0,1117.7939453125
49111.0,2.0,21,42,5,23.920776288213148,0.5210356541029868,0.8513997106635237,0,1117.7939453125
49111.0,2.0,21,43,2,28.776746454339516,0.5664512235764407,0.848528137423857,0,1117.7939453125
49111.0,2.0,21,44,2,33.674897694929136,0.598706424646057,0.8513997106635237,0,1117.7939453125
49111.0,2.0,21,45,1,37.119766345581496,0.6162081600036862,0.613407053921902,0,1117.7939453125
49111.0,2.0,21,46,4,25.863115157583906,0.6398771175507729,0.848528137423857,0,1117.7939453125
49111.0,2.0,21,47,4,30.818798223179435,0.6634049618359228,0.848528137423857,0,1117.7939453125
49111.0,2.0,21,48,5,23.123587844699856,0.7312990806007589,0.682842712474619,0,1117.7939453125
49111.0,2.0,21,49,5,28.117573029658026,0.7409144425380179,0.8513997106635237,0,1117.7939453125
49111.0,2.0,21,50,4,33.113373602590755,0.7476289474891611,0.682842712474619,0,1117.7939453125
49111.0,2.0,21,51,5,28.179702920448253,-5.417870239814692,0.613407053921902,0,1117.7939453125
49111.0,2.0,21,52,1,42.767701787325244,-4.643557362428854,0.613407053921902,0,1117.7939453125
49111.0,2.0,21,53,2,40.19426044304107,-4.700780696454048,0.8513997106635237,0,1117.7939453125
49111.0,2.0,21,54,4,36.87385217598528,-4.603639448715982,0.682842712474619,0,1117.7939453125
49111.0,2.0,21,55,1,43.83464578195674,-4.78245857155548,0.682842712474619,0,1117.7939453125
49111.0,2.0,21,56,4,36.658987781160974,-4.699661038289147,0.848528137423857,0,1117.7939453125
49111.0,2.0,21,57,2,40.308547274813954,-4.788599386955447,0.848528137423857,0,1117.7939453125
49111.0,2.0,21,58,5,30.786456095643462,-4.61669895349758,0.613407053921902,0,1117.7939453125
49111.0,2.0,21,59,5,33.12377088611144,-4.6983023814959735,0.8513997106635237,0,1117.7939453125
49111.0,2.0,21,60,2,36.78426016630218,-4.795917222827153,0.848528137423857,0,1117.7939453125
49111.0,2.0,21,61,2,40.73057075770983,-4.8752588223908795,0.8513997106635237,0,1117.7939453125
49111.0,2.0,21,62,1,43.62175733547914,-4.92206041886484,0.613407053921902,0,1117.7939453125
49111.0,2.0,21,63,4,33.262360237338825,-4.804785281637319,0.848528137423857,0,1117.7939453125
49111.0,2.0,21,64,4,37.246237485484365,-4.890651173131804,0.848528137423857,0,1117.7939453125
49111.0,2.0,21,65,5,29.74369548551076,-4.815752555236951,0.682842712474619,0,1117.7939453125
49111.0,2.0,21,66,5,33.77254831074189,-4.909215081264732,0.8513997106635237,0,1117.7939453125
49111.0,2.0,21,67,4,38.03265199362248,-4.982266677330007,0.682842712474619,0,1117.7939453125
49111.0,2.0,21,68,5,31.962278951833632,-5.000419685965875,0.613407053921902,0,1117.7939453125
49111.0,2.0,22,1,1,14.172886097269696,-0.9813011737054502,0.613407053921902,0,1117.9010009765625
49111.0,2.0,22,2,2,10.761419018467054,-1.0446511159947742,0.8513997106635237,0,1117.9010009765625
49111.0,2.0,22,3,4,10.640509358150469,-0.5731780373190694,0.682842712474619,0,1117.9010009765625
49111.0,2.0,22,4,1,12.976742240684336,-1.4262756458084156,0.682842712474619,0,1117.9010009765625
49111.0,2.0,22,5,4,7.906030431132131,-0.8181358441611593,0.848528137423857,0,1117.9010009765625
49111.0,2.0,22,6,2,9.491734144408177,-1.3726047966390773,0.848528137423857,0,1117.9010009765625
49111.0,2.0,22,7,5,7.882962967175128,0.030451169202206696,0.6034068236642477,0,1117.9010009765625
49111.0,2.0,22,8,5,5.848289926546922,-0.39211040923472784,0.7685569981889047,1,1117.9010009765625
49111.0,2.0,22,9,2,6.06549214450789,-1.257581011631082,0.848528137423857,0,1117.9010009765625
49111.0,2.0,22,10,2,9.453988303632686,-1.7480124945291118,0.8513997106635237,0,1117.9010009765625
49111.0,2.0,22,11,1,12.48756520576847,-1.9088499982767446,0.613407053921902,0,1117.9010009765625
49111.0,2.0,22,13,4,6.006252802886882,-1.8519707446159788,0.848528137423857,0,1117.9010009765625
49111.0,2.0,22,16,4,7.76916665475044,-2.3044559908013507,0.6466890965784271,0,1117.9010009765625
49111.0,2.0,22,18,1,33.21297974540026,-3.843833120499629,0.613407053921902,0,1117.9010009765625
49111.0,2.0,22,19,2,29.726496339184077,-3.8340531195931025,0.8513997106635237,0,1117.9010009765625
49111.0,2.0,22,20,4,29.682939286960575,-4.002569532887703,0.6466890965784271,0,1117.9010009765625
49111.0,2.0,22,21,1,30.598239892086294,-3.6706237088298677,0.682842712474619,0,1117.9010009765625
49111.0,2.0,22,22,4,27.0994410795947,-3.917442890760407,0.848528137423857,0,1117.9010009765625
49111.0,2.0,22,23,2,27.60375711233095,-3.735311109439353,0.848528137423857,0,1117.9010009765625
49111.0,2.0,22,26,2,24.75242470828791,-3.8153053561332544,0.848528137423857,0,1117.9010009765625
49111.0,2.0,22,27,2,25.792832896554785,-3.6214489274049333,0.8513997106635237,0,1117.9010009765625
49111.0,2.0,22,28,1,27.05238656297618,-3.497747415514511,0.613407053921902,0,1117.9010009765625
49111.0,2.0,22,29,4,22.099720612767083,-3.9152824760164315,0.682842712474619,0,1117.9010009765625
49111.0,2.0,22,30,4,22.715310938934977,-3.6933647126129845,0.848528137423857,0,1117.9010009765625
49111.0,2.0,22,33,4,21.078144443131993,-3.550032075808647,0.6466890965784271,0,1117.9010009765625
49111.0,2.0,22,35,1,30.583402377521054,0.3135261021077955,0.613407053921902,0,1117.9010009765625
49111.0,2.0,22,36,2,29.159594303594215,0.42064308179470267,0.8513997106635237,0,1117.9010009765625
49111.0,2.0,22,37,4,24.553403834098866,0.3479374964610651,0.682842712474619,0,1117.9010009765625
49111.0,2.0,22,38,1,33.87763628206766,0.473315654226536,0.682842712474619,0,1117.9010009765625
49111.0,2.0,22,39,4,25.97242417887294,0.47625879163364226,0.848528137423857,0,1117.9010009765625
49111.0,2.0,22,40,2,30.773025815430742,0.5257114991488234,0.848528137423857,0,1117.9010009765625
49111.0,2.0,22,41,5,19.504181229354362,0.5047726019264678,0.613407053921902,0,1117.9010009765625
49111.0,2.0,22,42,5,22.887806699297407,0.5471372998540702,0.8513997106635237,0,1117.9010009765625
49111.0,2.0,22,43,2,27.771640131873138,0.5896416251455365,0.848528137423857,0,1117.9010009765625
49111.0,2.0,22,44,2,32.69061479575032,0.619395773416529,0.8513997106635237,0,1117.9010009765625
49111.0,2.0,22,45,1,36.14712859690288,0.6353960590520891,0.613407053921902,0,1117.9010009765625
49111.0,2.0,22,46,4,24.91081840067416,0.6686446575824494,0.848528137423857,0,1117.9010009765625
49111.0,2.0,22,47,4,29.8824559482856,0.6881368130016305,0.848528137423857,0,1117.9010009765625
49111.0,2.0,22,48,5,22.244858982885592,0.7673337069802026,0.682842712474619,0,1117.9010009765625
49111.0,2.0,22,49,5,27.24419298269503,0.770648612162705,0.8513997106635237,0,1117.9010009765625
49111.0,2.0,22,50,4,32.24373352123157,0.7729355535153961,0.682842712474619,0,1117.9010009765625
49111.0,2.0,22,51,5,27.416846832616855,-5.384542652732634,0.613407053921902,0,1117.9010009765625
49111.0,2.0,22,52,1,42.86695492133244,-4.615626123419718,0.613407053921902,0,1117.9010009765625
49111.0,2.0,22,53,2,40.22609085236476,-4.670946589643874,0.8513997106635237,0,1117.9010009765625
49111.0,2.0,22,54,4,37.023318127267316,-4.5714130286567,0.682842712474619,0,1117.9010009765625
49111.0,2.0,22,55,1,43.76700452821243,-4.755104220765224,0.682842712474619,0,1117.9010009765625
49111.0,2.0,22,56,4,36.6938851496505,-4.666954551216558,0.848528137423857,0,1117.9010009765625
49111.0,2.0,22,57,2,40.23497865645767,-4.758856469400903,0.848528137423857,0,1117.9010009765625
49111.0,2.0,22,58,5,30.92418825792965,-4.57806197605972,0.613407053921902,0,1117.9010009765625
49111.0,2.0,22,59,5,33.16238877838535,-4.662112188906929,0.8513997106635237,0,1117.9010009765625
49111.0,2.0,22,60,2,36.70362828929371,-4.763330818485109,0.848528137423857,0,1117.9010009765625
49111.0,2.0,22,61,2,40.55328136795474,-4.846055267290149,0.8513997106635237,0,1117.9010009765625
49111.0,2.0,22,62,1,43.387869730898394,-4.895005029942044,0.613407053921902,0,1117.9010009765625
49111.0,2.0,22,63,4,33.17316915387613,-4.768757662752991,0.848528137423857,0,1117.9010009765625
49111.0,2.0,22,64,4,37.052279981420064,-4.858772014103549,0.848528137423857,0,1117.9010009765625
49111.0,2.0,22,65,5,29.64391967713979,-4.775476929236454,0.682842712474619,0,1117.9010009765625
49111.0,2.0,22,66,5,33.55852013922216,-4.874139563336733,0.8513997106635237,0,1117.9010009765625
49111.0,2.0,22,67,4,37.73044624761868,-4.951608224864106,0.682842712474619,0,1117.9010009765625
49111.0,2.0,22,68,5,31.64232663648069,-4.964049736196811,0.613407053921902,0,1117.9010009765625
49111.0,2.0,23,1,1,12.94934901078297,-1.0930887657353112,0.613407053921902,0,1118.1710205078125
49111.0,2.0,23,2,2,9.733143904876604,-1.21614050514555,0.8513997106635237,0,1118.1710205078125
49111.0,2.0,23,3,4,8.69102348624664,-0.6779728670304628,0.6466890965784271,0,1118.1710205078125
49111.0,2.0,23,4,1,12.80368272441888,-1.571495756954824,0.682842712474619,0,1118.1710205078125
49111.0,2.0,23,5,4,6.463415512827333,-1.04636754957696,0.848528137423857,0,1118.1710205078125
49111.0,2.0,23,6,2,9.272321237209317,-1.5872555707568348,0.848528137423857,0,1118.1710205078125
49111.0,2.0,23,7,5,5.488829491402997,0.09327047332040328,0.43533959677349143,1,1118.1710205078125
49111.0,2.0,23,9,2,5.7460935377370355,-1.6223780051698762,0.848528137423857,0,1118.1710205078125
49111.0,2.0,23,10,2,10.110281498502859,-1.9438948098604705,0.8513997106635237,0,1118.1710205078125
49111.0,2.0,23,11,1,13.431602015513688,-2.0386686741612086,0.613407053921902,0,1118.1710205078125
49111.0,2.0,23,13,4,7.0185070917816725,-2.147829576195228,0.848528137423857,0,1118.1710205078125
49111.0,2.0,23,16,4,9.513216735171964,-2.4556418608043176,0.6466890965784271,0,1118.1710205078125
49111.0,2.0,23,18,1,35.10769924267469,-3.760114489557694,0.613407053921902,0,1118.1710205078125
49111.0,2.0,23,19,2,31.638617157583393,-3.7461865630097364,0.8513997106635237,0,1118.1710205078125
49111.0,2.0,23,20,4,31.333718174030743,-3.9048591874757337,0.6466890965784271,0,1118.1710205078125
49111.0,2.0,23,21,1,32.71394651641217,-3.5942616298886323,0.682842712474619,0,1118.1710205078125
49111.0,2.0,23,22,4,28.892217720195244,-3.8198447737760963,0.848528137423857,0,1118.1710205078125
49111.0,2.0,23,23,2,29.647267088649333,-3.6507634943912812,0.848528137423857,0,1118.1710205078125
49111.0,2.0,23,26,2,26.696789975065236,-3.7200187591418277,0.848528137423857,0,1118.1710205078125
49111.0,2.0,23,27,2,27.962810946099278,-3.5427506106138997,0.8513997106635237,0,1118.1710205078125
49111.0,2.0,23,28,1,29.327613894271582,-3.4301470047864244,0.613407053921902,0,1118.1710205078125
49111.0,2.0,23,29,4,23.905579769580516,-3.8059449400434424,0.682842712474619,0,1118.1710205078125
49111.0,2.0,23,30,4,24.812838313145942,-3.6037116657803,0.848528137423857,0,1118.1710205078125
49111.0,2.0,23,33,4,23.315987976834755,-3.4704460548282077,0.6466890965784271,0,1118.1710205078125
49111.0,2.0,23,35,1,28.328156198308964,0.3819175872411176,0.613407053921902,0,1118.1710205078125
49111.0,2.0,23,36,2,27.00986642073154,0.49919747574300866,0.8513997106635237,0,1118.1710205078125
49111.0,2.0,23,37,4,22.332332728586753,0.4272542478933805,0.682842712474619,0,1118.1710205078125
49111.0,2.0,23,38,1,31.785730808512415,0.5497219603910652,0.682842712474619,0,1118.1710205078125
49111.0,2.0,23,39,4,23.890892300597052,0.5647511454456455,0.848528137423857,0,1118.1710205078125
49111.0,2.0,23,40,2,28.750209284180553,0.6096922879092581,0.848528137423857,0,1118.1710205078125
49111.0,2.0,23,41,5,17.470166756384323,0.6142950001311909,0.613407053921902,0,1118.1710205078125
49111.0,2.0,23,42,5,20.904941659131552,0.6494893511383637,0.8513997106635237,0,1118.1710205078125
49111.0,2.0,23,43,2,25.842143578603302,0.683478273840616,0.848528137423857,0,1118.1710205078125
49111.0,2.0,23,44,2,30.79961336936881,0.706545532587084,0.8513997106635237,0,1118.1710205078125
49111.0,2.0,23,45,1,34.2771942109972,0.7187183051376658,0.613407053921902,0,1118.1710205078125
49111.0,2.0,23,46,4,23.109700032456377,0.775319387382813,0.848528137423857,0,1118.1710205078125
49111.0,2.0,23,47,4,28.104413079720565,0.784339354139326,0.848528137423857,0,1118.1710205078125
49111.0,2.0,23,48,5,20.622805009093224,-5.392688358488903,0.682842712474619,0,1118.1710205078125
49111.0,2.0,23,49,5,25.614446810511733,-5.405262005774476,0.8513997106635237,0,1118.1710205078125
49111.0,2.0,23,50,4,30.608817101841566,-5.413733425768822,0.682842712474619,0,1118.1710205078125
49111.0,2.0,23,51,5,26.031679467112863,-5.270584600276058,0.613407053921902,0,1118.1710205078125
49111.0,2.0,23,52,1,43.2128376747793,-4.519828527098222,0.613407053921902,0,1118.1710205078125
49111.0,2.0,23,53,2,40.445035411492164,-4.571076932719847,0.8513997106635237,0,1118.1710205078125
49111.0,2.0,23,54,4,37.48334417406485,-4.467567537015625,0.682842712474619,0,1118.1710205078125
49111.0,2.0,23,55,1,43.77899825718159,-4.659658753319801,0.682842712474619,0,1118.1710205078125
49111.0,2.0,23,56,4,36.92911100498406,-4.561455109710859,0.848528137423857,0,1118.1710205078125
49111.0,2.0,23,57,2,40.24374533494477,-4.658596831983363,0.848528137423857,0,1118.1710205078125
49111.0,2.0,23,58,5,31.38323964354535,-4.461829984566141,0.613407053921902,0,1118.1710205078125
49111.0,2.0,23,59,5,33.417324695433265,-4.549809720166546,0.8513997106635237,0,1118.1710205078125
49111.0,2.0,23,60,2,36.70854653572473,-4.657330373340496,0.848528137423857,0,1118.1710205078125
49111.0,2.0,23,61,2,40.3524124152562,-4.746318136511103,0.8513997106635237,0,1118.1710205078125
49111.0,2.0,23,62,1,43.06538107351124,-4.799369631483668,0.613407053921902,0,1118.1710205078125
49111.0,2.0,23,63,4,33.17341916274305,-4.655793991296871,0.848528137423857,0,1118.1710205078125
49111.0,2.0,23,64,4,36.82764638030106,-4.753470600650621,0.848528137423857,0,1118.1710205078125
49111.0,2.0,23,65,5,29.63838877416631,-4.65389110905779,0.682842712474619,0,1118.1710205078125
49111.0,2.0,23,66,5,33.305163084634216,-4.762136534327008,0.8513997106635237,0,1118.1710205078125
49111.0,2.0,23,67,4,37.28315554053245,-4.848124636045835,0.682842712474619,0,1118.1710205078125
49111.0,2.0,23,68,5,31.17988835169412,-4.848458558147136,0.613407053921902,0,1118.1710205078125
49111.0,2.0,24,1,1,12.113859764327644,-0.9982939028502278,0.613407053921902,0,1118.2860107421875
49111.0,2.0,24,2,2,9.074173588453121,-1.1639690851459608,0.8513997106635237,0,1118.2860107421875
49111.0,2.0,24,3,4,7.452872958749472,-0.580581383185337,0.6466890965784271,0,1118.2860107421875
49111.0,2.0,24,4,1,12.6149093253777,-1.495450493123713,0.682842712474619,0,1118.2860107421875
49111.0,2.0,24,5,4,5.629335604062469,-1.0525843760771194,0.848528137423857,0,1118.2860107421875
49111.0,2.0,24,6,2,9.136997883182772,-1.5546722461060656,0.848528137423857,0,1118.2860107421875
49111.0,2.0,24,9,2,5.730054393029058,-1.6853463234654362,0.848528137423857,0,1118.2860107421875
49111.0,2.0,24,10,2,10.470378900555257,-1.8910336195955804,0.8513997106635237,0,1118.2860107421875
49111.0,2.0,24,11,1,13.897321756478025,-1.9500154636313036,0.613407053921902,0,1118.2860107421875
49111.0,2.0,24,13,4,7.679689274376787,-2.1337047691044475,0.848528137423857,0,1118.2860107421875
49111.0,2.0,24,16,4,10.493890191672682,-2.3726726115535572,0.6466890965784271,0,1118.2860107421875
49111.0,2.0,24,18,1,36.419484215272675,-3.555380338877965,0.613407053921902,0,1118.2860107421875
49111.0,2.0,24,19,2,32.95881979960617,-3.540277118567708,0.8513997106635237,0,1118.2860107421875
49111.0,2.0,24,20,4,32.549784816628055,-3.692567249297854,0.6466890965784271,0,1118.2860107421875
49111.0,2.0,24,21,1,34.1039457183041,-3.394977507280962,0.682842712474619,0,1118.2860107421875
49111.0,2.0,24,22,4,30.168521650538416,-3.609146893269735,0.848528137423857,0,1118.2860107421875
49111.0,2.0,24,23,2,31.015077132793436,-3.447873936942126,0.848528137423857,0,1118.2860107421875
49111.0,2.0,24,26,2,28.031962213680654,-3.5122426590754414,0.848528137423857,0,1118.2860107421875
49111.0,2.0,24,27,2,29.369818122067784,-3.344140617459388,0.8513997106635237,0,1118.2860107421875
49111.0,2.0,24,28,1,30.758623737176958,-3.2372010606731254,0.613407053921902,0,1118.2860107421875
49111.0,2.0,24,29,4,25.19219723536067,-3.591517749282187,0.682842712474619,0,1118.2860107421875
49111.0,2.0,24,30,4,26.200040315225372,-3.4006032804093236,0.848528137423857,0,1118.2860107421875
49111.0,2.0,24,33,4,24.740519790207514,-3.274036506055179,0.6466890965784271,0,1118.2860107421875
49111.0,2.0,24,35,1,27.12883581256427,0.5987970443462718,0.613407053921902,0,1118.2860107421875
49111.0,2.0,24,36,2,25.914643745740623,0.7226804267880715,0.8513997106635237,0,1118.2860107421875
49111.0,2.0,24,37,4,21.174609121369272,0.6547379745082158,0.682842712474619,0,1118.2860107421875
49111.0,2.0,24,38,1,30.737167232758008,0.7694665490157591,0.682842712474619,0,1118.2860107421875
49111.0,2.0,24,39,4,22.86291461018389,0.7960382677821545,0.848528137423857,0,1118.2860107421875
49111.0,2.0,24,40,2,27.76540209502536,0.8350425310645062,0.848528137423857,0,1118.2860107421875
49111.0,2.0,24,41,5,16.50344467553216,0.8652579762728694,0.613407053921902,1,1118.2860107421875
49111.0,2.0,24,42,5,19.971403768299968,0.8912850810155808,0.8513997106635237,0,1118.2860107421875
49111.0,2.0,24,43,2,24.94116391635212,0.9158876514682794,0.848528137423857,0,1118.2860107421875
49111.0,2.0,24,44,2,29.921001763447425,0.9323082374237166,0.8513997106635237,0,1118.2860107421875
49111.0,2.0,24,45,1,33.41047184411407,0.9408886191647854,0.613407053921902,0,1118.2860107421875
49111.0,2.0,24,46,4,22.320523325098165,-5.266670918766927,0.848528137423857,0,1118.2860107421875
49111.0,2.0,24,47,4,27.320513365091262,-5.267075059841793,0.848528137423857,0,1118.2860107421875
49111.0,2.0,24,48,5,19.983740028086775,-5.140962432339037,0.682842712474619,0,1118.2860107421875
49111.0,2.0,24,49,5,24.951043155267808,-5.166528917794124,0.8513997106635237,0,1118.2860107421875
49111.0,2.0,24,50,4,29.929237269965892,-5.183598619435444,0.682842712474619,0,1118.2860107421875
49111.0,2.0,24,51,5,25.54700730926463,-5.029818079273913,0.613407053921902,0,1118.2860107421875
49111.0,2.0,24,52,1,43.767647465471214,-4.3010589656551215,0.613407053921902,0,1118.2860107421875
49111.0,2.0,24,53,2,40.933017684238536,-4.349567862326739,0.8513997106635237,0,1118.2860107421875
49111.0,2.0,24,54,4,38.10914913393247,-4.24504783132001,0.682842712474619,0,1118.2860107421875
49111.0,2.0,24,55,1,44.14427058819823,-4.43975660464179,0.682842712474619,0,1118.2860107421875
49111.0,2.0,24,56,4,37.43211380230082,-4.336956946051845,0.848528137423857,0,1118.2860107421875
49111.0,2.0,24,57,2,40.612409836579246,-4.435951356625289,0.848528137423857,0,1118.2860107421875
49111.0,2.0,24,58,5,32.02063503993166,-4.232902631818154,0.613407053921902,0,1118.2860107421875
49111.0,2.0,24,59,5,33.938390513968315,-4.321746764523491,0.8513997106635237,0,1118.2860107421875
49111.0,2.0,24,60,2,37.081249165912595,-4.43142130246003,0.848528137423857,0,1118.2860107421875
49111.0,2.0,24,61,2,40.59832174770741,-4.5230488024474464,0.8513997106635237,0,1118.2860107421875
49111.0,2.0,24,62,1,43.23444241630147,-4.578010378760413,0.613407053921902,0,1118.2860107421875
49111.0,2.0,24,63,4,33.55100962228571,-4.425937809976206,0.848528137423857,0,1118.2860107421875
49111.0,2.0,24,64,4,37.06581896708323,-4.526822010562727,0.848528137423857,0,1118.2860107421875
49111.0,2.0,24,65,5,30.022016148901844,-4.419164937506908,0.682842712474619,0,1118.2860107421875
49111.0,2.0,24,66,5,33.5339550705073,-4.531390099416024,0.8513997106635237,0,1118.2860107421875
49111.0,2.0,24,67,4,37.3862385336728,-4.621442118386421,0.682842712474619,0,1118.2860107421875
49111.0,2.0,24,68,5,31.287874883846268,-4.614282486435693,0.613407053921902,0,1118.2860107421875
49111.0,2.0,25,1,1,20.224820983148383,2.7322700232008184,0.613407053921902,0,1119.7550048828125
49111.0,2.0,25,2,2,19.475350014962668,2.5597938876981985,0.8513997106635237,0,1119.7550048828125
49111.0,2.0,25,3,4,14.530924909073025,2.6039891018601677,0.6466890965784271,0,1119.7550048828125
49111.0,2.0,25,4,1,24.44239631659494,2.5335255083813535,0.682842712474619,0,1119.7550048828125
49111.0,2.0,25,5,4,16.814147959548084,2.4310758433823247,0.848528137423857,0,1119.7550048828125
49111.0,2.0,25,6,2,21.814147957180506,2.4310678091303735,0.848528137423857,0,1119.7550048828125
49111.0,2.0,25,9,2,19.475198702401755,2.302347719199799,0.848528137423857,0,1119.7550048828125
49111.0,2.0,25,10,2,24.442275753092602,2.3286040467213045,0.8513997106635237,0,1119.7550048828125
49111.0,2.0,25,11,1,27.926222079521423,2.3414203778484275,0.613407053921902,0,1119.7550048828125
49111.0,2.0,25,13,4,22.37970413992301,2.205749418898342,0.848528137423857,0,1119.7550048828125
49111.0,2.0,25,16,4,25.444428668825385,2.131860672482413,0.6466890965784271,0,1119.7550048828125
49111.0,2.0,25,18,1,45.320944197490086,1.3004924833858504,0.613407053921902,0,1119.7550048828125
49111.0,2.0,25,19,2,42.18106338805487,1.3358610675080478,0.8513997106635237,0,1119.7550048828125
49111.0,2.0,25,20,4,40.13851802265395,1.2248906286433134,0.682842712474619,0,1119.7550048828125
49111.0,2.0,25,21,1,44.69209760169342,1.4354852602991373,0.682842712474619,0,1119.7550048828125
49111.0,2.0,25,22,4,38.828782052166495,1.3080994937487285,0.848528137423857,0,1119.7550048828125
49111.0,2.0,25,23,2,41.24094803889497,1.4176001109894703,0.848528137423857,0,1119.7550048828125
49111.0,2.0,25,24,5,34.25138664518066,1.1814690700180752,0.6034068236642477,0,1119.7550048828125
49111.0,2.0,25,25,5,35.51206165181333,1.2751226831628177,0.8513997106635237,0,1119.7550048828125
49111.0,2.0,25,26,2,37.805396470006485,1.3964565215582783,0.848528137423857,0,1119.7550048828125
49111.0,2.0,25,27,2,40.58804604494489,1.50255487717219,0.8513997106635237,0,1119.7550048828125
49111.0,2.0,25,28,1,42.77661180354397,1.568116571878074,0.613407053921902,0,1119.7550048828125
49111.0,2.0,25,29,4,34.39011790270459,1.3711001053126999,0.765685424949238,0,1119.7550048828125
49111.0,2.0,25,30,4,37.092070430944,1.488962144258771,0.848528137423857,0,1119.7550048828125
49111.0,2.0,25,33,4,36.70688457842536,1.5842444297377607,0.6466890965784271,0,1119.7550048828125
49111.0,2.0,25,35,1,12.25538685016814,5.060969556941958,0.613407053921902,0,1119.7550048828125
49111.0,2.0,25,36,2,10.974533304527414,5.342760488973769,0.8513997106635237,0,1119.7550048828125
49111.0,2.0,25,37,4,6.211429847013399,5.158301270012657,0.682842712474619,0,1119.7550048828125
49111.0,2.0,25,38,1,15.883919596875133,5.414546813008129,0.682842712474619,0,1119.7550048828125
49111.0,2.0,25,39,4,8.185852071998214,5.572561446197453,0.848528137423857,0,1119.7550048828125
49111.0,2.0,25,40,2,13.185852063952861,5.572588747695338,0.848528137423857,0,1119.7550048828125
49111.0,2.0,25,42,5,6.210955404532664,-0.2963934131118302,0.765685424949238,1,1119.7550048828125
49111.0,2.0,25,43,2,10.974264783797866,-0.4807834905874513,0.848528137423857,0,1119.7550048828125
49111.0,2.0,25,44,2,15.883734071455569,-0.5525385156059368,0.8513997106635237,0,1119.7550048828125
49111.0,2.0,25,45,1,19.347970756856835,-0.5810077831984479,0.613407053921902,0,1119.7550048828125
49111.0,2.0,25,46,4,9.591781921903879,-0.16227418831473095,0.848528137423857,0,1119.7550048828125
49111.0,2.0,25,47,4,14.101801336892198,-0.34814815237323726,0.848528137423857,0,1119.7550048828125
49111.0,2.0,25,48,5,9.411167479639182,0.2115330048240125,0.682842712474619,0,1119.7550048828125
49111.0,2.0,25,49,5,13.054830287584386,-0.09861387080585082,0.8513997106635237,0,1119.7550048828125
49111.0,2.0,25,50,4,17.38640602152852,-0.2645769974146819,0.682842712474619,0,1119.7550048828125
49111.0,2.0,25,51,5,15.335399187583539,0.0893048176293103,0.613407053921902,0,1119.7550048828125
49111.0,2.0,25,52,1,42.369081958414974,0.6052823760105364,0.613407053921902,0,1119.7550048828125
49111.0,2.0,25,53,2,38.99222014189469,0.5826418096276236,0.8513997106635237,0,1119.7550048828125
49111.0,2.0,25,54,4,37.92802013137735,0.7097655529198748,0.682842712474619,0,1119.7550048828125
49111.0,2.0,25,55,1,40.647899725592104,0.4640658728102349,0.682842712474619,0,1119.7550048828125
49111.0,2.0,25,56,4,35.94394132804178,0.6304890093226498,0.848528137423857,0,1119.7550048828125
49111.0,2.0,25,57,2,37.40087483871898,0.49994483228680986,0.848528137423857,0,1119.7550048828125
49111.0,2.0,25,58,5,32.572835928699426,0.7930874021545684,0.613407053921902,0,1119.7550048828125
49111.0,2.0,25,59,5,32.99303873233627,0.6870449194365662,0.8513997106635237,0,1119.7550048828125
49111.0,2.0,25,60,2,34.2110965229303,0.5425781709817175,0.848528137423857,0,1119.7550048828125
49111.0,2.0,25,61,2,36.08680708803518,0.4105726585776157,0.8513997106635237,0,1119.7550048828125
49111.0,2.0,25,62,1,37.740013383205564,0.3269547628574192,0.613407053921902,0,1119.7550048828125
49111.0,2.0,25,63,4,31.096186452698426,0.5938622770739201,0.848528137423857,0,1119.7550048828125
49111.0,2.0,25,64,4,32.76936576146688,0.44612552751398726,0.848528137423857,0,1119.7550048828125
49111.0,2.0,25,65,5,28.081070109607943,0.6563548574052771,0.682842712474619,0,1119.7550048828125
49111.0,2.0,25,66,5,29.5026273238254,0.48961737372884184,0.8513997106635237,0,1119.7550048828125
49111.0,2.0,25,67,4,31.65854607394884,0.3418689139558202,0.682842712474619,0,1119.7550048828125
49111.0,2.0,25,68,5,26.270880164235493,0.44134367518531126,0.613407053921902,0,1119.7550048828125
49111.0,2.0,26,1,1,23.47093545557257,2.728883696230823,0.613407053921902,0,1120.116943359375
49111.0,2.0,26,2,2,22.434607630107827,2.5830680734799127,0.8513997106635237,0,1120.116943359375
49111.0,2.0,26,3,4,17.59870227739634,2.6470163462747536,0.6466890965784271,0,1120.116943359375
49111.0,2.0,26,4,1,27.329634413679035,2.5419055255159195,0.682842712474619,0,1120.116943359375
49111.0,2.0,26,5,4,19.52644666879417,2.4869673495065117,0.848528137423857,0,1120.116943359375
49111.0,2.0,26,6,2,24.492435917599536,2.4603445608202024,0.848528137423857,0,1120.116943359375
49111.0,2.0,26,9,2,21.859778525183884,2.35831109643512,0.848528137423857,0,1120.116943359375
49111.0,2.0,26,10,2,26.85976944872289,2.3579179230972773,0.8513997106635237,0,1120.116943359375
49111.0,2.0,26,11,1,30.359764874031345,2.3577197569596144,0.613407053921902,0,1120.116943359375
49111.0,2.0,26,13,4,24.483008696459635,2.2558045986301614,0.848528137423857,0,1120.116943359375
49111.0,2.0,26,16,4,27.31273535352594,2.173815179639048,0.6466890965784271,0,1120.116943359375
49111.0,2.0,26,18,1,44.23284762594103,1.3023132876115335,0.613407053921902,0,1120.116943359375
49111.0,2.0,26,19,2,41.22642357448046,1.3442814321811494,0.8513997106635237,0,1120.116943359375
49111.0,2.0,26,20,4,38.807482565531366,1.2348250277120456,0.682842712474619,0,1120.116943359375
49111.0,2.0,26,21,1,44.08191577518989,1.4405978536327557,0.682842712474619,0,1120.116943359375
49111.0,2.0,26,22,4,37.78955150675449,1.3232678435711844,0.848528137423857,0,1120.116943359375
49111.0,2.0,26,23,2,40.578904627282725,1.4292853936197885,0.848528137423857,0,1120.116943359375
49111.0,2.0,26,24,5,32.79808374056178,1.2049341652221663,0.613407053921902,0,1120.116943359375
49111.0,2.0,26,25,5,34.37269854726019,1.2980634485393605,0.8513997106635237,0,1120.116943359375
49111.0,2.0,26,26,2,37.082067136141156,1.415837402642092,0.848528137423857,0,1120.116943359375
49111.0,2.0,26,27,2,40.23278514790813,1.5163939789721523,0.8513997106635237,0,1120.116943359375
49111.0,2.0,26,28,1,42.64909271163523,1.577530550869948,0.613407053921902,0,1120.116943359375
49111.0,2.0,26,29,4,33.593331264232376,1.3995927411112188,0.848528137423857,0,1120.116943359375
49111.0,2.0,26,30,4,36.70298629671582,1.511155625010184,0.848528137423857,0,1120.116943359375
49111.0,2.0,26,31,5,30.11551274289755,1.3795897840908915,0.6466890965784271,0,1120.116943359375
49111.0,2.0,26,33,4,36.66249722951969,1.607568053378484,0.6466890965784271,0,1120.116943359375
49111.0,2.0,26,35,1,11.802585528133712,4.688073132134059,0.613407053921902,0,1120.116943359375
49111.0,2.0,26,36,2,9.577464878878445,4.942866665278888,0.8513997106635237,0,1120.116943359375
49111.0,2.0,26,37,4,5.943494861998883,4.4836561976638665,0.6466890965784271,0,1120.116943359375
49111.0,2.0,26,38,1,14.075884904250001,5.131133673308485,0.682842712474619,0,1120.116943359375
49111.0,2.0,26,39,4,6.188346400047248,5.073751658157141,0.848528137423857,0,1120.116943359375
49111.0,2.0,26,40,2,10.940673356723556,5.262912767208432,0.848528137423857,0,1120.116943359375
49111.0,2.0,26,43,2,8.140401166978709,5.492119869578483,0.848528137423857,0,1120.116943359375
49111.0,2.0,26,44,2,13.140351345793281,5.494278009697153,0.8513997106635237,0,1120.116943359375
49111.0,2.0,26,45,1,16.640334285193052,5.495017038120549,0.613407053921902,0,1120.116943359375
49111.0,2.0,26,46,4,6.150929102190657,-0.37503696612387083,0.848528137423857,0,1120.116943359375
49111.0,2.0,26,47,4,10.91955269925096,-0.5587391292977473,0.848528137423857,0,1120.116943359375
49111.0,2.0,26,48,5,5.865298498883378,0.22042352161994616,0.6466890965784271,1,1120.116943359375
49111.0,2.0,26,49,5,9.529135785187792,-0.2387049853642753,0.8513997106635237,0,1120.116943359375
49111.0,2.0,26,50,4,14.043045650573438,-0.4248741991081686,0.682842712474619,0,1120.116943359375
49111.0,2.0,26,51,5,11.735895243643977,0.01889809166636569,0.613407053921902,0,1120.116943359375
49111.0,2.0,26,52,1,39.305992203339365,0.5767929198008404,0.613407053921902,0,1120.116943359375
49111.0,2.0,26,53,2,35.889193564800756,0.5565946609519348,0.8513997106635237,0,1120.116943359375
49111.0,2.0,26,54,4,35.09460802459821,0.6958026859893989,0.682842712474619,0,1120.116943359375
49111.0,2.0,26,55,1,37.34216004817181,0.4258149653752159,0.682842712474619,0,1120.116943359375
49111.0,2.0,26,56,4,32.94030532249763,0.6133277142542111,0.848528137423857,0,1120.116943359375
49111.0,2.0,26,57,2,34.153571073475,0.4685873459327152,0.848528137423857,0,1120.116943359375
49111.0,2.0,26,58,5,29.955989770243193,0.7974115566712223,0.613407053921902,0,1120.116943359375
49111.0,2.0,26,59,5,30.117988225427588,0.6809472074795344,0.8513997106635237,0,1120.116943359375
49111.0,2.0,26,60,2,31.040230622186712,0.5200505958067312,0.848528137423857,0,1120.116943359375
49111.0,2.0,26,61,2,32.709304783349964,0.3719987435701324,0.8513997106635237,0,1120.116943359375
49111.0,2.0,26,62,1,34.26558785490424,0.27832319380092807,0.613407053921902,0,1120.116943359375
49111.0,2.0,26,63,4,28.027226353782623,0.5827764112352334,0.848528137423857,0,1120.116943359375
49111.0,2.0,26,64,4,29.443643107090367,0.4156578451249182,0.848528137423857,0,1120.116943359375
49111.0,2.0,26,65,5,25.150644466768572,0.660217505700003,0.682842712474619,0,1120.116943359375
49111.0,2.0,26,66,5,26.24800219874533,0.4700737967316111,0.8513997106635237,0,1120.116943359375
49111.0,2.0,26,67,4,28.20213328379402,0.30071526441359486,0.682842712474619,0,1120.116943359375
49111.0,2.0,26,68,5,22.946259195522497,0.4227520442527204,0.613407053921902,0,1120.116943359375
49111.0,2.0,27,1,1,25.464313747045946,2.7629077386610614,0.613407053921902,0,1120.363037109375
49111.0,2.0,27,2,2,24.29334552219827,2.6301987767566395,0.8513997106635237,0,1120.363037109375
49111.0,2.0,27,3,4,19.52679810598744,2.6995409910361494,0.6466890965784271,0,1120.363037109375
49111.0,2.0,27,4,1,29.13824684242047,2.5837500939026894,0.682842712474619,0,1120.363037109375
49111.0,2.0,27,5,4,21.280593082262115,2.548801796484427,0.848528137423857,0,1120.363037109375
49111.0,2.0,27,6,2,26.20561837319887,2.512271072062121,0.848528137423857,0,1120.363037109375
49111.0,2.0,27,9,2,23.439953916201496,2.4233739811712915,0.848528137423857,0,1120.363037109375
49111.0,2.0,27,10,2,28.43065655208416,2.4115678219134575,0.8513997106635237,0,1120.363037109375
49111.0,2.0,27,11,1,31.92587957527258,2.4055002751059926,0.613407053921902,0,1120.363037109375
49111.0,2.0,27,13,4,25.9036529712409,2.320419621905238,0.848528137423857,0,1120.363037109375
49111.0,2.0,27,16,4,28.593129155713356,2.2360691658971183,0.6466890965784271,0,1120.363037109375
49111.0,2.0,27,18,1,43.709500365203695,1.3499726746365828,0.613407053921902,0,1120.363037109375
49111.0,2.0,27,19,2,40.79565001471143,1.3958932134418847,0.8513997106635237,0,1120.363037109375
49111.0,2.0,27,20,4,38.14989210645174,1.2882982969785617,0.682842712474619,0,1120.363037109375
49111.0,2.0,27,21,1,43.85380089013654,1.489449567505009,0.682842712474619,0,1120.363037109375
49111.0,2.0,27,22,4,37.319127300380394,1.3794069532664672,0.848528137423857,0,1120.363037109375
49111.0,2.0,27,23,2,40.33098132764579,1.48232634395516,0.848528137423857,0,1120.363037109375
49111.0,2.0,27,24,5,32.088781686579004,1.2678282991171523,0.613407053921902,0,1120.363037109375
49111.0,2.0,27,25,5,33.854829268527844,1.3595403200550749,0.8513997106635237,0,1120.363037109375
49111.0,2.0,27,26,2,36.81059979394638,1.473840159631742,0.848528137423857,0,1120.363037109375
49111.0,2.0,27,27,2,40.173262869463336,1.5701019689939466,0.8513997106635237,0,1120.363037109375
49111.0,2.0,27,28,1,42.718270145819844,1.628109443000116,0.613407053921902,0,1120.363037109375
49111.0,2.0,27,29,4,33.293429675076396,1.463560111431943,0.848528137423857,0,1120.363037109375
49111.0,2.0,27,30,4,36.63772989580787,1.570035044947847,0.848528137423857,0,1120.363037109375
49111.0,2.0,27,31,5,29.780608822998065,1.450853243659047,0.6466890965784271,0,1120.363037109375
49111.0,2.0,27,33,4,36.80524754224949,1.6662439623272647,0.6466890965784271,0,1120.363037109375
49111.0,2.0,27,35,1,12.050166815214512,4.507897123151505,0.613407053921902,0,1120.363037109375
49111.0,2.0,27,36,2,9.32426309835874,4.715376126301302,0.8513997106635237,0,1120.363037109375
49111.0,2.0,27,37,4,6.768506091917961,4.167602854757233,0.6466890965784271,0,1120.363037109375
49111.0,2.0,27,38,1,13.344328006254138,4.98270250594041,0.682842712474619,0,1120.363037109375
49111.0,2.0,27,39,4,5.788754614616357,4.7172010656443115,0.848528137423857,0,1120.363037109375
49111.0,2.0,27,40,2,9.981928050197824,5.077425940185333,0.848528137423857,0,1120.363037109375
49111.0,2.0,27,43,2,6.797549945396046,5.264184118439734,0.848528137423857,0,1120.363037109375
49111.0,2.0,27,44,2,11.719039758923842,5.363109180963728,0.8513997106635237,0,1120.363037109375
49111.0,2.0,27,45,1,15.194615434389794,5.394042587794178,0.613407053921902,0,1120.363037109375
49111.0,2.0,27,46,4,4.215979473500959,-0.5638362353744992,0.765685424949238,1,1120.363037109375
49111.0,2.0,27,47,4,9.159895770807953,-0.6840804608560735,0.848528137423857,0,1120.363037109375
49111.0,2.0,27,49,5,7.447918379849034,-0.3073375993947467,0.8513997106635237,0,1120.363037109375
49111.0,2.0,27,50,4,12.107877427690497,-0.4984826876315731,0.682842712474619,0,1120.363037109375
49111.0,2.0,27,51,5,9.576369366613347,0.02315405812992033,0.6034068236642477,0,1120.363037109375
49111.0,2.0,27,52,1,37.513939647046485,0.6081923286851114,0.613407053921902,0,1120.363037109375
49111.0,2.0,27,53,2,34.07433500142488,0.5900845560492358,0.8513997106635237,0,1120.363037109375
49111.0,2.0,27,54,4,33.46537162767275,0.7371819328934364,0.682842712474619,0,1120.363037109375
49111.0,2.0,27,55,1,35.38628990725663,0.4510256453751109,0.682842712474619,0,1120.363037109375
49111.0,2.0,27,56,4,31.198770817412292,0.6531828807199085,0.848528137423857,0,1120.363037109375
49111.0,2.0,27,57,2,32.241161705628734,0.4988430885766657,0.848528137423857,0,1120.363037109375
49111.0,2.0,27,58,5,28.489047894195174,0.8516846154047277,0.613407053921902,0,1120.363037109375
49111.0,2.0,27,59,5,28.472202149561692,0.72871801364661,0.8513997106635237,0,1120.363037109375
49111.0,2.0,27,60,2,29.18553585008487,0.5568302177939817,0.848528137423857,0,1120.363037109375
49111.0,2.0,27,61,2,30.707079158846636,0.397563691237536,0.8513997106635237,0,1120.363037109375
49111.0,2.0,27,62,1,32.19417891165159,0.2967519433565342,0.613407053921902,0,1120.363037109375
49111.0,2.0,27,63,4,26.25068565932474,0.6280705016080548,0.848528137423857,0,1120.363037109375
49111.0,2.0,27,64,4,27.481406535979225,0.44739496183999705,0.848528137423857,0,1120.363037109375
49111.0,2.0,27,65,5,23.48193970507475,0.7166554798980402,0.682842712474619,0,1120.363037109375
49111.0,2.0,27,66,5,24.341953494406525,0.5102719154434252,0.8513997106635237,0,1120.363037109375
49111.0,2.0,27,67,4,26.146890972636385,0.32518142203806377,0.682842712474619,0,1120.363037109375
49111.0,2.0,27,68,5,20.995126526671196,0.46496797164840187,0.613407053921902,0,1120.363037109375
49111.0,2.0,28,1,1,26.35868744321056,2.7763742763378785,0.613407053921902,0,1120.5
49111.0,2.0,28,2,2,25.134916381628543,2.648893148316184,0.8513997106635237,0,1120.5
49111.0,2.0,28,3,4,20.398652246786693,2.719676639472188,0.6466890965784271,0,1120.5
49111.0,2.0,28,4,1,29.9570197038621,2.6007161048903455,0.682842712474619,0,1120.5
49111.0,2.0,28,5,4,22.083315328875216,2.573092319771156,0.848528137423857,0,1120.5
49111.0,2.0,28,6,2,26.987623532661377,2.533211530108035,0.848528137423857,0,1120.5
49111.0,2.0,28,9,2,24.171069863449038,2.4495138869556397,0.848528137423857,0,1120.5
49111.0,2.0,28,10,2,29.153038029849604,2.4335314569304187,0.8513997106635237,0,1120.5
49111.0,2.0,28,11,1,32.643696665484185,2.4252477663346794,0.613407053921902,0,1120.5
49111.0,2.0,28,13,4,26.567055176909115,2.346872997588454,0.848528137423857,0,1120.5
49111.0,2.0,28,16,4,29.195482924626074,2.261943214689702,0.6466890965784271,0,1120.5
49111.0,2.0,28,18,1,43.50931410574355,1.371504309121849,0.613407053921902,0,1120.5
49111.0,2.0,28,19,2,40.63959640756367,1.4191587010091387,0.8513997106635237,0,1120.5
49111.0,2.0,28,20,4,37.8935058835091,1.3126321666618912,0.682842712474619,0,1120.5
49111.0,2.0,28,21,1,43.786251314719614,1.511304998563714,0.682842712474619,0,1120.5
49111.0,2.0,28,22,4,37.14847229349361,1.4047815661784677,0.848528137423857,0,1120.5
49111.0,2.0,28,23,2,40.257521058388406,1.506083291178352,0.848528137423857,0,1120.5
49111.0,2.0,28,24,5,31.81556043342593,1.2966334293706345,0.613407053921902,0,1120.5
49111.0,2.0,28,25,5,33.66661835277288,1.3874263880145579,0.8513997106635237,0,1120.5
49111.0,2.0,28,26,2,36.730099364654414,1.4998584392617058,0.848528137423857,0,1120.5
49111.0,2.0,28,27,2,40.184066585694254,1.5939957975433061,0.8513997106635237,0,1120.5
49111.0,2.0,28,28,1,42.78399832860173,1.650514266521615,0.613407053921902,0,1120.5
49111.0,2.0,28,29,4,33.20440327589381,1.49231131168293,0.848528137423857,0,1120.5
49111.0,2.0,28,30,4,36.64957578109616,1.5962335517828388,0.848528137423857,0,1120.5
49111.0,2.0,28,31,5,29.68104773216384,1.4829717443323693,0.6466890965784271,0,1120.5
49111.0,2.0,28,33,4,36.90911283858275,1.6921397918636258,0.6466890965784271,0,1120.5
49111.0,2.0,28,35,1,12.281138203445467,4.43128392210569,0.613407053921902,0,1120.5
49111.0,2.0,28,36,2,9.37069759168017,4.612751276930354,0.8513997106635237,0,1120.5
49111.0,2.0,28,37,4,7.3122487225779995,4.055085982735665,0.6466890965784271,0,1120.5
49111.0,2.0,28,38,1,13.120631285444976,4.912135366152553,0.682842712474619,0,1120.5
49111.0,2.0,28,39,4,5.863256414648755,4.552732820594798,0.848528137423857,0,1120.5
49111.0,2.0,28,40,2,9.680845405118125,4.9846637768199695,0.848528137423857,0,1120.5
49111.0,2.0,28,43,2,6.347170250355346,5.135026312357275,0.848528137423857,0,1120.5
49111.0,2.0,28,44,2,11.163671535873531,5.294637148534379,0.8513997106635237,0,1120.5
49111.0,2.0,28,45,1,14.608773273022852,5.342993165530459,0.613407053921902,0,1120.5
49111.0,2.0,28,47,4,8.437734565040081,-0.7560418021266972,0.848528137423857,0,1120.5
49111.0,2.0,28,49,5,6.539355244920661,-0.351761643471201,0.7685569981889047,1,1120.5
49111.0,2.0,28,50,4,11.2740480304613,-0.5392024773898463,0.682842712474619,0,1120.5
49111.0,2.0,28,51,5,8.61665740306902,0.025735185125650872,0.6034068236642477,0,1120.5
49111.0,2.0,28,52,1,36.73018330740423,0.6231284560809449,0.613407053921902,0,1120.5
49111.0,2.0,28,53,2,33.28096675297945,0.6061372301634131,0.8513997106635237,0,1120.5
49111.0,2.0,28,54,4,32.7609791678919,0.7568824468457982,0.682842712474619,0,1120.5
49111.0,2.0,28,55,1,34.52482787772881,0.4631478592921101,0.682842712474619,0,1120.5
49111.0,2.0,28,56,4,30.441976834789287,0.6723502038566316,0.848528137423857,0,1120.5
49111.0,2.0,28,57,2,31.401511835956633,0.5134710078012588,0.848528137423857,0,1120.5
49111.0,2.0,28,58,5,27.86604501584424,0.877609318429708,0.613407053921902,0,1120.5
49111.0,2.0,28,59,5,27.76337802225751,0.7517475026078748,0.8513997106635237,0,1120.5
49111.0,2.0,28,60,2,28.37509737746548,0.5747131198620989,0.848528137423857,0,1120.5
49111.0,2.0,28,61,2,29.824271041460936,0.41002812237515585,0.8513997106635237,0,1120.5
49111.0,2.0,28,62,1,31.277401387203493,0.30572877525320763,0.613407053921902,0,1120.5
49111.0,2.0,28,63,4,25.48013651410785,0.6502119321056086,0.848528137423857,0,1120.5
49111.0,2.0,28,64,4,26.61913501133065,0.4629992285592559,0.848528137423857,0,1120.5
49111.0,2.0,28,65,5,22.76683031022316,0.7443583935199203,0.682842712474619,0,1120.5
49111.0,2.0,28,66,5,23.508924993465204,0.5302194755067966,0.8513997106635237,0,1120.5
49111.0,2.0,28,67,4,25.239067857633923,0.3373351511158851,0.682842712474619,0,1120.5
49111.0,2.0,28,68,5,20.141646818613918,0.4863427249544934,0.613407053921902,0,1120.5
49111.0,2.0,29,1,1,29.97681106580785,2.82214006863085,0.613407053921902,0,1120.8089599609375
49111.0,2.0,29,2,2,28.575965232528404,2.712496773428085,0.8513997106635237,0,1120.8089599609375
49111.0,2.0,29,3,4,23.953577807615535,2.785371191233238,0.6466890965784271,0,1120.8089599609375
49111.0,2.0,29,4,1,33.307622072970815,2.6601106755438453,0.682842712474619,0,1120.8089599609375
49111.0,2.0,29,5,4,25.403576272767562,2.654560989420092,0.848528137423857,0,1120.8089599609375
49111.0,2.0,29,6,2,30.218431240411867,2.6059026333138746,0.848528137423857,0,1120.8089599609375
49111.0,2.0,29,9,2,27.23801543995353,2.5395989852670633,0.848528137423857,0,1120.8089599609375
49111.0,2.0,29,10,2,32.16708541805315,2.511246554922608,0.8513997106635237,0,1120.8089599609375
49111.0,2.0,29,11,1,35.629197489165456,2.4960754844297606,0.613407053921902,0,1120.8089599609375
49111.0,2.0,29,13,4,29.384983967461586,2.4402688387330294,0.848528137423857,0,1120.8089599609375
49111.0,2.0,29,16,4,31.781206402979766,2.355175413745386,0.6466890965784271,0,1120.8089599609375
49111.0,2.0,29,18,1,42.91447244646031,1.459325080393689,0.613407053921902,0,1120.8089599609375
49111.0,2.0,29,19,2,40.23897809416225,1.5136326906214386,0.8513997106635237,0,1120.8089599609375
49111.0,2.0,29,20,4,37.09937275584708,1.4128743078939676,0.682842712474619,0,1120.8089599609375
49111.0,2.0,29,21,1,43.726276507926556,1.5990800755922425,0.682842712474619,0,1120.8089599609375
49111.0,2.0,29,22,4,36.70977472556378,1.5081302608049798,0.848528137423857,0,1120.8089599609375
49111.0,2.0,29,23,2,40.19228109459355,1.6015677898306304,0.848528137423857,0,1120.8089599609375
49111.0,2.0,29,24,5,30.997119758312824,1.4161723509878636,0.613407053921902,0,1120.8089599609375
49111.0,2.0,29,25,5,33.181919214246996,1.501457570259145,0.8513997106635237,0,1120.8089599609375
49111.0,2.0,29,26,2,36.65858237747328,1.604535131201743,0.848528137423857,0,1120.8089599609375
49111.0,2.0,29,27,2,40.45569874703903,1.68903061371387,0.8513997106635237,0,1120.8089599609375
49111.0,2.0,29,28,1,43.25947168587247,1.739113651362871,0.613407053921902,0,1120.8089599609375
49111.0,2.0,29,29,4,33.12527530851882,1.6081355330105243,0.848528137423857,0,1120.8089599609375
49111.0,2.0,29,30,4,36.947202376504066,1.7003185832888281,0.848528137423857,0,1120.8089599609375
49111.0,2.0,29,31,5,29.592500174948707,1.6125956420907146,0.682842712474619,0,1120.8089599609375
49111.0,2.0,29,32,5,33.44440111273514,1.7139731016561415,0.765685424949238,0,1120.8089599609375
49111.0,2.0,29,33,4,37.567803568677,1.7937770131535244,0.682842712474619,0,1120.8089599609375
49111.0,2.0,29,35,1,13.846942137672707,4.161592744825256,0.613407053921902,0,1120.8089599609375
49111.0,2.0,29,36,2,10.474463893660058,4.2393454289570425,0.8513997106635237,0,1120.8089599609375
49111.0,2.0,29,37,4,10.125526803320847,3.750159295365653,0.6466890965784271,0,1120.8089599609375
49111.0,2.0,29,38,1,12.919074838176593,4.616522509739793,0.682842712474619,0,1120.8089599609375
49111.0,2.0,29,39,4,7.5021457943988175,4.022951395507684,0.848528137423857,0,1120.8089599609375
49111.0,2.0,29,40,2,9.405864784018277,4.580535248560659,0.848528137423857,0,1120.8089599609375
49111.0,2.0,29,43,2,5.919298099949252,4.50192781721862,0.848528137423857,0,1120.8089599609375
49111.0,2.0,29,44,2,9.603446819287445,4.954121885579806,0.8513997106635237,0,1120.8089599609375
49111.0,2.0,29,45,1,12.728230881833332,5.096846075041243,0.613407053921902,0,1120.8089599609375
49111.0,2.0,29,47,4,6.228482035914512,5.090428614372332,0.848528137423857,0,1120.8089599609375
49111.0,2.0,29,50,4,8.218873824761927,-0.7814602663849137,0.6466890965784271,0,1120.8089599609375
49111.0,2.0,29,51,5,4.778951080317691,0.046411231615577364,0.43533959677349143,1,1120.8089599609375
49111.0,2.0,29,52,1,33.68650397780864,0.6896996814551917,0.613407053921902,0,1120.8089599609375
49111.0,2.0,29,53,2,30.204369931375577,0.6786271595292723,0.8513997106635237,0,1120.8089599609375
49111.0,2.0,29,54,4,30.085143545221214,0.844637210522897,0.682842712474619,0,1120.8089599609375
49111.0,2.0,29,55,1,31.136667512214668,0.5182729013827088,0.682842712474619,0,1120.8089599609375
49111.0,2.0,29,56,4,27.541751296454226,0.7592957133604097,0.848528137423857,0,1120.8089599609375
49111.0,2.0,29,57,2,28.120031388505907,0.5805975464197197,0.848528137423857,0,1120.8089599609375
49111.0,2.0,29,58,5,25.583402733602846,0.9933228854868532,0.613407053921902,0,1120.8089599609375
49111.0,2.0,29,59,5,25.095660302133737,0.8564333415971246,0.8513997106635237,0,1120.8089599609375
49111.0,2.0,29,60,2,25.238467996590256,0.6575134348010103,0.848528137423857,0,1120.8089599609375
49111.0,2.0,29,61,2,26.34707512475967,0.4681592317828829,0.8513997106635237,0,1120.8089599609375
49111.0,2.0,29,62,1,27.63964613015339,0.34755614053508754,0.613407053921902,0,1120.8089599609375
49111.0,2.0,29,63,4,22.543832157360992,0.7535071966072844,0.848528137423857,0,1120.8089599609375
49111.0,2.0,29,64,4,23.24677330629098,0.5368417304680657,0.848528137423857,0,1120.8089599609375
49111.0,2.0,29,65,5,20.111401489294984,0.8740799728214594,0.682842712474619,0,1120.8089599609375
49111.0,2.0,29,66,5,20.28932159236567,0.6260789485053206,0.8513997106635237,0,1120.8089599609375
49111.0,2.0,29,67,4,21.652821328715,0.39606370170618366,0.682842712474619,0,1120.8089599609375
49111.0,2.0,29,68,5,16.84280212384221,0.5931058147783874,0.613407053921902,0,1120.8089599609375
49111.0,2.0,30,1,1,31.11837518112526,2.8342469267202772,0.613407053921902,0,1120.9129638671875
49111.0,2.0,30,2,2,29.6713694636855,2.729319971913977,0.8513997106635237,0,1120.9129638671875
49111.0,2.0,30,3,4,25.081727689217125,2.8020528838153953,0.6466890965784271,0,1120.9129638671875
49111.0,2.0,30,4,1,34.37567843439626,2.676273333376768,0.682842712474619,0,1120.9129638671875
49111.0,2.0,30,5,4,26.46999855288806,2.6757753926439354,0.848528137423857,0,1120.9129638671875
49111.0,2.0,30,6,2,31.256326165504213,2.625496709070315,0.848528137423857,0,1120.9129638671875
49111.0,2.0,30,9,2,28.235236547685428,2.5636646365529554,0.848528137423857,0,1120.9129638671875
49111.0,2.0,30,10,2,33.14401431447673,2.532584737132212,0.8513997106635237,0,1120.9129638671875
49111.0,2.0,30,11,1,36.59485833092375,2.5158005823813667,0.613407053921902,0,1120.9129638671875
49111.0,2.0,30,13,4,30.311653574452283,2.4658115053674643,0.848528137423857,0,1120.9129638671875
49111.0,2.0,30,16,4,32.63991577702769,2.381197515179251,0.6466890965784271,0,1120.9129638671875
49111.0,2.0,30,18,1,42.79759799584044,1.487189542081793,0.613407053921902,0,1120.9129638671875
49111.0,2.0,30,19,2,40.188275681799404,1.5434437076207193,0.8513997106635237,0,1120.9129638671875
49111.0,2.0,30,20,4,36.92966829395875,1.44496555939033,0.682842712474619,0,1120.9129638671875
49111.0,2.0,30,21,1,43.7766445065265,1.626480357760823,0.682842712474619,0,1120.9129638671875
49111.0,2.0,30,22,4,36.65419133963338,1.540806129921804,0.848528137423857,0,1120.9129638671875
49111.0,2.0,30,23,2,40.24707249896496,1.6313698490014024,0.848528137423857,0,1120.9129638671875
49111.0,2.0,30,24,5,30.835110051148813,1.4546300739003757,0.613407053921902,0,1120.9129638671875
49111.0,2.0,30,25,5,33.12041641115944,1.5376056943828202,0.8513997106635237,0,1120.9129638671875
49111.0,2.0,30,26,2,36.71864764970364,1.6371991998339661,0.848528137423857,0,1120.9129638671875
49111.0,2.0,30,27,2,40.614728697820624,1.7183704205426142,0.8513997106635237,0,1120.9129638671875
49111.0,2.0,30,28,1,43.47659322646745,1.766323967127951,0.613407053921902,0,1120.9129638671875
49111.0,2.0,30,29,4,33.19173580440216,1.644267674104172,0.848528137423857,0,1120.9129638671875
49111.0,2.0,30,30,4,37.12126651508161,1.7323757129174164,0.848528137423857,0,1120.9129638671875
49111.0,2.0,30,31,5,29.666876583074547,1.6530163526191424,0.682842712474619,0,1120.9129638671875
49111.0,2.0,30,32,5,33.63659715503137,1.749286747775638,0.765685424949238,0,1120.9129638671875
49111.0,2.0,30,33,4,37.851258501460045,1.8246960450956378,0.682842712474619,0,1120.9129638671875
49111.0,2.0,30,35,1,14.511053099839055,4.091065298975046,0.613407053921902,0,1120.9129638671875
49111.0,2.0,30,36,2,11.072829539174009,4.142719433733319,0.8513997106635237,0,1120.9129638671875
49111.0,2.0,30,37,4,11.131246829447804,3.6884858714755016,0.6466890965784271,0,1120.9129638671875
49111.0,2.0,30,38,1,13.088561877804498,4.525129759819194,0.682842712474619,0,1120.9129638671875
49111.0,2.0,30,39,4,8.317169802129778,3.9113902160037863,0.848528137423857,0,1120.9129638671875
49111.0,2.0,30,40,2,9.637334255019494,4.456781408661071,0.848528137423857,0,1120.9129638671875
49111.0,2.0,30,43,2,6.280602762221724,4.31397171893241,0.848528137423857,0,1120.9129638671875
49111.0,2.0,30,44,2,9.388762915439917,4.829701518073666,0.8513997106635237,0,1120.9129638671875
49111.0,2.0,30,45,1,12.328458853409,5.006489073132987,0.613407053921902,0,1120.9129638671875
49111.0,2.0,30,47,4,5.892081855863411,4.8999939116068045,0.848528137423857,0,1120.9129638671875
49111.0,2.0,30,50,4,7.4153412689884,5.387495726343275,0.6466890965784271,0,1120.9129638671875
49111.0,2.0,30,52,1,32.76967778856914,0.7129986460655087,0.613407053921902,0,1120.9129638671875
49111.0,2.0,30,53,2,29.27994006874648,0.7043523012910569,0.8513997106635237,0,1120.9129638671875
49111.0,2.0,30,54,4,29.302081707685428,0.8752594009945054,0.682842712474619,0,1120.9129638671875
49111.0,2.0,30,55,1,30.100129376049175,0.5380193286413186,0.682842712474619,0,1120.9129638671875
49111.0,2.0,30,56,4,26.68415696419915,0.7902546310337442,0.848528137423857,0,1120.9129638671875
49111.0,2.0,30,57,2,27.124659093074897,0.6048625234477603,0.848528137423857,0,1120.9129638671875
49111.0,2.0,30,58,5,24.948578050317646,1.0336290036560671,0.613407053921902,0,1120.9129638671875
49111.0,2.0,30,59,5,24.32639667831326,0.8937064230483138,0.8513997106635237,0,1120.9129638671875
49111.0,2.0,30,60,2,24.299721672812698,0.6876944087951482,0.848528137423857,0,1120.9129638671875
49111.0,2.0,30,61,2,25.281996982075523,0.4895748019352111,0.8513997106635237,0,1120.9129638671875
49111.0,2.0,30,62,1,26.514550722566177,0.3629675579887246,0.613407053921902,0,1120.9129638671875
49111.0,2.0,30,63,4,21.684229657444494,0.7913754790585346,0.848528137423857,0,1120.9129638671875
49111.0,2.0,30,64,4,22.2240570972608,0.5644556393189484,0.848528137423857,0,1120.9129638671875
49111.0,2.0,30,65,5,19.363242453097254,0.9216240463519032,0.682842712474619,0,1120.9129638671875
49111.0,2.0,30,66,5,19.329719509680952,0.6624601418571283,0.8513997106635237,0,1120.9129638671875
49111.0,2.0,30,67,4,20.5509356076178,0.41858819812053616,0.682842712474619,0,1120.9129638671875
49111.0,2.0,30,68,5,15.861940750919622,0.6353993423876152,0.613407053921902,1,1120.9129638671875
49111.0,2.0,31,1,1,41.661059704679744,2.2751628935586323,0.613407053921902,0,1122.1280517578125
49111.0,2.0,31,2,2,39.4848096236568,2.20756452027019,0.8513997106635237,0,1122.1280517578125
49111.0,2.0,31,3,4,35.58909662381627,2.291198822057211,0.6466890965784271,0,1122.1280517578125
49111.0,2.0,31,4,1,43.606382371546374,2.139333485642236,0.682842712474619,0,1122.1280517578125
49111.0,2.0,31,5,4,35.992063489852036,2.1930176422288685,0.848528137423857,0,1122.1280517578125
49111.0,2.0,31,6,2,40.160864367872236,2.120390431893551,0.848528137423857,0,1122.1280517578125
49111.0,2.0,31,9,2,36.73245799038977,2.097901921339462,0.848528137423857,0,1122.1280517578125
49111.0,2.0,31,10,2,41.13076540173838,2.036713180473676,0.8513997106635237,0,1122.1280517578125
49111.0,2.0,31,11,1,44.28562224125119,2.0012010241284224,0.613407053921902,0,1122.1280517578125
49111.0,2.0,31,13,4,37.79045257434685,2.007325342704732,0.848528137423857,0,1122.1280517578125
49111.0,2.0,31,16,4,39.14030073379825,1.922334776816087,0.6466890965784271,0,1122.1280517578125
49111.0,2.0,31,18,1,37.53322152854161,1.008114884509076,0.613407053921902,0,1122.1280517578125
49111.0,2.0,31,19,2,35.78877509794167,1.0909280982828236,0.8513997106635237,0,1122.1280517578125
49111.0,2.0,31,20,4,31.43835285911079,1.0174385446186047,0.682842712474619,0,1122.1280517578125
49111.0,2.0,31,21,1,40.290232259545725,1.1482515731695768,0.682842712474619,0,1122.1280517578125
49111.0,2.0,31,22,4,32.43441979214119,1.1237227140533976,0.848528137423857,0,1122.1280517578125
49111.0,2.0,31,23,2,37.00618839829266,1.1821689999507923,0.848528137423857,0,1122.1280517578125
49111.0,2.0,31,24,5,25.94552517743027,1.1106302402375163,0.613407053921902,0,1122.1280517578125
49111.0,2.0,31,25,5,29.122959181625603,1.1640272215927423,0.8513997106635237,0,1122.1280517578125
49111.0,2.0,31,26,2,33.77296469088434,1.2226348568547345,0.848528137423857,0,1122.1280517578125
49111.0,2.0,31,27,2,38.51077169479743,1.2669447752186427,0.8513997106635237,0,1122.1280517578125
49111.0,2.0,31,28,1,41.863540357819396,1.291961785170604,0.613407053921902,0,1122.1280517578125
49111.0,2.0,31,29,4,30.60667097633311,1.2715678520128393,0.848528137423857,0,1122.1280517578125
49111.0,2.0,31,30,4,35.41517613637692,1.3131980581540201,0.848528137423857,0,1122.1280517578125
49111.0,2.0,31,31,5,27.530409958722053,1.331608578667681,0.682842712474619,0,1122.1280517578125
49111.0,2.0,31,32,5,32.40971868147566,1.3681664950336752,0.8513997106635237,0,1122.1280517578125
49111.0,2.0,31,33,4,37.32098950362225,1.3951312732224974,0.682842712474619,0,1122.1280517578125
49111.0,2.0,31,34,5,31.89017983193043,1.475880879901652,0.613407053921902,0,1122.1280517578125
49111.0,2.0,31,35,1,27.034155074911283,3.0769390073685683,0.613407053921902,0,1122.1280517578125
49111.0,2.0,31,36,2,23.542553725411384,3.067333693352241,0.8513997106635237,0,1122.1280517578125
49111.0,2.0,31,37,4,24.427816693903925,2.8617683940945513,0.6466890965784271,0,1122.1280517578125
49111.0,2.0,31,38,1,23.702013488241704,3.2792883057589526,0.682842712474619,0,1122.1280517578125
49111.0,2.0,31,39,4,21.4031930251561,2.9418557395259985,0.848528137423857,0,1122.1280517578125
49111.0,2.0,31,40,2,20.991195276948876,3.177489731363477,0.848528137423857,0,1122.1280517578125
49111.0,2.0,31,43,2,18.560040811194625,3.047345679503261,0.848528137423857,0,1122.1280517578125
49111.0,2.0,31,44,2,18.761895490491366,3.315876179708412,0.8513997106635237,0,1122.1280517578125
49111.0,2.0,31,45,1,19.673135175516823,3.4919977520711596,0.613407053921902,0,1122.1280517578125
49111.0,2.0,31,47,4,15.995423037679542,3.1887086036489594,0.848528137423857,0,1122.1280517578125
49111.0,2.0,31,50,4,13.864775562390069,3.378450497621004,0.6466890965784271,0,1122.1280517578125
49111.0,2.0,31,52,1,20.09836717765999,0.08701429795204652,0.613407053921902,0,1122.1280517578125
49111.0,2.0,31,53,2,16.614393395743054,0.10532269225484847,0.8513997106635237,0,1122.1280517578125
49111.0,2.0,31,54,4,17.84669326305577,0.3876707209619612,0.682842712474619,0,1122.1280517578125
49111.0,2.0,31,55,1,16.8395865564277,-0.19441968605442228,0.682842712474619,0,1122.1280517578125
49111.0,2.0,31,56,4,14.651266998706664,0.29406793178433843,0.848528137423857,0,1122.1280517578125
49111.0,2.0,31,57,2,14.042550770793072,-0.05367419429530362,0.848528137423857,0,1122.1280517578125
49111.0,2.0,31,58,5,15.419392212024263,0.7268638582384191,0.613407053921902,0,1122.1280517578125
49111.0,2.0,31,59,5,13.35219762534511,0.5297099448879552,0.8513997106635237,0,1122.1280517578125
49111.0,2.0,31,60,2,11.653960224283493,0.15044201392761591,0.848528137423857,0,1122.1280517578125
49111.0,2.0,31,61,2,11.972819066205414,-0.27518905433216445,0.8513997106635237,0,1122.1280517578125
49111.0,2.0,31,62,1,13.355595143239743,-0.5301442452872731,0.613407053921902,0,1122.1280517578125
49111.0,2.0,31,63,4,9.97177745780873,0.43991861097252793,0.848528137423857,0,1122.1280517578125
49111.0,2.0,31,64,4,9.05372592643341,-0.08330634714693597,0.848528137423857,0,1122.1280517578125
49111.0,2.0,31,65,5,9.383917221871844,0.8023015127804097,0.682842712474619,0,1122.1280517578125
49111.0,2.0,31,66,5,6.752148540268729,0.261654438903576,0.765685424949238,1,1122.1280517578125
49111.0,2.0,31,67,4,7.288697921629301,-0.46269004471470243,0.682842712474619,0,1122.1280517578125
49111.0,2.0,32,1,1,43.56201246350242,1.8934924241667104,0.613407053921902,0,1122.4339599609375
49111.0,2.0,32,2,2,41.17466808349435,1.8330506517427902,0.8513997106635237,0,1122.4339599609375
49111.0,2.0,32,3,4,37.5605483893767,1.9209381455303443,0.6466890965784271,0,1122.4339599609375
49111.0,2.0,32,4,1,45.05454237101014,1.7598104522417544,0.682842712474619,0,1122.4339599609375
49111.0,2.0,32,5,4,37.64740574332195,1.8269116140009523,0.848528137423857,0,1122.4339599609375
49111.0,2.0,32,6,2,41.555813741010176,1.748051147615071,0.848528137423857,0,1122.4339599609375
49111.0,2.0,32,9,2,38.06388738809939,1.7341320494303025,0.848528137423857,0,1122.4339599609375
49111.0,2.0,32,10,2,42.23053420890069,1.6651817791962338,0.8513997106635237,0,1122.4339599609375
49111.0,2.0,32,11,1,45.247750961807874,1.6246005504414083,0.613407053921902,0,1122.4339599609375
49111.0,2.0,32,13,4,38.79937998197282,1.6441147394758233,0.848528137423857,0,1122.4339599609375
49111.0,2.0,32,16,4,39.83621782846754,1.5581124741499701,0.6466890965784271,0,1122.4339599609375
49111.0,2.0,32,17,5,33.831495921958336,1.5283551488947098,0.43533959677349143,0,1122.4339599609375
49111.0,2.0,32,18,1,35.008677555220274,0.6271232163819591,0.613407053921902,0,1122.4339599609375
49111.0,2.0,32,19,2,33.51720665941295,0.7195901179938067,0.8513997106635237,0,1122.4339599609375
49111.0,2.0,32,20,4,28.962814880024624,0.6533527262833978,0.682842712474619,0,1122.4339599609375
49111.0,2.0,32,21,1,38.18326385636795,0.7698169681025204,0.682842712474619,0,1122.4339599609375
49111.0,2.0,32,22,4,30.27987414700058,0.7642036046023026,0.848528137423857,0,1122.4339599609375
49111.0,2.0,32,23,2,35.0204122596153,0.8130276474805969,0.848528137423857,0,1122.4339599609375
49111.0,2.0,32,24,5,23.788599516027393,0.7767482722871446,0.613407053921902,0,1122.4339599609375
49111.0,2.0,32,25,5,27.117124008024753,0.8193562660695288,0.8513997106635237,0,1122.4339599609375
49111.0,2.0,32,26,2,31.93582488275216,0.8646983200731446,0.848528137423857,0,1122.4339599609375
49111.0,2.0,32,27,2,36.80292661483638,0.8981020072395456,0.8513997106635237,0,1122.4339599609375
49111.0,2.0,32,28,1,40.22929722167274,0.9166617650985155,0.613407053921902,0,1122.4339599609375
49111.0,2.0,32,29,4,28.954525502073256,0.9272067377786724,0.848528137423857,0,1122.4339599609375
49111.0,2.0,32,30,4,33.881013023896294,0.9544811483554793,0.848528137423857,0,1122.4339599609375
49111.0,2.0,32,31,5,26.111916497235683,1.0036815540766515,0.682842712474619,0,1122.4339599609375
49111.0,2.0,32,32,5,31.08682485609987,1.0212412509011592,0.8513997106635237,0,1122.4339599609375
49111.0,2.0,32,33,4,36.06867305722583,1.0339532828097533,0.682842712474619,0,1122.4339599609375
49111.0,2.0,32,34,5,30.96266005559342,1.1340434460214688,0.613407053921902,0,1122.4339599609375
49111.0,2.0,32,35,1,30.66427809388347,2.652688843533254,0.613407053921902,0,1122.4339599609375
49111.0,2.0,32,36,2,27.16619798452868,2.648672811300796,0.8513997106635237,0,1122.4339599609375
49111.0,2.0,32,37,4,27.794978132925916,2.467912829521979,0.6466890965784271,0,1122.4339599609375
49111.0,2.0,32,38,1,27.44893106223611,2.8317372592820718,0.682842712474619,0,1122.4339599609375
49111.0,2.0,32,39,4,24.89045352793339,2.5445729615020722,0.848528137423857,0,1122.4339599609375
49111.0,2.0,32,40,2,24.697695851050394,2.7464281778566453,0.848528137423857,0,1122.4339599609375
49111.0,2.0,32,43,2,22.169991976601917,2.640737394378731,0.848528137423857,0,1122.4339599609375
49111.0,2.0,32,44,2,22.51555124280491,2.8644612899785127,0.8513997106635237,0,1122.4339599609375
49111.0,2.0,32,45,1,23.398912372901435,3.0121445041029533,0.613407053921902,0,1122.4339599609375
49111.0,2.0,32,47,4,19.709957170399313,2.7622893646800764,0.848528137423857,0,1122.4339599609375
49111.0,2.0,32,50,4,17.61976955227727,2.9154533683936688,0.6466890965784271,0,1122.4339599609375
49111.0,2.0,32,52,1,16.378538558554776,-0.3993342568111862,0.613407053921902,0,1122.4339599609375
49111.0,2.0,32,53,2,12.886122900177432,-0.3834824635182752,0.8513997106635237,0,1122.4339599609375
49111.0,2.0,32,54,4,14.163709255477427,-0.023730210980178024,0.682842712474619,0,1122.4339599609375
49111.0,2.0,32,55,1,13.471958540734063,-0.7626193987337275,0.682842712474619,0,1122.4339599609375
49111.0,2.0,32,56,4,10.912300214991125,-0.13548627386133316,0.848528137423857,0,1122.4339599609375
49111.0,2.0,32,57,2,10.465170782499234,-0.6058194126500982,0.848528137423857,0,1122.4339599609375
49111.0,2.0,32,58,5,12.290051916015951,0.4201591748011678,0.613407053921902,0,1122.4339599609375
49111.0,2.0,32,59,5,9.854157932858268,0.1912847718620706,0.8513997106635237,0,1122.4339599609375
49111.0,2.0,32,60,2,7.908598617359071,-0.3365690427901402,0.848528137423857,0,1122.4339599609375
49111.0,2.0,32,61,2,8.83104951946676,-0.9334114626023384,0.8513997106635237,0,1122.4339599609375
49111.0,2.0,32,62,1,10.887905587514078,-1.2232205282777506,0.613407053921902,0,1122.4339599609375
49111.0,2.0,32,63,4,6.369620449768727,0.11574470786575008,0.848528137423857,1,1122.4339599609375
49111.0,2.0,32,64,4,5.568982689764105,-0.7386860550062737,0.848528137423857,0,1122.4339599609375
49111.0,2.0,32,65,5,6.602893097554293,0.6666665245126547,0.6466890965784271,0,1122.4339599609375
49111.0,2.0,32,67,4,4.9478484523367,-1.414532921895052,0.6466890965784271,0,1122.4339599609375
49111.0,2.0,33,1,1,43.75693579677997,1.6425753917218642,0.613407053921902,0,1122.81005859375
49111.0,2.0,33,2,2,41.17472577088738,1.5869055951342816,0.8513997106635237,0,1122.81005859375
49111.0,2.0,33,3,4,37.867361130214796,1.6819067297062558,0.6466890965784271,0,1122.81005859375
49111.0,2.0,33,4,1,44.79708746837736,1.5066348897970807,0.682842712474619,0,1122.81005859375
49111.0,2.0,33,5,4,37.63969379786611,1.5884188482122812,0.848528137423857,0,1122.81005859375
49111.0,2.0,33,6,2,41.269450596522304,1.501142097557865,0.848528137423857,0,1122.81005859375
49111.0,2.0,33,9,2,37.743291581791574,1.4946227509461498,0.848528137423857,0,1122.81005859375
49111.0,2.0,33,10,2,41.66505805551954,1.416390339698903,0.8513997106635237,0,1122.81005859375
49111.0,2.0,33,11,1,44.538991514278656,1.3700139704973366,0.613407053921902,0,1122.81005859375
49111.0,2.0,33,13,4,38.17545768761858,1.402146803843971,0.848528137423857,0,1122.81005859375
49111.0,2.0,33,14,5,30.697444082640256,1.4770928402166135,0.5052677403411177,0,1122.81005859375
49111.0,2.0,33,15,5,34.6951592667983,1.3850416331485442,0.7685569981889047,0,1122.81005859375
49111.0,2.0,33,16,4,38.92524990144796,1.312486540599059,0.682842712474619,0,1122.81005859375
49111.0,2.0,33,17,5,32.84726302955473,1.296963824935246,0.613407053921902,0,1122.81005859375
49111.0,2.0,33,18,1,31.845420255586532,0.333018781838228,0.613407053921902,0,1122.81005859375
49111.0,2.0,33,19,2,30.47855277520027,0.43648694959365697,0.8513997106635237,0,1122.81005859375
49111.0,2.0,33,20,4,25.836431176325288,0.3702775053995044,0.682842712474619,0,1122.81005859375
49111.0,2.0,33,21,1,35.21879019234395,0.48504165721697523,0.682842712474619,0,1122.81005859375
49111.0,2.0,33,22,4,27.315429138852092,0.4912336267700905,0.848528137423857,0,1122.81005859375
49111.0,2.0,33,23,2,32.13337318709825,0.536363841596385,0.848528137423857,0,1122.81005859375
49111.0,2.0,33,24,5,20.858534379707976,0.5225439344151865,0.613407053921902,0,1122.81005859375
49111.0,2.0,33,25,5,24.255373813005477,0.5600465438596574,0.8513997106635237,0,1122.81005859375
49111.0,2.0,33,26,2,29.15037156110204,0.5983826251752244,0.848528137423857,0,1122.81005859375
49111.0,2.0,33,27,2,34.07587365706097,0.6256671373924312,0.8513997106635237,0,1122.81005859375
49111.0,2.0,33,28,1,37.53544815013075,0.6404984216678469,0.613407053921902,0,1122.81005859375
49111.0,2.0,33,29,4,26.304650765963206,0.6741678214235275,0.848528137423857,0,1122.81005859375
49111.0,2.0,33,30,4,31.278677325951037,0.6919123814004657,0.848528137423857,0,1122.81005859375
49111.0,2.0,33,31,5,23.64582715170418,0.7676418113113007,0.682842712474619,0,1122.81005859375
49111.0,2.0,33,32,5,28.645176645116806,0.7707407207835271,0.8513997106635237,0,1122.81005859375
49111.0,2.0,33,33,4,33.6447194723276,0.7729186619147591,0.682842712474619,0,1122.81005859375
49111.0,2.0,33,34,5,28.807247925577556,0.8925256948077233,0.613407053921902,0,1122.81005859375
49111.0,2.0,33,35,1,33.10805657651134,2.397218487977282,0.613407053921902,0,1122.81005859375
49111.0,2.0,33,36,2,29.611349551442746,2.402066297385403,0.8513997106635237,0,1122.81005859375
49111.0,2.0,33,37,4,29.8035740406986,2.233683108208976,0.6466890965784271,0,1122.81005859375
49111.0,2.0,33,38,1,30.255760094832418,2.5679094122873187,0.682842712474619,0,1122.81005859375
49111.0,2.0,33,39,4,27.10427148050186,2.3140430427411927,0.848528137423857,0,1122.81005859375
49111.0,2.0,33,40,2,27.353620037338235,2.497702614071267,0.848528137423857,0,1122.81005859375
49111.0,2.0,33,43,2,24.61767737578202,2.4113803500292876,0.848528137423857,0,1122.81005859375
49111.0,2.0,33,44,2,25.389151936140266,2.609304752060783,0.8513997106635237,0,1122.81005859375
49111.0,2.0,33,45,1,26.48328404290606,2.737604416482985,0.613407053921902,0,1122.81005859375
49111.0,2.0,33,47,4,22.41469487339574,2.529168862103058,0.848528137423857,0,1122.81005859375
49111.0,2.0,33,50,4,20.586574585315947,2.670163008740208,0.6466890965784271,0,1122.81005859375
49111.0,2.0,33,52,1,13.98587756291582,-0.8826438127583824,0.613407053921902,0,1122.81005859375
49111.0,2.0,33,53,2,10.50790936488411,-0.9149886830673093,0.8513997106635237,0,1122.81005859375
49111.0,2.0,33,54,4,11.037987251410195,-0.44913806588902516,0.682842712474619,0,1122.81005859375
49111.0,2.0,33,55,1,12.20635719119117,-1.3332671959100033,0.682842712474619,0,1122.81005859375
49111.0,2.0,33,56,4,8.001728084062588,-0.6421790116969686,0.848528137423857,0,1122.81005859375
49111.0,2.0,33,57,2,8.809463603965972,-1.2386910650795853,0.848528137423857,0,1122.81005859375
49111.0,2.0,33,58,5,8.965703975768163,0.13625371052016633,0.613407053921902,0,1122.81005859375
49111.0,2.0,33,59,5,6.529865652671016,-0.19371483669588652,0.7685569981889047,0,1122.81005859375
49111.0,2.0,33,60,2,5.587319759979543,-1.0308905971188003,0.848528137423857,0,1122.81005859375
49111.0,2.0,33,61,2,8.354468191248504,-1.6502805552521582,0.8513997106635237,0,1122.81005859375
49111.0,2.0,33,62,1,11.249552720860091,-1.8535121003880486,0.613407053921902,0,1122.81005859375
49111.0,2.0,33,64,4,4.838246776389129,-1.7083336450458575,0.848528137423857,0,1122.81005859375
49111.0,2.0,33,65,5,3.666214440205502,0.6706392677326921,0.5052677403411177,1,1122.81005859375
49111.0,2.0,33,67,4,6.371744002878782,-2.2902635176616375,0.6466890965784271,0,1122.81005859375
49111.0,2.0,34,1,1,43.8362456681212,1.6644227615854925,0.613407053921902,0,1122.8690185546875
49111.0,2.0,34,2,2,41.20137492019026,1.6102072117463355,0.8513997106635237,0,1122.8690185546875
49111.0,2.0,34,3,4,37.98579337163924,1.7070284651905032,0.6466890965784271,0,1122.8690185546875
49111.0,2.0,34,4,1,44.745794132580706,1.528049257330014,0.682842712474619,0,1122.8690185546875
49111.0,2.0,34,5,4,37.66884385583203,1.6139052357346402,0.848528137423857,0,1122.8690185546875
49111.0,2.0,34,6,2,41.21376705272481,1.524383236965769,0.848528137423857,0,1122.8690185546875
49111.0,2.0,34,9,2,37.682397704992674,1.5200300335297843,0.848528137423857,0,1122.8690185546875
49111.0,2.0,34,10,2,41.52825416554912,1.439236447945968,0.8513997106635237,0,1122.8690185546875
49111.0,2.0,34,11,1,44.35751178895516,1.391225470670361,0.613407053921902,0,1122.8690185546875
49111.0,2.0,34,13,4,38.02610151145421,1.427039358085908,0.848528137423857,0,1122.8690185546875
49111.0,2.0,34,14,5,30.62254236733424,1.5083121657325584,0.5052677403411177,0,1122.8690185546875
49111.0,2.0,34,15,5,34.53075293532406,1.4123704206577705,0.7685569981889047,0,1122.8690185546875
49111.0,2.0,34,16,4,38.69115784674326,1.3364798851660136,0.682842712474619,0,1122.8690185546875
49111.0,2.0,34,17,5,32.60076317080015,1.3253199801808961,0.613407053921902,0,1122.8690185546875
49111.0,2.0,34,18,1,30.93975708077756,0.34316437958272195,0.613407053921902,0,1122.8690185546875
49111.0,2.0,34,19,2,29.611344231211746,0.450195639132357,0.8513997106635237,0,1122.8690185546875
49111.0,2.0,34,20,4,24.943915288865664,0.3842076117663327,0.682842712474619,0,1122.8690185546875
49111.0,2.0,34,21,1,34.372438150653906,0.4980663729806363,0.682842712474619,0,1122.8690185546875
49111.0,2.0,34,22,4,26.47282394866733,0.5083429395587398,0.848528137423857,0,1122.8690185546875
49111.0,2.0,34,23,2,31.312029717958968,0.5520341473405971,0.848528137423857,0,1122.8690185546875
49111.0,2.0,34,24,5,20.03237755200576,0.5464660710362851,0.613407053921902,0,1122.8690185546875
49111.0,2.0,34,25,5,23.447582145179744,0.5818003303767154,0.8513997106635237,0,1122.8690185546875
49111.0,2.0,34,26,2,28.3623325150835,0.6174528428200687,0.848528137423857,0,1122.8690185546875
49111.0,2.0,34,27,2,33.30247292525547,0.6425523569032392,0.8513997106635237,0,1122.8690185546875
49111.0,2.0,34,28,1,36.77020072023297,0.6561035329911902,0.613407053921902,0,1122.8690185546875
49111.0,2.0,34,29,4,25.56170194517533,0.6976167300044989,0.848528137423857,0,1122.8690185546875
49111.0,2.0,34,30,4,30.545595485686494,0.7119678091157634,0.848528137423857,0,1122.8690185546875
49111.0,2.0,34,31,5,22.96474051609984,0.7966781286686846,0.682842712474619,0,1122.8690185546875
49111.0,2.0,34,32,5,27.9644793302684,0.7946614575956179,0.8513997106635237,0,1122.8690185546875
49111.0,2.0,34,33,4,32.96429737540631,0.7932565342260882,0.682842712474619,0,1122.8690185546875
49111.0,2.0,34,34,5,28.214805389631888,0.9190248088057594,0.613407053921902,0,1122.8690185546875
49111.0,2.0,34,35,1,33.82040287797603,2.4164532970193395,0.613407053921902,0,1122.8690185546875
49111.0,2.0,34,36,2,30.327487727584973,2.4234033435971822,0.8513997106635237,0,1122.8690185546875
49111.0,2.0,34,37,4,30.40377129745631,2.2585760070300402,0.6466890965784271,0,1122.8690185546875
49111.0,2.0,34,38,1,31.066440327556137,2.5846836462877576,0.682842712474619,0,1122.8690185546875
49111.0,2.0,34,39,4,27.76288549897146,2.3395074017639463,0.848528137423857,0,1122.8690185546875
49111.0,2.0,34,40,2,28.127300154614712,2.5181952712286315,0.848528137423857,0,1122.8690185546875
49111.0,2.0,34,43,2,25.341000638293103,2.436654503835195,0.848528137423857,0,1122.8690185546875
49111.0,2.0,34,44,2,26.22086032358131,2.6278889423525844,0.8513997106635237,0,1122.8690185546875
49111.0,2.0,34,45,1,27.36860533603992,2.751395383117296,0.613407053921902,0,1122.8690185546875
49111.0,2.0,34,47,4,23.20678382436789,2.5529534052216487,0.848528137423857,0,1122.8690185546875
49111.0,2.0,34,50,4,21.446289133365585,2.690496238818397,0.6466890965784271,0,1122.8690185546875
49111.0,2.0,34,52,1,13.39670798257018,-0.9380207022329768,0.613407053921902,0,1122.8690185546875
49111.0,2.0,34,53,2,9.9516291998874,-0.9915158403724135,0.8513997106635237,0,1122.8690185546875
49111.0,2.0,34,54,4,10.181734674075065,-0.4900850112421907,0.682842712474619,0,1122.8690185546875
49111.0,2.0,34,55,1,12.016743589294089,-1.4109882787375398,0.682842712474619,0,1122.8690185546875
49111.0,2.0,34,56,4,7.2557853889899375,-0.7215042970701745,0.848528137423857,0,1122.8690185546875
49111.0,2.0,34,57,2,8.544801014059304,-1.3450991189202552,0.848528137423857,0,1122.8690185546875
49111.0,2.0,34,58,5,8.015664511377446,0.15252511292258963,0.6034068236642477,0,1122.8690185546875
49111.0,2.0,34,59,5,5.590878239606742,-0.22677279589099386,0.7685569981889047,1,1122.8690185546875
49111.0,2.0,34,60,2,5.159953706080825,-1.1911570350716132,0.848528137423857,0,1122.8690185546875
49111.0,2.0,34,61,2,8.48482910892649,-1.7633043474020793,0.8513997106635237,0,1122.8690185546875
49111.0,2.0,34,62,1,11.554192613023147,-1.9333827952255094,0.613407053921902,0,1122.8690185546875
49111.0,2.0,34,64,4,5.0600220243309835,-1.8973859803673396,0.848528137423857,0,1122.8690185546875
49111.0,2.0,34,67,4,7.041485888967754,3.8901983900199886,0.6466890965784271,0,1122.8690185546875
49111.0,2.0,35,1,1,44.12536362441264,1.7185944549610634,0.613407053921902,0,1123.1070556640625
49111.0,2.0,35,2,2,41.36550767683886,1.6682069432210793,0.8513997106635237,0,1123.1070556640625
49111.0,2.0,35,3,4,38.3854520497994,1.7690054336294212,0.6466890965784271,0,1123.1070556640625
49111.0,2.0,35,4,1,44.70757789970041,1.581701057154925,0.682842712474619,0,1123.1070556640625
49111.0,2.0,35,5,4,37.8482988717272,1.677292704856432,0.848528137423857,0,1123.1070556640625
49111.0,2.0,35,6,2,41.17227251171293,1.5826379774880606,0.848528137423857,0,1123.1070556640625
49111.0,2.0,35,9,2,37.63701005525976,1.5837509097118687,0.848528137423857,0,1123.1070556640625
49111.0,2.0,35,10,2,41.282039947111265,1.4968955759516285,0.8513997106635237,0,1123.1070556640625
49111.0,2.0,35,11,1,43.99227693131496,1.444922003508747,0.613407053921902,0,1123.1070556640625
49111.0,2.0,35,12,4,34.10180388220975,1.585094590922783,0.848528137423857,0,1123.1070556640625
49111.0,2.0,35,13,4,37.75705661615934,1.489982401006214,0.848528137423857,0,1123.1070556640625
49111.0,2.0,35,14,5,30.56667352103705,1.586749077501628,0.6466890965784271,0,1123.1070556640625
49111.0,2.0,35,15,5,34.23424931902018,1.481645983462811,0.8513997106635237,0,1123.1070556640625
49111.0,2.0,35,16,4,38.20531537275932,1.3976127127855698,0.682842712474619,0,1123.1070556640625
49111.0,2.0,35,17,5,32.10204567956394,1.3978968994185372,0.613407053921902,0,1123.1070556640625
49111.0,2.0,35,18,1,28.69106376618801,0.37130656991203836,0.613407053921902,0,1123.1070556640625
49111.0,2.0,35,19,2,27.470340909051163,0.4882147285723034,0.8513997106635237,0,1123.1070556640625
49111.0,2.0,35,20,4,22.73669574420003,0.42377592178631707,0.682842712474619,0,1123.1070556640625
49111.0,2.0,35,21,1,32.28439136726378,0.5335807419007044,0.682842712474619,0,1123.1070556640625
49111.0,2.0,35,22,4,24.4042789535637,0.5562208441684925,0.848528137423857,0,1123.1070556640625
49111.0,2.0,35,23,2,29.29558204812661,0.5950026927069785,0.848528137423857,0,1123.1070556640625
49111.0,2.0,35,24,5,18.025105420512755,0.6157071739169654,0.613407053921902,0,1123.1070556640625
49111.0,2.0,35,25,5,21.48297076354233,0.6432231780781692,0.8513997106635237,0,1123.1070556640625
49111.0,2.0,35,26,2,26.442018249792895,0.6700190385677447,0.848528137423857,0,1123.1070556640625
49111.0,2.0,35,27,2,31.414051400886617,0.6883426226426865,0.8513997106635237,0,1123.1070556640625
49111.0,2.0,35,28,1,34.89922968812009,0.6980604629346658,0.613407053921902,0,1123.1070556640625
49111.0,2.0,35,29,4,23.772453190746695,0.7625092982248963,0.848528137423857,0,1123.1070556640625
49111.0,2.0,35,30,4,28.77137165658615,0.7664856027394128,0.848528137423857,0,1123.1070556640625
49111.0,2.0,35,31,5,21.355999913141627,0.8771139972593087,0.682842712474619,0,1123.1070556640625
49111.0,2.0,35,32,5,26.338964075780794,0.8597256754262396,0.8513997106635237,0,1123.1070556640625
49111.0,2.0,35,33,4,31.32735745128269,0.8478722982935978,0.682842712474619,0,1123.1070556640625
49111.0,2.0,35,34,5,26.826917791824215,0.9902012572133324,0.613407053921902,0,1123.1070556640625
49111.0,2.0,35,35,1,35.65212388085234,2.4611085533753503,0.613407053921902,0,1123.1070556640625
49111.0,2.0,35,36,2,32.173458744617726,2.472501652778442,0.8513997106635237,0,1123.1070556640625
49111.0,2.0,35,37,4,31.981146694369556,2.316584954195399,0.6466890965784271,0,1123.1070556640625
49111.0,2.0,35,38,1,33.12807195259713,2.6229784951627426,0.682842712474619,0,1123.1070556640625
49111.0,2.0,35,39,4,29.481896920106013,2.3980489383187025,0.848528137423857,0,1123.1070556640625
49111.0,2.0,35,40,2,30.10846973382391,2.5647405675563166,0.848528137423857,0,1123.1070556640625
49111.0,2.0,35,43,2,27.213429554701996,2.493825693092288,0.848528137423857,0,1123.1070556640625
49111.0,2.0,35,44,2,28.335639252248434,2.669515600704647,0.8513997106635237,0,1123.1070556640625
49111.0,2.0,35,45,1,29.602277689849238,2.7822318374653534,0.613407053921902,0,1123.1070556640625
49111.0,2.0,35,47,4,25.238051633390796,2.605770249946808,0.848528137423857,0,1123.1070556640625
49111.0,2.0,35,50,4,23.62938324143632,2.7347827660860684,0.6466890965784271,0,1123.1070556640625
49111.0,2.0,35,52,1,12.132739272912376,-1.0982247591468344,0.613407053921902,0,1123.1070556640625
49111.0,2.0,35,53,2,8.868249651903906,-1.219981341662479,0.8513997106635237,0,1123.1070556640625
49111.0,2.0,35,54,4,8.142981529124315,-0.6292712518569951,0.6466890965784271,0,1123.1070556640625
49111.0,2.0,35,55,1,11.87364963241411,-1.6118958616037515,0.682842712474619,0,1123.1070556640625
49111.0,2.0,35,56,4,5.679555419882975,-1.0043802490558562,0.848528137423857,0,1123.1070556640625
49111.0,2.0,35,57,2,8.342364980768707,-1.6293073985582285,0.848528137423857,0,1123.1070556640625
49111.0,2.0,35,58,5,5.65530326801018,0.21704044929641053,0.43533959677349143,1,1123.1070556640625
49111.0,2.0,35,60,2,4.817317858662058,-1.672234096162338,0.848528137423857,0,1123.1070556640625
49111.0,2.0,35,61,2,9.249013734243148,-2.0208412290973037,0.8513997106635237,0,1123.1070556640625
49111.0,2.0,35,62,1,12.606769913407723,-2.112338808072509,0.613407053921902,0,1123.1070556640625
49111.0,2.0,35,64,4,6.257455787718097,-2.2691657171585033,0.848528137423857,0,1123.1070556640625
49111.0,2.0,35,67,4,8.950137122922142,3.7066543326335553,0.6466890965784271,0,1123.1070556640625
49111.0,2.0,36,1,1,44.494781422751686,1.7666355074559479,0.613407053921902,0,1123.343994140625
49111.0,2.0,36,2,2,41.63113776074807,1.7198750229868223,0.8513997106635237,0,1123.343994140625
49111.0,2.0,36,3,4,38.86853264119546,1.8235231053568122,0.682842712474619,0,1123.343994140625
49111.0,2.0,36,4,1,44.7832606319492,1.6299560726914328,0.682842712474619,0,1123.343994140625
49111.0,2.0,36,5,4,38.138433746117364,1.73364425054585,0.848528137423857,0,1123.343994140625
49111.0,2.0,36,6,2,41.254441338863025,1.635023108165576,0.848528137423857,0,1123.343994140625
49111.0,2.0,36,7,5,32.787291209511174,1.838038413462185,0.613407053921902,0,1123.343994140625
49111.0,2.0,36,8,5,34.65441712047086,1.7501857677682802,0.8513997106635237,0,1123.343994140625
49111.0,2.0,36,9,2,37.726879377100495,1.6410378851952876,0.848528137423857,0,1123.343994140625
49111.0,2.0,36,10,2,41.17895371556929,1.5492371588218958,0.8513997106635237,0,1123.343994140625
49111.0,2.0,36,11,1,43.773603806532684,1.493902884060081,0.613407053921902,0,1123.343994140625
49111.0,2.0,36,12,4,34.20096380055526,1.6482931470166224,0.848528137423857,0,1123.343994140625
49111.0,2.0,36,13,4,37.644318647859706,1.5472124230174633,0.848528137423857,0,1123.343994140625
49111.0,2.0,36,14,5,30.67726230026876,1.657215703906537,0.682842712474619,0,1123.343994140625
49111.0,2.0,36,15,5,34.109869888555686,1.544768071036387,0.8513997106635237,0,1123.343994140625
49111.0,2.0,36,16,4,37.89290204495962,1.4537992470808359,0.682842712474619,0,1123.343994140625
49111.0,2.0,36,17,5,31.80171821160192,1.4648620156952294,0.613407053921902,0,1123.343994140625
49111.0,2.0,36,18,1,26.689774425603083,0.4006822019315409,0.613407053921902,0,1123.343994140625
49111.0,2.0,36,19,2,25.5827676668034,0.5278351847922975,0.8513997106635237,0,1123.343994140625
49111.0,2.0,36,20,4,20.78675539662057,0.46652571120714104,0.682842712474619,0,1123.343994140625
49111.0,2.0,36,21,1,30.44448723608838,0.5696817945734831,0.682842712474619,0,1123.343994140625
49111.0,2.0,36,22,4,22.598688071795987,0.6067144600518728,0.848528137423857,0,1123.343994140625
49111.0,2.0,36,23,2,27.53342521629013,0.6389963051737801,0.848528137423857,0,1123.343994140625
49111.0,2.0,36,24,5,16.30954452266317,0.692277091428663,0.613407053921902,1,1123.343994140625
49111.0,2.0,36,25,5,19.797055428498126,0.7087174162740403,0.8513997106635237,0,1123.343994140625
49111.0,2.0,36,26,2,24.785322374617888,0.7241720009865152,0.848528137423857,0,1123.343994140625
49111.0,2.0,36,27,2,29.77752519583253,0.7344464771866214,0.8513997106635237,0,1123.343994140625
49111.0,2.0,36,28,1,33.27346041352982,0.7398038117580205,0.613407053921902,0,1123.343994140625
49111.0,2.0,36,29,4,22.2606133403019,0.8295908439355836,0.848528137423857,0,1123.343994140625
49111.0,2.0,36,30,4,27.2566268613916,0.8214867451943954,0.848528137423857,0,1123.343994140625
49111.0,2.0,36,31,5,20.043892021239785,0.9600754168871234,0.682842712474619,0,1123.343994140625
49111.0,2.0,36,32,5,24.982922345751046,0.9252867165938049,0.8513997106635237,0,1123.343994140625
49111.0,2.0,36,33,4,29.942197823615654,0.9020010740530059,0.682842712474619,0,1123.343994140625
49111.0,2.0,36,34,5,25.70564824193103,1.0605253983955851,0.613407053921902,0,1123.343994140625
49111.0,2.0,36,35,1,37.3557594543359,2.4975032471914296,0.613407053921902,0,1123.343994140625
49111.0,2.0,36,36,2,33.89422991906058,2.512047057727495,0.8513997106635237,0,1123.343994140625
49111.0,2.0,36,37,4,33.48443852569203,2.363993516301342,0.6466890965784271,0,1123.343994140625
49111.0,2.0,36,38,1,35.02042290195015,2.65356229440476,0.682842712474619,0,1123.343994140625
49111.0,2.0,36,39,4,31.106207109409024,2.4450764440264656,0.848528137423857,0,1123.343994140625
49111.0,2.0,36,40,2,31.940684387763852,2.6016374958909703,0.848528137423857,0,1123.343994140625
49111.0,2.0,36,43,2,28.965231193381637,2.538844750812452,0.848528137423857,0,1123.343994140625
49111.0,2.0,36,44,2,30.275333466558905,2.701971067694987,0.8513997106635237,0,1123.343994140625
49111.0,2.0,36,45,1,31.63342623569326,2.8062538120246683,0.613407053921902,0,1123.343994140625
49111.0,2.0,36,47,4,27.117763835512854,2.646454383818025,0.848528137423857,0,1123.343994140625
49111.0,2.0,36,50,4,25.627360628657193,2.7681453072927225,0.6466890965784271,0,1123.343994140625
49111.0,2.0,36,52,1,11.314205647827615,-1.269033491440994,0.613407053921902,0,1123.343994140625
49111.0,2.0,36,53,2,8.375272654988565,-1.4646002867069066,0.8513997106635237,0,1123.343994140625
49111.0,2.0,36,54,4,6.521809075717124,-0.8254461121738037,0.6466890965784271,0,1123.343994140625
49111.0,2.0,36,55,1,12.155508647139872,-1.7903823848431797,0.682842712474619,0,1123.343994140625
49111.0,2.0,36,56,4,4.874083984996474,-1.3876376965493713,0.848528137423857,0,1123.343994140625
49111.0,2.0,36,57,2,8.738872531287551,-1.8786240561809424,0.848528137423857,0,1123.343994140625
49111.0,2.0,36,60,2,5.475344351316361,-2.0755405113672616,0.848528137423857,0,1123.343994140625
49111.0,2.0,36,61,2,10.372588596429772,-2.209457444889605,0.8513997106635237,0,1123.343994140625
49111.0,2.0,36,62,1,13.844436900375905,-2.246429173602078,0.613407053921902,0,1123.343994140625
49111.0,2.0,36,64,4,7.823176901884863,3.8009520627763314,0.848528137423857,0,1123.343994140625
49111.0,2.0,36,67,4,10.836272325429888,3.5997213523646914,0.6466890965784271,0,1123.343994140625
49111.0,2.0,37,1,1,42.76070848102872,0.807651677960068,0.613407053921902,0,1124.969970703125
49111.0,2.0,37,2,2,39.35977266356508,0.7874972285708628,0.8513997106635237,0,1124.969970703125
49111.0,2.0,37,3,4,38.43541563442325,0.9139172440341095,0.682842712474619,0,1124.969970703125
49111.0,2.0,37,4,1,40.87911732491521,0.6686713680387852,0.682842712474619,0,1124.969970703125
49111.0,2.0,37,5,4,36.366139369620015,0.8372203708288459,0.848528137423857,0,1124.969970703125
49111.0,2.0,37,6,2,37.67501322876058,0.7067571481638772,0.848528137423857,0,1124.969970703125
49111.0,2.0,37,7,5,33.169460513823076,1.0003567411138314,0.613407053921902,0,1124.969970703125
49111.0,2.0,37,8,5,33.478358400222206,0.8956880002388787,0.8513997106635237,0,1124.969970703125
49111.0,2.0,37,9,2,34.53564839858065,0.7518428564752804,0.848528137423857,0,1124.969970703125
49111.0,2.0,37,10,2,36.25771006899145,0.6190922287733036,0.8513997106635237,0,1124.969970703125
49111.0,2.0,37,11,1,37.81149176960233,0.5343652279806486,0.613407053921902,0,1124.969970703125
49111.0,2.0,37,12,4,31.48039705647767,0.8058083040574364,0.848528137423857,0,1124.969970703125
49111.0,2.0,37,13,4,32.98372216670135,0.6576852951531078,0.848528137423857,0,1124.969970703125
49111.0,2.0,37,14,5,28.536288955584077,0.871133995922299,0.682842712474619,0,1124.969970703125
49111.0,2.0,37,15,5,29.769620697839727,0.7046951072061187,0.8513997106635237,0,1124.969970703125
49111.0,2.0,37,16,4,31.75123376547603,0.5552427913332736,0.682842712474619,0,1124.969970703125
49111.0,2.0,37,17,5,26.484784892863495,0.6616619403066841,0.613407053921902,0,1124.969970703125
49111.0,2.0,37,18,1,11.0706670042242,-1.0390964514505736,0.613407053921902,0,1124.969970703125
49111.0,2.0,37,19,2,9.866415437757295,-0.7233442057161836,0.8513997106635237,0,1124.969970703125
49111.0,2.0,37,20,4,5.043374312279209,-0.9105214397137691,0.682842712474619,0,1124.969970703125
49111.0,2.0,37,21,1,14.807318552900563,-0.6599207211754345,0.682842712474619,0,1124.969970703125
49111.0,2.0,37,22,4,7.220196391418725,-0.44464492454881954,0.848528137423857,0,1124.969970703125
49111.0,2.0,37,23,2,12.208266259682974,-0.48141430981826483,0.848528137423857,0,1124.969970703125
49111.0,2.0,37,25,5,5.649452917840493,0.056527667674297954,0.765685424949238,1,1124.969970703125
49111.0,2.0,37,26,2,10.189545986330998,-0.2204339780383236,0.848528137423857,0,1124.969970703125
49111.0,2.0,37,27,2,15.024559113139123,-0.3234312841491045,0.8513997106635237,0,1124.969970703125
49111.0,2.0,37,28,1,18.46143946012532,-0.3631650129932785,0.613407053921902,0,1124.969970703125
49111.0,2.0,37,29,4,9.143955913487043,0.13126975348416325,0.848528137423857,0,1124.969970703125
49111.0,2.0,37,30,4,13.435864649677457,-0.10066781743135322,0.848528137423857,0,1124.969970703125
49111.0,2.0,37,31,5,9.401968521965765,0.5138930921665636,0.682842712474619,0,1124.969970703125
49111.0,2.0,37,32,5,12.661261438920407,0.1645947864290329,0.8513997106635237,0,1124.969970703125
49111.0,2.0,37,33,4,16.799347319504722,-0.028134308902091787,0.682842712474619,0,1124.969970703125
49111.0,2.0,37,34,5,15.152360439769438,0.34232884958549037,0.613407053921902,0,1124.969970703125
49111.0,2.0,37,35,1,46.33589337629712,1.489977229209657,0.613407053921902,0,1124.969970703125
49111.0,2.0,37,36,2,43.217224914466435,1.5254808198536287,0.8513997106635237,0,1124.969970703125
49111.0,2.0,37,37,4,41.105219357695155,1.417902008530656,0.6466890965784271,0,1124.969970703125
49111.0,2.0,37,38,1,45.780104851025854,1.622037863221253,0.682842712474619,0,1124.969970703125
49111.0,2.0,37,39,4,39.84900810518799,1.4995815421307033,0.848528137423857,0,1124.969970703125
49111.0,2.0,37,40,2,42.320596851068636,1.6054699944473636,0.848528137423857,0,1124.969970703125
49111.0,2.0,37,41,5,35.18871601838803,1.3785030329951466,0.43533959677349143,0,1124.969970703125
49111.0,2.0,37,43,2,38.87477119534519,1.5859588263889137,0.848528137423857,0,1124.969970703125
49111.0,2.0,37,44,2,41.70536304066639,1.6883654008761975,0.8513997106635237,0,1124.969970703125
49111.0,2.0,37,45,1,43.91753563165995,1.7517505130089777,0.613407053921902,0,1124.969970703125
49111.0,2.0,37,47,4,38.204086483170116,1.6760650733915983,0.848528137423857,0,1124.969970703125
49111.0,2.0,37,50,4,37.85309250955123,1.7686102190178243,0.6466890965784271,0,1124.969970703125
49111.0,2.0,37,52,1,21.002297329065506,-3.418448680711127,0.613407053921902,0,1124.969970703125
49111.0,2.0,37,53,2,20.393209133691276,-3.5851799771490453,0.8513997106635237,0,1124.969970703125
49111.0,2.0,37,54,4,15.42055472112229,-3.555730884255315,0.6466890965784271,0,1124.969970703125
49111.0,2.0,37,55,1,25.376612256836243,-3.6030736163127965,0.682842712474619,0,1124.969970703125
49111.0,2.0,37,56,4,17.82073484027433,2.5706948567502828,0.848528137423857,0,1124.969970703125
49111.0,2.0,37,57,2,22.81815200910691,2.578663603537068,0.848528137423857,0,1124.969970703125
49111.0,2.0,37,60,2,20.551488330230683,2.4532838278762643,0.848528137423857,0,1124.969970703125
49111.0,2.0,37,61,2,25.503982893872678,2.483318874536299,0.8513997106635237,0,1124.969970703125
49111.0,2.0,37,62,1,28.98043776507335,2.4982267404051246,0.613407053921902,0,1124.969970703125
49111.0,2.0,37,64,4,23.497845750788482,2.3643266250128834,0.848528137423857,0,1124.969970703125
49111.0,2.0,37,67,4,26.58822741869207,2.295603329095199,0.6466890965784271,0,1124.969970703125
49111.0,2.0,38,1,1,41.777002000935084,0.6165912999025335,0.613407053921902,0,1125.1300048828125
49111.0,2.0,38,2,2,38.3627570228664,0.5973566043570316,0.8513997106635237,0,1125.1300048828125
49111.0,2.0,38,3,4,37.531709048031345,0.7273851404287232,0.682842712474619,0,1125.1300048828125
49111.0,2.0,38,4,1,39.80920834084611,0.47480567211353863,0.682842712474619,0,1125.1300048828125
49111.0,2.0,38,5,4,35.40444329996332,0.6498963496866211,0.848528137423857,0,1125.1300048828125
49111.0,2.0,38,6,2,36.62712857582101,0.5151618765355249,0.848528137423857,0,1125.1300048828125
49111.0,2.0,38,7,5,32.33956902518285,0.8195001602186481,0.613407053921902,0,1125.1300048828125
49111.0,2.0,38,8,5,32.561450894656865,0.7118079003681986,0.8513997106635237,0,1125.1300048828125
49111.0,2.0,38,9,2,33.51596674265203,0.5631010534249558,0.848528137423857,0,1125.1300048828125
49111.0,2.0,38,10,2,35.162365805274874,0.4254667080082063,0.8513997106635237,0,1125.1300048828125
49111.0,2.0,38,11,1,36.6782269017267,0.3375937363209268,0.613407053921902,0,1125.1300048828125
49111.0,2.0,38,12,4,30.49743441142861,0.6206853178218837,0.848528137423857,0,1125.1300048828125
49111.0,2.0,38,13,4,31.908704893943856,0.4667689005390686,0.848528137423857,0,1125.1300048828125
49111.0,2.0,38,14,5,27.601938059930188,0.6906260356759205,0.682842712474619,0,1125.1300048828125
49111.0,2.0,38,15,5,28.721750068434712,0.5173399472326786,0.8513997106635237,0,1125.1300048828125
49111.0,2.0,38,16,4,30.62696310970182,0.36131749706067573,0.682842712474619,0,1125.1300048828125
49111.0,2.0,38,17,5,25.413031247825984,0.4750957142613409,0.613407053921902,0,1125.1300048828125
49111.0,2.0,38,18,1,10.748746857071923,-1.352283195457605,0.613407053921902,0,1125.1300048828125
49111.0,2.0,38,19,2,9.200670018431428,-1.035307953597857,0.8513997106635237,0,1125.1300048828125
49111.0,2.0,38,20,4,4.645469455141883,-1.3519681798601642,0.6466890965784271,0,1125.1300048828125
49111.0,2.0,38,21,1,14.06144626691969,-0.9322504299622125,0.682842712474619,0,1125.1300048828125
49111.0,2.0,38,22,4,6.309271548588114,-0.7674588878889327,0.848528137423857,0,1125.1300048828125
49111.0,2.0,38,23,2,11.308353098627148,-0.7561134609279786,0.848528137423857,0,1125.1300048828125
49111.0,2.0,38,26,2,9.112268021134513,-0.48230536296713394,0.848528137423857,0,1125.1300048828125
49111.0,2.0,38,27,2,14.003762737864328,-0.5740483987933943,0.8513997106635237,0,1125.1300048828125
49111.0,2.0,38,28,1,17.464413258079475,-0.6075152851012054,0.613407053921902,0,1125.1300048828125
49111.0,2.0,38,29,4,7.949088449297265,-0.08745526463263442,0.848528137423857,1,1125.1300048828125
49111.0,2.0,38,30,4,12.298778374462966,-0.3374904202921196,0.848528137423857,0,1125.1300048828125
49111.0,2.0,38,31,5,8.266957473007327,0.35040545421261593,0.6466890965784271,0,1125.1300048828125
49111.0,2.0,38,32,5,11.463617587390049,-0.047140387138226214,0.8513997106635237,0,1125.1300048828125
49111.0,2.0,38,33,4,15.636063140040244,-0.2532914656655968,0.682842712474619,0,1125.1300048828125
49111.0,2.0,38,34,5,13.96536064627648,0.14661441907507078,0.613407053921902,0,1125.1300048828125
49111.0,2.0,38,35,1,46.00963205905578,1.307689214215097,0.613407053921902,0,1125.1300048828125
49111.0,2.0,38,36,2,42.93331424918235,1.345248336997778,0.8513997106635237,0,1125.1300048828125
49111.0,2.0,38,37,4,40.69817458742408,1.238199298179334,0.682842712474619,0,1125.1300048828125
49111.0,2.0,38,38,1,45.60918251941858,1.440733473278149,0.682842712474619,0,1125.1300048828125
49111.0,2.0,38,39,4,39.53624784591077,1.3214669427862131,0.848528137423857,0,1125.1300048828125
49111.0,2.0,38,40,2,42.13125860218132,1.4262327243139779,0.848528137423857,0,1125.1300048828125
49111.0,2.0,38,41,5,34.739900326254656,1.2030261251548358,0.6034068236642477,0,1125.1300048828125
49111.0,2.0,38,42,5,36.16573399016704,1.2932343214773203,0.7685569981889047,0,1125.1300048828125
49111.0,2.0,38,43,2,38.663786321545345,1.4091268884596784,0.848528137423857,0,1125.1300048828125
49111.0,2.0,38,44,2,41.61509858679551,1.509788297825681,0.8513997106635237,0,1125.1300048828125
49111.0,2.0,38,45,1,43.90234698462174,1.5717783778248986,0.613407053921902,0,1125.1300048828125
49111.0,2.0,38,47,4,38.100680462466144,1.500098682618006,0.848528137423857,0,1125.1300048828125
49111.0,2.0,38,50,4,37.86073600298576,1.5930055590942267,0.6466890965784271,0,1125.1300048828125
49111.0,2.0,38,52,1,22.070430558123988,-3.6004369985909337,0.613407053921902,0,1125.1300048828125
49111.0,2.0,38,53,2,21.359322901525285,-3.7584405164771195,0.8513997106635237,0,1125.1300048828125
49111.0,2.0,38,54,4,16.410137633214088,-3.7204596534281746,0.6466890965784271,0,1125.1300048828125
49111.0,2.0,38,55,1,26.32771795052157,-3.7821106098238357,0.682842712474619,0,1125.1300048828125
49111.0,2.0,38,56,4,18.693506782484388,-3.874729320485703,0.848528137423857,0,1125.1300048828125
49111.0,2.0,38,57,2,23.693358847942665,-3.876556885928342,0.848528137423857,0,1125.1300048828125
49111.0,2.0,38,60,2,21.321392414956165,2.289914383101062,0.848528137423857,0,1125.1300048828125
49111.0,2.0,38,61,2,26.29695480817396,2.3107662712760932,0.8513997106635237,0,1125.1300048828125
49111.0,2.0,38,62,1,29.784718775784317,2.321214481827955,0.613407053921902,0,1125.1300048828125
49111.0,2.0,38,64,4,24.18173594261402,2.1983633287094633,0.848528137423857,0,1125.1300048828125
49111.0,2.0,38,67,4,27.201303863676667,2.1266409394824484,0.6466890965784271,0,1125.1300048828125
49111.0,2.0,39,1,1,37.83323760985417,0.6418262407498655,0.613407053921902,0,1125.5240478515625
49111.0,2.0,39,2,2,34.372895423103685,0.6272569400844862,0.8513997106635237,0,1125.5240478515625
49111.0,2.0,39,3,4,33.94650321303539,0.7732274440770289,0.682842712474619,0,1125.5240478515625
49111.0,2.0,39,4,1,35.50530663355299,0.4877379298386205,0.682842712474619,0,1125.5240478515625
49111.0,2.0,39,5,4,31.578640903488964,0.6930165210189266,0.848528137423857,0,1125.5240478515625
49111.0,2.0,39,6,2,32.42439545599125,0.5388593185034743,0.848528137423857,0,1125.5240478515625
49111.0,2.0,39,7,5,29.108135998254692,0.8916461441385163,0.613407053921902,0,1125.5240478515625
49111.0,2.0,39,8,5,28.946937365728186,0.7711255391478372,0.8513997106635237,0,1125.5240478515625
49111.0,2.0,39,9,2,29.44581536025774,0.6005129010595293,0.848528137423857,0,1125.5240478515625
49111.0,2.0,39,10,2,30.76015119607494,0.4400473764805847,0.8513997106635237,0,1125.5240478515625
49111.0,2.0,39,11,1,32.11430371606849,0.3373158740560048,0.613407053921902,0,1125.5240478515625
49111.0,2.0,39,12,4,26.603959550681076,0.675678267576879,0.848528137423857,0,1125.5240478515625
49111.0,2.0,39,13,4,27.60256370609938,0.49463754703035334,0.848528137423857,0,1125.5240478515625
49111.0,2.0,39,14,5,23.947552804371455,0.768146012344045,0.682842712474619,0,1125.5240478515625
49111.0,2.0,39,15,5,24.54824117310972,0.5630611186641451,0.8513997106635237,0,1125.5240478515625
49111.0,2.0,39,16,4,26.110285407635036,0.37517586415193904,0.682842712474619,0,1125.5240478515625
49111.0,2.0,39,17,5,21.14848023894618,0.5265596898803252,0.613407053921902,0,1125.5240478515625
49111.0,2.0,39,18,1,10.982660478850674,-1.8408045375679074,0.613407053921902,0,1125.5240478515625
49111.0,2.0,39,19,2,8.122607922937714,-1.6267965084386566,0.8513997106635237,0,1125.5240478515625
49111.0,2.0,39,20,4,6.070082379570356,-2.288090765981887,0.6466890965784271,0,1125.5240478515625
49111.0,2.0,39,21,1,12.046062379249516,-1.3121627969037624,0.682842712474619,0,1125.5240478515625
49111.0,2.0,39,22,4,4.596877043263855,-1.6698566740290859,0.848528137423857,0,1125.5240478515625
49111.0,2.0,39,23,2,8.675375376655827,-1.207740974376081,0.848528137423857,0,1125.5240478515625
49111.0,2.0,39,26,2,5.515129826849225,-0.9780647227115645,0.848528137423857,0,1125.5240478515625
49111.0,2.0,39,27,2,10.466494942529804,-0.8864661707873529,0.8513997106635237,0,1125.5240478515625
49111.0,2.0,39,28,1,13.953104240437035,-0.86115510442144,0.613407053921902,0,1125.5240478515625
49111.0,2.0,39,30,4,8.043757546266402,-0.6049045817396929,0.848528137423857,0,1125.5240478515625
49111.0,2.0,39,31,5,3.9655636634951916,0.6810388849468779,0.5052677403411177,1,1125.5240478515625
49111.0,2.0,39,32,5,6.697503605391594,-0.1557341515771279,0.7685569981889047,0,1125.5240478515625
49111.0,2.0,39,33,4,11.134963579609652,-0.42334275815799965,0.682842712474619,0,1125.5240478515625
49111.0,2.0,39,34,5,9.204047089204586,0.15666387677067872,0.613407053921902,0,1125.5240478515625
49111.0,2.0,39,35,1,44.79473977816686,1.3664196473012908,0.613407053921902,0,1125.5240478515625
49111.0,2.0,39,36,2,41.913133783071174,1.4122704661378909,0.8513997106635237,0,1125.5240478515625
49111.0,2.0,39,37,4,39.18981555063282,1.308759739967936,0.682842712474619,0,1125.5240478515625
49111.0,2.0,39,38,1,45.0286566992912,1.5023198752426898,0.682842712474619,0,1125.5240478515625
49111.0,2.0,39,39,4,38.425984235104586,1.3977453274181504,0.848528137423857,0,1125.5240478515625
49111.0,2.0,39,40,2,41.50211326018841,1.4964910857644598,0.848528137423857,0,1125.5240478515625
49111.0,2.0,39,41,5,33.114095894617,1.2926776519830887,0.613407053921902,0,1125.5240478515625
49111.0,2.0,39,42,5,34.948558559050625,1.3803253395592612,0.8513997106635237,0,1125.5240478515625
49111.0,2.0,39,43,2,37.977241684729954,1.4895800213509647,0.848528137423857,0,1125.5240478515625
49111.0,2.0,39,44,2,41.390095754967646,1.5817785555913866,0.8513997106635237,0,1125.5240478515625
49111.0,2.0,39,45,1,43.96019136722326,1.6374836692719454,0.613407053921902,0,1125.5240478515625
49111.0,2.0,39,46,4,34.45455509652207,1.4812552931153147,0.848528137423857,0,1125.5240478515625
49111.0,2.0,39,47,4,37.854795040051066,1.5828044026114672,0.848528137423857,0,1125.5240478515625
49111.0,2.0,39,48,5,30.9347999479253,1.471035344428751,0.6466890965784271,0,1125.5240478515625
49111.0,2.0,39,50,4,38.06179356084208,1.6758210917742384,0.6466890965784271,0,1125.5240478515625
49111.0,2.0,39,52,1,26.37865946070248,-3.556297921712639,0.613407053921902,0,1125.5240478515625
49111.0,2.0,39,53,2,25.321761455707826,-3.685489499434053,0.8513997106635237,0,1125.5240478515625
49111.0,2.0,39,54,4,20.501767304180646,-3.627129141072812,0.6466890965784271,0,1125.5240478515625
49111.0,2.0,39,55,1,30.20034343918576,-3.7250958073872846,0.682842712474619,0,1125.5240478515625
49111.0,2.0,39,56,4,22.371342867067373,-3.7673616002022854,0.848528137423857,0,1125.5240478515625
49111.0,2.0,39,57,2,27.319336051611618,-3.7964575200986097,0.848528137423857,0,1125.5240478515625
49111.0,2.0,39,60,2,24.60958148276809,-3.884068790801236,0.848528137423857,0,1125.5240478515625
49111.0,2.0,39,61,2,29.60575351822686,-3.891315846360027,0.8513997106635237,0,1125.5240478515625
49111.0,2.0,39,62,1,33.103761717054184,-3.8950870826081316,0.613407053921902,0,1125.5240478515625
49111.0,2.0,39,64,4,27.12537593911129,2.3029337218904855,0.848528137423857,0,1125.5240478515625
49111.0,2.0,39,67,4,29.848627086002356,2.223672226364408,0.6466890965784271,0,1125.5240478515625
49111.0,2.0,40,1,1,36.879030566047796,0.6613065548649578,0.613407053921902,0,1125.613037109375
49111.0,2.0,40,2,2,33.408751487075094,0.6483395585677131,0.8513997106635237,0,1125.613037109375
49111.0,2.0,40,3,4,33.098324376921376,0.7985522500194625,0.682842712474619,0,1125.613037109375
49111.0,2.0,40,4,1,34.449822572698054,0.5040619446897375,0.682842712474619,0,1125.613037109375
49111.0,2.0,40,5,4,30.665038342586143,0.7180187672054682,0.848528137423857,0,1125.613037109375
49111.0,2.0,40,6,2,31.40048050456414,0.558470796362926,0.848528137423857,0,1125.613037109375
49111.0,2.0,40,7,5,28.36974722523538,0.9245643153867767,0.613407053921902,0,1125.613037109375
49111.0,2.0,40,8,5,28.098834089325035,0.8008932665356888,0.8513997106635237,0,1125.613037109375
49111.0,2.0,40,9,2,28.4638380501409,0.6243370344616067,0.848528137423857,0,1125.613037109375
49111.0,2.0,40,10,2,29.678875920591793,0.4572712985167876,0.8513997106635237,0,1125.613037109375
49111.0,2.0,40,11,1,30.98447345793611,0.35013323647541184,0.613407053921902,0,1125.613037109375
49111.0,2.0,40,12,4,25.678589859487712,0.704908991629314,0.848528137423857,0,1125.613037109375
49111.0,2.0,40,13,4,26.552506031202018,0.5160925180252603,0.848528137423857,0,1125.613037109375
49111.0,2.0,40,14,5,23.099564450415972,0.8042476067753811,0.682842712474619,0,1125.613037109375
49111.0,2.0,40,15,5,23.54220629346697,0.5902717282794353,0.8513997106635237,0,1125.613037109375
49111.0,2.0,40,16,4,24.997621417434704,0.3927667892545087,0.682842712474619,0,1125.613037109375
49111.0,2.0,40,17,5,20.12007101373677,0.5565373536841024,0.613407053921902,0,1125.613037109375
49111.0,2.0,40,18,1,11.361763125274685,-1.9427724174941914,0.613407053921902,0,1125.613037109375
49111.0,2.0,40,19,2,8.276948766375009,-1.7720610628794509,0.8513997106635237,0,1125.613037109375
49111.0,2.0,40,20,4,6.918257115485259,-2.419179086281195,0.6466890965784271,0,1125.613037109375
49111.0,2.0,40,21,1,11.796333339069015,-1.4106656980440695,0.682842712474619,0,1125.613037109375
49111.0,2.0,40,22,4,4.86439933484353,-1.9178728761703367,0.848528137423857,0,1125.613037109375
49111.0,2.0,40,23,2,8.325141455498551,-1.3428986308875328,0.848528137423857,0,1125.613037109375
49111.0,2.0,40,26,2,4.945955950237521,-1.1806842576744467,0.848528137423857,0,1125.613037109375
49111.0,2.0,40,27,2,9.752337136652132,-0.9819541883281978,0.8513997106635237,0,1125.613037109375
49111.0,2.0,40,28,1,13.202651217940598,-0.9301598255298374,0.613407053921902,0,1125.613037109375
49111.0,2.0,40,30,4,7.089610682862191,-0.7013108470716514,0.848528137423857,0,1125.613037109375
49111.0,2.0,40,32,5,5.515168142693667,-0.18948934258743622,0.7685569981889047,1,1125.613037109375
49111.0,2.0,40,33,4,10.052993534635217,-0.472400424613329,0.682842712474619,0,1125.613037109375
49111.0,2.0,40,34,5,8.02092882455195,0.18000785148180476,0.6034068236642477,0,1125.613037109375
49111.0,2.0,40,35,1,44.56668373684631,1.3927876827571088,0.613407053921902,0,1125.613037109375
49111.0,2.0,40,36,2,41.74052083687668,1.4406622684781465,0.8513997106635237,0,1125.613037109375
49111.0,2.0,40,37,4,38.896229625748695,1.33856176826757,0.682842712474619,0,1125.613037109375
49111.0,2.0,40,38,1,44.96248970384649,1.528948817753232,0.682842712474619,0,1125.613037109375
49111.0,2.0,40,39,4,38.23763302985825,1.4286636440095228,0.848528137423857,0,1125.613037109375
49111.0,2.0,40,40,2,41.43031475092691,1.525378908072177,0.848528137423857,0,1125.613037109375
49111.0,2.0,40,41,5,32.8049386415238,1.3278585597265513,0.613407053921902,0,1125.613037109375
49111.0,2.0,40,42,5,34.74135978511027,1.4142475656517166,0.8513997106635237,0,1125.613037109375
49111.0,2.0,40,43,2,37.89876621149088,1.521143620693254,0.848528137423857,0,1125.613037109375
49111.0,2.0,40,44,2,41.42065766001318,1.6107513437340737,0.8513997106635237,0,1125.613037109375
49111.0,2.0,40,45,1,44.056429286000295,1.6646636993394597,0.613407053921902,0,1125.613037109375
49111.0,2.0,40,46,4,34.368037190762195,1.516038018475046,0.848528137423857,0,1125.613037109375
49111.0,2.0,40,47,4,37.888208996736424,1.614478967883859,0.848528137423857,0,1125.613037109375
49111.0,2.0,40,48,5,30.838409173269362,1.5097634907343784,0.6466890965784271,0,1125.613037109375
49111.0,2.0,40,50,4,38.206233543854005,1.7070610300781301,0.6466890965784271,0,1125.613037109375
49111.0,2.0,40,52,1,27.48119475429417,-3.538703554559704,0.613407053921902,0,1125.613037109375
49111.0,2.0,40,53,2,26.35591555400401,-3.661926956558995,0.8513997106635237,0,1125.613037109375
49111.0,2.0,40,54,4,21.570347332739566,-3.60116429503149,0.6466890965784271,0,1125.613037109375
49111.0,2.0,40,55,1,31.20879179533479,-3.7039103253494448,0.682842712474619,0,1125.613037109375
49111.0,2.0,40,56,4,23.35453669124383,-3.73726217192164,0.848528137423857,0,1125.613037109375
49111.0,2.0,40,57,2,28.280537206662462,-3.770611889831595,0.848528137423857,0,1125.613037109375
49111.0,2.0,40,60,2,25.506643920168795,-3.852255115169596,0.848528137423857,0,1125.613037109375
49111.0,2.0,40,61,2,30.49497146588351,-3.864498159323269,0.8513997106635237,0,1125.613037109375
49111.0,2.0,40,62,1,33.988841774167376,-3.8709294265259993,0.613407053921902,0,1125.613037109375
49111.0,2.0,40,64,4,27.941785627942842,2.334879895816035,0.848528137423857,0,1125.613037109375
49111.0,2.0,40,67,4,30.592448154496275,2.254834993156943,0.6466890965784271,0,1125.613037109375
49111.0,2.0,41,1,1,35.38344625641885,0.6946309203023796,0.613407053921902,0,1125.8470458984375
49111.0,2.0,41,2,2,31.899428384838888,0.6846864821020028,0.8513997106635237,0,1125.8470458984375
49111.0,2.0,41,3,4,31.78843082913051,0.8418254472210908,0.682842712474619,0,1125.8470458984375
49111.0,2.0,41,4,1,32.78174382153144,0.5323467285638884,0.682842712474619,0,1125.8470458984375
49111.0,2.0,41,5,4,29.246364467584442,0.7612152449946853,0.848528137423857,0,1125.8470458984375
49111.0,2.0,41,6,2,29.789579239590402,0.5926228276225459,0.848528137423857,0,1125.8470458984375
49111.0,2.0,41,7,5,27.25670009688208,0.9808242665693111,0.613407053921902,0,1125.8470458984375
49111.0,2.0,41,8,5,26.797875622185177,0.8523501129438072,0.8513997106635237,0,1125.8470458984375
49111.0,2.0,41,9,2,26.929451063160503,0.6660195517779651,0.848528137423857,0,1125.8470458984375
49111.0,2.0,41,10,2,27.968992317640016,0.4875767997065311,0.8513997106635237,0,1125.8470458984375
49111.0,2.0,41,11,1,29.18840470041042,0.3726919879777807,0.613407053921902,0,1125.8470458984375
49111.0,2.0,41,12,4,24.248126481327937,0.7562310871002099,0.848528137423857,0,1125.8470458984375
49111.0,2.0,41,13,4,24.90061916008369,0.5541455429689012,0.848528137423857,0,1125.8470458984375
49111.0,2.0,41,14,5,21.8116469150268,0.8676891450178882,0.682842712474619,0,1125.8470458984375
49111.0,2.0,41,15,5,21.973100323960836,0.6389181089934642,0.8513997106635237,0,1125.8470458984375
49111.0,2.0,41,16,4,23.235454257403653,0.42439220412921774,0.682842712474619,0,1125.8470458984375
49111.0,2.0,41,17,5,18.517624041583513,0.6113291940752926,0.613407053921902,0,1125.8470458984375
49111.0,2.0,41,18,1,12.19152245815018,-2.090026801702108,0.613407053921902,0,1125.8470458984375
49111.0,2.0,41,19,2,8.862728561171004,-1.9859593496367243,0.8513997106635237,0,1125.8470458984375
49111.0,2.0,41,20,4,8.454511271974651,-2.569912501470601,0.6466890965784271,0,1125.8470458984375
49111.0,2.0,41,21,1,11.645477845500633,-1.574161094779857,0.682842712474619,0,1125.8470458984375
49111.0,2.0,41,22,4,5.805381775269016,-2.2341311869815685,0.848528137423857,0,1125.8470458984375
49111.0,2.0,41,23,2,8.109972518922332,-1.5756238764895418,0.848528137423857,0,1125.8470458984375
49111.0,2.0,41,26,2,4.574511369021267,-1.5793477332939925,0.848528137423857,0,1125.8470458984375
49111.0,2.0,41,27,2,8.831497662704477,-1.163749487020527,0.8513997106635237,0,1125.8470458984375
49111.0,2.0,41,28,1,12.152933335499274,-1.0571676778973367,0.613407053921902,0,1125.8470458984375
49111.0,2.0,41,30,4,5.757590726509139,-0.9181755885402597,0.848528137423857,0,1125.8470458984375
49111.0,2.0,41,33,4,8.388894306323285,-0.5767393250159563,0.6466890965784271,0,1125.8470458984375
49111.0,2.0,41,34,5,6.141586821256331,0.23600163429574683,0.43533959677349143,1,1125.8470458984375
49111.0,2.0,41,35,1,44.26706550896029,1.435481139884991,0.613407053921902,0,1125.8470458984375
49111.0,2.0,41,36,2,41.53502559374637,1.486506249136172,0.8513997106635237,0,1125.8470458984375
49111.0,2.0,41,37,4,38.49970841154795,1.3871052880045305,0.682842712474619,0,1125.8470458984375
49111.0,2.0,41,38,1,44.92314720021424,1.5716567838970552,0.682842712474619,0,1125.8470458984375
49111.0,2.0,41,39,4,38.013206271841064,1.4786766619554208,0.848528137423857,0,1125.8470458984375
49111.0,2.0,41,40,2,41.38761474601414,1.5717310884611848,0.848528137423857,0,1125.8470458984375
49111.0,2.0,41,41,5,32.39672496948792,1.3854079990354498,0.613407053921902,0,1125.8470458984375
49111.0,2.0,41,42,5,34.494193004879925,1.4692488838136857,0.8513997106635237,0,1125.8470458984375
49111.0,2.0,41,43,2,37.8520825630091,1.5718192736982246,0.848528137423857,0,1125.8470458984375
49111.0,2.0,41,44,2,41.54167735727348,1.6569422482314264,0.8513997106635237,0,1125.8470458984375
49111.0,2.0,41,45,1,44.27767518699545,1.707841656891099,0.613407053921902,0,1125.8470458984375
49111.0,2.0,41,46,4,34.316550735020385,1.5719256298599271,0.848528137423857,0,1125.8470458984375
49111.0,2.0,41,47,4,38.02047419020676,1.664944028830622,0.848528137423857,0,1125.8470458984375
49111.0,2.0,41,48,5,30.78101938438035,1.572056418323021,0.682842712474619,0,1125.8470458984375
49111.0,2.0,41,49,5,34.502202214359436,1.6745784568329105,0.765685424949238,0,1125.8470458984375
49111.0,2.0,41,50,4,38.51405926333265,1.7564636393449855,0.682842712474619,0,1125.8470458984375
49111.0,2.0,41,52,1,29.26120366015864,-3.5133308535156575,0.613407053921902,0,1125.8470458984375
49111.0,2.0,41,53,2,28.038059443240673,-3.6278823514529264,0.8513997106635237,0,1125.8470458984375
49111.0,2.0,41,54,4,23.30669376045747,-3.5646228524704826,0.6466890965784271,0,1125.8470458984375
49111.0,2.0,41,55,1,32.84910319387194,-3.672750580814062,0.682842712474619,0,1125.8470458984375
49111.0,2.0,41,56,4,24.967107843147886,-3.694109773891539,0.848528137423857,0,1125.8470458984375
49111.0,2.0,41,57,2,29.854434802057916,-3.7327720982346264,0.848528137423857,0,1125.8470458984375
49111.0,2.0,41,60,2,26.99094244480926,-3.805841941755286,0.848528137423857,0,1125.8470458984375
49111.0,2.0,41,61,2,31.960002774686302,-3.824751395941275,0.8513997106635237,0,1125.8470458984375
49111.0,2.0,41,62,1,35.44352324003952,-3.8348309117010135,0.613407053921902,0,1125.8470458984375
49111.0,2.0,41,64,4,29.30299428499817,-3.9009869268764374,0.848528137423857,0,1125.8470458984375
49111.0,2.0,41,67,4,31.840539789304213,2.3015791525115312,0.6466890965784271,0,1125.8470458984375
49111.0,2.0,42,1,1,33.39796142624616,0.7452613124600709,0.613407053921902,0,1126.0889892578125
49111.0,2.0,42,2,2,29.901110204769882,0.7405643278196499,0.8513997106635237,0,1126.0889892578125
49111.0,2.0,42,3,4,30.094431175535835,0.9073127306633004,0.682842712474619,0,1126.0889892578125
49111.0,2.0,42,4,1,30.536502667733973,0.5762520401119497,0.682842712474619,0,1126.0889892578125
49111.0,2.0,42,5,4,27.3956251659766,0.8277484307566385,0.848528137423857,0,1126.0889892578125
49111.0,2.0,42,6,2,27.639136779816784,0.6460089257111334,0.848528137423857,0,1126.0889892578125
49111.0,2.0,42,7,5,25.881132942792057,1.065698324440787,0.613407053921902,0,1126.0889892578125
49111.0,2.0,42,8,5,25.138897449800528,0.9315030750682542,0.8513997106635237,0,1126.0889892578125
49111.0,2.0,42,9,2,24.907142925079103,0.7315668370720358,0.848528137423857,0,1126.0889892578125
49111.0,2.0,42,10,2,25.666463963488397,0.5357941345817099,0.8513997106635237,0,1126.0889892578125
49111.0,2.0,42,11,1,26.746934309901008,0.4086509607024009,0.613407053921902,0,1126.0889892578125
49111.0,2.0,42,12,4,22.40110835309751,0.8371982540996308,0.848528137423857,0,1126.0889892578125
49111.0,2.0,42,13,4,22.698265553692544,0.6153984525664284,0.848528137423857,0,1126.0889892578125
49111.0,2.0,42,14,5,20.20528500675286,0.9675372715880823,0.682842712474619,0,1126.0889892578125
49111.0,2.0,42,15,5,19.91620309955797,0.7180582624949181,0.8513997106635237,0,1126.0889892578125
49111.0,2.0,42,16,4,20.85801403781225,0.47654454030445326,0.682842712474619,0,1126.0889892578125
49111.0,2.0,42,17,5,16.425824483160945,0.7037196881405907,0.613407053921902,1,1126.0889892578125
49111.0,2.0,42,18,1,13.694669518712596,-2.2581766818131204,0.613407053921902,0,1126.0889892578125
49111.0,2.0,42,19,2,10.217211418874957,-2.2246475541263955,0.8513997106635237,0,1126.0889892578125
49111.0,2.0,42,20,4,10.769856335126219,-2.702921725601449,0.6466890965784271,0,1126.0889892578125
49111.0,2.0,42,21,1,11.949603042642014,-1.7969148026421273,0.682842712474619,0,1126.0889892578125
49111.0,2.0,42,22,4,7.716600204906393,-2.507069804294308,0.848528137423857,0,1126.0889892578125
49111.0,2.0,42,23,2,8.540932175183917,-1.8898554640078702,0.848528137423857,0,1126.0889892578125
49111.0,2.0,42,26,2,5.301134969557409,-2.1006138646950787,0.848528137423857,0,1126.0889892578125
49111.0,2.0,42,27,2,8.154976128977626,-1.4655779062325354,0.8513997106635237,0,1126.0889892578125
49111.0,2.0,42,28,1,11.096610214534268,-1.265880309044631,0.613407053921902,0,1126.0889892578125
49111.0,2.0,42,30,4,4.653831239803123,-1.385706279960845,0.848528137423857,0,1126.0889892578125
49111.0,2.0,42,33,4,6.341471316001558,-0.805731089472692,0.6466890965784271,0,1126.0889892578125
49111.0,2.0,42,35,1,43.9887963603989,1.4949931870704218,0.613407053921902,0,1126.0889892578125
49111.0,2.0,42,36,2,41.39645841476552,1.5501064870816341,0.8513997106635237,0,1126.0889892578125
49111.0,2.0,42,37,4,38.1060149186994,1.455283208067975,0.682842712474619,0,1126.0889892578125
49111.0,2.0,42,38,1,45.00294618785175,1.630363476809475,0.682842712474619,0,1126.0889892578125
49111.0,2.0,42,39,4,37.86175193702793,1.5481745171248402,0.848528137423857,0,1126.0889892578125
49111.0,2.0,42,40,2,41.47421676225252,1.6354383105396235,0.848528137423857,0,1126.0889892578125
49111.0,2.0,42,41,5,32.01544740880216,1.4665545065666414,0.613407053921902,0,1126.0889892578125
49111.0,2.0,42,42,5,34.327215881814034,1.545844682487156,0.8513997106635237,0,1126.0889892578125
49111.0,2.0,42,43,2,37.94675409699669,1.6414568191888281,0.848528137423857,0,1126.0889892578125
49111.0,2.0,42,44,2,41.851577542539594,1.7198399626240661,0.8513997106635237,0,1126.0889892578125
49111.0,2.0,42,45,1,44.71491272730042,1.7663723030886644,0.613407053921902,0,1126.0889892578125
49111.0,2.0,42,46,4,34.42094764752363,1.6487086129431798,0.848528137423857,0,1126.0889892578125
49111.0,2.0,42,47,4,38.358832532479816,1.7335268538926938,0.848528137423857,0,1126.0889892578125
49111.0,2.0,42,48,5,30.897364408783965,1.6576149797414792,0.682842712474619,0,1126.0889892578125
49111.0,2.0,42,49,5,34.87471180827821,1.7499521039934418,0.8513997106635237,0,1126.0889892578125
49111.0,2.0,42,50,4,39.08764408367085,1.8229022615036747,0.682842712474619,0,1126.0889892578125
49111.0,2.0,42,51,5,33.006031081595175,1.8372068551115959,0.613407053921902,0,1126.0889892578125
49111.0,2.0,42,52,1,31.735380114855616,-3.4830999751391696,0.613407053921902,0,1126.0889892578125
49111.0,2.0,42,53,2,30.397068723572772,-3.5872722525483347,0.8513997106635237,0,1126.0889892578125
49111.0,2.0,42,54,4,25.73681003318664,-3.5224907094244493,0.6466890965784271,0,1126.0889892578125
49111.0,2.0,42,55,1,35.15082052081965,-3.6346887514755863,0.682842712474619,0,1126.0889892578125
49111.0,2.0,42,56,4,27.24954862431136,-3.64323154733093,0.848528137423857,0,1126.0889892578125
49111.0,2.0,42,57,2,32.080154247290935,-3.686880741343504,0.848528137423857,0,1126.0889892578125
49111.0,2.0,42,60,2,29.115157732237716,-3.7499054048942506,0.848528137423857,0,1126.0889892578125
49111.0,2.0,42,61,2,34.04835981474513,-3.7757774367919947,0.8513997106635237,0,1126.0889892578125
49111.0,2.0,42,62,1,37.512127152232246,-3.789832793818155,0.613407053921902,0,1126.0889892578125
49111.0,2.0,42,64,4,31.27054395621308,-3.8428197918751033,0.848528137423857,0,1126.0889892578125
49111.0,2.0,42,67,4,33.66008658428892,-3.923159289033732,0.6466890965784271,0,1126.0889892578125
49111.0,2.0,43,1,1,20.09775270073044,0.005312537455620214,0.613407053921902,0,1127.281005859375
49111.0,2.0,43,2,2,16.597812505863832,0.006432793363720046,0.8513997106635237,0,1127.281005859375
49111.0,2.0,43,3,4,17.365341217421715,0.2984910056385064,0.682842712474619,0,1127.281005859375
49111.0,2.0,43,4,1,17.30374769702026,-0.2866957896098872,0.682842712474619,0,1127.281005859375
49111.0,2.0,43,5,4,14.336452920146273,0.18284519255479093,0.848528137423857,0,1127.281005859375
49111.0,2.0,43,6,2,14.299167343376846,-0.16815992866053886,0.848528137423857,0,1127.281005859375
49111.0,2.0,43,7,5,14.442221837920387,0.638441906826368,0.613407053921902,0,1127.281005859375
49111.0,2.0,43,8,5,12.672031592579442,0.414787359695316,0.8513997106635237,0,1127.281005859375
49111.0,2.0,43,9,2,11.597960556307118,0.009206021127496244,0.848528137423857,0,1127.281005859375
49111.0,2.0,43,10,2,12.587493533185228,-0.3992608935167439,0.8513997106635237,0,1127.281005859375
49111.0,2.0,43,11,1,14.31599128651617,-0.6264635946318944,0.613407053921902,0,1127.281005859375
49111.0,2.0,43,12,4,9.463571810760278,0.27906093504923746,0.848528137423857,0,1127.281005859375
49111.0,2.0,43,13,4,9.40699185711037,-0.25723732119444387,0.848528137423857,0,1127.281005859375
49111.0,2.0,43,14,5,8.34300268303789,0.658716145514211,0.682842712474619,0,1127.281005859375
49111.0,2.0,43,15,5,6.5983329827693336,0.01618199959246147,0.765685424949238,1,1127.281005859375
49111.0,2.0,43,16,4,8.21403083350835,-0.6381569222292945,0.682842712474619,0,1127.281005859375
49111.0,2.0,43,18,1,26.902742778881663,-3.1455613880393223,0.613407053921902,0,1127.281005859375
49111.0,2.0,43,19,2,23.40277446514787,-3.1461549302684686,0.8513997106635237,0,1127.281005859375
49111.0,2.0,43,20,4,23.953236697453917,-3.3564391681700183,0.6466890965784271,0,1127.281005859375
49111.0,2.0,43,21,1,23.908620977565842,-2.9354723771706768,0.682842712474619,0,1127.281005859375
49111.0,2.0,43,22,4,21.064449813192184,-3.265662802921473,0.848528137423857,0,1127.281005859375
49111.0,2.0,43,23,2,21.039091004955907,-3.027594292364158,0.848528137423857,0,1127.281005859375
49111.0,2.0,43,26,2,18.402840638899512,-3.147394484017183,0.848528137423857,0,1127.281005859375
49111.0,2.0,43,27,2,19.041975946919365,-2.8817062944215794,0.8513997106635237,0,1127.281005859375
49111.0,2.0,43,28,1,20.226207282401774,-2.713684932156565,0.613407053921902,0,1127.281005859375
49111.0,2.0,43,30,4,16.081605679439182,-2.992219921866652,0.848528137423857,0,1127.281005859375
49111.0,2.0,43,33,4,14.267849833706888,-2.7915317692622423,0.6466890965784271,0,1127.281005859375
49111.0,2.0,43,35,1,36.198423133138995,0.9821894402765361,0.613407053921902,0,1127.281005859375
49111.0,2.0,43,36,2,34.37867876585522,1.0669655933234594,0.8513997106635237,0,1127.281005859375
49111.0,2.0,43,37,4,30.09694100848438,0.9866745579432448,0.682842712474619,0,1127.281005859375
49111.0,2.0,43,38,1,38.8324767340887,1.1291680725185245,0.682842712474619,0,1127.281005859375
49111.0,2.0,43,39,4,30.997941228732426,1.098662987769334,0.848528137423857,0,1127.281005859375
49111.0,2.0,43,40,2,35.52379563106433,1.162718421290669,0.848528137423857,0,1127.281005859375
49111.0,2.0,43,41,5,24.522515780842337,1.0781814640213825,0.613407053921902,0,1127.281005859375
49111.0,2.0,43,42,5,27.65594270955222,1.138069133306078,0.8513997106635237,0,1127.281005859375
49111.0,2.0,43,43,2,32.26327421034186,1.2031034383406372,0.848528137423857,0,1127.281005859375
49111.0,2.0,43,44,2,36.97278131800996,1.25173451260489,0.8513997106635237,0,1127.281005859375
49111.0,2.0,43,45,1,40.31108960722544,1.2789727068069232,0.613407053921902,0,1127.281005859375
49111.0,2.0,43,46,4,29.067123516196016,1.2524657970057977,0.848528137423857,0,1127.281005859375
49111.0,2.0,43,47,4,33.8521102019279,1.2987100314143243,0.848528137423857,0,1127.281005859375
49111.0,2.0,43,48,5,25.959130883754188,1.3138293360755045,0.682842712474619,0,1127.281005859375
49111.0,2.0,43,49,5,30.821164349478366,1.3550705363904472,0.8513997106635237,0,1127.281005859375
49111.0,2.0,43,50,4,35.721308311359934,1.385037032916868,0.682842712474619,0,1127.281005859375
49111.0,2.0,43,51,5,30.26568829908959,1.4682742278953285,0.613407053921902,0,1127.281005859375
49111.0,2.0,43,52,1,40.37528628669677,-3.983137285673044,0.613407053921902,0,1127.281005859375
49111.0,2.0,43,53,2,38.132611061565555,-4.05163241427743,0.8513997106635237,0,1127.281005859375
49111.0,2.0,43,54,4,34.322417320971965,-3.962108577723998,0.6466890965784271,0,1127.281005859375
49111.0,2.0,43,55,1,42.191986466511715,-4.124425465634466,0.682842712474619,0,1127.281005859375
49111.0,2.0,43,56,4,34.62729449467387,-4.064326050057623,0.848528137423857,0,1127.281005859375
49111.0,2.0,43,57,2,38.731346731537066,-4.142332093798736,0.848528137423857,0,1127.281005859375
49111.0,2.0,43,60,2,35.285559614193254,-4.1637440701699795,0.848528137423857,0,1127.281005859375
49111.0,2.0,43,61,2,39.637588384063704,-4.229579109018999,0.8513997106635237,0,1127.281005859375
49111.0,2.0,43,62,1,42.768397209117325,-4.267582289534545,0.613407053921902,0,1127.281005859375
49111.0,2.0,43,64,4,36.27798107051578,-4.258624513422731,0.848528137423857,0,1127.281005859375
49111.0,2.0,43,67,4,37.57809340318659,-4.34770070575744,0.6466890965784271,0,1127.281005859375
49111.0,2.0,43,68,5,31.69349604951855,-4.394621297825239,0.43533959677349143,0,1127.281005859375
49111.0,2.0,44,1,1,16.499770972264564,-0.03321597290763001,0.613407053921902,0,1127.5989990234375
49111.0,2.0,44,2,2,12.999802771555517,-0.03219726557818392,0.8513997106635237,0,1127.5989990234375
49111.0,2.0,44,3,4,13.950597690317483,0.33435990375580715,0.682842712474619,0,1127.5989990234375
49111.0,2.0,44,4,1,13.905774637955036,-0.39999219459662116,0.682842712474619,0,1127.5989990234375
49111.0,2.0,44,5,4,10.807810124880659,0.2023702871361457,0.848528137423857,0,1127.5989990234375
49111.0,2.0,44,6,2,10.778889361976207,-0.2651158962708582,0.848528137423857,0,1127.5989990234375
49111.0,2.0,44,7,5,11.717920462438187,0.7823652754613952,0.613407053921902,0,1127.5989990234375
49111.0,2.0,44,8,5,9.466923855804653,0.5272112772925912,0.8513997106635237,0,1127.5989990234375
49111.0,2.0,44,9,2,7.999896466445939,-0.029195716026768626,0.848528137423857,0,1127.5989990234375
49111.0,2.0,44,10,2,9.400746760556057,-0.5899869921222243,0.8513997106635237,0,1127.5989990234375
49111.0,2.0,44,11,1,11.62699561295526,-0.849033330075621,0.613407053921902,0,1127.5989990234375
49111.0,2.0,44,12,4,6.067308387578844,0.3990189504234418,0.848528137423857,1,1127.5989990234375
49111.0,2.0,44,13,4,6.0156402196470795,-0.4542031328971943,0.848528137423857,0,1127.5989990234375
49111.0,2.0,44,14,5,5.884396202340132,0.9988862786564889,0.6466890965784271,0,1127.5989990234375
49111.0,2.0,44,16,4,5.777327325902256,-1.0618683230664896,0.6466890965784271,0,1127.5989990234375
49111.0,2.0,44,18,1,30.50041103096144,-3.1806392191548345,0.613407053921902,0,1127.5989990234375
49111.0,2.0,44,19,2,27.00041931332616,-3.1809045500604807,0.8513997106635237,0,1127.5989990234375
49111.0,2.0,44,20,4,27.470838118142396,-3.363935477912839,0.6466890965784271,0,1127.5989990234375
49111.0,2.0,44,21,1,27.448102653511175,-2.997720298226726,0.682842712474619,0,1127.5989990234375
49111.0,2.0,44,22,4,24.633981799884786,-3.2828009990853513,0.848528137423857,0,1127.5989990234375
49111.0,2.0,44,23,2,24.62130694133246,-3.0794274552410403,0.848528137423857,0,1127.5989990234375
49111.0,2.0,44,26,2,22.000435716615353,-3.181430039780201,0.848528137423857,0,1127.5989990234375
49111.0,2.0,44,27,2,22.5476133527071,-2.9578191333566517,0.8513997106635237,0,1127.5989990234375
49111.0,2.0,44,28,1,23.562849047404075,-2.812373229902759,0.613407053921902,0,1127.5989990234375
49111.0,2.0,44,30,4,19.652106353385996,-3.0542360287897967,0.848528137423857,0,1127.5989990234375
49111.0,2.0,44,33,4,17.70286407699793,-2.8959297145323393,0.6466890965784271,0,1127.5989990234375
49111.0,2.0,44,35,1,34.292685299399906,1.0318396325581112,0.613407053921902,0,1127.5989990234375
49111.0,2.0,44,36,2,32.75272042145258,1.1256564135447424,0.8513997106635237,0,1127.5989990234375
49111.0,2.0,44,37,4,28.233249745434684,1.0553084094993561,0.682842712474619,0,1127.5989990234375
49111.0,2.0,44,38,1,37.394718862742984,1.1787507472144283,0.682842712474619,0,1127.5989990234375
49111.0,2.0,44,39,4,29.49458049852918,1.1698278345308328,0.848528137423857,0,1127.5989990234375
49111.0,2.0,44,40,2,34.21336847786208,1.2218757076279692,0.848528137423857,0,1127.5989990234375
49111.0,2.0,44,41,5,22.99854016867538,1.178537774380094,0.613407053921902,0,1127.5989990234375
49111.0,2.0,44,42,5,26.308171022756397,1.224829501089735,0.8513997106635237,0,1127.5989990234375
49111.0,2.0,44,43,2,31.10858669853628,1.273722114468265,0.848528137423857,0,1127.5989990234375
49111.0,2.0,44,44,2,35.963432402901944,1.3094816848822017,0.8513997106635237,0,1127.5989990234375
49111.0,2.0,44,45,1,39.38344173470015,1.3292510477961825,0.613407053921902,0,1127.5989990234375
49111.0,2.0,44,46,4,28.105760088614037,1.336848810456862,0.848528137423857,0,1127.5989990234375
49111.0,2.0,44,47,4,33.023598440758676,1.3664800013750769,0.848528137423857,0,1127.5989990234375
49111.0,2.0,44,48,5,25.241302144245868,1.4146760485374468,0.682842712474619,0,1127.5989990234375
49111.0,2.0,44,49,5,30.211713585211616,1.4343450309244699,0.8513997106635237,0,1127.5989990234375
49111.0,2.0,44,50,4,35.19050925423798,1.4484526751344993,0.682842712474619,0,1127.5989990234375
49111.0,2.0,44,51,5,30.06659388286306,-4.732746608531723,0.613407053921902,0,1127.5989990234375
49111.0,2.0,44,52,1,42.825470177968725,-3.956759846470388,0.613407053921902,0,1127.5989990234375
49111.0,2.0,44,53,2,40.40752981811596,-4.017600750060084,0.8513997106635237,0,1127.5989990234375
49111.0,2.0,44,54,4,36.83943759321227,-3.9267849952554554,0.6466890965784271,0,1127.5989990234375
49111.0,2.0,44,55,1,44.25373170501759,-4.093169210897156,0.682842712474619,0,1127.5989990234375
49111.0,2.0,44,56,4,36.87756199107799,-4.02273804391477,0.848528137423857,0,1127.5989990234375
49111.0,2.0,44,57,2,40.75020100838214,-4.104345990188839,0.848528137423857,0,1127.5989990234375
49111.0,2.0,44,60,2,37.25271794953247,-4.117623368430586,0.848528137423857,0,1127.5989990234375
49111.0,2.0,44,61,2,41.39310689529318,-4.189020799751103,0.8513997106635237,0,1127.5989990234375
49111.0,2.0,44,62,1,44.39680519043676,-4.230933437421542,0.613407053921902,0,1127.5989990234375
49111.0,2.0,44,64,4,37.954912868415825,-4.209807603140036,0.848528137423857,0,1127.5989990234375
49111.0,2.0,44,66,5,34.536379706809264,-4.234722126191515,0.7685569981889047,0,1127.5989990234375
49111.0,2.0,44,67,4,38.96647054931529,-4.297926787233548,0.682842712474619,0,1127.5989990234375
49111.0,2.0,44,68,5,32.954652073580576,-4.327302550696833,0.6034068236642477,0,1127.5989990234375
49111.0,2.0,45,1,1,13.827138948830617,-0.8863030791735782,0.613407053921902,0,1127.89697265625
49111.0,2.0,45,2,2,10.36297599385589,-0.9280403139057454,0.8513997106635237,0,1127.89697265625
49111.0,2.0,45,3,4,10.738201491082027,-0.45088092166421534,0.682842712474619,0,1127.89697265625
49111.0,2.0,45,4,1,12.225938476672896,-1.3432393327329333,0.682842712474619,0,1127.89697265625
49111.0,2.0,45,5,4,7.761704058000854,-0.6602572460294727,0.848528137423857,0,1127.89697265625
49111.0,2.0,45,6,2,8.793540246689279,-1.261457946343237,0.848528137423857,0,1127.89697265625
49111.0,2.0,45,7,5,8.566750736914798,0.15295419784037323,0.613407053921902,0,1127.89697265625
49111.0,2.0,45,8,5,6.17226281996646,-0.19992839483352354,0.7685569981889047,0,1127.89697265625
49111.0,2.0,45,9,2,5.493553358701231,-1.0786390716506418,0.848528137423857,0,1127.89697265625
49111.0,2.0,45,10,2,8.50067224936092,-1.671854205607344,0.8513997106635237,0,1127.89697265625
49111.0,2.0,45,11,1,11.465994890168272,-1.8604588456405526,0.613407053921902,0,1127.89697265625
49111.0,2.0,45,13,4,5.0114076990211265,-1.7592308413008713,0.848528137423857,0,1127.89697265625
49111.0,2.0,45,14,5,3.2991946554279554,0.7412501731494356,0.5052677403411177,1,1127.89697265625
49111.0,2.0,45,16,4,6.711876469864361,-2.300276532674098,0.6466890965784271,0,1127.89697265625
49111.0,2.0,45,18,1,33.32259935589526,-3.8527515777450985,0.613407053921902,0,1127.89697265625
49111.0,2.0,45,19,2,29.827740911683975,-3.8467362709925688,0.8513997106635237,0,1127.89697265625
49111.0,2.0,45,20,4,29.96017068890611,-4.014131268421064,0.6466890965784271,0,1127.89697265625
49111.0,2.0,45,21,1,30.525013154472237,-3.6824672318498415,0.682842712474619,0,1127.89697265625
49111.0,2.0,45,22,4,27.290273895174366,-3.9330544371190292,0.848528137423857,0,1127.89697265625
49111.0,2.0,45,23,2,27.60147368275456,-3.7509765611617674,0.848528137423857,0,1127.89697265625
49111.0,2.0,45,26,2,24.837597928118612,-3.8352071546861097,0.848528137423857,0,1127.89697265625
49111.0,2.0,45,27,2,25.670772700194266,-3.6396502692837895,0.8513997106635237,0,1127.89697265625
49111.0,2.0,45,28,1,26.79918247177233,-3.5132509801523275,0.613407053921902,0,1127.89697265625
49111.0,2.0,45,30,4,22.67274779121685,-3.717347487195921,0.848528137423857,0,1127.89697265625
49111.0,2.0,45,33,4,20.885418692699822,-3.5770495222442005,0.6466890965784271,0,1127.89697265625
49111.0,2.0,45,35,1,31.443536225961058,0.35678417104756255,0.613407053921902,0,1127.89697265625
49111.0,2.0,45,36,2,30.081513763976208,0.4616643892684551,0.8513997106635237,0,1127.89697265625
49111.0,2.0,45,37,4,25.435797029353086,0.39482216326501485,0.682842712474619,0,1127.89697265625
49111.0,2.0,45,38,1,34.82549597846573,0.5104675456230123,0.682842712474619,0,1127.89697265625
49111.0,2.0,45,39,4,26.922714368228192,0.517475217741191,0.848528137423857,0,1127.89697265625
49111.0,2.0,45,40,2,31.745082276898316,0.5626616561044768,0.848528137423857,0,1127.89697265625
49111.0,2.0,45,41,5,20.468884622871407,0.5504205094623096,0.613407053921902,0,1127.89697265625
49111.0,2.0,45,42,5,23.86980577160425,0.5878313795278398,0.8513997106635237,0,1127.89697265625
49111.0,2.0,45,43,2,28.769520805671306,0.6258559809059507,0.848528137423857,0,1127.89697265625
49111.0,2.0,45,44,2,33.69870957769447,0.6527867106281944,0.8513997106635237,0,1127.89697265625
49111.0,2.0,45,45,1,37.16040119632035,0.6673802728223466,0.613407053921902,0,1127.89697265625
49111.0,2.0,45,46,4,25.93492637369277,0.703233334958854,0.848528137423857,0,1127.89697265625
49111.0,2.0,45,47,4,30.91177940240108,0.7202057863703182,0.848528137423857,0,1127.89697265625
49111.0,2.0,45,48,5,23.292820452443614,0.798854269956379,0.682842712474619,0,1127.89697265625
49111.0,2.0,45,49,5,28.292634809144555,0.8005326407832754,0.8513997106635237,0,1127.89697265625
49111.0,2.0,45,50,4,33.29250492614608,0.8017068985040567,0.682842712474619,0,1127.89697265625
49111.0,2.0,45,51,5,28.481128565816753,-5.359456640676129,0.613407053921902,0,1127.89697265625
49111.0,2.0,45,52,1,43.67953555976262,-4.608615297452444,0.613407053921902,0,1127.89697265625
49111.0,2.0,45,53,2,41.075544144631884,-4.663834172022369,0.8513997106635237,0,1127.89697265625
49111.0,2.0,45,54,4,37.805854400658106,-4.567805197681224,0.6466890965784271,0,1127.89697265625
49111.0,2.0,45,55,1,44.66674407869288,-4.745077411066338,0.682842712474619,0,1127.89697265625
49111.0,2.0,45,56,4,37.54127792634195,-4.661423358533836,0.848528137423857,0,1127.89697265625
49111.0,2.0,45,57,2,41.13715167773155,-4.7498570969247655,0.848528137423857,0,1127.89697265625
49111.0,2.0,45,60,2,37.60867545822291,-4.755533801465946,0.848528137423857,0,1127.89697265625
49111.0,2.0,45,61,2,41.50096588678125,-4.834996062482233,0.8513997106635237,0,1127.89697265625
49111.0,2.0,45,62,1,44.35789173760934,-4.882124141758446,0.613407053921902,0,1127.89697265625
49111.0,2.0,45,63,4,34.081662096898754,-4.762385698187596,0.848528137423857,0,1127.89697265625
49111.0,2.0,45,64,4,38.0062809427735,-4.848489463882624,0.848528137423857,0,1127.89697265625
49111.0,2.0,45,65,5,30.556618151432133,-4.770818954673249,0.6466890965784271,0,1127.89697265625
49111.0,2.0,45,66,5,34.51991617409107,-4.864711889142663,0.8513997106635237,0,1127.89697265625
49111.0,2.0,45,67,4,38.72392429080654,-4.938760598833833,0.682842712474619,0,1127.89697265625
49111.0,2.0,45,68,5,32.64081973124005,-4.952706886764956,0.613407053921902,0,1127.89697265625
49111.0,2.0,46,1,1,13.827138948830617,-0.8863030791735782,0.613407053921902,0,1127.9530029296875
49111.0,2.0,46,2,2,10.36297599385589,-0.9280403139057454,0.8513997106635237,0,1127.9530029296875
49111.0,2.0,46,3,4,10.738201491082027,-0.45088092166421534,0.682842712474619,0,1127.9530029296875
49111.0,2.0,46,4,1,12.225938476672896,-1.3432393327329333,0.682842712474619,0,1127.9530029296875
49111.0,2.0,46,5,4,7.761704058000854,-0.6602572460294727,0.848528137423857,0,1127.9530029296875
49111.0,2.0,46,6,2,8.793540246689279,-1.261457946343237,0.848528137423857,0,1127.9530029296875
49111.0,2.0,46,7,5,8.566750736914798,0.15295419784037323,0.6034068236642477,0,1127.9530029296875
49111.0,2.0,46,8,5,6.17226281996646,-0.19992839483352354,0.7685569981889047,1,1127.9530029296875
49111.0,2.0,46,9,2,5.493553358701231,-1.0786390716506418,0.848528137423857,0,1127.9530029296875
49111.0,2.0,46,10,2,8.50067224936092,-1.671854205607344,0.8513997106635237,0,1127.9530029296875
49111.0,2.0,46,11,1,11.465994890168272,-1.8604588456405526,0.613407053921902,0,1127.9530029296875
49111.0,2.0,46,13,4,5.0114076990211265,-1.7592308413008713,0.848528137423857,0,1127.9530029296875
49111.0,2.0,46,16,4,6.711876469864361,-2.300276532674098,0.6466890965784271,0,1127.9530029296875
49111.0,2.0,46,18,1,33.32259935589526,-3.8527515777450985,0.613407053921902,0,1127.9530029296875
49111.0,2.0,46,19,2,29.827740911683975,-3.8467362709925688,0.8513997106635237,0,1127.9530029296875
49111.0,2.0,46,20,4,29.96017068890611,-4.014131268421064,0.6466890965784271,0,1127.9530029296875
49111.0,2.0,46,21,1,30.525013154472237,-3.6824672318498415,0.682842712474619,0,1127.9530029296875
49111.0,2.0,46,22,4,27.290273895174366,-3.9330544371190292,0.848528137423857,0,1127.9530029296875
49111.0,2.0,46,23,2,27.60147368275456,-3.7509765611617674,0.848528137423857,0,1127.9530029296875
49111.0,2.0,46,26,2,24.837597928118612,-3.8352071546861097,0.848528137423857,0,1127.9530029296875
49111.0,2.0,46,27,2,25.670772700194266,-3.6396502692837895,0.8513997106635237,0,1127.9530029296875
49111.0,2.0,46,28,1,26.79918247177233,-3.5132509801523275,0.613407053921902,0,1127.9530029296875
49111.0,2.0,46,30,4,22.67274779121685,-3.717347487195921,0.848528137423857,0,1127.9530029296875
49111.0,2.0,46,33,4,20.885418692699822,-3.5770495222442005,0.6466890965784271,0,1127.9530029296875
49111.0,2.0,46,35,1,31.443536225961058,0.35678417104756255,0.613407053921902,0,1127.9530029296875
49111.0,2.0,46,36,2,30.081513763976208,0.4616643892684551,0.8513997106635237,0,1127.9530029296875
49111.0,2.0,46,37,4,25.435797029353086,0.39482216326501485,0.682842712474619,0,1127.9530029296875
49111.0,2.0,46,38,1,34.82549597846573,0.5104675456230123,0.682842712474619,0,1127.9530029296875
49111.0,2.0,46,39,4,26.922714368228192,0.517475217741191,0.848528137423857,0,1127.9530029296875
49111.0,2.0,46,40,2,31.745082276898316,0.5626616561044768,0.848528137423857,0,1127.9530029296875
49111.0,2.0,46,41,5,20.468884622871407,0.5504205094623096,0.613407053921902,0,1127.9530029296875
49111.0,2.0,46,42,5,23.86980577160425,0.5878313795278398,0.8513997106635237,0,1127.9530029296875
49111.0,2.0,46,43,2,28.769520805671306,0.6258559809059507,0.848528137423857,0,1127.9530029296875
49111.0,2.0,46,44,2,33.69870957769447,0.6527867106281944,0.8513997106635237,0,1127.9530029296875
49111.0,2.0,46,45,1,37.16040119632035,0.6673802728223466,0.613407053921902,0,1127.9530029296875
49111.0,2.0,46,46,4,25.93492637369277,0.703233334958854,0.848528137423857,0,1127.9530029296875
49111.0,2.0,46,47,4,30.91177940240108,0.7202057863703182,0.848528137423857,0,1127.9530029296875
49111.0,2.0,46,48,5,23.292820452443614,0.798854269956379,0.682842712474619,0,1127.9530029296875
49111.0,2.0,46,49,5,28.292634809144555,0.8005326407832754,0.8513997106635237,0,1127.9530029296875
49111.0,2.0,46,50,4,33.29250492614608,0.8017068985040567,0.682842712474619,0,1127.9530029296875
49111.0,2.0,46,51,5,28.481128565816753,-5.359456640676129,0.613407053921902,0,1127.9530029296875
49111.0,2.0,46,52,1,43.67953555976262,-4.608615297452444,0.613407053921902,0,1127.9530029296875
49111.0,2.0,46,53,2,41.075544144631884,-4.663834172022369,0.8513997106635237,0,1127.9530029296875
49111.0,2.0,46,54,4,37.805854400658106,-4.567805197681224,0.6466890965784271,0,1127.9530029296875
49111.0,2.0,46,55,1,44.66674407869288,-4.745077411066338,0.682842712474619,0,1127.9530029296875
49111.0,2.0,46,56,4,37.54127792634195,-4.661423358533836,0.848528137423857,0,1127.9530029296875
49111.0,2.0,46,57,2,41.13715167773155,-4.7498570969247655,0.848528137423857,0,1127.9530029296875
49111.0,2.0,46,60,2,37.60867545822291,-4.755533801465946,0.848528137423857,0,1127.9530029296875
49111.0,2.0,46,61,2,41.50096588678125,-4.834996062482233,0.8513997106635237,0,1127.9530029296875
49111.0,2.0,46,62,1,44.35789173760934,-4.882124141758446,0.613407053921902,0,1127.9530029296875
49111.0,2.0,46,63,4,34.081662096898754,-4.762385698187596,0.848528137423857,0,1127.9530029296875
49111.0,2.0,46,64,4,38.0062809427735,-4.848489463882624,0.848528137423857,0,1127.9530029296875
49111.0,2.0,46,65,5,30.556618151432133,-4.770818954673249,0.6466890965784271,0,1127.9530029296875
49111.0,2.0,46,66,5,34.51991617409107,-4.864711889142663,0.8513997106635237,0,1127.9530029296875
49111.0,2.0,46,67,4,38.72392429080654,-4.938760598833833,0.682842712474619,0,1127.9530029296875
49111.0,2.0,46,68,5,32.64081973124005,-4.952706886764956,0.613407053921902,0,1127.9530029296875
49111.0,2.0,47,1,1,12.497054277583452,-1.0613690511854277,0.613407053921902,0,1128.166015625
49111.0,2.0,47,2,2,9.17917441390804,-1.1654554736369778,0.8513997106635237,0,1128.166015625
49111.0,2.0,47,3,4,8.672049457235692,-0.6004480978813573,0.6466890965784271,0,1128.166015625
49111.0,2.0,47,4,1,11.971217317096293,-1.563768719788228,0.682842712474619,0,1128.166015625
49111.0,2.0,47,5,4,6.091801082535752,-0.9345513336480542,0.848528137423857,0,1128.166015625
49111.0,2.0,47,6,2,8.435807107881612,-1.5608257522621645,0.848528137423857,0,1128.166015625
49111.0,2.0,47,7,5,6.194826643650489,0.18025109940225992,0.43533959677349143,1,1128.166015625
49111.0,2.0,47,9,2,4.900575381485899,-1.553636564524842,0.848528137423857,0,1128.166015625
49111.0,2.0,47,10,2,9.114188949205948,-1.9591736256282455,0.8513997106635237,0,1128.166015625
49111.0,2.0,47,11,1,12.415933351720657,-2.0683905782531724,0.613407053921902,0,1128.166015625
49111.0,2.0,47,13,4,5.993432881918973,-2.1844656981933084,0.848528137423857,0,1128.166015625
49111.0,2.0,47,16,4,8.533864092573157,-2.530001924935824,0.6466890965784271,0,1128.166015625
49111.0,2.0,47,18,1,35.141219236311,-3.829930166972326,0.613407053921902,0,1128.166015625
49111.0,2.0,47,19,2,31.659507452112976,-3.8192172382783407,0.8513997106635237,0,1128.166015625
49111.0,2.0,47,20,4,31.516211875449038,-3.977606800880097,0.6466890965784271,0,1128.166015625
49111.0,2.0,47,21,1,32.578784710952604,-3.666035123579707,0.682842712474619,0,1128.166015625
49111.0,2.0,47,22,4,28.98997781078756,-3.8957527723756895,0.848528137423857,0,1128.166015625
49111.0,2.0,47,23,2,29.571466223407953,-3.7259383432449718,0.848528137423857,0,1128.166015625
49111.0,2.0,47,26,2,26.693932193697417,-3.7990690721332143,0.848528137423857,0,1128.166015625
49111.0,2.0,47,27,2,27.778027595456045,-3.6195790891255415,0.8513997106635237,0,1128.166015625
49111.0,2.0,47,28,1,29.029395065802856,-3.504409210917295,0.613407053921902,0,1128.166015625
49111.0,2.0,47,30,4,24.692371665222353,-3.685490695639756,0.848528137423857,0,1128.166015625
49111.0,2.0,47,33,4,23.06209923110288,-3.5539292055240463,0.6466890965784271,0,1128.166015625
49111.0,2.0,47,35,1,29.186633221796136,0.3607834037658848,0.613407053921902,0,1128.166015625
49111.0,2.0,47,36,2,27.92741370280698,0.4752285034436614,0.8513997106635237,0,1128.166015625
49111.0,2.0,47,37,4,23.21622788611305,0.40944567970699763,0.682842712474619,0,1128.166015625
49111.0,2.0,47,38,1,32.724419551697615,0.521881172579719,0.682842712474619,0,1128.166015625
49111.0,2.0,47,39,4,24.83638529996209,0.5404063542780646,0.848528137423857,0,1128.166015625
49111.0,2.0,47,40,2,29.711836591432224,0.581235407820984,0.848528137423857,0,1128.166015625
49111.0,2.0,47,41,5,18.434711665799288,0.5930499810202376,0.613407053921902,0,1128.166015625
49111.0,2.0,47,42,5,21.880393812923362,0.6236343788897472,0.8513997106635237,0,1128.166015625
49111.0,2.0,47,43,2,26.827203213835258,0.6536578142537275,0.848528137423857,0,1128.166015625
49111.0,2.0,47,44,2,31.79065949527016,0.6743202557079679,0.8513997106635237,0,1128.166015625
49111.0,2.0,47,45,1,35.27122156024184,0.685320755826349,0.613407053921902,0,1128.166015625
49111.0,2.0,47,46,4,24.11647633707824,0.742923759761744,0.848528137423857,0,1128.166015625
49111.0,2.0,47,47,4,29.11273999101858,0.7502174093272478,0.848528137423857,0,1128.166015625
49111.0,2.0,47,48,5,21.645092505168385,-5.429545015471558,0.682842712474619,0,1128.166015625
49111.0,2.0,47,49,5,26.63563831457948,-5.442344676585243,0.8513997106635237,0,1128.166015625
49111.0,2.0,47,50,4,31.629170512248535,-5.4511038638210305,0.682842712474619,0,1128.166015625
49111.0,2.0,47,51,5,27.056202721911504,-5.31282119710116,0.613407053921902,0,1128.166015625
49111.0,2.0,47,52,1,43.9384624517206,-4.5770926878279035,0.613407053921902,0,1128.166015625
49111.0,2.0,47,53,2,41.20688783828723,-4.628525501843239,0.8513997106635237,0,1128.166015625
49111.0,2.0,47,54,4,38.17146062766509,-4.528302817880382,0.682842712474619,0,1128.166015625
49111.0,2.0,47,55,1,44.597699539157645,-4.714268235947523,0.682842712474619,0,1128.166015625
49111.0,2.0,47,56,4,37.68494139320034,-4.620667243917776,0.848528137423857,0,1128.166015625
49111.0,2.0,47,57,2,41.0621724544226,-4.714430527315285,0.848528137423857,0,1128.166015625
49111.0,2.0,47,59,5,34.16580176581115,-4.6111894663901865,0.765685424949238,0,1128.166015625
49111.0,2.0,47,60,2,37.52664665499041,-4.714623398842999,0.848528137423857,0,1128.166015625
49111.0,2.0,47,61,2,41.221310120328546,-4.8003054227019915,0.8513997106635237,0,1128.166015625
49111.0,2.0,47,62,1,43.96145410747646,-4.8514634038467594,0.613407053921902,0,1128.166015625
49111.0,2.0,47,63,4,33.99112254192649,-4.714856392735606,0.848528137423857,0,1128.166015625
49111.0,2.0,47,64,4,37.70071100825634,-4.808540137403474,0.848528137423857,0,1128.166015625
49111.0,2.0,47,65,5,30.455600702531267,-4.715143482115552,0.682842712474619,0,1128.166015625
49111.0,2.0,47,66,5,34.18319489193222,-4.818470381548107,0.8513997106635237,0,1128.166015625
49111.0,2.0,47,67,4,38.20259169071673,-4.900790368796995,0.682842712474619,0,1128.166015625
49111.0,2.0,47,68,5,32.09999899868758,-4.903401733821903,0.613407053921902,0,1128.166015625
49111.0,2.0,48,1,1,11.518813235652138,-1.244297334182666,0.613407053921902,0,1128.3699951171875
49111.0,2.0,48,2,2,8.523103092427279,-1.4272152840506749,0.8513997106635237,0,1128.3699951171875
49111.0,2.0,48,3,4,6.82787726544283,-0.8003920184835163,0.6466890965784271,0,1128.3699951171875
49111.0,2.0,48,4,1,12.192894024649597,-1.761903864703489,0.682842712474619,0,1128.3699951171875
49111.0,2.0,48,5,4,5.049360918513405,-1.3268538238648357,0.848528137423857,0,1128.3699951171875
49111.0,2.0,48,6,2,8.747538171257267,-1.8387489958702643,0.848528137423857,0,1128.3699951171875
49111.0,2.0,48,9,2,5.419611002541604,-2.0123334042077428,0.848528137423857,0,1128.3699951171875
49111.0,2.0,48,10,2,10.266234060796704,-2.177273583392212,0.8513997106635237,0,1128.3699951171875
49111.0,2.0,48,11,1,13.724500961841821,-2.22267551175473,0.613407053921902,0,1128.3699951171875
49111.0,2.0,48,13,4,7.632058775476606,-2.444480384374662,0.848528137423857,0,1128.3699951171875
49111.0,2.0,48,16,4,10.588883741253795,-2.660518463158812,0.6466890965784271,0,1128.3699951171875
49111.0,2.0,48,18,1,37.02613524320712,-3.7887522756640593,0.613407053921902,0,1128.3699951171875
49111.0,2.0,48,19,2,33.562992463157336,-3.7743814028653744,0.8513997106635237,0,1128.3699951171875
49111.0,2.0,48,20,4,33.173047564397265,-3.923910900325258,0.6466890965784271,0,1128.3699951171875
49111.0,2.0,48,21,1,34.67705064526319,-3.6313828610221726,0.682842712474619,0,1128.3699951171875
49111.0,2.0,48,22,4,30.78308505248453,-3.8423569401640068,0.848528137423857,0,1128.3699951171875
49111.0,2.0,48,23,2,31.600976309612474,-3.6840398542263757,0.848528137423857,0,1128.3699951171875
49111.0,2.0,48,26,2,28.631199171310122,-3.7478298435474136,0.848528137423857,0,1128.3699951171875
49111.0,2.0,48,27,2,29.929399331751075,-3.582694703808544,0.8513997106635237,0,1128.3699951171875
49111.0,2.0,48,28,1,31.284745631376907,-3.477189270142569,0.613407053921902,0,1128.3699951171875
49111.0,2.0,48,30,4,26.774853998219342,-3.6390995763686336,0.848528137423857,0,1128.3699951171875
49111.0,2.0,48,33,4,25.279241429771883,-3.5158829298121663,0.6466890965784271,0,1128.3699951171875
49111.0,2.0,48,35,1,26.95445766704796,0.392208649283349,0.613407053921902,0,1128.3699951171875
49111.0,2.0,48,36,2,25.81671970043811,0.5177644005012505,0.8513997106635237,0,1128.3699951171875
49111.0,2.0,48,37,4,21.036311332150927,0.45486845511465024,0.682842712474619,0,1128.3699951171875
49111.0,2.0,48,38,1,30.667240464684735,0.5608930451717451,0.682842712474619,0,1128.3699951171875
49111.0,2.0,48,39,4,22.811820484662082,0.5945495559192122,0.848528137423857,0,1128.3699951171875
49111.0,2.0,48,40,2,27.737263301419198,0.6287497901498282,0.848528137423857,0,1128.3699951171875
49111.0,2.0,48,41,5,16.499141081233372,0.6744257870629786,0.613407053921902,0,1128.3699951171875
49111.0,2.0,48,42,5,19.981373615392613,0.6938245202651085,0.8513997106635237,1,1128.3699951171875
49111.0,2.0,48,43,2,24.964613219229246,0.712139602209243,0.848528137423857,0,1128.3699951171875
49111.0,2.0,48,44,2,29.953439448809938,0.7243568682747115,0.8513997106635237,0,1128.3699951171875
49111.0,2.0,48,45,1,33.447603351406045,0.7307398566655716,0.613407053921902,0,1128.3699951171875
49111.0,2.0,48,46,4,22.407767646938307,-5.467758380486055,0.848528137423857,0,1128.3699951171875
49111.0,2.0,48,47,4,27.405924041108026,-5.473237023733342,0.848528137423857,0,1128.3699951171875
49111.0,2.0,48,48,5,20.149049323792788,-5.339663087974603,0.682842712474619,0,1128.3699951171875
49111.0,2.0,48,49,5,25.099020105981076,-5.3710381728495875,0.8513997106635237,0,1128.3699951171875
49111.0,2.0,48,50,4,30.06555224685304,-5.392062931787964,0.682842712474619,0,1128.3699951171875
49111.0,2.0,48,51,5,25.776365885181544,-5.235933559347817,0.613407053921902,0,1128.3699951171875
49111.0,2.0,48,52,1,44.3260016335233,-4.523428122733316,0.613407053921902,0,1128.3699951171875
49111.0,2.0,48,53,2,41.47691156352895,-4.570844065800841,0.8513997106635237,0,1128.3699951171875
49111.0,2.0,48,54,4,38.6827813273683,-4.467280782516294,0.682842712474619,0,1128.3699951171875
49111.0,2.0,48,55,1,44.65770722368771,-4.660511057437176,0.682842712474619,0,1128.3699951171875
49111.0,2.0,48,56,4,37.98001360567864,-4.557710855118305,0.848528137423857,0,1128.3699951171875
49111.0,2.0,48,57,2,41.127339509325694,-4.656052895015195,0.848528137423857,0,1128.3699951171875
49111.0,2.0,48,58,5,32.597469824923564,-4.454102510691873,0.613407053921902,0,1128.3699951171875
49111.0,2.0,48,59,5,34.49099410174006,-4.541917398923794,0.8513997106635237,0,1128.3699951171875
49111.0,2.0,48,60,2,37.597942706404496,-4.650757616369925,0.848528137423857,0,1128.3699951171875
49111.0,2.0,48,61,2,41.08018886740764,-4.742086635844792,0.8513997106635237,0,1128.3699951171875
49111.0,2.0,48,62,1,43.69342688003938,-4.7970495287873165,0.613407053921902,0,1128.3699951171875
49111.0,2.0,48,63,4,34.06981855532559,-4.64436541361653,0.848528137423857,0,1128.3699951171875
49111.0,2.0,48,64,4,37.546360116802475,-4.744882217029437,0.848528137423857,0,1128.3699951171875
49111.0,2.0,48,65,5,30.543408078201438,-4.636496792156614,0.682842712474619,0,1128.3699951171875
49111.0,2.0,48,66,5,34.012885773767394,-4.7482586747768245,0.8513997106635237,0,1128.3699951171875
49111.0,2.0,48,67,4,37.826617880629456,-4.838436130437216,0.682842712474619,0,1128.3699951171875
49111.0,2.0,48,68,5,31.73194243491942,-4.82908623314145,0.613407053921902,0,1128.3699951171875
49111.0,2.0,49,1,1,23.231928574906735,2.7557982365078315,0.613407053921902,0,1130.1689453125
49111.0,2.0,49,2,2,22.291712456171588,2.6075166222485846,0.8513997106635237,0,1130.1689453125
49111.0,2.0,49,3,4,17.416023174205574,2.6637571025218714,0.6466890965784271,0,1130.1689453125
49111.0,2.0,49,4,1,27.21255271474555,2.5715339441524594,0.682842712474619,0,1130.1689453125
49111.0,2.0,49,5,4,19.4498394066495,2.506463267108752,0.848528137423857,0,1130.1689453125
49111.0,2.0,49,6,2,24.431513133013798,2.486842655449021,0.848528137423857,0,1130.1689453125
49111.0,2.0,49,9,2,21.869491139129096,2.381390550544255,0.848528137423857,0,1130.1689453125
49111.0,2.0,49,10,2,26.86777295773909,2.3867976274613794,0.8513997106635237,0,1130.1689453125
49111.0,2.0,49,11,1,30.36690683005984,2.3895234471879463,0.613407053921902,0,1130.1689453125
49111.0,2.0,49,13,4,24.56120991369188,2.282443042160188,0.848528137423857,0,1130.1689453125
49111.0,2.0,49,16,4,27.445061890336966,2.2036441773320976,0.6466890965784271,0,1130.1689453125
49111.0,2.0,49,18,1,44.826911234148035,1.3490599716997653,0.613407053921902,0,1130.1689453125
49111.0,2.0,49,19,2,41.80614825447472,1.3898980295915218,0.8513997106635237,0,1130.1689453125
49111.0,2.0,49,20,4,39.422727592734496,1.2815765224925475,0.682842712474619,0,1130.1689453125
49111.0,2.0,49,21,1,44.624618910409644,1.4855512674816236,0.682842712474619,0,1130.1689453125
49111.0,2.0,49,22,4,38.376759140593535,1.3684315109485568,0.848528137423857,0,1130.1689453125
49111.0,2.0,49,23,2,41.1263689517966,1.4735973406192402,0.848528137423857,0,1130.1689453125
49111.0,2.0,49,24,5,33.421930609679336,1.2508923057550314,0.6034068236642477,0,1130.1689453125
49111.0,2.0,49,25,5,34.96851801828524,1.3427666526788138,0.7685569981889047,0,1130.1689453125
49111.0,2.0,49,26,2,37.63508779608876,1.4594232116488868,0.848528137423857,0,1130.1689453125
49111.0,2.0,49,27,2,40.7431272050082,1.559485750827246,0.8513997106635237,0,1130.1689453125
49111.0,2.0,49,28,1,43.13089636398017,1.6205404208775693,0.613407053921902,0,1130.1689453125
49111.0,2.0,49,30,4,37.21591090788306,1.5532613813693397,0.848528137423857,0,1130.1689453125
49111.0,2.0,49,33,4,37.13015238303862,1.6483794989297071,0.6466890965784271,0,1130.1689453125
49111.0,2.0,49,35,1,11.318437134363936,4.783835482619651,0.613407053921902,0,1130.1689453125
49111.0,2.0,49,36,2,9.236068323892798,5.059851048732965,0.8513997106635237,0,1130.1689453125
49111.0,2.0,49,37,4,5.376573175154025,4.604853141685842,0.6466890965784271,0,1130.1689453125
49111.0,2.0,49,38,1,13.845662752625676,5.231342469873827,0.682842712474619,0,1130.1689453125
49111.0,2.0,49,39,4,5.939978772992893,5.2327408101971535,0.848528137423857,0,1130.1689453125
49111.0,2.0,49,40,2,10.80188718694267,5.37855730399494,0.848528137423857,0,1130.1689453125
49111.0,2.0,49,41,5,0.730441154724558,1.3554249654961594,0.4815389220537701,1,1130.1689453125
49111.0,2.0,49,43,2,8.164505896833345,-0.6532370463834836,0.848528137423857,0,1130.1689453125
49111.0,2.0,49,44,2,13.155096940549566,-0.6828219511052094,0.8513997106635237,0,1130.1689453125
49111.0,2.0,49,45,1,16.65186982889122,-0.6929745965527578,0.613407053921902,0,1130.1689453125
49111.0,2.0,49,46,4,6.452716193930795,-0.22374234005042748,0.848528137423857,0,1130.1689453125
49111.0,2.0,49,47,4,11.092112749843773,-0.4445652809544476,0.848528137423857,0,1130.1689453125
49111.0,2.0,49,48,5,6.451041467810215,0.3313416886460705,0.6466890965784271,0,1130.1689453125
49111.0,2.0,49,49,5,9.90016944275385,-0.12558050303202295,0.8513997106635237,0,1130.1689453125
49111.0,2.0,49,50,4,14.297229590765728,-0.32598744211947706,0.682842712474619,0,1130.1689453125
49111.0,2.0,49,51,5,12.235656660527233,0.11182792580026746,0.613407053921902,0,1130.1689453125
49111.0,2.0,49,52,1,39.97294690974344,0.6345879143138946,0.613407053921902,0,1130.1689453125
49111.0,2.0,49,53,2,36.55322893712812,0.6150888268920427,0.8513997106635237,0,1130.1689453125
49111.0,2.0,49,54,4,35.77346959346088,0.7517729925938017,0.682842712474619,0,1130.1689453125
49111.0,2.0,49,55,1,37.98073149250723,0.48639363977119476,0.682842712474619,0,1130.1689453125
49111.0,2.0,49,56,4,33.61194336860456,0.6710661211371332,0.848528137423857,0,1130.1689453125
49111.0,2.0,49,57,2,34.80172633634875,0.5289540791653511,0.848528137423857,0,1130.1689453125
49111.0,2.0,49,58,5,30.637538005123364,0.8514123815565517,0.613407053921902,0,1130.1689453125
49111.0,2.0,49,59,5,30.79589141912375,0.7375226663066246,0.8513997106635237,0,1130.1689453125
49111.0,2.0,49,60,2,31.698333509417964,0.5799564279469802,0.848528137423857,0,1130.1689453125
49111.0,2.0,49,61,2,33.3343931435705,0.4344782565696439,0.8513997106635237,0,1130.1689453125
49111.0,2.0,49,62,1,34.86273023635987,0.34208164460525126,0.613407053921902,0,1130.1689453125
49111.0,2.0,49,63,4,28.695096071602016,0.6418252829351654,0.848528137423857,0,1130.1689453125
49111.0,2.0,49,64,4,30.0799926451836,0.4781135934834897,0.848528137423857,0,1130.1689453125
49111.0,2.0,49,65,5,25.826976784800987,0.7177836364697976,0.682842712474619,0,1130.1689453125
49111.0,2.0,49,66,5,26.89665683348916,0.5322022928663515,0.8513997106635237,0,1130.1689453125
49111.0,2.0,49,67,4,28.806727821713963,0.36600676899716245,0.682842712474619,0,1130.1689453125
49111.0,2.0,49,68,5,23.58457567774777,0.48727622462739606,0.613407053921902,0,1130.1689453125
49111.0,2.0,50,1,1,25.64508503054733,2.745410379741516,0.613407053921902,0,1130.4610595703125
49111.0,2.0,50,2,2,24.5316327089276,2.613021965634209,0.8513997106635237,0,1130.4610595703125
49111.0,2.0,50,3,4,19.736535151907848,2.677417286078107,0.6466890965784271,0,1130.4610595703125
49111.0,2.0,50,4,1,29.395087802708787,2.5698018939872203,0.682842712474619,0,1130.4610595703125
49111.0,2.0,50,5,4,21.552475717246136,2.5302003341280646,0.848528137423857,0,1130.4610595703125
49111.0,2.0,50,6,2,26.49111913652794,2.497517875284036,0.848528137423857,0,1130.4610595703125
49111.0,2.0,50,9,2,23.758947773049094,2.408045042026932,0.848528137423857,0,1130.4610595703125
49111.0,2.0,50,10,2,28.753396022830188,2.3990326999775884,0.8513997106635237,0,1130.4610595703125
49111.0,2.0,50,11,1,32.25053350473399,2.394385175452748,0.613407053921902,0,1130.4610595703125
49111.0,2.0,50,13,4,26.257684380433563,2.3078608635425595,0.848528137423857,0,1130.4610595703125
49111.0,2.0,50,16,4,28.97316652978157,2.2257516766317154,0.6466890965784271,0,1130.4610595703125
49111.0,2.0,50,18,1,44.180588360064135,1.3523307060500254,0.613407053921902,0,1130.4610595703125
49111.0,2.0,50,19,2,41.27097976423277,1.397890861056166,0.8513997106635237,0,1130.4610595703125
49111.0,2.0,50,20,4,38.61377457768767,1.2917426542983597,0.682842712474619,0,1130.4610595703125
49111.0,2.0,50,21,1,44.33468116794056,1.4902997474011401,0.682842712474619,0,1130.4610595703125
49111.0,2.0,50,22,4,37.79305995761286,1.3817952812331575,0.848528137423857,0,1130.4610595703125
49111.0,2.0,50,23,2,40.81158615544063,1.483333668400872,0.848528137423857,0,1130.4610595703125
49111.0,2.0,50,24,5,32.54992876682632,1.2722046993276348,0.6034068236642477,0,1130.4610595703125
49111.0,2.0,50,25,5,34.32691351140866,1.362443319132908,0.7685569981889047,0,1130.4610595703125
49111.0,2.0,50,26,2,37.29084572362181,1.4750517450967084,0.848528137423857,0,1130.4610595703125
49111.0,2.0,50,27,2,40.65559442864161,1.5700730136838743,0.8513997106635237,0,1130.4610595703125
49111.0,2.0,50,28,1,43.199727856092544,1.6274350472105956,0.613407053921902,0,1130.4610595703125
49111.0,2.0,50,30,4,37.12006153828688,1.5700040318697943,0.848528137423857,0,1130.4610595703125
49111.0,2.0,50,33,4,37.285262000278976,1.6649705812973052,0.6466890965784271,0,1130.4610595703125
49111.0,2.0,50,35,1,11.577965488142048,4.499573056383527,0.613407053921902,0,1130.4610595703125
49111.0,2.0,50,36,2,8.841939944736787,4.715720052055786,0.8513997106635237,0,1130.4610595703125
49111.0,2.0,50,37,4,6.360038172021013,4.12850598002851,0.6466890965784271,0,1130.4610595703125
49111.0,2.0,50,38,1,12.880594645554977,4.992822420955418,0.682842712474619,0,1130.4610595703125
49111.0,2.0,50,39,4,5.306438704660802,4.7179388270221025,0.848528137423857,0,1130.4610595703125
49111.0,2.0,50,40,2,9.533525484472666,5.095644890818468,0.848528137423857,0,1130.4610595703125
49111.0,2.0,50,43,2,6.392690975096483,5.30395977485383,0.848528137423857,0,1130.4610595703125
49111.0,2.0,50,44,2,11.340031496422203,5.388990058169338,0.8513997106635237,0,1130.4610595703125
49111.0,2.0,50,45,1,14.8242094509483,5.41462946399702,0.613407053921902,0,1130.4610595703125
49111.0,2.0,50,46,4,3.9805637343308864,-0.46102527960990125,0.848528137423857,1,1130.4610595703125
49111.0,2.0,50,47,4,8.864237365946257,-0.6417829386676615,0.848528137423857,0,1130.4610595703125
49111.0,2.0,50,48,5,3.977848335854509,0.4596509917620353,0.6466890965784271,0,1130.4610595703125
49111.0,2.0,50,49,5,7.317997937949154,-0.24440700896355505,0.8513997106635237,0,1130.4610595703125
49111.0,2.0,50,50,4,11.88624878826771,-0.46276879994137143,0.682842712474619,0,1130.4610595703125
49111.0,2.0,50,51,5,9.601234866492524,0.073395988045728,0.613407053921902,0,1130.4610595703125
49111.0,2.0,50,52,1,37.7928999477685,0.6186442714602238,0.613407053921902,0,1130.4610595703125
49111.0,2.0,50,53,2,34.34636326192798,0.6017292795495859,0.8513997106635237,0,1130.4610595703125
49111.0,2.0,50,54,4,33.79264495246782,0.7477198088312995,0.682842712474619,0,1130.4610595703125
49111.0,2.0,50,55,1,35.6005967050706,0.4632018783376013,0.682842712474619,0,1130.4610595703125
49111.0,2.0,50,56,4,31.495467342834566,0.6653162785524744,0.848528137423857,0,1130.4610595703125
49111.0,2.0,50,57,2,32.47605702021608,0.5118638763273127,0.848528137423857,0,1130.4610595703125
49111.0,2.0,50,58,5,28.854728996493165,0.8626562903561681,0.613407053921902,0,1130.4610595703125
49111.0,2.0,50,59,5,28.79680984009862,0.7411790418369515,0.8513997106635237,0,1130.4610595703125
49111.0,2.0,50,60,2,29.444627241715395,0.5707103470177333,0.848528137423857,0,1130.4610595703125
49111.0,2.0,50,61,2,30.89847714435674,0.4119387999793551,0.8513997106635237,0,1130.4610595703125
49111.0,2.0,50,62,1,32.3400179552528,0.3110023480801809,0.613407053921902,0,1130.4610595703125
49111.0,2.0,50,63,4,26.538234063833457,0.6427442028153643,0.848528137423857,0,1130.4610595703125
49111.0,2.0,50,64,4,27.694903568410886,0.4630743742051546,0.848528137423857,0,1130.4610595703125
49111.0,2.0,50,65,5,23.802723815774797,0.7318930702390214,0.682842712474619,0,1130.4610595703125
49111.0,2.0,50,66,5,24.582503482900602,0.5273644638262838,0.8513997106635237,0,1130.4610595703125
49111.0,2.0,50,67,4,26.306449663981414,0.3425390089049536,0.682842712474619,0,1130.4610595703125
49111.0,2.0,50,68,5,21.217183138793345,0.4852572438163054,0.613407053921902,0,1130.4610595703125
49111.0,2.0,51,1,1,26.979263985180882,2.7660093307713716,0.613407053921902,0,1130.4859619140625
49111.0,2.0,51,2,2,25.785338778691568,2.6411890154239757,0.8513997106635237,0,1130.4859619140625
49111.0,2.0,51,3,4,21.03404832439186,2.7080711873043306,0.6466890965784271,0,1130.4859619140625
49111.0,2.0,51,4,1,30.615946873336092,2.5952571136903013,0.682842712474619,0,1130.4859619140625
49111.0,2.0,51,5,4,22.746639157421853,2.566546867980947,0.848528137423857,0,1130.4859619140625
49111.0,2.0,51,6,2,27.656140366598517,2.5287880247398675,0.848528137423857,0,1130.4859619140625
49111.0,2.0,51,9,2,24.847293554893703,2.4468558483148852,0.848528137423857,0,1130.4859619140625
49111.0,2.0,51,10,2,29.83019450191542,2.431680069455577,0.8513997106635237,0,1130.4859619140625
49111.0,2.0,51,11,1,33.32127336905712,2.4237588070110956,0.613407053921902,0,1130.4859619140625
49111.0,2.0,51,13,4,27.246401616510152,2.3470044562789205,0.848528137423857,0,1130.4859619140625
49111.0,2.0,51,16,4,29.87214095262126,2.2639918864488306,0.6466890965784271,0,1130.4859619140625
49111.0,2.0,51,18,1,43.89101406040931,1.3843652832101607,0.613407053921902,0,1130.4859619140625
49111.0,2.0,51,19,2,41.0477539519671,1.4324561165639604,0.8513997106635237,0,1130.4859619140625
49111.0,2.0,51,20,4,38.24219655671191,1.3279490606618392,0.682842712474619,0,1130.4859619140625
49111.0,2.0,51,21,1,44.242181360329354,1.5227485497267341,0.682842712474619,0,1130.4859619140625
49111.0,2.0,51,22,4,37.54916377838694,1.4194713659191875,0.848528137423857,0,1130.4859619140625
49111.0,2.0,51,23,2,40.71108212115184,1.5185773355106607,0.848528137423857,0,1130.4859619140625
49111.0,2.0,51,24,5,32.15578550584157,1.3150185953504674,0.6034068236642477,0,1130.4859619140625
49111.0,2.0,51,25,5,34.058204538862896,1.4038216381729947,0.7685569981889047,0,1130.4859619140625
49111.0,2.0,51,26,2,37.18082574970685,1.5136139213128006,0.848528137423857,0,1130.4859619140625
49111.0,2.0,51,27,2,40.68004806350537,1.6054789585413514,0.8513997106635237,0,1130.4859619140625
49111.0,2.0,51,28,1,43.305115925978505,1.6606406237854614,0.613407053921902,0,1130.4859619140625
49111.0,2.0,51,30,4,37.14684248228915,1.6087791662828907,0.848528137423857,0,1130.4859619140625
49111.0,2.0,51,33,4,37.44812424378476,1.7032631015813755,0.6466890965784271,0,1130.4859619140625
49111.0,2.0,51,35,1,11.965184623223346,4.381666748405555,0.613407053921902,0,1130.4859619140625
49111.0,2.0,51,36,2,8.953694981270989,4.554192913849642,0.8513997106635237,0,1130.4859619140625
49111.0,2.0,51,37,4,7.254044446836554,3.9621176877392568,0.6466890965784271,0,1130.4859619140625
49111.0,2.0,51,38,1,12.558508940100904,4.882415002055884,0.682842712474619,0,1130.4859619140625
49111.0,2.0,51,39,4,5.490633648563912,4.452575820115026,0.848528137423857,0,1130.4859619140625
49111.0,2.0,51,40,2,9.093654427330042,4.948248607828427,0.848528137423857,0,1130.4859619140625
49111.0,2.0,51,43,2,5.716026144867103,5.093293221578458,0.848528137423857,0,1130.4859619140625
49111.0,2.0,51,44,2,10.498592661388539,5.281840584162437,0.8513997106635237,0,1130.4859619140625
49111.0,2.0,51,45,1,13.937492348210679,5.335675198251607,0.613407053921902,0,1130.4859619140625
49111.0,2.0,51,47,4,7.758791910785227,-0.7531142055623925,0.848528137423857,0,1130.4859619140625
49111.0,2.0,51,48,5,2.7622025593743538,0.6930414508629335,0.5052677403411177,0,1130.4859619140625
49111.0,2.0,51,49,5,5.931041726372464,-0.3031907796612452,0.7685569981889047,1,1130.4859619140625
49111.0,2.0,51,50,4,10.617191198284427,-0.5233537042959919,0.682842712474619,0,1130.4859619140625
49111.0,2.0,51,51,5,8.165798595960359,0.08632828115416702,0.613407053921902,0,1130.4859619140625
49111.0,2.0,51,52,1,36.629306206052966,0.6414453775358446,0.613407053921902,0,1130.4859619140625
49111.0,2.0,51,53,2,33.16930904295375,0.6263072724703158,0.8513997106635237,0,1130.4859619140625
49111.0,2.0,51,54,4,32.75142087613935,0.7776212228037112,0.682842712474619,0,1130.4859619140625
49111.0,2.0,51,55,1,34.31837052320419,0.4819517777858575,0.682842712474619,0,1130.4859619140625
49111.0,2.0,51,56,4,30.375601481467182,0.6945852527573741,0.848528137423857,0,1130.4859619140625
49111.0,2.0,51,57,2,31.22858719734001,0.534451822925474,0.848528137423857,0,1130.4859619140625
49111.0,2.0,51,58,5,27.93954228773584,0.9018149521837475,0.613407053921902,0,1130.4859619140625
49111.0,2.0,51,59,5,27.751599383366162,0.7762198135558462,0.8513997106635237,0,1130.4859619140625
49111.0,2.0,51,60,2,28.243561413458576,0.5982579050580923,0.848528137423857,0,1130.4859619140625
49111.0,2.0,51,61,2,29.584561080008662,0.43142890480045826,0.8513997106635237,0,1130.4859619140625
49111.0,2.0,51,62,1,30.972237558552873,0.32523081885168326,0.613407053921902,0,1130.4859619140625
49111.0,2.0,51,63,4,25.400253232787744,0.6767322108921277,0.848528137423857,0,1130.4859619140625
49111.0,2.0,51,64,4,26.41439678036773,0.48742942316361004,0.848528137423857,0,1130.4859619140625
49111.0,2.0,51,65,5,22.751856347640782,0.7742024766184465,0.682842712474619,0,1130.4859619140625
49111.0,2.0,51,66,5,23.34939956925315,0.5584066698305234,0.8513997106635237,0,1130.4859619140625
49111.0,2.0,51,67,4,24.95479820045829,0.3619223750066478,0.682842712474619,0,1130.4859619140625
49111.0,2.0,51,68,5,19.954735014397517,0.5189235731824859,0.613407053921902,0,1130.4859619140625
49111.0,2.0,52,1,1,30.130269383818735,2.8069252088768186,0.613407053921902,0,1130.8199462890625
49111.0,2.0,52,2,2,28.778550731430922,2.6972331544302066,0.8513997106635237,0,1130.8199462890625
49111.0,2.0,52,3,4,24.124545224839018,2.766609502699426,0.6466890965784271,0,1130.8199462890625
49111.0,2.0,52,4,1,33.5323169807543,2.6473402522116425,0.682842712474619,0,1130.8199462890625
49111.0,2.0,52,5,4,25.631466629555877,2.6379019335155403,0.848528137423857,0,1130.8199462890625
49111.0,2.0,52,6,2,30.466102170745057,2.592262237848371,0.848528137423857,0,1130.8199462890625
49111.0,2.0,52,9,2,27.51273306777736,2.5251170510947913,0.848528137423857,0,1130.8199462890625
49111.0,2.0,52,10,2,32.452454156119074,2.4992115913359867,0.8513997106635237,0,1130.8199462890625
49111.0,2.0,52,11,1,35.92018500345423,2.4853232654233697,0.613407053921902,0,1130.8199462890625
49111.0,2.0,52,13,4,29.697287420495215,2.4278262471749215,0.848528137423857,0,1130.8199462890625
49111.0,2.0,52,16,4,32.123313643088515,2.3445344741346137,0.6466890965784271,0,1130.8199462890625
49111.0,2.0,52,18,1,43.39401825735218,1.4605258166836588,0.613407053921902,0,1130.8199462890625
49111.0,2.0,52,19,2,40.720620961121845,1.5142711383164764,0.8513997106635237,0,1130.8199462890625
49111.0,2.0,52,20,4,37.57602522304768,1.4148519299259645,0.682842712474619,0,1130.8199462890625
49111.0,2.0,52,21,1,44.208373317230254,1.5987362679343753,0.682842712474619,0,1130.8199462890625
49111.0,2.0,52,22,4,37.19127010714507,1.508900488821595,0.848528137423857,0,1130.8199462890625
49111.0,2.0,52,23,2,40.674339233463435,1.601164576700525,0.848528137423857,0,1130.8199462890625
49111.0,2.0,52,24,5,31.474025210934187,1.4184833227415945,0.613407053921902,0,1130.8199462890625
49111.0,2.0,52,25,5,33.66321691261679,1.5024038824514272,0.8513997106635237,0,1130.8199462890625
49111.0,2.0,52,26,2,37.140590636150755,1.6040549891199167,0.848528137423857,0,1130.8199462890625
49111.0,2.0,52,27,2,40.93451810756259,1.6876028293235068,0.8513997106635237,0,1130.8199462890625
49111.0,2.0,52,28,1,43.73479944650184,1.737230953318051,0.613407053921902,0,1130.8199462890625
49111.0,2.0,52,29,4,33.607217580832184,1.6075532165787951,0.848528137423857,0,1130.8199462890625
49111.0,2.0,52,30,4,37.425343998708094,1.6986125672688948,0.848528137423857,0,1130.8199462890625
49111.0,2.0,52,31,5,30.074352432740135,1.6118733885076975,0.6466890965784271,0,1130.8199462890625
49111.0,2.0,52,33,4,38.03799776593325,1.7909328694065865,0.6466890965784271,0,1130.8199462890625
49111.0,2.0,52,35,1,13.437460093486541,4.1429066903981475,0.613407053921902,0,1130.8199462890625
49111.0,2.0,52,36,2,10.046749863717217,4.217611980327992,0.8513997106635237,0,1130.8199462890625
49111.0,2.0,52,37,4,9.856392987312455,3.710090638309685,0.6466890965784271,0,1130.8199462890625
49111.0,2.0,52,38,1,12.438885919882924,4.612938207596121,0.682842712474619,0,1130.8199462890625
49111.0,2.0,52,39,4,7.135515545553475,3.980112172291156,0.848528137423857,0,1130.8199462890625
49111.0,2.0,52,40,2,8.927725477667595,4.573608730038943,0.848528137423857,0,1130.8199462890625
49111.0,2.0,52,43,2,5.448181483883267,4.483716702094432,0.848528137423857,0,1130.8199462890625
49111.0,2.0,52,44,2,9.13626737705767,4.966929069084627,0.8513997106635237,0,1130.8199462890625
49111.0,2.0,52,45,1,12.283056283259475,5.111694472792234,0.613407053921902,0,1130.8199462890625
49111.0,2.0,52,47,4,5.783578551538972,5.121470445176479,0.848528137423857,0,1130.8199462890625
49111.0,2.0,52,48,5,2.1539452255791627,2.1814158510539,0.43175884674785275,0,1130.8199462890625
49111.0,2.0,52,50,4,7.887767760419598,-0.7378954000124391,0.6466890965784271,0,1130.8199462890625
49111.0,2.0,52,51,5,4.8270103789627,0.1463789143603056,0.4815389220537701,1,1130.8199462890625
49111.0,2.0,52,52,1,33.99666191175206,0.700615668194811,0.613407053921902,0,1130.8199462890625
49111.0,2.0,52,53,2,30.510673084707822,0.6909014273753251,0.8513997106635237,0,1130.8199462890625
49111.0,2.0,52,54,4,30.448521671472896,0.8551174548102691,0.682842712474619,0,1130.8199462890625
49111.0,2.0,52,55,1,31.379768517082375,0.5316010859590095,0.682842712474619,0,1130.8199462890625
49111.0,2.0,52,56,4,27.87712454148421,0.7718070315668841,0.848528137423857,0,1130.8199462890625
49111.0,2.0,52,57,2,28.388778994616533,0.594774098308912,0.848528137423857,0,1130.8199462890625
49111.0,2.0,52,58,5,25.989707255917605,1.0034038328087187,0.613407053921902,0,1130.8199462890625
49111.0,2.0,52,59,5,25.46305113926703,0.868797079418516,0.8513997106635237,0,1130.8199462890625
49111.0,2.0,52,60,2,25.537338808589432,0.6724262192350812,0.848528137423857,0,1130.8199462890625
49111.0,2.0,52,61,2,26.569613725616104,0.48433379718706915,0.8513997106635237,0,1130.8199462890625
49111.0,2.0,52,62,1,27.809107565707308,0.3638453473803289,0.613407053921902,0,1130.8199462890625
49111.0,2.0,52,63,4,22.877687252958825,0.7688367283964699,0.848528137423857,0,1130.8199462890625
49111.0,2.0,52,64,4,23.49845259049954,0.5544473882297778,0.848528137423857,0,1130.8199462890625
49111.0,2.0,52,65,5,20.48466437761921,0.8891313183689713,0.682842712474619,0,1130.8199462890625
49111.0,2.0,52,66,5,20.576933074864712,0.6450300333317374,0.8513997106635237,0,1130.8199462890625
49111.0,2.0,52,67,4,21.84488212079024,0.4164082714523445,0.682842712474619,0,1130.8199462890625
49111.0,2.0,52,68,5,17.1183622378837,0.6164207822905174,0.613407053921902,0,1130.8199462890625
49111.0,2.0,53,1,1,31.266167634696526,2.8195305102324832,0.613407053921902,0,1130.9759521484375
49111.0,2.0,53,2,2,29.866459989711668,2.714504860123281,0.8513997106635237,0,1130.9759521484375
49111.0,2.0,53,3,4,25.24497830522936,2.7840188950065365,0.6466890965784271,0,1130.9759521484375
49111.0,2.0,53,4,1,34.5933799303074,2.6637951853519364,0.682842712474619,0,1130.9759521484375
49111.0,2.0,53,5,4,26.68871145955704,2.659604193604942,0.848528137423857,0,1130.9759521484375
49111.0,2.0,53,6,2,31.49577466989879,2.612155112961463,0.848528137423857,0,1130.9759521484375
49111.0,2.0,53,9,2,28.500275597114523,2.549461647818159,0.848528137423857,0,1130.9759521484375
49111.0,2.0,53,10,2,33.42098460244743,2.5207231486580874,0.8513997106635237,0,1130.9759521484375
49111.0,2.0,53,11,1,36.87817462506667,2.505177835457289,0.613407053921902,0,1130.9759521484375
49111.0,2.0,53,13,4,30.61444265132834,2.4534895919159143,0.848528137423857,0,1130.9759521484375
49111.0,2.0,53,16,4,32.97305701010239,2.3705683950832355,0.6466890965784271,0,1130.9759521484375
49111.0,2.0,53,18,1,43.27839923597706,1.488087006318105,0.613407053921902,0,1130.9759521484375
49111.0,2.0,53,19,2,40.67047635167944,1.5437323437971875,0.8513997106635237,0,1130.9759521484375
49111.0,2.0,53,20,4,37.408436802237134,1.4465449126092376,0.682842712474619,0,1130.9759521484375
49111.0,2.0,53,21,1,44.25815347885702,1.6258413093476936,0.682842712474619,0,1130.9759521484375
49111.0,2.0,53,22,4,37.13636030809329,1.5411561601920925,0.848528137423857,0,1130.9759521484375
49111.0,2.0,53,23,2,40.72843919938589,1.6306173294922455,0.848528137423857,0,1130.9759521484375
49111.0,2.0,53,24,5,31.314426632347164,1.4563682916734382,0.613407053921902,0,1130.9759521484375
49111.0,2.0,53,25,5,33.60254257035524,1.5380381024424237,0.8513997106635237,0,1130.9759521484375
49111.0,2.0,53,26,2,37.199830239909474,1.6362995641986817,0.848528137423857,0,1130.9759521484375
49111.0,2.0,53,27,2,41.09165210311737,1.7166095599191704,0.8513997106635237,0,1130.9759521484375
49111.0,2.0,53,28,1,43.94953269880708,1.7641596193072866,0.613407053921902,0,1130.9759521484375
49111.0,2.0,53,29,4,33.6726740865363,1.643172470305612,0.848528137423857,0,1130.9759521484375
49111.0,2.0,53,30,4,37.59714726975492,1.7302734336383383,0.848528137423857,0,1130.9759521484375
49111.0,2.0,53,31,5,30.147480664196515,1.6516531786999307,0.682842712474619,0,1130.9759521484375
49111.0,2.0,53,32,5,34.11109926524869,1.7467337366067484,0.765685424949238,0,1130.9759521484375
49111.0,2.0,53,33,4,38.317927863719305,1.8214974457510207,0.682842712474619,0,1130.9759521484375
49111.0,2.0,53,35,1,14.120701910587277,4.071275127739826,0.613407053921902,0,1130.9759521484375
49111.0,2.0,53,36,2,10.668946349277736,4.118462116086469,0.8513997106635237,0,1130.9759521484375
49111.0,2.0,53,37,4,10.886823177094115,3.6507137332404715,0.6466890965784271,0,1130.9759521484375
49111.0,2.0,53,38,1,12.614670567169792,4.5181386433296336,0.682842712474619,0,1130.9759521484375
49111.0,2.0,53,39,4,7.987791055339201,3.868159751005885,0.848528137423857,0,1130.9759521484375
49111.0,2.0,53,40,2,9.171057913796536,4.443654839528225,0.848528137423857,0,1130.9759521484375
49111.0,2.0,53,43,2,5.838381025438499,4.282169581728743,0.848528137423857,0,1130.9759521484375
49111.0,2.0,53,44,2,8.910117300723567,4.8362181708257435,0.8513997106635237,0,1130.9759521484375
49111.0,2.0,53,45,1,11.868135423594163,5.018402002198284,0.613407053921902,0,1130.9759521484375
49111.0,2.0,53,47,4,5.419278554627328,4.916886144760086,0.848528137423857,0,1130.9759521484375
49111.0,2.0,53,48,5,3.007236684762404,2.5144638877534984,0.39440356905077983,0,1130.9759521484375
49111.0,2.0,53,50,4,7.0463087575756305,5.430469856016597,0.6466890965784271,0,1130.9759521484375
49111.0,2.0,53,52,1,33.08837899195636,0.7239970532243372,0.613407053921902,0,1130.9759521484375
49111.0,2.0,53,53,2,29.59575358998712,0.7167403758680932,0.8513997106635237,0,1130.9759521484375
49111.0,2.0,53,54,4,29.674991714316995,0.8856373146346919,0.682842712474619,0,1130.9759521484375
49111.0,2.0,53,55,1,30.351476535313545,0.5516428604631751,0.682842712474619,0,1130.9759521484375
49111.0,2.0,53,56,4,27.0301080927323,0.8027729930153993,0.848528137423857,0,1130.9759521484375
49111.0,2.0,53,57,2,27.403106408202067,0.619312049585985,0.848528137423857,0,1130.9759521484375
49111.0,2.0,53,58,5,25.36498390163557,1.04330913795147,0.613407053921902,0,1130.9759521484375
49111.0,2.0,53,59,5,24.70515849879026,0.9058920584802799,0.8513997106635237,0,1130.9759521484375
49111.0,2.0,53,60,2,24.60992388783033,0.702801901332474,0.848528137423857,0,1130.9759521484375
49111.0,2.0,53,61,2,25.513758074404777,0.5062338603691843,0.8513997106635237,0,1130.9759521484375
49111.0,2.0,53,62,1,26.691090258724394,0.3798442460607554,0.613407053921902,0,1130.9759521484375
49111.0,2.0,53,63,4,22.03103417251125,0.8067163222484655,0.848528137423857,0,1130.9759521484375
49111.0,2.0,53,64,4,22.487106617455517,0.5825443707556528,0.848528137423857,0,1130.9759521484375
49111.0,2.0,53,65,5,19.750558970720682,0.9363271999181508,0.682842712474619,0,1130.9759521484375
49111.0,2.0,53,66,5,19.631303496466256,0.6817876746209497,0.8513997106635237,0,1130.9759521484375
49111.0,2.0,53,67,4,20.753109990669383,0.4397970390281418,0.682842712474619,0,1130.9759521484375
49111.0,2.0,53,68,5,16.154128983460073,0.6593776380604905,0.613407053921902,1,1130.9759521484375
49111.0,2.0,54,1,1,45.098817268796104,1.7506067684241642,0.613407053921902,0,1132.758056640625
49111.0,2.0,54,2,2,42.81182136465742,1.6903009654507675,0.8513997106635237,0,1132.758056640625
49111.0,2.0,54,3,4,39.05609871463903,1.7710423678669054,0.6466890965784271,0,1132.758056640625
49111.0,2.0,54,4,1,46.80091078505894,1.6229432544305604,0.682842712474619,0,1132.758056640625
49111.0,2.0,54,5,4,39.29704056716114,1.680975175530468,0.848528137423857,0,1132.758056640625
49111.0,2.0,54,6,2,43.321248817281536,1.6090391624727953,0.848528137423857,0,1132.758056640625
49111.0,2.0,54,9,2,39.85142341079661,1.5927102070023738,0.848528137423857,0,1132.758056640625
49111.0,2.0,54,10,2,44.10905972267259,1.5301722955741504,0.8513997106635237,0,1132.758056640625
49111.0,2.0,54,11,1,47.17616337563381,1.4932083423816687,0.613407053921902,0,1132.758056640625
49111.0,2.0,54,13,4,40.70644295926713,1.5075088373914936,0.848528137423857,0,1132.758056640625
49111.0,2.0,54,15,5,37.328539312084516,1.4807277800128535,0.7685569981889047,0,1132.758056640625
49111.0,2.0,54,16,4,41.843673941535634,1.4263732039035986,0.682842712474619,0,1132.758056640625
49111.0,2.0,54,17,5,35.8729504876434,1.3937186729991782,0.6034068236642477,0,1132.758056640625
49111.0,2.0,54,18,1,37.12912566345214,0.5473902795814436,0.613407053921902,0,1132.758056640625
49111.0,2.0,54,19,2,35.7088678484399,0.6352708849815227,0.8513997106635237,0,1132.758056640625
49111.0,2.0,54,20,4,31.107073813935568,0.5765929582950696,0.682842712474619,0,1132.758056640625
49111.0,2.0,54,21,1,40.405401183122216,0.6804349374586405,0.682842712474619,0,1132.758056640625
49111.0,2.0,54,22,4,32.49991834586458,0.6788398497251069,0.848528137423857,0,1132.758056640625
49111.0,2.0,54,23,2,37.265505420422976,0.7223188472154947,0.848528137423857,0,1132.758056640625
49111.0,2.0,54,24,5,26.017011756391025,0.6950406040287471,0.613407053921902,0,1132.758056640625
49111.0,2.0,54,25,5,29.366071272105586,0.7318273350738596,0.8513997106635237,0,1132.758056640625
49111.0,2.0,54,26,2,34.20291425756136,0.7718038733296119,0.848528137423857,0,1132.758056640625
49111.0,2.0,54,27,2,39.08084627361341,0.8018394995873527,0.8513997106635237,0,1132.758056640625
49111.0,2.0,54,28,1,42.51227806984706,0.8187532092573878,0.613407053921902,0,1132.758056640625
49111.0,2.0,54,29,4,31.240371207471494,0.8308429692320997,0.848528137423857,0,1132.758056640625
49111.0,2.0,54,30,4,36.17228213608208,0.855306542680531,0.848528137423857,0,1132.758056640625
49111.0,2.0,54,31,5,28.409192925022246,0.9019409942617314,0.682842712474619,0,1132.758056640625
49111.0,2.0,54,32,5,33.3849583555655,0.9179067879828645,0.8513997106635237,0,1132.758056640625
49111.0,2.0,54,33,4,38.36702550569371,0.9297285699165709,0.682842712474619,0,1132.758056640625
49111.0,2.0,54,34,5,33.25066487888276,1.0229268164486187,0.613407053921902,0,1132.758056640625
49111.0,2.0,54,35,1,30.644152925705217,2.4733711826202986,0.613407053921902,0,1132.758056640625
49111.0,2.0,54,36,2,27.16639170094334,2.4597182147483245,0.8513997106635237,0,1132.758056640625
49111.0,2.0,54,37,4,28.204362070445633,2.282790106863325,0.6466890965784271,0,1132.758056640625
49111.0,2.0,54,38,1,27.028496745053623,2.644430348731058,0.682842712474619,0,1132.758056640625
49111.0,2.0,54,39,4,25.13744992195038,2.348863088719785,0.848528137423857,0,1132.758056640625
49111.0,2.0,54,40,2,24.483018335712902,2.5490104264627202,0.848528137423857,0,1132.758056640625
49111.0,2.0,54,43,2,22.210284495168768,2.4328052548900247,0.848528137423857,0,1132.758056640625
49111.0,2.0,54,44,2,22.041405027915648,2.6591408370069867,0.8513997106635237,0,1132.758056640625
49111.0,2.0,54,45,1,22.590756835007298,2.8142014930377055,0.613407053921902,0,1132.758056640625
49111.0,2.0,54,47,4,19.485945861930983,2.5411780292851915,0.848528137423857,0,1132.758056640625
49111.0,2.0,54,48,5,18.869388925328085,2.1271962333697005,0.39440356905077983,0,1132.758056640625
49111.0,2.0,54,50,4,17.061870791676867,2.6824456692282475,0.6466890965784271,0,1132.758056640625
49111.0,2.0,54,52,1,16.844368851998187,-0.36805516106114156,0.613407053921902,0,1132.758056640625
49111.0,2.0,54,53,2,13.42698895907385,-0.3177812421863855,0.8513997106635237,0,1132.758056640625
49111.0,2.0,54,54,4,15.41937853023915,0.002297131113428108,0.682842712474619,0,1132.758056640625
49111.0,2.0,54,55,1,13.145753335407678,-0.6957783534916178,0.682842712474619,0,1132.758056640625
49111.0,2.0,54,56,4,11.994944090295714,-0.06237285252989655,0.848528137423857,0,1132.758056640625
49111.0,2.0,54,57,2,10.554879534017008,-0.49119088458519866,0.848528137423857,0,1132.758056640625
49111.0,2.0,54,58,5,14.228653350818037,0.4092291900775885,0.613407053921902,0,1132.758056640625
49111.0,2.0,54,59,5,11.509706119252094,0.23679523662857171,0.8513997106635237,0,1132.758056640625
49111.0,2.0,54,60,2,8.660261728137325,-0.17769131329043164,0.848528137423857,0,1132.758056640625
49111.0,2.0,54,61,2,8.217477194865289,-0.7769914581979296,0.8513997106635237,0,1132.758056640625
49111.0,2.0,54,62,1,9.594044518446577,-1.1414198029014986,0.613407053921902,0,1132.758056640625
49111.0,2.0,54,63,4,7.974633811158297,0.24275835403216406,0.848528137423857,0,1132.758056640625
49111.0,2.0,54,64,4,5.578672124292672,-0.4276893075844954,0.848528137423857,0,1132.758056640625
49111.0,2.0,54,65,5,8.785751854240939,0.6568308047114808,0.682842712474619,0,1132.758056640625
49111.0,2.0,54,66,5,4.44029659961912,0.25821589246635757,0.765685424949238,1,1132.758056640625
49111.0,2.0,54,67,4,3.4990044499657516,-1.0867011915732063,0.682842712474619,0,1132.758056640625
49111.0,2.0,55,1,1,45.09107724977394,1.5776422022197514,0.613407053921902,0,1132.8060302734375
49111.0,2.0,55,2,2,42.73263144163214,1.5187202432844382,0.8513997106635237,0,1132.8060302734375
49111.0,2.0,55,3,4,39.07533095726479,1.6021797018080954,0.6466890965784271,0,1132.8060302734375
49111.0,2.0,55,4,1,46.63983373076022,1.4488212940827214,0.682842712474619,0,1132.8060302734375
49111.0,2.0,55,5,4,39.20818097871546,1.5118862917328315,0.848528137423857,0,1132.8060302734375
49111.0,2.0,55,6,2,43.14484622948953,1.4369190309674318,0.848528137423857,0,1132.8060302734375
49111.0,2.0,55,9,2,39.65704756912237,1.4229208987523352,0.848528137423857,0,1132.8060302734375
49111.0,2.0,55,10,2,43.839225841775836,1.3571870974343554,0.8513997106635237,0,1132.8060302734375
49111.0,2.0,55,11,1,46.862192999910285,1.3182663290653012,0.613407053921902,0,1132.8060302734375
49111.0,2.0,55,13,4,40.411401709660645,1.3366110863261254,0.848528137423857,0,1132.8060302734375
49111.0,2.0,55,15,5,37.00385187886392,1.3122335676352308,0.7685569981889047,0,1132.8060302734375
49111.0,2.0,55,16,4,41.45456976473755,1.2540524966478024,0.682842712474619,0,1132.8060302734375
49111.0,2.0,55,17,5,35.44936665519128,1.225624418596627,0.6034068236642477,0,1132.8060302734375
49111.0,2.0,55,18,1,36.00388018108308,0.35918361153865963,0.613407053921902,0,1132.8060302734375
49111.0,2.0,55,19,2,34.625234233323255,0.45032917957134294,0.8513997106635237,0,1132.8060302734375
49111.0,2.0,55,20,4,29.995175365480172,0.39175303145112594,0.682842712474619,0,1132.8060302734375
49111.0,2.0,55,21,1,39.34594192822294,0.4949736999261695,0.682842712474619,0,1132.8060302734375
49111.0,2.0,55,22,4,31.440529249244058,0.49687042101668405,0.848528137423857,0,1132.8060302734375
49111.0,2.0,55,23,2,36.23124590707809,0.5392855282316775,0.848528137423857,0,1132.8060302734375
49111.0,2.0,55,24,5,24.968370048483898,0.5183198279937042,0.613407053921902,0,1132.8060302734375
49111.0,2.0,55,25,5,28.3391410108465,0.5537454156577014,0.8513997106635237,0,1132.8060302734375
49111.0,2.0,55,26,2,33.20095200049592,0.5918057583703461,0.848528137423857,0,1132.8060302734375
49111.0,2.0,55,27,2,38.098550028128706,0.620113425178962,0.8513997106635237,0,1132.8060302734375
49111.0,2.0,55,28,1,41.541388091883015,0.6359489257180684,0.613407053921902,0,1132.8060302734375
49111.0,2.0,55,29,4,30.28041029278343,0.654659980056764,0.848528137423857,0,1132.8060302734375
49111.0,2.0,55,30,4,35.229242796374386,0.6765053421176757,0.848528137423857,0,1132.8060302734375
49111.0,2.0,55,31,5,27.504604728288232,0.7305545296212314,0.682842712474619,0,1132.8060302734375
49111.0,2.0,55,32,5,32.49153092370329,0.7426418982578882,0.8513997106635237,0,1132.8060302734375
49111.0,2.0,55,33,4,37.481940748479914,0.751511624678093,0.682842712474619,0,1132.8060302734375
49111.0,2.0,55,34,5,32.447296333973355,0.850479312109732,0.613407053921902,0,1132.8060302734375
49111.0,2.0,55,35,1,31.432903850989177,2.3029235107606243,0.613407053921902,0,1132.8060302734375
49111.0,2.0,55,36,2,27.944587792394017,2.2932820790267265,0.8513997106635237,0,1132.8060302734375
49111.0,2.0,55,37,4,28.811391625421507,2.1195182674414417,0.6466890965784271,0,1132.8060302734375
49111.0,2.0,55,38,1,27.95896432953526,2.4724002051842318,0.682842712474619,0,1132.8060302734375
49111.0,2.0,55,39,4,25.81278662071854,2.188215368452597,0.848528137423857,0,1132.8060302734375
49111.0,2.0,55,40,2,25.339764257391074,2.3831490524039327,0.848528137423857,0,1132.8060302734375
49111.0,2.0,55,43,2,22.967446938222878,2.2744310845321207,0.848528137423857,0,1132.8060302734375
49111.0,2.0,55,44,2,22.98493677070902,2.4924780348546123,0.8513997106635237,0,1132.8060302734375
49111.0,2.0,55,45,1,23.635141378863747,2.640162762391426,0.613407053921902,0,1132.8060302734375
49111.0,2.0,55,47,4,20.339795588781634,2.383928729162821,0.848528137423857,0,1132.8060302734375
49111.0,2.0,55,48,5,19.321064963918055,1.9858336881552643,0.39440356905077983,0,1132.8060302734375
49111.0,2.0,55,50,4,18.025286414555477,2.523623635376247,0.6466890965784271,0,1132.8060302734375
49111.0,2.0,55,52,1,15.84618518932037,-0.6083208233014162,0.613407053921902,0,1132.8060302734375
49111.0,2.0,55,53,2,12.39875165784643,-0.5652037872977501,0.8513997106635237,0,1132.8060302734375
49111.0,2.0,55,54,4,14.245186667065525,-0.21376690354772465,0.682842712474619,0,1132.8060302734375
49111.0,2.0,55,55,1,12.431119907971198,-0.9707089840865685,0.682842712474619,0,1132.8060302734375
49111.0,2.0,55,56,4,10.840912182081922,-0.29058769755697844,0.848528137423857,0,1132.8060302734375
49111.0,2.0,55,57,2,9.660697512758611,-0.7699346651571238,0.848528137423857,0,1132.8060302734375
49111.0,2.0,55,58,5,13.05791413514766,0.2287860389374563,0.613407053921902,0,1132.8060302734375
49111.0,2.0,55,59,5,10.311241981753449,0.0415633613425499,0.8513997106635237,0,1132.8060302734375
49111.0,2.0,55,60,2,7.558135398342836,-0.4357424257211514,0.848528137423857,0,1132.8060302734375
49111.0,2.0,55,61,2,7.611117539040586,-1.107497138012334,0.8513997106635237,0,1132.8060302734375
49111.0,2.0,55,62,1,9.393705330617783,-1.4656276600437388,0.613407053921902,0,1132.8060302734375
49111.0,2.0,55,63,4,6.776558489849077,0.05083962456926272,0.848528137423857,1,1132.8060302734375
49111.0,2.0,55,64,4,4.661056152821356,-0.778859016191389,0.848528137423857,0,1132.8060302734375
49111.0,2.0,55,65,5,7.7277473582544225,0.5258460099504905,0.6466890965784271,0,1132.8060302734375
49111.0,2.0,55,67,4,3.3653347856973483,-1.6353780657798094,0.6466890965784271,0,1132.8060302734375
49111.0,2.0,56,1,1,45.17373518521638,1.6336231718733472,0.613407053921902,0,1133.18798828125
49111.0,2.0,56,2,2,42.61126392828818,1.579277447870718,0.8513997106635237,0,1133.18798828125
49111.0,2.0,56,3,4,39.26804575054124,1.6701990773533557,0.682842712474619,0,1133.18798828125
49111.0,2.0,56,4,1,46.25429936844647,1.5021183971826768,0.682842712474619,0,1133.18798828125
49111.0,2.0,56,5,4,39.07586873566017,1.580044952108266,0.848528137423857,0,1133.18798828125
49111.0,2.0,56,6,2,42.72778854499935,1.4964401797605582,0.848528137423857,0,1133.18798828125
49111.0,2.0,56,8,5,35.540501140626226,1.5809651509233444,0.765685424949238,0,1133.18798828125
49111.0,2.0,56,9,2,39.202903181097284,1.4897406116010314,0.848528137423857,0,1133.18798828125
49111.0,2.0,56,10,2,43.13476572703417,1.4146105237679438,0.8513997106635237,0,1133.18798828125
49111.0,2.0,56,11,1,46.01061064445749,1.369827986224669,0.613407053921902,0,1133.18798828125
49111.0,2.0,56,12,4,35.680125023699084,1.4817176951733795,0.848528137423857,0,1133.18798828125
49111.0,2.0,56,13,4,39.64608074206619,1.40073854407261,0.848528137423857,0,1133.18798828125
49111.0,2.0,56,14,5,32.16014654175425,1.4719377877583881,0.682842712474619,0,1133.18798828125
49111.0,2.0,56,15,5,36.16649585025817,1.3841935985748148,0.8513997106635237,0,1133.18798828125
49111.0,2.0,56,16,4,40.394997445059644,1.3143696620030016,0.682842712474619,0,1133.18798828125
49111.0,2.0,56,17,5,34.31572358364193,1.2998450713936243,0.613407053921902,0,1133.18798828125
49111.0,2.0,56,18,1,32.62599746567824,0.37172555174220406,0.613407053921902,0,1133.18798828125
49111.0,2.0,56,19,2,31.38315228985554,0.47402171506415725,0.8513997106635237,0,1133.18798828125
49111.0,2.0,56,20,4,26.667618025399854,0.416548207174752,0.682842712474619,0,1133.18798828125
49111.0,2.0,56,21,1,36.175166124675904,0.5163793936797341,0.682842712474619,0,1133.18798828125
49111.0,2.0,56,22,4,28.28353137902552,0.5311129348802639,0.848528137423857,0,1133.18798828125
49111.0,2.0,56,23,2,33.14662190582858,0.5690673998219977,0.848528137423857,0,1133.18798828125
49111.0,2.0,56,24,5,21.86654452213778,0.57275464155969,0.613407053921902,0,1133.18798828125
49111.0,2.0,56,25,5,25.29849890583189,0.601956191213098,0.8513997106635237,0,1133.18798828125
49111.0,2.0,56,26,2,30.228371497452706,0.6321332882860765,0.848528137423857,0,1133.18798828125
49111.0,2.0,56,27,2,35.178044855955896,0.6538337354462687,0.8513997106635237,0,1133.18798828125
49111.0,2.0,56,28,1,38.65052544839965,0.6657133459157845,0.613407053921902,0,1133.18798828125
49111.0,2.0,56,29,4,27.455606768164262,0.7082946606283137,0.848528137423857,0,1133.18798828125
49111.0,2.0,56,30,4,32.44303838279795,0.7201658141217924,0.848528137423857,0,1133.18798828125
49111.0,2.0,56,31,5,24.87702238267521,0.8008820515071557,0.682842712474619,0,1133.18798828125
49111.0,2.0,56,32,5,29.876523210168838,0.7982905564563972,0.8513997106635237,0,1133.18798828125
49111.0,2.0,56,33,4,34.87616715792306,0.7964420550243291,0.682842712474619,0,1133.18798828125
49111.0,2.0,56,34,5,30.125623249081162,0.9147239656345603,0.613407053921902,0,1133.18798828125
49111.0,2.0,56,35,1,33.885453687183436,2.3599100524735013,0.613407053921902,0,1133.18798828125
49111.0,2.0,56,36,2,30.38548065389835,2.3603382286513774,0.8513997106635237,0,1133.18798828125
49111.0,2.0,56,37,4,30.773654821422575,2.197139515783187,0.6466890965784271,0,1133.18798828125
49111.0,2.0,56,38,1,30.814558865393437,2.5233183672722954,0.682842712474619,0,1133.18798828125
49111.0,2.0,56,39,4,27.986095385894313,2.2712614788593264,0.848528137423857,0,1133.18798828125
49111.0,2.0,56,40,2,28.00859044023353,2.450086237793154,0.848528137423857,0,1133.18798828125
49111.0,2.0,56,43,2,25.385532076926907,2.3611547198924825,0.848528137423857,0,1133.18798828125
49111.0,2.0,56,44,2,25.897583716035193,2.555440526869424,0.8513997106635237,0,1133.18798828125
49111.0,2.0,56,45,1,26.81075464770262,2.6837542400899554,0.613407053921902,0,1133.18798828125
49111.0,2.0,56,47,4,23.035384579142477,2.4704379723220224,0.848528137423857,0,1133.18798828125
49111.0,2.0,56,48,5,20.959805332792875,2.121502059398189,0.39440356905077983,0,1133.18798828125
49111.0,2.0,56,50,4,21.019815569821375,2.602540177255827,0.6466890965784271,0,1133.18798828125
49111.0,2.0,56,52,1,13.11538530248502,-0.7950040113718528,0.613407053921902,0,1133.18798828125
49111.0,2.0,56,53,2,9.615605474979844,-0.7984997994577911,0.8513997106635237,0,1133.18798828125
49111.0,2.0,56,54,4,10.77962268124892,-0.3162220492498966,0.682842712474619,0,1133.18798828125
49111.0,2.0,56,55,1,10.895846555033186,-1.2752014866358474,0.682842712474619,0,1133.18798828125
49111.0,2.0,56,56,4,7.500410973416876,-0.4633398924872276,0.848528137423857,0,1133.18798828125
49111.0,2.0,56,57,2,7.5839151017478095,-1.1389749086709076,0.848528137423857,0,1133.18798828125
49111.0,2.0,56,58,5,9.561419269103615,0.2817231276439244,0.613407053921902,0,1133.18798828125
49111.0,2.0,56,59,5,6.712112997398229,0.027314116967780966,0.7685569981889047,1,1133.18798828125
49111.0,2.0,56,60,2,4.616499148728225,-0.8126880561951602,0.848528137423857,0,1133.18798828125
49111.0,2.0,56,61,2,6.8972217515877094,-1.6232284639868844,0.8513997106635237,0,1133.18798828125
49111.0,2.0,56,62,1,9.78281096315527,-1.8649519368289404,0.613407053921902,0,1133.18798828125
49111.0,2.0,56,64,4,3.3716411449418184,-1.678210028761739,0.848528137423857,0,1133.18798828125
49111.0,2.0,56,65,5,4.889238859944187,0.8642674961625181,0.5052677403411177,0,1133.18798828125
49111.0,2.0,56,67,4,5.14041473329932,3.851979415330467,0.6466890965784271,0,1133.18798828125
49111.0,2.0,57,1,1,45.44554952303018,1.6969143826874993,0.613407053921902,0,1133.447998046875
49111.0,2.0,57,2,2,42.73284694818627,1.6467230542501095,0.8513997106635237,0,1133.447998046875
49111.0,2.0,57,3,4,39.65753914485094,1.7425268004372572,0.682842712474619,0,1133.447998046875
49111.0,2.0,57,4,1,46.146202504310594,1.564423382249045,0.682842712474619,0,1133.447998046875
49111.0,2.0,57,5,4,39.208416282847374,1.6535630592438268,0.848528137423857,0,1133.447998046875
49111.0,2.0,57,6,2,42.6107463520739,1.5638946046053133,0.848528137423857,0,1133.447998046875
49111.0,2.0,57,7,5,33.55429254850681,1.741991723082309,0.613407053921902,0,1133.447998046875
49111.0,2.0,57,8,5,35.68618229120327,1.6617537329655883,0.8513997106635237,0,1133.447998046875
49111.0,2.0,57,9,2,39.07530426999537,1.5632701416322912,0.848528137423857,0,1133.447998046875
49111.0,2.0,57,10,2,42.78148198770639,1.4811605319325842,0.8513997106635237,0,1133.447998046875
49111.0,2.0,57,11,1,45.52327162182719,1.431860323016484,0.613407053921902,0,1133.447998046875
49111.0,2.0,57,12,4,35.539880457095755,1.5625214380980061,0.848528137423857,0,1133.447998046875
49111.0,2.0,57,13,4,39.261417449913665,1.4730994471034258,0.848528137423857,0,1133.447998046875
49111.0,2.0,57,14,5,32.004480967773794,1.561607321734713,0.682842712474619,0,1133.447998046875
49111.0,2.0,57,15,5,35.744406545476785,1.463451314592936,0.8513997106635237,0,1133.447998046875
49111.0,2.0,57,16,4,39.76227353359025,1.3844907499793802,0.682842712474619,0,1133.447998046875
49111.0,2.0,57,17,5,33.6594835987608,1.3823813834602274,0.613407053921902,0,1133.447998046875
49111.0,2.0,57,18,1,29.960974769003766,0.4066492763034703,0.613407053921902,0,1133.447998046875
49111.0,2.0,57,19,2,28.85068062042829,0.5196058342369021,0.8513997106635237,0,1133.447998046875
49111.0,2.0,57,20,4,24.062127399509546,0.46499626964482754,0.682842712474619,0,1133.447998046875
49111.0,2.0,57,21,1,33.70070577204111,0.5585872720165848,0.682842712474619,0,1133.447998046875
49111.0,2.0,57,22,4,25.841483623783862,0.5875926500834121,0.848528137423857,0,1133.447998046875
49111.0,2.0,57,23,2,30.759682591828188,0.6195421911571746,0.848528137423857,0,1133.447998046875
49111.0,2.0,57,24,5,19.50870886051695,0.6528478715672803,0.613407053921902,0,1133.447998046875
49111.0,2.0,57,25,5,22.982662584970928,0.6729760856549252,0.8513997106635237,0,1133.447998046875
49111.0,2.0,57,26,2,27.956726860745896,0.6930415504716678,0.848528137423857,0,1133.447998046875
49111.0,2.0,57,27,2,32.93864560114881,0.707041577434931,0.8513997106635237,0,1133.447998046875
49111.0,2.0,57,28,1,36.428936741665815,0.714562249411654,0.613407053921902,0,1133.447998046875
49111.0,2.0,57,29,4,25.33770077143315,0.7823071301981706,0.848528137423857,0,1133.447998046875
49111.0,2.0,57,30,4,30.337680821948346,0.7828165673613005,0.848528137423857,0,1133.447998046875
49111.0,2.0,57,31,5,22.96561743126052,0.891042653983236,0.682842712474619,0,1133.447998046875
49111.0,2.0,57,32,5,27.94271606824837,0.8721729160023742,0.8513997106635237,0,1133.447998046875
49111.0,2.0,57,33,4,32.926754752669964,0.8590121299046743,0.682842712474619,0,1133.447998046875
49111.0,2.0,57,34,5,28.46044877411145,0.9949964643717208,0.613407053921902,0,1133.447998046875
49111.0,2.0,57,35,1,35.986708488271304,2.4163201255955817,0.613407053921902,0,1133.447998046875
49111.0,2.0,57,36,2,32.49371361766367,2.4227925905339163,0.8513997106635237,0,1133.447998046875
49111.0,2.0,57,37,4,32.54561755349666,2.268895880750265,0.6466890965784271,0,1133.447998046875
49111.0,2.0,57,38,1,33.203397829062816,2.57361693700731,0.682842712474619,0,1133.447998046875
49111.0,2.0,57,39,4,29.923584695861702,2.3449128576060927,0.848528137423857,0,1133.447998046875
49111.0,2.0,57,40,2,30.282752909514024,2.510772236362051,0.848528137423857,0,1133.447998046875
49111.0,2.0,57,43,2,27.506810432370145,2.4348896862823377,0.848528137423857,0,1133.447998046875
49111.0,2.0,57,44,2,28.341644675117543,2.6116820489192296,0.8513997106635237,0,1133.447998046875
49111.0,2.0,57,45,1,29.421688680298566,2.7270361540615697,0.613407053921902,0,1133.447998046875
49111.0,2.0,57,47,4,25.35405922676457,2.541139476251381,0.848528137423857,0,1133.447998046875
49111.0,2.0,57,48,5,22.600522403910958,2.2303085391540303,0.39440356905077983,0,1133.447998046875
49111.0,2.0,57,50,4,23.53788474749216,2.6653909345722555,0.6466890965784271,0,1133.447998046875
49111.0,2.0,57,52,1,11.287392324115844,-0.9781682201812774,0.613407053921902,0,1133.447998046875
49111.0,2.0,57,53,2,7.880798730559323,-1.063354504779515,0.8513997106635237,0,1133.447998046875
49111.0,2.0,57,54,4,8.092143467791086,-0.42712389431512765,0.6466890965784271,0,1133.447998046875
49111.0,2.0,57,55,1,10.427424963041304,-1.5425895355343857,0.682842712474619,0,1133.447998046875
49111.0,2.0,57,56,4,5.089527435788804,-0.7190211274251672,0.848528137423857,0,1133.447998046875
49111.0,2.0,57,57,2,6.894018584825431,-1.5281253563238124,0.848528137423857,0,1133.447998046875
49111.0,2.0,57,58,5,6.841976943685094,0.3990174880258605,0.4815389220537701,1,1133.447998046875
49111.0,2.0,57,60,2,3.365084417363099,-1.4832915858962799,0.848528137423857,0,1133.447998046875
49111.0,2.0,57,61,2,7.612358101419785,-2.0106576657436808,0.8513997106635237,0,1133.447998046875
49111.0,2.0,57,62,1,10.969728245222917,-2.118935273746773,0.613407053921902,0,1133.447998046875
49111.0,2.0,57,64,4,4.663078034122199,-2.33939802405764,0.848528137423857,0,1133.447998046875
49111.0,2.0,57,65,5,3.7304684574598643,1.491881127429821,0.43175884674785275,0,1133.447998046875
49111.0,2.0,57,67,4,7.560740728833779,3.6009481257218297,0.6466890965784271,0,1133.447998046875
49111.0,2.0,58,1,1,46.08627621006799,0.9942708429389835,0.613407053921902,0,1133.802001953125
49111.0,2.0,58,2,2,43.19416705929474,0.9500861479387701,0.8513997106635237,0,1133.802001953125
49111.0,2.0,58,3,4,40.49090232842848,1.0507062665061242,0.682842712474619,0,1133.802001953125
49111.0,2.0,58,4,1,46.281302537009374,0.8620898793582915,0.682842712474619,0,1133.802001953125
49111.0,2.0,58,5,4,39.710700973749795,0.9646830215317577,0.848528137423857,0,1133.802001953125
49111.0,2.0,58,6,2,42.757018937275085,0.868425266216955,0.848528137423857,0,1133.802001953125
49111.0,2.0,58,7,5,34.41710981624885,1.0667576653687525,0.613407053921902,0,1133.802001953125
49111.0,2.0,58,8,5,36.23732158571992,0.9820824647626716,0.8513997106635237,0,1133.802001953125
49111.0,2.0,58,9,2,39.234759745445245,0.8758985048866458,0.848528137423857,0,1133.802001953125
49111.0,2.0,58,10,2,42.60973209090545,0.7856417758920441,0.8513997106635237,0,1133.802001953125
49111.0,2.0,58,11,1,45.151913541530966,0.7307887651715911,0.613407053921902,0,1133.802001953125
49111.0,2.0,58,12,4,35.71512391359045,0.8848452663940618,0.848528137423857,0,1133.802001953125
49111.0,2.0,58,13,4,39.07419829937715,0.7856638185765671,0.848528137423857,0,1133.802001953125
49111.0,2.0,58,14,5,32.1989717233863,0.8957470526838313,0.682842712474619,0,1133.802001953125
49111.0,2.0,58,15,5,35.538664530611705,0.7856902470564925,0.8513997106635237,0,1133.802001953125
49111.0,2.0,58,16,4,39.232888922373355,0.695424817701756,0.682842712474619,0,1133.802001953125
49111.0,2.0,58,17,5,33.155510698147026,0.7109982060803282,0.613407053921902,1,1133.802001953125
49111.0,2.0,58,18,1,26.477721119352946,-0.3213540609680809,0.613407053921902,0,1133.802001953125
49111.0,2.0,58,19,2,25.588640109209507,-0.19120946735558747,0.8513997106635237,0,1133.802001953125
49111.0,2.0,58,20,4,20.701584626852064,-0.23712702910637912,0.682842712474619,0,1133.802001953125
49111.0,2.0,58,21,1,30.512315533478827,-0.16006184901393705,0.682842712474619,0,1133.802001953125
49111.0,2.0,58,22,4,22.745371005600408,-0.10407840841183556,0.848528137423857,0,1133.802001953125
49111.0,2.0,58,23,2,27.723181613197564,-0.08534017521202994,0.848528137423857,0,1133.802001953125
49111.0,2.0,58,24,5,16.622853970453463,0.008239927786042404,0.613407053921902,0,1133.802001953125
49111.0,2.0,58,25,5,20.12275581838059,0.006806752775986584,0.8513997106635237,0,1133.802001953125
49111.0,2.0,58,26,2,25.12266304160643,0.005452059150322732,0.848528137423857,0,1133.802001953125
49111.0,2.0,58,27,2,30.12260106428436,0.004547085361281994,0.8513997106635237,0,1133.802001953125
49111.0,2.0,58,28,1,33.622568647876605,0.004073750183261197,0.613407053921902,0,1133.802001953125
49111.0,2.0,58,29,4,22.775460431039804,0.11604142771870474,0.848528137423857,0,1133.802001953125
49111.0,2.0,58,30,4,27.74787369190273,0.0951768423673326,0.848528137423857,0,1133.802001953125
49111.0,2.0,58,31,5,20.767643038862694,0.24994893461083464,0.682842712474619,0,1133.802001953125
49111.0,2.0,58,32,5,25.64211172983906,0.20169813354045174,0.8513997106635237,0,1133.802001953125
49111.0,2.0,58,33,4,30.55717248931055,0.16891217757638574,0.682842712474619,0,1133.802001953125
49111.0,2.0,58,34,5,26.565516763841924,0.33113817154268377,0.613407053921902,0,1133.802001953125
49111.0,2.0,58,35,1,38.94364486607684,1.69637662545481,0.613407053921902,0,1133.802001953125
49111.0,2.0,58,36,2,35.473915606973755,1.7087346593115436,0.8513997106635237,0,1133.802001953125
49111.0,2.0,58,37,4,35.1371823723335,1.5673159707669937,0.6466890965784271,0,1133.802001953125
49111.0,2.0,58,38,1,36.498983436731066,1.8448434472008979,0.682842712474619,0,1133.802001953125
49111.0,2.0,58,39,4,32.723466945709376,1.6435211255127313,0.848528137423857,0,1133.802001953125
49111.0,2.0,58,40,2,33.4604601338805,1.7931135456008325,0.848528137423857,0,1133.802001953125
49111.0,2.0,58,43,2,30.529149887070947,1.7312562409057246,0.848528137423857,0,1133.802001953125
49111.0,2.0,58,44,2,31.71444617601443,1.8875230379565011,0.8513997106635237,0,1133.802001953125
49111.0,2.0,58,45,1,32.9727170346662,1.9885634181460483,0.613407053921902,0,1133.802001953125
49111.0,2.0,58,47,4,28.60476702767485,1.8316639427006165,0.848528137423857,0,1133.802001953125
49111.0,2.0,58,48,5,25.137267030043652,1.565931432778238,0.39440356905077983,0,1133.802001953125
49111.0,2.0,58,50,4,27.008080283275675,1.9452151430642772,0.6466890965784271,0,1133.802001953125
49111.0,2.0,58,52,1,9.681546168802923,-2.098806173698021,0.613407053921902,0,1133.802001953125
49111.0,2.0,58,53,2,6.8877516783838155,-2.3577015519216418,0.8513997106635237,0,1133.802001953125
49111.0,2.0,58,54,4,4.864567787481925,-1.5456548246096813,0.6466890965784271,0,1133.802001953125
49111.0,2.0,58,55,1,11.009914922793516,-2.6841049592104547,0.682842712474619,0,1133.802001953125
49111.0,2.0,58,56,4,3.3522260220290954,-2.3592910235246487,0.848528137423857,0,1133.802001953125
49111.0,2.0,58,57,2,7.74690407368268,-2.8316237690516783,0.848528137423857,0,1133.802001953125
49111.0,2.0,58,60,2,4.879633064742802,3.113519321556859,0.848528137423857,0,1133.802001953125
49111.0,2.0,58,61,2,9.878659943059256,3.127727012287882,0.8513997106635237,0,1133.802001953125
49111.0,2.0,58,62,1,13.378411515103508,3.1313543708808402,0.613407053921902,0,1133.802001953125
49111.0,2.0,58,64,4,7.834808127216228,2.798319537241029,0.848528137423857,0,1133.802001953125
49111.0,2.0,58,65,5,5.138424961591939,1.5469950247437292,0.39440356905077983,0,1133.802001953125
49111.0,2.0,58,67,4,11.133625552085704,2.6620287212899,0.6466890965784271,0,1133.802001953125
49111.0,2.0,59,1,1,20.121672154056718,0.037237629588421584,0.613407053921902,0,1138.052978515625
49111.0,2.0,59,2,2,16.62460914703512,0.04507558343767082,0.8513997106635237,0,1138.052978515625
49111.0,2.0,59,3,4,17.574661632882485,0.3332595195982193,0.682842712474619,0,1138.052978515625
49111.0,2.0,59,4,1,17.143118942393645,-0.2505788611817179,0.682842712474619,0,1138.052978515625
49111.0,2.0,59,5,4,14.477035795102209,0.22636013669287935,0.848528137423857,0,1138.052978515625
49111.0,2.0,59,6,2,14.21595804699925,-0.12347721425048919,0.848528137423857,0,1138.052978515625
49111.0,2.0,59,7,5,14.842010412565312,0.6727907077057367,0.613407053921902,0,1138.052978515625
49111.0,2.0,59,8,5,12.953435896844418,0.45986705626501045,0.8513997106635237,0,1138.052978515625
49111.0,2.0,59,9,2,11.63186998358517,0.06444613130597521,0.848528137423857,0,1138.052978515625
49111.0,2.0,59,10,2,12.361605765288008,-0.35104412808857943,0.8513997106635237,0,1138.052978515625
49111.0,2.0,59,11,1,13.957633235737433,-0.588742263167013,0.613407053921902,0,1138.052978515625
49111.0,2.0,59,12,4,9.66991910183413,0.34266866685442743,0.848528137423857,0,1138.052978515625
49111.0,2.0,59,13,4,9.274493690622075,-0.18992524403372868,0.848528137423857,0,1138.052978515625
49111.0,2.0,59,14,5,8.758668366652747,0.7160248123030324,0.682842712474619,0,1138.052978515625
49111.0,2.0,59,15,5,6.650050326003226,0.11288690997835871,0.765685424949238,1,1138.052978515625
49111.0,2.0,59,16,4,7.856975698049963,-0.5716659281359318,0.682842712474619,0,1138.052978515625
49111.0,2.0,59,18,1,26.90270857171808,-3.1694414130480144,0.613407053921902,0,1138.052978515625
49111.0,2.0,59,19,2,23.40426861661033,-3.1736055398101994,0.8513997106635237,0,1138.052978515625
49111.0,2.0,59,20,4,24.088397449749106,-3.3825858040275514,0.682842712474619,0,1138.052978515625
49111.0,2.0,59,21,1,23.775379855216265,-2.9618323248933915,0.682842712474619,0,1138.052978515625
49111.0,2.0,59,22,4,21.143414000016467,-3.295874064085319,0.848528137423857,0,1138.052978515625
49111.0,2.0,59,23,2,20.965515814247556,-3.0579824319036106,0.848528137423857,0,1138.052978515625
49111.0,2.0,59,24,5,20.58693501293412,-3.607541692557669,0.613407053921902,0,1138.052978515625
49111.0,2.0,59,25,5,19.269876016044662,-3.444552992178426,0.8513997106635237,0,1138.052978515625
49111.0,2.0,59,26,2,18.407526163368757,-3.182299761272585,0.848528137423857,0,1138.052978515625
49111.0,2.0,59,27,2,18.87712682683669,-2.9144573539110725,0.8513997106635237,0,1138.052978515625
49111.0,2.0,59,28,1,19.958761125967662,-2.742757444489535,0.613407053921902,0,1138.052978515625
49111.0,2.0,59,29,4,16.221010620573132,-3.3432594000371587,0.848528137423857,0,1138.052978515625
49111.0,2.0,59,30,4,15.988435925196637,-3.031862823479658,0.848528137423857,0,1138.052978515625
49111.0,2.0,59,31,5,14.574132963932616,-3.5470875443523946,0.682842712474619,0,1138.052978515625
49111.0,2.0,59,32,5,13.413211749307449,-3.197470410935467,0.8513997106635237,0,1138.052978515625
49111.0,2.0,59,33,4,14.050734757055642,-2.8342376944064602,0.682842712474619,0,1138.052978515625
49111.0,2.0,59,34,5,9.920600305194098,-3.217175170461591,0.613407053921902,0,1138.052978515625
49111.0,2.0,59,35,1,36.74000957521798,0.9916642954921695,0.613407053921902,0,1138.052978515625
49111.0,2.0,59,36,2,34.94744972960761,1.07558240629759,0.8513997106635237,0,1138.052978515625
49111.0,2.0,59,37,4,30.640384142252906,0.9979565059424913,0.682842712474619,0,1138.052978515625
49111.0,2.0,59,38,1,39.418464516290825,1.1358978129832402,0.682842712474619,0,1138.052978515625
49111.0,2.0,59,39,4,31.575941419153448,1.107625508023641,0.848528137423857,0,1138.052978515625
49111.0,2.0,59,40,2,36.118294238854055,1.1695155355744307,0.848528137423857,0,1138.052978515625
49111.0,2.0,59,41,5,25.09506204126879,1.0899270086841857,0.613407053921902,0,1138.052978515625
49111.0,2.0,59,42,5,28.244573114284613,1.1472765410186896,0.8513997106635237,0,1138.052978515625
49111.0,2.0,59,43,2,32.86711141288198,1.2098375610310805,0.848528137423857,0,1138.052978515625
49111.0,2.0,59,44,2,37.58640864521942,1.2568361226492404,0.8513997106635237,0,1138.052978515625
49111.0,2.0,59,45,1,40.92959670456655,1.2832478786975487,0.613407053921902,0,1138.052978515625
49111.0,2.0,59,46,4,29.681018286594483,1.258911103603447,0.848528137423857,0,1138.052978515625
49111.0,2.0,59,47,4,34.473960444773155,1.3034309148923637,0.848528137423857,0,1138.052978515625
49111.0,2.0,59,48,5,26.58342868088154,1.319597343642259,0.682842712474619,0,1138.052978515625
49111.0,2.0,59,49,5,31.45106965828258,1.3591238572878828,0.8513997106635237,0,1138.052978515625
49111.0,2.0,59,50,4,36.35465423943365,1.388023125593914,0.682842712474619,0,1138.052978515625
49111.0,2.0,59,51,5,30.90575547800903,1.4700712645362413,0.613407053921902,0,1138.052978515625
49111.0,2.0,59,52,1,40.849753264941036,-3.9938020625126227,0.613407053921902,0,1138.052978515625
49111.0,2.0,59,53,2,38.63555878708394,-4.06204553412282,0.8513997106635237,0,1138.052978515625
49111.0,2.0,59,54,4,34.788148852326,-3.974914345221378,0.6466890965784271,0,1138.052978515625
49111.0,2.0,59,55,1,42.72233028533026,-4.132964841131621,0.682842712474619,0,1138.052978515625
49111.0,2.0,59,56,4,35.13544459188231,-4.075594668690153,0.848528137423857,0,1138.052978515625
49111.0,2.0,59,57,2,39.26818774641707,-4.151380020284202,0.848528137423857,0,1138.052978515625
49111.0,2.0,59,60,2,35.82992649681091,-4.173338148575901,0.848528137423857,0,1138.052978515625
49111.0,2.0,59,61,2,40.20291948335967,-4.2372229348468595,0.8513997106635237,0,1138.052978515625
49111.0,2.0,59,62,1,43.34476331159902,-4.274172398703852,0.613407053921902,0,1138.052978515625
49111.0,2.0,59,64,4,36.85197143796399,-4.266515289925742,0.848528137423857,0,1138.052978515625
49111.0,2.0,59,65,5,29.023606952356886,-4.232785939452372,0.5052677403411177,0,1138.052978515625
49111.0,2.0,59,66,5,33.53894546260402,-4.301630043447176,0.7685569981889047,0,1138.052978515625
49111.0,2.0,59,67,4,38.17527950077321,-4.353952843452332,0.682842712474619,0,1138.052978515625
49111.0,2.0,59,68,5,32.30115978919619,-4.401136212785946,0.613407053921902,0,1138.052978515625
49111.0,2.0,60,1,1,17.004616422818465,0.00441829156523732,0.613407053921902,0,1138.363037109375
49111.0,2.0,60,2,2,13.508402245323415,0.015156413886675546,0.8513997106635237,0,1138.363037109375
49111.0,2.0,60,3,4,14.646645744340368,0.3630413571739861,0.682842712474619,0,1138.363037109375
49111.0,2.0,60,4,1,14.15731722052994,-0.3452914111465577,0.682842712474619,0,1138.363037109375
49111.0,2.0,60,5,4,11.447731075302807,0.24669932429652563,0.848528137423857,0,1138.363037109375
49111.0,2.0,60,6,2,11.135674493882643,-0.1989615982974713,0.848528137423857,0,1138.363037109375
49111.0,2.0,60,7,5,12.522271062413958,0.7887310306118467,0.613407053921902,0,1138.363037109375
49111.0,2.0,60,8,5,10.228595325040894,0.5546037885360278,0.8513997106635237,0,1138.363037109375
49111.0,2.0,60,9,2,8.519205478488198,0.045780108856483315,0.848528137423857,0,1138.363037109375
49111.0,2.0,60,10,2,9.514702393977345,-0.5054099515452837,0.8513997106635237,0,1138.363037109375
49111.0,2.0,60,11,1,11.525903496422162,-0.7798006169109337,0.613407053921902,0,1138.363037109375
49111.0,2.0,60,12,4,6.7934142767608545,0.45422687819269614,0.848528137423857,1,1138.363037109375
49111.0,2.0,60,13,4,6.253253329024267,-0.3282285176937263,0.848528137423857,0,1138.363037109375
49111.0,2.0,60,14,5,6.687607426179641,0.9847272089572678,0.6466890965784271,0,1138.363037109375
49111.0,2.0,60,16,4,5.534391783132347,-0.925502772703543,0.6466890965784271,0,1138.363037109375
49111.0,2.0,60,18,1,30.018266586558376,-3.202108552107784,0.613407053921902,0,1138.363037109375
49111.0,2.0,60,19,2,26.51935853913921,-3.2052069907089376,0.8513997106635237,0,1138.363037109375
49111.0,2.0,60,20,4,27.116852281674596,-3.3905890555391016,0.682842712474619,0,1138.363037109375
49111.0,2.0,60,21,1,26.855708461864687,-3.018001027148672,0.682842712474619,0,1138.363037109375
49111.0,2.0,60,22,4,24.222924309735312,-3.3113202552160015,0.848528137423857,0,1138.363037109375
49111.0,2.0,60,23,2,24.077017294017566,-3.1039967862182047,0.848528137423857,0,1138.363037109375
49111.0,2.0,60,24,5,23.396727487835513,-3.5829778294553836,0.613407053921902,0,1138.363037109375
49111.0,2.0,60,25,5,22.25362323090144,-3.4378744425228636,0.8513997106635237,0,1138.363037109375
49111.0,2.0,60,26,2,21.521534484422133,-3.21138088651119,0.848528137423857,0,1138.363037109375
49111.0,2.0,60,27,2,21.93465628236344,-2.9815349304524457,0.8513997106635237,0,1138.363037109375
49111.0,2.0,60,28,1,22.878943069737822,-2.8309490970919606,0.613407053921902,0,1138.363037109375
49111.0,2.0,60,29,4,19.278229466211915,-3.345640707264982,0.848528137423857,0,1138.363037109375
49111.0,2.0,60,30,4,19.094575957930466,-3.0844707242070317,0.848528137423857,0,1138.363037109375
49111.0,2.0,60,31,5,17.46779368265127,-3.511318526783653,0.682842712474619,0,1138.363037109375
49111.0,2.0,60,32,5,16.525026953107414,-3.221288851896479,0.8513997106635237,0,1138.363037109375
49111.0,2.0,60,33,4,17.05957840810204,-2.924110055568711,0.682842712474619,0,1138.363037109375
49111.0,2.0,60,34,5,13.02906613179376,-3.2327451646146956,0.613407053921902,0,1138.363037109375
49111.0,2.0,60,35,1,35.09189054068843,1.028359098628783,0.613407053921902,0,1138.363037109375
49111.0,2.0,60,36,2,33.53745269476991,1.119800291358998,0.8513997106635237,0,1138.363037109375
49111.0,2.0,60,37,4,29.02952691511152,1.0504640683230062,0.682842712474619,0,1138.363037109375
49111.0,2.0,60,38,1,38.16815470510298,1.1725174648146477,0.682842712474619,0,1138.363037109375
49111.0,2.0,60,39,4,30.270233703527616,1.1622060046172624,0.848528137423857,0,1138.363037109375
49111.0,2.0,60,40,2,34.97619688881174,1.214130798975762,0.848528137423857,0,1138.363037109375
49111.0,2.0,60,41,5,23.772468391845795,1.1685592924166435,0.613407053921902,0,1138.363037109375
49111.0,2.0,60,42,5,27.07052573701569,1.2147505267932774,0.8513997106635237,0,1138.363037109375
49111.0,2.0,60,43,2,31.85687781338865,1.2639945682716651,0.848528137423857,0,1138.363037109375
49111.0,2.0,60,44,2,36.70024474517737,1.3003108474327454,0.8513997106635237,0,1138.363037109375
49111.0,2.0,60,45,1,40.1134774682156,1.320496663386856,0.613407053921902,0,1138.363037109375
49111.0,2.0,60,46,4,28.8337819099303,1.3244925723225616,0.848528137423857,0,1138.363037109375
49111.0,2.0,60,47,4,33.74069174703104,1.35528261989524,0.848528137423857,0,1138.363037109375
49111.0,2.0,60,48,5,25.94057236148951,1.3988115306002196,0.682842712474619,0,1138.363037109375
49111.0,2.0,60,49,5,30.902436712667477,1.4205815250268956,0.8513997106635237,0,1138.363037109375
49111.0,2.0,60,50,4,35.87489226630742,1.4363224734727806,0.682842712474619,0,1138.363037109375
49111.0,2.0,60,51,5,30.70473166003393,-4.749100558111359,0.613407053921902,0,1138.363037109375
49111.0,2.0,60,52,1,42.93460295489126,-3.975469996483845,0.613407053921902,0,1138.363037109375
49111.0,2.0,60,53,2,40.56550479606887,-4.037212602985461,0.8513997106635237,0,1138.363037109375
49111.0,2.0,60,54,4,36.92577526635211,-3.9486069292164245,0.6466890965784271,0,1138.363037109375
49111.0,2.0,60,55,1,44.47029884876682,-4.110756095003877,0.682842712474619,0,1138.363037109375
49111.0,2.0,60,56,4,37.04033698292837,-4.044191976694043,0.848528137423857,0,1138.363037109375
49111.0,2.0,60,57,2,40.97601571831547,-4.123371205576694,0.848528137423857,0,1138.363037109375
49111.0,2.0,60,60,2,37.48946850245602,-4.138335509352796,0.848528137423857,0,1138.363037109375
49111.0,2.0,60,61,2,41.68342055224579,-4.207213598760877,0.8513997106635237,0,1138.363037109375
49111.0,2.0,60,62,1,44.717900880659734,-4.247613630117163,0.613407053921902,0,1138.363037109375
49111.0,2.0,60,63,4,34.013036222096474,-4.156363534635288,0.848528137423857,0,1138.363037109375
49111.0,2.0,60,64,4,38.261389590348024,-4.229466114214505,0.848528137423857,0,1138.363037109375
49111.0,2.0,60,65,5,30.5501721352704,-4.178487128809242,0.6466890965784271,0,1138.363037109375
49111.0,2.0,60,66,5,34.86201826964981,-4.256073691850492,0.8513997106635237,0,1138.363037109375
49111.0,2.0,60,67,4,39.3371023103144,-4.316305323511492,0.682842712474619,0,1138.363037109375
49111.0,2.0,60,68,5,33.34726924800779,-4.348645978843706,0.613407053921902,0,1138.363037109375
49111.0,2.0,61,1,1,13.991272451040798,-0.8213454098386113,0.613407053921902,0,1138.6419677734375
49111.0,2.0,61,2,2,10.50553538852244,-0.847382063862814,0.8513997106635237,0,1138.6419677734375
49111.0,2.0,61,3,4,11.154961686984674,-0.38531748510400643,0.682842712474619,0,1138.6419677734375
49111.0,2.0,61,4,1,12.095427952780286,-1.27108052527953,0.682842712474619,0,1138.6419677734375
49111.0,2.0,61,5,4,8.072005407870172,-0.5679613364842953,0.848528137423857,0,1138.6419677734375
49111.0,2.0,61,6,2,8.72297970111628,-1.1677011642415946,0.848528137423857,0,1138.6419677734375
49111.0,2.0,61,7,5,9.194840744509518,0.19344041923237087,0.613407053921902,0,1138.6419677734375
49111.0,2.0,61,8,5,6.704347008461995,-0.12106406310124829,0.7685569981889047,0,1138.6419677734375
49111.0,2.0,61,9,2,5.557101076215428,-0.9411563290418434,0.848528137423857,0,1138.6419677734375
49111.0,2.0,61,10,2,8.17401222978508,-1.584331751384465,0.8513997106635237,0,1138.6419677734375
49111.0,2.0,61,11,1,11.03257215818945,-1.7974022056843153,0.613407053921902,0,1138.6419677734375
49111.0,2.0,61,13,4,4.6481688263082725,-1.6267733627578798,0.848528137423857,0,1138.6419677734375
49111.0,2.0,61,14,5,3.9323488377368863,0.7133727910427616,0.5052677403411177,1,1138.6419677734375
49111.0,2.0,61,16,4,6.109793327474619,-2.2404484741537494,0.6466890965784271,0,1138.6419677734375
49111.0,2.0,61,18,1,33.069587710976386,-3.851649081507473,0.613407053921902,0,1138.6419677734375
49111.0,2.0,61,19,2,29.57172741612698,-3.8477361059082567,0.8513997106635237,0,1138.6419677734375
49111.0,2.0,61,20,4,29.80862222264415,-4.016153174394134,0.682842712474619,0,1138.6419677734375
49111.0,2.0,61,21,1,30.173169636866415,-3.6813729276110787,0.682842712474619,0,1138.6419677734375
49111.0,2.0,61,22,4,27.088059386141463,-3.9366696248488027,0.848528137423857,0,1138.6419677734375
49111.0,2.0,61,23,2,27.28911989911965,-3.752656931824884,0.848528137423857,0,1138.6419677734375
49111.0,2.0,61,24,5,25.64440850843623,-4.177713005513056,0.613407053921902,0,1138.6419677734375
49111.0,2.0,61,25,5,24.86038737108771,-4.042515239301712,0.8513997106635237,0,1138.6419677734375
49111.0,2.0,61,26,2,24.575841059909603,-3.840214120654842,0.848528137423857,0,1138.6419677734375
49111.0,2.0,61,27,2,25.296344940788188,-3.6414465429676963,0.8513997106635237,0,1138.6419677734375
49111.0,2.0,61,28,1,26.359215463596808,-3.512215902920456,0.613407053921902,0,1138.6419677734375
49111.0,2.0,61,29,4,22.096331431605325,-3.9484207708313885,0.848528137423857,0,1138.6419677734375
49111.0,2.0,61,30,4,22.342358118532403,-3.7231849684933866,0.848528137423857,0,1138.6419677734375
49111.0,2.0,61,31,5,19.937997935318382,-4.0819339080675014,0.682842712474619,0,1138.6419677734375
49111.0,2.0,61,32,5,19.58205467335237,-3.8288547006422906,0.8513997106635237,0,1138.6419677734375
49111.0,2.0,61,33,4,20.479012886161353,-3.5826018668773782,0.682842712474619,0,1138.6419677734375
49111.0,2.0,61,34,5,16.08870088695533,-3.816708430144706,0.613407053921902,0,1138.6419677734375
49111.0,2.0,61,35,1,32.09606024780682,0.3780947117548408,0.613407053921902,0,1138.6419677734375
49111.0,2.0,61,36,2,30.7370729320651,0.4808292304000741,0.8513997106635237,0,1138.6419677734375
49111.0,2.0,61,37,4,26.0902425437651,0.41563778938500295,0.682842712474619,0,1138.6419677734375
49111.0,2.0,61,38,1,35.480058467675725,0.5287521152393113,0.682842712474619,0,1138.6419677734375
49111.0,2.0,61,39,4,27.5770149490056,0.5352963410839116,0.848528137423857,0,1138.6419677734375
49111.0,2.0,61,40,2,32.39689259691857,0.579795045850982,0.848528137423857,0,1138.6419677734375
49111.0,2.0,61,41,5,21.121529941205697,0.5667637941713806,0.613407053921902,0,1138.6419677734375
49111.0,2.0,61,42,5,24.519703394704184,0.6035938023953915,0.8513997106635237,0,1138.6419677734375
49111.0,2.0,61,43,2,29.415688858207393,0.6413732195485875,0.848528137423857,0,1138.6419677734375
49111.0,2.0,61,44,2,34.34166052248297,0.6683443105922033,0.8513997106635237,0,1138.6419677734375
49111.0,2.0,61,45,1,37.80140837255252,0.6830346071450184,0.613407053921902,0,1138.6419677734375
49111.0,2.0,61,46,4,26.570789451377912,0.7164766118961436,0.848528137423857,0,1138.6419677734375
49111.0,2.0,61,47,4,31.544789561955465,0.7340663748714542,0.848528137423857,0,1138.6419677734375
49111.0,2.0,61,48,5,23.91089611737806,0.8089151458157819,0.682842712474619,0,1138.6419677734375
49111.0,2.0,61,49,5,28.910168618924445,0.8121591185180814,0.8513997106635237,0,1138.6419677734375
49111.0,2.0,61,50,4,33.90965564574849,0.8144465562526966,0.682842712474619,0,1138.6419677734375
49111.0,2.0,61,51,5,29.06730841641324,-5.35033772079832,0.613407053921902,0,1138.6419677734375
49111.0,2.0,61,52,1,43.90898552694598,-4.603316656051085,0.613407053921902,0,1138.6419677734375
49111.0,2.0,61,53,2,41.33870391056435,-4.659084169209552,0.8513997106635237,0,1138.6419677734375
49111.0,2.0,61,54,4,38.01080825984511,-4.56491085815899,0.682842712474619,0,1138.6419677734375
49111.0,2.0,61,55,1,44.977275789490704,-4.7386374070775865,0.682842712474619,0,1138.6419677734375
49111.0,2.0,61,56,4,37.803405183926486,-4.65805261762297,0.848528137423857,0,1138.6419677734375
49111.0,2.0,61,57,2,41.45074595153528,-4.744477544513231,0.848528137423857,0,1138.6419677734375
49111.0,2.0,61,59,5,34.26815498381744,-4.656808225881742,0.765685424949238,0,1138.6419677734375
49111.0,2.0,61,60,2,37.925892770421775,-4.751403527259335,0.848528137423857,0,1138.6419677734375
49111.0,2.0,61,61,2,41.862157599341785,-4.828800587956306,0.8513997106635237,0,1138.6419677734375
49111.0,2.0,61,62,1,44.74412884814217,-4.874693016539622,0.613407053921902,0,1138.6419677734375
49111.0,2.0,61,63,4,34.403231605887584,-4.759748330191332,0.848528137423857,0,1138.6419677734375
49111.0,2.0,61,64,4,38.3751122652031,-4.843359744723825,0.848528137423857,0,1138.6419677734375
49111.0,2.0,61,65,5,30.88351254995381,-4.769996062437128,0.682842712474619,0,1138.6419677734375
49111.0,2.0,61,66,5,34.89782577556592,-4.860824648458591,0.8513997106635237,0,1138.6419677734375
49111.0,2.0,61,67,4,39.13981528188849,-4.932456244458261,0.682842712474619,0,1138.6419677734375
49111.0,2.0,61,68,5,33.06429607388473,-4.948619047294898,0.613407053921902,0,1138.6419677734375
49111.0,2.0,62,1,1,13.243100234678186,-0.9325590806489632,0.613407053921902,0,1138.762939453125
49111.0,2.0,62,2,2,9.794385204579939,-0.9849810834090187,0.8513997106635237,0,1138.762939453125
49111.0,2.0,62,3,4,10.075295520110304,-0.4770023394489957,0.682842712474619,0,1138.762939453125
49111.0,2.0,62,4,1,11.846872298367787,-1.4114672857095307,0.682842712474619,0,1138.762939453125
49111.0,2.0,62,5,4,7.121866261092129,-0.7069450180562331,0.848528137423857,0,1138.762939453125
49111.0,2.0,62,6,2,8.374925716627105,-1.3444394510225988,0.848528137423857,0,1138.762939453125
49111.0,2.0,62,7,5,8.010561487397286,0.17372636962014765,0.6034068236642477,0,1138.762939453125
49111.0,2.0,62,8,5,5.523764707703468,-0.19867296995250516,0.7685569981889047,1,1138.762939453125
49111.0,2.0,62,9,2,4.993032972473748,-1.1848462570525289,0.848528137423857,0,1138.762939453125
49111.0,2.0,62,10,2,8.327591487480019,-1.770982824640603,0.8513997106635237,0,1138.762939453125
49111.0,2.0,62,11,1,11.410156054368732,-1.9412423460645827,0.613407053921902,0,1138.762939453125
49111.0,2.0,62,13,4,4.9132247544293834,-1.9145687604710038,0.848528137423857,0,1138.762939453125
49111.0,2.0,62,16,4,6.95335722589206,-2.413758149326343,0.6466890965784271,0,1138.762939453125
49111.0,2.0,62,18,1,33.95560974380788,-3.869771989614657,0.613407053921902,0,1138.762939453125
49111.0,2.0,62,19,2,30.46199526235633,-3.8632012422283184,0.8513997106635237,0,1138.762939453125
49111.0,2.0,62,20,4,30.553473675601598,-4.027250752749861,0.682842712474619,0,1138.762939453125
49111.0,2.0,62,21,1,31.18255212585973,-3.7024903709992714,0.682842712474619,0,1138.762939453125
49111.0,2.0,62,22,4,27.905622303408535,-3.9469938488419816,0.848528137423857,0,1138.762939453125
49111.0,2.0,62,23,2,28.25140983842455,-3.7691103049812975,0.848528137423857,0,1138.762939453125
49111.0,2.0,62,24,5,26.233022618723645,-4.179667299436725,0.613407053921902,0,1138.762939453125
49111.0,2.0,62,25,5,25.58347820209684,-4.046813854058018,0.8513997106635237,0,1138.762939453125
49111.0,2.0,62,26,2,25.474158644306662,-3.8506889573921073,0.848528137423857,0,1138.762939453125
49111.0,2.0,62,27,2,26.33156205684432,-3.660205426689331,0.8513997106635237,0,1138.762939453125
49111.0,2.0,62,28,1,27.462593496538908,-3.5369561607845688,0.613407053921902,0,1138.762939453125
49111.0,2.0,62,29,4,22.906840886773892,-3.951359741455189,0.848528137423857,0,1138.762939453125
49111.0,2.0,62,30,4,23.326846360580245,-3.735403389013386,0.848528137423857,0,1138.762939453125
49111.0,2.0,62,31,5,20.627989727277075,-4.0757922587404884,0.682842712474619,0,1138.762939453125
49111.0,2.0,62,32,5,20.492251264973017,-3.83208869774956,0.8513997106635237,0,1138.762939453125
49111.0,2.0,62,33,4,21.548799586634235,-3.5989963077905296,0.682842712474619,0,1138.762939453125
49111.0,2.0,62,34,5,17.011234058610423,-3.812590990267274,0.613407053921902,0,1138.762939453125
49111.0,2.0,62,35,1,30.965614696254548,0.3485909584636646,0.613407053921902,0,1138.762939453125
49111.0,2.0,62,36,2,29.655009209690974,0.45573814361328857,0.8513997106635237,0,1138.762939453125
49111.0,2.0,62,37,4,24.97674864639103,0.39088815196313664,0.682842712474619,0,1138.762939453125
49111.0,2.0,62,38,1,34.42384594301916,0.5027754179907564,0.682842712474619,0,1138.762939453125
49111.0,2.0,62,39,4,26.526005550217775,0.5144341870281051,0.848528137423857,0,1138.762939453125
49111.0,2.0,62,40,2,31.372130446178573,0.5571060758118569,0.848528137423857,0,1138.762939453125
49111.0,2.0,62,41,5,20.091820496814357,0.5544024373169698,0.613407053921902,0,1138.762939453125
49111.0,2.0,62,42,5,23.512515171148998,0.5884893648967644,0.8513997106635237,0,1138.762939453125
49111.0,2.0,62,43,2,28.432727058011373,0.6228999610117643,0.848528137423857,0,1138.762939453125
49111.0,2.0,62,44,2,33.37666199962531,0.6471384308413648,0.8513997106635237,0,1138.762939453125
49111.0,2.0,62,45,1,36.84642024721716,0.6602301395759196,0.613407053921902,0,1138.762939453125
49111.0,2.0,62,46,4,25.644285273306014,0.7034183246609707,0.848528137423857,0,1138.762939453125
49111.0,2.0,62,47,4,30.63022960182571,0.716785916513766,0.848528137423857,0,1138.762939453125
49111.0,2.0,62,48,5,23.061629742974095,-5.480439725486061,0.682842712474619,0,1138.762939453125
49111.0,2.0,62,49,5,28.06101146936596,-5.483530593375813,0.8513997106635237,0,1138.762939453125
49111.0,2.0,62,50,4,33.06058019705262,-5.485686647267261,0.682842712474619,0,1138.762939453125
49111.0,2.0,62,51,5,28.327912778633173,-5.359673670890805,0.613407053921902,0,1138.762939453125
49111.0,2.0,62,52,1,44.005374930398474,-4.61837947109613,0.613407053921902,0,1138.762939453125
49111.0,2.0,62,53,2,41.369345475303106,-4.672349631418577,0.8513997106635237,0,1138.762939453125
49111.0,2.0,62,54,4,38.15548645703684,-4.575904124291556,0.682842712474619,0,1138.762939453125
49111.0,2.0,62,55,1,44.91107150065385,-4.754252241250641,0.682842712474619,0,1138.762939453125
49111.0,2.0,62,56,4,37.8369098573046,-4.6686092893656,0.848528137423857,0,1138.762939453125
49111.0,2.0,62,57,2,41.37889976584266,-4.757828123316337,0.848528137423857,0,1138.762939453125
49111.0,2.0,62,59,5,34.30511259338184,-4.664098717769087,0.765685424949238,0,1138.762939453125
49111.0,2.0,62,60,2,37.84735589610542,-4.762071400845411,0.848528137423857,0,1138.762939453125
49111.0,2.0,62,61,2,41.68937450488225,-4.842648854121017,0.8513997106635237,0,1138.762939453125
49111.0,2.0,62,62,1,44.515851844097384,-4.89057015591065,0.613407053921902,0,1138.762939453125
49111.0,2.0,62,63,4,34.316633733821824,-4.767187939842369,0.848528137423857,0,1138.762939453125
49111.0,2.0,62,64,4,38.18655455920498,-4.85467528610557,0.848528137423857,0,1138.762939453125
49111.0,2.0,62,65,5,30.78701598590045,-4.7734778610361515,0.682842712474619,0,1138.762939453125
49111.0,2.0,62,66,5,34.69037260679035,-4.869128281521796,0.8513997106635237,0,1138.762939453125
49111.0,2.0,62,67,4,38.84589489096384,-4.94489221047341,0.682842712474619,0,1138.762939453125
49111.0,2.0,62,68,5,32.754719871920585,-4.95566222962559,0.613407053921902,0,1138.762939453125
49111.0,2.0,63,1,1,11.96945630103934,-1.0943026946405203,0.613407053921902,0,1138.9560546875
49111.0,2.0,63,2,2,8.70043174300464,-1.2169083164030383,0.8513997106635237,0,1138.9560546875
49111.0,2.0,63,3,4,8.019264919585721,-0.6148430507228215,0.6466890965784271,0,1138.9560546875
49111.0,2.0,63,4,1,11.708390802277966,-1.6152597012224987,0.682842712474619,0,1138.9560546875
49111.0,2.0,63,5,4,5.521640156680871,-0.9931493489004688,0.848528137423857,0,1138.9560546875
49111.0,2.0,63,6,2,8.17786113137508,-1.634477154412946,0.848528137423857,0,1138.9560546875
49111.0,2.0,63,7,5,5.661914487179188,0.24706137966729047,0.43533959677349143,1,1138.9560546875
49111.0,2.0,63,9,2,4.654933961856313,-1.682829999019498,0.848528137423857,0,1138.9560546875
49111.0,2.0,63,10,2,9.113578487807512,-2.0320211351704383,0.8513997106635237,0,1138.9560546875
49111.0,2.0,63,11,1,12.481167602366256,-2.121462143972578,0.613407053921902,0,1138.9560546875
49111.0,2.0,63,13,4,6.152098045270074,-2.2906566277190636,0.848528137423857,0,1138.9560546875
49111.0,2.0,63,16,4,8.889781241852265,-2.594338539945777,0.6466890965784271,0,1138.9560546875
49111.0,2.0,63,18,1,35.78259803708165,-3.8251208630964086,0.613407053921902,0,1138.9560546875
49111.0,2.0,63,19,2,32.30270412691741,-3.814102044265099,0.8513997106635237,0,1138.9560546875
49111.0,2.0,63,20,4,32.1259364259936,-3.9693720041586307,0.682842712474619,0,1138.9560546875
49111.0,2.0,63,21,1,33.23933808870676,-3.664073163144625,0.682842712474619,0,1138.9560546875
49111.0,2.0,63,22,4,29.61899380029299,-3.8885305485893116,0.848528137423857,0,1138.9560546875
49111.0,2.0,63,23,2,30.22703585213044,-3.72247596361051,0.848528137423857,0,1138.9560546875
49111.0,2.0,63,24,5,27.529668754045932,-4.104499218858073,0.613407053921902,0,1138.9560546875
49111.0,2.0,63,25,5,27.13125307781456,-3.9771800419891177,0.8513997106635237,0,1138.9560546875
49111.0,2.0,63,26,2,27.34033277479641,-3.7934992079173897,0.848528137423857,0,1138.9560546875
49111.0,2.0,63,27,2,28.440863188391297,-3.6183660229209504,0.8513997106635237,0,1138.9560546875
49111.0,2.0,63,28,1,29.691832728306288,-3.505820523045045,0.613407053921902,0,1138.9560546875
49111.0,2.0,63,29,4,24.623442002840182,-3.880722594760349,0.848528137423857,0,1138.9560546875
49111.0,2.0,63,30,4,25.351583751935866,-3.6824100160480864,0.848528137423857,0,1138.9560546875
49111.0,2.0,63,31,5,22.13897007310551,-3.98851044012669,0.682842712474619,0,1138.9560546875
49111.0,2.0,63,32,5,22.394706931818646,-3.7637788715025824,0.8513997106635237,0,1138.9560546875
49111.0,2.0,63,33,4,23.72576239504709,-3.5543096929064992,0.682842712474619,0,1138.9560546875
49111.0,2.0,63,34,5,18.949756467824425,-3.733762844806919,0.613407053921902,0,1138.9560546875
49111.0,2.0,63,35,1,28.721672447080497,0.37713628312473224,0.613407053921902,0,1138.9560546875
49111.0,2.0,63,36,2,27.520248845705872,0.4941295404487618,0.8513997106635237,0,1138.9560546875
49111.0,2.0,63,37,4,22.776149788622305,0.4310465216558641,0.682842712474619,0,1138.9560546875
49111.0,2.0,63,38,1,32.341539757182105,0.5385401540389156,0.682842712474619,0,1138.9560546875
49111.0,2.0,63,39,4,24.46515883248968,0.5627209210945407,0.848528137423857,0,1138.9560546875
49111.0,2.0,63,40,2,29.362477654904453,0.6003357797707278,0.848528137423857,0,1138.9560546875
49111.0,2.0,63,41,5,18.095472603202428,0.6242795197721831,0.613407053921902,0,1138.9560546875
49111.0,2.0,63,42,5,21.55745571416814,0.6503280565251539,0.8513997106635237,0,1138.9560546875
49111.0,2.0,63,43,2,26.520463687577863,0.6757185802646122,0.848528137423857,0,1138.9560546875
49111.0,2.0,63,44,2,31.49517568676116,0.6930966014215096,0.8513997106635237,0,1138.9560546875
49111.0,2.0,63,45,1,34.9817646735413,0.702318536427982,0.613407053921902,0,1138.9560546875
49111.0,2.0,63,46,4,23.864511190751603,0.7685135608201596,0.848528137423857,0,1138.9560546875
49111.0,2.0,63,47,4,28.863921973794966,0.7714381915265651,0.848528137423857,0,1138.9560546875
49111.0,2.0,63,48,5,21.463801959179577,-5.3999280324991545,0.682842712474619,0,1138.9560546875
49111.0,2.0,63,49,5,26.4443924467683,-5.418402481057032,0.8513997106635237,0,1138.9560546875
49111.0,2.0,63,50,4,31.43114680081705,-5.431017988512719,0.682842712474619,0,1138.9560546875
49111.0,2.0,63,51,5,26.948757304389545,-5.288570950470282,0.613407053921902,0,1138.9560546875
49111.0,2.0,63,52,1,44.295156691203296,-4.564411287134867,0.613407053921902,0,1138.9560546875
49111.0,2.0,63,53,2,41.53469968503516,-4.614581578403058,0.8513997106635237,0,1138.9560546875
49111.0,2.0,63,54,4,38.555417007085325,-4.514196575630432,0.682842712474619,0,1138.9560546875
49111.0,2.0,63,55,1,44.87474094924532,-4.700792190969162,0.682842712474619,0,1138.9560546875
49111.0,2.0,63,56,4,38.017631178452866,-4.605500080615548,0.848528137423857,0,1138.9560546875
49111.0,2.0,63,57,2,41.339465136316015,-4.699800356254414,0.848528137423857,0,1138.9560546875
49111.0,2.0,63,58,5,32.4541448012517,-4.509773688737949,0.613407053921902,0,1138.9560546875
49111.0,2.0,63,59,5,34.50433716093795,-4.5945681328509,0.8513997106635237,0,1138.9560546875
49111.0,2.0,63,60,2,37.80423759648512,-4.698623019222813,0.848528137423857,0,1138.9560546875
49111.0,2.0,63,61,2,41.44600677492724,-4.785201943289004,0.8513997106635237,0,1138.9560546875
49111.0,2.0,63,62,1,44.15370024949648,-4.837050359632195,0.613407053921902,0,1138.9560546875
49111.0,2.0,63,63,4,34.26907326944094,-4.697202773979904,0.848528137423857,0,1138.9560546875
49111.0,2.0,63,64,4,37.92071307454709,-4.791984655324727,0.848528137423857,0,1138.9560546875
49111.0,2.0,63,65,5,30.73399396826132,-4.695455806178595,0.682842712474619,0,1138.9560546875
49111.0,2.0,63,66,5,34.397521459793275,-4.800157258784312,0.8513997106635237,0,1138.9560546875
49111.0,2.0,63,67,4,38.36405322580963,-4.883980055361176,0.682842712474619,0,1138.9560546875
49111.0,2.0,63,68,5,32.26080988141411,-4.883397045910688,0.613407053921902,0,1138.9560546875
49111.0,2.0,64,1,1,11.145256131694994,-1.2673823963840587,0.613407053921902,0,1139.2330322265625
49111.0,2.0,64,2,2,8.205962197897254,-1.4664011238639691,0.8513997106635237,0,1139.2330322265625
49111.0,2.0,64,3,4,6.377726799980449,-0.8114682115281138,0.6466890965784271,0,1139.2330322265625
49111.0,2.0,64,4,1,12.000009668806465,-1.7960657487991927,0.682842712474619,0,1139.2330322265625
49111.0,2.0,64,5,4,4.704126734063948,-1.3880009448816062,0.848528137423857,0,1139.2330322265625
49111.0,2.0,64,6,2,8.59018188330521,-1.8881291574915688,0.848528137423857,0,1139.2330322265625
49111.0,2.0,64,9,2,5.346233957196545,-2.09597359648559,0.848528137423857,0,1139.2330322265625
49111.0,2.0,64,10,2,10.258880737351971,-2.2217057654082324,0.8513997106635237,0,1139.2330322265625
49111.0,2.0,64,11,1,13.73529488230603,-2.255879629536203,0.613407053921902,0,1139.2330322265625
49111.0,2.0,64,13,4,7.748266046027829,-2.5018314118561227,0.848528137423857,0,1139.2330322265625
49111.0,2.0,64,16,4,10.793008659079915,-2.6986645794783364,0.6466890965784271,0,1139.2330322265625
49111.0,2.0,64,18,1,37.48218393316556,-3.7887198265623527,0.613407053921902,0,1139.2330322265625
49111.0,2.0,64,19,2,34.01900984813374,-3.774538699104749,0.8513997106635237,0,1139.2330322265625
49111.0,2.0,64,20,4,33.62485114597967,-3.922047909405082,0.682842712474619,0,1139.2330322265625
49111.0,2.0,64,21,1,35.12770199579742,-3.633383518748195,0.682842712474619,0,1139.2330322265625
49111.0,2.0,64,22,4,31.2384318084707,-3.8415366429106355,0.848528137423857,0,1139.2330322265625
49111.0,2.0,64,23,2,32.054672643946994,-3.6854898050451164,0.848528137423857,0,1139.2330322265625
49111.0,2.0,64,24,5,28.817920138983606,-4.042935050111684,0.613407053921902,0,1139.2330322265625
49111.0,2.0,64,25,5,28.624922928412012,-3.9211843242034696,0.8513997106635237,0,1139.2330322265625
49111.0,2.0,64,26,2,29.086915084203373,-3.7484306315618166,0.848528137423857,0,1139.2330322265625
49111.0,2.0,64,27,2,30.376159164281905,-3.5857281067095474,0.8513997106635237,0,1139.2330322265625
49111.0,2.0,64,28,1,31.719469369686472,-3.48156067216374,0.613407053921902,0,1139.2330322265625
49111.0,2.0,64,29,4,26.260145085675198,-3.825284812383128,0.848528137423857,0,1139.2330322265625
49111.0,2.0,64,30,4,27.226047020800525,-3.641554231134741,0.848528137423857,0,1139.2330322265625
49111.0,2.0,64,31,5,23.62502509471186,-3.9199552068822494,0.682842712474619,0,1139.2330322265625
49111.0,2.0,64,32,5,24.182725801362736,-3.711699063470291,0.8513997106635237,0,1139.2330322265625
49111.0,2.0,64,33,4,25.71899383028086,-3.5206176865714687,0.682842712474619,0,1139.2330322265625
49111.0,2.0,64,34,5,20.77698596600722,-3.6757035186971603,0.613407053921902,0,1139.2330322265625
49111.0,2.0,64,35,1,26.725310765121247,0.40690370754559657,0.613407053921902,0,1139.2330322265625
49111.0,2.0,64,36,2,25.63909742648012,0.5340947720503348,0.8513997106635237,0,1139.2330322265625
49111.0,2.0,64,37,4,20.833284265872948,0.4743794200273941,0.682842712474619,0,1139.2330322265625
49111.0,2.0,64,38,1,30.507390914111443,0.5748610279975019,0.682842712474619,0,1139.2330322265625
49111.0,2.0,64,39,4,22.6675258032165,0.6135787982678389,0.848528137423857,0,1139.2330322265625
49111.0,2.0,64,40,2,27.607142365361828,0.6445493044382653,0.848528137423857,0,1139.2330322265625
49111.0,2.0,64,41,5,16.391577921454754,0.7013795348990031,0.613407053921902,1,1139.2330322265625
49111.0,2.0,64,42,5,19.881401742191922,0.7161534485712289,0.8513997106635237,0,1139.2330322265625
49111.0,2.0,64,43,2,24.871825803030667,0.7300628620486487,0.848528137423857,0,1139.2330322265625
49111.0,2.0,64,44,2,29.86545332517443,0.7393221781140502,0.8513997106635237,0,1139.2330322265625
49111.0,2.0,64,45,1,33.36212839129844,0.7441541717229536,0.613407053921902,0,1139.2330322265625
49111.0,2.0,64,46,4,22.36204659621405,-5.447483633385982,0.848528137423857,0,1139.2330322265625
49111.0,2.0,64,47,4,27.35687685963291,-5.456674033419366,0.848528137423857,0,1139.2330322265625
49111.0,2.0,64,48,5,20.162205662233355,-5.317041656534406,0.682842712474619,0,1139.2330322265625
49111.0,2.0,64,49,5,25.096854797126767,-5.352863380963918,0.8513997106635237,0,1139.2330322265625
49111.0,2.0,64,50,4,30.053114717944542,-5.37689283760472,0.682842712474619,0,1139.2330322265625
49111.0,2.0,64,51,5,25.83550274448513,-5.218406308878419,0.613407053921902,0,1139.2330322265625
49111.0,2.0,64,52,1,44.66474687772086,-4.516561814425529,0.613407053921902,0,1139.2330322265625
49111.0,2.0,64,53,2,41.80093937100745,-4.563132922985032,0.8513997106635237,0,1139.2330322265625
49111.0,2.0,64,54,4,39.03819858493436,-4.459923211140023,0.682842712474619,0,1139.2330322265625
49111.0,2.0,64,55,1,44.95170870879672,-4.652725903084643,0.682842712474619,0,1139.2330322265625
49111.0,2.0,64,56,4,38.30832206664532,-4.5494084071295395,0.848528137423857,0,1139.2330322265625
49111.0,2.0,64,57,2,41.423002342945814,-4.6476364461961825,0.848528137423857,0,1139.2330322265625
49111.0,2.0,64,58,5,32.956793508254094,-4.44553042037778,0.613407053921902,0,1139.2330322265625
49111.0,2.0,64,59,5,34.82436714177313,-4.532934149524904,0.8513997106635237,0,1139.2330322265625
49111.0,2.0,64,60,2,37.89556874315094,-4.641599323831278,0.848528137423857,0,1139.2330322265625
49111.0,2.0,64,61,2,41.34503251793072,-4.73307404131865,0.8513997106635237,0,1139.2330322265625
49111.0,2.0,64,62,1,43.93743304277183,-4.788252228503761,0.613407053921902,0,1139.2330322265625
49111.0,2.0,64,63,4,34.369799790369186,-4.634323272680102,0.848528137423857,0,1139.2330322265625
49111.0,2.0,64,64,4,37.81032558934044,-4.735007999590994,0.848528137423857,0,1139.2330322265625
49111.0,2.0,64,65,5,30.84626630393451,-4.625384384162906,0.682842712474619,0,1139.2330322265625
49111.0,2.0,64,66,5,34.27578924598404,-4.737340829617609,0.8513997106635237,0,1139.2330322265625
49111.0,2.0,64,67,4,38.05479354794854,-4.828024711256961,0.682842712474619,0,1139.2330322265625
49111.0,2.0,64,68,5,31.964177559932335,-4.816758312619614,0.613407053921902,0,1139.2330322265625
49111.0,2.0,65,1,1,19.700502623999288,0.2889544023719293,0.613407053921902,0,1140.56103515625
49111.0,2.0,65,2,2,19.00168881840657,0.11146609734911297,0.8513997106635237,0,1140.56103515625
49111.0,2.0,65,3,4,14.043735920066961,0.15107967208420034,0.6466890965784271,0,1140.56103515625
49111.0,2.0,65,4,1,23.977110695630852,0.08826784843883638,0.682842712474619,0,1140.56103515625
49111.0,2.0,65,5,4,16.38832035963962,-0.02357624038762213,0.848528137423857,0,1140.56103515625
49111.0,2.0,65,6,2,21.387255634352826,-0.018064973282493742,0.848528137423857,0,1140.56103515625
49111.0,2.0,65,9,2,19.103077496251174,-0.15167376221136822,0.848528137423857,0,1140.56103515625
49111.0,2.0,65,10,2,24.05753996539871,-0.12026620065897174,0.8513997106635237,0,1140.56103515625
49111.0,2.0,65,11,1,27.535460605154963,-0.10501553909163158,0.613407053921902,0,1140.56103515625
49111.0,2.0,65,13,4,22.051714115809173,-0.24675591951804543,0.848528137423857,0,1140.56103515625
49111.0,2.0,65,16,4,25.152109674199835,-0.3189248760969475,0.6466890965784271,0,1140.56103515625
49111.0,2.0,65,18,1,45.49094071652814,-1.1427320972967274,0.613407053921902,0,1140.56103515625
49111.0,2.0,65,19,2,42.3316821418819,-1.1084038595258776,0.8513997106635237,0,1140.56103515625
49111.0,2.0,65,20,4,40.3501382104491,-1.2195351602279376,0.682842712474619,0,1140.56103515625
49111.0,2.0,65,21,1,44.786258744399504,-1.0083191739851667,0.682842712474619,0,1140.56103515625
49111.0,2.0,65,22,4,38.995137996213366,-1.1371868824616729,0.848528137423857,0,1140.56103515625
49111.0,2.0,65,23,2,41.345597670159535,-1.0272251749328782,0.848528137423857,0,1140.56103515625
49111.0,2.0,65,24,5,34.48672063526538,-1.2649559951730476,0.613407053921902,0,1140.56103515625
49111.0,2.0,65,25,5,35.69692230047464,-1.1713215384175257,0.8513997106635237,0,1140.56103515625
49111.0,2.0,65,26,2,37.922393398691256,-1.0495536434381885,0.848528137423857,0,1140.56103515625
49111.0,2.0,65,27,2,40.644133407468296,-0.9426680484936053,0.8513997106635237,0,1140.56103515625
49111.0,2.0,65,28,1,42.79464852052608,-0.8764443045692458,0.613407053921902,0,1140.56103515625
49111.0,2.0,65,29,4,34.52183939866911,-1.0762966335145365,0.848528137423857,0,1140.56103515625
49111.0,2.0,65,30,4,37.15635954754557,-0.9575716669957325,0.848528137423857,0,1140.56103515625
49111.0,2.0,65,31,5,31.151354221765434,-1.108854334579339,0.682842712474619,0,1140.56103515625
49111.0,2.0,65,32,5,33.678547017484014,-0.9755580395926553,0.8513997106635237,0,1140.56103515625
49111.0,2.0,65,33,4,36.716238758454814,-0.8625590379954995,0.682842712474619,0,1140.56103515625
49111.0,2.0,65,34,5,30.84299199000523,-0.911887243324077,0.613407053921902,0,1140.56103515625
49111.0,2.0,65,35,1,12.453266538717187,2.6739557298952206,0.613407053921902,0,1140.56103515625
49111.0,2.0,65,36,2,11.315397553673828,2.9536938462056286,0.8513997106635237,0,1140.56103515625
49111.0,2.0,65,37,4,6.471157636518053,2.808859040396048,0.682842712474619,0,1140.56103515625
49111.0,2.0,65,38,1,16.25424751991643,3.0111859086569264,0.682842712474619,0,1140.56103515625
49111.0,2.0,65,39,4,8.624891153822588,-3.0967841460804704,0.848528137423857,0,1140.56103515625
49111.0,2.0,65,40,2,13.621713844311547,-3.1132268395492995,0.848528137423857,0,1140.56103515625
49111.0,2.0,65,42,5,6.763081622521394,-2.700664864101757,0.765685424949238,1,1140.56103515625
49111.0,2.0,65,43,2,11.484842779677411,-2.887551701537176,0.848528137423857,0,1140.56103515625
49111.0,2.0,65,44,2,16.372658743005978,-2.9643763165435524,0.8513997106635237,0,1140.56103515625
49111.0,2.0,65,45,1,19.827445442205743,-2.9955006140137845,0.613407053921902,0,1140.56103515625
49111.0,2.0,65,46,4,10.161305983558798,-2.5828937865636497,0.848528137423857,0,1140.56103515625
49111.0,2.0,65,47,4,14.642898617846452,-2.76490055740916,0.848528137423857,0,1140.56103515625
49111.0,2.0,65,48,5,9.980113471755084,-2.230448629373516,0.682842712474619,0,1140.56103515625
49111.0,2.0,65,49,5,13.629563659564786,-2.5245568964255756,0.8513997106635237,0,1140.56103515625
49111.0,2.0,65,50,4,17.942333911482944,-2.686508292458154,0.682842712474619,0,1140.56103515625
49111.0,2.0,65,51,5,15.91286837322183,-2.3441917672395753,0.613407053921902,0,1140.56103515625
49111.0,2.0,65,52,1,42.85323478012842,-1.8331997480227487,0.613407053921902,0,1140.56103515625
49111.0,2.0,65,53,2,39.483482075514225,-1.856196417870278,0.8513997106635237,0,1140.56103515625
49111.0,2.0,65,54,4,38.3768552146529,-1.7308518166215452,0.682842712474619,0,1140.56103515625
49111.0,2.0,65,55,1,41.171685627971016,-1.972991991979214,0.682842712474619,0,1140.56103515625
49111.0,2.0,65,56,4,36.42022090197741,-1.8096389909460522,0.848528137423857,0,1140.56103515625
49111.0,2.0,65,57,2,37.915627796330284,-1.9381204093477618,0.848528137423857,0,1140.56103515625
49111.0,2.0,65,58,5,32.99024076664939,-1.6501829589151928,0.613407053921902,0,1140.56103515625
49111.0,2.0,65,59,5,33.450255967484175,-1.7546764572515612,0.8513997106635237,0,1140.56103515625
49111.0,2.0,65,60,2,34.71429050018497,-1.8967587619545647,0.848528137423857,0,1140.56103515625
49111.0,2.0,65,61,2,36.62300241067428,-2.026459250885507,0.8513997106635237,0,1140.56103515625
49111.0,2.0,65,62,1,38.292400604048964,-2.108627843717552,0.613407053921902,0,1140.56103515625
49111.0,2.0,65,63,4,31.584317289955965,-1.8470996144842144,0.848528137423857,0,1140.56103515625
49111.0,2.0,65,64,4,33.29761912379972,-1.992072253161839,0.848528137423857,0,1140.56103515625
49111.0,2.0,65,65,5,28.549189698028034,-1.7867048483855887,0.682842712474619,0,1140.56103515625
49111.0,2.0,65,66,5,30.020302680935977,-1.9501181002181314,0.8513997106635237,0,1140.56103515625
49111.0,2.0,65,67,4,32.20839818581535,-2.094826620886873,0.682842712474619,0,1140.56103515625
49111.0,2.0,65,68,5,26.800451465258142,-1.9984949920454333,0.613407053921902,0,1140.56103515625
49111.0,2.0,66,1,1,23.545878289648638,0.3438165888312092,0.613407053921902,0,1140.8289794921875
49111.0,2.0,66,2,2,22.607521241873467,0.19754036131611305,0.8513997106635237,0,1140.8289794921875
49111.0,2.0,66,3,4,17.731933186696068,0.25290895363984134,0.6466890965784271,0,1140.8289794921875
49111.0,2.0,66,4,1,27.527778313297766,0.16188552035810796,0.682842712474619,0,1140.8289794921875
49111.0,2.0,66,5,4,19.76300046150928,0.09816444321505347,0.848528137423857,0,1140.8289794921875
49111.0,2.0,66,6,2,24.74378203520882,0.07835880670974836,0.848528137423857,0,1140.8289794921875
49111.0,2.0,66,9,2,22.17500665041115,-0.02539574687778242,0.848528137423857,0,1140.8289794921875
49111.0,2.0,66,10,2,27.173690991657452,-0.020723376539698503,0.8513997106635237,0,1140.8289794921875
49111.0,2.0,66,11,1,30.6730252114965,-0.018358865914600408,0.613407053921902,0,1140.8289794921875
49111.0,2.0,66,13,4,24.85730582042111,-0.12354097882877221,0.848528137423857,0,1140.8289794921875
49111.0,2.0,66,16,4,27.73157740472229,-0.20197533366487683,0.6466890965784271,0,1140.8289794921875
49111.0,2.0,66,18,1,44.91479572395628,-1.0546254286651,0.613407053921902,0,1140.8289794921875
49111.0,2.0,66,19,2,41.90641051979886,-1.0133924302791089,0.8513997106635237,0,1140.8289794921875
49111.0,2.0,66,20,4,39.49010864114711,-1.1210488506383633,0.682842712474619,0,1140.8289794921875
49111.0,2.0,66,21,1,44.7529418565776,-0.918436896140529,0.682842712474619,0,1140.8289794921875
49111.0,2.0,66,22,4,38.47067077592677,-1.0341660095458627,0.848528137423857,0,1140.8289794921875
49111.0,2.0,66,23,2,41.251316004632535,-0.9298059095464437,0.848528137423857,0,1140.8289794921875
49111.0,2.0,66,24,5,33.48003559930259,-1.1502721698783211,0.613407053921902,0,1140.8289794921875
49111.0,2.0,66,25,5,35.05478251602174,-1.0590006527255709,0.8513997106635237,0,1140.8289794921875
49111.0,2.0,66,26,2,37.75601063949805,-0.9432819422770108,0.848528137423857,0,1140.8289794921875
49111.0,2.0,66,27,2,40.892479767974415,-0.8441418349695937,0.8513997106635237,0,1140.8289794921875
49111.0,2.0,66,28,1,43.296880893306984,-0.7836871692725275,0.613407053921902,0,1140.8289794921875
49111.0,2.0,66,29,4,34.2689598135941,-0.9595039590391741,0.848528137423857,0,1140.8289794921875
49111.0,2.0,66,30,4,37.363620928250974,-0.8496972890592207,0.848528137423857,0,1140.8289794921875
49111.0,2.0,66,31,5,30.792967931031992,-0.9793946095031446,0.682842712474619,0,1140.8289794921875
49111.0,2.0,66,32,5,33.836155753363464,-0.8564113151395263,0.8513997106635237,0,1140.8289794921875
49111.0,2.0,66,33,4,37.30367271905245,-0.7549744588750913,0.682842712474619,0,1140.8289794921875
49111.0,2.0,66,34,5,31.276089971335267,-0.7830295571545437,0.613407053921902,0,1140.8289794921875
49111.0,2.0,66,35,1,11.15065071846066,2.3495508225239763,0.613407053921902,0,1140.8289794921875
49111.0,2.0,66,36,2,9.001591176893129,2.6261697901053096,0.8513997106635237,0,1140.8289794921875
49111.0,2.0,66,37,4,5.263763471151308,2.138912873820678,0.6466890965784271,0,1140.8289794921875
49111.0,2.0,66,38,1,13.577558011351437,2.8086953910554033,0.682842712474619,0,1140.8289794921875
49111.0,2.0,66,39,4,5.673039434032062,2.793161533847168,0.848528137423857,0,1140.8289794921875
49111.0,2.0,66,40,2,10.512127009115527,2.9562790442229963,0.848528137423857,0,1140.8289794921875
49111.0,2.0,66,43,2,7.852359324428472,-3.0698213532635146,0.848528137423857,0,1140.8289794921875
49111.0,2.0,66,44,2,12.844492391512874,-3.0977395508697887,0.8513997106635237,0,1140.8289794921875
49111.0,2.0,66,45,1,16.341847853918402,-3.107128876084905,0.613407053921902,0,1140.8289794921875
49111.0,2.0,66,46,4,6.1493316436911565,-2.620166125000687,0.848528137423857,1,1140.8289794921875
49111.0,2.0,66,47,4,10.776628299231385,-2.8533846771536093,0.848528137423857,0,1140.8289794921875
49111.0,2.0,66,48,5,6.2425165092504145,-2.0416937651175777,0.6466890965784271,0,1140.8289794921875
49111.0,2.0,66,49,5,9.606791878871809,-2.523994243590698,0.8513997106635237,0,1140.8289794921875
49111.0,2.0,66,50,4,13.986131989926688,-2.7325211616522695,0.682842712474619,0,1140.8289794921875
49111.0,2.0,66,51,5,11.978400664311172,-2.2834653765559274,0.613407053921902,0,1140.8289794921875
49111.0,2.0,66,52,1,39.84052587427633,-1.768672466224043,0.613407053921902,0,1140.8289794921875
49111.0,2.0,66,53,2,36.41532465416268,-1.7875682665982764,0.8513997106635237,0,1140.8289794921875
49111.0,2.0,66,54,4,35.67568404154818,-1.65026577705737,0.682842712474619,0,1140.8289794921875
49111.0,2.0,66,55,1,37.80737107369094,-1.9170843442036758,0.682842712474619,0,1140.8289794921875
49111.0,2.0,66,56,4,33.49029261037014,-1.7306913879209824,0.848528137423857,0,1140.8289794921875
49111.0,2.0,66,57,2,34.639877842797105,-1.873679212831234,0.848528137423857,0,1140.8289794921875
49111.0,2.0,66,58,5,30.5703863584249,-1.548948079781277,0.613407053921902,0,1140.8289794921875
49111.0,2.0,66,59,5,30.694030829924518,-1.6631979401715822,0.8513997106635237,0,1140.8289794921875
49111.0,2.0,66,60,2,31.550672994788084,-1.8216594415246252,0.848528137423857,0,1140.8289794921875
49111.0,2.0,66,61,2,33.147645531164706,-1.9683032101417388,0.8513997106635237,0,1140.8289794921875
49111.0,2.0,66,62,1,34.65315874122774,-2.0615640947615583,0.613407053921902,0,1140.8289794921875
49111.0,2.0,66,63,4,28.565167527675978,-1.7585636599114738,0.848528137423857,0,1140.8289794921875
49111.0,2.0,66,64,4,29.904685815435137,-1.9235705374910683,0.848528137423857,0,1140.8289794921875
49111.0,2.0,66,65,5,25.71949893260633,-1.681136689731235,0.682842712474619,0,1140.8289794921875
49111.0,2.0,66,66,5,26.736006866771103,-1.8681004463399948,0.8513997106635237,0,1140.8289794921875
49111.0,2.0,66,67,4,28.60306803501549,-2.0360261717155272,0.682842712474619,0,1140.8289794921875
49111.0,2.0,66,68,5,23.41201467001972,-1.911908331159165,0.613407053921902,0,1140.8289794921875
49111.0,2.0,67,1,1,26.844675587185147,0.40116023799612566,0.613407053921902,0,1141.1839599609375
49111.0,2.0,67,2,2,25.68091081484609,0.2753607940578528,0.8513997106635237,0,1141.1839599609375
49111.0,2.0,67,3,4,20.91350759531989,0.3404110983399174,0.6466890965784271,0,1141.1839599609375
49111.0,2.0,67,4,1,30.52283670664729,0.2308065910592884,0.682842712474619,0,1141.1839599609375
49111.0,2.0,67,5,4,22.661190219854042,0.1991178467395729,0.848528137423857,0,1141.1839599609375
49111.0,2.0,67,6,2,27.58013637604036,0.16325016634537526,0.848528137423857,0,1141.1839599609375
49111.0,2.0,67,9,2,24.79282727768889,0.08004768171448191,0.848528137423857,0,1141.1839599609375
49111.0,2.0,67,10,2,29.77950074735791,0.066621562492011,0.8513997106635237,0,1141.1839599609375
49111.0,2.0,67,11,1,33.272552216508636,0.05961864546290156,0.613407053921902,0,1141.1839599609375
49111.0,2.0,67,13,4,27.218358265373393,-0.019014431163947097,0.848528137423857,0,1141.1839599609375
49111.0,2.0,67,16,4,29.866264729676622,-0.10120675955405968,0.6466890965784271,0,1141.1839599609375
49111.0,2.0,67,18,1,44.094019847467145,-0.9758414048021368,0.613407053921902,0,1141.1839599609375
49111.0,2.0,67,19,2,41.24209031329476,-0.9282591804749746,0.8513997106635237,0,1141.1839599609375
49111.0,2.0,67,20,4,38.4548518794363,-1.032541322500742,0.682842712474619,0,1141.1839599609375
49111.0,2.0,67,21,1,44.41896434801849,-0.8380200696203347,0.682842712474619,0,1141.1839599609375
49111.0,2.0,67,22,4,37.74593052461491,-0.94159541435253,0.848528137423857,0,1141.1839599609375
49111.0,2.0,67,23,2,40.88874724798538,-0.8425680525406364,0.848528137423857,0,1141.1839599609375
49111.0,2.0,67,24,5,32.37061109540175,-1.0461937388657698,0.613407053921902,0,1141.1839599609375
49111.0,2.0,67,25,5,34.257853536498025,-0.957650754412471,0.8513997106635237,0,1141.1839599609375
49111.0,2.0,67,26,2,37.35953572073302,-0.8479754264642182,0.848528137423857,0,1141.1839599609375
49111.0,2.0,67,27,2,40.839555453130274,-0.7560302061521246,0.8513997106635237,0,1141.1839599609375
49111.0,2.0,67,28,1,43.45242635167461,-0.7007431049903092,0.613407053921902,0,1141.1839599609375
49111.0,2.0,67,29,4,33.83164446236424,-0.8545107647712497,0.848528137423857,0,1141.1839599609375
49111.0,2.0,67,30,4,37.30569054941078,-0.7532473433680215,0.848528137423857,0,1141.1839599609375
49111.0,2.0,67,31,5,30.305534557022995,-0.8625673165456178,0.682842712474619,0,1141.1839599609375
49111.0,2.0,67,32,5,33.77217501327818,-0.749882118985385,0.8513997106635237,0,1141.1839599609375
49111.0,2.0,67,33,4,37.58582426218783,-0.6590912750071852,0.682842712474619,0,1141.1839599609375
49111.0,2.0,67,34,5,31.491065911280714,-0.6684614301956917,0.613407053921902,0,1141.1839599609375
49111.0,2.0,67,35,1,11.74011607002917,2.037896456370218,0.613407053921902,0,1141.1839599609375
49111.0,2.0,67,36,2,8.758019081768541,2.2188368134305443,0.8513997106635237,0,1141.1839599609375
49111.0,2.0,67,37,4,6.988367375660645,1.6118133939113801,0.6466890965784271,0,1141.1839599609375
49111.0,2.0,67,38,1,12.432558783132528,2.545238930793373,0.682842712474619,0,1141.1839599609375
49111.0,2.0,67,39,4,5.278033770025316,2.126986616198514,0.848528137423857,0,1141.1839599609375
49111.0,2.0,67,40,2,8.984612408832753,2.6192550489681787,0.848528137423857,0,1141.1839599609375
49111.0,2.0,67,43,2,5.646060784109329,2.7828171991286226,0.848528137423857,0,1141.1839599609375
49111.0,2.0,67,44,2,10.475859011903562,2.951200853403122,0.8513997106635237,0,1141.1839599609375
49111.0,2.0,67,45,1,13.928372331284004,2.9987730021328876,0.613407053921902,0,1141.1839599609375
49111.0,2.0,67,47,4,7.8037404030494795,-3.0752282622406164,0.848528137423857,0,1141.1839599609375
49111.0,2.0,67,48,5,3.0310867456522512,-1.6654787288505517,0.5052677403411177,0,1141.1839599609375
49111.0,2.0,67,49,5,6.087126293998884,-2.6229289538621163,0.7685569981889047,1,1141.1839599609375
49111.0,2.0,67,50,4,10.720015213539412,-2.8562525900739413,0.682842712474619,0,1141.1839599609375
49111.0,2.0,67,51,5,8.392000918610373,-2.25228837655773,0.613407053921902,0,1141.1839599609375
49111.0,2.0,67,52,1,36.89818836020773,-1.7145653847583262,0.613407053921902,0,1141.1839599609375
49111.0,2.0,67,53,2,33.4380581279252,-1.7295626322927315,0.8513997106635237,0,1141.1839599609375
49111.0,2.0,67,54,4,33.018753939346055,-1.579475199533206,0.682842712474619,0,1141.1839599609375
49111.0,2.0,67,55,1,34.58278980975839,-1.8728142825595717,0.682842712474619,0,1141.1839599609375
49111.0,2.0,67,56,4,30.644467191748905,-1.661854085455625,0.848528137423857,0,1141.1839599609375
49111.0,2.0,67,57,2,31.495221687195645,-1.8206167347313562,0.848528137423857,0,1141.1839599609375
49111.0,2.0,67,58,5,28.201189226772847,-1.4566013976937118,0.613407053921902,0,1141.1839599609375
49111.0,2.0,67,59,5,28.018975847911456,-1.5810239298119966,0.8513997106635237,0,1141.1839599609375
49111.0,2.0,67,60,2,28.51190325504892,-1.7572914740765575,0.848528137423857,0,1141.1839599609375
49111.0,2.0,67,61,2,29.84617641984804,-1.9226650003606949,0.8513997106635237,0,1141.1839599609375
49111.0,2.0,67,62,1,31.225793515078042,-2.0280794212118494,0.613407053921902,0,1141.1839599609375
49111.0,2.0,67,63,4,25.669208506008513,-1.6795672789880636,0.848528137423857,0,1141.1839599609375
49111.0,2.0,67,64,4,26.679090782565353,-1.866967357111982,0.848528137423857,0,1141.1839599609375
49111.0,2.0,67,65,5,23.01929415565582,-1.5832454212819738,0.682842712474619,0,1141.1839599609375
49111.0,2.0,67,66,5,23.616805945852075,-1.7965566514129685,0.8513997106635237,0,1141.1839599609375
49111.0,2.0,67,67,4,25.211488308774193,-1.9910706259625959,0.682842712474619,0,1141.1839599609375
49111.0,2.0,67,68,5,20.22080488470153,-1.835311897004523,0.613407053921902,0,1141.1839599609375
49111.0,2.0,68,1,1,29.083593765345693,2.78829298679561,0.613407053921902,0,1141.4539794921875
49111.0,2.0,68,2,2,27.800154228193875,2.6737153438679147,0.8513997106635237,0,1141.4539794921875
49111.0,2.0,68,3,4,23.102893211700962,2.741336824722171,0.6466890965784271,0,1141.4539794921875
49111.0,2.0,68,4,1,32.58762764411477,2.625793500999799,0.682842712474619,0,1141.4539794921875
49111.0,2.0,68,5,4,24.696120628082863,2.6091056000451514,0.848528137423857,0,1141.4539794921875
49111.0,2.0,68,6,2,29.563546377877728,2.5667733534165373,0.848528137423857,0,1141.4539794921875
49111.0,2.0,68,9,2,26.66557843742343,2.494624952966789,0.848528137423857,0,1141.4539794921875
49111.0,2.0,68,10,2,31.625274287545537,2.472807006105253,0.8513997106635237,0,1141.4539794921875
49111.0,2.0,68,11,1,35.103865941154744,2.4612063309427628,0.613407053921902,0,1141.4539794921875
49111.0,2.0,68,13,4,28.934542898202885,2.3969719488641363,0.848528137423857,0,1141.4539794921875
49111.0,2.0,68,16,4,31.43823264837743,2.3141807297319645,0.6466890965784271,0,1141.4539794921875
49111.0,2.0,68,18,1,43.703291755235114,1.4343021439343187,0.613407053921902,0,1141.4539794921875
49111.0,2.0,68,19,2,40.969312435522895,1.4859514852390627,0.8513997106635237,0,1141.4539794921875
49111.0,2.0,68,20,4,37.9391573585838,1.3850287218690855,0.682842712474619,0,1141.4539794921875
49111.0,2.0,68,21,1,44.35751866143549,1.5722316654853312,0.682842712474619,0,1141.4539794921875
49111.0,2.0,68,22,4,37.44769501736962,1.47795058581104,0.848528137423857,0,1141.4539794921875
49111.0,2.0,68,23,2,40.8219887128743,1.5723559780687482,0.848528137423857,0,1141.4539794921875
49111.0,2.0,68,24,5,31.8363272463438,1.3829016861150243,0.613407053921902,0,1141.4539794921875
49111.0,2.0,68,25,5,33.92897232143007,1.4682894340574597,0.8513997106635237,0,1141.4539794921875
49111.0,2.0,68,26,2,37.28645951479538,1.5725038654738928,0.848528137423857,0,1141.4539794921875
49111.0,2.0,68,27,2,40.98029970008251,1.6587372471133934,0.8513997106635237,0,1141.4539794921875
49111.0,2.0,68,28,1,43.72080047026424,1.7101759078681285,0.613407053921902,0,1141.4539794921875
49111.0,2.0,68,29,4,33.75093130304575,1.572682736330509,0.848528137423857,0,1141.4539794921875
49111.0,2.0,68,30,4,37.45971521759103,1.667026713861506,0.848528137423857,0,1141.4539794921875
49111.0,2.0,68,31,5,30.215404423858903,1.5729034668187936,0.682842712474619,0,1141.4539794921875
49111.0,2.0,68,32,5,33.94223865418219,1.6770350876731537,0.8513997106635237,0,1141.4539794921875
49111.0,2.0,68,33,4,37.96288273060368,1.759860453268531,0.682842712474619,0,1141.4539794921875
49111.0,2.0,68,34,5,31.860358065372534,1.7626173278256123,0.613407053921902,0,1141.4539794921875
49111.0,2.0,68,35,1,12.6974810158161,4.213593007923984,0.613407053921902,0,1141.4539794921875
49111.0,2.0,68,36,2,9.392506212439853,4.31913144671762,0.8513997106635237,0,1141.4539794921875
49111.0,2.0,68,37,4,8.793410789382506,3.765891825798256,0.6466890965784271,0,1141.4539794921875
49111.0,2.0,68,38,1,12.211235506311956,4.70717506658202,0.682842712474619,0,1141.4539794921875
49111.0,2.0,68,39,4,6.274860339185468,4.101506249134834,0.848528137423857,0,1141.4539794921875
49111.0,2.0,68,40,2,8.675769240601973,4.7050503098175,0.848528137423857,0,1141.4539794921875
49111.0,2.0,68,43,2,5.140396019932401,4.700002839585098,0.848528137423857,0,1141.4539794921875
49111.0,2.0,68,44,2,9.344451341926366,5.093059464283083,0.8513997106635237,0,1141.4539794921875
49111.0,2.0,68,45,1,12.63706218349638,5.202336155142122,0.613407053921902,0,1141.4539794921875
49111.0,2.0,68,47,4,6.20269862295364,5.306454636182387,0.848528137423857,0,1141.4539794921875
49111.0,2.0,68,48,5,1.9321153932568145,1.603754797728372,0.43175884674785275,0,1141.4539794921875
49111.0,2.0,68,50,4,8.690412485759527,-0.6328640723396104,0.6466890965784271,0,1141.4539794921875
49111.0,2.0,68,51,5,6.010101358252077,0.14533492790087355,0.4815389220537701,1,1141.4539794921875
49111.0,2.0,68,52,1,35.004975476102786,0.6826747503280759,0.613407053921902,0,1141.4539794921875
49111.0,2.0,68,53,2,31.525468422829917,0.6712900589204323,0.8513997106635237,0,1141.4539794921875
49111.0,2.0,68,54,4,31.352193856873136,0.8304019125669972,0.682842712474619,0,1141.4539794921875
49111.0,2.0,68,55,1,32.47691886430637,0.5177330195004384,0.682842712474619,0,1141.4539794921875
49111.0,2.0,68,56,4,28.841036047850157,0.7476127918700137,0.848528137423857,0,1141.4539794921875
49111.0,2.0,68,57,2,29.456755760831584,0.5771695435284898,0.848528137423857,0,1141.4539794921875
49111.0,2.0,68,58,5,26.77459601189182,0.9698432776033092,0.613407053921902,0,1141.4539794921875
49111.0,2.0,68,59,5,26.3582162019348,0.8389360836909403,0.8513997106635237,0,1141.4539794921875
49111.0,2.0,68,60,2,26.56408592419153,0.6498571067964762,0.848528137423857,0,1141.4539794921875
49111.0,2.0,68,61,2,27.68656281714513,0.4699515177186564,0.8513997106635237,0,1141.4539794921875
49111.0,2.0,68,62,1,28.964155958281403,0.35482077912920396,0.613407053921902,0,1141.4539794921875
49111.0,2.0,68,63,4,23.845353048809667,0.7396915889633013,0.848528137423857,0,1141.4539794921875
49111.0,2.0,68,64,4,24.586499581320417,0.5351163726787156,0.848528137423857,0,1141.4539794921875
49111.0,2.0,68,65,5,21.367055554215288,0.8514585733671347,0.682842712474619,0,1141.4539794921875
49111.0,2.0,68,66,5,21.620503294253236,0.6186024164011752,0.8513997106635237,0,1141.4539794921875
49111.0,2.0,68,67,4,22.98567515512015,0.40241443622471396,0.682842712474619,0,1141.4539794921875
49111.0,2.0,68,68,5,18.178366645359095,0.586631393070961,0.613407053921902,0,1141.4539794921875
49111.0,2.0,69,1,1,31.346362407249234,2.814785284091055,0.613407053921902,0,1141.6319580078125
49111.0,2.0,69,2,2,29.96177933562436,2.7098470746564973,0.8513997106635237,0,1141.6319580078125
49111.0,2.0,69,3,4,25.330470273626247,2.7782623638119146,0.6466890965784271,0,1141.6319580078125
49111.0,2.0,69,4,1,34.69558642868327,2.659916817358361,0.682842712474619,0,1141.6319580078125
49111.0,2.0,69,5,4,26.791555791995304,2.654597697470487,0.848528137423857,0,1141.6319580078125
49111.0,2.0,69,6,2,31.604793282494054,2.6080696598258286,0.848528137423857,0,1141.6319580078125
49111.0,2.0,69,9,2,28.61716616347837,2.5451966668867962,0.848528137423857,0,1141.6319580078125
49111.0,2.0,69,10,2,33.54128345638723,2.5171856807023523,0.8513997106635237,0,1141.6319580078125
49111.0,2.0,69,11,1,37.000277614812894,2.502021884747553,0.613407053921902,0,1141.6319580078125
49111.0,2.0,69,13,4,30.74242893300179,2.449901247024397,0.848528137423857,0,1141.6319580078125
49111.0,2.0,69,16,4,33.1096915445191,2.367567709348659,0.6466890965784271,0,1141.6319580078125
49111.0,2.0,69,18,1,43.44184425088973,1.4890605389837819,0.613407053921902,0,1141.6319580078125
49111.0,2.0,69,19,2,40.8360140945284,1.544543838041729,0.8513997106635237,0,1141.6319580078125
49111.0,2.0,69,20,4,37.569995348082465,1.4478503227656894,0.682842712474619,0,1141.6319580078125
49111.0,2.0,69,21,1,44.425843197424015,1.626279111601532,0.682842712474619,0,1141.6319580078125
49111.0,2.0,69,22,4,37.30181375826098,1.5420559956536686,0.848528137423857,0,1141.6319580078125
49111.0,2.0,69,23,2,40.89621995159909,1.6310733530078807,0.848528137423857,0,1141.6319580078125
49111.0,2.0,69,24,5,31.47646302417006,1.457875986234808,0.613407053921902,1,1141.6319580078125
49111.0,2.0,69,25,5,33.767892622777836,1.539047409467294,0.8513997106635237,0,1141.6319580078125
49111.0,2.0,69,26,2,37.36771425785952,1.6367731545220314,0.848528137423857,0,1141.6319580078125
49111.0,2.0,69,27,2,41.26041160156575,1.7167106466627469,0.8513997106635237,0,1141.6319580078125
49111.0,2.0,69,28,1,44.1183002075344,1.7640722147547263,0.613407053921902,0,1141.6319580078125
49111.0,2.0,69,29,4,33.84067569337976,1.6436613419710824,0.848528137423857,0,1141.6319580078125
49111.0,2.0,69,30,4,37.765947996284794,1.7303228336490508,0.848528137423857,0,1141.6319580078125
49111.0,2.0,69,31,5,30.315616337326365,1.6521519124627386,0.682842712474619,0,1141.6319580078125
49111.0,2.0,69,32,5,34.279907972244516,1.7467071314794254,0.8513997106635237,0,1141.6319580078125
49111.0,2.0,69,33,4,38.48619995867528,1.8211461589891347,0.682842712474619,0,1141.6319580078125
49111.0,2.0,69,34,5,32.40367734988599,1.8353872901564063,0.613407053921902,0,1141.6319580078125
49111.0,2.0,69,35,1,14.00505109327003,4.062530313510472,0.613407053921902,0,1141.6319580078125
49111.0,2.0,69,36,2,10.547759995143192,4.107383492270182,0.8513997106635237,0,1141.6319580078125
49111.0,2.0,69,37,4,10.831931387740928,3.636012858826917,0.6466890965784271,0,1141.6319580078125
49111.0,2.0,69,38,1,12.457116208880736,4.513303186287604,0.682842712474619,0,1141.6319580078125
49111.0,2.0,69,39,4,7.899998632131355,3.8500083674594423,0.848528137423857,0,1141.6319580078125
49111.0,2.0,69,40,2,9.01856317348242,4.435693078774013,0.848528137423857,0,1141.6319580078125
49111.0,2.0,69,43,2,5.699931507187386,4.265426051640539,0.848528137423857,0,1141.6319580078125
49111.0,2.0,69,44,2,8.741494295201678,4.835315163565955,0.8513997106635237,0,1141.6319580078125
49111.0,2.0,69,45,1,11.70089205323828,5.0203495049675695,0.613407053921902,0,1141.6319580078125
49111.0,2.0,69,47,4,5.250567586992634,4.917975746380787,0.848528137423857,0,1141.6319580078125
49111.0,2.0,69,48,5,3.1302865893869547,2.4767943911511283,0.39440356905077983,0,1141.6319580078125
49111.0,2.0,69,50,4,6.902731400288428,5.443200208108893,0.6466890965784271,0,1141.6319580078125
49111.0,2.0,69,52,1,33.177414785921115,0.72832546278782,0.613407053921902,0,1141.6319580078125
49111.0,2.0,69,53,2,29.683784581603103,0.7215998169362048,0.8513997106635237,0,1141.6319580078125
49111.0,2.0,69,54,4,29.785945742255727,0.8899163498699516,0.682842712474619,0,1141.6319580078125
49111.0,2.0,69,55,1,30.41466045204901,0.5567948218145538,0.682842712474619,0,1141.6319580078125
49111.0,2.0,69,56,4,27.130201368365622,0.8077924808904207,0.848528137423857,0,1141.6319580078125
49111.0,2.0,69,57,2,27.476759809236675,0.6248473592602888,0.848528137423857,0,1141.6319580078125
49111.0,2.0,69,58,5,25.49453731999517,1.0475647962356254,0.613407053921902,0,1141.6319580078125
49111.0,2.0,69,59,5,24.818714420556066,0.9109361890281487,0.8513997106635237,0,1141.6319580078125
49111.0,2.0,69,60,2,24.696013621949874,0.7086917732187825,0.848528137423857,0,1141.6319580078125
49111.0,2.0,69,61,2,25.569857100538314,0.5124671815554196,0.8513997106635237,0,1141.6319580078125
49111.0,2.0,69,62,1,26.726667290749905,0.38602243065047315,0.613407053921902,0,1141.6319580078125
49111.0,2.0,69,63,4,22.131738477051087,0.8128517187423601,0.848528137423857,0,1141.6319580078125
49111.0,2.0,69,64,4,22.555228913557926,0.5894023537123856,0.848528137423857,0,1141.6319580078125
49111.0,2.0,69,65,5,19.867929112457425,0.942451971567501,0.682842712474619,0,1141.6319580078125
49111.0,2.0,69,66,5,19.714439138460147,0.689255609161868,0.8513997106635237,0,1141.6319580078125
49111.0,2.0,69,67,4,20.798644520027388,0.44762095197305474,0.682842712474619,0,1141.6319580078125
49111.0,2.0,69,68,5,16.23407914709086,0.6685584158220197,0.613407053921902,0,1141.6319580078125
49111.0,2.0,70,1,1,45.44079730044533,2.200644987078131,0.613407053921902,0,1145.748046875
49111.0,2.0,70,2,2,42.62237660450206,2.1534863865549516,0.8513997106635237,0,1145.748046875
49111.0,2.0,70,3,4,39.75930313787131,2.2531031290328993,0.682842712474619,0,1145.748046875
49111.0,2.0,70,4,1,45.85337270935329,2.0671446004756553,0.682842712474619,0,1145.748046875
49111.0,2.0,70,5,4,39.117764958733886,2.1649131424330883,0.848528137423857,0,1145.748046875
49111.0,2.0,70,6,2,42.32096805099819,2.0705206057173644,0.848528137423857,0,1145.748046875
49111.0,2.0,70,7,5,33.665660877705804,2.262473395178581,0.613407053921902,0,1145.748046875
49111.0,2.0,70,8,5,35.619265620131664,2.1785866436025665,0.8513997106635237,0,1145.748046875
49111.0,2.0,70,9,2,38.78913359079259,2.0745114487485576,0.848528137423857,0,1145.748046875
49111.0,2.0,70,10,2,42.31384745129205,1.986948477174792,0.8513997106635237,0,1145.748046875
49111.0,2.0,70,11,1,44.94793707297384,1.9340959278622758,0.613407053921902,0,1145.748046875
49111.0,2.0,70,12,4,35.25804068117085,2.0793017472101134,0.848528137423857,0,1145.748046875
49111.0,2.0,70,13,4,38.78136452062974,1.9833234140928648,0.848528137423857,0,1145.748046875
49111.0,2.0,70,14,5,31.727936910959766,2.085158159462814,0.682842712474619,0,1145.748046875
49111.0,2.0,70,15,5,35.24949335852508,1.9789718475939986,0.8513997106635237,0,1145.748046875
49111.0,2.0,70,16,4,39.0946490384498,1.892849950882237,0.682842712474619,0,1145.748046875
49111.0,2.0,70,17,5,32.9973894444477,1.900394371063506,0.613407053921902,0,1145.748046875
49111.0,2.0,70,18,1,27.86408250774904,0.8821986131610189,0.613407053921902,0,1145.748046875
49111.0,2.0,70,19,2,26.83479394150067,1.0046110927308203,0.8513997106635237,0,1145.748046875
49111.0,2.0,70,20,4,22.005484872548045,0.9513017236642931,0.682842712474619,0,1145.748046875
49111.0,2.0,70,21,1,31.717045374524744,1.0415883771273038,0.682842712474619,0,1145.748046875
49111.0,2.0,70,22,4,23.889512689152873,1.0818772032269957,0.848528137423857,0,1145.748046875
49111.0,2.0,70,23,2,28.837018187254667,1.1094099093906165,0.848528137423857,0,1145.748046875
49111.0,2.0,70,25,5,21.126084993855137,1.1800823794378292,0.765685424949238,0,1145.748046875
49111.0,2.0,70,26,2,26.118504332646072,1.191799143658221,0.848528137423857,0,1145.748046875
49111.0,2.0,70,27,2,31.11335838480494,1.1997547716311936,0.8513997106635237,0,1145.748046875
49111.0,2.0,70,28,1,34.61064042987523,1.2039572730753125,0.613407053921902,0,1145.748046875
49111.0,2.0,70,29,4,23.61734361050892,1.292453343569993,0.848528137423857,1,1145.748046875
49111.0,2.0,70,30,4,28.611950660933744,1.283522176215541,0.848528137423857,0,1145.748046875
49111.0,2.0,70,31,5,21.40984749733733,1.4153462386849667,0.682842712474619,0,1145.748046875
49111.0,2.0,70,32,5,26.348555392394893,1.3824836642709861,0.8513997106635237,0,1145.748046875
49111.0,2.0,70,33,4,31.306727275027683,1.360011967478445,0.682842712474619,0,1145.748046875
49111.0,2.0,70,34,5,27.063729291253583,1.510874165610633,0.613407053921902,0,1145.748046875
49111.0,2.0,70,35,1,37.41226070232855,2.9169174431464095,0.613407053921902,0,1145.748046875
49111.0,2.0,70,36,2,33.93343747654873,2.927706965137731,0.8513997106635237,0,1145.748046875
49111.0,2.0,70,37,4,33.72451601404685,2.7798985462420056,0.6466890965784271,0,1145.748046875
49111.0,2.0,70,38,1,34.865647528304734,3.0706439107625223,0.682842712474619,0,1145.748046875
49111.0,2.0,70,39,4,31.23900651961338,2.8573844601458442,0.848528137423857,0,1145.748046875
49111.0,2.0,70,40,2,31.859232993366096,3.0148135711823225,0.848528137423857,0,1145.748046875
49111.0,2.0,70,41,5,29.071089396079646,2.653690777629588,0.4815389220537701,0,1145.748046875
49111.0,2.0,70,43,2,28.97254003851219,2.9476114891284793,0.848528137423857,0,1145.748046875
49111.0,2.0,70,44,2,30.05899657134834,3.113182003096628,0.8513997106635237,0,1145.748046875
49111.0,2.0,70,45,1,31.275995809750473,3.220260093514119,0.613407053921902,0,1145.748046875
49111.0,2.0,70,47,4,26.98037479787737,3.0521286140309876,0.848528137423857,0,1145.748046875
49111.0,2.0,70,48,5,23.731893624369754,2.7663230093745916,0.43175884674785275,0,1145.748046875
49111.0,2.0,70,50,4,25.327320667308673,3.1717558675629176,0.6466890965784271,0,1145.748046875
49111.0,2.0,70,52,1,10.546008038944583,-0.7096549388075375,0.613407053921902,0,1145.748046875
49111.0,2.0,70,53,2,7.4106246323531355,-0.8858288320473449,0.8513997106635237,0,1145.748046875
49111.0,2.0,70,54,4,6.386091046054652,-0.15850831139030253,0.682842712474619,0,1145.748046875
49111.0,2.0,70,55,1,10.911120750627713,-1.2855237115959883,0.682842712474619,0,1145.748046875
49111.0,2.0,70,56,4,4.047815397334027,-0.6861954153879419,0.848528137423857,0,1145.748046875
49111.0,2.0,70,57,2,7.451174946545953,-1.366192618529663,0.848528137423857,0,1145.748046875
49111.0,2.0,70,58,5,4.765251569954314,0.9665421064440483,0.613407053921902,0,1145.748046875
49111.0,2.0,70,59,5,1.6888639791735174,0.369354816102199,0.8513997106635237,0,1145.748046875
49111.0,2.0,70,60,2,4.1215846628802195,-1.5811688703523261,0.848528137423857,0,1145.748046875
49111.0,2.0,70,61,2,9.006811795881443,-1.7562139428231678,0.8513997106635237,0,1145.748046875
49111.0,2.0,70,62,1,12.480676974492484,-1.7964829822862018,0.613407053921902,0,1145.748046875
49111.0,2.0,70,63,4,1.8587394068413237,3.676160600079218,0.848528137423857,0,1145.748046875
49111.0,2.0,70,64,4,6.52610992672392,4.196894821587842,0.848528137423857,0,1145.748046875
49111.0,2.0,70,65,5,3.8629476092486956,2.527016963939113,0.682842712474619,0,1145.748046875
49111.0,2.0,70,66,5,5.39050673174052,3.62461109538136,0.8513997106635237,0,1145.748046875
49111.0,2.0,70,67,4,9.653639801550476,3.988790821103637,0.682842712474619,0,1145.748046875
49111.0,2.0,70,68,5,8.201014248804544,3.309585641165492,0.613407053921902,0,1145.748046875
49111.0,2.0,71,1,1,41.780744101851646,1.5616926236261564,0.613407053921902,0,1146.3380126953125
49111.0,2.0,71,2,2,38.36971654955513,1.5421076206534325,0.8513997106635237,0,1146.3380126953125
49111.0,2.0,71,3,4,37.51713097789711,1.6720524782065962,0.682842712474619,0,1146.3380126953125
49111.0,2.0,71,4,1,39.83635499608018,1.4197671600469128,0.682842712474619,0,1146.3380126953125
49111.0,2.0,71,5,4,35.402721402890144,1.5942820647643705,0.848528137423857,0,1146.3380126953125
49111.0,2.0,71,6,2,36.64768361044356,1.459740001603404,0.848528137423857,0,1146.3380126953125
49111.0,2.0,71,7,5,32.309908626793494,1.7635221426635543,0.613407053921902,0,1146.3380126953125
49111.0,2.0,71,8,5,32.5495041032595,1.6557967666499651,0.8513997106635237,0,1146.3380126953125
49111.0,2.0,71,9,2,33.528648178067435,1.5072381000719646,0.848528137423857,0,1146.3380126953125
49111.0,2.0,71,10,2,35.19758912097734,1.3699299420580318,0.8513997106635237,0,1146.3380126953125
49111.0,2.0,71,11,1,36.72751423422915,1.2823491820096757,0.613407053921902,0,1146.3380126953125
49111.0,2.0,71,12,4,30.50061939184311,1.5643184519317577,0.848528137423857,0,1146.3380126953125
49111.0,2.0,71,13,4,31.937248074412945,1.41072111330108,0.848528137423857,0,1146.3380126953125
49111.0,2.0,71,14,5,27.59357385195921,1.6336941401281853,0.682842712474619,0,1146.3380126953125
49111.0,2.0,71,15,5,28.742048451772614,1.4606810191567412,0.8513997106635237,0,1146.3380126953125
49111.0,2.0,71,16,4,30.672550928877143,1.3051848043624434,0.682842712474619,0,1146.3380126953125
49111.0,2.0,71,17,5,25.440320744692638,1.4177319391224343,0.613407053921902,0,1146.3380126953125
49111.0,2.0,71,18,1,10.900482692310378,-0.39702766374905585,0.613407053921902,0,1146.3380126953125
49111.0,2.0,71,19,2,9.365679502127122,-0.08444035451134446,0.8513997106635237,0,1146.3380126953125
49111.0,2.0,71,20,4,4.797491141841387,-0.388853542268341,0.682842712474619,0,1146.3380126953125
49111.0,2.0,71,21,1,14.227297136739702,0.016803602256214023,0.682842712474619,0,1146.3380126953125
49111.0,2.0,71,22,4,6.4728963083457005,0.1773731562800314,0.848528137423857,0,1146.3380126953125
49111.0,2.0,71,23,2,11.4716353628902,0.1904036793091382,0.848528137423857,0,1146.3380126953125
49111.0,2.0,71,25,5,4.59138548813173,0.7335893762454978,0.682842712474619,0,1146.3380126953125
49111.0,2.0,71,26,2,9.261795289313202,0.4589544138754592,0.848528137423857,0,1146.3380126953125
49111.0,2.0,71,27,2,14.159127206917162,0.3708999703101077,0.8513997106635237,0,1146.3380126953125
49111.0,2.0,71,28,1,17.621603365131794,0.3385395982870112,0.613407053921902,0,1146.3380126953125
49111.0,2.0,71,30,4,12.436370746471539,0.6040921136579053,0.848528137423857,0,1146.3380126953125
49111.0,2.0,71,31,5,8.31539055878957,1.2803437560380095,0.5638463841038082,0,1146.3380126953125
49111.0,2.0,71,32,5,11.569172460713181,0.8908214376482961,0.7685569981889047,0,1146.3380126953125
49111.0,2.0,71,33,4,15.76533484282024,0.6891609214916639,0.682842712474619,0,1146.3380126953125
49111.0,2.0,71,34,5,14.044257938279628,1.0852677618466666,0.613407053921902,0,1146.3380126953125
49111.0,2.0,71,35,1,45.90675756379779,2.2539286461687045,0.613407053921902,0,1146.3380126953125
49111.0,2.0,71,36,2,42.82563438421081,2.2913766211971245,0.8513997106635237,0,1146.3380126953125
49111.0,2.0,71,37,4,40.604617861649885,2.183900600186284,0.682842712474619,0,1146.3380126953125
49111.0,2.0,71,38,1,45.48994316472138,2.3872727404146254,0.682842712474619,0,1146.3380126953125
49111.0,2.0,71,39,4,39.431618357963295,2.2672778734103645,0.848528137423857,0,1146.3380126953125
49111.0,2.0,71,40,2,42.01371793887742,2.372521677798865,0.848528137423857,0,1146.3380126953125
49111.0,2.0,71,41,5,34.65126425027518,2.1480559083213233,0.613407053921902,0,1146.3380126953125
49111.0,2.0,71,42,5,36.064804064988856,2.238660356536467,0.8513997106635237,1,1146.3380126953125
49111.0,2.0,71,43,2,38.54828220511933,2.3551140394720167,0.848528137423857,0,1146.3380126953125
49111.0,2.0,71,44,2,41.488191448712264,2.4562886233904324,0.8513997106635237,0,1146.3380126953125
49111.0,2.0,71,45,1,43.76905308307045,2.51859711172863,0.613407053921902,0,1146.3380126953125
49111.0,2.0,71,46,4,35.09683214883486,2.33427524695384,0.848528137423857,0,1146.3380126953125
49111.0,2.0,71,47,4,37.97482844731455,2.446328977023914,0.848528137423857,0,1146.3380126953125
49111.0,2.0,71,48,5,31.66394152346572,2.308904820745236,0.6466890965784271,0,1146.3380126953125
49111.0,2.0,71,50,4,37.72539105483761,2.5395392749341332,0.6466890965784271,0,1146.3380126953125
49111.0,2.0,71,52,1,21.92305487933314,-2.6479085905254984,0.613407053921902,0,1146.3380126953125
49111.0,2.0,71,53,2,21.20178683162008,-2.8069337139719535,0.8513997106635237,0,1146.3380126953125
49111.0,2.0,71,54,4,16.254716119759713,-2.767845362801005,0.682842712474619,0,1146.3380126953125
49111.0,2.0,71,55,1,26.16898419069684,-2.831209423571546,0.682842712474619,0,1146.3380126953125
49111.0,2.0,71,56,4,18.531007263934885,-2.923876916230549,0.848528137423857,0,1146.3380126953125
49111.0,2.0,71,57,2,23.530792569216405,-2.9260958192267,0.848528137423857,0,1146.3380126953125
49111.0,2.0,71,58,5,12.740514804156017,3.1668260963098254,0.613407053921902,0,1146.3380126953125
49111.0,2.0,71,59,5,16.195082450501953,3.205960645016194,0.8513997106635237,0,1146.3380126953125
49111.0,2.0,71,60,2,21.15610229456359,3.2396261231573935,0.848528137423857,0,1146.3380126953125
49111.0,2.0,71,61,2,26.131984865630113,3.2604875983140653,0.8513997106635237,0,1146.3380126953125
49111.0,2.0,71,62,1,29.619936041814118,3.2709172779637403,0.613407053921902,0,1146.3380126953125
49111.0,2.0,71,63,4,19.14322673063733,3.0950694023856813,0.848528137423857,0,1146.3380126953125
49111.0,2.0,71,64,4,24.015892620930625,3.1473670498668387,0.848528137423857,0,1146.3380126953125
49111.0,2.0,71,65,5,17.616628367060947,2.9211980756532854,0.682842712474619,0,1146.3380126953125
49111.0,2.0,71,66,5,22.263098700374545,3.0144806276601455,0.8513997106635237,0,1146.3380126953125
49111.0,2.0,71,67,4,27.036004373096652,3.0752126414611647,0.682842712474619,0,1146.3380126953125
49111.0,2.0,71,68,5,23.644047736244843,2.8741910787872147,0.613407053921902,0,1146.3380126953125
49111.0,2.0,72,1,1,22.471876411631,3.070912452258473,0.613407053921902,0,1151.27294921875
49111.0,2.0,72,2,2,21.436289071136343,2.9184370481295145,0.8513997106635237,0,1151.27294921875
49111.0,2.0,72,3,4,16.597319941757057,2.9851816581885346,0.682842712474619,0,1151.27294921875
49111.0,2.0,72,4,1,26.33548839557741,2.876391670722964,0.682842712474619,0,1151.27294921875
49111.0,2.0,72,5,4,18.540864569049283,2.816621814471011,0.848528137423857,0,1151.27294921875
49111.0,2.0,72,6,2,23.51185060475036,2.79086001459702,0.848528137423857,0,1151.27294921875
49111.0,2.0,72,7,5,12.406949942259924,2.674707189454617,0.613407053921902,0,1151.27294921875
49111.0,2.0,72,8,5,15.906376985169647,2.679215091928966,0.8513997106635237,0,1151.27294921875
49111.0,2.0,72,9,2,20.90589124353725,2.683036931047498,0.848528137423857,0,1151.27294921875
49111.0,2.0,72,10,2,25.90559299801648,2.6853835872928715,0.8513997106635237,0,1151.27294921875
49111.0,2.0,72,11,1,29.405444572450723,2.6865514402181847,0.613407053921902,0,1151.27294921875
49111.0,2.0,72,12,4,18.60928420206202,2.546649508830274,0.848528137423857,0,1151.27294921875
49111.0,2.0,72,13,4,23.565842195970593,2.578056120327617,0.848528137423857,0,1151.27294921875
49111.0,2.0,72,14,5,16.749765023415186,2.376122206214204,0.682842712474619,0,1151.27294921875
49111.0,2.0,72,15,5,21.554537532313137,2.448952409299184,0.8513997106635237,0,1151.27294921875
49111.0,2.0,72,16,4,26.431828315955908,2.4950802428732786,0.682842712474619,0,1151.27294921875
49111.0,2.0,72,17,5,22.6633481179105,2.2986108277131683,0.613407053921902,0,1151.27294921875
49111.0,2.0,72,18,1,44.032694048687574,1.619074626162034,0.613407053921902,0,1151.27294921875
49111.0,2.0,72,19,2,40.98595961428284,1.6596267216749394,0.8513997106635237,0,1151.27294921875
49111.0,2.0,72,20,4,38.6756438293062,1.5481954463333183,0.682842712474619,0,1151.27294921875
49111.0,2.0,72,21,1,43.74805533273333,1.7580932856604234,0.682842712474619,0,1151.27294921875
49111.0,2.0,72,22,4,37.57068346177434,1.6363274698533983,0.848528137423857,0,1151.27294921875
49111.0,2.0,72,23,2,40.256672933528876,1.744820562783198,0.848528137423857,0,1151.27294921875
49111.0,2.0,72,24,5,32.698366995027015,1.5135001690671885,0.613407053921902,0,1151.27294921875
49111.0,2.0,72,25,5,34.17987165081319,1.6083876329039575,0.7685569981889047,0,1151.27294921875
49111.0,2.0,72,26,2,36.77372820313894,1.7290304070424756,0.848528137423857,0,1151.27294921875
49111.0,2.0,72,27,2,39.82901638065657,1.8324953630201426,0.8513997106635237,0,1151.27294921875
49111.0,2.0,72,28,1,42.18922810120138,1.8955533528995074,0.613407053921902,0,1151.27294921875
49111.0,2.0,72,30,4,36.305067361620864,1.824974806932186,0.848528137423857,0,1151.27294921875
49111.0,2.0,72,31,5,29.84496316836017,1.6864218711548706,0.5638463841038082,0,1151.27294921875
49111.0,2.0,72,32,5,32.78361307746673,1.8158379953498869,0.7685569981889047,0,1151.27294921875
49111.0,2.0,72,33,4,36.17746185548844,1.922505526266675,0.682842712474619,0,1151.27294921875
49111.0,2.0,72,34,5,30.170118109337032,1.8898782106520202,0.613407053921902,0,1151.27294921875
49111.0,2.0,72,35,1,12.276989456132155,5.100356706640767,0.613407053921902,0,1151.27294921875
49111.0,2.0,72,36,2,10.259324041460129,5.355878304951423,0.8513997106635237,0,1151.27294921875
49111.0,2.0,72,37,4,6.268747058221023,4.977986202929172,0.6466890965784271,0,1151.27294921875
49111.0,2.0,72,38,1,14.873139207827272,5.512022583465615,0.682842712474619,0,1151.27294921875
49111.0,2.0,72,39,4,6.967521762180747,5.508601569314029,0.848528137423857,0,1151.27294921875
49111.0,2.0,72,40,2,11.811134560836624,5.64547904001819,0.848528137423857,0,1151.27294921875
49111.0,2.0,72,41,5,0.6476196027251468,-0.04306701428517634,0.4815389220537701,0,1151.27294921875
49111.0,2.0,72,43,2,9.09920487366725,-0.41845919162557044,0.848528137423857,0,1151.27294921875
49111.0,2.0,72,44,2,14.097945575178565,-0.4283665787628137,0.8513997106635237,0,1151.27294921875
49111.0,2.0,72,45,1,17.597489807245402,-0.43195252456039324,0.613407053921902,0,1151.27294921875
49111.0,2.0,72,46,4,7.147598131662858,-0.05083233001392351,0.848528137423857,0,1151.27294921875
49111.0,2.0,72,47,4,11.91825067530791,-0.21320001235651498,0.848528137423857,0,1151.27294921875
49111.0,2.0,72,48,5,6.661890780441458,0.4622813915415773,0.6466890965784271,0,1151.27294921875
49111.0,2.0,72,49,5,10.504157694849118,0.07743263158909741,0.8513997106635237,0,1151.27294921875
49111.0,2.0,72,50,4,15.043067140247198,-0.08959896761198394,0.682842712474619,0,1151.27294921875
49111.0,2.0,72,51,5,12.624048025889303,0.3198729896212895,0.613407053921902,0,1151.27294921875
49111.0,2.0,72,52,1,39.807252929983605,0.8938703818122806,0.613407053921902,0,1151.27294921875
49111.0,2.0,72,53,2,36.40862708411272,0.8719033998254178,0.8513997106635237,0,1151.27294921875
49111.0,2.0,72,54,4,35.491288875472804,1.0087426715846617,0.682842712474619,0,1151.27294921875
49111.0,2.0,72,55,1,37.967679231916634,0.744039985721002,0.682842712474619,0,1151.27294921875
49111.0,2.0,72,56,4,33.41165898789641,0.9256882969717257,0.848528137423857,0,1151.27294921875
49111.0,2.0,72,57,2,34.74615800964484,0.7841470629152025,0.848528137423857,0,1151.27294921875
49111.0,2.0,72,58,5,30.26004310012731,1.104713419177925,0.613407053921902,0,1151.27294921875
49111.0,2.0,72,59,5,30.530145536780058,0.9898423811894554,0.8513997106635237,0,1151.27294921875
49111.0,2.0,72,60,2,31.59187121087794,0.8323542178322054,0.848528137423857,0,1151.27294921875
49111.0,2.0,72,61,2,33.37668148142391,0.6883954951314033,0.8513997106635237,0,1151.27294921875
49111.0,2.0,72,62,1,34.99889205086119,0.5976233614019142,0.613407053921902,0,1151.27294921875
49111.0,2.0,72,63,4,28.527130188264483,0.8910817366357746,0.848528137423857,0,1151.27294921875
49111.0,2.0,72,64,4,30.079123938138853,0.7286440853788376,0.848528137423857,0,1151.27294921875
49111.0,2.0,72,65,5,25.584135454450738,0.9636217337417936,0.682842712474619,0,1151.27294921875
49111.0,2.0,72,66,5,26.842215390302833,0.778698175513364,0.8513997106635237,0,1151.27294921875
49111.0,2.0,72,67,4,28.921636661280726,0.6153193187221344,0.682842712474619,0,1151.27294921875
49111.0,2.0,72,68,5,23.57912779086005,0.7283783441466785,0.613407053921902,1,1151.27294921875
49111.0,2.0,73,1,1,40.36354143416785,2.3126362214902665,0.613407053921902,0,1153.1259765625
49111.0,2.0,73,2,2,38.086288458341066,2.2448356696108167,0.8513997106635237,0,1153.1259765625
49111.0,2.0,73,3,4,34.32192546683117,2.335886835739159,0.682842712474619,0,1153.1259765625
49111.0,2.0,73,4,1,42.10862345545404,2.1706561121805623,0.682842712474619,0,1153.1259765625
49111.0,2.0,73,5,4,34.57488608412236,2.233471695163433,0.848528137423857,0,1153.1259765625
49111.0,2.0,73,6,2,38.639274689249646,2.1537755918553114,0.848528137423857,0,1153.1259765625
49111.0,2.0,73,7,5,28.358959190725557,2.2941775021392328,0.613407053921902,0,1153.1259765625
49111.0,2.0,73,8,5,31.06895760929408,2.2195408675522614,0.8513997106635237,0,1153.1259765625
49111.0,2.0,73,9,2,35.18310571438176,2.1335718588369437,0.848528137423857,0,1153.1259765625
49111.0,2.0,73,10,2,39.5021737185514,2.06598796910959,0.8513997106635237,0,1153.1259765625
49111.0,2.0,73,11,1,42.614214635934424,2.0269488000348694,0.613407053921902,0,1153.1259765625
49111.0,2.0,73,12,4,31.74442166597837,2.108979091621675,0.848528137423857,0,1153.1259765625
49111.0,2.0,73,13,4,36.128646635165936,2.0379817801513194,0.848528137423857,0,1153.1259765625
49111.0,2.0,73,14,5,28.32959029187523,2.0784351535579755,0.682842712474619,0,1153.1259765625
49111.0,2.0,73,15,5,32.78927396095805,2.00423993361327,0.8513997106635237,0,1153.1259765625
49111.0,2.0,73,16,4,37.38592365674561,1.948039687973816,0.682842712474619,0,1153.1259765625
49111.0,2.0,73,17,5,31.47993612304416,1.90316757545183,0.613407053921902,0,1153.1259765625
49111.0,2.0,73,18,1,35.702937321393215,0.985345544075637,0.613407053921902,0,1153.1259765625
49111.0,2.0,73,19,2,33.89468751812227,1.071516394438778,0.8513997106635237,0,1153.1259765625
49111.0,2.0,73,20,4,29.602010762275988,0.9905561944779012,0.682842712474619,0,1153.1259765625
49111.0,2.0,73,21,1,38.35910117211303,1.1339663526151984,0.682842712474619,0,1153.1259765625
49111.0,2.0,73,22,4,30.519201529067384,1.1042175451212195,0.848528137423857,0,1153.1259765625
49111.0,2.0,73,23,2,35.05698878616187,1.1684190893464668,0.848528137423857,0,1153.1259765625
49111.0,2.0,73,24,5,24.040464251873956,1.0848232295766418,0.613407053921902,0,1153.1259765625
49111.0,2.0,73,25,5,27.18443455348124,1.144994737672456,0.8513997106635237,0,1153.1259765625
49111.0,2.0,73,26,2,31.80509837704884,1.209975161222589,0.848528137423857,0,1153.1259765625
49111.0,2.0,73,27,2,36.52581393418913,1.2583218198936674,0.8513997106635237,0,1153.1259765625
49111.0,2.0,73,28,1,39.87084955329996,1.2853109746846392,0.613407053921902,0,1153.1259765625
49111.0,2.0,73,29,4,28.620553851985996,1.260884056228453,0.848528137423857,0,1153.1259765625
49111.0,2.0,73,30,4,33.41716480456833,1.3065314094544846,0.848528137423857,0,1153.1259765625
49111.0,2.0,73,31,5,25.52857071626036,1.3243247115521255,0.682842712474619,0,1153.1259765625
49111.0,2.0,73,32,5,30.401952628019735,1.36446181309003,0.8513997106635237,0,1153.1259765625
49111.0,2.0,73,33,4,35.31075649681844,1.3934759600763649,0.682842712474619,0,1153.1259765625
49111.0,2.0,73,34,5,29.881914800965767,1.4793576789447236,0.613407053921902,0,1153.1259765625
49111.0,2.0,73,35,1,27.27252596332589,3.1504999009201002,0.613407053921902,0,1153.1259765625
49111.0,2.0,73,36,2,23.772685246821908,3.1518112783279117,0.8513997106635237,0,1153.1259765625
49111.0,2.0,73,37,4,24.24275901430598,2.944084191686911,0.6466890965784271,0,1153.1259765625
49111.0,2.0,73,38,1,24.342755864182962,3.3586726389141397,0.682842712474619,0,1153.1259765625
49111.0,2.0,73,39,4,21.39085654722102,3.0358797545379215,0.848528137423857,0,1153.1259765625
49111.0,2.0,73,40,2,21.447562636405525,3.2698334530715267,0.848528137423857,0,1153.1259765625
49111.0,2.0,73,41,5,20.507230050642814,2.727190905735129,0.4815389220537701,0,1153.1259765625
49111.0,2.0,73,43,2,18.77301582116903,3.1545328600951823,0.848528137423857,0,1153.1259765625
49111.0,2.0,73,44,2,19.489877430107473,3.4139548760756573,0.8513997106635237,0,1153.1259765625
49111.0,2.0,73,45,1,20.707625689434742,3.577472057972215,0.613407053921902,0,1153.1259765625
49111.0,2.0,73,46,4,16.427242708415402,3.0037580332177307,0.848528137423857,0,1153.1259765625
49111.0,2.0,73,47,4,16.501015187555492,3.3085951946940773,0.848528137423857,0,1153.1259765625
49111.0,2.0,73,48,5,14.569917054688794,2.8089942323266013,0.6466890965784271,0,1153.1259765625
49111.0,2.0,73,49,5,13.773586395680006,3.159230217989537,0.8513997106635237,0,1153.1259765625
49111.0,2.0,73,50,4,14.73570091369974,3.50535951395866,0.682842712474619,0,1153.1259765625
49111.0,2.0,73,51,5,10.274316211964688,3.165238271949773,0.613407053921902,0,1153.1259765625
49111.0,2.0,73,52,1,19.730051411180675,-0.012312489947069905,0.613407053921902,0,1153.1259765625
49111.0,2.0,73,53,2,16.23037391016157,-0.01496755364892377,0.8513997106635237,0,1153.1259765625
49111.0,2.0,73,54,4,16.911411474058085,0.28514238371374034,0.682842712474619,0,1153.1259765625
49111.0,2.0,73,55,1,17.054449169715316,-0.31248307929548136,0.682842712474619,0,1153.1259765625
49111.0,2.0,73,56,4,13.912859449645106,0.1629499460801349,0.848528137423857,0,1153.1259765625
49111.0,2.0,73,57,2,13.999887759704686,-0.19720005419142628,0.848528137423857,0,1153.1259765625
49111.0,2.0,73,58,5,13.937712847321105,0.6340683245739305,0.613407053921902,0,1153.1259765625
49111.0,2.0,73,59,5,12.194682401256081,0.40073435894540954,0.8513997106635237,0,1153.1259765625
49111.0,2.0,73,60,2,11.231183289674101,-0.021630745390672335,0.848528137423857,0,1153.1259765625
49111.0,2.0,73,61,2,12.392282973891646,-0.4368412078064976,0.8513997106635237,0,1153.1259765625
49111.0,2.0,73,62,1,14.230921149318823,-0.6615755811893078,0.613407053921902,0,1153.1259765625
49111.0,2.0,73,63,4,9.015658538796844,0.2530428918847287,0.848528137423857,0,1153.1259765625
49111.0,2.0,73,64,4,9.149387854219015,-0.30447537876756603,0.848528137423857,0,1153.1259765625
49111.0,2.0,73,65,5,7.837392403733916,0.6522452652223383,0.682842712474619,0,1153.1259765625
49111.0,2.0,73,66,5,6.233291177929689,-0.03898124551473203,0.765685424949238,1,1153.1259765625
49111.0,2.0,73,67,4,8.141444474269052,-0.699688071643561,0.682842712474619,0,1153.1259765625
49111.0,2.0,74,1,1,41.95389013920089,2.2805918566903047,0.613407053921902,0,1153.4110107421875
49111.0,2.0,74,2,2,39.556585766579914,2.2179838304425994,0.8513997106635237,0,1153.4110107421875
49111.0,2.0,74,3,4,35.9590944529642,2.3100878106228406,0.682842712474619,0,1153.4110107421875
49111.0,2.0,74,4,1,43.43259698821134,2.14176228576879,0.682842712474619,0,1153.4110107421875
49111.0,2.0,74,5,4,36.0286646363187,2.21184130012283,0.848528137423857,0,1153.4110107421875
49111.0,2.0,74,6,2,39.93409169003239,2.1295078308954705,0.848528137423857,0,1153.4110107421875
49111.0,2.0,74,7,5,29.933074865468416,2.280580754110825,0.613407053921902,0,1153.4110107421875
49111.0,2.0,74,8,5,32.50239796451719,2.2043655974711602,0.8513997106635237,0,1153.4110107421875
49111.0,2.0,74,9,2,36.44273421514148,2.1149027686790176,0.848528137423857,0,1153.4110107421875
49111.0,2.0,74,10,2,40.616990049818256,2.043347520667424,0.8513997106635237,0,1153.4110107421875
49111.0,2.0,74,11,1,43.64237371235837,2.001545436226052,0.613407053921902,0,1153.4110107421875
49111.0,2.0,74,12,4,32.96079603169457,2.097207516538403,0.848528137423857,0,1153.4110107421875
49111.0,2.0,74,13,4,37.18979804562757,2.0209999079759324,0.848528137423857,0,1153.4110107421875
49111.0,2.0,74,14,5,29.491613604726712,2.0753409236650686,0.682842712474619,0,1153.4110107421875
49111.0,2.0,74,15,5,33.78494156635606,1.9941321267472911,0.8513997106635237,0,1153.4110107421875
49111.0,2.0,74,16,4,38.25035006733514,1.931546833251339,0.682842712474619,0,1153.4110107421875
49111.0,2.0,74,17,5,32.25704351515726,1.8987100583421304,0.613407053921902,0,1153.4110107421875
49111.0,2.0,74,18,1,34.36005316844913,0.9664086897493108,0.613407053921902,0,1153.4110107421875
49111.0,2.0,74,19,2,32.734059846618415,1.058857729898113,0.8513997106635237,0,1153.4110107421875
49111.0,2.0,74,20,4,28.281649004441096,0.9840670226239421,0.682842712474619,0,1153.4110107421875
49111.0,2.0,74,21,1,37.32540257885489,1.1155045062356865,0.682842712474619,0,1153.4110107421875
49111.0,2.0,74,22,4,29.436549941235892,1.0999447492072634,0.848528137423857,0,1153.4110107421875
49111.0,2.0,74,23,2,34.1053877866015,1.156426775512755,0.848528137423857,0,1153.4110107421875
49111.0,2.0,74,24,5,22.936550924270183,1.0998071713680115,0.613407053921902,0,1153.4110107421875
49111.0,2.0,74,25,5,26.20118834793097,1.1512843064719074,0.8513997106635237,0,1153.4110107421875
49111.0,2.0,74,26,2,30.95430946532882,1.2057780273689398,0.848528137423857,0,1153.4110107421875
49111.0,2.0,74,27,2,35.77479948381175,1.2456796472736662,0.8513997106635237,0,1153.4110107421875
49111.0,2.0,74,28,1,39.175926034352415,1.26774497638305,0.613407053921902,0,1153.4110107421875
49111.0,2.0,74,29,4,27.895538583727404,1.2661275394220266,0.848528137423857,0,1153.4110107421875
49111.0,2.0,74,30,4,32.78457070799946,1.3007689142222885,0.848528137423857,0,1153.4110107421875
49111.0,2.0,74,31,5,24.96303009005724,1.340985780561483,0.682842712474619,0,1153.4110107421875
49111.0,2.0,74,32,5,29.913539992931213,1.3666667373438726,0.8513997106635237,0,1153.4110107421875
49111.0,2.0,74,33,4,34.878171949520045,1.3850461445093263,0.682842712474619,0,1153.4110107421875
49111.0,2.0,74,34,5,29.668591055391218,1.483931721456095,0.613407053921902,0,1153.4110107421875
49111.0,2.0,74,35,1,29.666932366232047,3.077252621612148,0.613407053921902,0,1153.4110107421875
49111.0,2.0,74,36,2,26.167182800585202,3.078755325598137,0.8513997106635237,0,1153.4110107421875
49111.0,2.0,74,37,4,26.577969436185935,2.8895174076731847,0.6466890965784271,0,1153.4110107421875
49111.0,2.0,74,38,1,26.70307944952511,3.26709596028165,0.682842712474619,0,1153.4110107421875
49111.0,2.0,74,39,4,23.76404126655151,2.9747152832261046,0.848528137423857,0,1153.4110107421875
49111.0,2.0,74,40,2,23.834064984529416,3.1851755011136844,0.848528137423857,0,1153.4110107421875
49111.0,2.0,74,41,5,22.68600364673334,2.697762102519534,0.4815389220537701,0,1153.4110107421875
49111.0,2.0,74,43,2,21.167684221139833,3.08176399994837,0.848528137423857,0,1153.4110107421875
49111.0,2.0,74,44,2,21.826677522112718,3.3128646673228532,0.8513997106635237,0,1153.4110107421875
49111.0,2.0,74,45,1,22.934405357719356,3.4613933814682913,0.613407053921902,0,1153.4110107421875
49111.0,2.0,74,46,4,18.79039799698275,2.95045168546819,0.848528137423857,0,1153.4110107421875
49111.0,2.0,74,47,4,18.8788784956475,3.216664581227164,0.848528137423857,0,1153.4110107421875
49111.0,2.0,74,48,5,16.825197130617354,2.7849685191390523,0.6466890965784271,0,1153.4110107421875
49111.0,2.0,74,49,5,16.168495751075383,3.08663326702501,0.8513997106635237,0,1153.4110107421875
49111.0,2.0,74,50,4,17.022140030588133,3.3846999453926534,0.682842712474619,0,1153.4110107421875
49111.0,2.0,74,51,5,12.669444918748335,3.0923280611409636,0.613407053921902,0,1153.4110107421875
49111.0,2.0,74,52,1,17.338143843823083,-0.09479966122702299,0.613407053921902,0,1153.4110107421875
49111.0,2.0,74,53,2,13.838954160356376,-0.09966147951866677,0.8513997106635237,0,1153.4110107421875
49111.0,2.0,74,54,4,14.60081011053965,0.24975267360383113,0.682842712474619,0,1153.4110107421875
49111.0,2.0,74,55,1,14.827327763992177,-0.44351482362852845,0.682842712474619,0,1153.4110107421875
49111.0,2.0,74,56,4,11.540166995538486,0.11329891977057405,0.848528137423857,0,1153.4110107421875
49111.0,2.0,74,57,2,11.683683094526485,-0.320517501027735,0.848528137423857,0,1153.4110107421875
49111.0,2.0,74,58,5,12.031257575976866,0.6705389784504536,0.613407053921902,0,1153.4110107421875
49111.0,2.0,74,59,5,9.991709379149619,0.41038481327762644,0.8513997106635237,0,1153.4110107421875
49111.0,2.0,74,60,2,8.841224614599193,-0.11328227835036753,0.848528137423857,0,1153.4110107421875
49111.0,2.0,74,61,2,10.319895786983649,-0.6186813007171195,0.8513997106635237,0,1153.4110107421875
49111.0,2.0,74,62,1,12.493332082038346,-0.8608803103010618,0.613407053921902,0,1153.4110107421875
49111.0,2.0,74,63,4,6.695226263410772,0.25397650857605014,0.848528137423857,0,1153.4110107421875
49111.0,2.0,74,64,4,6.9396722607536425,-0.49613936176096174,0.848528137423857,0,1153.4110107421875
49111.0,2.0,74,65,5,6.040269592554298,0.8073480909310972,0.6466890965784271,1,1153.4110107421875
49111.0,2.0,74,67,4,6.568930619785269,-1.022970387911901,0.6466890965784271,0,1153.4110107421875
49111.0,2.0,75,1,1,42.735763699105405,1.8018613215160268,0.613407053921902,0,1153.6319580078125
49111.0,2.0,75,2,2,40.201727736796755,1.7436070544138007,0.8513997106635237,0,1153.6319580078125
49111.0,2.0,75,3,4,36.815578363103484,1.8392692626653604,0.682842712474619,0,1153.6319580078125
49111.0,2.0,75,4,1,43.89727800031859,1.6634138748486456,0.682842712474619,0,1153.6319580078125
49111.0,2.0,75,5,4,36.66624976285706,1.7430890716237895,0.848528137423857,0,1153.6319580078125
49111.0,2.0,75,6,2,40.37580927344907,1.6559303816170934,0.848528137423857,0,1153.6319580078125
49111.0,2.0,75,7,5,30.738320682029663,1.8225338247580734,0.613407053921902,0,1153.6319580078125
49111.0,2.0,75,8,5,33.13078372633067,1.742460538242017,0.8513997106635237,0,1153.6319580078125
49111.0,2.0,75,9,2,36.85703369961584,1.647017394512078,0.848528137423857,0,1153.6319580078125
49111.0,2.0,75,10,2,40.85624843213506,1.5696618203718224,0.8513997106635237,0,1153.6319580078125
49111.0,2.0,75,11,1,43.77827666683492,1.5241034267516955,0.613407053921902,0,1153.6319580078125
49111.0,2.0,75,12,4,33.3418039671416,1.6362239986196556,0.848528137423857,0,1153.6319580078125
49111.0,2.0,75,13,4,37.3827232100207,1.5527925399531242,0.848528137423857,0,1153.6319580078125
49111.0,2.0,75,14,5,29.83137359277948,1.6228884872047138,0.682842712474619,0,1153.6319580078125
49111.0,2.0,75,15,5,33.9220128124158,1.5324744577637763,0.8513997106635237,0,1153.6319580078125
49111.0,2.0,75,16,4,38.229505045964466,1.4619599463152058,0.682842712474619,0,1153.6319580078125
49111.0,2.0,75,17,5,32.171981091059045,1.4406900737874115,0.613407053921902,0,1153.6319580078125
49111.0,2.0,75,18,1,32.38222487708287,0.4740606302915157,0.613407053921902,0,1153.6319580078125
49111.0,2.0,75,19,2,30.891343025388288,0.5742222184586625,0.8513997106635237,0,1153.6319580078125
49111.0,2.0,75,20,4,26.33406484192072,0.5020866604861565,0.682842712474619,0,1153.6319580078125
49111.0,2.0,75,21,1,35.56778284804841,0.6276097840985296,0.682842712474619,0,1153.6319580078125
49111.0,2.0,75,22,4,27.663116463077753,0.6235459193716251,0.848528137423857,0,1153.6319580078125
49111.0,2.0,75,23,2,32.419748846397994,0.6750064086683241,0.848528137423857,0,1153.6319580078125
49111.0,2.0,75,24,5,21.175846595066666,0.6403459297285785,0.613407053921902,0,1153.6319580078125
49111.0,2.0,75,25,5,24.519807319540686,0.6857013321507537,0.8513997106635237,0,1153.6319580078125
49111.0,2.0,75,26,2,29.360058818080077,0.7324343717824107,0.848528137423857,0,1153.6319580078125
49111.0,2.0,75,27,2,34.24624295619656,0.7658886041075292,0.8513997106635237,0,1153.6319580078125
49111.0,2.0,75,28,1,37.68434195504078,0.7841312643692273,0.613407053921902,0,1153.6319580078125
49111.0,2.0,75,29,4,26.419424527016467,0.8029248871028258,0.848528137423857,0,1153.6319580078125
49111.0,2.0,75,30,4,31.36523704919891,0.8284281300870451,0.848528137423857,0,1153.6319580078125
49111.0,2.0,75,31,5,23.64231229969516,0.8905025273846898,0.682842712474619,0,1153.6319580078125
49111.0,2.0,75,32,5,28.631294656198097,0.903253474801806,0.8513997106635237,0,1153.6319580078125
49111.0,2.0,75,33,4,33.62355032568331,0.9122191476064377,0.682842712474619,0,1153.6319580078125
49111.0,2.0,75,34,5,28.634203666459435,1.025567315247513,0.613407053921902,0,1153.6319580078125
49111.0,2.0,75,35,1,31.805547976154266,2.579063128502346,0.613407053921902,0,1153.6319580078125
49111.0,2.0,75,36,2,28.309473611164332,2.5845860056320165,0.8513997106635237,0,1153.6319580078125
49111.0,2.0,75,37,4,28.499445590308074,2.408455853268202,0.6466890965784271,0,1153.6319580078125
49111.0,2.0,75,38,1,28.993692302421383,2.757683097300474,0.682842712474619,0,1153.6319580078125
49111.0,2.0,75,39,4,25.796382645704647,2.4925291949194435,0.848528137423857,0,1153.6319580078125
49111.0,2.0,75,40,2,26.0703136688052,2.6853427967853336,0.848528137423857,0,1153.6319580078125
49111.0,2.0,75,41,5,24.32662925757736,2.2390982985260695,0.4815389220537701,0,1153.6319580078125
49111.0,2.0,75,43,2,23.317124956827193,2.5953482140833226,0.848528137423857,0,1153.6319580078125
49111.0,2.0,75,44,2,24.143243639547958,2.8035618576008523,0.8513997106635237,0,1153.6319580078125
49111.0,2.0,75,45,1,25.300034416359367,2.9373181816817353,0.613407053921902,0,1153.6319580078125
49111.0,2.0,75,46,4,20.80181188537902,2.4824732375642755,0.848528137423857,0,1153.6319580078125
49111.0,2.0,75,47,4,21.140559947668727,2.7209200515356615,0.848528137423857,0,1153.6319580078125
49111.0,2.0,75,48,5,18.62102143216366,2.340959998026933,0.6466890965784271,0,1153.6319580078125
49111.0,2.0,75,49,5,18.328948043010477,2.6119711324008446,0.8513997106635237,0,1153.6319580078125
49111.0,2.0,75,50,4,19.36900187282909,2.8722682797252856,0.682842712474619,0,1153.6319580078125
49111.0,2.0,75,51,5,14.841959117351603,2.6302518512047603,0.613407053921902,0,1153.6319580078125
49111.0,2.0,75,52,1,15.292346814914978,-0.7002582568419914,0.613407053921902,0,1153.6319580078125
49111.0,2.0,75,53,2,11.81196245464239,-0.7277914464910055,0.8513997106635237,0,1153.6319580078125
49111.0,2.0,75,54,4,12.26028384025436,-0.31096580938269847,0.682842712474619,0,1153.6319580078125
49111.0,2.0,75,55,1,13.369007226273789,-1.108182863993639,0.682842712474619,0,1153.6319580078125
49111.0,2.0,75,56,4,9.28910643610029,-0.49077235572215827,0.848528137423857,0,1153.6319580078125
49111.0,2.0,75,57,2,10.02473917702995,-1.0090543939060992,0.848528137423857,0,1153.6319580078125
49111.0,2.0,75,58,5,9.76509148457518,0.20374734970590092,0.6034068236642477,0,1153.6319580078125
49111.0,2.0,75,59,5,7.619221727480976,-0.1181959333520729,0.8513997106635237,0,1153.6319580078125
49111.0,2.0,75,60,2,6.8746226746489505,-0.8153874763774914,0.848528137423857,0,1153.6319580078125
49111.0,2.0,75,61,2,9.2988350939823,-1.3693872809900198,0.8513997106635237,0,1153.6319580078125
49111.0,2.0,75,62,1,11.985986072721438,-1.5822105306018623,0.613407053921902,0,1153.6319580078125
49111.0,2.0,75,63,4,4.361820522455716,-0.357196922166095,0.765685424949238,1,1153.6319580078125
49111.0,2.0,75,64,4,5.764839586354086,-1.355143495192113,0.848528137423857,0,1153.6319580078125
49111.0,2.0,75,67,4,6.648782895687963,-1.9153761532477578,0.6466890965784271,0,1153.6319580078125
49111.0,2.0,76,1,1,42.83912880935185,1.6710281354442955,0.613407053921902,0,1153.7340087890625
49111.0,2.0,76,2,2,40.23645772728798,1.6146561755741557,0.8513997106635237,0,1153.7340087890625
49111.0,2.0,76,3,4,36.966153903569364,1.7127649456656302,0.682842712474619,0,1153.7340087890625
49111.0,2.0,76,4,1,43.834330455218414,1.5319580000417727,0.682842712474619,0,1153.7340087890625
49111.0,2.0,76,5,4,36.70208167217241,1.6170105640662542,0.848528137423857,0,1153.7340087890625
49111.0,2.0,76,6,2,40.3053196872109,1.526850804728202,0.848528137423857,0,1153.7340087890625
49111.0,2.0,76,7,5,30.872801468113906,1.7024657075235141,0.613407053921902,0,1153.7340087890625
49111.0,2.0,76,8,5,33.16795241949366,1.6198667034237766,0.8513997106635237,0,1153.7340087890625
49111.0,2.0,76,9,2,36.77756195996754,1.5207636449368096,0.848528137423857,0,1153.7340087890625
49111.0,2.0,76,10,2,40.68249082512903,1.4400105517796578,0.8513997106635237,0,1153.7340087890625
49111.0,2.0,76,11,1,43.549377228026195,1.3923069897870572,0.613407053921902,0,1153.7340087890625
49111.0,2.0,76,12,4,33.251456093684574,1.5133851520453399,0.848528137423857,0,1153.7340087890625
49111.0,2.0,76,13,4,37.190527401042445,1.4257846353852714,0.848528137423857,0,1153.7340087890625
49111.0,2.0,76,14,5,29.727589895267567,1.5042567872221606,0.682842712474619,0,1153.7340087890625
49111.0,2.0,76,15,5,33.707648939056405,1.408614804594456,0.8513997106635237,0,1153.7340087890625
49111.0,2.0,76,16,4,37.92995640672589,1.3336996081578507,0.682842712474619,0,1153.7340087890625
49111.0,2.0,76,17,5,31.851015216069076,1.3180340838038807,0.613407053921902,0,1153.7340087890625
49111.0,2.0,76,18,1,31.243981339944135,0.32720095534688115,0.613407053921902,0,1153.7340087890625
49111.0,2.0,76,19,2,29.79773140148733,0.43170538069472003,0.8513997106635237,0,1153.7340087890625
49111.0,2.0,76,20,4,25.207713118363753,0.35934040787660465,0.682842712474619,0,1153.7340087890625
49111.0,2.0,76,21,1,34.50189549419916,0.48455501349001784,0.682842712474619,0,1153.7340087890625
49111.0,2.0,76,22,4,26.596212738409704,0.48499811539254656,0.848528137423857,0,1153.7340087890625
49111.0,2.0,76,23,2,31.382073354770597,0.5351102051956806,0.848528137423857,0,1153.7340087890625
49111.0,2.0,76,24,5,20.12036456344889,0.5091986873868206,0.613407053921902,0,1153.7340087890625
49111.0,2.0,76,25,5,23.49068469368888,0.5526190179976704,0.8513997106635237,0,1153.7340087890625
49111.0,2.0,76,26,2,28.359976435035435,0.5966267293429571,0.848528137423857,0,1153.7340087890625
49111.0,2.0,76,27,2,33.268066661788765,0.6276956793896302,0.8513997106635237,0,1153.7340087890625
49111.0,2.0,76,28,1,36.71848930205926,0.6444913065326864,0.613407053921902,0,1153.7340087890625
49111.0,2.0,76,29,4,25.470414184840568,0.6724460064116838,0.848528137423857,0,1153.7340087890625
49111.0,2.0,76,30,4,30.433829774853898,0.6941312523951357,0.848528137423857,0,1153.7340087890625
49111.0,2.0,76,31,5,22.76391297863551,0.7669541233819401,0.682842712474619,0,1153.7340087890625
49111.0,2.0,76,32,5,27.760974948952104,0.7737716102067267,0.8513997106635237,0,1153.7340087890625
49111.0,2.0,76,33,4,32.75893353169182,0.7785090066479419,0.682842712474619,0,1153.7340087890625
49111.0,2.0,76,34,5,27.872749358840668,0.8996136674392425,0.613407053921902,0,1153.7340087890625
49111.0,2.0,76,35,1,32.715974401498464,2.444512835735601,0.613407053921902,0,1153.7340087890625
49111.0,2.0,76,36,2,29.225272527986736,2.452758015546947,0.8513997106635237,0,1153.7340087890625
49111.0,2.0,76,37,4,29.26760240184618,2.2815942393773785,0.6466890965784271,0,1153.7340087890625
49111.0,2.0,76,38,1,30.027330189639574,2.6195499856974576,0.682842712474619,0,1153.7340087890625
49111.0,2.0,76,39,4,26.639497348552464,2.366316629140632,0.848528137423857,0,1153.7340087890625
49111.0,2.0,76,40,2,27.058950884431525,2.552158280052219,0.848528137423857,0,1153.7340087890625
49111.0,2.0,76,41,5,24.93375785645217,2.1223443828608297,0.4815389220537701,0,1153.7340087890625
49111.0,2.0,76,43,2,24.24320704062305,2.4686539202100795,0.848528137423857,0,1153.7340087890625
49111.0,2.0,76,44,2,25.20430700489619,2.667482102314556,0.8513997106635237,0,1153.7340087890625
49111.0,2.0,76,45,1,26.424872646520736,2.7946740213656978,0.613407053921902,0,1153.7340087890625
49111.0,2.0,76,46,4,21.639763221046405,2.364169086728858,0.848528137423857,0,1153.7340087890625
49111.0,2.0,76,47,4,22.15408215759562,2.591807267956468,0.848528137423857,0,1153.7340087890625
49111.0,2.0,76,48,5,19.334570512721253,2.2330203854159145,0.6466890965784271,0,1153.7340087890625
49111.0,2.0,76,49,5,19.270433853287635,2.492762748786539,0.8513997106635237,0,1153.7340087890625
49111.0,2.0,76,50,4,20.466402343266832,2.7378369207410698,0.682842712474619,0,1153.7340087890625
49111.0,2.0,76,51,5,15.799721332654173,2.5186580673811005,0.613407053921902,0,1153.7340087890625
49111.0,2.0,76,52,1,14.537207223742843,-0.9215485392703943,0.613407053921902,0,1153.7340087890625
49111.0,2.0,76,53,2,11.092737289346028,-0.9704550943476639,0.8513997106635237,0,1153.7340087890625
49111.0,2.0,76,54,4,11.203785814978072,-0.5182157408665343,0.682842712474619,0,1153.7340087890625
49111.0,2.0,76,55,1,13.06035315575317,-1.3547038250841403,0.682842712474619,0,1153.7340087890625
49111.0,2.0,76,56,4,8.365318400363872,-0.7363787649450223,0.848528137423857,0,1153.7340087890625
49111.0,2.0,76,57,2,9.6178249059759,-1.28280865052621,0.848528137423857,0,1153.7340087890625
49111.0,2.0,76,58,5,8.566882777341133,0.051277955508368334,0.6034068236642477,0,1153.7340087890625
49111.0,2.0,76,59,5,6.473660734737719,-0.3276519248078328,0.7685569981889047,1,1153.7340087890625
49111.0,2.0,76,60,2,6.279513300489845,-1.1328458667988395,0.848528137423857,0,1153.7340087890625
49111.0,2.0,76,61,2,9.325035725056116,-1.6570348194405078,0.8513997106635237,0,1153.7340087890625
49111.0,2.0,76,62,1,12.246350234308736,-1.837667056983178,0.613407053921902,0,1153.7340087890625
49111.0,2.0,76,64,4,5.8211702124737235,-1.7211299092670824,0.848528137423857,0,1153.7340087890625
49111.0,2.0,76,67,4,7.303407286613138,-2.2185227018385474,0.6466890965784271,0,1153.7340087890625
49111.0,2.0,77,1,1,43.31854342600625,1.7400828148075518,0.613407053921902,0,1154.0269775390625
49111.0,2.0,77,2,2,40.512600436029324,1.6901385357176848,0.8513997106635237,0,1154.0269775390625
49111.0,2.0,77,3,4,37.62907909932866,1.7948052216276027,0.682842712474619,0,1154.0269775390625
49111.0,2.0,77,4,1,43.778921803936576,1.6002179399837884,0.682842712474619,0,1154.0269775390625
49111.0,2.0,77,5,4,37.004608410937934,1.7015140550087882,0.848528137423857,0,1154.0269775390625
49111.0,2.0,77,6,2,40.24505241483341,1.6028022631205436,0.848528137423857,0,1154.0269775390625
49111.0,2.0,77,7,5,31.534664308444327,1.8043502094889015,0.613407053921902,0,1154.0269775390625
49111.0,2.0,77,8,5,33.502407274766895,1.7152699758595558,0.8513997106635237,0,1154.0269775390625
49111.0,2.0,77,9,2,36.711503557198306,1.6058841018553798,0.848528137423857,0,1154.0269775390625
49111.0,2.0,77,10,2,40.28719019311242,1.5149760799253336,0.8513997106635237,0,1154.0269775390625
49111.0,2.0,77,11,1,42.95967799942284,1.4606439485251022,0.613407053921902,0,1154.0269775390625
49111.0,2.0,77,12,4,33.17837764248998,1.6096223453371663,0.848528137423857,0,1154.0269775390625
49111.0,2.0,77,13,4,36.75769229989158,1.5096097787139708,0.848528137423857,0,1154.0269775390625
49111.0,2.0,77,14,5,29.64582588738546,1.6142515538442843,0.682842712474619,0,1154.0269775390625
49111.0,2.0,77,15,5,33.2294777685567,1.5031036973777696,0.8513997106635237,0,1154.0269775390625
49111.0,2.0,77,16,4,37.14190884966514,1.4144544944612574,0.682842712474619,0,1154.0269775390625
49111.0,2.0,77,17,5,31.039857962136008,1.4180585475950442,0.613407053921902,0,1154.0269775390625
49111.0,2.0,77,18,1,27.60896554299889,0.3499322289767961,0.613407053921902,0,1154.0269775390625
49111.0,2.0,77,19,2,26.324520675900747,0.4707737076199354,0.8513997106635237,0,1154.0269775390625
49111.0,2.0,77,20,4,21.625382969790287,0.3991624822078975,0.682842712474619,0,1154.0269775390625
49111.0,2.0,77,21,1,31.117576850419375,0.5205184306401807,0.682842712474619,0,1154.0269775390625
49111.0,2.0,77,22,4,23.22901072005867,0.5398644561829418,0.848528137423857,0,1154.0269775390625
49111.0,2.0,77,23,2,28.105340048795544,0.5831213391506778,0.848528137423857,0,1154.0269775390625
49111.0,2.0,77,24,5,16.829059661525786,0.5973309576981858,0.613407053921902,0,1154.0269775390625
49111.0,2.0,77,25,5,20.27790643161358,0.6296062560785799,0.8513997106635237,0,1154.0269775390625
49111.0,2.0,77,26,2,25.229282381294666,0.6603615755946827,0.848528137423857,0,1154.0269775390625
49111.0,2.0,77,27,2,30.19668673382786,0.681012831396033,0.8513997106635237,0,1154.0269775390625
49111.0,2.0,77,28,1,33.679610001587264,0.6918411236138791,0.613407053921902,0,1154.0269775390625
49111.0,2.0,77,29,4,22.54158911194551,0.7567196819867891,0.848528137423857,0,1154.0269775390625
49111.0,2.0,77,30,4,27.53990631642763,0.7619257055006862,0.848528137423857,0,1154.0269775390625
49111.0,2.0,77,31,5,20.117897253650916,0.8776673920374352,0.682842712474619,0,1154.0269775390625
49111.0,2.0,77,32,5,25.100856362568294,0.8593127326075137,0.8513997106635237,0,1154.0269775390625
49111.0,2.0,77,33,4,30.08946975870654,0.847041140919157,0.682842712474619,0,1154.0269775390625
49111.0,2.0,77,34,5,25.59840621202248,0.9960927686366883,0.613407053921902,0,1154.0269775390625
49111.0,2.0,77,35,1,35.7009384077759,2.4957945153823706,0.613407053921902,0,1154.0269775390625
49111.0,2.0,77,36,2,32.238666112827666,2.510901628397834,0.8513997106635237,0,1154.0269775390625
49111.0,2.0,77,37,4,31.853646462535696,2.3551798488021793,0.6466890965784271,0,1154.0269775390625
49111.0,2.0,77,38,1,33.37676426061329,2.6594631488249014,0.682842712474619,0,1154.0269775390625
49111.0,2.0,77,39,4,29.457173023182452,2.4400645673712464,0.848528137423857,0,1154.0269775390625
49111.0,2.0,77,40,2,30.288642133510674,2.605313750519276,0.848528137423857,0,1154.0269775390625
49111.0,2.0,77,41,5,27.084953986653076,2.225405615926432,0.4815389220537701,0,1154.0269775390625
49111.0,2.0,77,43,2,27.30925286556194,2.539117557769694,0.848528137423857,0,1154.0269775390625
49111.0,2.0,77,44,2,28.643884021713486,2.711616815961131,0.8513997106635237,0,1154.0269775390625
49111.0,2.0,77,45,1,30.041568728867873,2.8210587708932677,0.613407053921902,0,1154.0269775390625
49111.0,2.0,77,46,4,24.478332088982867,2.457176818671646,0.848528137423857,0,1154.0269775390625
49111.0,2.0,77,47,4,25.472839292719183,2.653727443565961,0.848528137423857,0,1154.0269775390625
49111.0,2.0,77,48,5,21.85365396545515,2.3547155597390654,0.6466890965784271,0,1154.0269775390625
49111.0,2.0,77,49,5,22.411135433440748,2.579712247230941,0.8513997106635237,0,1154.0269775390625
49111.0,2.0,77,50,4,24.019487737880535,2.7841186493279806,0.682842712474619,0,1154.0269775390625
49111.0,2.0,77,51,5,19.014036419303444,2.6205257670377495,0.613407053921902,0,1154.0269775390625
49111.0,2.0,77,52,1,12.661586669905143,-1.188575194283377,0.613407053921902,0,1154.0269775390625
49111.0,2.0,77,53,2,9.541550579488922,-1.3329945131636114,0.8513997106635237,0,1154.0269775390625
49111.0,2.0,77,54,4,8.146434047285686,-0.7814307701573049,0.6466890965784271,0,1154.0269775390625
49111.0,2.0,77,55,1,12.873149856780014,-1.6710063518961662,0.682842712474619,0,1154.0269775390625
49111.0,2.0,77,56,4,6.162056304793899,-1.1974210230152975,0.848528137423857,0,1154.0269775390625
49111.0,2.0,77,57,2,9.36203704743899,-1.7087959333322922,0.848528137423857,0,1154.0269775390625
49111.0,2.0,77,58,5,4.730425826924695,0.05772409330606798,0.43533959677349143,1,1154.0269775390625
49111.0,2.0,77,60,2,5.880262589385363,-1.7916002968684759,0.848528137423857,0,1154.0269775390625
49111.0,2.0,77,61,2,10.452477595971922,-2.050435904098838,0.8513997106635237,0,1154.0269775390625
49111.0,2.0,77,62,1,13.830330716805507,-2.126687150733888,0.613407053921902,0,1154.0269775390625
49111.0,2.0,77,64,4,7.495601265862523,-2.2698540233121065,0.848528137423857,0,1154.0269775390625
49111.0,2.0,77,67,4,10.138569354375136,3.7431270714418923,0.6466890965784271,0,1154.0269775390625
49111.0,2.0,78,1,1,43.53679006155749,1.767255102475001,0.613407053921902,0,1154.135009765625
49111.0,2.0,78,2,2,40.672926741175,1.7194365853903264,0.8513997106635237,0,1154.135009765625
49111.0,2.0,78,3,4,37.91370553802275,1.825670202711988,0.682842712474619,0,1154.135009765625
49111.0,2.0,78,4,1,43.83063850506949,1.6275876713166568,0.682842712474619,0,1154.135009765625
49111.0,2.0,78,5,4,37.180064809659534,1.7335195886845662,0.848528137423857,0,1154.135009765625
49111.0,2.0,78,6,2,40.301304213630296,1.6325671786247293,0.848528137423857,0,1154.135009765625
49111.0,2.0,78,7,5,31.83380180499361,1.8410308484154712,0.613407053921902,0,1154.135009765625
49111.0,2.0,78,8,5,33.6961046533272,1.7505187528458692,0.8513997106635237,0,1154.135009765625
49111.0,2.0,78,9,2,36.77316101285108,1.6385023595603636,0.848528137423857,0,1154.135009765625
49111.0,2.0,78,10,2,40.23808237163101,1.5447565854216412,0.8513997106635237,0,1154.135009765625
49111.0,2.0,78,11,1,42.844367242317006,1.4884862012861226,0.613407053921902,0,1154.135009765625
49111.0,2.0,78,12,4,33.24658810215818,1.6456969682504796,0.848528137423857,0,1154.135009765625
49111.0,2.0,78,13,4,36.703862501154525,1.5422485637914551,0.848528137423857,0,1154.135009765625
49111.0,2.0,78,14,5,29.722144437978574,1.6545984025250964,0.682842712474619,0,1154.135009765625
49111.0,2.0,78,15,5,33.169922702067794,1.539206107776558,0.8513997106635237,0,1154.135009765625
49111.0,2.0,78,16,4,36.974067589734354,1.4465193917540777,0.682842712474619,0,1154.135009765625
49111.0,2.0,78,17,5,30.88006886148426,1.4564756908331957,0.613407053921902,0,1154.135009765625
49111.0,2.0,78,18,1,26.484883613006534,0.36546631019830184,0.613407053921902,0,1154.135009765625
49111.0,2.0,78,19,2,25.2609219777435,0.4923221830590643,0.8513997106635237,0,1154.135009765625
49111.0,2.0,78,20,4,20.525015885415357,0.42188681175802245,0.682842712474619,0,1154.135009765625
49111.0,2.0,78,21,1,30.082421465612377,0.5403584659760295,0.682842712474619,0,1154.135009765625
49111.0,2.0,78,22,4,22.20824233340085,0.5676426216066889,0.848528137423857,0,1154.135009765625
49111.0,2.0,78,23,2,27.111693595350133,0.6074955196586671,0.848528137423857,0,1154.135009765625
49111.0,2.0,78,24,5,15.851225330052769,0.639922653525115,0.613407053921902,1,1154.135009765625
49111.0,2.0,78,25,5,19.320918091862787,0.6661858256591882,0.8513997106635237,0,1154.135009765625
49111.0,2.0,78,26,2,24.292710387718422,0.6906668429713161,0.848528137423857,0,1154.135009765625
49111.0,2.0,78,27,2,29.274112796985914,0.7068234064721222,0.8513997106635237,0,1154.135009765625
49111.0,2.0,78,28,1,32.76446568309971,0.7152084652108881,0.613407053921902,0,1154.135009765625
49111.0,2.0,78,29,4,21.6847325636028,0.7947209811670733,0.848528137423857,0,1154.135009765625
49111.0,2.0,78,30,4,26.68455599076116,0.7929741491294701,0.848528137423857,0,1154.135009765625
49111.0,2.0,78,31,5,19.373163776946416,0.9253339561728234,0.682842712474619,0,1154.135009765625
49111.0,2.0,78,32,5,24.334283979551987,0.8966709727241516,0.8513997106635237,0,1154.135009765625
49111.0,2.0,78,33,4,29.308621237898112,0.8777260401091203,0.682842712474619,0,1154.135009765625
49111.0,2.0,78,34,5,24.966427376952097,1.0364469441518784,0.613407053921902,0,1154.135009765625
49111.0,2.0,78,35,1,36.66639710210945,2.515492425128121,0.613407053921902,0,1154.135009765625
49111.0,2.0,78,36,2,33.21535122918976,2.532207997240767,0.8513997106635237,0,1154.135009765625
49111.0,2.0,78,37,4,32.71234414326692,2.3811482050039334,0.6466890965784271,0,1154.135009765625
49111.0,2.0,78,38,1,34.444472055895204,2.6756174299682938,0.682842712474619,0,1154.135009765625
49111.0,2.0,78,39,4,30.38367503948501,2.4655568172065925,0.848528137423857,0,1154.135009765625
49111.0,2.0,78,40,2,31.32618404523495,2.624887451286245,0.848528137423857,0,1154.135009765625
49111.0,2.0,78,41,5,27.831859297933647,2.259615714035223,0.4815389220537701,0,1154.135009765625
49111.0,2.0,78,43,2,28.30614700842415,2.5631436820337123,0.848528137423857,0,1154.135009765625
49111.0,2.0,78,44,2,29.738864409950622,2.7284380092796,0.8513997106635237,0,1154.135009765625
49111.0,2.0,78,45,1,31.18274402526281,2.833184001678302,0.613407053921902,0,1154.135009765625
49111.0,2.0,78,46,4,25.41940420405456,2.48702719564265,0.848528137423857,0,1154.135009765625
49111.0,2.0,78,47,4,26.53880570070957,2.6749240530937866,0.848528137423857,0,1154.135009765625
49111.0,2.0,78,48,5,22.716827721222288,2.3921319687463365,0.6466890965784271,0,1154.135009765625
49111.0,2.0,78,49,5,23.4353655752711,2.606996426881568,0.8513997106635237,0,1154.135009765625
49111.0,2.0,78,50,4,25.14713617049683,2.8008168208371607,0.682842712474619,0,1154.135009765625
49111.0,2.0,78,51,5,20.063679634490256,2.650303771316489,0.613407053921902,0,1154.135009765625
49111.0,2.0,78,52,1,12.264650324405961,-1.2794822632194771,0.613407053921902,0,1154.135009765625
49111.0,2.0,78,53,2,9.332029080060446,-1.4582930148244984,0.8513997106635237,0,1154.135009765625
49111.0,2.0,78,54,4,7.343341801944508,-0.8967779461397749,0.6466890965784271,0,1154.135009765625
49111.0,2.0,78,55,1,13.047944845147148,-1.762641840522909,0.682842712474619,0,1154.135009765625
49111.0,2.0,78,56,4,5.832368060539278,-1.3901855574208835,0.848528137423857,0,1154.135009765625
49111.0,2.0,78,57,2,9.600969488781168,-1.832913752346672,0.848528137423857,0,1154.135009765625
49111.0,2.0,78,60,2,6.253668168923883,-1.9799408458757455,0.848528137423857,0,1154.135009765625
49111.0,2.0,78,61,2,11.057597546389541,-2.1468625682087525,0.8513997106635237,0,1154.135009765625
49111.0,2.0,78,62,1,14.499445922157017,-2.197045723651726,0.613407053921902,0,1154.135009765625
49111.0,2.0,78,64,4,8.31866659630165,3.902686466847511,0.848528137423857,0,1154.135009765625
49111.0,2.0,78,67,4,11.148634997785063,3.682176843024582,0.6466890965784271,0,1154.135009765625
49111.0,2.0,79,1,1,42.947499900764655,0.6350129469691465,0.613407053921902,0,1155.7550048828125
49111.0,2.0,79,2,2,39.53437565516816,0.6162052122452454,0.8513997106635237,0,1155.7550048828125
49111.0,2.0,79,3,4,38.68763484604375,0.7422908502730362,0.682842712474619,0,1155.7550048828125
49111.0,2.0,79,4,1,40.97805055035059,0.4972014347547201,0.682842712474619,0,1155.7550048828125
49111.0,2.0,79,5,4,36.57203336875161,0.6669650542461646,0.848528137423857,0,1155.7550048828125
49111.0,2.0,79,6,2,37.798775022323355,0.5365032700064539,0.848528137423857,0,1155.7550048828125
49111.0,2.0,79,7,5,33.47307504670007,0.8304506255599041,0.613407053921902,0,1155.7550048828125
49111.0,2.0,79,8,5,33.720326080959076,0.7264864810850548,0.8513997106635237,0,1155.7550048828125
49111.0,2.0,79,9,2,34.68853066172368,0.5829358137469917,0.848528137423857,0,1155.7550048828125
49111.0,2.0,79,10,2,36.32530699020283,0.4497432631819015,0.8513997106635237,0,1155.7550048828125
49111.0,2.0,79,11,1,37.82382272928892,0.36438587540996725,0.613407053921902,0,1155.7550048828125
49111.0,2.0,79,12,4,31.66766372422304,0.6383665355105669,0.848528137423857,0,1155.7550048828125
49111.0,2.0,79,13,4,33.07679993913569,0.4900027687598013,0.848528137423857,0,1155.7550048828125
49111.0,2.0,79,14,5,28.764347585711025,0.7052291152437412,0.682842712474619,0,1155.7550048828125
49111.0,2.0,79,15,5,29.89350197776658,0.5389307055671234,0.8513997106635237,0,1155.7550048828125
49111.0,2.0,79,16,4,31.778219411380952,0.3885306459513257,0.682842712474619,0,1155.7550048828125
49111.0,2.0,79,17,5,26.581959506637354,0.4987352621472444,0.613407053921902,0,1155.7550048828125
49111.0,2.0,79,18,1,10.419423082150551,-1.2258153271201466,0.613407053921902,0,1155.7550048828125
49111.0,2.0,79,19,2,9.25123054772057,-0.8881673836623226,0.8513997106635237,0,1155.7550048828125
49111.0,2.0,79,20,4,4.399033778449931,-1.0776108912913915,0.682842712474619,0,1155.7550048828125
49111.0,2.0,79,21,1,14.20630265446337,-0.8298226650180976,0.682842712474619,0,1155.7550048828125
49111.0,2.0,79,22,4,6.693633684540524,-0.5767077283162192,0.848528137423857,0,1155.7550048828125
49111.0,2.0,79,23,2,11.663554362455312,-0.6386950650132589,0.848528137423857,0,1155.7550048828125
49111.0,2.0,79,25,5,5.387410988457522,-0.02254516545834173,0.765685424949238,0,1155.7550048828125
49111.0,2.0,79,26,2,9.760018730601269,-0.3585373460017044,0.848528137423857,0,1155.7550048828125
49111.0,2.0,79,27,2,14.54275538145445,-0.480983763934254,0.8513997106635237,0,1155.7550048828125
49111.0,2.0,79,28,1,17.961218555794503,-0.5274598509452222,0.613407053921902,0,1155.7550048828125
49111.0,2.0,79,29,4,8.915011546679281,0.011613200492096243,0.848528137423857,0,1155.7550048828125
49111.0,2.0,79,30,4,13.0656495950473,-0.2474230361581995,0.848528137423857,0,1155.7550048828125
49111.0,2.0,79,31,5,9.417902958364046,0.3958988334475778,0.682842712474619,0,1155.7550048828125
49111.0,2.0,79,32,5,12.447114709694652,0.026395427278096184,0.8513997106635237,0,1155.7550048828125
49111.0,2.0,79,33,4,16.467071174299083,-0.18165370960936944,0.682842712474619,0,1155.7550048828125
49111.0,2.0,79,34,5,15.048307342639024,0.19770976777931282,0.613407053921902,0,1155.7550048828125
49111.0,2.0,79,35,1,46.87307475456855,1.310680553862284,0.613407053921902,0,1155.7550048828125
49111.0,2.0,79,36,2,43.767159465347355,1.346305019302625,0.8513997106635237,0,1155.7550048828125
49111.0,2.0,79,37,4,41.61487734126197,1.24050764885981,0.6466890965784271,0,1155.7550048828125
49111.0,2.0,79,38,1,46.36087228689738,1.441237302319582,0.682842712474619,0,1155.7550048828125
49111.0,2.0,79,39,4,40.38990941323597,1.3214253054570926,0.848528137423857,0,1155.7550048828125
49111.0,2.0,79,40,2,42.896515172520395,1.4254090643508937,0.848528137423857,0,1155.7550048828125
49111.0,2.0,79,41,5,35.68247406049452,1.2032901421695632,0.4815389220537701,0,1155.7550048828125
49111.0,2.0,79,43,2,39.44479114776164,1.4068052744437436,0.848528137423857,0,1155.7550048828125
49111.0,2.0,79,44,2,42.304347060643785,1.5072544136958221,0.8513997106635237,0,1155.7550048828125
49111.0,2.0,79,45,1,44.53138379057186,1.5694726046091172,0.613407053921902,0,1155.7550048828125
49111.0,2.0,79,46,4,36.00933328228666,1.3846427687814034,0.848528137423857,0,1155.7550048828125
49111.0,2.0,79,47,4,38.799978285711234,1.4956929722109642,0.848528137423857,0,1155.7550048828125
49111.0,2.0,79,48,5,32.5952852139548,1.357822059953723,0.6466890965784271,0,1155.7550048828125
49111.0,2.0,79,49,5,35.301825019620814,1.4818380515474203,0.8513997106635237,0,1155.7550048828125
49111.0,2.0,79,50,4,38.47057422567008,1.5868378105874714,0.682842712474619,0,1155.7550048828125
49111.0,2.0,79,51,5,32.545321636660766,1.545478871982656,0.613407053921902,0,1155.7550048828125
49111.0,2.0,79,52,1,21.474677333688696,-3.62675747076468,0.613407053921902,0,1155.7550048828125
49111.0,2.0,79,53,2,20.93281289908907,-3.7900270484918313,0.8513997106635237,0,1155.7550048828125
49111.0,2.0,79,54,4,15.950436493444448,-3.767072240311692,0.6466890965784271,0,1155.7550048828125
49111.0,2.0,79,55,1,25.921976919307966,-3.8041509415085453,0.682842712474619,0,1155.7550048828125
49111.0,2.0,79,56,4,18.402062101491282,2.3672839013331646,0.848528137423857,0,1155.7550048828125
49111.0,2.0,79,57,2,23.396626276538395,2.3785171941669336,0.848528137423857,0,1155.7550048828125
49111.0,2.0,79,60,2,21.162593292006513,2.255289704502089,0.848528137423857,0,1155.7550048828125
49111.0,2.0,79,61,2,26.10788360591,2.2866722660468315,0.8513997106635237,0,1155.7550048828125
49111.0,2.0,79,62,1,29.580533268613497,2.3023865971956696,0.613407053921902,0,1155.7550048828125
49111.0,2.0,79,64,4,24.126226810229078,2.1699420220970547,0.848528137423857,0,1155.7550048828125
49111.0,2.0,79,67,4,27.226720062364354,2.1036355084128813,0.6466890965784271,0,1155.7550048828125
49111.0,2.0,80,1,1,12.494609022818874,-0.29911575113560795,0.613407053921902,0,1162.887939453125
49111.0,2.0,80,2,2,9.421701875284251,-0.45369327714236796,0.8513997106635237,0,1162.887939453125
49111.0,2.0,80,3,4,7.87299231971773,0.10555996141626944,0.682842712474619,0,1162.887939453125
49111.0,2.0,80,4,1,12.86673713056792,-0.7843231267842227,0.682842712474619,0,1162.887939453125
49111.0,2.0,80,5,4,6.00178209241557,-0.3343711306373014,0.848528137423857,0,1162.887939453125
49111.0,2.0,80,6,2,9.370477386197601,-0.832187558315394,0.848528137423857,0,1162.887939453125
49111.0,2.0,80,7,5,4.390351880050777,0.9862602686118349,0.613407053921902,0,1162.887939453125
49111.0,2.0,80,8,5,2.8765100978348195,0.06615208272594741,0.8513997106635237,0,1162.887939453125
49111.0,2.0,80,9,2,5.921044544955399,-0.9363479858502824,0.848528137423857,0,1162.887939453125
49111.0,2.0,80,10,2,10.575595806560806,-1.1676475440133935,0.8513997106635237,0,1162.887939453125
49111.0,2.0,80,11,1,13.976492670767827,-1.235681967057278,0.613407053921902,0,1162.887939453125
49111.0,2.0,80,12,4,2.7040137872155072,-1.3049425439157942,0.848528137423857,0,1162.887939453125
49111.0,2.0,80,13,4,7.6874019487634415,-1.394293264498296,0.848528137423857,0,1162.887939453125
49111.0,2.0,80,14,5,2.1364954059293018,-2.92974509363236,0.682842712474619,0,1162.887939453125
49111.0,2.0,80,15,5,5.5990240917464735,-1.8326356996544315,0.8513997106635237,0,1162.887939453125
49111.0,2.0,80,16,4,10.398727275025431,-1.6487664222578398,0.682842712474619,0,1162.887939453125
49111.0,2.0,80,17,5,7.648678472362748,-2.269634810323095,0.613407053921902,0,1162.887939453125
49111.0,2.0,80,18,1,36.00339006306564,-2.8690324133404785,0.613407053921902,0,1162.887939453125
49111.0,2.0,80,19,2,32.54367656611074,-2.853562966243657,0.8513997106635237,0,1162.887939453125
49111.0,2.0,80,20,4,32.129525771153624,-3.0078112067807563,0.682842712474619,0,1162.887939453125
49111.0,2.0,80,21,1,33.70274977802295,-2.7065685659233134,0.682842712474619,0,1162.887939453125
49111.0,2.0,80,22,4,29.749848810054807,-2.923210860313674,0.848528137423857,0,1162.887939453125
49111.0,2.0,80,23,2,30.607808846461385,-2.7597908575463936,0.848528137423857,0,1162.887939453125
49111.0,2.0,80,24,5,27.331611794592966,-3.1351942632289047,0.613407053921902,0,1162.887939453125
49111.0,2.0,80,25,5,27.129617100184323,-3.006787611040031,0.8513997106635237,0,1162.887939453125
49111.0,2.0,80,26,2,27.618844692763926,-2.824752027973265,0.848528137423857,0,1162.887939453125
49111.0,2.0,80,27,2,28.975593873524222,-2.6544310220702747,0.8513997106635237,0,1162.887939453125
49111.0,2.0,80,28,1,30.38230012747051,-2.5463635552695703,0.613407053921902,0,1162.887939453125
49111.0,2.0,80,29,4,24.77424473005198,-2.905039326590366,0.848528137423857,0,1162.887939453125
49111.0,2.0,80,30,4,25.798210405082532,-2.7111509471504975,0.848528137423857,0,1162.887939453125
49111.0,2.0,80,31,5,22.12974969867491,-3.0053014825233726,0.682842712474619,0,1162.887939453125
49111.0,2.0,80,32,5,22.726862517435237,-2.7834902736893494,0.8513997106635237,0,1162.887939453125
49111.0,2.0,80,33,4,24.357642292447007,-2.5822603156065567,0.682842712474619,0,1162.887939453125
49111.0,2.0,80,34,5,19.335383841361278,-2.742233200982665,0.613407053921902,0,1162.887939453125
49111.0,2.0,80,35,1,27.30217034725819,1.269447172234066,0.613407053921902,0,1162.887939453125
49111.0,2.0,80,36,2,26.039618224243082,1.3919516725175354,0.8513997106635237,0,1162.887939453125
49111.0,2.0,80,37,4,21.327122999240494,1.3210272960187,0.682842712474619,0,1162.887939453125
49111.0,2.0,80,38,1,30.842782933839352,1.440972883268843,0.682842712474619,0,1162.887939453125
49111.0,2.0,80,39,4,22.95863884211863,1.4628944665791976,0.848528137423857,0,1162.887939453125
49111.0,2.0,80,40,2,27.84447232975403,1.504915371558002,0.848528137423857,0,1162.887939453125
49111.0,2.0,80,41,5,16.572133188386594,1.524904505900343,0.613407053921902,0,1162.887939453125
49111.0,2.0,80,42,5,20.028391790189847,1.5551832971279633,0.8513997106635237,0,1162.887939453125
49111.0,2.0,80,43,2,24.987037030047073,1.5838711045701668,0.848528137423857,0,1162.887939453125
49111.0,2.0,80,44,2,29.959431926866426,1.6030479385586573,0.8513997106635237,0,1162.887939453125
49111.0,2.0,80,45,1,33.445006214205776,1.6130765103710665,0.613407053921902,0,1162.887939453125
49111.0,2.0,80,46,4,22.32463660979613,1.6824059714923274,0.848528137423857,0,1162.887939453125
49111.0,2.0,80,47,4,27.324072566128372,1.6854467120631684,0.848528137423857,0,1162.887939453125
49111.0,2.0,80,48,5,19.93556570498955,-4.477161882118873,0.682842712474619,0,1162.887939453125
49111.0,2.0,80,49,5,24.91269398956193,-4.498597491461246,0.8513997106635237,0,1162.887939453125
49111.0,2.0,80,50,4,29.89745580575636,-4.512890106356531,0.682842712474619,0,1162.887939453125
49111.0,2.0,80,51,5,25.45182770276396,-4.361153558631709,0.613407053921902,0,1162.887939453125
49111.0,2.0,80,52,1,43.42277452064586,-3.6218504423833737,0.613407053921902,0,1162.887939453125
49111.0,2.0,80,53,2,40.60029723385314,-3.6711480853369194,0.8513997106635237,0,1162.887939453125
49111.0,2.0,80,54,4,37.75140518759035,-3.566144615836551,0.682842712474619,0,1162.887939453125
49111.0,2.0,80,55,1,43.83605453638389,-3.7615335179473,0.682842712474619,0,1162.887939453125
49111.0,2.0,80,56,4,37.09624257817923,-3.6590181377817528,0.848528137423857,0,1162.887939453125
49111.0,2.0,80,57,2,40.303185423223276,-3.758268337779132,0.848528137423857,0,1162.887939453125
49111.0,2.0,80,58,5,31.660344471804034,-3.554980073522537,0.613407053921902,0,1162.887939453125
49111.0,2.0,80,59,5,33.598784075633034,-3.6443603146505215,0.7685569981889047,0,1162.887939453125
49111.0,2.0,80,60,2,36.77082856287864,-3.7543757759674126,0.848528137423857,0,1162.887939453125
49111.0,2.0,80,61,2,40.31512588396831,-3.846006420869351,0.8513997106635237,0,1162.887939453125
49111.0,2.0,80,62,1,42.968712504890476,-3.900846700612866,0.613407053921902,0,1162.887939453125
49111.0,2.0,80,64,4,36.783915683109456,-3.8505455767519887,0.848528137423857,0,1162.887939453125
49111.0,2.0,80,65,5,29.70838247169308,-3.7438140995684144,0.5638463841038082,0,1162.887939453125
49111.0,2.0,80,66,5,33.25362432764285,-3.85604864415427,0.7685569981889047,0,1162.887939453125
49111.0,2.0,80,67,4,37.135146058196675,-3.945769019178501,0.682842712474619,0,1162.887939453125
49111.0,2.0,80,68,5,31.034663190219618,-3.94032878585603,0.613407053921902,1,1162.887939453125
49111.0,2.0,81,1,1,39.941942810289504,2.24414046278988,0.613407053921902,0,1171.8470458984375
49111.0,2.0,81,2,2,37.8583304929365,2.171805533100815,0.8513997106635237,0,1171.8470458984375
49111.0,2.0,81,3,4,33.852781188829276,2.2554226818848613,0.682842712474619,0,1171.8470458984375
49111.0,2.0,81,4,1,42.07725729186799,2.104559999869382,0.682842712474619,0,1171.8470458984375
49111.0,2.0,81,5,4,34.388839339901494,2.152954533993187,0.848528137423857,0,1171.8470458984375
49111.0,2.0,81,6,2,38.66309176254803,2.081789468606039,0.848528137423857,0,1171.8470458984375
49111.0,2.0,81,7,5,28.028765208855553,2.196165481444196,0.613407053921902,0,1171.8470458984375
49111.0,2.0,81,8,5,30.93430708095315,2.129883437022373,0.8513997106635237,0,1171.8470458984375
49111.0,2.0,81,9,2,35.27284717842267,2.0546253291717185,0.848528137423857,0,1171.8470458984375
49111.0,2.0,81,10,2,39.76702329274864,1.9961047681097128,0.8513997106635237,0,1171.8470458984375
49111.0,2.0,81,11,1,42.97948134879677,1.9624985451271246,0.613407053921902,0,1171.8470458984375
49111.0,2.0,81,12,4,31.914147826716473,2.0217148453095333,0.848528137423857,0,1171.8470458984375
49111.0,2.0,81,13,4,36.47951788331589,1.961948158796946,0.848528137423857,0,1171.8470458984375
49111.0,2.0,81,14,5,28.598110338598648,1.9811193037682573,0.682842712474619,0,1171.8470458984375
49111.0,2.0,81,15,5,33.24295877975237,1.9210847504972721,0.8513997106635237,0,1171.8470458984375
49111.0,2.0,81,16,4,37.97810819308892,1.875889557646604,0.682842712474619,0,1171.8470458984375
49111.0,2.0,81,17,5,32.21007141693858,1.8188436660266927,0.613407053921902,0,1171.8470458984375
49111.0,2.0,81,18,1,38.2493406850891,0.9550351694666754,0.613407053921902,0,1171.8470458984375
49111.0,2.0,81,19,2,36.340303666756064,1.0337389975644875,0.8513997106635237,0,1171.8470458984375
49111.0,2.0,81,20,4,32.146154934896835,0.9540791902458083,0.682842712474619,0,1171.8470458984375
49111.0,2.0,81,21,1,40.716827775327694,1.0966057529426618,0.682842712474619,0,1171.8470458984375
49111.0,2.0,81,22,4,32.92470491386735,1.0601362316050056,0.848528137423857,0,1171.8470458984375
49111.0,2.0,81,23,2,37.36681130574153,1.1255823181349367,0.848528137423857,0,1171.8470458984375
49111.0,2.0,81,24,5,26.478954686559675,1.0317527420670394,0.613407053921902,1,1171.8470458984375
49111.0,2.0,81,25,5,29.53734444289867,1.09261514167234,0.8513997106635237,0,1171.8470458984375
49111.0,2.0,81,26,2,34.0543258666515,1.1602300388955986,0.848528137423857,0,1171.8470458984375
49111.0,2.0,81,27,2,38.690302450688364,1.2118328676351455,0.8513997106635237,0,1171.8470458984375
49111.0,2.0,81,28,1,41.98522572490588,1.2411226862176516,0.613407053921902,0,1171.8470458984375
49111.0,2.0,81,29,4,30.791486377005022,1.2022805382113924,0.848528137423857,0,1171.8470458984375
49111.0,2.0,81,30,4,35.50152147160651,1.253036951874151,0.848528137423857,0,1171.8470458984375
49111.0,2.0,81,31,5,27.595908326751672,1.2541803448354076,0.682842712474619,0,1171.8470458984375
49111.0,2.0,81,32,5,32.38481974432056,1.3022696309964499,0.8513997106635237,0,1171.8470458984375
49111.0,2.0,81,33,4,37.229275353756044,1.3379092440962972,0.682842712474619,0,1171.8470458984375
49111.0,2.0,81,34,5,31.636721663601087,1.4091391748393223,0.613407053921902,0,1171.8470458984375
49111.0,2.0,81,35,1,24.938011839329196,3.0924816170588922,0.613407053921902,0,1171.8470458984375
49111.0,2.0,81,36,2,21.44292020109415,3.084468651609654,0.8513997106635237,0,1171.8470458984375
49111.0,2.0,81,37,4,22.29442128076313,2.858648736300574,0.682842712474619,0,1171.8470458984375
49111.0,2.0,81,38,1,21.738363168758575,3.3161691839728977,0.682842712474619,0,1171.8470458984375
49111.0,2.0,81,39,4,19.271229947185397,2.9471152175940176,0.848528137423857,0,1171.8470458984375
49111.0,2.0,81,40,2,18.950934282605775,3.208962747236649,0.848528137423857,0,1171.8470458984375
49111.0,2.0,81,41,5,19.073055760670744,2.6065918749876436,0.613407053921902,0,1171.8470458984375
49111.0,2.0,81,42,5,17.548839864905567,2.779019833534429,0.8513997106635237,0,1171.8470458984375
49111.0,2.0,81,43,2,16.453552416133316,3.067118050687607,0.848528137423857,0,1171.8470458984375
49111.0,2.0,81,44,2,16.83677503611645,3.3677729597138883,0.8513997106635237,0,1171.8470458984375
49111.0,2.0,81,45,1,17.94874140911383,3.5589688408640576,0.613407053921902,0,1171.8470458984375
49111.0,2.0,81,46,4,14.397946521544315,2.8799531361774036,0.848528137423857,0,1171.8470458984375
49111.0,2.0,81,47,4,13.966333468151106,3.2330655876524252,0.848528137423857,0,1171.8470458984375
49111.0,2.0,81,48,5,12.995473864544287,2.6421294378334714,0.682842712474619,0,1171.8470458984375
49111.0,2.0,81,49,5,11.47344531822945,3.034687155148322,0.8513997106635237,0,1171.8470458984375
49111.0,2.0,81,50,4,12.016553331831426,3.461220503884839,0.682842712474619,0,1171.8470458984375
49111.0,2.0,81,51,5,8.002145944830653,2.9880005989773677,0.613407053921902,0,1171.8470458984375
49111.0,2.0,81,52,1,22.125950869558096,0.05535874498539317,0.613407053921902,0,1171.8470458984375
49111.0,2.0,81,53,2,18.632318954712275,0.0657525207859031,0.8513997106635237,0,1171.8470458984375
49111.0,2.0,81,54,4,19.60626693493136,0.32305154530781954,0.682842712474619,0,1171.8470458984375
49111.0,2.0,81,55,1,18.97158180375263,-0.2003597743750407,0.682842712474619,0,1171.8470458984375
49111.0,2.0,81,56,4,16.51739162812879,0.22742935022896815,0.848528137423857,0,1171.8470458984375
49111.0,2.0,81,57,2,16.14254728050461,-0.07911343967646767,0.848528137423857,0,1171.8470458984375
49111.0,2.0,81,58,5,16.71241509206208,0.6210104138601207,0.613407053921902,0,1171.8470458984375
49111.0,2.0,81,59,5,14.949419479157973,0.42943068555216013,0.8513997106635237,0,1171.8470458984375
49111.0,2.0,81,60,2,13.647078415183795,0.08982782019621083,0.848528137423857,0,1171.8470458984375
49111.0,2.0,81,61,2,14.10674858982477,-0.2709597955674714,0.8513997106635237,0,1171.8470458984375
49111.0,2.0,81,62,1,15.41689593695717,-0.4914833892571946,0.613407053921902,0,1171.8470458984375
49111.0,2.0,81,63,4,11.70058399555442,0.3239305813169029,0.848528137423857,0,1171.8470458984375
49111.0,2.0,81,64,4,11.165181249911345,-0.11451252726424421,0.848528137423857,0,1171.8470458984375
49111.0,2.0,81,65,5,10.609645724710745,0.6269265503175412,0.682842712474619,0,1171.8470458984375
49111.0,2.0,81,66,5,8.678835688629013,0.14153236357451804,0.765685424949238,0,1171.8470458984375
49111.0,2.0,81,67,4,9.385083665933314,-0.4140441978963394,0.682842712474619,0,1171.8470458984375
49111.0,2.0,82,1,1,42.32339732869032,1.3050460603570602,0.613407053921902,0,1174.81201171875
49111.0,2.0,82,2,2,38.94580612973809,1.2824458160301395,0.8513997106635237,0,1174.81201171875
49111.0,2.0,82,3,4,37.88600564184066,1.4097409411722444,0.682842712474619,0,1174.81201171875
49111.0,2.0,82,4,1,40.59805668620984,1.163695983327895,0.682842712474619,0,1174.81201171875
49111.0,2.0,82,5,4,35.89909987595255,1.330422946538981,0.848528137423857,0,1174.81201171875
49111.0,2.0,82,6,2,37.35199811931323,1.1996780012941197,0.848528137423857,0,1174.81201171875
49111.0,2.0,82,7,5,32.534081431492645,1.493328437261029,0.613407053921902,0,1174.81201171875
49111.0,2.0,82,8,5,32.9501885990367,1.3871386462866693,0.8513997106635237,0,1174.81201171875
49111.0,2.0,82,9,2,34.163450064559505,1.2424409548077506,0.848528137423857,0,1174.81201171875
49111.0,2.0,82,10,2,36.03564501872019,1.1102088179174516,0.8513997106635237,0,1174.81201171875
49111.0,2.0,82,11,1,37.68708248241441,1.0264470476697385,0.613407053921902,0,1174.81201171875
49111.0,2.0,82,12,4,31.050134897003627,1.2938899956394188,0.848528137423857,0,1174.81201171875
49111.0,2.0,82,13,4,32.719065829019094,1.1458823280448143,0.848528137423857,0,1174.81201171875
49111.0,2.0,82,14,5,28.037125992701075,1.356594470117573,0.682842712474619,0,1174.81201171875
49111.0,2.0,82,15,5,29.453468820024522,1.1895326547970018,0.8513997106635237,0,1174.81201171875
49111.0,2.0,82,16,4,31.605904782709814,1.0414827590638251,0.682842712474619,0,1174.81201171875
49111.0,2.0,82,17,5,26.220462985712338,1.1412813447921508,0.613407053921902,0,1174.81201171875
49111.0,2.0,82,18,1,12.235428496630018,-0.5275177492179551,0.613407053921902,0,1174.81201171875
49111.0,2.0,82,19,2,10.940742974916823,-0.24553526040859064,0.8513997106635237,0,1174.81201171875
49111.0,2.0,82,20,4,6.186555199917747,-0.434027100122922,0.682842712474619,0,1174.81201171875
49111.0,2.0,82,21,1,15.846963382451362,-0.1723187986548859,0.682842712474619,0,1174.81201171875
49111.0,2.0,82,22,4,8.142721193382322,-0.016050643084667113,0.848528137423857,0,1174.81201171875
49111.0,2.0,82,23,2,13.14268998472992,-0.014342949413526445,0.848528137423857,0,1174.81201171875
49111.0,2.0,82,25,5,6.156944049049288,0.40007401861894476,0.765685424949238,1,1174.81201171875
49111.0,2.0,82,26,2,10.924026346759053,0.21590199346460018,0.848528137423857,0,1174.81201171875
49111.0,2.0,82,27,2,15.835426840671156,0.14463822089577683,0.8513997106635237,0,1174.81201171875
49111.0,2.0,82,28,1,19.300497852318273,0.11642380653276944,0.613407053921902,0,1174.81201171875
49111.0,2.0,82,29,4,9.536162918839619,0.5358593835358648,0.848528137423857,0,1174.81201171875
49111.0,2.0,82,30,4,14.048658114432648,0.3495388155432312,0.848528137423857,0,1174.81201171875
49111.0,2.0,82,31,5,9.356412496497661,0.9118812368621949,0.682842712474619,0,1174.81201171875
49111.0,2.0,82,32,5,12.998801729628008,0.600021323842262,0.8513997106635237,0,1174.81201171875
49111.0,2.0,82,33,4,17.331913858767663,0.4336164954513785,0.682842712474619,0,1174.81201171875
49111.0,2.0,82,34,5,15.27949582784805,0.7886833239948774,0.613407053921902,0,1174.81201171875
49111.0,2.0,82,35,1,45.3068605382542,2.0006835455339886,0.613407053921902,0,1174.81201171875
49111.0,2.0,82,36,2,42.16891586803922,2.0361525377776295,0.8513997106635237,0,1174.81201171875
49111.0,2.0,82,37,4,40.1203671105753,1.9252065105129954,0.682842712474619,0,1174.81201171875
49111.0,2.0,82,38,1,44.68546826300702,2.1357244610638126,0.682842712474619,0,1174.81201171875
49111.0,2.0,82,39,4,38.815118367664475,2.0084941619845917,0.848528137423857,0,1174.81201171875
49111.0,2.0,82,40,2,41.233324172254676,2.117940793162581,0.848528137423857,0,1174.81201171875
49111.0,2.0,82,41,5,34.2309485177804,1.8819885480891667,0.613407053921902,0,1174.81201171875
49111.0,2.0,82,42,5,35.49661057489628,1.9756351118350794,0.8513997106635237,0,1174.81201171875
49111.0,2.0,82,43,2,37.79659998867988,2.096915404870478,0.848528137423857,0,1174.81201171875
49111.0,2.0,82,44,2,40.585176839613666,2.202928199274947,0.8513997106635237,0,1174.81201171875
49111.0,2.0,82,45,1,42.77742517942869,2.268420634250559,0.613407053921902,0,1174.81201171875
49111.0,2.0,82,46,4,34.37992028952816,2.071697933287603,0.848528137423857,0,1174.81201171875
49111.0,2.0,82,47,4,37.08844196663898,2.189464684684088,0.848528137423857,0,1174.81201171875
49111.0,2.0,82,48,5,30.989915577883462,2.040940058103022,0.682842712474619,0,1174.81201171875
49111.0,2.0,82,49,5,33.59982851031805,2.1732019023117775,0.8513997106635237,0,1174.81201171875
49111.0,2.0,82,50,4,36.70861049292412,2.284765203056829,0.682842712474619,0,1174.81201171875
49111.0,2.0,82,51,5,30.805102330226656,2.2387054905017716,0.613407053921902,0,1174.81201171875
49111.0,2.0,82,52,1,20.27676899525097,-2.8508639569442042,0.613407053921902,0,1174.81201171875
49111.0,2.0,82,53,2,19.52284577703304,-3.0228588943478902,0.8513997106635237,0,1174.81201171875
49111.0,2.0,82,54,4,14.579708461947355,-2.9782865610968656,0.682842712474619,0,1174.81201171875
49111.0,2.0,82,55,1,24.48908155959007,-3.0493896029513734,0.682842712474619,0,1174.81201171875
49111.0,2.0,82,56,4,16.857400464642975,-3.1509863262197357,0.848528137423857,0,1174.81201171875
49111.0,2.0,82,57,2,21.857391400251373,-3.151482318218767,0.848528137423857,0,1174.81201171875
49111.0,2.0,82,58,5,11.133322403396356,2.9069161154112373,0.613407053921902,0,1174.81201171875
49111.0,2.0,82,59,5,14.567168345868508,2.960104471620359,0.8513997106635237,0,1174.81201171875
49111.0,2.0,82,60,2,19.51348257014393,3.003449544801307,0.848528137423857,0,1174.81201171875
49111.0,2.0,82,61,2,24.481617806300065,3.029235718027385,0.8513997106635237,0,1174.81201171875
49111.0,2.0,82,62,1,27.966071162976302,3.0418293678177912,0.613407053921902,0,1174.81201171875
49111.0,2.0,82,63,4,17.57288949509554,2.8436843958959077,0.848528137423857,0,1174.81201171875
49111.0,2.0,82,64,4,22.41383620903117,2.906733949203238,0.848528137423857,0,1174.81201171875
49111.0,2.0,82,65,5,16.1813747375916,2.6506418623690045,0.682842712474619,0,1174.81201171875
49111.0,2.0,82,66,5,20.74633694888823,2.7620331574082146,0.765685424949238,0,1174.81201171875
49111.0,2.0,82,67,4,25.475166440972327,2.832699507886391,0.682842712474619,0,1174.81201171875
49111.0,2.0,83,1,1,40.96605955847983,0.8337219648076982,0.613407053921902,0,1175.010986328125
49111.0,2.0,83,2,2,37.548176413769106,0.8145041976187427,0.8513997106635237,0,1175.010986328125
49111.0,2.0,83,3,4,36.74794366563473,0.9474713470141006,0.682842712474619,0,1175.010986328125
49111.0,2.0,83,4,1,38.97845225693793,0.6891873021754741,0.682842712474619,0,1175.010986328125
49111.0,2.0,83,5,4,34.600695257332866,0.8686809458225467,0.848528137423857,0,1175.010986328125
49111.0,2.0,83,6,2,35.80031146006525,0.730656788580825,0.848528137423857,0,1175.010986328125
49111.0,2.0,83,7,5,31.586116265525636,1.0430954099431888,0.613407053921902,0,1175.010986328125
49111.0,2.0,83,8,5,31.773427145684288,0.9327166368588872,0.8513997106635237,0,1175.010986328125
49111.0,2.0,83,9,2,32.69563978467114,0.780101049865009,0.848528137423857,0,1175.010986328125
49111.0,2.0,83,10,2,34.32869134231354,0.6389246525313418,0.8513997106635237,0,1175.010986328125
49111.0,2.0,83,11,1,35.84448327314312,0.5489603859292703,0.613407053921902,0,1175.010986328125
49111.0,2.0,83,12,4,29.68749604160412,0.8397372021254442,0.848528137423857,0,1175.010986328125
49111.0,2.0,83,13,4,31.077348818184653,0.681447519578407,0.848528137423857,0,1175.010986328125
49111.0,2.0,83,14,5,26.80839386295924,0.9124907868562547,0.682842712474619,0,1175.010986328125
49111.0,2.0,83,15,5,27.89523561216885,0.7337855235629743,0.8513997106635237,0,1175.010986328125
49111.0,2.0,83,16,4,29.792588981242904,0.5731449222079069,0.682842712474619,0,1175.010986328125
49111.0,2.0,83,17,5,24.582345008339292,0.6906663449218461,0.613407053921902,0,1175.010986328125
49111.0,2.0,83,18,1,10.91455632106426,-1.2154451139595246,0.613407053921902,0,1175.010986328125
49111.0,2.0,83,19,2,9.109337156735032,-0.913580524003341,0.8513997106635237,0,1175.010986328125
49111.0,2.0,83,20,4,4.850343811340663,-1.3102366105227716,0.6466890965784271,0,1175.010986328125
49111.0,2.0,83,21,1,13.872065880103664,-0.7780845142354584,0.682842712474619,0,1175.010986328125
49111.0,2.0,83,22,4,6.015253510611202,-0.681955200395828,0.848528137423857,0,1175.010986328125
49111.0,2.0,83,23,2,10.983508690021745,-0.6127346252116328,0.848528137423857,0,1175.010986328125
49111.0,2.0,83,26,2,8.593061998241959,-0.34378895888070315,0.848528137423857,0,1175.010986328125
49111.0,2.0,83,27,2,13.5386447937928,-0.4120080422907534,0.8513997106635237,0,1175.010986328125
49111.0,2.0,83,28,1,17.019483972650196,-0.4361021356544879,0.613407053921902,0,1175.010986328125
49111.0,2.0,83,29,4,7.214150391243381,0.07269777665698374,0.848528137423857,1,1175.010986328125
49111.0,2.0,83,30,4,11.683242452946862,-0.17213793448598935,0.848528137423857,0,1175.010986328125
49111.0,2.0,83,31,5,7.432847181889585,0.5593816902721683,0.6466890965784271,0,1175.010986328125
49111.0,2.0,83,32,5,10.709874209167292,0.13289741425993662,0.8513997106635237,0,1175.010986328125
49111.0,2.0,83,33,4,14.971826672889636,-0.07394439647829265,0.682842712474619,0,1175.010986328125
49111.0,2.0,83,34,5,13.154994843236404,0.3442721160150627,0.613407053921902,0,1175.010986328125
49111.0,2.0,83,35,1,45.51365625466426,1.534724052447738,0.613407053921902,0,1175.010986328125
49111.0,2.0,83,36,2,42.46340096975688,1.573768697974331,0.8513997106635237,0,1175.010986328125
49111.0,2.0,83,37,4,40.15712402880979,1.4662844245839026,0.682842712474619,0,1175.010986328125
49111.0,2.0,83,38,1,45.207148036250715,1.6692071453825403,0.682842712474619,0,1175.010986328125
49111.0,2.0,83,39,4,39.05044392265602,1.5511046013928396,0.848528137423857,0,1175.010986328125
49111.0,2.0,83,40,2,41.719096133660905,1.6559094566451598,0.848528137423857,0,1175.010986328125
49111.0,2.0,83,41,5,34.177505044070436,1.4332880435264,0.613407053921902,0,1175.010986328125
49111.0,2.0,83,42,5,35.66137853749706,1.5241166077022545,0.8513997106635237,0,1175.010986328125
49111.0,2.0,83,43,2,38.239766354513634,1.6401887113175677,0.848528137423857,0,1175.010986328125
49111.0,2.0,83,44,2,41.26530676610717,1.740440700371484,0.8513997106635237,0,1175.010986328125
49111.0,2.0,83,45,1,43.599972599281834,1.801925250054305,0.613407053921902,0,1175.010986328125
49111.0,2.0,83,46,4,34.77177705389741,1.6213266566178444,0.848528137423857,0,1175.010986328125
49111.0,2.0,83,47,4,37.74416896871732,1.7323645160861312,0.848528137423857,0,1175.010986328125
49111.0,2.0,83,48,5,31.318895704096903,1.5982957819986567,0.682842712474619,0,1175.010986328125
49111.0,2.0,83,49,5,34.22599947082973,1.7226272441074548,0.8513997106635237,0,1175.010986328125
49111.0,2.0,83,50,4,37.576120760801984,1.826173021627096,0.682842712474619,0,1175.010986328125
49111.0,2.0,83,51,5,31.584277038232916,1.7924719853449038,0.613407053921902,0,1175.010986328125
49111.0,2.0,83,52,1,22.63630733146436,-3.3606258753735667,0.613407053921902,0,1175.010986328125
49111.0,2.0,83,53,2,21.823264956323484,-3.5139410167365464,0.8513997106635237,0,1175.010986328125
49111.0,2.0,83,54,4,16.902931157073304,-3.467649852972934,0.682842712474619,0,1175.010986328125
49111.0,2.0,83,55,1,26.77313401540869,-3.5431601676451687,0.682842712474619,0,1175.010986328125
49111.0,2.0,83,56,4,19.07648639195925,-3.62309447209101,0.848528137423857,0,1175.010986328125
49111.0,2.0,83,57,2,24.07193687088232,-3.6330458016068965,0.848528137423857,0,1175.010986328125
49111.0,2.0,83,58,5,13.150578109502263,2.491261073659489,0.613407053921902,0,1175.010986328125
49111.0,2.0,83,59,5,16.63038703011196,2.516646800096598,0.8513997106635237,0,1175.010986328125
49111.0,2.0,83,60,2,21.61285692416561,2.5387122515794522,0.848528137423857,0,1175.010986328125
49111.0,2.0,83,61,2,26.6019058730308,2.5525059571487416,0.8513997106635237,0,1175.010986328125
49111.0,2.0,83,62,1,30.096402845436305,2.55943967693767,0.613407053921902,0,1175.010986328125
49111.0,2.0,83,63,4,19.487766011864036,2.4009226469222744,0.848528137423857,0,1175.010986328125
49111.0,2.0,83,64,4,24.39915645644948,2.443903256057254,0.848528137423857,0,1175.010986328125
49111.0,2.0,83,65,5,17.816578342708592,2.233521087189489,0.682842712474619,0,1175.010986328125
49111.0,2.0,83,66,5,22.538329030675943,2.3156201608550355,0.765685424949238,0,1175.010986328125
49111.0,2.0,83,67,4,27.359131695800347,2.3690493903860945,0.682842712474619,0,1175.010986328125
49111.0,2.0,84,1,1,38.043522207378054,0.6309004407458231,0.613407053921902,0,1175.3800048828125
49111.0,2.0,84,2,2,34.58940479306498,0.6153286902743368,0.8513997106635237,0,1175.3800048828125
49111.0,2.0,84,3,4,34.101082579856524,0.760343987655174,0.682842712474619,0,1175.3800048828125
49111.0,2.0,84,4,1,35.77666858105739,0.4771497797644385,0.682842712474619,0,1175.3800048828125
49111.0,2.0,84,5,4,31.767963106776634,0.6796138870436278,0.848528137423857,0,1175.3800048828125
49111.0,2.0,84,6,2,32.67639164249679,0.5268602174549645,0.848528137423857,0,1175.3800048828125
49111.0,2.0,84,7,5,29.210441153709358,0.8760966292797597,0.613407053921902,0,1175.3800048828125
49111.0,2.0,84,8,5,29.10292143356979,0.7560398949669517,0.8513997106635237,0,1175.3800048828125
49111.0,2.0,84,9,2,29.673609938611254,0.5868059618067355,0.848528137423857,0,1175.3800048828125
49111.0,2.0,84,10,2,31.049415737001574,0.4282742159159415,0.8513997106635237,0,1175.3800048828125
49111.0,2.0,84,11,1,32.4391180703696,0.32701433901801236,0.613407053921902,0,1175.3800048828125
49111.0,2.0,84,12,4,26.801113462016147,0.6599142163817698,0.848528137423857,0,1175.3800048828125
49111.0,2.0,84,13,4,27.87189935444256,0.48097928186416306,0.848528137423857,0,1175.3800048828125
49111.0,2.0,84,14,5,24.105522994095725,0.7499510549124743,0.682842712474619,0,1175.3800048828125
49111.0,2.0,84,15,5,24.791517291993046,0.5470056178110531,0.8513997106635237,0,1175.3800048828125
49111.0,2.0,84,16,4,26.422763300977866,0.36207424792474263,0.682842712474619,0,1175.3800048828125
49111.0,2.0,84,17,5,21.406463314485872,0.5083863866556416,0.613407053921902,0,1175.3800048828125
49111.0,2.0,84,18,1,11.082142786324326,-1.7996378154979076,0.613407053921902,0,1175.3800048828125
49111.0,2.0,84,19,2,8.318446173489436,-1.5754973522892368,0.8513997106635237,0,1175.3800048828125
49111.0,2.0,84,20,4,5.971051492068088,-2.212625949980742,0.6466890965784271,0,1175.3800048828125
49111.0,2.0,84,21,1,12.358787867811047,-1.2839690624290359,0.682842712474619,0,1175.3800048828125
49111.0,2.0,84,22,4,4.782980232649293,-1.5789728194604042,0.848528137423857,0,1175.3800048828125
49111.0,2.0,84,23,2,9.02330265070536,-1.1728903012508292,0.848528137423857,0,1175.3800048828125
49111.0,2.0,84,26,2,5.924554320022667,-0.9395411116821859,0.848528137423857,0,1175.3800048828125
49111.0,2.0,84,27,2,10.892356710611883,-0.8690047931295545,0.8513997106635237,0,1175.3800048828125
49111.0,2.0,84,28,1,14.383101135896615,-0.8486819864030065,0.613407053921902,0,1175.3800048828125
49111.0,2.0,84,30,4,8.504339355639837,-0.5972819077936271,0.848528137423857,0,1175.3800048828125
49111.0,2.0,84,31,5,4.178642150297742,0.5795005573051039,0.5052677403411177,1,1175.3800048828125
49111.0,2.0,84,32,5,7.141718353488707,-0.1755475017104463,0.7685569981889047,0,1175.3800048828125
49111.0,2.0,84,33,4,11.599449636119378,-0.4250112380222699,0.682842712474619,0,1175.3800048828125
49111.0,2.0,84,34,5,9.585760222607187,0.12841699521584504,0.613407053921902,0,1175.3800048828125
49111.0,2.0,84,35,1,44.677186986440766,1.3563681998898494,0.613407053921902,0,1175.3800048828125
49111.0,2.0,84,36,2,41.77521249517029,1.4016633503408666,0.8513997106635237,0,1175.3800048828125
49111.0,2.0,84,37,4,39.098740003188645,1.2971162846762483,0.682842712474619,0,1175.3800048828125
49111.0,2.0,84,38,1,44.85114589613424,1.4927616966435062,0.682842712474619,0,1175.3800048828125
49111.0,2.0,84,39,4,38.29475193615907,1.3861219280727504,0.848528137423857,0,1175.3800048828125
49111.0,2.0,84,40,2,41.32729043902644,1.4860925277454524,0.848528137423857,0,1175.3800048828125
49111.0,2.0,84,41,5,33.03086187585036,1.2788508383945927,0.613407053921902,0,1175.3800048828125
49111.0,2.0,84,42,5,34.82538833505358,1.3674786990145873,0.8513997106635237,0,1175.3800048828125
49111.0,2.0,84,43,2,37.80561574511085,1.4781804552965014,0.848528137423857,0,1175.3800048828125
49111.0,2.0,84,44,2,41.17913902750592,1.5717468046282432,0.8513997106635237,0,1175.3800048828125
49111.0,2.0,84,45,1,43.726323049994065,1.6283223721634341,0.613407053921902,0,1175.3800048828125
49111.0,2.0,84,46,4,34.286793794437834,1.4686436621212393,0.848528137423857,0,1175.3800048828125
49111.0,2.0,84,47,4,37.64360686600034,1.5718360086884737,0.848528137423857,0,1175.3800048828125
49111.0,2.0,84,48,5,30.771803254564524,1.45692686023418,0.682842712474619,0,1175.3800048828125
49111.0,2.0,84,49,5,34.108075066138156,1.57194370595351,0.8513997106635237,0,1175.3800048828125
49111.0,2.0,84,50,4,37.81293024742995,1.6654733922865015,0.682842712474619,0,1175.3800048828125
49111.0,2.0,84,51,5,31.732918660478656,1.6501033768841298,0.613407053921902,0,1175.3800048828125
49111.0,2.0,84,52,1,25.91438488204197,-3.555392859967088,0.613407053921902,0,1175.3800048828125
49111.0,2.0,84,53,2,24.85835879174983,-3.6869601667964935,0.8513997106635237,0,1175.3800048828125
49111.0,2.0,84,54,4,20.036993103748838,-3.627602114666469,0.682842712474619,0,1175.3800048828125
49111.0,2.0,84,55,1,29.738777900227397,-3.726940804547562,0.682842712474619,0,1175.3800048828125
49111.0,2.0,84,56,4,21.91258646998002,-3.7707542836625385,0.848528137423857,0,1175.3800048828125
49111.0,2.0,84,57,2,26.86295506797491,-3.7997203369175607,0.848528137423857,0,1175.3800048828125
49111.0,2.0,84,58,5,15.672110686297346,-3.868916777207315,0.613407053921902,0,1175.3800048828125
49111.0,2.0,84,59,5,19.167286969974043,-3.879515369269101,0.8513997106635237,0,1175.3800048828125
49111.0,2.0,84,60,2,24.162818522867408,-3.889335762641346,0.848528137423857,0,1175.3800048828125
49111.0,2.0,84,61,2,29.15988182672748,-3.895790815536879,0.8513997106635237,0,1175.3800048828125
49111.0,2.0,84,62,1,32.658361020946735,-3.8991339115132644,0.613407053921902,0,1175.3800048828125
49111.0,2.0,84,63,4,21.704037480478362,2.282853705828895,0.848528137423857,0,1175.3800048828125
49111.0,2.0,84,64,4,26.693110574335414,2.29657972980109,0.848528137423857,0,1175.3800048828125
49111.0,2.0,84,65,5,19.577760008208163,2.1457145961220148,0.682842712474619,0,1175.3800048828125
49111.0,2.0,84,66,5,24.489703879767156,2.1883842274486955,0.765685424949238,0,1175.3800048828125
49111.0,2.0,84,67,4,29.43131844308661,2.2167633311615087,0.682842712474619,0,1175.3800048828125
49111.0,2.0,85,1,1,37.081280839918456,0.6499882076668693,0.613407053921902,0,1175.4429931640625
49111.0,2.0,85,2,2,33.616639323910114,0.635932741116721,0.8513997106635237,0,1175.4429931640625
49111.0,2.0,85,3,4,33.24185040216709,0.7852225363221834,0.682842712474619,0,1175.4429931640625
49111.0,2.0,85,4,1,34.715072529200675,0.4930229098100425,0.682842712474619,0,1175.4429931640625
49111.0,2.0,85,5,4,30.843804552948683,0.704065825026555,0.848528137423857,0,1175.4429931640625
49111.0,2.0,85,6,2,31.644874791572516,0.5459263343142451,0.848528137423857,0,1175.4429931640625
49111.0,2.0,85,7,5,28.45718967634495,0.9084957164973051,0.613407053921902,0,1175.4429931640625
49111.0,2.0,85,8,5,28.241850491197212,0.7851917413852474,0.8513997106635237,0,1175.4429931640625
49111.0,2.0,85,9,2,28.682049097666294,0.6099714513702066,0.848528137423857,0,1175.4429931640625
49111.0,2.0,85,10,2,29.961938550680323,0.44490567537442294,0.8513997106635237,0,1175.4429931640625
49111.0,2.0,85,11,1,31.305083239090838,0.33932520882866823,0.613407053921902,0,1175.4429931640625
49111.0,2.0,85,12,4,25.86352219454222,0.6883594646913291,0.848528137423857,0,1175.4429931640625
49111.0,2.0,85,13,4,26.81379498656208,0.5016831897555325,0.848528137423857,0,1175.4429931640625
49111.0,2.0,85,14,5,23.241850618533288,0.7851476966702315,0.682842712474619,0,1175.4429931640625
49111.0,2.0,85,15,5,23.774806864578732,0.5732590885774496,0.8513997106635237,0,1175.4429931640625
49111.0,2.0,85,16,4,25.304135288956697,0.3788705029235664,0.682842712474619,0,1175.4429931640625
49111.0,2.0,85,17,5,20.36660237135728,0.5370682026225229,0.613407053921902,0,1175.4429931640625
49111.0,2.0,85,18,1,11.4143549180607,-1.902209932875652,0.613407053921902,0,1175.4429931640625
49111.0,2.0,85,19,2,8.41013956427005,-1.7186717407133432,0.8513997106635237,0,1175.4429931640625
49111.0,2.0,85,20,4,6.758152574239257,-2.355340597855286,0.6466890965784271,0,1175.4429931640625
49111.0,2.0,85,21,1,12.074281293903343,-1.3794410659974519,0.682842712474619,0,1175.4429931640625
49111.0,2.0,85,22,4,4.940727309825804,-1.824299755976346,0.848528137423857,0,1175.4429931640625
49111.0,2.0,85,23,2,8.629519547684115,-1.3014402058819041,0.848528137423857,0,1175.4429931640625
49111.0,2.0,85,26,2,5.305558074644019,-1.1231645471371259,0.848528137423857,0,1175.4429931640625
49111.0,2.0,85,27,2,10.159073174124895,-0.959337643136126,0.8513997106635237,0,1175.4429931640625
49111.0,2.0,85,28,1,13.619737245956204,-0.9148494830309674,0.613407053921902,0,1175.4429931640625
49111.0,2.0,85,30,4,7.54235418266619,-0.6868826938051458,0.848528137423857,0,1175.4429931640625
49111.0,2.0,85,32,5,5.96384485683022,-0.21069881653650824,0.7685569981889047,1,1175.4429931640625
49111.0,2.0,85,33,4,10.517854664813733,-0.47207480810483066,0.682842712474619,0,1175.4429931640625
49111.0,2.0,85,34,5,8.39704678868614,0.14671663453167239,0.6034068236642477,0,1175.4429931640625
49111.0,2.0,85,35,1,44.43730933670581,1.3827547567391063,0.613407053921902,0,1175.4429931640625
49111.0,2.0,85,36,2,41.59004101694344,1.430106153789875,0.8513997106635237,0,1175.4429931640625
49111.0,2.0,85,37,4,38.79161421061053,1.32690151430316,0.682842712474619,0,1175.4429931640625
49111.0,2.0,85,38,1,44.77358250706809,1.5194824489081014,0.682842712474619,0,1175.4429931640625
49111.0,2.0,85,39,4,38.092665605487355,1.4170909541716705,0.848528137423857,0,1175.4429931640625
49111.0,2.0,85,40,2,41.243100655232936,1.5150856655211897,0.848528137423857,0,1175.4429931640625
49111.0,2.0,85,41,5,32.705677014298054,1.3139940007214377,0.613407053921902,0,1175.4429931640625
49111.0,2.0,85,42,5,34.60304660101364,1.4014475489085547,0.8513997106635237,0,1175.4429931640625
49111.0,2.0,85,43,2,37.71356536842039,1.509865793002645,0.848528137423857,0,1175.4429931640625
49111.0,2.0,85,44,2,41.197757117643114,1.6008763313778456,0.8513997106635237,0,1175.4429931640625
49111.0,2.0,85,45,1,43.811696116820805,1.6556680431410995,0.613407053921902,0,1175.4429931640625
49111.0,2.0,85,46,4,34.18526983860972,1.5035682217367188,0.848528137423857,0,1175.4429931640625
49111.0,2.0,85,47,4,37.663972874150645,1.6036996909498558,0.848528137423857,0,1175.4429931640625
49111.0,2.0,85,48,5,30.658642094505772,1.495821477099089,0.682842712474619,0,1175.4429931640625
49111.0,2.0,85,49,5,34.13055103283857,1.6071076685243728,0.8513997106635237,0,1175.4429931640625
49111.0,2.0,85,50,4,37.94518009617814,1.6969591618950113,0.682842712474619,0,1175.4429931640625
49111.0,2.0,85,51,5,31.85045626847681,1.6876674895425832,0.613407053921902,0,1175.4429931640625
49111.0,2.0,85,52,1,27.01741235856303,-3.5375349721111693,0.613407053921902,0,1175.4429931640625
49111.0,2.0,85,53,2,25.89176548340569,-3.662918563017011,0.8513997106635237,0,1175.4429931640625
49111.0,2.0,85,54,4,21.10548130513687,-3.6010431560152067,0.682842712474619,0,1175.4429931640625
49111.0,2.0,85,55,1,30.74614932920665,-3.7053781671741555,0.682842712474619,0,1175.4429931640625
49111.0,2.0,85,56,4,22.89370393756851,-3.739906482735533,0.848528137423857,0,1175.4429931640625
49111.0,2.0,85,57,2,27.82200313973162,-3.773338872385889,0.848528137423857,0,1175.4429931640625
49111.0,2.0,85,58,5,16.587655500584294,-3.820801561395648,0.613407053921902,0,1175.4429931640625
49111.0,2.0,85,59,5,20.07136866569895,-3.8392851684967133,0.8513997106635237,0,1175.4429931640625
49111.0,2.0,85,60,2,25.055977706738926,-3.856765905172664,0.848528137423857,0,1175.4429931640625
49111.0,2.0,85,61,2,30.045701815181392,-3.8684431965606465,0.8513997106635237,0,1175.4429931640625
49111.0,2.0,85,62,1,33.54032979377412,-3.874549480735913,0.613407053921902,0,1175.4429931640625
49111.0,2.0,85,63,4,22.506447497860695,2.3232251714588763,0.848528137423857,0,1175.4429931640625
49111.0,2.0,85,64,4,27.504224360998734,2.3292173161766887,0.848528137423857,0,1175.4429931640625
49111.0,2.0,85,65,5,20.25532865957306,2.195452271459994,0.682842712474619,0,1175.4429931640625
49111.0,2.0,85,66,5,25.203581448546515,2.2272088973509434,0.765685424949238,0,1175.4429931640625
49111.0,2.0,85,67,4,30.168902806693424,2.2485282509022837,0.682842712474619,0,1175.4429931640625
49111.0,2.0,86,1,1,35.20064897688017,0.6912685335937498,0.613407053921902,0,1175.6639404296875
49111.0,2.0,86,2,2,31.717851279062433,0.6808960501887396,0.8513997106635237,0,1175.6639404296875
49111.0,2.0,86,3,4,31.590105864122233,0.8389673537349032,0.682842712474619,0,1175.6639404296875
49111.0,2.0,86,4,1,32.62068961587101,0.5278587004215574,0.682842712474619,0,1175.6639404296875
49111.0,2.0,86,5,4,29.056056857566695,0.7575667441858209,0.848528137423857,0,1175.6639404296875
49111.0,2.0,86,6,2,29.619955120904912,0.5880158319459914,0.848528137423857,0,1175.6639404296875
49111.0,2.0,86,7,5,27.04765571323297,0.9785326154169407,0.613407053921902,0,1175.6639404296875
49111.0,2.0,86,8,5,26.598623845221294,0.8490315709129714,0.8513997106635237,0,1175.6639404296875
49111.0,2.0,86,9,2,26.750216666671083,0.6613963555500779,0.848528137423857,0,1175.6639404296875
49111.0,2.0,86,10,2,27.81476933156412,0.4820563341719033,0.8513997106635237,0,1175.6639404296875
49111.0,2.0,86,11,1,29.052925908522717,0.36683216691734977,0.613407053921902,0,1175.6639404296875
49111.0,2.0,86,12,4,24.058396498172392,0.7517821527186075,0.848528137423857,0,1175.6639404296875
49111.0,2.0,86,13,4,24.736486074573044,0.5483658858575235,0.848528137423857,0,1175.6639404296875
49111.0,2.0,86,14,5,21.611080315724614,0.8637432735649064,0.682842712474619,0,1175.6639404296875
49111.0,2.0,86,15,5,21.797387312863265,0.6330199168096529,0.8513997106635237,0,1175.6639404296875
49111.0,2.0,86,16,4,23.09141387878284,0.4173298587463392,0.682842712474619,0,1175.6639404296875
49111.0,2.0,86,17,5,18.345639673616176,0.6040562987250089,0.613407053921902,0,1175.6639404296875
49111.0,2.0,86,18,1,12.404616348477282,-2.0861864461061694,0.613407053921902,0,1175.6639404296875
49111.0,2.0,86,19,2,9.079543236623874,-1.983183350979381,0.8513997106635237,0,1175.6639404296875
49111.0,2.0,86,20,4,8.622691234843671,-2.553610567555516,0.6466890965784271,0,1175.6639404296875
49111.0,2.0,86,21,1,11.854341257108924,-1.5795277002583523,0.682842712474619,0,1175.6639404296875
49111.0,2.0,86,22,4,6.009863041869058,-2.22121224691964,0.848528137423857,0,1175.6639404296875
49111.0,2.0,86,23,2,8.318999641561241,-1.5832408406032168,0.848528137423857,0,1175.6639404296875
49111.0,2.0,86,26,2,4.783942248041602,-1.5924419033322335,0.848528137423857,0,1175.6639404296875
49111.0,2.0,86,27,2,8.998522361302982,-1.1794891196369264,0.8513997106635237,0,1175.6639404296875
49111.0,2.0,86,28,1,12.303841496250694,-1.0700439262136814,0.613407053921902,0,1175.6639404296875
49111.0,2.0,86,30,4,5.8867438438555375,-0.9483760698569532,0.848528137423857,0,1175.6639404296875
49111.0,2.0,86,33,4,8.451118430938287,-0.6015666344171674,0.6466890965784271,0,1175.6639404296875
49111.0,2.0,86,34,5,6.033050647250099,0.20491346399181665,0.43533959677349143,1,1175.6639404296875
49111.0,2.0,86,35,1,44.051809053294285,1.4363084242054636,0.613407053921902,0,1175.6639404296875
49111.0,2.0,86,36,2,41.32188623762337,1.4876517766013997,0.8513997106635237,0,1175.6639404296875
49111.0,2.0,86,37,4,38.28296727644502,1.3877819649394398,0.682842712474619,0,1175.6639404296875
49111.0,2.0,86,38,1,44.714773632221544,1.573118184717575,0.682842712474619,0,1175.6639404296875
49111.0,2.0,86,39,4,37.79970811843375,1.4798833421617998,0.848528137423857,0,1175.6639404296875
49111.0,2.0,86,40,2,41.179250024551365,1.5733170502105067,0.848528137423857,0,1175.6639404296875
49111.0,2.0,86,41,5,32.17994245365389,1.3861987344851143,0.613407053921902,0,1175.6639404296875
49111.0,2.0,86,42,5,34.2802798331998,1.4705191296044955,0.8513997106635237,0,1175.6639404296875
49111.0,2.0,86,43,2,37.64372835132318,1.5735532708483984,0.848528137423857,0,1175.6639404296875
49111.0,2.0,86,44,2,41.33960550046336,1.6589455153613102,0.8513997106635237,0,1175.6639404296875
49111.0,2.0,86,45,1,44.080062069556455,1.7099522246661523,0.613407053921902,0,1175.6639404296875
49111.0,2.0,86,46,4,34.108209214086735,1.5738384628585993,0.848528137423857,0,1175.6639404296875
49111.0,2.0,86,47,4,37.819077653185026,1.6671750845620377,0.848528137423857,0,1175.6639404296875
49111.0,2.0,86,48,5,30.572693492651414,1.5741896157800008,0.682842712474619,0,1175.6639404296875
49111.0,2.0,86,49,5,34.30163678516431,1.677093237561269,0.8513997106635237,0,1175.6639404296875
49111.0,2.0,86,50,4,38.32120803011128,1.7591370363583905,0.682842712474619,0,1175.6639404296875
49111.0,2.0,86,51,5,32.21860778352356,1.7617251655046609,0.613407053921902,0,1175.6639404296875
49111.0,2.0,86,52,1,29.24637924987083,-3.5058733747169,0.613407053921902,0,1175.6639404296875
49111.0,2.0,86,53,2,27.998469562818745,-3.6202079293569893,0.8513997106635237,0,1175.6639404296875
49111.0,2.0,86,54,4,23.28092779754192,-3.555305004576538,0.682842712474619,0,1175.6639404296875
49111.0,2.0,86,55,1,32.7998017769287,-3.6662592300593038,0.682842712474619,0,1175.6639404296875
49111.0,2.0,86,56,4,24.913489268078475,-3.685613100443112,0.848528137423857,0,1175.6639404296875
49111.0,2.0,86,57,2,29.792526684663535,-3.725740501537319,0.848528137423857,0,1175.6639404296875
49111.0,2.0,86,58,5,18.51649826612002,-3.739283792867834,0.613407053921902,0,1175.6639404296875
49111.0,2.0,86,59,5,21.96473530824433,-3.7690223876188593,0.8513997106635237,0,1175.6639404296875
49111.0,2.0,86,60,2,26.913979562802723,-3.7982505266483444,0.848528137423857,0,1175.6639404296875
49111.0,2.0,86,61,2,31.87906828394911,-3.8183872606046547,0.8513997106635237,0,1175.6639404296875
49111.0,2.0,86,62,1,35.360484778558956,-3.829115433410492,0.613407053921902,0,1175.6639404296875
49111.0,2.0,86,63,4,24.210120725794333,-3.887520371876179,0.848528137423857,0,1175.6639404296875
49111.0,2.0,86,64,4,29.20689378046327,-3.894274750204453,0.848528137423857,0,1175.6639404296875
49111.0,2.0,86,65,5,21.7462087548177,2.2851025659391744,0.682842712474619,0,1175.6639404296875
49111.0,2.0,86,66,5,26.73593637697841,2.298388008746908,0.765685424949238,0,1175.6639404296875
49111.0,2.0,86,67,4,31.728898384588852,2.3074933833634605,0.682842712474619,0,1175.6639404296875
49111.0,2.0,87,1,1,33.564755182119605,0.7323009948515938,0.613407053921902,0,1175.8890380859375
49111.0,2.0,87,2,2,30.070261690034123,0.7261235821899944,0.8513997106635237,0,1175.8890380859375
49111.0,2.0,87,3,4,30.189515416946715,0.8922157216513172,0.682842712474619,0,1175.8890380859375
49111.0,2.0,87,4,1,30.773924597038384,0.5632140832980751,0.682842712474619,0,1175.8890380859375
49111.0,2.0,87,5,4,27.526832145115982,0.8115080072377042,0.848528137423857,0,1175.8890380859375
49111.0,2.0,87,6,2,27.848523927534487,0.6310486024359073,0.848528137423857,0,1175.8890380859375
49111.0,2.0,87,7,5,25.903912443600063,1.0477655911060508,0.613407053921902,0,1175.8890380859375
49111.0,2.0,87,8,5,25.223646401415625,0.9133510049006502,0.8513997106635237,0,1175.8890380859375
49111.0,2.0,87,9,2,25.08079214819017,0.7143133579786819,0.848528137423857,0,1175.8890380859375
49111.0,2.0,87,10,2,25.920261028349774,0.5206937476726664,0.8513997106635237,0,1175.8890380859375
49111.0,2.0,87,11,1,27.047727994708488,0.3954729408417613,0.613407053921902,0,1175.8890380859375
49111.0,2.0,87,12,4,22.528914412793497,0.8173019662140096,0.848528137423857,0,1175.8890380859375
49111.0,2.0,87,13,4,22.92085909419725,0.5975055855725954,0.848528137423857,0,1175.8890380859375
49111.0,2.0,87,14,5,20.27456126423532,0.9448250179994694,0.682842712474619,0,1175.8890380859375
49111.0,2.0,87,15,5,20.096557701614017,0.6966413383583908,0.8513997106635237,0,1175.8890380859375
49111.0,2.0,87,16,4,21.134933840714336,0.458760268224503,0.682842712474619,0,1175.8890380859375
49111.0,2.0,87,17,5,16.61323204935784,0.6779657633110131,0.613407053921902,1,1175.8890380859375
49111.0,2.0,87,18,1,13.599722760678409,-2.2248298284846317,0.613407053921902,0,1175.8890380859375
49111.0,2.0,87,19,2,10.140247112166724,-2.179603220789657,0.8513997106635237,0,1175.8890380859375
49111.0,2.0,87,20,4,10.488604030028746,-2.6680946301119404,0.6466890965784271,0,1175.8890380859375
49111.0,2.0,87,21,1,12.068073934678885,-1.759479931178551,0.682842712474619,0,1175.8890380859375
49111.0,2.0,87,22,4,7.5169784262347354,-2.451939631202311,0.848528137423857,0,1175.8890380859375
49111.0,2.0,87,23,2,8.620833002532223,-1.836479942373209,0.848528137423857,0,1175.8890380859375
49111.0,2.0,87,26,2,5.291418980029988,-2.012832107910904,0.848528137423857,0,1175.8890380859375
49111.0,2.0,87,27,2,8.415040809128136,-1.419060302362065,0.8513997106635237,0,1175.8890380859375
49111.0,2.0,87,28,1,11.425085107658548,-1.2366645501249733,0.613407053921902,0,1175.8890380859375
49111.0,2.0,87,30,4,4.949067082184759,-1.310867545519167,0.848528137423857,0,1175.8890380859375
49111.0,2.0,87,33,4,6.781402151893658,-0.782824194901757,0.6466890965784271,0,1175.8890380859375
49111.0,2.0,87,35,1,43.81449541479627,1.485176495082638,0.613407053921902,0,1175.8890380859375
49111.0,2.0,87,36,2,41.198760371213986,1.5399182585924458,0.8513997106635237,0,1175.8890380859375
49111.0,2.0,87,37,4,37.949330074742846,1.4437736720448022,0.682842712474619,0,1175.8890380859375
49111.0,2.0,87,38,1,44.77191149736229,1.621376384503015,0.682842712474619,0,1175.8890380859375
49111.0,2.0,87,39,4,37.66507006445148,1.5370201956211345,0.848528137423857,0,1175.8890380859375
49111.0,2.0,87,40,2,41.24128642468575,1.625710617578747,0.848528137423857,0,1175.8890380859375
49111.0,2.0,87,41,5,31.854305952152142,1.4528998517963045,0.613407053921902,0,1175.8890380859375
49111.0,2.0,87,42,5,34.131761598185435,1.5335220849851936,0.8513997106635237,0,1175.8890380859375
49111.0,2.0,87,43,2,37.711581149539406,1.6308563087047525,0.848528137423857,0,1175.8890380859375
49111.0,2.0,87,44,2,41.58544884693714,1.7107032879596091,0.8513997106635237,0,1175.8890380859375
49111.0,2.0,87,45,1,44.43118159472328,1.7581105115967572,0.613407053921902,0,1175.8890380859375
49111.0,2.0,87,46,4,34.183080604790774,1.6370645071615986,0.848528137423857,0,1175.8890380859375
49111.0,2.0,87,47,4,38.08765157681099,1.7236482971118892,0.848528137423857,0,1175.8890380859375
49111.0,2.0,87,48,5,30.65620078334806,1.6447015184619005,0.682842712474619,0,1175.8890380859375
49111.0,2.0,87,49,5,34.59752663806879,1.7392081002431667,0.8513997106635237,0,1175.8890380859375
49111.0,2.0,87,50,4,38.78369570418489,1.8138681137124526,0.682842712474619,0,1175.8890380859375
49111.0,2.0,87,51,5,32.6973500018486,1.8266258229885568,0.613407053921902,0,1175.8890380859375
49111.0,2.0,87,52,1,31.274105537727095,-3.4812685703530524,0.613407053921902,0,1175.8890380859375
49111.0,2.0,87,53,2,29.932287408639247,-3.5869717516039086,0.8513997106635237,0,1175.8890380859375
49111.0,2.0,87,54,4,25.273615224388735,-3.5209450188741833,0.682842712474619,0,1175.8890380859375
49111.0,2.0,87,55,1,34.68613602747232,-3.6350648861934585,0.682842712474619,0,1175.8890380859375
49111.0,2.0,87,56,4,26.784995420479856,-3.643866754174857,0.848528137423857,0,1175.8890380859375
49111.0,2.0,87,57,2,31.61680222094032,-3.688059548795228,0.848528137423857,0,1175.8890380859375
49111.0,2.0,87,58,5,20.33838213169423,-3.6794883723318628,0.613407053921902,0,1175.8890380859375
49111.0,2.0,87,59,5,23.74721309621131,-3.715603157807371,0.8513997106635237,0,1175.8890380859375
49111.0,2.0,87,60,2,28.655127513933692,-3.752221924259366,0.848528137423857,0,1175.8890380859375
49111.0,2.0,87,61,2,33.590214882354196,-3.7781073322597836,0.8513997106635237,0,1175.8890380859375
49111.0,2.0,87,62,1,37.055132950035144,-3.792118448385641,0.613407053921902,0,1175.8890380859375
49111.0,2.0,87,63,4,25.83815943525279,-3.8307609213406244,0.848528137423857,0,1175.8890380859375
49111.0,2.0,87,64,4,30.81877164983174,-3.8463495761821473,0.848528137423857,0,1175.8890380859375
49111.0,2.0,87,65,5,23.218626857833044,2.355443626479851,0.682842712474619,0,1175.8890380859375
49111.0,2.0,87,66,5,28.21862569591609,2.355576794923629,0.765685424949238,0,1175.8890380859375
49111.0,2.0,87,67,4,33.218624883777856,2.3556698748873983,0.682842712474619,0,1175.8890380859375
49111.0,2.0,88,1,1,20.009629025671224,0.03777428022846552,0.613407053921902,0,1177.2049560546875
49111.0,2.0,88,2,2,16.51265482922782,0.04577904713913061,0.8513997106635237,0,1177.2049560546875
49111.0,2.0,88,3,4,17.47067444168459,0.33571832201578533,0.682842712474619,0,1177.2049560546875
49111.0,2.0,88,4,1,17.032647286053642,-0.25184166091787064,0.682842712474619,0,1177.2049560546875
49111.0,2.0,88,5,4,14.369041130992672,0.22856007932383626,0.848528137423857,0,1177.2049560546875
49111.0,2.0,88,6,2,14.10363949787603,-0.12399695520993426,0.848528137423857,0,1177.2049560546875
49111.0,2.0,88,7,5,14.758407898407429,0.6778830496082571,0.613407053921902,0,1177.2049560546875
49111.0,2.0,88,8,5,12.855773665520777,0.46420365450979206,0.8513997106635237,0,1177.2049560546875
49111.0,2.0,88,9,2,11.52016582350216,0.06564250613380351,0.848528137423857,0,1177.2049560546875
49111.0,2.0,88,10,2,12.253877943854215,-0.3536948534269959,0.8513997106635237,0,1177.2049560546875
49111.0,2.0,88,11,1,13.860657903079478,-0.5928506449607471,0.613407053921902,0,1177.2049560546875
49111.0,2.0,88,12,4,9.566388770896024,0.34726121065575644,0.848528137423857,0,1177.2049560546875
49111.0,2.0,88,13,4,9.162919740880369,-0.19153739939525383,0.848528137423857,0,1177.2049560546875
49111.0,2.0,88,14,5,8.67855792346078,0.7250939468541291,0.682842712474619,0,1177.2049560546875
49111.0,2.0,88,15,5,6.539164449129073,0.11581933557938351,0.765685424949238,1,1177.2049560546875
49111.0,2.0,88,16,4,7.759122099480274,-0.5787903139528179,0.682842712474619,0,1177.2049560546875
49111.0,2.0,88,18,1,27.015215971884956,-3.1695683015634106,0.613407053921902,0,1177.2049560546875
49111.0,2.0,88,19,2,23.51678928432518,-3.17373138173846,0.8513997106635237,0,1177.2049560546875
49111.0,2.0,88,20,4,24.199092424747295,-3.381740781934072,0.6466890965784271,0,1177.2049560546875
49111.0,2.0,88,21,1,23.884779301999867,-2.9629436770425097,0.682842712474619,0,1177.2049560546875
49111.0,2.0,88,22,4,21.255458138241192,-3.295366610621776,0.848528137423857,0,1177.2049560546875
49111.0,2.0,88,23,2,21.07694960681961,-3.0587377897564547,0.848528137423857,0,1177.2049560546875
49111.0,2.0,88,26,2,18.52006822750892,-3.1824067274333974,0.848528137423857,0,1177.2049560546875
49111.0,2.0,88,27,2,18.985158182471775,-2.9161268046464226,0.8513997106635237,0,1177.2049560546875
49111.0,2.0,88,28,1,20.059824128261887,-2.7452341472832753,0.613407053921902,0,1177.2049560546875
49111.0,2.0,88,30,4,16.099420909978313,-3.0330321407389107,0.848528137423857,0,1177.2049560546875
49111.0,2.0,88,33,4,14.155909724270941,-2.837080869231469,0.6466890965784271,0,1177.2049560546875
49111.0,2.0,88,35,1,36.684130484088705,0.9943258055806066,0.613407053921902,0,1177.2049560546875
49111.0,2.0,88,36,2,34.899970560702236,1.0785046519182915,0.8513997106635237,0,1177.2049560546875
49111.0,2.0,88,37,4,30.585147526205795,1.0011602086897815,0.682842712474619,0,1177.2049560546875
49111.0,2.0,88,38,1,39.377209665947554,1.1385559947838466,0.682842712474619,0,1177.2049560546875
49111.0,2.0,88,39,4,31.531774810731964,1.1109066384904858,0.848528137423857,0,1177.2049560546875
49111.0,2.0,88,40,2,36.08059753735824,1.1724535129245566,0.848528137423857,0,1177.2049560546875
49111.0,2.0,88,41,5,25.049112022881403,1.0940253224146814,0.613407053921902,0,1177.2049560546875
49111.0,2.0,88,42,5,28.20456878400269,1.151004168536292,0.8513997106635237,0,1177.2049560546875
49111.0,2.0,88,43,2,32.83373868796621,1.2131099184373286,0.848528137423857,0,1177.2049560546875
49111.0,2.0,88,44,2,37.558102882970005,1.2597356620306441,0.8513997106635237,0,1177.2049560546875
49111.0,2.0,88,45,1,40.90416579426155,1.2859276762402727,0.613407053921902,0,1177.2049560546875
49111.0,2.0,88,46,4,29.652980858700822,1.2625856116928156,0.848528137423857,0,1177.2049560546875
49111.0,2.0,88,47,4,34.45077603980189,1.306627034947771,0.848528137423857,0,1177.2049560546875
49111.0,2.0,88,48,5,26.562081081558826,1.3237563625013151,0.682842712474619,0,1177.2049560546875
49111.0,2.0,88,49,5,31.4340714404198,1.362662644114426,0.8513997106635237,0,1177.2049560546875
49111.0,2.0,88,50,4,36.34085226380259,1.3910964940353971,0.682842712474619,0,1177.2049560546875
49111.0,2.0,88,51,5,30.90118708214382,1.4737105550147573,0.613407053921902,0,1177.2049560546875
49111.0,2.0,88,52,1,40.92874380721023,-3.9918409596258337,0.613407053921902,0,1177.2049560546875
49111.0,2.0,88,53,2,38.70890793954298,-4.059837781269055,0.8513997106635237,0,1177.2049560546875
49111.0,2.0,88,54,4,34.86865150724793,-3.972655559832977,0.682842712474619,0,1177.2049560546875
49111.0,2.0,88,55,1,42.78944086816424,-4.1308513359448416,0.682842712474619,0,1177.2049560546875
49111.0,2.0,88,56,4,35.20764093711868,-4.073139395291985,0.848528137423857,0,1177.2049560546875
49111.0,2.0,88,57,2,39.33363288961733,-4.149049841145688,0.848528137423857,0,1177.2049560546875
49111.0,2.0,88,58,5,28.943681861253584,-4.018758729783828,0.613407053921902,0,1177.2049560546875
49111.0,2.0,88,59,5,31.71397809865765,-4.089375087590598,0.8513997106635237,0,1177.2049560546875
49111.0,2.0,88,60,2,35.893357362891635,-4.170745275225044,0.848528137423857,0,1177.2049560546875
49111.0,2.0,88,61,2,40.260275691037656,-4.234815627010883,0.8513997106635237,0,1177.2049560546875
49111.0,2.0,88,62,1,43.398496355001,-4.271891969314565,0.613407053921902,0,1177.2049560546875
49111.0,2.0,88,63,4,32.4735512265799,-4.197024862402747,0.848528137423857,0,1177.2049560546875
49111.0,2.0,88,64,4,36.90647944742792,-4.2638449250899555,0.848528137423857,0,1177.2049560546875
49111.0,2.0,88,65,5,29.081436617718367,-4.229462030871045,0.682842712474619,0,1177.2049560546875
49111.0,2.0,88,66,5,33.58997844132207,-4.298640995227662,0.8513997106635237,0,1177.2049560546875
49111.0,2.0,88,67,4,38.22098046396235,-4.351259930846362,0.682842712474619,0,1177.2049560546875
49111.0,2.0,88,68,5,32.34198719813371,-4.397890887773786,0.613407053921902,0,1177.2049560546875
49111.0,2.0,89,1,1,16.186031619868903,-0.11181947014125626,0.613407053921902,0,1177.508056640625
49111.0,2.0,89,2,2,12.68858745064059,-0.10248777562386535,0.8513997106635237,0,1177.508056640625
49111.0,2.0,89,3,4,13.837483650516825,0.26685301538121475,0.682842712474619,0,1177.508056640625
49111.0,2.0,89,4,1,13.435942438354939,-0.4834237135894286,0.682842712474619,0,1177.508056640625
49111.0,2.0,89,5,4,10.623288957446611,0.14530879295538512,0.848528137423857,0,1177.508056640625
49111.0,2.0,89,6,2,10.362362953865325,-0.3352042238723356,0.848528137423857,0,1177.508056640625
49111.0,2.0,89,7,5,11.865549993754904,0.7215242065694749,0.613407053921902,0,1177.508056640625
49111.0,2.0,89,8,5,9.47144577423428,0.4801065108631537,0.8513997106635237,0,1177.508056640625
49111.0,2.0,89,9,2,7.6962707052502894,-0.07444809065727531,0.848528137423857,0,1177.508056640625
49111.0,2.0,89,10,2,8.874507337465397,-0.6712302593720187,0.8513997106635237,0,1177.508056640625
49111.0,2.0,89,11,1,11.053229794168335,-0.9486897503393433,0.613407053921902,0,1177.508056640625
49111.0,2.0,89,12,4,6.007212294346443,0.38641460017872076,0.848528137423857,1,1177.508056640625
49111.0,2.0,89,13,4,5.532711565189392,-0.5063120493610123,0.848528137423857,0,1177.508056640625
49111.0,2.0,89,14,5,6.159595468064468,0.9755813547376668,0.6466890965784271,0,1177.508056640625
49111.0,2.0,89,16,4,5.195114219982764,-1.1751562614434166,0.6466890965784271,0,1177.508056640625
49111.0,2.0,89,18,1,30.828096496430515,-3.3050113661324345,0.613407053921902,0,1177.508056640625
49111.0,2.0,89,19,2,27.32871935711722,-3.3072861610844897,0.8513997106635237,0,1177.508056640625
49111.0,2.0,89,20,4,27.880721009074353,-3.4875604146856647,0.6466890965784271,0,1177.508056640625
49111.0,2.0,89,21,1,27.683626919432122,-3.1257142009495387,0.682842712474619,0,1177.508056640625
49111.0,2.0,89,22,4,25.009609897097288,-3.4094079528441084,0.848528137423857,0,1177.508056640625
49111.0,2.0,89,23,2,24.899897287322695,-3.2087566507243417,0.848528137423857,0,1177.508056640625
49111.0,2.0,89,26,2,22.32994783747005,-3.3117726262426537,0.848528137423857,0,1177.508056640625
49111.0,2.0,89,27,2,22.762927494906425,-3.090379098264856,0.8513997106635237,0,1177.508056640625
49111.0,2.0,89,28,1,23.697423415602174,-2.945025345490759,0.613407053921902,0,1177.508056640625
49111.0,2.0,89,30,4,19.919150424736497,-3.1890730247829824,0.848528137423857,0,1177.508056640625
49111.0,2.0,89,33,4,17.886266711150956,-3.0356729787899814,0.6466890965784271,0,1177.508056640625
49111.0,2.0,89,35,1,34.566484248676424,0.9381257040008966,0.613407053921902,0,1177.508056640625
49111.0,2.0,89,36,2,33.07347071607625,1.0317836967214133,0.8513997106635237,0,1177.508056640625
49111.0,2.0,89,37,4,28.51979598316557,0.964535645115915,0.682842712474619,0,1177.508056640625
49111.0,2.0,89,38,1,37.74029898520837,1.0825856280200874,0.682842712474619,0,1177.508056640625
49111.0,2.0,89,39,4,29.836768921956683,1.0770735590801488,0.848528137423857,0,1177.508056640625
49111.0,2.0,89,40,2,34.579017944239055,1.1264127022178259,0.848528137423857,0,1177.508056640625
49111.0,2.0,89,41,5,23.34583694360282,1.0900782151027961,0.613407053921902,0,1177.508056640625
49111.0,2.0,89,42,5,26.676039702274526,1.1332351324105385,0.8513997106635237,0,1177.508056640625
49111.0,2.0,89,43,2,31.497409361455322,1.1789337789851442,0.848528137423857,0,1177.508056640625
49111.0,2.0,89,44,2,36.367052379439,1.21244935820881,0.8513997106635237,0,1177.508056640625
49111.0,2.0,89,45,1,39.7950435402312,1.2310160386359987,0.613407053921902,0,1177.508056640625
49111.0,2.0,89,46,4,28.52130976968239,1.2426237102790818,0.848528137423857,0,1177.508056640625
49111.0,2.0,89,47,4,33.45057268962591,1.2697574016526478,0.848528137423857,0,1177.508056640625
49111.0,2.0,89,48,5,25.687417648982677,1.3207457113790029,0.682842712474619,0,1177.508056640625
49111.0,2.0,89,49,5,30.664623391769112,1.3377376671873473,0.8513997106635237,0,1177.508056640625
49111.0,2.0,89,50,4,35.648209352571975,1.349981462178059,0.682842712474619,0,1177.508056640625
49111.0,2.0,89,51,5,30.558660959737605,-4.831102010897453,0.613407053921902,0,1177.508056640625
49111.0,2.0,89,52,1,43.39614899167702,-4.068154814775681,0.613407053921902,0,1177.508056640625
49111.0,2.0,89,53,2,40.984303280825365,-4.128305126663477,0.8513997106635237,0,1177.508056640625
49111.0,2.0,89,54,4,37.40638198394635,-4.039074220394086,0.682842712474619,0,1177.508056640625
49111.0,2.0,89,55,1,44.8351292816296,-4.202721246121165,0.682842712474619,0,1177.508056640625
49111.0,2.0,89,56,4,37.45476069385332,-4.133556318230125,0.848528137423857,0,1177.508056640625
49111.0,2.0,89,57,2,41.33200697909051,-4.213816695648596,0.848528137423857,0,1177.508056640625
49111.0,2.0,89,58,5,31.375501434286747,-4.066433914943314,0.613407053921902,0,1177.508056640625
49111.0,2.0,89,59,5,33.92646580257022,-4.139899946338952,0.8513997106635237,0,1177.508056640625
49111.0,2.0,89,60,2,37.834914882139394,-4.226965133864692,0.848528137423857,0,1177.508056640625
49111.0,2.0,89,61,2,41.97566540776334,-4.29730392867469,0.8513997106635237,0,1177.508056640625
49111.0,2.0,89,62,1,44.97821114744934,-4.33869907378576,0.613407053921902,0,1177.508056640625
49111.0,2.0,89,63,4,34.34569503384492,-4.242788320979111,0.848528137423857,0,1177.508056640625
49111.0,2.0,89,64,4,38.53702725488366,-4.317743338891699,0.848528137423857,0,1177.508056640625
49111.0,2.0,89,65,5,30.867017195981642,-4.26218382938116,0.682842712474619,0,1177.508056640625
49111.0,2.0,89,66,5,35.11763734738989,-4.34217503549709,0.8513997106635237,0,1177.508056640625
49111.0,2.0,89,67,4,39.54395219434395,-4.404588111438534,0.682842712474619,0,1177.508056640625
49111.0,2.0,89,68,5,33.529626018934884,-4.43310129171063,0.613407053921902,0,1177.508056640625
49111.0,2.0,90,1,1,14.000351959727379,-0.7343716952401076,0.613407053921902,0,1177.77197265625
49111.0,2.0,90,2,2,10.50926443343154,-0.7549506601706064,0.8513997106635237,0,1177.77197265625
49111.0,2.0,90,3,4,11.260294875241705,-0.2965312001613971,0.682842712474619,0,1177.77197265625
49111.0,2.0,90,4,1,12.003959229611855,-1.183020731832946,0.682842712474619,0,1177.77197265625
49111.0,2.0,90,5,4,8.139498039190284,-0.4703019753050717,0.848528137423857,0,1177.77197265625
49111.0,2.0,90,6,2,8.654584136997975,-1.071891312730534,0.848528137423857,0,1177.77197265625
49111.0,2.0,90,7,5,9.39430353725595,0.27626399603936136,0.613407053921902,0,1177.77197265625
49111.0,2.0,90,8,5,6.859899250584941,-0.02557376825097757,0.7685569981889047,0,1177.77197265625
49111.0,2.0,90,9,2,5.5415355256977605,-0.8292874360126024,0.848528137423857,0,1177.77197265625
49111.0,2.0,90,10,2,8.022407010178732,-1.4924522017034716,0.8513997106635237,0,1177.77197265625
49111.0,2.0,90,11,1,10.847317318813948,-1.7144181332599904,0.613407053921902,0,1177.77197265625
49111.0,2.0,90,13,4,4.490635103764079,-1.5196193113847545,0.848528137423857,0,1177.77197265625
49111.0,2.0,90,14,5,4.161994086847922,0.7842118407711047,0.5052677403411177,1,1177.77197265625
49111.0,2.0,90,16,4,5.884130461482486,-2.1627664079377564,0.6466890965784271,0,1177.77197265625
49111.0,2.0,90,18,1,33.03772448691928,-3.7879515733882276,0.613407053921902,0,1177.77197265625
49111.0,2.0,90,19,2,29.539066595578795,-3.7848491722696873,0.8513997106635237,0,1177.77197265625
49111.0,2.0,90,20,4,29.81452761798591,-3.953275906065592,0.6466890965784271,0,1177.77197265625
49111.0,2.0,90,21,1,30.1032698156269,-3.618053166835411,0.682842712474619,0,1177.77197265625
49111.0,2.0,90,22,4,27.07580594710804,-3.8745592623317804,0.848528137423857,0,1177.77197265625
49111.0,2.0,90,23,2,27.23508152989166,-3.6902660758846597,0.848528137423857,0,1177.77197265625
49111.0,2.0,90,26,2,24.54164783153849,-3.7788828295631602,0.848528137423857,0,1177.77197265625
49111.0,2.0,90,27,2,25.217907854174825,-3.579414127906933,0.8513997106635237,0,1177.77197265625
49111.0,2.0,90,28,1,26.25353605363911,-3.4493883715222706,0.613407053921902,0,1177.77197265625
49111.0,2.0,90,30,4,22.281958820738012,-3.662537100525239,0.848528137423857,0,1177.77197265625
49111.0,2.0,90,33,4,20.388204910949643,-3.5223466499563703,0.6466890965784271,0,1177.77197265625
49111.0,2.0,90,35,1,32.31265178641139,0.4510429257476454,0.613407053921902,0,1177.77197265625
49111.0,2.0,90,36,2,30.960333483433637,0.553150783622832,0.8513997106635237,0,1177.77197265625
49111.0,2.0,90,37,4,26.30955430370907,0.48881588917229957,0.682842712474619,0,1177.77197265625
49111.0,2.0,90,38,1,35.70562772380605,0.6005407444560671,0.682842712474619,0,1177.77197265625
49111.0,2.0,90,39,4,27.80286742510581,0.607375948774107,0.848528137423857,0,1177.77197265625
49111.0,2.0,90,40,2,32.62436265743157,0.6513435614036669,0.848528137423857,0,1177.77197265625
49111.0,2.0,90,41,5,21.34858083078765,0.6389635971866721,0.613407053921902,0,1177.77197265625
49111.0,2.0,90,42,5,24.74786101283498,0.6752321161371668,0.8513997106635237,0,1177.77197265625
49111.0,2.0,90,43,2,29.64466607091743,0.7125450838180578,0.848528137423857,0,1177.77197265625
49111.0,2.0,90,44,2,34.571025848270814,0.7392527565190554,0.8513997106635237,0,1177.77197265625
49111.0,2.0,90,45,1,38.03091570582718,0.7538243686694726,0.613407053921902,0,1177.77197265625
49111.0,2.0,90,46,4,26.800436826827863,0.7870685945894,0.848528137423857,0,1177.77197265625
49111.0,2.0,90,47,4,31.774408190466687,0.8045290517987325,0.848528137423857,0,1177.77197265625
49111.0,2.0,90,48,5,24.139606495578565,0.8786304547032926,0.682842712474619,0,1177.77197265625
49111.0,2.0,90,49,5,29.13880923282529,0.8819969858460275,0.8513997106635237,0,1177.77197265625
49111.0,2.0,90,50,4,34.13824549171486,0.8843775024519105,0.682842712474619,0,1177.77197265625
49111.0,2.0,90,51,5,29.291722165870194,-5.281430366779077,0.613407053921902,0,1177.77197265625
49111.0,2.0,90,52,1,44.04076350095691,-4.537015517503702,0.613407053921902,0,1177.77197265625
49111.0,2.0,90,53,2,41.48076742071766,-4.59286339011086,0.8513997106635237,0,1177.77197265625
49111.0,2.0,90,54,4,38.13534402711042,-4.499400655581809,0.682842712474619,0,1177.77197265625
49111.0,2.0,90,55,1,45.13317701599653,-4.671801897617139,0.682842712474619,0,1177.77197265625
49111.0,2.0,90,56,4,37.945319558721316,-4.592241666297037,0.848528137423857,0,1177.77197265625
49111.0,2.0,90,57,2,41.60765408141973,-4.677937243855935,0.848528137423857,0,1177.77197265625
49111.0,2.0,90,58,5,32.05223495785218,-4.513581023369211,0.613407053921902,0,1177.77197265625
49111.0,2.0,90,59,5,34.40988937813206,-4.59149218461778,0.8513997106635237,0,1177.77197265625
49111.0,2.0,90,60,2,38.08398730123844,-4.6852082359479414,0.848528137423857,0,1177.77197265625
49111.0,2.0,90,61,2,42.0326027091649,-4.761891535551356,0.8513997106635237,0,1177.77197265625
49111.0,2.0,90,62,1,44.92142486306974,-4.807370621424004,0.613407053921902,0,1177.77197265625
49111.0,2.0,90,63,4,34.56274438412982,-4.693961305955735,0.848528137423857,0,1177.77197265625
49111.0,2.0,90,64,4,38.547800211014675,-4.7767176877898425,0.848528137423857,0,1177.77197265625
49111.0,2.0,90,65,5,31.044750119215067,-4.7046991587348295,0.682842712474619,0,1177.77197265625
49111.0,2.0,90,66,5,35.07315371776695,-4.794486027998111,0.8513997106635237,0,1177.77197265625
49111.0,2.0,90,67,4,39.32525541500926,-4.865331013090117,0.682842712474619,0,1177.77197265625
49111.0,2.0,90,68,5,33.25193720333542,-4.8820339070220715,0.613407053921902,0,1177.77197265625
49111.0,2.0,91,1,1,13.236466627209476,-0.9152252591347931,0.613407053921902,0,1177.884033203125
49111.0,2.0,91,2,2,9.776425114157634,-0.9615884435022419,0.8513997106635237,0,1177.884033203125
49111.0,2.0,91,3,4,10.17068294666584,-0.45636993235891343,0.682842712474619,0,1177.884033203125
49111.0,2.0,91,4,1,11.735168700272906,-1.3944541300783446,0.682842712474619,0,1177.884033203125
49111.0,2.0,91,5,4,7.168349828513731,-0.6754726803235547,0.848528137423857,0,1177.884033203125
49111.0,2.0,91,6,2,8.277737352385953,-1.3194535506467318,0.848528137423857,0,1177.884033203125
49111.0,2.0,91,7,5,8.212612436209357,0.18717915264525375,0.6034068236642477,0,1177.884033203125
49111.0,2.0,91,8,5,5.673798596634669,-0.16761974610781172,0.7685569981889047,1,1177.884033203125
49111.0,2.0,91,9,2,4.932310505869063,-1.1402180139910327,0.848528137423857,0,1177.884033203125
49111.0,2.0,91,10,2,8.152507794380766,-1.7529512962955638,0.8513997106635237,0,1177.884033203125
49111.0,2.0,91,11,1,11.211974439198123,-1.9309884874219247,0.613407053921902,0,1177.884033203125
49111.0,2.0,91,13,4,4.7191243455391,-1.8890838191746242,0.848528137423857,0,1177.884033203125
49111.0,2.0,91,16,4,6.724030208960498,-2.411986128639433,0.6466890965784271,0,1177.884033203125
49111.0,2.0,91,18,1,33.918232833696216,-3.8764531921168874,0.613407053921902,0,1177.884033203125
49111.0,2.0,91,19,2,30.423216123896662,-3.8706410809946927,0.8513997106635237,0,1177.884033203125
49111.0,2.0,91,20,4,30.55219113108245,-4.034771588225925,0.6466890965784271,0,1177.884033203125
49111.0,2.0,91,21,1,31.108001795879765,-3.709469014101737,0.682842712474619,0,1177.884033203125
49111.0,2.0,91,22,4,27.88601139745468,-3.9552006601525687,0.848528137423857,0,1177.884033203125
49111.0,2.0,91,23,2,28.191582574770525,-3.7769711982096283,0.848528137423857,0,1177.884033203125
49111.0,2.0,91,26,2,25.432712800795585,-3.859567634039453,0.848528137423857,0,1177.884033203125
49111.0,2.0,91,27,2,26.24802043619451,-3.668346728937501,0.8513997106635237,0,1177.884033203125
49111.0,2.0,91,28,1,27.353309933291026,-3.544330047735702,0.613407053921902,0,1177.884033203125
49111.0,2.0,91,30,4,23.259753419942587,-3.74483678572902,0.848528137423857,0,1177.884033203125
49111.0,2.0,91,33,4,21.45249118180241,-3.608697231813032,0.6466890965784271,0,1177.884033203125
49111.0,2.0,91,35,1,31.18316645734415,0.35095339338057174,0.613407053921902,0,1177.884033203125
49111.0,2.0,91,36,2,29.879161794567384,0.45741137004828225,0.8513997106635237,0,1177.884033203125
49111.0,2.0,91,37,4,25.19722218731795,0.3934453270278433,0.682842712474619,0,1177.884033203125
49111.0,2.0,91,38,1,34.65008821251113,0.503911923986279,0.682842712474619,0,1177.884033203125
49111.0,2.0,91,39,4,26.75269626053211,0.515808832381881,0.848528137423857,0,1177.884033203125
49111.0,2.0,91,40,2,31.600175012128588,0.5579621084795701,0.848528137423857,0,1177.884033203125
49111.0,2.0,91,41,5,20.319798039312182,0.5557665216742946,0.613407053921902,0,1177.884033203125
49111.0,2.0,91,42,5,23.741297455502348,0.5893283028402423,0.8513997106635237,0,1177.884033203125
49111.0,2.0,91,43,2,28.66205694746121,0.6233190797917905,0.848528137423857,0,1177.884033203125
49111.0,2.0,91,44,2,33.60621686605585,0.6473297351240794,0.8513997106635237,0,1177.884033203125
49111.0,2.0,91,45,1,37.07604111229493,0.6603220501148499,0.613407053921902,0,1177.884033203125
49111.0,2.0,91,46,4,25.873846952509073,0.703168686054815,0.848528137423857,0,1177.884033203125
49111.0,2.0,91,47,4,30.85968664310657,0.7164764660533423,0.848528137423857,0,1177.884033203125
49111.0,2.0,91,48,5,23.289448335763915,-5.481692671309587,0.682842712474619,0,1177.884033203125
49111.0,2.0,91,49,5,28.288914920390347,-5.484538007461699,0.8513997106635237,0,1177.884033203125
49111.0,2.0,91,50,4,33.288541736789114,-5.486528670320644,0.682842712474619,0,1177.884033203125
49111.0,2.0,91,51,5,28.55060676435066,-5.36165037381944,0.613407053921902,0,1177.884033203125
49111.0,2.0,91,52,1,44.13198771972582,-4.622731560643321,0.613407053921902,0,1177.884033203125
49111.0,2.0,91,53,2,41.506118836317725,-4.676806027394392,0.8513997106635237,0,1177.884033203125
49111.0,2.0,91,54,4,38.27392842739901,-4.58105713163539,0.682842712474619,0,1177.884033203125
49111.0,2.0,91,55,1,45.062425638700326,-4.758095979460512,0.682842712474619,0,1177.884033203125
49111.0,2.0,91,56,4,37.973031872676536,-4.673493299940048,0.848528137423857,0,1177.884033203125
49111.0,2.0,91,57,2,41.53089757267684,-4.7619852985638635,0.848528137423857,0,1177.884033203125
49111.0,2.0,91,58,5,32.17746705133703,-4.589274402346092,0.613407053921902,0,1177.884033203125
49111.0,2.0,91,59,5,34.44044712764467,-4.6695009425627685,0.8513997106635237,0,1177.884033203125
49111.0,2.0,91,60,2,38.00011449905059,-4.766597451308474,0.848528137423857,0,1177.884033203125
49111.0,2.0,91,61,2,41.85538203779559,-4.846452086923064,0.8513997106635237,0,1177.884033203125
49111.0,2.0,91,62,1,44.68923827994866,-4.893950792863643,0.613407053921902,0,1177.884033203125
49111.0,2.0,91,63,4,34.47030534662747,-4.772154325493246,0.848528137423857,0,1177.884033203125
49111.0,2.0,91,64,4,38.35448154099598,-4.858773002361356,0.848528137423857,0,1177.884033203125
49111.0,2.0,91,65,5,30.941803428994138,-4.778978827760168,0.682842712474619,0,1177.884033203125
49111.0,2.0,91,66,5,34.8605723278804,-4.873566287443213,0.8513997106635237,0,1177.884033203125
49111.0,2.0,91,67,4,39.027218791713146,-4.948516087835841,0.682842712474619,0,1177.884033203125
49111.0,2.0,91,68,5,32.93759347292814,-4.959895821293079,0.613407053921902,0,1177.884033203125
49111.0,2.0,92,1,1,11.926104024949693,-1.0754197495087323,0.613407053921902,0,1178.0689697265625
49111.0,2.0,92,2,2,8.630516818161993,-1.1916567384172352,0.8513997106635237,0,1178.0689697265625
49111.0,2.0,92,3,4,8.085766703992844,-0.5875378916647953,0.6466890965784271,0,1178.0689697265625
49111.0,2.0,92,4,1,11.55820132657996,-1.600318354233058,0.682842712474619,0,1178.0689697265625
49111.0,2.0,92,5,4,5.503873567941505,-0.9516064122273049,0.848528137423857,0,1178.0689697265625
49111.0,2.0,92,6,2,8.024887638407336,-1.613326354873426,0.848528137423857,0,1178.0689697265625
49111.0,2.0,92,7,5,5.8715491827258735,0.26333057488575307,0.43533959677349143,1,1178.0689697265625
49111.0,2.0,92,9,2,4.495066775073647,-1.646779227348886,0.848528137423857,0,1178.0689697265625
49111.0,2.0,92,10,2,8.905718537521198,-2.021176590213895,0.8513997106635237,0,1178.0689697265625
49111.0,2.0,92,11,1,12.265241979658336,-2.1151351002381706,0.613407053921902,0,1178.0689697265625
49111.0,2.0,92,13,4,5.926097060701658,-2.2838985938317804,0.848528137423857,0,1178.0689697265625
49111.0,2.0,92,16,4,8.662079856093609,-2.5977309007789504,0.6466890965784271,0,1178.0689697265625
49111.0,2.0,92,18,1,35.73511049365294,-3.83139687684821,0.613407053921902,0,1178.0689697265625
49111.0,2.0,92,19,2,32.252817840600045,-3.8210395825467875,0.8513997106635237,0,1178.0689697265625
49111.0,2.0,92,20,4,32.111338516196284,-3.976500226029207,0.6466890965784271,0,1178.0689697265625
49111.0,2.0,92,21,1,33.1564542135631,-3.6705171431250743,0.682842712474619,0,1178.0689697265625
49111.0,2.0,92,22,4,29.585997661029495,-3.8962004715806504,0.848528137423857,0,1178.0689697265625
49111.0,2.0,92,23,2,30.15688072323828,-3.729711305667398,0.848528137423857,0,1178.0689697265625
49111.0,2.0,92,26,2,27.285975406701787,-3.8016609405202386,0.848528137423857,0,1178.0689697265625
49111.0,2.0,92,27,2,28.34838004635031,-3.625761616552118,0.8513997106635237,0,1178.0689697265625
49111.0,2.0,92,28,1,29.576257190563123,-3.5125097456954077,0.613407053921902,0,1178.0689697265625
49111.0,2.0,92,30,4,25.272863909573577,-3.690925658790757,0.848528137423857,0,1178.0689697265625
49111.0,2.0,92,33,4,23.620136462106192,-3.562916249312787,0.6466890965784271,0,1178.0689697265625
49111.0,2.0,92,35,1,28.941229639924682,0.37947870259185734,0.613407053921902,0,1178.0689697265625
49111.0,2.0,92,36,2,27.74614633432021,0.4956325528493535,0.8513997106635237,0,1178.0689697265625
49111.0,2.0,92,37,4,22.999018104316722,0.4334737776030346,0.682842712474619,0,1178.0689697265625
49111.0,2.0,92,38,1,32.5690411134306,0.5395125356170825,0.682842712474619,0,1178.0689697265625
49111.0,2.0,92,39,4,24.693352090512064,0.5637779892653065,0.848528137423857,0,1178.0689697265625
49111.0,2.0,92,40,2,29.591475801467197,0.6009284868841847,0.848528137423857,0,1178.0689697265625
49111.0,2.0,92,41,5,18.32481859873398,0.6249326982690926,0.613407053921902,0,1178.0689697265625
49111.0,2.0,92,42,5,21.787029134934446,0.6506042438938651,0.8513997106635237,0,1178.0689697265625
49111.0,2.0,92,43,2,26.75011104966304,0.6757269289617285,0.848528137423857,0,1178.0689697265625
49111.0,2.0,92,44,2,31.724789105873135,0.6929789978321526,0.8513997106635237,0,1178.0689697265625
49111.0,2.0,92,45,1,35.21133206315976,0.7021531704194612,0.613407053921902,0,1178.0689697265625
49111.0,2.0,92,46,4,24.093182484466233,0.7676388006337156,0.848528137423857,0,1178.0689697265625
49111.0,2.0,92,47,4,29.09252902159956,0.7706920242444704,0.848528137423857,0,1178.0689697265625
49111.0,2.0,92,48,5,21.688578636929538,-5.402101231232956,0.682842712474619,0,1178.0689697265625
49111.0,2.0,92,49,5,26.669987737775557,-5.420012443350226,0.8513997106635237,0,1178.0689697265625
49111.0,2.0,92,50,4,31.65725901868197,-5.43228317437104,0.682842712474619,0,1178.0689697265625
49111.0,2.0,92,51,5,27.166930435140337,-5.29121290317415,0.613407053921902,0,1178.0689697265625
49111.0,2.0,92,52,1,44.41127039221596,-4.568871085097585,0.613407053921902,0,1178.0689697265625
49111.0,2.0,92,53,2,41.66061778845655,-4.619191087401947,0.8513997106635237,0,1178.0689697265625
49111.0,2.0,92,54,4,38.66152185148743,-4.519464434487686,0.682842712474619,0,1178.0689697265625
49111.0,2.0,92,55,1,45.01667332398835,-4.704801642259206,0.682842712474619,0,1178.0689697265625
49111.0,2.0,92,56,4,38.141844092971624,-4.610565184196092,0.848528137423857,0,1178.0689697265625
49111.0,2.0,92,57,2,41.48124966120689,-4.704155538425659,0.848528137423857,0,1178.0689697265625
49111.0,2.0,92,58,5,32.559450321823164,-4.5160444742719505,0.613407053921902,0,1178.0689697265625
49111.0,2.0,92,59,5,34.626485052763385,-4.600186930365924,0.8513997106635237,0,1178.0689697265625
49111.0,2.0,92,60,2,37.945846541513184,-4.70338903962056,0.848528137423857,0,1178.0689697265625
49111.0,2.0,92,61,2,41.60265703527709,-4.789238648048844,0.8513997106635237,0,1178.0689697265625
49111.0,2.0,92,62,1,44.318807906405446,-4.840651332007127,0.613407053921902,0,1178.0689697265625
49111.0,2.0,92,63,4,34.410470296826226,-4.7024650380176745,0.848528137423857,0,1178.0689697265625
49111.0,2.0,92,64,4,38.07852765918848,-4.796367687175667,0.848528137423857,0,1178.0689697265625
49111.0,2.0,92,65,5,30.875130159166165,-4.701329430640694,0.682842712474619,0,1178.0689697265625
49111.0,2.0,92,66,5,34.556728215910056,-4.804950331252259,0.8513997106635237,0,1178.0689697265625
49111.0,2.0,92,67,4,38.53649267423148,-4.887917231364225,0.682842712474619,0,1178.0689697265625
49111.0,2.0,92,68,5,32.43321756553948,-4.888079592065438,0.613407053921902,0,1178.0689697265625
49111.0,2.0,93,1,1,10.876407899875788,-1.3323130212204524,0.613407053921902,0,1178.39501953125
49111.0,2.0,93,2,2,8.043856060713454,-1.5525556457548506,0.8513997106635237,0,1178.39501953125
49111.0,2.0,93,3,4,5.924048466180147,-0.8841849550124432,0.6466890965784271,0,1178.39501953125
49111.0,2.0,93,4,1,12.013030026654464,-1.8631240437165548,0.682842712474619,0,1178.39501953125
49111.0,2.0,93,5,4,4.513151489146995,-1.5218949014488454,0.848528137423857,0,1178.39501953125
49111.0,2.0,93,6,2,8.658972598398433,-1.9728135753439444,0.848528137423857,0,1178.39501953125
49111.0,2.0,93,9,2,5.5355869154343615,-2.21267210066241,0.848528137423857,0,1178.39501953125
49111.0,2.0,93,10,2,10.50009488500715,-2.2906955360632986,0.8513997106635237,0,1178.39501953125
49111.0,2.0,93,11,1,13.990299555807622,-2.312285542927155,0.613407053921902,0,1178.39501953125
49111.0,2.0,93,13,4,8.118922873920313,-2.5747003583101224,0.848528137423857,0,1178.39501953125
49111.0,2.0,93,16,4,11.23348097283317,-2.750125982614857,0.6466890965784271,0,1178.39501953125
49111.0,2.0,93,18,1,37.9884694246726,-3.8036408208447634,0.613407053921902,0,1178.39501953125
49111.0,2.0,93,19,2,34.52848733594174,-3.789068778062002,0.8513997106635237,0,1178.39501953125
49111.0,2.0,93,20,4,34.09702578836553,-3.934374295000701,0.6466890965784271,0,1178.39501953125
49111.0,2.0,93,21,1,35.66266546129319,-3.6501846766070267,0.682842712474619,0,1178.39501953125
49111.0,2.0,93,22,4,31.732353388520536,-3.8544474667932263,0.848528137423857,0,1178.39501953125
49111.0,2.0,93,23,2,32.58145978420512,-3.701054653564042,0.848528137423857,0,1178.39501953125
49111.0,2.0,93,26,2,29.601981952826023,-3.762351654309991,0.848528137423857,0,1178.39501953125
49111.0,2.0,93,27,2,30.917415895111006,-3.6027292144272938,0.8513997106635237,0,1178.39501953125
49111.0,2.0,93,28,1,32.270157958992705,-3.500488766281806,0.613407053921902,0,1178.39501953125
49111.0,2.0,93,30,4,27.759906691070203,-3.6570310694092845,0.848528137423857,0,1178.39501953125
49111.0,2.0,93,33,4,26.266851799528833,-3.5382782118274965,0.6466890965784271,0,1178.39501953125
49111.0,2.0,93,35,1,26.280042393982725,0.39845937228038286,0.613407053921902,0,1178.39501953125
49111.0,2.0,93,36,2,25.239809820014994,0.5283073370608982,0.8513997106635237,0,1178.39501953125
49111.0,2.0,93,37,4,20.4121843477456,0.4709574480835803,0.682842712474619,0,1178.39501953125
49111.0,2.0,93,38,1,30.12372370167241,0.5671567594333209,0.682842712474619,0,1178.39501953125
49111.0,2.0,93,39,4,22.300721644934807,0.6111615148155694,0.848528137423857,0,1178.39501953125
49111.0,2.0,93,40,2,27.252759782984153,0.6391870260438326,0.848528137423857,0,1178.39501953125
49111.0,2.0,93,41,5,16.064646310649973,0.7080635030587938,0.613407053921902,1,1178.39501953125
49111.0,2.0,93,42,5,19.560070859258207,0.7181561494751425,0.8513997106635237,0,1178.39501953125
49111.0,2.0,93,43,2,24.555795689070575,0.727588571907468,0.848528137423857,0,1178.39501953125
49111.0,2.0,93,44,2,29.552966548682583,0.7338315090917655,0.8513997106635237,0,1178.39501953125
49111.0,2.0,93,45,1,33.051495318071076,0.7370782515898555,0.613407053921902,0,1178.39501953125
49111.0,2.0,93,46,4,22.096635220270876,-5.4464928150066285,0.848528137423857,0,1178.39501953125
49111.0,2.0,93,47,4,27.08601148124046,-5.45980886721274,0.848528137423857,0,1178.39501953125
49111.0,2.0,93,48,5,19.96335328024963,-5.312152609063402,0.682842712474619,0,1178.39501953125
49111.0,2.0,93,49,5,24.878227511143724,-5.3533792947207814,0.8513997106635237,0,1178.39501953125
49111.0,2.0,93,50,4,29.821417370748886,-5.380973361941354,0.682842712474619,0,1178.39501953125
49111.0,2.0,93,51,5,25.687225922960707,-5.218574383887301,0.613407053921902,0,1178.39501953125
49111.0,2.0,93,52,1,44.89396606064488,-4.5261922511238435,0.613407053921902,0,1178.39501953125
49111.0,2.0,93,53,2,42.00667586388309,-4.571750828411175,0.8513997106635237,0,1178.39501953125
49111.0,2.0,93,54,4,39.295929652181066,-4.468294769304343,0.682842712474619,0,1178.39501953125
49111.0,2.0,93,55,1,45.11043722950946,-4.661833030343215,0.682842712474619,0,1178.39501953125
49111.0,2.0,93,56,4,38.521369408353394,-4.556988357908967,0.848528137423857,0,1178.39501953125
49111.0,2.0,93,57,2,41.58469226769629,-4.655762802270864,0.848528137423857,0,1178.39501953125
49111.0,2.0,93,58,5,33.22209316288468,-4.451723014101837,0.613407053921902,0,1178.39501953125
49111.0,2.0,93,59,5,35.04612653427353,-4.539293616394499,0.8513997106635237,0,1178.39501953125
49111.0,2.0,93,60,2,38.06076345740435,-4.648568219235138,0.848528137423857,0,1178.39501953125
49111.0,2.0,93,61,2,41.46097496278472,-4.740883185389047,0.8513997106635237,0,1178.39501953125
49111.0,2.0,93,62,1,44.023129781940575,-4.7967013119212485,0.613407053921902,0,1178.39501953125
49111.0,2.0,93,63,4,34.53920669213428,-4.639906014435983,0.848528137423857,0,1178.39501953125
49111.0,2.0,93,64,4,37.92555245248443,-4.741590947741783,0.848528137423857,0,1178.39501953125
49111.0,2.0,93,65,5,31.020829822612097,-4.629277923131981,0.682842712474619,0,1178.39501953125
49111.0,2.0,93,66,5,34.39015284623834,-4.742444230320334,0.8513997106635237,0,1178.39501953125
49111.0,2.0,93,67,4,38.11919913497409,-4.834470663183849,0.682842712474619,0,1178.39501953125
49111.0,2.0,93,68,5,32.0355309190692,-4.820481317020967,0.613407053921902,0,1178.39501953125
49111.0,2.0,94,1,1,19.586824565329003,0.42524520117398434,0.613407053921902,0,1179.531005859375
49111.0,2.0,94,2,2,18.42093065882439,0.2512899094652972,0.8513997106635237,0,1179.531005859375
49111.0,2.0,94,3,4,13.634769375998744,0.3426003749953611,0.6466890965784271,0,1179.531005859375
49111.0,2.0,94,4,1,23.297090735492265,0.19789874992518183,0.682842712474619,0,1179.531005859375
49111.0,2.0,94,5,4,15.482785956759558,0.13477819616896775,0.848528137423857,0,1179.531005859375
49111.0,2.0,94,6,2,20.448481884564785,0.1019164145038586,0.848528137423857,0,1179.531005859375
49111.0,2.0,94,9,2,17.84730752884,-0.02351103241647927,0.848528137423857,0,1179.531005859375
49111.0,2.0,94,10,2,22.846228056936052,-0.018365988317683133,0.8513997106635237,0,1179.531005859375
49111.0,2.0,94,11,1,26.34571619276865,-0.015926221309364146,0.613407053921902,0,1179.531005859375
49111.0,2.0,94,13,4,20.55081777144517,-0.1425481501730649,0.848528137423857,0,1179.531005859375
49111.0,2.0,94,16,4,23.476495396913577,-0.2329521085054625,0.6466890965784271,0,1179.531005859375
49111.0,2.0,94,18,1,42.814521761379474,-1.1409440467448133,0.613407053921902,0,1179.531005859375
49111.0,2.0,94,19,2,39.65975647771171,-1.104158474329923,0.8513997106635237,0,1179.531005859375
49111.0,2.0,94,20,4,37.67588795862485,-1.2229599457746447,0.6466890965784271,0,1179.531005859375
49111.0,2.0,94,21,1,42.14641187897185,-0.9980088329038218,0.682842712474619,0,1179.531005859375
49111.0,2.0,94,22,4,36.319231253225034,-1.1346704462284334,0.848528137423857,0,1179.531005859375
49111.0,2.0,94,23,2,38.69767834413043,-1.017288751200342,0.848528137423857,0,1179.531005859375
49111.0,2.0,94,26,2,35.26613934327975,-1.0403307103225163,0.848528137423857,0,1179.531005859375
49111.0,2.0,94,27,2,38.04108745265002,-0.9267127411778976,0.8513997106635237,0,1179.531005859375
49111.0,2.0,94,28,1,40.240166001900974,-0.8571047345446268,0.613407053921902,0,1179.531005859375
49111.0,2.0,94,30,4,34.54438607840656,-0.9411283539660117,0.848528137423857,0,1179.531005859375
49111.0,2.0,94,33,4,34.174970883504706,-0.8387476382816428,0.6466890965784271,0,1179.531005859375
49111.0,2.0,94,35,1,14.597985962101633,2.554995228276808,0.613407053921902,0,1179.531005859375
49111.0,2.0,94,36,2,12.991850673940071,2.78128539130068,0.8513997106635237,0,1179.531005859375
49111.0,2.0,94,37,4,8.497760548197409,2.57232405948333,0.682842712474619,0,1179.531005859375
49111.0,2.0,94,38,1,17.75850313324335,2.8807147651012452,0.682842712474619,0,1179.531005859375
49111.0,2.0,94,39,4,9.879165398965387,2.929416622491928,0.848528137423857,0,1179.531005859375
49111.0,2.0,94,40,2,14.804531690653768,3.0005994132733216,0.848528137423857,0,1179.531005859375
49111.0,2.0,94,42,5,7.169911716769794,-3.083041054036485,0.765685424949238,1,1179.531005859375
49111.0,2.0,94,43,2,12.164862663660843,-3.107095494779228,0.848528137423857,0,1179.531005859375
49111.0,2.0,94,44,2,17.162754243570184,-3.117143677279441,0.8513997106635237,0,1179.531005859375
49111.0,2.0,94,45,1,20.66188539182245,-3.1212847871143707,0.613407053921902,0,1179.531005859375
49111.0,2.0,94,46,4,10.089281870970174,-2.848020469495722,0.848528137423857,0,1179.531005859375
49111.0,2.0,94,47,4,14.945563163405525,-2.944981464688044,0.848528137423857,0,1179.531005859375
49111.0,2.0,94,48,5,8.977935938624492,-2.4935157555490104,0.682842712474619,0,1179.531005859375
49111.0,2.0,94,49,5,13.310882138968177,-2.7222574677058526,0.8513997106635237,0,1179.531005859375
49111.0,2.0,94,50,4,17.993216302733618,-2.8356410380836086,0.682842712474619,0,1179.531005859375
49111.0,2.0,94,51,5,15.078679421678238,-2.5086310581302307,0.613407053921902,0,1179.531005859375
49111.0,2.0,94,52,1,40.774266041859995,-1.8735702217267678,0.613407053921902,0,1179.531005859375
49111.0,2.0,94,53,2,37.448014386187914,-1.9014415757797325,0.8513997106635237,0,1179.531005859375
49111.0,2.0,94,54,4,36.135543885054226,-1.770192122129868,0.682842712474619,0,1179.531005859375
49111.0,2.0,94,55,1,39.356448405154566,-2.0218950417261485,0.682842712474619,0,1179.531005859375
49111.0,2.0,94,56,4,34.30696440699063,-1.8561598080887387,0.848528137423857,0,1179.531005859375
49111.0,2.0,94,57,2,36.03531679369531,-1.989697861886903,0.848528137423857,0,1179.531005859375
49111.0,2.0,94,58,5,30.638675843732017,-1.6904610571152914,0.613407053921902,0,1179.531005859375
49111.0,2.0,94,59,5,31.250309313299724,-1.8018894574078834,0.8513997106635237,0,1179.531005859375
49111.0,2.0,94,60,2,32.75909158960859,-1.9510135239241888,0.848528137423857,0,1179.531005859375
49111.0,2.0,94,61,2,34.92469515079296,-2.0843491506527605,0.8513997106635237,0,1179.531005859375
49111.0,2.0,94,62,1,36.77074524802891,-2.1673504385480733,0.613407053921902,0,1179.531005859375
49111.0,2.0,94,63,4,29.542716651160394,-1.903821785934,0.848528137423857,0,1179.531005859375
49111.0,2.0,94,64,4,31.533289659187265,-2.054239137020977,0.848528137423857,0,1179.531005859375
49111.0,2.0,94,65,5,26.40806945774596,-1.8452689217941218,0.682842712474619,0,1179.531005859375
49111.0,2.0,94,66,5,28.177338094372786,-2.0169159412214226,0.8513997106635237,0,1179.531005859375
49111.0,2.0,94,67,4,30.668202289734047,-2.1645301893443385,0.682842712474619,0,1179.531005859375
49111.0,2.0,94,68,5,25.065422244605237,-2.0772003329201576,0.613407053921902,0,1179.531005859375
49111.0,2.0,95,1,1,23.22216277951668,0.3727934727056249,0.613407053921902,0,1179.7979736328125
49111.0,2.0,95,2,2,22.188133392581832,0.2253526161449788,0.8513997106635237,0,1179.7979736328125
49111.0,2.0,95,3,4,17.350565285287935,0.2897899360175301,0.6466890965784271,0,1179.7979736328125
49111.0,2.0,95,4,1,27.084763450600253,0.1840907652042748,0.682842712474619,0,1179.7979736328125
49111.0,2.0,95,5,4,19.28439755540484,0.12780509521123662,0.848528137423857,0,1179.7979736328125
49111.0,2.0,95,6,2,24.251992429548352,0.10152434287388942,0.848528137423857,0,1179.7979736328125
49111.0,2.0,95,9,2,21.627155671302912,-0.0019447737616767684,0.848528137423857,0,1179.7979736328125
49111.0,2.0,95,10,2,26.627147991452933,-0.001579587715536074,0.8513997106635237,0,1179.7979736328125
49111.0,2.0,95,11,1,30.127144132298906,-0.0013960802874147854,0.613407053921902,0,1179.7979736328125
49111.0,2.0,95,13,4,24.260662311376315,-0.10497382889462582,0.848528137423857,0,1179.7979736328125
49111.0,2.0,95,16,4,27.100287990028825,-0.18714234018789977,0.6466890965784271,0,1179.7979736328125
49111.0,2.0,95,18,1,44.19527660967581,-1.0594480161512465,0.613407053921902,0,1179.7979736328125
49111.0,2.0,95,19,2,41.17861162444798,-1.0178431267507795,0.8513997106635237,0,1179.7979736328125
49111.0,2.0,95,20,4,38.78668466869985,-1.1277640058177703,0.6466890965784271,0,1179.7979736328125
49111.0,2.0,95,21,1,44.01078507644562,-0.9210136282316806,0.682842712474619,0,1179.7979736328125
49111.0,2.0,95,22,4,37.746949306682474,-1.0394210206649774,0.848528137423857,0,1179.7979736328125
49111.0,2.0,95,23,2,40.5105335646079,-0.9328134187170529,0.848528137423857,0,1179.7979736328125
49111.0,2.0,95,26,2,37.016988752913946,-0.946842734576389,0.848528137423857,0,1179.7979736328125
49111.0,2.0,95,27,2,40.14384889446108,-0.8455864483918497,0.8513997106635237,0,1179.7979736328125
49111.0,2.0,95,28,1,42.54607393721423,-0.783984568841243,0.613407053921902,0,1179.7979736328125
49111.0,2.0,95,30,4,36.615334638720135,-0.8513946831722102,0.848528137423857,0,1179.7979736328125
49111.0,2.0,95,33,4,36.55281117886228,-0.754730788796357,0.6466890965784271,0,1179.7979736328125
49111.0,2.0,95,35,1,11.901342688561318,2.3511410154681665,0.613407053921902,0,1179.7979736328125
49111.0,2.0,95,36,2,9.730692528243157,2.6069708560745153,0.8513997106635237,0,1179.7979736328125
49111.0,2.0,95,37,4,5.996459355917749,2.168177902167755,0.6466890965784271,0,1179.7979736328125
49111.0,2.0,95,38,1,14.262371098496944,2.7865569605286113,0.682842712474619,0,1179.7979736328125
49111.0,2.0,95,39,4,6.366494359934098,2.74522047855946,0.848528137423857,0,1179.7979736328125
49111.0,2.0,95,40,2,11.147246418156655,2.9192681464235637,0.848528137423857,0,1179.7979736328125
49111.0,2.0,95,43,2,8.37299086724522,-3.136569349978119,0.848528137423857,0,1179.7979736328125
49111.0,2.0,95,44,2,13.372951369649318,-3.1384475013674775,0.8513997106635237,0,1179.7979736328125
49111.0,2.0,95,45,1,16.87293764954488,-3.1390999079394155,0.613407053921902,0,1179.7979736328125
49111.0,2.0,95,46,4,6.399441336463467,-2.7330944677645808,0.848528137423857,0,1179.7979736328125
49111.0,2.0,95,47,4,11.166096081033471,-2.9119199972449943,0.848528137423857,0,1179.7979736328125
49111.0,2.0,95,48,5,6.066195082150162,-2.1603779324853405,0.6466890965784271,1,1179.7979736328125
49111.0,2.0,95,49,5,9.773820903144097,-2.599565103537248,0.8513997106635237,0,1179.7979736328125
49111.0,2.0,95,50,4,14.291830789607404,-2.7810381442257817,0.682842712474619,0,1179.7979736328125
49111.0,2.0,95,51,5,11.961270598701953,-2.3461933326705045,0.613407053921902,0,1179.7979736328125
49111.0,2.0,95,52,1,39.44103939094354,-1.7847127308406328,0.613407053921902,0,1179.7979736328125
49111.0,2.0,95,53,2,36.02847719442669,-1.8053370544268799,0.8513997106635237,0,1179.7979736328125
49111.0,2.0,95,54,4,35.204009951670145,-1.6667532048918496,0.682842712474619,0,1179.7979736328125
49111.0,2.0,95,55,1,37.507066283853206,-1.9353615097373609,0.682842712474619,0,1179.7979736328125
49111.0,2.0,95,56,4,33.067755341441384,-1.7493450631968177,0.848528137423857,0,1179.7979736328125
49111.0,2.0,95,57,2,34.31042546506031,-1.8932528390775718,0.848528137423857,0,1179.7979736328125
49111.0,2.0,95,58,5,30.042328822897577,-1.5665651251181723,0.613407053921902,0,1179.7979736328125
49111.0,2.0,95,59,5,30.23080742708547,-1.6826002342724624,0.8513997106635237,0,1179.7979736328125
49111.0,2.0,95,60,2,31.187025667183455,-1.8426041725996947,0.848528137423857,0,1179.7979736328125
49111.0,2.0,95,61,2,32.88402989655607,-1.9896002944509237,0.8513997106635237,0,1179.7979736328125
49111.0,2.0,95,62,1,34.456053442436165,-2.0825338400165165,0.613407053921902,0,1179.7979736328125
49111.0,2.0,95,63,4,28.161247208489552,-1.7808832640972743,0.848528137423857,0,1179.7979736328125
49111.0,2.0,95,64,4,29.610550427334076,-1.9467893054893253,0.848528137423857,0,1179.7979736328125
49111.0,2.0,95,65,5,25.26818392187617,-1.704679421270298,0.682842712474619,0,1179.7979736328125
49111.0,2.0,95,66,5,26.404733874474008,-1.8934642059761955,0.8513997106635237,0,1179.7979736328125
49111.0,2.0,95,67,4,28.389061683222796,-2.061285753665865,0.682842712474619,0,1179.7979736328125
49111.0,2.0,95,68,5,23.112021800205188,-1.9415028233911498,0.613407053921902,0,1179.7979736328125
49111.0,2.0,96,1,1,24.38533502224242,0.38475374998479384,0.613407053921902,0,1180.0679931640625
49111.0,2.0,96,2,2,23.29863892486666,0.2450591761121491,0.8513997106635237,0,1180.0679931640625
49111.0,2.0,96,3,4,18.48786434139576,0.31072066950868166,0.6466890965784271,0,1180.0679931640625
49111.0,2.0,96,4,1,28.175379741837922,0.20199165542101535,0.682842712474619,0,1180.0679931640625
49111.0,2.0,96,5,4,20.3482432404991,0.15555741548515983,0.848528137423857,0,1180.0679931640625
49111.0,2.0,96,6,2,25.29973222822677,0.12493356823259136,0.848528137423857,0,1180.0679931640625
49111.0,2.0,96,9,2,22.611963162078208,0.02886349957453743,0.848528137423857,0,1180.0679931640625
49111.0,2.0,96,10,2,27.61025762083072,0.023637249278339947,0.8513997106635237,0,1180.0679931640625
49111.0,2.0,96,11,1,31.10938989084264,0.02097815610360403,0.613407053921902,0,1180.0679931640625
49111.0,2.0,96,13,4,25.170434106543464,-0.07346289576132688,0.848528137423857,0,1180.0679931640625
49111.0,2.0,96,16,4,27.942809954986828,-0.15621775868682414,0.6466890965784271,0,1180.0679931640625
49111.0,2.0,96,18,1,44.08291058551581,-1.032437035660865,0.613407053921902,0,1180.0679931640625
49111.0,2.0,96,19,2,41.11716179512239,-0.988778419305396,0.8513997106635237,0,1180.0679931640625
49111.0,2.0,96,20,4,38.59527880765747,-1.0972106309933685,0.682842712474619,0,1180.0679931640625
49111.0,2.0,96,21,1,44.0641173964909,-0.8938473112471987,0.682842712474619,0,1180.0679931640625
49111.0,2.0,96,22,4,37.66126815466532,-1.0077409699054516,0.848528137423857,0,1180.0679931640625
49111.0,2.0,96,23,2,40.55115987074929,-0.9032842834645202,0.848528137423857,0,1180.0679931640625
49111.0,2.0,96,24,5,32.55999739645448,-1.1228394818621965,0.6034068236642477,0,1180.0679931640625
49111.0,2.0,96,25,5,34.22164876140458,-1.030524997595489,0.7685569981889047,0,1180.0679931640625
49111.0,2.0,96,26,2,37.04249845507728,-0.9145101572799562,0.848528137423857,0,1180.0679931640625
49111.0,2.0,96,27,2,40.288610544915315,-0.8160274964536071,0.8513997106635237,0,1180.0679931640625
49111.0,2.0,96,28,1,42.76259993419112,-0.7563721525982765,0.613407053921902,0,1180.0679931640625
49111.0,2.0,96,30,4,36.754894430146265,-0.8189733427767549,0.848528137423857,0,1180.0679931640625
49111.0,2.0,96,33,4,36.80622009046829,-0.7228213365929367,0.6466890965784271,0,1180.0679931640625
49111.0,2.0,96,35,1,11.768257180833906,2.250540327967096,0.613407053921902,0,1180.0679931640625
49111.0,2.0,96,36,2,9.309881238692462,2.489113577398867,0.8513997106635237,0,1180.0679931640625
49111.0,2.0,96,37,4,6.139978544263561,1.9719344635730436,0.6466890965784271,0,1180.0679931640625
49111.0,2.0,96,38,1,13.62528681654441,2.713805070064241,0.682842712474619,0,1180.0679931640625
49111.0,2.0,96,39,4,5.824411021487275,2.5696477736842156,0.848528137423857,0,1180.0679931640625
49111.0,2.0,96,40,2,10.387411414869609,2.8332298445175756,0.848528137423857,0,1180.0679931640625
49111.0,2.0,96,43,2,7.426182799421786,3.053604980284339,0.848528137423857,0,1180.0679931640625
49111.0,2.0,96,44,2,12.414618122397846,3.0890037900926735,0.8513997106635237,0,1180.0679931640625
49111.0,2.0,96,45,1,15.910843146519538,3.1005669921598376,0.613407053921902,0,1180.0679931640625
49111.0,2.0,96,46,4,5.234316195941219,-2.780874927984108,0.765685424949238,1,1180.0679931640625
49111.0,2.0,96,47,4,10.068397002186275,-2.9570591066928116,0.848528137423857,0,1180.0679931640625
49111.0,2.0,96,49,5,8.580355077868171,-2.610271811733837,0.8513997106635237,0,1180.0679931640625
49111.0,2.0,96,50,4,13.137619472980603,-2.804320027648584,0.682842712474619,0,1180.0679931640625
49111.0,2.0,96,51,5,10.784456632886387,-2.3266865999757216,0.6034068236642477,0,1180.0679931640625
49111.0,2.0,96,52,1,38.56358798942116,-1.7638175362621413,0.613407053921902,0,1180.0679931640625
49111.0,2.0,96,53,2,35.13500116711993,-1.7829274803354505,0.8513997106635237,0,1180.0679931640625
49111.0,2.0,96,54,4,34.43099991082132,-1.6404834337356886,0.682842712474619,0,1180.0679931640625
49111.0,2.0,96,55,1,36.51633688047118,-1.9171862257611716,0.682842712474619,0,1180.0679931640625
49111.0,2.0,96,56,4,32.22179200153699,-1.7233797233850896,0.848528137423857,0,1180.0679931640625
49111.0,2.0,96,57,2,33.349939009612214,-1.872110900907378,0.848528137423857,0,1180.0679931640625
49111.0,2.0,96,58,5,29.368133513366644,-1.533245287349189,0.613407053921902,0,1180.0679931640625
49111.0,2.0,96,59,5,29.445194048725636,-1.652307492279612,0.8513997106635237,0,1180.0679931640625
49111.0,2.0,96,60,2,30.265392855894813,-1.81771741970736,0.848528137423857,0,1180.0679931640625
49111.0,2.0,96,61,2,31.858571168151745,-1.9704945176801187,0.8513997106635237,0,1180.0679931640625
49111.0,2.0,96,62,1,33.376649672853155,-2.0672435939900415,0.613407053921902,0,1180.0679931640625
49111.0,2.0,96,63,4,27.29046678784449,-1.7512304140309272,0.848528137423857,0,1180.0679931640625
49111.0,2.0,96,64,4,28.613705276545087,-1.9239932056874813,0.848528137423857,0,1180.0679931640625
49111.0,2.0,96,65,5,24.465182408378595,-1.6689484253208493,0.682842712474619,0,1180.0679931640625
49111.0,2.0,96,66,5,25.446408438712496,-1.8657622466274852,0.8513997106635237,0,1180.0679931640625
49111.0,2.0,96,67,4,27.32204704234878,-2.041768460893797,0.682842712474619,0,1180.0679931640625
49111.0,2.0,96,68,5,22.120978523236026,-1.9117744270671522,0.613407053921902,0,1180.0679931640625
49111.0,2.0,97,1,1,26.841338185983208,0.4225750183140721,0.613407053921902,0,1180.1669921875
49111.0,2.0,97,2,2,25.60570380190434,0.29758519554073604,0.8513997106635237,0,1180.1669921875
49111.0,2.0,97,3,4,20.877006982656674,0.3678668032445008,0.6466890965784271,0,1180.1669921875
49111.0,2.0,97,4,1,30.42128718229755,0.24937454464274217,0.682842712474619,0,1180.1669921875
49111.0,2.0,97,5,4,22.543539983739812,0.2240127569027399,0.848528137423857,0,1180.1669921875
49111.0,2.0,97,6,2,27.44109767548373,0.183525200551805,0.848528137423857,0,1180.1669921875
49111.0,2.0,97,9,2,24.608392256363594,0.10209002876584454,0.848528137423857,0,1180.1669921875
49111.0,2.0,97,10,2,29.58674730483259,0.08486646878934107,0.8513997106635237,0,1180.1669921875
49111.0,2.0,97,11,1,33.07548138313172,0.07589667663026976,0.613407053921902,0,1180.1669921875
49111.0,2.0,97,13,4,26.98026582314629,0.00029316890150099203,0.848528137423857,0,1180.1669921875
49111.0,2.0,97,16,4,29.585410565550983,-0.08433368538429598,0.6466890965784271,0,1180.1669921875
49111.0,2.0,97,18,1,43.52831166936038,-0.9735124602468348,0.613407053921902,0,1180.1669921875
49111.0,2.0,97,19,2,40.681928238573406,-0.9251085550146645,0.8513997106635237,0,1180.1669921875
49111.0,2.0,97,20,4,37.88425317426059,-1.0307161064331343,0.682842712474619,0,1180.1669921875
49111.0,2.0,97,21,1,43.87279261507523,-0.8339594565702091,0.682842712474619,0,1180.1669921875
49111.0,2.0,97,22,4,37.184102930739854,-0.9383496940695748,0.848528137423857,0,1180.1669921875
49111.0,2.0,97,23,2,40.34179169795039,-0.8382136836889652,0.848528137423857,0,1180.1669921875
49111.0,2.0,97,24,5,31.799117655579728,-1.0442644453131051,0.6034068236642477,0,1180.1669921875
49111.0,2.0,97,25,5,33.69414988272113,-0.9543371066439837,0.7685569981889047,0,1180.1669921875
49111.0,2.0,97,26,2,36.811660964377026,-0.8432839537048272,0.848528137423857,0,1180.1669921875
49111.0,2.0,97,27,2,40.31006114598689,-0.7505151406292739,0.8513997106635237,0,1180.1669921875
49111.0,2.0,97,28,1,42.936148898557214,-0.6948910099027868,0.613407053921902,0,1180.1669921875
49111.0,2.0,97,30,4,36.77688479396565,-0.7471623463101764,0.848528137423857,0,1180.1669921875
49111.0,2.0,97,33,4,37.08072447163087,-0.6517403447566733,0.6466890965784271,0,1180.1669921875
49111.0,2.0,97,35,1,12.314282593498612,2.0355901223947015,0.613407053921902,0,1180.1669921875
49111.0,2.0,97,36,2,9.318593636868227,2.2047510436671325,0.8513997106635237,0,1180.1669921875
49111.0,2.0,97,37,4,7.525877623642566,1.6399111033288858,0.6466890965784271,0,1180.1669921875
49111.0,2.0,97,38,1,12.924145648054193,2.5217327084711507,0.682842712474619,0,1180.1669921875
49111.0,2.0,97,39,4,5.8479023430338755,2.1134137734933147,0.848528137423857,0,1180.1669921875
49111.0,2.0,97,40,2,9.45490958056703,2.583390193635419,0.848528137423857,0,1180.1669921875
49111.0,2.0,97,43,2,6.062762540400069,2.7151244519513535,0.848528137423857,0,1180.1669921875
49111.0,2.0,97,44,2,10.81454774756279,2.9075606424176628,0.8513997106635237,0,1180.1669921875
49111.0,2.0,97,45,1,14.242281781317256,2.9645806639929346,0.613407053921902,0,1180.1669921875
49111.0,2.0,97,47,4,8.019739236963725,3.1406063651546026,0.848528137423857,0,1180.1669921875
49111.0,2.0,97,49,5,6.056235784171186,-2.7175026030447254,0.7685569981889047,1,1180.1669921875
49111.0,2.0,97,50,4,10.810890122303192,-2.908984049944139,0.682842712474619,0,1180.1669921875
49111.0,2.0,97,51,5,8.14693951432154,-2.3151853502872792,0.6034068236642477,0,1180.1669921875
49111.0,2.0,97,52,1,36.41288284334539,-1.7229703917823715,0.613407053921902,0,1180.1669921875
49111.0,2.0,97,53,2,32.9576001157041,-1.7390692254991595,0.8513997106635237,0,1180.1669921875
49111.0,2.0,97,54,4,32.49624673748681,-1.5867907122689453,0.682842712474619,0,1180.1669921875
49111.0,2.0,97,55,1,34.15260983804453,-1.8839089597658798,0.682842712474619,0,1180.1669921875
49111.0,2.0,97,56,4,30.14372700213167,-1.6711425480270479,0.848528137423857,0,1180.1669921875
49111.0,2.0,97,57,2,31.045798925814086,-1.8320785859437207,0.848528137423857,0,1180.1669921875
49111.0,2.0,97,58,5,27.653155379039458,-1.4628135560205857,0.613407053921902,0,1180.1669921875
49111.0,2.0,97,59,5,27.49700255975958,-1.5896989794601806,0.8513997106635237,0,1180.1669921875
49111.0,2.0,97,60,2,28.04072936167071,-1.7689373496294893,0.848528137423857,0,1180.1669921875
49111.0,2.0,97,61,2,29.436029903801547,-1.9362533357641567,0.8513997106635237,0,1180.1669921875
49111.0,2.0,97,62,1,30.86046020155281,-2.04237636919557,0.613407053921902,0,1180.1669921875
49111.0,2.0,97,63,4,25.173862940098104,-1.6910410661234094,0.848528137423857,0,1180.1669921875
49111.0,2.0,97,64,4,26.2472994551798,-1.881307244765334,0.848528137423857,0,1180.1669921875
49111.0,2.0,97,65,5,22.498094308612618,-1.593899686935689,0.682842712474619,0,1180.1669921875
49111.0,2.0,97,66,5,23.15948187853659,-1.8114483113281683,0.8513997106635237,0,1180.1669921875
49111.0,2.0,97,67,4,24.830605192892534,-2.0082784299426977,0.682842712474619,0,1180.1669921875
49111.0,2.0,97,68,5,19.77794148301907,-1.8536378928341046,0.613407053921902,0,1180.1669921875
49111.0,2.0,98,1,1,28.19222488663754,2.7969010317561227,0.613407053921902,0,1180.43994140625
49111.0,2.0,98,2,2,26.88621510305339,2.67888739083169,0.8513997106635237,0,1180.43994140625
49111.0,2.0,98,3,4,22.200981146441553,2.7503683779132664,0.6466890965784271,0,1180.43994140625
49111.0,2.0,98,4,1,31.667863225526588,2.628796855582847,0.682842712474619,0,1180.43994140625
49111.0,2.0,98,5,4,23.774889319428834,2.6124590335247087,0.848528137423857,0,1180.43994140625
49111.0,2.0,98,6,2,28.63966411908656,2.568193607337827,0.848528137423857,0,1180.43994140625
49111.0,2.0,98,9,2,25.741156936655532,2.493613431065192,0.848528137423857,0,1180.43994140625
49111.0,2.0,98,10,2,30.701663784566012,2.471302605604562,0.8513997106635237,0,1180.43994140625
49111.0,2.0,98,11,1,34.180866844371195,2.45954191974769,0.613407053921902,0,1180.43994140625
49111.0,2.0,98,13,4,28.01729749144209,2.3928302637312013,0.848528137423857,0,1180.43994140625
49111.0,2.0,98,16,4,30.53409171746239,2.307908749875633,0.6466890965784271,0,1180.43994140625
49111.0,2.0,98,18,1,43.282148329716165,1.415373314868046,0.613407053921902,0,1180.43994140625
49111.0,2.0,98,19,2,40.50650991540299,1.466298987633831,0.8513997106635237,0,1180.43994140625
49111.0,2.0,98,20,4,37.56051579549511,1.3626795850730915,0.682842712474619,0,1180.43994140625
49111.0,2.0,98,21,1,43.82650276065435,1.5550613395763666,0.682842712474619,0,1180.43994140625
49111.0,2.0,98,22,4,36.992101146598884,1.456329394218769,0.848528137423857,0,1180.43994140625
49111.0,2.0,98,23,2,40.29144507141939,1.5536804613228756,0.848528137423857,0,1180.43994140625
49111.0,2.0,98,24,5,31.461313543170167,1.3561922844499994,0.6034068236642477,0,1180.43994140625
49111.0,2.0,98,25,5,33.48214074628091,1.4442681422478851,0.8513997106635237,0,1180.43994140625
49111.0,2.0,98,26,2,36.75647898883634,1.5520339741085358,0.848528137423857,0,1180.43994140625
49111.0,2.0,98,27,2,40.38593500663035,1.6413234872700442,0.8513997106635237,0,1180.43994140625
49111.0,2.0,98,28,1,43.090175741714866,1.6945934409923438,0.613407053921902,0,1180.43994140625
49111.0,2.0,98,29,4,33.221633755285566,1.5500371017162689,0.765685424949238,0,1180.43994140625
49111.0,2.0,98,30,4,36.86003185122515,1.6480825194707225,0.848528137423857,0,1180.43994140625
49111.0,2.0,98,33,4,37.299934966295815,1.7427274231723828,0.6466890965784271,0,1180.43994140625
49111.0,2.0,98,35,1,12.841010545931638,4.285158438171443,0.613407053921902,0,1180.43994140625
49111.0,2.0,98,36,2,9.64150249440608,4.412761353868472,0.8513997106635237,0,1180.43994140625
49111.0,2.0,98,37,4,8.540700735457342,3.8685924058415613,0.6466890965784271,0,1180.43994140625
49111.0,2.0,98,38,1,12.766110278649316,4.766442205729671,0.682842712474619,0,1180.43994140625
49111.0,2.0,98,39,4,6.349832173851262,4.247666028568753,0.848528137423857,0,1180.43994140625
49111.0,2.0,98,40,2,9.23771454057083,4.787120405818387,0.848528137423857,0,1180.43994140625
49111.0,2.0,98,43,2,5.718143773945502,4.833298889361021,0.848528137423857,0,1180.43994140625
49111.0,2.0,98,44,2,10.134701254428213,5.142430018387532,0.8513997106635237,0,1180.43994140625
49111.0,2.0,98,45,1,13.471179251439228,5.232949969161514,0.613407053921902,0,1180.43994140625
49111.0,2.0,98,47,4,7.076296192426288,5.352265477272379,0.848528137423857,0,1180.43994140625
49111.0,2.0,98,50,4,9.615132208471282,-0.6315036664031695,0.6466890965784271,0,1180.43994140625
49111.0,2.0,98,51,5,6.7084114809913,0.04981247510251352,0.43533959677349143,1,1180.43994140625
49111.0,2.0,98,52,1,35.26236480750453,0.6573938590340125,0.613407053921902,0,1180.43994140625
49111.0,2.0,98,53,2,31.794140235405376,0.6433404694044629,0.8513997106635237,0,1180.43994140625
49111.0,2.0,98,54,4,31.4778072935779,0.8012377169622749,0.682842712474619,0,1180.43994140625
49111.0,2.0,98,55,1,32.876775307283715,0.49221484434784224,0.682842712474619,0,1180.43994140625
49111.0,2.0,98,56,4,29.04290883718757,0.7164305601425236,0.848528137423857,0,1180.43994140625
49111.0,2.0,98,57,2,29.807810302371845,0.548297052206997,0.848528137423857,0,1180.43994140625
49111.0,2.0,98,58,5,26.77411535856703,0.9353032789317002,0.613407053921902,0,1180.43994140625
49111.0,2.0,98,59,5,26.47855271992321,0.8042281699922604,0.8513997106635237,0,1180.43994140625
49111.0,2.0,98,60,2,26.85384060872392,0.6169756929497041,0.848528137423857,0,1180.43994140625
49111.0,2.0,98,61,2,28.127277805286223,0.4408179956738989,0.8513997106635237,0,1180.43994140625
49111.0,2.0,98,62,1,29.49413937791108,0.32889250313891605,0.613407053921902,0,1180.43994140625
49111.0,2.0,98,63,4,24.057264097467836,0.7021068959734529,0.848528137423857,0,1180.43994140625
49111.0,2.0,98,64,4,24.975326967875954,0.5012556741749556,0.848528137423857,0,1180.43994140625
49111.0,2.0,98,65,5,21.47964516168458,0.8086106011033314,0.682842712474619,0,1180.43994140625
49111.0,2.0,98,66,5,21.940605223395206,0.578765613082957,0.8513997106635237,0,1180.43994140625
49111.0,2.0,98,67,4,23.482017776713185,0.3688276494056346,0.682842712474619,0,1180.43994140625
49111.0,2.0,98,68,5,18.528981058330373,0.5400011347279114,0.613407053921902,0,1180.43994140625
49111.0,2.0,99,1,1,31.603883275492944,2.835399325977729,0.613407053921902,0,1180.5860595703125
49111.0,2.0,99,2,2,30.15051238748598,2.7322075389959823,0.8513997106635237,0,1180.5860595703125
49111.0,2.0,99,3,4,25.56584830241624,2.8040869048684933,0.6466890965784271,0,1180.5860595703125
49111.0,2.0,99,4,1,34.84959390055688,2.679497443002742,0.682842712474619,0,1180.5860595703125
49111.0,2.0,99,5,4,26.943912071349203,2.6799529367158,0.848528137423857,0,1180.5860595703125
49111.0,2.0,99,6,2,31.724047590343567,2.6297913940910314,0.848528137423857,0,1180.5860595703125
49111.0,2.0,99,9,2,28.693835505122617,2.569409957248648,0.848528137423857,0,1180.5860595703125
49111.0,2.0,99,10,2,33.59727658309259,2.5379135601476923,0.8513997106635237,0,1180.5860595703125
49111.0,2.0,99,11,1,37.045047607809494,2.52083832625538,0.613407053921902,0,1180.5860595703125
49111.0,2.0,99,13,4,30.752203080128638,2.47260239423242,0.848528137423857,0,1180.5860595703125
49111.0,2.0,99,16,4,33.06145478601798,2.388616170134445,0.6466890965784271,0,1180.5860595703125
49111.0,2.0,99,18,1,42.872645667157364,1.4984237100817985,0.613407053921902,0,1180.5860595703125
49111.0,2.0,99,19,2,40.290393239141565,1.5552777644443583,0.8513997106635237,0,1180.5860595703125
49111.0,2.0,99,20,4,36.984794031586524,1.458058518509186,0.682842712474619,0,1180.5860595703125
49111.0,2.0,99,21,1,43.91761133270399,1.6371124173211857,0.682842712474619,0,1180.5860595703125
49111.0,2.0,99,22,4,36.755325996081524,1.5537850767843269,0.848528137423857,0,1180.5860595703125
49111.0,2.0,99,23,2,40.390528430363624,1.6429130912171965,0.848528137423857,0,1180.5860595703125
49111.0,2.0,99,24,5,30.895527707545924,1.4702858736809548,0.613407053921902,0,1180.5860595703125
49111.0,2.0,99,25,5,33.22035807741675,1.5519747114901468,0.8513997106635237,0,1180.5860595703125
49111.0,2.0,99,26,2,36.86506460861793,1.6498234911650322,0.848528137423857,0,1180.5860595703125
49111.0,2.0,99,27,2,40.79796301781941,1.7294553944806252,0.8513997106635237,0,1180.5860595703125
49111.0,2.0,99,28,1,43.68102957654971,1.7764673334487462,0.613407053921902,0,1180.5860595703125
49111.0,2.0,99,29,4,33.34173346290106,1.6581948538737126,0.848528137423857,0,1180.5860595703125
49111.0,2.0,99,30,4,37.31101698047002,1.7444272439086794,0.848528137423857,0,1180.5860595703125
49111.0,2.0,99,31,5,29.821290918146023,1.6685435920265737,0.6466890965784271,0,1180.5860595703125
49111.0,2.0,99,33,4,38.08137323727009,1.8360007629593114,0.6466890965784271,0,1180.5860595703125
49111.0,2.0,99,35,1,14.702402907561257,4.060420433983448,0.613407053921902,0,1180.5860595703125
49111.0,2.0,99,36,2,11.243158381577155,4.101845837922719,0.8513997106635237,0,1180.5860595703125
49111.0,2.0,99,37,4,11.482569755895879,3.6586786208480424,0.6466890965784271,0,1180.5860595703125
49111.0,2.0,99,38,1,13.075466056223101,4.4879310544311535,0.682842712474619,0,1180.5860595703125
49111.0,2.0,99,39,4,8.588970175735076,3.863602039888125,0.848528137423857,0,1180.5860595703125
49111.0,2.0,99,40,2,9.660725173292143,4.406383901789457,0.848528137423857,0,1180.5860595703125
49111.0,2.0,99,43,2,6.378981827871787,4.238630236609779,0.848528137423857,0,1180.5860595703125
49111.0,2.0,99,44,2,9.233125762954405,4.780156137634648,0.8513997106635237,0,1180.5860595703125
49111.0,2.0,99,45,1,12.090990566966882,4.971682056290971,0.613407053921902,0,1180.5860595703125
49111.0,2.0,99,47,4,5.710727592957866,4.822091236064621,0.848528137423857,0,1180.5860595703125
49111.0,2.0,99,50,4,7.037997593181046,5.344916133694698,0.6466890965784271,0,1180.5860595703125
49111.0,2.0,99,52,1,32.48721224831257,0.7251558823894861,0.613407053921902,0,1180.5860595703125
49111.0,2.0,99,53,2,28.994327040473753,0.7178881734728111,0.8513997106635237,0,1180.5860595703125
49111.0,2.0,99,54,4,29.088000933988802,0.8902408335486849,0.682842712474619,0,1180.5860595703125
49111.0,2.0,99,55,1,29.75281839967705,0.5494239658435651,0.682842712474619,0,1180.5860595703125
49111.0,2.0,99,56,4,26.433879776705037,0.8059822853169585,0.848528137423857,0,1180.5860595703125
49111.0,2.0,99,57,2,26.801291055535167,0.618364867388884,0.848528137423857,0,1180.5860595703125
49111.0,2.0,99,58,5,24.807006228738967,1.052357451893147,0.613407053921902,0,1180.5860595703125
49111.0,2.0,99,59,5,24.12113180529976,0.9119352785732191,0.8513997106635237,0,1180.5860595703125
49111.0,2.0,99,60,2,24.00808617451332,0.7038385445480908,0.848528137423857,0,1180.5860595703125
49111.0,2.0,99,61,2,24.918816263158877,0.5024963500971489,0.8513997106635237,0,1180.5860595703125
49111.0,2.0,99,62,1,26.113001464653983,0.3734333710106914,0.613407053921902,0,1180.5860595703125
49111.0,2.0,99,63,4,21.435186056626748,0.8107834443479194,0.848528137423857,0,1180.5860595703125
49111.0,2.0,99,64,4,21.88667182274225,0.5803742419522413,0.848528137423857,0,1180.5860595703125
49111.0,2.0,99,65,5,19.171494485343437,0.9448545963525505,0.682842712474619,0,1180.5860595703125
49111.0,2.0,99,66,5,19.02906731807336,0.6824303880517921,0.8513997106635237,0,1180.5860595703125
49111.0,2.0,99,67,4,20.165926836869698,0.4332293559391063,0.682842712474619,0,1180.5860595703125
49111.0,2.0,99,68,5,15.551766583215066,0.6592958576140426,0.613407053921902,1,1180.5860595703125
49111.0,2.0,100,1,1,41.18244680328288,2.295637305524571,0.613407053921902,0,1181.801025390625
49111.0,2.0,100,2,2,38.9501150106476,2.228317938406856,0.8513997106635237,0,1181.801025390625
49111.0,2.0,100,3,4,35.125740689538084,2.315423659965149,0.6466890965784271,0,1181.801025390625
49111.0,2.0,100,4,1,43.016337125523364,2.1572202699944767,0.682842712474619,0,1181.801025390625
49111.0,2.0,100,5,4,35.44631672855441,2.2155974950341917,0.848528137423857,0,1181.801025390625
49111.0,2.0,100,6,2,39.55673356048246,2.1395523865403447,0.848528137423857,0,1181.801025390625
49111.0,2.0,100,9,2,36.11184127475806,2.1185059881157686,0.848528137423857,0,1181.801025390625
49111.0,2.0,100,10,2,40.46429142598847,2.054116711735893,0.8513997106635237,0,1181.801025390625
49111.0,2.0,100,11,1,43.59374428579319,2.0167970478828963,0.613407053921902,0,1181.801025390625
49111.0,2.0,100,13,4,37.103757099324106,2.025764371650594,0.848528137423857,0,1181.801025390625
49111.0,2.0,100,16,4,38.396777228277486,1.9385561546242156,0.6466890965784271,0,1181.801025390625
49111.0,2.0,100,18,1,36.58357502029132,1.0022991044682756,0.613407053921902,0,1181.801025390625
49111.0,2.0,100,19,2,34.82442284701689,1.0870966661681436,0.8513997106635237,0,1181.801025390625
49111.0,2.0,100,20,4,30.486827094235764,1.0107506306420775,0.682842712474619,0,1181.801025390625
49111.0,2.0,100,21,1,39.31964174533938,1.1462692666862888,0.682842712474619,0,1181.801025390625
49111.0,2.0,100,22,4,31.466120129363066,1.1204898005201884,0.848528137423857,0,1181.801025390625
49111.0,2.0,100,23,2,36.03346384056786,1.1809206472509,0.848528137423857,0,1181.801025390625
49111.0,2.0,100,24,5,24.97873786073629,1.1060504260353303,0.613407053921902,0,1181.801025390625
49111.0,2.0,100,25,5,28.15125228765469,1.1618027520143417,0.8513997106635237,0,1181.801025390625
49111.0,2.0,100,26,2,32.79918910151876,1.2224643310177266,0.848528137423857,0,1181.801025390625
49111.0,2.0,100,27,2,37.537722441181636,1.2679450012474924,0.8513997106635237,0,1181.801025390625
49111.0,2.0,100,28,1,40.89176281745498,1.2934749307304203,0.613407053921902,0,1181.801025390625
49111.0,2.0,100,29,4,29.633816748519976,1.272986648863286,0.848528137423857,0,1181.801025390625
49111.0,2.0,100,30,4,34.444983603405404,1.3155931142803068,0.848528137423857,0,1181.801025390625
49111.0,2.0,100,31,5,26.561991349530608,1.335386398107962,0.682842712474619,0,1181.801025390625
49111.0,2.0,100,32,5,31.445718067910974,1.3724812939608564,0.8513997106635237,0,1181.801025390625
49111.0,2.0,100,33,4,36.36106413680087,1.3995764550861662,0.682842712474619,0,1181.801025390625
49111.0,2.0,100,34,5,30.946981277163232,1.4835897114178793,0.613407053921902,0,1181.801025390625
49111.0,2.0,100,35,1,27.31723123929658,3.111226929458242,0.613407053921902,0,1181.801025390625
49111.0,2.0,100,36,2,23.819081787899634,3.1067656300852367,0.8513997106635237,0,1181.801025390625
49111.0,2.0,100,37,4,24.508008029471835,2.901434613567152,0.6466890965784271,0,1181.801025390625
49111.0,2.0,100,38,1,24.16722691714232,3.315034302482368,0.682842712474619,0,1181.801025390625
49111.0,2.0,100,39,4,21.563217938215445,2.9865716108324856,0.848528137423857,0,1181.801025390625
49111.0,2.0,100,40,2,21.37003901486781,3.219848304587969,0.848528137423857,0,1181.801025390625
49111.0,2.0,100,43,2,18.822918958793203,3.0975161401157383,0.848528137423857,0,1181.801025390625
49111.0,2.0,100,44,2,19.26158035508231,3.359846603996357,0.8513997106635237,0,1181.801025390625
49111.0,2.0,100,45,1,20.308934426195037,3.52890025976464,0.613407053921902,0,1181.801025390625
49111.0,2.0,100,47,4,16.390002696998465,3.243699190111356,0.848528137423857,0,1181.801025390625
49111.0,2.0,100,50,4,14.42089105034558,3.4349907935162536,0.6466890965784271,0,1181.801025390625
49111.0,2.0,100,52,1,19.71281712848926,0.04208555848631623,0.613407053921902,0,1181.801025390625
49111.0,2.0,100,53,2,16.216584859452016,0.051166262035109655,0.8513997106635237,0,1181.801025390625
49111.0,2.0,100,54,4,17.21253685131312,0.345503633464858,0.682842712474619,0,1181.801025390625
49111.0,2.0,100,55,1,16.723750301586197,-0.25204313088877317,0.682842712474619,0,1181.801025390625
49111.0,2.0,100,56,4,14.094244010428087,0.23847666280603708,0.848528137423857,0,1181.801025390625
49111.0,2.0,100,57,2,13.796880584809166,-0.12138465419985156,0.848528137423857,0,1181.801025390625
49111.0,2.0,100,58,5,14.57303894851621,0.6947336175493672,0.613407053921902,0,1181.801025390625
49111.0,2.0,100,59,5,12.622115668427687,0.48006697910824103,0.8513997106635237,0,1181.801025390625
49111.0,2.0,100,60,2,11.226041314424412,0.07394738413299717,0.848528137423857,0,1181.801025390625
49111.0,2.0,100,61,2,11.946974647966735,-0.35660435395688905,0.8513997106635237,0,1181.801025390625
49111.0,2.0,100,62,1,13.571092181226872,-0.6006969891744274,0.613407053921902,0,1181.801025390625
49111.0,2.0,100,63,4,9.310966293293273,0.3656712125960353,0.848528137423857,0,1181.801025390625
49111.0,2.0,100,64,4,8.85439399173312,-0.18981471397798377,0.848528137423857,0,1181.801025390625
49111.0,2.0,100,65,5,8.506713997574103,0.7549718052050258,0.682842712474619,0,1181.801025390625
49111.0,2.0,100,66,5,6.250630582790769,0.1330798838288887,0.765685424949238,1,1181.801025390625
49111.0,2.0,100,67,4,7.468372133772886,-0.5925011896160854,0.682842712474619,0,1181.801025390625
49111.0,2.0,101,1,1,42.978272308674754,2.3416375835962837,0.613407053921902,0,1182.10205078125
49111.0,2.0,101,2,2,40.61735392122549,2.279786231775167,0.8513997106635237,0,1182.10205078125
49111.0,2.0,101,3,4,36.965871276193226,2.36796376818264,0.6466890965784271,0,1182.10205078125
49111.0,2.0,101,4,1,44.53159821874907,2.206619231793262,0.682842712474619,0,1182.10205078125
49111.0,2.0,101,5,4,37.0931174214938,2.2725103918111818,0.848528137423857,0,1182.10205078125
49111.0,2.0,101,6,2,41.03892250533304,2.1937808541784296,0.848528137423857,0,1182.10205078125
49111.0,2.0,101,9,2,37.55426847751619,2.1785570227594198,0.848528137423857,0,1182.10205078125
49111.0,2.0,101,10,2,41.75663876840867,2.11012760716157,0.8513997106635237,0,1182.10205078125
49111.0,2.0,101,11,1,44.79589871275241,2.0699911029358726,0.613407053921902,0,1182.10205078125
49111.0,2.0,101,13,4,38.33727692100739,2.087661289712333,0.848528137423857,0,1182.10205078125
49111.0,2.0,101,16,4,39.422969479158276,2.001085203162237,0.6466890965784271,0,1182.10205078125
49111.0,2.0,101,18,1,35.23260023103295,1.0654859353191226,0.613407053921902,0,1182.10205078125
49111.0,2.0,101,19,2,33.677864690569244,1.1565493628190204,0.8513997106635237,0,1182.10205078125
49111.0,2.0,101,20,4,29.1702720207112,1.0875029218670682,0.682842712474619,0,1182.10205078125
49111.0,2.0,101,21,1,38.307863037114124,1.209108556197793,0.682842712474619,0,1182.10205078125
49111.0,2.0,101,22,4,30.410110971182778,1.1987286808764521,0.848528137423857,0,1182.10205078125
49111.0,2.0,101,23,2,35.115077240889775,1.2505162548280455,0.848528137423857,0,1182.10205078125
49111.0,2.0,101,24,5,23.912245151704365,1.20490504812186,0.613407053921902,0,1182.10205078125
49111.0,2.0,101,25,5,27.209394121204017,1.2509435036104268,0.8513997106635237,0,1182.10205078125
49111.0,2.0,101,26,2,31.994451531429878,1.300101014644704,0.848528137423857,0,1182.10205078125
49111.0,2.0,101,27,2,36.836649266064086,1.3364045662712642,0.8513997106635237,0,1182.10205078125
49111.0,2.0,101,28,1,40.24915389668238,1.356602139758638,0.613407053921902,0,1182.10205078125
49111.0,2.0,101,29,4,28.96931493771256,1.3602166238563946,0.848528137423857,0,1182.10205078125
49111.0,2.0,101,30,4,33.874990897628,1.3910741979152819,0.848528137423857,0,1182.10205078125
49111.0,2.0,101,31,5,26.07292632451787,1.4340078515224575,0.682842712474619,0,1182.10205078125
49111.0,2.0,101,32,5,31.033712112438963,1.4559796461254546,0.8513997106635237,0,1182.10205078125
49111.0,2.0,101,33,4,36.00534804486335,1.471889700832509,0.682842712474619,0,1182.10205078125
49111.0,2.0,101,34,5,30.829429747470975,1.569000505005814,0.613407053921902,0,1182.10205078125
49111.0,2.0,101,35,1,29.95611938343442,3.113902617357877,0.613407053921902,0,1182.10205078125
49111.0,2.0,101,36,2,26.457638546137634,3.11024004713214,0.8513997106635237,0,1182.10205078125
49111.0,2.0,101,37,4,27.07952063445865,2.9246254227912,0.6466890965784271,0,1182.10205078125
49111.0,2.0,101,38,1,26.771492993183326,3.2980156268000047,0.682842712474619,0,1182.10205078125
49111.0,2.0,101,39,4,24.174994483447296,3.003433552651651,0.848528137423857,0,1182.10205078125
49111.0,2.0,101,40,2,24.00284478808092,3.2112498861146164,0.848528137423857,0,1182.10205078125
49111.0,2.0,101,43,2,21.460668180588943,3.10293651198425,0.848528137423857,0,1182.10205078125
49111.0,2.0,101,44,2,21.846429420006803,3.333677949416612,0.8513997106635237,0,1182.10205078125
49111.0,2.0,101,45,1,22.775223778385495,3.4851054035311533,0.613407053921902,0,1182.10205078125
49111.0,2.0,101,47,4,19.0181544646156,3.229549453528066,0.848528137423857,0,1182.10205078125
49111.0,2.0,101,50,4,16.965262147182216,3.3899715442822798,0.6466890965784271,0,1182.10205078125
49111.0,2.0,101,52,1,17.0755180570242,0.048590413919479936,0.613407053921902,0,1182.10205078125
49111.0,2.0,101,53,2,13.580713088504119,0.06110845870129222,0.8513997106635237,0,1182.10205078125
49111.0,2.0,101,54,4,14.755662246956962,0.4061337611416038,0.682842712474619,0,1182.10205078125
49111.0,2.0,101,55,1,14.18245280754578,-0.2984813216902027,0.682842712474619,0,1182.10205078125
49111.0,2.0,101,56,4,11.545815151371148,0.292516243815101,0.848528137423857,0,1182.10205078125
49111.0,2.0,101,57,2,11.180878639696777,-0.149979226456191,0.848528137423857,0,1182.10205078125
49111.0,2.0,101,58,5,12.658261621360131,0.8286491709884477,0.613407053921902,0,1182.10205078125
49111.0,2.0,101,59,5,10.352580694058659,0.5981138017328164,0.8513997106635237,0,1182.10205078125
49111.0,2.0,101,60,2,8.595471288590996,0.09664070817475179,0.848528137423857,0,1182.10205078125
49111.0,2.0,101,61,2,9.517789991326152,-0.4535863584068647,0.8513997106635237,0,1182.10205078125
49111.0,2.0,101,62,1,11.49054681341082,-0.7309257255938237,0.613407053921902,0,1182.10205078125
49111.0,2.0,101,63,4,6.9102971130304285,0.5027075063679916,0.848528137423857,1,1182.10205078125
49111.0,2.0,101,64,4,6.281592619420076,-0.2691943007660129,0.848528137423857,0,1182.10205078125
49111.0,2.0,101,65,5,6.828051384379088,1.0231260403928757,0.6466890965784271,0,1182.10205078125
49111.0,2.0,101,67,4,5.480390953181476,-0.8648650853596465,0.6466890965784271,0,1182.10205078125
49111.0,2.0,102,1,1,44.426632129594715,0.8377350101274557,0.613407053921902,0,1182.43701171875
49111.0,2.0,102,2,2,41.89119815037351,0.7817987064270545,0.8513997106635237,0,1182.43701171875
49111.0,2.0,102,3,4,38.504450208690365,0.8734171604253127,0.6466890965784271,0,1182.43701171875
49111.0,2.0,102,4,1,45.575786104840795,0.7044264299101335,0.682842712474619,0,1182.43701171875
49111.0,2.0,102,5,4,38.355689258930404,0.7814669179711231,0.848528137423857,0,1182.43701171875
49111.0,2.0,102,6,2,42.05280840952208,0.697626223226635,0.848528137423857,0,1182.43701171875
49111.0,2.0,102,9,2,38.53213089334333,0.6895829172579465,0.848528137423857,0,1182.43701171875
49111.0,2.0,102,10,2,42.50888034025461,0.6146796555957027,0.8513997106635237,0,1182.43701171875
49111.0,2.0,102,11,1,45.41311226289522,0.5702188379436939,0.613407053921902,0,1182.43701171875
49111.0,2.0,102,13,4,39.029364891525674,0.5992892647736784,0.848528137423857,0,1182.43701171875
49111.0,2.0,102,16,4,39.835380461217774,0.5119573102179727,0.6466890965784271,0,1182.43701171875
49111.0,2.0,102,17,5,33.76721161104584,0.49413336934961355,0.43533959677349143,0,1182.43701171875
49111.0,2.0,102,18,1,32.85331569617385,-0.43972210077133583,0.613407053921902,0,1182.43701171875
49111.0,2.0,102,19,2,31.522904563776216,-0.33908425299784123,0.8513997106635237,0,1182.43701171875
49111.0,2.0,102,20,4,26.85914584525356,-0.40104388276347874,0.682842712474619,0,1182.43701171875
49111.0,2.0,102,21,1,36.27634640833177,-0.2932223772724595,0.682842712474619,0,1182.43701171875
49111.0,2.0,102,22,4,28.37476518815318,-0.2852749343790506,0.848528137423857,0,1182.43701171875
49111.0,2.0,102,23,2,33.20251641191028,-0.24288272693913998,0.848528137423857,0,1182.43701171875
49111.0,2.0,102,24,5,21.925219023044594,-0.25286670810495915,0.613407053921902,0,1182.43701171875
49111.0,2.0,102,25,5,25.329056177218998,-0.21828956684877732,0.8513997106635237,0,1182.43701171875
49111.0,2.0,102,26,2,30.229801246932762,-0.18246292842045297,0.848528137423857,0,1182.43701171875
49111.0,2.0,102,27,2,35.158507932354006,-0.1566551909499104,0.8513997106635237,0,1182.43701171875
49111.0,2.0,102,28,1,38.61950980592113,-0.14251540717888747,0.613407053921902,0,1182.43701171875
49111.0,2.0,102,29,4,27.391142195515393,-0.1092033515785484,0.848528137423857,0,1182.43701171875
49111.0,2.0,102,30,4,32.365946106599225,-0.09236596608934221,0.848528137423857,0,1182.43701171875
49111.0,2.0,102,31,5,24.732740610794227,-0.019621521846613258,0.682842712474619,0,1182.43701171875
49111.0,2.0,102,32,5,29.731939975742783,-0.01632198968919944,0.8513997106635237,0,1182.43701171875
49111.0,2.0,102,33,4,34.73136984516323,-0.01397234438682221,0.682842712474619,0,1182.43701171875
49111.0,2.0,102,34,5,29.880452048549262,0.10106525253645107,0.613407053921902,0,1182.43701171875
49111.0,2.0,102,35,1,33.01585774709309,1.5790355014276445,0.613407053921902,0,1182.43701171875
49111.0,2.0,102,36,2,29.51599063002641,1.5800124901352774,0.8513997106635237,0,1182.43701171875
49111.0,2.0,102,37,4,29.89102707288842,1.4119553528851738,0.6466890965784271,0,1182.43701171875
49111.0,2.0,102,38,1,29.981892973450908,1.747555470439655,0.682842712474619,0,1182.43701171875
49111.0,2.0,102,39,4,27.106455237192495,1.4885098039037468,0.848528137423857,0,1182.43701171875
49111.0,2.0,102,40,2,27.156585185283856,1.6730498622986145,0.848528137423857,0,1182.43701171875
49111.0,2.0,102,43,2,24.51624627832924,1.5818920679050879,0.848528137423857,0,1182.43701171875
49111.0,2.0,102,44,2,25.075217546002477,1.782625194453283,0.8513997106635237,0,1182.43701171875
49111.0,2.0,102,45,1,26.03690990419392,1.9144263623757618,0.613407053921902,0,1182.43701171875
49111.0,2.0,102,47,4,22.188572455961747,1.6960536949861316,0.848528137423857,0,1182.43701171875
49111.0,2.0,102,50,4,20.214330651476846,1.8346534133600982,0.6466890965784271,0,1182.43701171875
49111.0,2.0,102,52,1,13.987908086286977,-1.5902443733930964,0.613407053921902,0,1182.43701171875
49111.0,2.0,102,53,2,10.488790804229655,-1.5967336199880706,0.8513997106635237,0,1182.43701171875
49111.0,2.0,102,54,4,11.501935886416442,-1.1471803711852049,0.682842712474619,0,1182.43701171875
49111.0,2.0,102,55,1,11.736052825995236,-2.0366837226925707,0.682842712474619,0,1182.43701171875
49111.0,2.0,102,56,4,8.290254307385306,-1.298704553952241,0.848528137423857,0,1182.43701171875
49111.0,2.0,102,57,2,8.45272263124603,-1.9049228024950844,0.848528137423857,0,1182.43701171875
49111.0,2.0,102,58,5,9.888769288823958,-0.5879978157123282,0.613407053921902,0,1182.43701171875
49111.0,2.0,102,59,5,7.241678011852545,-0.8594099152866972,0.7685569981889047,1,1182.43701171875
49111.0,2.0,102,60,2,5.49200362590984,-1.6203468558201892,0.848528137423857,0,1182.43701171875
49111.0,2.0,102,61,2,7.608042272928367,-2.3363740019073465,0.8513997106635237,0,1182.43701171875
49111.0,2.0,102,62,1,10.345842140996826,-2.5827679211588115,0.613407053921902,0,1182.43701171875
49111.0,2.0,102,64,4,4.073805490311615,-2.319172671108543,0.848528137423857,0,1182.43701171875
49111.0,2.0,102,65,5,4.752817240275801,-0.10227827480238495,0.5052677403411177,0,1182.43701171875
49111.0,2.0,102,67,4,5.294306235832916,-3.0498063292819464,0.6466890965784271,0,1182.43701171875
49111.0,2.0,103,1,1,44.661906099448125,1.6821639289424746,0.613407053921902,0,1182.697021484375
49111.0,2.0,103,2,2,41.984182190227294,1.6301091462794246,0.8513997106635237,0,1182.697021484375
49111.0,2.0,103,3,4,38.844802162094695,1.7265105540356092,0.6466890965784271,0,1182.697021484375
49111.0,2.0,103,4,1,45.45794158727516,1.5477665541742274,0.682842712474619,0,1182.697021484375
49111.0,2.0,103,5,4,38.45543658557832,1.6355591061849033,0.848528137423857,0,1182.697021484375
49111.0,2.0,103,6,2,41.92342426564602,1.5458245516449367,0.848528137423857,0,1182.697021484375
49111.0,2.0,103,9,2,38.3890941669974,1.5435249542782608,0.848528137423857,0,1182.697021484375
49111.0,2.0,103,10,2,42.16011681829779,1.4618925075366807,0.8513997106635237,0,1182.697021484375
49111.0,2.0,103,11,1,44.9427689350741,1.4131173532642936,0.613407053921902,0,1182.697021484375
49111.0,2.0,103,13,4,38.64743845247383,1.4519493170112037,0.848528137423857,0,1182.697021484375
49111.0,2.0,103,15,5,35.139344725577764,1.4400194101346053,0.7685569981889047,0,1182.697021484375
49111.0,2.0,103,16,4,39.22405444256001,1.3623283386090868,0.682842712474619,0,1182.697021484375
49111.0,2.0,103,17,5,33.1249037053584,1.3561025949232768,0.6034068236642477,0,1182.697021484375
49111.0,2.0,103,18,1,30.390215961253706,0.3757111458504186,0.613407053921902,0,1182.697021484375
49111.0,2.0,103,19,2,29.173267359439922,0.4859790281584721,0.8513997106635237,0,1182.697021484375
49111.0,2.0,103,20,4,24.44026655450879,0.4255982332439166,0.682842712474619,0,1182.697021484375
49111.0,2.0,103,21,1,33.982825479869746,0.5293918262143458,0.682842712474619,0,1182.697021484375
49111.0,2.0,103,22,4,26.099378928438203,0.549293204708944,0.848528137423857,0,1182.697021484375
49111.0,2.0,103,23,2,30.982744869041635,0.5870518062636904,0.848528137423857,0,1182.697021484375
49111.0,2.0,103,24,5,19.70783100841135,0.6014350232783634,0.613407053921902,0,1182.697021484375
49111.0,2.0,103,25,5,23.15762579529787,0.6290858297503611,0.8513997106635237,0,1182.697021484375
49111.0,2.0,103,26,2,28.107446195714175,0.6567824889969295,0.848528137423857,0,1182.697021484375
49111.0,2.0,103,27,2,33.072366574149015,0.6761747228980056,0.8513997106635237,0,1182.697021484375
49111.0,2.0,103,28,1,36.55350134027976,0.6866122820814743,0.613407053921902,0,1182.697021484375
49111.0,2.0,103,29,4,25.399342189706577,0.741875436234494,0.848528137423857,0,1182.697021484375
49111.0,2.0,103,30,4,30.39538588075056,0.749032667232584,0.848528137423857,0,1182.697021484375
49111.0,2.0,103,31,5,22.917779903268332,0.8463012275090428,0.682842712474619,0,1182.697021484375
49111.0,2.0,103,32,5,27.910169022500952,0.8353972041253084,0.8513997106635237,0,1182.697021484375
49111.0,2.0,103,33,4,32.90486945779444,0.8278027823206163,0.682842712474619,0,1182.697021484375
49111.0,2.0,103,34,5,28.3017991851807,0.9592259210470064,0.613407053921902,0,1182.697021484375
49111.0,2.0,103,35,1,34.95952604679289,2.4170082519739067,0.613407053921902,0,1182.697021484375
49111.0,2.0,103,36,2,31.466715099652003,2.4237683670176176,0.8513997106635237,0,1182.697021484375
49111.0,2.0,103,37,4,31.52629154107075,2.264864655055261,0.6466890965784271,0,1182.697021484375
49111.0,2.0,103,38,1,32.19318654611167,2.579353211441014,0.682842712474619,0,1182.697021484375
49111.0,2.0,103,39,4,28.897337371076702,2.343207118292992,0.848528137423857,0,1182.697021484375
49111.0,2.0,103,40,2,29.262658935371956,2.5149012468621046,0.848528137423857,0,1182.697021484375
49111.0,2.0,103,43,2,26.48027862283671,2.4365182879452396,0.848528137423857,0,1182.697021484375
49111.0,2.0,103,44,2,27.339573090542967,2.619838771675047,0.8513997106635237,0,1182.697021484375
49111.0,2.0,103,45,1,28.453035468192066,2.7388790470525475,0.613407053921902,0,1182.697021484375
49111.0,2.0,103,47,4,24.338327895488213,2.5473745393770333,0.848528137423857,0,1182.697021484375
49111.0,2.0,103,50,4,22.550016708497946,2.677653777671421,0.6466890965784271,0,1182.697021484375
49111.0,2.0,103,52,1,12.290151795324105,-0.9591501757119869,0.613407053921902,0,1182.697021484375
49111.0,2.0,103,53,2,8.863528270718803,-1.0274692131646905,0.8513997106635237,0,1182.697021484375
49111.0,2.0,103,54,4,9.072763227140523,-0.462923675820347,0.6466890965784271,0,1182.697021484375
49111.0,2.0,103,55,1,11.171805325725542,-1.47695908970291,0.682842712474619,0,1182.697021484375
49111.0,2.0,103,56,4,6.11662362750845,-0.7240038706626248,0.848528137423857,0,1182.697021484375
49111.0,2.0,103,57,2,7.658993760976226,-1.4336921211299702,0.848528137423857,0,1182.697021484375
49111.0,2.0,103,58,5,7.324006090542465,0.27074775949154684,0.4815389220537701,1,1182.697021484375
49111.0,2.0,103,60,2,4.184631002303063,-1.317959155873507,0.848528137423857,0,1182.697021484375
49111.0,2.0,103,61,2,7.984875544146825,-1.887758815171281,0.8513997106635237,0,1182.697021484375
49111.0,2.0,103,62,1,11.219679497943279,-2.0290721416988013,0.613407053921902,0,1182.697021484375
49111.0,2.0,103,64,4,4.754912054946678,-2.1216374042580286,0.848528137423857,0,1182.697021484375
49111.0,2.0,103,65,5,3.1957845695481892,1.2370822384462503,0.43175884674785275,0,1182.697021484375
49111.0,2.0,103,67,4,7.259975253065162,3.733652899903247,0.6466890965784271,0,1182.697021484375
49111.0,2.0,104,1,1,45.249884128135676,1.7665959218318483,0.613407053921902,0,1182.968994140625
49111.0,2.0,104,2,2,42.385500833055175,1.7206659061092988,0.8513997106635237,0,1182.968994140625
49111.0,2.0,104,3,4,39.622350793394375,1.8223951748941505,0.6466890965784271,0,1182.968994140625
49111.0,2.0,104,4,1,45.53164481262501,1.632176676014778,0.682842712474619,0,1182.968994140625
49111.0,2.0,104,5,4,38.89318358882643,1.7342394988041625,0.848528137423857,0,1182.968994140625
49111.0,2.0,104,6,2,42.00332996499538,1.6373403988394903,0.848528137423857,0,1182.968994140625
49111.0,2.0,104,9,2,38.47634048286707,1.6434509906715842,0.848528137423857,0,1182.968994140625
49111.0,2.0,104,10,2,41.91692707520002,1.5530812283686886,0.8513997106635237,0,1182.968994140625
49111.0,2.0,104,11,1,44.50167159062142,1.4984345835168458,0.613407053921902,0,1182.968994140625
49111.0,2.0,104,12,4,34.95107760511473,1.6507945672426745,0.848528137423857,0,1182.968994140625
49111.0,2.0,104,13,4,38.381998700339636,1.5514499290377413,0.848528137423857,0,1182.968994140625
49111.0,2.0,104,14,5,31.428122351868073,1.6597850890499966,0.6466890965784271,0,1182.968994140625
49111.0,2.0,104,15,5,34.84719318737322,1.5494876743367838,0.8513997106635237,0,1182.968994140625
49111.0,2.0,104,16,4,38.61252221122354,1.4597742578083504,0.682842712474619,0,1182.968994140625
49111.0,2.0,104,17,5,32.52392258472718,1.4717116222437279,0.613407053921902,0,1182.968994140625
49111.0,2.0,104,18,1,26.855057564728757,0.42819841824476657,0.613407053921902,0,1182.968994140625
49111.0,2.0,104,19,2,25.84019058648134,0.5554401042497255,0.8513997106635237,0,1182.968994140625
49111.0,2.0,104,20,4,21.002748655153635,0.501150988607246,0.682842712474619,0,1182.968994140625
49111.0,2.0,104,21,1,30.729716041964984,0.5925352094448914,0.682842712474619,0,1182.968994140625
49111.0,2.0,104,22,4,22.912145300393,0.6369002084511576,0.848528137423857,0,1182.968994140625
49111.0,2.0,104,23,2,27.866941000770826,0.6634487871734358,0.848528137423857,0,1182.968994140625
49111.0,2.0,104,24,5,16.68374526463043,0.7320342388210969,0.613407053921902,1,1182.968994140625
49111.0,2.0,104,25,5,20.179627226164587,0.7412847267289602,0.8513997106635237,0,1182.968994140625
49111.0,2.0,104,26,2,25.175729452412778,0.7500421722532051,0.848528137423857,0,1182.968994140625
49111.0,2.0,104,27,2,30.17312300599998,0.7558990647454563,0.8513997106635237,0,1182.968994140625
49111.0,2.0,104,28,1,33.67175895119068,0.7589644124826315,0.613407053921902,0,1182.968994140625
49111.0,2.0,104,29,4,22.71713683943745,0.8563329530742534,0.848528137423857,0,1182.968994140625
49111.0,2.0,104,30,4,27.706827762409887,0.8435415354199198,0.848528137423857,0,1182.968994140625
49111.0,2.0,104,31,5,20.574723786781885,0.9865155638997973,0.682842712474619,0,1182.968994140625
49111.0,2.0,104,32,5,25.49351402565934,0.947325190222478,0.8513997106635237,0,1182.968994140625
49111.0,2.0,104,33,4,30.438778816677427,0.920838615607377,0.682842712474619,0,1182.968994140625
49111.0,2.0,104,34,5,26.285748802673915,1.0791164339107753,0.613407053921902,0,1182.968994140625
49111.0,2.0,104,35,1,37.92033785140868,2.4841749222143066,0.613407053921902,0,1182.968994140625
49111.0,2.0,104,36,2,34.45186047261011,2.497141958099018,0.8513997106635237,0,1182.968994140625
49111.0,2.0,104,37,4,34.11056564318914,2.351499165735105,0.6466890965784271,0,1182.968994140625
49111.0,2.0,104,38,1,35.501136482513814,2.6370416637471132,0.682842712474619,0,1182.968994140625
49111.0,2.0,104,39,4,31.696683380182737,2.430081794333287,0.848528137423857,0,1182.968994140625
49111.0,2.0,104,40,2,32.45119009881504,2.5843500759293447,0.848528137423857,0,1182.968994140625
49111.0,2.0,104,43,2,29.50980830349105,2.5209474594176844,0.848528137423857,0,1182.968994140625
49111.0,2.0,104,44,2,30.728305967538596,2.6821577664391056,0.8513997106635237,0,1182.968994140625
49111.0,2.0,104,45,1,32.021224035048746,2.785890468622096,0.613407053921902,0,1182.968994140625
49111.0,2.0,104,47,4,27.603946002592203,2.625331386821076,0.848528137423857,0,1182.968994140625
49111.0,2.0,104,50,4,26.040869488541716,2.7436818321404703,0.6466890965784271,0,1182.968994140625
49111.0,2.0,104,52,1,10.563812094133851,-1.261335839507014,0.613407053921902,0,1182.968994140625
49111.0,2.0,104,53,2,7.623349572264959,-1.4732709758779063,0.8513997106635237,0,1182.968994140625
49111.0,2.0,104,54,4,5.891982448639288,-0.7582439877197998,0.6466890965784271,0,1182.968994140625
49111.0,2.0,104,55,1,11.468019019291486,-1.8168407315805077,0.682842712474619,0,1182.968994140625
49111.0,2.0,104,56,4,4.119030213013193,-1.3895919473857594,0.848528137423857,0,1182.968994140625
49111.0,2.0,104,57,2,8.08494968578002,-1.9235536275130642,0.848528137423857,0,1182.968994140625
49111.0,2.0,104,60,2,4.92111396091958,-2.1743844593990134,0.848528137423857,0,1182.968994140625
49111.0,2.0,104,61,2,9.880150006059448,-2.2660166482485464,0.8513997106635237,0,1182.968994140625
49111.0,2.0,104,62,1,13.369643421211793,-2.2895954654307356,0.613407053921902,0,1182.968994140625
49111.0,2.0,104,64,4,7.514540261186954,3.7110349317732747,0.848528137423857,0,1182.968994140625
49111.0,2.0,104,65,5,4.113303417678298,2.3172818524589567,0.39440356905077983,0,1182.968994140625
49111.0,2.0,104,67,4,10.66392367084657,3.5313129320595436,0.6466890965784271,0,1182.968994140625
49111.0,2.0,105,1,1,42.7832483067921,1.3506097770007501,0.613407053921902,0,1184.4940185546875
49111.0,2.0,105,2,2,39.3751710172621,1.3311942706168851,0.8513997106635237,0,1184.4940185546875
49111.0,2.0,105,3,4,38.49623987293617,1.457703844425882,0.682842712474619,0,1184.4940185546875
49111.0,2.0,105,4,1,40.851532418290425,1.2120144103277495,0.682842712474619,0,1184.4940185546875
49111.0,2.0,105,5,4,36.3995973373853,1.3816363002561827,0.848528137423857,0,1184.4940185546875
49111.0,2.0,105,6,2,37.66131031453611,1.2508698382351793,0.848528137423857,0,1184.4940185546875
49111.0,2.0,105,7,5,33.26103958402593,1.5454077173083525,0.613407053921902,0,1184.4940185546875
49111.0,2.0,105,8,5,33.53292829457245,1.4408760732267225,0.8513997106635237,0,1184.4940185546875
49111.0,2.0,105,9,2,34.53839730347855,1.2968321118638193,0.848528137423857,0,1184.4940185546875
49111.0,2.0,105,10,2,36.21249089163752,1.1635129584474628,0.8513997106635237,0,1184.4940185546875
49111.0,2.0,105,11,1,37.735991074513045,1.078246919325508,0.613407053921902,0,1184.4940185546875
49111.0,2.0,105,12,4,31.502817048290847,1.3517878752138612,0.848528137423857,0,1184.4940185546875
49111.0,2.0,105,13,4,32.95255817477728,1.203132078242326,0.848528137423857,0,1184.4940185546875
49111.0,2.0,105,14,5,28.582408500041325,1.4182107051506336,0.682842712474619,0,1184.4940185546875
49111.0,2.0,105,15,5,29.75563281039795,1.251354469137726,0.8513997106635237,0,1184.4940185546875
49111.0,2.0,105,16,4,31.683454550146955,1.1009606224326625,0.682842712474619,0,1184.4940185546875
49111.0,2.0,105,17,5,26.455537055694766,1.2097962537835936,0.613407053921902,0,1184.4940185546875
49111.0,2.0,105,18,1,10.718032227560242,-0.5118589863879188,0.613407053921902,0,1184.4940185546875
49111.0,2.0,105,19,2,9.506758536589228,-0.1851010533113249,0.8513997106635237,0,1184.4940185546875
49111.0,2.0,105,20,4,4.683465553307248,-0.38287248760212267,0.682842712474619,0,1184.4940185546875
49111.0,2.0,105,21,1,14.4506770137945,-0.12137722903167197,0.682842712474619,0,1184.4940185546875
49111.0,2.0,105,22,4,6.8853653428024755,0.10919006021792255,0.848528137423857,0,1184.4940185546875
49111.0,2.0,105,23,2,11.868102804907869,0.06326379058724359,0.848528137423857,0,1184.4940185546875
49111.0,2.0,105,25,5,5.425684651241604,0.6423288786971818,0.765685424949238,1,1184.4940185546875
49111.0,2.0,105,26,2,9.893516170640007,0.33474714504723857,0.848528137423857,0,1184.4940185546875
49111.0,2.0,105,27,2,14.70800022106037,0.22282941389628744,0.8513997106635237,0,1184.4940185546875
49111.0,2.0,105,28,1,18.137965605367913,0.18017305975826822,0.613407053921902,0,1184.4940185546875
49111.0,2.0,105,29,4,8.93932101725677,0.698750391935354,0.848528137423857,0,1184.4940185546875
49111.0,2.0,105,30,4,13.16643719969701,0.4519724892485389,0.848528137423857,0,1184.4940185546875
49111.0,2.0,105,31,5,9.3242296346895,1.0861203385497078,0.682842712474619,0,1184.4940185546875
49111.0,2.0,105,32,5,12.465346628330016,0.7232979383636753,0.8513997106635237,0,1184.4940185546875
49111.0,2.0,105,33,4,16.5477634394626,0.5219554513606227,0.682842712474619,0,1184.4940185546875
49111.0,2.0,105,34,5,15.012898108173873,0.8989626932567197,0.613407053921902,0,1184.4940185546875
49111.0,2.0,105,35,1,46.58051830944617,2.030228736377016,0.613407053921902,0,1184.4940185546875
49111.0,2.0,105,36,2,43.47116794997183,2.0659390253997874,0.8513997106635237,0,1184.4940185546875
49111.0,2.0,105,37,4,41.33020749063152,1.9592892881502604,0.6466890965784271,0,1184.4940185546875
49111.0,2.0,105,38,1,46.05756001625206,2.1616067656534033,0.682842712474619,0,1184.4940185546875
49111.0,2.0,105,39,4,40.09629215904888,2.0407006150667697,0.848528137423857,0,1184.4940185546875
49111.0,2.0,105,40,2,42.59423712921512,2.1455560623657455,0.848528137423857,0,1184.4940185546875
49111.0,2.0,105,43,2,39.14382759246922,2.1266701107308115,0.848528137423857,0,1184.4940185546875
49111.0,2.0,105,44,2,41.997566956967376,2.2279729177638306,0.8513997106635237,0,1184.4940185546875
49111.0,2.0,105,45,1,44.222563296423246,2.290674780997135,0.613407053921902,0,1184.4940185546875
49111.0,2.0,105,47,4,38.4937115938968,2.2162281177602017,0.848528137423857,0,1184.4940185546875
49111.0,2.0,105,50,4,38.16139968553637,2.308098134063499,0.6466890965784271,0,1184.4940185546875
49111.0,2.0,105,52,1,21.312310178088165,-2.892709715785006,0.613407053921902,0,1184.4940185546875
49111.0,2.0,105,53,2,20.72961186730308,-3.0570872721226245,0.8513997106635237,0,1184.4940185546875
49111.0,2.0,105,54,4,15.753108152140303,-3.030294166186453,0.6466890965784271,0,1184.4940185546875
49111.0,2.0,105,55,1,25.71523283746496,-3.073499456586001,0.682842712474619,0,1184.4940185546875
49111.0,2.0,105,56,4,18.17113685171851,3.1002890288936458,0.848528137423857,0,1184.4940185546875
49111.0,2.0,105,57,2,23.167792432596723,3.109200630731078,0.848528137423857,0,1184.4940185546875
49111.0,2.0,105,60,2,20.90980661112713,2.9855149560953094,0.848528137423857,0,1184.4940185546875
49111.0,2.0,105,61,2,25.86071159559882,3.015573718598626,0.8513997106635237,0,1184.4940185546875
49111.0,2.0,105,62,1,29.33625535803678,3.0305693705208774,0.613407053921902,0,1184.4940185546875
49111.0,2.0,105,64,4,23.858956610581046,2.8981830947847302,0.848528137423857,0,1184.4940185546875
49111.0,2.0,105,65,5,17.69652014223236,2.6565891525472223,0.39440356905077983,0,1184.4940185546875
49111.0,2.0,105,67,4,26.94957529491777,2.8304578373408744,0.6466890965784271,0,1184.4940185546875
49111.0,2.0,106,1,1,41.64903727508753,0.672131531447204,0.613407053921902,0,1184.613037109375
49111.0,2.0,106,2,2,38.2245724825039,0.6540056154844255,0.8513997106635237,0,1184.613037109375
49111.0,2.0,106,3,4,37.465645205322474,0.7846918447520591,0.682842712474619,0,1184.613037109375
49111.0,2.0,106,4,1,39.605066750218796,0.5304161264828983,0.682842712474619,0,1184.613037109375
49111.0,2.0,106,5,4,35.295491355265526,0.7079183663787229,0.848528137423857,0,1184.613037109375
49111.0,2.0,106,6,2,36.44468522060131,0.5721364677124042,0.848528137423857,0,1184.613037109375
49111.0,2.0,106,7,5,32.32592023401171,0.8793044203377044,0.613407053921902,0,1184.613037109375
49111.0,2.0,106,8,5,32.4873125781289,0.7713639415697154,0.8513997106635237,0,1184.613037109375
49111.0,2.0,106,9,2,33.35968898788092,0.6216733017443578,0.848528137423857,0,1184.613037109375
49111.0,2.0,106,10,2,34.9329675262099,0.4825332790266942,0.8513997106635237,0,1184.613037109375
49111.0,2.0,106,11,1,36.404293424822846,0.3934508958865729,0.613407053921902,0,1184.613037109375
49111.0,2.0,106,12,4,30.37305743430471,0.6811233425638489,0.848528137423857,0,1184.613037109375
49111.0,2.0,106,13,4,31.70119853769987,0.5256211097607043,0.848528137423857,0,1184.613037109375
49111.0,2.0,106,14,5,27.51683823492447,0.7532168306359356,0.682842712474619,0,1184.613037109375
49111.0,2.0,106,15,5,28.54154440926582,0.5783659082570841,0.8513997106635237,0,1184.613037109375
49111.0,2.0,106,16,4,30.365492389967677,0.42006393794734953,0.682842712474619,0,1184.613037109375
49111.0,2.0,106,17,5,25.21101728995991,0.5382540842252684,0.613407053921902,0,1184.613037109375
49111.0,2.0,106,18,1,10.300526209002763,-1.3422681004642634,0.613407053921902,0,1184.613037109375
49111.0,2.0,106,19,2,8.66747971752968,-1.0131589282441833,0.8513997106635237,0,1184.613037109375
49111.0,2.0,106,20,4,4.204977269224721,-1.3889281123321515,0.6466890965784271,0,1184.613037109375
49111.0,2.0,106,21,1,13.51179393984678,-0.8986995517780785,0.682842712474619,0,1184.613037109375
49111.0,2.0,106,22,4,5.74700489779397,-0.7298720596271328,0.848528137423857,0,1184.613037109375
49111.0,2.0,106,23,2,10.745763635701266,-0.7156955602789977,0.848528137423857,0,1184.613037109375
49111.0,2.0,106,26,2,8.565879800454777,-0.42453787359367295,0.848528137423857,0,1184.613037109375
49111.0,2.0,106,27,2,13.446846008448635,-0.5256314565473613,0.8513997106635237,0,1184.613037109375
49111.0,2.0,106,28,1,16.904970486466258,-0.561435492709004,0.613407053921902,0,1184.613037109375
49111.0,2.0,106,29,4,7.501810274681616,-0.0007751629288829109,0.848528137423857,1,1184.613037109375
49111.0,2.0,106,30,4,11.777967915409281,-0.2773245259776056,0.848528137423857,0,1184.613037109375
49111.0,2.0,106,31,5,8.011243226790594,0.4544461400456469,0.6466890965784271,0,1184.613037109375
49111.0,2.0,106,32,5,11.028299454489343,0.02701166268609745,0.8513997106635237,0,1184.613037109375
49111.0,2.0,106,33,4,15.1349515914978,-0.19421162260717728,0.682842712474619,0,1184.613037109375
49111.0,2.0,106,34,5,13.606900945083913,0.22050651590428716,0.613407053921902,0,1184.613037109375
49111.0,2.0,106,35,1,46.25994034828708,1.3610166318619945,0.613407053921902,0,1184.613037109375
49111.0,2.0,106,36,2,43.20251979405419,1.399125964794965,0.8513997106635237,0,1184.613037109375
49111.0,2.0,106,37,4,40.91333630217335,1.2933456110911075,0.6466890965784271,0,1184.613037109375
49111.0,2.0,106,38,1,45.92400620303669,1.4933284671330402,0.682842712474619,0,1184.613037109375
49111.0,2.0,106,39,4,39.79390475831901,1.376483741322283,0.848528137423857,0,1184.613037109375
49111.0,2.0,106,40,2,42.43950382715463,1.4797707281951382,0.848528137423857,0,1184.613037109375
49111.0,2.0,106,41,5,34.937263127584124,1.260557542788888,0.43533959677349143,0,1184.613037109375
49111.0,2.0,106,43,2,38.96419669970874,1.463791106816188,0.848528137423857,0,1184.613037109375
49111.0,2.0,106,44,2,41.96147344451219,1.56280604656247,0.8513997106635237,0,1184.613037109375
49111.0,2.0,106,45,1,44.27533053587671,1.6237403154159917,0.613407053921902,0,1184.613037109375
49111.0,2.0,106,47,4,38.44297586026636,1.5541747885946209,0.848528137423857,0,1184.613037109375
49111.0,2.0,106,50,4,38.24285765384761,1.646268083581361,0.6466890965784271,0,1184.613037109375
49111.0,2.0,106,52,1,22.61505284689386,-3.564429139868369,0.613407053921902,0,1184.613037109375
49111.0,2.0,106,53,2,21.91951139371582,-3.718647023381707,0.8513997106635237,0,1184.613037109375
49111.0,2.0,106,54,4,16.967862286049158,-3.6826767128069027,0.6466890965784271,0,1184.613037109375
49111.0,2.0,106,55,1,26.88906113868883,-3.7413424999391305,0.682842712474619,0,1184.613037109375
49111.0,2.0,106,56,4,19.256458947579354,-3.8319008564386468,0.848528137423857,0,1184.613037109375
49111.0,2.0,106,57,2,24.25629486093697,-3.833775128661658,0.848528137423857,0,1184.613037109375
49111.0,2.0,106,60,2,21.879535457620857,2.335731231089231,0.848528137423857,0,1184.613037109375
49111.0,2.0,106,61,2,26.856483407590737,2.355515367220093,0.8513997106635237,0,1184.613037109375
49111.0,2.0,106,62,1,30.344856919234804,2.3655003430818744,0.613407053921902,0,1184.613037109375
49111.0,2.0,106,64,4,24.730890248488183,2.2458359488572324,0.848528137423857,0,1184.613037109375
49111.0,2.0,106,65,5,18.286785796373046,2.0300665410841825,0.39440356905077983,0,1184.613037109375
49111.0,2.0,106,67,4,27.740219774260034,2.174969024916346,0.6466890965784271,0,1184.613037109375
49111.0,2.0,107,1,1,37.93412802988685,1.4380740760069957,0.613407053921902,0,1184.9930419921875
49111.0,2.0,107,2,2,34.46802143847198,1.4246361353479329,0.8513997106635237,0,1184.9930419921875
49111.0,2.0,107,3,4,34.1005154703064,1.5702117416325811,0.682842712474619,0,1184.9930419921875
49111.0,2.0,107,4,1,35.542141866034505,1.285004740469149,0.682842712474619,0,1184.9930419921875
49111.0,2.0,107,5,4,31.70082460116789,1.4912212335566597,0.848528137423857,0,1184.9930419921875
49111.0,2.0,107,6,2,32.48294363102534,1.3371728253849964,0.848528137423857,0,1184.9930419921875
49111.0,2.0,107,7,5,29.307857586753215,1.6898188647429895,0.613407053921902,0,1184.9930419921875
49111.0,2.0,107,8,5,29.10051647144873,1.570111299234836,0.8513997106635237,0,1184.9930419921875
49111.0,2.0,107,9,2,29.530313331345084,1.399974169982145,0.848528137423857,0,1184.9930419921875
49111.0,2.0,107,10,2,30.777244060990512,1.239189126008479,0.8513997106635237,0,1184.9930419921875
49111.0,2.0,107,11,1,32.08782159276984,1.1358721729251353,0.613407053921902,0,1184.9930419921875
49111.0,2.0,107,12,4,26.719602990285328,1.4763456250437192,0.848528137423857,0,1184.9930419921875
49111.0,2.0,107,13,4,27.643019561922372,1.2952866979117783,0.848528137423857,0,1184.9930419921875
49111.0,2.0,107,14,5,24.10051788799386,1.5699691803990554,0.682842712474619,0,1184.9930419921875
49111.0,2.0,107,15,5,24.61776409448816,1.3654408979040265,0.8513997106635237,0,1184.9930419921875
49111.0,2.0,107,16,4,26.100453167602833,1.176781298522441,0.682842712474619,0,1184.9930419921875
49111.0,2.0,107,17,5,21.20331911534106,1.3317745741282938,0.613407053921902,0,1184.9930419921875
49111.0,2.0,107,18,1,10.65599187751691,-1.0802698815354397,0.613407053921902,0,1184.9930419921875
49111.0,2.0,107,19,2,7.746207484865684,-0.8657742651910196,0.8513997106635237,0,1184.9930419921875
49111.0,2.0,107,20,4,5.899524036414356,-1.5674172928172296,0.6466890965784271,0,1184.9930419921875
49111.0,2.0,107,21,1,11.627685794729214,-0.5321251835147258,0.682842712474619,0,1184.9930419921875
49111.0,2.0,107,22,4,4.2316197070605694,-0.932906926226213,0.848528137423857,0,1184.9930419921875
49111.0,2.0,107,23,2,8.25263302755804,-0.42456887112671343,0.848528137423857,0,1184.9930419921875
49111.0,2.0,107,26,2,5.099884982441861,-0.177302122969636,0.848528137423857,0,1184.9930419921875
49111.0,2.0,107,27,2,10.06022730242684,-0.08953009897353113,0.8513997106635237,0,1184.9930419921875
49111.0,2.0,107,28,1,13.549823465866456,-0.06643277099673761,0.613407053921902,0,1184.9930419921875
49111.0,2.0,107,30,4,7.688370979803762,0.20970645092452653,0.848528137423857,0,1184.9930419921875
49111.0,2.0,107,31,5,4.100558099493835,1.5659348586057986,0.5052677403411177,0,1184.9930419921875
49111.0,2.0,107,32,5,6.481814812973516,0.6849283526956988,0.7685569981889047,0,1184.9930419921875
49111.0,2.0,107,33,4,10.826507738511125,0.38844228963733457,0.682842712474619,0,1184.9930419921875
49111.0,2.0,107,34,5,9.108649228868444,0.9870936148980824,0.613407053921902,0,1184.9930419921875
49111.0,2.0,107,35,1,45.14202022654388,2.1571964459050275,0.613407053921902,0,1184.9930419921875
49111.0,2.0,107,36,2,42.27112989534126,2.2030305594250654,0.8513997106635237,0,1184.9930419921875
49111.0,2.0,107,37,4,39.52275002035122,2.100796252730667,0.682842712474619,0,1184.9930419921875
49111.0,2.0,107,38,1,45.405385981031536,2.2919819027576662,0.682842712474619,0,1184.9930419921875
49111.0,2.0,107,39,4,38.78073681200783,2.1891211050160657,0.848528137423857,0,1184.9930419921875
49111.0,2.0,107,40,2,41.877753057439236,2.286564446205147,0.848528137423857,0,1184.9930419921875
49111.0,2.0,107,41,5,33.442969594748554,2.0860793701219147,0.6034068236642477,0,1184.9930419921875
49111.0,2.0,107,42,5,35.29932963578239,2.17246422824782,0.7685569981889047,1,1184.9930419921875
49111.0,2.0,107,43,2,38.351575276555025,2.280150571746498,0.848528137423857,0,1184.9930419921875
49111.0,2.0,107,44,2,41.78090448579241,2.3710807828707674,0.8513997106635237,0,1184.9930419921875
49111.0,2.0,107,45,1,44.35937823134199,2.4260632459007825,0.613407053921902,0,1184.9930419921875
49111.0,2.0,107,47,4,38.24579852355438,2.37245685729745,0.848528137423857,0,1184.9930419921875
49111.0,2.0,107,50,4,38.466074445092026,2.4644876019140356,0.6466890965784271,0,1184.9930419921875
49111.0,2.0,107,52,1,26.689962226266935,-2.7817005667458083,0.613407053921902,0,1184.9930419921875
49111.0,2.0,107,53,2,25.66724860877065,-2.9096741736073217,0.8513997106635237,0,1184.9930419921875
49111.0,2.0,107,54,4,20.832834605180285,-2.8544820215296873,0.6466890965784271,0,1184.9930419921875
49111.0,2.0,107,55,1,30.555004575389617,-2.9472947355019152,0.682842712474619,0,1184.9930419921875
49111.0,2.0,107,56,4,22.735652016896093,-2.9915073795443843,0.848528137423857,0,1184.9930419921875
49111.0,2.0,107,57,2,27.689538206532678,-3.0185104700269845,0.848528137423857,0,1184.9930419921875
49111.0,2.0,107,60,2,24.996254671049932,-3.105599877488209,0.848528137423857,0,1184.9930419921875
49111.0,2.0,107,61,2,29.99355599187311,-3.111598702889448,0.8513997106635237,0,1184.9930419921875
49111.0,2.0,107,62,1,33.49214622053917,-3.1147326692472355,0.613407053921902,0,1184.9930419921875
49111.0,2.0,107,64,4,27.52663478390666,3.083415806121035,0.848528137423857,0,1184.9930419921875
49111.0,2.0,107,65,5,20.39649946823942,2.9391733026371774,0.39440356905077983,0,1184.9930419921875
49111.0,2.0,107,67,4,30.25918864532184,3.005661559570403,0.6466890965784271,0,1184.9930419921875
49111.0,2.0,108,1,1,24.1287653328636,2.772774462491622,0.613407053921902,0,1189.447021484375
49111.0,2.0,108,2,2,22.965654132540415,2.6324263914829467,0.8513997106635237,0,1189.447021484375
49111.0,2.0,108,3,4,18.191915843406537,2.7051965107018017,0.682842712474619,0,1189.447021484375
49111.0,2.0,108,4,1,27.818999576141398,2.5848632634873008,0.682842712474619,0,1189.447021484375
49111.0,2.0,108,5,4,19.97017246329796,2.544702641307614,0.848528137423857,0,1189.447021484375
49111.0,2.0,108,6,2,24.905486461736675,2.50875412960204,0.848528137423857,0,1189.447021484375
49111.0,2.0,108,7,5,13.689831237635413,2.443325150143721,0.613407053921902,0,1189.447021484375
49111.0,2.0,108,8,5,17.181219592690667,2.427325762462427,0.8513997106635237,0,1189.447021484375
49111.0,2.0,108,9,2,22.17362790285213,2.4132146080063093,0.848528137423857,0,1189.447021484375
49111.0,2.0,108,10,2,27.168828499882494,2.404291072165127,0.8513997106635237,0,1189.447021484375
49111.0,2.0,108,11,1,30.66639968162788,2.3997745443542877,0.613407053921902,0,1189.447021484375
49111.0,2.0,108,12,4,19.699144470066106,2.292314035169768,0.848528137423857,0,1189.447021484375
49111.0,2.0,108,13,4,24.68869701977852,2.3069630793952043,0.848528137423857,0,1189.447021484375
49111.0,2.0,108,14,5,17.590986650297065,2.1396967819730977,0.682842712474619,0,1189.447021484375
49111.0,2.0,108,15,5,22.4926272145522,2.1893149759178403,0.8513997106635237,0,1189.447021484375
49111.0,2.0,108,16,4,27.42979669437415,2.221127901020896,0.682842712474619,0,1189.447021484375
49111.0,2.0,108,17,5,23.3589861136969,2.0412379185968597,0.613407053921902,0,1189.447021484375
49111.0,2.0,108,18,1,43.48716201469022,1.3282702791236172,0.613407053921902,0,1189.447021484375
49111.0,2.0,108,19,2,40.514309902117866,1.3722815969830013,0.8513997106635237,0,1189.447021484375
49111.0,2.0,108,20,4,38.01228537148169,1.2619150253424778,0.6466890965784271,0,1189.447021484375
49111.0,2.0,108,21,1,43.44979602399452,1.4687902227779004,0.682842712474619,0,1189.447021484375
49111.0,2.0,108,22,4,37.061399335218944,1.3526713320986947,0.848528137423857,0,1189.447021484375
49111.0,2.0,108,23,2,39.937736395124496,1.4590261126645427,0.848528137423857,0,1189.447021484375
49111.0,2.0,108,26,2,36.43021825636203,1.4473805211369892,0.848528137423857,0,1189.447021484375
49111.0,2.0,108,27,2,39.66908456075157,1.547623685505755,0.8513997106635237,0,1189.447021484375
49111.0,2.0,108,28,1,42.141655132011344,1.6082193019554238,0.613407053921902,0,1189.447021484375
49111.0,2.0,108,30,4,36.13549894117667,1.5445240108379628,0.848528137423857,0,1189.447021484375
49111.0,2.0,108,31,5,29.435299045289433,1.4157745576655512,0.5052677403411177,0,1189.447021484375
49111.0,2.0,108,32,5,32.602335768584155,1.5407524604806189,0.7685569981889047,0,1189.447021484375
49111.0,2.0,108,33,4,36.185463452184585,1.6423266651876802,0.682842712474619,0,1189.447021484375
49111.0,2.0,108,34,5,30.127866574326692,1.6197527007219588,0.613407053921902,0,1189.447021484375
49111.0,2.0,108,35,1,12.383235053777009,4.622373672696259,0.613407053921902,0,1189.447021484375
49111.0,2.0,108,36,2,9.928165170068533,4.847826491730565,0.8513997106635237,0,1189.447021484375
49111.0,2.0,108,37,4,6.711477581430689,4.374478429280058,0.6466890965784271,0,1189.447021484375
49111.0,2.0,108,38,1,14.215941613634927,5.064743455602464,0.682842712474619,0,1189.447021484375
49111.0,2.0,108,39,4,6.436648957682894,4.917412733989863,0.848528137423857,0,1189.447021484375
49111.0,2.0,108,40,2,10.952396181774814,5.173780250472462,0.848528137423857,0,1189.447021484375
49111.0,2.0,108,41,5,1.2550949533951377,3.3934059767521716,0.4815389220537701,0,1189.447021484375
49111.0,2.0,108,43,2,7.925715632221095,5.370227647319735,0.848528137423857,0,1189.447021484375
49111.0,2.0,108,44,2,12.897344711255455,5.422841544485384,0.8513997106635237,0,1189.447021484375
49111.0,2.0,108,45,1,16.38775985983532,5.440646461913689,0.613407053921902,0,1189.447021484375
49111.0,2.0,108,46,4,5.538858586668571,-0.5167133855423827,0.848528137423857,0,1189.447021484375
49111.0,2.0,108,47,4,10.450047213349201,-0.6401100643045132,0.848528137423857,0,1189.447021484375
49111.0,2.0,108,48,5,4.851900720685707,0.1654458289230072,0.6466890965784271,1,1189.447021484375
49111.0,2.0,108,49,5,8.778694260623599,-0.31337742660813594,0.8513997106635237,0,1189.447021484375
49111.0,2.0,108,50,4,13.438378073250542,-0.4805018445343676,0.682842712474619,0,1189.447021484375
49111.0,2.0,108,51,5,10.806915663989242,-0.01946876914723772,0.613407053921902,0,1189.447021484375
49111.0,2.0,108,52,1,38.23977581002022,0.5870924507529727,0.613407053921902,0,1189.447021484375
49111.0,2.0,108,53,2,34.821781987048524,0.5664511095288194,0.8513997106635237,0,1189.447021484375
49111.0,2.0,108,54,4,34.044558573073346,0.7100272824905027,0.682842712474619,0,1189.447021484375
49111.0,2.0,108,55,1,36.27783115170548,0.43176915976973795,0.682842712474619,0,1189.447021484375
49111.0,2.0,108,56,4,31.877421198634362,0.6252050087959942,0.848528137423857,0,1189.447021484375
49111.0,2.0,108,57,2,33.08616802522254,0.4756733224227929,0.848528137423857,0,1189.447021484375
49111.0,2.0,108,58,5,28.932097939383333,0.8162949753589528,0.613407053921902,0,1189.447021484375
49111.0,2.0,108,59,5,29.065158932934633,0.6956133273599612,0.8513997106635237,0,1189.447021484375
49111.0,2.0,108,60,2,29.97178666871338,0.5288228415720391,0.848528137423857,0,1189.447021484375
49111.0,2.0,108,61,2,31.651738158164083,0.3757748202666644,0.8513997106635237,0,1189.447021484375
49111.0,2.0,108,62,1,33.22724335625303,0.27936522057568114,0.613407053921902,0,1189.447021484375
49111.0,2.0,108,63,4,26.961481369473592,0.5940615989411802,0.848528137423857,0,1189.447021484375
49111.0,2.0,108,64,4,28.380380722509464,0.42052036667215487,0.848528137423857,0,1189.447021484375
49111.0,2.0,108,65,5,24.09429308276294,0.6752461112138866,0.682842712474619,0,1189.447021484375
49111.0,2.0,108,66,5,25.180537950492504,0.47677606731682487,0.8513997106635237,0,1189.447021484375
49111.0,2.0,108,67,4,27.1584981873871,0.30094786539839147,0.682842712474619,0,1189.447021484375
49111.0,2.0,108,68,5,21.88231108062224,0.42687665224783666,0.613407053921902,0,1189.447021484375
49111.0,2.0,109,1,1,25.248219413840474,2.7817720098781833,0.613407053921902,0,1189.583984375
49111.0,2.0,109,2,2,24.015761937341573,2.6486412878112535,0.8513997106635237,0,1189.583984375
49111.0,2.0,109,3,4,19.282014155620672,2.723469195889488,0.682842712474619,0,1189.583984375
49111.0,2.0,109,4,1,28.839514090299314,2.5986374081417343,0.682842712474619,0,1189.583984375
49111.0,2.0,109,5,4,20.96802432602808,2.568763016562213,0.848528137423857,0,1189.583984375
49111.0,2.0,109,6,2,25.8769935593456,2.527987190983926,0.848528137423857,0,1189.583984375
49111.0,2.0,109,7,5,14.623157688040248,2.4881257616030967,0.613407053921902,0,1189.583984375
49111.0,2.0,109,8,5,18.098598477306094,2.4626831498517605,0.8513997106635237,0,1189.583984375
49111.0,2.0,109,9,2,23.076395263911014,2.4396513230646772,0.848528137423857,0,1189.583984375
49111.0,2.0,109,10,2,28.062087768192924,2.4247977504041667,0.8513997106635237,0,1189.583984375
49111.0,2.0,109,11,1,31.554766612719842,2.4171941343864227,0.613407053921902,0,1189.583984375
49111.0,2.0,109,12,4,20.50417618637959,2.328081953156943,0.848528137423857,0,1189.583984375
49111.0,2.0,109,13,4,25.50258795917787,2.3335926825371804,0.848528137423857,0,1189.583984375
49111.0,2.0,109,14,5,18.257120906318633,2.186885661114114,0.682842712474619,0,1189.583984375
49111.0,2.0,109,15,5,23.200931345992238,2.2232067828193296,0.8513997106635237,0,1189.583984375
49111.0,2.0,109,16,4,28.164587106061994,2.246748209419205,0.682842712474619,0,1189.583984375
49111.0,2.0,109,17,5,23.91793162426631,2.077651717670873,0.613407053921902,0,1189.583984375
49111.0,2.0,109,18,1,43.20470616558133,1.3466629638312957,0.613407053921902,0,1189.583984375
49111.0,2.0,109,19,2,40.2847663142358,1.3929228720715203,0.8513997106635237,0,1189.583984375
49111.0,2.0,109,20,4,37.655034795616366,1.283681432000325,0.6466890965784271,0,1189.583984375
49111.0,2.0,109,21,1,43.333856838805566,1.48780202052943,0.682842712474619,0,1189.583984375
49111.0,2.0,109,22,4,36.810330380930274,1.3759278622841533,0.848528137423857,0,1189.583984375
49111.0,2.0,109,23,2,39.81157085932112,1.4804400870107357,0.848528137423857,0,1189.583984375
49111.0,2.0,109,24,5,31.59772020954096,1.26200680176206,0.4815389220537701,0,1189.583984375
49111.0,2.0,109,26,2,36.29186134724144,1.471649625783983,0.848528137423857,0,1189.583984375
49111.0,2.0,109,27,2,39.649211235293265,1.5693638347050505,0.8513997106635237,0,1189.583984375
49111.0,2.0,109,28,1,42.19339376791539,1.628137025748539,0.613407053921902,0,1189.583984375
49111.0,2.0,109,30,4,36.113681304203205,1.5692237311372301,0.848528137423857,0,1189.583984375
49111.0,2.0,109,31,5,29.263889891275536,1.4477299802521824,0.5276927682076162,0,1189.583984375
49111.0,2.0,109,32,5,32.57815223584982,1.569053218214218,0.7685569981889047,0,1189.583984375
49111.0,2.0,109,33,4,36.280804217047276,1.666827668469403,0.682842712474619,0,1189.583984375
49111.0,2.0,109,34,5,30.20019478812303,1.6509508161839277,0.613407053921902,0,1189.583984375
49111.0,2.0,109,35,1,12.558187543128232,4.518623138317046,0.613407053921902,0,1189.583984375
49111.0,2.0,109,36,2,9.848467506674043,4.71814905798624,0.8513997106635237,0,1189.583984375
49111.0,2.0,109,37,4,7.207847373767202,4.20872151270139,0.6466890965784271,0,1189.583984375
49111.0,2.0,109,38,1,13.857545262293252,4.974611236938675,0.682842712474619,0,1189.583984375
49111.0,2.0,109,39,4,6.31302514404654,4.721375694803293,0.848528137423857,0,1189.583984375
49111.0,2.0,109,40,2,10.483011730216443,5.062151344673235,0.848528137423857,0,1189.583984375
49111.0,2.0,109,41,5,2.4369626140277596,3.2659853194669557,0.47153869179611585,0,1189.583984375
49111.0,2.0,109,43,2,7.263298780526993,5.229737999688466,0.848528137423857,0,1189.583984375
49111.0,2.0,109,44,2,12.157086725103865,5.338882555899453,0.8513997106635237,0,1189.583984375
49111.0,2.0,109,45,1,15.62281125688462,5.374339658632837,0.613407053921902,0,1189.583984375
49111.0,2.0,109,46,4,4.540647906913096,-0.6581317342551198,0.765685424949238,0,1189.583984375
49111.0,2.0,109,47,4,9.521382876507277,-0.7248335560292705,0.848528137423857,0,1189.583984375
49111.0,2.0,109,49,5,7.649752029993871,-0.3715396854713937,0.8513997106635237,1,1189.583984375
49111.0,2.0,109,50,4,12.391850329425669,-0.5345227151469079,0.682842712474619,0,1189.583984375
49111.0,2.0,109,51,5,9.60744211442508,-0.03147829903161581,0.6034068236642477,0,1189.583984375
49111.0,2.0,109,52,1,37.24086633864969,0.5961990884210437,0.613407053921902,0,1189.583984375
49111.0,2.0,109,53,2,33.809730667243386,0.5767286614450962,0.8513997106635237,0,1189.583984375
49111.0,2.0,109,54,4,33.136967865588524,0.7248858422302953,0.682842712474619,0,1189.583984375
49111.0,2.0,109,55,1,35.18717289379796,0.437262156790738,0.682842712474619,0,1189.583984375
49111.0,2.0,109,56,4,30.90625608328671,0.6391473829402916,0.848528137423857,0,1189.583984375
49111.0,2.0,109,57,2,32.019305325884076,0.48403739440231974,0.848528137423857,0,1189.583984375
49111.0,2.0,109,58,5,28.116151380537694,0.838632424438728,0.613407053921902,0,1189.583984375
49111.0,2.0,109,59,5,28.147743113433727,0.7141433897318146,0.8513997106635237,0,1189.583984375
49111.0,2.0,109,60,2,28.936736008858144,0.5409261894802679,0.848528137423857,0,1189.583984375
49111.0,2.0,109,61,2,30.534798825484984,0.3813714033596569,0.8513997106635237,0,1189.583984375
49111.0,2.0,109,62,1,32.07259598534836,0.280861114008097,0.613407053921902,0,1189.583984375
49111.0,2.0,109,63,4,25.969856914132322,0.6110864451774558,0.848528137423857,0,1189.583984375
49111.0,2.0,109,64,4,27.285027333814384,0.42961832935604316,0.848528137423857,0,1189.583984375
49111.0,2.0,109,65,5,23.163165704079944,0.698775046993058,0.682842712474619,0,1189.583984375
49111.0,2.0,109,66,5,24.11579345369248,0.4907216672255239,0.8513997106635237,0,1189.583984375
49111.0,2.0,109,67,4,26.01174239391988,0.3057328948042901,0.682842712474619,0,1189.583984375
49111.0,2.0,109,68,5,20.79151884878841,0.4418119768148381,0.613407053921902,0,1189.583984375
49111.0,2.0,110,1,1,29.788802773791407,2.83854281360462,0.613407053921902,0,1190.116943359375
49111.0,2.0,110,2,2,28.33545965489905,2.7288955880143586,0.8513997106635237,0,1190.116943359375
49111.0,2.0,110,3,4,23.748610012240075,2.805634274731416,0.682842712474619,0,1190.116943359375
49111.0,2.0,110,4,1,33.04239806968245,2.673767279148772,0.682842712474619,0,1190.116943359375
49111.0,2.0,110,5,4,25.136794731401874,2.672452463048904,0.848528137423857,0,1190.116943359375
49111.0,2.0,110,6,2,29.929254011912416,2.620471592765469,0.848528137423857,0,1190.116943359375
49111.0,2.0,110,7,5,18.663798312353105,2.6451256254107407,0.613407053921902,0,1190.116943359375
49111.0,2.0,110,8,5,22.041293629976764,2.599866098745381,0.8513997106635237,0,1190.116943359375
49111.0,2.0,110,9,2,26.920631887528135,2.5550407249801292,0.848528137423857,0,1190.116943359375
49111.0,2.0,110,10,2,31.83743421767431,2.5240131970204156,0.8513997106635237,0,1190.116943359375
49111.0,2.0,110,11,1,35.293108038304005,2.507448223877953,0.613407053921902,0,1190.116943359375
49111.0,2.0,110,12,4,24.055780942177243,2.473602303647181,0.848528137423857,0,1190.116943359375
49111.0,2.0,110,13,4,29.027269817861963,2.45342413631853,0.848528137423857,0,1190.116943359375
49111.0,2.0,110,14,5,21.39254010752905,2.371052803362106,0.682842712474619,0,1190.116943359375
49111.0,2.0,110,15,5,26.39209291801583,2.368238517917117,0.8513997106635237,0,1190.116943359375
49111.0,2.0,110,16,4,31.39178817675291,2.3663206701235597,0.682842712474619,0,1190.116943359375
49111.0,2.0,110,17,5,26.581348192891774,2.2361934018668235,0.613407053921902,0,1190.116943359375
49111.0,2.0,110,18,1,42.39694512542218,1.4572762082938846,0.613407053921902,0,1190.116943359375
49111.0,2.0,110,19,2,39.71744519489503,1.512156011267702,0.8513997106635237,0,1190.116943359375
49111.0,2.0,110,20,4,36.58652288027037,1.4098451374879013,0.682842712474619,0,1190.116943359375
49111.0,2.0,110,21,1,43.201588502628375,1.5987580835267705,0.682842712474619,0,1190.116943359375
49111.0,2.0,110,22,4,36.188582190441316,1.506429976694672,0.848528137423857,0,1190.116943359375
49111.0,2.0,110,23,2,39.66755950767918,1.6012497172534172,0.848528137423857,0,1190.116943359375
49111.0,2.0,110,24,5,30.483934320564714,1.412591615794062,0.613407053921902,0,1190.116943359375
49111.0,2.0,110,25,5,32.66116209045788,1.4994668423543294,0.8513997106635237,0,1190.116943359375
49111.0,2.0,110,26,2,36.13382494893261,1.6042287149914807,0.848528137423857,0,1190.116943359375
49111.0,2.0,110,27,2,39.931880769393366,1.6898637273051562,0.8513997106635237,0,1190.116943359375
49111.0,2.0,110,28,1,42.737996668301,1.7405049154895758,0.613407053921902,0,1190.116943359375
49111.0,2.0,110,29,4,32.60048057291398,1.6078534975702246,0.848528137423857,0,1190.116943359375
49111.0,2.0,110,30,4,36.423798949668665,1.7013938892469098,0.848528137423857,0,1190.116943359375
49111.0,2.0,110,31,5,29.067668666918888,1.6123594459858896,0.682842712474619,0,1190.116943359375
49111.0,2.0,110,32,5,32.92159106226065,1.7153794180358832,0.8513997106635237,0,1190.116943359375
49111.0,2.0,110,33,4,37.05041098843119,1.796147992568048,0.682842712474619,0,1190.116943359375
49111.0,2.0,110,34,5,30.956512318285327,1.8061351153131575,0.613407053921902,0,1190.116943359375
49111.0,2.0,110,35,1,14.281526271732591,4.18252702791808,0.613407053921902,0,1190.116943359375
49111.0,2.0,110,36,2,10.931033611180489,4.263547174325337,0.8513997106635237,0,1190.116943359375
49111.0,2.0,110,37,4,10.411017824867074,3.793063942836952,0.6466890965784271,0,1190.116943359375
49111.0,2.0,110,38,1,13.438217867999283,4.622398810958474,0.682842712474619,0,1190.116943359375
49111.0,2.0,110,39,4,7.896167910063788,4.06801232034044,0.848528137423857,0,1190.116943359375
49111.0,2.0,110,40,2,9.922079989749061,4.590369410755143,0.848528137423857,0,1190.116943359375
49111.0,2.0,110,41,5,7.224451325723247,3.1834603979209977,0.47153869179611585,0,1190.116943359375
49111.0,2.0,110,43,2,6.427257827265242,4.523363126121662,0.848528137423857,0,1190.116943359375
49111.0,2.0,110,44,2,10.119676221954927,4.944499408449957,0.8513997106635237,0,1190.116943359375
49111.0,2.0,110,45,1,13.225981604347568,5.084012210772905,0.613407053921902,0,1190.116943359375
49111.0,2.0,110,46,4,3.0284674396971645,4.302198012239294,0.682842712474619,0,1190.116943359375
49111.0,2.0,110,47,4,6.728284974075007,5.065669861133418,0.848528137423857,0,1190.116943359375
49111.0,2.0,110,50,4,8.615683037727463,5.4608970732431485,0.6466890965784271,0,1190.116943359375
49111.0,2.0,110,51,5,4.812202583650903,-0.06287113201922656,0.47153869179611585,1,1190.116943359375
49111.0,2.0,110,52,1,33.37798942300757,0.6770393046776999,0.613407053921902,0,1190.116943359375
49111.0,2.0,110,53,2,29.900914279731243,0.6643796868573459,0.8513997106635237,0,1190.116943359375
49111.0,2.0,110,54,4,29.714751742270675,0.8322022143362915,0.682842712474619,0,1190.116943359375
49111.0,2.0,110,55,1,30.905709479364702,0.50308207980323,0.682842712474619,0,1190.116943359375
49111.0,2.0,110,56,4,27.20486168407431,0.7445947216611786,0.848528137423857,0,1190.116943359375
49111.0,2.0,110,57,2,27.86041462198063,0.5643028689089757,0.848528137423857,0,1190.116943359375
49111.0,2.0,110,58,5,25.16198682882679,0.9809936175586034,0.613407053921902,0,1190.116943359375
49111.0,2.0,110,59,5,24.72133337292698,0.841664660242224,0.8513997106635237,0,1190.116943359375
49111.0,2.0,110,60,2,24.944789584088515,0.6401786665130957,0.848528137423857,0,1190.116943359375
49111.0,2.0,110,61,2,26.140786733637313,0.4497716168819541,0.8513997106635237,0,1190.116943359375
49111.0,2.0,110,62,1,27.492898603363905,0.3292779013112188,0.613407053921902,0,1190.116943359375
49111.0,2.0,110,63,4,22.209960645625415,0.7354106663944333,0.848528137423857,0,1190.116943359375
49111.0,2.0,110,64,4,23.008271459179355,0.5166277912134092,0.848528137423857,0,1190.116943359375
49111.0,2.0,110,65,5,19.73124872799511,0.8559151294146188,0.682842712474619,0,1190.116943359375
49111.0,2.0,110,66,5,20.01050674083658,0.6040116780574771,0.8513997106635237,0,1190.116943359375
49111.0,2.0,110,67,4,21.482983584319097,0.37303951367929145,0.682842712474619,0,1190.116943359375
49111.0,2.0,110,68,5,16.57995406708043,0.5659211275508298,0.613407053921902,0,1190.116943359375
49111.0,2.0,111,1,1,30.933766351302356,2.8437000437387585,0.613407053921902,0,1190.1810302734375
49111.0,2.0,111,2,2,29.435434469017896,2.738828904030961,0.8513997106635237,0,1190.1810302734375
49111.0,2.0,111,3,4,24.882025739611763,2.815170576273372,0.682842712474619,0,1190.1810302734375
49111.0,2.0,111,4,1,34.11413782954204,2.683172478438347,0.682842712474619,0,1190.1810302734375
49111.0,2.0,111,5,4,26.209171061228947,2.6867589113360153,0.848528137423857,0,1190.1810302734375
49111.0,2.0,111,6,2,30.971765290178496,2.633318435913048,0.848528137423857,0,1190.1810302734375
49111.0,2.0,111,7,5,19.723482826886173,2.6677976530439262,0.613407053921902,0,1190.1810302734375
49111.0,2.0,111,8,5,23.07371866547902,2.6203136949501213,0.8513997106635237,0,1190.1810302734375
49111.0,2.0,111,9,2,27.923575890756172,2.5723994755091306,0.848528137423857,0,1190.1810302734375
49111.0,2.0,111,10,2,32.81852659702998,2.5387189501507708,0.8513997106635237,0,1190.1810302734375
49111.0,2.0,111,11,1,36.262051875633915,2.5205664146521416,0.613407053921902,0,1190.1810302734375
49111.0,2.0,111,12,4,25.00403839110262,2.4969159581969125,0.848528137423857,0,1190.1810302734375
49111.0,2.0,111,13,4,29.95883064034506,2.4724046824945867,0.848528137423857,0,1190.1810302734375
49111.0,2.0,111,14,5,22.263822250472796,2.40219183432466,0.682842712474619,0,1190.1810302734375
49111.0,2.0,111,15,5,27.25816168918572,2.3925366551323655,0.8513997106635237,0,1190.1810302734375
49111.0,2.0,111,16,4,32.25425516341893,2.3858721253312964,0.682842712474619,0,1190.1810302734375
49111.0,2.0,111,17,5,27.332293726957367,2.2642498071034423,0.613407053921902,0,1190.1810302734375
49111.0,2.0,111,18,1,42.26987117627056,1.4787961639786742,0.613407053921902,0,1190.1810302734375
49111.0,2.0,111,19,2,39.65722011885891,1.5356872198296978,0.8513997106635237,0,1190.1810302734375
49111.0,2.0,111,20,4,36.405569767310105,1.4356825012685877,0.682842712474619,0,1190.1810302734375
49111.0,2.0,111,21,1,43.24378227015732,1.6198370401956748,0.682842712474619,0,1190.1810302734375
49111.0,2.0,111,22,4,36.12325656340482,1.5329034192207416,0.848528137423857,0,1190.1810302734375
49111.0,2.0,111,23,2,39.71421989941026,1.6247934548279743,0.848528137423857,0,1190.1810302734375
49111.0,2.0,111,24,5,30.31012213278445,1.444986437468049,0.613407053921902,0,1190.1810302734375
49111.0,2.0,111,25,5,32.589633657583676,1.529515904551872,0.8513997106635237,0,1190.1810302734375
49111.0,2.0,111,26,2,36.18582345903787,1.6307166167304274,0.848528137423857,0,1190.1810302734375
49111.0,2.0,111,27,2,40.084204081929826,1.7129480347863844,0.8513997106635237,0,1190.1810302734375
49111.0,2.0,111,28,1,42.9490877099037,1.761409973423679,0.613407053921902,0,1190.1810302734375
49111.0,2.0,111,29,4,32.65897084414322,1.6379193670530796,0.848528137423857,0,1190.1810302734375
49111.0,2.0,111,30,4,36.59150139133049,1.727274213095528,0.848528137423857,0,1190.1810302734375
49111.0,2.0,111,31,5,29.134222724976517,1.6468655015372178,0.682842712474619,0,1190.1810302734375
49111.0,2.0,111,32,5,33.107892280567825,1.7446194008150075,0.8513997106635237,0,1190.1810302734375
49111.0,2.0,111,33,4,37.32910565141934,1.8208657271633233,0.682842712474619,0,1190.1810302734375
49111.0,2.0,111,34,5,31.250370070749593,1.8368749328807967,0.613407053921902,0,1190.1810302734375
49111.0,2.0,111,35,1,14.930516261606588,4.10673362285258,0.613407053921902,0,1190.1810302734375
49111.0,2.0,111,36,2,11.509440366107277,4.163121359044442,0.8513997106635237,0,1190.1810302734375
49111.0,2.0,111,37,4,11.392840515609974,3.723054341974393,0.6466890965784271,0,1190.1810302734375
49111.0,2.0,111,38,1,13.606528582553123,4.527846821689396,0.682842712474619,0,1190.1810302734375
49111.0,2.0,111,39,4,8.675981809054132,3.951112273317082,0.848528137423857,0,1190.1810302734375
49111.0,2.0,111,40,2,10.146086086658919,4.466149652092472,0.848528137423857,0,1190.1810302734375
49111.0,2.0,111,41,5,8.423705917961403,3.1717816493170385,0.47153869179611585,0,1190.1810302734375
49111.0,2.0,111,43,2,6.763764165607216,4.341793149499321,0.848528137423857,0,1190.1810302734375
49111.0,2.0,111,44,2,9.920630434342758,4.819670624257235,0.8513997106635237,0,1190.1810302734375
49111.0,2.0,111,45,1,12.846719035754095,4.989986474148414,0.613407053921902,0,1190.1810302734375
49111.0,2.0,111,46,4,3.681568755029691,3.9929262764935682,0.682842712474619,0,1190.1810302734375
49111.0,2.0,111,47,4,6.420619208835419,4.882319700870605,0.848528137423857,0,1190.1810302734375
49111.0,2.0,111,50,4,7.854947253914594,5.341376510158488,0.6466890965784271,0,1190.1810302734375
49111.0,2.0,111,52,1,32.44633144778685,0.6933512653068477,0.613407053921902,0,1190.1810302734375
49111.0,2.0,111,53,2,28.960620206010105,0.6830446100024661,0.8513997106635237,0,1190.1810302734375
49111.0,2.0,111,54,4,28.914479421042763,0.8560388231755429,0.682842712474619,0,1190.1810302734375
49111.0,2.0,111,55,1,29.85612039839765,0.5155589768691378,0.682842712474619,0,1190.1810302734375
49111.0,2.0,111,56,4,26.32948304429555,0.76859307732669,0.848528137423857,0,1190.1810302734375
49111.0,2.0,111,57,2,26.849805956593098,0.581288284866613,0.848528137423857,0,1190.1810302734375
49111.0,2.0,111,58,5,24.508091526557795,1.014844236071218,0.613407053921902,0,1190.1810302734375
49111.0,2.0,111,59,5,23.932526653968917,0.8721737059155799,0.8513997106635237,0,1190.1810302734375
49111.0,2.0,111,60,2,23.988252011553243,0.6631283525477643,0.848528137423857,0,1190.1810302734375
49111.0,2.0,111,61,2,25.062055723676053,0.4636346750454512,0.8513997106635237,0,1190.1810302734375
49111.0,2.0,111,62,1,26.357653895319334,0.33704593751794354,0.613407053921902,0,1190.1810302734375
49111.0,2.0,111,63,4,21.329800496790263,0.7662155910534714,0.848528137423857,0,1190.1810302734375
49111.0,2.0,111,64,4,21.968859591697736,0.536626881687313,0.848528137423857,0,1190.1810302734375
49111.0,2.0,111,65,5,18.960077634228192,0.8967811250355273,0.682842712474619,0,1190.1810302734375
49111.0,2.0,111,66,5,19.03036905640076,0.6328169401316548,0.8513997106635237,0,1190.1810302734375
49111.0,2.0,111,67,4,20.367261694927745,0.38748008406259826,0.682842712474619,0,1190.1810302734375
49111.0,2.0,111,68,5,15.575880222958018,0.6001385231438925,0.613407053921902,1,1190.1810302734375
49111.0,2.0,112,1,1,38.8947965028954,2.324012310031196,0.613407053921902,0,1191.3199462890625
49111.0,2.0,112,2,2,36.59002714697761,2.254176289610103,0.8513997106635237,0,1191.3199462890625
49111.0,2.0,112,3,4,32.8648031819021,2.3503875424616636,0.682842712474619,0,1191.3199462890625
49111.0,2.0,112,4,1,40.59020676281355,2.176318103182874,0.682842712474619,0,1191.3199462890625
49111.0,2.0,112,5,4,33.07483564343268,2.243289747608439,0.848528137423857,0,1191.3199462890625
49111.0,2.0,112,6,2,37.117105911849876,2.159275670857771,0.848528137423857,0,1191.3199462890625
49111.0,2.0,112,7,5,26.882988304160556,2.309623931366858,0.613407053921902,0,1191.3199462890625
49111.0,2.0,112,8,5,29.564495921013275,2.229816050893378,0.8513997106635237,0,1191.3199462890625
49111.0,2.0,112,9,2,33.65700844541902,2.1387221189115904,0.848528137423857,0,1191.3199462890625
49111.0,2.0,112,10,2,37.96747313064702,2.067827824459749,0.8513997106635237,0,1191.3199462890625
49111.0,2.0,112,11,1,41.077893992126484,2.027189821846746,0.613407053921902,0,1191.3199462890625
49111.0,2.0,112,12,4,30.2143820674614,2.1134720338335944,0.848528137423857,0,1191.3199462890625
49111.0,2.0,112,13,4,34.59253795473714,2.0387579571664713,0.848528137423857,0,1191.3199462890625
49111.0,2.0,112,14,5,26.79596144836119,2.0817547724221104,0.682842712474619,0,1191.3199462890625
49111.0,2.0,112,15,5,31.25313341688247,2.003440429269527,0.8513997106635237,0,1191.3199462890625
49111.0,2.0,112,16,4,35.85377451266257,1.9449372436270704,0.682842712474619,0,1191.3199462890625
49111.0,2.0,112,17,5,29.95468644450096,1.897163215647717,0.613407053921902,0,1191.3199462890625
49111.0,2.0,112,18,1,34.943783785661516,0.9475278772824908,0.613407053921902,0,1191.3199462890625
49111.0,2.0,112,19,2,33.023372535889585,1.0336920679851203,0.8513997106635237,0,1191.3199462890625
49111.0,2.0,112,20,4,28.841087621876365,0.9448737348683647,0.682842712474619,0,1191.3199462890625
49111.0,2.0,112,21,1,37.4069235847529,1.1021352564134514,0.682842712474619,0,1191.3199462890625
49111.0,2.0,112,22,4,29.609013306579875,1.0630407028566933,0.848528137423857,0,1191.3199462890625
49111.0,2.0,112,23,2,34.06506226943701,1.1344673925743467,0.848528137423857,0,1191.3199462890625
49111.0,2.0,112,24,5,23.16203457022556,1.0314013895767795,0.613407053921902,0,1191.3199462890625
49111.0,2.0,112,25,5,26.22678410202634,1.099998051566244,0.8513997106635237,0,1191.3199462890625
49111.0,2.0,112,26,2,30.766524060506057,1.17378111501658,0.848528137423857,0,1191.3199462890625
49111.0,2.0,112,27,2,35.43040786100401,1.2283754041165231,0.8513997106635237,0,1191.3199462890625
49111.0,2.0,112,28,1,38.74504045809053,1.258711411655364,0.613407053921902,0,1191.3199462890625
49111.0,2.0,112,29,4,27.526887548554697,1.2224392832082733,0.848528137423857,0,1191.3199462890625
49111.0,2.0,112,30,4,32.271726581361776,1.2753514398245374,0.848528137423857,0,1191.3199462890625
49111.0,2.0,112,31,5,24.36965476685817,1.283884310004896,0.682842712474619,0,1191.3199462890625
49111.0,2.0,112,32,5,29.199569720926533,1.332361513412327,0.8513997106635237,0,1191.3199462890625
49111.0,2.0,112,33,4,34.07858081432744,1.3670210119139445,0.682842712474619,0,1191.3199462890625
49111.0,2.0,112,34,5,28.576038568568872,1.4516594156010427,0.613407053921902,0,1191.3199462890625
49111.0,2.0,112,35,1,26.653262547261747,3.2026557747031625,0.613407053921902,0,1191.3199462890625
49111.0,2.0,112,36,2,23.160770626820252,3.211877884045113,0.8513997106635237,0,1191.3199462890625
49111.0,2.0,112,37,4,23.348577996519964,2.9966018695616388,0.6466890965784271,0,1191.3199462890625
49111.0,2.0,112,38,1,24.03510968555757,3.420912252588293,0.682842712474619,0,1191.3199462890625
49111.0,2.0,112,39,4,20.622093993654047,3.099223472473697,0.848528137423857,0,1191.3199462890625
49111.0,2.0,112,40,2,21.01275713112646,3.339259005535391,0.848528137423857,0,1191.3199462890625
49111.0,2.0,112,41,5,19.364518693734745,2.778729642615084,0.47153869179611585,0,1191.3199462890625
49111.0,2.0,112,43,2,18.176507555265623,3.2311972568621297,0.848528137423857,0,1191.3199462890625
49111.0,2.0,112,44,2,19.278242359593673,3.492479246835739,0.8513997106635237,0,1191.3199462890625
49111.0,2.0,112,45,1,20.74334277722022,3.651597745873311,0.613407053921902,0,1191.3199462890625
49111.0,2.0,112,46,4,15.62801623884333,3.0856715917895126,0.682842712474619,0,1191.3199462890625
49111.0,2.0,112,47,4,16.140015276639435,3.4001334840247175,0.848528137423857,0,1191.3199462890625
49111.0,2.0,112,50,4,14.683826454765812,3.609792061406815,0.6466890965784271,0,1191.3199462890625
49111.0,2.0,112,52,1,20.46116405952217,-0.07957700145881863,0.613407053921902,0,1191.3199462890625
49111.0,2.0,112,53,2,16.97452040723884,-0.09596851631859149,0.8513997106635237,0,1191.3199462890625
49111.0,2.0,112,54,4,17.2298909307971,0.19706531466161636,0.682842712474619,0,1191.3199462890625
49111.0,2.0,112,55,1,18.149367609489076,-0.37375122660846016,0.682842712474619,0,1191.3199462890625
49111.0,2.0,112,56,4,14.422887257142438,0.060599147987997926,0.848528137423857,0,1191.3199462890625
49111.0,2.0,112,57,2,14.976143642501738,-0.2791509536987724,0.848528137423857,0,1191.3199462890625
49111.0,2.0,112,58,5,13.739336574620088,0.5239191413370794,0.613407053921902,0,1191.3199462890625
49111.0,2.0,112,59,5,12.36547656213523,0.2763171732272085,0.8513997106635237,0,1191.3199462890625
49111.0,2.0,112,60,2,12.007090079503827,-0.13588106715263182,0.848528137423857,0,1191.3199462890625
49111.0,2.0,112,61,2,13.617467229478569,-0.5082155910649262,0.8513997106635237,0,1191.3199462890625
49111.0,2.0,112,62,1,15.62277359638631,-0.7052046115284956,0.613407053921902,0,1191.3199462890625
49111.0,2.0,112,63,4,9.436924602527734,0.09269247586210927,0.848528137423857,0,1191.3199462890625
49111.0,2.0,112,64,4,10.262589708372674,-0.413802134776992,0.848528137423857,0,1191.3199462890625
49111.0,2.0,112,65,5,7.677296381556936,0.4549416226644152,0.682842712474619,0,1191.3199462890625
49111.0,2.0,112,66,5,7.085624975883972,-0.23161747841970914,0.765685424949238,1,1191.3199462890625
49111.0,2.0,112,67,4,9.564062048495622,-0.7654426478795795,0.682842712474619,0,1191.3199462890625
49111.0,2.0,113,1,1,38.8947965028954,2.324012310031196,0.613407053921902,0,1191.6259765625
49111.0,2.0,113,2,2,36.59002714697761,2.254176289610103,0.8513997106635237,0,1191.6259765625
49111.0,2.0,113,3,4,32.8648031819021,2.3503875424616636,0.682842712474619,0,1191.6259765625
49111.0,2.0,113,4,1,40.59020676281355,2.176318103182874,0.682842712474619,0,1191.6259765625
49111.0,2.0,113,5,4,33.07483564343268,2.243289747608439,0.848528137423857,0,1191.6259765625
49111.0,2.0,113,6,2,37.117105911849876,2.159275670857771,0.848528137423857,0,1191.6259765625
49111.0,2.0,113,7,5,26.882988304160556,2.309623931366858,0.613407053921902,0,1191.6259765625
49111.0,2.0,113,8,5,29.564495921013275,2.229816050893378,0.8513997106635237,0,1191.6259765625
49111.0,2.0,113,9,2,33.65700844541902,2.1387221189115904,0.848528137423857,0,1191.6259765625
49111.0,2.0,113,10,2,37.96747313064702,2.067827824459749,0.8513997106635237,0,1191.6259765625
49111.0,2.0,113,11,1,41.077893992126484,2.027189821846746,0.613407053921902,0,1191.6259765625
49111.0,2.0,113,12,4,30.2143820674614,2.1134720338335944,0.848528137423857,0,1191.6259765625
49111.0,2.0,113,13,4,34.59253795473714,2.0387579571664713,0.848528137423857,0,1191.6259765625
49111.0,2.0,113,14,5,26.79596144836119,2.0817547724221104,0.682842712474619,0,1191.6259765625
49111.0,2.0,113,15,5,31.25313341688247,2.003440429269527,0.8513997106635237,0,1191.6259765625
49111.0,2.0,113,16,4,35.85377451266257,1.9449372436270704,0.682842712474619,0,1191.6259765625
49111.0,2.0,113,17,5,29.95468644450096,1.897163215647717,0.613407053921902,0,1191.6259765625
49111.0,2.0,113,18,1,34.943783785661516,0.9475278772824908,0.613407053921902,0,1191.6259765625
49111.0,2.0,113,19,2,33.023372535889585,1.0336920679851203,0.8513997106635237,0,1191.6259765625
49111.0,2.0,113,20,4,28.841087621876365,0.9448737348683647,0.682842712474619,0,1191.6259765625
49111.0,2.0,113,21,1,37.4069235847529,1.1021352564134514,0.682842712474619,0,1191.6259765625
49111.0,2.0,113,22,4,29.609013306579875,1.0630407028566933,0.848528137423857,0,1191.6259765625
49111.0,2.0,113,23,2,34.06506226943701,1.1344673925743467,0.848528137423857,0,1191.6259765625
49111.0,2.0,113,24,5,23.16203457022556,1.0314013895767795,0.613407053921902,0,1191.6259765625
49111.0,2.0,113,25,5,26.22678410202634,1.099998051566244,0.8513997106635237,0,1191.6259765625
49111.0,2.0,113,26,2,30.766524060506057,1.17378111501658,0.848528137423857,0,1191.6259765625
49111.0,2.0,113,27,2,35.43040786100401,1.2283754041165231,0.8513997106635237,0,1191.6259765625
49111.0,2.0,113,28,1,38.74504045809053,1.258711411655364,0.613407053921902,0,1191.6259765625
49111.0,2.0,113,29,4,27.526887548554697,1.2224392832082733,0.848528137423857,0,1191.6259765625
49111.0,2.0,113,30,4,32.271726581361776,1.2753514398245374,0.848528137423857,0,1191.6259765625
49111.0,2.0,113,31,5,24.36965476685817,1.283884310004896,0.682842712474619,0,1191.6259765625
49111.0,2.0,113,32,5,29.199569720926533,1.332361513412327,0.8513997106635237,0,1191.6259765625
49111.0,2.0,113,33,4,34.07858081432744,1.3670210119139445,0.682842712474619,0,1191.6259765625
49111.0,2.0,113,34,5,28.576038568568872,1.4516594156010427,0.613407053921902,0,1191.6259765625
49111.0,2.0,113,35,1,26.653262547261747,3.2026557747031625,0.613407053921902,0,1191.6259765625
49111.0,2.0,113,36,2,23.160770626820252,3.211877884045113,0.8513997106635237,0,1191.6259765625
49111.0,2.0,113,37,4,23.348577996519964,2.9966018695616388,0.6466890965784271,0,1191.6259765625
49111.0,2.0,113,38,1,24.03510968555757,3.420912252588293,0.682842712474619,0,1191.6259765625
49111.0,2.0,113,39,4,20.622093993654047,3.099223472473697,0.848528137423857,0,1191.6259765625
49111.0,2.0,113,40,2,21.01275713112646,3.339259005535391,0.848528137423857,0,1191.6259765625
49111.0,2.0,113,41,5,19.364518693734745,2.778729642615084,0.47153869179611585,0,1191.6259765625
49111.0,2.0,113,43,2,18.176507555265623,3.2311972568621297,0.848528137423857,0,1191.6259765625
49111.0,2.0,113,44,2,19.278242359593673,3.492479246835739,0.8513997106635237,0,1191.6259765625
49111.0,2.0,113,45,1,20.74334277722022,3.651597745873311,0.613407053921902,0,1191.6259765625
49111.0,2.0,113,46,4,15.62801623884333,3.0856715917895126,0.682842712474619,0,1191.6259765625
49111.0,2.0,113,47,4,16.140015276639435,3.4001334840247175,0.848528137423857,0,1191.6259765625
49111.0,2.0,113,50,4,14.683826454765812,3.609792061406815,0.6466890965784271,0,1191.6259765625
49111.0,2.0,113,52,1,20.46116405952217,-0.07957700145881863,0.613407053921902,0,1191.6259765625
49111.0,2.0,113,53,2,16.97452040723884,-0.09596851631859149,0.8513997106635237,0,1191.6259765625
49111.0,2.0,113,54,4,17.2298909307971,0.19706531466161636,0.682842712474619,0,1191.6259765625
49111.0,2.0,113,55,1,18.149367609489076,-0.37375122660846016,0.682842712474619,0,1191.6259765625
49111.0,2.0,113,56,4,14.422887257142438,0.060599147987997926,0.848528137423857,0,1191.6259765625
49111.0,2.0,113,57,2,14.976143642501738,-0.2791509536987724,0.848528137423857,0,1191.6259765625
49111.0,2.0,113,58,5,13.739336574620088,0.5239191413370794,0.613407053921902,0,1191.6259765625
49111.0,2.0,113,59,5,12.36547656213523,0.2763171732272085,0.8513997106635237,1,1191.6259765625
49111.0,2.0,113,60,2,12.007090079503827,-0.13588106715263182,0.848528137423857,0,1191.6259765625
49111.0,2.0,113,61,2,13.617467229478569,-0.5082155910649262,0.8513997106635237,0,1191.6259765625
49111.0,2.0,113,62,1,15.62277359638631,-0.7052046115284956,0.613407053921902,0,1191.6259765625
49111.0,2.0,113,63,4,9.436924602527734,0.09269247586210927,0.848528137423857,0,1191.6259765625
49111.0,2.0,113,64,4,10.262589708372674,-0.413802134776992,0.848528137423857,0,1191.6259765625
49111.0,2.0,113,65,5,7.677296381556936,0.4549416226644152,0.6466890965784271,0,1191.6259765625
49111.0,2.0,113,67,4,9.564062048495622,-0.7654426478795795,0.6466890965784271,0,1191.6259765625
49111.0,2.0,114,1,1,42.850215885509506,1.7508968320697447,0.613407053921902,0,1192.2030029296875
49111.0,2.0,114,2,2,40.02163102734502,1.7011151214069862,0.8513997106635237,0,1192.2030029296875
49111.0,2.0,114,3,4,37.18750426631187,1.8079400042424818,0.682842712474619,0,1192.2030029296875
49111.0,2.0,114,4,1,43.249871983867514,1.6093096532742965,0.682842712474619,0,1192.2030029296875
49111.0,2.0,114,5,4,36.51896713848368,1.7136964622535649,0.848528137423857,0,1192.2030029296875
49111.0,2.0,114,6,2,39.71719322149582,1.6127372309352754,0.848528137423857,0,1192.2030029296875
49111.0,2.0,114,7,5,31.09846681207883,1.820192884525326,0.613407053921902,0,1192.2030029296875
49111.0,2.0,114,8,5,33.02330951970678,1.7289442377172848,0.8513997106635237,0,1192.2030029296875
49111.0,2.0,114,9,2,36.18507217301547,1.6168340147900122,0.848528137423857,0,1192.2030029296875
49111.0,2.0,114,10,2,39.726312749842776,1.5237006199635408,0.8513997106635237,0,1192.2030029296875
49111.0,2.0,114,11,1,42.38047024598369,1.4680893253371323,0.613407053921902,0,1192.2030029296875
49111.0,2.0,114,12,4,32.65368982119852,1.6218170036972126,0.848528137423857,0,1192.2030029296875
49111.0,2.0,114,13,4,36.19508164752534,1.5191020525119183,0.848528137423857,0,1192.2030029296875
49111.0,2.0,114,14,5,29.123314881924905,1.6280082707189152,0.682842712474619,0,1192.2030029296875
49111.0,2.0,114,15,5,32.664781435725715,1.513509349018024,0.8513997106635237,0,1192.2030029296875
49111.0,2.0,114,16,4,36.54871301120894,1.422345534137191,0.682842712474619,0,1192.2030029296875
49111.0,2.0,114,17,5,30.447953870464037,1.427601137022486,0.613407053921902,0,1192.2030029296875
49111.0,2.0,114,18,1,27.071181787322498,0.3358972603029978,0.613407053921902,0,1192.2030029296875
49111.0,2.0,114,19,2,25.74410485350164,0.4586537609461277,0.8513997106635237,0,1192.2030029296875
49111.0,2.0,114,20,4,21.06984713224337,0.38241400680461657,0.682842712474619,0,1192.2030029296875
49111.0,2.0,114,21,1,30.52178584617992,0.5112569936731575,0.682842712474619,0,1192.2030029296875
49111.0,2.0,114,22,4,22.62817817243357,0.5278851479447237,0.848528137423857,0,1192.2030029296875
49111.0,2.0,114,23,2,27.492815860427637,0.5742185183233357,0.848528137423857,0,1192.2030029296875
49111.0,2.0,114,24,5,16.21374807150783,0.5827742527361442,0.613407053921902,0,1192.2030029296875
49111.0,2.0,114,25,5,19.654769398258317,0.6186174506531459,0.8513997106635237,0,1192.2030029296875
49111.0,2.0,114,26,2,24.599399111171273,0.6523661531770679,0.848528137423857,0,1192.2030029296875
49111.0,2.0,114,27,2,29.56266079301179,0.6748016402757657,0.8513997106635237,0,1192.2030029296875
49111.0,2.0,114,28,1,33.04353562703398,0.6864924607113225,0.613407053921902,0,1192.2030029296875
49111.0,2.0,114,29,4,21.895340813196,0.7505498119964483,0.848528137423857,0,1192.2030029296875
49111.0,2.0,114,30,4,26.89286942403114,0.7570275477804571,0.848528137423857,0,1192.2030029296875
49111.0,2.0,114,31,5,19.459739515762255,0.8747855252762947,0.682842712474619,0,1192.2030029296875
49111.0,2.0,114,32,5,24.443852776379206,0.8565245138429978,0.8513997106635237,0,1192.2030029296875
49111.0,2.0,114,33,4,29.433355484641634,0.8444517004459617,0.682842712474619,0,1192.2030029296875
49111.0,2.0,114,34,5,24.93816332248882,0.9969781347415285,0.613407053921902,0,1192.2030029296875
49111.0,2.0,114,35,1,35.68218241984193,2.514295956263758,0.613407053921902,0,1192.2030029296875
49111.0,2.0,114,36,2,32.230545929243135,2.5313940693581807,0.8513997106635237,0,1192.2030029296875
49111.0,2.0,114,37,4,31.743165680647447,2.3756624144887497,0.6466890965784271,0,1192.2030029296875
49111.0,2.0,114,38,1,33.46621601503625,2.679047265009317,0.682842712474619,0,1192.2030029296875
49111.0,2.0,114,39,4,29.40293485694479,2.4624358958521424,0.848528137423857,0,1192.2030029296875
49111.0,2.0,114,40,2,30.343238153990033,2.6270303299803364,0.848528137423857,0,1192.2030029296875
49111.0,2.0,114,41,5,26.89203226011032,2.2488166440621,0.47153869179611585,0,1192.2030029296875
49111.0,2.0,114,43,2,27.320991727505866,2.5632989861348645,0.848528137423857,0,1192.2030029296875
49111.0,2.0,114,44,2,28.76831785910434,2.734218161327317,0.8513997106635237,0,1192.2030029296875
49111.0,2.0,114,45,1,30.235604489906827,2.8420113701070853,0.613407053921902,0,1192.2030029296875
49111.0,2.0,114,46,4,24.436879430056766,2.4841347665088294,0.682842712474619,0,1192.2030029296875
49111.0,2.0,114,47,4,25.560528158611064,2.679388347891444,0.848528137423857,0,1192.2030029296875
49111.0,2.0,114,50,4,24.191829416558274,2.8105753091301273,0.6466890965784271,0,1192.2030029296875
49111.0,2.0,114,52,1,13.03556765815616,-1.2309673474507203,0.613407053921902,0,1192.2030029296875
49111.0,2.0,114,53,2,9.991800414149196,-1.3825103732099948,0.8513997106635237,0,1192.2030029296875
49111.0,2.0,114,54,4,8.285924936189954,-0.8600465924259056,0.6466890965784271,0,1192.2030029296875
49111.0,2.0,114,55,1,13.454203766266128,-1.6948912480665013,0.682842712474619,0,1192.2030029296875
49111.0,2.0,114,56,4,6.5522564619745305,-1.2813395378382042,0.848528137423857,0,1192.2030029296875
49111.0,2.0,114,57,2,9.95548031043729,-1.738862574785196,0.848528137423857,0,1192.2030029296875
49111.0,2.0,114,58,5,4.353433994350851,-0.06189188030684745,0.4815389220537701,1,1192.2030029296875
49111.0,2.0,114,60,2,6.49673590649947,-1.8300204188336338,0.848528137423857,0,1192.2030029296875
49111.0,2.0,114,61,2,11.10797465368089,-2.058058578546707,0.8513997106635237,0,1192.2030029296875
49111.0,2.0,114,62,1,14.490092040233193,-2.129069337622251,0.613407053921902,0,1192.2030029296875
49111.0,2.0,114,63,4,3.20991692510794,-2.1162450455155994,0.765685424949238,0,1192.2030029296875
49111.0,2.0,114,64,4,8.153716338830533,-2.262499480851511,0.848528137423857,0,1192.2030029296875
49111.0,2.0,114,65,5,1.843788462212879,2.697962186120394,0.5881104528157366,0,1192.2030029296875
49111.0,2.0,114,67,4,10.759117195635731,3.7648219583941676,0.6466890965784271,0,1192.2030029296875
49111.0,2.0,115,1,1,43.2228909284805,1.9004284308414743,0.613407053921902,0,1192.2840576171875
49111.0,2.0,115,2,2,40.338535546469,1.8529444192031272,0.8513997106635237,0,1192.2840576171875
49111.0,2.0,115,3,4,37.62634170226762,1.9608150209180897,0.682842712474619,0,1192.2840576171875
49111.0,2.0,115,4,1,43.458639074086086,1.7595959242370738,0.682842712474619,0,1192.2840576171875
49111.0,2.0,115,5,4,36.851889637236695,1.8681411905173677,0.848528137423857,0,1192.2840576171875
49111.0,2.0,115,6,2,39.93141157000354,1.7654102445821627,0.848528137423857,0,1192.2840576171875
49111.0,2.0,115,7,5,31.554032825295824,1.9786363614194664,0.613407053921902,0,1192.2840576171875
49111.0,2.0,115,8,5,33.37553130118536,1.8865087295370824,0.8513997106635237,0,1192.2840576171875
49111.0,2.0,115,9,2,36.4057955520044,1.7723509816428145,0.848528137423857,0,1192.2840576171875
49111.0,2.0,115,10,2,39.8351328592272,1.6767669990001792,0.8513997106635237,0,1192.2840576171875
49111.0,2.0,115,11,1,42.42177403184408,1.6194027166241904,0.613407053921902,0,1192.2840576171875
49111.0,2.0,115,12,4,32.88230937108393,1.780779662287133,0.848528137423857,0,1192.2840576171875
49111.0,2.0,115,13,4,36.300167075560594,1.6751002946750098,0.848528137423857,0,1192.2840576171875
49111.0,2.0,115,14,5,29.361719795969115,1.791230507092525,0.682842712474619,0,1192.2840576171875
49111.0,2.0,115,15,5,32.765323888448656,1.6730739633268876,0.8513997106635237,0,1192.2840576171875
49111.0,2.0,115,16,4,36.53795710836723,1.5782024805736947,0.682842712474619,0,1192.2840576171875
49111.0,2.0,115,17,5,30.447423525371804,1.5900215034264877,0.613407053921902,0,1192.2840576171875
49111.0,2.0,115,18,1,26.002934407042755,0.4793879305567736,0.613407053921902,0,1192.2840576171875
49111.0,2.0,115,19,2,24.75224127141919,0.6083272239469788,0.8513997106635237,0,1192.2840576171875
49111.0,2.0,115,20,4,20.030416566327524,0.5344552558682307,0.682842712474619,0,1192.2840576171875
49111.0,2.0,115,21,1,29.565677873109674,0.6583500102426376,0.682842712474619,0,1192.2840576171875
49111.0,2.0,115,22,4,21.687629377580148,0.6844374097983059,0.848528137423857,0,1192.2840576171875
49111.0,2.0,115,23,2,26.585882121103616,0.7262339811328369,0.848528137423857,0,1192.2840576171875
49111.0,2.0,115,24,5,15.322009854567051,0.7565836534377974,0.613407053921902,1,1192.2840576171875
49111.0,2.0,115,25,5,18.789174757822853,0.7847739635874079,0.8513997106635237,0,1192.2840576171875
49111.0,2.0,115,26,2,23.75897616097855,0.8107445123824187,0.848528137423857,0,1192.2840576171875
49111.0,2.0,115,27,2,28.739255528908302,0.8277224667759845,0.8513997106635237,0,1192.2840576171875
49111.0,2.0,115,28,1,32.2290848528537,0.8364833489934077,0.613407053921902,0,1192.2840576171875
49111.0,2.0,115,29,4,21.146365368040836,0.9170676189457599,0.848528137423857,0,1192.2840576171875
49111.0,2.0,115,30,4,26.146216330792804,0.9154258125888213,0.848528137423857,0,1192.2840576171875
49111.0,2.0,115,31,5,18.83742520461347,1.0513195838954579,0.682842712474619,0,1192.2840576171875
49111.0,2.0,115,32,5,23.797152108547493,1.021405607041385,0.8513997106635237,0,1192.2840576171875
49111.0,2.0,115,33,4,28.77082391269471,1.0018213823040985,0.682842712474619,0,1192.2840576171875
49111.0,2.0,115,34,5,24.440239333094222,1.1641845837447462,0.613407053921902,0,1192.2840576171875
49111.0,2.0,115,35,1,36.735311886353784,2.65313125403328,0.613407053921902,0,1192.2840576171875
49111.0,2.0,115,36,2,33.293577296621436,2.6713166723227997,0.8513997106635237,0,1192.2840576171875
49111.0,2.0,115,37,4,32.709603319882156,2.5206975084482943,0.6466890965784271,0,1192.2840576171875
49111.0,2.0,115,38,1,34.597780695706,2.813658155420824,0.682842712474619,0,1192.2840576171875
49111.0,2.0,115,39,4,30.426673645756548,2.6062985058097006,0.848528137423857,0,1192.2840576171875
49111.0,2.0,115,40,2,31.453562739496405,2.764643227156802,0.848528137423857,0,1192.2840576171875
49111.0,2.0,115,41,5,27.764577273590962,2.401923496125762,0.47153869179611585,0,1192.2840576171875
49111.0,2.0,115,43,2,28.401527933312085,2.7049233124959393,0.848528137423857,0,1192.2840576171875
49111.0,2.0,115,44,2,29.9197414562487,2.8685296270215286,0.8513997106635237,0,1192.2840576171875
49111.0,2.0,115,45,1,31.415311978591102,2.971789430471094,0.613407053921902,0,1192.2840576171875
49111.0,2.0,115,46,4,25.474830105144502,2.6311645869703675,0.682842712474619,0,1192.2840576171875
49111.0,2.0,115,47,4,26.692903715183128,2.817398470445217,0.848528137423857,0,1192.2840576171875
49111.0,2.0,115,50,4,25.364846314325813,2.943406992222981,0.6466890965784271,0,1192.2840576171875
49111.0,2.0,115,52,1,12.546610576140923,-1.1933938809407447,0.613407053921902,0,1192.2840576171875
49111.0,2.0,115,53,2,9.692176594084057,-1.3773216209589485,0.8513997106635237,0,1192.2840576171875
49111.0,2.0,115,54,4,7.442724452030337,-0.8453121372168797,0.6466890965784271,0,1192.2840576171875
49111.0,2.0,115,55,1,13.508605664278285,-1.6605784866656568,0.682842712474619,0,1192.2840576171875
49111.0,2.0,115,56,4,6.170410628927401,-1.3370113709188844,0.848528137423857,0,1192.2840576171875
49111.0,2.0,115,57,2,10.080580697144425,-1.7347418488138082,0.848528137423857,0,1192.2840576171875
49111.0,2.0,115,60,2,6.76415459538812,-1.8832622203337217,0.848528137423857,0,1192.2840576171875
49111.0,2.0,115,61,2,11.588698255299029,-2.031690061511281,0.8513997106635237,0,1192.2840576171875
49111.0,2.0,115,62,1,15.034255058226634,-2.078281523843651,0.613407053921902,0,1192.2840576171875
49111.0,2.0,115,63,4,3.8586872883118737,4.003007703828659,0.765685424949238,0,1192.2840576171875
49111.0,2.0,115,64,4,8.856275032486298,4.029573737914244,0.848528137423857,0,1192.2840576171875
49111.0,2.0,115,65,5,3.004188374195111,2.9469867463956594,0.5507551751186637,0,1192.2840576171875
49111.0,2.0,115,67,4,11.666765940558257,3.8181561556583663,0.6466890965784271,0,1192.2840576171875
49111.0,2.0,116,1,1,42.0589830581891,0.7708619143456305,0.613407053921902,0,1193.7259521484375
49111.0,2.0,116,2,2,38.69153925664607,0.747209781320383,0.8513997106635237,0,1193.7259521484375
49111.0,2.0,116,3,4,37.5775830700398,0.8751298637566415,0.682842712474619,0,1193.7259521484375
49111.0,2.0,116,4,1,40.39796617048221,0.6282644109241827,0.682842712474619,0,1193.7259521484375
49111.0,2.0,116,5,4,35.62407017095898,0.7945668222996348,0.848528137423857,0,1193.7259521484375
49111.0,2.0,116,6,2,37.135358301869815,0.6634339289202763,0.848528137423857,0,1193.7259521484375
49111.0,2.0,116,7,5,32.193030590148645,0.9577676566546364,0.613407053921902,0,1193.7259521484375
49111.0,2.0,116,8,5,32.65139416689946,0.8506928790507992,0.8513997106635237,0,1193.7259521484375
49111.0,2.0,116,9,2,33.92748151138068,0.7053144162137851,0.848528137423857,0,1193.7259521484375
49111.0,2.0,116,10,2,35.861322652238016,0.5730289854452825,0.8513997106635237,0,1193.7259521484375
49111.0,2.0,116,11,1,37.55338579718091,0.4895167474804941,0.613407053921902,0,1193.7259521484375
49111.0,2.0,116,12,4,30.791446331764018,0.755830190688148,0.848528137423857,0,1193.7259521484375
49111.0,2.0,116,13,4,32.52804371407456,0.6075409649378846,0.848528137423857,0,1193.7259521484375
49111.0,2.0,116,14,5,27.751618559981864,0.8176007898995313,0.682842712474619,0,1193.7259521484375
49111.0,2.0,116,15,5,29.242311696607906,0.6498689842957118,0.8513997106635237,0,1193.7259521484375
49111.0,2.0,116,16,4,31.46542950643473,0.5020896688561062,0.682842712474619,0,1193.7259521484375
49111.0,2.0,116,17,5,26.032478704900875,0.599290879535476,0.613407053921902,0,1193.7259521484375
49111.0,2.0,116,18,1,12.72488496844205,-1.0627800211603509,0.613407053921902,0,1193.7259521484375
49111.0,2.0,116,19,2,11.373018214200508,-0.7936066223732403,0.8513997106635237,0,1193.7259521484375
49111.0,2.0,116,20,4,6.662213043553525,-0.9864251407644193,0.682842712474619,0,1193.7259521484375
49111.0,2.0,116,21,1,16.25749070316137,-0.7149986390221835,0.682842712474619,0,1193.7259521484375
49111.0,2.0,116,22,4,8.505640313396079,-0.5829185861559044,0.848528137423857,0,1193.7259521484375
49111.0,2.0,116,23,2,13.502087905346727,-0.5653338485283855,0.848528137423857,0,1193.7259521484375
49111.0,2.0,116,25,5,6.351873029367053,-0.199113005828445,0.765685424949238,1,1193.7259521484375
49111.0,2.0,116,26,2,11.194049832122527,-0.3470519753496959,0.848528137423857,0,1193.7259521484375
49111.0,2.0,116,27,2,16.13279927064377,-0.4051195172772327,0.8513997106635237,0,1193.7259521484375
49111.0,2.0,116,28,1,19.60840469724331,-0.4283132851284367,0.613407053921902,0,1193.7259521484375
49111.0,2.0,116,29,4,9.659561350515581,-0.039531724619277175,0.848528137423857,0,1193.7259521484375
49111.0,2.0,116,30,4,14.257194189152935,-0.20718279308098225,0.848528137423857,0,1193.7259521484375
49111.0,2.0,116,31,5,9.290182954318308,0.3338096282776204,0.682842712474619,0,1193.7259521484375
49111.0,2.0,116,32,5,13.086938526162191,0.037670946255475624,0.8513997106635237,0,1193.7259521484375
49111.0,2.0,116,33,4,17.49938343629255,-0.11788372864985824,0.682842712474619,0,1193.7259521484375
49111.0,2.0,116,34,5,15.270586296144701,0.23146147006996864,0.613407053921902,0,1193.7259521484375
49111.0,2.0,116,35,1,44.82404814284389,1.4732011923993862,0.613407053921902,0,1193.7259521484375
49111.0,2.0,116,36,2,41.680600356419205,1.508810108636471,0.8513997106635237,0,1193.7259521484375
49111.0,2.0,116,37,4,39.65139224206855,1.3963439087528915,0.6466890965784271,0,1193.7259521484375
49111.0,2.0,116,38,1,44.184974656648734,1.609695171596068,0.682842712474619,0,1193.7259521484375
49111.0,2.0,116,39,4,38.33108493417843,1.4804959574688281,0.848528137423857,0,1193.7259521484375
49111.0,2.0,116,40,2,40.734648784153755,1.5915091838252868,0.848528137423857,0,1193.7259521484375
49111.0,2.0,116,41,5,33.77120105733371,1.3516589149161367,0.47153869179611585,0,1193.7259521484375
49111.0,2.0,116,43,2,37.300284686956836,1.5699660433748215,0.848528137423857,0,1193.7259521484375
49111.0,2.0,116,44,2,40.0793060951058,1.6775203607497504,0.8513997106635237,0,1193.7259521484375
49111.0,2.0,116,45,1,42.268527944573556,1.743879701196883,0.613407053921902,0,1193.7259521484375
49111.0,2.0,116,46,4,33.88673581045679,1.5440685217049137,0.682842712474619,0,1193.7259521484375
49111.0,2.0,116,47,4,36.58347172186988,1.6637224443365448,0.848528137423857,0,1193.7259521484375
49111.0,2.0,116,50,4,36.19930342868049,1.760339166320819,0.6466890965784271,0,1193.7259521484375
49111.0,2.0,116,52,1,20.053925637715714,-3.351984195085373,0.613407053921902,0,1193.7259521484375
49111.0,2.0,116,53,2,19.224535867570008,-3.525378631181056,0.8513997106635237,0,1193.7259521484375
49111.0,2.0,116,54,4,14.301861416834088,-3.4725460079175043,0.6466890965784271,0,1193.7259521484375
49111.0,2.0,116,55,1,24.17896438354306,-3.5566196820386966,0.682842712474619,0,1193.7259521484375
49111.0,2.0,116,56,4,16.50889499108464,-3.6525429129562896,0.848528137423857,0,1193.7259521484375
49111.0,2.0,116,57,2,21.507746352507922,-3.6582302751256464,0.848528137423857,0,1193.7259521484375
49111.0,2.0,116,60,2,19.11920468186351,2.4963204806462387,0.848528137423857,0,1193.7259521484375
49111.0,2.0,116,61,2,24.095300932010577,2.5190725871353394,0.8513997106635237,0,1193.7259521484375
49111.0,2.0,116,62,1,27.58371266780744,2.5301110373624742,0.613407053921902,0,1193.7259521484375
49111.0,2.0,116,63,4,17.131982435496642,2.3345713559355517,0.765685424949238,0,1193.7259521484375
49111.0,2.0,116,64,4,21.989642141411114,2.3956100693027222,0.848528137423857,0,1193.7259521484375
49111.0,2.0,116,65,5,15.699224715677499,2.137164351666007,0.5507551751186637,0,1193.7259521484375
49111.0,2.0,116,67,4,25.030875640849157,2.3187392415690247,0.6466890965784271,0,1193.7259521484375
49111.0,2.0,117,1,1,39.0426732024033,0.6081147730525931,0.613407053921902,0,1194.0780029296875
49111.0,2.0,117,2,2,35.63202703590018,0.5870462584146925,0.8513997106635237,0,1194.0780029296875
49111.0,2.0,117,3,4,34.798060875312196,0.727166508778285,0.682842712474619,0,1194.0780029296875
49111.0,2.0,117,4,1,37.12650886755055,0.4557664438323066,0.682842712474619,0,1194.0780029296875
49111.0,2.0,117,5,4,32.6665347965052,0.6434788620563483,0.848528137423857,0,1194.0780029296875
49111.0,2.0,117,6,2,33.92401517533668,0.49797993749397995,0.848528137423857,0,1194.0780029296875
49111.0,2.0,117,7,5,29.634409451376243,0.8285321267579464,0.613407053921902,0,1194.0780029296875
49111.0,2.0,117,8,5,29.82555348246616,0.7109131489796174,0.8513997106635237,0,1194.0780029296875
49111.0,2.0,117,9,2,30.79447922177995,0.5488803265818119,0.848528137423857,0,1194.0780029296875
49111.0,2.0,117,10,2,32.51209406583687,0.40034055473897134,0.8513997106635237,0,1194.0780029296875
49111.0,2.0,117,11,1,34.101344219098706,0.30665353224916303,0.613407053921902,0,1194.0780029296875
49111.0,2.0,117,12,4,27.76258445218674,0.6110904515057098,0.848528137423857,0,1194.0780029296875
49111.0,2.0,117,13,4,29.23178758594809,0.4431270136936234,0.848528137423857,0,1194.0780029296875
49111.0,2.0,117,14,5,24.864075297283122,0.688165096803887,0.682842712474619,0,1194.0780029296875
49111.0,2.0,117,15,5,26.018427131441914,0.49660126699165663,0.8513997106635237,0,1194.0780029296875
49111.0,2.0,117,16,4,28.030249024925567,0.32689966817063776,0.682842712474619,0,1194.0780029296875
49111.0,2.0,117,17,5,22.732566293571296,0.4470299749220352,0.613407053921902,0,1194.0780029296875
49111.0,2.0,117,18,1,12.19512892152877,-1.5604712952151976,0.613407053921902,0,1194.0780029296875
49111.0,2.0,117,19,2,9.945358189388983,-1.3164121533726205,0.8513997106635237,0,1194.0780029296875
49111.0,2.0,117,20,4,6.33828364070736,-1.7560539022428792,0.6466890965784271,0,1194.0780029296875
49111.0,2.0,117,21,1,14.409943078320417,-1.128092046972315,0.682842712474619,0,1194.0780029296875
49111.0,2.0,117,22,4,6.535494976349896,-1.200465187603574,0.848528137423857,0,1194.0780029296875
49111.0,2.0,117,23,2,11.244954628235844,-1.00422871735924,0.848528137423857,0,1194.0780029296875
49111.0,2.0,117,26,2,8.381619751678723,-0.7901926245696493,0.848528137423857,0,1194.0780029296875
49111.0,2.0,117,27,2,13.378634447017337,-0.7738784749822767,0.8513997106635237,0,1194.0780029296875
49111.0,2.0,117,28,1,16.87759688671792,-0.7682074326685951,0.613407053921902,0,1194.0780029296875
49111.0,2.0,117,29,4,6.249327542414392,-0.3980170069670331,0.848528137423857,1,1194.0780029296875
49111.0,2.0,117,30,4,11.081083193333,-0.5527244554334029,0.848528137423857,0,1194.0780029296875
49111.0,2.0,117,31,5,5.732071161720455,0.194999284542398,0.6466890965784271,0,1194.0780029296875
49111.0,2.0,117,32,5,9.570420565900712,-0.24106287006078475,0.8513997106635237,0,1194.0780029296875
49111.0,2.0,117,33,4,14.153771928832374,-0.41296328805070837,0.682842712474619,0,1194.0780029296875
49111.0,2.0,117,34,5,11.67398517691171,0.024362929856517335,0.613407053921902,0,1194.0780029296875
49111.0,2.0,117,35,1,43.83962215574551,1.3401546863967788,0.613407053921902,0,1194.0780029296875
49111.0,2.0,117,36,2,40.831648150129745,1.3824524540866803,0.8513997106635237,0,1194.0780029296875
49111.0,2.0,117,37,4,38.41822224753745,1.2718343279620365,0.6466890965784271,0,1194.0780029296875
49111.0,2.0,117,38,1,43.6862355971627,1.479686292022248,0.682842712474619,0,1194.0780029296875
49111.0,2.0,117,39,4,37.395466912252154,1.3611534224801944,0.848528137423857,0,1194.0780029296875
49111.0,2.0,117,40,2,40.183138697470575,1.4682818881551183,0.848528137423857,0,1194.0780029296875
49111.0,2.0,117,41,5,32.41116809864046,1.241241479198229,0.47153869179611585,0,1194.0780029296875
49111.0,2.0,117,43,2,36.68626569316519,1.4547013293384354,0.848528137423857,0,1194.0780029296875
49111.0,2.0,117,44,2,39.83899823670672,1.5562553609037348,0.8513997106635237,0,1194.0780029296875
49111.0,2.0,117,45,1,42.25849457210573,1.617902518456787,0.613407053921902,0,1194.0780029296875
49111.0,2.0,117,46,4,33.19758342769637,1.4382628652930924,0.682842712474619,0,1194.0780029296875
49111.0,2.0,117,47,4,36.30899661838197,1.551057028131148,0.848528137423857,0,1194.0780029296875
49111.0,2.0,117,50,4,36.27401797923463,1.6485112523629637,0.6466890965784271,0,1194.0780029296875
49111.0,2.0,117,52,1,23.37313221161382,-3.4990615597838817,0.613407053921902,0,1194.0780029296875
49111.0,2.0,117,53,2,22.28210693547894,-3.644915915618533,0.8513997106635237,0,1194.0780029296875
49111.0,2.0,117,54,4,17.4707927550328,-3.5759420000357114,0.6466890965784271,0,1194.0780029296875
49111.0,2.0,117,55,1,27.161663783334973,-3.6892603440438227,0.682842712474619,0,1194.0780029296875
49111.0,2.0,117,56,4,19.33988481247897,-3.739389464848771,0.848528137423857,0,1194.0780029296875
49111.0,2.0,117,57,2,24.29598391822745,-3.7698897525204984,0.848528137423857,0,1194.0780029296875
49111.0,2.0,117,60,2,21.629463461459302,-3.8712054361314108,0.848528137423857,0,1194.0780029296875
49111.0,2.0,117,61,2,26.628882432903843,-3.874381483422245,0.8513997106635237,0,1194.0780029296875
49111.0,2.0,117,62,1,30.12859045195748,-3.8759775514105055,0.613407053921902,0,1194.0780029296875
49111.0,2.0,117,63,4,19.24506546381277,2.283942786255121,0.765685424949238,0,1194.0780029296875
49111.0,2.0,117,64,4,24.22057461542255,2.3068370677283,0.848528137423857,0,1194.0780029296875
49111.0,2.0,117,65,5,17.2601100744542,2.123240663658118,0.5507551751186637,0,1194.0780029296875
49111.0,2.0,117,67,4,27.02663093639123,2.222746971157502,0.6466890965784271,0,1194.0780029296875
49111.0,2.0,118,1,1,37.60163708371325,1.4313401308713487,0.613407053921902,0,1194.373046875
49111.0,2.0,118,2,2,34.139082862274144,1.417088646488697,0.8513997106635237,0,1194.373046875
49111.0,2.0,118,3,4,33.73735273389762,1.5640737297763614,0.682842712474619,0,1194.373046875
49111.0,2.0,118,4,1,35.25258838529465,1.2764642552275867,0.682842712474619,0,1194.373046875
49111.0,2.0,118,5,4,31.355382666412154,1.483721972140666,0.848528137423857,0,1194.373046875
49111.0,2.0,118,6,2,32.17806755140729,1.3283003514118152,0.848528137423857,0,1194.373046875
49111.0,2.0,118,7,5,28.922404104897737,1.6842110607158352,0.613407053921902,0,1194.373046875
49111.0,2.0,118,8,5,28.73748537428178,1.562904081870873,0.8513997106635237,0,1194.373046875
49111.0,2.0,118,9,2,29.208065235870215,1.3908765923379172,0.848528137423857,0,1194.373046875
49111.0,2.0,118,10,2,30.502116057884265,1.2288921196005542,0.8513997106635237,0,1194.373046875
49111.0,2.0,118,11,1,31.84676891677859,1.1251662745635953,0.613407053921902,0,1194.373046875
49111.0,2.0,118,12,4,26.377909665149165,1.4672369086311254,0.848528137423857,0,1194.373046875
49111.0,2.0,118,13,4,27.350724441750362,1.2843886248296987,0.848528137423857,0,1194.373046875
49111.0,2.0,118,14,5,23.737673891573476,1.5612417103462044,0.682842712474619,0,1194.373046875
49111.0,2.0,118,15,5,24.305249864349886,1.3540551136442633,0.8513997106635237,0,1194.373046875
49111.0,2.0,118,16,4,25.84595094312204,1.1639850045414937,0.682842712474619,0,1194.373046875
49111.0,2.0,118,17,5,20.900694683919504,1.3180356613330848,0.613407053921902,0,1194.373046875
49111.0,2.0,118,18,1,11.074457781047357,-1.0792734638886126,0.613407053921902,0,1194.373046875
49111.0,2.0,118,19,2,8.157802880816588,-0.8753712766662772,0.8513997106635237,0,1194.373046875
49111.0,2.0,118,20,4,6.267514551755617,-1.534601684653072,0.6466890965784271,0,1194.373046875
49111.0,2.0,118,21,1,11.992404138789288,-0.5495240366327835,0.682842712474619,0,1194.373046875
49111.0,2.0,118,22,4,4.647439636676196,-0.9437792412915894,0.848528137423857,0,1194.373046875
49111.0,2.0,118,23,2,8.594574123383891,-0.4532414919303739,0.848528137423857,0,1194.373046875
49111.0,2.0,118,26,2,5.377327560845586,-0.2371683722228915,0.848528137423857,0,1194.373046875
49111.0,2.0,118,27,2,10.304545641726303,-0.12291629617963379,0.8513997106635237,0,1194.373046875
49111.0,2.0,118,28,1,13.784820177008994,-0.09178104026824092,0.613407053921902,0,1194.373046875
49111.0,2.0,118,30,4,7.825126722086365,0.15869340119052291,0.848528137423857,0,1194.373046875
49111.0,2.0,118,31,5,3.743467158291714,1.5101734097630954,0.5052677403411177,0,1194.373046875
49111.0,2.0,118,32,5,6.4250724160121075,0.6206498456795385,0.7685569981889047,1,1194.373046875
49111.0,2.0,118,33,4,10.888046874292499,0.3503034001407277,0.682842712474619,0,1194.373046875
49111.0,2.0,118,34,5,8.926796079728646,0.9452772740212076,0.613407053921902,0,1194.373046875
49111.0,2.0,118,35,1,44.72443466675161,2.157846511090406,0.613407053921902,0,1194.373046875
49111.0,2.0,118,36,2,41.85533327501376,2.204181587639781,0.8513997106635237,0,1194.373046875
49111.0,2.0,118,37,4,39.10418050219523,2.1009365858588684,0.6466890965784271,0,1194.373046875
49111.0,2.0,118,38,1,44.9955654967985,2.2938693246697714,0.682842712474619,0,1194.373046875
49111.0,2.0,118,39,4,38.36430601781016,2.190225994124412,0.848528137423857,0,1194.373046875
49111.0,2.0,118,40,2,41.46748083790953,2.2885588708671314,0.848528137423857,0,1194.373046875
49111.0,2.0,118,41,5,33.02436426827849,2.086058997161349,0.47153869179611585,0,1194.373046875
49111.0,2.0,118,43,2,37.94078306661717,2.2822609690033158,0.848528137423857,0,1194.373046875
49111.0,2.0,118,44,2,41.379161549290885,2.3739094788582578,0.8513997106635237,0,1194.373046875
49111.0,2.0,118,45,1,43.96472909153722,2.4292239397909254,0.613407053921902,0,1194.373046875
49111.0,2.0,118,46,4,34.41589854084613,2.274672647446006,0.682842712474619,0,1194.373046875
49111.0,2.0,118,47,4,37.84423421325927,2.375564386062591,0.848528137423857,0,1194.373046875
49111.0,2.0,118,50,4,38.07714677687842,2.4685326926651183,0.6466890965784271,0,1194.373046875
49111.0,2.0,118,52,1,26.627721645485448,-2.766172610839743,0.613407053921902,0,1194.373046875
49111.0,2.0,118,53,2,25.55272378294559,-2.8939521756035242,0.8513997106635237,0,1194.373046875
49111.0,2.0,118,54,4,20.741497099132076,-2.8348291619713497,0.6466890965784271,0,1194.373046875
49111.0,2.0,118,55,1,30.424885924876076,-2.934245414847417,0.682842712474619,0,1194.373046875
49111.0,2.0,118,56,4,22.58890544598374,-2.9742077878888544,0.848528137423857,0,1194.373046875
49111.0,2.0,118,57,2,27.53162981121537,-3.0044693032929177,0.848528137423857,0,1194.373046875
49111.0,2.0,118,60,2,24.805394505669195,-3.090637749411265,0.848528137423857,0,1194.373046875
49111.0,2.0,118,61,2,29.79999307711484,-3.099183636815666,0.8513997106635237,0,1194.373046875
49111.0,2.0,118,62,1,33.297176771703015,-3.1036400975516703,0.613407053921902,0,1194.373046875
49111.0,2.0,118,63,4,22.307499929439963,3.086130383560558,0.765685424949238,0,1194.373046875
49111.0,2.0,118,64,4,27.3012187258403,3.0962828227257932,0.848528137423857,0,1194.373046875
49111.0,2.0,118,65,5,20.12315853990234,2.954822616627471,0.5507551751186637,0,1194.373046875
49111.0,2.0,118,67,4,30.006757426460837,3.0167435993795078,0.6466890965784271,0,1194.373046875
49111.0,2.0,119,1,1,36.595991259003306,1.1487795062010975,0.613407053921902,0,1194.7340087890625
49111.0,2.0,119,2,2,33.09831365449981,1.1451166016078207,0.8513997106635237,0,1194.7340087890625
49111.0,2.0,119,3,4,33.28395958466094,1.2957984558854752,0.682842712474619,0,1194.7340087890625
49111.0,2.0,119,4,1,33.662661331361704,0.9961426304100498,0.682842712474619,0,1194.7340087890625
49111.0,2.0,119,5,4,30.598856458862464,1.2237108064003666,0.848528137423857,0,1194.7340087890625
49111.0,2.0,119,6,2,30.805298533342846,1.0608132816415714,0.848528137423857,0,1194.7340087890625
49111.0,2.0,119,7,5,28.990656867543994,1.4355602814227415,0.613407053921902,0,1194.7340087890625
49111.0,2.0,119,8,5,28.3210463508764,1.3155971985221835,0.8513997106635237,0,1194.7340087890625
49111.0,2.0,119,9,2,28.102634530356674,1.1383023771278165,0.848528137423857,0,1194.7340087890625
49111.0,2.0,119,10,2,28.765160675461225,0.9637732305820828,0.8513997106635237,0,1194.7340087890625
49111.0,2.0,119,11,1,29.724702681135682,0.848600666249741,0.613407053921902,0,1194.7340087890625
49111.0,2.0,119,12,4,25.603705149161822,1.2315759022886514,0.848528137423857,0,1194.7340087890625
49111.0,2.0,119,13,4,25.85006999030218,1.0371544775909993,0.848528137423857,0,1194.7340087890625
49111.0,2.0,119,14,5,23.37394633312133,1.3437920442118574,0.682842712474619,0,1194.7340087890625
49111.0,2.0,119,15,5,23.108824468629766,1.1285424183410715,0.8513997106635237,0,1194.7340087890625
49111.0,2.0,119,16,4,23.91012692271305,0.9181930796914417,0.682842712474619,0,1194.7340087890625
49111.0,2.0,119,17,5,19.615034001105997,1.1187541913085517,0.613407053921902,0,1194.7340087890625
49111.0,2.0,119,18,1,10.502750283398305,-1.8371764530487633,0.613407053921902,0,1194.7340087890625
49111.0,2.0,119,19,2,7.041020733730347,-1.7771439785000087,0.8513997106635237,0,1194.7340087890625
49111.0,2.0,119,20,4,7.867628094573038,-2.4524435834978244,0.6466890965784271,0,1194.7340087890625
49111.0,2.0,119,21,1,9.340897928525196,-1.2226255705128974,0.682842712474619,0,1194.7340087890625
49111.0,2.0,119,22,4,4.594335862352095,-2.229727463088451,0.848528137423857,0,1194.7340087890625
49111.0,2.0,119,23,2,5.812428335420595,-1.2529438064922678,0.848528137423857,0,1194.7340087890625
49111.0,2.0,119,26,2,2.305704273681721,-1.3760614058181835,0.848528137423857,0,1194.7340087890625
49111.0,2.0,119,27,2,6.556879847608908,-0.685500593877451,0.8513997106635237,0,1194.7340087890625
49111.0,2.0,119,28,1,9.955709624772801,-0.5820523761976756,0.613407053921902,0,1194.7340087890625
49111.0,2.0,119,30,4,3.8111182583664,-0.23617591100927754,0.848528137423857,1,1194.7340087890625
49111.0,2.0,119,31,5,4.835304569954411,2.0652457745108577,0.43175884674785275,0,1194.7340087890625
49111.0,2.0,119,33,4,6.980900555145685,0.06861580875285828,0.6466890965784271,0,1194.7340087890625
49111.0,2.0,119,34,5,6.69513113239204,0.9929376979462554,0.4815389220537701,0,1194.7340087890625
49111.0,2.0,119,35,1,46.51030175562412,1.84932042952027,0.613407053921902,0,1194.7340087890625
49111.0,2.0,119,36,2,43.81141358073047,1.8986922761174498,0.8513997106635237,0,1194.7340087890625
49111.0,2.0,119,37,4,40.70769412629657,1.8058346342311622,0.682842712474619,0,1194.7340087890625
49111.0,2.0,119,38,1,47.24154483929912,1.9786773473157888,0.682842712474619,0,1194.7340087890625
49111.0,2.0,119,39,4,40.28533245361816,1.8925424145130663,0.848528137423857,0,1194.7340087890625
49111.0,2.0,119,40,2,43.70619646869578,1.9794744542227853,0.848528137423857,0,1194.7340087890625
49111.0,2.0,119,41,5,34.60490633786026,1.8078952047733616,0.613407053921902,0,1194.7340087890625
49111.0,2.0,119,42,5,36.76106720234421,1.8852130613505902,0.8513997106635237,0,1194.7340087890625
49111.0,2.0,119,43,2,40.170880756052156,1.980411863672297,0.848528137423857,0,1194.7340087890625
49111.0,2.0,119,44,2,43.886481512860605,2.0601181536350017,0.8513997106635237,0,1194.7340087890625
49111.0,2.0,119,45,1,46.63045977450621,2.108151113843565,0.613407053921902,0,1194.7340087890625
49111.0,2.0,119,46,4,36.63560715579431,1.9815301910945058,0.848528137423857,0,1194.7340087890625
49111.0,2.0,119,47,4,40.36695815311555,2.068103175417649,0.848528137423857,0,1194.7340087890625
49111.0,2.0,119,48,5,33.1003891613137,1.9828874017826523,0.6466890965784271,0,1194.7340087890625
49111.0,2.0,119,50,4,40.86909541883453,2.1542926003382417,0.6466890965784271,0,1194.7340087890625
49111.0,2.0,119,52,1,30.565492907617067,-3.180874145406176,0.613407053921902,0,1194.7340087890625
49111.0,2.0,119,53,2,29.55533058761121,-3.2924250737968213,0.8513997106635237,0,1194.7340087890625
49111.0,2.0,119,54,4,24.7223374154082,-3.2450131055828932,0.6466890965784271,0,1194.7340087890625
49111.0,2.0,119,55,1,34.43604456096375,-3.326456908781652,0.682842712474619,0,1194.7340087890625
49111.0,2.0,119,56,4,26.603118545098546,-3.361816209482679,0.848528137423857,0,1194.7340087890625
49111.0,2.0,119,57,2,31.544405449877488,-3.3881900837185452,0.848528137423857,0,1194.7340087890625
49111.0,2.0,119,60,2,28.796837766807663,-3.462032507430841,0.848528137423857,0,1194.7340087890625
49111.0,2.0,119,61,2,33.78729737977772,-3.471930072750401,0.8513997106635237,0,1194.7340087890625
49111.0,2.0,119,62,1,37.28214027430186,-3.477281447464902,0.613407053921902,0,1194.7340087890625
49111.0,2.0,119,63,4,26.23863974274238,2.7323425133677133,0.765685424949238,0,1194.7340087890625
49111.0,2.0,119,64,4,31.23763458412167,2.7358442700529593,0.848528137423857,0,1194.7340087890625
49111.0,2.0,119,65,5,23.930619835913138,2.6254096848017476,0.5507551751186637,0,1194.7340087890625
49111.0,2.0,119,67,4,33.87213845410986,2.663342553116293,0.6466890965784271,0,1194.7340087890625
49111.0,2.0,120,1,1,35.86346208158214,1.5623084652940713,0.613407053921902,0,1194.8050537109375
49111.0,2.0,120,2,2,32.36360179184528,1.5613905463643432,0.8513997106635237,0,1194.8050537109375
49111.0,2.0,120,3,4,32.701050694141664,1.714886107797503,0.682842712474619,0,1194.8050537109375
49111.0,2.0,120,4,1,32.79400441210921,1.4083334985465739,0.682842712474619,0,1194.8050537109375
49111.0,2.0,120,5,4,29.942776551680538,1.644188714773467,0.848528137423857,0,1194.8050537109375
49111.0,2.0,120,6,2,29.993563844001223,1.4771594801534311,0.848528137423857,0,1194.8050537109375
49111.0,2.0,120,7,5,28.563196795848917,1.8618154573904093,0.613407053921902,0,1194.8050537109375
49111.0,2.0,120,8,5,27.762150750736318,1.7407500465396626,0.8513997106635237,0,1194.8050537109375
49111.0,2.0,120,9,2,27.36386337392651,1.559671920919055,0.848528137423857,0,1194.8050537109375
49111.0,2.0,120,10,2,27.87158092371555,1.3793125758629257,0.8513997106635237,0,1194.8050537109375
49111.0,2.0,120,11,1,28.743796309733334,1.2594861387228098,0.613407053921902,0,1194.8050537109375
49111.0,2.0,120,12,4,24.95892957299363,1.6588786788419745,0.848528137423857,0,1194.8050537109375
49111.0,2.0,120,13,4,25.019835528435507,1.4584732030933103,0.848528137423857,0,1194.8050537109375
49111.0,2.0,120,14,5,22.849842715266014,1.777768982497489,0.682842712474619,0,1194.8050537109375
49111.0,2.0,120,15,5,22.364241917684197,1.5571848730815274,0.8513997106635237,0,1194.8050537109375
49111.0,2.0,120,16,4,22.982674365552207,1.337896561395695,0.682842712474619,0,1194.8050537109375
49111.0,2.0,120,17,5,18.864626288817735,1.5546595822618754,0.613407053921902,0,1194.8050537109375
49111.0,2.0,120,18,1,11.141988684766734,-1.5434728092239078,0.613407053921902,0,1194.8050537109375
49111.0,2.0,120,19,2,7.643893208792209,-1.5309630967096621,0.8513997106635237,0,1194.8050537109375
49111.0,2.0,120,20,4,8.965773750609149,-2.122014033953546,0.6466890965784271,0,1194.8050537109375
49111.0,2.0,120,21,1,9.299091774346959,-0.9637775725993387,0.682842712474619,0,1194.8050537109375
49111.0,2.0,120,22,4,5.587302771854482,-1.9746472021264427,0.848528137423857,0,1194.8050537109375
49111.0,2.0,120,23,2,5.853371396441576,-1.0711574662945762,0.848528137423857,0,1194.8050537109375
49111.0,2.0,120,26,2,2.6553353049348645,-1.4559064516535305,0.765685424949238,0,1194.8050537109375
49111.0,2.0,120,27,2,5.924087273322461,-0.4614779374448102,0.7685569981889047,0,1194.8050537109375
49111.0,2.0,120,28,1,9.19106158885667,-0.2910930550408396,0.613407053921902,0,1194.8050537109375
49111.0,2.0,120,31,5,5.256282273198406,2.6754997180807583,0.43175884674785275,0,1194.8050537109375
49111.0,2.0,120,33,4,5.806592134475697,0.4189575250448443,0.5276927682076162,1,1194.8050537109375
49111.0,2.0,120,34,5,5.870068084085323,1.5189166839374204,0.4453398270311456,0,1194.8050537109375
49111.0,2.0,120,35,1,46.560969554286935,2.2624072913821394,0.613407053921902,0,1194.8050537109375
49111.0,2.0,120,36,2,43.921961412251214,2.3132517394540866,0.8513997106635237,0,1194.8050537109375
49111.0,2.0,120,37,4,40.708508923069054,2.2226293899263236,0.682842712474619,0,1194.8050537109375
49111.0,2.0,120,38,1,47.445702543633786,2.390977755657465,0.682842712474619,0,1194.8050537109375
49111.0,2.0,120,39,4,40.38997208989296,2.309493894577074,0.848528137423857,0,1194.8050537109375
49111.0,2.0,120,40,2,43.91247933084654,2.393777706389982,0.848528137423857,0,1194.8050537109375
49111.0,2.0,120,41,5,34.61129583898288,2.2298761450833853,0.613407053921902,0,1194.8050537109375
49111.0,2.0,120,42,5,36.85866243565247,2.305015921966993,0.8513997106635237,0,1194.8050537109375
49111.0,2.0,120,43,2,40.3796606239462,2.3970676224914005,0.848528137423857,0,1194.8050537109375
49111.0,2.0,120,44,2,44.18679653091819,2.473820001614341,0.8513997106635237,0,1194.8050537109375
49111.0,2.0,120,45,1,46.98502085299684,2.5199645903963988,0.613407053921902,0,1194.8050537109375
49111.0,2.0,120,46,4,36.84736277168446,2.4009883503659992,0.848528137423857,0,1194.8050537109375
49111.0,2.0,120,47,4,40.67780892314396,2.4840201051963007,0.848528137423857,0,1194.8050537109375
49111.0,2.0,120,48,5,33.315751445092225,2.4057403923986125,0.6466890965784271,0,1194.8050537109375
49111.0,2.0,120,50,4,41.27773353117331,2.5690761502649937,0.6466890965784271,0,1194.8050537109375
49111.0,2.0,120,52,1,31.715609488225578,-2.7827635300130567,0.613407053921902,0,1194.8050537109375
49111.0,2.0,120,53,2,30.662111420213286,-2.889845243789371,0.8513997106635237,0,1194.8050537109375
49111.0,2.0,120,54,4,25.849740447166614,-2.841644924802811,0.6466890965784271,0,1194.8050537109375
49111.0,2.0,120,55,1,35.52634335680027,-2.924910451524653,0.682842712474619,0,1194.8050537109375
49111.0,2.0,120,56,4,27.676667611235906,-2.9548719659864306,0.848528137423857,0,1194.8050537109375
49111.0,2.0,120,57,2,32.602974183692616,-2.9833452383180954,0.848528137423857,0,1194.8050537109375
49111.0,2.0,120,60,2,29.812527214910645,-3.052996212567024,0.848528137423857,0,1194.8050537109375
49111.0,2.0,120,61,2,34.79572925661252,-3.065710842875452,0.8513997106635237,0,1194.8050537109375
49111.0,2.0,120,62,1,38.286576908771366,-3.072641043474406,0.613407053921902,0,1194.8050537109375
49111.0,2.0,120,63,4,27.195948820680048,-3.1365246057155303,0.765685424949238,0,1194.8050537109375
49111.0,2.0,120,64,4,32.195894580159454,-3.137311666731859,0.848528137423857,0,1194.8050537109375
49111.0,2.0,120,65,5,24.808314847532657,3.0462313114668094,0.5507551751186637,0,1194.8050537109375
49111.0,2.0,120,67,4,34.77591805680612,3.073614851988385,0.6466890965784271,0,1194.8050537109375
49111.0,2.0,121,1,1,33.247439144175694,0.8583289471013209,0.613407053921902,0,1195.1190185546875
49111.0,2.0,121,2,2,29.75783515176452,0.8668989534107916,0.8513997106635237,0,1195.1190185546875
49111.0,2.0,121,3,4,30.573746086437804,1.030625660337877,0.682842712474619,0,1195.1190185546875
49111.0,2.0,121,4,1,29.770850778592358,0.6987151334438617,0.682842712474619,0,1195.1190185546875
49111.0,2.0,121,5,4,27.60155838183546,0.964702247289037,0.848528137423857,0,1195.1190185546875
49111.0,2.0,121,6,2,27.15917576561359,0.7825481465086419,0.848528137423857,0,1195.1190185546875
49111.0,2.0,121,7,5,26.96981525852589,1.2023694426521834,0.613407053921902,0,1195.1190185546875
49111.0,2.0,121,8,5,25.75195715459605,1.0777801907800748,0.8513997106635237,0,1195.1190185546875
49111.0,2.0,121,9,2,24.777774324054445,0.8833272762082722,0.848528137423857,0,1195.1190185546875
49111.0,2.0,121,10,2,24.793404437781287,0.6812544990549882,0.8513997106635237,0,1195.1190185546875
49111.0,2.0,121,11,1,25.396953869086893,0.5437565686209265,0.613407053921902,0,1195.1190185546875
49111.0,2.0,121,12,4,22.699237270006478,1.0039960773793146,0.848528137423857,0,1195.1190185546875
49111.0,2.0,121,13,4,22.159200703131695,0.7819044357885205,0.848528137423857,0,1195.1190185546875
49111.0,2.0,121,14,5,21.01362997738207,1.1464160506814025,0.682842712474619,0,1195.1190185546875
49111.0,2.0,121,15,5,19.807762316525093,0.9080094670974501,0.8513997106635237,0,1195.1190185546875
49111.0,2.0,121,16,4,19.82731073921959,0.655035558251801,0.682842712474619,0,1195.1190185546875
49111.0,2.0,121,17,5,16.339644771593942,0.934209812749345,0.613407053921902,1,1195.1190185546875
49111.0,2.0,121,18,1,14.0513371771855,-2.5294623104061116,0.613407053921902,0,1195.1190185546875
49111.0,2.0,121,19,2,10.620900771263686,-2.5863070483239676,0.8513997106635237,0,1195.1190185546875
49111.0,2.0,121,20,4,12.729050633547205,-2.97875135407795,0.6466890965784271,0,1195.1190185546875
49111.0,2.0,121,21,1,10.657313749470392,-2.1119188120621155,0.682842712474619,0,1195.1190185546875
49111.0,2.0,121,22,4,9.25804827407641,-2.91680019329212,0.848528137423857,0,1195.1190185546875
49111.0,2.0,121,23,2,7.841317555535567,-2.346310486778659,0.848528137423857,0,1195.1190185546875
49111.0,2.0,121,26,2,5.864655630030624,-2.782015406702385,0.765685424949238,0,1195.1190185546875
49111.0,2.0,121,27,2,5.930344747185528,-1.9065690371580948,0.7685569981889047,0,1195.1190185546875
49111.0,2.0,121,28,1,8.090818934669453,-1.506377699551174,0.6034068236642477,0,1195.1190185546875
49111.0,2.0,121,31,5,7.430345548024608,-3.8810877868189784,0.43175884674785275,0,1195.1190185546875
49111.0,2.0,121,34,5,3.9809916918708113,1.4395972589960526,0.3828974682400163,0,1195.1190185546875
49111.0,2.0,121,35,1,46.3761079724888,1.5595686273241376,0.613407053921902,0,1195.1190185546875
49111.0,2.0,121,36,2,43.94177891198609,1.6152830428660927,0.8513997106635237,0,1195.1190185546875
49111.0,2.0,121,37,4,40.393746262404115,1.5316376082658523,0.682842712474619,0,1195.1190185546875
49111.0,2.0,121,38,1,47.750446393601855,1.6860180847630795,0.682842712474619,0,1195.1190185546875
49111.0,2.0,121,39,4,40.41004837039627,1.619173730887888,0.848528137423857,0,1195.1190185546875
49111.0,2.0,121,40,2,44.24022158778304,1.6952057761266999,0.848528137423857,0,1195.1190185546875
49111.0,2.0,121,41,5,34.35631596750154,1.5556392948809115,0.613407053921902,0,1195.1190185546875
49111.0,2.0,121,42,5,36.8790466884065,1.6238095322235857,0.8513997106635237,0,1195.1190185546875
49111.0,2.0,121,43,2,40.734374691211904,1.7059760083128181,0.848528137423857,0,1195.1190185546875
49111.0,2.0,121,44,2,44.816453209981084,1.7735654398863643,0.8513997106635237,0,1195.1190185546875
49111.0,2.0,121,45,1,47.77784126673462,1.8138833780190722,0.613407053921902,0,1195.1190185546875
49111.0,2.0,121,46,4,37.23414235391955,1.7187728990521602,0.848528137423857,0,1195.1190185546875
49111.0,2.0,121,47,4,41.3594796107292,1.7907808409219506,0.848528137423857,0,1195.1190185546875
49111.0,2.0,121,48,5,33.741271940753,1.7342222233210713,0.682842712474619,0,1195.1190185546875
49111.0,2.0,121,49,5,37.91699657169888,1.811129191748634,0.765685424949238,0,1195.1190185546875
49111.0,2.0,121,50,4,42.27202178576989,1.872493878069517,0.682842712474619,0,1195.1190185546875
49111.0,2.0,121,52,1,35.25324463786601,-3.5235153765061096,0.613407053921902,0,1195.1190185546875
49111.0,2.0,121,53,2,34.03167222196557,-3.618244200134896,0.8513997106635237,0,1195.1190185546875
49111.0,2.0,121,54,4,29.307499336943167,-3.5663806235905726,0.6466890965784271,0,1195.1190185546875
49111.0,2.0,121,55,1,38.82499080568702,-3.6573864743500915,0.682842712474619,0,1195.1190185546875
49111.0,2.0,121,56,4,30.9327891085984,-3.6707088929708673,0.848528137423857,0,1195.1190185546875
49111.0,2.0,121,57,2,35.79193538879118,-3.706126921532436,0.848528137423857,0,1195.1190185546875
49111.0,2.0,121,60,2,32.859479099479394,-3.763725052012652,0.848528137423857,0,1195.1190185546875
49111.0,2.0,121,61,2,37.80172699133602,-3.785225545190241,0.8513997106635237,0,1195.1190185546875
49111.0,2.0,121,62,1,41.26957961155368,-3.7972082269041603,0.613407053921902,0,1195.1190185546875
49111.0,2.0,121,63,4,30.057080605122714,-3.8323287196552003,0.765685424949238,0,1195.1190185546875
49111.0,2.0,121,64,4,35.03788365956515,-3.8458170989772458,0.848528137423857,0,1195.1190185546875
49111.0,2.0,121,65,5,27.424638964197225,-3.914555991728288,0.5507551751186637,0,1195.1190185546875
49111.0,2.0,121,67,4,37.42407268047296,-3.9178778423991933,0.6466890965784271,0,1195.1190185546875
49111.0,2.0,122,1,1,18.112483582282742,-0.0754657001194532,0.613407053921902,0,1196.6619873046875
49111.0,2.0,122,2,2,14.65175674369218,-0.04336902719338709,0.8513997106635237,0,1196.6619873046875
49111.0,2.0,122,3,4,16.248273279993743,0.26494421073783747,0.682842712474619,0,1196.6619873046875
49111.0,2.0,122,4,1,14.674521006537146,-0.38603067628940524,0.682842712474619,0,1196.6619873046875
49111.0,2.0,122,5,4,12.926665859439796,0.18134861003082547,0.848528137423857,0,1196.6619873046875
49111.0,2.0,122,6,2,11.948484478651554,-0.21580091762708986,0.848528137423857,0,1196.6619873046875
49111.0,2.0,122,7,5,14.450124256919176,0.6479132676759691,0.613407053921902,0,1196.6619873046875
49111.0,2.0,122,8,5,12.021788752381381,0.4563820820699618,0.8513997106635237,0,1196.6619873046875
49111.0,2.0,122,9,2,9.756587308165402,0.041841481757372456,0.848528137423857,0,1196.6619873046875
49111.0,2.0,122,10,2,9.790739859521592,-0.4754754378873085,0.8513997106635237,0,1196.6619873046875
49111.0,2.0,122,11,1,11.22835254003473,-0.7810157218046596,0.613407053921902,0,1196.6619873046875
49111.0,2.0,122,12,4,8.521485226598195,0.40718739941895277,0.848528137423857,0,1196.6619873046875
49111.0,2.0,122,13,4,6.9486186801480185,-0.21982132819602151,0.848528137423857,0,1196.6619873046875
49111.0,2.0,122,14,5,8.662587663764702,0.8213160534756379,0.682842712474619,0,1196.6619873046875
49111.0,2.0,122,15,5,5.070307301079403,0.29032717583793954,0.765685424949238,1,1196.6619873046875
49111.0,2.0,122,16,4,5.13571876394627,-0.7335650547082313,0.682842712474619,0,1196.6619873046875
49111.0,2.0,122,18,1,29.15342264020463,-3.435366805883567,0.613407053921902,0,1196.6619873046875
49111.0,2.0,122,19,2,25.667297042745435,-3.446748131308258,0.8513997106635237,0,1196.6619873046875
49111.0,2.0,122,20,4,26.610947867100823,-3.634902749452593,0.6466890965784271,0,1196.6619873046875
49111.0,2.0,122,21,1,25.680298451838507,-3.251688608103948,0.682842712474619,0,1196.6619873046875
49111.0,2.0,122,22,4,23.573668187625803,-3.562633771647908,0.848528137423857,0,1196.6619873046875
49111.0,2.0,122,23,2,23.051798691539265,-3.3489102454142747,0.848528137423857,0,1196.6619873046875
49111.0,2.0,122,26,2,20.69524383173592,-3.4696537698765186,0.765685424949238,0,1196.6619873046875
49111.0,2.0,122,27,2,20.71136664611909,-3.227556878813639,0.7685569981889047,0,1196.6619873046875
49111.0,2.0,122,28,1,21.428439563263904,-3.0647635939449875,0.6034068236642477,0,1196.6619873046875
49111.0,2.0,122,31,5,17.236835728593228,-3.79767477565414,0.43175884674785275,0,1196.6619873046875
49111.0,2.0,122,34,5,12.294884418798384,-3.5510282903676487,0.3828974682400163,0,1196.6619873046875
49111.0,2.0,122,35,1,37.06826830253387,0.8551389345557638,0.613407053921902,0,1196.6619873046875
49111.0,2.0,122,36,2,35.50589287859841,0.9414955433313221,0.8513997106635237,0,1196.6619873046875
49111.0,2.0,122,37,4,31.0054192069947,0.8758264777282563,0.682842712474619,0,1196.6619873046875
49111.0,2.0,122,38,1,40.12481573803841,0.9922249163250949,0.682842712474619,0,1196.6619873046875
49111.0,2.0,122,39,4,32.2298112741411,0.9807964596506114,0.848528137423857,0,1196.6619873046875
49111.0,2.0,122,40,2,36.920091328053104,1.0310235637433507,0.848528137423857,0,1196.6619873046875
49111.0,2.0,122,41,5,25.730727820904722,0.9845868071101676,0.613407053921902,0,1196.6619873046875
49111.0,2.0,122,42,5,29.014703865919444,1.0288959684902614,0.8513997106635237,0,1196.6619873046875
49111.0,2.0,122,43,2,33.78143646045902,1.0771124616570849,0.848528137423857,0,1196.6619873046875
49111.0,2.0,122,44,2,38.607225466705835,1.1133427588851827,0.8513997106635237,0,1196.6619873046875
49111.0,2.0,122,45,1,42.00952921029442,1.1337336082075542,0.613407053921902,0,1196.6619873046875
49111.0,2.0,122,46,4,30.72910273653101,1.1324955903970777,0.848528137423857,0,1196.6619873046875
49111.0,2.0,122,47,4,35.61755415377798,1.1642429362189188,0.848528137423857,0,1196.6619873046875
49111.0,2.0,122,48,5,27.791546568201735,1.1998318653199498,0.682842712474619,0,1196.6619873046875
49111.0,2.0,122,49,5,32.73686713107342,1.224280652023172,0.8513997106635237,0,1196.6619873046875
49111.0,2.0,122,50,4,37.69661627338168,1.2423045161904767,0.682842712474619,0,1196.6619873046875
49111.0,2.0,122,51,5,32.44710131453074,1.331352551977884,0.613407053921902,0,1196.6619873046875
49111.0,2.0,122,52,1,43.54212334129529,-4.192146946223891,0.613407053921902,0,1196.6619873046875
49111.0,2.0,122,53,2,41.2892793702034,-4.255329980906768,0.8513997106635237,0,1196.6619873046875
49111.0,2.0,122,54,4,37.489627658936215,-4.172700367121738,0.6466890965784271,0,1196.6619873046875
49111.0,2.0,122,55,1,45.322588185315865,-4.323654373986062,0.682842712474619,0,1196.6619873046875
49111.0,2.0,122,56,4,37.78068125835514,-4.266358756298115,0.848528137423857,0,1196.6619873046875
49111.0,2.0,122,57,2,41.85346204617315,-4.339314107289761,0.848528137423857,0,1196.6619873046875
49111.0,2.0,122,60,2,38.39645257943993,-4.357798915302004,0.848528137423857,0,1196.6619873046875
49111.0,2.0,122,61,2,42.70386375481976,-4.420509986612746,0.8513997106635237,0,1196.6619873046875
49111.0,2.0,122,62,1,45.80286744106453,-4.457293562003241,0.613407053921902,0,1196.6619873046875
49111.0,2.0,122,63,4,34.95515492913602,-4.379932197828567,0.848528137423857,0,1196.6619873046875
49111.0,2.0,122,64,4,39.32168949860791,-4.445646117859222,0.848528137423857,0,1196.6619873046875
49111.0,2.0,122,65,5,31.534713278459108,-4.406882594271108,0.6466890965784271,0,1196.6619873046875
49111.0,2.0,122,66,5,35.96902209484787,-4.47549002716516,0.8513997106635237,0,1196.6619873046875
49111.0,2.0,122,67,4,40.535206418182746,-4.52884722366654,0.682842712474619,0,1196.6619873046875
49111.0,2.0,122,68,5,34.599980293372816,-4.566829385363117,0.613407053921902,0,1196.6619873046875
49111.0,2.0,123,1,1,16.994075422431543,-0.3755198349640845,0.613407053921902,0,1196.8260498046875
49111.0,2.0,123,2,2,13.520940548344393,-0.34696556870370654,0.8513997106635237,0,1196.8260498046875
49111.0,2.0,123,3,4,15.051884728684113,-0.011745436549202015,0.682842712474619,0,1196.8260498046875
49111.0,2.0,123,4,1,13.750361185733745,-0.715357775975517,0.682842712474619,0,1196.8260498046875
49111.0,2.0,123,5,4,11.736079318762297,-0.104093608650343,0.848528137423857,0,1196.8260498046875
49111.0,2.0,123,6,2,10.908352634680893,-0.5434259556863126,0.848528137423857,0,1196.8260498046875
49111.0,2.0,123,7,5,13.342625777646164,0.4046957223988952,0.613407053921902,0,1196.8260498046875
49111.0,2.0,123,8,5,10.846901965109511,0.2003668956344109,0.8513997106635237,0,1196.8260498046875
49111.0,2.0,123,9,2,8.597201967324375,-0.2662558256822716,0.848528137423857,0,1196.8260498046875
49111.0,2.0,123,10,2,8.953685335839966,-0.8426403909532143,0.8513997106635237,0,1196.8260498046875
49111.0,2.0,123,11,1,10.691028981890579,-1.1544499824592338,0.613407053921902,0,1196.8260498046875
49111.0,2.0,123,12,4,7.337002530419532,0.15272435429693365,0.848528137423857,1,1196.8260498046875
49111.0,2.0,123,13,4,5.923529822466681,-0.5918586254068592,0.848528137423857,0,1196.8260498046875
49111.0,2.0,123,14,5,7.664941656385854,0.6265685166791508,0.6466890965784271,0,1196.8260498046875
49111.0,2.0,123,16,4,4.611347899295626,-1.2308307705672097,0.6466890965784271,0,1196.8260498046875
49111.0,2.0,123,18,1,30.167887794826733,-3.6898014186172787,0.613407053921902,0,1196.8260498046875
49111.0,2.0,123,19,2,26.675535986230603,-3.6979534000686627,0.8513997106635237,0,1196.8260498046875
49111.0,2.0,123,20,4,27.48322435098208,-3.880444133042407,0.6466890965784271,0,1196.8260498046875
49111.0,2.0,123,21,1,26.792551569026667,-3.5107032870136035,0.682842712474619,0,1196.8260498046875
49111.0,2.0,123,22,4,24.503222160809745,-3.8071141852470545,0.848528137423857,0,1196.8260498046875
49111.0,2.0,123,23,2,24.117721610638668,-3.60168624407503,0.848528137423857,0,1196.8260498046875
49111.0,2.0,123,26,2,21.690739309612784,-3.7141509703283764,0.765685424949238,0,1196.8260498046875
49111.0,2.0,123,27,2,21.83448582458151,-3.4839851385414917,0.7685569981889047,0,1196.8260498046875
49111.0,2.0,123,28,1,22.602530628720306,-3.330123723879675,0.6034068236642477,0,1196.8260498046875
49111.0,2.0,123,31,5,17.97597073918984,-4.020043186840335,0.43175884674785275,0,1196.8260498046875
49111.0,2.0,123,34,5,13.24291846965415,-3.7696431991938706,0.3828974682400163,0,1196.8260498046875
49111.0,2.0,123,35,1,36.072967758498535,0.5974729349677625,0.613407053921902,0,1196.8260498046875
49111.0,2.0,123,36,2,34.57276727070378,0.6870453171653694,0.8513997106635237,0,1196.8260498046875
49111.0,2.0,123,37,4,30.02553640121215,0.6225036706598628,0.682842712474619,0,1196.8260498046875
49111.0,2.0,123,38,1,39.23034077506818,0.7364290269453484,0.682842712474619,0,1196.8260498046875
49111.0,2.0,123,39,4,31.328143268392598,0.7297226939494617,0.848528137423857,0,1196.8260498046875
49111.0,2.0,123,40,2,36.05823014540041,0.7779444372660977,0.848528137423857,0,1196.8260498046875
49111.0,2.0,123,41,5,24.83462309224779,0.740125508496337,0.613407053921902,0,1196.8260498046875
49111.0,2.0,123,42,5,28.15366556126606,0.7821387034699261,0.8513997106635237,0,1196.8260498046875
49111.0,2.0,123,43,2,32.96016209167286,0.8273634546249546,0.848528137423857,0,1196.8260498046875
49111.0,2.0,123,44,2,37.816870384566194,0.8610269745788921,0.8513997106635237,0,1196.8260498046875
49111.0,2.0,123,45,1,41.23695025198506,0.879859302469236,0.613407053921902,0,1196.8260498046875
49111.0,2.0,123,46,4,29.959115624464534,0.8868541349080847,0.848528137423857,0,1196.8260498046875
49111.0,2.0,123,47,4,34.87537827140754,0.9150460156216287,0.848528137423857,0,1196.8260498046875
49111.0,2.0,123,48,5,27.08735743646325,0.9592635450719302,0.682842712474619,0,1196.8260498046875
49111.0,2.0,123,49,5,32.05414689965171,0.9787888155134445,0.8513997106635237,0,1196.8260498046875
49111.0,2.0,123,50,4,37.029876235793466,0.9930711304656206,0.682842712474619,0,1196.8260498046875
49111.0,2.0,123,51,5,31.87452850338375,-5.194988758211057,0.613407053921902,0,1196.8260498046875
49111.0,2.0,123,52,1,43.8470279203008,-4.441492390491962,0.613407053921902,0,1196.8260498046875
49111.0,2.0,123,53,2,41.52161634131151,-4.5028074271230665,0.8513997106635237,0,1196.8260498046875
49111.0,2.0,123,54,4,37.81932340776784,-4.417979002424314,0.6466890965784271,0,1196.8260498046875
49111.0,2.0,123,55,1,45.47293727228094,-4.57333212605857,0.682842712474619,0,1196.8260498046875
49111.0,2.0,123,56,4,38.001643374078576,-4.511148942410211,0.848528137423857,0,1196.8260498046875
49111.0,2.0,123,57,2,41.98652521588778,-4.586773321470432,0.848528137423857,0,1196.8260498046875
49111.0,2.0,123,60,2,38.50907133702349,-4.602645371185349,0.848528137423857,0,1196.8260498046875
49111.0,2.0,123,61,2,42.73981721783207,-4.6683405593139256,0.8513997106635237,0,1196.8260498046875
49111.0,2.0,123,62,1,45.793693410941486,-4.706993690991856,0.613407053921902,0,1196.8260498046875
49111.0,2.0,123,63,4,35.04324258363583,-4.621662572637042,0.848528137423857,0,1196.8260498046875
49111.0,2.0,123,64,4,39.329025558094855,-4.691045519903072,0.848528137423857,0,1196.8260498046875
49111.0,2.0,123,65,5,31.592865117161043,-4.644843636200748,0.6466890965784271,0,1196.8260498046875
49111.0,2.0,123,66,5,35.94235004677437,-4.718045434860511,0.8513997106635237,0,1196.8260498046875
49111.0,2.0,123,67,4,40.442501498529886,-4.7752092722033375,0.682842712474619,0,1196.8260498046875
49111.0,2.0,123,68,5,34.46498647956052,-4.808226109016207,0.613407053921902,0,1196.8260498046875
49111.0,2.0,124,1,1,13.96444258969515,-0.8520514809087842,0.613407053921902,0,1197.137939453125
49111.0,2.0,124,2,2,10.47480892961241,-0.8743083482103804,0.8513997106635237,0,1197.137939453125
49111.0,2.0,124,3,4,11.199134685416452,-0.41346956962591697,0.682842712474619,0,1197.137939453125
49111.0,2.0,124,4,1,12.000942734705383,-1.3022382204009832,0.682842712474619,0,1197.137939453125
49111.0,2.0,124,5,4,8.087271000987826,-0.5900371080542237,0.848528137423857,0,1197.137939453125
49111.0,2.0,124,6,2,8.643202916350436,-1.1934854262154369,0.848528137423857,0,1197.137939453125
49111.0,2.0,124,7,5,9.318024430537644,0.16284740908400996,0.613407053921902,0,1197.137939453125
49111.0,2.0,124,8,5,6.788687824237421,-0.14250602565996484,0.7685569981889047,0,1197.137939453125
49111.0,2.0,124,9,2,5.512466488309879,-0.9549349614342126,0.848528137423857,0,1197.137939453125
49111.0,2.0,124,10,2,8.042903157102508,-1.614474672450525,0.8513997106635237,0,1197.137939453125
49111.0,2.0,124,11,1,10.883427506138979,-1.8334730631317586,0.613407053921902,0,1197.137939453125
49111.0,2.0,124,13,4,4.513382470615608,-1.6486863979711317,0.848528137423857,0,1197.137939453125
49111.0,2.0,124,14,5,4.092914248772012,0.6793016483614527,0.5052677403411177,1,1197.137939453125
49111.0,2.0,124,16,4,5.945919261761048,-2.2832328726278623,0.6466890965784271,0,1197.137939453125
49111.0,2.0,124,18,1,33.07964487061033,-3.898869172346681,0.613407053921902,0,1197.137939453125
49111.0,2.0,124,19,2,29.581192327130772,-3.895542406899448,0.8513997106635237,0,1197.137939453125
49111.0,2.0,124,20,4,29.84536706232494,-4.063782304089718,0.6466890965784271,0,1197.137939453125
49111.0,2.0,124,21,1,30.15539659670372,-3.7290484430129496,0.682842712474619,0,1197.137939453125
49111.0,2.0,124,22,4,27.11205645009946,-3.98492639917051,0.848528137423857,0,1197.137939453125
49111.0,2.0,124,23,2,27.283046189221057,-3.800933520951887,0.848528137423857,0,1197.137939453125
49111.0,2.0,124,26,2,24.584167157376896,-3.889147538090026,0.765685424949238,0,1197.137939453125
49111.0,2.0,124,27,2,25.272164118484962,-3.6901319045079877,0.7685569981889047,0,1197.137939453125
49111.0,2.0,124,28,1,26.314311359381836,-3.560475026415169,0.6034068236642477,0,1197.137939453125
49111.0,2.0,124,31,5,19.98535978508286,-4.132068413091153,0.43175884674785275,0,1197.137939453125
49111.0,2.0,124,34,5,16.093465906323633,-3.869163990125581,0.3828974682400163,0,1197.137939453125
49111.0,2.0,124,35,1,32.2366194006467,0.3384417481106179,0.613407053921902,0,1197.137939453125
49111.0,2.0,124,36,2,30.885524046924438,0.4408101422400854,0.8513997106635237,0,1197.137939453125
49111.0,2.0,124,37,4,26.233882672279712,0.376381316239784,0.682842712474619,0,1197.137939453125
49111.0,2.0,124,38,1,35.63165153684793,0.4882309679692036,0.682842712474619,0,1197.137939453125
49111.0,2.0,124,39,4,27.72902685264069,0.495238899826254,0.848528137423857,0,1197.137939453125
49111.0,2.0,124,40,2,32.55146580086185,0.5391997320816353,0.848528137423857,0,1197.137939453125
49111.0,2.0,124,41,5,21.275407582996905,0.527152553465708,0.613407053921902,0,1197.137939453125
49111.0,2.0,124,42,5,24.675539806370786,0.5633846009686532,0.8513997106635237,0,1197.137939453125
49111.0,2.0,124,43,2,29.57332007614294,0.6006218842231448,0.848528137423857,0,1197.137939453125
49111.0,2.0,124,44,2,34.50043848875271,0.6272518737793789,0.8513997106635237,0,1197.137939453125
49111.0,2.0,124,45,1,37.960763333070055,0.6417729268981232,0.613407053921902,0,1197.137939453125
49111.0,2.0,124,46,4,26.731341060023905,0.6754400361845763,0.848528137423857,0,1197.137939453125
49111.0,2.0,124,47,4,31.70589204639305,0.6927464551239675,0.848528137423857,0,1197.137939453125
49111.0,2.0,124,48,5,24.073801723214405,0.7673937613347261,0.682842712474619,0,1197.137939453125
49111.0,2.0,124,49,5,29.073130636359938,0.7704901589685806,0.8513997106635237,0,1197.137939453125
49111.0,2.0,124,50,4,34.07265649445404,0.7726778957261664,0.682842712474619,0,1197.137939453125
49111.0,2.0,124,51,5,29.23119720897259,-5.392685504021834,0.613407053921902,0,1197.137939453125
49111.0,2.0,124,52,1,44.02791021962042,-4.648155730916887,0.613407053921902,0,1197.137939453125
49111.0,2.0,124,53,2,41.46373009071856,-4.703917972777926,0.8513997106635237,0,1197.137939453125
49111.0,2.0,124,54,4,38.12534481740133,-4.610264518954647,0.6466890965784271,0,1197.137939453125
49111.0,2.0,124,55,1,45.110308230227936,-4.7830368157758825,0.682842712474619,0,1197.137939453125
49111.0,2.0,124,56,4,37.92833482904871,-4.703128434602464,0.848528137423857,0,1197.137939453125
49111.0,2.0,124,57,2,41.58434294893499,-4.789038471076245,0.848528137423857,0,1197.137939453125
49111.0,2.0,124,60,2,38.06015302600751,-4.79615187333258,0.848528137423857,0,1197.137939453125
49111.0,2.0,124,61,2,42.00326468208535,-4.873062993850578,0.8513997106635237,0,1197.137939453125
49111.0,2.0,124,62,1,44.88890220161845,-4.918681505978011,0.613407053921902,0,1197.137939453125
49111.0,2.0,124,63,4,34.53828192356386,-4.804716493927518,0.848528137423857,0,1197.137939453125
49111.0,2.0,124,64,4,38.51742350965064,-4.887748580326942,0.848528137423857,0,1197.137939453125
49111.0,2.0,124,65,5,31.019519469199505,-4.815225128183517,0.6466890965784271,0,1197.137939453125
49111.0,2.0,124,66,5,35.041540829282276,-4.905352037464457,0.8513997106635237,0,1197.137939453125
49111.0,2.0,124,67,4,39.28878439555577,-4.976473229773763,0.682842712474619,0,1197.137939453125
49111.0,2.0,124,68,5,33.21435861821301,-4.992882094396624,0.613407053921902,0,1197.137939453125
49111.0,2.0,125,1,1,13.205241594778634,-0.9205039452873982,0.613407053921902,0,1197.2530517578125
49111.0,2.0,125,2,2,9.748540035674223,-0.9688807522880634,0.8513997106635237,0,1197.2530517578125
49111.0,2.0,125,3,4,10.111761976066033,-0.46117473431537004,0.682842712474619,0,1197.2530517578125
49111.0,2.0,125,4,1,11.739690600423483,-1.4009565805383946,0.682842712474619,0,1197.2530517578125
49111.0,2.0,125,5,4,7.121539832091993,-0.683934002823511,0.848528137423857,0,1197.2530517578125
49111.0,2.0,125,6,2,8.276631690887372,-1.3286897792209955,0.848528137423857,0,1197.2530517578125
49111.0,2.0,125,7,5,8.136228520416122,0.18675616311147003,0.6034068236642477,0,1197.2530517578125
49111.0,2.0,125,8,5,5.60344771841431,-0.1729315882082516,0.7685569981889047,1,1197.2530517578125
49111.0,2.0,125,9,2,4.9178174935158845,-1.155461325376646,0.848528137423857,0,1197.2530517578125
49111.0,2.0,125,10,2,8.183595265288917,-1.761503295205433,0.8513997106635237,0,1197.2530517578125
49111.0,2.0,125,11,1,11.254849766328691,-1.9366238368234552,0.613407053921902,0,1197.2530517578125
49111.0,2.0,125,13,4,4.75957227269309,-1.9027748266001316,0.848528137423857,0,1197.2530517578125
49111.0,2.0,125,16,4,6.791327376768614,-2.417357084468061,0.6466890965784271,0,1197.2530517578125
49111.0,2.0,125,18,1,33.96169649262116,-3.874599125220006,0.613407053921902,0,1197.2530517578125
49111.0,2.0,125,19,2,30.467051078275443,-3.868582727428658,0.8513997106635237,0,1197.2530517578125
49111.0,2.0,125,20,4,30.585207189746423,-4.032514898261969,0.6466890965784271,0,1197.2530517578125
49111.0,2.0,125,21,1,31.161314220885696,-3.7077079929364314,0.682842712474619,0,1197.2530517578125
49111.0,2.0,125,22,4,27.92440871507912,-3.9528305708283415,0.848528137423857,0,1197.2530517578125
49111.0,2.0,125,23,2,28.24108540147342,-3.7749053467591205,0.848528137423857,0,1197.2530517578125
49111.0,2.0,125,26,2,25.47725074127617,-3.857125429670334,0.765685424949238,0,1197.2530517578125
49111.0,2.0,125,27,2,26.303547439468794,-3.6663455955201236,0.7685569981889047,0,1197.2530517578125
49111.0,2.0,125,28,1,27.41490506452567,-3.542675063208052,0.6034068236642477,0,1197.2530517578125
49111.0,2.0,125,31,5,20.667682663882303,-4.083497914016958,0.43175884674785275,0,1197.2530517578125
49111.0,2.0,125,34,5,17.00834448177711,-3.8222292291441082,0.3828974682400163,0,1197.2530517578125
49111.0,2.0,125,35,1,31.107243371557402,0.35124501264047847,0.613407053921902,0,1197.2530517578125
49111.0,2.0,125,36,2,29.804634160277377,0.45798466956451866,0.8513997106635237,0,1197.2530517578125
49111.0,2.0,125,37,4,25.12175391955151,0.39393435098203744,0.682842712474619,0,1197.2530517578125
49111.0,2.0,125,38,1,34.57643583224628,0.5045058477447273,0.682842712474619,0,1197.2530517578125
49111.0,2.0,125,39,4,26.679295656884033,0.5166111836011034,0.848528137423857,0,1197.2530517578125
49111.0,2.0,125,40,2,31.527741977200062,0.5587386756415507,0.848528137423857,0,1197.2530517578125
49111.0,2.0,125,41,5,20.247316559570532,0.5569675677762023,0.613407053921902,0,1197.2530517578125
49111.0,2.0,125,42,5,23.669672918460222,0.59045796932,0.8513997106635237,0,1197.2530517578125
49111.0,2.0,125,43,2,28.59138180466906,0.6243389948699862,0.848528137423857,0,1197.2530517578125
49111.0,2.0,125,44,2,33.536261135282096,0.6482497037741792,0.8513997106635237,0,1197.2530517578125
49111.0,2.0,125,45,1,37.00649131081279,0.6611802968873581,0.613407053921902,0,1197.2530517578125
49111.0,2.0,125,46,4,25.805730232253048,0.7045135396891418,0.848528137423857,0,1197.2530517578125
49111.0,2.0,125,47,4,30.79203485080664,0.7176329801964765,0.848528137423857,0,1197.2530517578125
49111.0,2.0,125,48,5,23.225079378535543,-5.479917652737761,0.682842712474619,0,1197.2530517578125
49111.0,2.0,125,49,5,28.224422218581353,-5.483083794254561,0.8513997106635237,0,1197.2530517578125
49111.0,2.0,125,50,4,33.22396284319829,-5.485297071026443,0.682842712474619,0,1197.2530517578125
49111.0,2.0,125,51,5,28.491641525602205,-5.359943060388241,0.613407053921902,0,1197.2530517578125
49111.0,2.0,125,52,1,44.121185537763445,-4.621015582298446,0.613407053921902,0,1197.2530517578125
49111.0,2.0,125,53,2,41.4912446909836,-4.67499813874193,0.8513997106635237,0,1197.2530517578125
49111.0,2.0,125,54,4,38.266299645688285,-4.579068573643411,0.682842712474619,0,1197.2530517578125
49111.0,2.0,125,55,1,45.041504009530435,-4.7564629829055685,0.682842712474619,0,1197.2530517578125
49111.0,2.0,125,56,4,37.95841262821912,-4.671515907975895,0.848528137423857,0,1197.2530517578125
49111.0,2.0,125,57,2,41.509695092684275,-4.76021538718725,0.848528137423857,0,1197.2530517578125
49111.0,2.0,125,59,5,34.42613531172524,-4.667319031979651,0.765685424949238,0,1197.2530517578125
49111.0,2.0,125,60,2,37.978579356456805,-4.764665635106128,0.848528137423857,0,1197.2530517578125
49111.0,2.0,125,61,2,41.828055027315806,-4.844744798547749,0.8513997106635237,0,1197.2530517578125
49111.0,2.0,125,62,1,44.658546500883666,-4.892382599900507,0.613407053921902,0,1197.2530517578125
49111.0,2.0,125,63,4,34.44836996407461,-4.770028115536752,0.848528137423857,0,1197.2530517578125
49111.0,2.0,125,64,4,38.326281982671226,-4.856918720332926,0.848528137423857,0,1197.2530517578125
49111.0,2.0,125,65,5,30.919377361596847,-4.7766149197529035,0.682842712474619,0,1197.2530517578125
49111.0,2.0,125,66,5,34.83133063582699,-4.871538231623676,0.8513997106635237,0,1197.2530517578125
49111.0,2.0,125,67,4,38.99275947269917,-4.946765789074784,0.682842712474619,0,1197.2530517578125
49111.0,2.0,125,68,5,32.90237022786699,-4.957833710188109,0.613407053921902,0,1197.2530517578125
49111.0,2.0,126,1,1,11.906446873343167,-1.0816218495351206,0.613407053921902,0,1197.43798828125
49111.0,2.0,126,2,2,8.619659418652716,-1.2004331717810162,0.8513997106635237,0,1197.43798828125
49111.0,2.0,126,3,4,8.033786465981981,-0.5944966084495151,0.6466890965784271,0,1197.43798828125
49111.0,2.0,126,4,1,11.578226634771912,-1.6066984772663442,0.682842712474619,0,1197.43798828125
49111.0,2.0,126,5,4,5.475479677488135,-0.9645401082407847,0.848528137423857,0,1197.43798828125
49111.0,2.0,126,6,2,8.045972981010987,-1.6224742105415386,0.848528137423857,0,1197.43798828125
49111.0,2.0,126,7,5,5.7951241958047275,0.26373913946711536,0.43533959677349143,1,1197.43798828125
49111.0,2.0,126,9,2,4.518852776554676,-1.6629042082099583,0.848528137423857,0,1197.43798828125
49111.0,2.0,126,10,2,8.954151770477711,-2.0278034216414937,0.8513997106635237,0,1197.43798828125
49111.0,2.0,126,11,1,12.318952730956898,-2.1195635541902247,0.613407053921902,0,1197.43798828125
49111.0,2.0,126,13,4,5.988253763307483,-2.291375069329343,0.848528137423857,0,1197.43798828125
49111.0,2.0,126,16,4,8.734891862602339,-2.6004156338534097,0.6466890965784271,0,1197.43798828125
49111.0,2.0,126,18,1,35.78135820815433,-3.829695164942672,0.613407053921902,0,1197.43798828125
49111.0,2.0,126,19,2,32.299698820181405,-3.819169232016185,0.8513997106635237,0,1197.43798828125
49111.0,2.0,126,20,4,32.14830851478588,-3.9744182183314534,0.6466890965784271,0,1197.43798828125
49111.0,2.0,126,21,1,33.21185552460147,-3.668930189145229,0.682842712474619,0,1197.43798828125
49111.0,2.0,126,22,4,29.628219507031424,-3.8940484635077413,0.848528137423857,0,1197.43798828125
49111.0,2.0,126,23,2,30.209074707269846,-3.7278611419039676,0.848528137423857,0,1197.43798828125
49111.0,2.0,126,26,2,27.33402718136902,-3.7994842153456303,0.765685424949238,0,1197.43798828125
49111.0,2.0,126,27,2,28.40608817603004,-3.623995042321711,0.7685569981889047,0,1197.43798828125
49111.0,2.0,126,28,1,29.639257884150794,-3.5110474345717724,0.6034068236642477,0,1197.43798828125
49111.0,2.0,126,31,5,22.16462804823577,-3.995812149916961,0.43175884674785275,0,1197.43798828125
49111.0,2.0,126,34,5,18.933897873480458,-3.7423690748507,0.3828974682400163,0,1197.43798828125
49111.0,2.0,126,35,1,28.865596409433564,0.379866101055907,0.613407053921902,0,1197.43798828125
49111.0,2.0,126,36,2,27.672327466588875,0.4963507383149981,0.8513997106635237,0,1197.43798828125
49111.0,2.0,126,37,4,22.924103274298478,0.43413922467306687,0.682842712474619,0,1197.43798828125
49111.0,2.0,126,38,1,32.496167526426184,0.540223011008707,0.682842712474619,0,1197.43798828125
49111.0,2.0,126,39,4,24.621065373694115,0.5647876169724277,0.848528137423857,0,1197.43798828125
49111.0,2.0,126,40,2,29.52016356023703,0.6018607570943186,0.848528137423857,0,1197.43798828125
49111.0,2.0,126,41,5,18.25419884059859,0.6265343812762456,0.613407053921902,0,1197.43798828125
49111.0,2.0,126,42,5,21.71718243357802,0.6520333992110827,0.8513997106635237,0,1197.43798828125
49111.0,2.0,126,43,2,26.68106462157641,0.6769554014475081,0.848528137423857,0,1197.43798828125
49111.0,2.0,126,44,2,31.656316997214997,0.6940517050820305,0.8513997106635237,0,1197.43798828125
49111.0,2.0,126,45,1,35.14317349599153,0.7031371721605577,0.613407053921902,0,1197.43798828125
49111.0,2.0,126,46,4,24.027450178042756,0.7692611357329584,0.848528137423857,0,1197.43798828125
49111.0,2.0,126,47,4,29.02691093702107,0.772041653270596,0.848528137423857,0,1197.43798828125
49111.0,2.0,126,48,5,21.62770248491312,-5.399966137649503,0.682842712474619,0,1197.43798828125
49111.0,2.0,126,49,5,26.608282756753468,-5.418318498802674,0.8513997106635237,0,1197.43798828125
49111.0,2.0,126,50,4,31.594998144497026,-5.430880853257993,0.682842712474619,0,1197.43798828125
49111.0,2.0,126,51,5,27.11154297728495,-5.28927168821801,0.613407053921902,0,1197.43798828125
49111.0,2.0,126,52,1,44.40455803343632,-4.5671570382850275,0.613407053921902,0,1197.43798828125
49111.0,2.0,126,53,2,41.650086708180915,-4.617374109699542,0.8513997106635237,0,1197.43798828125
49111.0,2.0,126,54,4,38.65858929541483,-4.517489200724398,0.682842712474619,0,1197.43798828125
49111.0,2.0,126,55,1,44.99969910217639,-4.703146301809397,0.682842712474619,0,1197.43798828125
49111.0,2.0,126,56,4,38.131973114356036,-4.608578141550653,0.848528137423857,0,1197.43798828125
49111.0,2.0,126,57,2,41.464328887387026,-4.702358697740108,0.848528137423857,0,1197.43798828125
49111.0,2.0,126,58,5,32.5567932519122,-4.513698528552496,0.613407053921902,0,1197.43798828125
49111.0,2.0,126,59,5,34.617409267432976,-4.597995173086738,0.8513997106635237,0,1197.43798828125
49111.0,2.0,126,60,2,37.92898918869815,-4.701424268735241,0.848528137423857,0,1197.43798828125
49111.0,2.0,126,61,2,41.57945907974042,-4.787487991585335,0.8513997106635237,0,1197.43798828125
49111.0,2.0,126,62,1,44.29189152548135,-4.8390371171847795,0.613407053921902,0,1197.43798828125
49111.0,2.0,126,63,4,34.393689416393876,-4.700297740154163,0.848528137423857,0,1197.43798828125
49111.0,2.0,126,64,4,38.0548166223251,-4.794459186751989,0.848528137423857,0,1197.43798828125
49111.0,2.0,126,65,5,30.85844329298461,-4.698913091726413,0.682842712474619,0,1197.43798828125
49111.0,2.0,126,66,5,34.53240100186741,-4.802853030555802,0.8513997106635237,0,1197.43798828125
49111.0,2.0,126,67,4,38.50623216365372,-4.886095480808394,0.682842712474619,0,1197.43798828125
49111.0,2.0,126,68,5,32.4029576984563,-4.885914644603725,0.613407053921902,0,1197.43798828125
