subject,level,collection_num,choice,obj_ID,point_value,distance,turning_angle,neighbor_value,used,time
49224,5,1,16,1,2,18.83189882336512,1.3827734412518384,0.613407053921902,0,1529.1180419921875
49224,5,1,16,2,2,15.072836309424618,1.6691445490708614,0.682842712474619,0,1529.1180419921875
49224,5,1,16,3,2,15.407479134935105,1.3403001589151375,0.8513997106635237,0,1529.1180419921875
49224,5,1,16,4,2,17.25080960929695,1.0542385498982034,0.682842712474619,0,1529.1180419921875
49224,5,1,16,5,2,12.541547107597406,1.4893765694173513,0.848528137423857,0,1529.1180419921875
49224,5,1,16,6,2,13.874091780539594,1.1219766508115463,0.848528137423857,0,1529.1180419921875
49224,5,1,16,7,2,11.17140909611599,2.0328425048358714,0.613407053921902,0,1529.1180419921875
49224,5,1,16,8,2,10.108926471723352,1.7177295278478248,0.8513997106635237,0,1529.1180419921875
49224,5,1,16,9,2,10.60143449224965,1.2323407144990939,0.848528137423857,0,1529.1180419921875
49224,5,1,16,10,2,13.137367779590098,0.8651421954235381,0.8513997106635237,0,1529.1180419921875
49224,5,1,16,11,2,15.635870471263763,0.6939193324549766,0.613407053921902,0,1529.1180419921875
49224,5,1,16,12,2,7.569042465998249,1.4356253809480477,0.848528137423857,0,1529.1180419921875
49224,5,1,16,13,2,9.617194119639903,0.8944313290146337,0.848528137423857,0,1529.1180419921875
49224,5,1,16,14,2,5.2144409490096955,1.8585790212811257,0.682842712474619,0,1529.1180419921875
49224,5,1,16,15,2,6.114770093262755,0.9573905879075786,0.765685424949238,0,1529.1180419921875
49224,5,1,16,16,2,9.878786978987455,0.5306974876060998,0.682842712474619,1,1529.1180419921875
49224,5,1,16,17,,,,,0,1529.1180419921875
49224,5,1,16,18,2,24.99680843980311,-1.2229822551143488,0.613407053921902,0,1529.1180419921875
49224,5,1,16,19,2,21.739145157439197,-1.1680788954411914,0.8513997106635237,0,1529.1180419921875
49224,5,1,16,20,2,20.30739799416608,-1.3965804487748879,0.682842712474619,0,1529.1180419921875
49224,5,1,16,21,2,24.14105323010915,-0.9763599236886198,0.682842712474619,0,1529.1180419921875
49224,5,1,16,22,2,18.506496770994676,-1.2394765900067308,0.848528137423857,0,1529.1180419921875
49224,5,1,16,23,2,20.680677977706335,-1.0088140665182108,0.848528137423857,0,1529.1180419921875
49224,5,1,16,24,2,15.000013335845225,-1.5694628683668999,0.613407053921902,0,1529.1180419921875
49224,5,1,16,25,2,15.407479134935105,-1.3403001589151375,0.8513997106635237,0,1529.1180419921875
49224,5,1,16,26,2,17.25080960929695,-1.0542385498982034,0.848528137423857,0,1529.1180419921875
49224,5,1,16,27,2,20.193822101300277,-0.8372449954953577,0.8513997106635237,0,1529.1180419921875
49224,5,1,16,28,2,22.68657013029712,-0.722396026669423,0.613407053921902,0,1529.1180419921875
49224,5,1,16,29,2,13.874091780539594,-1.1219766508115463,0.848528137423857,0,1529.1180419921875
49224,5,1,16,30,2,16.664046375883252,-0.8482403928687091,0.848528137423857,0,1529.1180419921875
49224,5,1,16,31,2,10.60143449224965,-1.2323407144990939,0.682842712474619,0,1529.1180419921875
49224,5,1,16,32,2,13.137367779590098,-0.8651421954235381,0.8513997106635237,0,1529.1180419921875
49224,5,1,16,33,2,16.81637449211225,-0.636840817000066,0.682842712474619,0,1529.1180419921875
49224,5,1,16,34,2,10.716362824028126,-0.6517128367353705,0.613407053921902,0,1529.1180419921875
49224,5,1,16,35,2,31.837718493631154,2.311315752348749,0.613407053921902,0,1529.1180419921875
49224,5,1,16,36,2,29.349451764550956,2.3918591628540415,0.8513997106635237,0,1529.1180419921875
49224,5,1,16,37,2,25.915060057087555,2.260001006400533,0.682842712474619,0,1529.1180419921875
49224,5,1,16,38,2,33.18418749942436,2.494716402777065,0.682842712474619,0,1529.1180419921875
49224,5,1,16,39,2,25.816473971498876,2.396742379326832,0.848528137423857,0,1529.1180419921875
49224,5,1,16,40,2,29.686534143249656,2.5111617776644155,0.848528137423857,0,1529.1180419921875
49224,5,1,16,41,2,19.83633915268593,2.284125029458553,0.613407053921902,0,1529.1180419921875
49224,5,1,16,42,2,22.284306984119,2.403173817596993,0.8513997106635237,0,1529.1180419921875
49224,5,1,16,43,2,26.199051869861687,2.531992351024479,0.848528137423857,0,1529.1180419921875
49224,5,1,16,44,2,30.43337477173624,2.626196083625305,0.8513997106635237,0,1529.1180419921875
49224,5,1,16,45,2,33.52313062318353,2.6776782104266585,0.613407053921902,0,1529.1180419921875
49224,5,1,16,46,2,22.726423570836637,2.5592038091719402,0.848528137423857,0,1529.1180419921875
49224,5,1,16,47,2,27.042379877487253,2.661075954323402,0.848528137423857,0,1529.1180419921875
49224,5,1,16,48,2,19.276678597788955,2.596190937320268,0.682842712474619,0,1529.1180419921875
49224,5,1,16,49,2,23.69367676996762,2.7058833589138813,0.8513997106635237,0,1529.1180419921875
49224,5,1,16,50,2,28.305305156400483,2.7805063833403607,0.682842712474619,0,1529.1180419921875
49224,5,1,16,51,2,22.44193215567018,2.8477457411282203,0.613407053921902,0,1529.1180419921875
49224,5,1,16,52,2,24.775801455501995,-2.29851121188578,0.613407053921902,0,1529.1180419921875
49224,5,1,16,53,2,18.888895061522422,-2.224038682961687,0.682842712474619,0,1529.1180419921875
49224,5,1,16,54,2,22.284306984119,-2.403173817596993,0.8513997106635237,0,1529.1180419921875
49224,5,1,16,55,2,26.199051869861687,-2.531992351024479,0.682842712474619,0,1529.1180419921875
49224,5,1,16,56,2,18.75340894887728,-2.4120275723337308,0.848528137423857,0,1529.1180419921875
49224,5,1,16,57,2,22.726423570836637,-2.5592038091719402,0.848528137423857,0,1529.1180419921875
49224,5,1,16,58,2,12.793762928205767,-2.2443164511362212,0.613407053921902,0,1529.1180419921875
49224,5,1,16,59,2,15.224662776075082,-2.4249869880140005,0.8513997106635237,0,1529.1180419921875
49224,5,1,16,60,2,19.276678597788955,-2.596190937320268,0.848528137423857,0,1529.1180419921875
49224,5,1,16,61,2,23.69367676996762,-2.7058833589138813,0.8513997106635237,0,1529.1180419921875
49224,5,1,16,62,2,26.907253774062067,-2.7608101979533393,0.613407053921902,0,1529.1180419921875
49224,5,1,16,63,2,15.8647517220986,-2.649188112438266,0.848528137423857,0,1529.1180419921875
49224,5,1,16,64,2,20.40809467640424,-2.7652718413249864,0.848528137423857,0,1529.1180419921875
49224,5,1,16,65,2,12.521595610991684,-2.730828391371554,0.682842712474619,0,1529.1180419921875
49224,5,1,16,66,2,17.221798331256082,-2.847021265603461,0.8513997106635237,0,1529.1180419921875
49224,5,1,16,67,2,22.05425852028817,-2.9128905801573675,0.682842712474619,0,1529.1180419921875
49224,5,1,16,68,2,16.54812188021513,-3.0508233348841336,0.613407053921902,0,1529.1180419921875
49224,5,2,13,1,2,15.880678481758322,0.582630329253834,0.613407053921902,0,1529.718994140625
49224,5,2,13,2,2,14.65582143686806,0.9771023724070174,0.682842712474619,0,1529.718994140625
49224,5,2,13,3,2,12.483993647114975,0.6425895512624873,0.8513997106635237,0,1529.718994140625
49224,5,2,13,4,2,12.12052361794047,0.23436245863409488,0.682842712474619,0,1529.718994140625
49224,5,2,13,5,2,11.19165466827924,0.9219083853712522,0.848528137423857,0,1529.718994140625
49224,5,2,13,6,2,9.555633396372121,0.4609567774712955,0.848528137423857,0,1529.718994140625
49224,5,2,13,7,2,13.808195909405905,1.4052390232739687,0.613407053921902,0,1529.718994140625
49224,5,2,13,8,2,10.938746319703457,1.2419936237058022,0.8513997106635237,0,1529.718994140625
49224,5,2,13,9,2,7.7918654017296545,0.8179588927681707,0.848528137423857,0,1529.718994140625
49224,5,2,13,10,2,7.195148492596754,0.14217146216977294,0.8513997106635237,0,1529.718994140625
49224,5,2,13,11,2,8.6752555354185,-0.26201593262213363,0.6034068236642477,0,1529.718994140625
49224,5,2,13,12,2,7.424028776310143,1.2845078063123674,0.848528137423857,0,1529.718994140625
49224,5,2,13,13,2,4.601434413672196,0.562828153312068,0.848528137423857,1,1529.718994140625
49224,5,2,13,14,2,8.632452728181633,1.7025879133215935,0.682842712474619,0,1529.718994140625
49224,5,2,13,15,2,3.9466739789519267,1.4025803331310176,0.765685424949238,0,1529.718994140625
49224,5,2,13,16,,,,,0,1529.718994140625
49224,5,2,13,17,,,,,0,1529.718994140625
49224,5,2,13,18,2,26.534934040157893,-2.7138122048068483,0.613407053921902,0,1529.718994140625
49224,5,2,13,19,2,23.042321414634092,-2.704620539549766,0.8513997106635237,0,1529.718994140625
49224,5,2,13,20,2,23.235567150027975,-2.9209685794389477,0.682842712474619,0,1529.718994140625
49224,5,2,13,21,2,23.916637965381977,-2.4945271127894437,0.682842712474619,0,1529.718994140625
49224,5,2,13,22,2,20.50581731974246,-2.8179877339642063,0.848528137423857,0,1529.718994140625
49224,5,2,13,23,2,20.89367223210165,-2.5765702811412248,0.848528137423857,0,1529.718994140625
49224,5,2,13,24,2,19.262362652377373,-3.1403965370018643,0.613407053921902,0,1529.718994140625
49224,5,2,13,25,2,18.303784082150734,-2.9608840685188373,0.8513997106635237,0,1529.718994140625
49224,5,2,13,26,2,18.057837830644075,-2.6853244520661814,0.848528137423857,0,1529.718994140625
49224,5,2,13,27,2,19.160962984925522,-2.4223917755441358,0.8513997106635237,0,1529.718994140625
49224,5,2,13,28,2,20.630860362185043,-2.2624623753798385,0.613407053921902,0,1529.718994140625
49224,5,2,13,29,2,15.512107364674382,-2.8320456154413414,0.848528137423857,0,1529.718994140625
49224,5,2,13,30,2,16.021313001281477,-2.5152058259427963,0.848528137423857,0,1529.718994140625
49224,5,2,13,31,2,13.422572133109586,-3.030017746308964,0.682842712474619,0,1529.718994140625
49224,5,2,13,32,2,13.085199198345272,-2.651340663135837,0.8513997106635237,0,1529.718994140625
49224,5,2,13,33,2,14.56981240278067,-2.3038050969571047,0.682842712474619,0,1529.718994140625
49224,5,2,13,34,2,9.62124158932466,-2.6066861652152054,0.613407053921902,0,1529.718994140625
49224,5,2,13,35,2,35.02924354056606,1.3123870613129716,0.613407053921902,0,1529.718994140625
49224,5,2,13,36,2,33.10139047478994,1.3982005134063058,0.8513997106635237,0,1529.718994140625
49224,5,2,13,37,2,28.92678770199622,1.3092404403056659,0.682842712474619,0,1529.718994140625
49224,5,2,13,38,2,37.4785946371081,1.4668251394392253,0.682842712474619,0,1529.718994140625
49224,5,2,13,39,2,29.684374401175596,1.4271600772503727,0.848528137423857,0,1529.718994140625
49224,5,2,13,40,2,34.13363573071763,1.4988419718370334,0.848528137423857,0,1529.718994140625
49224,5,2,13,41,2,23.240310079431303,1.3947624003791959,0.613407053921902,0,1529.718994140625
49224,5,2,13,42,2,26.298709394451738,1.4636135831358354,0.8513997106635237,0,1529.718994140625
49224,5,2,13,43,2,30.831236115698935,1.5377649611938697,0.848528137423857,0,1529.718994140625
49224,5,2,13,44,2,35.48954951855733,1.5926903954131448,0.8513997106635237,0,1529.718994140625
49224,5,2,13,45,2,38.80100808298466,1.6232303645688633,0.613407053921902,0,1529.718994140625
49224,5,2,13,46,2,27.586684335864533,1.5859317295856445,0.848528137423857,0,1529.718994140625
49224,5,2,13,47,2,32.32596722844945,1.6392989122802801,0.848528137423857,0,1529.718994140625
49224,5,2,13,48,2,24.423046183293533,1.6467506132225316,0.682842712474619,0,1529.718994140625
49224,5,2,13,49,2,29.24770400355288,1.6958639862933425,0.8513997106635237,0,1529.718994140625
49224,5,2,13,50,2,34.12288373053481,1.7310094006272208,0.682842712474619,0,1529.718994140625
49224,5,2,13,51,2,28.610877963104667,1.8149066074453446,0.613407053921902,0,1529.718994140625
49224,5,2,13,52,2,31.76404694774954,-3.6022470899584276,0.613407053921902,0,1529.718994140625
49224,5,2,13,53,2,25.726591798185346,-3.570974142348125,0.682842712474619,0,1529.718994140625
49224,5,2,13,54,2,29.5093295443765,-3.689712597061436,0.8513997106635237,0,1529.718994140625
49224,5,2,13,55,2,33.61165772119498,-3.7805071068344382,0.682842712474619,0,1529.718994140625
49224,5,2,13,56,2,26.007642979051415,-3.707329854566801,0.848528137423857,0,1529.718994140625
49224,5,2,13,57,2,30.17184942846488,-3.806167471314792,0.848528137423857,0,1529.718994140625
49224,5,2,13,58,2,19.76067694354839,-3.6280879233532417,0.613407053921902,0,1529.718994140625
49224,5,2,13,59,2,22.516537400164193,-3.7304192288112654,0.8513997106635237,0,1529.718994140625
49224,5,2,13,60,2,26.757007700808906,-3.838403591627939,0.848528137423857,0,1529.718994140625
49224,5,2,13,61,2,31.223075852793578,-3.916203780023464,0.8513997106635237,0,1529.718994140625
49224,5,2,13,62,2,34.436761882253236,-3.9584886639960954,0.613407053921902,0,1529.718994140625
49224,5,2,13,63,2,23.378075717824547,-3.880012473130644,0.848528137423857,0,1529.718994140625
49224,5,2,13,64,2,27.93702612799888,-3.960378264899944,0.848528137423857,0,1529.718994140625
49224,5,2,13,65,2,20.053213892928195,-3.935543730399502,0.682842712474619,0,1529.718994140625
49224,5,2,13,66,2,24.719918932789454,-4.016184706177254,0.8513997106635237,0,1529.718994140625
49224,5,2,13,67,2,29.49605730689844,-4.070977358066913,0.682842712474619,0,1529.718994140625
49224,5,2,13,68,2,23.82058445343979,-4.155689213099927,0.613407053921902,0,1529.718994140625
49224,5,3,10,1,2,13.568125074564016,0.2583346451806141,0.613407053921902,0,1529.9019775390625
49224,5,3,10,2,2,12.813328285771538,0.7218022607714758,0.682842712474619,0,1529.9019775390625
49224,5,3,10,3,2,10.223442776059068,0.34590707565874124,0.8513997106635237,0,1529.9019775390625
49224,5,3,10,4,2,9.739413875164958,-0.15813591317989117,0.682842712474619,0,1529.9019775390625
49224,5,3,10,5,2,9.287659974563663,0.697607160689655,0.848528137423857,0,1529.9019775390625
49224,5,3,10,6,2,7.183176751237106,0.13492609619038487,0.848528137423857,0,1529.9019775390625
49224,5,3,10,7,2,12.826390494031768,1.2024958204530876,0.613407053921902,0,1529.9019775390625
49224,5,3,10,8,2,9.643779000519945,1.0714558992156968,0.8513997106635237,0,1529.9019775390625
49224,5,3,10,9,2,5.774069089236016,0.643894845727583,0.848528137423857,0,1529.9019775390625
49224,5,3,10,10,2,4.865929950551303,-0.320667156046631,0.7685569981889047,1,1529.9019775390625
49224,5,3,10,11,2,6.831065406593115,-0.8284574321917264,0.6034068236642477,0,1529.9019775390625
49224,5,3,10,12,2,6.331012514205639,1.2296936938129623,0.848528137423857,0,1529.9019775390625
49224,5,3,10,13,,,,,0,1529.9019775390625
49224,5,3,10,14,2,8.474878468909509,-4.6672864166467205,0.682842712474619,0,1529.9019775390625
49224,5,3,10,15,2,3.4872575900250533,-4.602595559172826,0.682842712474619,0,1529.9019775390625
49224,5,3,10,16,,,,,0,1529.9019775390625
49224,5,3,10,17,,,,,0,1529.9019775390625
49224,5,3,10,18,2,28.922803950369556,-3.0885390221883444,0.613407053921902,0,1529.9019775390625
49224,5,3,10,19,2,25.428405852415743,-3.081240009327459,0.8513997106635237,0,1529.9019775390625
49224,5,3,10,20,2,25.617697471841023,-3.2773162018372526,0.682842712474619,0,1529.9019775390625
49224,5,3,10,21,2,26.209563610094172,-2.889647271372397,0.682842712474619,0,1529.9019775390625
49224,5,3,10,22,2,22.90250156971968,-3.1837953292143015,0.848528137423857,0,1529.9019775390625
49224,5,3,10,23,2,23.234930139499316,-2.967101824023663,0.848528137423857,0,1529.9019775390625
49224,5,3,10,24,2,21.53971104266193,-3.470928601725599,0.613407053921902,0,1529.9019775390625
49224,5,3,10,25,2,20.67475107726459,-3.3100448666767894,0.8513997106635237,0,1529.9019775390625
49224,5,3,10,26,2,20.439734160288257,-3.066484875863969,0.848528137423857,0,1529.9019775390625
49224,5,3,10,27,2,21.403741097753358,-2.8313795342708867,0.8513997106635237,0,1529.9019775390625
49224,5,3,10,28,2,22.717973353385574,-2.68413870009742,0.613407053921902,0,1529.9019775390625
49224,5,3,10,29,2,17.908196070489506,-3.1955751658643523,0.848528137423857,0,1529.9019775390625
49224,5,3,10,30,2,18.331418028496792,-2.9197318757453266,0.848528137423857,0,1529.9019775390625
49224,5,3,10,31,2,15.767822945953473,-3.36323412156743,0.682842712474619,0,1529.9019775390625
49224,5,3,10,32,2,15.458384161720726,-3.0422117856951454,0.8513997106635237,0,1529.9019775390625
49224,5,3,10,33,2,16.71224225912668,-2.739923358748575,0.682842712474619,0,1529.9019775390625
49224,5,3,10,34,2,11.980687657016881,-3.013222681949792,0.613407053921902,0,1529.9019775390625
49224,5,3,10,35,2,33.742938879195,1.0039921480682588,0.613407053921902,0,1529.9019775390625
49224,5,3,10,36,2,32.000167005211566,1.0963941737278065,0.8513997106635237,0,1529.9019775390625
49224,5,3,10,37,2,27.64684591048014,1.0136852926818127,0.682842712474619,0,1529.9019775390625
49224,5,3,10,38,2,36.51949189029099,1.1589778810261255,0.682842712474619,0,1529.9019775390625
49224,5,3,10,39,2,28.65466688701144,1.1341595894052698,0.848528137423857,0,1529.9019775390625
49224,5,3,10,40,2,33.25285753088279,1.1977901587874706,0.848528137423857,0,1529.9019775390625
49224,5,3,10,41,2,22.162025195257534,1.1218897737064322,0.613407053921902,0,1529.9019775390625
49224,5,3,10,42,2,25.36078035963698,1.1818186067086733,0.8513997106635237,0,1529.9019775390625
49224,5,3,10,43,2,30.04715926694814,1.2449684836617183,0.848528137423857,0,1529.9019775390625
49224,5,3,10,44,2,34.82088998829504,1.2909474913230001,0.8513997106635237,0,1529.9019775390625
49224,5,3,10,45,2,38.196965838551435,1.3162594370403577,0.613407053921902,0,1529.9019775390625
49224,5,3,10,46,2,26.924171780344636,1.3032477247484127,0.848528137423857,0,1529.9019775390625
49224,5,3,10,47,2,31.77378834229726,1.3448613285236672,0.848528137423857,0,1529.9019775390625
49224,5,3,10,48,2,23.9163181134067,1.3764906159326933,0.682842712474619,0,1529.9019775390625
49224,5,3,10,49,2,28.838392321092797,1.4099740083757744,0.8513997106635237,0,1529.9019775390625
49224,5,3,10,50,2,33.78336086343191,1.433675759401646,0.682842712474619,0,1529.9019775390625
49224,5,3,10,51,2,28.48820169511592,1.5315457648706907,0.613407053921902,0,1529.9019775390625
49224,5,3,10,52,2,33.48164414298661,-3.9182082860444947,0.613407053921902,0,1529.9019775390625
49224,5,3,10,53,2,27.503329449316663,-3.877714660708755,0.682842712474619,0,1529.9019775390625
49224,5,3,10,54,2,31.082080534630364,-3.997211896351892,0.8513997106635237,0,1529.9019775390625
49224,5,3,10,55,2,35.01083160858717,-4.090999077869236,0.682842712474619,0,1529.9019775390625
49224,5,3,10,56,2,27.556376480834526,-4.006214109407303,0.848528137423857,0,1529.9019775390625
49224,5,3,10,57,2,31.528026965179553,-4.10930954662526,0.848528137423857,0,1529.9019775390625
49224,5,3,10,58,2,21.461552121205347,-3.91328915204426,0.613407053921902,0,1529.9019775390625
49224,5,3,10,59,2,24.0335606838798,-4.017856581233026,0.8513997106635237,0,1529.9019775390625
49224,5,3,10,60,2,28.058414757596896,-4.132157761670129,0.848528137423857,0,1529.9019775390625
49224,5,3,10,61,2,32.35640953926949,-4.216974834172256,0.8513997106635237,0,1529.9019775390625
49224,5,3,10,62,2,35.47465373992323,-4.263895569573624,0.613407053921902,0,1529.9019775390625
49224,5,3,10,63,2,24.607575929001495,-4.1614332728744605,0.848528137423857,0,1529.9019775390625
49224,5,3,10,64,2,28.986124140098006,-4.251858583877988,0.848528137423857,0,1529.9019775390625
49224,5,3,10,65,2,21.184686627227137,-4.200211896379415,0.682842712474619,0,1529.9019775390625
49224,5,3,10,66,2,25.66034970645207,-4.295850504251939,0.8513997106635237,0,1529.9019775390625
49224,5,3,10,67,2,30.30043145932106,-4.362664490455423,0.682842712474619,0,1529.9019775390625
49224,5,3,10,68,2,24.454627024370527,-4.427111633502495,0.613407053921902,0,1529.9019775390625
49224,5,4,6,1,2,11.264466766665358,0.3127919303358464,0.613407053921902,0,1530.1180419921875
49224,5,4,6,2,2,11.125446173515908,0.8648248018029712,0.682842712474619,0,1530.1180419921875
49224,5,4,6,3,2,8.007056450169507,0.447708092235072,0.8513997106635237,0,1530.1180419921875
49224,5,4,6,4,2,7.379048274174825,-0.20937711494085054,0.6466890965784271,0,1530.1180419921875
49224,5,4,6,5,2,7.606233127606285,0.9017135000734942,0.848528137423857,0,1530.1180419921875
49224,5,4,6,6,2,4.815826287138757,0.2020138260004003,0.848528137423857,1,1530.1180419921875
49224,5,4,6,7,2,12.170062920186918,1.3875303819386664,0.613407053921902,0,1530.1180419921875
49224,5,4,6,8,2,8.751949027890273,1.3145852259772615,0.8513997106635237,0,1530.1180419921875
49224,5,4,6,9,2,4.1150956517669,1.0015879913938792,0.848528137423857,0,1530.1180419921875
49224,5,4,6,10,,,,,0,1530.1180419921875
49224,5,4,6,11,2,5.5006902262419,-1.155782188661545,0.43533959677349143,0,1530.1180419921875
49224,5,4,6,12,2,5.972925716806215,-4.665140625731823,0.848528137423857,0,1530.1180419921875
49224,5,4,6,13,,,,,0,1530.1180419921875
49224,5,4,6,14,2,8.911659273882682,-4.394894554234415,0.682842712474619,0,1530.1180419921875
49224,5,4,6,15,2,4.444667754757446,-4.036049647742505,0.682842712474619,0,1530.1180419921875
49224,5,4,6,16,,,,,0,1530.1180419921875
49224,5,4,6,17,,,,,0,1530.1180419921875
49224,5,4,6,18,2,31.31968246136004,-3.0926025745717816,0.613407053921902,0,1530.1180419921875
49224,5,4,6,19,2,27.824409571840526,-3.0864425954570356,0.8513997106635237,0,1530.1180419921875
49224,5,4,6,20,2,27.99750645298844,-3.2657171610078226,0.682842712474619,0,1530.1180419921875
49224,5,4,6,21,2,28.5400625167138,-2.9106120176219,0.682842712474619,0,1530.1180419921875
49224,5,4,6,22,2,25.300563989560295,-3.1797931855693644,0.848528137423857,0,1530.1180419921875
49224,5,4,6,23,2,25.601873732721916,-2.9833769594818595,0.848528137423857,0,1530.1180419921875
49224,5,4,6,24,2,23.823373565737047,-3.4383416254501817,0.613407053921902,0,1530.1180419921875
49224,5,4,6,25,2,23.044290146544753,-3.292583017542783,0.8513997106635237,0,1530.1180419921875
49224,5,4,6,26,2,22.833674885890378,-3.0743719488164905,0.848528137423857,0,1530.1180419921875
49224,5,4,6,27,2,23.700508628106324,-2.862296320254192,0.8513997106635237,0,1530.1180419921875
49224,5,4,6,28,2,24.893780137544866,-2.726732304195987,0.613407053921902,0,1530.1180419921875
49224,5,4,6,29,2,20.305109676208236,-3.1891976668441595,0.848528137423857,0,1530.1180419921875
49224,5,4,6,30,2,20.679334597593964,-2.9452725970474063,0.848528137423857,0,1530.1180419921875
49224,5,4,6,31,2,18.11679467044736,-3.334108171987995,0.682842712474619,0,1530.1180419921875
49224,5,4,6,32,2,17.848127340635802,-3.0555537122122765,0.8513997106635237,0,1530.1180419921875
49224,5,4,6,33,2,18.944472808815572,-2.7894721402605915,0.682842712474619,0,1530.1180419921875
49224,5,4,6,34,2,14.36422319892929,-3.03461370923078,0.613407053921902,0,1530.1180419921875
49224,5,4,6,35,2,32.51738227668875,1.0662972489612903,0.613407053921902,0,1530.1180419921875
49224,5,4,6,36,2,30.977490078881544,1.1653684265764368,0.8513997106635237,0,1530.1180419921875
49224,5,4,6,37,2,26.456422509923858,1.0907592908755097,0.682842712474619,0,1530.1180419921875
49224,5,4,6,38,2,35.62678053305972,1.2207500374057871,0.682842712474619,0,1530.1180419921875
49224,5,4,6,39,2,27.725153226247464,1.2126826337145036,0.848528137423857,0,1530.1180419921875
49224,5,4,6,40,2,32.45530343383803,1.266707514693468,0.848528137423857,0,1530.1180419921875
49224,5,4,6,41,2,21.23086271341974,1.2239094423254615,0.613407053921902,0,1530.1180419921875
49224,5,4,6,42,2,24.551239301725598,1.272394471043453,0.8513997106635237,0,1530.1180419921875
49224,5,4,6,43,2,29.367089587056363,1.3224702485873348,0.848528137423857,0,1530.1180419921875
49224,5,4,6,44,2,34.23577880489639,1.3583734104151781,0.8513997106635237,0,1530.1180419921875
49224,5,4,6,45,2,37.664338173825804,1.3779661778201833,0.613407053921902,0,1530.1180419921875
49224,5,4,6,46,2,26.391384591299673,1.3910637668117642,0.848528137423857,0,1530.1180419921875
49224,5,4,6,47,2,31.32359781713283,1.4196030678366247,0.848528137423857,0,1530.1180419921875
49224,5,4,6,48,2,23.570838136934913,1.4765620876266912,0.682842712474619,0,1530.1180419921875
49224,5,4,6,49,2,28.5525307116757,1.49304032774273,0.8513997106635237,0,1530.1180419921875
49224,5,4,6,50,2,33.539672174974854,1.5046205552424818,0.682842712474619,0,1530.1180419921875
49224,5,4,6,51,2,28.49511802923576,-4.667379905180563,0.613407053921902,0,1530.1180419921875
49224,5,4,6,52,2,35.23371181228891,-3.8704493691541644,0.613407053921902,0,1530.1180419921875
49224,5,4,6,53,2,29.326218764936872,-3.82273943253276,0.682842712474619,0,1530.1180419921875
49224,5,4,6,54,2,32.706111150861915,-3.9417827803744547,0.8513997106635237,0,1530.1180419921875
49224,5,4,6,55,2,36.46028395632887,-4.037453187474247,0.682842712474619,0,1530.1180419921875
49224,5,4,6,56,2,29.17101090495905,-3.943575505664634,0.848528137423857,0,1530.1180419921875
49224,5,4,6,57,2,32.94860356344163,-4.0492824839348325,0.848528137423857,0,1530.1180419921875
49224,5,4,6,58,2,23.242035799977305,-3.841217464792827,0.613407053921902,0,1530.1180419921875
49224,5,4,6,59,2,25.6360302664423,-3.9458626418439073,0.8513997106635237,0,1530.1180419921875
49224,5,4,6,60,2,29.442633159850775,-4.0639314751634625,0.848528137423857,0,1530.1180419921875
49224,5,4,6,61,2,33.563838382240235,-4.154024797227768,0.8513997106635237,0,1530.1180419921875
49224,5,4,6,62,2,36.57929833449054,-4.204739095976695,0.613407053921902,0,1530.1180419921875
49224,5,4,6,63,2,25.944687664149093,-4.082535452623103,0.848528137423857,0,1530.1180419921875
49224,5,4,6,64,2,30.129543932058592,-4.180440762204129,0.848528137423857,0,1530.1180419921875
49224,5,4,6,65,2,22.458517061350154,-4.106925878550909,0.682842712474619,0,1530.1180419921875
49224,5,4,6,66,2,26.72166888797469,-4.213622850361602,0.8513997106635237,0,1530.1180419921875
49224,5,4,6,67,2,31.204329631032827,-4.290344887774051,0.682842712474619,0,1530.1180419921875
49224,5,4,6,68,2,25.235349149549364,-4.335723699463217,0.613407053921902,0,1530.1180419921875
49224,5,5,4,1,2,10.129426363795032,0.34925413133992933,0.613407053921902,0,1530.3179931640625
49224,5,5,4,2,2,10.387136988074873,0.9528527010063614,0.682842712474619,0,1530.3179931640625
49224,5,5,4,3,2,6.944783311625677,0.5225795652045417,0.7685569981889047,0,1530.3179931640625
49224,5,5,4,4,2,6.210266957372757,-0.24955054969234713,0.5276927682076162,1,1530.3179931640625
49224,5,5,4,5,2,6.926170753227832,1.0380356161601352,0.848528137423857,0,1530.3179931640625
49224,5,5,4,6,,,,,0,1530.3179931640625
49224,5,5,4,7,2,12.009474886722638,1.48593687653634,0.613407053921902,0,1530.3179931640625
49224,5,5,4,8,2,8.52723093156874,1.451141101533524,0.8513997106635237,0,1530.3179931640625
49224,5,5,4,9,2,3.6126261634307038,1.285168047453022,0.765685424949238,0,1530.3179931640625
49224,5,5,4,10,,,,,0,1530.3179931640625
49224,5,5,4,11,2,5.13562542818169,-1.3712724414926196,0.3828974682400163,0,1530.3179931640625
49224,5,5,4,12,2,6.147592525057116,-4.468903144462757,0.848528137423857,0,1530.3179931640625
49224,5,5,4,13,,,,,0,1530.3179931640625
49224,5,5,4,14,2,9.355999140207967,-4.272741469119182,0.682842712474619,0,1530.3179931640625
49224,5,5,4,15,2,5.27940530249133,-3.8578450497019996,0.682842712474619,0,1530.3179931640625
49224,5,5,4,16,,,,,0,1530.3179931640625
49224,5,5,4,17,,,,,0,1530.3179931640625
49224,5,5,4,18,2,32.51829516328633,-3.0944096982580254,0.613407053921902,0,1530.3179931640625
49224,5,5,4,19,2,29.022659828842748,-3.088721730023596,0.8513997106635237,0,1530.3179931640625
49224,5,5,4,20,2,29.188651615042467,-3.2606272449120866,0.682842712474619,0,1530.3179931640625
49224,5,5,4,21,2,29.70946286921263,-2.9198589849842964,0.682842712474619,0,1530.3179931640625
49224,5,5,4,22,2,26.499727490049537,-3.1780637531630545,0.848528137423857,0,1530.3179931640625
49224,5,5,4,23,2,26.78755228615128,-2.9904350582872197,0.848528137423857,0,1530.3179931640625
49224,5,5,4,24,2,24.97338884187668,-3.4242903990251223,0.613407053921902,0,1530.3179931640625
49224,5,5,4,25,2,24.231308890628497,-3.2851338808723884,0.8513997106635237,0,1530.3179931640625
49224,5,5,4,26,2,24.031099246381824,-3.0777261115169163,0.848528137423857,0,1530.3179931640625
49224,5,5,4,27,2,24.85620911212839,-2.8756058624568395,0.8513997106635237,0,1530.3179931640625
49224,5,5,4,28,2,25.99648652667001,-2.7453387491644055,0.613407053921902,0,1530.3179931640625
49224,5,5,4,29,2,21.50382534563601,-3.186542117148725,0.848528137423857,0,1530.3179931640625
49224,5,5,4,30,2,21.857536570529145,-2.955981856451946,0.848528137423857,0,1530.3179931640625
49224,5,5,4,31,2,19.29599124175232,-3.322209351104028,0.682842712474619,0,1530.3179931640625
49224,5,5,4,32,2,19.043966982700415,-3.0609685419772577,0.8513997106635237,0,1530.3179931640625
49224,5,5,4,33,2,20.075110930567355,-2.8100895046320122,0.682842712474619,0,1530.3179931640625
49224,5,5,4,34,2,15.557890012861476,-3.042849490973353,0.613407053921902,0,1530.3179931640625
49224,5,5,4,35,2,31.954611932024296,1.0991779107020334,0.613407053921902,0,1530.3179931640625
49224,5,5,4,36,2,30.524120962153162,1.2015024677091533,0.8513997106635237,0,1530.3179931640625
49224,5,5,4,37,2,25.924107717500316,1.131828093146987,0.682842712474619,0,1530.3179931640625
49224,5,5,4,38,2,35.23328767055037,1.2527487534593296,0.682842712474619,0,1530.3179931640625
49224,5,5,4,39,2,27.32766340187162,1.253819996689299,0.848528137423857,0,1530.3179931640625
49224,5,5,4,40,2,32.11640992654055,1.302364869928927,0.848528137423857,0,1530.3179931640625
49224,5,5,4,41,2,20.853455200645048,1.2780526858758123,0.613407053921902,0,1530.3179931640625
49224,5,5,4,42,2,24.22561482191585,1.3197574531288443,0.8513997106635237,0,1530.3179931640625
49224,5,5,4,43,2,29.095412233948974,1.3624593594190282,0.848528137423857,0,1530.3179931640625
49224,5,5,4,44,2,34.00302358066156,1.3928779801070168,0.8513997106635237,0,1530.3179931640625
49224,5,5,4,45,2,37.452896180690026,1.409417751016853,0.613407053921902,0,1530.3179931640625
49224,5,5,4,46,2,26.203477623347307,1.4361367555651716,0.848528137423857,0,1530.3179931640625
49224,5,5,4,47,2,31.165443027829106,1.4576771768477856,0.848528137423857,0,1530.3179931640625
49224,5,5,4,48,2,23.48832616537625,1.5274465532634411,0.682842712474619,0,1530.3179931640625
49224,5,5,4,49,2,28.4844530510013,1.535053617987777,0.8513997106635237,0,1530.3179931640625
49224,5,5,4,50,2,33.48173629276558,1.5403901495420795,0.682842712474619,0,1530.3179931640625
49224,5,5,4,51,2,28.574268186614788,-4.6254143164951,0.613407053921902,0,1530.3179931640625
49224,5,5,4,52,2,36.137673771195274,-3.848331580652527,0.613407053921902,0,1530.3179931640625
49224,5,5,4,53,2,30.267872889316944,-3.797772390135267,0.682842712474619,0,1530.3179931640625
49224,5,5,4,54,2,33.553043510350086,-3.9161195261727215,0.8513997106635237,0,1530.3179931640625
49224,5,5,4,55,2,37.22189313255097,-4.012279966971034,0.682842712474619,0,1530.3179931640625
49224,5,5,4,56,2,30.01774313218787,-3.914839114433437,0.848528137423857,0,1530.3179931640625
49224,5,5,4,57,2,33.70055640955518,-4.021216948241854,0.848528137423857,0,1530.3179931640625
49224,5,5,4,58,2,24.17248967313998,-3.8092452491740363,0.613407053921902,0,1530.3179931640625
49224,5,5,4,59,2,26.482505106061588,-3.9132168465349717,0.8513997106635237,0,1530.3179931640625
49224,5,5,4,60,2,30.182539261238055,-4.032238342611633,0.848528137423857,0,1530.3179931640625
49224,5,5,4,61,2,34.21473769912281,-4.124274545464024,0.8513997106635237,0,1530.3179931640625
49224,5,5,4,62,2,37.1774406799916,-4.176528284512562,0.613407053921902,0,1530.3179931640625
49224,5,5,4,63,2,26.66915540842534,-4.046165728207178,0.848528137423857,0,1530.3179931640625
49224,5,5,4,64,2,30.75559217056861,-4.146808534816659,0.848528137423857,0,1530.3179931640625
49224,5,5,4,65,2,23.16251333817875,-4.064314594158781,0.682842712474619,0,1530.3179931640625
49224,5,5,4,66,2,27.316014052290043,-4.175034895567688,0.8513997106635237,0,1530.3179931640625
49224,5,5,4,67,2,31.714779256184425,-4.255820885058225,0.682842712474619,0,1530.3179931640625
49224,5,5,4,68,2,25.700970544300823,-4.292292424177734,0.613407053921902,0,1530.3179931640625
49224,5,6,1,1,2,7.701978200126795,0.4668190998299786,0.6034068236642477,1,1530.5179443359375
49224,5,6,1,2,2,9.115249140514683,1.191166336425681,0.682842712474619,0,1530.5179443359375
49224,5,6,1,3,2,4.8399553024852455,0.7983076984037512,0.7685569981889047,0,1530.5179443359375
49224,5,6,1,4,,,,,0,1530.5179443359375
49224,5,6,1,5,2,6.030503005046379,1.4247005706030342,0.848528137423857,0,1530.5179443359375
49224,5,6,1,6,,,,,0,1530.5179443359375
49224,5,6,1,7,2,12.075702271595254,-4.577654117948658,0.613407053921902,0,1530.5179443359375
49224,5,6,1,8,2,8.620253224684978,-4.523087283771202,0.8513997106635237,0,1530.5179443359375
49224,5,6,1,9,2,3.827030976369689,-4.274693471350913,0.765685424949238,0,1530.5179443359375
49224,5,6,1,10,,,,,0,1530.5179443359375
49224,5,6,1,11,2,5.288643194239469,-1.8825348250026495,0.32045510944888694,0,1530.5179443359375
49224,5,6,1,12,2,7.251756012022984,-4.107795310294778,0.848528137423857,0,1530.5179443359375
49224,5,6,1,13,,,,,0,1530.5179443359375
49224,5,6,1,14,2,10.748477307122617,-4.048611617180718,0.682842712474619,0,1530.5179443359375
49224,5,6,1,15,2,7.474434082800598,-3.6238145174159113,0.682842712474619,0,1530.5179443359375
49224,5,6,1,16,,,,,0,1530.5179443359375
49224,5,6,1,17,,,,,0,1530.5179443359375
49224,5,6,1,18,2,35.15557222190459,-3.097951577633818,0.613407053921902,0,1530.5179443359375
49224,5,6,1,19,2,31.65927287722703,-3.0931284764040696,0.8513997106635237,0,1530.5179443359375
49224,5,6,1,20,2,31.81150984593975,-3.250771875963515,0.682842712474619,0,1530.5179443359375
49224,5,6,1,21,2,32.29004427917565,-2.9378404410641905,0.682842712474619,0,1530.5179443359375
49224,5,6,1,22,2,29.13812553192987,-3.1747600973388463,0.848528137423857,0,1530.5179443359375
49224,5,6,1,23,2,29.400131971657963,-3.0039570875588595,0.848528137423857,0,1530.5179443359375
49224,5,6,1,24,2,27.518447986919657,-3.3975262676406413,0.613407053921902,0,1530.5179443359375
49224,5,6,1,25,2,26.846809119787096,-3.2710666392554346,0.8513997106635237,0,1530.5179443359375
49224,5,6,1,26,2,26.66624383655645,-3.0840447310450942,0.848528137423857,0,1530.5179443359375
49224,5,6,1,27,2,27.41214987532146,-2.9009240901235573,0.8513997106635237,0,1530.5179443359375
49224,5,6,1,28,2,28.45016943873212,-2.7811615273454917,0.613407053921902,0,1530.5179443359375
49224,5,6,1,29,2,24.14144487702559,-3.1816282909851807,0.848528137423857,0,1530.5179443359375
49224,5,6,1,30,2,24.457039092802436,-2.975903932116789,0.848528137423857,0,1530.5179443359375
49224,5,6,1,31,2,21.898177119345927,-3.3005511157781644,0.682842712474619,0,1530.5179443359375
49224,5,6,1,32,2,21.676428709237296,-3.0707773585020073,0.8513997106635237,0,1530.5179443359375
49224,5,6,1,33,2,22.587717060895027,-2.8481381670254393,0.682842712474619,0,1530.5179443359375
49224,5,6,1,34,2,18.18688710175054,-3.0571601803283293,0.613407053921902,0,1530.5179443359375
49224,5,6,1,35,2,30.844974748720148,1.1754977021343818,0.613407053921902,0,1530.5179443359375
49224,5,6,1,36,2,29.67350950568554,1.284568012687735,0.8513997106635237,0,1530.5179443359375
49224,5,6,1,37,2,24.916953401658308,1.2278822572383983,0.682842712474619,0,1530.5179443359375
49224,5,6,1,38,2,34.4989821001665,1.325498909454252,0.682842712474619,0,1530.5179443359375
49224,5,6,1,39,2,26.623229818792268,1.3481812911750906,0.848528137423857,0,1530.5179443359375
49224,5,6,1,40,2,31.519184087597008,1.3832117096220453,0.848528137423857,0,1530.5179443359375
49224,5,6,1,41,2,20.249981379989723,1.4032028427152556,0.613407053921902,0,1530.5179443359375
49224,5,6,1,42,2,23.70813289958637,1.4278312752688729,0.8513997106635237,0,1530.5179443359375
49224,5,6,1,43,2,28.66597574037989,1.4526853408502047,0.848528137423857,0,1530.5179443359375
49224,5,6,1,44,2,33.63630129356744,1.470202515363713,0.8513997106635237,0,1530.5179443359375
49224,5,6,1,45,2,37.12027187947532,1.4796714682614223,0.613407053921902,0,1530.5179443359375
49224,5,6,1,46,2,25.981096296120146,1.5369999365966271,0.848528137423857,0,1530.5179443359375
49224,5,6,1,47,2,30.97870178545038,1.5424537036108825,0.848528137423857,0,1530.5179443359375
49224,5,6,1,48,2,23.52225678689202,-4.643373991621061,0.682842712474619,0,1530.5179443359375
49224,5,6,1,49,2,28.512438757708647,-4.655467291692177,0.8513997106635237,0,1530.5179443359375
49224,5,6,1,50,2,33.50554824914353,-4.663957174954013,0.682842712474619,0,1530.5179443359375
49224,5,6,1,51,2,28.923413751611566,-4.534358207014915,0.613407053921902,0,1530.5179443359375
49224,5,6,1,52,2,38.183848120684544,-3.8034205483430514,0.613407053921902,0,1530.5179443359375
49224,5,6,1,53,2,32.39967528548827,-3.7480400991403395,0.682842712474619,0,1530.5179443359375
49224,5,6,1,54,2,35.48804810311041,-3.8640685342586583,0.8513997106635237,0,1530.5179443359375
49224,5,6,1,55,2,38.975173607468086,-3.9604547220738757,0.682842712474619,0,1530.5179443359375
49224,5,6,1,56,2,31.960284088300273,-3.8571124356091153,0.848528137423857,0,1530.5179443359375
49224,5,6,1,57,2,35.441816524671225,-3.9637923306322764,0.848528137423857,0,1530.5179443359375
49224,5,6,1,58,2,26.296466305314148,-3.7470470792646835,0.613407053921902,0,1530.5179443359375
49224,5,6,1,59,2,28.43445022927367,-3.848430731840147,0.8513997106635237,0,1530.5179443359375
49224,5,6,1,60,2,31.908941684183763,-3.9678690559933467,0.848528137423857,0,1530.5179443359375
49224,5,6,1,61,2,35.74693216163086,-4.062791536493453,0.8513997106635237,0,1530.5179443359375
49224,5,6,1,62,2,38.59218805228278,-4.117675540966723,0.613407053921902,0,1530.5179443359375
49224,5,6,1,63,2,28.376729202655152,-3.9729607906798052,0.848528137423857,0,1530.5179443359375
49224,5,6,1,64,2,32.24750160561931,-4.077635205676074,0.848528137423857,0,1530.5179443359375
49224,5,6,1,65,2,24.84546157906919,-3.9795001065458564,0.682842712474619,0,1530.5179443359375
49224,5,6,1,66,2,28.756904573347285,-4.0960873398250115,0.8513997106635237,0,1530.5179443359375
49224,5,6,1,67,2,32.96395243602018,-4.183874792054169,0.682842712474619,0,1530.5179443359375
49224,5,6,1,68,2,26.885960304697605,-4.2025174334581274,0.613407053921902,0,1530.5179443359375
49224,5,7,3,1,,,,,0,1531.468994140625
49224,5,7,3,2,2,7.732135357448806,0.5666078838089836,0.682842712474619,0,1531.468994140625
49224,5,7,3,3,2,5.8359335698193595,1.2697288733418746,0.682842712474619,1,1531.468994140625
49224,5,7,3,4,,,,,0,1531.468994140625
49224,5,7,3,5,2,8.723498013427177,0.9828228831382191,0.848528137423857,0,1531.468994140625
49224,5,7,3,6,,,,,0,1531.468994140625
49224,5,7,3,7,2,13.816662843732818,0.6128624408186352,0.613407053921902,0,1531.468994140625
49224,5,7,3,8,2,11.964142867301078,0.8443442761705309,0.8513997106635237,0,1531.468994140625
49224,5,7,3,9,2,10.835724156447773,1.2754834597573057,0.765685424949238,0,1531.468994140625
49224,5,7,3,10,,,,,0,1531.468994140625
49224,5,7,3,11,2,13.726822787952955,1.9432217543705275,0.32045510944888694,0,1531.468994140625
49224,5,7,3,12,2,13.581392231783497,1.0916143079119018,0.848528137423857,0,1531.468994140625
49224,5,7,3,13,,,,,0,1531.468994140625
49224,5,7,3,14,2,16.628154194391886,0.9721864080795941,0.682842712474619,0,1531.468994140625
49224,5,7,3,15,2,15.835646982611953,1.2776041955819413,0.682842712474619,0,1531.468994140625
49224,5,7,3,16,,,,,0,1531.468994140625
49224,5,7,3,17,,,,,0,1531.468994140625
49224,5,7,3,18,2,44.608432653188395,1.3928808974644378,0.613407053921902,0,1531.468994140625
49224,5,7,3,19,2,41.13166548560547,1.4022799302313205,0.8513997106635237,0,1531.468994140625
49224,5,7,3,20,2,40.8355445926011,1.2804178866603402,0.682842712474619,0,1531.468994140625
49224,5,7,3,21,2,42.02482729369845,1.520676890814061,0.682842712474619,0,1531.468994140625
49224,5,7,3,22,2,38.41224290789839,1.3454309928142907,0.848528137423857,0,1531.468994140625
49224,5,7,3,23,2,39.04833682323518,1.4735719243996261,0.848528137423857,0,1531.468994140625
49224,5,7,3,24,2,36.01314152360535,1.1828290243749175,0.613407053921902,0,1531.468994140625
49224,5,7,3,25,2,35.83555364175405,1.280169214290163,0.8513997106635237,0,1531.468994140625
49224,5,7,3,26,2,36.17262926933107,1.4188389819949334,0.848528137423857,0,1531.468994140625
49224,5,7,3,27,2,37.18509528967085,1.5524453303689447,0.8513997106635237,0,1531.468994140625
49224,5,7,3,28,2,38.26841849506856,1.6406996098477002,0.613407053921902,0,1531.468994140625
49224,5,7,3,29,2,33.42372821592631,1.3548838069344624,0.848528137423857,0,1531.468994140625
49224,5,7,3,30,2,34.15285948932451,1.5014217732730049,0.848528137423857,0,1531.468994140625
49224,5,7,3,31,2,30.835565625552434,1.2798398974271776,0.682842712474619,0,1531.468994140625
49224,5,7,3,32,2,31.226660258394354,1.4406512493056156,0.8513997106635237,0,1531.468994140625
49224,5,7,3,33,2,32.39408147082766,1.5936632507270285,0.682842712474619,0,1531.468994140625
49224,5,7,3,34,2,27.775995981042488,1.4605352361985362,0.613407053921902,0,1531.468994140625
49224,5,7,3,35,2,25.21396335141688,5.8887150695433395,0.613407053921902,0,1531.468994140625
49224,5,7,3,36,2,25.086695797591407,-0.2552863195052235,0.8513997106635237,0,1531.468994140625
49224,5,7,3,37,2,20.090159518687873,-0.24699766476938567,0.682842712474619,0,1531.468994140625
49224,5,7,3,38,2,30.084383034981055,-0.26082139526924353,0.682842712474619,0,1531.468994140625
49224,5,7,3,39,2,22.817883478649993,-0.14189220021549298,0.848528137423857,0,1531.468994140625
49224,5,7,3,40,2,27.77379345713894,-0.16821110971674536,0.848528137423857,0,1531.468994140625
49224,5,7,3,41,2,17.57014084352799,0.04995919290503936,0.613407053921902,0,1531.468994140625
49224,5,7,3,42,2,20.903810821226024,-0.005678355609012087,0.8513997106635237,0,1531.468994140625
49224,5,7,3,43,2,25.74290394272122,-0.059925463739797014,0.848528137423857,0,1531.468994140625
49224,5,7,3,44,2,30.633721614566145,-0.09693284954792825,0.8513997106635237,0,1531.468994140625
49224,5,7,3,45,2,34.07615526357005,-0.11649974717682365,0.613407053921902,0,1531.468994140625
49224,5,7,3,46,2,24.062639169644914,0.06514263878881765,0.848528137423857,0,1531.468994140625
49224,5,7,3,47,2,28.805180096001745,0.004976962848584066,0.848528137423857,0,1531.468994140625
49224,5,7,3,48,2,22.810613849979738,0.20638968323710438,0.682842712474619,0,1531.468994140625
49224,5,7,3,49,2,27.31395066202348,0.11932430715584097,0.8513997106635237,0,1531.468994140625
49224,5,7,3,50,2,31.965288944760353,0.05723252977479154,0.682842712474619,0,1531.468994140625
49224,5,7,3,51,2,28.881659559688565,0.2307957574747883,0.613407053921902,0,1531.468994140625
49224,5,7,3,52,2,44.16102862460963,0.8103488674394126,0.613407053921902,0,1531.468994140625
49224,5,7,3,53,2,38.876346207877205,0.8840533011082268,0.682842712474619,0,1531.468994140625
49224,5,7,3,54,2,41.074299641372995,0.7716075078659212,0.8513997106635237,0,1531.468994140625
49224,5,7,3,55,2,43.735865003265445,0.6717000137971034,0.682842712474619,0,1531.468994140625
49224,5,7,3,56,2,37.68364093436793,0.7970696257709555,0.848528137423857,0,1531.468994140625
49224,5,7,3,57,2,40.258969070567815,0.6869819288422669,0.848528137423857,0,1531.468994140625
49224,5,7,3,58,2,32.935634797636,0.9231601213529574,0.613407053921902,0,1531.468994140625
49224,5,7,3,59,2,34.322230363300214,0.8275422233864127,0.8513997106635237,0,1531.468994140625
49224,5,7,3,60,2,36.793250653700234,0.7051477203078265,0.848528137423857,0,1531.468994140625
49224,5,7,3,61,2,39.74256018704102,0.5995134830889022,0.8513997106635237,0,1531.468994140625
49224,5,7,3,62,2,42.03844131040985,0.534870883628229,0.613407053921902,0,1531.468994140625
49224,5,7,3,63,2,33.342195439219196,0.7270825224452406,0.848528137423857,0,1531.468994140625
49224,5,7,3,64,2,36.22747290747251,0.6095199184125315,0.848528137423857,0,1531.468994140625
49224,5,7,3,65,2,29.910879287445994,0.7540655437067345,0.682842712474619,0,1531.468994140625
49224,5,7,3,66,2,32.71679226792766,0.6216752822827596,0.8513997106635237,0,1531.468994140625
49224,5,7,3,67,2,36.001615142341834,0.5117827192648314,0.682842712474619,0,1531.468994140625
49224,5,7,3,68,2,30.029820814457658,0.5501066173698757,0.613407053921902,0,1531.468994140625
49224,5,8,5,1,,,,,0,1531.76904296875
49224,5,8,5,2,2,4.540809835975915,-1.089274190888228,0.6466890965784271,0,1531.76904296875
49224,5,8,5,3,,,,,0,1531.76904296875
49224,5,8,5,4,,,,,0,1531.76904296875
49224,5,8,5,5,2,4.848861485431289,-0.31982385503811006,0.848528137423857,1,1531.76904296875
49224,5,8,5,6,,,,,0,1531.76904296875
49224,5,8,5,7,2,10.347468432100289,-0.8142058093589157,0.613407053921902,0,1531.76904296875
49224,5,8,5,8,2,8.16386860298703,-0.515491151224746,0.8513997106635237,0,1531.76904296875
49224,5,8,5,9,2,7.1696556014429484,0.13648583242432588,0.765685424949238,0,1531.76904296875
49224,5,8,5,10,,,,,0,1531.76904296875
49224,5,8,5,11,2,11.842205028342166,0.9275425473278144,0.3076995255717954,0,1531.76904296875
49224,5,8,5,12,2,9.723232708582096,-0.15743682472487253,0.848528137423857,0,1531.76904296875
49224,5,8,5,13,,,,,0,1531.76904296875
49224,5,8,5,14,2,12.75455005741791,-0.3210180868986221,0.682842712474619,0,1531.76904296875
49224,5,8,5,15,2,12.142230357049073,0.08042785954962062,0.682842712474619,0,1531.76904296875
49224,5,8,5,16,,,,,0,1531.76904296875
49224,5,8,5,17,,,,,0,1531.76904296875
49224,5,8,5,18,2,41.040331498929895,0.14612061063523618,0.613407053921902,0,1531.76904296875
49224,5,8,5,19,2,37.581085028532875,0.15968114998371052,0.8513997106635237,0,1531.76904296875
49224,5,8,5,20,2,37.1158017702077,0.026286201345303795,0.682842712474619,0,1531.76904296875
49224,5,8,5,21,2,38.6922881566635,0.28761053632671607,0.682842712474619,0,1531.76904296875
49224,5,8,5,22,2,34.7770822264234,0.10010421440996442,0.848528137423857,0,1531.76904296875
49224,5,8,5,23,2,35.625842573332626,0.2402070503099789,0.848528137423857,0,1531.76904296875
49224,5,8,5,24,2,32.202085287004095,-0.07847541156876003,0.613407053921902,0,1531.76904296875
49224,5,8,5,25,2,32.1177979389156,0.030377896501453172,0.8513997106635237,0,1531.76904296875
49224,5,8,5,26,2,32.65437421420714,0.18402997571807367,0.848528137423857,0,1531.76904296875
49224,5,8,5,27,2,33.92732477219418,0.3294270382493125,0.8513997106635237,0,1531.76904296875
49224,5,8,5,28,2,35.21565012620761,0.42360955868252104,0.613407053921902,0,1531.76904296875
49224,5,8,5,29,2,29.806302212503194,0.11686942582564952,0.848528137423857,0,1531.76904296875
49224,5,8,5,30,2,30.79238318902156,0.27884695454625286,0.848528137423857,0,1531.76904296875
49224,5,8,5,31,2,27.12053000670653,0.03597759961187896,0.682842712474619,0,1531.76904296875
49224,5,8,5,32,2,27.75388907380611,0.21700303723148173,0.8513997106635237,0,1531.76904296875
49224,5,8,5,33,2,29.240957056799612,0.3847716934281493,0.682842712474619,0,1531.76904296875
49224,5,8,5,34,2,24.34763851179196,0.24795815743683947,0.613407053921902,0,1531.76904296875
49224,5,8,5,35,2,24.861565844492883,4.452156088826496,0.613407053921902,0,1531.76904296875
49224,5,8,5,36,2,24.198518836083633,4.592382227401189,0.8513997106635237,0,1531.76904296875
49224,5,8,5,37,2,19.24379184923697,4.56127135611131,0.682842712474619,0,1531.76904296875
49224,5,8,5,38,2,29.16870074212819,4.612905478937572,0.682842712474619,0,1531.76904296875
49224,5,8,5,39,2,21.52814013329293,4.6939460101284425,0.848528137423857,0,1531.76904296875
49224,5,8,5,40,2,26.527450060686814,4.69742202494106,0.848528137423857,0,1531.76904296875
49224,5,8,5,41,2,15.666268507549157,-1.4361537252738787,0.613407053921902,0,1531.76904296875
49224,5,8,5,42,2,19.140358443276373,-1.460702572664482,0.8513997106635237,0,1531.76904296875
49224,5,8,5,43,2,24.116345296512826,-1.4834840080019633,0.848528137423857,0,1531.76904296875
49224,5,8,5,44,2,29.100565279461005,-1.4984673401796607,0.8513997106635237,0,1531.76904296875
49224,5,8,5,45,2,32.5923956157053,-1.5062278413243648,0.613407053921902,0,1531.76904296875
49224,5,8,5,46,2,22.011147498461764,-1.3601209558183345,0.848528137423857,0,1531.76904296875
49224,5,8,5,47,2,26.92091015033806,-1.3989704965317427,0.848528137423857,0,1531.76904296875
49224,5,8,5,48,2,20.307218370260436,-1.2134642295630047,0.682842712474619,0,1531.76904296875
49224,5,8,5,49,2,25.052503009898594,-1.2833296669850407,0.8513997106635237,0,1531.76904296875
49224,5,8,5,50,2,29.880975489172258,-1.3307896666961518,0.682842712474619,0,1531.76904296875
49224,5,8,5,51,2,26.260212578751478,-1.1551667906253198,0.613407053921902,0,1531.76904296875
49224,5,8,5,52,2,40.36710242956994,-0.49074909862907434,0.613407053921902,0,1531.76904296875
49224,5,8,5,53,2,35.03266064425619,-0.4118723821773371,0.682842712474619,0,1531.76904296875
49224,5,8,5,54,2,37.31664643211059,-0.5349663924239341,0.8513997106635237,0,1531.76904296875
49224,5,8,5,55,2,40.09709328695394,-0.6424485468624566,0.682842712474619,0,1531.76904296875
49224,5,8,5,56,2,33.90272567327314,-0.5091194542395465,0.848528137423857,0,1531.76904296875
49224,5,8,5,57,2,36.60108737729999,-0.6286866718948176,0.848528137423857,0,1531.76904296875
49224,5,8,5,58,2,29.07466530897304,-0.37039222433385244,0.613407053921902,0,1531.76904296875
49224,5,8,5,59,2,30.51651217317069,-0.47751118049719876,0.8513997106635237,0,1531.76904296875
49224,5,8,5,60,2,33.113476174192435,-0.6120221784429729,0.848528137423857,0,1531.76904296875
49224,5,8,5,61,2,36.21804927742996,-0.7252584944488576,0.8513997106635237,0,1531.76904296875
49224,5,8,5,62,2,38.62859621897772,-0.7931138964554134,0.613407053921902,0,1531.76904296875
49224,5,8,5,63,2,29.63722341038161,-0.5914415255117884,0.848528137423857,0,1531.76904296875
49224,5,8,5,64,2,32.68959774301921,-0.7187579804336988,0.848528137423857,0,1531.76904296875
49224,5,8,5,65,2,26.17685463563056,-0.565406088727459,0.682842712474619,0,1531.76904296875
49224,5,8,5,66,2,29.162861789242637,-0.7106848071635472,0.8513997106635237,0,1531.76904296875
49224,5,8,5,67,2,32.64532580419444,-0.827030393786865,0.682842712474619,0,1531.76904296875
49224,5,8,5,68,2,26.60830039890239,-0.7965996008410134,0.613407053921902,0,1531.76904296875
49224,5,9,9,1,,,,,0,1531.968994140625
49224,5,9,9,2,2,4.078721993712249,-1.4075258700457778,0.5052677403411177,0,1531.968994140625
49224,5,9,9,3,,,,,0,1531.968994140625
49224,5,9,9,4,,,,,0,1531.968994140625
49224,5,9,9,5,,,,,0,1531.968994140625
49224,5,9,9,6,,,,,0,1531.968994140625
49224,5,9,9,7,2,9.417384259175977,-0.9256284363195011,0.613407053921902,0,1531.968994140625
49224,5,9,9,8,2,6.947357332000481,-0.6178475462719537,0.7685569981889047,0,1531.968994140625
49224,5,9,9,9,2,5.746388846481386,0.1705886220849595,0.682842712474619,1,1531.968994140625
49224,5,9,9,10,,,,,0,1531.968994140625
49224,5,9,9,11,2,11.038788124833085,1.0321116213854207,0.3076995255717954,0,1531.968994140625
49224,5,9,9,12,2,8.304112218352282,-0.1846283404382656,0.848528137423857,0,1531.968994140625
49224,5,9,9,13,,,,,0,1531.968994140625
49224,5,9,9,14,2,11.397173978447888,-0.3608953009251583,0.682842712474619,0,1531.968994140625
49224,5,9,9,15,2,10.707510708445474,0.09123275309907908,0.682842712474619,0,1531.968994140625
49224,5,9,9,16,,,,,0,1531.968994140625
49224,5,9,9,17,,,,,0,1531.968994140625
49224,5,9,9,18,2,39.61623229167609,0.1514130531160851,0.613407053921902,0,1531.968994140625
49224,5,9,9,19,2,36.16012998359496,0.16601316233510066,0.8513997106635237,0,1531.968994140625
49224,5,9,9,20,2,35.67631973107678,0.027347066573683465,0.682842712474619,0,1531.968994140625
49224,5,9,9,21,2,37.31367324864905,0.29855775443496313,0.682842712474619,0,1531.968994140625
49224,5,9,9,22,2,33.344602180772775,0.10442005066619053,0.848528137423857,0,1531.968994140625
49224,5,9,9,23,2,34.228901610633976,0.250215755972774,0.848528137423857,0,1531.968994140625
49224,5,9,9,24,2,30.766724576138817,-0.08214459841268651,0.613407053921902,0,1531.968994140625
49224,5,9,9,25,2,30.67849391279679,0.03180356770596471,0.8513997106635237,0,1531.968994140625
49224,5,9,9,26,2,31.239801530002946,0.19246514237601753,0.848528137423857,0,1531.968994140625
49224,5,9,9,27,2,32.56808883724127,0.34373113483571927,0.8513997106635237,0,1531.968994140625
49224,5,9,9,28,2,33.90809723537971,0.4410669561957725,0.613407053921902,0,1531.968994140625
49224,5,9,9,29,2,28.376622311287996,0.12278662281264374,0.848528137423857,0,1531.968994140625
49224,5,9,9,30,2,29.410676712274956,0.29232396611778344,0.848528137423857,0,1531.968994140625
49224,5,9,9,31,2,25.681514518443045,0.03799448173927056,0.682842712474619,0,1531.968994140625
49224,5,9,9,32,2,26.349485741423223,0.2287696694386674,0.8513997106635237,0,1531.968994140625
49224,5,9,9,33,2,27.911478099769823,0.4041377074513486,0.682842712474619,0,1531.968994140625
49224,5,9,9,34,2,22.954401283412064,0.26335502922987275,0.613407053921902,0,1531.968994140625
49224,5,9,9,35,2,25.27042675227444,4.39706326834729,0.613407053921902,0,1531.968994140625
49224,5,9,9,36,2,24.412810751726724,4.533787530056081,0.8513997106635237,0,1531.968994140625
49224,5,9,9,37,2,19.512573886499155,4.488248980872401,0.682842712474619,0,1531.968994140625
49224,5,9,9,38,2,29.34672243919513,4.564060175044963,0.682842712474619,0,1531.968994140625
49224,5,9,9,39,2,21.602727481411016,4.627249678654623,0.848528137423857,0,1531.968994140625
49224,5,9,9,40,2,26.588016544293893,4.643241865478856,0.848528137423857,0,1531.968994140625
49224,5,9,9,41,2,15.538628899813615,-1.5281167956023984,0.613407053921902,0,1531.968994140625
49224,5,9,9,42,2,19.03602743412074,-1.5359616332762278,0.8513997106635237,0,1531.968994140625
49224,5,9,9,43,2,24.033624978270186,-1.5432073054666389,0.848528137423857,0,1531.968994140625
49224,5,9,9,44,2,29.032049853905733,-1.547958197232195,0.8513997106635237,0,1531.968994140625
49224,5,9,9,45,2,32.531235314788496,-1.5504151154731431,0.613407053921902,0,1531.968994140625
49224,5,9,9,46,2,21.75563456745446,-1.4248925050613361,0.848528137423857,0,1531.968994140625
49224,5,9,9,47,2,26.71240207387113,-1.4521091997313236,0.848528137423857,0,1531.968994140625
49224,5,9,9,48,2,19.849436799796266,-1.2814802806605425,0.682842712474619,0,1531.968994140625
49224,5,9,9,49,2,24.682887399829085,-1.3393049208045946,0.8513997106635237,0,1531.968994140625
49224,5,9,9,50,2,29.57177234316835,-1.3781066164208169,0.682842712474619,0,1531.968994140625
49224,5,9,9,51,2,25.712560956664692,-1.206424944984712,0.613407053921902,0,1531.968994140625
49224,5,9,9,52,2,39.1029411401394,-0.5081055101950382,0.613407053921902,0,1531.968994140625
49224,5,9,9,53,2,33.718012339521366,-0.4289699829248743,0.682842712474619,0,1531.968994140625
49224,5,9,9,54,2,36.08530372951917,-0.5553120684958412,0.8513997106635237,0,1531.968994140625
49224,5,9,9,55,2,38.953740954819544,-0.6645993662034004,0.682842712474619,0,1531.968994140625
49224,5,9,9,56,2,32.652899569435306,-0.5306159277043094,0.848528137423857,0,1531.968994140625
49224,5,9,9,57,2,35.44653212114217,-0.6525795569001773,0.848528137423857,0,1531.968994140625
49224,5,9,9,58,2,27.737216928616533,-0.3891858653281821,0.613407053921902,0,1531.968994140625
49224,5,9,9,59,2,29.245077454703488,-0.5001419071714039,0.8513997106635237,0,1531.968994140625
49224,5,9,9,60,2,31.94556846348397,-0.6379226874116708,0.848528137423857,0,1531.968994140625
49224,5,9,9,61,2,35.1534370094686,-0.752433957314711,0.8513997106635237,0,1531.968994140625
49224,5,9,9,62,2,37.63223998070207,-0.8203827136068993,0.613407053921902,0,1531.968994140625
49224,5,9,9,63,2,28.453155352177014,-0.6196630090819002,0.848528137423857,0,1531.968994140625
49224,5,9,9,64,2,31.620038561308785,-0.7487487870482408,0.848528137423857,0,1531.968994140625
49224,5,9,9,65,2,24.9728803812275,-0.596304212342821,0.682842712474619,0,1531.968994140625
49224,5,9,9,66,2,28.087177566616276,-0.7441364842769298,0.8513997106635237,0,1531.968994140625
49224,5,9,9,67,2,31.68807871711644,-0.8604791838481773,0.682842712474619,0,1531.968994140625
49224,5,9,9,68,2,25.62223025228437,-0.8367933033341011,0.613407053921902,0,1531.968994140625
49224,5,10,12,1,,,,,0,1532.18505859375
49224,5,10,12,2,2,4.383335974289381,4.304931976043776,0.49033749051054326,0,1532.18505859375
49224,5,10,12,3,,,,,0,1532.18505859375
49224,5,10,12,4,,,,,0,1532.18505859375
49224,5,10,12,5,,,,,0,1532.18505859375
49224,5,10,12,6,,,,,0,1532.18505859375
49224,5,10,12,7,2,8.201517336969529,-1.1616219559430307,0.613407053921902,0,1532.18505859375
49224,5,10,12,8,2,5.181074622328571,-0.8895132454252388,0.7685569981889047,0,1532.18505859375
49224,5,10,12,9,,,,,0,1532.18505859375
49224,5,10,12,10,,,,,0,1532.18505859375
49224,5,10,12,11,2,10.021606837657933,1.2391548571900635,0.2641265408223401,0,1532.18505859375
49224,5,10,12,12,2,5.961215452379523,-0.2586057358296756,0.848528137423857,1,1532.18505859375
49224,5,10,12,13,,,,,0,1532.18505859375
49224,5,10,12,14,2,9.190943053940375,-0.45323302722280756,0.682842712474619,0,1532.18505859375
49224,5,10,12,15,2,8.320375297860048,0.11751513222493393,0.6242640687119285,0,1532.18505859375
49224,5,10,12,16,,,,,0,1532.18505859375
49224,5,10,12,17,,,,,0,1532.18505859375
49224,5,10,12,18,2,37.24545993610415,0.1611325896623339,0.613407053921902,0,1532.18505859375
49224,5,10,12,19,2,33.795463539754756,0.1777488031447445,0.8513997106635237,0,1532.18505859375
49224,5,10,12,20,2,33.277291731606226,0.029319118602857408,0.682842712474619,0,1532.18505859375
49224,5,10,12,21,2,35.02696913441638,0.31871324797197853,0.682842712474619,0,1532.18505859375
49224,5,10,12,22,2,30.958695070033908,0.11250032142777311,0.848528137423857,0,1532.18505859375
49224,5,10,12,23,2,31.909183808361608,0.26884058546667733,0.848528137423857,0,1532.18505859375
49224,5,10,12,24,2,28.375510522249023,-0.08908460260394224,0.613407053921902,0,1532.18505859375
49224,5,10,12,25,2,28.27982045579127,0.03450215177959226,0.8513997106635237,0,1532.18505859375
49224,5,10,12,26,2,28.88777346713061,0.20835723821359253,0.848528137423857,0,1532.18505859375
49224,5,10,12,27,2,30.319278796909405,0.3704104684027092,0.8513997106635237,0,1532.18505859375
49224,5,10,12,28,2,31.754327490568045,0.47333797652858745,0.613407053921902,0,1532.18505859375
49224,5,10,12,29,2,25.996363216048202,0.1340940899333194,0.848528137423857,0,1532.18505859375
49224,5,10,12,30,2,27.121322079448284,0.3178278935714167,0.848528137423857,0,1532.18505859375
49224,5,10,12,31,2,23.283434992138783,0.04190991237642194,0.682842712474619,0,1532.18505859375
49224,5,10,12,32,2,24.01819218654097,0.2514322805787932,0.8513997106635237,0,1532.18505859375
49224,5,10,12,33,2,25.722145454570512,0.4408356785699712,0.682842712474619,0,1532.18505859375
49224,5,10,12,34,2,20.646612940736095,0.2936197551647095,0.613407053921902,0,1532.18505859375
49224,5,10,12,35,2,26.114592870538036,4.309580667344203,0.613407053921902,0,1532.18505859375
49224,5,10,12,36,2,24.951210206701447,4.438988321441443,0.8513997106635237,0,1532.18505859375
49224,5,10,12,37,2,20.182123318805363,4.372045633984674,0.682842712474619,0,1532.18505859375
49224,5,10,12,38,2,29.796101756816068,4.484313011195201,0.682842712474619,0,1532.18505859375
49224,5,10,12,39,2,21.93753509869679,4.518027835577616,0.848528137423857,0,1532.18505859375
49224,5,10,12,40,2,26.86075641768282,4.553987615779448,0.848528137423857,0,1532.18505859375
49224,5,10,12,41,2,15.62135235015299,4.600963958114562,0.613407053921902,0,1532.18505859375
49224,5,10,12,42,2,19.10361226663965,4.621337488215175,0.8513997106635237,0,1532.18505859375
49224,5,10,12,43,2,24.08719142527082,4.640212900799797,0.848528137423857,0,1532.18505859375
49224,5,10,12,44,2,29.076409336112587,4.6526138953505365,0.8513997106635237,0,1532.18505859375
49224,5,10,12,45,2,32.57082946852367,4.659033433049073,0.613407053921902,0,1532.18505859375
49224,5,10,12,46,2,21.537997729250307,-1.5353636146371192,0.848528137423857,0,1532.18505859375
49224,5,10,12,47,2,26.535450539019052,-1.542038753144697,0.848528137423857,0,1532.18505859375
49224,5,10,12,48,2,19.30227710952111,-1.4009337611342758,0.682842712474619,0,1532.18505859375
49224,5,10,12,49,2,24.245054974907312,-1.4358029655100069,0.8513997106635237,0,1532.18505859375
49224,5,10,12,50,2,29.20731894337125,-1.4588443891802587,0.682842712474619,0,1532.18505859375
49224,5,10,12,51,2,24.958237532352403,-1.2963933912402745,0.613407053921902,0,1532.18505859375
49224,5,10,12,52,2,37.024563893325976,-0.5396479191712329,0.613407053921902,0,1532.18505859375
49224,5,10,12,53,2,31.55126958431936,-0.46061387229873896,0.682842712474619,0,1532.18505859375
49224,5,10,12,54,2,34.06944968011563,-0.5924593143247141,0.8513997106635237,0,1532.18505859375
49224,5,10,12,55,2,37.09409913489565,-0.7045133193994886,0.682842712474619,0,1532.18505859375
49224,5,10,12,56,2,30.607026267751735,-0.5703084205687237,0.848528137423857,0,1532.18505859375
49224,5,10,12,57,2,33.571339652721335,-0.6960041910860428,0.848528137423857,0,1532.18505859375
49224,5,10,12,58,2,25.532946559637093,-0.42485875941500795,0.613407053921902,0,1532.18505859375
49224,5,10,12,59,2,27.16344441347154,-0.5425246045812457,0.8513997106635237,0,1532.18505859375
49224,5,10,12,60,2,30.05158068267447,-0.6855009018557081,0.848528137423857,0,1532.18505859375
49224,5,10,12,61,2,33.44162511976397,-0.8015001692633521,0.8513997106635237,0,1532.18505859375
49224,5,10,12,62,2,36.03836348999914,-0.8691103447383974,0.613407053921902,0,1532.18505859375
49224,5,10,12,63,2,26.53601622279062,-0.6722127963242999,0.848528137423857,0,1532.18505859375
49224,5,10,12,64,2,29.90660372057887,-0.8034036539446694,0.848528137423857,0,1532.18505859375
49224,5,10,12,65,2,23.026567534591877,-0.6548703574083339,0.682842712474619,0,1532.18505859375
49224,5,10,12,66,2,26.371719730587454,-0.8058174382999344,0.8513997106635237,0,1532.18505859375
49224,5,10,12,67,2,30.178011708397737,-0.9208101644290574,0.682842712474619,0,1532.18505859375
49224,5,10,12,68,2,24.08062855416381,-0.9108619899144892,0.613407053921902,0,1532.18505859375
49224,5,11,15,1,,,,,0,1532.385009765625
49224,5,11,15,2,2,5.945977638726294,3.885054829098352,0.4638463841038081,0,1532.385009765625
49224,5,11,15,3,,,,,0,1532.385009765625
49224,5,11,15,4,,,,,0,1532.385009765625
49224,5,11,15,5,,,,,0,1532.385009765625
49224,5,11,15,6,,,,,0,1532.385009765625
49224,5,11,15,7,2,7.550225096784723,-1.4881896835316901,0.613407053921902,0,1532.385009765625
49224,5,11,15,8,2,4.072412875144571,-1.4172152629295365,0.6857142857142857,0,1532.385009765625
49224,5,11,15,9,,,,,0,1532.385009765625
49224,5,11,15,10,,,,,0,1532.385009765625
49224,5,11,15,11,2,9.495978938061013,1.5051435459847253,0.24494097055147163,0,1532.385009765625
49224,5,11,15,12,,,,,0,1532.385009765625
49224,5,11,15,13,,,,,0,1532.385009765625
49224,5,11,15,14,2,6.914798852537464,-0.6211977197873861,0.5638463841038082,0,1532.385009765625
49224,5,11,15,15,2,5.706982919855138,0.17177819536860306,0.4428253815499883,1,1532.385009765625
49224,5,11,15,16,,,,,0,1532.385009765625
49224,5,11,15,17,,,,,0,1532.385009765625
49224,5,11,15,18,2,34.6422469714772,0.17335934416635923,0.613407053921902,0,1532.385009765625
49224,5,11,15,19,2,31.200550438270056,0.19271030896604002,0.8513997106635237,0,1532.385009765625
49224,5,11,15,20,2,30.638523736867107,0.03184507178791707,0.682842712474619,0,1532.385009765625
49224,5,11,15,21,2,32.530440490831026,0.34414541960163136,0.682842712474619,0,1532.385009765625
49224,5,11,15,22,2,28.336933389837657,0.12295947003378305,0.848528137423857,0,1532.385009765625
49224,5,11,15,23,2,29.372385071978087,0.29271632023133654,0.848528137423857,0,1532.385009765625
49224,5,11,15,24,2,25.747050173090383,-0.0982070336836871,0.613407053921902,0,1532.385009765625
49224,5,11,15,25,2,25.641552999558332,0.0380537234684053,0.8513997106635237,0,1532.385009765625
49224,5,11,15,26,2,26.31053878402386,0.22911436042568045,0.848528137423857,0,1532.385009765625
49224,5,11,15,27,2,27.874713666369537,0.40470184881183746,0.8513997106635237,0,1532.385009765625
49224,5,11,15,28,2,29.429208443239073,0.5142431094614053,0.613407053921902,0,1532.385009765625
49224,5,11,15,29,2,23.3827264747866,0.1491890739919508,0.848528137423857,0,1532.385009765625
49224,5,11,15,30,2,24.62736502899064,0.3513339142146885,0.848528137423857,0,1532.385009765625
49224,5,11,15,31,2,20.64604910591246,0.047267369634289125,0.682842712474619,0,1532.385009765625
49224,5,11,15,32,2,21.471249487633774,0.28202724049901384,0.8513997106635237,0,1532.385009765625
49224,5,11,15,33,2,23.36171580677837,0.48907327311948534,0.682842712474619,0,1532.385009765625
49224,5,11,15,34,2,18.135700344305054,0.3357627291583072,0.613407053921902,0,1532.385009765625
49224,5,11,15,35,2,27.25789761605206,4.220361396998318,0.613407053921902,0,1532.385009765625
49224,5,11,15,36,2,25.78960856680387,4.34026328364828,0.8513997106635237,0,1532.385009765625
49224,5,11,15,37,2,21.209882623565562,4.25444405495668,0.682842712474619,0,1532.385009765625
49224,5,11,15,38,2,30.501617975977908,4.399901444970306,0.682842712474619,0,1532.385009765625
49224,5,11,15,39,2,22.596381651492372,4.403142214977654,0.848528137423857,0,1532.385009765625
49224,5,11,15,40,2,27.401482676370566,4.458704512741551,0.848528137423857,0,1532.385009765625
49224,5,11,15,41,2,16.129713731630947,4.437579910602678,0.613407053921902,0,1532.385009765625
49224,5,11,15,42,2,19.521501413847208,4.486251690067655,0.8513997106635237,0,1532.385009765625
49224,5,11,15,43,2,24.419946899499468,4.5321759655795155,0.848528137423857,0,1532.385009765625
49224,5,11,15,44,2,29.35265909075205,4.562712722346241,0.8513997106635237,0,1532.385009765625
49224,5,11,15,45,2,32.817677371873586,4.578616805371265,0.613407053921902,0,1532.385009765625
49224,5,11,15,46,2,21.606164867586084,4.6254055014876325,0.848528137423857,0,1532.385009765625
49224,5,11,15,47,2,26.590809491417264,4.641741539789384,0.848528137423857,0,1532.385009765625
49224,5,11,15,48,2,19.03467661916663,-1.538061285107474,0.682842712474619,0,1532.385009765625
49224,5,11,15,49,2,24.03255506848541,-1.5448706835368187,0.8513997106635237,0,1532.385009765625
49224,5,11,15,50,2,29.031164155839825,-1.5493353383237296,0.682842712474619,0,1532.385009765625
49224,5,11,15,51,2,24.375697542871897,-1.4008357915059966,0.613407053921902,0,1532.385009765625
49224,5,11,15,52,2,34.786194449883226,-0.5786537932006377,0.613407053921902,0,1532.385009765625
49224,5,11,15,53,2,29.209991571374417,-0.5007984432218522,0.682842712474619,0,1532.385009765625
49224,5,11,15,54,2,31.913451657934143,-0.6386689375624903,0.8513997106635237,0,1532.385009765625
49224,5,11,15,55,2,35.12425352725428,-0.7532120568303293,0.682842712474619,0,1532.385009765625
49224,5,11,15,56,2,28.420609667789094,-0.6204801933876225,0.848528137423857,0,1532.385009765625
49224,5,11,15,57,2,31.590755657507813,-0.7496105073230956,0.848528137423857,0,1532.385009765625
49224,5,11,15,58,2,23.153236462056004,-0.4718754395526856,0.613407053921902,0,1532.385009765625
49224,5,11,15,59,2,24.93980174448775,-0.5972047070812203,0.8513997106635237,0,1532.385009765625
49224,5,11,15,60,2,28.057770762800978,-0.7451018849469713,0.848528137423857,0,1532.385009765625
49224,5,11,15,61,2,31.66201650718767,-0.8614367649899113,0.8513997106635237,0,1532.385009765625
49224,5,11,15,62,2,34.39338078305038,-0.9277690191813157,0.613407053921902,0,1532.385009765625
49224,5,11,15,63,2,24.525520531548697,-0.7392944197914435,0.848528137423857,0,1532.385009765625
49224,5,11,15,64,2,28.137980497309183,-0.8709819469544535,0.848528137423857,0,1532.385009765625
49224,5,11,15,65,2,20.994375782788687,-0.73153304370947,0.682842712474619,0,1532.385009765625
49224,5,11,15,66,2,24.617241998901484,-0.8832588182459151,0.8513997106635237,0,1532.385009765625
49224,5,11,15,67,2,28.65751895674178,-0.9942140119652221,0.682842712474619,0,1532.385009765625
49224,5,11,15,68,2,22.558760516719268,-1.0034499207163519,0.613407053921902,0,1532.385009765625
49224,5,12,34,1,,,,,0,1532.60205078125
49224,5,12,34,2,2,7.881894995224821,3.6774726610703112,0.4638463841038081,0,1532.60205078125
49224,5,12,34,3,,,,,0,1532.60205078125
49224,5,12,34,4,,,,,0,1532.60205078125
49224,5,12,34,5,,,,,0,1532.60205078125
49224,5,12,34,6,,,,,0,1532.60205078125
49224,5,12,34,7,2,7.731464320283606,4.480474599291911,0.613407053921902,0,1532.60205078125
49224,5,12,34,8,2,4.399339512852336,4.296584381843561,0.6857142857142857,0,1532.60205078125
49224,5,12,34,9,,,,,0,1532.60205078125
49224,5,12,34,10,,,,,0,1532.60205078125
49224,5,12,34,11,2,9.640708351350481,1.7561797404451676,0.21299981640351162,0,1532.60205078125
49224,5,12,34,12,,,,,0,1532.60205078125
49224,5,12,34,13,,,,,0,1532.60205078125
49224,5,12,34,14,2,5.155977849345125,-0.8955391224156335,0.4638463841038081,0,1532.60205078125
49224,5,12,34,15,,,,,0,1532.60205078125
49224,5,12,34,16,,,,,0,1532.60205078125
49224,5,12,34,17,,,,,0,1532.60205078125
49224,5,12,34,18,2,32.280877777832366,0.18618404157185964,0.613407053921902,0,1532.60205078125
49224,5,12,34,19,2,28.848641675195662,0.2086440356189625,0.8513997106635237,0,1532.60205078125
49224,5,12,34,20,2,28.23984623944279,0.034551009877371586,0.682842712474619,0,1532.60205078125
49224,5,12,34,21,2,30.28199691863634,0.3708886145441679,0.682842712474619,0,1532.60205078125
49224,5,12,34,22,2,25.956724780850273,0.1343001037320981,0.848528137423857,0,1532.60205078125
49224,5,12,34,23,2,27.083330153902264,0.31828941553308643,0.848528137423857,0,1532.60205078125
49224,5,12,34,24,2,23.359801980758572,-0.10828083274782485,0.613407053921902,0,1532.60205078125
49224,5,12,34,25,2,23.24347212001205,0.04198201108313615,0.8513997106635237,0,1532.60205078125
49224,5,12,34,26,2,23.979453852626467,0.25184726812198055,0.848528137423857,0,1532.60205078125
49224,5,12,34,27,2,25.68597706817296,0.4415001262173974,0.8513997106635237,0,1532.60205078125
49224,5,12,34,28,2,27.365088444224558,0.5573954533573904,0.613407053921902,0,1532.60205078125
49224,5,12,34,29,2,21.012416374972513,0.16616683719664227,0.848528137423857,0,1532.60205078125
49224,5,12,34,30,2,22.38921286672843,0.3882332901387642,0.848528137423857,0,1532.60205078125
49224,5,12,34,31,2,18.249084271825357,0.05348138398294844,0.682842712474619,0,1532.60205078125
49224,5,12,34,32,2,19.177702876951884,0.3168626200458968,0.8513997106635237,0,1532.60205078125
49224,5,12,34,33,2,21.272975779451105,0.5421014323076319,0.682842712474619,0,1532.60205078125
49224,5,12,34,34,2,15.889409807577275,0.3855506456436062,0.613407053921902,1,1532.60205078125
49224,5,12,34,35,2,28.47038043603881,4.145994517635275,0.613407053921902,0,1532.60205078125
49224,5,12,34,36,2,26.75581256056891,4.256605065595217,0.8513997106635237,0,1532.60205078125
49224,5,12,34,37,2,22.37473389009938,4.158083396311534,0.682842712474619,0,1532.60205078125
49224,5,12,34,38,2,31.322807902546543,4.326925919596272,0.682842712474619,0,1532.60205078125
49224,5,12,34,39,2,23.438559489254587,4.305448934826121,0.848528137423857,0,1532.60205078125
49224,5,12,34,40,2,28.100015303463117,4.375934491771302,0.848528137423857,0,1532.60205078125
49224,5,12,34,41,2,16.93922323189233,4.300787188507298,0.613407053921902,0,1532.60205078125
49224,5,12,34,42,2,20.195510295269976,4.370178694660842,0.8513997106635237,0,1532.60205078125
49224,5,12,34,43,2,24.962039684486736,4.437445479869282,0.848528137423857,0,1532.60205078125
49224,5,12,34,44,2,29.805170932799996,4.483005780137763,0.8513997106635237,0,1532.60205078125
49224,5,12,34,45,2,33.22302765733281,4.506961915728266,0.613407053921902,0,1532.60205078125
49224,5,12,34,46,2,21.94529540391106,4.5162395268920825,0.848528137423857,0,1532.60205078125
49224,5,12,34,47,2,26.86709473479511,4.5525175155688675,0.848528137423857,0,1532.60205078125
49224,5,12,34,48,2,19.10729063786777,4.619252818064737,0.682842712474619,0,1532.60205078125
49224,5,12,34,49,2,24.09010885495299,4.6385568711182135,0.8513997106635237,0,1532.60205078125
49224,5,12,34,50,2,29.078826210268865,4.651240847129976,0.682842712474619,0,1532.60205078125
49224,5,12,34,51,2,24.086184592977776,-1.4992007278009947,0.613407053921902,0,1532.60205078125
49224,5,12,34,52,2,32.80318728860709,-0.6186774336860048,0.613407053921902,0,1532.60205078125
49224,5,12,34,53,2,27.129197621094193,-0.543285813477671,0.682842712474619,0,1532.60205078125
49224,5,12,34,54,2,30.02062878568532,-0.6863443620366647,0.8513997106635237,0,1532.60205078125
49224,5,12,34,55,2,33.41381363764773,-0.8023601316926641,0.682842712474619,0,1532.60205078125
49224,5,12,34,56,2,26.504731623039564,-0.6731525360146895,0.848528137423857,0,1532.60205078125
49224,5,12,34,57,2,29.878848497438597,-0.8043671293417551,0.848528137423857,0,1532.60205078125
49224,5,12,34,58,2,21.04381362168736,-0.5237399157963321,0.613407053921902,0,1532.60205078125
49224,5,12,34,59,2,22.99485690607335,-0.6559297715528429,0.8513997106635237,0,1532.60205078125
49224,5,12,34,60,2,26.344036009205656,-0.8069127329387489,0.848528137423857,0,1532.60205078125
49224,5,12,34,61,2,30.153822682669265,-0.9218661547216334,0.8513997106635237,0,1532.60205078125
49224,5,12,34,62,2,33.01021621807912,-0.9859863173771592,0.613407053921902,0,1532.60205078125
49224,5,12,34,63,2,22.809447143141366,-0.8102473057822821,0.848528137423857,0,1532.60205078125
49224,5,12,34,64,2,26.655499772078837,-0.9399118531279909,0.848528137423857,0,1532.60205078125
49224,5,12,34,65,2,19.27520491971993,-0.8148047799432478,0.682842712474619,0,1532.60205078125
49224,5,12,34,66,2,23.16847672637825,-0.9633992534656355,0.8513997106635237,0,1532.60205078125
49224,5,12,34,67,2,27.423039637215012,-1.067648661658271,0.682842712474619,0,1532.60205078125
49224,5,12,34,68,2,21.365097009309714,-1.0983256733329205,0.613407053921902,0,1532.60205078125
49224,5,13,32,1,,,,,0,1533.885009765625
49224,5,13,32,2,2,21.46148968642037,1.9250759940267403,0.4638463841038081,0,1533.885009765625
49224,5,13,32,3,,,,,0,1533.885009765625
49224,5,13,32,4,,,,,0,1533.885009765625
49224,5,13,32,5,,,,,0,1533.885009765625
49224,5,13,32,6,,,,,0,1533.885009765625
49224,5,13,32,7,2,18.67287121248413,2.197108683372016,0.613407053921902,0,1533.885009765625
49224,5,13,32,8,2,16.861463514332886,2.0281304147349983,0.6857142857142857,0,1533.885009765625
49224,5,13,32,9,,,,,0,1533.885009765625
49224,5,13,32,10,,,,,0,1533.885009765625
49224,5,13,32,11,2,16.295262857431872,1.1901060890540045,0.21299981640351162,0,1533.885009765625
49224,5,13,32,12,,,,,0,1533.885009765625
49224,5,13,32,13,,,,,0,1533.885009765625
49224,5,13,32,14,2,12.570694655826708,2.2046758974664926,0.4638463841038081,0,1533.885009765625
49224,5,13,32,15,,,,,0,1533.885009765625
49224,5,13,32,16,,,,,0,1533.885009765625
49224,5,13,32,17,,,,,0,1533.885009765625
49224,5,13,32,18,2,18.54811638345361,-1.432623948130155,0.613407053921902,0,1533.885009765625
49224,5,13,32,19,2,15.089176013777045,-1.4006707095188982,0.8513997106635237,0,1533.885009765625
49224,5,13,32,20,2,15.071042736470327,-1.7337689839755788,0.682842712474619,0,1533.885009765625
49224,5,13,32,21,2,16.6802319044123,-1.1007665990637303,0.682842712474619,0,1533.885009765625
49224,5,13,32,22,2,12.371462113558131,-1.5663756254539132,0.848528137423857,0,1533.885009765625
49224,5,13,32,23,2,13.364130291097648,-1.1829148130324911,0.848528137423857,0,1533.885009765625
49224,5,13,32,24,2,11.52345800324292,-2.1128904809042557,0.613407053921902,0,1533.885009765625
49224,5,13,32,25,2,10.169705840370407,-1.8136261445990118,0.8513997106635237,0,1533.885009765625
49224,5,13,32,26,2,10.196559247603744,-1.3175538232726351,0.848528137423857,0,1533.885009765625
49224,5,13,32,27,2,12.430475618419552,-0.9175651429908201,0.8513997106635237,0,1533.885009765625
49224,5,13,32,28,2,14.820578822275586,-0.7289091836927892,0.613407053921902,0,1533.885009765625
49224,5,13,32,29,2,7.371544108418069,-1.5633771399930267,0.848528137423857,0,1533.885009765625
49224,5,13,32,30,2,8.93792851574584,-0.9697173703391158,0.848528137423857,0,1533.885009765625
49224,5,13,32,31,2,5.450642585495115,-2.0360256592855364,0.682842712474619,0,1533.885009765625
49224,5,13,32,32,2,5.5005825332452165,-1.0877941960323767,0.765685424949238,1,1533.885009765625
49224,5,13,32,33,2,8.989066237116726,-0.5727181826214274,0.682842712474619,0,1533.885009765625
49224,5,13,32,34,,,,,0,1533.885009765625
49224,5,13,32,35,2,39.659111490742745,2.3350942623305517,0.613407053921902,0,1533.885009765625
49224,5,13,32,36,2,37.21148361506914,2.4002306030585596,0.8513997106635237,0,1533.885009765625
49224,5,13,32,37,2,33.693343800293675,2.299850463055066,0.682842712474619,0,1533.885009765625
49224,5,13,32,38,2,41.03836752630798,2.4825995381025243,0.682842712474619,0,1533.885009765625
49224,5,13,32,39,2,33.67973679799323,2.4048518211832413,0.848528137423857,0,1533.885009765625
49224,5,13,32,40,2,37.533688430153916,2.4944750196053396,0.848528137423857,0,1533.885009765625
49224,5,13,32,41,2,27.642135613168534,2.325918897478867,0.613407053921902,0,1533.885009765625
49224,5,13,32,42,2,30.148877735823593,2.4105556057283097,0.8513997106635237,0,1533.885009765625
49224,5,13,32,43,2,34.035392242772964,2.5087941016424984,0.848528137423857,0,1533.885009765625
49224,5,13,32,44,2,38.18194627712396,2.5863171984118978,0.8513997106635237,0,1533.885009765625
49224,5,13,32,45,2,41.19742939774301,2.6311194664949165,0.613407053921902,0,1533.885009765625
49224,5,13,32,46,2,30.545672084060456,2.5263893055731415,0.848528137423857,0,1533.885009765625
49224,5,13,32,47,2,34.748973789980056,2.6095270084853164,0.848528137423857,0,1533.885009765625
49224,5,13,32,48,2,27.067845149078465,2.5485143629362383,0.682842712474619,0,1533.885009765625
49224,5,13,32,49,2,31.33881518826551,2.6378061335922385,0.8513997106635237,0,1533.885009765625
49224,5,13,32,50,2,35.799084259154334,2.705281545301743,0.682842712474619,0,1533.885009765625
49224,5,13,32,51,2,29.807226070261166,2.7408211284072386,0.613407053921902,0,1533.885009765625
49224,5,13,32,52,2,26.126321804611948,-2.6043188760105567,0.613407053921902,0,1533.885009765625
49224,5,13,32,53,2,20.04450563244141,-2.626665816728785,0.682842712474619,0,1533.885009765625
49224,5,13,32,54,2,24.520099967959876,-2.727257307024566,0.8513997106635237,0,1533.885009765625
49224,5,13,32,55,2,29.16656302735234,-2.796326445035307,0.682842712474619,0,1533.885009765625
49224,5,13,32,56,2,21.2638671953489,-2.7875842533132196,0.848528137423857,0,1533.885009765625
49224,5,13,32,57,2,26.011634790824004,-2.8542693132608075,0.848528137423857,0,1533.885009765625
49224,5,13,32,58,2,14.771649409977378,-2.8055259475754717,0.613407053921902,0,1533.885009765625
49224,5,13,32,59,2,18.112669426788653,-2.869293465408048,0.8513997106635237,0,1533.885009765625
49224,5,13,32,60,2,22.96784469979486,-2.92787547785999,0.848528137423857,0,1533.885009765625
49224,5,13,32,61,2,27.87427104954792,-2.9659294167951273,0.8513997106635237,0,1533.885009765625
49224,5,13,32,62,2,31.3263811190585,-2.985456188546258,0.613407053921902,0,1533.885009765625
49224,5,13,32,63,2,20.08578193191851,-3.023255969823377,0.848528137423857,0,1533.885009765625
49224,5,13,32,64,2,25.057767901518176,-3.046815851703933,0.848528137423857,0,1533.885009765625
49224,5,13,32,65,2,17.445784060318793,3.134217809482282,0.682842712474619,0,1533.885009765625
49224,5,13,32,66,2,22.445678378455035,3.1358606158278146,0.8513997106635237,0,1533.885009765625
49224,5,13,32,67,2,27.44561120213602,3.13690486428209,0.682842712474619,0,1533.885009765625
49224,5,13,32,68,2,22.736734358074557,2.981312733760525,0.613407053921902,0,1533.885009765625
49224,5,14,26,1,,,,,0,1534.251953125
49224,5,14,26,2,2,24.65770513832402,3.4956538586230472,0.4638463841038081,0,1534.251953125
49224,5,14,26,3,,,,,0,1534.251953125
49224,5,14,26,4,,,,,0,1534.251953125
49224,5,14,26,5,,,,,0,1534.251953125
49224,5,14,26,6,,,,,0,1534.251953125
49224,5,14,26,7,2,22.12866955026195,3.734012111390017,0.613407053921902,0,1534.251953125
49224,5,14,26,8,2,20.187656706046447,3.5961056110945013,0.6857142857142857,0,1534.251953125
49224,5,14,26,9,,,,,0,1534.251953125
49224,5,14,26,10,,,,,0,1534.251953125
49224,5,14,26,11,2,17.89494740268305,2.8810108391910134,0.22672597831956315,0,1534.251953125
49224,5,14,26,12,,,,,0,1534.251953125
49224,5,14,26,13,,,,,0,1534.251953125
49224,5,14,26,14,2,16.03373143949447,3.750945096679502,0.5276927682076162,0,1534.251953125
49224,5,14,26,15,,,,,0,1534.251953125
49224,5,14,26,16,,,,,0,1534.251953125
49224,5,14,26,17,2,10.3281161066406,3.5823486066023227,0.3522069311556173,0,1534.251953125
49224,5,14,26,18,2,15.953914293961384,-0.061787155473171484,0.613407053921902,0,1534.251953125
49224,5,14,26,19,2,12.453916608208417,-0.06150161530997966,0.8513997106635237,0,1534.251953125
49224,5,14,26,20,2,13.414094932594217,-0.4434637719835952,0.682842712474619,0,1534.251953125
49224,5,14,26,21,2,13.426173502073068,0.3200991960530013,0.682842712474619,0,1534.251953125
49224,5,14,26,22,2,10.259115974395844,-0.3073387076904195,0.848528137423857,0,1534.251953125
49224,5,14,26,23,2,10.267013032019756,0.1847960168527587,0.848528137423857,0,1534.251953125
49224,5,14,26,24,2,11.29315788659252,-0.9127310246038904,0.613407053921902,0,1534.251953125
49224,5,14,26,25,2,8.966542380873383,-0.6521531410297552,0.8513997106635237,0,1534.251953125
49224,5,14,26,26,2,7.453923684312716,-0.060628540364905614,0.848528137423857,1,1534.251953125
49224,5,14,26,27,2,8.984602067711046,0.5295463745079898,0.8513997106635237,0,1534.251953125
49224,5,14,26,28,2,11.317532484230355,0.7890153458558747,0.613407053921902,0,1534.251953125
49224,5,14,26,29,2,5.541696489654824,-0.5275543395006501,0.848528137423857,0,1534.251953125
49224,5,14,26,30,2,5.556302368213248,0.4071638055541482,0.848528137423857,0,1534.251953125
49224,5,14,26,31,2,5.555161714599057,-1.1760685053489994,0.6466890965784271,0,1534.251953125
49224,5,14,26,32,,,,,0,1534.251953125
49224,5,14,26,33,2,5.584264832765925,1.0530266132616493,0.6466890965784271,0,1534.251953125
49224,5,14,26,34,,,,,0,1534.251953125
49224,5,14,26,35,2,43.161182045754785,3.846783107546981,0.613407053921902,0,1534.251953125
49224,5,14,26,36,2,40.71627411738015,3.9065350013925215,0.8513997106635237,0,1534.251953125
49224,5,14,26,37,2,37.18839972390854,3.815448249217616,0.682842712474619,0,1534.251953125
49224,5,14,26,38,2,44.526990488669696,3.9825776591080158,0.682842712474619,0,1534.251953125
49224,5,14,26,39,2,37.1842111158721,3.9105602638793284,0.848528137423857,0,1534.251953125
49224,5,14,26,40,2,41.01833078376285,3.9927585230955263,0.848528137423857,0,1534.251953125
49224,5,14,26,41,2,31.142890068751548,3.840065438883687,0.613407053921902,0,1534.251953125
49224,5,14,26,42,2,33.65287706300684,3.9154303941742636,0.8513997106635237,0,1534.251953125
49224,5,14,26,43,2,37.514717626476845,4.00484248544519,0.848528137423857,0,1534.251953125
49224,5,14,26,44,2,41.61961007230525,4.077106099302589,0.8513997106635237,0,1534.251953125
49224,5,14,26,45,2,44.6018886971644,4.119628618620039,0.613407053921902,0,1534.251953125
49224,5,14,26,46,2,34.017710341855725,4.019413408537416,0.848528137423857,0,1534.251953125
49224,5,14,26,47,2,38.17122634758855,4.096679828453684,0.848528137423857,0,1534.251953125
49224,5,14,26,48,2,30.52957902118048,4.037318468084118,0.682842712474619,0,1534.251953125
49224,5,14,26,49,2,34.74036699844928,4.1201301743188345,0.8513997106635237,0,1534.251953125
49224,5,14,26,50,2,39.13733515664275,4.184699554893568,0.682842712474619,0,1534.251953125
49224,5,14,26,51,2,33.11073000708078,4.2114900999717015,0.613407053921902,0,1534.251953125
49224,5,14,26,52,2,27.279623175341264,-1.2203999199659301,0.613407053921902,0,1534.251953125
49224,5,14,26,53,2,21.328680085680872,-1.2765855133901853,0.682842712474619,0,1534.251953125
49224,5,14,26,54,2,26.072025202767815,-1.343657449595686,0.8513997106635237,0,1534.251953125
49224,5,14,26,55,2,30.89641406620193,-1.3899409440567547,0.682842712474619,0,1534.251953125
49224,5,14,26,56,2,23.023075726088692,-1.4167322327851442,0.848528137423857,0,1534.251953125
49224,5,14,26,57,2,27.926688308241182,-1.4552660891553293,0.848528137423857,0,1534.251953125
49224,5,14,26,58,2,16.665443313070316,-1.4858170045175427,0.613407053921902,0,1534.251953125
49224,5,14,26,59,2,20.1338901756384,-1.5114163491116348,0.8513997106635237,0,1534.251953125
49224,5,14,26,60,2,25.104012380117823,-1.5356936143718785,0.848528137423857,0,1534.251953125
49224,5,14,26,61,2,30.0840379862403,-1.5519404121409925,0.8513997106635237,0,1534.251953125
49224,5,14,26,62,2,33.5735889404314,-1.5604439042705462,0.613407053921902,0,1534.251953125
49224,5,14,26,63,2,22.483837646108437,4.647535704409784,0.848528137423857,0,1534.251953125
49224,5,14,26,64,2,27.48382905042533,4.647908667774578,0.848528137423857,0,1534.251953125
49224,5,14,26,65,2,20.14533377762744,4.52286059727121,0.682842712474619,0,1534.251953125
49224,5,14,26,66,2,25.113191294386652,4.548026580229687,0.8513997106635237,0,1534.251953125
49224,5,14,26,67,2,30.0916978744121,4.56487333962705,0.682842712474619,0,1534.251953125
49224,5,14,26,68,2,25.70496128325428,4.412149973249138,0.613407053921902,0,1534.251953125
49224,5,15,19,1,,,,,0,1534.6519775390625
49224,5,15,19,2,2,29.33715114051306,3.488841546691416,0.4638463841038081,0,1534.6519775390625
49224,5,15,19,3,,,,,0,1534.6519775390625
49224,5,15,19,4,,,,,0,1534.6519775390625
49224,5,15,19,5,,,,,0,1534.6519775390625
49224,5,15,19,6,,,,,0,1534.6519775390625
49224,5,15,19,7,2,26.304829764625143,3.679799911768731,0.613407053921902,0,1534.6519775390625
49224,5,15,19,8,2,24.694281446569782,3.5578012512318034,0.6857142857142857,0,1534.6519775390625
49224,5,15,19,9,,,,,0,1534.6519775390625
49224,5,15,19,10,,,,,0,1534.6519775390625
49224,5,15,19,11,2,22.858153806158786,2.987152068816231,0.22672597831956315,0,1534.6519775390625
49224,5,15,19,12,,,,,0,1534.6519775390625
49224,5,15,19,13,,,,,0,1534.6519775390625
49224,5,15,19,14,2,20.222429015414896,3.657930668202045,0.5276927682076162,0,1534.6519775390625
49224,5,15,19,15,,,,,0,1534.6519775390625
49224,5,15,19,16,,,,,0,1534.6519775390625
49224,5,15,19,17,2,14.94175694795694,3.4816570654493972,0.3522069311556173,0,1534.6519775390625
49224,5,15,19,18,2,10.91392194954902,0.0014852230380897335,0.613407053921902,0,1534.6519775390625
49224,5,15,19,19,2,7.413927632239353,0.0021863735491218783,0.8513997106635237,1,1534.6519775390625
49224,5,15,19,20,2,8.933321158030907,-0.5918384746264302,0.682842712474619,0,1534.6519775390625
49224,5,15,19,21,2,8.951447869458983,0.5948441638970042,0.682842712474619,0,1534.6519775390625
49224,5,15,19,22,2,5.505971791042481,-0.4680069529230151,0.848528137423857,0,1534.6519775390625
49224,5,15,19,23,2,5.520672186184858,0.4732478495460144,0.848528137423857,0,1534.6519775390625
49224,5,15,19,24,2,8.820524960280833,-1.293590058592493,0.613407053921902,0,1534.6519775390625
49224,5,15,19,25,2,5.537610296096041,-1.1197451270443808,0.8513997106635237,0,1534.6519775390625
49224,5,15,19,26,,,,,0,1534.6519775390625
49224,5,15,19,27,2,5.566805173395957,1.1222837340237395,0.8513997106635237,0,1534.6519775390625
49224,5,15,19,28,2,8.851710967662674,1.294592368053341,0.613407053921902,0,1534.6519775390625
49224,5,15,19,29,2,2.485281924181194,4.677742080436502,0.765685424949238,0,1534.6519775390625
49224,5,15,19,30,2,2.517681923162918,1.6049971814102164,0.765685424949238,0,1534.6519775390625
49224,5,15,19,31,2,5.614804419597811,4.233735749534181,0.6466890965784271,0,1534.6519775390625
49224,5,15,19,32,,,,,0,1534.6519775390625
49224,5,15,19,33,2,5.643599978511431,2.0468037659012666,0.6466890965784271,0,1534.6519775390625
49224,5,15,19,34,,,,,0,1534.6519775390625
49224,5,15,19,35,2,46.917305809703194,3.8348908190451536,0.613407053921902,0,1534.6519775390625
49224,5,15,19,36,2,44.281835483931495,3.8854244789892123,0.8513997106635237,0,1534.6519775390625
49224,5,15,19,37,2,41.06145455106935,3.7956970502716905,0.682842712474619,0,1534.6519775390625
49224,5,15,19,38,2,47.80919218939403,3.9624606843809955,0.682842712474619,0,1534.6519775390625
49224,5,15,19,39,2,40.7496202607865,3.8818191153083097,0.848528137423857,0,1534.6519775390625
49224,5,15,19,40,2,44.27605961888142,3.9652924357506096,0.848528137423857,0,1534.6519775390625
49224,5,15,19,41,2,34.96491979380362,3.803266640888914,0.613407053921902,0,1534.6519775390625
49224,5,15,19,42,2,37.21803526478296,3.877529467453621,0.8513997106635237,0,1534.6519775390625
49224,5,15,19,43,2,40.74334366429771,3.9686152806986623,0.848528137423857,0,1534.6519775390625
49224,5,15,19,44,2,44.55174471245216,4.0446755038857045,0.8513997106635237,0,1534.6519775390625
49224,5,15,19,45,2,47.34970421984722,4.090461003169919,0.613407053921902,0,1534.6519775390625
49224,5,15,19,46,2,37.21116298262385,3.972569002694855,0.848528137423857,0,1534.6519775390625
49224,5,15,19,47,2,41.042764947013936,4.0547899666607865,0.848528137423857,0,1534.6519775390625
49224,5,15,19,48,2,33.67968598564603,3.977351946592157,0.682842712474619,0,1534.6519775390625
49224,5,15,19,49,2,37.538768654128255,4.066794092493909,0.8513997106635237,0,1534.6519775390625
49224,5,15,19,50,2,41.641290278335546,4.139101929697537,0.682842712474619,0,1534.6519775390625
49224,5,15,19,51,2,35.543023527169545,4.1455293031945555,0.613407053921902,0,1534.6519775390625
49224,5,15,19,52,2,25.674191576015712,-1.3383645952064298,0.613407053921902,0,1534.6519775390625
49224,5,15,19,53,2,20.12905461567309,-1.4505853408083738,0.682842712474619,0,1534.6519775390625
49224,5,15,19,54,2,25.100134336237936,-1.4744762651675036,0.8513997106635237,0,1534.6519775390625
49224,5,15,19,55,2,30.08080197856485,-1.4904624232712576,0.682842712474619,0,1534.6519775390625
49224,5,15,19,56,2,22.48395521585167,4.708560014465423,0.848528137423857,0,1534.6519775390625
49224,5,15,19,57,2,27.48392523139415,4.7092565956197925,0.848528137423857,0,1534.6519775390625
49224,5,15,19,58,2,16.685419018297026,4.556770618399268,0.613407053921902,0,1534.6519775390625
49224,5,15,19,59,2,20.150427801901785,4.583694816536722,0.8513997106635237,0,1534.6519775390625
49224,5,15,19,60,2,25.117277809828373,4.609245591054453,0.848528137423857,0,1534.6519775390625
49224,5,15,19,61,2,30.09510838246869,4.6263522956283,0.8513997106635237,0,1534.6519775390625
49224,5,15,19,62,2,33.58350906823237,4.635307912688554,0.613407053921902,0,1534.6519775390625
49224,5,15,19,63,2,23.051879381675796,4.489921793363303,0.848528137423857,0,1534.6519775390625
49224,5,15,19,64,2,27.95043912005266,4.529401316871377,0.848528137423857,0,1534.6519775390625
49224,5,15,19,65,2,21.375234302307955,4.349580905620886,0.682842712474619,0,1534.6519775390625
49224,5,15,19,66,2,26.110123428566993,4.417595652247071,0.8513997106635237,0,1534.6519775390625
49224,5,15,19,67,2,30.928570116179692,4.464582796446445,0.682842712474619,0,1534.6519775390625
49224,5,15,19,68,2,27.33296866551889,4.294760310870894,0.613407053921902,0,1534.6519775390625
49224,5,16,18,1,,,,,0,1535.0679931640625
49224,5,16,18,2,2,33.43164123890345,3.444852595647802,0.4638463841038081,0,1535.0679931640625
49224,5,16,18,3,,,,,0,1535.0679931640625
49224,5,16,18,4,,,,,0,1535.0679931640625
49224,5,16,18,5,,,,,0,1535.0679931640625
49224,5,16,18,6,,,,,0,1535.0679931640625
49224,5,16,18,7,2,30.095685253589256,3.606154002231972,0.613407053921902,0,1535.0679931640625
49224,5,16,18,8,2,28.69867136470958,3.496905157149649,0.6857142857142857,0,1535.0679931640625
49224,5,16,18,9,,,,,0,1535.0679931640625
49224,5,16,18,10,,,,,0,1535.0679931640625
49224,5,16,18,11,2,27.134874191033433,3.011644558316209,0.4008815710307323,0,1535.0679931640625
49224,5,16,18,12,,,,,0,1535.0679931640625
49224,5,16,18,13,2,24.532151010895205,3.2430127684843324,0.5905350201669267,0,1535.0679931640625
49224,5,16,18,14,2,24.073903719016013,3.5692213823335948,0.5276927682076162,0,1535.0679931640625
49224,5,16,18,15,,,,,0,1535.0679931640625
49224,5,16,18,16,2,21.906095779932404,3.140852694995709,0.6105354806822353,0,1535.0679931640625
49224,5,16,18,17,2,19.06888323465768,3.4060206868828233,0.4815389220537701,0,1535.0679931640625
49224,5,16,18,18,2,6.5939301410332,0.002458263635677582,0.4815389220537701,1,1535.0679931640625
49224,5,16,18,19,,,,,0,1535.0679931640625
49224,5,16,18,20,2,5.866041864858319,-1.0152268292653104,0.6466890965784271,0,1535.0679931640625
49224,5,16,18,21,2,5.893610031838684,1.0181280723514736,0.6466890965784271,0,1535.0679931640625
49224,5,16,18,22,2,2.5538097199330383,-1.3360888183636819,0.765685424949238,0,1535.0679931640625
49224,5,16,18,23,2,2.5853510611102735,1.3390050076480438,0.765685424949238,0,1535.0679931640625
49224,5,16,18,24,2,8.695279050779636,4.491384552833932,0.613407053921902,0,1535.0679931640625
49224,5,16,18,25,2,5.335854663258633,4.347096001882028,0.8513997106635237,0,1535.0679931640625
49224,5,16,18,26,,,,,0,1535.0679931640625
49224,5,16,18,27,2,5.366147317632829,1.9339311660430971,0.8513997106635237,0,1535.0679931640625
49224,5,16,18,28,2,8.726912641423064,1.7909864221499068,0.613407053921902,0,1535.0679931640625
49224,5,16,18,29,2,5.057948389690518,3.6549065819715856,0.765685424949238,0,1535.0679931640625
49224,5,16,18,30,2,5.07394697807658,2.622712796702593,0.765685424949238,0,1535.0679931640625
49224,5,16,18,31,2,8.516586335766657,3.766702546127731,0.6466890965784271,0,1535.0679931640625
49224,5,16,18,32,,,,,0,1535.0679931640625
49224,5,16,18,33,2,8.535598096307396,2.513402867176028,0.6466890965784271,0,1535.0679931640625
49224,5,16,18,34,,,,,0,1535.0679931640625
49224,5,16,18,35,2,50.31580048194269,3.7799935222672847,0.613407053921902,0,1535.0679931640625
49224,5,16,18,36,2,47.550890103757894,3.8238699130089273,0.8513997106635237,0,1535.0679931640625
49224,5,16,18,37,2,44.56735627881936,3.736684696195679,0.682842712474619,0,1535.0679931640625
49224,5,16,18,38,2,50.85199163883456,3.9002576880940647,0.682842712474619,0,1535.0679931640625
49224,5,16,18,39,2,44.035641800226614,3.8156051129819244,0.848528137423857,0,1535.0679931640625
49224,5,16,18,40,2,47.31781538421133,3.8982604553755307,0.848528137423857,0,1535.0679931640625
49224,5,16,18,41,2,38.464942676059756,3.734204141900808,0.613407053921902,0,1535.0679931640625
49224,5,16,18,42,2,40.523923154799206,3.8059071308160073,0.8513997106635237,0,1535.0679931640625
49224,5,16,18,43,2,43.783858347940416,3.895940804049769,0.848528137423857,0,1535.0679931640625
49224,5,16,18,44,2,47.348327909324865,3.9729698421444786,0.8513997106635237,0,1535.0679931640625
49224,5,16,18,45,2,49.99000588710168,4.0201669124420585,0.613407053921902,0,1535.0679931640625
49224,5,16,18,46,2,40.25017827203648,3.893213837971515,0.848528137423857,0,1535.0679931640625
49224,5,16,18,47,2,43.81683186752732,3.976678542584289,0.848528137423857,0,1535.0679931640625
49224,5,16,18,48,2,36.71685512171383,3.8899620028527235,0.682842712474619,0,1535.0679931640625
49224,5,16,18,49,2,40.28604415930364,3.9810373949291797,0.8513997106635237,0,1535.0679931640625
49224,5,16,18,50,2,44.133924117189075,4.05677449911377,0.682842712474619,0,1535.0679931640625
49224,5,16,18,51,2,38.037780239209006,4.049574356084165,0.613407053921902,0,1535.0679931640625
49224,5,16,18,52,2,25.03458272898066,-1.5070848975079256,0.613407053921902,0,1535.0679931640625
49224,5,16,18,53,2,20.074487712435907,4.617294868704764,0.682842712474619,0,1535.0679931640625
49224,5,16,18,54,2,25.05639560857029,4.636243431627065,0.8513997106635237,0,1535.0679931640625
49224,5,16,18,55,2,30.044315017480777,4.648903733324955,0.682842712474619,0,1535.0679931640625
49224,5,16,18,56,2,22.911448182481497,4.518873917401617,0.848528137423857,0,1535.0679931640625
49224,5,16,18,57,2,27.834733011023747,4.5534256763635295,0.848528137423857,0,1535.0679931640625
49224,5,16,18,58,2,17.872029038706835,4.315643256337555,0.613407053921902,0,1535.0679931640625
49224,5,16,18,59,2,21.14346127633526,4.3796531239039815,0.8513997106635237,0,1535.0679931640625
49224,5,16,18,60,2,25.920722573268073,4.442700467324668,0.848528137423857,0,1535.0679931640625
49224,5,16,18,61,2,30.768844026007372,4.486009622812375,0.8513997106635237,0,1535.0679931640625
49224,5,16,18,62,2,34.18856966122271,4.508989429779082,0.613407053921902,0,1535.0679931640625
49224,5,16,18,63,2,24.372019933638718,4.316164547587855,0.848528137423857,0,1535.0679931640625
49224,5,16,18,64,2,29.048808230667976,4.38264274125381,0.848528137423857,0,1535.0679931640625
49224,5,16,18,65,2,23.261703561240672,4.175072764920419,0.682842712474619,0,1535.0679931640625
49224,5,16,18,66,2,27.675706974664216,4.2676746401340315,0.8513997106635237,0,1535.0679931640625
49224,5,16,18,67,2,32.261163347342546,4.334398738148785,0.682842712474619,0,1535.0679931640625
49224,5,16,18,68,2,29.35195709022622,4.159821477296159,0.613407053921902,0,1535.0679931640625
49224,5,17,57,1,,,,,0,1535.3690185546875
49224,5,17,57,2,2,37.34533487174218,3.4122210522327316,0.49033749051054326,0,1535.3690185546875
49224,5,17,57,3,,,,,0,1535.3690185546875
49224,5,17,57,4,,,,,0,1535.3690185546875
49224,5,17,57,5,,,,,0,1535.3690185546875
49224,5,17,57,6,2,33.578069924721895,3.2156308895928913,0.6366888663207728,0,1535.3690185546875
49224,5,17,57,7,2,33.79274726578609,3.5520342972133507,0.613407053921902,0,1535.3690185546875
49224,5,17,57,8,2,32.554772844942185,3.453292171260757,0.6857142857142857,0,1535.3690185546875
49224,5,17,57,9,,,,,0,1535.3690185546875
49224,5,17,57,10,2,30.986084409503956,3.1410695283416636,0.8513997106635237,0,1535.3690185546875
49224,5,17,57,11,2,31.184946596866183,3.0285989372309676,0.6034068236642477,0,1535.3690185546875
49224,5,17,57,12,,,,,0,1535.3690185546875
49224,5,17,57,13,2,28.594159861285235,3.2285658167880116,0.765685424949238,0,1535.3690185546875
49224,5,17,57,14,2,27.837967477691464,3.5084025156670497,0.5276927682076162,0,1535.3690185546875
49224,5,17,57,15,,,,,0,1535.3690185546875
49224,5,17,57,16,2,25.98608522529176,3.140968873467985,0.6466890965784271,0,1535.3690185546875
49224,5,17,57,17,2,23.031759987565497,3.359705672796712,0.4815389220537701,0,1535.3690185546875
49224,5,17,57,18,,,,,0,1535.3690185546875
49224,5,17,57,19,,,,,0,1535.3690185546875
49224,5,17,57,20,2,5.080405577183838,4.517054389744867,0.6466890965784271,0,1535.3690185546875
49224,5,17,57,21,2,5.112212131338033,1.764900060885331,0.6466890965784271,0,1535.3690185546875
49224,5,17,57,22,2,4.2804169994112815,3.760650769627664,0.765685424949238,0,1535.3690185546875
49224,5,17,57,23,2,4.299309911184425,2.5163932755619953,0.765685424949238,0,1535.3690185546875
49224,5,17,57,24,2,10.383056164201669,4.097920985390212,0.613407053921902,0,1535.3690185546875
49224,5,17,57,25,2,7.78917983650769,3.835876285852001,0.8513997106635237,0,1535.3690185546875
49224,5,17,57,26,,,,,0,1535.3690185546875
49224,5,17,57,27,2,7.80996252056161,2.4441189165929815,0.8513997106635237,0,1535.3690185546875
49224,5,17,57,28,2,10.409562036371595,2.183468813319643,0.613407053921902,0,1535.3690185546875
49224,5,17,57,29,2,8.84210220397991,3.4263295629683967,0.765685424949238,0,1535.3690185546875
49224,5,17,57,30,2,8.851263605225299,2.853340547962988,0.765685424949238,0,1535.3690185546875
49224,5,17,57,31,2,12.063669600177024,3.5674743858529827,0.6466890965784271,0,1535.3690185546875
49224,5,17,57,32,,,,,0,1535.3690185546875
49224,5,17,57,33,2,12.077098834958434,2.7132663455804504,0.6466890965784271,0,1535.3690185546875
49224,5,17,57,34,,,,,0,1535.3690185546875
49224,5,17,57,35,2,53.647357954263185,3.734657675804426,0.613407053921902,0,1535.3690185546875
49224,5,17,57,36,2,50.78273775885957,3.773187549849945,0.8513997106635237,0,1535.3690185546875
49224,5,17,57,37,2,48.000505729717695,3.6890175382787387,0.682842712474619,0,1535.3690185546875
49224,5,17,57,38,2,53.88621677443632,3.8481457860959494,0.682842712474619,0,1535.3690185546875
49224,5,17,57,39,2,47.29204057183928,3.7617343083412527,0.848528137423857,0,1535.3690185546875
49224,5,17,57,40,2,50.36243645242884,3.842616427535405,0.848528137423857,0,1535.3690185546875
49224,5,17,57,41,2,41.91123018748526,3.679805411348795,0.613407053921902,0,1535.3690185546875
49224,5,17,57,42,2,43.808535111458404,3.7484576413667074,0.8513997106635237,0,1535.3690185546875
49224,5,17,57,43,2,46.8404275448925,3.8362553262227728,0.848528137423857,0,1535.3690185546875
49224,5,17,57,44,2,50.18828106804182,3.9128690053545685,0.8513997106635237,0,1535.3690185546875
49224,5,17,57,45,2,52.68776033718147,3.9605181249188885,0.613407053921902,0,1535.3690185546875
49224,5,17,57,46,2,43.320622107164105,3.8288602034261476,0.848528137423857,0,1535.3690185546875
49224,5,17,57,47,2,46.65312640893594,3.911798841407617,0.848528137423857,0,1535.3690185546875
49224,5,17,57,48,2,39.803604697503296,3.8201576768280834,0.682842712474619,0,1535.3690185546875
49224,5,17,57,49,2,43.118033940470276,3.910553198049426,0.8513997106635237,0,1535.3690185546875
49224,5,17,57,50,2,46.73331525654891,3.9875158328317255,0.682842712474619,0,1535.3690185546875
49224,5,17,57,51,2,40.675696548477234,3.9704246956578255,0.613407053921902,0,1535.3690185546875
49224,5,17,57,52,2,25.107177803239367,4.613207751598186,0.613407053921902,0,1535.3690185546875
49224,5,17,57,53,2,20.861089004526566,4.421348031151228,0.682842712474619,0,1535.3690185546875
49224,5,17,57,54,2,25.69091159206344,4.477223611873775,0.8513997106635237,0,1535.3690185546875
49224,5,17,57,55,2,30.575494148217132,4.515335869693951,0.682842712474619,0,1535.3690185546875
49224,5,17,57,56,2,24.031945141652354,4.3514887013758585,0.848528137423857,0,1535.3690185546875
49224,5,17,57,57,2,28.76407987869295,4.412908843462075,0.848528137423857,1,1535.3690185546875
49224,5,17,57,58,2,19.809323647415333,4.124517150071115,0.613407053921902,0,1535.3690185546875
49224,5,17,57,59,2,22.80451350394383,4.209738058825293,0.8513997106635237,0,1535.3690185546875
49224,5,17,57,60,2,27.292558328745894,4.298109742840409,0.848528137423857,0,1535.3690185546875
49224,5,17,57,61,2,31.933080717407105,4.361178700807529,0.8513997106635237,0,1535.3690185546875
49224,5,17,57,62,2,35.240008185128815,4.395354488549459,0.613407053921902,0,1535.3690185546875
49224,5,17,57,63,2,26.21822246049807,4.17210665129098,0.848528137423857,0,1535.3690185546875
49224,5,17,57,64,2,30.61426290088667,4.256215340262295,0.848528137423857,0,1535.3690185546875
49224,5,17,57,65,2,25.59114373857358,4.037677091298601,0.682842712474619,0,1535.3690185546875
49224,5,17,57,66,2,29.660487889189792,4.143176476397847,0.8513997106635237,0,1535.3690185546875
49224,5,17,57,67,2,33.97914722004092,4.222568625051463,0.682842712474619,0,1535.3690185546875
49224,5,17,57,68,2,31.684335293840682,4.049994449800041,0.613407053921902,0,1535.3690185546875
49224,5,18,64,1,2,40.99673641255466,-0.5691891668628752,0.613407053921902,0,1538.718994140625
49224,5,18,64,2,2,35.43019851429664,-0.5035095559570848,0.682842712474619,0,1538.718994140625
49224,5,18,64,3,2,38.09528267474681,-0.6187253258529462,0.8513997106635237,0,1538.718994140625
49224,5,18,64,4,2,41.19711345926145,-0.7177554972232069,0.682842712474619,0,1538.718994140625
49224,5,18,64,5,2,34.613713588798376,-0.6017788346542645,0.848528137423857,0,1538.718994140625
49224,5,18,64,6,2,37.67042292984991,-0.7114117349168174,0.848528137423857,0,1538.718994140625
49224,5,18,64,7,2,29.369229782740113,-0.48126953163659003,0.613407053921902,0,1538.718994140625
49224,5,18,64,8,2,31.144305655221572,-0.5810496293036749,0.8513997106635237,0,1538.718994140625
49224,5,18,64,9,2,34.14556149856468,-0.7037578706135423,0.848528137423857,0,1538.718994140625
49224,5,18,64,10,2,37.57487146163855,-0.8053856149545197,0.8513997106635237,0,1538.718994140625
49224,5,18,64,11,2,40.17196885980493,-0.8657857244644166,0.613407053921902,0,1538.718994140625
49224,5,18,64,12,2,30.62316078380486,-0.6943425867965628,0.848528137423857,0,1538.718994140625
49224,5,18,64,13,2,34.04011709288263,-0.8074614497157399,0.848528137423857,0,1538.718994140625
49224,5,18,64,14,2,27.104180170764522,-0.6824812082471354,0.682842712474619,0,1538.718994140625
49224,5,18,64,15,2,30.505543398465488,-0.8100183375666119,0.8513997106635237,0,1538.718994140625
49224,5,18,64,16,2,34.3007255512483,-0.910694233959377,0.682842712474619,0,1538.718994140625
49224,5,18,64,17,2,28.20649470643313,-0.9000144411566802,0.613407053921902,0,1538.718994140625
49224,5,18,64,18,,,,,0,1538.718994140625
49224,5,18,64,19,,,,,0,1538.718994140625
49224,5,18,64,20,2,22.44843464370408,-1.7484399762588019,0.6466890965784271,0,1538.718994140625
49224,5,18,64,21,2,32.33937860512237,-1.6937701398113894,0.6466890965784271,0,1538.718994140625
49224,5,18,64,22,2,24.638863845846313,-1.6303667980257752,0.765685424949238,0,1538.718994140625
49224,5,18,64,23,2,29.63149012318734,-1.6203206872324885,0.765685424949238,0,1538.718994140625
49224,5,18,64,24,2,18.623836695342273,-1.5152948845096608,0.613407053921902,0,1538.718994140625
49224,5,18,64,25,2,22.119299490925453,-1.5240726410492558,0.8513997106635237,0,1538.718994140625
49224,5,18,64,26,,,,,0,1538.718994140625
49224,5,18,64,27,2,32.1117828932317,-1.5386181847644715,0.8513997106635237,0,1538.718994140625
49224,5,18,64,28,2,35.610149077145486,-1.5417803240143901,0.613407053921902,0,1538.718994140625
49224,5,18,64,29,2,24.8476317509487,-1.4281213811959266,0.765685424949238,0,1538.718994140625
49224,5,18,64,30,2,29.80530823422483,-1.4519770099628322,0.765685424949238,0,1538.718994140625
49224,5,18,64,31,2,22.90403025639498,-1.3042424059323419,0.6466890965784271,0,1538.718994140625
49224,5,18,64,32,,,,,0,1538.718994140625
49224,5,18,64,33,2,32.65727778916439,-1.3849885977480036,0.6466890965784271,0,1538.718994140625
49224,5,18,64,34,,,,,0,1538.718994140625
49224,5,18,64,35,2,39.63969742524663,0.07334684296254124,0.613407053921902,0,1538.718994140625
49224,5,18,64,36,2,36.150017670168346,0.08044188756159198,0.8513997106635237,0,1538.718994140625
49224,5,18,64,37,2,36.09397973152697,-0.05807998836253314,0.682842712474619,0,1538.718994140625
49224,5,18,64,38,2,36.89000111476126,0.21595606471980688,0.682842712474619,0,1538.718994140625
49224,5,18,64,39,2,33.535562902661724,0.012072268005590248,0.848528137423857,0,1538.718994140625
49224,5,18,64,40,2,33.96590031034044,0.1598047912840086,0.848528137423857,0,1538.718994140625
49224,5,18,64,41,2,31.53347899547013,-0.17838001697390604,0.613407053921902,0,1538.718994140625
49224,5,18,64,42,2,31.103764737460295,-0.06741136406307113,0.8513997106635237,0,1538.718994140625
49224,5,18,64,43,2,31.16877581068724,0.09333257444528464,0.848528137423857,0,1538.718994140625
49224,5,18,64,44,2,32.02406892058668,0.24941861113279895,0.8513997106635237,0,1538.718994140625
49224,5,18,64,45,2,33.062439013418356,0.3521839724502509,0.613407053921902,0,1538.718994140625
49224,5,18,64,46,2,28.535991084624683,0.014187488699910045,0.848528137423857,0,1538.718994140625
49224,5,18,64,47,2,29.040509497517135,0.18720537832648643,0.848528137423857,0,1538.718994140625
49224,5,18,64,48,2,26.117292907701536,-0.08030745304304765,0.682842712474619,0,1538.718994140625
49224,5,18,64,49,2,26.19468254284217,0.11112283524697952,0.8513997106635237,0,1538.718994140625
49224,5,18,64,50,2,27.20679691205644,0.2947979593405674,0.682842712474619,0,1538.718994140625
49224,5,18,64,51,2,22.719585363924654,0.12820716387712872,0.613407053921902,0,1538.718994140625
49224,5,18,64,52,2,3.2365404882448137,-2.4374962448920114,0.613407053921902,0,1538.718994140625
49224,5,18,64,53,2,7.169980756603573,-1.4262034810722621,0.682842712474619,0,1538.718994140625
49224,5,18,64,54,2,2.3360284124276123,-1.1126854601335636,0.7685569981889047,0,1538.718994140625
49224,5,18,64,55,2,3.0830882954065046,1.2290931161866312,0.5638463841038082,0,1538.718994140625
49224,5,18,64,56,2,5.796414616395905,-0.9153220749969575,0.848528137423857,0,1538.718994140625
49224,5,18,64,57,,,,,0,1538.718994140625
49224,5,18,64,58,2,12.192453927784376,-1.0531640042715587,0.613407053921902,0,1538.718994140625
49224,5,18,64,59,2,9.313421286866987,-0.8661195296893304,0.8513997106635237,0,1538.718994140625
49224,5,18,64,60,2,6.386565646751831,-0.33424633498802914,0.848528137423857,0,1538.718994140625
49224,5,18,64,61,2,6.696015640205312,0.4487240569240232,0.7685569981889047,0,1538.718994140625
49224,5,18,64,62,2,8.798892472316991,0.8152753029036917,0.613407053921902,0,1538.718994140625
49224,5,18,64,63,2,9.691729176043337,-0.49397798393533354,0.848528137423857,0,1538.718994140625
49224,5,18,64,64,2,8.54271731449503,0.04740788454342382,0.848528137423857,1,1538.718994140625
49224,5,18,64,65,2,13.117583927052598,-0.5714939501403703,0.682842712474619,0,1538.718994140625
49224,5,18,64,66,2,11.230289968512487,-0.18766282151180924,0.8513997106635237,0,1538.718994140625
49224,5,18,64,67,2,11.409111160404903,0.25744137056551786,0.682842712474619,0,1538.718994140625
49224,5,18,64,68,2,14.683366343876777,-0.1431780070330555,0.613407053921902,0,1538.718994140625
49224,5,19,51,1,2,36.468578108694985,-0.6508569816862319,0.613407053921902,0,1539.1510009765625
49224,5,19,51,2,2,30.710971265666522,-0.5903437891037441,0.682842712474619,0,1539.1510009765625
49224,5,19,51,3,2,33.75078297442877,-0.7137277327893091,0.8513997106635237,0,1539.1510009765625
49224,5,19,51,4,2,37.21648756523629,-0.8154611728674132,0.682842712474619,0,1539.1510009765625
49224,5,19,51,5,2,30.22538594039684,-0.705351352674766,0.848528137423857,0,1539.1510009765625
49224,5,19,51,6,2,33.68271887114126,-0.8186162909677406,0.848528137423857,0,1539.1510009765625
49224,5,19,51,7,2,24.609275535667628,-0.5852891911092986,0.613407053921902,0,1539.1510009765625
49224,5,19,51,8,2,26.702669512707654,-0.6947639706582264,0.8513997106635237,0,1539.1510009765625
49224,5,19,51,9,2,30.14936407971623,-0.8225109839129962,0.848528137423857,0,1539.1510009765625
49224,5,19,51,10,2,33.98434565675319,-0.922781358528119,0.8513997106635237,0,1539.1510009765625
49224,5,19,51,11,2,36.835470221406936,-0.9801656477044336,0.613407053921902,0,1539.1510009765625
49224,5,19,51,12,2,26.616588028337347,-0.8274396414438167,0.848528137423857,0,1539.1510009765625
49224,5,19,51,13,2,30.485969782452838,-0.9386646259630511,0.848528137423857,0,1539.1510009765625
49224,5,19,51,14,2,23.084656422160126,-0.8338766579703376,0.682842712474619,0,1539.1510009765625
49224,5,19,51,15,2,26.99727685222299,-0.9586590766520674,0.8513997106635237,0,1539.1510009765625
49224,5,19,51,16,2,31.22186017427488,-1.050811181524647,0.682842712474619,0,1539.1510009765625
49224,5,19,51,17,2,25.149773747542536,-1.0728034793217391,0.613407053921902,0,1539.1510009765625
49224,5,19,51,18,,,,,0,1539.1510009765625
49224,5,19,51,19,,,,,0,1539.1510009765625
49224,5,19,51,20,2,24.045726700539436,-1.9763580507140244,0.6466890965784271,0,1539.1510009765625
49224,5,19,51,21,2,33.46789750148384,-1.8581986902650285,0.6466890965784271,0,1539.1510009765625
49224,5,19,51,22,2,25.568307896653767,-1.8475801540919936,0.765685424949238,0,1539.1510009765625
49224,5,19,51,23,2,30.408715263958193,-1.8026332807374321,0.765685424949238,0,1539.1510009765625
49224,5,19,51,24,2,19.12882779519607,-1.8075634501500941,0.613407053921902,0,1539.1510009765625
49224,5,19,51,25,2,22.546134248086595,-1.7711427660333514,0.8513997106635237,0,1539.1510009765625
49224,5,19,51,26,,,,,0,1539.1510009765625
49224,5,19,51,27,2,32.407273259957186,-1.7096954046570407,0.8513997106635237,0,1539.1510009765625
49224,5,19,51,28,2,35.87683760952202,-1.696188087780991,0.613407053921902,0,1539.1510009765625
49224,5,19,51,29,2,24.67528248417423,-1.6514046695606563,0.765685424949238,0,1539.1510009765625
49224,5,19,51,30,2,29.661779464155416,-1.6378310488380323,0.765685424949238,0,1539.1510009765625
49224,5,19,51,31,2,22.10111686111024,-1.5475773279825744,0.6466890965784271,0,1539.1510009765625
49224,5,19,51,32,,,,,0,1539.1510009765625
49224,5,19,51,33,2,32.099261005843175,-1.554810240598843,0.6466890965784271,0,1539.1510009765625
49224,5,19,51,34,2,27.39074295629535,-1.4237532917899103,0.4815389220537701,0,1539.1510009765625
49224,5,19,51,35,2,34.13693615006643,0.08519679570995775,0.613407053921902,0,1539.1510009765625
49224,5,19,51,36,2,30.65107782494307,0.09491367649182858,0.8513997106635237,0,1539.1510009765625
49224,5,19,51,37,2,30.584966358279903,-0.06855661104442934,0.682842712474619,0,1539.1510009765625
49224,5,19,51,38,2,31.52042157910202,0.25349080748210806,0.682842712474619,0,1539.1510009765625
49224,5,19,51,39,2,28.016044884959424,0.014450810653819701,0.848528137423857,0,1539.1510009765625
49224,5,19,51,40,2,28.529759474795167,0.19059760059131525,0.848528137423857,0,1539.1510009765625
49224,5,19,51,41,2,26.119438869850992,-0.21588747354060933,0.613407053921902,0,1539.1510009765625
49224,5,19,51,42,2,25.59900330406255,-0.08193700796495951,0.8513997106635237,0,1539.1510009765625
49224,5,19,51,43,2,25.67795503647066,0.11336853663445745,0.848528137423857,0,1539.1510009765625
49224,5,19,51,44,2,26.70965704663039,0.30045452234343273,0.8513997106635237,0,1539.1510009765625
49224,5,19,51,45,2,27.946192277913905,0.4203718736309705,0.613407053921902,0,1539.1510009765625
49224,5,19,51,46,2,23.016680343184877,0.017589910477312287,0.848528137423857,0,1539.1510009765625
49224,5,19,51,47,2,23.639288879193398,0.23067842561687857,0.848528137423857,0,1539.1510009765625
49224,5,19,51,48,2,20.61983931037527,-0.10178457520411777,0.682842712474619,0,1539.1510009765625
49224,5,19,51,49,2,20.717774443199755,0.14067357073660847,0.8513997106635237,0,1539.1510009765625
49224,5,19,51,50,2,21.983507058085713,0.3678182850411402,0.682842712474619,0,1539.1510009765625
49224,5,19,51,51,2,17.259326174457254,0.16911044959932697,0.613407053921902,1,1539.1510009765625
49224,5,19,51,52,2,8.257115139330546,-2.8850479136086387,0.613407053921902,0,1539.1510009765625
49224,5,19,51,53,2,8.394842679499943,-2.1346893761129455,0.682842712474619,0,1539.1510009765625
49224,5,19,51,54,2,4.951947930578157,-2.7047308835349564,0.7685569981889047,0,1539.1510009765625
49224,5,19,51,55,2,5.345109259946031,-3.7161432991592367,0.5638463841038082,0,1539.1510009765625
49224,5,19,51,56,2,5.006314457583497,-1.9789058821564627,0.848528137423857,0,1539.1510009765625
49224,5,19,51,57,,,,,0,1539.1510009765625
49224,5,19,51,58,2,10.607577353181984,-1.5224045024276627,0.613407053921902,0,1539.1510009765625
49224,5,19,51,59,2,7.113689660735966,-1.4986023288922374,0.8513997106635237,0,1539.1510009765625
49224,5,19,51,60,2,2.157077950113371,-1.3306165814684525,0.765685424949238,0,1539.1510009765625
49224,5,19,51,61,2,2.949811854418654,1.3959569405287264,0.6857142857142857,0,1539.1510009765625
49224,5,19,51,62,2,6.425361722268349,1.490852708983184,0.613407053921902,0,1539.1510009765625
49224,5,19,51,63,2,5.49494143953487,-0.9904133071306289,0.848528137423857,0,1539.1510009765625
49224,5,19,51,64,,,,,0,1539.1510009765625
49224,5,19,51,65,2,8.985308985503492,-0.9102220719737362,0.682842712474619,0,1539.1510009765625
49224,5,19,51,66,2,5.897811649974362,-0.36317459559048015,0.7685569981889047,0,1539.1510009765625
49224,5,19,51,67,2,6.231579811907798,0.4849321367515187,0.5638463841038082,0,1539.1510009765625
49224,5,19,51,68,2,9.253432884155421,-0.22840034641007545,0.613407053921902,0,1539.1510009765625
49224,5,20,49,1,2,27.83042185033631,-1.3591224825254948,0.613407053921902,0,1540.3179931640625
49224,5,20,49,2,2,21.728825440567256,-1.3649478660575123,0.682842712474619,0,1540.3179931640625
49224,5,20,49,3,2,26.04608328430423,-1.4710164285977687,0.8513997106635237,0,1540.3179931640625
49224,5,20,49,4,2,30.57212871030053,-1.546333476010744,0.682842712474619,0,1540.3179931640625
49224,5,20,49,5,2,22.701389050026435,-1.518144374753365,0.848528137423857,0,1540.3179931640625
49224,5,20,49,6,2,27.324158984805546,-1.5946616569662253,0.848528137423857,0,1540.3179931640625
49224,5,20,49,7,2,16.207345728095618,-1.5036401051886783,0.613407053921902,0,1540.3179931640625
49224,5,20,49,8,2,19.424409261246737,-1.5813566767201532,0.8513997106635237,0,1540.3179931640625
49224,5,20,49,9,2,24.157075041790087,-1.655838017648252,0.848528137423857,0,1540.3179931640625
49224,5,20,49,10,2,28.97966311054956,-1.70573572505083,0.8513997106635237,0,1540.3179931640625
49224,5,20,49,11,2,32.38750520801712,-1.7317801247724733,0.613407053921902,0,1540.3179931640625
49224,5,20,49,12,2,21.1073182787967,-1.7350664209417654,0.848528137423857,0,1540.3179931640625
49224,5,20,49,13,2,26.014908886034846,-1.7759025508743669,0.848528137423857,0,1540.3179931640625
49224,5,20,49,14,2,18.233855743374,-1.8401152802162617,0.682842712474619,0,1540.3179931640625
49224,5,20,49,15,2,23.210559982396862,-1.863550005728427,0.8513997106635237,0,1540.3179931640625
49224,5,20,49,16,2,28.19550840333815,-1.8787042863972947,0.682842712474619,0,1540.3179931640625
49224,5,20,49,17,2,23.175335354244137,-2.014593888877654,0.613407053921902,0,1540.3179931640625
49224,5,20,49,18,,,,,0,1540.3179931640625
49224,5,20,49,19,2,36.34302952054957,-2.6349367501260104,0.765685424949238,0,1540.3179931640625
49224,5,20,49,20,2,32.627583350675366,-2.7321418263118957,0.682842712474619,0,1540.3179931640625
49224,5,20,49,21,2,40.33698543716185,-2.556352890711577,0.682842712474619,0,1540.3179931640625
49224,5,20,49,22,2,32.82688814002205,-2.624230435777022,0.848528137423857,0,1540.3179931640625
49224,5,20,49,23,2,36.862734358479024,-2.539355530410883,0.848528137423857,0,1540.3179931640625
49224,5,20,49,24,2,26.641391772674236,-2.691785177597076,0.613407053921902,0,1540.3179931640625
49224,5,20,49,25,2,29.31541190540401,-2.6109574211891045,0.8513997106635237,0,1540.3179931640625
49224,5,20,49,26,2,33.40134689813829,-2.518828291989121,0.848528137423857,0,1540.3179931640625
49224,5,20,49,27,2,37.70817648781286,-2.4472446380266524,0.8513997106635237,0,1540.3179931640625
49224,5,20,49,28,2,40.8171066298731,-2.4062634758682617,0.613407053921902,0,1540.3179931640625
49224,5,20,49,29,2,29.957282333946036,-2.493568408316346,0.848528137423857,0,1540.3179931640625
49224,5,20,49,30,2,34.33213311552349,-2.418063428455708,0.848528137423857,0,1540.3179931640625
49224,5,20,49,31,2,26.537286128421986,-2.461772897147191,0.682842712474619,0,1540.3179931640625
49224,5,20,49,32,2,30.99167879428295,-2.382555662911896,0.8513997106635237,0,1540.3179931640625
49224,5,20,49,33,2,35.59130166085917,-2.32351784391171,0.682842712474619,0,1540.3179931640625
49224,5,20,49,34,2,29.692054162734717,-2.275374800216759,0.613407053921902,0,1540.3179931640625
49224,5,20,49,35,2,20.568995189716098,-0.2870601643016546,0.613407053921902,0,1540.3179931640625
49224,5,20,49,36,2,17.086533797110505,-0.2683931608822945,0.8513997106635237,0,1540.3179931640625
49224,5,20,49,37,2,17.268648951961154,-0.560316462178809,0.682842712474619,0,1540.3179931640625
49224,5,20,49,38,2,18.321927785403204,0.0062984646459236515,0.682842712474619,0,1540.3179931640625
49224,5,20,49,39,2,14.496925431753345,-0.42148280312436204,0.848528137423857,0,1540.3179931640625
49224,5,20,49,40,2,15.129581869554338,-0.0849986278639443,0.848528137423857,0,1540.3179931640625
49224,5,20,49,41,2,13.693125149001702,-0.8833800511410514,0.613407053921902,0,1540.3179931640625
49224,5,20,49,42,2,12.384347247547375,-0.6334585828263088,0.8513997106635237,0,1540.3179931640625
49224,5,20,49,43,2,12.129116098115505,-0.22315724440997498,0.848528137423857,0,1540.3179931640625
49224,5,20,49,44,2,13.815167675250821,0.14251113144932415,0.8513997106635237,0,1540.3179931640625
49224,5,20,49,45,2,15.85021256314585,0.33524119918935513,0.613407053921902,0,1540.3179931640625
49224,5,20,49,46,2,9.504034253704162,-0.44418990868295816,0.848528137423857,0,1540.3179931640625
49224,5,20,49,47,2,10.443661602585202,0.05386853291177651,0.848528137423857,0,1540.3179931640625
49224,5,20,49,48,2,7.651004958147612,-0.7991535029995083,0.682842712474619,0,1540.3179931640625
49224,5,20,49,49,2,7.230579329716937,-0.11609257798553463,0.765685424949238,1,1540.3179931640625
49224,5,20,49,50,2,9.799218234995092,0.39921579093599524,0.682842712474619,0,1540.3179931640625
49224,5,20,49,51,,,,,0,1540.3179931640625
49224,5,20,49,52,2,21.74242515368653,-3.3756455375801377,0.613407053921902,0,1540.3179931640625
49224,5,20,49,53,2,19.76419937423964,-3.096210349915072,0.682842712474619,0,1540.3179931640625
49224,5,20,49,54,2,18.285704183280036,-3.3481257601419814,0.7685569981889047,0,1540.3179931640625
49224,5,20,49,55,2,18.113817324135614,-3.623565193661291,0.5638463841038082,0,1540.3179931640625
49224,5,20,49,56,2,16.504919482708093,-3.172085741155029,0.848528137423857,0,1540.3179931640625
49224,5,20,49,57,,,,,0,1540.3179931640625
49224,5,20,49,58,2,17.452431818555205,-2.7908905651542466,0.613407053921902,0,1540.3179931640625
49224,5,20,49,59,2,15.344632833109086,-2.9618408864000525,0.8513997106635237,0,1540.3179931640625
49224,5,20,49,60,2,13.386603652781384,-3.2842369019904334,0.765685424949238,0,1540.3179931640625
49224,5,20,49,61,2,13.150838677833075,-3.6629172157286347,0.6857142857142857,0,1540.3179931640625
49224,5,20,49,62,2,14.082433679304218,-3.9114677364871193,0.613407053921902,0,1540.3179931640625
49224,5,20,49,63,2,11.92671568408135,-3.0287025250968966,0.848528137423857,0,1540.3179931640625
49224,5,20,49,64,,,,,0,1540.3179931640625
49224,5,20,49,65,2,11.414549341133196,-2.7277485768150367,0.682842712474619,0,1540.3179931640625
49224,5,20,49,66,2,8.604378956955275,-3.1481352449039655,0.7685569981889047,0,1540.3179931640625
49224,5,20,49,67,2,8.23278432904842,-3.7495858665195003,0.5638463841038082,0,1540.3179931640625
49224,5,20,49,68,2,5.492655382386479,-2.914539576169811,0.613407053921902,0,1540.3179931640625
49224,5,21,43,1,2,26.49674332407565,-1.1638171882759911,0.613407053921902,0,1540.6519775390625
49224,5,21,43,2,2,20.55683739545882,-1.2239276819970262,0.682842712474619,0,1540.6519775390625
49224,5,21,43,3,2,25.316173953589484,-1.29112001564275,0.8513997106635237,0,1540.6519775390625
49224,5,21,43,4,2,30.153503338641613,-1.3369092284623054,0.682842712474619,0,1540.6519775390625
49224,5,21,43,5,2,22.289103936559783,-1.3680383516847614,0.848528137423857,0,1540.6519775390625
49224,5,21,43,6,2,27.20531665391589,-1.4050564044531983,0.848528137423857,0,1540.6519775390625
49224,5,21,43,7,2,15.95688174361079,-1.4458612631200218,0.613407053921902,0,1540.6519775390625
49224,5,21,43,8,2,19.43449626157383,-1.4683044832503498,0.8513997106635237,0,1540.6519775390625
49224,5,21,43,9,2,24.41361802122323,-1.489259998175992,0.848528137423857,0,1540.6519775390625
49224,5,21,43,10,2,29.399827292541428,-1.503111885444667,0.8513997106635237,0,1540.6519775390625
49224,5,21,43,11,2,32.89266506066074,-1.5103085279799946,0.613407053921902,0,1540.6519775390625
49224,5,21,43,12,2,21.83850350945682,-1.5942253557952608,0.848528137423857,0,1540.6519775390625
49224,5,21,43,13,2,26.83738689734204,-1.589860743084027,0.848528137423857,0,1540.6519775390625
49224,5,21,43,14,2,19.565677248153722,-1.725333717694291,0.682842712474619,0,1540.6519775390625
49224,5,21,43,15,2,24.51817338473624,-1.693938983402962,0.8513997106635237,0,1540.6519775390625
49224,5,21,43,16,2,29.48670761663731,-1.6731091654289811,0.682842712474619,0,1540.6519775390625
49224,5,21,43,17,2,25.188729284948923,-1.832278646418945,0.613407053921902,0,1540.6519775390625
49224,5,21,43,18,2,43.0508721064333,-2.391993631046029,0.613407053921902,0,1540.6519775390625
49224,5,21,43,19,2,40.559170754072646,-2.333163909777231,0.8513997106635237,0,1540.6519775390625
49224,5,21,43,20,2,37.10419426847797,-2.426365841415107,0.682842712474619,0,1540.6519775390625
49224,5,21,43,21,2,44.30994732792051,-2.2551524618367376,0.682842712474619,0,1540.6519775390625
49224,5,21,43,22,2,37.02466396426294,-2.3309648819694164,0.848528137423857,0,1540.6519775390625
49224,5,21,43,23,2,40.794004971461916,-2.2464101355669537,0.848528137423857,0,1540.6519775390625
49224,5,21,43,24,2,31.040740666318072,-2.405854663848088,0.613407053921902,0,1540.6519775390625
49224,5,21,43,25,2,33.49037400620006,-2.3283017054434985,0.8513997106635237,0,1540.6519775390625
49224,5,21,43,26,2,37.28176834620682,-2.2360196935473327,0.848528137423857,0,1540.6519775390625
49224,5,21,43,27,2,41.33104584891721,-2.161280488330701,0.8513997106635237,0,1540.6519775390625
49224,5,21,43,28,2,44.28129312618191,-2.117259620650944,0.613407053921902,0,1540.6519775390625
49224,5,21,43,29,2,33.77439356122917,-2.223469616441187,0.848528137423857,0,1540.6519775390625
49224,5,21,43,30,2,37.86865142005807,-2.1431967392934,0.848528137423857,0,1540.6519775390625
49224,5,21,43,31,2,30.27357048379605,-2.208014042307391,0.682842712474619,0,1540.6519775390625
49224,5,21,43,32,2,34.42112969939301,-2.1214822206832076,0.8513997106635237,0,1540.6519775390625
49224,5,21,43,33,2,38.77034007753226,-2.0539473695578,0.682842712474619,0,1540.6519775390625
49224,5,21,43,34,2,32.72587528112855,-2.0302172870265025,0.613407053921902,0,1540.6519775390625
49224,5,21,43,35,2,15.502768327586294,0.043069495695893245,0.613407053921902,0,1540.6519775390625
49224,5,21,43,36,2,12.006959760291855,0.05562059893656279,0.8513997106635237,0,1540.6519775390625
49224,5,21,43,37,2,12.747242157829128,-0.34678740764241334,0.682842712474619,0,1540.6519775390625
49224,5,21,43,38,2,13.260542324512956,0.4416094209938435,0.682842712474619,0,1540.6519775390625
49224,5,21,43,39,2,9.66372978081954,-0.1907828624762642,0.848528137423857,0,1540.6519775390625
49224,5,21,43,40,2,10.003128177306843,0.322195605075966,0.848528137423857,0,1540.6519775390625
49224,5,21,43,41,2,10.496944023365895,-0.8422912711611024,0.613407053921902,0,1540.6519775390625
49224,5,21,43,42,2,8.222424451956318,-0.5549654449163273,0.8513997106635237,0,1540.6519775390625
49224,5,21,43,43,2,7.0201968578566785,0.09522522941050515,0.848528137423857,1,1540.6519775390625
49224,5,21,43,44,2,8.99766991937315,0.6814040918876159,0.8513997106635237,0,1540.6519775390625
49224,5,21,43,45,2,11.527380188769891,0.9194685984843987,0.613407053921902,0,1540.6519775390625
49224,5,21,43,46,2,4.8480670905518055,-0.3876218339544233,0.848528137423857,0,1540.6519775390625
49224,5,21,43,47,2,5.493510222928787,0.6145459706970597,0.848528137423857,0,1540.6519775390625
49224,5,21,43,48,2,4.767005884821427,-1.14052714431007,0.6466890965784271,0,1540.6519775390625
49224,5,21,43,49,,,,,0,1540.6519775390625
49224,5,21,43,50,2,6.006175589822978,1.233371852657215,0.6466890965784271,0,1540.6519775390625
49224,5,21,43,51,,,,,0,1540.6519775390625
49224,5,21,43,52,2,26.8632836444345,-2.979605173310372,0.613407053921902,0,1540.6519775390625
49224,5,21,43,53,2,24.832032764958154,-2.7563052846964293,0.682842712474619,0,1540.6519775390625
49224,5,21,43,54,2,23.41590808179104,-2.9554961516049465,0.7685569981889047,0,1540.6519775390625
49224,5,21,43,55,2,23.021286917759802,-3.1705911873140407,0.5638463841038082,0,1540.6519775390625
49224,5,21,43,56,2,21.619649873402775,-2.8200480182945813,0.848528137423857,0,1540.6519775390625
49224,5,21,43,57,,,,,0,1540.6519775390625
49224,5,21,43,58,2,22.11540955903169,-2.522554615950186,0.613407053921902,0,1540.6519775390625
49224,5,21,43,59,2,20.285802177931302,-2.663539660282865,0.8513997106635237,0,1540.6519775390625
49224,5,21,43,60,2,18.525352089962933,-2.9055372621597644,0.765685424949238,0,1540.6519775390625
49224,5,21,43,61,2,18.02397209585128,-3.1786345814574393,0.6857142857142857,0,1540.6519775390625
49224,5,21,43,62,2,18.48745521023588,-3.368969420692393,0.613407053921902,0,1540.6519775390625
49224,5,21,43,63,2,16.94972505413382,-2.726686035262773,0.848528137423857,0,1540.6519775390625
49224,5,21,43,64,,,,,0,1540.6519775390625
49224,5,21,43,65,2,16.012422951082993,-2.519386426285224,0.682842712474619,0,1540.6519775390625
49224,5,21,43,66,2,13.713955987216126,-2.820166724627712,0.7685569981889047,0,1540.6519775390625
49224,5,21,43,67,2,13.028717852276664,-3.192847301696321,0.5638463841038082,0,1540.6519775390625
49224,5,21,43,68,2,10.451857823030599,-2.7141767440296842,0.613407053921902,0,1540.6519775390625
49224,5,22,36,1,2,25.102195100399918,-1.32252207762337,0.613407053921902,0,1541.052001953125
49224,5,22,36,2,2,19.51579617227891,-1.4336364136461626,0.682842712474619,0,1541.052001953125
49224,5,22,36,3,2,24.478386388465328,-1.461568818092276,0.8513997106635237,0,1541.052001953125
49224,5,22,36,4,2,29.453633054821488,-1.480075307303546,0.682842712474619,0,1541.052001953125
49224,5,22,36,5,2,21.833159440550865,-1.5630832204530651,0.848528137423857,0,1541.052001953125
49224,5,22,36,6,2,26.833038424702927,-1.5645204472771979,0.848528137423857,0,1541.052001953125
49224,5,22,36,7,2,16.00327254559136,-1.717011973442741,0.613407053921902,0,1541.052001953125
49224,5,22,36,8,2,19.472603886743705,-1.6908217655770243,0.8513997106635237,0,1541.052001953125
49224,5,22,36,9,2,24.443964532683612,-1.6663270815603413,0.848528137423857,0,1541.052001953125
49224,5,22,36,10,2,29.425031894972737,-1.6501181452336802,0.8513997106635237,0,1541.052001953125
49224,5,22,36,11,2,32.91519515332866,-1.6416922920319434,0.613407053921902,0,1541.052001953125
49224,5,22,36,12,2,22.360743571013135,-1.7885891476779727,0.848528137423857,0,1541.052001953125
49224,5,22,36,13,2,27.264041391431196,-1.7489523787975583,0.848528137423857,0,1541.052001953125
49224,5,22,36,14,2,20.6760321150388,-1.933276311650547,0.682842712474619,0,1541.052001953125
49224,5,22,36,15,2,25.413055777831683,-1.8634534524767292,0.8513997106635237,0,1541.052001953125
49224,5,22,36,16,2,30.23488885232179,-1.8157259833656316,0.682842712474619,0,1541.052001953125
49224,5,22,36,17,2,26.634462737056424,-1.9896091067437314,0.613407053921902,0,1541.052001953125
49224,5,22,36,18,2,46.30658392385649,-2.4555999643595077,0.613407053921902,0,1541.052001953125
49224,5,22,36,19,2,43.654650535455005,-2.404792107214788,0.8513997106635237,0,1541.052001953125
49224,5,22,36,20,2,40.464841695324026,-2.496434602375618,0.682842712474619,0,1541.052001953125
49224,5,22,36,21,2,47.159872914563394,-2.3261887005840474,0.682842712474619,0,1541.052001953125
49224,5,22,36,22,2,40.12365838821434,-2.4090726596537273,0.848528137423857,0,1541.052001953125
49224,5,22,36,23,2,43.62605944156762,-2.32375734019992,0.848528137423857,0,1541.052001953125
49224,5,22,36,24,2,34.3658237435682,-2.4903207265634437,0.613407053921902,0,1541.052001953125
49224,5,22,36,25,2,36.59354330391557,-2.4141791960923937,0.8513997106635237,0,1541.052001953125
49224,5,22,36,26,2,40.0925493262852,-2.32089739010968,0.848528137423857,0,1541.052001953125
49224,5,22,36,27,2,43.883226994213636,-2.2431455815558454,0.8513997106635237,0,1541.052001953125
49224,5,22,36,28,2,46.67242420731141,-2.196422420824444,0.613407053921902,0,1541.052001953125
49224,5,22,36,29,2,36.55943052841541,-2.3174846338675548,0.848528137423857,0,1541.052001953125
49224,5,22,36,30,2,40.37223130453779,-2.233266416385284,0.848528137423857,0,1541.052001953125
49224,5,22,36,31,2,33.026828634361095,-2.3133417527785927,0.682842712474619,0,1541.052001953125
49224,5,22,36,32,2,36.86592613225012,-2.2215067067164793,0.8513997106635237,0,1541.052001953125
49224,5,22,36,33,2,40.95633784328856,-2.147488216981392,0.682842712474619,0,1541.052001953125
49224,5,22,36,34,2,34.85721314540305,-2.141530180717898,0.613407053921902,0,1541.052001953125
49224,5,22,36,35,2,11.188328616961073,0.05969493970865014,0.613407053921902,0,1541.052001953125
49224,5,22,36,36,2,7.697395570293432,0.08682539434837766,0.8513997106635237,1,1541.052001953125
49224,5,22,36,37,2,8.807667029959823,-0.5142731076009615,0.682842712474619,0,1541.052001953125
49224,5,22,36,38,2,9.535449576213205,0.6364696170903628,0.682842712474619,0,1541.052001953125
49224,5,22,36,39,2,5.4836529325033005,-0.3407317610057241,0.848528137423857,0,1541.052001953125
49224,5,22,36,40,2,6.061794250804269,0.5498195794829943,0.848528137423857,0,1541.052001953125
49224,5,22,36,41,2,8.274573727043526,-1.2424460860120239,0.613407053921902,0,1541.052001953125
49224,5,22,36,42,2,5.088319998067255,-1.018766455027392,0.8513997106635237,0,1541.052001953125
49224,5,22,36,43,,,,,0,1541.052001953125
49224,5,22,36,44,2,6.26424780102084,1.1307593701243186,0.8513997106635237,0,1541.052001953125
49224,5,22,36,45,2,9.54794378654622,1.2875503338677028,0.613407053921902,0,1541.052001953125
49224,5,22,36,46,2,1.8402313376969466,-1.4791579928605343,0.765685424949238,0,1541.052001953125
49224,5,22,36,47,2,3.1719633401370726,1.5176812681858691,0.765685424949238,0,1541.052001953125
49224,5,22,36,48,2,4.920061208442533,-2.064506877746261,0.6466890965784271,0,1541.052001953125
49224,5,22,36,49,,,,,0,1541.052001953125
49224,5,22,36,50,2,6.128360498916841,-4.322094595601682,0.6466890965784271,0,1541.052001953125
49224,5,22,36,51,,,,,0,1541.052001953125
49224,5,22,36,52,2,31.13451803191649,-3.001985041866279,0.613407053921902,0,1541.052001953125
49224,5,22,36,53,2,28.880999146503548,-2.812550545457524,0.682842712474619,0,1541.052001953125
49224,5,22,36,54,2,27.67285694964057,-2.9843841815638537,0.7685569981889047,0,1541.052001953125
49224,5,22,36,55,2,27.33974966619486,-3.1660097145987933,0.5638463841038082,0,1541.052001953125
49224,5,22,36,56,2,25.75444739810504,-2.873083430135816,0.848528137423857,0,1541.052001953125
49224,5,22,36,57,,,,,0,1541.052001953125
49224,5,22,36,58,2,25.75604161686723,-2.6200330299009007,0.613407053921902,0,1541.052001953125
49224,5,22,36,59,2,24.20322519434649,-2.745745987821136,0.8513997106635237,0,1541.052001953125
49224,5,22,36,60,2,22.747989138892702,-2.94996517589848,0.765685424949238,0,1541.052001953125
49224,5,22,36,61,2,22.34157357748357,-3.171473688805298,0.6857142857142857,0,1541.052001953125
49224,5,22,36,62,2,22.717137582815404,-3.3260889174635766,0.613407053921902,0,1541.052001953125
49224,5,22,36,63,2,20.97559436320386,-2.809802382307555,0.848528137423857,0,1541.052001953125
49224,5,22,36,64,,,,,0,1541.052001953125
49224,5,22,36,65,2,19.68451441911024,-2.6476463692692827,0.682842712474619,0,1541.052001953125
49224,5,22,36,66,2,17.86490996258001,-2.8966351720303116,0.7685569981889047,0,1541.052001953125
49224,5,22,36,67,2,17.344448910992305,-3.1800865188442033,0.5638463841038082,0,1541.052001953125
49224,5,22,36,68,2,14.49426806177627,-2.838040376996974,0.613407053921902,0,1541.052001953125
49224,5,23,35,1,2,24.348722669506866,-1.5343017488298196,0.613407053921902,0,1541.468994140625
49224,5,23,35,2,2,19.50811118028782,-1.7050720255358447,0.682842712474619,0,1541.468994140625
49224,5,23,35,3,2,24.47225984186052,-1.6777167131453918,0.8513997106635237,0,1541.468994140625
49224,5,23,35,4,2,29.448541588890397,-1.6595965247208628,0.682842712474619,0,1541.468994140625
49224,5,23,35,5,2,22.422911411640488,-1.8007817183616135,0.848528137423857,0,1541.468994140625
49224,5,23,35,6,2,27.315051823479042,-1.7590410856326788,0.848528137423857,0,1541.468994140625
49224,5,23,35,7,2,17.567152319584064,-2.0189319248968327,0.613407053921902,0,1541.468994140625
49224,5,23,35,8,2,20.776968272128048,-1.9458774406825206,0.8513997106635237,0,1541.468994140625
49224,5,23,35,9,2,25.49524486107329,-1.873969146328862,0.848528137423857,0,1541.468994140625
49224,5,23,35,10,2,30.304003208671165,-1.8246900641190376,0.8513997106635237,0,1541.468994140625
49224,5,23,35,11,2,33.703266613678565,-1.7986032339093703,0.613407053921902,0,1541.468994140625
49224,5,23,35,12,2,24.060402426659913,-2.0045270673168316,0.848528137423857,0,1541.468994140625
49224,5,23,35,13,2,28.674519435866586,-1.931180404970838,0.848528137423857,0,1541.468994140625
49224,5,23,35,14,2,23.08242663455384,-2.148823173051454,0.682842712474619,0,1541.468994140625
49224,5,23,35,15,2,27.40663276078674,-2.04897850090618,0.8513997106635237,0,1541.468994140625
49224,5,23,35,16,2,31.928805477651323,-1.9768547245739694,0.682842712474619,0,1541.468994140625
49224,5,23,35,17,2,29.183123983144956,-2.1556606108127028,0.613407053921902,0,1541.468994140625
49224,5,23,35,18,2,50.50306791823051,-2.5218735801008267,0.613407053921902,0,1541.468994140625
49224,5,23,35,19,2,47.69726054001867,-2.4792413906166386,0.8513997106635237,0,1541.468994140625
49224,5,23,35,20,2,44.796244966262,-2.5673704421560553,0.682842712474619,0,1541.468994140625
49224,5,23,35,21,2,50.92498171789058,-2.4017412768024315,0.682842712474619,0,1541.468994140625
49224,5,23,35,22,2,44.19058846259705,-2.4890612759663027,0.848528137423857,0,1541.468994140625
49224,5,23,35,23,2,47.39338781534491,-2.4051378866238347,0.848528137423857,0,1541.468994140625
49224,5,23,35,24,2,38.69767414661068,-2.573126454735732,0.613407053921902,0,1541.468994140625
49224,5,23,35,25,2,40.68891193333644,-2.5005726294135244,0.8513997106635237,0,1541.468994140625
49224,5,23,35,26,2,43.86242873193272,-2.4090814076232085,0.848528137423857,0,1541.468994140625
49224,5,23,35,27,2,47.35227295715534,-2.3304934961960093,0.8513997106635237,0,1541.468994140625
49224,5,23,35,28,2,49.94812633293158,-2.2822155429164654,0.613407053921902,0,1541.468994140625
49224,5,23,35,29,2,40.33227119704605,-2.413715339683088,0.848528137423857,0,1541.468994140625
49224,5,23,35,30,2,43.81800086559334,-2.3284199922525266,0.848528137423857,0,1541.468994140625
49224,5,23,35,31,2,36.80314586499724,-2.4192381235586025,0.682842712474619,0,1541.468994140625
49224,5,23,35,32,2,40.283950222208,-2.3259826654505633,0.8513997106635237,0,1541.468994140625
49224,5,23,35,33,2,44.05816321012941,-2.2481177003607637,0.682842712474619,0,1541.468994140625
49224,5,23,35,34,2,37.97058650290183,-2.2588143395542297,0.613407053921902,0,1541.468994140625
49224,5,23,35,35,2,5.926110626091185,0.11287496054837654,0.4815389220537701,1,1541.468994140625
49224,5,23,35,36,,,,,0,1541.468994140625
49224,5,23,35,37,2,4.94723086470812,-1.0669756984349963,0.6466890965784271,0,1541.468994140625
49224,5,23,35,38,2,6.150194577294602,1.1719610530744458,0.6466890965784271,0,1541.468994140625
49224,5,23,35,39,2,1.8359051270310602,-1.6316217580771089,0.765685424949238,0,1541.468994140625
49224,5,23,35,40,2,3.16945542489409,-4.67717032765562,0.765685424949238,0,1541.468994140625
49224,5,23,35,41,2,8.256432156132178,-1.8926346908188716,0.613407053921902,0,1541.468994140625
49224,5,23,35,42,2,5.058764867758293,-2.1132659876966384,0.8513997106635237,0,1541.468994140625
49224,5,23,35,43,,,,,0,1541.468994140625
49224,5,23,35,44,2,6.24026458550668,-4.280587029913777,0.8513997106635237,0,1541.468994140625
49224,5,23,35,45,2,9.532225980094104,-4.434864209767433,0.613407053921902,0,1541.468994140625
49224,5,23,35,46,2,5.4301525203260965,-2.7973654237000893,0.765685424949238,0,1541.468994140625
49224,5,23,35,47,2,6.01343965205734,-3.6963477547089774,0.765685424949238,0,1541.468994140625
49224,5,23,35,48,2,8.758259572872369,-2.624129464319533,0.6466890965784271,0,1541.468994140625
49224,5,23,35,49,,,,,0,1541.468994140625
49224,5,23,35,50,2,9.489831971941008,-3.7816196663681216,0.6466890965784271,0,1541.468994140625
49224,5,23,35,51,,,,,0,1541.468994140625
49224,5,23,35,52,2,36.37056997999229,-3.0221878082273266,0.613407053921902,0,1541.468994140625
49224,5,23,35,53,2,33.92067591430931,-2.862870359239066,0.682842712474619,0,1541.468994140625
49224,5,23,35,54,2,32.8981329947238,-3.009514269842861,0.7685569981889047,0,1541.468994140625
49224,5,23,35,55,2,32.61843120987683,-3.162057666028275,0.5638463841038082,0,1541.468994140625
49224,5,23,35,56,2,30.877041635036814,-2.9184645713945736,0.848528137423857,0,1541.468994140625
49224,5,23,35,57,,,,,0,1541.468994140625
49224,5,23,35,58,2,30.447886883765946,-2.7065400038258733,0.613407053921902,0,1541.468994140625
49224,5,23,35,59,2,29.146118879278912,-2.8156548570876123,0.8513997106635237,0,1541.468994140625
49224,5,23,35,60,2,27.949439095981695,-2.9859526354439776,0.765685424949238,0,1541.468994140625
49224,5,23,35,61,2,27.619667735780634,-3.1657622056619537,0.6857142857142857,0,1541.468994140625
49224,5,23,35,62,2,27.92433483314104,-3.2913945294609936,0.613407053921902,0,1541.468994140625
49224,5,23,35,63,2,26.024520963377057,-2.8759377653911016,0.848528137423857,0,1541.468994140625
49224,5,23,35,64,,,,,0,1541.468994140625
49224,5,23,35,65,2,24.46181180874617,-2.750159629862383,0.682842712474619,0,1541.468994140625
49224,5,23,35,66,2,23.022926334882914,-2.952281479710043,0.7685569981889047,0,1541.468994140625
49224,5,23,35,67,2,22.621450817230464,-3.1711038864606556,0.5638463841038082,0,1541.468994140625
49224,5,23,35,68,2,19.596528541822497,-2.9186651922770714,0.613407053921902,0,1541.468994140625
49224,5,24,1,1,2,24.39547388600773,-1.6426583767585083,0.613407053921902,1,1541.76904296875
49224,5,24,1,2,2,20.033103804361847,-1.8360417450688693,0.682842712474619,0,1541.76904296875
49224,5,24,1,3,2,24.89277702429774,-1.7833623275673214,0.8513997106635237,0,1541.76904296875
49224,5,24,1,4,2,29.79891689183474,-1.7479561877504637,0.682842712474619,0,1541.76904296875
49224,5,24,1,5,2,23.167775019116227,-1.9119616113117677,0.848528137423857,0,1541.76904296875
49224,5,24,1,6,2,27.929749359445644,-1.8520280563351053,0.848528137423857,0,1541.76904296875
49224,5,24,1,7,2,18.86169877635147,-2.1454142971157872,0.613407053921902,0,1541.76904296875
49224,5,24,1,8,2,21.882441607173693,-2.058371735787716,0.8513997106635237,0,1541.76904296875
49224,5,24,1,9,2,26.403907866761593,-1.9695398239884776,0.848528137423857,0,1541.76904296875
49224,5,24,1,10,2,31.07235830415038,-1.907022240480947,0.8513997106635237,0,1541.76904296875
49224,5,24,1,11,2,34.39577038740448,-1.8734436805862118,0.613407053921902,0,1541.76904296875
49224,5,24,1,12,2,25.283627152594526,-2.0994163481304087,0.848528137423857,0,1541.76904296875
49224,5,24,1,13,2,29.70836417469807,-2.014431896656097,0.848528137423857,0,1541.76904296875
49224,5,24,1,14,2,24.624322393649653,-2.238738072831471,0.682842712474619,0,1541.76904296875
49224,5,24,1,15,2,28.717283180890632,-2.1306884755835007,0.8513997106635237,0,1541.76904296875
49224,5,24,1,16,2,33.060663230439474,-2.0502805996087123,0.682842712474619,0,1541.76904296875
49224,5,24,1,17,2,30.71959562152446,-2.2273765683902083,0.613407053921902,0,1541.76904296875
49224,5,24,1,18,2,52.67445935527198,-2.550987223574944,0.613407053921902,0,1541.76904296875
49224,5,24,1,19,2,49.80549634841198,-2.5118445200073256,0.8513997106635237,0,1541.76904296875
49224,5,24,1,20,2,47.03469322283936,-2.5978632989770007,0.682842712474619,0,1541.76904296875
49224,5,24,1,21,2,52.904749942294856,-2.435389783087086,0.682842712474619,0,1541.76904296875
49224,5,24,1,22,2,46.31594666215547,-2.523678444232212,0.848528137423857,0,1541.76904296875
49224,5,24,1,23,2,49.38108965137058,-2.441054027166931,0.848528137423857,0,1541.76904296875
49224,5,24,1,24,2,40.94714634684612,-2.607842013348278,0.613407053921902,0,1541.76904296875
49224,5,24,1,25,2,42.83393939286441,-2.537438544772067,0.8513997106635237,0,1541.76904296875
49224,5,24,1,26,2,45.859257122817084,-2.44758849731863,0.848528137423857,0,1541.76904296875
49224,5,24,1,27,2,49.207688055848735,-2.369402057623396,0.8513997106635237,0,1541.76904296875
49224,5,24,1,28,2,51.71048378968491,-2.320894920400419,0.613407053921902,0,1541.76904296875
49224,5,24,1,29,2,42.33970846093063,-2.4552097137948157,0.848528137423857,0,1541.76904296875
49224,5,24,1,30,2,45.67248638405478,-2.3704244336031,0.848528137423857,0,1541.76904296875
49224,5,24,1,31,2,38.82306481019437,-2.4642122143763956,0.682842712474619,0,1541.76904296875
49224,5,24,1,32,2,42.13734046189461,-2.3716183571142073,0.8513997106635237,0,1541.76904296875
49224,5,24,1,33,2,45.75893968555968,-2.293090865249101,0.682842712474619,0,1541.76904296875
49224,5,24,1,34,2,39.69942391701799,-2.310208378299088,0.613407053921902,0,1541.76904296875
49224,5,24,1,35,,,,,0,1541.76904296875
49224,5,24,1,36,,,,,0,1541.76904296875
49224,5,24,1,37,2,4.3398093905265895,-1.6288038101994493,0.6466890965784271,0,1541.76904296875
49224,5,24,1,38,2,5.673071976977381,-4.668024512772658,0.6466890965784271,0,1541.76904296875
49224,5,24,1,39,2,3.3059638384415577,-2.5540657742296617,0.765685424949238,0,1541.76904296875
49224,5,24,1,40,2,4.19574748477728,-3.9971379766728083,0.765685424949238,0,1541.76904296875
49224,5,24,1,41,2,9.430138819905034,-2.1614394794562872,0.613407053921902,0,1541.76904296875
49224,5,24,1,42,2,6.808079626527004,-2.451799432453746,0.8513997106635237,0,1541.76904296875
49224,5,24,1,43,,,,,0,1541.76904296875
49224,5,24,1,44,2,7.7265612215910995,-3.9650607286195485,0.8513997106635237,0,1541.76904296875
49224,5,24,1,45,2,10.56513976951784,-4.192171686826695,0.613407053921902,0,1541.76904296875
49224,5,24,1,46,2,7.96526205194233,-2.9094505041994685,0.765685424949238,0,1541.76904296875
49224,5,24,1,47,2,8.373786456021206,-3.5295113455463984,0.765685424949238,0,1541.76904296875
49224,5,24,1,48,2,11.129508113845883,-2.7417413770845194,0.6466890965784271,0,1541.76904296875
49224,5,24,1,49,,,,,0,1541.76904296875
49224,5,24,1,50,2,11.713912709510202,-3.646613321593888,0.6466890965784271,0,1541.76904296875
49224,5,24,1,51,,,,,0,1541.76904296875
49224,5,24,1,52,2,38.99303996856142,-3.030252929569829,0.613407053921902,0,1541.76904296875
49224,5,24,1,53,2,36.466026162393625,-2.882789842777332,0.682842712474619,0,1541.76904296875
49224,5,24,1,54,2,35.51684057079554,-3.019303414768747,0.7685569981889047,0,1541.76904296875
49224,5,24,1,55,2,35.25791916982963,-3.160525418194071,0.5638463841038082,0,1541.76904296875
49224,5,24,1,56,2,33.45669608279226,-2.9359263081989977,0.848528137423857,0,1541.76904296875
49224,5,24,1,57,,,,,0,1541.76904296875
49224,5,24,1,58,2,32.8608069192297,-2.7404059391927538,0.613407053921902,0,1541.76904296875
49224,5,24,1,59,2,31.65841217467084,-2.8423593323372858,0.8513997106635237,0,1541.76904296875
49224,5,24,1,60,2,30.5602676931384,-2.999344039968647,0.765685424949238,0,1541.76904296875
49224,5,24,1,61,2,30.258963325454662,-3.163653691992679,0.6857142857142857,0,1541.76904296875
49224,5,24,1,62,2,30.53730982862869,-3.2784919414188876,0.613407053921902,0,1541.76904296875
49224,5,24,1,63,2,28.580316830316946,-2.900191403775173,0.848528137423857,0,1541.76904296875
49224,5,24,1,64,,,,,0,1541.76904296875
49224,5,24,1,65,2,26.920978042528798,-2.7875813894057146,0.682842712474619,0,1541.76904296875
49224,5,24,1,66,2,25.620576863553428,-2.9716734167030703,0.7685569981889047,0,1541.76904296875
49224,5,24,1,67,2,25.260420797686265,-3.1680200719589022,0.5638463841038082,0,1541.76904296875
49224,5,24,1,68,2,22.17888087714817,-2.944984518551445,0.613407053921902,0,1541.76904296875
49224,5,25,3,1,,,,,0,1544.3179931640625
49224,5,25,3,2,2,8.740216832176642,-0.8801016325936097,0.682842712474619,0,1544.3179931640625
49224,5,25,3,3,2,7.03708650227181,-0.2713229353671791,0.765685424949238,1,1544.3179931640625
49224,5,25,3,4,2,8.523484182389753,0.35529332425441573,0.682842712474619,0,1544.3179931640625
49224,5,25,3,5,2,9.906007514531577,-0.5194343208441592,0.848528137423857,0,1544.3179931640625
49224,5,25,3,6,2,9.81112537097291,-0.006750212436666736,0.848528137423857,0,1544.3179931640625
49224,5,25,3,7,2,14.842403646261664,-0.8699700583644701,0.613407053921902,0,1544.3179931640625
49224,5,25,3,8,2,13.104861056701672,-0.6516883662490733,0.8513997106635237,0,1544.3179931640625
49224,5,25,3,9,2,12.036053318361807,-0.2602788414401396,0.848528137423857,0,1544.3179931640625
49224,5,25,3,10,2,12.961318437930629,0.13570558328886784,0.8513997106635237,0,1544.3179931640625
49224,5,25,3,11,2,14.626558479913689,0.3597571465252435,0.613407053921902,0,1544.3179931640625
49224,5,25,3,12,2,14.780899090378375,-0.4275455390152516,0.848528137423857,0,1544.3179931640625
49224,5,25,3,13,2,14.717478523406802,-0.0869260848001221,0.848528137423857,0,1544.3179931640625
49224,5,25,3,14,2,17.806835102214215,-0.5403173991164008,0.682842712474619,0,1544.3179931640625
49224,5,25,3,15,2,17.03562656682872,-0.25571681763228105,0.8513997106635237,0,1544.3179931640625
49224,5,25,3,16,2,17.70146233200615,0.030625644090441106,0.682842712474619,0,1544.3179931640625
49224,5,25,3,17,2,20.53545148405155,-0.2538451265032664,0.613407053921902,0,1544.3179931640625
49224,5,25,3,18,2,45.78825099335842,-0.13942780980644698,0.613407053921902,0,1544.3179931640625
49224,5,25,3,19,2,42.30923934439608,-0.13073234396499323,0.8513997106635237,0,1544.3179931640625
49224,5,25,3,20,2,42.035015614775276,-0.24918548168364585,0.682842712474619,0,1544.3179931640625
49224,5,25,3,21,2,43.164811247917974,-0.015393608697106043,0.682842712474619,0,1544.3179931640625
49224,5,25,3,22,2,39.60219866745913,-0.18629781059157602,0.848528137423857,0,1544.3179931640625
49224,5,25,3,23,2,40.20526502168458,-0.06182711528575635,0.848528137423857,0,1544.3179931640625
49224,5,25,3,24,2,37.21768541131373,-0.34396561806487047,0.613407053921902,0,1544.3179931640625
49224,5,25,3,25,2,37.035071819727975,-0.24978634249134402,0.8513997106635237,0,1544.3179931640625
49224,5,25,3,26,2,37.34602710944501,-0.11550178726436422,0.848528137423857,0,1544.3179931640625
49224,5,25,3,27,2,38.31259501817116,0.014279330311446348,0.8513997106635237,0,1544.3179931640625
49224,5,25,3,28,2,39.35473763529987,0.10035363088358684,0.613407053921902,0,1544.3179931640625
49224,5,25,3,29,2,34.611965362500136,-0.17786077001470146,0.848528137423857,0,1544.3179931640625
49224,5,25,3,30,2,35.300387284304705,-0.03606114750457823,0.848528137423857,0,1544.3179931640625
49224,5,25,3,31,2,32.03514556936517,-0.2505747638979552,0.682842712474619,0,1544.3179931640625
49224,5,25,3,32,2,32.394131379270064,-0.09560896010591313,0.8513997106635237,0,1544.3179931640625
49224,5,25,3,33,2,33.503864612674185,0.05251226036672363,0.682842712474619,0,1544.3179931640625
49224,5,25,3,34,2,28.937649398111358,-0.07763803478691833,0.613407053921902,0,1544.3179931640625
49224,5,25,3,35,,,,,0,1544.3179931640625
49224,5,25,3,36,,,,,0,1544.3179931640625
49224,5,25,3,37,2,20.289352102284962,-1.7150832120756458,0.6466890965784271,0,1544.3179931640625
49224,5,25,3,38,2,30.255568353552885,-1.7482333197335156,0.6466890965784271,0,1544.3179931640625
49224,5,25,3,39,2,23.13582086652633,-1.6182550346859794,0.765685424949238,0,1544.3179931640625
49224,5,25,3,40,2,28.05596212930512,-1.6531921622413326,0.765685424949238,0,1544.3179931640625
49224,5,25,3,41,2,18.109230770228255,-1.4165781979424272,0.613407053921902,0,1544.3179931640625
49224,5,25,3,42,2,21.377647245955,-1.480219741686851,0.8513997106635237,0,1544.3179931640625
49224,5,25,3,43,,,,,0,1544.3179931640625
49224,5,25,3,44,2,30.995893428622168,-1.5865837001255993,0.8513997106635237,0,1544.3179931640625
49224,5,25,3,45,2,34.41373231896838,-1.6096676458643913,0.613407053921902,0,1544.3179931640625
49224,5,25,3,46,2,24.60918934483595,-1.417677471206959,0.765685424949238,0,1544.3179931640625
49224,5,25,3,47,2,29.28281072648244,-1.4838807764093946,0.765685424949238,0,1544.3179931640625
49224,5,25,3,48,2,23.502123198010846,-1.2779447933376549,0.6466890965784271,0,1544.3179931640625
49224,5,25,3,49,,,,,0,1544.3179931640625
49224,5,25,3,50,2,32.497559946563605,-1.4361743115581294,0.6466890965784271,0,1544.3179931640625
49224,5,25,3,51,,,,,0,1544.3179931640625
49224,5,25,3,52,2,45.28324143823888,-0.7067980130640983,0.613407053921902,0,1544.3179931640625
49224,5,25,3,53,2,40.02760242871702,-0.6338990249482588,0.682842712474619,0,1544.3179931640625
49224,5,25,3,54,2,42.17913891990258,-0.7437983295014567,0.8513997106635237,0,1544.3179931640625
49224,5,25,3,55,2,44.78783946404926,-0.8419771377905536,0.682842712474619,0,1544.3179931640625
49224,5,25,3,56,2,38.80040414205683,-0.7180594310430903,0.848528137423857,0,1544.3179931640625
49224,5,25,3,57,2,41.319997161422314,-0.8259717733944489,0.848528137423857,0,1544.3179931640625
49224,5,25,3,58,2,34.099903232506904,-0.5945568921135072,0.613407053921902,0,1544.3179931640625
49224,5,25,3,59,2,35.45226315976796,-0.6874353099841444,0.8513997106635237,0,1544.3179931640625
49224,5,25,3,60,2,37.8646770352323,-0.8070396719163133,0.848528137423857,0,1544.3179931640625
49224,5,25,3,61,2,40.7505162030551,-0.9110328851499214,0.8513997106635237,0,1544.3179931640625
49224,5,25,3,62,2,43.001908486700465,-0.9750599015582568,0.613407053921902,0,1544.3179931640625
49224,5,25,3,63,2,34.42564986379993,-0.7843154828729495,0.848528137423857,0,1544.3179931640625
49224,5,25,3,64,2,37.24239751114254,-0.8997528172512799,0.848528137423857,0,1544.3179931640625
49224,5,25,3,65,2,31.008337106453293,-0.7565655117333572,0.682842712474619,0,1544.3179931640625
49224,5,25,3,66,2,33.7400025776593,-0.8861288389865098,0.8513997106635237,0,1544.3179931640625
49224,5,25,3,67,2,36.949405648446685,-0.9947694057367831,0.682842712474619,0,1544.3179931640625
49224,5,25,3,68,2,31.006379646954294,-0.9537178509859903,0.613407053921902,0,1544.3179931640625
49224,5,26,9,1,,,,,0,1544.6180419921875
49224,5,26,9,2,2,5.9802840052990405,-1.0539869986499242,0.6466890965784271,0,1544.6180419921875
49224,5,26,9,3,,,,,0,1544.6180419921875
49224,5,26,9,4,2,5.63725124720581,1.0190494002483248,0.6466890965784271,0,1544.6180419921875
49224,5,26,9,5,2,6.086217987030951,-0.45950401969907295,0.848528137423857,0,1544.6180419921875
49224,5,26,9,6,2,5.92025774824906,0.39913516866344856,0.848528137423857,0,1544.6180419921875
49224,5,26,9,7,2,11.78803282457289,-0.8300629191069073,0.613407053921902,0,1544.6180419921875
49224,5,26,9,8,2,9.503309926927495,-0.5788956842411124,0.8513997106635237,0,1544.6180419921875
49224,5,26,9,9,2,7.95740548088902,-0.0250434125007295,0.848528137423857,1,1544.6180419921875
49224,5,26,9,10,2,9.291270333346597,0.5429846230128101,0.8513997106635237,0,1544.6180419921875
49224,5,26,9,11,2,11.497081634108604,0.8066694009258328,0.613407053921902,0,1544.6180419921875
49224,5,26,9,12,2,10.797738289515179,-0.2526635343136945,0.848528137423857,0,1544.6180419921875
49224,5,26,9,13,2,10.705071442494262,0.2166105163044152,0.848528137423857,0,1544.6180419921875
49224,5,26,9,14,2,13.959298060806702,-0.381656765065725,0.682842712474619,0,1544.6180419921875
49224,5,26,9,15,2,12.956442597043594,-0.015379809091488061,0.8513997106635237,0,1544.6180419921875
49224,5,26,9,16,2,13.815817282757099,0.35488384591662125,0.682842712474619,0,1544.6180419921875
49224,5,26,9,17,2,16.45611669619318,-0.012108848712122589,0.613407053921902,0,1544.6180419921875
49224,5,26,9,18,2,41.73196248746022,0.1152927407341311,0.613407053921902,0,1544.6180419921875
49224,5,26,9,19,2,38.25731722306917,0.1258172280554517,0.8513997106635237,0,1544.6180419921875
49224,5,26,9,20,2,37.955433322338735,-0.00524985900191588,0.682842712474619,0,1544.6180419921875
49224,5,26,9,21,2,39.199868922313875,0.25270062166086804,0.682842712474619,0,1544.6180419921875
49224,5,26,9,22,2,35.52948168078056,0.06480114905823298,0.848528137423857,0,1544.6180419921875
49224,5,26,9,23,2,36.19877720206811,0.20307768357901956,0.848528137423857,0,1544.6180419921875
49224,5,26,9,24,2,33.161885263194364,-0.11178421011691286,0.613407053921902,0,1544.6180419921875
49224,5,26,9,25,2,32.95551267850795,-0.006046362381034287,0.8513997106635237,0,1544.6180419921875
49224,5,26,9,26,2,33.30275091224961,0.14465845958985835,0.848528137423857,0,1544.6180419921875
49224,5,26,9,27,2,34.38139934242622,0.28906837374073313,0.8513997106635237,0,1544.6180419921875
49224,5,26,9,28,2,35.53780807024284,0.3836095804823394,0.613407053921902,0,1544.6180419921875
49224,5,26,9,29,2,30.541692253732744,0.07540256220137764,0.848528137423857,0,1544.6180419921875
49224,5,26,9,30,2,31.317764418006636,0.23528298172809303,0.848528137423857,0,1544.6180419921875
49224,5,26,9,31,2,27.95562042094747,-0.007127777607661034,0.682842712474619,0,1544.6180419921875
49224,5,26,9,32,2,28.364134316776514,0.17007259391542573,0.8513997106635237,0,1544.6180419921875
49224,5,26,9,33,2,29.62315847373779,0.3372012349964395,0.682842712474619,0,1544.6180419921875
49224,5,26,9,34,2,24.921672166849014,0.1938448524992482,0.613407053921902,0,1544.6180419921875
49224,5,26,9,35,,,,,0,1544.6180419921875
49224,5,26,9,36,,,,,0,1544.6180419921875
49224,5,26,9,37,2,20.30252414702912,4.611487039403794,0.6466890965784271,0,1544.6180419921875
49224,5,26,9,38,2,30.26842714613055,4.644772354500614,0.6466890965784271,0,1544.6180419921875
49224,5,26,9,39,2,22.70381767285582,-1.5507582552588906,0.765685424949238,0,1544.6180419921875
49224,5,26,9,40,2,27.702995045702842,-1.554374610501577,0.765685424949238,0,1544.6180419921875
49224,5,26,9,41,2,16.95867834525835,-1.3956606112957943,0.613407053921902,0,1544.6180419921875
49224,5,26,9,42,2,20.414249668403286,-1.4255386121554738,0.8513997106635237,0,1544.6180419921875
49224,5,26,9,43,,,,,0,1544.6180419921875
49224,5,26,9,44,2,30.343480101725575,-1.4732597002194563,0.8513997106635237,0,1544.6180419921875
49224,5,26,9,45,2,33.82856194090705,-1.483335296705195,0.613407053921902,0,1544.6180419921875
49224,5,26,9,46,2,23.345501487556085,-1.3349561191988375,0.765685424949238,0,1544.6180419921875
49224,5,26,9,47,2,28.231277641747624,-1.376351121699503,0.765685424949238,0,1544.6180419921875
49224,5,26,9,48,2,21.709230578422325,-1.1956272425713532,0.6466890965784271,0,1544.6180419921875
49224,5,26,9,49,,,,,0,1544.6180419921875
49224,5,26,9,50,2,31.229407414599127,-1.3132330323553458,0.6466890965784271,0,1544.6180419921875
49224,5,26,9,51,,,,,0,1544.6180419921875
49224,5,26,9,52,2,41.67697899526026,-0.5059770314684138,0.613407053921902,0,1544.6180419921875
49224,5,26,9,53,2,36.291095445620904,-0.4321401037101862,0.682842712474619,0,1544.6180419921875
49224,5,26,9,54,2,38.65276453532299,-0.5498772025245358,0.8513997106635237,0,1544.6180419921875
49224,5,26,9,55,2,41.485284183708785,-0.6528168754998362,0.682842712474619,0,1544.6180419921875
49224,5,26,9,56,2,35.22449937247573,-0.5264534244308958,0.848528137423857,0,1544.6180419921875
49224,5,26,9,57,2,37.983653768713445,-0.6405119669280972,0.848528137423857,0,1544.6180419921875
49224,5,26,9,58,2,30.304284970181925,-0.39635618386518034,0.613407053921902,0,1544.6180419921875
49224,5,26,9,59,2,31.819718821195817,-0.49799832794099963,0.8513997106635237,0,1544.6180419921875
49224,5,26,9,60,2,34.48894175587183,-0.6257107477561119,0.848528137423857,0,1544.6180419921875
49224,5,26,9,61,2,37.636148860103575,-0.7336019309378998,0.8513997106635237,0,1544.6180419921875
49224,5,26,9,62,2,40.06400528311972,-0.7985358839548717,0.613407053921902,0,1544.6180419921875
49224,5,26,9,63,2,31.003487759578594,-0.6075768308921554,0.848528137423857,0,1544.6180419921875
49224,5,26,9,64,2,34.10584775135044,-0.72823492340031,0.848528137423857,0,1544.6180419921875
49224,5,26,9,65,2,27.53080825324168,-0.5848590408122423,0.682842712474619,0,1544.6180419921875
49224,5,26,9,66,2,30.57675588836586,-0.7216287943908868,0.8513997106635237,0,1544.6180419921875
49224,5,26,9,67,2,34.08710310713822,-0.8319720423405359,0.682842712474619,0,1544.6180419921875
49224,5,26,9,68,2,28.04467201998401,-0.8041669857752232,0.613407053921902,0,1544.6180419921875
49224,5,27,15,1,,,,,0,1545.01904296875
49224,5,27,15,2,2,5.601773045174933,4.330991507278358,0.6466890965784271,0,1545.01904296875
49224,5,27,15,3,,,,,0,1545.01904296875
49224,5,27,15,4,2,5.233991410934523,1.9805385079067956,0.6466890965784271,0,1545.01904296875
49224,5,27,15,5,2,2.7309635159999237,-1.4182739860591624,0.765685424949238,0,1545.01904296875
49224,5,27,15,6,2,2.3378546032135166,1.3923722438839765,0.765685424949238,0,1545.01904296875
49224,5,27,15,7,2,9.174632313489306,-1.247477501754616,0.613407053921902,0,1545.01904296875
49224,5,27,15,8,2,5.960625787763642,-1.0598199228464553,0.8513997106635237,0,1545.01904296875
49224,5,27,15,9,,,,,0,1545.01904296875
49224,5,27,15,10,2,5.6163924917905135,1.0251131608740338,0.8513997106635237,0,1545.01904296875
49224,5,27,15,11,2,8.79767277840405,1.2330850516376166,0.613407053921902,0,1545.01904296875
49224,5,27,15,12,2,6.050401660867414,-0.46243538277473784,0.848528137423857,0,1545.01904296875
49224,5,27,15,13,2,5.883431199382816,0.40177668207830886,0.848528137423857,0,1545.01904296875
49224,5,27,15,14,2,9.469860522407783,-0.5812060431263539,0.682842712474619,0,1545.01904296875
49224,5,27,15,15,2,7.9174276588991574,-0.025169891968051417,0.8513997106635237,1,1545.01904296875
49224,5,27,15,16,2,9.257054777516732,0.5452167384932427,0.682842712474619,0,1545.01904296875
49224,5,27,15,17,2,11.416658867916416,-0.017454307619213072,0.613407053921902,0,1545.01904296875
49224,5,27,15,18,2,36.73000809674483,0.13107852357218208,0.613407053921902,0,1545.01904296875
49224,5,27,15,19,2,33.263178678750286,0.14483176829323963,0.8513997106635237,0,1545.01904296875
49224,5,27,15,20,2,32.915522985278905,-0.006053708311062778,0.682842712474619,0,1545.01904296875
49224,5,27,15,21,2,34.343070017610714,0.28940030812605855,0.682842712474619,0,1545.01904296875
49224,5,27,15,22,2,30.50181560724531,0.07550132760029782,0.848528137423857,0,1545.01904296875
49224,5,27,15,23,2,31.27887718186888,0.23558102616241983,0.848528137423857,0,1545.01904296875
49224,5,27,15,24,2,28.15896434829038,-0.13175142573130616,0.613407053921902,0,1545.01904296875
49224,5,27,15,25,2,27.915631013149593,-0.007137988390390149,0.8513997106635237,0,1545.01904296875
49224,5,27,15,26,2,28.324721662928365,0.17031155602776837,0.848528137423857,0,1545.01904296875
49224,5,27,15,27,2,29.585423094868986,0.3376484390874812,0.8513997106635237,0,1545.01904296875
49224,5,27,15,28,2,30.921714722771085,0.4446504971020222,0.613407053921902,0,1545.01904296875
49224,5,27,15,29,2,25.518847090068334,0.09028106315515694,0.848528137423857,0,1545.01904296875
49224,5,27,15,30,2,26.44274870784679,0.2797299620348852,0.848528137423857,0,1545.01904296875
49224,5,27,15,31,2,22.915786181805217,-0.008695414918341582,0.682842712474619,0,1545.01904296875
49224,5,27,15,32,2,23.41240395068945,0.2065159625412547,0.8513997106635237,0,1545.01904296875
49224,5,27,15,33,2,24.92284215675056,0.4041564177755559,0.682842712474619,0,1545.01904296875
49224,5,27,15,34,2,19.999655491477487,0.242408236984609,0.613407053921902,0,1545.01904296875
49224,5,27,15,35,,,,,0,1545.01904296875
49224,5,27,15,36,,,,,0,1545.01904296875
49224,5,27,15,37,2,21.405804246918922,4.375037799448545,0.6466890965784271,0,1545.01904296875
49224,5,27,15,38,2,31.01924645469848,4.481945642952377,0.6466890965784271,0,1545.01904296875
49224,5,27,15,39,2,23.157706136693296,4.513078294699429,0.765685424949238,0,1545.01904296875
49224,5,27,15,40,2,28.076181205666103,4.548345690570277,0.765685424949238,0,1545.01904296875
49224,5,27,15,41,2,16.82892853640859,4.588171210919569,0.613407053921902,0,1545.01904296875
49224,5,27,15,42,2,20.306591392686183,4.609527722492029,0.8513997106635237,0,1545.01904296875
49224,5,27,15,43,,,,,0,1545.01904296875
49224,5,27,15,44,2,30.27115539832315,4.643454299319408,0.8513997106635237,0,1545.01904296875
49224,5,27,15,45,2,33.76370340255047,4.650594582132724,0.613407053921902,0,1545.01904296875
49224,5,27,15,46,2,22.703051602054444,-1.55251935848778,0.765685424949238,0,1545.01904296875
49224,5,27,15,47,2,27.70236722060956,-1.5558179906514433,0.765685424949238,0,1545.01904296875
49224,5,27,15,48,2,20.408499516662687,-1.4274774757212927,0.6466890965784271,0,1545.01904296875
49224,5,27,15,49,,,,,0,1545.01904296875
49224,5,27,15,50,2,30.339611857792992,-1.47457152863517,0.6466890965784271,0,1545.01904296875
49224,5,27,15,51,,,,,0,1545.01904296875
49224,5,27,15,52,2,37.34845758735716,-0.5714265366797799,0.613407053921902,0,1545.01904296875
49224,5,27,15,53,2,31.78459135496613,-0.4985993155450754,0.682842712474619,0,1545.01904296875
49224,5,27,15,54,2,34.456535594603004,-0.6263904833781893,0.8513997106635237,0,1545.01904296875
49224,5,27,15,55,2,37.606454801830225,-0.7343139248320636,0.682842712474619,0,1545.01904296875
49224,5,27,15,56,2,30.970662684645824,-0.6083139711195726,0.848528137423857,0,1545.01904296875
49224,5,27,15,57,2,34.076011279286625,-0.7290159937599596,0.848528137423857,0,1545.01904296875
49224,5,27,15,58,2,25.72870441285596,-0.47205358574602574,0.613407053921902,0,1545.01904296875
49224,5,27,15,59,2,27.497473503398144,-0.5856619505975695,0.8513997106635237,0,1545.01904296875
49224,5,27,15,60,2,30.546745270978363,-0.7224936332192287,0.848528137423857,0,1545.01904296875
49224,5,27,15,61,2,34.06018561649356,-0.8328400164162231,0.8513997106635237,0,1545.01904296875
49224,5,27,15,62,2,36.72521017687937,-0.8970013086396404,0.613407053921902,0,1545.01904296875
49224,5,27,15,63,2,27.01911820533766,-0.7142677185040305,0.848528137423857,0,1545.01904296875
49224,5,27,15,64,2,30.529090162891602,-0.8383321620720943,0.848528137423857,0,1545.01904296875
49224,5,27,15,65,2,23.493868360446275,-0.7035722947256593,0.682842712474619,0,1545.01904296875
49224,5,27,15,66,2,26.99915643345056,-0.8452606769372788,0.8513997106635237,0,1545.01904296875
49224,5,27,15,67,2,30.91839332335836,-0.952772129892157,0.682842712474619,0,1545.01904296875
49224,5,27,15,68,2,24.815318034340432,-0.950977159182171,0.613407053921902,0,1545.01904296875
49224,5,28,17,1,,,,,0,1545.4520263671875
49224,5,28,17,2,2,9.015356203461037,3.756290270730172,0.6466890965784271,0,1545.4520263671875
49224,5,28,17,3,,,,,0,1545.4520263671875
49224,5,28,17,4,2,8.791555739194932,2.5639355943641404,0.6466890965784271,0,1545.4520263671875
49224,5,28,17,5,2,5.563718932511599,3.6481317761638583,0.765685424949238,0,1545.4520263671875
49224,5,28,17,6,2,5.381669887686532,2.699851434068218,0.765685424949238,0,1545.4520263671875
49224,5,28,17,7,2,9.015026629501318,4.4469341378137965,0.613407053921902,0,1545.4520263671875
49224,5,28,17,8,2,5.711907459391184,4.285478399642896,0.8513997106635237,0,1545.4520263671875
49224,5,28,17,9,,,,,0,1545.4520263671875
49224,5,28,17,10,2,5.351699885525773,2.0285452219187627,0.8513997106635237,0,1545.4520263671875
49224,5,28,17,11,2,8.63109919759745,1.8483647408526465,0.613407053921902,0,1545.4520263671875
49224,5,28,17,12,2,2.7026297765978304,-1.5208523630305724,0.765685424949238,0,1545.4520263671875
49224,5,28,17,13,2,2.304693066201485,1.5122197090365797,0.765685424949238,0,1545.4520263671875
49224,5,28,17,14,2,5.828818591619907,-1.101732848842273,0.6466890965784271,0,1545.4520263671875
49224,5,28,17,15,,,,,0,1545.4520263671875
49224,5,28,17,16,2,5.476306329461656,1.0688304345907638,0.6466890965784271,0,1545.4520263671875
49224,5,28,17,17,2,6.138159018680886,-0.032468166926344244,0.4815389220537701,1,1545.4520263671875
49224,5,28,17,18,2,31.502866461728267,0.15298666016400708,0.613407053921902,0,1545.4520263671875
49224,5,28,17,19,2,28.048816869182343,0.17200347639135005,0.8513997106635237,0,1545.4520263671875
49224,5,28,17,20,2,27.635642300132705,-0.007210307702612884,0.682842712474619,0,1545.4520263671875
49224,5,28,17,21,2,29.321383497048224,0.34081180230814656,0.682842712474619,0,1545.4520263671875
49224,5,28,17,22,2,25.24000409818159,0.09128122179465614,0.848528137423857,0,1545.4520263671875
49224,5,28,17,23,2,26.17375038652786,0.2826835279960782,0.848528137423857,0,1545.4520263671875
49224,5,28,17,24,2,22.93521973510365,-0.1619993139067888,0.613407053921902,0,1545.4520263671875
49224,5,28,17,25,2,22.635800979676393,-0.008802972411478205,0.8513997106635237,0,1545.4520263671875
49224,5,28,17,26,2,23.138428823313884,0.20899726942025265,0.848528137423857,0,1545.4520263671875
49224,5,28,17,27,2,24.665650018428597,0.40862039417190044,0.8513997106635237,0,1545.4520263671875
49224,5,28,17,28,2,26.253561139884194,0.5312670284179151,0.613407053921902,0,1545.4520263671875
49224,5,28,17,29,2,20.2659460062159,0.1137726952218363,0.848528137423857,0,1545.4520263671875
49224,5,28,17,30,2,21.417655566072167,0.3478473302499183,0.848528137423857,0,1545.4520263671875
49224,5,28,17,31,2,17.636049632560958,-0.011298675258680557,0.682842712474619,0,1545.4520263671875
49224,5,28,17,32,2,18.276696885985647,0.2657883473774414,0.8513997106635237,0,1545.4520263671875
49224,5,28,17,33,2,20.175357530468734,0.5072527640161457,0.682842712474619,0,1545.4520263671875
49224,5,28,17,34,2,14.927932928494885,0.32741290022823266,0.613407053921902,0,1545.4520263671875
49224,5,28,17,35,,,,,0,1545.4520263671875
49224,5,28,17,36,,,,,0,1545.4520263671875
49224,5,28,17,37,2,23.6834372688127,4.163079950528765,0.6466890965784271,0,1545.4520263671875
49224,5,28,17,38,2,32.63265842719068,4.32376299780014,0.6466890965784271,0,1545.4520263671875
49224,5,28,17,39,2,24.750275136459535,4.30241605078837,0.765685424949238,0,1545.4520263671875
49224,5,28,17,40,2,29.40354939306483,4.370246349835357,0.765685424949238,0,1545.4520263671875
49224,5,28,17,41,2,18.251290965550417,4.297009394650964,0.613407053921902,0,1545.4520263671875
49224,5,28,17,42,2,21.500103260569507,4.362748532138777,0.8513997106635237,0,1545.4520263671875
49224,5,28,17,43,,,,,0,1545.4520263671875
49224,5,28,17,44,2,31.084395367693155,4.473176040682869,0.8513997106635237,0,1545.4520263671875
49224,5,28,17,45,2,34.49470182043951,4.497219242662208,0.613407053921902,0,1545.4520263671875
49224,5,28,17,46,2,23.214765962201994,4.501255676518568,0.765685424949238,0,1545.4520263671875
49224,5,28,17,47,2,28.123263613239633,4.538523166708295,0.765685424949238,0,1545.4520263671875
49224,5,28,17,48,2,20.337248574094698,4.595832423952054,0.6466890965784271,0,1545.4520263671875
49224,5,28,17,49,,,,,0,1545.4520263671875
49224,5,28,17,50,2,30.291729477275293,4.634232809610554,0.6466890965784271,0,1545.4520263671875
49224,5,28,17,51,2,25.224804155612954,-1.5257887547142412,0.4815389220537701,0,1545.4520263671875
49224,5,28,17,52,2,33.03096038349322,-0.6579866148940607,0.613407053921902,0,1545.4520263671875
49224,5,28,17,53,2,27.264579195934548,-0.5913385059702958,0.682842712474619,0,1545.4520263671875
49224,5,28,17,54,2,30.337268768156157,-0.728596704299513,0.8513997106635237,0,1545.4520263671875
49224,5,28,17,55,2,33.87244416766082,-0.8389557512210608,0.682842712474619,0,1545.4520263671875
49224,5,28,17,56,2,26.808188261176515,-0.7211095371092777,0.848528137423857,0,1545.4520263671875
49224,5,28,17,57,2,30.342570020132413,-0.8451933699596537,0.848528137423857,0,1545.4520263671875
49224,5,28,17,58,2,21.16277914348804,-0.5857475461151149,0.613407053921902,0,1545.4520263671875
49224,5,28,17,59,2,23.28106611351855,-0.7113530386886349,0.8513997106635237,0,1545.4520263671875
49224,5,28,17,60,2,26.81418723291791,-0.8530729378495501,0.848528137423857,0,1545.4520263671875
49224,5,28,17,61,2,30.757003016255236,-0.9601917647940348,0.8513997106635237,0,1545.4520263671875
49224,5,28,17,62,2,33.68438885964688,-1.0198027344941463,0.613407053921902,0,1545.4520263671875
49224,5,28,17,63,2,23.287973688093114,-0.8633395273631148,0.848528137423857,0,1545.4520263671875
49224,5,28,17,64,2,27.282271094563832,-0.9827301628160017,0.848528137423857,0,1545.4520263671875
49224,5,28,17,65,2,19.765090438261506,-0.8772678379508956,0.682842712474619,0,1545.4520263671875
49224,5,28,17,66,2,23.825435937514605,-1.0118273305902319,0.8513997106635237,0,1545.4520263671875
49224,5,28,17,67,2,28.189430558146586,-1.1060288665134763,0.682842712474619,0,1545.4520263671875
49224,5,28,17,68,2,22.168827891164135,-1.1460807372677984,0.613407053921902,0,1545.4520263671875
49224,5,29,31,1,,,,,0,1545.751953125
49224,5,29,31,2,2,12.352568109529555,3.576035608175169,0.6466890965784271,0,1545.751953125
49224,5,29,31,3,,,,,0,1545.751953125
49224,5,29,31,4,2,12.190190471877562,2.736808949276414,0.6466890965784271,0,1545.751953125
49224,5,29,31,5,2,9.11396074602057,3.4422703706086173,0.765685424949238,0,1545.751953125
49224,5,29,31,6,2,9.003981502649136,2.8832022069986314,0.765685424949238,0,1545.751953125
49224,5,29,31,7,2,10.685505975168718,4.092800886706142,0.613407053921902,0,1545.751953125
49224,5,29,31,8,2,8.095382612291845,3.8390228056016347,0.8513997106635237,0,1545.751953125
49224,5,29,31,9,,,,,0,1545.751953125
49224,5,29,31,10,2,7.845382366684562,2.483107770760828,0.8513997106635237,0,1545.751953125
49224,5,29,31,11,2,10.363648304217769,2.2127162731774135,0.613407053921902,0,1545.751953125
49224,5,29,31,12,2,4.584055106435175,3.771211426372369,0.765685424949238,0,1545.751953125
49224,5,29,31,13,2,4.361302974900776,2.585896229459117,0.765685424949238,0,1545.751953125
49224,5,29,31,14,2,5.3370872560065665,4.484632963909058,0.6466890965784271,0,1545.751953125
49224,5,29,31,15,,,,,0,1545.751953125
49224,5,29,31,16,2,4.949677284259614,1.816732821408357,0.6466890965784271,0,1545.751953125
49224,5,29,31,17,,,,,0,1545.751953125
49224,5,29,31,18,2,27.713899137971364,0.1741032379380607,0.613407053921902,0,1545.751953125
49224,5,29,31,19,2,24.274383800880887,0.19908226795873207,0.8513997106635237,0,1545.751953125
49224,5,29,31,20,2,23.795762364177882,-0.008373847565436021,0.682842712474619,0,1545.751953125
49224,5,29,31,21,2,25.734278916117162,0.3907086832448199,0.682842712474619,0,1545.751953125
49224,5,29,31,22,2,21.418855416035452,0.10762422996340804,0.848528137423857,0,1545.751953125
49224,5,29,31,23,2,22.51165852959473,0.3302814730687751,0.848528137423857,0,1545.751953125
49224,5,29,31,24,2,19.15551732685816,-0.1943381580975665,0.613407053921902,0,1545.751953125
49224,5,29,31,25,2,18.79598429861001,-0.010601386302841354,0.8513997106635237,0,1545.751953125
49224,5,29,31,26,2,19.398361481672566,0.25008027659989307,0.848528137423857,0,1545.751953125
49224,5,29,31,27,2,21.196788214106444,0.48066521610325275,0.8513997106635237,0,1545.751953125
49224,5,29,31,28,2,23.025182133649075,0.6158598207020023,0.613407053921902,0,1545.751953125
49224,5,29,31,29,2,16.45655147940177,0.14026644552394862,0.848528137423857,0,1545.751953125
49224,5,29,31,30,2,17.855685061465564,0.42122078332065116,0.848528137423857,0,1545.751953125
49224,5,29,31,31,2,13.796367094810263,-0.014443417227227195,0.682842712474619,1,1545.751953125
49224,5,29,31,32,2,14.606407752586101,0.3348987791569946,0.8513997106635237,0,1545.751953125
49224,5,29,31,33,2,16.922013764763673,0.617711446164748,0.682842712474619,0,1545.751953125
49224,5,29,31,34,2,11.35925397716003,0.4363431990602078,0.613407053921902,0,1545.751953125
49224,5,29,31,35,,,,,0,1545.751953125
49224,5,29,31,36,,,,,0,1545.751953125
49224,5,29,31,37,2,25.89622464572016,4.036271092349309,0.6466890965784271,0,1545.751953125
49224,5,29,31,38,2,34.27243274209633,4.219888017560297,0.6466890965784271,0,1545.751953125
49224,5,29,31,39,2,26.515757391803792,4.169203972850679,0.765685424949238,0,1545.751953125
49224,5,29,31,40,2,30.90433606536393,4.252925151312393,0.765685424949238,0,1545.751953125
49224,5,29,31,41,2,20.110169400939057,4.121397798377444,0.613407053921902,0,1545.751953125
49224,5,29,31,42,2,23.098998498645667,4.205923947777321,0.8513997106635237,0,1545.751953125
49224,5,29,31,43,,,,,0,1545.751953125
49224,5,29,31,44,2,32.21100629909514,4.357096390348639,0.8513997106635237,0,1545.751953125
49224,5,29,31,45,2,35.513289697046034,4.391386794912406,0.613407053921902,0,1545.751953125
49224,5,29,31,46,2,24.311204634896807,4.346190776491612,0.848528137423857,0,1545.751953125
49224,5,29,31,47,2,29.034931864562452,4.407891558994051,0.848528137423857,0,1545.751953125
49224,5,29,31,48,2,21.130854511336388,4.414346204395834,0.682842712474619,0,1545.751953125
49224,5,29,31,49,2,25.951986628372428,4.4709520274685985,0.8513997106635237,0,1545.751953125
49224,5,29,31,50,2,30.830150949017057,4.509738426481176,0.682842712474619,0,1545.751953125
49224,5,29,31,51,2,25.344034928882234,4.605451211940299,0.613407053921902,0,1545.751953125
49224,5,29,31,52,2,30.084446356723927,-0.7361214994252845,0.613407053921902,0,1545.751953125
49224,5,29,31,53,2,24.171611830688125,-0.6800169650763288,0.682842712474619,0,1545.751953125
49224,5,29,31,54,2,27.59092996028619,-0.8213964773843441,0.8513997106635237,0,1545.751953125
49224,5,29,31,55,2,31.43647584659219,-0.929954978423988,0.682842712474619,0,1545.751953125
49224,5,29,31,56,2,24.058023129800688,-0.8266856221153511,0.848528137423857,0,1545.751953125
49224,5,29,31,57,2,27.942460065176455,-0.9481829936244415,0.848528137423857,0,1545.751953125
49224,5,29,31,58,2,18.08791639323508,-0.7033807586626146,0.613407053921902,0,1545.751953125
49224,5,29,31,59,2,20.526020991771187,-0.8337952792128451,0.8513997106635237,0,1545.751953125
49224,5,29,31,60,2,24.46037888779705,-0.9716104821398237,0.848528137423857,0,1545.751953125
49224,5,29,31,61,2,28.728082652946814,-1.0699254144638317,0.8513997106635237,0,1545.751953125
49224,5,29,31,62,2,31.842543102279265,-1.122730402102238,0.613407053921902,0,1545.751953125
49224,5,29,31,63,2,20.996170988425348,-1.0027908272340342,0.848528137423857,0,1545.751953125
49224,5,29,31,64,2,25.354127745894758,-1.1090784553401059,0.848528137423857,0,1545.751953125
49224,5,29,31,65,2,17.560417336037343,-1.0462293931071573,0.682842712474619,0,1545.751953125
49224,5,29,31,66,2,22.030906803755425,-1.1601427760823313,0.8513997106635237,0,1545.751953125
49224,5,29,31,67,2,26.689950396651415,-1.2349989841502569,0.682842712474619,0,1545.751953125
49224,5,29,31,68,2,20.881723062970057,-1.3144297236924287,0.613407053921902,0,1545.751953125
49224,5,30,25,1,,,,,0,1546.7020263671875
49224,5,30,25,2,2,22.377456791650502,3.3760792265555795,0.6466890965784271,0,1546.7020263671875
49224,5,30,25,3,,,,,0,1546.7020263671875
49224,5,30,25,4,2,22.288234055264965,2.924497906105402,0.6466890965784271,0,1546.7020263671875
49224,5,30,25,5,2,19.453249699329618,3.2807980471441462,0.765685424949238,0,1546.7020263671875
49224,5,30,25,6,2,19.401967072555085,3.0227301296111886,0.765685424949238,0,1546.7020263671875
49224,5,30,25,7,2,18.8876862307874,3.6202393403809348,0.613407053921902,0,1546.7020263671875
49224,5,30,25,8,2,17.552773935954015,3.442311948708725,0.8513997106635237,0,1546.7020263671875
49224,5,30,25,9,,,,,0,1546.7020263671875
49224,5,30,25,10,2,17.438884072290705,2.862701914299221,0.8513997106635237,0,1546.7020263671875
49224,5,30,25,11,2,18.707481374595172,2.6818557594228674,0.613407053921902,0,1546.7020263671875
49224,5,30,25,12,2,14.518203203185625,3.328603240939872,0.765685424949238,0,1546.7020263671875
49224,5,30,25,13,2,14.44941613592166,2.9816848251089,0.765685424949238,0,1546.7020263671875
49224,5,30,25,14,2,12.862704740109214,3.5577098154568816,0.6466890965784271,0,1546.7020263671875
49224,5,30,25,15,,,,,0,1546.7020263671875
49224,5,30,25,16,2,12.706847684273075,2.7541656910205896,0.6466890965784271,0,1546.7020263671875
49224,5,30,25,17,,,,,0,1546.7020263671875
49224,5,30,25,18,2,17.409910690841823,0.2793673185413599,0.613407053921902,0,1546.7020263671875
49224,5,30,25,19,2,14.078724373817517,0.3479725345846658,0.8513997106635237,0,1546.7020263671875
49224,5,30,25,20,2,13.236429940655428,-0.015054458466847942,0.682842712474619,0,1546.7020263671875
49224,5,30,25,21,2,16.46869401057556,0.6374067305326468,0.682842712474619,0,1546.7020263671875
49224,5,30,25,22,2,10.978712519764816,0.21112878858691264,0.848528137423857,0,1546.7020263671875
49224,5,30,25,23,2,12.982277574127147,0.5972395785707785,0.848528137423857,0,1546.7020263671875
49224,5,30,25,24,2,9.027657253979417,-0.42220149973241017,0.6034068236642477,0,1546.7020263671875
49224,5,30,25,25,2,8.23734041965961,-0.024192176804459287,0.8513997106635237,1,1546.7020263671875
49224,5,30,25,26,2,9.53211307158082,0.5278054090362234,0.848528137423857,0,1546.7020263671875
49224,5,30,25,27,2,12.80111643683651,0.8719984338891542,0.8513997106635237,0,1546.7020263671875
49224,5,30,25,28,2,15.643649309655235,1.0164269529010896,0.613407053921902,0,1546.7020263671875
49224,5,30,25,29,2,6.1792255345730185,0.3815233559726845,0.848528137423857,0,1546.7020263671875
49224,5,30,25,30,2,9.283869377967529,0.9049427745279982,0.848528137423857,0,1546.7020263671875
49224,5,30,25,31,,,,,0,1546.7020263671875
49224,5,30,25,32,2,5.788944569166339,0.9778441071227456,0.8513997106635237,0,1546.7020263671875
49224,5,30,25,33,2,10.320817876744284,1.2519856690487976,0.682842712474619,0,1546.7020263671875
49224,5,30,25,34,2,4.808052511746872,1.6259547134535264,0.6034068236642477,0,1546.7020263671875
49224,5,30,25,35,,,,,0,1546.7020263671875
49224,5,30,25,36,2,36.76100736374736,3.8968675271962576,0.765685424949238,0,1546.7020263671875
49224,5,30,25,37,2,33.53176202971642,3.7880869238889407,0.682842712474619,0,1546.7020263671875
49224,5,30,25,38,2,40.352995675382566,3.987204609750087,0.682842712474619,0,1546.7020263671875
49224,5,30,25,39,2,33.22724806239257,3.893662748143787,0.848528137423857,0,1546.7020263671875
49224,5,30,25,40,2,36.824483857614716,3.992982300189215,0.848528137423857,0,1546.7020263671875
49224,5,30,25,41,2,27.433256221164925,3.7960429486070404,0.613407053921902,0,1546.7020263671875
49224,5,30,25,42,2,29.69391124796552,3.88969523396963,0.8513997106635237,0,1546.7020263671875
49224,5,30,25,43,2,33.29746180690068,3.9999842670845256,0.848528137423857,0,1546.7020263671875
49224,5,30,25,44,2,37.225173745222,4.0878949685606045,0.8513997106635237,0,1546.7020263671875
49224,5,30,25,45,2,40.116809178546774,4.138928253546107,0.613407053921902,0,1546.7020263671875
49224,5,30,25,46,2,29.772458987868166,4.008644785631435,0.848528137423857,0,1546.7020263671875
49224,5,30,25,47,2,33.740063896860775,4.1046838262031855,0.848528137423857,0,1546.7020263671875
49224,5,30,25,48,2,26.2502888667263,4.019630397350541,0.682842712474619,0,1546.7020263671875
49224,5,30,25,49,2,30.266652658768376,4.1253330603370495,0.8513997106635237,0,1546.7020263671875
49224,5,30,25,50,2,34.54074204105185,4.205601677670792,0.682842712474619,0,1546.7020263671875
49224,5,30,25,51,2,28.47744323909181,4.227839528499878,0.613407053921902,0,1546.7020263671875
49224,5,30,25,52,2,23.360622375663436,-1.044495665873724,0.613407053921902,0,1546.7020263671875
49224,5,30,25,53,2,17.28674549848022,-1.0742719617373404,0.682842712474619,0,1546.7020263671875
49224,5,30,25,54,2,21.81339422256844,-1.1836827754138515,0.8513997106635237,0,1546.7020263671875
49224,5,30,25,55,2,26.510691524159423,-1.2549439941382317,0.682842712474619,0,1546.7020263671875
49224,5,30,25,56,2,18.605193321407423,-1.2574502468146775,0.848528137423857,0,1546.7020263671875
49224,5,30,25,57,2,23.41251409197439,-1.3233266764772118,0.848528137423857,0,1546.7020263671875
49224,5,30,25,58,2,12.138263930181095,-1.3010293865345681,0.613407053921902,0,1546.7020263671875
49224,5,30,25,59,2,15.539699789400842,-1.3610907071522207,0.8513997106635237,0,1546.7020263671875
49224,5,30,25,60,2,20.45665825897917,-1.4119939149519531,0.848528137423857,0,1546.7020263671875
49224,5,30,25,61,2,25.406051733880588,-1.4431206207152534,0.8513997106635237,0,1546.7020263671875
49224,5,30,25,62,2,28.88100211229842,-1.4585518575469556,0.613407053921902,0,1546.7020263671875
49224,5,30,25,63,2,17.714511512949542,-1.5292969589221999,0.848528137423857,0,1546.7020263671875
49224,5,30,25,64,2,22.711153993630045,-1.5384308043652917,0.848528137423857,0,1546.7020263671875
49224,5,30,25,65,2,15.301404156487832,4.596778149445784,0.682842712474619,0,1546.7020263671875
49224,5,30,25,66,2,20.276231571476472,4.625227475636851,0.8513997106635237,0,1546.7020263671875
49224,5,30,25,67,2,25.26100085745011,4.642458679626799,0.682842712474619,0,1546.7020263671875
49224,5,30,25,68,2,20.87417199485944,4.457406014868517,0.613407053921902,0,1546.7020263671875
49224,5,31,20,1,,,,,0,1547.1190185546875
49224,5,31,20,2,2,27.304653003279917,3.3331791683311662,0.6466890965784271,0,1547.1190185546875
49224,5,31,20,3,,,,,0,1547.1190185546875
49224,5,31,20,4,2,27.23157873626887,2.9643733342305367,0.6466890965784271,0,1547.1190185546875
49224,5,31,20,5,2,24.45449707564113,3.2521968949840296,0.765685424949238,0,1547.1190185546875
49224,5,31,20,6,2,24.413722158707888,3.047212967025026,0.765685424949238,0,1547.1190185546875
49224,5,31,20,7,2,23.476332650170967,3.521198559716456,0.613407053921902,0,1547.1190185546875
49224,5,31,20,8,2,22.416364031562168,3.37566463046062,0.8513997106635237,0,1547.1190185546875
49224,5,31,20,9,,,,,0,1547.1190185546875
49224,5,31,20,10,2,22.32729677402981,2.9248837894117026,0.8513997106635237,0,1547.1190185546875
49224,5,31,20,11,2,23.331595807608892,2.777852131847383,0.613407053921902,0,1547.1190185546875
49224,5,31,20,12,2,19.492863514336,3.2805133150254306,0.765685424949238,0,1547.1190185546875
49224,5,31,20,13,2,19.441685379837203,3.0229741058300004,0.765685424949238,0,1547.1190185546875
49224,5,31,20,14,2,17.59098283671226,3.4416384058107825,0.6466890965784271,0,1547.1190185546875
49224,5,31,20,15,,,,,0,1547.1190185546875
49224,5,31,20,16,2,17.47734196042388,2.8633319624473286,0.6466890965784271,0,1547.1190185546875
49224,5,31,20,17,,,,,0,1547.1190185546875
49224,5,31,20,18,2,12.64193404379817,0.3895231119578235,0.613407053921902,0,1547.1190185546875
49224,5,31,20,19,2,9.497577892891918,0.529926533052363,0.8513997106635237,0,1547.1190185546875
49224,5,31,20,20,2,8.197352219558784,-0.024310213914107814,0.6466890965784271,1,1547.1190185546875
49224,5,31,20,21,2,12.775421255347835,0.8743955871130697,0.682842712474619,0,1547.1190185546875
49224,5,31,20,22,2,6.14211968611258,0.38394815232385193,0.848528137423857,0,1547.1190185546875
49224,5,31,20,23,2,9.259213609080183,0.9083399985351159,0.848528137423857,0,1547.1190185546875
49224,5,31,20,24,2,4.887954679769786,-0.8584209489149535,0.47153869179611585,0,1547.1190185546875
49224,5,31,20,25,,,,,0,1547.1190185546875
49224,5,31,20,26,2,5.766687529731265,0.98359644476056,0.848528137423857,0,1547.1190185546875
49224,5,31,20,27,2,10.30835037654435,1.255670487987142,0.8513997106635237,0,1547.1190185546875
49224,5,31,20,28,2,13.679081445025204,1.335055688431045,0.613407053921902,0,1547.1190185546875
49224,5,31,20,29,2,2.403400397882239,1.2774632520976124,0.765685424949238,0,1547.1190185546875
49224,5,31,20,30,2,7.333739557182575,1.475896001174153,0.848528137423857,0,1547.1190185546875
49224,5,31,20,31,,,,,0,1547.1190185546875
49224,5,31,20,32,2,5.128877489233574,1.9304418866431499,0.8513997106635237,0,1547.1190185546875
49224,5,31,20,33,2,9.96558009950303,1.7529321112013532,0.682842712474619,0,1547.1190185546875
49224,5,31,20,34,2,7.154779784407977,2.406058045884334,0.6034068236642477,0,1547.1190185546875
49224,5,31,20,35,2,43.37569197888562,3.761492313291875,0.613407053921902,0,1547.1190185546875
49224,5,31,20,36,2,40.57789010265758,3.811622793730731,0.8513997106635237,0,1547.1190185546875
49224,5,31,20,37,2,37.67721549694722,3.7074188044980576,0.682842712474619,0,1547.1190185546875
49224,5,31,20,38,2,43.858383038631416,3.9010982494978355,0.682842712474619,0,1547.1190185546875
49224,5,31,20,39,2,37.068092974637544,3.800643229133268,0.848528137423857,0,1547.1190185546875
49224,5,31,20,40,2,40.32413811052047,3.898828296447235,0.848528137423857,0,1547.1190185546875
49224,5,31,20,41,2,31.581276890959014,3.698744443258086,0.613407053921902,0,1547.1190185546875
49224,5,31,20,42,2,33.56369866938671,3.787369015745241,0.8513997106635237,0,1547.1190185546875
49224,5,31,20,43,2,36.790140879715956,3.896122231615726,0.848528137423857,0,1547.1190185546875
49224,5,31,20,44,2,40.379537683451794,3.9864632674323506,0.8513997106635237,0,1547.1190185546875
49224,5,31,20,45,2,43.05986393191777,4.040446881104154,0.613407053921902,0,1547.1190185546875
49224,5,31,20,46,2,33.256470310938965,3.892841071781197,0.848528137423857,0,1547.1190185546875
49224,5,31,20,47,2,36.85085365527264,3.9921658239186426,0.848528137423857,0,1547.1190185546875
49224,5,31,20,48,2,29.723242910816147,3.888779790575597,0.682842712474619,0,1547.1190185546875
49224,5,31,20,49,2,33.32362175267476,3.9990758525076657,0.8513997106635237,0,1547.1190185546875
49224,5,31,20,50,2,37.24857533242439,4.0870237852848055,0.682842712474619,0,1547.1190185546875
49224,5,31,20,51,2,31.14607964498152,4.084155230904603,0.613407053921902,0,1547.1190185546875
49224,5,31,20,52,2,21.27985393515501,-1.2507468395553376,0.613407053921902,0,1547.1190185546875
49224,5,31,20,53,2,15.531422194550705,-1.363609709799126,0.682842712474619,0,1547.1190185546875
49224,5,31,20,54,2,20.450370973782807,-1.4139252579998183,0.8513997106635237,0,1547.1190185546875
49224,5,31,20,55,2,25.400989558387177,-1.4446825440852313,0.682842712474619,0,1547.1190185546875
49224,5,31,20,56,2,17.712897103307654,-1.531553255933075,0.848528137423857,0,1547.1190185546875
49224,5,31,20,57,2,22.709894789987928,-1.5401912279242929,0.848528137423857,0,1547.1190185546875
49224,5,31,20,58,2,11.837692186968786,4.559306837215009,0.613407053921902,0,1547.1190185546875
49224,5,31,20,59,2,15.306069861966233,4.5941822520392455,0.8513997106635237,0,1547.1190185546875
49224,5,31,20,60,2,20.27975276474906,4.623262553198536,0.848528137423857,0,1547.1190185546875
49224,5,31,20,61,2,25.263827298715118,4.640879258861448,0.8513997106635237,0,1547.1190185546875
49224,5,31,20,62,2,28.755969607809654,4.649575676507462,0.613407053921902,0,1547.1190185546875
49224,5,31,20,63,2,18.215307382154535,4.473787948685169,0.848528137423857,0,1547.1190185546875
49224,5,31,20,64,2,23.103896221337422,4.5249582562402955,0.848528137423857,0,1547.1190185546875
49224,5,31,20,65,2,16.653122045232234,4.291429578152092,0.682842712474619,0,1547.1190185546875
49224,5,31,20,66,2,21.314761819766037,4.38743456627159,0.8513997106635237,0,1547.1190185546875
49224,5,31,20,67,2,26.101947609581014,4.448630180423946,0.682842712474619,0,1547.1190185546875
49224,5,31,20,68,2,22.676079045927718,4.240637978708277,0.613407053921902,0,1547.1190185546875
49224,5,32,52,1,,,,,0,1547.5179443359375
49224,5,32,52,2,2,32.50359033878125,3.3022423310668376,0.6466890965784271,0,1547.5179443359375
49224,5,32,52,3,,,,,0,1547.5179443359375
49224,5,32,52,4,2,32.442228495456376,2.9930690742990302,0.6466890965784271,0,1547.5179443359375
49224,5,32,52,5,2,29.707941455496226,3.2325780081751194,0.765685424949238,0,1547.5179443359375
49224,5,32,52,6,2,29.674386058404565,3.063981895741108,0.765685424949238,0,1547.5179443359375
49224,5,32,52,7,2,28.447804871747028,3.452368305522322,0.613407053921902,0,1547.5179443359375
49224,5,32,52,8,2,27.579571855179783,3.331246041141263,0.8513997106635237,0,1547.5179443359375
49224,5,32,52,9,,,,,0,1547.5179443359375
49224,5,32,52,10,2,27.507227932947234,2.966167785295847,0.8513997106635237,0,1547.5179443359375
49224,5,32,52,11,2,28.328479843598092,2.844211311888435,0.613407053921902,0,1547.5179443359375
49224,5,32,52,12,2,24.732795724036176,3.250947339134864,0.765685424949238,0,1547.5179443359375
49224,5,32,52,13,2,24.692480368463315,3.048281558687658,0.765685424949238,0,1547.5179443359375
49224,5,32,52,14,2,22.688811835764685,3.3728023775259137,0.6466890965784271,0,1547.5179443359375
49224,5,32,52,15,,,,,0,1547.5179443359375
49224,5,32,52,16,2,22.60081828958464,2.9275475257646297,0.6466890965784271,0,1547.5179443359375
49224,5,32,52,17,,,,,0,1547.5179443359375
49224,5,32,52,18,2,8.012400423092691,0.6424562613442906,0.6034068236642477,0,1547.5179443359375
49224,5,32,52,19,2,5.616402885956302,1.025110112895631,0.8513997106635237,0,1547.5179443359375
49224,5,32,52,20,,,,,0,1547.5179443359375
49224,5,32,52,21,2,10.225037104941098,1.2817078338356338,0.682842712474619,0,1547.5179443359375
49224,5,32,52,22,2,2.3378581576949498,1.3923638134231597,0.765685424949238,0,1547.5179443359375
49224,5,32,52,23,2,7.312522354532996,1.5140220897141785,0.848528137423857,0,1547.5179443359375
49224,5,32,52,24,2,4.246410067291264,4.199132029787233,0.42533936651583715,0,1547.5179443359375
49224,5,32,52,25,,,,,0,1547.5179443359375
49224,5,32,52,26,2,5.2339834326894215,1.9805349982694713,0.848528137423857,0,1547.5179443359375
49224,5,32,52,27,2,10.020079091190413,1.7804162825589793,0.8513997106635237,0,1547.5179443359375
49224,5,32,52,28,2,13.463178179306032,1.7262935230386935,0.613407053921902,0,1547.5179443359375
49224,5,32,52,29,2,5.12993001529162,2.6765135605960646,0.765685424949238,0,1547.5179443359375
49224,5,32,52,30,2,8.621112711351932,2.1315692166047793,0.848528137423857,0,1547.5179443359375
49224,5,32,52,31,,,,,0,1547.5179443359375
49224,5,32,52,32,2,8.558340012523246,2.546068299365504,0.8513997106635237,0,1547.5179443359375
49224,5,32,52,33,2,12.09349354777189,2.1967336961098067,0.682842712474619,0,1547.5179443359375
49224,5,32,52,34,2,11.62284838614695,2.715799384620668,0.6034068236642477,0,1547.5179443359375
49224,5,32,52,35,2,47.77185151597988,3.697238147653149,0.613407053921902,0,1547.5179443359375
49224,5,32,52,36,2,44.83641797052288,3.7384266165178195,0.8513997106635237,0,1547.5179443359375
49224,5,32,52,37,2,42.22927632398489,3.6403374388704113,0.682842712474619,0,1547.5179443359375
49224,5,32,52,38,2,47.82569365944819,3.8250070051765936,0.682842712474619,0,1547.5179443359375
49224,5,32,52,39,2,41.3688624092965,3.7224058780560303,0.848528137423857,0,1547.5179443359375
49224,5,32,52,40,2,44.30999181470541,3.8168836346151114,0.848528137423857,0,1547.5179443359375
49224,5,32,52,41,2,36.17065605356382,3.621480574070718,0.613407053921902,0,1547.5179443359375
49224,5,32,52,42,2,37.91386524282616,3.7034596490625473,0.8513997106635237,0,1547.5179443359375
49224,5,32,52,43,2,40.79771776988436,3.807360860985382,0.848528137423857,0,1547.5179443359375
49224,5,32,52,44,2,44.06184713344521,3.8967227746388318,0.8513997106635237,0,1547.5179443359375
49224,5,32,52,45,2,46.530540412905836,3.951523650764028,0.613407053921902,0,1547.5179443359375
49224,5,32,52,46,2,37.289840115546426,3.7960452681152326,0.848528137423857,0,1547.5179443359375
49224,5,32,52,47,2,40.528073892340004,3.8940826917387454,0.848528137423857,0,1547.5179443359375
49224,5,32,52,48,2,33.7877281931605,3.782381879028044,0.682842712474619,0,1547.5179443359375
49224,5,32,52,49,2,36.994637098299116,3.890938263387792,0.8513997106635237,0,1547.5179443359375
49224,5,32,52,50,2,40.56594349469521,3.9813012659172706,0.682842712474619,0,1547.5179443359375
49224,5,32,52,51,2,34.51460202866964,3.9600672425233383,0.613407053921902,0,1547.5179443359375
49224,5,32,52,52,2,20.248756742971782,-1.500861468997941,0.613407053921902,1,1547.5179443359375
49224,5,32,52,53,2,15.341609201563292,4.576058236260712,0.682842712474619,0,1547.5179443359375
49224,5,32,52,54,2,20.30658933630775,4.609528703518711,0.8513997106635237,0,1547.5179443359375
49224,5,32,52,55,2,25.285374587959016,4.629834127055053,0.682842712474619,0,1547.5179443359375
49224,5,32,52,56,2,18.283505470276047,4.4589074328830405,0.848528137423857,0,1547.5179443359375
49224,5,32,52,57,2,23.157702171449788,4.513079142395311,0.848528137423857,0,1547.5179443359375
49224,5,32,52,58,2,13.677381174179922,4.167862728911606,0.613407053921902,0,1547.5179443359375
49224,5,32,52,59,2,16.769483417499195,4.276190218347569,0.8513997106635237,0,1547.5179443359375
49224,5,32,52,60,2,21.405797618162623,4.375038682308608,0.848528137423857,0,1547.5179443359375
49224,5,32,52,61,2,26.17633987496519,4.438303600933462,0.8513997106635237,0,1547.5179443359375
49224,5,32,52,62,2,29.560879343410303,4.470355936373465,0.613407053921902,0,1547.5179443359375
49224,5,32,52,63,2,20.128019611424843,4.216055296965532,0.848528137423857,0,1547.5179443359375
49224,5,32,52,64,2,24.64000347114138,4.312838781685083,0.848528137423857,0,1547.5179443359375
49224,5,32,52,65,2,19.418191864488044,4.040637805516765,0.682842712474619,0,1547.5179443359375
49224,5,32,52,66,2,23.538453068670968,4.17322614114333,0.8513997106635237,0,1547.5179443359375
49224,5,32,52,67,2,27.9472962993915,4.2652104417933625,0.682842712474619,0,1547.5179443359375
49224,5,32,52,68,2,25.512824102859096,4.055227953839483,0.613407053921902,0,1547.5179443359375
49224,5,33,54,1,2,44.565290310388214,-1.382694038864254,0.4815389220537701,0,1549.5679931640625
49224,5,33,54,2,2,39.26094442925921,-1.3105055345188326,0.6466890965784271,0,1549.5679931640625
49224,5,33,54,3,,,,,0,1549.5679931640625
49224,5,33,54,4,2,44.171372561097044,-1.5200759186505617,0.6466890965784271,0,1549.5679931640625
49224,5,33,54,5,2,38.09135873586693,-1.39680917935291,0.765685424949238,0,1549.5679931640625
49224,5,33,54,6,2,40.69147095610375,-1.5053401560230246,0.765685424949238,0,1549.5679931640625
49224,5,33,54,7,2,33.3091027532393,-1.2731406246129418,0.613407053921902,0,1549.5679931640625
49224,5,33,54,8,2,34.72228772682906,-1.3673292479201336,0.8513997106635237,0,1549.5679931640625
49224,5,33,54,9,,,,,0,1549.5679931640625
49224,5,33,54,10,2,40.19111420996638,-1.5919127902008774,0.8513997106635237,0,1549.5679931640625
49224,5,33,54,11,2,42.496665753884876,-1.6556417005954613,0.613407053921902,0,1549.5679931640625
49224,5,33,54,12,2,33.766360743376396,-1.466778900147526,0.765685424949238,0,1549.5679931640625
49224,5,33,54,13,2,36.674395919752506,-1.5824247119874468,0.765685424949238,0,1549.5679931640625
49224,5,33,54,14,2,30.329074705503768,-1.440914274906706,0.6466890965784271,0,1549.5679931640625
49224,5,33,54,15,,,,,0,1549.5679931640625
49224,5,33,54,16,2,36.46287384375902,-1.6789715659837765,0.6466890965784271,0,1549.5679931640625
49224,5,33,54,17,,,,,0,1549.5679931640625
49224,5,33,54,18,2,25.599210178004206,-2.5706260986784133,0.6034068236642477,0,1549.5679931640625
49224,5,33,54,19,2,25.50722851433505,-2.4335969588825983,0.8513997106635237,0,1549.5679931640625
49224,5,33,54,20,,,,,0,1549.5679931640625
49224,5,33,54,21,2,30.503490041459777,-2.440527392191222,0.682842712474619,0,1549.5679931640625
49224,5,33,54,22,2,23.261316678455255,-2.3214394573667776,0.765685424949238,0,1549.5679931640625
49224,5,33,54,23,2,28.21228547711634,-2.348707007614216,0.848528137423857,0,1549.5679931640625
49224,5,33,54,24,2,18.039347604317737,-2.1322087677451096,0.42533936651583715,0,1549.5679931640625
49224,5,33,54,25,,,,,0,1549.5679931640625
49224,5,33,54,26,2,26.199297680952878,-2.2417481023831427,0.848528137423857,0,1549.5679931640625
49224,5,33,54,27,2,31.08452021830338,-2.279075682817365,0.8513997106635237,0,1549.5679931640625
49224,5,33,54,28,2,34.52373583436419,-2.2989013283333284,0.613407053921902,0,1549.5679931640625
49224,5,33,54,29,2,24.53310714336968,-2.118672704593785,0.765685424949238,0,1549.5679931640625
49224,5,33,54,30,2,29.269737688182055,-2.178440329487568,0.848528137423857,0,1549.5679931640625
49224,5,33,54,31,,,,,0,1549.5679931640625
49224,5,33,54,32,2,27.788265355503185,-2.0658195693351304,0.8513997106635237,0,1549.5679931640625
49224,5,33,54,33,2,32.435041077433326,-2.1273155674096835,0.682842712474619,0,1549.5679931640625
49224,5,33,54,34,2,29.359612330763692,-1.9562726887292823,0.6034068236642477,0,1549.5679931640625
49224,5,33,54,35,2,44.80656873503274,-0.8041425787676109,0.613407053921902,0,1549.5679931640625
49224,5,33,54,36,2,41.325893300234185,-0.7956071972463106,0.8513997106635237,0,1549.5679931640625
49224,5,33,54,37,2,41.0813054233829,-0.916885388392505,0.682842712474619,0,1549.5679931640625
49224,5,33,54,38,2,42.166162486470256,-0.6774640635251032,0.682842712474619,0,1549.5679931640625
49224,5,33,54,39,2,38.63106664239893,-0.8528945692618672,0.848528137423857,0,1549.5679931640625
49224,5,33,54,40,2,39.21116055031448,-0.725206843882765,0.848528137423857,0,1549.5679931640625
49224,5,33,54,41,2,36.297797475266236,-1.0150853235159318,0.613407053921902,0,1549.5679931640625
49224,5,33,54,42,2,36.08170121816034,-0.9185194215409795,0.8513997106635237,0,1549.5679931640625
49224,5,33,54,43,2,36.35993625640266,-0.7805808111895713,0.848528137423857,0,1549.5679931640625
49224,5,33,54,44,2,37.31220666675634,-0.6472188621450714,0.8513997106635237,0,1549.5679931640625
49224,5,33,54,45,2,38.35439776067258,-0.5588671499244002,0.613407053921902,0,1549.5679931640625
49224,5,33,54,46,2,33.638888469103605,-0.8451393139532366,0.848528137423857,0,1549.5679931640625
49224,5,33,54,47,2,34.303507389330655,-0.6991252209233585,0.848528137423857,0,1549.5679931640625
49224,5,33,54,48,2,31.082224346142247,-0.920679120165133,0.682842712474619,0,1549.5679931640625
49224,5,33,54,49,2,31.40478422274207,-0.7608068836784851,0.8513997106635237,0,1549.5679931640625
49224,5,33,54,50,2,32.50255795856782,-0.6079771208734754,0.682842712474619,0,1549.5679931640625
49224,5,33,54,51,2,27.945685307970464,-0.7427976803924223,0.613407053921902,0,1549.5679931640625
49224,5,33,54,52,,,,,0,1549.5679931640625
49224,5,33,54,53,2,8.186965620269088,-1.6391627916209637,0.682842712474619,0,1549.5679931640625
49224,5,33,54,54,2,6.097721528615364,-0.9846199410982333,0.765685424949238,1,1549.5679931640625
49224,5,33,54,55,2,7.57218658074473,-0.2661623563228632,0.682842712474619,0,1549.5679931640625
49224,5,33,54,56,2,9.082761320234145,-1.239893795446471,0.848528137423857,0,1549.5679931640625
49224,5,33,54,57,2,8.812057363261587,-0.6743206819377081,0.848528137423857,0,1549.5679931640625
49224,5,33,54,58,2,14.263654416698193,-1.5864947155895937,0.613407053921902,0,1549.5679931640625
49224,5,33,54,59,2,12.361670540834831,-1.3647755849204424,0.8513997106635237,0,1549.5679931640625
49224,5,33,54,60,2,11.089035139867445,-0.948791865521007,0.848528137423857,0,1549.5679931640625
49224,5,33,54,61,2,11.963381716984804,-0.5180521681022783,0.8513997106635237,0,1549.5679931640625
49224,5,33,54,62,2,13.674120203780431,-0.2787500065288251,0.613407053921902,0,1549.5679931640625
49224,5,33,54,63,2,13.902555365579998,-1.1214442476138402,0.848528137423857,0,1549.5679931640625
49224,5,33,54,64,2,13.727230145447715,-0.7577298019875176,0.848528137423857,0,1549.5679931640625
49224,5,33,54,65,2,16.988095568745173,-1.233820960134394,0.682842712474619,0,1549.5679931640625
49224,5,33,54,66,2,16.08574501929863,-0.9352127864410142,0.8513997106635237,0,1549.5679931640625
49224,5,33,54,67,2,16.700508812577,-0.6312996621010858,0.682842712474619,0,1549.5679931640625
49224,5,33,54,68,2,19.58444121160376,-0.9298308361476808,0.613407053921902,0,1549.5679931640625
49224,5,34,57,1,2,41.489233552258824,-0.5288022622079236,0.613407053921902,0,1549.8680419921875
49224,5,34,57,2,2,36.03522442583452,-0.45794249565054623,0.682842712474619,0,1549.8680419921875
49224,5,34,57,3,2,38.507796626825474,-0.5746726570633349,0.8513997106635237,0,1549.8680419921875
49224,5,34,57,4,2,41.43867037786857,-0.6761252239758451,0.682842712474619,0,1549.8680419921875
49224,5,34,57,5,2,35.05827149832446,-0.5535769106593338,0.848528137423857,0,1549.8680419921875
49224,5,34,57,6,2,37.926183595016774,-0.6659587269371521,0.848528137423857,0,1549.8680419921875
49224,5,34,57,7,2,30.017416589450594,-0.42699363965143444,0.613407053921902,0,1549.8680419921875
49224,5,34,57,8,2,31.627747309087745,-0.5278912436532448,0.8513997106635237,0,1549.8680419921875
49224,5,34,57,9,,,,,0,1549.8680419921875
49224,5,34,57,10,2,37.668825348195924,-0.7592838054094289,0.8513997106635237,0,1549.8680419921875
49224,5,34,57,11,2,40.15855455884551,-0.8225417141663561,0.613407053921902,0,1549.8680419921875
49224,5,34,57,12,2,30.916975933578552,-0.6387030841343888,0.765685424949238,0,1549.8680419921875
49224,5,34,57,13,2,34.13462175724474,-0.7565792839521096,0.765685424949238,0,1549.8680419921875
49224,5,34,57,14,2,27.424284863506525,-0.6198578212791712,0.6466890965784271,0,1549.8680419921875
49224,5,34,57,15,,,,,0,1549.8680419921875
49224,5,34,57,16,2,34.21574788807244,-0.8600515205861684,0.6466890965784271,0,1549.8680419921875
49224,5,34,57,17,,,,,0,1549.8680419921875
49224,5,34,57,18,2,26.65701232275359,-1.8046701890936867,0.6034068236642477,0,1549.8680419921875
49224,5,34,57,19,2,26.069184982971073,-1.6736929462376815,0.8513997106635237,0,1549.8680419921875
49224,5,34,57,20,,,,,0,1549.8680419921875
49224,5,34,57,21,2,31.04698708907283,-1.657150306064483,0.682842712474619,0,1549.8680419921875
49224,5,34,57,22,2,23.431973981002887,-1.5783800560283943,0.765685424949238,0,1549.8680419921875
49224,5,34,57,23,2,28.431855484281826,-1.57704640075707,0.848528137423857,0,1549.8680419921875
49224,5,34,57,24,2,17.5853149665721,-1.4383503919357623,0.42533936651583715,0,1549.8680419921875
49224,5,34,57,25,,,,,0,1549.8680419921875
49224,5,34,57,26,2,26.035080281211318,-1.4814787387313204,0.848528137423857,0,1549.8680419921875
49224,5,34,57,27,2,31.01835596677891,-1.4958576362048739,0.8513997106635237,0,1549.8680419921875
49224,5,34,57,28,2,34.50952778617366,-1.5034509743418207,0.613407053921902,0,1549.8680419921875
49224,5,34,57,29,2,23.92238291264376,-1.3678244490238907,0.765685424949238,0,1549.8680419921875
49224,5,34,57,30,2,28.83736128448372,-1.4027829443085256,0.848528137423857,0,1549.8680419921875
49224,5,34,57,31,,,,,0,1549.8680419921875
49224,5,34,57,32,2,26.945285391360624,-1.2955884665771356,0.8513997106635237,0,1549.8680419921875
49224,5,34,57,33,2,31.786182634197562,-1.33834758136713,0.682842712474619,0,1549.8680419921875
49224,5,34,57,34,2,28.099012518642002,-1.1754273091993408,0.6034068236642477,0,1549.8680419921875
49224,5,34,57,35,2,41.0245596218068,0.0993404829323219,0.613407053921902,0,1549.8680419921875
49224,5,34,57,36,2,37.54342009543421,0.10858644532891759,0.8513997106635237,0,1549.8680419921875
49224,5,34,57,37,2,37.33391747586829,-0.02494773756715385,0.682842712474619,0,1549.8680419921875
49224,5,34,57,38,2,38.408272427037936,0.23836399259184904,0.682842712474619,0,1549.8680419921875
49224,5,34,57,39,2,34.85761600414207,0.04501827744655729,0.848528137423857,0,1549.8680419921875
49224,5,34,57,40,2,35.43642747032396,0.18644404624999633,0.848528137423857,0,1549.8680419921875
49224,5,34,57,41,2,32.62464552550836,-0.13624791662679936,0.613407053921902,0,1549.8680419921875
49224,5,34,57,42,2,32.33571391700189,-0.028804960528026946,0.8513997106635237,0,1549.8680419921875
49224,5,34,57,43,2,32.577375475773046,0.12522040931914913,0.848528137423857,0,1549.8680419921875
49224,5,34,57,44,2,33.57040945917712,0.27353810738537576,0.8513997106635237,0,1549.8680419921875
49224,5,34,57,45,2,34.68001283324338,0.37086217093388196,0.613407053921902,0,1549.8680419921875
49224,5,34,57,46,2,29.863529495347123,0.052553136783697774,0.848528137423857,0,1549.8680419921875
49224,5,34,57,47,2,30.53714774314682,0.21679956914576315,0.848528137423857,0,1549.8680419921875
49224,5,34,57,48,2,27.338167366329362,-0.0340725247596434,0.682842712474619,0,1549.8680419921875
49224,5,34,57,49,2,27.623584005641725,0.1478286378676692,0.8513997106635237,0,1549.8680419921875
49224,5,34,57,50,2,28.788007775531376,0.3204741264459583,0.682842712474619,0,1549.8680419921875
49224,5,34,57,51,2,24.16725664232119,0.1691615064375973,0.613407053921902,0,1549.8680419921875
49224,5,34,57,52,,,,,0,1549.8680419921875
49224,5,34,57,53,2,6.369725168196559,-1.1976102994529345,0.6466890965784271,0,1549.8680419921875
49224,5,34,57,54,,,,,0,1549.8680419921875
49224,5,34,57,55,2,4.684804740111991,1.0521453037744672,0.6466890965784271,0,1549.8680419921875
49224,5,34,57,56,2,5.918479339187424,-0.6184346397343211,0.848528137423857,0,1549.8680419921875
49224,5,34,57,57,2,5.071035008328966,0.31450427640589096,0.848528137423857,1,1549.8680419921875
49224,5,34,57,58,2,11.940079540522078,-0.9106228759544432,0.613407053921902,0,1549.8680419921875
49224,5,34,57,59,2,9.423184084539079,-0.6808283889604826,0.8513997106635237,0,1549.8680419921875
49224,5,34,57,60,2,7.3812869242714125,-0.12650760414484252,0.848528137423857,0,1549.8680419921875
49224,5,34,57,61,2,8.376777126420977,0.5071773357141214,0.8513997106635237,0,1549.8680419921875
49224,5,34,57,62,2,10.530968325982487,0.8019435531275492,0.613407053921902,0,1549.8680419921875
49224,5,34,57,63,2,10.40439317121101,-0.33608471954654373,0.848528137423857,0,1549.8680419921875
49224,5,34,57,64,2,9.946778153173613,0.1583705333832255,0.848528137423857,0,1549.8680419921875
49224,5,34,57,65,2,13.675503568931731,-0.4486140369041627,0.682842712474619,0,1549.8680419921875
49224,5,34,57,66,2,12.357442948732317,-0.0754350237006356,0.8513997106635237,0,1549.8680419921875
49224,5,34,57,67,2,12.976648049418756,0.31891886344234344,0.682842712474619,0,1549.8680419921875
49224,5,34,57,68,2,15.849684411120045,-0.05879214150267753,0.613407053921902,0,1549.8680419921875
49224,5,35,60,1,2,40.252485159579,-0.5468511798919298,0.613407053921902,0,1550.0670166015625
49224,5,35,60,2,2,34.749437268738475,-0.47626395231505336,0.682842712474619,0,1550.0670166015625
49224,5,35,60,3,2,37.30732357227842,-0.5956545563348344,0.8513997106635237,0,1550.0670166015625
49224,5,35,60,4,2,40.32554269640238,-0.6984729788385194,0.682842712474619,0,1550.0670166015625
49224,5,35,60,5,2,33.84181351142636,-0.5759490524031868,0.848528137423857,0,1550.0670166015625
49224,5,35,60,6,2,36.804637525383264,-0.6901331707113647,0.848528137423857,0,1550.0670166015625
49224,5,35,60,7,2,28.71290981796785,-0.44776460835956744,0.613407053921902,0,1550.0670166015625
49224,5,35,60,8,2,30.392438062084423,-0.5517593599391741,0.8513997106635237,0,1550.0670166015625
49224,5,35,60,9,2,33.286833628182904,-0.6800298032482807,0.848528137423857,0,1550.0670166015625
49224,5,35,60,10,2,36.637771419984304,-0.7863436724048729,0.8513997106635237,0,1550.0670166015625
49224,5,35,60,11,2,39.19305290183328,-0.849471584679594,0.613407053921902,0,1550.0670166015625
49224,5,35,60,12,2,29.77323030182998,-0.6675402576174506,0.848528137423857,0,1550.0670166015625
49224,5,35,60,13,2,33.102239263205405,-0.7864446588860331,0.848528137423857,0,1550.0670166015625
49224,5,35,60,14,2,26.2655133629877,-0.6517117461606806,0.6466890965784271,0,1550.0670166015625
49224,5,35,60,15,,,,,0,1550.0670166015625
49224,5,35,60,16,2,33.2941916178583,-0.8928359077796978,0.6466890965784271,0,1550.0670166015625
49224,5,35,60,17,,,,,0,1550.0670166015625
49224,5,35,60,18,2,27.027051826077088,-1.8565225176086808,0.6034068236642477,0,1550.0670166015625
49224,5,35,60,19,2,26.25619355133001,-1.7282737863681858,0.8513997106635237,0,1550.0670166015625
49224,5,35,60,20,,,,,0,1550.0670166015625
49224,5,35,60,21,2,31.20417762796504,-1.7031419124076819,0.682842712474619,0,1550.0670166015625
49224,5,35,60,22,2,23.487076202812787,-1.6397266537942823,0.765685424949238,0,1550.0670166015625
49224,5,35,60,23,2,28.477284810694734,-1.6276332548815284,0.848528137423857,0,1550.0670166015625
49224,5,35,60,24,2,17.45361556141542,-1.520223072787036,0.42533936651583715,0,1550.0670166015625
49224,5,35,60,25,,,,,0,1550.0670166015625
49224,5,35,60,26,2,25.946306075070805,-1.536784547100153,0.848528137423857,0,1550.0670166015625
49224,5,35,60,27,2,30.943881472335473,-1.542279234917406,0.8513997106635237,0,1550.0670166015625
49224,5,35,60,28,2,34.44260300437279,-1.5451767056393524,0.613407053921902,0,1550.0670166015625
49224,5,35,60,29,2,23.674159915255434,-1.4274365063993053,0.765685424949238,0,1550.0670166015625
49224,5,35,60,30,2,28.631780407892514,-1.4523885165176174,0.848528137423857,0,1550.0670166015625
49224,5,35,60,31,,,,,0,1550.0670166015625
49224,5,35,60,32,2,26.59010902718544,-1.3477292649773325,0.8513997106635237,0,1550.0670166015625
49224,5,35,60,33,2,31.485661811534136,-1.3828670461128854,0.682842712474619,0,1550.0670166015625
49224,5,35,60,34,2,27.576440442396756,-1.223635712809275,0.6034068236642477,0,1550.0670166015625
49224,5,35,60,35,2,39.591926607517195,0.10294764386803523,0.613407053921902,0,1550.0670166015625
49224,5,35,60,36,2,36.11224838056447,0.11290788177811728,0.8513997106635237,0,1550.0670166015625
49224,5,35,60,37,2,35.894393499992056,-0.02594847249569776,0.682842712474619,0,1550.0670166015625
49224,5,35,60,38,2,37.010559053692916,0.24755070681961633,0.682842712474619,0,1550.0670166015625
49224,5,35,60,39,2,33.4191477202479,0.046957405822031895,0.848528137423857,0,1550.0670166015625
49224,5,35,60,40,2,34.02244013463849,0.19428967892520843,0.848528137423857,0,1550.0670166015625
49224,5,35,60,41,2,31.198613538726406,-0.14251712069707745,0.613407053921902,0,1550.0670166015625
49224,5,35,60,42,2,30.896349065802568,-0.03014729171931574,0.8513997106635237,0,1550.0670166015625
49224,5,35,60,43,2,31.149179507062925,0.13099411775483905,0.848528137423857,0,1550.0670166015625
49224,5,35,60,44,2,32.186307373330955,0.2856242383885137,0.8513997106635237,0,1550.0670166015625
49224,5,35,60,45,2,33.34200475657778,0.3865151361528949,0.613407053921902,0,1550.0670166015625
49224,5,35,60,46,2,28.425628141017356,0.05521415990583445,0.848528137423857,0,1550.0670166015625
49224,5,35,60,47,2,29.132513341260264,0.227432198253968,0.848528137423857,0,1550.0670166015625
49224,5,35,60,48,2,25.89905956708789,-0.03596659480427622,0.682842712474619,0,1550.0670166015625
49224,5,35,60,49,2,26.200158106906077,0.15592399377684218,0.8513997106635237,0,1550.0670166015625
49224,5,35,60,50,2,27.425084925924764,0.33701523946437906,0.682842712474619,0,1550.0670166015625
49224,5,35,60,51,2,22.74911240974974,0.17981842263314718,0.613407053921902,0,1550.0670166015625
49224,5,35,60,52,,,,,0,1550.0670166015625
49224,5,35,60,53,2,5.996565050968299,-1.423124310840954,0.6466890965784271,0,1550.0670166015625
49224,5,35,60,54,,,,,0,1550.0670166015625
49224,5,35,60,55,2,4.163266643528078,1.357249678536733,0.5052677403411177,0,1550.0670166015625
49224,5,35,60,56,2,4.818074424739151,-0.7925880972052056,0.848528137423857,0,1550.0670166015625
49224,5,35,60,57,,,,,0,1550.0670166015625
49224,5,35,60,58,2,11.115349418247286,-1.0131317783319411,0.613407053921902,0,1550.0670166015625
49224,5,35,60,59,2,8.353555623017481,-0.7895450726392854,0.8513997106635237,0,1550.0670166015625
49224,5,35,60,60,2,5.955576371280662,-0.1570189010789076,0.848528137423857,1,1550.0670166015625
49224,5,35,60,61,2,7.152334463758395,0.6051229459663703,0.7685569981889047,0,1550.0670166015625
49224,5,35,60,62,2,9.585759601543467,0.9101201447950529,0.613407053921902,0,1550.0670166015625
49224,5,35,60,63,2,9.05742459525212,-0.3885408084174553,0.848528137423857,0,1550.0670166015625
49224,5,35,60,64,2,8.52783317531409,0.18500411409427486,0.848528137423857,0,1550.0670166015625
49224,5,35,60,65,2,12.393748048237851,-0.49902759836391897,0.682842712474619,0,1550.0670166015625
49224,5,35,60,66,2,10.922087211266401,-0.08537126341814516,0.8513997106635237,0,1550.0670166015625
49224,5,35,60,67,2,11.618045765868658,0.35779014915192375,0.682842712474619,0,1550.0670166015625
49224,5,35,60,68,2,14.412430691800598,-0.06466289454799812,0.613407053921902,0,1550.0670166015625
49224,5,36,64,1,2,37.02636914503818,-0.6008065108289709,0.613407053921902,0,1550.2850341796875
49224,5,36,64,2,2,31.386188715812786,-0.5323847841987943,0.682842712474619,0,1550.2850341796875
49224,5,36,64,3,2,34.19657649147505,-0.6586977842867215,0.8513997106635237,0,1550.2850341796875
49224,5,36,64,4,2,37.466236071561745,-0.7644283494587548,0.682842712474619,0,1550.2850341796875
49224,5,36,64,5,2,30.692634199685795,-0.6441414668414785,0.848528137423857,0,1550.2850341796875
49224,5,36,64,6,2,33.93156046733502,-0.762243536480492,0.848528137423857,0,1550.2850341796875
49224,5,36,64,7,2,25.30613845198941,-0.5135088335849782,0.613407053921902,0,1550.2850341796875
49224,5,36,64,8,2,27.1968701231252,-0.6258383887649155,0.8513997106635237,0,1550.2850341796875
49224,5,36,64,9,2,30.39708450043903,-0.7595506218811768,0.848528137423857,0,1550.2850341796875
49224,5,36,64,10,2,34.03374425125042,-0.8662864876380314,0.8513997106635237,0,1550.2850341796875
49224,5,36,64,11,2,36.770434439946506,-0.9279732706657632,0.613407053921902,0,1550.2850341796875
49224,5,36,64,12,2,26.862886972647754,-0.7561490939507752,0.848528137423857,0,1550.2850341796875
49224,5,36,64,13,2,30.511107782870468,-0.8756494983104509,0.848528137423857,0,1550.2850341796875
49224,5,36,64,14,2,23.329094429138618,-0.7517170028824304,0.6466890965784271,0,1550.2850341796875
49224,5,36,64,15,,,,,0,1550.2850341796875
49224,5,36,64,16,2,31.030189334727677,-0.9893692521371338,0.6466890965784271,0,1550.2850341796875
49224,5,36,64,17,,,,,0,1550.2850341796875
49224,5,36,64,18,2,28.349797067516157,-1.986850310732116,0.6034068236642477,0,1550.2850341796875
49224,5,36,64,19,2,27.12484400133352,-1.8685492583838426,0.8513997106635237,0,1550.2850341796875
49224,5,36,64,20,,,,,0,1550.2850341796875
49224,5,36,64,21,2,31.938537282245246,-1.8226053898201964,0.682842712474619,0,1550.2850341796875
49224,5,36,64,22,2,24.058516373325492,-1.7996391394523323,0.765685424949238,0,1550.2850341796875
49224,5,36,64,23,2,28.950392254998224,-1.7604499065086783,0.848528137423857,0,1550.2850341796875
49224,5,36,64,24,2,17.680445608965265,-1.73887251300092,0.42533936651583715,0,1550.2850341796875
49224,5,36,64,25,,,,,0,1550.2850341796875
49224,5,36,64,26,2,26.099430256370592,-1.684364235178591,0.848528137423857,0,1550.2850341796875
49224,5,36,64,27,2,31.0723874419048,-1.666127750989542,0.8513997106635237,0,1550.2850341796875
49224,5,36,64,28,2,34.558101256908294,-1.6564871754168808,0.613407053921902,0,1550.2850341796875
49224,5,36,64,29,2,23.435769833654803,-1.590327126991259,0.765685424949238,0,1550.2850341796875
49224,5,36,64,30,2,28.434983898865404,-1.5868930478658871,0.848528137423857,0,1550.2850341796875
49224,5,36,64,31,,,,,0,1550.2850341796875
49224,5,36,64,32,2,26.011600437451488,-1.4922000879452266,0.8513997106635237,0,1550.2850341796875
49224,5,36,64,33,2,30.998650921456516,-1.5048647428218043,0.682842712474619,0,1550.2850341796875
49224,5,36,64,34,2,26.516966750459186,-1.3602338925129454,0.6034068236642477,0,1550.2850341796875
49224,5,36,64,35,2,35.77443362950219,0.11397867977663334,0.613407053921902,0,1550.2850341796875
49224,5,36,64,36,2,32.299596486400965,0.12630305256549001,0.8513997106635237,0,1550.2850341796875
49224,5,36,64,37,2,32.055840884572284,-0.029056521278110203,0.682842712474619,0,1550.2850341796875
49224,5,36,64,38,2,33.30091487559516,0.2758094122047232,0.682842712474619,0,1550.2850341796875
49224,5,36,64,39,2,29.58392950903301,0.053050284788218605,0.848528137423857,0,1550.2850341796875
49224,5,36,64,40,2,30.263771800004434,0.2187896512968368,0.848528137423857,0,1550.2850341796875
49224,5,36,64,41,2,27.40297316623555,-0.16242193402335658,0.613407053921902,0,1550.2850341796875
49224,5,36,64,42,2,27.058341360965613,-0.03442502705039274,0.8513997106635237,0,1550.2850341796875
49224,5,36,64,43,2,27.346678693652215,0.14933668191906424,0.848528137423857,0,1550.2850341796875
49224,5,36,64,44,2,28.522409329177673,0.3235664912741225,0.8513997106635237,0,1550.2850341796875
49224,5,36,64,45,2,29.820441525877484,0.4350760130362219,0.613407053921902,0,1550.2850341796875
49224,5,36,64,46,2,24.592392880420572,0.06383134872092233,0.848528137423857,0,1550.2850341796875
49224,5,36,64,47,2,25.406156457683046,0.26151833939927727,0.848528137423857,0,1550.2850341796875
49224,5,36,64,48,2,22.061974970434285,-0.04222545677734413,0.682842712474619,0,1550.2850341796875
49224,5,36,64,49,2,22.414676842715764,0.18253135119319253,0.8513997106635237,0,1550.2850341796875
49224,5,36,64,50,2,23.8349477937479,0.3903143210801552,0.682842712474619,0,1550.2850341796875
49224,5,36,64,51,2,18.983455155372713,0.2160045377079467,0.613407053921902,0,1550.2850341796875
49224,5,36,64,52,,,,,0,1550.2850341796875
49224,5,36,64,53,2,6.627839253964379,-2.033369754478517,0.6466890965784271,0,1550.2850341796875
49224,5,36,64,54,,,,,0,1550.2850341796875
49224,5,36,64,55,2,5.030134184195309,-4.083812025668244,0.49033749051054326,0,1550.2850341796875
49224,5,36,64,56,2,3.4616905068597186,-1.7034004173411093,0.765685424949238,0,1550.2850341796875
49224,5,36,64,57,,,,,0,1550.2850341796875
49224,5,36,64,58,2,9.64989388178689,-1.3575430006901392,0.613407053921902,0,1550.2850341796875
49224,5,36,64,59,2,6.273065501560201,-1.2391838695826816,0.8513997106635237,0,1550.2850341796875
49224,5,36,64,60,,,,,0,1550.2850341796875
49224,5,36,64,61,2,4.552510024314482,1.105584854651621,0.7685569981889047,0,1550.2850341796875
49224,5,36,64,62,2,7.839403445326725,1.3072371002165641,0.613407053921902,0,1550.2850341796875
49224,5,36,64,63,2,5.692661835710631,-0.6469536787159965,0.848528137423857,0,1550.2850341796875
49224,5,36,64,64,2,4.8055589834134675,0.332528877899805,0.848528137423857,1,1550.2850341796875
49224,5,36,64,65,2,9.207304078683313,-0.6999704672773348,0.682842712474619,0,1550.2850341796875
49224,5,36,64,66,2,7.103622087685121,-0.13148064878530374,0.8513997106635237,0,1550.2850341796875
49224,5,36,64,67,2,8.133169439520946,0.5238990937600931,0.682842712474619,0,1550.2850341796875
49224,5,36,64,68,2,10.583365017421418,-0.08811056544666407,0.613407053921902,0,1550.2850341796875
49224,5,37,66,1,2,35.84778632463168,-0.6235167880023987,0.613407053921902,0,1550.4849853515625
49224,5,37,66,2,2,30.154346477400416,-0.556626738124701,0.682842712474619,0,1550.4849853515625
49224,5,37,66,3,2,33.06958743485926,-0.6853540063305706,0.8513997106635237,0,1550.4849853515625
49224,5,37,66,4,2,36.44050788263648,-0.7917820653044877,0.682842712474619,0,1550.4849853515625
49224,5,37,66,5,2,29.553841736602298,-0.6734053678493539,0.848528137423857,0,1550.4849853515625
49224,5,37,66,6,2,32.90505376115995,-0.7924679888185883,0.848528137423857,0,1550.4849853515625
49224,5,37,66,7,2,24.062261085142996,-0.5429109897142252,0.613407053921902,0,1550.4849853515625
49224,5,37,66,8,2,26.043454257691515,-0.6582329449001683,0.8513997106635237,0,1550.4849853515625
49224,5,37,66,9,2,29.36961884848288,-0.7933190520349274,0.848528137423857,0,1550.4849853515625
49224,5,37,66,10,2,33.119292156352785,-0.8994206007096185,0.8513997106635237,0,1550.4849853515625
49224,5,37,66,11,2,35.92570965312633,-0.9600612394920839,0.613407053921902,0,1550.4849853515625
49224,5,37,66,12,2,25.834211030830712,-0.794403051966575,0.848528137423857,0,1550.4849853515625
49224,5,37,66,13,2,29.60944885029415,-0.9130064534498902,0.848528137423857,0,1550.4849853515625
49224,5,37,66,14,2,22.298843195686853,-0.7958307793659705,0.682842712474619,0,1550.4849853515625
49224,5,37,66,15,2,26.10653959257182,-0.9302420683301567,0.765685424949238,0,1550.4849853515625
49224,5,37,66,16,2,30.263251826781776,-1.0291434247851037,0.682842712474619,0,1550.4849853515625
49224,5,37,66,17,,,,,0,1550.4849853515625
49224,5,37,66,18,2,28.961745990760967,-2.0323451137442285,0.6034068236642477,0,1550.4849853515625
49224,5,37,66,19,2,27.581676926865914,-1.9184812881708493,0.8513997106635237,0,1550.4849853515625
49224,5,37,66,20,,,,,0,1550.4849853515625
49224,5,37,66,21,2,32.32741721404136,-1.8657582222478681,0.682842712474619,0,1550.4849853515625
49224,5,37,66,22,2,24.42547752214852,-1.8570885752620334,0.765685424949238,0,1550.4849853515625
49224,5,37,66,23,2,29.25605841219341,-1.8088067662445184,0.848528137423857,0,1550.4849853515625
49224,5,37,66,24,2,17.97748317004008,-1.817926266903358,0.42533936651583715,0,1550.4849853515625
49224,5,37,66,25,,,,,0,1550.4849853515625
49224,5,37,66,26,2,26.301558963389375,-1.7387879965649369,0.848528137423857,0,1550.4849853515625
49224,5,37,66,27,2,31.24235915447709,-1.7120258386316225,0.8513997106635237,0,1550.4849853515625
49224,5,37,66,28,2,34.71100843652085,-1.6978321207396665,0.613407053921902,0,1550.4849853515625
49224,5,37,66,29,2,23.50802105647396,-1.6516094650067545,0.765685424949238,0,1550.4849853515625
49224,5,37,66,30,2,28.494561860543033,-1.6374439717432117,0.848528137423857,0,1550.4849853515625
49224,5,37,66,31,,,,,0,1550.4849853515625
49224,5,37,66,32,2,25.938294194323742,-1.54757335315378,0.8513997106635237,0,1550.4849853515625
49224,5,37,66,33,2,30.937163854238143,-1.5513262732553423,0.682842712474619,0,1550.4849853515625
49224,5,37,66,34,2,26.25378595509488,-1.413897435054103,0.6034068236642477,0,1550.4849853515625
49224,5,37,66,35,2,34.34416803504837,0.11874731273201711,0.613407053921902,0,1550.4849853515625
49224,5,37,66,36,2,30.871600327080387,0.13217881564675338,0.8513997106635237,0,1550.4849853515625
49224,5,37,66,37,2,30.616477726670002,-0.030422958803647315,0.682842712474619,0,1550.4849853515625
49224,5,37,66,38,2,31.91774906102088,0.2880959606924933,0.682842712474619,0,1550.4849853515625
49224,5,37,66,39,2,28.14605934527984,0.05576315671580634,0.848528137423857,0,1550.4849853515625
49224,5,37,66,40,2,28.859793052538063,0.2296197896863752,0.848528137423857,0,1550.4849853515625
49224,5,37,66,41,2,25.982969570930937,-0.17138409784145603,0.613407053921902,0,1550.4849853515625
49224,5,37,66,42,2,25.619242896327744,-0.03635959885045059,0.8513997106635237,0,1550.4849853515625
49224,5,37,66,43,2,25.92359166759786,0.15760130783936233,0.848528137423857,0,1550.4849853515625
49224,5,37,66,44,2,27.16099415182844,0.3404241047804937,0.8513997106635237,0,1550.4849853515625
49224,5,37,66,45,2,28.521053665192238,0.4563576910513505,0.613407053921902,0,1550.4849853515625
49224,5,37,66,46,2,23.15550808903519,0.06779822131825375,0.848528137423857,0,1550.4849853515625
49224,5,37,66,47,2,24.018004772018088,0.27702018051960553,0.848528137423857,0,1550.4849853515625
49224,5,37,66,48,2,20.623348534474196,-0.045172924816394566,0.682842712474619,0,1550.4849853515625
49224,5,37,66,49,2,21.000226264059837,0.1949785829447248,0.8513997106635237,0,1550.4849853515625
49224,5,37,66,50,2,22.509920068916685,0.4146566499839306,0.682842712474619,0,1550.4849853515625
49224,5,37,66,51,2,17.579628320219406,0.2335617427124712,0.613407053921902,0,1550.4849853515625
49224,5,37,66,52,,,,,0,1550.4849853515625
49224,5,37,66,53,2,7.383765798959656,-2.2087950336143622,0.6466890965784271,0,1550.4849853515625
49224,5,37,66,54,,,,,0,1550.4849853515625
49224,5,37,66,55,2,5.9911596630790465,-3.888152001708599,0.49033749051054326,0,1550.4849853515625
49224,5,37,66,56,2,3.921102837322866,-2.0759802396686164,0.765685424949238,0,1550.4849853515625
49224,5,37,66,57,,,,,0,1550.4849853515625
49224,5,37,66,58,2,9.45051323068807,-1.507020035772735,0.613407053921902,0,1550.4849853515625
49224,5,37,66,59,2,5.961803349702754,-1.4695954854732793,0.8513997106635237,0,1550.4849853515625
49224,5,37,66,60,,,,,0,1550.4849853515625
49224,5,37,66,61,2,4.113039741498504,1.4238286431610834,0.6857142857142857,0,1550.4849853515625
49224,5,37,66,62,2,7.5926276592667685,1.4913845968702333,0.613407053921902,0,1550.4849853515625
49224,5,37,66,63,2,4.62581336280465,-0.8357091460220998,0.848528137423857,0,1550.4849853515625
49224,5,37,66,64,,,,,0,1550.4849853515625
49224,5,37,66,65,2,8.158811248409148,-0.8139148888066005,0.682842712474619,0,1550.4849853515625
49224,5,37,66,66,2,5.6791900262693416,-0.16472867068509434,0.7685569981889047,1,1550.4849853515625
49224,5,37,66,67,2,6.923886027498338,0.6281296209006992,0.5638463841038082,0,1550.4849853515625
49224,5,37,66,68,2,9.149828993982654,-0.10195990857910187,0.613407053921902,0,1550.4849853515625
49224,5,38,68,1,2,33.92834829081344,-0.6648315762030794,0.613407053921902,0,1550.7020263671875
49224,5,38,68,2,2,28.145223907861805,-0.6016933010815682,0.682842712474619,0,1550.7020263671875
49224,5,38,68,3,2,31.2484660496538,-0.7339858523389325,0.8513997106635237,0,1550.7020263671875
49224,5,38,68,4,2,34.79625888064774,-0.8408833288947276,0.682842712474619,0,1550.7020263671875
49224,5,38,68,5,2,27.71819920724665,-0.727430909762386,0.848528137423857,0,1550.7020263671875
49224,5,38,68,6,2,31.26678059738961,-0.8471542121100085,0.848528137423857,0,1550.7020263671875
49224,5,38,68,7,2,22.04226401679211,-0.5991922802566123,0.613407053921902,0,1550.7020263671875
49224,5,38,68,8,2,24.189470935281978,-0.7189630568620043,0.8513997106635237,0,1550.7020263671875
49224,5,38,68,9,2,27.738844708486724,-0.8550205850018843,0.848528137423857,0,1550.7020263671875
49224,5,38,68,10,2,31.682116523272754,-0.9587670646950236,0.8513997106635237,0,1550.7020263671875
49224,5,38,68,11,2,34.605282957044516,-1.0169080952938911,0.613407053921902,0,1550.7020263671875
49224,5,38,68,12,2,24.213125419858226,-0.8651786230204535,0.848528137423857,0,1550.7020263671875
49224,5,38,68,13,2,28.206177412589515,-0.9803911651890772,0.848528137423857,0,1550.7020263671875
49224,5,38,68,14,2,20.69075589324922,-0.8787970768136326,0.682842712474619,0,1550.7020263671875
49224,5,38,68,15,2,24.747128743891032,-1.0080764537388003,0.765685424949238,0,1550.7020263671875
49224,5,38,68,16,2,29.098683521757614,-1.0998741913853511,0.682842712474619,0,1550.7020263671875
49224,5,38,68,17,,,,,0,1550.7020263671875
49224,5,38,68,18,2,30.107334188514766,-2.103779529598254,0.6034068236642477,0,1550.7020263671875
49224,5,38,68,19,2,28.48890589730127,-1.9977667914093427,0.8513997106635237,0,1550.7020263671875
49224,5,38,68,20,,,,,0,1550.7020263671875
49224,5,38,68,21,2,33.10484497559198,-1.9351799359679043,0.682842712474619,0,1550.7020263671875
49224,5,38,68,22,2,25.20858625064789,-1.9485464861823882,0.765685424949238,0,1550.7020263671875
49224,5,38,68,23,2,29.9129708051381,-1.8868568217034916,0.848528137423857,0,1550.7020263671875
49224,5,38,68,24,2,18.709857860083748,-1.9426265305681278,0.42533936651583715,0,1550.7020263671875
49224,5,38,68,25,,,,,0,1550.7020263671875
49224,5,38,68,26,2,26.807478134283933,-1.827169873539236,0.848528137423857,0,1550.7020263671875
49224,5,38,68,27,2,31.669447193672355,-1.7871246392466522,0.8513997106635237,0,1550.7020263671875
49224,5,38,68,28,2,35.09591125324551,-1.7657171660992224,0.613407053921902,0,1550.7020263671875
49224,5,38,68,29,2,23.82217339898226,-1.7521965814137055,0.765685424949238,0,1550.7020263671875
49224,5,38,68,30,2,28.754285716808695,-1.7208209746680498,0.848528137423857,0,1550.7020263671875
49224,5,38,68,31,,,,,0,1550.7020263671875
49224,5,38,68,32,2,25.99353782413882,-1.640010593948051,0.8513997106635237,0,1550.7020263671875
49224,5,38,68,33,2,30.98349577190453,-1.6288497401881576,0.682842712474619,0,1550.7020263671875
49224,5,38,68,34,2,25.987115959669563,-1.5052433705913402,0.6034068236642477,0,1550.7020263671875
49224,5,38,68,35,2,31.962336182984423,0.12764302426778018,0.613407053921902,0,1550.7020263671875
49224,5,38,68,36,2,28.494293235448712,0.14327972014340884,0.8513997106635237,0,1550.7020263671875
49224,5,38,68,37,2,28.217685032979382,-0.033010125331228046,0.682842712474619,0,1550.7020263671875
49224,5,38,68,38,2,29.6245125758222,0.31111624824294926,0.682842712474619,0,1550.7020263671875
49224,5,38,68,39,2,25.750139523052518,0.060957796609730996,0.848528137423857,0,1550.7020263671875
49224,5,38,68,40,2,26.528412764882503,0.25021263991340037,0.848528137423857,0,1550.7020263671875
49224,5,38,68,41,2,23.621679133128698,-0.18871272593677868,0.613407053921902,0,1550.7020263671875
49224,5,38,68,42,2,23.2209953259029,-0.040116713138049764,0.8513997106635237,0,1550.7020263671875
49224,5,38,68,43,2,23.556349935694918,0.17359253598728386,0.848528137423857,0,1550.7020263671875
49224,5,38,68,44,2,24.91161617920892,0.37259648642837884,0.8513997106635237,0,1550.7020263671875
49224,5,38,68,45,2,26.387866899720034,0.4964487638384205,0.613407053921902,0,1550.7020263671875
49224,5,38,68,46,2,20.761660838233706,0.07562960877363634,0.848528137423857,0,1550.7020263671875
49224,5,38,68,47,2,21.71942814922061,0.30724551109791554,0.848528137423857,0,1550.7020263671875
49224,5,38,68,48,2,18.226121343576647,-0.0511192633043287,0.682842712474619,0,1550.7020263671875
49224,5,38,68,49,2,18.651501215668667,0.21991153545010467,0.8513997106635237,0,1550.7020263671875
49224,5,38,68,50,2,20.336309792226302,0.4622201182191419,0.682842712474619,0,1550.7020263671875
49224,5,38,68,51,2,15.25491102273995,0.26998200979718456,0.613407053921902,0,1550.7020263671875
49224,5,38,68,52,,,,,0,1550.7020263671875
49224,5,38,68,53,2,9.02157843114771,-2.424153795623993,0.6466890965784271,0,1550.7020263671875
49224,5,38,68,54,,,,,0,1550.7020263671875
49224,5,38,68,55,2,7.922302324701366,-3.680939226368873,0.49033749051054326,0,1550.7020263671875
49224,5,38,68,56,2,5.499448965161551,-2.467824325858049,0.765685424949238,0,1550.7020263671875
49224,5,38,68,57,,,,,0,1550.7020263671875
49224,5,38,68,58,2,9.601099063495653,-1.7591456651640796,0.613407053921902,0,1550.7020263671875
49224,5,38,68,59,2,6.197741692275807,-1.8650808983884553,0.8513997106635237,0,1550.7020263671875
49224,5,38,68,60,,,,,0,1550.7020263671875
49224,5,38,68,61,2,4.448145548292332,-4.296347109073851,0.6857142857142857,0,1550.7020263671875
49224,5,38,68,62,2,7.779260740964373,-4.479194006576908,0.613407053921902,0,1550.7020263671875
49224,5,38,68,63,2,3.502436811027527,-1.368906535302853,0.765685424949238,0,1550.7020263671875
49224,5,38,68,64,,,,,0,1550.7020263671875
49224,5,38,68,65,2,6.740558343267863,-1.0757400315293775,0.6466890965784271,0,1550.7020263671875
49224,5,38,68,66,,,,,0,1550.7020263671875
49224,5,38,68,67,2,5.177752747439483,0.9039953435549544,0.5276927682076162,0,1550.7020263671875
49224,5,38,68,68,2,6.766706173071541,-0.1380680044079734,0.4815389220537701,1,1550.7020263671875
49224,5,39,51,1,2,30.82026123289512,-0.7465915859745856,0.613407053921902,0,1550.9849853515625
49224,5,39,51,2,2,24.889139994096865,-0.6946159530833995,0.682842712474619,0,1550.9849853515625
49224,5,39,51,3,2,28.351054500290505,-0.8305315614932736,0.8513997106635237,0,1550.9849853515625
49224,5,39,51,4,2,32.219486229782326,-0.9353937407841787,0.682842712474619,0,1550.9849853515625
49224,5,39,51,5,2,24.8196335799688,-0.8369586341411334,0.848528137423857,0,1550.9849853515625
49224,5,39,51,6,2,28.72850870958333,-0.9537851551792376,0.848528137423857,0,1550.9849853515625
49224,5,39,51,7,2,18.814277282598553,-0.7218009767165092,0.613407053921902,0,1550.9849853515625
49224,5,39,51,8,2,21.28957798570435,-0.8455175288856914,0.8513997106635237,0,1550.9849853515625
49224,5,39,51,9,2,25.249933315596653,-0.9772538474129322,0.848528137423857,0,1550.9849853515625
49224,5,39,51,10,2,29.527480997788622,-1.072104579453422,0.8513997106635237,0,1550.9849853515625
49224,5,39,51,11,2,32.64416081350004,-1.1234063763042132,0.613407053921902,0,1550.9849853515625
49224,5,39,51,12,2,21.78970059930953,-1.0081981111288347,0.848528137423857,0,1550.9849853515625
49224,5,39,51,13,2,26.15538288460409,-1.1103404426732797,0.848528137423857,0,1550.9849853515625
49224,5,39,51,14,2,18.358185421577552,-1.0507650565070308,0.682842712474619,0,1550.9849853515625
49224,5,39,51,15,2,22.832782870375503,-1.15979538174064,0.8513997106635237,0,1550.9849853515625
49224,5,39,51,16,2,27.489070105014527,-1.2325296721148806,0.682842712474619,0,1550.9849853515625
49224,5,39,51,17,2,21.673249927508742,-1.3083823105744699,0.613407053921902,0,1550.9849853515625
49224,5,39,51,18,2,32.371700138718765,-2.212547980554424,0.6034068236642477,0,1550.9849853515625
49224,5,39,51,19,2,30.406137226826093,-2.1202094596409133,0.8513997106635237,0,1550.9849853515625
49224,5,39,51,20,,,,,0,1550.9849853515625
49224,5,39,51,21,2,34.76846534849173,-2.0450438096162156,0.682842712474619,0,1550.9849853515625
49224,5,39,51,22,2,26.981257562582527,-2.0895681850973817,0.765685424949238,0,1550.9849853515625
49224,5,39,51,23,2,31.421350405275508,-2.0105884799542837,0.848528137423857,0,1550.9849853515625
49224,5,39,51,24,2,20.546879011601025,-2.1286990434783912,0.42533936651583715,0,1550.9849853515625
49224,5,39,51,25,,,,,0,1550.9849853515625
49224,5,39,51,26,2,28.120390109188463,-1.9679829418141226,0.848528137423857,0,1550.9849853515625
49224,5,39,51,27,2,32.78825005281061,-1.9089602443426015,0.8513997106635237,0,1550.9849853515625
49224,5,39,51,28,2,36.1087031429892,-1.8767977861571394,0.613407053921902,0,1550.9849853515625
49224,5,39,51,29,2,24.883959059900047,-1.91417459912673,0.765685424949238,0,1550.9849853515625
49224,5,39,51,30,2,29.639912620105207,-1.8573506603982366,0.848528137423857,0,1550.9849853515625
49224,5,39,51,31,,,,,0,1550.9849853515625
49224,5,39,51,32,2,26.58908608300235,-1.7936937255265482,0.8513997106635237,0,1550.9849853515625
49224,5,39,51,33,2,31.484797924744562,-1.7585812726831458,0.682842712474619,0,1550.9849853515625
49224,5,39,51,34,2,26.040078915294487,-1.6622323197276236,0.6034068236642477,0,1550.9849853515625
49224,5,39,51,35,2,27.920362697085622,0.14624593619311987,0.613407053921902,0,1550.9849853515625
49224,5,39,51,36,2,24.463042369079016,0.16709678033424957,0.8513997106635237,0,1550.9849853515625
49224,5,39,51,37,2,24.140286733675005,-0.03858824626024426,0.682842712474619,0,1550.9849853515625
49224,5,39,51,38,2,25.770670156568777,0.359600205937435,0.682842712474619,0,1550.9849853515625
49224,5,39,51,39,2,21.679145816879362,0.07242314914742565,0.848528137423857,0,1550.9849853515625
49224,5,39,51,40,2,22.59806101675158,0.29493261354207867,0.848528137423857,0,1550.9849853515625
49224,5,39,51,41,2,19.629044446701016,-0.22771511020829438,0.613407053921902,0,1550.9849853515625
49224,5,39,51,42,2,19.14498066720572,-0.04866381743175774,0.8513997106635237,0,1550.9849853515625
49224,5,39,51,43,2,19.55037808112647,0.20964594899452815,0.848528137423857,0,1550.9849853515625
49224,5,39,51,44,2,21.163749230282896,0.4428337295928233,0.8513997106635237,0,1550.9849853515625
49224,5,39,51,45,2,22.88307628662319,0.5814753764798763,0.613407053921902,0,1550.9849853515625
49224,5,39,51,46,2,16.696173349398155,0.09409443788772998,0.848528137423857,0,1550.9849853515625
49224,5,39,51,47,2,17.87314194204429,0.37633874577791304,0.848528137423857,0,1550.9849853515625
49224,5,39,51,48,2,14.152989998983113,-0.06584994103002662,0.682842712474619,0,1550.9849853515625
49224,5,39,51,49,2,14.696738559239106,0.28050789091645134,0.8513997106635237,0,1550.9849853515625
49224,5,39,51,50,2,16.78335850317019,0.5708396999025052,0.682842712474619,0,1550.9849853515625
49224,5,39,51,51,2,11.374880794679576,0.36579482460321255,0.613407053921902,1,1550.9849853515625
49224,5,39,51,52,,,,,0,1550.9849853515625
49224,5,39,51,53,2,12.38968657239491,-2.642386376224069,0.6466890965784271,0,1550.9849853515625
49224,5,39,51,54,,,,,0,1550.9849853515625
49224,5,39,51,55,2,11.613713019392284,-3.499522291136161,0.49033749051054326,0,1550.9849853515625
49224,5,39,51,56,2,9.0531437613693,-2.7528582737838585,0.765685424949238,0,1550.9849853515625
49224,5,39,51,57,,,,,0,1550.9849853515625
49224,5,39,51,58,2,11.112902111574222,-2.128107685937287,0.613407053921902,0,1550.9849853515625
49224,5,39,51,59,2,8.35029892869396,-2.35165424547486,0.8513997106635237,0,1550.9849853515625
49224,5,39,51,60,,,,,0,1550.9849853515625
49224,5,39,51,61,2,7.148530543626891,-3.7470837095978093,0.6857142857142857,0,1550.9849853515625
49224,5,39,51,62,2,9.582921672970267,-4.0520939374080465,0.613407053921902,0,1550.9849853515625
49224,5,39,51,63,2,4.814828221274839,-2.348320343829962,0.765685424949238,0,1550.9849853515625
49224,5,39,51,64,,,,,0,1550.9849853515625
49224,5,39,51,65,2,5.99588617594699,-1.7177052442283347,0.6466890965784271,0,1550.9849853515625
49224,5,39,51,66,,,,,0,1550.9849853515625
49224,5,39,51,67,2,4.162288765755125,-4.499928447344464,0.49033749051054326,0,1550.9849853515625
49224,5,39,51,68,,,,,0,1550.9849853515625
49224,5,40,49,1,2,30.201752333481398,-1.143943319853781,0.613407053921902,0,1551.885009765625
49224,5,40,49,2,2,24.126065893428283,-1.1654186976633363,0.682842712474619,0,1551.885009765625
49224,5,40,49,3,2,28.60591116655948,-1.2499709393389975,0.8513997106635237,0,1551.885009765625
49224,5,40,49,4,2,33.234458801733794,-1.3113157536779816,0.682842712474619,0,1551.885009765625
49224,5,40,49,5,2,25.335716687124552,-1.2998925751615285,0.848528137423857,0,1551.885009765625
49224,5,40,49,6,2,30.052115370224612,-1.3600609354683542,0.848528137423857,0,1551.885009765625
49224,5,40,49,7,2,18.838448919931192,-1.3085183290464784,0.613407053921902,0,1551.885009765625
49224,5,40,49,8,2,22.147210353256476,-1.3643905844846138,0.8513997106635237,0,1551.885009765625
49224,5,40,49,9,2,26.957930643994906,-1.420167691417089,0.848528137423857,0,1551.885009765625
49224,5,40,49,10,2,31.82705017404988,-1.4589704322579922,0.8513997106635237,0,1551.885009765625
49224,5,40,49,11,2,35.25723885252535,-1.4797349054794136,0.613407053921902,0,1551.885009765625
49224,5,40,49,12,2,23.98604617246429,-1.495501338689859,0.848528137423857,0,1551.885009765625
49224,5,40,49,13,2,28.92337305990845,-1.5254645159712235,0.848528137423857,0,1551.885009765625
49224,5,40,49,14,2,21.187987100447703,-1.591406271783121,0.682842712474619,0,1551.885009765625
49224,5,40,49,15,2,26.175597329264274,-1.6063436137204516,0.8513997106635237,0,1551.885009765625
49224,5,40,49,16,2,31.167178148155084,-1.6164980741705635,0.682842712474619,0,1551.885009765625
49224,5,40,49,17,2,26.188054628015617,-1.740123024227064,0.613407053921902,0,1551.885009765625
49224,5,40,49,18,2,41.099935012864876,-2.381379264813933,0.6034068236642477,0,1551.885009765625
49224,5,40,49,19,2,38.90440011625385,-2.313200727546306,0.8513997106635237,0,1551.885009765625
49224,5,40,49,20,,,,,0,1551.885009765625
49224,5,40,49,21,2,43.009108879173745,-2.2433897360495334,0.682842712474619,0,1551.885009765625
49224,5,40,49,22,2,35.40792091961028,-2.2990808616114866,0.765685424949238,0,1551.885009765625
49224,5,40,49,23,2,39.55947373290529,-2.224610288423703,0.848528137423857,0,1551.885009765625
49224,5,40,49,24,2,29.12520576014258,-2.350983603835078,0.47153869179611585,0,1551.885009765625
49224,5,40,49,25,,,,,0,1551.885009765625
49224,5,40,49,26,2,36.126451216085776,-2.202252511868065,0.848528137423857,0,1551.885009765625
49224,5,40,49,27,2,40.51359741671028,-2.1395473446386584,0.8513997106635237,0,1551.885009765625
49224,5,40,49,28,2,43.66306613564614,-2.1032459599505104,0.613407053921902,0,1551.885009765625
49224,5,40,49,29,2,32.71527155491801,-2.1752163327786915,0.848528137423857,0,1551.885009765625
49224,5,40,49,30,2,37.16880534920481,-2.110024815776069,0.848528137423857,0,1551.885009765625
49224,5,40,49,31,2,29.33355601279581,-2.1419171745055485,0.6466890965784271,0,1551.885009765625
49224,5,40,49,32,2,33.862790885142324,-2.0747017131297762,0.8513997106635237,0,1551.885009765625
49224,5,40,49,33,2,38.50869648152125,-2.0235173079840227,0.682842712474619,0,1551.885009765625
49224,5,40,49,34,2,32.642553467440855,-1.9759943345483741,0.613407053921902,0,1551.885009765625
49224,5,40,49,35,2,20.18807772424996,-0.15454678335102767,0.613407053921902,0,1551.885009765625
49224,5,40,49,36,2,16.69463362450643,-0.16621026616997092,0.8513997106635237,0,1551.885009765625
49224,5,40,49,37,2,17.74660221088954,-0.4511564430183346,0.682842712474619,0,1551.885009765625
49224,5,40,49,38,2,17.1020377055324,0.12979389900011595,0.682842712474619,0,1551.885009765625
49224,5,40,49,39,2,14.613085793654223,-0.3494348500836748,0.848528137423857,0,1551.885009765625
49224,5,40,49,40,2,14.223613402987654,-0.00193076505934342,0.848528137423857,0,1551.885009765625
49224,5,40,49,41,2,15.115737814987106,-0.789004152604931,0.613407053921902,0,1551.885009765625
49224,5,40,49,42,2,13.167147032250266,-0.5825534789410749,0.8513997106635237,0,1551.885009765625
49224,5,40,49,43,2,11.710792577526432,-0.19493716736596567,0.848528137423857,0,1551.885009765625
49224,5,40,49,44,2,12.28460681579998,0.22219188730324912,0.8513997106635237,0,1551.885009765625
49224,5,40,49,45,2,13.794919205862177,0.46533105071767444,0.613407053921902,0,1551.885009765625
49224,5,40,49,46,2,9.847545244884447,-0.4756569479926136,0.848528137423857,0,1551.885009765625
49224,5,40,49,47,2,9.25975427184747,0.0503639584449973,0.848528137423857,0,1551.885009765625
49224,5,40,49,48,2,9.044646588244584,-0.8425470732817875,0.682842712474619,0,1551.885009765625
49224,5,40,49,49,2,6.750891328646579,-0.2660275239736829,0.765685424949238,1,1551.885009765625
49224,5,40,49,50,2,7.703469059855225,0.42848785273286083,0.682842712474619,0,1551.885009765625
49224,5,40,49,51,,,,,0,1551.885009765625
49224,5,40,49,52,,,,,0,1551.885009765625
49224,5,40,49,53,2,21.452181352208225,-2.6953741966073554,0.6466890965784271,0,1551.885009765625
49224,5,40,49,54,,,,,0,1551.885009765625
49224,5,40,49,55,2,18.377537604856986,-3.1793270813840744,0.49033749051054326,0,1551.885009765625
49224,5,40,49,56,2,18.037865733279872,-2.7420382942082733,0.765685424949238,0,1551.885009765625
49224,5,40,49,57,,,,,0,1551.885009765625
49224,5,40,49,58,2,19.795857711986542,-2.409345505736623,0.613407053921902,0,1551.885009765625
49224,5,40,49,59,2,17.371361887620754,-2.545572608599073,0.8513997106635237,0,1551.885009765625
49224,5,40,49,60,,,,,0,1551.885009765625
49224,5,40,49,61,2,13.390370326491542,-3.1565052748378424,0.6857142857142857,0,1551.885009765625
49224,5,40,49,62,2,13.553237574766076,-3.4167643643340093,0.613407053921902,0,1551.885009765625
49224,5,40,49,63,2,13.853978824672888,-2.568636799179189,0.765685424949238,0,1551.885009765625
49224,5,40,49,64,,,,,0,1551.885009765625
49224,5,40,49,65,2,13.904400127058178,-2.3132323290880477,0.6466890965784271,0,1551.885009765625
49224,5,40,49,66,,,,,0,1551.885009765625
49224,5,40,49,67,2,8.418440861777068,-3.106668748485421,0.49033749051054326,0,1551.885009765625
49224,5,40,49,68,,,,,0,1551.885009765625
49224,5,41,47,1,2,28.374508668508096,-1.169752925694804,0.613407053921902,0,1552.18505859375
49224,5,41,47,2,2,22.440898483671877,-1.22639385336289,0.682842712474619,0,1552.18505859375
49224,5,41,47,3,2,27.199724684810977,-1.288499527222711,0.8513997106635237,0,1552.18505859375
49224,5,41,47,4,2,32.03211078128577,-1.3319949627636616,0.682842712474619,0,1552.18505859375
49224,5,41,47,5,2,24.16247894284889,-1.3591072235293964,0.848528137423857,0,1552.18505859375
49224,5,41,47,6,2,29.069855294422517,-1.3952541800816236,0.848528137423857,0,1552.18505859375
49224,5,41,47,7,2,17.810502117435718,-1.425607128390257,0.613407053921902,0,1552.18505859375
49224,5,41,47,8,2,21.27970287381185,-1.4494057004930623,0.8513997106635237,0,1552.18505859375
49224,5,41,47,9,2,26.249892429737024,-1.472473120084986,0.848528137423857,0,1552.18505859375
49224,5,41,47,10,2,31.229600553766517,-1.488190404457721,0.8513997106635237,0,1552.18505859375
49224,5,41,47,11,2,34.71886690936714,-1.4965085145329424,0.613407053921902,0,1552.18505859375
49224,5,41,47,12,2,23.623234713029152,-1.5675445633516103,0.848528137423857,0,1552.18505859375
49224,5,41,47,13,2,28.623212895863286,-1.5681125914586076,0.848528137423857,0,1552.18505859375
49224,5,41,47,14,2,21.26164584506491,-1.685014186797288,0.682842712474619,0,1552.18505859375
49224,5,41,47,15,2,26.235256473227295,-1.6632917684912496,0.8513997106635237,0,1552.18505859375
49224,5,41,47,16,2,31.217299376965066,-1.6484975710554415,0.682842712474619,0,1552.18505859375
49224,5,41,47,17,2,26.786208447002895,-1.7937673652256223,0.613407053921902,0,1552.18505859375
49224,5,41,47,18,2,43.87358213501133,-2.3529722805760516,0.6034068236642477,0,1552.18505859375
49224,5,41,47,19,2,41.48106711027708,-2.293081817387354,0.8513997106635237,0,1552.18505859375
49224,5,41,47,20,,,,,0,1552.18505859375
49224,5,41,47,21,2,45.35316997501233,-2.2201334550675917,0.682842712474619,0,1552.18505859375
49224,5,41,47,22,2,37.95322732915031,-2.287206423141143,0.848528137423857,0,1552.18505859375
49224,5,41,47,23,2,41.8530591817756,-2.2086748893870576,0.848528137423857,0,1552.18505859375
49224,5,41,47,24,2,31.852852808916168,-2.3517562661316456,0.6034068236642477,0,1552.18505859375
49224,5,41,47,25,2,34.42696618624727,-2.2801271395582146,0.8513997106635237,0,1552.18505859375
49224,5,41,47,26,2,38.359446020036074,-2.195127071155322,0.848528137423857,0,1552.18505859375
49224,5,41,47,27,2,42.51679899920866,-2.1263288780309186,0.8513997106635237,0,1552.18505859375
49224,5,41,47,28,2,45.527903156873414,-2.085773714998072,0.613407053921902,0,1552.18505859375
49224,5,41,47,29,2,34.874283290913844,-2.1788679477492616,0.848528137423857,0,1552.18505859375
49224,5,41,47,30,2,39.08256303301974,-2.1057156780750916,0.848528137423857,0,1552.18505859375
49224,5,41,47,31,2,31.400384888497197,-2.1590049906202053,0.682842712474619,0,1552.18505859375
49224,5,41,47,32,2,35.66812679859726,-2.0811437847087095,0.8513997106635237,0,1552.18505859375
49224,5,41,47,33,2,40.105440622138296,-2.0202065528752735,0.682842712474619,0,1552.18505859375
49224,5,41,47,34,2,34.095498068961206,-1.9914512818981387,0.613407053921902,0,1552.18505859375
49224,5,41,47,35,2,16.115998934622308,-0.06974565412828482,0.613407053921902,0,1552.18505859375
49224,5,41,47,36,2,12.626864314271456,-0.08906375978140457,0.8513997106635237,0,1552.18505859375
49224,5,41,47,37,2,13.988166448325913,-0.4530779317187663,0.682842712474619,0,1552.18505859375
49224,5,41,47,38,2,13.160798009086422,0.29901457981924096,0.682842712474619,0,1552.18505859375
49224,5,41,47,39,2,10.70836898505889,-0.345156295759085,0.848528137423857,0,1552.18505859375
49224,5,41,47,40,2,10.170450734609666,0.13579842841147394,0.848528137423857,0,1552.18505859375
49224,5,41,47,41,2,12.247954888545863,-0.9038125898167991,0.613407053921902,0,1552.18505859375
49224,5,41,47,42,2,9.741695449423592,-0.6796831610722529,0.8513997106635237,0,1552.18505859375
49224,5,41,47,43,2,7.659603909750913,-0.14715821959408526,0.848528137423857,0,1552.18505859375
49224,5,41,47,44,2,8.511077128026901,0.47294626134222817,0.8513997106635237,0,1552.18505859375
49224,5,41,47,45,2,10.574812771708466,0.772029241612739,0.613407053921902,0,1552.18505859375
49224,5,41,47,46,2,6.237066294614853,-0.6198335475834337,0.848528137423857,0,1552.18505859375
49224,5,41,47,47,2,5.260218416413127,0.2648404924250929,0.848528137423857,1,1552.18505859375
49224,5,41,47,48,2,6.643226616078201,-1.1724590157850248,0.6466890965784271,0,1552.18505859375
49224,5,41,47,49,,,,,0,1552.18505859375
49224,5,41,47,50,2,4.655133029513998,0.9841836672141051,0.6466890965784271,0,1552.18505859375
49224,5,41,47,51,,,,,0,1552.18505859375
49224,5,41,47,52,,,,,0,1552.18505859375
49224,5,41,47,53,2,25.030435598763884,-2.681106816916963,0.6466890965784271,0,1552.18505859375
49224,5,41,47,54,,,,,0,1552.18505859375
49224,5,41,47,55,2,22.45129194308801,-3.09154748176954,0.49033749051054326,0,1552.18505859375
49224,5,41,47,56,2,21.70924324693786,-2.733118870516766,0.765685424949238,0,1552.18505859375
49224,5,41,47,57,,,,,0,1552.18505859375
49224,5,41,47,58,2,22.746486439517444,-2.4433490284269244,0.613407053921902,0,1552.18505859375
49224,5,41,47,59,2,20.671015374688704,-2.573409252159512,0.8513997106635237,0,1552.18505859375
49224,5,41,47,60,,,,,0,1552.18505859375
49224,5,41,47,61,2,17.45934363802142,-3.0772210566521587,0.6857142857142857,0,1552.18505859375
49224,5,41,47,62,2,17.58456458226887,-3.2771768041151663,0.613407053921902,0,1552.18505859375
49224,5,41,47,63,2,17.235411591008425,-2.6176317932496733,0.765685424949238,0,1552.18505859375
49224,5,41,47,64,,,,,0,1552.18505859375
49224,5,41,47,65,2,16.675102607701316,-2.4113519821165683,0.6466890965784271,0,1552.18505859375
49224,5,41,47,66,,,,,0,1552.18505859375
49224,5,41,47,67,2,12.473846665213964,-3.051433389890043,0.49033749051054326,0,1552.18505859375
49224,5,41,47,68,,,,,0,1552.18505859375
49224,5,42,43,1,2,27.451717592158296,-1.2584071597258033,0.613407053921902,0,1552.385009765625
49224,5,42,43,2,2,21.692347968190937,-1.341201008860749,0.682842712474619,0,1552.385009765625
49224,5,42,43,3,2,26.585504669803175,-1.3840162628009804,0.8513997106635237,0,1552.385009765625
49224,5,42,43,4,2,31.512222338692254,-1.4134846397475929,0.682842712474619,0,1552.385009765625
49224,5,42,43,5,2,23.748461198771174,-1.4680058133109966,0.848528137423857,0,1552.385009765625
49224,5,42,43,6,2,28.726651518835062,-1.4858664143712916,0.848528137423857,0,1552.385009765625
49224,5,42,43,7,2,17.623223069246425,-1.5743813750506586,0.613407053921902,0,1552.385009765625
49224,5,42,43,8,2,21.123204304057506,-1.5737873533021494,0.8513997106635237,0,1552.385009765625
49224,5,42,43,9,2,26.12318621925745,-1.5732148691140053,0.848528137423857,0,1552.385009765625
49224,5,42,43,10,2,31.123173945165863,-1.5728263258332962,0.8513997106635237,0,1552.385009765625
49224,5,42,43,11,2,34.62316746260494,-1.5726211166532837,0.613407053921902,0,1552.385009765625
49224,5,42,43,12,2,23.76175938366972,-1.678876581610728,0.848528137423857,0,1552.385009765625
49224,5,42,43,13,2,28.73764616635233,-1.6601074224471823,0.848528137423857,0,1552.385009765625
49224,5,42,43,14,2,21.721453905501573,-1.8060563084812202,0.682842712474619,0,1552.385009765625
49224,5,42,43,15,2,26.609258876261066,-1.7622425351843165,0.8513997106635237,0,1552.385009765625
49224,5,42,43,16,2,31.53226531854201,-1.7320658637844228,0.682842712474619,0,1552.385009765625
49224,5,42,43,17,2,27.490815152199318,-1.8875594913630795,0.613407053921902,0,1552.385009765625
49224,5,42,43,18,2,45.77264482632416,-2.3938982108223783,0.6034068236642477,0,1552.385009765625
49224,5,42,43,19,2,43.27173158781963,-2.338873226767946,0.8513997106635237,0,1552.385009765625
49224,5,42,43,20,,,,,0,1552.385009765625
49224,5,42,43,21,2,46.99653022068072,-2.2648903684208945,0.682842712474619,0,1552.385009765625
49224,5,42,43,22,2,39.73677522990315,-2.3373321637149496,0.848528137423857,0,1552.385009765625
49224,5,42,43,23,2,43.47691805828575,-2.257475780165228,0.848528137423857,0,1552.385009765625
49224,5,42,43,24,2,33.76341345321661,-2.4073191195067816,0.6034068236642477,0,1552.385009765625
49224,5,42,43,25,2,36.201931671326356,-2.335490149352006,0.8513997106635237,0,1552.385009765625
49224,5,42,43,26,2,39.96011705326238,-2.248755556847879,0.848528137423857,0,1552.385009765625
49224,5,42,43,27,2,43.96637411801751,-2.1773671451201086,0.8513997106635237,0,1552.385009765625
49224,5,42,43,28,2,46.88447314205433,-2.134798905098151,0.613407053921902,0,1552.385009765625
49224,5,42,43,29,2,36.44694096867347,-2.238353299292562,0.848528137423857,0,1552.385009765625
49224,5,42,43,30,2,40.49210545463174,-2.1618354508976916,0.848528137423857,0,1552.385009765625
49224,5,42,43,31,2,32.938549710597556,-2.225733467206625,0.682842712474619,0,1552.385009765625
49224,5,42,43,32,2,37.02943633398374,-2.1433938109941493,0.8513997106635237,0,1552.385009765625
49224,5,42,43,33,2,41.32082106381242,-2.077784519188903,0.682842712474619,0,1552.385009765625
49224,5,42,43,34,2,35.25601927932367,-2.0598573871291084,0.613407053921902,0,1552.385009765625
49224,5,42,43,35,2,13.483675618557912,-0.08339065628059883,0.613407053921902,0,1552.385009765625
49224,5,42,43,36,2,10.0000883983596,-0.11254744355054846,0.8513997106635237,0,1552.385009765625
49224,5,42,43,37,2,11.671883573359318,-0.552249197113855,0.682842712474619,0,1552.385009765625
49224,5,42,43,38,2,10.66633347500243,0.3719897446036431,0.682842712474619,0,1552.385009765625
49224,5,42,43,39,2,8.272437180871709,-0.4533434393121276,0.848528137423857,0,1552.385009765625
49224,5,42,43,40,2,7.563208230401952,0.18307198213931297,0.848528137423857,0,1552.385009765625
49224,5,42,43,41,2,10.815564459170185,-1.0967893384813876,0.613407053921902,0,1552.385009765625
49224,5,42,43,42,2,7.86540945202035,-0.8922498009928708,0.8513997106635237,0,1552.385009765625
49224,5,42,43,43,2,5.062960366513077,-0.22368947667693662,0.848528137423857,1,1552.385009765625
49224,5,42,43,44,2,6.277138639366938,0.6657137125791301,0.7685569981889047,0,1552.385009765625
49224,5,42,43,45,2,8.876412607314919,0.9810227222380044,0.613407053921902,0,1552.385009765625
49224,5,42,43,46,2,4.366350490895645,-0.978713165318324,0.848528137423857,0,1552.385009765625
49224,5,42,43,47,,,,,0,1552.385009765625
49224,5,42,43,48,2,6.123435763181242,-1.5811142419754693,0.6466890965784271,0,1552.385009765625
49224,5,42,43,49,,,,,0,1552.385009765625
49224,5,42,43,50,2,3.8774049563734487,-4.696093863773614,0.5052677403411177,0,1552.385009765625
49224,5,42,43,51,,,,,0,1552.385009765625
49224,5,42,43,52,,,,,0,1552.385009765625
49224,5,42,43,53,2,27.420549998317608,-2.723904245436212,0.6466890965784271,0,1552.385009765625
49224,5,42,43,54,,,,,0,1552.385009765625
49224,5,42,43,55,2,25.088331268941307,-3.0968114656511743,0.49033749051054326,0,1552.385009765625
49224,5,42,43,56,2,24.1548155296987,-2.7765454330141925,0.765685424949238,0,1552.385009765625
49224,5,42,43,57,,,,,0,1552.385009765625
49224,5,42,43,58,2,24.826730176060117,-2.5117635305933224,0.613407053921902,0,1552.385009765625
49224,5,42,43,59,2,22.940243296712435,-2.6353744429052517,0.8513997106635237,0,1552.385009765625
49224,5,42,43,60,,,,,0,1552.385009765625
49224,5,42,43,61,2,20.094590470130566,-3.0856723612604346,0.6857142857142857,0,1552.385009765625
49224,5,42,43,62,2,20.20348478455457,-3.2595132850807147,0.613407053921902,0,1552.385009765625
49224,5,42,43,63,2,19.56587114278067,-2.6851898132940812,0.765685424949238,0,1552.385009765625
49224,5,42,43,64,,,,,0,1552.385009765625
49224,5,42,43,65,2,18.72492891346944,-2.5055373095708164,0.6466890965784271,0,1552.385009765625
49224,5,42,43,66,,,,,0,1552.385009765625
49224,5,42,43,67,2,15.104991442049418,-3.0671704172200425,0.49033749051054326,0,1552.385009765625
49224,5,42,43,68,,,,,0,1552.385009765625
49224,5,43,40,1,2,26.811565922570093,-1.343691824372211,0.613407053921902,0,1552.60205078125
49224,5,43,40,2,2,21.2748966193375,-1.4512718585586313,0.682842712474619,0,1552.60205078125
49224,5,43,40,3,2,26.245996348749024,-1.47398967375982,0.8513997106635237,0,1552.60205078125
49224,5,43,40,4,2,31.226325792728094,-1.489466899470754,0.682842712474619,0,1552.60205078125
49224,5,43,40,5,2,23.62313851275084,-1.569237667408001,0.848528137423857,0,1552.60205078125
49224,5,43,40,6,2,28.623133500154395,-1.5695099399694659,0.848528137423857,0,1552.60205078125
49224,5,43,40,7,2,17.79441635244446,-1.7096665449782962,0.613407053921902,0,1552.60205078125
49224,5,43,40,8,2,21.266241370930523,-1.686882689912438,0.8513997106635237,0,1552.60205078125
49224,5,43,40,9,2,26.23898092955833,-1.6648095739138211,0.848528137423857,0,1552.60205078125
49224,5,43,40,10,2,31.22042950372039,-1.64977481024553,0.8513997106635237,0,1552.60205078125
49224,5,43,40,11,2,34.710617786482985,-1.641819310143255,0.613407053921902,0,1552.60205078125
49224,5,43,40,12,2,24.138858073152317,-1.7778828445916433,0.848528137423857,0,1552.60205078125
49224,5,43,40,13,2,29.05022490878237,-1.7424868219528244,0.848528137423857,0,1552.60205078125
49224,5,43,40,14,2,22.40278594125864,-1.910424181399119,0.682842712474619,0,1552.60205078125
49224,5,43,40,15,2,27.168288796037643,-1.8490759516512134,0.8513997106635237,0,1552.60205078125
49224,5,43,40,16,2,32.0054216388404,-1.8061478726548528,0.682842712474619,0,1552.60205078125
49224,5,43,40,17,2,28.330340153678524,-1.9681468309030876,0.613407053921902,0,1552.60205078125
49224,5,43,40,18,2,47.56046941330659,-2.428216629638132,0.613407053921902,0,1552.60205078125
49224,5,43,40,19,2,44.972280281256,-2.3772661935372694,0.8513997106635237,0,1552.60205078125
49224,5,43,40,20,2,41.66863203323092,-2.4639926228397497,0.682842712474619,0,1552.60205078125
49224,5,43,40,21,2,48.56683119033911,-2.302882636726262,0.682842712474619,0,1552.60205078125
49224,5,43,40,22,2,41.437598225123196,-2.379063938867225,0.848528137423857,0,1552.60205078125
49224,5,43,40,23,2,45.03671440993206,-2.298699446503915,0.848528137423857,0,1552.60205078125
49224,5,43,40,24,2,35.5813340238261,-2.452529989476992,0.613407053921902,0,1552.60205078125
49224,5,43,40,25,2,37.9030750683585,-2.3811969775314115,0.8513997106635237,0,1552.60205078125
49224,5,43,40,26,2,41.50751977428509,-2.2938048029993428,0.848528137423857,0,1552.60205078125
49224,5,43,40,27,2,45.37736545886855,-2.22083549461395,0.8513997106635237,0,1552.60205078125
49224,5,43,40,28,2,48.21013446061161,-2.176883248088763,0.613407053921902,0,1552.60205078125
49224,5,43,40,29,2,37.97950435147297,-2.2880006456538746,0.848528137423857,0,1552.60205078125
49224,5,43,40,30,2,41.87688919868097,-2.209442179560862,0.848528137423857,0,1552.60205078125
49224,5,43,40,31,2,34.453030400161325,-2.281008030384516,0.682842712474619,0,1552.60205078125
49224,5,43,40,32,2,38.382839940909655,-2.1959725386996167,0.8513997106635237,0,1552.60205078125
49224,5,43,40,33,2,42.53790662579129,-2.12712774017074,0.682842712474619,0,1552.60205078125
49224,5,43,40,34,2,36.44516627498446,-2.1180229400645714,0.613407053921902,0,1552.60205078125
49224,5,43,40,35,2,11.093817217797447,-0.10141118793965598,0.613407053921902,0,1552.60205078125
49224,5,43,40,36,2,7.62004183585131,-0.14792784949797588,0.8513997106635237,0,1552.60205078125
49224,5,43,40,37,2,9.710619741045008,-0.682272055690869,0.682842712474619,0,1552.60205078125
49224,5,43,40,38,2,8.475490511178416,0.4750958620719401,0.682842712474619,0,1552.60205078125
49224,5,43,40,39,2,6.204553538268324,-0.6235782296550572,0.848528137423857,0,1552.60205078125
49224,5,43,40,40,2,5.221626799589296,0.2668454875614008,0.848528137423857,1,1552.60205078125
49224,5,43,40,41,2,9.951869189297351,-1.3130427971820435,0.613407053921902,0,1552.60205078125
49224,5,43,40,42,2,6.6278149972937355,-1.1780212359891715,0.8513997106635237,0,1552.60205078125
49224,5,43,40,43,,,,,0,1552.60205078125
49224,5,43,40,44,2,4.63311291555193,0.9913732815558092,0.7685569981889047,0,1552.60205078125
49224,5,43,40,45,2,7.800895241298907,1.2395772750620466,0.613407053921902,0,1552.60205078125
49224,5,43,40,46,2,3.623296909227383,-1.5606340225819746,0.765685424949238,0,1552.60205078125
49224,5,43,40,47,,,,,0,1552.60205078125
49224,5,43,40,48,2,6.599979357659422,-1.9532631562497502,0.6466890965784271,0,1552.60205078125
49224,5,43,40,49,,,,,0,1552.60205078125
49224,5,43,40,50,2,4.593204891079084,-4.146382040495515,0.49033749051054326,0,1552.60205078125
49224,5,43,40,51,,,,,0,1552.60205078125
49224,5,43,40,52,,,,,0,1552.60205078125
49224,5,43,40,53,2,29.630217770250574,-2.756767045600047,0.6466890965784271,0,1552.60205078125
49224,5,43,40,54,,,,,0,1552.60205078125
49224,5,43,40,55,2,27.486134845815904,-3.1007203160918664,0.49033749051054326,0,1552.60205078125
49224,5,43,40,56,2,26.410572846558235,-2.808992074423731,0.765685424949238,0,1552.60205078125
49224,5,43,40,57,,,,,0,1552.60205078125
49224,5,43,40,58,2,26.803540399578342,-2.5645279014974256,0.613407053921902,0,1552.60205078125
49224,5,43,40,59,2,25.066272344113997,-2.681815890711131,0.8513997106635237,0,1552.60205078125
49224,5,43,40,60,,,,,0,1552.60205078125
49224,5,43,40,61,2,22.49123858037161,-3.0916364409656567,0.6857142857142857,0,1552.60205078125
49224,5,43,40,62,2,22.58858216348831,-3.247013102895821,0.613407053921902,0,1552.60205078125
49224,5,43,40,63,2,21.74595507675348,-2.7338494443607084,0.765685424949238,0,1552.60205078125
49224,5,43,40,64,,,,,0,1552.60205078125
49224,5,43,40,65,2,20.70473891035855,-2.574448736784573,0.6466890965784271,0,1552.60205078125
49224,5,43,40,66,,,,,0,1552.60205078125
49224,5,43,40,67,2,17.499257612710824,-3.077368083966015,0.49033749051054326,0,1552.60205078125
49224,5,43,40,68,,,,,0,1552.60205078125
49224,5,44,36,1,2,26.34303044667088,-1.4414906131135474,0.613407053921902,0,1552.802001953125
49224,5,44,36,2,2,21.123361817207613,-1.575680982127906,0.682842712474619,0,1552.802001953125
49224,5,44,36,3,2,26.123313584530454,-1.5747460630939396,0.8513997106635237,0,1552.802001953125
49224,5,44,36,4,2,31.12328084908084,-1.5741115338626448,0.682842712474619,0,1552.802001953125
49224,5,44,36,5,2,23.76610744750583,-1.680549829163964,0.848528137423857,0,1552.802001953125
49224,5,44,36,6,2,28.74124147251543,-1.661493603046859,0.848528137423857,0,1552.802001953125
49224,5,44,36,7,2,18.34710999189073,-1.8526599937406443,0.613407053921902,0,1552.802001953125
49224,5,44,36,8,2,21.73081254295547,-1.8078463075685238,0.8513997106635237,0,1552.802001953125
49224,5,44,36,9,2,26.616898992033605,-1.7637178828559505,0.848528137423857,0,1552.802001953125
49224,5,44,36,10,2,31.538712880001434,-1.7333176885468964,0.8513997106635237,0,1552.802001953125
49224,5,44,36,11,2,34.997173869466984,-1.7171349901278123,0.613407053921902,0,1552.802001953125
49224,5,44,36,12,2,24.816519951894914,-1.8821796725789428,0.848528137423857,0,1552.802001953125
49224,5,44,36,13,2,29.615718135777954,-1.8304313860882988,0.848528137423857,0,1552.802001953125
49224,5,44,36,14,2,23.414952767269828,-2.0169335867891114,0.682842712474619,0,1552.802001953125
49224,5,44,36,15,2,28.008768471115,-1.9398306036032191,0.8513997106635237,0,1552.802001953125
49224,5,44,36,16,2,32.72189189890424,-1.884684374882767,0.682842712474619,0,1552.802001953125
49224,5,44,36,17,2,29.452731126162313,-2.050892868569019,0.613407053921902,0,1552.802001953125
49224,5,44,36,18,2,49.58682754065933,-2.4630633900549634,0.613407053921902,0,1552.802001953125
49224,5,44,36,19,2,46.91355034556227,-2.416220331614435,0.8513997106635237,0,1552.802001953125
49224,5,44,36,20,2,43.75671500296334,-2.501826296934037,0.682842712474619,0,1552.802001953125
49224,5,44,36,21,2,50.369755848134254,-2.341875898197886,0.682842712474619,0,1552.802001953125
49224,5,44,36,22,2,43.384902411782356,-2.421109055798192,0.848528137423857,0,1552.802001953125
49224,5,44,36,23,2,46.83461172525003,-2.340795027754931,0.848528137423857,0,1552.802001953125
49224,5,44,36,24,2,37.65642760288895,-2.4971201329260486,0.613407053921902,0,1552.802001953125
49224,5,44,36,25,2,39.85747493926517,-2.4268632527352327,0.8513997106635237,0,1552.802001953125
49224,5,44,36,26,2,43.299531252765306,-2.339537665781614,0.848528137423857,0,1552.802001953125
49224,5,44,36,27,2,47.02212782174206,-2.2655442162209987,0.8513997106635237,0,1552.802001953125
49224,5,44,36,28,2,49.76135321317923,-2.2205006437915555,0.613407053921902,0,1552.802001953125
49224,5,44,36,29,2,39.764531406310724,-2.338056746385761,0.848528137423857,0,1552.802001953125
49224,5,44,36,30,2,43.5022879414235,-2.258186873558116,0.848528137423857,0,1552.802001953125
49224,5,44,36,31,2,36.22963578643518,-2.3362868382894817,0.682842712474619,0,1552.802001953125
49224,5,44,36,32,2,39.98521736082966,-2.249534698448709,0.8513997106635237,0,1552.802001953125
49224,5,44,36,33,2,43.98918850772133,-2.1781142441070322,0.682842712474619,0,1552.802001953125
49224,5,44,36,34,2,37.88595185383771,-2.1775652221647093,0.613407053921902,0,1552.802001953125
49224,5,44,36,35,2,8.471597424487227,-0.13296500916489884,0.613407053921902,0,1552.802001953125
49224,5,44,36,36,2,5.0239648131792265,-0.2254556401953398,0.7685569981889047,1,1552.802001953125
49224,5,44,36,37,2,7.840364826914103,-0.8962214893158793,0.682842712474619,0,1552.802001953125
49224,5,44,36,38,2,6.2457284818517484,0.6696691943535753,0.5638463841038082,0,1552.802001953125
49224,5,44,36,39,2,4.34415367934774,-0.9863536608482072,0.848528137423857,0,1552.802001953125
49224,5,44,36,40,,,,,0,1552.802001953125
49224,5,44,36,41,2,9.62366295430447,-1.5815180144715606,0.613407053921902,0,1552.802001953125
49224,5,44,36,42,2,6.123979093327968,-1.5876456354464332,0.8513997106635237,0,1552.802001953125
49224,5,44,36,43,,,,,0,1552.802001953125
49224,5,44,36,44,2,3.8782629598082163,-4.685781164325595,0.6857142857142857,0,1552.802001953125
49224,5,44,36,45,2,7.377611731643663,-4.6984029779656815,0.613407053921902,0,1552.802001953125
49224,5,44,36,46,2,4.461330575758397,-2.19382634019008,0.765685424949238,0,1552.802001953125
49224,5,44,36,47,,,,,0,1552.802001953125
49224,5,44,36,48,2,7.9708794528536355,-2.265591313735311,0.6466890965784271,0,1552.802001953125
49224,5,44,36,49,,,,,0,1552.802001953125
49224,5,44,36,50,2,6.408800426119277,-3.7912734584964305,0.49033749051054326,0,1552.802001953125
49224,5,44,36,51,,,,,0,1552.802001953125
49224,5,44,36,52,,,,,0,1552.802001953125
49224,5,44,36,53,2,32.09244481196477,-2.78765304174778,0.6466890965784271,0,1552.802001953125
49224,5,44,36,54,,,,,0,1552.802001953125
49224,5,44,36,55,2,30.124123516857825,-3.10430127256919,0.49033749051054326,0,1552.802001953125
49224,5,44,36,56,2,28.918740727481147,-2.8388029703912716,0.765685424949238,0,1552.802001953125
49224,5,44,36,57,,,,,0,1552.802001953125
49224,5,44,36,58,2,29.051763860652805,-2.6141250974456662,0.613407053921902,0,1552.802001953125
49224,5,44,36,59,2,27.4571159208792,-2.7244952008948813,0.8513997106635237,0,1552.802001953125
49224,5,44,36,60,,,,,0,1552.802001953125
49224,5,44,36,61,2,25.12829119423962,-3.096882725856511,0.6857142857142857,0,1552.802001953125
49224,5,44,36,62,2,25.21545656179888,-3.235996033689548,0.613407053921902,0,1552.802001953125
49224,5,44,36,63,2,24.192183984644103,-2.7771356948680896,0.765685424949238,0,1552.802001953125
49224,5,44,36,64,,,,,0,1552.802001953125
49224,5,44,36,65,2,22.975234827443916,-2.636218608941909,0.6466890965784271,0,1552.802001953125
49224,5,44,36,66,,,,,0,1552.802001953125
49224,5,44,36,67,2,20.134528030875078,-3.085783396590557,0.49033749051054326,0,1552.802001953125
49224,5,44,36,68,,,,,0,1552.802001953125
49224,5,45,35,1,2,26.13407056080519,-1.541833119577125,0.613407053921902,0,1553.01904296875
49224,5,45,35,2,2,21.30048828433562,-1.6999398135533017,0.682842712474619,0,1553.01904296875
49224,5,45,35,3,2,26.266745122419866,-1.675422555783145,0.8513997106635237,0,1553.01904296875
49224,5,45,35,4,2,31.243767338482353,-1.65870877245442,0.682842712474619,0,1553.01904296875
49224,5,45,35,5,2,24.197980222429493,-1.789207060199977,0.848528137423857,0,1553.01904296875
49224,5,45,35,6,2,29.099370182533807,-1.7519676845335639,0.848528137423857,0,1553.01904296875
49224,5,45,35,7,2,19.249177271807632,-1.9847806649743873,0.613407053921902,0,1553.01904296875
49224,5,45,35,8,2,22.497613081480658,-1.9221592861196257,0.8513997106635237,0,1553.01904296875
49224,5,45,35,9,2,27.24653542267454,-1.8589572949760442,0.848528137423857,0,1553.01904296875
49224,5,45,35,10,2,32.071869149055026,-1.814637683127206,0.8513997106635237,0,1553.01904296875
49224,5,45,35,11,2,35.478395671685064,-1.7908177692524685,0.613407053921902,0,1553.01904296875
49224,5,45,35,12,2,25.74828227393003,-1.9799357301788316,0.848528137423857,0,1553.01904296875
49224,5,45,35,13,2,30.40074239608349,-1.9144596479586244,0.848528137423857,0,1553.01904296875
49224,5,45,35,14,2,24.669300508463962,-2.113625130646553,0.682842712474619,0,1553.01904296875
49224,5,45,35,15,2,29.065537768153355,-2.024646479424744,0.8513997106635237,0,1553.01904296875
49224,5,45,35,16,2,33.630887349681956,-1.9594177189758764,0.682842712474619,0,1553.01904296875
49224,5,45,35,17,2,30.761302654487384,-2.12708650521134,0.613407053921902,0,1553.01904296875
49224,5,45,35,18,2,51.66863463689044,-2.4951384866391373,0.613407053921902,0,1553.01904296875
49224,5,45,35,19,2,48.92029793441012,-2.452029335167477,0.8513997106635237,0,1553.01904296875
49224,5,45,35,20,2,45.90168245082529,-2.536169497275405,0.682842712474619,0,1553.01904296875
49224,5,45,35,21,2,52.24391493912473,-2.378123435435672,0.682842712474619,0,1553.01904296875
49224,5,45,35,22,2,45.402247789041034,-2.4594807737955358,0.848528137423857,0,1553.01904296875
49224,5,45,35,23,2,48.70929277327408,-2.379715007476616,0.848528137423857,0,1553.01904296875
49224,5,45,35,24,2,39.79850361359052,-2.5369827027929674,0.613407053921902,0,1553.01904296875
49224,5,45,35,25,2,41.88714192450365,-2.468183392521241,0.8513997106635237,0,1553.01904296875
49224,5,45,35,26,2,45.17481330098178,-2.3815556341465873,0.848528137423857,0,1553.01904296875
49224,5,45,35,27,2,48.754434208117004,-2.3071542328152232,0.8513997106635237,0,1553.01904296875
49224,5,45,35,28,2,51.40142628056291,-2.2614084478976624,0.613407053921902,0,1553.01904296875
49224,5,45,35,29,2,41.64051285808799,-2.38370872102873,0.848528137423857,0,1553.01904296875
49224,5,45,35,30,2,45.223482940388834,-2.3033218338555366,0.848528137423857,0,1553.01904296875
49224,5,45,35,31,2,38.106441258540805,-2.3862611852624447,0.682842712474619,0,1553.01904296875
49224,5,45,35,32,2,41.693308378751496,-2.29884038063806,0.8513997106635237,0,1553.01904296875
49224,5,45,35,33,2,45.547371622748095,-2.2257292457904616,0.682842712474619,0,1553.01904296875
49224,5,45,35,34,2,39.45097854701004,-2.2325661245211803,0.613407053921902,0,1553.01904296875
49224,5,45,35,35,2,5.865352503388838,-0.19267193215936107,0.4815389220537701,1,1553.01904296875
49224,5,45,35,36,,,,,0,1553.01904296875
49224,5,45,35,37,2,6.5257730126845495,-1.2176710471842769,0.6466890965784271,0,1553.01904296875
49224,5,45,35,38,2,4.485924326488837,1.0436266076895375,0.5276927682076162,0,1553.01904296875
49224,5,45,35,39,2,3.6312616171246703,-1.6378147576206106,0.765685424949238,0,1553.01904296875
49224,5,45,35,40,,,,,0,1553.01904296875
49224,5,45,35,41,2,10.006461679760072,-1.8484924784452013,0.613407053921902,0,1553.01904296875
49224,5,45,35,42,2,6.7095086724716735,-1.9919893602244374,0.8513997106635237,0,1553.01904296875
49224,5,45,35,43,,,,,0,1553.01904296875
49224,5,45,35,44,2,4.749243126633437,-4.09659912834907,0.6857142857142857,0,1553.01904296875
49224,5,45,35,45,2,7.870421942522571,-4.356372960226562,0.613407053921902,0,1553.01904296875
49224,5,45,35,46,2,6.373213800343866,-2.5369231198550364,0.765685424949238,0,1553.01904296875
49224,5,45,35,47,,,,,0,1553.01904296875
49224,5,45,35,48,2,9.87164119277353,-2.4725023014555068,0.6466890965784271,0,1553.01904296875
49224,5,45,35,49,,,,,0,1553.01904296875
49224,5,45,35,50,2,8.659509425410054,-3.6057877452335054,0.49033749051054326,0,1553.01904296875
49224,5,45,35,51,,,,,0,1553.01904296875
49224,5,45,35,52,,,,,0,1553.01904296875
49224,5,45,35,53,2,34.58091039979088,-2.8141161903933036,0.6466890965784271,0,1553.01904296875
49224,5,45,35,54,,,,,0,1553.01904296875
49224,5,45,35,55,2,32.76243531436983,-3.1073055228275406,0.49033749051054326,0,1553.01904296875
49224,5,45,35,56,2,31.448496281768314,-2.8638371777586844,0.765685424949238,0,1553.01904296875
49224,5,45,35,57,,,,,0,1553.01904296875
49224,5,45,35,58,2,31.361111899739917,-2.656509849882058,0.613407053921902,0,1553.01904296875
49224,5,45,35,59,2,29.889924236529517,-2.7602836626685274,0.8513997106635237,0,1553.01904296875
49224,5,45,35,60,,,,,0,1553.01904296875
49224,5,45,35,61,2,27.76590309201876,-3.101132370321749,0.6857142857142857,0,1553.01904296875
49224,5,45,35,62,2,27.84481290640759,-3.227058707997415,0.613407053921902,0,1553.01904296875
49224,5,45,35,63,2,26.675384255367433,-2.8124192304679356,0.765685424949238,0,1553.01904296875
49224,5,45,35,64,,,,,0,1553.01904296875
49224,5,45,35,65,2,25.317499435224324,-2.686723556984818,0.6466890965784271,0,1553.01904296875
49224,5,45,35,66,,,,,0,1553.01904296875
49224,5,45,35,67,2,22.77089329171094,-3.092250466493984,0.49033749051054326,0,1553.01904296875
49224,5,45,35,68,,,,,0,1553.01904296875
49224,5,46,1,1,2,26.17473729046054,-1.6336145539971012,0.613407053921902,1,1553.302001953125
49224,5,46,1,2,2,21.740238266199153,-1.8096342909882517,0.682842712474619,0,1553.302001953125
49224,5,46,1,3,2,26.624594983701797,-1.765191994004729,0.8513997106635237,0,1553.302001953125
49224,5,46,1,4,2,31.545208134060676,-1.7345686715227868,0.682842712474619,0,1553.302001953125
49224,5,46,1,5,2,24.828800937097533,-1.8837128283300306,0.848528137423857,0,1553.302001953125
49224,5,46,1,6,2,29.62600975745914,-1.8317359554484827,0.848528137423857,0,1553.302001953125
49224,5,46,1,7,2,20.33366384052165,-2.0930518846029003,0.613407053921902,0,1553.302001953125
49224,5,46,1,8,2,23.432235358622354,-2.018473147024653,0.8513997106635237,0,1553.302001953125
49224,5,46,1,9,2,28.023218089236657,-1.9411615441254726,0.848528137423857,0,1553.302001953125
49224,5,46,1,10,2,32.73426110746918,-1.8858463258421767,0.8513997106635237,0,1553.302001953125
49224,5,46,1,11,2,36.07829844899152,-1.8557815090321503,0.613407053921902,0,1553.302001953125
49224,5,46,1,12,2,26.793675559817785,-2.062208479993932,0.848528137423857,0,1553.302001953125
49224,5,46,1,13,2,31.2910873601386,-1.9867365629966536,0.848528137423857,0,1553.302001953125
49224,5,46,1,14,2,25.990408768094305,-2.192775128779751,0.682842712474619,0,1553.302001953125
49224,5,46,1,15,2,30.19490761879695,-2.09614422233487,0.8513997106635237,0,1553.302001953125
49224,5,46,1,16,2,34.61160996374961,-2.0236318798385864,0.682842712474619,0,1553.302001953125
49224,5,46,1,17,2,32.093373645181266,-2.190635191803189,0.613407053921902,0,1553.302001953125
49224,5,46,1,18,2,53.60386366912438,-2.5221110370608013,0.613407053921902,0,1553.302001953125
49224,5,46,1,19,2,50.794901461037796,-2.4820934652286346,0.8513997106635237,0,1553.302001953125
49224,5,46,1,20,2,47.89458128287052,-2.5646913821544457,0.682842712474619,0,1553.302001953125
49224,5,46,1,21,2,54.00326946224264,-2.4088565928438648,0.682842712474619,0,1553.302001953125
49224,5,46,1,22,2,47.28943453176021,-2.4914814321656324,0.848528137423857,0,1553.302001953125
49224,5,46,1,23,2,50.47298006368044,-2.4125437740537325,0.848528137423857,0,1553.302001953125
49224,5,46,1,24,2,41.79530420403942,-2.569629807121402,0.613407053921902,0,1553.302001953125
49224,5,46,1,25,2,43.78880247541293,-2.502371505640941,0.8513997106635237,0,1553.302001953125
49224,5,46,1,26,2,46.9434800627923,-2.416785470367631,0.848528137423857,0,1553.302001953125
49224,5,46,1,27,2,50.39763306526237,-2.3424449487286347,0.8513997106635237,0,1553.302001953125
49224,5,46,1,28,2,52.96256401745823,-2.2963467819653554,0.613407053921902,0,1553.302001953125
49224,5,46,1,29,2,43.414961986657005,-2.4217167491111233,0.848528137423857,0,1553.302001953125
49224,5,46,1,30,2,46.86245856202939,-2.3414076483270296,0.848528137423857,0,1553.302001953125
49224,5,46,1,31,2,39.88768642325557,-2.4275203383243458,0.682842712474619,0,1553.302001953125
49224,5,46,1,32,2,43.32734271075271,-2.3402010779477456,0.8513997106635237,0,1553.302001953125
49224,5,46,1,33,2,47.04773878253943,-2.266197181056045,0.682842712474619,0,1553.302001953125
49224,5,46,1,34,2,40.969579452973186,-2.2787965463940747,0.613407053921902,0,1553.302001953125
49224,5,46,1,35,,,,,0,1553.302001953125
49224,5,46,1,36,,,,,0,1553.302001953125
49224,5,46,1,37,2,6.124783368838597,-1.5941738792517315,0.6466890965784271,0,1553.302001953125
49224,5,46,1,38,2,3.8795328282029278,-4.6754768246833915,0.49033749051054326,0,1553.302001953125
49224,5,46,1,39,2,4.484781961596159,-2.201067784896485,0.765685424949238,0,1553.302001953125
49224,5,46,1,40,,,,,0,1553.302001953125
49224,5,46,1,41,2,10.911298459326357,-2.061630577456291,0.613407053921902,0,1553.302001953125
49224,5,46,1,42,2,7.99654083625936,-2.269432898143293,0.8513997106635237,0,1553.302001953125
49224,5,46,1,43,,,,,0,1553.302001953125
49224,5,46,1,44,2,6.440688549826477,-3.7875174969440013,0.6857142857142857,0,1553.302001953125
49224,5,46,1,45,2,8.992813812891475,-4.10354454060646,0.613407053921902,0,1553.302001953125
49224,5,46,1,46,2,8.458425578901783,-2.6989341005599417,0.765685424949238,0,1553.302001953125
49224,5,46,1,47,,,,,0,1553.302001953125
49224,5,46,1,48,2,11.848052978305137,-2.5984802394685413,0.6466890965784271,0,1553.302001953125
49224,5,46,1,49,,,,,0,1553.302001953125
49224,5,46,1,50,2,10.858828805475643,-3.506675358338529,0.49033749051054326,0,1553.302001953125
49224,5,46,1,51,,,,,0,1553.302001953125
49224,5,46,1,52,,,,,0,1553.302001953125
49224,5,46,1,53,2,36.861442290089286,-2.835060144438251,0.6466890965784271,0,1553.302001953125
49224,5,46,1,54,,,,,0,1553.302001953125
49224,5,46,1,55,2,35.16111106542973,-3.1096454012920427,0.49033749051054326,0,1553.302001953125
49224,5,46,1,56,2,33.76291651505654,-2.88332938528218,0.765685424949238,0,1553.302001953125
49224,5,46,1,57,,,,,0,1553.302001953125
49224,5,46,1,58,2,33.502925281195296,-2.689918259217231,0.613407053921902,0,1553.302001953125
49224,5,46,1,59,2,32.129958507206645,-2.7880844206834317,0.8513997106635237,0,1553.302001953125
49224,5,46,1,60,,,,,0,1553.302001953125
49224,5,46,1,61,2,30.164085222740024,-3.1043506994619023,0.6857142857142857,0,1553.302001953125
49224,5,46,1,62,2,30.23673706936959,-3.220283187567479,0.613407053921902,0,1553.302001953125
49224,5,46,1,63,2,28.956913467631793,-2.8392147624310895,0.765685424949238,0,1553.302001953125
49224,5,46,1,64,,,,,0,1553.302001953125
49224,5,46,1,65,2,27.493681813174078,-2.725084429869332,0.6466890965784271,0,1553.302001953125
49224,5,46,1,66,,,,,0,1553.302001953125
49224,5,46,1,67,2,25.16824076676718,-3.0969537411803376,0.49033749051054326,0,1553.302001953125
49224,5,46,1,68,,,,,0,1553.302001953125
49224,5,47,3,1,,,,,0,1555.968994140625
49224,5,47,3,2,2,8.390171122179213,-0.792482001382341,0.682842712474619,0,1555.968994140625
49224,5,47,3,3,2,6.768973605411216,-0.15406657927067235,0.765685424949238,1,1555.968994140625
49224,5,47,3,4,2,8.440558979241686,0.4799260469307358,0.682842712474619,0,1555.968994140625
49224,5,47,3,5,2,9.589118390867663,-0.41951318836481155,0.848528137423857,0,1555.968994140625
49224,5,47,3,6,2,9.611203032158887,0.10738034540021446,0.848528137423857,0,1555.968994140625
49224,5,47,3,7,2,14.492638021060436,-0.7834598410927929,0.613407053921902,0,1555.968994140625
49224,5,47,3,8,2,12.77041030497451,-0.559019073744939,0.8513997106635237,0,1555.968994140625
49224,5,47,3,9,2,11.768917179107978,-0.15672797857171972,0.848528137423857,0,1555.968994140625
49224,5,47,3,10,2,12.803571524383603,0.24446133977829287,0.8513997106635237,0,1555.968994140625
49224,5,47,3,11,2,14.542292334013894,0.4675335964756271,0.613407053921902,0,1555.968994140625
49224,5,47,3,12,2,14.478936404723436,-0.3308927482774078,0.848528137423857,0,1555.968994140625
49224,5,47,3,13,2,14.493572079488526,0.01599724833824623,0.848528137423857,0,1555.968994140625
49224,5,47,3,14,2,17.486331440738173,-0.4477860893782719,0.682842712474619,0,1555.968994140625
49224,5,47,3,15,2,16.76889440203653,-0.15780228456881407,0.8513997106635237,0,1555.968994140625
49224,5,47,3,16,2,17.510564002280333,0.13176860186850003,0.682842712474619,0,1555.968994140625
49224,5,47,3,17,2,20.26888514435899,-0.15823893371498854,0.613407053921902,0,1555.968994140625
49224,5,47,3,18,2,45.548806534269,-0.04940029812050217,0.613407053921902,0,1555.968994140625
49224,5,47,3,19,2,42.0721034792379,-0.040190703228326186,0.8513997106635237,0,1555.968994140625
49224,5,47,3,20,2,41.76886231340756,-0.15931578290220427,0.682842712474619,0,1555.968994140625
49224,5,47,3,21,2,42.95911921093129,0.07561875967703524,0.682842712474619,0,1555.968994140625
49224,5,47,3,22,2,39.35105679791936,-0.09567767977135211,0.848528137423857,0,1555.968994140625
49224,5,47,3,23,2,39.9866190534331,0.029428999952481716,0.848528137423857,0,1555.968994140625
49224,5,47,3,24,2,36.931052361265536,-0.2540913079886211,0.613407053921902,0,1555.968994140625
49224,5,47,3,25,2,36.768865240287866,-0.1591777330387909,0.8513997106635237,0,1555.968994140625
49224,5,47,3,26,2,37.1129826781647,-0.024043163402190704,0.848528137423857,0,1555.968994140625
49224,5,47,3,27,2,38.11558100673603,0.10628904644086856,0.8513997106635237,0,1555.968994140625
49224,5,47,3,28,2,39.18347021422387,0.19256334495872407,0.613407053921902,0,1555.968994140625
49224,5,47,3,29,2,34.363021741621125,-0.08627670072935834,0.848528137423857,0,1555.968994140625
49224,5,47,3,30,2,35.089048083788626,0.0563100223578239,0.848528137423857,0,1555.968994140625
49224,5,47,3,31,2,31.76886908847244,-0.1589962287575215,0.682842712474619,0,1555.968994140625
49224,5,47,3,32,2,32.166521033083505,-0.0029223852938322636,0.8513997106635237,0,1555.968994140625
49224,5,47,3,33,2,33.318299890347156,0.14583804612163842,0.682842712474619,0,1555.968994140625
49224,5,47,3,34,2,28.715034212816793,0.016185763487359006,0.613407053921902,0,1555.968994140625
49224,5,47,3,35,,,,,0,1555.968994140625
49224,5,47,3,36,,,,,0,1555.968994140625
49224,5,47,3,37,2,20.035829579221065,-1.6427283309553151,0.6466890965784271,0,1555.968994140625
49224,5,47,3,38,2,30.009771783620454,-1.6721509538443833,0.49033749051054326,0,1555.968994140625
49224,5,47,3,39,2,22.859716856752897,-1.5432838075426578,0.765685424949238,0,1555.968994140625
49224,5,47,3,40,,,,,0,1555.968994140625
49224,5,47,3,41,2,17.79521557535765,-1.3409264266604861,0.613407053921902,0,1555.968994140625
49224,5,47,3,42,2,21.074222994586037,-1.4041409405883356,0.8513997106635237,0,1555.968994140625
49224,5,47,3,43,,,,,0,1555.968994140625
49224,5,47,3,44,2,30.7127792686193,-1.5089112990216873,0.6857142857142857,0,1555.968994140625
49224,5,47,3,45,2,34.13543595525065,-1.5315105861297287,0.613407053921902,0,1555.968994140625
49224,5,47,3,46,2,24.295165417606473,-1.3396983419145982,0.765685424949238,0,1555.968994140625
49224,5,47,3,47,,,,,0,1555.968994140625
49224,5,47,3,48,2,23.169188218914535,-1.1983214782359064,0.6466890965784271,0,1555.968994140625
49224,5,47,3,49,,,,,0,1555.968994140625
49224,5,47,3,50,2,32.18638249789623,-1.3567999010336034,0.49033749051054326,0,1555.968994140625
49224,5,47,3,51,,,,,0,1555.968994140625
49224,5,47,3,52,2,44.94313304323363,-0.6204595507042696,0.613407053921902,0,1555.968994140625
49224,5,47,3,53,2,39.694802612238014,-0.5466863912471283,0.682842712474619,0,1555.968994140625
49224,5,47,3,54,2,41.836028996706105,-0.6576184154703513,0.8513997106635237,0,1555.968994140625
49224,5,47,3,55,2,44.43905140753941,-0.7566662637752302,0.682842712474619,0,1555.968994140625
49224,5,47,3,56,2,38.45934391496963,-0.631494580425997,0.848528137423857,0,1555.968994140625
49224,5,47,3,57,2,40.97190625487918,-0.7404480231680486,0.848528137423857,0,1555.968994140625
49224,5,47,3,58,2,33.77181915554004,-0.5064664345184353,0.613407053921902,0,1555.968994140625
49224,5,47,3,59,2,35.113942338145236,-0.6003682066924463,0.8513997106635237,0,1555.968994140625
49224,5,47,3,60,2,37.51752809441588,-0.7212373768391895,0.848528137423857,0,1555.968994140625
49224,5,47,3,61,2,40.39976339168314,-0.82622945295565,0.8513997106635237,0,1555.968994140625
49224,5,47,3,62,2,42.650838907998846,-0.8908045229205652,0.613407053921902,0,1555.968994140625
49224,5,47,3,63,2,34.07979939013671,-0.6981410446756962,0.848528137423857,0,1555.968994140625
49224,5,47,3,64,2,36.89185132601315,-0.8148041789323432,0.848528137423857,0,1555.968994140625
49224,5,47,3,65,2,30.66432028642799,-0.6698816350867154,0.682842712474619,0,1555.968994140625
49224,5,47,3,66,2,33.38976649240506,-0.8009800922343304,0.765685424949238,0,1555.968994140625
49224,5,47,3,67,2,36.598531038909634,-0.9107276069613399,0.682842712474619,0,1555.968994140625
49224,5,47,3,68,,,,,0,1555.968994140625
49224,5,48,9,1,,,,,0,1556.26904296875
49224,5,48,9,2,2,5.639825442778174,-1.0738316470497735,0.6466890965784271,0,1556.26904296875
49224,5,48,9,3,,,,,0,1556.26904296875
49224,5,48,9,4,2,5.714516204160724,1.0809070705072896,0.6466890965784271,0,1556.26904296875
49224,5,48,9,5,2,5.741415457977609,-0.4423309029991018,0.848528137423857,0,1556.26904296875
49224,5,48,9,6,2,5.7782249586190355,0.4555956359787705,0.848528137423857,0,1556.26904296875
49224,5,48,9,7,2,11.430188849620293,-0.832973723575344,0.613407053921902,0,1556.26904296875
49224,5,48,9,8,2,9.14855396693361,-0.572695578294494,0.8513997106635237,0,1556.26904296875
49224,5,48,9,9,2,7.6889577900519415,0.005514848335461009,0.848528137423857,1,1556.26904296875
49224,5,48,9,10,2,9.194786789725152,0.5804473317020356,0.8513997106635237,0,1556.26904296875
49224,5,48,9,11,2,11.493081686667713,0.8379373787215961,0.613407053921902,0,1556.26904296875
49224,5,48,9,12,2,10.481042892861039,-0.23668380141291268,0.848528137423857,0,1556.26904296875
49224,5,48,9,13,2,10.501251941235228,0.24453457601163153,0.848528137423857,0,1556.26904296875
49224,5,48,9,14,2,13.62293831545843,-0.372468073176218,0.682842712474619,0,1556.26904296875
49224,5,48,9,15,2,12.68891171685299,0.0033417601917877793,0.8513997106635237,0,1556.26904296875
49224,5,48,9,16,2,13.654029177110793,0.3782533161169439,0.682842712474619,0,1556.26904296875
49224,5,48,9,17,2,16.188896399097473,0.002619281053541478,0.613407053921902,0,1556.26904296875
49224,5,48,9,18,2,41.49634251517184,0.12181544792769006,0.613407053921902,0,1556.26904296875
49224,5,48,9,19,2,38.02465721178609,0.13300053950203328,0.8513997106635237,0,1556.26904296875
49224,5,48,9,20,2,37.68886471973562,0.0011250864251681758,0.682842712474619,0,1556.26904296875
49224,5,48,9,21,2,39.003827867084276,0.26040534020771533,0.682842712474619,0,1556.26904296875
49224,5,48,9,22,2,35.280565976720666,0.0721249434624367,0.848528137423857,0,1556.26904296875
49224,5,48,9,23,2,35.98808647106767,0.21114597056987483,0.848528137423857,0,1556.26904296875
49224,5,48,9,24,2,32.871192443440975,-0.10538116713962586,0.613407053921902,0,1556.26904296875
49224,5,48,9,25,2,32.688868368324464,0.0012971765355820342,0.8513997106635237,0,1556.26904296875
49224,5,48,9,26,2,33.07546140891987,0.1530482807627569,0.848528137423857,0,1556.26904296875
49224,5,48,9,27,2,34.19663988792249,0.2980600779949709,0.8513997106635237,0,1556.26904296875
49224,5,48,9,28,2,35.38300442546059,0.39275762207371456,0.613407053921902,0,1556.26904296875
49224,5,48,9,29,2,30.295708061982168,0.08401839815788392,0.848528137423857,0,1556.26904296875
49224,5,48,9,30,2,31.116779383287003,0.24482879316482054,0.848528137423857,0,1556.26904296875
49224,5,48,9,31,2,27.68887333462225,0.0015314179523386873,0.682842712474619,0,1556.26904296875
49224,5,48,9,32,2,28.144231003032555,0.18013556016874221,0.8513997106635237,0,1556.26904296875
49224,5,48,9,33,2,29.4537225315131,0.3479329162921081,0.682842712474619,0,1556.26904296875
49224,5,48,9,34,2,24.708821353707602,0.2055166829251449,0.613407053921902,0,1556.26904296875
49224,5,48,9,35,,,,,0,1556.26904296875
49224,5,48,9,36,,,,,0,1556.26904296875
49224,5,48,9,37,2,20.090971249051357,4.597099034682934,0.6466890965784271,0,1556.26904296875
49224,5,48,9,38,2,30.04661480612418,4.635393809609614,0.49033749051054326,0,1556.26904296875
49224,5,48,9,39,2,22.458390724960697,-1.5623877505204185,0.765685424949238,0,1556.26904296875
49224,5,48,9,40,,,,,0,1556.26904296875
49224,5,48,9,41,2,16.67580153812732,-1.408847258249513,0.613407053921902,0,1556.26904296875
49224,5,48,9,42,2,20.13791286084774,-1.43687504672907,0.8513997106635237,0,1556.26904296875
49224,5,48,9,43,,,,,0,1556.26904296875
49224,5,48,9,44,2,30.078023039563114,-1.4812812964114461,0.6857142857142857,0,1556.26904296875
49224,5,48,9,45,2,33.565468079867095,-1.4906030461354045,0.613407053921902,0,1556.26904296875
49224,5,48,9,46,2,23.049245597543738,-1.3437303670696834,0.765685424949238,0,1556.26904296875
49224,5,48,9,47,,,,,0,1556.26904296875
49224,5,48,9,48,2,21.387471637666422,-1.2030620656810722,0.6466890965784271,0,1556.26904296875
49224,5,48,9,49,,,,,0,1556.26904296875
49224,5,48,9,50,2,30.92856088843091,-1.319561695131759,0.49033749051054326,0,1556.26904296875
49224,5,48,9,51,,,,,0,1556.26904296875
49224,5,48,9,52,2,41.32720499161601,-0.5039824813165787,0.613407053921902,0,1556.26904296875
49224,5,48,9,53,2,35.948435551046344,-0.42913542394034776,0.682842712474619,0,1556.26904296875
49224,5,48,9,54,2,38.299686504675584,-0.5481279471893448,0.8513997106635237,0,1556.26904296875
49224,5,48,9,55,2,41.12714376351858,-0.6520788313680002,0.682842712474619,0,1556.26904296875
49224,5,48,9,56,2,34.87310995784053,-0.5242956411339037,0.848528137423857,0,1556.26904296875
49224,5,48,9,57,2,37.625918804998406,-0.6395881818287559,0.848528137423857,0,1556.26904296875
49224,5,48,9,58,2,29.965787699554248,-0.3923446272986042,0.613407053921902,0,1556.26904296875
49224,5,48,9,59,2,31.47064679835551,-0.49529047199259724,0.8513997106635237,0,1556.26904296875
49224,5,48,9,60,2,34.13176786654246,-0.6245373711482918,0.848528137423857,0,1556.26904296875
49224,5,48,9,61,2,37.27671586237496,-0.733565639841979,0.8513997106635237,0,1556.26904296875
49224,5,48,9,62,2,39.7052480528245,-0.7990892880847364,0.613407053921902,0,1556.26904296875
49224,5,48,9,63,2,30.64711062189628,-0.6060589104843843,0.848528137423857,0,1556.26904296875
49224,5,48,9,64,2,33.74642732585842,-0.7281376726946518,0.848528137423857,0,1556.26904296875
49224,5,48,9,65,2,27.175599372340535,-0.5828497347600679,0.682842712474619,0,1556.26904296875
49224,5,48,9,66,2,30.21736535561384,-0.7214416121629101,0.8513997106635237,0,1556.26904296875
49224,5,48,9,67,2,33.72929197038307,-0.8329787104675845,0.682842712474619,0,1556.26904296875
49224,5,48,9,68,2,27.686048525783335,-0.8050335927880572,0.613407053921902,0,1556.26904296875
49224,5,49,15,1,,,,,0,1556.6689453125
49224,5,49,15,2,2,5.709043392320463,4.193510894083152,0.6466890965784271,0,1556.6689453125
49224,5,49,15,3,,,,,0,1556.6689453125
49224,5,49,15,4,2,5.782840208583096,2.082401790935542,0.6466890965784271,0,1556.6689453125
49224,5,49,15,5,2,2.4798069050616816,4.578450226333764,0.765685424949238,0,1556.6689453125
49224,5,49,15,6,2,2.56387879933809,1.7003179554147412,0.765685424949238,0,1556.6689453125
49224,5,49,15,7,2,8.731257261023117,-1.319767525896172,0.613407053921902,0,1556.6689453125
49224,5,49,15,8,2,5.411254559349572,-1.1584025864945575,0.8513997106635237,0,1556.6689453125
49224,5,49,15,9,,,,,0,1556.6689453125
49224,5,49,15,10,2,5.489056415149054,1.1645950786726589,0.8513997106635237,0,1556.6689453125
49224,5,49,15,11,2,8.813430823272036,1.3221577409592742,0.613407053921902,0,1556.6689453125
49224,5,49,15,12,2,5.276167334066955,-0.4845294750789746,0.848528137423857,0,1556.6689453125
49224,5,49,15,13,2,5.316199201344784,0.49864618135163585,0.848528137423857,0,1556.6689453125
49224,5,49,15,14,2,8.716087158626005,-0.6050302625117738,0.682842712474619,0,1556.6689453125
49224,5,49,15,15,2,7.168975349941499,0.005914857606765578,0.8513997106635237,1,1556.6689453125
49224,5,49,15,16,2,8.764601518573025,0.612988725094523,0.682842712474619,0,1556.6689453125
49224,5,49,15,17,2,10.668934210292393,0.003974467545782678,0.613407053921902,0,1556.6689453125
49224,5,49,15,18,2,36.02350186542487,0.14043654590725008,0.613407053921902,0,1556.6689453125
49224,5,49,15,19,2,32.56164518314132,0.1554828465272844,0.8513997106635237,0,1556.6689453125
49224,5,49,15,20,2,32.168877891861364,0.0013181446226449012,0.682842712474619,0,1556.6689453125
49224,5,49,15,21,2,33.69992239225625,0.30259137539121883,0.682842712474619,0,1556.6689453125
49224,5,49,15,22,2,29.777583367388914,0.08548384405783271,0.848528137423857,0,1556.6689453125
49224,5,49,15,23,2,30.612554669826245,0.248946093236742,0.848528137423857,0,1556.6689453125
49224,5,49,15,24,2,27.387978801344406,-0.1265828241048761,0.613407053921902,0,1556.6689453125
49224,5,49,15,25,2,27.168883035023786,0.0015607280685965286,0.8513997106635237,0,1556.6689453125
49224,5,49,15,26,2,27.632810888183396,0.1835070333058797,0.848528137423857,0,1556.6689453125
49224,5,49,15,27,2,28.96543232533239,0.3540538252761798,0.8513997106635237,0,1556.6689453125
49224,5,49,15,28,2,30.356928242846365,0.4624094927338711,0.613407053921902,0,1556.6689453125
49224,5,49,15,29,2,24.799515554766653,0.1026986938985106,0.848528137423857,0,1556.6689453125
49224,5,49,15,30,2,25.796123816620533,0.2967200199017441,0.848528137423857,0,1556.6689453125
49224,5,49,15,31,2,22.168890498176033,0.0019127365435662735,0.682842712474619,0,1556.6689453125
49224,5,49,15,32,2,22.735077262490737,0.22364937658022455,0.8513997106635237,0,1556.6689453125
49224,5,49,15,33,2,24.337373940972494,0.4253427143319719,0.682842712474619,0,1556.6689453125
49224,5,49,15,34,2,19.337833087394895,0.263802384082805,0.613407053921902,0,1556.6689453125
49224,5,49,15,35,,,,,0,1556.6689453125
49224,5,49,15,36,,,,,0,1556.6689453125
49224,5,49,15,37,2,21.439043364170967,4.338460606400377,0.6466890965784271,0,1556.6689453125
49224,5,49,15,38,2,30.96424576746858,4.456702697507829,0.49033749051054326,0,1556.6689453125
49224,5,49,15,39,2,23.081698680783724,4.479315789383575,0.765685424949238,0,1556.6689453125
49224,5,49,15,40,,,,,0,1556.6689453125
49224,5,49,15,41,2,16.699338381187424,4.542029476078502,0.613407053921902,0,1556.6689453125
49224,5,49,15,42,2,20.15740756698358,4.571470962565581,0.8513997106635237,0,1556.6689453125
49224,5,49,15,43,,,,,0,1556.6689453125
49224,5,49,15,44,2,30.091078667918826,4.6181635859220815,0.6857142857142857,0,1556.6689453125
49224,5,49,15,45,2,33.57716773122723,4.6279710353758405,0.613407053921902,0,1556.6689453125
49224,5,49,15,46,2,22.460038144250262,4.6976444794271925,0.765685424949238,0,1556.6689453125
49224,5,49,15,47,,,,,0,1556.6689453125
49224,5,49,15,48,2,20.075098487234637,-1.4625482211996168,0.6466890965784271,0,1556.6689453125
49224,5,49,15,49,,,,,0,1556.6689453125
49224,5,49,15,50,2,30.03600364312075,-1.4985250901330467,0.49033749051054326,0,1556.6689453125
49224,5,49,15,51,,,,,0,1556.6689453125
49224,5,49,15,52,2,36.590764219145065,-0.5768986770154423,0.613407053921902,0,1556.6689453125
49224,5,49,15,53,2,31.014127566915246,-0.5032593456485985,0.682842712474619,0,1556.6689453125
49224,5,49,15,54,2,33.71130487723055,-0.6335567275104732,0.8513997106635237,0,1556.6689453125
49224,5,49,15,55,2,36.89211357884344,-0.7430026362697606,0.682842712474619,0,1556.6689453125
49224,5,49,15,56,2,30.221182023638626,-0.6158602670829221,0.848528137423857,0,1556.6689453125
49224,5,49,15,57,2,33.36009308582029,-0.738510849351075,0.848528137423857,0,1556.6689453125
49224,5,49,15,58,2,24.954647499696748,-0.47702327232109853,0.613407053921902,0,1556.6689453125
49224,5,49,15,59,2,26.742991778898045,-0.5935520256460998,0.8513997106635237,0,1556.6689453125
49224,5,49,15,60,2,29.828905059939842,-0.7329554389869308,0.848528137423857,0,1556.6689453125
49224,5,49,15,61,2,33.381724713735224,-0.844505069554081,0.8513997106635237,0,1556.6689453125
49224,5,49,15,62,2,36.0734351332901,-0.90898371533694,0.613407053921902,0,1556.6689453125
49224,5,49,15,63,2,26.29888483292048,-0.7259083878019035,0.848528137423857,0,1556.6689453125
49224,5,49,15,64,2,29.853095505222086,-0.8515011452525338,0.848528137423857,0,1556.6689453125
49224,5,49,15,65,2,22.770575527103503,-0.7166768659050611,0.682842712474619,0,1556.6689453125
49224,5,49,15,66,2,26.326319105112685,-0.8603722004924736,0.8513997106635237,0,1556.6689453125
49224,5,49,15,67,2,30.292755658951158,-0.9682232945369376,0.682842712474619,0,1556.6689453125
49224,5,49,15,68,2,24.18973187136936,-0.9702803282340344,0.613407053921902,0,1556.6689453125
49224,5,50,17,1,,,,,0,1557.0849609375
49224,5,50,17,2,2,8.505394375638383,3.763857240233916,0.6466890965784271,0,1557.0849609375
49224,5,50,17,3,,,,,0,1557.0849609375
49224,5,50,17,4,2,8.555103617592746,2.511273095431167,0.6466890965784271,0,1557.0849609375
49224,5,50,17,5,2,5.049555350161793,3.6498958637171017,0.765685424949238,0,1557.0849609375
49224,5,50,17,6,2,5.091369309493401,2.6187379331958027,0.765685424949238,0,1557.0849609375
49224,5,50,17,7,2,8.670837919390364,4.490153165671821,0.613407053921902,0,1557.0849609375
49224,5,50,17,8,2,5.313214918695686,4.344445720081039,0.8513997106635237,0,1557.0849609375
49224,5,50,17,9,,,,,0,1557.0849609375
49224,5,50,17,10,2,5.392431473357623,1.9330826222650672,0.8513997106635237,0,1557.0849609375
49224,5,50,17,11,2,8.753578682046017,1.7908967534827034,0.613407053921902,0,1557.0849609375
49224,5,50,17,12,2,2.5271581908256073,-1.3356250773579768,0.765685424949238,0,1557.0849609375
49224,5,50,17,13,2,2.6097051045588824,1.3431971580494744,0.765685424949238,0,1557.0849609375
49224,5,50,17,14,2,5.841127635941521,-1.0135973991979728,0.6466890965784271,0,1557.0849609375
49224,5,50,17,15,,,,,0,1557.0849609375
49224,5,50,17,16,2,5.9132762900077,1.02118151979306,0.6466890965784271,0,1557.0849609375
49224,5,50,17,17,2,6.588988372401341,0.006435512013253986,0.4815389220537701,1,1557.0849609375
49224,5,50,17,18,2,31.988769848471676,0.1582906116273617,0.613407053921902,0,1557.0849609375
49224,5,50,17,19,2,28.537859641492282,0.17762425641431978,0.8513997106635237,0,1557.0849609375
49224,5,50,17,20,2,28.0888839348631,0.001509609186833405,0.682842712474619,0,1557.0849609375
49224,5,50,17,21,2,29.83007651899032,0.3433608069097913,0.682842712474619,0,1557.0849609375
49224,5,50,17,22,2,25.71484312937389,0.0990308816955443,0.848528137423857,0,1557.0849609375
49224,5,50,17,23,2,26.677278522735623,0.286636552611647,0.848528137423857,0,1557.0849609375
49224,5,50,17,24,2,23.346307178463757,-0.14864718525002973,0.613407053921902,0,1557.0849609375
49224,5,50,17,25,2,23.08889086593596,0.0018365215208013819,0.8513997106635237,0,1557.0849609375
49224,5,50,17,26,2,23.633047066140342,0.21501530635080557,0.848528137423857,0,1557.0849609375
49224,5,50,17,27,2,25.178263360321505,0.41026472652090273,0.8513997106635237,0,1557.0849609375
49224,5,50,17,28,2,26.767363867023235,0.5304593949311391,0.613407053921902,0,1557.0849609375
49224,5,50,17,29,2,20.74523169022699,0.1228624912853673,0.848528137423857,0,1557.0849609375
49224,5,50,17,30,2,21.926893762968387,0.3511518091298942,0.848528137423857,0,1557.0849609375
49224,5,50,17,31,2,18.088901628678055,0.0023441589122263906,0.682842712474619,0,1557.0849609375
49224,5,50,17,32,2,18.77850884237871,0.2718561659809229,0.8513997106635237,0,1557.0849609375
49224,5,50,17,33,2,20.689524560864108,0.5068044799024216,0.682842712474619,0,1557.0849609375
49224,5,50,17,34,2,15.435686924860805,0.33278000299118515,0.613407053921902,0,1557.0849609375
49224,5,50,17,35,,,,,0,1557.0849609375
49224,5,50,17,36,,,,,0,1557.0849609375
49224,5,50,17,37,2,23.241796780028015,4.17430895813,0.6466890965784271,0,1557.0849609375
49224,5,50,17,38,2,32.238688762750776,4.3339530606644985,0.49033749051054326,0,1557.0849609375
49224,5,50,17,39,2,24.349812342234248,4.315557745739239,0.765685424949238,0,1557.0849609375
49224,5,50,17,40,,,,,0,1557.0849609375
49224,5,50,17,41,2,17.849830794692217,4.31481484014419,0.613407053921902,0,1557.0849609375
49224,5,50,17,42,2,21.12036071782937,4.37902167272005,0.8513997106635237,0,1557.0849609375
49224,5,50,17,43,,,,,0,1557.0849609375
49224,5,50,17,44,2,30.744455962475943,4.485658066555276,0.6857142857142857,0,1557.0849609375
49224,5,50,17,45,2,34.1639393202937,4.508689548530152,0.613407053921902,0,1557.0849609375
49224,5,50,17,46,2,22.88671842770677,4.51843693230118,0.765685424949238,0,1557.0849609375
49224,5,50,17,47,,,,,0,1557.0849609375
49224,5,50,17,48,2,20.048894137541335,4.6169196588968235,0.6466890965784271,0,1557.0849609375
49224,5,50,17,49,,,,,0,1557.0849609375
49224,5,50,17,50,2,30.018495827001924,4.648680208127429,0.5276927682076162,0,1557.0849609375
49224,5,50,17,51,2,25.008120429732664,-1.5072200664737982,0.4815389220537701,0,1557.0849609375
49224,5,50,17,52,2,33.245642061402016,-0.6438851069774465,0.613407053921902,0,1557.0849609375
49224,5,50,17,53,2,27.510448647471925,-0.5748465718859253,0.682842712474619,0,1557.0849609375
49224,5,50,17,54,2,30.51885896579173,-0.7127847444157251,0.8513997106635237,0,1557.0849609375
49224,5,50,17,55,2,33.999657650667345,-0.8242731149898215,0.682842712474619,0,1557.0849609375
49224,5,50,17,56,2,26.993860580435385,-0.7032823793961365,0.848528137423857,0,1557.0849609375
49224,5,50,17,57,2,30.467104831681656,-0.8287832107063409,0.848528137423857,0,1557.0849609375
49224,5,50,17,58,2,21.41221819536671,-0.5646216277755527,0.613407053921902,0,1557.0849609375
49224,5,50,17,59,2,23.47203155881656,-0.6909270640407543,0.8513997106635237,0,1557.0849609375
49224,5,50,17,60,2,26.93533428949373,-0.8344761795453857,0.848528137423857,0,1557.0849609375
49224,5,50,17,61,2,30.823500792017008,-0.9436301216457559,0.8513997106635237,0,1557.0849609375
49224,5,50,17,62,2,33.72004416556361,-1.004580707308937,0.613407053921902,0,1557.0849609375
49224,5,50,17,63,2,23.40470016361829,-0.8418870383882835,0.848528137423857,0,1557.0849609375
49224,5,50,17,64,2,27.337811864477565,-0.9640100073365803,0.848528137423857,0,1557.0849609375
49224,5,50,17,65,2,19.875808064352277,-0.8519301766686036,0.682842712474619,0,1557.0849609375
49224,5,50,17,66,2,23.866791028533086,-0.990331454355093,0.8513997106635237,0,1557.0849609375
49224,5,50,17,67,2,28.18154860521976,-1.0877856026113673,0.682842712474619,0,1557.0849609375
49224,5,50,17,68,2,22.141629355101465,-1.1229015396536308,0.613407053921902,0,1557.0849609375
49224,5,51,34,1,,,,,0,1557.385009765625
49224,5,51,34,2,2,12.057487972789101,3.565322531910314,0.6466890965784271,0,1557.385009765625
49224,5,51,34,3,,,,,0,1557.385009765625
49224,5,51,34,4,2,12.09260437774102,2.7114698735864735,0.6466890965784271,0,1557.385009765625
49224,5,51,34,5,2,8.839644303823341,3.4233247481899562,0.765685424949238,0,1557.385009765625
49224,5,51,34,6,2,8.863596540311397,2.850669693613665,0.765685424949238,0,1557.385009765625
49224,5,51,34,7,2,10.36459125402747,4.096064765365094,0.613407053921902,0,1557.385009765625
49224,5,51,34,8,2,7.776347112299921,3.8328709822725533,0.8513997106635237,0,1557.385009765625
49224,5,51,34,9,,,,,0,1557.385009765625
49224,5,51,34,10,2,7.830685719244693,2.4419704415761543,0.8513997106635237,0,1557.385009765625
49224,5,51,34,11,2,10.43390920899235,2.1824222392596564,0.613407053921902,0,1557.385009765625
49224,5,51,34,12,2,4.269410921326024,3.754965825352394,0.765685424949238,0,1557.385009765625
49224,5,51,34,13,2,4.318784762689807,2.5121616917373375,0.765685424949238,0,1557.385009765625
49224,5,51,34,14,2,5.055702978617,4.515066187828243,0.6466890965784271,0,1557.385009765625
49224,5,51,34,15,,,,,0,1557.385009765625
49224,5,51,34,16,2,5.1388906420164515,1.7648838122561752,0.6466890965784271,0,1557.385009765625
49224,5,51,34,17,,,,,0,1557.385009765625
49224,5,51,34,18,2,27.96717681056897,0.18128857814240718,0.613407053921902,0,1557.385009765625
49224,5,51,34,19,2,24.532651467293782,0.20701387541439442,0.8513997106635237,0,1557.385009765625
49224,5,51,34,20,2,24.00889326488016,0.0017661473482815104,0.682842712474619,0,1557.385009765625
49224,5,51,34,21,2,26.024508068876447,0.3961642623360846,0.682842712474619,0,1557.385009765625
49224,5,51,34,22,2,21.658593971251896,0.11765669095647802,0.848528137423857,0,1557.385009765625
49224,5,51,34,23,2,22.792953407201374,0.33726713633837013,0.848528137423857,0,1557.385009765625
49224,5,51,34,24,2,19.320755033369526,-0.17992688869468698,0.613407053921902,0,1557.385009765625
49224,5,51,34,25,2,19.008903114261656,0.0022307050565848474,0.8513997106635237,0,1557.385009765625
49224,5,51,34,26,2,19.666276460445943,0.25929426358192975,0.848528137423857,0,1557.385009765625
49224,5,51,34,27,2,21.498522322010736,0.4860314697671364,0.8513997106635237,0,1557.385009765625
49224,5,51,34,28,2,23.339521944073887,0.6190169737209712,0.613407053921902,0,1557.385009765625
49224,5,51,34,29,2,16.70347672236315,0.15280194671749192,0.848528137423857,0,1557.385009765625
49224,5,51,34,30,2,18.150211206094305,0.4285524254577535,0.848528137423857,0,1557.385009765625
49224,5,51,34,31,2,14.008919994430869,0.0030268775820643246,0.682842712474619,0,1557.385009765625
49224,5,51,34,32,2,14.888716251633944,0.3455059807358323,0.8513997106635237,0,1557.385009765625
49224,5,51,34,33,2,17.2365281838592,0.6219527056541043,0.682842712474619,0,1557.385009765625
49224,5,51,34,34,2,11.65598047715222,0.4473770760624298,0.613407053921902,1,1557.385009765625
49224,5,51,34,35,,,,,0,1557.385009765625
49224,5,51,34,36,,,,,0,1557.385009765625
49224,5,51,34,37,2,25.573860900986798,4.036882653112711,0.6466890965784271,0,1557.385009765625
49224,5,51,34,38,2,33.95842011873364,4.222074143426459,0.49033749051054326,0,1557.385009765625
49224,5,51,34,39,2,26.198370643532016,4.171426603786636,0.765685424949238,0,1557.385009765625
49224,5,51,34,40,,,,,0,1557.385009765625
49224,5,51,34,41,2,19.79034466925615,4.1235701914823375,0.613407053921902,0,1557.385009765625
49224,5,51,34,42,2,22.784005784322535,4.208989445078233,0.8513997106635237,0,1557.385009765625
49224,5,51,34,43,,,,,0,1557.385009765625
49224,5,51,34,44,2,31.9102311987462,4.360747290700916,0.6857142857142857,0,1557.385009765625
49224,5,51,34,45,2,35.21670104665573,4.394985984195595,0.613407053921902,0,1557.385009765625
49224,5,51,34,46,2,24.00923119495711,4.350906125977026,0.848528137423857,0,1557.385009765625
49224,5,51,34,47,,,,,0,1557.385009765625
49224,5,51,34,48,2,20.837453725852978,4.420754518370602,0.682842712474619,0,1557.385009765625
49224,5,51,34,49,2,25.666621233924822,4.476793954966806,0.7685569981889047,0,1557.385009765625
49224,5,51,34,50,2,30.5508005354108,4.515005462439289,0.5638463841038082,0,1557.385009765625
49224,5,51,34,51,2,25.08161550426279,4.61290343379344,0.613407053921902,0,1557.385009765625
49224,5,51,34,52,2,30.08245767054425,-0.7253932386578401,0.613407053921902,0,1557.385009765625
49224,5,51,34,53,2,24.18814381000484,-0.6666866074502806,0.682842712474619,0,1557.385009765625
49224,5,51,34,54,2,27.561608602586528,-0.8097409888032727,0.8513997106635237,0,1557.385009765625
49224,5,51,34,55,2,31.37225265343354,-0.9198832951136056,0.682842712474619,0,1557.385009765625
49224,5,51,34,56,2,24.027276286947565,-0.8133226086192193,0.848528137423857,0,1557.385009765625
49224,5,51,34,57,2,27.87267431657768,-0.9368916246428527,0.848528137423857,0,1557.385009765625
49224,5,51,34,58,2,18.097639772201415,-0.6855501369644661,0.613407053921902,0,1557.385009765625
49224,5,51,34,59,2,20.49335850407282,-0.8181395532993911,0.8513997106635237,0,1557.385009765625
49224,5,51,34,60,2,24.383472077724086,-0.9587755660985287,0.848528137423857,0,1557.385009765625
49224,5,51,34,61,2,28.620441617030412,-1.0593141307189544,0.8513997106635237,0,1557.385009765625
49224,5,51,34,62,2,31.71880918013685,-1.1133508382745347,0.613407053921902,0,1557.385009765625
49224,5,51,34,63,2,20.909840926518097,-0.9879485192263986,0.848528137423857,0,1557.385009765625
49224,5,51,34,64,2,25.234845261284793,-1.0972221621969664,0.848528137423857,0,1557.385009765625
49224,5,51,34,65,2,17.461076272081062,-1.028692503434399,0.682842712474619,0,1557.385009765625
49224,5,51,34,66,2,21.896692726713972,-1.1467789097797865,0.8513997106635237,0,1557.385009765625
49224,5,51,34,67,2,26.53377319863922,-1.2243854163514567,0.682842712474619,0,1557.385009765625
49224,5,51,34,68,2,20.703940727074485,-1.301474630101572,0.613407053921902,0,1557.385009765625
49224,5,52,30,1,,,,,0,1558.4520263671875
49224,5,52,30,2,2,23.184875693149674,2.3833411955462704,0.6466890965784271,0,1558.4520263671875
49224,5,52,30,3,,,,,0,1558.4520263671875
49224,5,52,30,4,2,22.45275176041481,1.942669153513049,0.6466890965784271,0,1558.4520263671875
49224,5,52,30,5,2,20.141069871860424,2.3000813773391173,0.765685424949238,0,1558.4520263671875
49224,5,52,30,6,2,19.721980020707036,2.0494358515757307,0.765685424949238,0,1558.4520263671875
49224,5,52,30,7,2,19.985931793582157,2.6253954798424344,0.613407053921902,0,1558.4520263671875
49224,5,52,30,8,2,18.452455931542577,2.4613813593835787,0.8513997106635237,0,1558.4520263671875
49224,5,52,30,9,,,,,0,1558.4520263671875
49224,5,52,30,10,2,17.523719086242185,1.9003470569146557,0.8513997106635237,0,1558.4520263671875
49224,5,52,30,11,2,18.510440050450757,1.7136255011260713,0.613407053921902,0,1558.4520263671875
49224,5,52,30,12,2,15.284546593925576,2.3678717799259767,0.765685424949238,0,1558.4520263671875
49224,5,52,30,13,2,14.727904295448345,2.0351585258382645,0.765685424949238,0,1558.4520263671875
49224,5,52,30,14,2,13.908551287040613,2.59170710786678,0.6466890965784271,0,1558.4520263671875
49224,5,52,30,15,,,,,0,1558.4520263671875
49224,5,52,30,16,2,12.650509855821896,1.8251833707360445,0.6466890965784271,0,1558.4520263671875
49224,5,52,30,17,,,,,0,1558.4520263671875
49224,5,52,30,18,2,16.632107891212737,-0.848551339797602,0.613407053921902,0,1558.4520263671875
49224,5,52,30,19,2,13.221525804756357,-0.7955354557244118,0.8513997106635237,0,1558.4520263671875
49224,5,52,30,20,2,12.904066965566876,-1.1799198321926063,0.682842712474619,0,1558.4520263671875
49224,5,52,30,21,2,15.26769612481995,-0.4730386603884206,0.682842712474619,0,1558.4520263671875
49224,5,52,30,22,2,10.32881938701017,-0.9697066066430539,0.848528137423857,0,1558.4520263671875
49224,5,52,30,23,2,11.831242972886706,-0.5348887342814773,0.848528137423857,0,1558.4520263671875
49224,5,52,30,24,2,9.354390146092546,-1.6357489322274987,0.613407053921902,0,1558.4520263671875
49224,5,52,30,25,2,7.972469833942055,-1.2612041049024758,0.8513997106635237,0,1558.4520263671875
49224,5,52,30,26,2,8.476678335711458,-0.6464497173695237,0.848528137423857,0,1558.4520263671875
49224,5,52,30,27,2,11.408237197793701,-0.23159353088225565,0.8513997106635237,0,1558.4520263671875
49224,5,52,30,28,2,14.166987548837847,-0.06196502288280714,0.613407053921902,0,1558.4520263671875
49224,5,52,30,29,2,5.360022474837105,-0.8947321655102399,0.848528137423857,0,1558.4520263671875
49224,5,52,30,30,2,7.8755089540145145,-0.21673658917514527,0.848528137423857,1,1558.4520263671875
49224,5,52,30,31,2,3.256624979084604,-1.588756635159406,0.682842712474619,0,1558.4520263671875
49224,5,52,30,32,2,4.347344776803618,-0.17774077645680764,0.765685424949238,0,1558.4520263671875
49224,5,52,30,33,2,8.785966478561457,0.19690265389930628,0.682842712474619,0,1558.4520263671875
49224,5,52,30,34,,,,,0,1558.4520263671875
49224,5,52,30,35,2,40.67050924432796,2.8067078473404936,0.613407053921902,0,1558.4520263671875
49224,5,52,30,36,2,38.0973567389139,2.866990140792868,0.8513997106635237,0,1558.4520263671875
49224,5,52,30,37,2,34.780776167964866,2.764154681880524,0.682842712474619,0,1558.4520263671875
49224,5,52,30,38,2,41.750626224501886,2.9526119132778406,0.682842712474619,0,1558.4520263671875
49224,5,52,30,39,2,34.56201419432076,2.8659764236289575,0.848528137423857,0,1558.4520263671875
49224,5,52,30,40,2,38.22615629139851,2.9596078696425696,0.848528137423857,0,1558.4520263671875
49224,5,52,30,41,2,28.691683814175033,2.7773196913012375,0.613407053921902,0,1558.4520263671875
49224,5,52,30,42,2,31.02671526031705,2.8647316915501646,0.8513997106635237,0,1558.4520263671875
49224,5,52,30,43,2,34.70393723327062,2.968024396653761,0.848528137423857,0,1558.4520263671875
49224,5,52,30,44,2,38.67905711281989,3.0508287996978787,0.8513997106635237,0,1558.4520263671875
49224,5,52,30,45,2,41.59343456471202,3.0991544916028553,0.613407053921902,0,1558.4520263671875
49224,5,52,30,46,2,31.18473174755794,2.9783414129640984,0.848528137423857,0,1558.4520263671875
49224,5,52,30,47,2,35.20218308305813,3.0682102850273703,0.848528137423857,0,1558.4520263671875
49224,5,52,30,48,2,27.669689713538695,2.9912813747207356,0.682842712474619,0,1558.4520263671875
49224,5,52,30,49,2,31.738272298433404,3.089393413257165,0.8513997106635237,0,1558.4520263671875
49224,5,52,30,50,2,36.04197730612877,3.1646650201798168,0.682842712474619,0,1558.4520263671875
49224,5,52,30,51,2,29.985599823725522,3.187636947544926,0.613407053921902,0,1558.4520263671875
49224,5,52,30,52,2,24.4377442112852,-2.1403968781425062,0.613407053921902,0,1558.4520263671875
49224,5,52,30,53,2,18.403229993430617,-2.1834797972273687,0.682842712474619,0,1558.4520263671875
49224,5,52,30,54,2,23.030090617214263,-2.27557489669281,0.8513997106635237,0,1558.4520263671875
49224,5,52,30,55,2,27.786530432623223,-2.3365217189064516,0.682842712474619,0,1558.4520263671875
49224,5,52,30,56,2,19.888555490903386,-2.3513793841195567,0.848528137423857,0,1558.4520263671875
49224,5,52,30,57,2,24.743905091168195,-2.4052079152017622,0.848528137423857,0,1558.4520263671875
49224,5,52,30,58,2,13.46402114675214,-2.4117407485016753,0.613407053921902,0,1558.4520263671875
49224,5,52,30,59,2,16.903378514142847,-2.4547446605146677,0.8513997106635237,0,1558.4520263671875
49224,5,52,30,60,2,21.85018088800141,-2.4925975923792842,0.848528137423857,0,1558.4520263671875
49224,5,52,30,61,2,26.81672247841593,-2.5164539875468526,0.8513997106635237,0,1558.4520263671875
49224,5,52,30,62,2,30.299850564591495,-2.528495657236766,0.613407053921902,0,1558.4520263671875
49224,5,52,30,63,2,19.172896769033756,-2.6054758697799087,0.848528137423857,0,1558.4520263671875
49224,5,52,30,64,2,24.172425822867282,-2.608663526934635,0.848528137423857,0,1558.4520263671875
49224,5,52,30,65,2,16.815752620494504,3.5308204210394707,0.682842712474619,0,1558.4520263671875
49224,5,52,30,66,2,21.78246395244725,3.560917814400132,0.8513997106635237,0,1558.4520263671875
49224,5,52,30,67,2,26.761575728750728,3.579827914455286,0.682842712474619,0,1558.4520263671875
49224,5,52,30,68,2,22.408870287021635,3.404899436261434,0.613407053921902,0,1558.4520263671875
49224,5,53,23,1,,,,,0,1558.9189453125
49224,5,53,23,2,2,27.7071303946782,3.288248003127597,0.6466890965784271,0,1558.9189453125
49224,5,53,23,3,,,,,0,1558.9189453125
49224,5,53,23,4,2,25.056210171383157,2.920222629085832,0.6466890965784271,0,1558.9189453125
49224,5,53,23,5,2,24.399453732689842,3.2402174827419588,0.765685424949238,0,1558.9189453125
49224,5,53,23,6,2,22.921554030564426,3.0378937247558495,0.765685424949238,0,1558.9189453125
49224,5,53,23,7,2,25.28086837455437,3.500246294396103,0.613407053921902,0,1558.9189453125
49224,5,53,23,8,2,23.300586118748853,3.3812702041661673,0.8513997106635237,0,1558.9189453125
49224,5,53,23,9,,,,,0,1558.9189453125
49224,5,53,23,10,2,20.076003260660624,2.940039603578823,0.8513997106635237,0,1558.9189453125
49224,5,53,23,11,2,20.033494818122584,2.7653079271392285,0.613407053921902,0,1558.9189453125
49224,5,53,23,12,2,19.888830564495326,3.3381902153707355,0.765685424949238,0,1558.9189453125
49224,5,53,23,13,2,18.045217592082828,3.0922399230303657,0.765685424949238,0,1558.9189453125
49224,5,53,23,14,2,19.187223672192992,3.515809914128921,0.6466890965784271,0,1558.9189453125
49224,5,53,23,15,,,,,0,1558.9189453125
49224,5,53,23,16,2,15.108876387461356,2.972907380948162,0.6466890965784271,0,1558.9189453125
49224,5,53,23,17,,,,,0,1558.9189453125
49224,5,53,23,18,2,13.669378430562062,-0.4473822123523008,0.613407053921902,0,1558.9189453125
49224,5,53,23,19,2,10.219556719312413,-0.49735108206427414,0.8513997106635237,0,1558.9189453125
49224,5,53,23,20,2,12.221908313223077,-0.9102234312184534,0.682842712474619,0,1558.9189453125
49224,5,53,23,21,2,10.464398514088403,-0.009610534142442173,0.682842712474619,0,1558.9189453125
49224,5,53,23,22,2,8.763051511503958,-0.839444946921841,0.848528137423857,0,1558.9189453125
49224,5,53,23,23,2,7.54024989742939,-0.23380402018574253,0.848528137423857,1,1558.9189453125
49224,5,53,23,24,2,11.633907182954987,-1.425355325366396,0.613407053921902,0,1558.9189453125
49224,5,53,23,25,2,8.610621583097247,-1.2489362135502382,0.8513997106635237,0,1558.9189453125
49224,5,53,23,26,2,5.404359422698702,-0.6788239198574288,0.848528137423857,0,1558.9189453125
49224,5,53,23,27,2,5.8541777810487075,0.23830212193761002,0.7685569981889047,0,1558.9189453125
49224,5,53,23,28,2,8.219878660771876,0.6123200654770175,0.613407053921902,0,1558.9189453125
49224,5,53,23,29,2,5.153526270791737,-1.3601707303851616,0.848528137423857,0,1558.9189453125
49224,5,53,23,30,,,,,0,1558.9189453125
49224,5,53,23,31,2,6.99360888796113,-1.8684937231675367,0.682842712474619,0,1558.9189453125
49224,5,53,23,32,2,1.9937055951621894,-1.860165595432272,0.682842712474619,0,1558.9189453125
49224,5,53,23,33,2,3.006519370067841,1.262053612900242,0.5638463841038082,0,1558.9189453125
49224,5,53,23,34,,,,,0,1558.9189453125
49224,5,53,23,35,2,46.30640432931334,3.6033219408019965,0.613407053921902,0,1558.9189453125
49224,5,53,23,36,2,43.8428517440246,3.65850570771176,0.8513997106635237,0,1558.9189453125
49224,5,53,23,37,2,40.33931017966139,3.5736562827416805,0.682842712474619,0,1558.9189453125
49224,5,53,23,38,2,47.614402782415624,3.7303664397536167,0.682842712474619,0,1558.9189453125
49224,5,53,23,39,2,40.30935272110546,3.6613586800654057,0.848528137423857,0,1558.9189453125
49224,5,53,23,40,2,44.099655555027645,3.738720743494997,0.848528137423857,0,1558.9189453125
49224,5,53,23,41,2,34.289753458521,3.5953819594844854,0.613407053921902,0,1558.9189453125
49224,5,53,23,42,2,36.77624484012016,3.6647598569922453,0.8513997106635237,0,1558.9189453125
49224,5,53,23,43,2,40.58851916266535,3.7485212223537907,0.848528137423857,0,1558.9189453125
49224,5,53,23,44,2,44.63590024963807,3.8175076111529265,0.8513997106635237,0,1558.9189453125
49224,5,53,23,45,2,47.576975349321565,3.8586837887087633,0.613407053921902,0,1558.9189453125
49224,5,53,23,46,2,37.082019302675846,3.7601764832244147,0.848528137423857,0,1558.9189453125
49224,5,53,23,47,2,41.17052172175635,3.8338560884853825,0.848528137423857,0,1558.9189453125
49224,5,53,23,48,2,33.581608408621456,3.774263798810736,0.682842712474619,0,1558.9189453125
49224,5,53,23,49,2,37.71816706293644,3.8532033176680587,0.8513997106635237,0,1558.9189453125
49224,5,53,23,50,2,42.04278570534036,3.9162323924533675,0.682842712474619,0,1558.9189453125
49224,5,53,23,51,2,35.98711844155149,3.935793217362228,0.613407053921902,0,1558.9189453125
49224,5,53,23,52,2,28.307210818028747,-1.5659713447675554,0.613407053921902,0,1558.9189453125
49224,5,53,23,53,2,22.559918303931507,-1.6472708616693892,0.682842712474619,0,1558.9189453125
49224,5,53,23,54,2,27.45697756778141,-1.687829312836976,0.8513997106635237,0,1558.9189453125
49224,5,53,23,55,2,32.38551096455388,-1.7160785562248388,0.682842712474619,0,1558.9189453125
49224,5,53,23,56,2,24.623193256238967,-1.769160799908733,0.848528137423857,0,1558.9189453125
49224,5,53,23,57,2,29.60130654906435,-1.7864706068430942,0.848528137423857,0,1558.9189453125
49224,5,53,23,58,2,18.493584909806454,-1.8705586773699798,0.613407053921902,0,1558.9189453125
49224,5,53,23,59,2,21.993582589258455,-1.8707585188718963,0.8513997106635237,0,1558.9189453125
49224,5,53,23,60,2,26.993580318070453,-1.8709541095980515,0.848528137423857,0,1558.9189453125
49224,5,53,23,61,2,31.993578756770997,-1.871088565977803,0.8513997106635237,0,1558.9189453125
49224,5,53,23,62,2,35.49357792559127,-1.8711601457255564,0.613407053921902,0,1558.9189453125
49224,5,53,23,63,2,24.618476950545922,4.310593963362284,0.848528137423857,0,1558.9189453125
49224,5,53,23,64,2,29.59738351006975,4.3275906068829535,0.848528137423857,0,1558.9189453125
49224,5,53,23,65,2,22.54962164518512,4.188835346789898,0.682842712474619,0,1558.9189453125
49224,5,53,23,66,2,27.448517985832847,4.229049322334515,0.8513997106635237,0,1558.9189453125
49224,5,53,23,67,2,32.37833910033338,4.2570521186698755,0.682842712474619,0,1558.9189453125
49224,5,53,23,68,2,28.293260195317142,4.10709320768773,0.613407053921902,0,1558.9189453125
49224,5,54,21,1,,,,,0,1559.3690185546875
49224,5,54,21,2,2,31.83367462868757,3.3606671404786987,0.6466890965784271,0,1559.3690185546875
49224,5,54,21,3,,,,,0,1559.3690185546875
49224,5,54,21,4,2,29.334983112744588,3.0424685776090077,0.6466890965784271,0,1559.3690185546875
49224,5,54,21,5,2,28.576102562718773,3.3151033897398197,0.765685424949238,0,1559.3690185546875
49224,5,54,21,6,2,27.20611759522027,3.1424288473668636,0.765685424949238,0,1559.3690185546875
49224,5,54,21,7,2,29.102745578450396,3.5402327993791145,0.613407053921902,0,1559.3690185546875
49224,5,54,21,8,2,27.317123531861224,3.4334199879000495,0.8513997106635237,0,1559.3690185546875
49224,5,54,21,9,,,,,0,1559.3690185546875
49224,5,54,21,10,2,24.3594669874944,3.060956458534015,0.8513997106635237,0,1559.3690185546875
49224,5,54,21,11,2,24.2309527209679,2.916867167046528,0.613407053921902,0,1559.3690185546875
49224,5,54,21,12,2,23.967395256156678,3.3892123674683456,0.765685424949238,0,1559.3690185546875
49224,5,54,21,13,2,22.31625488953676,3.184788350842279,0.765685424949238,0,1559.3690185546875
49224,5,54,21,14,2,23.001470295282985,3.5341904509971136,0.6466890965784271,0,1559.3690185546875
49224,5,54,21,15,,,,,0,1559.3690185546875
49224,5,54,21,16,2,19.396546847432635,3.088919243049785,0.6466890965784271,0,1559.3690185546875
49224,5,54,21,17,,,,,0,1559.3690185546875
49224,5,54,21,18,2,9.65285949533189,-0.4665599550712154,0.613407053921902,0,1559.3690185546875
49224,5,54,21,19,2,6.359089404446639,-0.6177835959762654,0.7685569981889047,0,1559.3690185546875
49224,5,54,21,20,2,9.584300763426295,-1.1122101950076488,0.682842712474619,0,1559.3690185546875
49224,5,54,21,21,2,6.24637614810997,0.19776781296136092,0.5638463841038082,1,1559.3690185546875
49224,5,54,21,22,2,6.101411373106227,-1.1917190273749938,0.848528137423857,0,1559.3690185546875
49224,5,54,21,23,,,,,0,1559.3690185546875
49224,5,54,21,24,2,11.169645723255613,-1.6898389592059466,0.613407053921902,0,1559.3690185546875
49224,5,54,21,25,2,7.682214747974345,-1.6578452084225388,0.8513997106635237,0,1559.3690185546875
49224,5,54,21,26,2,2.756015305459346,-1.471565569869381,0.765685424949238,0,1559.3690185546875
49224,5,54,21,27,2,2.484917965216923,1.0603954239548141,0.6857142857142857,0,1559.3690185546875
49224,5,54,21,28,2,5.910182327543708,1.2483986773291202,0.613407053921902,0,1559.3690185546875
49224,5,54,21,29,2,5.420776978815001,4.201022911433293,0.848528137423857,0,1559.3690185546875
49224,5,54,21,30,,,,,0,1559.3690185546875
49224,5,54,21,31,2,8.727773240877378,4.018967048838614,0.682842712474619,0,1559.3690185546875
49224,5,54,21,32,2,4.975261065924766,3.5121121561183957,0.682842712474619,0,1559.3690185546875
49224,5,54,21,33,2,4.8303643345029865,2.442317103864122,0.5638463841038082,0,1559.3690185546875
49224,5,54,21,34,,,,,0,1559.3690185546875
49224,5,54,21,35,2,49.87969503287613,3.6656907828667284,0.613407053921902,0,1559.3690185546875
49224,5,54,21,36,2,47.28872651019058,3.7141453168363148,0.8513997106635237,0,1559.3690185546875
49224,5,54,21,37,2,43.986393940462236,3.6318052764961015,0.682842712474619,0,1559.3690185546875
49224,5,54,21,38,2,50.86889479854727,3.785324510427172,0.682842712474619,0,1559.3690185546875
49224,5,54,21,39,2,43.75425067653972,3.7122438935620745,0.848528137423857,0,1559.3690185546875
49224,5,54,21,40,2,47.33767268609162,3.7888817216273063,0.848528137423857,0,1559.3690185546875
49224,5,54,21,41,2,37.8998771426281,3.6428759087358036,0.613407053921902,0,1559.3690185546875
49224,5,54,21,42,2,40.21996083507979,3.7100082895473743,0.8513997106635237,0,1559.3690185546875
49224,5,54,21,43,2,43.807146136736876,3.7930123612883153,0.848528137423857,0,1559.3690185546875
49224,5,54,21,44,2,47.649625976658925,3.863051026750527,0.8513997106635237,0,1559.3690185546875
49224,5,54,21,45,2,50.460196371640656,3.90559203755245,0.613407053921902,0,1559.3690185546875
49224,5,54,21,46,2,40.27749805977645,3.797867059064954,0.848528137423857,0,1559.3690185546875
49224,5,54,21,47,2,44.144055692985035,3.8730660853230225,0.848528137423857,0,1559.3690185546875
49224,5,54,21,48,2,36.74898158133326,3.8036541801635706,0.682842712474619,0,1559.3690185546875
49224,5,54,21,49,2,40.64367663407482,3.884807562032215,0.8513997106635237,0,1559.3690185546875
49224,5,54,21,50,2,44.758566257257485,3.9514146014419698,0.682842712474619,0,1559.3690185546875
49224,5,54,21,51,2,38.660679361828514,3.9575799785808274,0.613407053921902,0,1559.3690185546875
49224,5,54,21,52,2,27.972116725359587,-1.6063421567159941,0.613407053921902,0,1559.3690185546875
49224,5,54,21,53,2,22.655657850616468,-1.7254859280873736,0.682842712474619,0,1559.3690185546875
49224,5,54,21,54,2,27.65320299195498,-1.7317448507115611,0.8513997106635237,0,1559.3690185546875
49224,5,54,21,55,2,32.651499793797164,-1.73608766896781,0.682842712474619,0,1559.3690185546875
49224,5,54,21,56,2,25.200556250494238,4.454939905902586,0.848528137423857,0,1559.3690185546875
49224,5,54,21,57,2,30.190873428975063,4.466215774344414,0.848528137423857,0,1559.3690185546875
49224,5,54,21,58,2,19.60081306490454,4.306302183818284,0.613407053921902,0,1559.3690185546875
49224,5,54,21,59,2,23.031205677393014,4.3389933599317825,0.8513997106635237,0,1559.3690185546875
49224,5,54,21,60,2,27.961710212797225,4.371730676652476,0.848528137423857,0,1559.3690185546875
49224,5,54,21,61,2,32.913189470097194,4.394636725651953,0.8513997106635237,0,1559.3690185546875
49224,5,54,21,62,2,36.387121392651615,4.406957479052309,0.613407053921902,0,1559.3690185546875
49224,5,54,21,63,2,26.02355928086135,4.2620583940304035,0.848528137423857,0,1559.3690185546875
49224,5,54,21,64,2,30.881166440317198,4.303854059630407,0.848528137423857,0,1559.3690185546875
49224,5,54,21,65,2,24.445736586663962,4.136534153967351,0.682842712474619,0,1559.3690185546875
49224,5,54,21,66,2,29.13785922703707,4.201269843602477,0.8513997106635237,0,1559.3690185546875
49224,5,54,21,67,2,33.91807251900818,4.247911056811164,0.682842712474619,0,1559.3690185546875
49224,5,54,21,68,2,30.426553566773805,4.091926054484993,0.613407053921902,0,1559.3690185546875
49224,5,55,52,1,,,,,0,1559.60205078125
49224,5,55,52,2,2,35.74375627561985,3.0990341364307623,0.6466890965784271,0,1559.60205078125
49224,5,55,52,3,,,,,0,1559.60205078125
49224,5,55,52,4,2,33.33625529012013,2.816925010979154,0.6466890965784271,0,1559.60205078125
49224,5,55,52,5,2,32.52204958372796,3.0563197709419256,0.765685424949238,0,1559.60205078125
49224,5,55,52,6,2,31.21744081703423,2.904688835818754,0.765685424949238,0,1559.60205078125
49224,5,55,52,7,2,32.808001647409604,3.25544744065944,0.613407053921902,0,1559.60205078125
49224,5,55,52,8,2,31.159371038636724,3.158847457739408,0.8513997106635237,0,1559.60205078125
49224,5,55,52,9,,,,,0,1559.60205078125
49224,5,55,52,10,2,28.365405119627354,2.834457225052786,0.8513997106635237,0,1559.60205078125
49224,5,55,52,11,2,28.171575018581827,2.710754883202717,0.613407053921902,0,1559.60205078125
49224,5,55,52,12,2,27.856309876919806,3.1160471904886577,0.765685424949238,0,1559.60205078125
49224,5,55,52,13,2,26.32145326530346,2.940083787160065,0.765685424949238,0,1559.60205078125
49224,5,55,52,14,2,26.72445872896124,3.238885044219624,0.6466890965784271,0,1559.60205078125
49224,5,55,52,15,,,,,0,1559.60205078125
49224,5,55,52,16,2,23.40697542257652,2.8594279507573646,0.6466890965784271,0,1559.60205078125
49224,5,55,52,17,,,,,0,1559.60205078125
49224,5,55,52,18,2,6.276237422091559,-0.980843521282909,0.6034068236642477,0,1559.60205078125
49224,5,55,52,19,2,3.7865489031173007,-1.4909696217940644,0.7685569981889047,0,1559.60205078125
49224,5,55,52,20,2,8.514285087846456,-1.7785788793960573,0.682842712474619,0,1559.60205078125
49224,5,55,52,21,,,,,0,1559.60205078125
49224,5,55,52,22,2,5.854088841156403,4.173231848707993,0.848528137423857,0,1559.60205078125
49224,5,55,52,23,,,,,0,1559.60205078125
49224,5,55,52,24,2,12.233614686494054,4.025904738914927,0.613407053921902,0,1559.60205078125
49224,5,55,52,25,2,8.899593233659896,3.9237895419414914,0.8513997106635237,0,1559.60205078125
49224,5,55,52,26,2,4.587773072328153,3.524981310324344,0.765685424949238,0,1559.60205078125
49224,5,55,52,27,2,3.590621645586401,2.2289914530069317,0.6857142857142857,0,1559.60205078125
49224,5,55,52,28,2,6.077334549681759,1.6954318803394146,0.5672077286416233,0,1559.60205078125
49224,5,55,52,29,2,8.122811417707073,3.515284627298659,0.848528137423857,0,1559.60205078125
49224,5,55,52,30,,,,,0,1559.60205078125
49224,5,55,52,31,2,11.65815032035895,3.5114687910920006,0.682842712474619,0,1559.60205078125
49224,5,55,52,32,2,8.818014001500552,3.1027716992604555,0.682842712474619,0,1559.60205078125
49224,5,55,52,33,2,8.342797670400143,2.513996539830121,0.5638463841038082,0,1559.60205078125
49224,5,55,52,34,,,,,0,1559.60205078125
49224,5,55,52,35,2,53.351598009069356,3.3917334102944054,0.613407053921902,0,1559.60205078125
49224,5,55,52,36,2,50.66503936349104,3.4348846699259976,0.8513997106635237,0,1559.60205078125
49224,5,55,52,37,2,47.526741059562156,3.355540948696268,0.682842712474619,0,1559.60205078125
49224,5,55,52,38,2,54.08420575052871,3.504591629100125,0.682842712474619,0,1559.60205078125
49224,5,55,52,39,2,47.138241483318446,3.429802015318497,0.848528137423857,0,1559.60205078125
49224,5,55,52,40,2,50.54867859896112,3.5047238026121263,0.848528137423857,0,1559.60205078125
49224,5,55,52,41,2,41.426112996541114,3.35959365973578,0.613407053921902,0,1559.60205078125
49224,5,55,52,42,2,43.612858271101544,3.4238974886828033,0.8513997106635237,0,1559.60205078125
49224,5,55,52,43,2,47.0131524632907,3.5048758557940562,0.848528137423857,0,1559.60205078125
49224,5,55,52,44,2,50.679301519437324,3.57454324918432,0.8513997106635237,0,1559.60205078125
49224,5,55,52,45,2,53.37462103913282,3.617476545225502,0.613407053921902,0,1559.60205078125
49224,5,55,52,46,2,43.47762759135051,3.5050526383799414,0.848528137423857,0,1559.60205078125
49224,5,55,52,47,2,47.153570373128574,3.579925245004471,0.848528137423857,0,1559.60205078125
49224,5,55,52,48,2,39.94210431872249,3.505260717218588,0.682842712474619,0,1559.60205078125
49224,5,55,52,49,2,43.62942579692215,3.5861769030057564,0.8513997106635237,0,1559.60205078125
49224,5,55,52,50,2,47.55714345217301,3.6541145805183137,0.682842712474619,0,1559.60205078125
49224,5,55,52,51,2,41.455759538957906,3.650690525963029,0.613407053921902,0,1559.60205078125
49224,5,55,52,52,2,28.317421407202165,-1.9834656654887333,0.613407053921902,1,1559.60205078125
49224,5,55,52,53,2,23.530152009897474,4.152926771639343,0.682842712474619,0,1559.60205078125
49224,5,55,52,54,2,28.492510446963212,4.176577651555576,0.8513997106635237,0,1559.60205078125
49224,5,55,52,55,2,33.466076100011094,4.193205910024377,0.682842712474619,0,1559.60205078125
49224,5,55,52,56,2,26.431051003948657,4.071861667931794,0.848528137423857,0,1559.60205078125
49224,5,55,52,57,2,31.332978714682728,4.106106591022895,0.848528137423857,0,1559.60205078125
49224,5,55,52,58,2,21.43406620787023,3.896990718897359,0.613407053921902,0,1559.60205078125
49224,5,55,52,59,2,24.705824470686313,3.951022480323277,0.8513997106635237,0,1559.60205078125
49224,5,55,52,60,2,29.470881573814317,4.007163377552178,0.848528137423857,0,1559.60205078125
49224,5,55,52,61,2,34.30288557394573,4.047587274033148,0.8513997106635237,0,1559.60205078125
49224,5,55,52,62,2,37.71135806719525,4.069696536957698,0.613407053921902,0,1559.60205078125
49224,5,55,52,63,2,27.934032403876383,3.8961340045667834,0.848528137423857,0,1559.60205078125
49224,5,55,52,64,2,32.61081514317361,3.954738006514383,0.848528137423857,0,1559.60205078125
49224,5,55,52,65,2,26.77848897798087,3.773888045600653,0.682842712474619,0,1559.60205078125
49224,5,55,52,66,2,31.228873977543103,3.8527187305318256,0.8513997106635237,0,1559.60205078125
49224,5,55,52,67,2,35.82454002310001,3.9116169234941442,0.682842712474619,0,1559.60205078125
49224,5,55,52,68,2,32.85862696952667,3.7559880656327223,0.613407053921902,0,1559.60205078125
49224,5,56,54,1,2,45.718170137802254,-0.4940703978058796,0.613407053921902,0,1563.4849853515625
49224,5,56,54,2,2,40.358942832479,-0.42607017344897224,0.682842712474619,0,1563.4849853515625
49224,5,56,54,3,2,42.669028195487996,-0.5329783808439068,0.8513997106635237,0,1563.4849853515625
49224,5,56,54,4,2,45.41417914858079,-0.6279480205071776,0.682842712474619,0,1563.4849853515625
49224,5,56,54,5,2,39.2554641327637,-0.5104830091740888,0.848528137423857,0,1563.4849853515625
49224,5,56,54,6,2,41.9260439926156,-0.6147249914850149,0.848528137423857,0,1563.4849853515625
49224,5,56,54,7,2,34.377692927181954,-0.3934673363332848,0.613407053921902,0,1563.4849853515625
49224,5,56,54,8,2,35.86554002674496,-0.4837194560922846,0.8513997106635237,0,1563.4849853515625
49224,5,56,54,9,2,38.446568923664515,-0.5991053941037537,0.848528137423857,0,1563.4849853515625
49224,5,56,54,10,2,41.47216370765006,-0.6988362660264057,0.8513997106635237,0,1563.4849853515625
49224,5,56,54,11,2,43.80583925698212,-0.760043713802669,0.613407053921902,0,1563.4849853515625
49224,5,56,54,12,2,34.97833842728144,-0.5803829622522562,0.848528137423857,0,1563.4849853515625
49224,5,56,54,13,2,37.95109826771123,-0.6907821176420119,0.848528137423857,0,1563.4849853515625
49224,5,56,54,14,2,31.525063937520905,-0.5575492650585885,0.682842712474619,0,1563.4849853515625
49224,5,56,54,15,2,34.43299808115497,-0.6810814059279829,0.8513997106635237,0,1563.4849853515625
49224,5,56,54,16,2,37.781385065252216,-0.7840775715012548,0.682842712474619,0,1563.4849853515625
49224,5,56,54,17,2,31.790348272001324,-0.7504573712258577,0.613407053921902,0,1563.4849853515625
49224,5,56,54,18,2,26.737453471130348,-1.636267026701574,0.6034068236642477,0,1563.4849853515625
49224,5,56,54,19,2,26.73754909715071,-1.505271100615827,0.7685569981889047,0,1563.4849853515625
49224,5,56,54,20,2,21.750743231680698,-1.490218553003888,0.682842712474619,0,1563.4849853515625
49224,5,56,54,21,,,,,0,1563.4849853515625
49224,5,56,54,22,2,24.55095383074059,-1.3967802898776334,0.848528137423857,0,1563.4849853515625
49224,5,56,54,23,,,,,0,1563.4849853515625
49224,5,56,54,24,2,19.393064375217723,-1.2152524821863446,0.613407053921902,0,1563.4849853515625
49224,5,56,54,25,2,22.706874207511863,-1.2689338565801511,0.8513997106635237,0,1563.4849853515625
49224,5,56,54,26,2,27.520970856199977,-1.3229733249365316,0.765685424949238,0,1563.4849853515625
49224,5,56,54,27,2,32.39144234917379,-1.360846399818933,0.6857142857142857,0,1563.4849853515625
49224,5,56,54,28,2,35.82201457029292,-1.3812106554603574,0.5672077286416233,0,1563.4849853515625
49224,5,56,54,29,2,25.889315154024832,-1.2054010850130619,0.848528137423857,0,1563.4849853515625
49224,5,56,54,30,,,,,0,1563.4849853515625
49224,5,56,54,31,2,24.659875129875072,-1.0741130981968643,0.682842712474619,0,1563.4849853515625
49224,5,56,54,32,2,29.153235532494023,-1.15592978152849,0.7685569981889047,0,1563.4849853515625
49224,5,56,54,33,2,33.78924152160142,-1.2156096008978339,0.5638463841038082,0,1563.4849853515625
49224,5,56,54,34,2,30.731356228041037,-1.0515112361473813,0.613407053921902,0,1563.4849853515625
49224,5,56,54,35,2,45.37234711731467,0.07323401822751907,0.613407053921902,0,1563.4849853515625
49224,5,56,54,36,2,41.88251149743062,0.07934854182826401,0.8513997106635237,0,1563.4849853515625
49224,5,56,54,37,2,41.78452428740154,-0.040221186851275625,0.682842712474619,0,1563.4849853515625
49224,5,56,54,38,2,42.57162281074527,0.19669726734471538,0.682842712474619,0,1563.4849853515625
49224,5,56,54,39,2,39.25929147419495,0.020883961642192972,0.848528137423857,0,1563.4849853515625
49224,5,56,54,40,2,39.679847107363656,0.1472006825752452,0.848528137423857,0,1563.4849853515625
49224,5,56,54,41,2,37.114018311058885,-0.1400316822141976,0.613407053921902,0,1563.4849853515625
49224,5,56,54,42,2,36.78911747758004,-0.0456861920002547,0.8513997106635237,0,1563.4849853515625
49224,5,56,54,43,2,36.90037214158069,0.09008919590430575,0.848528137423857,0,1563.4849853515625
49224,5,56,54,44,2,37.68070810899263,0.22263272293790481,0.8513997106635237,0,1563.4849853515625
49224,5,56,54,45,2,38.60472216168217,0.3111732532123872,0.613407053921902,0,1563.4849853515625
49224,5,56,54,46,2,34.26054088759448,0.0239315603381256,0.848528137423857,0,1563.4849853515625
49224,5,56,54,47,2,34.7416603132103,0.16831086547297436,0.848528137423857,0,1563.4849853515625
49224,5,56,54,48,2,31.79515465654982,-0.052868212949686466,0.682842712474619,0,1563.4849853515625
49224,5,56,54,49,2,31.92381805238654,0.10418061208564877,0.8513997106635237,0,1563.4849853515625
49224,5,56,54,50,2,32.82268207276547,0.2562740603654208,0.682842712474619,0,1563.4849853515625
49224,5,56,54,51,2,28.445123403497412,0.11697657828955244,0.613407053921902,0,1563.4849853515625
49224,5,56,54,52,,,,,0,1563.4849853515625
49224,5,56,54,53,2,9.497211932964555,-0.7801446209574309,0.682842712474619,0,1563.4849853515625
49224,5,56,54,54,2,6.956675492475076,-0.24393099830074805,0.765685424949238,1,1563.4849853515625
49224,5,56,54,55,2,7.522874006359692,0.4570447258467105,0.682842712474619,0,1563.4849853515625
49224,5,56,54,56,2,10.151346549904387,-0.42441174271879833,0.848528137423857,0,1563.4849853515625
49224,5,56,54,57,2,9.286987465492492,0.08839233400350532,0.848528137423857,0,1563.4849853515625
49224,5,56,54,58,2,15.547203287386987,-0.7139061710183098,0.613407053921902,0,1563.4849853515625
49224,5,56,54,59,2,13.516816919856096,-0.516927903773488,0.8513997106635237,0,1563.4849853515625
49224,5,56,54,60,2,11.870241743657415,-0.1420216732316586,0.848528137423857,0,1563.4849853515625
49224,5,56,54,61,2,12.210689516191376,0.27534503446543934,0.8513997106635237,0,1563.4849853515625
49224,5,56,54,62,2,13.586380976786913,0.5258643345679803,0.613407053921902,0,1563.4849853515625
49224,5,56,54,63,2,14.851166348860259,-0.28532656269660994,0.848528137423857,0,1563.4849853515625
49224,5,56,54,64,2,14.27429302380606,0.057465636580482204,0.848528137423857,0,1563.4849853515625
49224,5,56,54,65,2,18.033625392310103,-0.3794703709277891,0.682842712474619,0,1563.4849853515625
49224,5,56,54,66,2,16.83478375857946,-0.09996991637556607,0.8513997106635237,0,1563.4849853515625
49224,5,56,54,67,2,17.076540738864228,0.1956547237991224,0.682842712474619,0,1563.4849853515625
49224,5,56,54,68,2,20.320311459222648,-0.08277877250814214,0.613407053921902,0,1563.4849853515625
49224,5,57,57,1,2,42.37653901967217,-0.5370550433918801,0.613407053921902,0,1563.76904296875
49224,5,57,57,2,2,36.89639882373601,-0.4690972625561123,0.682842712474619,0,1563.76904296875
49224,5,57,57,3,2,39.40997268144485,-0.5825065885462682,0.8513997106635237,0,1563.76904296875
49224,5,57,57,4,2,42.366822483451244,-0.6812211138942512,0.682842712474619,0,1563.76904296875
49224,5,57,57,5,2,35.95401847702863,-0.5626905752576723,0.848528137423857,0,1563.76904296875
49224,5,57,57,6,2,38.85219614434372,-0.6717580422405816,0.848528137423857,0,1563.76904296875
49224,5,57,57,7,2,30.866255881243106,-0.44118249622720684,0.613407053921902,0,1563.76904296875
49224,5,57,57,8,2,32.51518018619616,-0.5386718702328572,0.8513997106635237,0,1563.76904296875
49224,5,57,57,9,2,35.34174080507134,-0.6604138672461038,0.848528137423857,0,1563.76904296875
49224,5,57,57,10,2,38.611401732194146,-0.762860488928936,0.8513997106635237,0,1563.76904296875
49224,5,57,57,11,2,41.1078038107038,-0.8244453493031835,0.613407053921902,0,1563.76904296875
49224,5,57,57,12,2,31.836836228292714,-0.6465698177201428,0.848528137423857,0,1563.76904296875
49224,5,57,57,13,2,35.07685621060092,-0.7605890186839893,0.848528137423857,0,1563.76904296875
49224,5,57,57,14,2,28.339541967389284,-0.6293048425478239,0.682842712474619,0,1563.76904296875
49224,5,57,57,15,2,31.542532230521054,-0.7578084972248553,0.8513997106635237,0,1563.76904296875
49224,5,57,57,16,2,35.16721541585999,-0.8612629945135702,0.682842712474619,0,1563.76904296875
49224,5,57,57,17,2,29.099935171403565,-0.8405718485494372,0.613407053921902,0,1563.76904296875
49224,5,57,57,18,2,27.259336189184936,-1.7773014773629052,0.6034068236642477,0,1563.76904296875
49224,5,57,57,19,2,26.761848254718444,-1.6489448061891496,0.7685569981889047,0,1563.76904296875
49224,5,57,57,20,2,21.78060654381635,-1.6668674335284213,0.682842712474619,0,1563.76904296875
49224,5,57,57,21,,,,,0,1563.76904296875
49224,5,57,57,22,2,24.18365819147816,-1.553811712346986,0.848528137423857,0,1563.76904296875
49224,5,57,57,23,,,,,0,1563.76904296875
49224,5,57,57,24,2,18.411706455988586,-1.4120389963900366,0.613407053921902,0,1563.76904296875
49224,5,57,57,25,2,21.874691427216074,-1.437336657271063,0.8513997106635237,0,1563.76904296875
49224,5,57,57,26,2,26.838476589179972,-1.46212894911632,0.765685424949238,0,1563.76904296875
49224,5,57,57,27,2,31.813605992090906,-1.479174940071883,0.6857142857142857,0,1563.76904296875
49224,5,57,57,28,2,35.30037842055565,-1.4882465364283246,0.5672077286416233,0,1563.76904296875
49224,5,57,57,29,2,24.77814817821609,-1.350655534950146,0.848528137423857,0,1563.76904296875
49224,5,57,57,30,,,,,0,1563.76904296875
49224,5,57,57,31,2,23.07833244962264,-1.2209245222734346,0.682842712474619,0,1563.76904296875
49224,5,57,57,32,2,27.828243373367034,-1.2825515615350243,0.7685569981889047,0,1563.76904296875
49224,5,57,57,33,2,32.65291456883118,-1.3260943346940146,0.5638463841038082,0,1563.76904296875
49224,5,57,57,34,2,29.01786073749951,-1.1666529684131195,0.613407053921902,0,1563.76904296875
49224,5,57,57,35,2,41.54358987792194,0.0799972632530146,0.613407053921902,0,1563.76904296875
49224,5,57,57,36,2,38.0558109545889,0.08734684776857038,0.8513997106635237,0,1563.76904296875
49224,5,57,57,37,2,37.94794392326743,-0.04429013325180531,0.682842712474619,0,1563.76904296875
49224,5,57,57,38,2,38.812923708725776,0.216033692686878,0.682842712474619,0,1563.76904296875
49224,5,57,57,39,2,35.420219450163444,0.0231478848034139,0.848528137423857,0,1563.76904296875
49224,5,57,57,40,2,35.88579447783894,0.16289588102357944,0.848528137423857,0,1563.76904296875
49224,5,57,57,41,2,33.31591713878659,-0.1561197631596254,0.613407053921902,0,1563.76904296875
49224,5,57,57,42,2,32.95359076616788,-0.051008063929022684,0.8513997106635237,0,1563.76904296875
49224,5,57,57,43,2,33.07774846920546,0.10053371116194176,0.848528137423857,0,1563.76904296875
49224,5,57,57,44,2,33.946071101085955,0.2476121391446482,0.8513997106635237,0,1563.76904296875
49224,5,57,57,45,2,34.968908372803895,0.3448013137009964,0.613407053921902,0,1563.76904296875
49224,5,57,57,46,2,30.42177907812678,0.026952046523359696,0.848528137423857,0,1563.76904296875
49224,5,57,57,47,2,30.96260553775007,0.18908795511602716,0.848528137423857,0,1563.76904296875
49224,5,57,57,48,2,27.961256065575455,-0.06012543942990822,0.682842712474619,0,1563.76904296875
49224,5,57,57,49,2,28.10747480960606,0.11838835314086094,0.8513997106635237,0,1563.76904296875
49224,5,57,57,50,2,29.124361616704977,0.2897009594418931,0.682842712474619,0,1563.76904296875
49224,5,57,57,51,2,24.63544250950386,0.1351695165977207,0.613407053921902,0,1563.76904296875
49224,5,57,57,52,,,,,0,1563.76904296875
49224,5,57,57,53,2,7.286770427274172,-1.1598750232580284,0.6466890965784271,0,1563.76904296875
49224,5,57,57,54,,,,,0,1563.76904296875
49224,5,57,57,55,2,4.415158216385387,0.8509642062660814,0.6466890965784271,0,1563.76904296875
49224,5,57,57,56,2,6.837384351743677,-0.6577903676615783,0.848528137423857,0,1563.76904296875
49224,5,57,57,57,2,5.472487933420071,0.1503754587953392,0.848528137423857,1,1563.76904296875
49224,5,57,57,58,2,12.892459706883358,-0.910192740450806,0.613407053921902,0,1563.76904296875
49224,5,57,57,59,2,10.3539522347354,-0.7012597570994425,0.8513997106635237,0,1563.76904296875
49224,5,57,57,60,2,8.087189022592533,-0.20928135727411679,0.848528137423857,0,1563.76904296875
49224,5,57,57,61,2,8.57909818658699,0.39734031885261456,0.8513997106635237,0,1563.76904296875
49224,5,57,57,62,2,10.44460316530367,0.7114761527878648,0.613407053921902,0,1563.76904296875
49224,5,57,57,63,2,11.218606348065434,-0.3818204688303961,0.848528137423857,0,1563.76904296875
49224,5,57,57,64,2,10.44296068176133,0.07858637292879211,0.848528137423857,0,1563.76904296875
49224,5,57,57,65,2,14.536561852741073,-0.47748017891077943,0.682842712474619,0,1563.76904296875
49224,5,57,57,66,2,13.019597916469078,-0.12941020791186442,0.8513997106635237,0,1563.76904296875
49224,5,57,57,67,2,13.330725010834367,0.2516847298101774,0.682842712474619,0,1563.76904296875
49224,5,57,57,68,2,16.496516069767438,-0.10202690970233474,0.613407053921902,0,1563.76904296875
49224,5,58,60,1,2,40.13094347148957,-0.5707172256863662,0.613407053921902,0,1563.9849853515625
49224,5,58,60,2,2,34.56220112250286,-0.5036357937520959,0.682842712474619,0,1563.9849853515625
49224,5,58,60,3,2,37.233686992082575,-0.6215217228611973,0.8513997106635237,0,1563.9849853515625
49224,5,58,60,4,2,40.35033020455248,-0.7224347540524548,0.682842712474619,0,1563.9849853515625
49224,5,58,60,5,2,33.750450351833294,-0.6044307221697067,0.848528137423857,0,1563.9849853515625
49224,5,58,60,6,2,36.82247410948381,-0.7163932380654884,0.848528137423857,0,1563.9849853515625
49224,5,58,60,7,2,28.5013536602092,-0.48074532069263753,0.613407053921902,0,1563.9849853515625
49224,5,58,60,8,2,30.279338679679732,-0.5834138550338208,0.8513997106635237,0,1563.9849853515625
49224,5,58,60,9,2,33.29624680757262,-0.7090717564175181,0.848528137423857,0,1563.9849853515625
49224,5,58,60,10,2,36.748357134201676,-0.812521554848556,0.8513997106635237,0,1563.9849853515625
49224,5,58,60,11,2,39.363091119439034,-0.8737044266990631,0.613407053921902,0,1563.9849853515625
49224,5,58,60,12,2,29.77222704800525,-0.7000164598880776,0.848528137423857,0,1563.9849853515625
49224,5,58,60,13,2,33.21426205698414,-0.8154083883872771,0.848528137423857,0,1563.9849853515625
49224,5,58,60,14,2,26.251303878572593,-0.6885309390901853,0.682842712474619,0,1563.9849853515625
49224,5,58,60,15,2,29.680509697732642,-0.8189826689330598,0.8513997106635237,0,1563.9849853515625
49224,5,58,60,16,2,33.50722842177852,-0.9210729500335859,0.682842712474619,0,1563.9849853515625
49224,5,58,60,17,2,27.40962383962409,-0.9123915208970913,0.613407053921902,0,1563.9849853515625
49224,5,58,60,18,2,27.92046206375865,-1.8699791271776602,0.6034068236642477,0,1563.9849853515625
49224,5,58,60,19,2,27.09607681457406,-1.7462315761483758,0.7685569981889047,0,1563.9849853515625
49224,5,58,60,20,2,22.189990494573383,-1.785569525849282,0.682842712474619,0,1563.9849853515625
49224,5,58,60,21,,,,,0,1563.9849853515625
49224,5,58,60,22,2,24.282714556286166,-1.662730190379818,0.848528137423857,0,1563.9849853515625
49224,5,58,60,23,,,,,0,1563.9849853515625
49224,5,58,60,24,2,18.182185877622558,-1.555905402070264,0.613407053921902,0,1563.9849853515625
49224,5,58,60,25,2,21.681860476048772,-1.5583090869702487,0.8513997106635237,0,1563.9849853515625
49224,5,58,60,26,2,26.681543701496864,-1.5606490802700022,0.848528137423857,0,1563.9849853515625
49224,5,58,60,27,2,31.68132691171454,-1.562250508889657,0.7685569981889047,0,1563.9849853515625
49224,5,58,60,28,2,35.18121182252477,-1.5631006786438908,0.6034068236642477,0,1563.9849853515625
49224,5,58,60,29,2,24.3383980938693,-1.4567066668705846,0.848528137423857,0,1563.9849853515625
49224,5,58,60,30,2,29.311419658005338,-1.476127334942058,0.848528137423857,0,1563.9849853515625
49224,5,58,60,31,2,22.31166666245341,-1.3323096109516772,0.682842712474619,0,1563.9849853515625
49224,5,58,60,32,2,27.19581162327162,-1.3757550464307233,0.8513997106635237,0,1563.9849853515625
49224,5,58,60,33,2,32.11563280460961,-1.4059329435878274,0.682842712474619,0,1563.9849853515625
49224,5,58,60,34,2,28.084824135749685,-1.2531888205926522,0.613407053921902,0,1563.9849853515625
49224,5,58,60,35,2,38.91261384827901,0.08541884428187552,0.613407053921902,0,1563.9849853515625
49224,5,58,60,36,2,35.42663319619525,0.09384770231713824,0.8513997106635237,0,1563.9849853515625
49224,5,58,60,37,2,35.310735481009225,-0.04760038813795342,0.682842712474619,0,1563.9849853515625
49224,5,58,60,38,2,36.2387174031549,0.23165025143980023,0.682842712474619,0,1563.9849853515625
49224,5,58,60,39,2,32.78099284855462,0.02501191563053906,0.848528137423857,0,1563.9849853515625
49224,5,58,60,40,2,33.28350629884039,0.17575979271153064,0.848528137423857,0,1563.9849853515625
49224,5,58,60,41,2,30.710777181156516,-0.1694862348738575,0.613407053921902,0,1563.9849853515625
49224,5,58,60,42,2,30.31733241326181,-0.055447863377043216,0.8513997106635237,0,1563.9849853515625
49224,5,58,60,43,2,30.452240378405232,0.10923469860923296,0.848528137423857,0,1563.9849853515625
49224,5,58,60,44,2,31.39326748639162,0.2682242077571113,0.8513997106635237,0,1563.9849853515625
49224,5,58,60,45,2,32.49655447978607,0.3722643685789804,0.613407053921902,0,1563.9849853515625
49224,5,58,60,46,2,27.782838166454486,0.029512786295637694,0.848528137423857,0,1563.9849853515625
49224,5,58,60,47,2,28.374009163164782,0.20657742496438436,0.848528137423857,0,1563.9849853515625
49224,5,58,60,48,2,25.32653251241919,-0.06638906927484611,0.682842712474619,0,1563.9849853515625
49224,5,58,60,49,2,25.487870615463056,0.1306225003471715,0.8513997106635237,0,1563.9849853515625
49224,5,58,60,50,2,26.60507184576926,0.31805103301145143,0.682842712474619,0,1563.9849853515625
49224,5,58,60,51,2,22.022406127012392,0.15132470429285938,0.613407053921902,0,1563.9849853515625
49224,5,58,60,52,,,,,0,1563.9849853515625
49224,5,58,60,53,2,6.685654188388961,-1.530289653891936,0.6466890965784271,0,1563.9849853515625
49224,5,58,60,54,,,,,0,1563.9849853515625
49224,5,58,60,55,2,3.330851354029601,1.4894241675642999,0.5052677403411177,0,1563.9849853515625
49224,5,58,60,56,2,5.015059262610642,-0.9854550089033687,0.848528137423857,0,1563.9849853515625
49224,5,58,60,57,,,,,0,1563.9849853515625
49224,5,58,60,58,2,11.463706115159289,-1.0930531304513527,0.613407053921902,0,1563.9849853515625
49224,5,58,60,59,2,8.509134355521232,-0.9027909069279453,0.8513997106635237,0,1563.9849853515625
49224,5,58,60,60,2,5.53205810600998,-0.30858962546189583,0.848528137423857,1,1563.9849853515625
49224,5,58,60,61,2,6.229122433876999,0.562086777064434,0.7685569981889047,0,1563.9849853515625
49224,5,58,60,62,2,8.619209701695452,0.9128277628504384,0.613407053921902,0,1563.9849853515625
49224,5,58,60,63,2,8.823730218058895,-0.49353481543620736,0.848528137423857,0,1563.9849853515625
49224,5,58,60,64,2,7.813866800057745,0.10511333266369194,0.848528137423857,0,1563.9849853515625
49224,5,58,60,65,2,12.252051380642373,-0.5766619099145631,0.682842712474619,0,1563.9849853515625
49224,5,58,60,66,2,10.407260083319702,-0.16215176076094928,0.8513997106635237,0,1563.9849853515625
49224,5,58,60,67,2,10.793950243067577,0.31263181940463136,0.682842712474619,0,1563.9849853515625
49224,5,58,60,68,2,13.872859810773402,-0.12141007139532478,0.613407053921902,0,1563.9849853515625
49224,5,59,64,1,2,37.93616687359159,-0.6083213996206777,0.613407053921902,0,1564.18505859375
49224,5,59,64,2,2,32.275158796030325,-0.543122179368654,0.682842712474619,0,1564.18505859375
49224,5,59,64,3,2,35.121041782683704,-0.6653043520453997,0.8513997106635237,0,1564.18505859375
49224,5,59,64,4,2,38.409494613871914,-0.7678975717729948,0.682842712474619,0,1564.18505859375
49224,5,59,64,5,2,31.613810665221013,-0.6519055076994168,0.848528137423857,0,1564.18505859375
49224,5,59,64,6,2,34.87455699171651,-0.7661234758549185,0.848528137423857,0,1564.18505859375
49224,5,59,64,7,2,26.18906801009613,-0.5273786829361558,0.613407053921902,0,1564.18505859375
49224,5,59,64,8,2,28.11367058304321,-0.6351667020856913,0.8513997106635237,0,1564.18505859375
49224,5,59,64,9,2,31.33975389571383,-0.7639491720686556,0.848528137423857,0,1564.18505859375
49224,5,59,64,10,2,34.985452331447014,-0.8673346708389879,0.8513997106635237,0,1564.18505859375
49224,5,59,64,11,2,37.722580310079266,-0.9273882631467298,0.613407053921902,0,1564.18505859375
49224,5,59,64,12,2,27.80513663191277,-0.7612220530992798,0.848528137423857,0,1564.18505859375
49224,5,59,64,13,2,31.463110521869552,-0.8765317699508727,0.848528137423857,0,1564.18505859375
49224,5,59,64,14,2,24.270786390118566,-0.7577006464720556,0.682842712474619,0,1564.18505859375
49224,5,59,64,15,2,27.944100854863905,-0.8880464452107317,0.8513997106635237,0,1564.18505859375
49224,5,59,64,16,2,31.979281936573354,-0.986853644912235,0.682842712474619,0,1564.18505859375
49224,5,59,64,17,2,25.87870923030808,-0.9931695456055156,0.613407053921902,0,1564.18505859375
49224,5,59,64,18,2,28.809239554930134,-1.9576579300455084,0.6034068236642477,0,1564.18505859375
49224,5,59,64,19,2,27.67918829903298,-1.8402846811710314,0.7685569981889047,0,1564.18505859375
49224,5,59,64,20,2,22.898379075849085,-1.8984522234250312,0.682842712474619,0,1564.18505859375
49224,5,59,64,21,,,,,0,1564.18505859375
49224,5,59,64,22,2,24.66556943242657,-1.7695127808974176,0.848528137423857,0,1564.18505859375
49224,5,59,64,23,,,,,0,1564.18505859375
49224,5,59,64,24,2,18.33390235448959,-1.7003870854681458,0.613407053921902,0,1564.18505859375
49224,5,59,64,25,2,21.809244965344117,-1.679646723652433,0.8513997106635237,0,1564.18505859375
49224,5,59,64,26,2,26.78516131275727,-1.6593662744345745,0.848528137423857,0,1564.18505859375
49224,5,59,64,27,2,31.768641254269433,-1.645444204238802,0.7685569981889047,0,1564.18505859375
49224,5,59,64,28,2,35.25986043019596,-1.638041243027874,0.6034068236642477,0,1564.18505859375
49224,5,59,64,29,2,24.180523507214655,-1.5653894627670284,0.848528137423857,0,1564.18505859375
49224,5,59,64,30,2,29.180462944836936,-1.5663159111354756,0.848528137423857,0,1564.18505859375
49224,5,59,64,31,2,21.839197961818382,-1.4500435269622254,0.682842712474619,0,1564.18505859375
49224,5,59,64,32,2,26.809555539164265,-1.4725112054153011,0.8513997106635237,0,1564.18505859375
49224,5,59,64,33,2,31.78921151585195,-1.4879458215687726,0.682842712474619,0,1564.18505859375
49224,5,59,64,34,2,27.37548993840122,-1.3449308187966262,0.613407053921902,0,1564.18505859375
49224,5,59,64,35,2,36.28293890739678,0.09162652814036654,0.613407053921902,0,1564.18505859375
49224,5,59,64,36,2,32.79918405384369,0.10139047225290665,0.8513997106635237,0,1564.18505859375
49224,5,59,64,37,2,32.6739678519453,-0.05144497339937448,0.682842712474619,0,1564.18505859375
49224,5,59,64,38,2,33.67469040697885,0.2496499526990943,0.682842712474619,0,1564.18505859375
49224,5,59,64,39,2,30.141891514392096,0.02720237571323958,0.848528137423857,0,1564.18505859375
49224,5,59,64,40,2,30.687650993084194,0.19080290797287236,0.848528137423857,0,1564.18505859375
49224,5,59,64,41,2,28.112131970864098,-0.1853271919574886,0.613407053921902,0,1564.18505859375
49224,5,59,64,42,2,27.681776921520964,-0.06073321809608356,0.8513997106635237,0,1564.18505859375
49224,5,59,64,43,2,27.829464115228838,0.11957666954065305,0.848528137423857,0,1564.18505859375
49224,5,59,64,44,2,28.856149645244923,0.2924727667409093,0.8513997106635237,0,1564.18505859375
49224,5,59,64,45,2,30.052723369677164,0.40422150290279935,0.613407053921902,0,1564.18505859375
49224,5,59,64,46,2,25.1441090995143,0.032611028992853175,0.848528137423857,0,1564.18505859375
49224,5,59,64,47,2,25.795823728197494,0.2275704931193916,0.848528137423857,0,1564.18505859375
49224,5,59,64,48,2,22.693024740561714,-0.07410686462720473,0.682842712474619,0,1564.18505859375
49224,5,59,64,49,2,22.87294627466486,0.14565670163859523,0.8513997106635237,0,1564.18505859375
49224,5,59,64,50,2,24.111614850350943,0.35229723670771307,0.682842712474619,0,1564.18505859375
49224,5,59,64,51,2,19.416654967417326,0.17182267632649184,0.613407053921902,0,1564.18505859375
49224,5,59,64,52,,,,,0,1564.18505859375
49224,5,59,64,53,2,7.087881501708721,-1.9116259506039863,0.6466890965784271,0,1564.18505859375
49224,5,59,64,54,,,,,0,1564.18505859375
49224,5,59,64,55,2,4.078561388306255,-4.092547954391401,0.49033749051054326,0,1564.18505859375
49224,5,59,64,56,2,4.182214092415214,-1.5395302398637787,0.765685424949238,0,1564.18505859375
49224,5,59,64,57,,,,,0,1564.18505859375
49224,5,59,64,58,2,10.514592538648271,-1.3179105765083206,0.613407053921902,0,1564.18505859375
49224,5,59,64,59,2,7.1795171034944385,-1.1956346177073378,0.8513997106635237,0,1564.18505859375
49224,5,59,64,60,,,,,0,1564.18505859375
49224,5,59,64,61,2,4.235807438409723,0.9006869576567049,0.7685569981889047,0,1564.18505859375
49224,5,59,64,62,2,7.309642552194904,1.2026356454451994,0.613407053921902,0,1564.18505859375
49224,5,59,64,63,2,6.618029644229535,-0.6836585855372954,0.848528137423857,0,1564.18505859375
49224,5,59,64,64,2,5.195826765766916,0.15844840097237145,0.848528137423857,1,1564.18505859375
49224,5,59,64,65,2,10.141640276428348,-0.7190728343727139,0.682842712474619,0,1564.18505859375
49224,5,59,64,66,2,7.8135246146942325,-0.2167261995159957,0.8513997106635237,0,1564.18505859375
49224,5,59,64,67,2,8.321626422304213,0.4103606215118418,0.682842712474619,0,1564.18505859375
49224,5,59,64,68,2,11.25683561505656,-0.14981758080697305,0.613407053921902,0,1564.18505859375
49224,5,60,66,1,2,35.6108718653228,-0.6545566901804671,0.613407053921902,0,1564.4019775390625
49224,5,60,66,2,2,29.846730150990922,-0.5930115144259378,0.682842712474619,0,1564.4019775390625
49224,5,60,66,3,2,32.90332811887137,-0.7193622587501766,0.8513997106635237,0,1564.4019775390625
49224,5,60,66,4,2,36.392728695306054,-0.8228955292379513,0.682842712474619,0,1564.4019775390625
49224,5,60,66,5,2,29.376426624233936,-0.7114203471226997,0.848528137423857,0,1564.4019775390625
49224,5,60,66,6,2,32.85994737976677,-0.8269290872009517,0.848528137423857,0,1564.4019775390625
49224,5,60,66,7,2,23.74465604521279,-0.5884584508547889,0.613407053921902,0,1564.4019775390625
49224,5,60,66,8,2,25.8518835120362,-0.7013121077335331,0.8513997106635237,0,1564.4019775390625
49224,5,60,66,9,2,29.327829474953138,-0.8319343125491764,0.848528137423857,0,1564.4019775390625
49224,5,60,66,10,2,33.19522981248919,-0.9335464119619812,0.8513997106635237,0,1564.4019775390625
49224,5,60,66,11,2,36.0684692317043,-0.9913147201071764,0.613407053921902,0,1564.4019775390625
49224,5,60,66,12,2,25.796647488051985,-0.8383100196714914,0.848528137423857,0,1564.4019775390625
49224,5,60,66,13,2,29.70300863910691,-0.9511168919902945,0.848528137423857,0,1564.4019775390625
49224,5,60,66,14,2,22.266846690398427,-0.8467075527714595,0.682842712474619,0,1564.4019775390625
49224,5,60,66,15,2,26.222398100207165,-0.9733602507528716,0.8513997106635237,0,1564.4019775390625
49224,5,60,66,16,2,30.48632255156055,-1.0657501402705367,0.682842712474619,0,1564.4019775390625
49224,5,60,66,17,2,24.425580206321023,-1.0921105256680943,0.613407053921902,0,1564.4019775390625
49224,5,60,66,18,2,30.01455598666344,-2.0466375040410796,0.6034068236642477,0,1564.4019775390625
49224,5,60,66,19,2,28.581091035628454,-1.9375669946111662,0.8513997106635237,0,1564.4019775390625
49224,5,60,66,20,2,23.98076446226934,-2.012405668268289,0.682842712474619,0,1564.4019775390625
49224,5,60,66,21,,,,,0,1564.4019775390625
49224,5,60,66,22,2,25.391566006923473,-1.8809345170622302,0.848528137423857,0,1564.4019775390625
49224,5,60,66,23,2,30.191610173622614,-1.8303707478253946,0.848528137423857,0,1564.4019775390625
49224,5,60,66,24,2,18.92282466669797,-1.8518868248839855,0.613407053921902,0,1564.4019775390625
49224,5,60,66,25,2,22.306601798145362,-1.808347287529653,0.8513997106635237,0,1564.4019775390625
49224,5,60,66,26,2,27.191656521312982,-1.7650625819422157,0.848528137423857,0,1564.4019775390625
49224,5,60,66,27,2,32.112114302317494,-1.7349998268542735,0.8513997106635237,0,1564.4019775390625
49224,5,60,66,28,2,35.56963698689562,-1.718914260319052,0.6034068236642477,0,1564.4019775390625
49224,5,60,66,29,2,24.335961946677454,-1.6840090186416512,0.848528137423857,0,1564.4019775390625
49224,5,60,66,30,2,29.309396862818147,-1.664735678019508,0.848528137423857,0,1564.4019775390625
49224,5,60,66,31,2,21.68160287818231,-1.5822928722131173,0.682842712474619,0,1564.4019775390625
49224,5,60,66,32,2,26.68133437366363,-1.5801385007523268,0.8513997106635237,0,1564.4019775390625
49224,5,60,66,33,2,31.681150619118704,-1.5786641159417214,0.682842712474619,0,1564.4019775390625
49224,5,60,66,34,2,26.87747751686478,-1.4495528079635485,0.613407053921902,0,1564.4019775390625
49224,5,60,66,35,2,33.41606068396476,0.09951249318512967,0.613407053921902,0,1564.4019775390625
49224,5,60,66,36,2,29.935395736887934,0.1111284073354637,0.8513997106635237,0,1564.4019775390625
49224,5,60,66,37,2,29.798147904125337,-0.05641497006895402,0.682842712474619,0,1564.4019775390625
49224,5,60,66,38,2,30.89217080964119,0.2726852083224629,0.682842712474619,0,1564.4019775390625
49224,5,60,66,39,2,27.263071331510282,0.03007561176912099,0.848528137423857,0,1564.4019775390625
49224,5,60,66,40,2,27.865271537075984,0.21040504401343263,0.848528137423857,0,1564.4019775390625
49224,5,60,66,41,2,25.287020175267315,-0.20631546388044075,0.613407053921902,0,1564.4019775390625
49224,5,60,66,42,2,24.80770442684989,-0.06777963783109264,0.8513997106635237,0,1564.4019775390625
49224,5,60,66,43,2,24.972394725734787,0.1333347143979038,0.848528137423857,0,1564.4019775390625
49224,5,60,66,44,2,26.11166018746923,0.3242786181222559,0.8513997106635237,0,1564.4019775390625
49224,5,60,66,45,2,27.428226470762503,0.4455305720020819,0.613407053921902,0,1564.4019775390625
49224,5,60,66,46,2,22.26584017819306,0.03682840128091058,0.848528137423857,0,1564.4019775390625
49224,5,60,66,47,2,22.999259515227774,0.2558256059388542,0.848528137423857,0,1564.4019775390625
49224,5,60,66,48,2,19.82207807833896,-0.08486438719926936,0.682842712474619,0,1564.4019775390625
49224,5,60,66,49,2,20.027807637175993,0.1665296630183999,0.8513997106635237,0,1564.4019775390625
49224,5,60,66,50,2,21.431550997528944,0.3986827660838179,0.682842712474619,0,1564.4019775390625
49224,5,60,66,51,2,16.586376489197328,0.20151511988649395,0.613407053921902,0,1564.4019775390625
49224,5,60,66,52,,,,,0,1564.4019775390625
49224,5,60,66,53,2,8.495844984749828,-2.2368167456637895,0.6466890965784271,0,1564.4019775390625
49224,5,60,66,54,,,,,0,1564.4019775390625
49224,5,60,66,55,2,6.210956514162434,-3.705522728918438,0.49033749051054326,0,1564.4019775390625
49224,5,60,66,56,2,5.0032231113522325,-2.152558874388701,0.765685424949238,0,1564.4019775390625
49224,5,60,66,57,,,,,0,1564.4019775390625
49224,5,60,66,58,2,10.183221101670588,-1.5952760995176596,0.613407053921902,0,1564.4019775390625
49224,5,60,66,59,2,6.684818740330993,-1.608092152737257,0.8513997106635237,0,1564.4019775390625
49224,5,60,66,60,,,,,0,1564.4019775390625
49224,5,60,66,61,2,3.329174132874159,-4.637448020242887,0.6857142857142857,0,1564.4019775390625
49224,5,60,66,62,2,6.824383488093976,-4.6758562305054765,0.613407053921902,0,1564.4019775390625
49224,5,60,66,63,2,4.747595295320648,-1.0768769979551698,0.848528137423857,0,1564.4019775390625
49224,5,60,66,64,,,,,0,1564.4019775390625
49224,5,60,66,65,2,8.197208133093978,-0.9526124521666194,0.682842712474619,0,1564.4019775390625
49224,5,60,66,66,2,5.039099183903911,-0.33993590935926066,0.7685569981889047,1,1564.4019775390625
49224,5,60,66,67,2,5.7957587935644845,0.6099217619494612,0.5638463841038082,0,1564.4019775390625
49224,5,60,66,68,2,8.420078045692225,-0.2008918133049007,0.613407053921902,0,1564.4019775390625
49224,5,61,68,1,2,34.47964228070707,-0.6799855102923541,0.613407053921902,0,1564.60205078125
49224,5,61,68,2,2,28.663894150832284,-0.6210909046967419,0.682842712474619,0,1564.60205078125
49224,5,61,68,3,2,31.834266576790462,-0.7491717391910143,0.8513997106635237,0,1564.60205078125
49224,5,61,68,4,2,35.429115555912475,-0.8526971598997358,0.682842712474619,0,1564.60205078125
49224,5,61,68,5,2,28.301342044620284,-0.744647141901702,0.848528137423857,0,1564.60205078125
49224,5,61,68,6,2,31.90247109737164,-0.8601498902952313,0.848528137423857,0,1564.60205078125
49224,5,61,68,7,2,22.561032869897527,-0.6238948126882711,0.613407053921902,0,1564.60205078125
49224,5,61,68,8,2,24.769162169339225,-0.7388319449391062,0.8513997106635237,0,1564.60205078125
49224,5,61,68,9,2,28.378038959080072,-0.86945444486271,0.848528137423857,0,1564.60205078125
49224,5,61,68,10,2,32.35915319898077,-0.9693206574069391,0.8513997106635237,0,1564.60205078125
49224,5,61,68,11,2,35.30050971543522,-1.0254543995895538,0.613407053921902,0,1564.60205078125
49224,5,61,68,12,2,24.85676021140929,-0.8813965102426059,0.848528137423857,0,1564.60205078125
49224,5,61,68,13,2,28.890486821781682,-0.9917037440829407,0.848528137423857,0,1564.60205078125
49224,5,61,68,14,2,21.34019590472247,-0.8972772729066523,0.682842712474619,0,1564.60205078125
49224,5,61,68,15,2,25.440237063438985,-1.0201757709692703,0.8513997106635237,0,1564.60205078125
49224,5,61,68,16,2,29.816226495584843,-1.1080289101832648,0.682842712474619,0,1564.60205078125
49224,5,61,68,17,2,23.79664805220707,-1.1458474891560624,0.613407053921902,0,1564.60205078125
49224,5,61,68,18,2,30.700895630538085,-2.0883430305928945,0.6034068236642477,0,1564.60205078125
49224,5,61,68,19,2,29.128511734047738,-1.9837314633128085,0.8513997106635237,0,1564.60205078125
49224,5,61,68,20,2,24.630641389304415,-2.065285301757281,0.682842712474619,0,1564.60205078125
49224,5,61,68,21,,,,,0,1564.60205078125
49224,5,61,68,22,2,25.867413133208395,-1.9339719592868199,0.848528137423857,0,1564.60205078125
49224,5,61,68,23,2,30.592887454376108,-1.875879305199703,0.848528137423857,0,1564.60205078125
49224,5,61,68,24,2,19.37175103477171,-1.9233652626342932,0.613407053921902,0,1564.60205078125
49224,5,61,68,25,2,22.688674015191094,-1.8700718526532196,0.8513997106635237,0,1564.60205078125
49224,5,61,68,26,2,27.505956248777256,-1.8164526783456407,0.848528137423857,0,1564.60205078125
49224,5,61,68,27,2,32.3786863500002,-1.7788893532849939,0.8513997106635237,0,1564.60205078125
49224,5,61,68,28,2,35.81048059110794,-1.7586961114762512,0.6034068236642477,0,1564.60205078125
49224,5,61,68,29,2,24.540384991339764,-1.7423451859712995,0.848528137423857,0,1564.60205078125
49224,5,61,68,30,2,29.47935203011109,-1.7133871990245388,0.848528137423857,0,1564.60205078125
49224,5,61,68,31,2,21.745881492519434,-1.648556350131013,0.682842712474619,0,1564.60205078125
49224,5,61,68,32,2,26.733594267863428,-1.634026987709673,0.8513997106635237,0,1564.60205078125
49224,5,61,68,33,2,31.72517554042501,-1.6240680861667438,0.682842712474619,0,1564.60205078125
49224,5,61,68,34,2,26.741545688349888,-1.5030317356947747,0.613407053921902,0,1564.60205078125
49224,5,61,68,35,2,31.983506095555086,0.10398548437067823,0.613407053921902,0,1564.60205078125
49224,5,61,68,36,2,28.50472695608651,0.1167308613202378,0.8513997106635237,0,1564.60205078125
49224,5,61,68,37,2,28.360556402036366,-0.05927790774618913,0.682842712474619,0,1564.60205078125
49224,5,61,68,38,2,29.507927040864868,0.2858284321057245,0.682842712474619,0,1564.60205078125
49224,5,61,68,39,2,25.823760231180888,0.03175245242794378,0.848528137423857,0,1564.60205078125
49224,5,61,68,40,2,26.45873942359081,0.2217721339551446,0.848528137423857,0,1564.60205078125
49224,5,61,68,41,2,23.879382666401217,-0.2186691451363436,0.613407053921902,0,1564.60205078125
49224,5,61,68,42,2,23.371215760289285,-0.07195264082256281,0.8513997106635237,0,1564.60205078125
49224,5,61,68,43,2,23.54595560859557,0.14146500723042688,0.848528137423857,0,1564.60205078125
49224,5,61,68,44,2,24.750966141343092,0.34281712542118803,0.8513997106635237,0,1564.60205078125
49224,5,61,68,45,2,26.13616526033388,0.4692757004937582,0.613407053921902,0,1564.60205078125
49224,5,61,68,46,2,20.826885488676115,0.03937419321085334,0.848528137423857,0,1564.60205078125
49224,5,61,68,47,2,21.60919847116933,0.2726888235278626,0.848528137423857,0,1564.60205078125
49224,5,61,68,48,2,18.387666866541345,-0.09150247051868332,0.682842712474619,0,1564.60205078125
49224,5,61,68,49,2,18.609260925755795,0.1793567277973267,0.8513997106635237,0,1564.60205078125
49224,5,61,68,50,2,20.112257248027145,0.42648105373068,0.682842712474619,0,1564.60205078125
49224,5,61,68,51,2,15.178253815228453,0.2205053701818367,0.613407053921902,0,1564.60205078125
49224,5,61,68,52,,,,,0,1564.60205078125
49224,5,61,68,53,2,9.453614482909932,-2.3568741459227613,0.6466890965784271,0,1564.60205078125
49224,5,61,68,54,,,,,0,1564.60205078125
49224,5,61,68,55,2,7.467759075345321,-3.6022701092147957,0.49033749051054326,0,1564.60205078125
49224,5,61,68,56,2,5.9180818814046345,-2.3572801804806516,0.765685424949238,0,1564.60205078125
49224,5,61,68,57,,,,,0,1564.60205078125
49224,5,61,68,58,2,10.319372583883428,-1.7352339982166392,0.613407053921902,0,1564.60205078125
49224,5,61,68,59,2,6.890447018196731,-1.818480255545039,0.8513997106635237,0,1564.60205078125
49224,5,61,68,60,,,,,0,1564.60205078125
49224,5,61,68,61,2,3.724897169922171,-4.241695746181424,0.6857142857142857,0,1564.60205078125
49224,5,61,68,62,2,7.025928302513874,-4.469578292967205,0.613407053921902,0,1564.60205078125
49224,5,61,68,63,2,4.258066048583749,-1.379224934991645,0.765685424949238,0,1564.60205078125
49224,5,61,68,64,,,,,0,1564.60205078125
49224,5,61,68,65,2,7.4555813609448345,-1.1106687741349048,0.6466890965784271,0,1564.60205078125
49224,5,61,68,66,,,,,0,1564.60205078125
49224,5,61,68,67,2,4.688527726865439,0.7867685732888279,0.5276927682076162,0,1564.60205078125
49224,5,61,68,68,2,7.01492666825472,-0.24186479673968853,0.4815389220537701,1,1564.60205078125
49224,5,62,51,1,2,31.412046146461133,-0.761746743281246,0.613407053921902,0,1564.9019775390625
49224,5,62,51,2,2,25.45682053900408,-0.7144921148143631,0.682842712474619,0,1564.9019775390625
49224,5,62,51,3,2,28.98019000191512,-0.8451988837788147,0.8513997106635237,0,1564.9019775390625
49224,5,62,51,4,2,32.88849514859478,-0.9462544804862572,0.682842712474619,0,1564.9019775390625
49224,5,62,51,5,2,25.451853098283014,-0.8535009869044281,0.848528137423857,0,1564.9019775390625
49224,5,62,51,6,2,29.404056297195115,-0.9655136801201273,0.848528137423857,0,1564.9019775390625
49224,5,62,51,7,2,19.39667624392456,-0.7470899525260712,0.613407053921902,0,1564.9019775390625
49224,5,62,51,8,2,21.92583498355436,-0.864474278952189,0.8513997106635237,0,1564.9019775390625
49224,5,62,51,9,2,25.933452148105875,-0.989938886421134,0.848528137423857,0,1564.9019775390625
49224,5,62,51,10,2,30.238148767908033,-1.0808003896537595,0.8513997106635237,0,1564.9019775390625
49224,5,62,51,11,2,33.36700213271439,-1.1301859414403066,0.613407053921902,0,1564.9019775390625
49224,5,62,51,12,2,22.483090399399604,-1.0218851572653695,0.848528137423857,0,1564.9019775390625
49224,5,62,51,13,2,26.875473102805387,-1.119107918111777,0.848528137423857,0,1564.9019775390625
49224,5,62,51,14,2,19.063965156730962,-1.0653492021246083,0.682842712474619,0,1564.9019775390625
49224,5,62,51,15,2,23.563456199995223,-1.1682743966681388,0.8513997106635237,0,1564.9019775390625
49224,5,62,51,16,2,28.231864420918683,-1.2377092203845346,0.682842712474619,0,1564.9019775390625
49224,5,62,51,17,2,22.424790690857975,-1.312375535078738,0.613407053921902,0,1564.9019775390625
49224,5,62,51,18,2,32.91102515838442,-2.196287305121905,0.613407053921902,0,1564.9019775390625
49224,5,62,51,19,2,30.991947462786438,-2.1046072381580814,0.8513997106635237,0,1564.9019775390625
49224,5,62,51,20,2,26.808564059719306,-2.1996486144840413,0.682842712474619,0,1564.9019775390625
49224,5,62,51,21,2,35.387886460315144,-2.032653652938546,0.682842712474619,0,1564.9019775390625
49224,5,62,51,22,2,27.581763782517537,-2.0726915581524263,0.848528137423857,0,1564.9019775390625
49224,5,62,51,23,2,32.05550489302325,-1.9975811290510088,0.848528137423857,0,1564.9019775390625
49224,5,62,51,24,2,21.130437495675494,-2.1055811644187155,0.613407053921902,0,1564.9019775390625
49224,5,62,51,25,2,24.207572765006358,-2.0318268057936226,0.8513997106635237,0,1564.9019775390625
49224,5,62,51,26,2,28.771657577642596,-1.9544389127243935,0.848528137423857,0,1564.9019775390625
49224,5,62,51,27,2,33.460573521043536,-1.8984781005343219,0.8513997106635237,0,1564.9019775390625
49224,5,62,51,28,2,36.79159103343573,-1.8678556781144113,0.613407053921902,0,1564.9019775390625
49224,5,62,51,29,2,25.555061447462812,-1.9003129682587465,0.848528137423857,0,1564.9019775390625
49224,5,62,51,30,2,30.32924110780949,-1.8469421334533325,0.848528137423857,0,1564.9019775390625
49224,5,62,51,31,2,22.4346618294567,-1.8308764697983166,0.682842712474619,0,1564.9019775390625
49224,5,62,51,32,2,27.296808458025318,-1.783754991739004,0.8513997106635237,0,1564.9019775390625
49224,5,62,51,33,2,32.201202657449976,-1.7509315896033246,0.682842712474619,0,1564.9019775390625
49224,5,62,51,34,2,26.77650056587726,-1.6556460241491726,0.613407053921902,0,1564.9019775390625
49224,5,62,51,35,2,27.9287595925097,0.11914951010190888,0.613407053921902,0,1564.9019775390625
49224,5,62,51,36,2,24.457113112873724,0.13616122083944693,0.8513997106635237,0,1564.9019775390625
49224,5,62,51,37,2,24.28892921493125,-0.06922960240789511,0.682842712474619,0,1564.9019775390625
49224,5,62,51,38,2,25.6193029027696,0.33074579337356425,0.682842712474619,0,1564.9019775390625
49224,5,62,51,39,2,21.74620647371441,0.03770884212904124,0.848528137423857,0,1564.9019775390625
49224,5,62,51,40,2,22.496572970240987,0.26167460429629363,0.848528137423857,0,1564.9019775390625
49224,5,62,51,41,2,19.916219535679097,-0.26312375659207343,0.613407053921902,0,1564.9019775390625
49224,5,62,51,42,2,19.304005029499372,-0.0871476503151869,0.8513997106635237,0,1564.9019775390625
49224,5,62,51,43,2,19.51519688824317,0.17094648451452388,0.848528137423857,0,1564.9019775390625
49224,5,62,51,44,2,20.953310215687996,0.40831692642124273,0.8513997106635237,0,1564.9019775390625
49224,5,62,51,45,2,22.57277161937422,0.5511088093411209,0.613407053921902,0,1564.9019775390625
49224,5,62,51,46,2,16.750821584877993,0.04896223097709429,0.848528137423857,0,1564.9019775390625
49224,5,62,51,47,2,17.714071332598092,0.3347602764825979,0.848528137423857,0,1564.9019775390625
49224,5,62,51,48,2,14.32958959460923,-0.11752213048091331,0.682842712474619,0,1564.9019775390625
49224,5,62,51,49,2,14.612851787310102,0.22918676648957503,0.8513997106635237,0,1564.9019775390625
49224,5,62,51,50,2,16.484348236004088,0.5290470296314949,0.682842712474619,0,1564.9019775390625
49224,5,62,51,51,2,11.232551214999615,0.3000357926871904,0.613407053921902,1,1564.9019775390625
49224,5,62,51,52,,,,,0,1564.9019775390625
49224,5,62,51,53,2,12.67286381986939,-2.5863800832217176,0.6466890965784271,0,1564.9019775390625
49224,5,62,51,54,,,,,0,1564.9019775390625
49224,5,62,51,55,2,11.269342315009894,-3.4406185836244223,0.49033749051054326,0,1564.9019775390625
49224,5,62,51,56,2,9.265762959165102,-2.6735486846979075,0.765685424949238,0,1564.9019775390625
49224,5,62,51,57,,,,,0,1564.9019775390625
49224,5,62,51,58,2,11.701287965022791,-2.0863817480021556,0.613407053921902,0,1564.9019775390625
49224,5,62,51,59,2,8.826604648785311,-2.283155210928277,0.8513997106635237,0,1564.9019775390625
49224,5,62,51,60,,,,,0,1564.9019775390625
49224,5,62,51,61,2,6.6562413148770725,-3.663753781960468,0.6857142857142857,0,1564.9019775390625
49224,5,62,51,62,2,8.932768777229585,-4.0102493463831905,0.613407053921902,0,1564.9019775390625
49224,5,62,51,63,2,5.306772601538522,-2.234518294247331,0.765685424949238,0,1564.9019775390625
49224,5,62,51,64,,,,,0,1564.9019775390625
49224,5,62,51,65,2,6.724315716484644,-1.6854460018313306,0.6466890965784271,0,1564.9019775390625
49224,5,62,51,66,,,,,0,1564.9019775390625
49224,5,62,51,67,2,3.407788237388051,-4.484692831602095,0.49033749051054326,0,1564.9019775390625
49224,5,62,51,68,,,,,0,1564.9019775390625
49224,5,63,49,1,2,29.077483951531775,-1.3566497256916485,0.613407053921902,0,1565.6519775390625
49224,5,63,49,2,2,23.00624756330441,-1.380798269146124,0.682842712474619,0,1565.6519775390625
49224,5,63,49,3,2,27.50796121312191,-1.4673197292264768,0.8513997106635237,0,1565.6519775390625
49224,5,63,49,4,2,32.1572454240283,-1.5291819974217211,0.682842712474619,0,1565.6519775390625
49224,5,63,49,5,2,24.25490535193272,-1.5209370564316393,0.848528137423857,0,1565.6519775390625
49224,5,63,49,6,2,28.99484327927612,-1.5809605993946017,0.848528137423857,0,1565.6519775390625
49224,5,63,49,7,2,17.761829436992432,-1.535388037240831,0.613407053921902,0,1565.6519775390625
49224,5,63,49,8,2,21.092959421565514,-1.5908845473381183,0.8513997106635237,0,1565.6519775390625
49224,5,63,49,9,2,25.92900770022599,-1.6451920684990955,0.848528137423857,0,1565.6519775390625
49224,5,63,49,10,2,30.817429215899047,-1.6823530821311343,0.8513997106635237,0,1565.6519775390625
49224,5,63,49,11,2,34.25849231486912,-1.7020378967738494,0.613407053921902,0,1565.6519775390625
49224,5,63,49,12,2,22.998390027281772,-1.7262037525497314,0.848528137423857,0,1565.6519775390625
49224,5,63,49,13,2,27.952217210903736,-1.7529427007748781,0.848528137423857,0,1565.6519775390625
49224,5,63,49,14,2,20.261748379040952,-1.8299472315404177,0.682842712474619,0,1565.6519775390625
49224,5,63,49,15,2,25.257453365969777,-1.839106425145818,0.8513997106635237,0,1565.6519775390625
49224,5,63,49,16,2,30.254577400662985,-1.8452403678787,0.682842712474619,0,1565.6519775390625
49224,5,63,49,17,2,25.369801096681257,-1.977411166188259,0.613407053921902,0,1565.6519775390625
49224,5,63,49,18,2,40.91643755170451,-2.6153405069480966,0.613407053921902,0,1565.6519775390625
49224,5,63,49,19,2,38.6454008230152,-2.5483551687256307,0.8513997106635237,0,1565.6519775390625
49224,5,63,49,20,2,34.872145067559785,-2.6377502843766587,0.682842712474619,0,1565.6519775390625
49224,5,63,49,21,2,42.67162415388091,-2.4753319919711023,0.682842712474619,0,1565.6519775390625
49224,5,63,49,22,2,35.134797538684346,-2.536980813001719,0.848528137423857,0,1565.6519775390625
49224,5,63,49,23,2,39.202735889768064,-2.458626883145973,0.848528137423857,0,1565.6519775390625
49224,5,63,49,24,2,28.913848570990623,-2.59610199998404,0.613407053921902,0,1565.6519775390625
49224,5,63,49,25,2,31.629748519347654,-2.5230834148889167,0.8513997106635237,0,1565.6519775390625
49224,5,63,49,26,2,35.74690888112907,-2.4386853486510804,0.848528137423857,0,1565.6519775390625
49224,5,63,49,27,2,40.065471390142335,-2.3720870152442637,0.8513997106635237,0,1565.6519775390625
49224,5,63,49,28,2,43.17606223273855,-2.333508677861853,0.613407053921902,0,1565.6519775390625
49224,5,63,49,29,2,32.30833465018864,-2.4144876548625325,0.848528137423857,0,1565.6519775390625
49224,5,63,49,30,2,36.69099332298254,-2.3445715744804936,0.848528137423857,0,1565.6519775390625
49224,5,63,49,31,2,28.893173608681618,-2.3845484872111773,0.682842712474619,0,1565.6519775390625
49224,5,63,49,32,2,33.34990231379974,-2.311513582706731,0.8513997106635237,0,1565.6519775390625
49224,5,63,49,33,2,37.94227836462321,-2.255918050679685,0.682842712474619,0,1565.6519775390625
49224,5,63,49,34,2,32.03167381185307,-2.2122729644407246,0.613407053921902,0,1565.6519775390625
49224,5,63,49,35,2,19.438931219153538,-0.3177836216472818,0.613407053921902,0,1565.6519775390625
49224,5,63,49,36,2,15.939256698290968,-0.32049525152399005,0.8513997106635237,0,1565.6519775390625
49224,5,63,49,37,2,16.776781790694628,-0.6230890253489911,0.682842712474619,0,1565.6519775390625
49224,5,63,49,38,2,16.633081522539477,-0.015203277818467198,0.682842712474619,0,1565.6519775390625
49224,5,63,49,39,2,13.71396772568675,-0.5065881300307369,0.848528137423857,0,1565.6519775390625
49224,5,63,49,40,2,13.626166284858279,-0.13881075426195078,0.848528137423857,0,1565.6519775390625
49224,5,63,49,41,2,14.000581047918713,-0.9796226463309375,0.613407053921902,0,1565.6519775390625
49224,5,63,49,42,2,12.127898312087801,-0.7522165508608898,0.8513997106635237,0,1565.6519775390625
49224,5,63,49,43,2,10.940082920607722,-0.327378398398396,0.848528137423857,0,1565.6519775390625
49224,5,63,49,44,2,11.928323903684182,0.10504179787153678,0.8513997106635237,0,1565.6519775390625
49224,5,63,49,45,2,13.706004484903866,0.3413857629105248,0.613407053921902,0,1565.6519775390625
49224,5,63,49,46,2,8.8712130510397,-0.6194389225267165,0.848528137423857,0,1565.6519775390625
49224,5,63,49,47,2,8.734867934798315,-0.04372984888553333,0.848528137423857,0,1565.6519775390625
49224,5,63,49,48,2,7.919054721625645,-1.0285202147479606,0.682842712474619,0,1565.6519775390625
49224,5,63,49,49,2,5.942299599105726,-0.3458422288898326,0.765685424949238,1,1565.6519775390625
49224,5,63,49,50,2,7.60988970793682,0.3703317298563453,0.682842712474619,0,1565.6519775390625
49224,5,63,49,51,,,,,0,1565.6519775390625
49224,5,63,49,52,,,,,0,1565.6519775390625
49224,5,63,49,53,2,21.63884197274584,-2.95407847683801,0.6466890965784271,0,1565.6519775390625
49224,5,63,49,54,,,,,0,1565.6519775390625
49224,5,63,49,55,2,19.064062410838055,-3.4344349109831147,0.49033749051054326,0,1565.6519775390625
49224,5,63,49,56,2,18.28186191924397,-3.009861562048359,0.765685424949238,0,1565.6519775390625
49224,5,63,49,57,,,,,0,1565.6519775390625
49224,5,63,49,58,2,19.66073050313,-2.6732279909348424,0.613407053921902,0,1565.6519775390625
49224,5,63,49,59,2,17.39580327854129,-2.8176384198928837,0.8513997106635237,0,1565.6519775390625
49224,5,63,49,60,,,,,0,1565.6519775390625
49224,5,63,49,61,2,14.064599723723715,-3.4299584901457782,0.6857142857142857,0,1565.6519775390625
49224,5,63,49,62,2,14.435463732681768,-3.6748211888586075,0.613407053921902,0,1565.6519775390625
49224,5,63,49,63,2,13.914056382613358,-2.8571297923775716,0.765685424949238,0,1565.6519775390625
49224,5,63,49,64,,,,,0,1565.6519775390625
49224,5,63,49,65,2,13.674372434958343,-2.6007022474146364,0.6466890965784271,0,1565.6519775390625
49224,5,63,49,66,,,,,0,1565.6519775390625
49224,5,63,49,67,2,9.065729709891526,-3.4205450458555413,0.49033749051054326,0,1565.6519775390625
49224,5,63,49,68,,,,,0,1565.6519775390625
49224,5,64,43,1,2,27.408743351259083,-1.1737452871280054,0.613407053921902,0,1565.9520263671875
49224,5,64,43,2,2,21.483283975802767,-1.234024734806689,0.682842712474619,0,1565.9520263671875
49224,5,64,43,3,2,26.254454717244695,-1.2969969545585867,0.8513997106635237,0,1565.9520263671875
49224,5,64,43,4,2,31.09760914627876,-1.3404852615590144,0.682842712474619,0,1565.9520263671875
49224,5,64,43,5,2,23.236158682168007,-1.3715576030886125,0.848528137423857,0,1565.9520263671875
49224,5,64,43,6,2,28.154643887248152,-1.4067141389161173,0.848528137423857,0,1565.9520263671875
49224,5,64,43,7,2,16.9072859035838,-1.4463290623405256,0.613407053921902,0,1565.9520263671875
49224,5,64,43,8,2,20.384841135165395,-1.4676460981545771,0.8513997106635237,0,1565.9520263671875
49224,5,64,43,9,2,25.363490497579377,-1.4879458433447101,0.848528137423857,0,1565.9520263671875
49224,5,64,43,10,2,30.349160652902206,-1.5015802066172752,0.8513997106635237,0,1565.9520263671875
49224,5,64,43,11,2,33.84164570194652,-1.508733082593798,0.613407053921902,0,1565.9520263671875
49224,5,64,43,12,2,22.780020369258647,-1.5884015124869602,0.848528137423857,0,1565.9520263671875
49224,5,64,43,13,2,27.779384984889553,-1.585232920788335,0.848528137423857,0,1565.9520263671875
49224,5,64,43,14,2,20.482968677095577,-1.7129052768934625,0.682842712474619,0,1565.9520263671875
49224,5,64,43,15,2,25.442423389719515,-1.6850680283864785,0.8513997106635237,0,1565.9520263671875
49224,5,64,43,16,2,30.415157570800368,-1.6663224657378262,0.682842712474619,0,1565.9520263671875
49224,5,64,43,17,2,26.074395263292487,-1.8188223440806512,0.613407053921902,0,1565.9520263671875
49224,5,64,43,18,2,43.619838136632445,-2.3744249743470878,0.613407053921902,0,1565.9520263671875
49224,5,64,43,19,2,41.17199410596177,-2.3153858445078184,0.8513997106635237,0,1565.9520263671875
49224,5,64,43,20,2,37.64795076158174,-2.405508709517655,0.682842712474619,0,1565.9520263671875
49224,5,64,43,21,2,44.976638389015015,-2.2399786223573557,0.682842712474619,0,1565.9520263671875
49224,5,64,43,22,2,37.63968010947281,-2.311553700867984,0.848528137423857,0,1565.9520263671875
49224,5,64,43,23,2,41.46697988590816,-2.2300920201952703,0.848528137423857,0,1565.9520263671875
49224,5,64,43,24,2,31.60178012937132,-2.381359232452003,0.613407053921902,0,1565.9520263671875
49224,5,64,43,25,2,34.1080333473734,-2.3069278940890996,0.8513997106635237,0,1565.9520263671875
49224,5,64,43,26,2,37.96212376751864,-2.2183785276206365,0.848528137423857,0,1565.9520263671875
49224,5,64,43,27,2,42.05814716621825,-2.1465995452239053,0.8513997106635237,0,1565.9520263671875
49224,5,64,43,28,2,45.03413343826747,-2.1042683291096203,0.613407053921902,0,1565.9520263671875
49224,5,64,43,29,2,34.46353523686298,-2.204284554641319,0.848528137423857,0,1565.9520263671875
49224,5,64,43,30,2,38.606996297787326,-2.127544427019777,0.848528137423857,0,1565.9520263671875
49224,5,64,43,31,2,30.973338229912972,-2.187010147885364,0.682842712474619,0,1565.9520263671875
49224,5,64,43,32,2,35.172611265293575,-2.1047584071936365,0.8513997106635237,0,1565.9520263671875
49224,5,64,43,33,2,39.55853239611304,-2.04038549990125,0.682842712474619,0,1565.9520263671875
49224,5,64,43,34,2,33.526935482008994,-2.014775226885005,0.613407053921902,0,1565.9520263671875
49224,5,64,43,35,2,15.60142441573528,-0.017723041127325256,0.613407053921902,0,1565.9520263671875
49224,5,64,43,36,2,12.102133043582194,-0.02284839117713955,0.8513997106635237,0,1565.9520263671875
49224,5,64,43,37,2,13.199489623444999,-0.4112436134089916,0.682842712474619,0,1565.9520263671875
49224,5,64,43,38,2,12.988330227157602,0.3722082572679133,0.682842712474619,0,1565.9520263671875
49224,5,64,43,39,2,9.992457361553852,-0.2815642073487419,0.848528137423857,0,1565.9520263671875
49224,5,64,43,40,2,9.853136658323763,0.22762576774233478,0.848528137423857,0,1565.9520263671875
49224,5,64,43,41,2,11.288144910515065,-0.8906747062451909,0.613407053921902,0,1565.9520263671875
49224,5,64,43,42,2,8.845155964728912,-0.6391832102300186,0.8513997106635237,0,1565.9520263671875
49224,5,64,43,43,2,7.104356545494553,-0.03892823433302928,0.848528137423857,1,1565.9520263671875
49224,5,64,43,44,2,8.526838793517978,0.5871107503568247,0.8513997106635237,0,1565.9520263671875
49224,5,64,43,45,2,10.863772288217174,0.8586580240313868,0.613407053921902,0,1565.9520263671875
49224,5,64,43,46,2,5.37210031956022,-0.543149905965745,0.848528137423857,0,1565.9520263671875
49224,5,64,43,47,2,5.108283442463901,0.45034408128863435,0.848528137423857,0,1565.9520263671875
49224,5,64,43,48,2,5.678647881435046,-1.1921901607468675,0.6466890965784271,0,1565.9520263671875
49224,5,64,43,49,,,,,0,1565.9520263671875
49224,5,64,43,50,2,5.168871978641993,1.1526362530495637,0.6466890965784271,0,1565.9520263671875
49224,5,64,43,51,,,,,0,1565.9520263671875
49224,5,64,43,52,,,,,0,1565.9520263671875
49224,5,64,43,53,2,25.10106038558792,-2.7197912580814565,0.6466890965784271,0,1565.9520263671875
49224,5,64,43,54,,,,,0,1565.9520263671875
49224,5,64,43,55,2,22.90269478142681,-3.1295199725961096,0.49033749051054326,0,1565.9520263671875
49224,5,64,43,56,2,21.832902980662546,-2.7774137754062838,0.765685424949238,0,1565.9520263671875
49224,5,64,43,57,,,,,0,1565.9520263671875
49224,5,64,43,58,2,22.588457367434184,-2.4856699829000255,0.613407053921902,0,1565.9520263671875
49224,5,64,43,59,2,20.64105071841024,-2.620455543008869,0.8513997106635237,0,1565.9520263671875
49224,5,64,43,60,,,,,0,1565.9520263671875
49224,5,64,43,61,2,17.903160908907893,-3.1261483862419404,0.6857142857142857,0,1565.9520263671875
49224,5,64,43,62,2,18.188945517809433,-3.3197572941676206,0.613407053921902,0,1565.9520263671875
49224,5,64,43,63,2,17.252982201407274,-2.674006226320074,0.765685424949238,0,1565.9520263671875
49224,5,64,43,64,,,,,0,1565.9520263671875
49224,5,64,43,65,2,16.49371750209869,-2.468950465447075,0.6466890965784271,0,1565.9520263671875
49224,5,64,43,66,,,,,0,1565.9520263671875
49224,5,64,43,67,2,12.903988252059918,-3.120164288438109,0.49033749051054326,0,1565.9520263671875
49224,5,64,43,68,,,,,0,1565.9520263671875
49224,5,65,36,1,2,26.103602394956365,-1.3183898761598103,0.613407053921902,0,1566.3690185546875
49224,5,65,36,2,2,20.500007212081357,-1.4229914836639366,0.682842712474619,0,1566.3690185546875
49224,5,65,36,3,2,25.456142634151306,-1.4519212026512964,0.8513997106635237,0,1566.3690185546875
49224,5,65,36,4,2,30.426634712454216,-1.4714111750105283,0.682842712474619,0,1566.3690185546875
49224,5,65,36,5,2,22.78240212579868,-1.548014491986273,0.848528137423857,0,1566.3690185546875
49224,5,65,36,6,2,27.78133813797428,-1.5521143535353756,0.848528137423857,0,1566.3690185546875
49224,5,65,36,7,2,16.89304779939158,-1.6883351381151517,0.613407053921902,0,1566.3690185546875
49224,5,65,36,8,2,20.37303353536082,-1.6681875729131739,0.8513997106635237,0,1566.3690185546875
49224,5,65,36,9,2,25.354001608184152,-1.649010458253305,0.848528137423857,0,1566.3690185546875
49224,5,65,36,10,2,30.341231017588473,-1.6361341564037608,0.8513997106635237,0,1566.3690185546875
49224,5,65,36,11,2,33.834534593268465,-1.6293800671340186,0.613407053921902,0,1566.3690185546875
49224,5,65,36,12,2,23.21310074848134,-1.7650541861306208,0.848528137423857,0,1566.3690185546875
49224,5,65,36,13,2,28.135617080028887,-1.730742465133121,0.848528137423857,0,1566.3690185546875
49224,5,65,36,14,2,21.4445959432787,-1.9023764552818536,0.682842712474619,0,1566.3690185546875
49224,5,65,36,15,2,26.222806815544242,-1.8402650842143307,0.8513997106635237,0,1566.3690185546875
49224,5,65,36,16,2,31.070894731246824,-1.7974113290274356,0.682842712474619,0,1566.3690185546875
49224,5,65,36,17,2,27.363346599084654,-1.9638720364592857,0.613407053921902,0,1566.3690185546875
49224,5,65,36,18,2,46.642991305278116,-2.4351771469368524,0.613407053921902,0,1566.3690185546875
49224,5,65,36,19,2,44.03920410370703,-2.3835663533988667,0.8513997106635237,0,1566.3690185546875
49224,5,65,36,20,2,40.763790255238746,-2.4727580162831178,0.682842712474619,0,1566.3690185546875
49224,5,65,36,21,2,47.61529586385906,-2.3072358418147054,0.682842712474619,0,1566.3690185546875
49224,5,65,36,22,2,40.505110136398315,-2.385955241083041,0.848528137423857,0,1566.3690185546875
49224,5,65,36,23,2,44.08433791355639,-2.3033109498447,0.848528137423857,0,1566.3690185546875
49224,5,65,36,24,2,34.67262558208047,-2.462534966036227,0.613407053921902,0,1566.3690185546875
49224,5,65,36,25,2,36.97129151430267,-2.388800820718243,0.8513997106635237,0,1566.3690185546875
49224,5,65,36,26,2,40.55417732306275,-2.2987026681248395,0.848528137423857,0,1566.3690185546875
49224,5,65,36,27,2,44.4117799740709,-2.223730249694958,0.8513997106635237,0,1566.3690185546875
49224,5,65,36,28,2,47.23972514680513,-2.178703808475645,0.613407053921902,0,1566.3690185546875
49224,5,65,36,29,2,37.02504216640689,-2.293215750704061,0.848528137423857,0,1566.3690185546875
49224,5,65,36,30,2,40.909884496770175,-2.212315562455018,0.848528137423857,0,1566.3690185546875
49224,5,65,36,31,2,33.497256551813315,-2.286572880064776,0.682842712474619,0,1566.3690185546875
49224,5,65,36,32,2,37.41431675993654,-2.1987659075273394,0.8513997106635237,0,1566.3690185546875
49224,5,65,36,33,2,41.564359741583125,-2.1280330618184085,0.682842712474619,0,1566.3690185546875
49224,5,65,36,34,2,35.47131177157935,-2.1188338367910706,0.613407053921902,0,1566.3690185546875
49224,5,65,36,35,2,11.522297847308147,-0.02399840348371085,0.613407053921902,0,1566.3690185546875
49224,5,65,36,36,2,8.023745228904401,-0.0344658200509087,0.8513997106635237,1,1566.3690185546875
49224,5,65,36,37,2,9.599239012194367,-0.5819786978825908,0.682842712474619,0,1566.3690185546875
49224,5,65,36,38,2,9.306749453138726,0.5323226043631593,0.682842712474619,0,1566.3690185546875
49224,5,65,36,39,2,6.178028684343788,-0.46610882370174855,0.848528137423857,0,1566.3690185546875
49224,5,65,36,40,2,5.950053471163639,0.38299027093394855,0.848528137423857,0,1566.3690185546875
49224,5,65,36,41,2,9.2812187147589,-1.2394901970606937,0.613407053921902,0,1566.3690185546875
49224,5,65,36,42,2,6.079110901339368,-1.0511013736733474,0.8513997106635237,0,1566.3690185546875
49224,5,65,36,43,,,,,0,1566.3690185546875
49224,5,65,36,44,2,5.605870594390029,1.0020940803228666,0.8513997106635237,0,1566.3690185546875
49224,5,65,36,45,2,8.760157169859403,1.2189557216541576,0.613407053921902,0,1566.3690185546875
49224,5,65,36,46,2,2.8245775192271654,-1.386009267890914,0.765685424949238,0,1566.3690185546875
49224,5,65,36,47,2,2.283273099577736,1.3414956929977735,0.765685424949238,0,1566.3690185546875
49224,5,65,36,48,2,5.636114715682426,-1.929955101349059,0.6466890965784271,0,1566.3690185546875
49224,5,65,36,49,,,,,0,1566.3690185546875
49224,5,65,36,50,2,5.122107462616893,-4.315274735160104,0.6466890965784271,0,1566.3690185546875
49224,5,65,36,51,,,,,0,1566.3690185546875
49224,5,65,36,52,,,,,0,1566.3690185546875
49224,5,65,36,53,2,28.871814800787018,-2.777678223109599,0.6466890965784271,0,1566.3690185546875
49224,5,65,36,54,,,,,0,1566.3690185546875
49224,5,65,36,55,2,26.982436614605582,-3.131345430393041,0.49033749051054326,0,1566.3690185546875
49224,5,65,36,56,2,25.686458279894016,-2.8340193777474507,0.765685424949238,0,1566.3690185546875
49224,5,65,36,57,,,,,0,1566.3690185546875
49224,5,65,36,58,2,25.94141325436614,-2.5817396264146617,0.613407053921902,0,1566.3690185546875
49224,5,65,36,59,2,24.2646139502238,-2.704267839598459,0.8513997106635237,0,1566.3690185546875
49224,5,65,36,60,,,,,0,1566.3690185546875
49224,5,65,36,61,2,21.98275883331433,-3.129014728132978,0.6857142857142857,0,1566.3690185546875
49224,5,65,36,62,2,22.21612599989592,-3.287204415995877,0.613407053921902,0,1566.3690185546875
49224,5,65,36,63,2,20.975794126258652,-2.7617908642032436,0.765685424949238,0,1566.3690185546875
49224,5,65,36,64,,,,,0,1566.3690185546875
49224,5,65,36,65,2,19.848458136990054,-2.597376629746444,0.6466890965784271,0,1566.3690185546875
49224,5,65,36,66,,,,,0,1566.3690185546875
49224,5,65,36,67,2,16.983270774091494,-3.125311783416506,0.49033749051054326,0,1566.3690185546875
49224,5,65,36,68,,,,,0,1566.3690185546875
49224,5,66,35,1,2,25.2962233859055,-1.5312948013333036,0.613407053921902,0,1566.7850341796875
49224,5,66,35,2,2,20.430153168671886,-1.6935222658556994,0.682842712474619,0,1566.7850341796875
49224,5,66,35,3,2,25.399922452839537,-1.6694218091008108,0.8513997106635237,0,1566.7850341796875
49224,5,66,35,4,2,30.379614262283354,-1.6532152204302824,0.682842712474619,0,1566.7850341796875
49224,5,66,35,5,2,23.319063268288048,-1.7869358795139199,0.848528137423857,0,1566.7850341796875
49224,5,66,35,6,2,28.223104255649996,-1.7489329309496586,0.848528137423857,0,1566.7850341796875
49224,5,66,35,7,2,18.37704903759501,-1.9912484966703266,0.613407053921902,0,1566.7850341796875
49224,5,66,35,8,2,21.61946721847186,-1.9251206778948247,0.8513997106635237,0,1566.7850341796875
49224,5,66,35,9,2,26.366005858405018,-1.8592768799037995,0.848528137423857,0,1566.7850341796875
49224,5,66,35,10,2,31.191844559761382,-1.8136568461373663,0.8513997106635237,0,1566.7850341796875
49224,5,66,35,11,2,34.59937280530853,-1.7893279753339133,0.613407053921902,0,1566.7850341796875
49224,5,66,35,12,2,24.875468156913275,-1.9845439084579457,0.848528137423857,0,1566.7850341796875
49224,5,66,35,13,2,29.52209034164882,-1.9163992019592173,0.848528137423857,0,1566.7850341796875
49224,5,66,35,14,2,23.820402329216964,-2.123280082004736,0.682842712474619,0,1566.7850341796875
49224,5,66,35,15,2,28.198873545598115,-2.0300913552840054,0.8513997106635237,0,1566.7850341796875
49224,5,66,35,16,2,32.75578378478374,-1.9623696747928183,0.682842712474619,0,1566.7850341796875
49224,5,66,35,17,2,29.91544103404232,-2.135156082776201,0.613407053921902,0,1566.7850341796875
49224,5,66,35,18,2,50.96812274306421,-2.5055358761506743,0.613407053921902,0,1566.7850341796875
49224,5,66,35,19,2,48.197431393503,-2.462385377098666,0.8513997106635237,0,1566.7850341796875
49224,5,66,35,20,2,45.22419143352992,-2.548515582021735,0.682842712474619,0,1566.7850341796875
49224,5,66,35,21,2,51.485505679232645,-2.38675115257605,0.682842712474619,0,1566.7850341796875
49224,5,66,35,22,2,44.68338438073376,-2.4707719544739524,0.848528137423857,0,1566.7850341796875
49224,5,66,35,23,2,47.95174388727975,-2.3890037796383514,0.848528137423857,0,1566.7850341796875
49224,5,66,35,24,2,39.12201241016325,-2.5512687798623723,0.613407053921902,0,1566.7850341796875
49224,5,66,35,25,2,41.17301648533145,-2.4805893853293477,0.8513997106635237,0,1566.7850341796875
49224,5,66,35,26,2,44.41826413330718,-2.3916148154221055,0.848528137423857,0,1566.7850341796875
49224,5,66,35,27,2,47.966103560025715,-2.3152676409053594,0.8513997106635237,0,1566.7850341796875
49224,5,66,35,28,2,50.5957757348528,-2.2683781524536095,0.613407053921902,0,1566.7850341796875
49224,5,66,35,29,2,40.88513954239629,-2.3946771450120776,0.848528137423857,0,1566.7850341796875
49224,5,66,35,30,2,44.43376573638661,-2.3120120508211635,0.848528137423857,0,1566.7850341796875
49224,5,66,35,31,2,37.35247089800338,-2.398318763608175,0.682842712474619,0,1566.7850341796875
49224,5,66,35,32,2,40.901980200242846,-2.308194189830694,0.8513997106635237,0,1566.7850341796875
49224,5,66,35,33,2,44.729597431856305,-2.2329645096886703,0.682842712474619,0,1566.7850341796875
49224,5,66,35,34,2,38.63566799319546,-2.24108734440202,0.613407053921902,0,1566.7850341796875
49224,5,66,35,35,2,6.005347841724562,-0.046056946813186395,0.4815389220537701,1,1566.7850341796875
49224,5,66,35,36,,,,,0,1566.7850341796875
49224,5,66,35,37,2,5.8383429015092885,-1.1284856514779447,0.6466890965784271,0,1566.7850341796875
49224,5,66,35,38,2,5.343822939232509,1.0841785941162332,0.6466890965784271,0,1566.7850341796875
49224,5,66,35,39,2,2.776490399004216,-1.5711638524819629,0.765685424949238,0,1566.7850341796875
49224,5,66,35,40,2,2.2235100226656113,-4.71193005213882,0.765685424949238,0,1566.7850341796875
49224,5,66,35,41,2,9.125890840416467,-1.8484060529435347,0.613407053921902,0,1566.7850341796875
49224,5,66,35,42,2,5.839216741206773,-2.0134228767879794,0.8513997106635237,0,1566.7850341796875
49224,5,66,35,43,,,,,0,1566.7850341796875
49224,5,66,35,44,2,5.34477763064593,-4.225433729668681,0.8513997106635237,0,1566.7850341796875
49224,5,66,35,45,2,8.595418340060325,-4.41714702549652,0.613407053921902,0,1566.7850341796875
49224,5,66,35,46,2,5.720061472654654,-2.6347775553854706,0.765685424949238,0,1566.7850341796875
49224,5,66,35,47,2,5.473043133036682,-3.5599562396006954,0.765685424949238,0,1566.7850341796875
49224,5,66,35,48,2,9.170968131335698,-2.5285641551456486,0.6466890965784271,0,1566.7850341796875
49224,5,66,35,49,,,,,0,1566.7850341796875
49224,5,66,35,50,2,8.864358534955514,-3.7035757974515837,0.6466890965784271,0,1566.7850341796875
49224,5,66,35,51,,,,,0,1566.7850341796875
49224,5,66,35,52,,,,,0,1566.7850341796875
49224,5,66,35,53,2,34.08698549529968,-2.835349825610506,0.6466890965784271,0,1566.7850341796875
49224,5,66,35,54,,,,,0,1566.7850341796875
49224,5,66,35,55,2,32.50219647850026,-3.1330857347874543,0.49033749051054326,0,1566.7850341796875
49224,5,66,35,56,2,30.9924995271718,-2.887967035305345,0.765685424949238,0,1566.7850341796875
49224,5,66,35,57,,,,,0,1566.7850341796875
49224,5,66,35,58,2,30.75870295253025,-2.6771895765561835,0.613407053921902,0,1566.7850341796875
49224,5,66,35,59,2,29.35834422854234,-2.7839826523431688,0.8513997106635237,0,1566.7850341796875
49224,5,66,35,60,,,,,0,1566.7850341796875
49224,5,66,35,61,2,27.502410287315712,-3.1315391758675832,0.6857142857142857,0,1566.7850341796875
49224,5,66,35,62,2,27.68929649036684,-3.2582744157500843,0.613407053921902,0,1566.7850341796875
49224,5,66,35,63,2,26.182528957809986,-2.8400321416795995,0.765685424949238,0,1566.7850341796875
49224,5,66,35,64,,,,,0,1566.7850341796875
49224,5,66,35,65,2,24.73665643385136,-2.713170911749487,0.6466890965784271,0,1566.7850341796875
49224,5,66,35,66,,,,,0,1566.7850341796875
49224,5,66,35,67,2,22.502719108957997,-3.129305375436558,0.49033749051054326,0,1566.7850341796875
49224,5,66,35,68,,,,,0,1566.7850341796875
49224,5,67,1,1,2,25.435649988648525,-1.6827238671921603,0.613407053921902,1,1567.0679931640625
49224,5,67,1,2,2,21.244868844270844,-1.8738881291873186,0.682842712474619,0,1567.0679931640625
49224,5,67,1,3,2,26.05972667402976,-1.81658977631555,0.8513997106635237,0,1567.0679931640625
49224,5,67,1,4,2,30.933384173737057,-1.7772489820486588,0.682842712474619,0,1567.0679931640625
49224,5,67,1,5,2,24.432190834384404,-1.9410576311384955,0.848528137423857,0,1567.0679931640625
49224,5,67,1,6,2,29.14956004955556,-1.8789483241503275,0.848528137423857,0,1567.0679931640625
49224,5,67,1,7,2,20.250163261811217,-2.1652368281322794,0.613407053921902,0,1567.0679931640625
49224,5,67,1,8,2,23.23261809634068,-2.0807654336006407,0.8513997106635237,0,1567.0679931640625
49224,5,67,1,9,2,27.70414131001509,-1.9925504667884413,0.848528137423857,0,1567.0679931640625
49224,5,67,1,10,2,32.33085751785982,-1.929199927257267,0.8513997106635237,0,1567.0679931640625
49224,5,67,1,11,2,35.6296194102682,-1.8947350037200568,0.613407053921902,0,1567.0679931640625
49224,5,67,1,12,2,26.652242689273333,-2.1168499000066423,0.848528137423857,0,1567.0679931640625
49224,5,67,1,13,2,31.03396433720307,-2.033082551709145,0.848528137423857,0,1567.0679931640625
49224,5,67,1,14,2,26.041594325435664,-2.24913004200586,0.682842712474619,0,1567.0679931640625
49224,5,67,1,15,2,30.098663377722126,-2.1447004081660817,0.8513997106635237,0,1567.0679931640625
49224,5,67,1,16,2,34.404860692063544,-2.0657174306901234,0.682842712474619,0,1567.0679931640625
49224,5,67,1,17,2,32.133574359313556,-2.236298418418802,0.613407053921902,0,1567.0679931640625
49224,5,67,1,18,2,54.105285880597044,-2.5477080395690543,0.613407053921902,0,1567.0679931640625
49224,5,67,1,19,2,51.24202275711832,-2.5094772374107253,0.8513997106635237,0,1567.0679931640625
49224,5,67,1,20,2,48.4559593252075,-2.5928224256870043,0.682842712474619,0,1567.0679931640625
49224,5,67,1,21,2,54.34620316412086,-2.4351829873807156,0.682842712474619,0,1567.0679931640625
49224,5,67,1,22,2,47.75099370152965,-2.52078230379468,0.848528137423857,0,1567.0679931640625
49224,5,67,1,23,2,50.822458633938524,-2.440672245672391,0.848528137423857,0,1567.0679931640625
49224,5,67,1,24,2,42.36607689231574,-2.601742208807979,0.613407053921902,0,1567.0679931640625
49224,5,67,1,25,2,44.26702952227557,-2.533868762731922,0.8513997106635237,0,1567.0679931640625
49224,5,67,1,26,2,47.30047362173961,-2.44697917672551,0.848528137423857,0,1567.0679931640625
49224,5,67,1,27,2,50.64681339389235,-2.3710573456585062,0.8513997106635237,0,1567.0679931640625
49224,5,67,1,28,2,53.14400378628017,-2.3237835575335,0.613407053921902,0,1567.0679931640625
49224,5,67,1,29,2,43.7806727687387,-2.4543005461986915,0.848528137423857,0,1567.0679931640625
49224,5,67,1,30,2,47.11169929219542,-2.3721726993065166,0.848528137423857,0,1567.0679931640625
49224,5,67,1,31,2,40.26362888918323,-2.462901495222135,0.682842712474619,0,1567.0679931640625
49224,5,67,1,32,2,43.576653307025985,-2.3734690152899818,0.8513997106635237,0,1567.0679931640625
49224,5,67,1,33,2,47.18781215055014,-2.29718728541975,0.682842712474619,0,1567.0679931640625
49224,5,67,1,34,2,41.131346312279106,-2.3143128378779325,0.613407053921902,0,1567.0679931640625
49224,5,67,1,35,,,,,0,1567.0679931640625
49224,5,67,1,36,,,,,0,1567.0679931640625
49224,5,67,1,37,2,5.4442313016181645,-1.819675111173693,0.6466890965784271,0,1567.0679931640625
49224,5,67,1,38,2,4.910178228514998,-4.435766559574066,0.6466890965784271,0,1567.0679931640625
49224,5,67,1,39,2,4.739435526321481,-2.515692295187633,0.765685424949238,0,1567.0679931640625
49224,5,67,1,40,2,4.438169329046607,-3.6663431188059157,0.765685424949238,0,1567.0679931640625
49224,5,67,1,41,2,10.827519445656666,-2.1964635216071526,0.613407053921902,0,1567.0679931640625
49224,5,67,1,42,2,8.24922698594635,-2.4475699678392835,0.8513997106635237,0,1567.0679931640625
49224,5,67,1,43,,,,,0,1567.0679931640625
49224,5,67,1,44,2,7.906955269629972,-3.7818311033584995,0.8513997106635237,0,1567.0679931640625
49224,5,67,1,45,2,10.384339659098284,-4.055530684910982,0.613407053921902,0,1567.0679931640625
49224,5,67,1,46,2,9.266733000810191,-2.8372992650992224,0.765685424949238,0,1567.0679931640625
49224,5,67,1,47,2,9.11632812010606,-3.387982155784509,0.765685424949238,0,1567.0679931640625
49224,5,67,1,48,2,12.50839067449574,-2.706123233657595,0.6466890965784271,0,1567.0679931640625
49224,5,67,1,49,,,,,0,1567.0679931640625
49224,5,67,1,50,2,12.285358482196425,-3.536240211291143,0.6466890965784271,0,1567.0679931640625
49224,5,67,1,51,,,,,0,1567.0679931640625
49224,5,67,1,52,,,,,0,1567.0679931640625
49224,5,67,1,53,2,37.76605878803628,-2.86600844102399,0.6466890965784271,0,1567.0679931640625
49224,5,67,1,54,,,,,0,1567.0679931640625
49224,5,67,1,55,2,36.34206092328387,-3.133984585367633,0.49033749051054326,0,1567.0679931640625
49224,5,67,1,56,2,34.72301397666835,-2.915719100515772,0.765685424949238,0,1567.0679931640625
49224,5,67,1,57,,,,,0,1567.0679931640625
49224,5,67,1,58,2,34.23522362219464,-2.7274481545091818,0.613407053921902,0,1567.0679931640625
49224,5,67,1,59,2,32.98280013857626,-2.824746574455059,0.8513997106635237,0,1567.0679931640625
49224,5,67,1,60,,,,,0,1567.0679931640625
49224,5,67,1,61,2,31.34222871385393,-3.132770887904739,0.6857142857142857,0,1567.0679931640625
49224,5,67,1,62,2,31.50634649195495,-3.2440850315650565,0.613407053921902,0,1567.0679931640625
49224,5,67,1,63,2,29.87101619000865,-2.8782228368929035,0.765685424949238,0,1567.0679931640625
49224,5,67,1,64,,,,,0,1567.0679931640625
49224,5,67,1,65,2,28.274635516326637,-2.7696213645689527,0.6466890965784271,0,1567.0679931640625
49224,5,67,1,66,,,,,0,1567.0679931640625
49224,5,67,1,67,2,26.3424601992939,-3.1310964703831,0.49033749051054326,0,1567.0679931640625
49224,5,67,1,68,,,,,0,1567.0679931640625
49224,5,68,3,1,,,,,0,1569.5849609375
49224,5,68,3,2,2,8.102752386729849,-0.8608196945063284,0.682842712474619,0,1569.5849609375
49224,5,68,3,3,2,6.0508346728743945,-0.19755084680507262,0.765685424949238,1,1569.5849609375
49224,5,68,3,4,2,7.587529521277772,0.5199504721985174,0.682842712474619,0,1569.5849609375
49224,5,68,3,5,2,9.01777101928773,-0.45859758479807033,0.848528137423857,0,1569.5849609375
49224,5,68,3,6,2,8.790801906203347,0.11002616128100362,0.848528137423857,0,1569.5849609375
49224,5,68,3,7,2,14.181226508158257,-0.8095350433432624,0.613407053921902,0,1569.5849609375
49224,5,68,3,8,2,12.289336356132187,-0.5860174583923772,0.8513997106635237,0,1569.5849609375
49224,5,68,3,9,2,11.044717835778108,-0.16730524786578727,0.848528137423857,0,1569.5849609375
49224,5,68,3,10,2,11.95591050776802,0.2638526922481985,0.8513997106635237,0,1569.5849609375
49224,5,68,3,11,2,13.68811158882845,0.5021524641090395,0.613407053921902,0,1569.5849609375
49224,5,68,3,12,2,13.845338059787553,-0.3420300329387558,0.848528137423857,0,1569.5849609375
49224,5,68,3,13,2,13.698590802984244,0.022896671604109464,0.848528137423857,0,1569.5849609375
49224,5,68,3,14,2,16.923385592358535,-0.45572623853348526,0.682842712474619,0,1569.5849609375
49224,5,68,3,15,2,16.04241203514768,-0.15589878450914263,0.8513997106635237,0,1569.5849609375
49224,5,68,3,16,2,16.682835127856833,0.14838936581851625,0.682842712474619,0,1569.5849609375
49224,5,68,3,17,2,19.541499896090333,-0.15138607023479977,0.613407053921902,0,1569.5849609375
49224,5,68,3,18,2,44.773811333794015,-0.027874493536086398,0.613407053921902,0,1569.5849609375
49224,5,68,3,19,2,41.29386088840246,-0.01917437586851478,0.8513997106635237,0,1569.5849609375
49224,5,68,3,20,2,41.03930972948901,-0.14054967348998026,0.682842712474619,0,1569.5849609375
49224,5,68,3,21,2,42.14428728865322,0.09900349103387818,0.682842712474619,0,1569.5849609375
49224,5,68,3,22,2,38.59426575483831,-0.07637029189288169,0.848528137423857,0,1569.5849609375
49224,5,68,3,23,2,39.18514199480318,0.05138808344145751,0.848528137423857,0,1569.5849609375
49224,5,68,3,24,2,36.248188209081206,-0.23861721679345305,0.613407053921902,0,1569.5849609375
49224,5,68,3,25,2,36.03958589161972,-0.14191609968654828,0.8513997106635237,0,1569.5849609375
49224,5,68,3,26,2,36.32918599744892,-0.003856202168029066,0.848528137423857,0,1569.5849609375
49224,5,68,3,27,2,37.29299879649049,0.12953530907756017,0.8513997106635237,0,1569.5849609375
49224,5,68,3,28,2,38.34303537845567,0.21785784212730164,0.613407053921902,0,1569.5849609375
49224,5,68,3,29,2,33.602740324586456,-0.06828999775295674,0.848528137423857,0,1569.5849609375
49224,5,68,3,30,2,34.27976314561394,0.07780381645604417,0.848528137423857,0,1569.5849609375
49224,5,68,3,31,2,31.03995102131992,-0.14372271339283493,0.682842712474619,0,1569.5849609375
49224,5,68,3,32,2,31.375732077574575,0.0163047504657563,0.8513997106635237,0,1569.5849609375
49224,5,68,3,33,2,32.486836832808834,0.16914760907057125,0.682842712474619,0,1569.5849609375
49224,5,68,3,34,2,27.91818993273552,0.03466897053108364,0.613407053921902,0,1569.5849609375
49224,5,68,3,35,,,,,0,1569.5849609375
49224,5,68,3,36,,,,,0,1569.5849609375
49224,5,68,3,37,2,20.43055046771261,-1.6507019739427953,0.6466890965784271,0,1569.5849609375
49224,5,68,3,38,2,30.421889888995167,-1.6673923574120455,0.6466890965784271,0,1569.5849609375
49224,5,68,3,39,2,23.175741332945503,-1.5482675954824952,0.765685424949238,0,1569.5849609375
49224,5,68,3,40,2,28.12751290700612,-1.575402767794898,0.765685424949238,0,1569.5849609375
49224,5,68,3,41,2,17.949963427419846,-1.3584673059045762,0.613407053921902,0,1569.5849609375
49224,5,68,3,42,2,21.27864150380019,-1.4138184369330358,0.8513997106635237,0,1569.5849609375
49224,5,68,3,43,,,,,0,1569.5849609375
49224,5,68,3,44,2,30.997815669037756,-1.505477926890997,0.8513997106635237,0,1569.5849609375
49224,5,68,3,45,2,34.437537273347246,-1.5252739234356032,0.613407053921902,0,1569.5849609375
49224,5,68,3,46,2,24.443571305459738,-1.3447086275866116,0.765685424949238,0,1569.5849609375
49224,5,68,3,47,2,29.180989944950326,-1.4045892651300804,0.765685424949238,0,1569.5849609375
49224,5,68,3,48,2,23.198141651450104,-1.205640874243984,0.6466890965784271,0,1569.5849609375
49224,5,68,3,49,,,,,0,1569.5849609375
49224,5,68,3,50,2,32.3455988982294,-1.3532706290806782,0.6466890965784271,0,1569.5849609375
49224,5,68,3,51,,,,,0,1569.5849609375
49224,5,68,3,52,2,44.491920272468256,-0.6071247352566067,0.613407053921902,0,1569.5849609375
49224,5,68,3,53,2,39.19155188616582,-0.5346455332063877,0.682842712474619,0,1569.5849609375
49224,5,68,3,54,2,41.41279675714048,-0.6458933865839336,0.8513997106635237,0,1569.5849609375
49224,5,68,3,55,2,44.09151541113576,-0.744735102863544,0.682842712474619,0,1569.5849609375
49224,5,68,3,56,2,38.01726109716977,-0.6210669215406777,0.848528137423857,0,1569.5849609375
49224,5,68,3,57,2,40.6122412251845,-0.7298892662312124,0.848528137423857,0,1569.5849609375
49224,5,68,3,58,2,33.24191856994709,-0.4969412291735851,0.613407053921902,0,1569.5849609375
49224,5,68,3,59,2,34.64974094293537,-0.5913934350437742,0.8513997106635237,0,1569.5849609375
49224,5,68,3,60,2,37.14359357163397,-0.7122661659958405,0.848528137423857,0,1569.5849609375
49224,5,68,3,61,2,40.10845969888305,-0.8166234739996956,0.8513997106635237,0,1569.5849609375
49224,5,68,3,62,2,42.411884379480995,-0.8805269259906241,0.613407053921902,0,1569.5849609375
49224,5,68,3,63,2,33.6888549745592,-0.6910208493100518,0.848528137423857,0,1569.5849609375
49224,5,68,3,64,2,36.592088564320555,-0.8070278667955535,0.848528137423857,0,1569.5849609375
49224,5,68,3,65,2,30.252790872563065,-0.6649354034045853,0.6466890965784271,0,1569.5849609375
49224,5,68,3,66,,,,,0,1569.5849609375
49224,5,68,3,67,2,36.37740160571436,-0.9037916551512211,0.6466890965784271,0,1569.5849609375
49224,5,68,3,68,,,,,0,1569.5849609375
49224,5,69,9,1,,,,,0,1569.8690185546875
49224,5,69,9,2,2,6.383349833722794,-1.0095806136305234,0.6466890965784271,0,1569.8690185546875
49224,5,69,9,3,,,,,0,1569.8690185546875
49224,5,69,9,4,2,5.715169559627627,0.9342284720290202,0.6466890965784271,0,1569.8690185546875
49224,5,69,9,5,2,6.573641005340649,-0.45759818513642214,0.848528137423857,0,1569.8690185546875
49224,5,69,9,6,2,6.258654812729229,0.34146126907643515,0.848528137423857,0,1569.8690185546875
49224,5,69,9,7,2,12.23927082134547,-0.8146866235904922,0.613407053921902,0,1569.8690185546875
49224,5,69,9,8,2,9.98600786283991,-0.5718363734343024,0.8513997106635237,0,1569.8690185546875
49224,5,69,9,9,2,8.40704210971393,-0.04809723552441958,0.848528137423857,1,1569.8690185546875
49224,5,69,9,10,2,9.572688286594625,0.5007630797472213,0.8513997106635237,0,1569.8690185546875
49224,5,69,9,11,2,11.664345838098587,0.7671186743478271,0.613407053921902,0,1569.8690185546875
49224,5,69,9,12,2,11.277675026533958,-0.2604522564807439,0.848528137423857,0,1569.8690185546875
49224,5,69,9,13,2,11.097024736473756,0.19000262179290717,0.848528137423857,0,1569.8690185546875
49224,5,69,9,14,2,14.44622964561038,-0.3834160471454866,0.682842712474619,0,1569.8690185546875
49224,5,69,9,15,2,13.403415794920148,-0.030161034731627234,0.8513997106635237,0,1569.8690185546875
49224,5,69,9,16,2,14.16367039186233,0.33045988803189985,0.682842712474619,0,1569.8690185546875
49224,5,69,9,17,2,16.902153517449282,-0.02391636873827907,0.613407053921902,0,1569.8690185546875
49224,5,69,9,18,2,42.14862734669167,0.10925518933570277,0.613407053921902,0,1569.8690185546875
49224,5,69,9,19,2,38.67137893396583,0.11912396231561839,0.8513997106635237,0,1569.8690185546875
49224,5,69,9,20,2,38.399447192070014,-0.010526377185190228,0.682842712474619,0,1569.8690185546875
49224,5,69,9,21,2,39.57819541934901,0.2448921466721632,0.682842712474619,0,1569.8690185546875
49224,5,69,9,22,2,35.958447514971624,0.058317000349045856,0.848528137423857,0,1569.8690185546875
49224,5,69,9,23,2,36.59191101438639,0.1951535633093835,0.848528137423857,0,1569.8690185546875
49224,5,69,9,24,2,33.62474897930243,-0.1163733838362393,0.613407053921902,0,1569.8690185546875
49224,5,69,9,25,2,33.3997656686325,-0.012102164759835832,0.8513997106635237,0,1569.8690185546875
49224,5,69,9,26,2,33.71205052673842,0.13675097941203251,0.848528137423857,0,1569.8690185546875
49224,5,69,9,27,2,34.74853025259007,0.2797858380558633,0.8513997106635237,0,1569.8690185546875
49224,5,69,9,28,2,35.873123052135135,0.3736959955595198,0.613407053921902,0,1569.8690185546875
49224,5,69,9,29,2,30.968318484379438,0.06772739366024716,0.848528137423857,0,1569.8690185546875
49224,5,69,9,30,2,31.701652224257334,0.22574304638289466,0.848528137423857,0,1569.8690185546875
49224,5,69,9,31,2,28.400196280704645,-0.01423276244650129,0.682842712474619,0,1569.8690185546875
49224,5,69,9,32,2,28.76680644041588,0.16044806787593835,0.8513997106635237,0,1569.8690185546875
49224,5,69,9,33,2,29.97477534157938,0.3258658452785963,0.682842712474619,0,1569.8690185546875
49224,5,69,9,34,2,25.317936610720164,0.18253546583552227,0.613407053921902,0,1569.8690185546875
49224,5,69,9,35,,,,,0,1569.8690185546875
49224,5,69,9,36,,,,,0,1569.8690185546875
49224,5,69,9,37,2,20.46704534536602,4.634003332443591,0.6466890965784271,0,1569.8690185546875
49224,5,69,9,38,2,30.44641090791595,4.659725259817943,0.6466890965784271,0,1569.8690185546875
49224,5,69,9,39,2,22.921770048119612,-1.531639266095088,0.765685424949238,0,1569.8690185546875
49224,5,69,9,40,2,27.918623500113156,-1.5386502449398782,0.765685424949238,0,1569.8690185546875
49224,5,69,9,41,2,17.242208266482066,-1.372463540821649,0.613407053921902,0,1569.8690185546875
49224,5,69,9,42,2,20.68509470866113,-1.4058088354561566,0.8513997106635237,0,1569.8690185546875
49224,5,69,9,43,,,,,0,1569.8690185546875
49224,5,69,9,44,2,30.593416532167097,-1.4595194061277676,0.8513997106635237,0,1569.8690185546875
49224,5,69,9,45,2,34.07398615237456,-1.4709261836083751,0.613407053921902,0,1569.8690185546875
49224,5,69,9,46,2,23.651231259194205,-1.3187923393715173,0.765685424949238,0,1569.8690185546875
49224,5,69,9,47,2,28.520566896155525,-1.362519490510163,0.765685424949238,0,1569.8690185546875
49224,5,69,9,48,2,22.064594740064734,-1.180374073486563,0.6466890965784271,0,1569.8690185546875
49224,5,69,9,49,,,,,0,1569.8690185546875
49224,5,69,9,50,2,31.54251627641154,-1.3013246111182917,0.6466890965784271,0,1569.8690185546875
49224,5,69,9,51,,,,,0,1569.8690185546875
49224,5,69,9,52,2,42.16329647079625,-0.5051431770646602,0.613407053921902,0,1569.8690185546875
49224,5,69,9,53,2,36.77866684269773,-0.4321621881693587,0.682842712474619,0,1569.8690185546875
49224,5,69,9,54,2,39.13709660575694,-0.5484344252680846,0.8513997106635237,0,1569.8690185546875
49224,5,69,9,55,2,41.96134324268645,-0.6502923593217225,0.682842712474619,0,1569.8690185546875
49224,5,69,9,56,2,35.710008873686185,-0.525190257010657,0.848528137423857,0,1569.8690185546875
49224,5,69,9,57,2,38.460976713559205,-0.6379101609106663,0.848528137423857,0,1569.8690185546875
49224,5,69,9,58,2,30.791520579334883,-0.3969490487166809,0.613407053921902,0,1569.8690185546875
49224,5,69,9,59,2,32.30630181232667,-0.49703019152207606,0.8513997106635237,0,1569.8690185546875
49224,5,69,9,60,2,34.96768698085904,-0.6230513136463682,0.848528137423857,0,1569.8690185546875
49224,5,69,9,61,2,38.102245718507675,-0.7298228180078818,0.8513997106635237,0,1569.8690185546875
49224,5,69,9,62,2,40.51987815868989,-0.7942437680443692,0.613407053921902,0,1569.8690185546875
49224,5,69,9,63,2,31.483829751504732,-0.604899261054737,0.848528137423857,0,1569.8690185546875
49224,5,69,9,64,2,34.57272815130347,-0.7241423740893915,0.848528137423857,0,1569.8690185546875
49224,5,69,9,65,2,28.012924496598533,-0.5822399077317222,0.682842712474619,0,1569.8690185546875
49224,5,69,9,66,2,31.044579798321113,-0.7171705206841419,0.765685424949238,0,1569.8690185546875
49224,5,69,9,67,2,34.5370515657681,-0.8264983111431299,0.682842712474619,0,1569.8690185546875
49224,5,69,9,68,,,,,0,1569.8690185546875
49224,5,70,15,1,,,,,0,1570.2850341796875
49224,5,70,15,2,2,5.722745946096655,4.377165465063168,0.6466890965784271,0,1570.2850341796875
49224,5,70,15,3,,,,,0,1570.2850341796875
49224,5,70,15,4,2,4.966470493134046,1.9595940324010472,0.6466890965784271,0,1570.2850341796875
49224,5,70,15,5,2,2.9690859114941057,-1.3613492670009175,0.765685424949238,0,1570.2850341796875
49224,5,70,15,6,2,2.184828402331749,1.284341913241675,0.765685424949238,0,1570.2850341796875
49224,5,70,15,7,2,9.434114390860186,-1.2340354929405573,0.613407053921902,0,1570.2850341796875
49224,5,70,15,8,2,6.238839406355732,-1.047584350187884,0.8513997106635237,0,1570.2850341796875
49224,5,70,15,9,,,,,0,1570.2850341796875
49224,5,70,15,10,2,5.553298581375089,0.974783330751264,0.8513997106635237,0,1570.2850341796875
49224,5,70,15,11,2,8.67523647702842,1.2032394591312174,0.613407053921902,0,1570.2850341796875
49224,5,70,15,12,2,6.323667221206713,-0.4771605788804978,0.848528137423857,0,1570.2850341796875
49224,5,70,15,13,2,5.995562619334982,0.35709992785285594,0.848528137423857,0,1570.2850341796875
49224,5,70,15,14,2,9.751738978922097,-0.5873751818195472,0.682842712474619,0,1570.2850341796875
49224,5,70,15,15,2,8.127386856230686,-0.049753557439468965,0.8513997106635237,1,1570.2850341796875
49224,5,70,15,16,2,9.3280448706379,0.515174091487151,0.682842712474619,0,1570.2850341796875
49224,5,70,15,17,2,11.624359091715265,-0.03477878588753591,0.613407053921902,0,1570.2850341796875
49224,5,70,15,18,2,36.904609578812824,0.12485602424170406,0.613407053921902,0,1570.2850341796875
49224,5,70,15,19,2,33.43469606534941,0.1378925993080793,0.8513997106635237,0,1570.2850341796875
49224,5,70,15,20,2,33.11979614950081,-0.012204472297079771,0.682842712474619,0,1570.2850341796875
49224,5,70,15,21,2,34.47951427993286,0.28202830895229836,0.682842712474619,0,1570.2850341796875
49224,5,70,15,22,2,30.688976049976386,0.06834483079861275,0.848528137423857,0,1570.2850341796875
49224,5,70,15,23,2,31.428828406318726,0.22773708890003697,0.848528137423857,0,1570.2850341796875
49224,5,70,15,24,2,28.387092105590796,-0.13797165238929643,0.613407053921902,0,1570.2850341796875
49224,5,70,15,25,2,28.120234725367375,-0.014374471769395658,0.8513997106635237,0,1570.2850341796875
49224,5,70,15,26,2,28.490447609814062,0.16201811699054414,0.848528137423857,0,1570.2850341796875
49224,5,70,15,27,2,29.70965514787007,0.32888281632209426,0.8513997106635237,0,1570.2850341796875
49224,5,70,15,28,2,31.01748235759673,0.43587866302801737,0.613407053921902,0,1570.2850341796875
49224,5,70,15,29,2,25.70291724729496,0.08163002423542265,0.848528137423857,0,1570.2850341796875
49224,5,70,15,30,2,26.581910371888164,0.2702173953650817,0.848528137423857,0,1570.2850341796875
49224,5,70,15,31,2,23.120862982056394,-0.0174829197351436,0.682842712474619,0,1570.2850341796875
49224,5,70,15,32,2,23.56973290117706,0.1962445803237951,0.8513997106635237,0,1570.2850341796875
49224,5,70,15,33,2,25.029788513501888,0.39344797143410903,0.682842712474619,0,1570.2850341796875
49224,5,70,15,34,2,20.148473933539393,0.23012240070524093,0.613407053921902,0,1570.2850341796875
49224,5,70,15,35,,,,,0,1570.2850341796875
49224,5,70,15,36,,,,,0,1570.2850341796875
49224,5,70,15,37,2,21.53375288228752,4.387057992745547,0.6466890965784271,0,1570.2850341796875
49224,5,70,15,38,2,31.17349042375301,4.489768691031799,0.6466890965784271,0,1570.2850341796875
49224,5,70,15,39,2,23.31973754534751,4.523326423766015,0.765685424949238,0,1570.2850341796875
49224,5,70,15,40,2,28.246276837595563,4.556600352885399,0.765685424949238,0,1570.2850341796875
49224,5,70,15,41,2,17.00871576482538,4.601473131104671,0.613407053921902,0,1570.2850341796875
49224,5,70,15,42,2,20.490871361905462,4.6203807249973465,0.8513997106635237,0,1570.2850341796875
49224,5,70,15,43,,,,,0,1570.2850341796875
49224,5,70,15,44,2,30.46243262076343,4.65054654636294,0.8513997106635237,0,1570.2850341796875
49224,5,70,15,45,2,33.95643088394436,4.656916828380777,0.613407053921902,0,1570.2850341796875
49224,5,70,15,46,2,22.912517433896735,-1.5438501689891342,0.765685424949238,0,1570.2850341796875
49224,5,70,15,47,2,27.911027411416068,-1.5486767562056656,0.765685424949238,0,1570.2850341796875
49224,5,70,15,48,2,20.640956982293456,-1.41918981805637,0.6466890965784271,0,1570.2850341796875
49224,5,70,15,49,,,,,0,1570.2850341796875
49224,5,70,15,50,2,30.563591038182725,-1.4686237790834658,0.6466890965784271,0,1570.2850341796875
49224,5,70,15,51,,,,,0,1570.2850341796875
49224,5,70,15,52,2,37.62960127613443,-0.5730983953388331,0.613407053921902,0,1570.2850341796875
49224,5,70,15,53,2,32.06046769802881,-0.5011943391504778,0.682842712474619,0,1570.2850341796875
49224,5,70,15,54,2,34.74069062379944,-0.6277541366678117,0.8513997106635237,0,1570.2850341796875
49224,5,70,15,55,2,37.894030941834934,-0.7347492072035555,0.682842712474619,0,1570.2850341796875
49224,5,70,15,56,2,31.25392677776797,-0.6099938302910619,0.848528137423857,0,1570.2850341796875
49224,5,70,15,57,2,34.36349713041848,-0.7295403264501479,0.848528137423857,0,1570.2850341796875
49224,5,70,15,58,2,26.00232481606365,-0.475533584629408,0.613407053921902,0,1570.2850341796875
49224,5,70,15,59,2,27.77949411061363,-0.5877823528639143,0.8513997106635237,0,1570.2850341796875
49224,5,70,15,60,2,30.834109181940292,-0.7231387812385486,0.848528137423857,0,1570.2850341796875
49224,5,70,15,61,2,34.347988078576186,-0.8324943492056325,0.8513997106635237,0,1570.2850341796875
49224,5,70,15,62,2,37.01166954147773,-0.8961826067034955,0.613407053921902,0,1570.2850341796875
49224,5,70,15,63,2,27.306311414311352,-0.7150827551370069,0.848528137423857,0,1570.2850341796875
49224,5,70,15,64,2,30.816823961231755,-0.8378956009197829,0.848528137423857,0,1570.2850341796875
49224,5,70,15,65,2,23.780811530872658,-0.7046372655739099,0.682842712474619,0,1570.2850341796875
49224,5,70,15,66,2,27.286791549558977,-0.8446945921617393,0.8513997106635237,0,1570.2850341796875
49224,5,70,15,67,2,31.202740089153718,-0.9512908007411647,0.682842712474619,0,1570.2850341796875
49224,5,70,15,68,2,25.099754697740998,-0.9491559808261854,0.613407053921902,0,1570.2850341796875
49224,5,71,17,1,,,,,0,1570.7020263671875
49224,5,71,17,2,2,8.97269131674305,3.7879645597568583,0.6466890965784271,0,1570.7020263671875
49224,5,71,17,3,,,,,0,1570.7020263671875
49224,5,71,17,4,2,8.510299493035575,2.5711222226702795,0.6466890965784271,0,1570.7020263671875
49224,5,71,17,5,2,5.493163962937063,3.698653167903551,0.765685424949238,0,1570.7020263671875
49224,5,71,17,6,2,5.112030352170568,2.719166911121199,0.765685424949238,0,1570.7020263671875
49224,5,71,17,7,2,9.163072868072156,4.474120917078697,0.613407053921902,0,1570.7020263671875
49224,5,71,17,8,2,5.820868250017517,4.33172494719061,0.8513997106635237,0,1570.7020263671875
49224,5,71,17,9,,,,,0,1570.7020263671875
49224,5,71,17,10,2,5.079223875718359,2.0106279767779798,0.8513997106635237,0,1570.7020263671875
49224,5,71,17,11,2,8.379684837637353,1.831835514862864,0.613407053921902,0,1570.7020263671875
49224,5,71,17,12,2,2.9237250284895615,-1.4551614051497137,0.765685424949238,0,1570.7020263671875
49224,5,71,17,13,2,2.122774608859594,1.4112090095240386,0.765685424949238,0,1570.7020263671875
49224,5,71,17,14,2,6.1037549838249445,-1.0873309055233724,0.6466890965784271,0,1570.7020263671875
49224,5,71,17,15,,,,,0,1570.7020263671875
49224,5,71,17,16,2,5.401095527591906,1.0176990359391387,0.6466890965784271,0,1570.7020263671875
49224,5,71,17,17,2,6.350208760609739,-0.06369444690783754,0.4815389220537701,1,1570.7020263671875
49224,5,71,17,18,2,31.672539271325512,0.1456177095720146,0.613407053921902,0,1570.7020263671875
49224,5,71,17,19,2,28.21415285793112,0.16361896358140915,0.8513997106635237,0,1570.7020263671875
49224,5,71,17,20,2,27.840266117494277,-0.01451903512354269,0.682842712474619,0,1570.7020263671875
49224,5,71,17,21,2,29.44480303022089,0.331954173203975,0.682842712474619,0,1570.7020263671875
49224,5,71,17,22,2,25.42386203220408,0.08252803324713942,0.848528137423857,0,1570.7020263671875
49224,5,71,17,23,2,26.312179017146242,0.2730580185593183,0.848528137423857,0,1570.7020263671875
49224,5,71,17,24,2,23.168653326767444,-0.16932003886350988,0.613407053921902,0,1570.7020263671875
49224,5,71,17,25,2,22.840908470864157,-0.017697225141965367,0.8513997106635237,0,1570.7020263671875
49224,5,71,17,26,2,23.295173400775465,0.19858824571241662,0.848528137423857,0,1570.7020263671875
49224,5,71,17,27,2,24.771417153041515,0.39778137554184956,0.8513997106635237,0,1570.7020263671875
49224,5,71,17,28,2,26.32572336268201,0.5206598186268376,0.613407053921902,0,1570.7020263671875
49224,5,71,17,29,2,20.445034676273906,0.10268940005544103,0.848528137423857,0,1570.7020263671875
49224,5,71,17,30,2,21.539671467128862,0.3356991457514231,0.848528137423857,0,1570.7020263671875
49224,5,71,17,31,2,17.841910829725837,-0.022656440018446133,0.682842712474619,0,1570.7020263671875
49224,5,71,17,32,2,18.41987475673195,0.2521662266378646,0.8513997106635237,0,1570.7020263671875
49224,5,71,17,33,2,20.254623917799453,0.4935537584632468,0.682842712474619,0,1570.7020263671875
49224,5,71,17,34,2,15.05591125275175,0.3101997966523877,0.613407053921902,0,1570.7020263671875
49224,5,71,17,35,,,,,0,1570.7020263671875
49224,5,71,17,36,,,,,0,1570.7020263671875
49224,5,71,17,37,2,23.754196676664147,4.174852011547886,0.6466890965784271,0,1570.7020263671875
49224,5,71,17,38,2,32.74669222620869,4.331854579212049,0.6466890965784271,0,1570.7020263671875
49224,5,71,17,39,2,24.858992670942918,4.313169729609461,0.765685424949238,0,1570.7020263671875
49224,5,71,17,40,2,29.529841053012643,4.3790319647501175,0.765685424949238,0,1570.7020263671875
49224,5,71,17,41,2,18.35907896030217,4.311601961979087,0.613407053921902,0,1570.7020263671875
49224,5,71,17,42,2,21.624874045231984,4.374788918166052,0.8513997106635237,0,1570.7020263671875
49224,5,71,17,43,,,,,0,1570.7020263671875
49224,5,71,17,44,2,31.236503797264866,4.481025984197509,0.8513997106635237,0,1570.7020263671875
49224,5,71,17,45,2,34.65254055156823,4.504188419232165,0.613407053921902,0,1570.7020263671875
49224,5,71,17,46,2,23.373977717378345,4.511560568145739,0.765685424949238,0,1570.7020263671875
49224,5,71,17,47,2,28.29107333302674,4.5468230175085775,0.765685424949238,0,1570.7020263671875
49224,5,71,17,48,2,20.518491542768288,4.606791905450063,0.6466890965784271,0,1570.7020263671875
49224,5,71,17,49,,,,,0,1570.7020263671875
49224,5,71,17,50,2,30.481018473716528,4.6413780047040625,0.6466890965784271,0,1570.7020263671875
49224,5,71,17,51,2,25.43937525954215,-1.5182027199683286,0.4815389220537701,0,1570.7020263671875
49224,5,71,17,52,2,33.316458488052675,-0.6591384806160412,0.613407053921902,0,1570.7020263671875
49224,5,71,17,53,2,27.546925196489457,-0.5934187116852514,0.682842712474619,0,1570.7020263671875
49224,5,71,17,54,2,30.62474626479676,-0.72918902631092,0.8513997106635237,0,1570.7020263671875
49224,5,71,17,55,2,34.16016802923224,-0.8385567065690025,0.682842712474619,0,1570.7020263671875
49224,5,71,17,56,2,27.09552411234799,-0.7218584259432439,0.848528137423857,0,1570.7020263671875
49224,5,71,17,57,2,30.63020442186158,-0.8446897542995462,0.848528137423857,0,1570.7020263671875
49224,5,71,17,58,2,21.444821586129876,-0.5884932277114983,0.613407053921902,0,1570.7020263671875
49224,5,71,17,59,2,23.568194034810556,-0.7123329120143675,0.8513997106635237,0,1570.7020263671875
49224,5,71,17,60,2,27.101693047938486,-0.8524201464149259,0.848528137423857,0,1570.7020263671875
49224,5,71,17,61,2,31.041001305803174,-0.9586348507146338,0.8513997106635237,0,1570.7020263671875
49224,5,71,17,62,2,33.9650284744237,-1.0178843053909725,0.613407053921902,0,1570.7020263671875
49224,5,71,17,63,2,23.575285983510902,-0.8624639318281133,0.848528137423857,0,1570.7020263671875
49224,5,71,17,64,2,27.565124799400472,-0.9807452129501351,0.848528137423857,0,1570.7020263671875
49224,5,71,17,65,2,20.052093465370994,-0.8760389420193659,0.682842712474619,0,1570.7020263671875
49224,5,71,17,66,2,24.106605906808436,-1.0092172673378337,0.8513997106635237,0,1570.7020263671875
49224,5,71,17,67,2,28.46349318598068,-1.1028992212243258,0.682842712474619,0,1570.7020263671875
49224,5,71,17,68,2,22.439187283482823,-1.1416252466751566,0.613407053921902,0,1570.7020263671875
49224,5,72,31,1,,,,,0,1571.001953125
49224,5,72,31,2,2,12.474087916801931,3.589670626191102,0.6466890965784271,0,1571.001953125
49224,5,72,31,3,,,,,0,1571.001953125
49224,5,72,31,4,2,12.145734944897708,2.7535384587164202,0.6466890965784271,0,1571.001953125
49224,5,72,31,5,2,9.21241286858699,3.462311178281521,0.765685424949238,0,1571.001953125
49224,5,72,31,6,2,8.990358995007368,2.9063114706794155,0.765685424949238,0,1571.001953125
49224,5,72,31,7,2,10.874540246384937,4.100930431272193,0.613407053921902,0,1571.001953125
49224,5,72,31,8,2,8.256889751517074,3.855124216664767,0.8513997106635237,0,1571.001953125
49224,5,72,31,9,,,,,0,1571.001953125
49224,5,72,31,10,2,7.751918237721107,2.506987284767485,0.8513997106635237,0,1571.001953125
49224,5,72,31,11,2,10.22315211482129,2.2276646541523917,0.613407053921902,0,1571.001953125
49224,5,72,31,12,2,4.737289295991001,3.8015092076996124,0.765685424949238,0,1571.001953125
49224,5,72,31,13,2,4.289512078513549,2.6311229422713485,0.765685424949238,0,1571.001953125
49224,5,72,31,14,2,5.545231048505682,4.486373634333853,0.6466890965784271,0,1571.001953125
49224,5,72,31,15,,,,,0,1571.001953125
49224,5,72,31,16,2,4.760839776438277,1.8348727676559182,0.6466890965784271,0,1571.001953125
49224,5,72,31,17,,,,,0,1571.001953125
49224,5,72,31,18,2,27.642064715732765,0.16703678534816957,0.613407053921902,0,1571.001953125
49224,5,72,31,19,2,24.197776559839866,0.1910873418704364,0.8513997106635237,0,1571.001953125
49224,5,72,31,20,2,23.760774112855266,-0.017012034013655697,0.682842712474619,0,1571.001953125
49224,5,72,31,21,2,25.62206850427456,0.3838716056290574,0.682842712474619,0,1571.001953125
49224,5,72,31,22,2,21.360400486290803,0.09827426630975289,0.848528137423857,0,1571.001953125
49224,5,72,31,23,2,22.410370655848936,0.3221747991571511,0.848528137423857,0,1571.001953125
49224,5,72,31,24,2,19.159343011467467,-0.20521252856011296,0.613407053921902,0,1571.001953125
49224,5,72,31,25,2,18.76169042036269,-0.021545546544299077,0.8513997106635237,0,1571.001953125
49224,5,72,31,26,2,19.31214725056051,0.2402800022515177,0.848528137423857,0,1571.001953125
49224,5,72,31,27,2,21.06933875149229,0.4728653599284629,0.8513997106635237,0,1571.001953125
49224,5,72,31,28,2,22.876574005379315,0.6094964046316154,0.613407053921902,0,1571.001953125
49224,5,72,31,29,2,16.391868408516725,0.1282070376237643,0.848528137423857,0,1571.001953125
49224,5,72,31,30,2,17.73841463941835,0.41154357501501493,0.848528137423857,0,1571.001953125
49224,5,72,31,31,2,13.763272445785756,-0.029372209743526057,0.682842712474619,1,1571.001953125
49224,5,72,31,32,2,14.504677604646307,0.32240603140802904,0.8513997106635237,0,1571.001953125
49224,5,72,31,33,2,16.773302489746342,0.6090490065628071,0.682842712474619,0,1571.001953125
49224,5,72,31,34,2,11.239854140775384,0.421231206914525,0.613407053921902,0,1571.001953125
49224,5,72,31,35,,,,,0,1571.001953125
49224,5,72,31,36,,,,,0,1571.001953125
49224,5,72,31,37,2,26.079790995138207,4.04006418957601,0.6466890965784271,0,1571.001953125
49224,5,72,31,38,2,34.47084986411688,4.221738204254418,0.6466890965784271,0,1571.001953125
49224,5,72,31,39,2,26.71073147365104,4.171964846420895,0.765685424949238,0,1571.001953125
49224,5,72,31,40,2,31.104745166287564,4.25476380035553,0.765685424949238,0,1571.001953125
49224,5,72,31,41,2,20.301464483163713,4.1254848624797695,0.613407053921902,0,1571.001953125
49224,5,72,31,42,2,23.296541746849375,4.208780214649599,0.8513997106635237,0,1571.001953125
49224,5,72,31,43,,,,,0,1571.001953125
49224,5,72,31,44,2,32.41624360358692,4.358208394561139,0.8513997106635237,0,1571.001953125
49224,5,72,31,45,2,35.71963390865909,4.392198398994559,0.613407053921902,0,1571.001953125
49224,5,72,31,46,2,24.51604647715647,4.347752318639374,0.848528137423857,0,1571.001953125
49224,5,72,31,47,2,29.241725853175858,4.408766368458663,0.848528137423857,0,1571.001953125
49224,5,72,31,48,2,21.337811892865197,4.415482483380602,0.682842712474619,0,1571.001953125
49224,5,72,31,49,2,26.15997347814972,4.471429815041186,0.8513997106635237,0,1571.001953125
49224,5,72,31,50,2,31.03846337014276,4.50988097821304,0.682842712474619,0,1571.001953125
49224,5,72,31,51,2,25.551821142265364,4.6048444696960775,0.613407053921902,0,1571.001953125
49224,5,72,31,52,2,30.19470752875644,-0.7419873471859688,0.613407053921902,0,1571.001953125
49224,5,72,31,53,2,24.271938847898433,-0.6875562626415053,0.682842712474619,0,1571.001953125
49224,5,72,31,54,2,27.71586209083741,-0.8274264930081694,0.8513997106635237,0,1571.001953125
49224,5,72,31,55,2,31.578647967266036,-0.9347893087711778,0.682842712474619,0,1571.001953125
49224,5,72,31,56,2,24.183906506826347,-0.8335689984439307,0.848528137423857,0,1571.001953125
49224,5,72,31,57,2,28.087422984907587,-0.9535253038929552,0.848528137423857,0,1571.001953125
49224,5,72,31,58,2,18.19269796434765,-0.7133087511930238,0.613407053921902,0,1571.001953125
49224,5,72,31,59,2,20.65317545617422,-0.8418120742519988,0.8513997106635237,0,1571.001953125
49224,5,72,31,60,2,24.60885313105254,-0.9775686748358292,0.848528137423857,0,1571.001953125
49224,5,72,31,61,2,28.890096026630157,-1.0744731657494961,0.8513997106635237,0,1571.001953125
49224,5,72,31,62,2,32.011201877303044,-1.1265623830736544,0.613407053921902,0,1571.001953125
49224,5,72,31,63,2,21.149183788466022,-1.009502107869221,0.848528137423857,0,1571.001953125
49224,5,72,31,64,2,25.5211671151715,-1.1139745607862541,0.848528137423857,0,1571.001953125
49224,5,72,31,65,2,17.719489197234594,-1.0538583139049917,0.682842712474619,0,1571.001953125
49224,5,72,31,66,2,22.204105327914267,-1.1653796927117495,0.8513997106635237,0,1571.001953125
49224,5,72,31,67,2,26.87125396060459,-1.2388330079017398,0.682842712474619,0,1571.001953125
49224,5,72,31,68,2,21.070617981072317,-1.3186218139508763,0.613407053921902,0,1571.001953125
49224,5,73,25,1,,,,,0,1571.968017578125
49224,5,73,25,2,2,22.462445081947095,3.384564476010122,0.6466890965784271,0,1571.968017578125
49224,5,73,25,3,,,,,0,1571.968017578125
49224,5,73,25,4,2,22.281773875863085,2.9338431875414503,0.6466890965784271,0,1571.968017578125
49224,5,73,25,5,2,19.51991628003642,3.290928451090813,0.765685424949238,0,1571.968017578125
49224,5,73,25,6,2,19.41610505681903,3.0334405966970452,0.765685424949238,0,1571.968017578125
49224,5,73,25,7,2,19.016156743766807,3.628894955293272,0.613407053921902,0,1571.968017578125
49224,5,73,25,8,2,17.650349007936633,3.45277130314065,0.8513997106635237,0,1571.968017578125
49224,5,73,25,9,,,,,0,1571.968017578125
49224,5,73,25,10,2,17.419840070952866,2.874606433055976,0.8513997106635237,0,1571.968017578125
49224,5,73,25,11,2,18.651311774136346,2.692597344206078,0.613407053921902,0,1571.968017578125
49224,5,73,25,12,2,14.594537081460011,3.3419221396295598,0.765685424949238,0,1571.968017578125
49224,5,73,25,13,2,14.45539749089986,2.996095918389896,0.765685424949238,0,1571.968017578125
49224,5,73,25,14,2,12.981070878184518,3.5709800080809235,0.6466890965784271,0,1571.968017578125
49224,5,73,25,15,,,,,0,1571.968017578125
49224,5,73,25,16,2,12.665867879464699,2.7702689612104674,0.6466890965784271,0,1571.968017578125
49224,5,73,25,17,,,,,0,1571.968017578125
49224,5,73,25,18,2,17.318270152708507,0.26859071844509397,0.613407053921902,0,1571.968017578125
49224,5,73,25,19,2,13.974659722242182,0.33510328591312444,0.8513997106635237,0,1571.968017578125
49224,5,73,25,20,2,13.203526436322049,-0.030617786984468598,0.682842712474619,0,1571.968017578125
49224,5,73,25,21,2,16.31714185604393,0.6286840905104225,0.682842712474619,0,1571.968017578125
49224,5,73,25,22,2,10.90070740054591,0.19346743466621064,0.848528137423857,0,1571.968017578125
49224,5,73,25,23,2,12.836799672430782,0.5856848326301723,0.848528137423857,0,1571.968017578125
49224,5,73,25,24,2,9.07959946879337,-0.44448934028551657,0.6034068236642477,0,1571.968017578125
49224,5,73,25,25,2,8.207297320809985,-0.04926873695316503,0.8513997106635237,1,1571.968017578125
49224,5,73,25,26,2,9.39775150288501,0.5109795546427847,0.848528137423857,0,1571.968017578125
49224,5,73,25,27,2,12.620449172187977,0.8638325195676161,0.8513997106635237,0,1571.968017578125
49224,5,73,25,28,2,15.44980064940134,1.0115129585987501,0.613407053921902,0,1571.968017578125
49224,5,73,25,29,2,6.070588174949432,0.3524928356340995,0.848528137423857,0,1571.968017578125
49224,5,73,25,30,2,9.10000246085893,0.8942793122188595,0.848528137423857,0,1571.968017578125
49224,5,73,25,31,,,,,0,1571.968017578125
49224,5,73,25,32,2,5.598602706702539,0.9629562714558146,0.8513997106635237,0,1571.968017578125
49224,5,73,25,33,2,10.114462727466037,1.2491641440686472,0.682842712474619,0,1571.968017578125
49224,5,73,25,34,2,4.605755696708269,1.6365575549935474,0.6034068236642477,0,1571.968017578125
49224,5,73,25,35,,,,,0,1571.968017578125
49224,5,73,25,36,2,36.929067711300235,3.900210276747784,0.765685424949238,0,1571.968017578125
49224,5,73,25,37,2,33.6855168584898,3.7922708711482485,0.682842712474619,0,1571.968017578125
49224,5,73,25,38,2,40.5314450523047,3.9898642320543276,0.682842712474619,0,1571.968017578125
49224,5,73,25,39,2,33.39493576196755,3.8973753463818746,0.848528137423857,0,1571.968017578125
49224,5,73,25,40,2,37.003563754699854,3.9958675997380873,0.848528137423857,0,1571.968017578125
49224,5,73,25,41,2,27.588186418547757,3.8011071898977256,0.613407053921902,0,1571.968017578125
49224,5,73,25,42,2,29.861135729675137,3.8938694043900024,0.8513997106635237,0,1571.968017578125
49224,5,73,25,43,2,33.477297129073584,4.00313598366202,0.848528137423857,0,1571.968017578125
49224,5,73,25,44,2,37.41351920189379,4.090282579300636,0.8513997106635237,0,1571.968017578125
49224,5,73,25,45,2,40.309438302611134,4.140903233007139,0.613407053921902,0,1571.968017578125
49224,5,73,25,46,2,29.953215446566333,4.012115231798568,0.848528137423857,0,1571.968017578125
49224,5,73,25,47,2,33.92988522807905,4.107223067704206,0.848528137423857,0,1571.968017578125
49224,5,73,25,48,2,26.432192646630007,4.023487856168849,0.682842712474619,0,1571.968017578125
49224,5,73,25,49,2,30.458214066336172,4.12803251882668,0.8513997106635237,0,1571.968017578125
49224,5,73,25,50,2,34.738232541580985,4.2075190155012585,0.682842712474619,0,1571.968017578125
49224,5,73,25,51,2,28.676369554748298,4.230008508943179,0.613407053921902,0,1571.968017578125
49224,5,73,25,52,2,23.519334175326907,-1.0502549488536923,0.613407053921902,0,1571.968017578125
49224,5,73,25,53,2,17.44951911425546,-1.0817610730670153,0.682842712474619,0,1571.968017578125
49224,5,73,25,54,2,21.989263592057007,-1.1887843112840244,0.8513997106635237,0,1571.968017578125
49224,5,73,25,55,2,26.6940013734015,-1.2586673910638835,0.682842712474619,0,1571.968017578125
49224,5,73,25,56,2,18.78882712674277,-1.2627157868491117,0.848528137423857,0,1571.968017578125
49224,5,73,25,57,2,23.60216135867269,-1.3269978326962169,0.848528137423857,0,1571.968017578125
49224,5,73,25,58,2,12.326108026248514,-1.3084000046305815,0.613407053921902,0,1571.968017578125
49224,5,73,25,59,2,15.73252479026447,-1.366139575651279,0.8513997106635237,0,1571.968017578125
49224,5,73,25,60,2,20.653191818178694,-1.4153603382606676,0.848528137423857,0,1571.968017578125
49224,5,73,25,61,2,25.604615370684257,-1.44559598805456,0.8513997106635237,0,1571.968017578125
49224,5,73,25,62,2,29.08050421643715,-1.4606257731221297,0.613407053921902,0,1571.968017578125
49224,5,73,25,63,2,17.917774520183706,-1.5318677051998906,0.848528137423857,0,1571.968017578125
49224,5,73,25,64,2,22.91481267124699,-1.5403598666609986,0.848528137423857,0,1571.968017578125
49224,5,73,25,65,2,15.509318335562194,4.595894779172002,0.682842712474619,0,1571.968017578125
49224,5,73,25,66,2,20.48367523751543,4.624270177880977,0.8513997106635237,0,1571.968017578125
49224,5,73,25,67,2,25.46807702277893,4.6415485115359285,0.682842712474619,0,1571.968017578125
49224,5,73,25,68,2,21.08197297470677,4.458132477281882,0.613407053921902,0,1571.968017578125
49224,5,74,25,1,,,,,0,1572.3690185546875
49224,5,74,25,2,2,27.616586155837155,3.3385503295323478,0.6466890965784271,0,1572.3690185546875
49224,5,74,25,3,,,,,0,1572.3690185546875
49224,5,74,25,4,2,27.469835072282137,2.9734986408819113,0.6466890965784271,0,1572.3690185546875
49224,5,74,25,5,2,24.753616590203645,3.259187749639602,0.765685424949238,0,1572.3690185546875
49224,5,74,25,6,2,24.671836946052636,3.0565430816549175,0.765685424949238,0,1572.3690185546875
49224,5,74,25,7,2,23.810263141985,3.5248729578311457,0.613407053921902,0,1572.3690185546875
49224,5,74,25,8,2,22.73431841267803,3.381601366457387,0.8513997106635237,0,1572.3690185546875
49224,5,74,25,9,,,,,0,1572.3690185546875
49224,5,74,25,10,2,22.555825005630734,2.9364035875075505,0.8513997106635237,0,1572.3690185546875
49224,5,74,25,11,2,23.519903156329082,2.790194756946348,0.613407053921902,0,1572.3690185546875
49224,5,74,25,12,2,19.796841593573962,3.28882415144608,0.765685424949238,0,1572.3690185546875
49224,5,74,25,13,2,19.69449011979906,3.0349752062354423,0.765685424949238,0,1572.3690185546875
49224,5,74,25,14,2,17.917104578454804,3.4479864724941303,0.6466890965784271,0,1572.3690185546875
49224,5,74,25,15,,,,,0,1572.3690185546875
49224,5,74,25,16,2,17.690071918194445,2.8787822679354997,0.6466890965784271,0,1572.3690185546875
49224,5,74,25,17,,,,,0,1572.3690185546875
49224,5,74,25,18,2,12.307600917828967,0.38268388028873956,0.613407053921902,0,1572.3690185546875
49224,5,74,25,19,2,9.154543047152382,0.5259374807664667,0.8513997106635237,0,1572.3690185546875
49224,5,74,25,20,2,7.927651253956831,-0.051008163339919976,0.682842712474619,0,1572.3690185546875
49224,5,74,25,21,2,12.440404430723655,0.8809463708221609,0.682842712474619,0,1572.3690185546875
49224,5,74,25,22,2,5.808610419897105,0.369135452100984,0.848528137423857,0,1572.3690185546875
49224,5,74,25,23,2,8.927371338078189,0.9187380613149669,0.848528137423857,0,1572.3690185546875
49224,5,74,25,24,2,4.873771519023694,-0.9290695198405436,0.6034068236642477,0,1572.3690185546875
49224,5,74,25,25,2,2.9452082469849956,-0.1376742407473286,0.8513997106635237,1,1572.3690185546875
49224,5,74,25,26,2,5.443551746416226,1.0051922870129255,0.848528137423857,0,1572.3690185546875
49224,5,74,25,27,2,10.029469557943424,1.2756531628502479,0.8513997106635237,0,1572.3690185546875
49224,5,74,25,28,2,13.416812677091968,1.3516062545993524,0.613407053921902,0,1572.3690185546875
49224,5,74,25,29,2,2.13694927967005,1.3742358182224204,0.848528137423857,0,1572.3690185546875
49224,5,74,25,30,2,7.1080627615184335,1.5120488948032873,0.848528137423857,0,1572.3690185546875
49224,5,74,25,31,,,,,0,1572.3690185546875
49224,5,74,25,32,2,5.045676647354274,1.9962798417774965,0.8513997106635237,0,1572.3690185546875
49224,5,74,25,33,2,9.819208564210202,1.7845202609947888,0.682842712474619,0,1572.3690185546875
49224,5,74,25,34,2,7.231007597788696,2.4528480452564225,0.6034068236642477,0,1572.3690185546875
49224,5,74,25,35,2,43.72069338625512,3.761619056643619,0.613407053921902,0,1572.3690185546875
49224,5,74,25,36,2,40.922737104515754,3.8113355822479864,0.8513997106635237,0,1572.3690185546875
49224,5,74,25,37,2,38.02142049060126,3.7080547496311436,0.682842712474619,0,1572.3690185546875
49224,5,74,25,38,2,44.200819088875576,3.9001362648999534,0.682842712474619,0,1572.3690185546875
49224,5,74,25,39,2,37.413047396828546,3.800430292826633,0.848528137423857,0,1572.3690185546875
49224,5,74,25,40,2,40.66667077004874,3.897801826098238,0.848528137423857,0,1572.3690185546875
49224,5,74,25,41,2,31.925263064034887,3.699595314354896,0.613407053921902,0,1572.3690185546875
49224,5,74,25,42,2,33.908727768958954,3.787269128738061,0.8513997106635237,0,1572.3690185546875
49224,5,74,25,43,2,37.13278625300781,3.8950230379534694,0.848528137423857,0,1572.3690185546875
49224,5,74,25,44,2,40.71714394347622,3.984705763769905,0.8513997106635237,0,1572.3690185546875
49224,5,74,25,45,2,43.39314701787946,4.0383804425475205,0.613407053921902,0,1572.3690185546875
49224,5,74,25,46,2,33.5992487758818,3.8916597445955605,0.848528137423857,0,1572.3690185546875
49224,5,74,25,47,2,37.18805607054221,3.990189807031827,0.848528137423857,0,1572.3690185546875
49224,5,74,25,48,2,30.06618069684979,3.8875059553826694,0.682842712474619,0,1572.3690185546875
49224,5,74,25,49,2,33.66032111697422,3.9968235850226628,0.8513997106635237,0,1572.3690185546875
49224,5,74,25,50,2,37.57737635466342,4.084227276400542,0.682842712474619,0,1572.3690185546875
49224,5,74,25,51,2,31.475206109701627,4.080846520984478,0.613407053921902,0,1572.3690185546875
49224,5,74,25,52,2,21.389567961445035,-1.2660806437707874,0.613407053921902,0,1572.3690185546875
49224,5,74,25,53,2,15.678017719874546,-1.3836270204238494,0.682842712474619,0,1572.3690185546875
49224,5,74,25,54,2,20.611701424843545,-1.4287813803574325,0.8513997106635237,0,1572.3690185546875
49224,5,74,25,55,2,25.571160154148163,-1.456460245041288,0.682842712474619,0,1572.3690185546875
49224,5,74,25,56,2,17.909062963557624,-1.547490916508972,0.848528137423857,0,1572.3690185546875
49224,5,74,25,57,2,22.908001489323958,-1.5525772181535045,0.848528137423857,0,1572.3690185546875
49224,5,74,25,58,2,12.085008880299066,4.5391901983049205,0.613407053921902,0,1572.3690185546875
49224,5,74,25,59,2,15.544350640616848,4.578003076494422,0.8513997106635237,0,1572.3690185546875
49224,5,74,25,60,2,20.51021289115846,4.6106710969522915,0.848528137423857,0,1572.3690185546875
49224,5,74,25,61,2,25.48942582411067,4.630590981781664,0.8513997106635237,0,1572.3690185546875
49224,5,74,25,62,2,28.979134321859547,4.640459409188031,0.613407053921902,0,1572.3690185546875
49224,5,74,25,63,2,18.481372607206872,4.461814019804299,0.848528137423857,0,1572.3690185546875
49224,5,74,25,64,2,23.358149101515167,4.514917024840427,0.848528137423857,0,1572.3690185546875
49224,5,74,25,65,2,16.954451747319656,4.281425572190892,0.682842712474619,0,1572.3690185546875
49224,5,74,25,66,2,21.598505273615295,4.378284176897466,0.8513997106635237,0,1572.3690185546875
49224,5,74,25,67,2,26.373043549362766,4.4404945202015265,0.682842712474619,0,1572.3690185546875
49224,5,74,25,68,2,22.985300696401804,4.2339320987958144,0.613407053921902,0,1572.3690185546875
49224,5,75,25,1,2,31.785229653997735,3.154309582155994,0.613407053921902,0,1577.4010009765625
49224,5,75,25,2,2,28.79434325427647,3.330395024629912,0.682842712474619,0,1577.4010009765625
49224,5,75,25,3,2,28.285547677973277,3.155883109004063,0.8513997106635237,0,1577.4010009765625
49224,5,75,25,4,2,28.6536247522142,2.9805052883674827,0.682842712474619,0,1577.4010009765625
49224,5,75,25,5,2,25.94571077829243,3.253761427942428,0.848528137423857,0,1577.4010009765625
49224,5,75,25,6,2,25.867700164270552,3.0604837774947233,0.848528137423857,0,1577.4010009765625
49224,5,75,25,7,2,24.927234209599717,3.5068692798588863,0.613407053921902,0,1577.4010009765625
49224,5,75,25,8,2,23.90162354608365,3.369666610915473,0.8513997106635237,0,1577.4010009765625
49224,5,75,25,9,2,23.286167828487862,3.1589514523129782,0.848528137423857,0,1577.4010009765625
49224,5,75,25,10,2,23.73191134599794,2.9467064661693554,0.8513997106635237,0,1577.4010009765625
49224,5,75,25,11,2,24.65003486676576,2.8069522183653985,0.613407053921902,0,1577.4010009765625
49224,5,75,25,12,2,20.98459702935473,3.2804350356209637,0.848528137423857,0,1577.4010009765625
49224,5,75,25,13,2,20.888066365324633,3.0410887189659452,0.848528137423857,0,1577.4010009765625
49224,5,75,25,14,2,19.064653493633283,3.4290001039771654,0.682842712474619,0,1577.4010009765625
49224,5,75,25,15,2,18.2871270797276,3.1636974115992946,0.8513997106635237,0,1577.4010009765625
49224,5,75,25,16,2,18.851446120335417,2.895320453613487,0.682842712474619,0,1577.4010009765625
49224,5,75,25,17,2,14.78818447665666,3.168928662647338,0.613407053921902,0,1577.4010009765625
49224,5,75,25,18,2,11.2033667967022,0.4226909031009558,0.613407053921902,0,1577.4010009765625
49224,5,75,25,19,2,8.139044433834162,0.600022362784734,0.8513997106635237,0,1577.4010009765625
49224,5,75,25,20,2,6.729490344604422,-0.06010009847970621,0.682842712474619,0,1577.4010009765625
49224,5,75,25,21,2,11.713327806124507,0.9600507659086369,0.682842712474619,0,1577.4010009765625
49224,5,75,25,22,2,4.709388490050883,0.46120331251414926,0.848528137423857,0,1577.4010009765625
49224,5,75,25,23,2,8.25447417756131,1.0345466462189927,0.848528137423857,0,1577.4010009765625
49224,5,75,25,24,2,4.265211929794194,-1.1563983306024377,0.613407053921902,0,1577.4010009765625
49224,5,75,25,25,2,1.7642663077099843,-0.2311565945475751,0.8513997106635237,1,1577.4010009765625
49224,5,75,25,26,2,4.906183812529178,1.2131868982225735,0.848528137423857,0,1577.4010009765625
49224,5,75,25,27,2,9.748263619749215,1.3937032550558803,0.8513997106635237,0,1577.4010009765625
49224,5,75,25,28,2,13.207923621772952,1.4404036449858828,0.613407053921902,0,1577.4010009765625
49224,5,75,25,29,2,2.2371712622461923,1.928200228407042,0.848528137423857,0,1577.4010009765625
49224,5,75,25,30,2,7.138833185782039,1.6806512473622919,0.848528137423857,0,1577.4010009765625
49224,5,75,25,31,2,3.3074508176112167,3.264107715716015,0.682842712474619,0,1577.4010009765625
49224,5,75,25,32,2,5.647763708647859,2.1910378824876378,0.8513997106635237,0,1577.4010009765625
49224,5,75,25,33,2,10.141757190276374,1.9004100716253762,0.682842712474619,0,1577.4010009765625
49224,5,75,25,34,2,8.193036776629125,2.546072070484226,0.613407053921902,0,1577.4010009765625
49224,5,75,25,35,2,44.70276724627637,3.7460205559750617,0.613407053921902,0,1577.4010009765625
49224,5,75,25,36,2,41.870141900407766,3.793542937735418,0.8513997106635237,0,1577.4010009765625
49224,5,75,25,37,2,39.039297979831616,3.691558314618598,0.682842712474619,0,1577.4010009765625
49224,5,75,25,38,2,45.07938307876983,3.8818244773002184,0.682842712474619,0,1577.4010009765625
49224,5,75,25,39,2,38.3689260614105,3.781282438813151,0.848528137423857,0,1577.4010009765625
49224,5,75,25,40,2,41.54776146927994,3.8779823153053665,0.848528137423857,0,1577.4010009765625
49224,5,75,25,41,2,32.94936712973635,3.680310247552288,0.613407053921902,0,1577.4010009765625
49224,5,75,25,42,2,34.87463535940825,3.7665624424042474,0.8513997106635237,0,1577.4010009765625
49224,5,75,25,43,2,38.01686714412283,3.8734263779420988,0.848528137423857,0,1577.4010009765625
49224,5,75,25,44,2,41.52498264245372,3.9631252541913327,0.8513997106635237,0,1577.4010009765625
49224,5,75,25,45,2,44.15205069594867,4.0171433386527164,0.613407053921902,0,1577.4010009765625
49224,5,75,25,46,2,34.4869234899199,3.867937651338627,0.848528137423857,0,1577.4010009765625
49224,5,75,25,47,2,37.99197135977266,3.9664872005262395,0.848528137423857,0,1577.4010009765625
49224,5,75,25,48,2,30.958255702563285,3.8611974549813577,0.682842712474619,0,1577.4010009765625
49224,5,75,25,49,2,34.45947753735523,3.9705384773324868,0.8513997106635237,0,1577.4010009765625
49224,5,75,25,50,2,38.29487678723731,4.058870492966793,0.682842712474619,0,1577.4010009765625
49224,5,75,25,51,2,32.19824491230868,4.050761423197956,0.613407053921902,0,1577.4010009765625
49224,5,75,25,52,2,21.060674322035183,-1.3204608093956196,0.613407053921902,0,1577.4010009765625
49224,5,75,25,53,2,15.499633015368863,-1.4597695814067908,0.682842712474619,0,1577.4010009765625
49224,5,75,25,54,2,20.47634292575971,-1.4868281984551444,0.8513997106635237,0,1577.4010009765625
49224,5,75,25,55,2,25.46218010335146,-1.5032983677668876,0.682842712474619,0,1577.4010009765625
49224,5,75,25,56,2,17.921297923571533,4.668703052323368,0.848528137423857,0,1577.4010009765625
49224,5,75,25,57,2,22.917567830544467,4.678231265580597,0.848528137423857,0,1577.4010009765625
49224,5,75,25,58,2,12.348514959944408,4.443319662769168,0.613407053921902,0,1577.4010009765625
49224,5,75,25,59,2,15.75008631460504,4.502428053338296,0.8513997106635237,0,1577.4010009765625
49224,5,75,25,60,2,20.666572403756415,4.552874277957184,0.848528137423857,0,1577.4010009765625
49224,5,75,25,61,2,25.61540963798751,4.583883844152026,0.8513997106635237,0,1577.4010009765625
49224,5,75,25,62,2,29.090008733643266,4.599303189586006,0.613407053921902,0,1577.4010009765625
49224,5,75,25,63,2,18.81487482211364,4.399987150902998,0.848528137423857,0,1577.4010009765625
49224,5,75,25,64,2,23.62290224705684,4.465085477682843,0.848528137423857,0,1577.4010009765625
49224,5,75,25,65,2,17.4897631265808,4.219047159771703,0.682842712474619,0,1577.4010009765625
49224,5,75,25,66,2,22.02121273286516,4.3267817347954365,0.8513997106635237,0,1577.4010009765625
49224,5,75,25,67,2,26.720325713364723,4.397221197436326,0.682842712474619,0,1577.4010009765625
49224,5,75,25,68,2,23.56188504641724,4.188706057123106,0.613407053921902,0,1577.4010009765625
49224,5,76,25,1,2,31.785229653997735,3.154309582155994,0.613407053921902,0,1582.4189453125
49224,5,76,25,2,2,28.79434325427647,3.330395024629912,0.682842712474619,0,1582.4189453125
49224,5,76,25,3,2,28.285547677973277,3.155883109004063,0.8513997106635237,0,1582.4189453125
49224,5,76,25,4,2,28.6536247522142,2.9805052883674827,0.682842712474619,0,1582.4189453125
49224,5,76,25,5,2,25.94571077829243,3.253761427942428,0.848528137423857,0,1582.4189453125
49224,5,76,25,6,2,25.867700164270552,3.0604837774947233,0.848528137423857,0,1582.4189453125
49224,5,76,25,7,2,24.927234209599717,3.5068692798588863,0.613407053921902,0,1582.4189453125
49224,5,76,25,8,2,23.90162354608365,3.369666610915473,0.8513997106635237,0,1582.4189453125
49224,5,76,25,9,2,23.286167828487862,3.1589514523129782,0.848528137423857,0,1582.4189453125
49224,5,76,25,10,2,23.73191134599794,2.9467064661693554,0.8513997106635237,0,1582.4189453125
49224,5,76,25,11,2,24.65003486676576,2.8069522183653985,0.613407053921902,0,1582.4189453125
49224,5,76,25,12,2,20.98459702935473,3.2804350356209637,0.848528137423857,0,1582.4189453125
49224,5,76,25,13,2,20.888066365324633,3.0410887189659452,0.848528137423857,0,1582.4189453125
49224,5,76,25,14,2,19.064653493633283,3.4290001039771654,0.682842712474619,0,1582.4189453125
49224,5,76,25,15,2,18.2871270797276,3.1636974115992946,0.8513997106635237,0,1582.4189453125
49224,5,76,25,16,2,18.851446120335417,2.895320453613487,0.682842712474619,0,1582.4189453125
49224,5,76,25,17,2,14.78818447665666,3.168928662647338,0.613407053921902,0,1582.4189453125
49224,5,76,25,18,2,11.2033667967022,0.4226909031009558,0.613407053921902,0,1582.4189453125
49224,5,76,25,19,2,8.139044433834162,0.600022362784734,0.8513997106635237,0,1582.4189453125
49224,5,76,25,20,2,6.729490344604422,-0.06010009847970621,0.682842712474619,0,1582.4189453125
49224,5,76,25,21,2,11.713327806124507,0.9600507659086369,0.682842712474619,0,1582.4189453125
49224,5,76,25,22,2,4.709388490050883,0.46120331251414926,0.848528137423857,0,1582.4189453125
49224,5,76,25,23,2,8.25447417756131,1.0345466462189927,0.848528137423857,0,1582.4189453125
49224,5,76,25,24,2,4.265211929794194,-1.1563983306024377,0.613407053921902,0,1582.4189453125
49224,5,76,25,25,2,1.7642663077099843,-0.2311565945475751,0.8513997106635237,1,1582.4189453125
49224,5,76,25,26,2,4.906183812529178,1.2131868982225735,0.848528137423857,0,1582.4189453125
49224,5,76,25,27,2,9.748263619749215,1.3937032550558803,0.8513997106635237,0,1582.4189453125
49224,5,76,25,28,2,13.207923621772952,1.4404036449858828,0.613407053921902,0,1582.4189453125
49224,5,76,25,29,2,2.2371712622461923,1.928200228407042,0.848528137423857,0,1582.4189453125
49224,5,76,25,30,2,7.138833185782039,1.6806512473622919,0.848528137423857,0,1582.4189453125
49224,5,76,25,31,2,3.3074508176112167,3.264107715716015,0.682842712474619,0,1582.4189453125
49224,5,76,25,32,2,5.647763708647859,2.1910378824876378,0.8513997106635237,0,1582.4189453125
49224,5,76,25,33,2,10.141757190276374,1.9004100716253762,0.682842712474619,0,1582.4189453125
49224,5,76,25,34,2,8.193036776629125,2.546072070484226,0.613407053921902,0,1582.4189453125
49224,5,76,25,35,2,44.70276724627637,3.7460205559750617,0.613407053921902,0,1582.4189453125
49224,5,76,25,36,2,41.870141900407766,3.793542937735418,0.8513997106635237,0,1582.4189453125
49224,5,76,25,37,2,39.039297979831616,3.691558314618598,0.682842712474619,0,1582.4189453125
49224,5,76,25,38,2,45.07938307876983,3.8818244773002184,0.682842712474619,0,1582.4189453125
49224,5,76,25,39,2,38.3689260614105,3.781282438813151,0.848528137423857,0,1582.4189453125
49224,5,76,25,40,2,41.54776146927994,3.8779823153053665,0.848528137423857,0,1582.4189453125
49224,5,76,25,41,2,32.94936712973635,3.680310247552288,0.613407053921902,0,1582.4189453125
49224,5,76,25,42,2,34.87463535940825,3.7665624424042474,0.8513997106635237,0,1582.4189453125
49224,5,76,25,43,2,38.01686714412283,3.8734263779420988,0.848528137423857,0,1582.4189453125
49224,5,76,25,44,2,41.52498264245372,3.9631252541913327,0.8513997106635237,0,1582.4189453125
49224,5,76,25,45,2,44.15205069594867,4.0171433386527164,0.613407053921902,0,1582.4189453125
49224,5,76,25,46,2,34.4869234899199,3.867937651338627,0.848528137423857,0,1582.4189453125
49224,5,76,25,47,2,37.99197135977266,3.9664872005262395,0.848528137423857,0,1582.4189453125
49224,5,76,25,48,2,30.958255702563285,3.8611974549813577,0.682842712474619,0,1582.4189453125
49224,5,76,25,49,2,34.45947753735523,3.9705384773324868,0.8513997106635237,0,1582.4189453125
49224,5,76,25,50,2,38.29487678723731,4.058870492966793,0.682842712474619,0,1582.4189453125
49224,5,76,25,51,2,32.19824491230868,4.050761423197956,0.613407053921902,0,1582.4189453125
49224,5,76,25,52,2,21.060674322035183,-1.3204608093956196,0.613407053921902,0,1582.4189453125
49224,5,76,25,53,2,15.499633015368863,-1.4597695814067908,0.682842712474619,0,1582.4189453125
49224,5,76,25,54,2,20.47634292575971,-1.4868281984551444,0.8513997106635237,0,1582.4189453125
49224,5,76,25,55,2,25.46218010335146,-1.5032983677668876,0.682842712474619,0,1582.4189453125
49224,5,76,25,56,2,17.921297923571533,4.668703052323368,0.848528137423857,0,1582.4189453125
49224,5,76,25,57,2,22.917567830544467,4.678231265580597,0.848528137423857,0,1582.4189453125
49224,5,76,25,58,2,12.348514959944408,4.443319662769168,0.613407053921902,0,1582.4189453125
49224,5,76,25,59,2,15.75008631460504,4.502428053338296,0.8513997106635237,0,1582.4189453125
49224,5,76,25,60,2,20.666572403756415,4.552874277957184,0.848528137423857,0,1582.4189453125
49224,5,76,25,61,2,25.61540963798751,4.583883844152026,0.8513997106635237,0,1582.4189453125
49224,5,76,25,62,2,29.090008733643266,4.599303189586006,0.613407053921902,0,1582.4189453125
49224,5,76,25,63,2,18.81487482211364,4.399987150902998,0.848528137423857,0,1582.4189453125
49224,5,76,25,64,2,23.62290224705684,4.465085477682843,0.848528137423857,0,1582.4189453125
49224,5,76,25,65,2,17.4897631265808,4.219047159771703,0.682842712474619,0,1582.4189453125
49224,5,76,25,66,2,22.02121273286516,4.3267817347954365,0.8513997106635237,0,1582.4189453125
49224,5,76,25,67,2,26.720325713364723,4.397221197436326,0.682842712474619,0,1582.4189453125
49224,5,76,25,68,2,23.56188504641724,4.188706057123106,0.613407053921902,0,1582.4189453125
49224,5,77,25,1,2,31.785229653997735,3.154309582155994,0.613407053921902,0,1587.4520263671875
49224,5,77,25,2,2,28.79434325427647,3.330395024629912,0.682842712474619,0,1587.4520263671875
49224,5,77,25,3,2,28.285547677973277,3.155883109004063,0.8513997106635237,0,1587.4520263671875
49224,5,77,25,4,2,28.6536247522142,2.9805052883674827,0.682842712474619,0,1587.4520263671875
49224,5,77,25,5,2,25.94571077829243,3.253761427942428,0.848528137423857,0,1587.4520263671875
49224,5,77,25,6,2,25.867700164270552,3.0604837774947233,0.848528137423857,0,1587.4520263671875
49224,5,77,25,7,2,24.927234209599717,3.5068692798588863,0.613407053921902,0,1587.4520263671875
49224,5,77,25,8,2,23.90162354608365,3.369666610915473,0.8513997106635237,0,1587.4520263671875
49224,5,77,25,9,2,23.286167828487862,3.1589514523129782,0.848528137423857,0,1587.4520263671875
49224,5,77,25,10,2,23.73191134599794,2.9467064661693554,0.8513997106635237,0,1587.4520263671875
49224,5,77,25,11,2,24.65003486676576,2.8069522183653985,0.613407053921902,0,1587.4520263671875
49224,5,77,25,12,2,20.98459702935473,3.2804350356209637,0.848528137423857,0,1587.4520263671875
49224,5,77,25,13,2,20.888066365324633,3.0410887189659452,0.848528137423857,0,1587.4520263671875
49224,5,77,25,14,2,19.064653493633283,3.4290001039771654,0.682842712474619,0,1587.4520263671875
49224,5,77,25,15,2,18.2871270797276,3.1636974115992946,0.8513997106635237,0,1587.4520263671875
49224,5,77,25,16,2,18.851446120335417,2.895320453613487,0.682842712474619,0,1587.4520263671875
49224,5,77,25,17,2,14.78818447665666,3.168928662647338,0.613407053921902,0,1587.4520263671875
49224,5,77,25,18,2,11.2033667967022,0.4226909031009558,0.613407053921902,0,1587.4520263671875
49224,5,77,25,19,2,8.139044433834162,0.600022362784734,0.8513997106635237,0,1587.4520263671875
49224,5,77,25,20,2,6.729490344604422,-0.06010009847970621,0.682842712474619,0,1587.4520263671875
49224,5,77,25,21,2,11.713327806124507,0.9600507659086369,0.682842712474619,0,1587.4520263671875
49224,5,77,25,22,2,4.709388490050883,0.46120331251414926,0.848528137423857,0,1587.4520263671875
49224,5,77,25,23,2,8.25447417756131,1.0345466462189927,0.848528137423857,0,1587.4520263671875
49224,5,77,25,24,2,4.265211929794194,-1.1563983306024377,0.613407053921902,0,1587.4520263671875
49224,5,77,25,25,2,1.7642663077099843,-0.2311565945475751,0.8513997106635237,1,1587.4520263671875
49224,5,77,25,26,2,4.906183812529178,1.2131868982225735,0.848528137423857,0,1587.4520263671875
49224,5,77,25,27,2,9.748263619749215,1.3937032550558803,0.8513997106635237,0,1587.4520263671875
49224,5,77,25,28,2,13.207923621772952,1.4404036449858828,0.613407053921902,0,1587.4520263671875
49224,5,77,25,29,2,2.2371712622461923,1.928200228407042,0.848528137423857,0,1587.4520263671875
49224,5,77,25,30,2,7.138833185782039,1.6806512473622919,0.848528137423857,0,1587.4520263671875
49224,5,77,25,31,2,3.3074508176112167,3.264107715716015,0.682842712474619,0,1587.4520263671875
49224,5,77,25,32,2,5.647763708647859,2.1910378824876378,0.8513997106635237,0,1587.4520263671875
49224,5,77,25,33,2,10.141757190276374,1.9004100716253762,0.682842712474619,0,1587.4520263671875
49224,5,77,25,34,2,8.193036776629125,2.546072070484226,0.613407053921902,0,1587.4520263671875
49224,5,77,25,35,2,44.70276724627637,3.7460205559750617,0.613407053921902,0,1587.4520263671875
49224,5,77,25,36,2,41.870141900407766,3.793542937735418,0.8513997106635237,0,1587.4520263671875
49224,5,77,25,37,2,39.039297979831616,3.691558314618598,0.682842712474619,0,1587.4520263671875
49224,5,77,25,38,2,45.07938307876983,3.8818244773002184,0.682842712474619,0,1587.4520263671875
49224,5,77,25,39,2,38.3689260614105,3.781282438813151,0.848528137423857,0,1587.4520263671875
49224,5,77,25,40,2,41.54776146927994,3.8779823153053665,0.848528137423857,0,1587.4520263671875
49224,5,77,25,41,2,32.94936712973635,3.680310247552288,0.613407053921902,0,1587.4520263671875
49224,5,77,25,42,2,34.87463535940825,3.7665624424042474,0.8513997106635237,0,1587.4520263671875
49224,5,77,25,43,2,38.01686714412283,3.8734263779420988,0.848528137423857,0,1587.4520263671875
49224,5,77,25,44,2,41.52498264245372,3.9631252541913327,0.8513997106635237,0,1587.4520263671875
49224,5,77,25,45,2,44.15205069594867,4.0171433386527164,0.613407053921902,0,1587.4520263671875
49224,5,77,25,46,2,34.4869234899199,3.867937651338627,0.848528137423857,0,1587.4520263671875
49224,5,77,25,47,2,37.99197135977266,3.9664872005262395,0.848528137423857,0,1587.4520263671875
49224,5,77,25,48,2,30.958255702563285,3.8611974549813577,0.682842712474619,0,1587.4520263671875
49224,5,77,25,49,2,34.45947753735523,3.9705384773324868,0.8513997106635237,0,1587.4520263671875
49224,5,77,25,50,2,38.29487678723731,4.058870492966793,0.682842712474619,0,1587.4520263671875
49224,5,77,25,51,2,32.19824491230868,4.050761423197956,0.613407053921902,0,1587.4520263671875
49224,5,77,25,52,2,21.060674322035183,-1.3204608093956196,0.613407053921902,0,1587.4520263671875
49224,5,77,25,53,2,15.499633015368863,-1.4597695814067908,0.682842712474619,0,1587.4520263671875
49224,5,77,25,54,2,20.47634292575971,-1.4868281984551444,0.8513997106635237,0,1587.4520263671875
49224,5,77,25,55,2,25.46218010335146,-1.5032983677668876,0.682842712474619,0,1587.4520263671875
49224,5,77,25,56,2,17.921297923571533,4.668703052323368,0.848528137423857,0,1587.4520263671875
49224,5,77,25,57,2,22.917567830544467,4.678231265580597,0.848528137423857,0,1587.4520263671875
49224,5,77,25,58,2,12.348514959944408,4.443319662769168,0.613407053921902,0,1587.4520263671875
49224,5,77,25,59,2,15.75008631460504,4.502428053338296,0.8513997106635237,0,1587.4520263671875
49224,5,77,25,60,2,20.666572403756415,4.552874277957184,0.848528137423857,0,1587.4520263671875
49224,5,77,25,61,2,25.61540963798751,4.583883844152026,0.8513997106635237,0,1587.4520263671875
49224,5,77,25,62,2,29.090008733643266,4.599303189586006,0.613407053921902,0,1587.4520263671875
49224,5,77,25,63,2,18.81487482211364,4.399987150902998,0.848528137423857,0,1587.4520263671875
49224,5,77,25,64,2,23.62290224705684,4.465085477682843,0.848528137423857,0,1587.4520263671875
49224,5,77,25,65,2,17.4897631265808,4.219047159771703,0.682842712474619,0,1587.4520263671875
49224,5,77,25,66,2,22.02121273286516,4.3267817347954365,0.8513997106635237,0,1587.4520263671875
49224,5,77,25,67,2,26.720325713364723,4.397221197436326,0.682842712474619,0,1587.4520263671875
49224,5,77,25,68,2,23.56188504641724,4.188706057123106,0.613407053921902,0,1587.4520263671875
49224,5,78,25,1,2,31.785229653997735,3.154309582155994,0.613407053921902,0,1592.4849853515625
49224,5,78,25,2,2,28.79434325427647,3.330395024629912,0.682842712474619,0,1592.4849853515625
49224,5,78,25,3,2,28.285547677973277,3.155883109004063,0.8513997106635237,0,1592.4849853515625
49224,5,78,25,4,2,28.6536247522142,2.9805052883674827,0.682842712474619,0,1592.4849853515625
49224,5,78,25,5,2,25.94571077829243,3.253761427942428,0.848528137423857,0,1592.4849853515625
49224,5,78,25,6,2,25.867700164270552,3.0604837774947233,0.848528137423857,0,1592.4849853515625
49224,5,78,25,7,2,24.927234209599717,3.5068692798588863,0.613407053921902,0,1592.4849853515625
49224,5,78,25,8,2,23.90162354608365,3.369666610915473,0.8513997106635237,0,1592.4849853515625
49224,5,78,25,9,2,23.286167828487862,3.1589514523129782,0.848528137423857,0,1592.4849853515625
49224,5,78,25,10,2,23.73191134599794,2.9467064661693554,0.8513997106635237,0,1592.4849853515625
49224,5,78,25,11,2,24.65003486676576,2.8069522183653985,0.613407053921902,0,1592.4849853515625
49224,5,78,25,12,2,20.98459702935473,3.2804350356209637,0.848528137423857,0,1592.4849853515625
49224,5,78,25,13,2,20.888066365324633,3.0410887189659452,0.848528137423857,0,1592.4849853515625
49224,5,78,25,14,2,19.064653493633283,3.4290001039771654,0.682842712474619,0,1592.4849853515625
49224,5,78,25,15,2,18.2871270797276,3.1636974115992946,0.8513997106635237,0,1592.4849853515625
49224,5,78,25,16,2,18.851446120335417,2.895320453613487,0.682842712474619,0,1592.4849853515625
49224,5,78,25,17,2,14.78818447665666,3.168928662647338,0.613407053921902,0,1592.4849853515625
49224,5,78,25,18,2,11.2033667967022,0.4226909031009558,0.613407053921902,0,1592.4849853515625
49224,5,78,25,19,2,8.139044433834162,0.600022362784734,0.8513997106635237,0,1592.4849853515625
49224,5,78,25,20,2,6.729490344604422,-0.06010009847970621,0.682842712474619,0,1592.4849853515625
49224,5,78,25,21,2,11.713327806124507,0.9600507659086369,0.682842712474619,0,1592.4849853515625
49224,5,78,25,22,2,4.709388490050883,0.46120331251414926,0.848528137423857,0,1592.4849853515625
49224,5,78,25,23,2,8.25447417756131,1.0345466462189927,0.848528137423857,0,1592.4849853515625
49224,5,78,25,24,2,4.265211929794194,-1.1563983306024377,0.613407053921902,0,1592.4849853515625
49224,5,78,25,25,2,1.7642663077099843,-0.2311565945475751,0.8513997106635237,1,1592.4849853515625
49224,5,78,25,26,2,4.906183812529178,1.2131868982225735,0.848528137423857,0,1592.4849853515625
49224,5,78,25,27,2,9.748263619749215,1.3937032550558803,0.8513997106635237,0,1592.4849853515625
49224,5,78,25,28,2,13.207923621772952,1.4404036449858828,0.613407053921902,0,1592.4849853515625
49224,5,78,25,29,2,2.2371712622461923,1.928200228407042,0.848528137423857,0,1592.4849853515625
49224,5,78,25,30,2,7.138833185782039,1.6806512473622919,0.848528137423857,0,1592.4849853515625
49224,5,78,25,31,2,3.3074508176112167,3.264107715716015,0.682842712474619,0,1592.4849853515625
49224,5,78,25,32,2,5.647763708647859,2.1910378824876378,0.8513997106635237,0,1592.4849853515625
49224,5,78,25,33,2,10.141757190276374,1.9004100716253762,0.682842712474619,0,1592.4849853515625
49224,5,78,25,34,2,8.193036776629125,2.546072070484226,0.613407053921902,0,1592.4849853515625
49224,5,78,25,35,2,44.70276724627637,3.7460205559750617,0.613407053921902,0,1592.4849853515625
49224,5,78,25,36,2,41.870141900407766,3.793542937735418,0.8513997106635237,0,1592.4849853515625
49224,5,78,25,37,2,39.039297979831616,3.691558314618598,0.682842712474619,0,1592.4849853515625
49224,5,78,25,38,2,45.07938307876983,3.8818244773002184,0.682842712474619,0,1592.4849853515625
49224,5,78,25,39,2,38.3689260614105,3.781282438813151,0.848528137423857,0,1592.4849853515625
49224,5,78,25,40,2,41.54776146927994,3.8779823153053665,0.848528137423857,0,1592.4849853515625
49224,5,78,25,41,2,32.94936712973635,3.680310247552288,0.613407053921902,0,1592.4849853515625
49224,5,78,25,42,2,34.87463535940825,3.7665624424042474,0.8513997106635237,0,1592.4849853515625
49224,5,78,25,43,2,38.01686714412283,3.8734263779420988,0.848528137423857,0,1592.4849853515625
49224,5,78,25,44,2,41.52498264245372,3.9631252541913327,0.8513997106635237,0,1592.4849853515625
49224,5,78,25,45,2,44.15205069594867,4.0171433386527164,0.613407053921902,0,1592.4849853515625
49224,5,78,25,46,2,34.4869234899199,3.867937651338627,0.848528137423857,0,1592.4849853515625
49224,5,78,25,47,2,37.99197135977266,3.9664872005262395,0.848528137423857,0,1592.4849853515625
49224,5,78,25,48,2,30.958255702563285,3.8611974549813577,0.682842712474619,0,1592.4849853515625
49224,5,78,25,49,2,34.45947753735523,3.9705384773324868,0.8513997106635237,0,1592.4849853515625
49224,5,78,25,50,2,38.29487678723731,4.058870492966793,0.682842712474619,0,1592.4849853515625
49224,5,78,25,51,2,32.19824491230868,4.050761423197956,0.613407053921902,0,1592.4849853515625
49224,5,78,25,52,2,21.060674322035183,-1.3204608093956196,0.613407053921902,0,1592.4849853515625
49224,5,78,25,53,2,15.499633015368863,-1.4597695814067908,0.682842712474619,0,1592.4849853515625
49224,5,78,25,54,2,20.47634292575971,-1.4868281984551444,0.8513997106635237,0,1592.4849853515625
49224,5,78,25,55,2,25.46218010335146,-1.5032983677668876,0.682842712474619,0,1592.4849853515625
49224,5,78,25,56,2,17.921297923571533,4.668703052323368,0.848528137423857,0,1592.4849853515625
49224,5,78,25,57,2,22.917567830544467,4.678231265580597,0.848528137423857,0,1592.4849853515625
49224,5,78,25,58,2,12.348514959944408,4.443319662769168,0.613407053921902,0,1592.4849853515625
49224,5,78,25,59,2,15.75008631460504,4.502428053338296,0.8513997106635237,0,1592.4849853515625
49224,5,78,25,60,2,20.666572403756415,4.552874277957184,0.848528137423857,0,1592.4849853515625
49224,5,78,25,61,2,25.61540963798751,4.583883844152026,0.8513997106635237,0,1592.4849853515625
49224,5,78,25,62,2,29.090008733643266,4.599303189586006,0.613407053921902,0,1592.4849853515625
49224,5,78,25,63,2,18.81487482211364,4.399987150902998,0.848528137423857,0,1592.4849853515625
49224,5,78,25,64,2,23.62290224705684,4.465085477682843,0.848528137423857,0,1592.4849853515625
49224,5,78,25,65,2,17.4897631265808,4.219047159771703,0.682842712474619,0,1592.4849853515625
49224,5,78,25,66,2,22.02121273286516,4.3267817347954365,0.8513997106635237,0,1592.4849853515625
49224,5,78,25,67,2,26.720325713364723,4.397221197436326,0.682842712474619,0,1592.4849853515625
49224,5,78,25,68,2,23.56188504641724,4.188706057123106,0.613407053921902,0,1592.4849853515625
49224,5,79,25,1,2,31.785229653997735,3.154309582155994,0.613407053921902,0,1597.501953125
49224,5,79,25,2,2,28.79434325427647,3.330395024629912,0.682842712474619,0,1597.501953125
49224,5,79,25,3,2,28.285547677973277,3.155883109004063,0.8513997106635237,0,1597.501953125
49224,5,79,25,4,2,28.6536247522142,2.9805052883674827,0.682842712474619,0,1597.501953125
49224,5,79,25,5,2,25.94571077829243,3.253761427942428,0.848528137423857,0,1597.501953125
49224,5,79,25,6,2,25.867700164270552,3.0604837774947233,0.848528137423857,0,1597.501953125
49224,5,79,25,7,2,24.927234209599717,3.5068692798588863,0.613407053921902,0,1597.501953125
49224,5,79,25,8,2,23.90162354608365,3.369666610915473,0.8513997106635237,0,1597.501953125
49224,5,79,25,9,2,23.286167828487862,3.1589514523129782,0.848528137423857,0,1597.501953125
49224,5,79,25,10,2,23.73191134599794,2.9467064661693554,0.8513997106635237,0,1597.501953125
49224,5,79,25,11,2,24.65003486676576,2.8069522183653985,0.613407053921902,0,1597.501953125
49224,5,79,25,12,2,20.98459702935473,3.2804350356209637,0.848528137423857,0,1597.501953125
49224,5,79,25,13,2,20.888066365324633,3.0410887189659452,0.848528137423857,0,1597.501953125
49224,5,79,25,14,2,19.064653493633283,3.4290001039771654,0.682842712474619,0,1597.501953125
49224,5,79,25,15,2,18.2871270797276,3.1636974115992946,0.8513997106635237,0,1597.501953125
49224,5,79,25,16,2,18.851446120335417,2.895320453613487,0.682842712474619,0,1597.501953125
49224,5,79,25,17,2,14.78818447665666,3.168928662647338,0.613407053921902,0,1597.501953125
49224,5,79,25,18,2,11.2033667967022,0.4226909031009558,0.613407053921902,0,1597.501953125
49224,5,79,25,19,2,8.139044433834162,0.600022362784734,0.8513997106635237,0,1597.501953125
49224,5,79,25,20,2,6.729490344604422,-0.06010009847970621,0.682842712474619,0,1597.501953125
49224,5,79,25,21,2,11.713327806124507,0.9600507659086369,0.682842712474619,0,1597.501953125
49224,5,79,25,22,2,4.709388490050883,0.46120331251414926,0.848528137423857,0,1597.501953125
49224,5,79,25,23,2,8.25447417756131,1.0345466462189927,0.848528137423857,0,1597.501953125
49224,5,79,25,24,2,4.265211929794194,-1.1563983306024377,0.613407053921902,0,1597.501953125
49224,5,79,25,25,2,1.7642663077099843,-0.2311565945475751,0.8513997106635237,1,1597.501953125
49224,5,79,25,26,2,4.906183812529178,1.2131868982225735,0.848528137423857,0,1597.501953125
49224,5,79,25,27,2,9.748263619749215,1.3937032550558803,0.8513997106635237,0,1597.501953125
49224,5,79,25,28,2,13.207923621772952,1.4404036449858828,0.613407053921902,0,1597.501953125
49224,5,79,25,29,2,2.2371712622461923,1.928200228407042,0.848528137423857,0,1597.501953125
49224,5,79,25,30,2,7.138833185782039,1.6806512473622919,0.848528137423857,0,1597.501953125
49224,5,79,25,31,2,3.3074508176112167,3.264107715716015,0.682842712474619,0,1597.501953125
49224,5,79,25,32,2,5.647763708647859,2.1910378824876378,0.8513997106635237,0,1597.501953125
49224,5,79,25,33,2,10.141757190276374,1.9004100716253762,0.682842712474619,0,1597.501953125
49224,5,79,25,34,2,8.193036776629125,2.546072070484226,0.613407053921902,0,1597.501953125
49224,5,79,25,35,2,44.70276724627637,3.7460205559750617,0.613407053921902,0,1597.501953125
49224,5,79,25,36,2,41.870141900407766,3.793542937735418,0.8513997106635237,0,1597.501953125
49224,5,79,25,37,2,39.039297979831616,3.691558314618598,0.682842712474619,0,1597.501953125
49224,5,79,25,38,2,45.07938307876983,3.8818244773002184,0.682842712474619,0,1597.501953125
49224,5,79,25,39,2,38.3689260614105,3.781282438813151,0.848528137423857,0,1597.501953125
49224,5,79,25,40,2,41.54776146927994,3.8779823153053665,0.848528137423857,0,1597.501953125
49224,5,79,25,41,2,32.94936712973635,3.680310247552288,0.613407053921902,0,1597.501953125
49224,5,79,25,42,2,34.87463535940825,3.7665624424042474,0.8513997106635237,0,1597.501953125
49224,5,79,25,43,2,38.01686714412283,3.8734263779420988,0.848528137423857,0,1597.501953125
49224,5,79,25,44,2,41.52498264245372,3.9631252541913327,0.8513997106635237,0,1597.501953125
49224,5,79,25,45,2,44.15205069594867,4.0171433386527164,0.613407053921902,0,1597.501953125
49224,5,79,25,46,2,34.4869234899199,3.867937651338627,0.848528137423857,0,1597.501953125
49224,5,79,25,47,2,37.99197135977266,3.9664872005262395,0.848528137423857,0,1597.501953125
49224,5,79,25,48,2,30.958255702563285,3.8611974549813577,0.682842712474619,0,1597.501953125
49224,5,79,25,49,2,34.45947753735523,3.9705384773324868,0.8513997106635237,0,1597.501953125
49224,5,79,25,50,2,38.29487678723731,4.058870492966793,0.682842712474619,0,1597.501953125
49224,5,79,25,51,2,32.19824491230868,4.050761423197956,0.613407053921902,0,1597.501953125
49224,5,79,25,52,2,21.060674322035183,-1.3204608093956196,0.613407053921902,0,1597.501953125
49224,5,79,25,53,2,15.499633015368863,-1.4597695814067908,0.682842712474619,0,1597.501953125
49224,5,79,25,54,2,20.47634292575971,-1.4868281984551444,0.8513997106635237,0,1597.501953125
49224,5,79,25,55,2,25.46218010335146,-1.5032983677668876,0.682842712474619,0,1597.501953125
49224,5,79,25,56,2,17.921297923571533,4.668703052323368,0.848528137423857,0,1597.501953125
49224,5,79,25,57,2,22.917567830544467,4.678231265580597,0.848528137423857,0,1597.501953125
49224,5,79,25,58,2,12.348514959944408,4.443319662769168,0.613407053921902,0,1597.501953125
49224,5,79,25,59,2,15.75008631460504,4.502428053338296,0.8513997106635237,0,1597.501953125
49224,5,79,25,60,2,20.666572403756415,4.552874277957184,0.848528137423857,0,1597.501953125
49224,5,79,25,61,2,25.61540963798751,4.583883844152026,0.8513997106635237,0,1597.501953125
49224,5,79,25,62,2,29.090008733643266,4.599303189586006,0.613407053921902,0,1597.501953125
49224,5,79,25,63,2,18.81487482211364,4.399987150902998,0.848528137423857,0,1597.501953125
49224,5,79,25,64,2,23.62290224705684,4.465085477682843,0.848528137423857,0,1597.501953125
49224,5,79,25,65,2,17.4897631265808,4.219047159771703,0.682842712474619,0,1597.501953125
49224,5,79,25,66,2,22.02121273286516,4.3267817347954365,0.8513997106635237,0,1597.501953125
49224,5,79,25,67,2,26.720325713364723,4.397221197436326,0.682842712474619,0,1597.501953125
49224,5,79,25,68,2,23.56188504641724,4.188706057123106,0.613407053921902,0,1597.501953125
49224,5,80,25,1,2,31.785229653997735,3.154309582155994,0.613407053921902,0,1602.5179443359375
49224,5,80,25,2,2,28.79434325427647,3.330395024629912,0.682842712474619,0,1602.5179443359375
49224,5,80,25,3,2,28.285547677973277,3.155883109004063,0.8513997106635237,0,1602.5179443359375
49224,5,80,25,4,2,28.6536247522142,2.9805052883674827,0.682842712474619,0,1602.5179443359375
49224,5,80,25,5,2,25.94571077829243,3.253761427942428,0.848528137423857,0,1602.5179443359375
49224,5,80,25,6,2,25.867700164270552,3.0604837774947233,0.848528137423857,0,1602.5179443359375
49224,5,80,25,7,2,24.927234209599717,3.5068692798588863,0.613407053921902,0,1602.5179443359375
49224,5,80,25,8,2,23.90162354608365,3.369666610915473,0.8513997106635237,0,1602.5179443359375
49224,5,80,25,9,2,23.286167828487862,3.1589514523129782,0.848528137423857,0,1602.5179443359375
49224,5,80,25,10,2,23.73191134599794,2.9467064661693554,0.8513997106635237,0,1602.5179443359375
49224,5,80,25,11,2,24.65003486676576,2.8069522183653985,0.613407053921902,0,1602.5179443359375
49224,5,80,25,12,2,20.98459702935473,3.2804350356209637,0.848528137423857,0,1602.5179443359375
49224,5,80,25,13,2,20.888066365324633,3.0410887189659452,0.848528137423857,0,1602.5179443359375
49224,5,80,25,14,2,19.064653493633283,3.4290001039771654,0.682842712474619,0,1602.5179443359375
49224,5,80,25,15,2,18.2871270797276,3.1636974115992946,0.8513997106635237,0,1602.5179443359375
49224,5,80,25,16,2,18.851446120335417,2.895320453613487,0.682842712474619,0,1602.5179443359375
49224,5,80,25,17,2,14.78818447665666,3.168928662647338,0.613407053921902,0,1602.5179443359375
49224,5,80,25,18,2,11.2033667967022,0.4226909031009558,0.613407053921902,0,1602.5179443359375
49224,5,80,25,19,2,8.139044433834162,0.600022362784734,0.8513997106635237,0,1602.5179443359375
49224,5,80,25,20,2,6.729490344604422,-0.06010009847970621,0.682842712474619,0,1602.5179443359375
49224,5,80,25,21,2,11.713327806124507,0.9600507659086369,0.682842712474619,0,1602.5179443359375
49224,5,80,25,22,2,4.709388490050883,0.46120331251414926,0.848528137423857,0,1602.5179443359375
49224,5,80,25,23,2,8.25447417756131,1.0345466462189927,0.848528137423857,0,1602.5179443359375
49224,5,80,25,24,2,4.265211929794194,-1.1563983306024377,0.613407053921902,0,1602.5179443359375
49224,5,80,25,25,2,1.7642663077099843,-0.2311565945475751,0.8513997106635237,1,1602.5179443359375
49224,5,80,25,26,2,4.906183812529178,1.2131868982225735,0.848528137423857,0,1602.5179443359375
49224,5,80,25,27,2,9.748263619749215,1.3937032550558803,0.8513997106635237,0,1602.5179443359375
49224,5,80,25,28,2,13.207923621772952,1.4404036449858828,0.613407053921902,0,1602.5179443359375
49224,5,80,25,29,2,2.2371712622461923,1.928200228407042,0.848528137423857,0,1602.5179443359375
49224,5,80,25,30,2,7.138833185782039,1.6806512473622919,0.848528137423857,0,1602.5179443359375
49224,5,80,25,31,2,3.3074508176112167,3.264107715716015,0.682842712474619,0,1602.5179443359375
49224,5,80,25,32,2,5.647763708647859,2.1910378824876378,0.8513997106635237,0,1602.5179443359375
49224,5,80,25,33,2,10.141757190276374,1.9004100716253762,0.682842712474619,0,1602.5179443359375
49224,5,80,25,34,2,8.193036776629125,2.546072070484226,0.613407053921902,0,1602.5179443359375
49224,5,80,25,35,2,44.70276724627637,3.7460205559750617,0.613407053921902,0,1602.5179443359375
49224,5,80,25,36,2,41.870141900407766,3.793542937735418,0.8513997106635237,0,1602.5179443359375
49224,5,80,25,37,2,39.039297979831616,3.691558314618598,0.682842712474619,0,1602.5179443359375
49224,5,80,25,38,2,45.07938307876983,3.8818244773002184,0.682842712474619,0,1602.5179443359375
49224,5,80,25,39,2,38.3689260614105,3.781282438813151,0.848528137423857,0,1602.5179443359375
49224,5,80,25,40,2,41.54776146927994,3.8779823153053665,0.848528137423857,0,1602.5179443359375
49224,5,80,25,41,2,32.94936712973635,3.680310247552288,0.613407053921902,0,1602.5179443359375
49224,5,80,25,42,2,34.87463535940825,3.7665624424042474,0.8513997106635237,0,1602.5179443359375
49224,5,80,25,43,2,38.01686714412283,3.8734263779420988,0.848528137423857,0,1602.5179443359375
49224,5,80,25,44,2,41.52498264245372,3.9631252541913327,0.8513997106635237,0,1602.5179443359375
49224,5,80,25,45,2,44.15205069594867,4.0171433386527164,0.613407053921902,0,1602.5179443359375
49224,5,80,25,46,2,34.4869234899199,3.867937651338627,0.848528137423857,0,1602.5179443359375
49224,5,80,25,47,2,37.99197135977266,3.9664872005262395,0.848528137423857,0,1602.5179443359375
49224,5,80,25,48,2,30.958255702563285,3.8611974549813577,0.682842712474619,0,1602.5179443359375
49224,5,80,25,49,2,34.45947753735523,3.9705384773324868,0.8513997106635237,0,1602.5179443359375
49224,5,80,25,50,2,38.29487678723731,4.058870492966793,0.682842712474619,0,1602.5179443359375
49224,5,80,25,51,2,32.19824491230868,4.050761423197956,0.613407053921902,0,1602.5179443359375
49224,5,80,25,52,2,21.060674322035183,-1.3204608093956196,0.613407053921902,0,1602.5179443359375
49224,5,80,25,53,2,15.499633015368863,-1.4597695814067908,0.682842712474619,0,1602.5179443359375
49224,5,80,25,54,2,20.47634292575971,-1.4868281984551444,0.8513997106635237,0,1602.5179443359375
49224,5,80,25,55,2,25.46218010335146,-1.5032983677668876,0.682842712474619,0,1602.5179443359375
49224,5,80,25,56,2,17.921297923571533,4.668703052323368,0.848528137423857,0,1602.5179443359375
49224,5,80,25,57,2,22.917567830544467,4.678231265580597,0.848528137423857,0,1602.5179443359375
49224,5,80,25,58,2,12.348514959944408,4.443319662769168,0.613407053921902,0,1602.5179443359375
49224,5,80,25,59,2,15.75008631460504,4.502428053338296,0.8513997106635237,0,1602.5179443359375
49224,5,80,25,60,2,20.666572403756415,4.552874277957184,0.848528137423857,0,1602.5179443359375
49224,5,80,25,61,2,25.61540963798751,4.583883844152026,0.8513997106635237,0,1602.5179443359375
49224,5,80,25,62,2,29.090008733643266,4.599303189586006,0.613407053921902,0,1602.5179443359375
49224,5,80,25,63,2,18.81487482211364,4.399987150902998,0.848528137423857,0,1602.5179443359375
49224,5,80,25,64,2,23.62290224705684,4.465085477682843,0.848528137423857,0,1602.5179443359375
49224,5,80,25,65,2,17.4897631265808,4.219047159771703,0.682842712474619,0,1602.5179443359375
49224,5,80,25,66,2,22.02121273286516,4.3267817347954365,0.8513997106635237,0,1602.5179443359375
49224,5,80,25,67,2,26.720325713364723,4.397221197436326,0.682842712474619,0,1602.5179443359375
49224,5,80,25,68,2,23.56188504641724,4.188706057123106,0.613407053921902,0,1602.5179443359375
49224,5,81,25,1,2,31.785229653997735,3.154309582155994,0.613407053921902,0,1607.552001953125
49224,5,81,25,2,2,28.79434325427647,3.330395024629912,0.682842712474619,0,1607.552001953125
49224,5,81,25,3,2,28.285547677973277,3.155883109004063,0.8513997106635237,0,1607.552001953125
49224,5,81,25,4,2,28.6536247522142,2.9805052883674827,0.682842712474619,0,1607.552001953125
49224,5,81,25,5,2,25.94571077829243,3.253761427942428,0.848528137423857,0,1607.552001953125
49224,5,81,25,6,2,25.867700164270552,3.0604837774947233,0.848528137423857,0,1607.552001953125
49224,5,81,25,7,2,24.927234209599717,3.5068692798588863,0.613407053921902,0,1607.552001953125
49224,5,81,25,8,2,23.90162354608365,3.369666610915473,0.8513997106635237,0,1607.552001953125
49224,5,81,25,9,2,23.286167828487862,3.1589514523129782,0.848528137423857,0,1607.552001953125
49224,5,81,25,10,2,23.73191134599794,2.9467064661693554,0.8513997106635237,0,1607.552001953125
49224,5,81,25,11,2,24.65003486676576,2.8069522183653985,0.613407053921902,0,1607.552001953125
49224,5,81,25,12,2,20.98459702935473,3.2804350356209637,0.848528137423857,0,1607.552001953125
49224,5,81,25,13,2,20.888066365324633,3.0410887189659452,0.848528137423857,0,1607.552001953125
49224,5,81,25,14,2,19.064653493633283,3.4290001039771654,0.682842712474619,0,1607.552001953125
49224,5,81,25,15,2,18.2871270797276,3.1636974115992946,0.8513997106635237,0,1607.552001953125
49224,5,81,25,16,2,18.851446120335417,2.895320453613487,0.682842712474619,0,1607.552001953125
49224,5,81,25,17,2,14.78818447665666,3.168928662647338,0.613407053921902,0,1607.552001953125
49224,5,81,25,18,2,11.2033667967022,0.4226909031009558,0.613407053921902,0,1607.552001953125
49224,5,81,25,19,2,8.139044433834162,0.600022362784734,0.8513997106635237,0,1607.552001953125
49224,5,81,25,20,2,6.729490344604422,-0.06010009847970621,0.682842712474619,0,1607.552001953125
49224,5,81,25,21,2,11.713327806124507,0.9600507659086369,0.682842712474619,0,1607.552001953125
49224,5,81,25,22,2,4.709388490050883,0.46120331251414926,0.848528137423857,0,1607.552001953125
49224,5,81,25,23,2,8.25447417756131,1.0345466462189927,0.848528137423857,0,1607.552001953125
49224,5,81,25,24,2,4.265211929794194,-1.1563983306024377,0.613407053921902,0,1607.552001953125
49224,5,81,25,25,2,1.7642663077099843,-0.2311565945475751,0.8513997106635237,1,1607.552001953125
49224,5,81,25,26,2,4.906183812529178,1.2131868982225735,0.848528137423857,0,1607.552001953125
49224,5,81,25,27,2,9.748263619749215,1.3937032550558803,0.8513997106635237,0,1607.552001953125
49224,5,81,25,28,2,13.207923621772952,1.4404036449858828,0.613407053921902,0,1607.552001953125
49224,5,81,25,29,2,2.2371712622461923,1.928200228407042,0.848528137423857,0,1607.552001953125
49224,5,81,25,30,2,7.138833185782039,1.6806512473622919,0.848528137423857,0,1607.552001953125
49224,5,81,25,31,2,3.3074508176112167,3.264107715716015,0.682842712474619,0,1607.552001953125
49224,5,81,25,32,2,5.647763708647859,2.1910378824876378,0.8513997106635237,0,1607.552001953125
49224,5,81,25,33,2,10.141757190276374,1.9004100716253762,0.682842712474619,0,1607.552001953125
49224,5,81,25,34,2,8.193036776629125,2.546072070484226,0.613407053921902,0,1607.552001953125
49224,5,81,25,35,2,44.70276724627637,3.7460205559750617,0.613407053921902,0,1607.552001953125
49224,5,81,25,36,2,41.870141900407766,3.793542937735418,0.8513997106635237,0,1607.552001953125
49224,5,81,25,37,2,39.039297979831616,3.691558314618598,0.682842712474619,0,1607.552001953125
49224,5,81,25,38,2,45.07938307876983,3.8818244773002184,0.682842712474619,0,1607.552001953125
49224,5,81,25,39,2,38.3689260614105,3.781282438813151,0.848528137423857,0,1607.552001953125
49224,5,81,25,40,2,41.54776146927994,3.8779823153053665,0.848528137423857,0,1607.552001953125
49224,5,81,25,41,2,32.94936712973635,3.680310247552288,0.613407053921902,0,1607.552001953125
49224,5,81,25,42,2,34.87463535940825,3.7665624424042474,0.8513997106635237,0,1607.552001953125
49224,5,81,25,43,2,38.01686714412283,3.8734263779420988,0.848528137423857,0,1607.552001953125
49224,5,81,25,44,2,41.52498264245372,3.9631252541913327,0.8513997106635237,0,1607.552001953125
49224,5,81,25,45,2,44.15205069594867,4.0171433386527164,0.613407053921902,0,1607.552001953125
49224,5,81,25,46,2,34.4869234899199,3.867937651338627,0.848528137423857,0,1607.552001953125
49224,5,81,25,47,2,37.99197135977266,3.9664872005262395,0.848528137423857,0,1607.552001953125
49224,5,81,25,48,2,30.958255702563285,3.8611974549813577,0.682842712474619,0,1607.552001953125
49224,5,81,25,49,2,34.45947753735523,3.9705384773324868,0.8513997106635237,0,1607.552001953125
49224,5,81,25,50,2,38.29487678723731,4.058870492966793,0.682842712474619,0,1607.552001953125
49224,5,81,25,51,2,32.19824491230868,4.050761423197956,0.613407053921902,0,1607.552001953125
49224,5,81,25,52,2,21.060674322035183,-1.3204608093956196,0.613407053921902,0,1607.552001953125
49224,5,81,25,53,2,15.499633015368863,-1.4597695814067908,0.682842712474619,0,1607.552001953125
49224,5,81,25,54,2,20.47634292575971,-1.4868281984551444,0.8513997106635237,0,1607.552001953125
49224,5,81,25,55,2,25.46218010335146,-1.5032983677668876,0.682842712474619,0,1607.552001953125
49224,5,81,25,56,2,17.921297923571533,4.668703052323368,0.848528137423857,0,1607.552001953125
49224,5,81,25,57,2,22.917567830544467,4.678231265580597,0.848528137423857,0,1607.552001953125
49224,5,81,25,58,2,12.348514959944408,4.443319662769168,0.613407053921902,0,1607.552001953125
49224,5,81,25,59,2,15.75008631460504,4.502428053338296,0.8513997106635237,0,1607.552001953125
49224,5,81,25,60,2,20.666572403756415,4.552874277957184,0.848528137423857,0,1607.552001953125
49224,5,81,25,61,2,25.61540963798751,4.583883844152026,0.8513997106635237,0,1607.552001953125
49224,5,81,25,62,2,29.090008733643266,4.599303189586006,0.613407053921902,0,1607.552001953125
49224,5,81,25,63,2,18.81487482211364,4.399987150902998,0.848528137423857,0,1607.552001953125
49224,5,81,25,64,2,23.62290224705684,4.465085477682843,0.848528137423857,0,1607.552001953125
49224,5,81,25,65,2,17.4897631265808,4.219047159771703,0.682842712474619,0,1607.552001953125
49224,5,81,25,66,2,22.02121273286516,4.3267817347954365,0.8513997106635237,0,1607.552001953125
49224,5,81,25,67,2,26.720325713364723,4.397221197436326,0.682842712474619,0,1607.552001953125
49224,5,81,25,68,2,23.56188504641724,4.188706057123106,0.613407053921902,0,1607.552001953125
49224,5,82,25,1,2,31.785229653997735,3.154309582155994,0.613407053921902,0,1612.5689697265625
49224,5,82,25,2,2,28.79434325427647,3.330395024629912,0.682842712474619,0,1612.5689697265625
49224,5,82,25,3,2,28.285547677973277,3.155883109004063,0.8513997106635237,0,1612.5689697265625
49224,5,82,25,4,2,28.6536247522142,2.9805052883674827,0.682842712474619,0,1612.5689697265625
49224,5,82,25,5,2,25.94571077829243,3.253761427942428,0.848528137423857,0,1612.5689697265625
49224,5,82,25,6,2,25.867700164270552,3.0604837774947233,0.848528137423857,0,1612.5689697265625
49224,5,82,25,7,2,24.927234209599717,3.5068692798588863,0.613407053921902,0,1612.5689697265625
49224,5,82,25,8,2,23.90162354608365,3.369666610915473,0.8513997106635237,0,1612.5689697265625
49224,5,82,25,9,2,23.286167828487862,3.1589514523129782,0.848528137423857,0,1612.5689697265625
49224,5,82,25,10,2,23.73191134599794,2.9467064661693554,0.8513997106635237,0,1612.5689697265625
49224,5,82,25,11,2,24.65003486676576,2.8069522183653985,0.613407053921902,0,1612.5689697265625
49224,5,82,25,12,2,20.98459702935473,3.2804350356209637,0.848528137423857,0,1612.5689697265625
49224,5,82,25,13,2,20.888066365324633,3.0410887189659452,0.848528137423857,0,1612.5689697265625
49224,5,82,25,14,2,19.064653493633283,3.4290001039771654,0.682842712474619,0,1612.5689697265625
49224,5,82,25,15,2,18.2871270797276,3.1636974115992946,0.8513997106635237,0,1612.5689697265625
49224,5,82,25,16,2,18.851446120335417,2.895320453613487,0.682842712474619,0,1612.5689697265625
49224,5,82,25,17,2,14.78818447665666,3.168928662647338,0.613407053921902,0,1612.5689697265625
49224,5,82,25,18,2,11.2033667967022,0.4226909031009558,0.613407053921902,0,1612.5689697265625
49224,5,82,25,19,2,8.139044433834162,0.600022362784734,0.8513997106635237,0,1612.5689697265625
49224,5,82,25,20,2,6.729490344604422,-0.06010009847970621,0.682842712474619,0,1612.5689697265625
49224,5,82,25,21,2,11.713327806124507,0.9600507659086369,0.682842712474619,0,1612.5689697265625
49224,5,82,25,22,2,4.709388490050883,0.46120331251414926,0.848528137423857,0,1612.5689697265625
49224,5,82,25,23,2,8.25447417756131,1.0345466462189927,0.848528137423857,0,1612.5689697265625
49224,5,82,25,24,2,4.265211929794194,-1.1563983306024377,0.613407053921902,0,1612.5689697265625
49224,5,82,25,25,2,1.7642663077099843,-0.2311565945475751,0.8513997106635237,1,1612.5689697265625
49224,5,82,25,26,2,4.906183812529178,1.2131868982225735,0.848528137423857,0,1612.5689697265625
49224,5,82,25,27,2,9.748263619749215,1.3937032550558803,0.8513997106635237,0,1612.5689697265625
49224,5,82,25,28,2,13.207923621772952,1.4404036449858828,0.613407053921902,0,1612.5689697265625
49224,5,82,25,29,2,2.2371712622461923,1.928200228407042,0.848528137423857,0,1612.5689697265625
49224,5,82,25,30,2,7.138833185782039,1.6806512473622919,0.848528137423857,0,1612.5689697265625
49224,5,82,25,31,2,3.3074508176112167,3.264107715716015,0.682842712474619,0,1612.5689697265625
49224,5,82,25,32,2,5.647763708647859,2.1910378824876378,0.8513997106635237,0,1612.5689697265625
49224,5,82,25,33,2,10.141757190276374,1.9004100716253762,0.682842712474619,0,1612.5689697265625
49224,5,82,25,34,2,8.193036776629125,2.546072070484226,0.613407053921902,0,1612.5689697265625
49224,5,82,25,35,2,44.70276724627637,3.7460205559750617,0.613407053921902,0,1612.5689697265625
49224,5,82,25,36,2,41.870141900407766,3.793542937735418,0.8513997106635237,0,1612.5689697265625
49224,5,82,25,37,2,39.039297979831616,3.691558314618598,0.682842712474619,0,1612.5689697265625
49224,5,82,25,38,2,45.07938307876983,3.8818244773002184,0.682842712474619,0,1612.5689697265625
49224,5,82,25,39,2,38.3689260614105,3.781282438813151,0.848528137423857,0,1612.5689697265625
49224,5,82,25,40,2,41.54776146927994,3.8779823153053665,0.848528137423857,0,1612.5689697265625
49224,5,82,25,41,2,32.94936712973635,3.680310247552288,0.613407053921902,0,1612.5689697265625
49224,5,82,25,42,2,34.87463535940825,3.7665624424042474,0.8513997106635237,0,1612.5689697265625
49224,5,82,25,43,2,38.01686714412283,3.8734263779420988,0.848528137423857,0,1612.5689697265625
49224,5,82,25,44,2,41.52498264245372,3.9631252541913327,0.8513997106635237,0,1612.5689697265625
49224,5,82,25,45,2,44.15205069594867,4.0171433386527164,0.613407053921902,0,1612.5689697265625
49224,5,82,25,46,2,34.4869234899199,3.867937651338627,0.848528137423857,0,1612.5689697265625
49224,5,82,25,47,2,37.99197135977266,3.9664872005262395,0.848528137423857,0,1612.5689697265625
49224,5,82,25,48,2,30.958255702563285,3.8611974549813577,0.682842712474619,0,1612.5689697265625
49224,5,82,25,49,2,34.45947753735523,3.9705384773324868,0.8513997106635237,0,1612.5689697265625
49224,5,82,25,50,2,38.29487678723731,4.058870492966793,0.682842712474619,0,1612.5689697265625
49224,5,82,25,51,2,32.19824491230868,4.050761423197956,0.613407053921902,0,1612.5689697265625
49224,5,82,25,52,2,21.060674322035183,-1.3204608093956196,0.613407053921902,0,1612.5689697265625
49224,5,82,25,53,2,15.499633015368863,-1.4597695814067908,0.682842712474619,0,1612.5689697265625
49224,5,82,25,54,2,20.47634292575971,-1.4868281984551444,0.8513997106635237,0,1612.5689697265625
49224,5,82,25,55,2,25.46218010335146,-1.5032983677668876,0.682842712474619,0,1612.5689697265625
49224,5,82,25,56,2,17.921297923571533,4.668703052323368,0.848528137423857,0,1612.5689697265625
49224,5,82,25,57,2,22.917567830544467,4.678231265580597,0.848528137423857,0,1612.5689697265625
49224,5,82,25,58,2,12.348514959944408,4.443319662769168,0.613407053921902,0,1612.5689697265625
49224,5,82,25,59,2,15.75008631460504,4.502428053338296,0.8513997106635237,0,1612.5689697265625
49224,5,82,25,60,2,20.666572403756415,4.552874277957184,0.848528137423857,0,1612.5689697265625
49224,5,82,25,61,2,25.61540963798751,4.583883844152026,0.8513997106635237,0,1612.5689697265625
49224,5,82,25,62,2,29.090008733643266,4.599303189586006,0.613407053921902,0,1612.5689697265625
49224,5,82,25,63,2,18.81487482211364,4.399987150902998,0.848528137423857,0,1612.5689697265625
49224,5,82,25,64,2,23.62290224705684,4.465085477682843,0.848528137423857,0,1612.5689697265625
49224,5,82,25,65,2,17.4897631265808,4.219047159771703,0.682842712474619,0,1612.5689697265625
49224,5,82,25,66,2,22.02121273286516,4.3267817347954365,0.8513997106635237,0,1612.5689697265625
49224,5,82,25,67,2,26.720325713364723,4.397221197436326,0.682842712474619,0,1612.5689697265625
49224,5,82,25,68,2,23.56188504641724,4.188706057123106,0.613407053921902,0,1612.5689697265625
49224,5,83,25,1,2,31.785229653997735,3.154309582155994,0.613407053921902,0,1617.583984375
49224,5,83,25,2,2,28.79434325427647,3.330395024629912,0.682842712474619,0,1617.583984375
49224,5,83,25,3,2,28.285547677973277,3.155883109004063,0.8513997106635237,0,1617.583984375
49224,5,83,25,4,2,28.6536247522142,2.9805052883674827,0.682842712474619,0,1617.583984375
49224,5,83,25,5,2,25.94571077829243,3.253761427942428,0.848528137423857,0,1617.583984375
49224,5,83,25,6,2,25.867700164270552,3.0604837774947233,0.848528137423857,0,1617.583984375
49224,5,83,25,7,2,24.927234209599717,3.5068692798588863,0.613407053921902,0,1617.583984375
49224,5,83,25,8,2,23.90162354608365,3.369666610915473,0.8513997106635237,0,1617.583984375
49224,5,83,25,9,2,23.286167828487862,3.1589514523129782,0.848528137423857,0,1617.583984375
49224,5,83,25,10,2,23.73191134599794,2.9467064661693554,0.8513997106635237,0,1617.583984375
49224,5,83,25,11,2,24.65003486676576,2.8069522183653985,0.613407053921902,0,1617.583984375
49224,5,83,25,12,2,20.98459702935473,3.2804350356209637,0.848528137423857,0,1617.583984375
49224,5,83,25,13,2,20.888066365324633,3.0410887189659452,0.848528137423857,0,1617.583984375
49224,5,83,25,14,2,19.064653493633283,3.4290001039771654,0.682842712474619,0,1617.583984375
49224,5,83,25,15,2,18.2871270797276,3.1636974115992946,0.8513997106635237,0,1617.583984375
49224,5,83,25,16,2,18.851446120335417,2.895320453613487,0.682842712474619,0,1617.583984375
49224,5,83,25,17,2,14.78818447665666,3.168928662647338,0.613407053921902,0,1617.583984375
49224,5,83,25,18,2,11.2033667967022,0.4226909031009558,0.613407053921902,0,1617.583984375
49224,5,83,25,19,2,8.139044433834162,0.600022362784734,0.8513997106635237,0,1617.583984375
49224,5,83,25,20,2,6.729490344604422,-0.06010009847970621,0.682842712474619,0,1617.583984375
49224,5,83,25,21,2,11.713327806124507,0.9600507659086369,0.682842712474619,0,1617.583984375
49224,5,83,25,22,2,4.709388490050883,0.46120331251414926,0.848528137423857,0,1617.583984375
49224,5,83,25,23,2,8.25447417756131,1.0345466462189927,0.848528137423857,0,1617.583984375
49224,5,83,25,24,2,4.265211929794194,-1.1563983306024377,0.613407053921902,0,1617.583984375
49224,5,83,25,25,2,1.7642663077099843,-0.2311565945475751,0.8513997106635237,1,1617.583984375
49224,5,83,25,26,2,4.906183812529178,1.2131868982225735,0.848528137423857,0,1617.583984375
49224,5,83,25,27,2,9.748263619749215,1.3937032550558803,0.8513997106635237,0,1617.583984375
49224,5,83,25,28,2,13.207923621772952,1.4404036449858828,0.613407053921902,0,1617.583984375
49224,5,83,25,29,2,2.2371712622461923,1.928200228407042,0.848528137423857,0,1617.583984375
49224,5,83,25,30,2,7.138833185782039,1.6806512473622919,0.848528137423857,0,1617.583984375
49224,5,83,25,31,2,3.3074508176112167,3.264107715716015,0.682842712474619,0,1617.583984375
49224,5,83,25,32,2,5.647763708647859,2.1910378824876378,0.8513997106635237,0,1617.583984375
49224,5,83,25,33,2,10.141757190276374,1.9004100716253762,0.682842712474619,0,1617.583984375
49224,5,83,25,34,2,8.193036776629125,2.546072070484226,0.613407053921902,0,1617.583984375
49224,5,83,25,35,2,44.70276724627637,3.7460205559750617,0.613407053921902,0,1617.583984375
49224,5,83,25,36,2,41.870141900407766,3.793542937735418,0.8513997106635237,0,1617.583984375
49224,5,83,25,37,2,39.039297979831616,3.691558314618598,0.682842712474619,0,1617.583984375
49224,5,83,25,38,2,45.07938307876983,3.8818244773002184,0.682842712474619,0,1617.583984375
49224,5,83,25,39,2,38.3689260614105,3.781282438813151,0.848528137423857,0,1617.583984375
49224,5,83,25,40,2,41.54776146927994,3.8779823153053665,0.848528137423857,0,1617.583984375
49224,5,83,25,41,2,32.94936712973635,3.680310247552288,0.613407053921902,0,1617.583984375
49224,5,83,25,42,2,34.87463535940825,3.7665624424042474,0.8513997106635237,0,1617.583984375
49224,5,83,25,43,2,38.01686714412283,3.8734263779420988,0.848528137423857,0,1617.583984375
49224,5,83,25,44,2,41.52498264245372,3.9631252541913327,0.8513997106635237,0,1617.583984375
49224,5,83,25,45,2,44.15205069594867,4.0171433386527164,0.613407053921902,0,1617.583984375
49224,5,83,25,46,2,34.4869234899199,3.867937651338627,0.848528137423857,0,1617.583984375
49224,5,83,25,47,2,37.99197135977266,3.9664872005262395,0.848528137423857,0,1617.583984375
49224,5,83,25,48,2,30.958255702563285,3.8611974549813577,0.682842712474619,0,1617.583984375
49224,5,83,25,49,2,34.45947753735523,3.9705384773324868,0.8513997106635237,0,1617.583984375
49224,5,83,25,50,2,38.29487678723731,4.058870492966793,0.682842712474619,0,1617.583984375
49224,5,83,25,51,2,32.19824491230868,4.050761423197956,0.613407053921902,0,1617.583984375
49224,5,83,25,52,2,21.060674322035183,-1.3204608093956196,0.613407053921902,0,1617.583984375
49224,5,83,25,53,2,15.499633015368863,-1.4597695814067908,0.682842712474619,0,1617.583984375
49224,5,83,25,54,2,20.47634292575971,-1.4868281984551444,0.8513997106635237,0,1617.583984375
49224,5,83,25,55,2,25.46218010335146,-1.5032983677668876,0.682842712474619,0,1617.583984375
49224,5,83,25,56,2,17.921297923571533,4.668703052323368,0.848528137423857,0,1617.583984375
49224,5,83,25,57,2,22.917567830544467,4.678231265580597,0.848528137423857,0,1617.583984375
49224,5,83,25,58,2,12.348514959944408,4.443319662769168,0.613407053921902,0,1617.583984375
49224,5,83,25,59,2,15.75008631460504,4.502428053338296,0.8513997106635237,0,1617.583984375
49224,5,83,25,60,2,20.666572403756415,4.552874277957184,0.848528137423857,0,1617.583984375
49224,5,83,25,61,2,25.61540963798751,4.583883844152026,0.8513997106635237,0,1617.583984375
49224,5,83,25,62,2,29.090008733643266,4.599303189586006,0.613407053921902,0,1617.583984375
49224,5,83,25,63,2,18.81487482211364,4.399987150902998,0.848528137423857,0,1617.583984375
49224,5,83,25,64,2,23.62290224705684,4.465085477682843,0.848528137423857,0,1617.583984375
49224,5,83,25,65,2,17.4897631265808,4.219047159771703,0.682842712474619,0,1617.583984375
49224,5,83,25,66,2,22.02121273286516,4.3267817347954365,0.8513997106635237,0,1617.583984375
49224,5,83,25,67,2,26.720325713364723,4.397221197436326,0.682842712474619,0,1617.583984375
49224,5,83,25,68,2,23.56188504641724,4.188706057123106,0.613407053921902,0,1617.583984375
49224,5,84,25,1,2,31.785229653997735,3.154309582155994,0.613407053921902,0,1622.6190185546875
49224,5,84,25,2,2,28.79434325427647,3.330395024629912,0.682842712474619,0,1622.6190185546875
49224,5,84,25,3,2,28.285547677973277,3.155883109004063,0.8513997106635237,0,1622.6190185546875
49224,5,84,25,4,2,28.6536247522142,2.9805052883674827,0.682842712474619,0,1622.6190185546875
49224,5,84,25,5,2,25.94571077829243,3.253761427942428,0.848528137423857,0,1622.6190185546875
49224,5,84,25,6,2,25.867700164270552,3.0604837774947233,0.848528137423857,0,1622.6190185546875
49224,5,84,25,7,2,24.927234209599717,3.5068692798588863,0.613407053921902,0,1622.6190185546875
49224,5,84,25,8,2,23.90162354608365,3.369666610915473,0.8513997106635237,0,1622.6190185546875
49224,5,84,25,9,2,23.286167828487862,3.1589514523129782,0.848528137423857,0,1622.6190185546875
49224,5,84,25,10,2,23.73191134599794,2.9467064661693554,0.8513997106635237,0,1622.6190185546875
49224,5,84,25,11,2,24.65003486676576,2.8069522183653985,0.613407053921902,0,1622.6190185546875
49224,5,84,25,12,2,20.98459702935473,3.2804350356209637,0.848528137423857,0,1622.6190185546875
49224,5,84,25,13,2,20.888066365324633,3.0410887189659452,0.848528137423857,0,1622.6190185546875
49224,5,84,25,14,2,19.064653493633283,3.4290001039771654,0.682842712474619,0,1622.6190185546875
49224,5,84,25,15,2,18.2871270797276,3.1636974115992946,0.8513997106635237,0,1622.6190185546875
49224,5,84,25,16,2,18.851446120335417,2.895320453613487,0.682842712474619,0,1622.6190185546875
49224,5,84,25,17,2,14.78818447665666,3.168928662647338,0.613407053921902,0,1622.6190185546875
49224,5,84,25,18,2,11.2033667967022,0.4226909031009558,0.613407053921902,0,1622.6190185546875
49224,5,84,25,19,2,8.139044433834162,0.600022362784734,0.8513997106635237,0,1622.6190185546875
49224,5,84,25,20,2,6.729490344604422,-0.06010009847970621,0.682842712474619,0,1622.6190185546875
49224,5,84,25,21,2,11.713327806124507,0.9600507659086369,0.682842712474619,0,1622.6190185546875
49224,5,84,25,22,2,4.709388490050883,0.46120331251414926,0.848528137423857,0,1622.6190185546875
49224,5,84,25,23,2,8.25447417756131,1.0345466462189927,0.848528137423857,0,1622.6190185546875
49224,5,84,25,24,2,4.265211929794194,-1.1563983306024377,0.613407053921902,0,1622.6190185546875
49224,5,84,25,25,2,1.7642663077099843,-0.2311565945475751,0.8513997106635237,1,1622.6190185546875
49224,5,84,25,26,2,4.906183812529178,1.2131868982225735,0.848528137423857,0,1622.6190185546875
49224,5,84,25,27,2,9.748263619749215,1.3937032550558803,0.8513997106635237,0,1622.6190185546875
49224,5,84,25,28,2,13.207923621772952,1.4404036449858828,0.613407053921902,0,1622.6190185546875
49224,5,84,25,29,2,2.2371712622461923,1.928200228407042,0.848528137423857,0,1622.6190185546875
49224,5,84,25,30,2,7.138833185782039,1.6806512473622919,0.848528137423857,0,1622.6190185546875
49224,5,84,25,31,2,3.3074508176112167,3.264107715716015,0.682842712474619,0,1622.6190185546875
49224,5,84,25,32,2,5.647763708647859,2.1910378824876378,0.8513997106635237,0,1622.6190185546875
49224,5,84,25,33,2,10.141757190276374,1.9004100716253762,0.682842712474619,0,1622.6190185546875
49224,5,84,25,34,2,8.193036776629125,2.546072070484226,0.613407053921902,0,1622.6190185546875
49224,5,84,25,35,2,44.70276724627637,3.7460205559750617,0.613407053921902,0,1622.6190185546875
49224,5,84,25,36,2,41.870141900407766,3.793542937735418,0.8513997106635237,0,1622.6190185546875
49224,5,84,25,37,2,39.039297979831616,3.691558314618598,0.682842712474619,0,1622.6190185546875
49224,5,84,25,38,2,45.07938307876983,3.8818244773002184,0.682842712474619,0,1622.6190185546875
49224,5,84,25,39,2,38.3689260614105,3.781282438813151,0.848528137423857,0,1622.6190185546875
49224,5,84,25,40,2,41.54776146927994,3.8779823153053665,0.848528137423857,0,1622.6190185546875
49224,5,84,25,41,2,32.94936712973635,3.680310247552288,0.613407053921902,0,1622.6190185546875
49224,5,84,25,42,2,34.87463535940825,3.7665624424042474,0.8513997106635237,0,1622.6190185546875
49224,5,84,25,43,2,38.01686714412283,3.8734263779420988,0.848528137423857,0,1622.6190185546875
49224,5,84,25,44,2,41.52498264245372,3.9631252541913327,0.8513997106635237,0,1622.6190185546875
49224,5,84,25,45,2,44.15205069594867,4.0171433386527164,0.613407053921902,0,1622.6190185546875
49224,5,84,25,46,2,34.4869234899199,3.867937651338627,0.848528137423857,0,1622.6190185546875
49224,5,84,25,47,2,37.99197135977266,3.9664872005262395,0.848528137423857,0,1622.6190185546875
49224,5,84,25,48,2,30.958255702563285,3.8611974549813577,0.682842712474619,0,1622.6190185546875
49224,5,84,25,49,2,34.45947753735523,3.9705384773324868,0.8513997106635237,0,1622.6190185546875
49224,5,84,25,50,2,38.29487678723731,4.058870492966793,0.682842712474619,0,1622.6190185546875
49224,5,84,25,51,2,32.19824491230868,4.050761423197956,0.613407053921902,0,1622.6190185546875
49224,5,84,25,52,2,21.060674322035183,-1.3204608093956196,0.613407053921902,0,1622.6190185546875
49224,5,84,25,53,2,15.499633015368863,-1.4597695814067908,0.682842712474619,0,1622.6190185546875
49224,5,84,25,54,2,20.47634292575971,-1.4868281984551444,0.8513997106635237,0,1622.6190185546875
49224,5,84,25,55,2,25.46218010335146,-1.5032983677668876,0.682842712474619,0,1622.6190185546875
49224,5,84,25,56,2,17.921297923571533,4.668703052323368,0.848528137423857,0,1622.6190185546875
49224,5,84,25,57,2,22.917567830544467,4.678231265580597,0.848528137423857,0,1622.6190185546875
49224,5,84,25,58,2,12.348514959944408,4.443319662769168,0.613407053921902,0,1622.6190185546875
49224,5,84,25,59,2,15.75008631460504,4.502428053338296,0.8513997106635237,0,1622.6190185546875
49224,5,84,25,60,2,20.666572403756415,4.552874277957184,0.848528137423857,0,1622.6190185546875
49224,5,84,25,61,2,25.61540963798751,4.583883844152026,0.8513997106635237,0,1622.6190185546875
49224,5,84,25,62,2,29.090008733643266,4.599303189586006,0.613407053921902,0,1622.6190185546875
49224,5,84,25,63,2,18.81487482211364,4.399987150902998,0.848528137423857,0,1622.6190185546875
49224,5,84,25,64,2,23.62290224705684,4.465085477682843,0.848528137423857,0,1622.6190185546875
49224,5,84,25,65,2,17.4897631265808,4.219047159771703,0.682842712474619,0,1622.6190185546875
49224,5,84,25,66,2,22.02121273286516,4.3267817347954365,0.8513997106635237,0,1622.6190185546875
49224,5,84,25,67,2,26.720325713364723,4.397221197436326,0.682842712474619,0,1622.6190185546875
49224,5,84,25,68,2,23.56188504641724,4.188706057123106,0.613407053921902,0,1622.6190185546875
49224,5,85,25,1,2,31.785229653997735,3.154309582155994,0.613407053921902,0,1627.6510009765625
49224,5,85,25,2,2,28.79434325427647,3.330395024629912,0.682842712474619,0,1627.6510009765625
49224,5,85,25,3,2,28.285547677973277,3.155883109004063,0.8513997106635237,0,1627.6510009765625
49224,5,85,25,4,2,28.6536247522142,2.9805052883674827,0.682842712474619,0,1627.6510009765625
49224,5,85,25,5,2,25.94571077829243,3.253761427942428,0.848528137423857,0,1627.6510009765625
49224,5,85,25,6,2,25.867700164270552,3.0604837774947233,0.848528137423857,0,1627.6510009765625
49224,5,85,25,7,2,24.927234209599717,3.5068692798588863,0.613407053921902,0,1627.6510009765625
49224,5,85,25,8,2,23.90162354608365,3.369666610915473,0.8513997106635237,0,1627.6510009765625
49224,5,85,25,9,2,23.286167828487862,3.1589514523129782,0.848528137423857,0,1627.6510009765625
49224,5,85,25,10,2,23.73191134599794,2.9467064661693554,0.8513997106635237,0,1627.6510009765625
49224,5,85,25,11,2,24.65003486676576,2.8069522183653985,0.613407053921902,0,1627.6510009765625
49224,5,85,25,12,2,20.98459702935473,3.2804350356209637,0.848528137423857,0,1627.6510009765625
49224,5,85,25,13,2,20.888066365324633,3.0410887189659452,0.848528137423857,0,1627.6510009765625
49224,5,85,25,14,2,19.064653493633283,3.4290001039771654,0.682842712474619,0,1627.6510009765625
49224,5,85,25,15,2,18.2871270797276,3.1636974115992946,0.8513997106635237,0,1627.6510009765625
49224,5,85,25,16,2,18.851446120335417,2.895320453613487,0.682842712474619,0,1627.6510009765625
49224,5,85,25,17,2,14.78818447665666,3.168928662647338,0.613407053921902,0,1627.6510009765625
49224,5,85,25,18,2,11.2033667967022,0.4226909031009558,0.613407053921902,0,1627.6510009765625
49224,5,85,25,19,2,8.139044433834162,0.600022362784734,0.8513997106635237,0,1627.6510009765625
49224,5,85,25,20,2,6.729490344604422,-0.06010009847970621,0.682842712474619,0,1627.6510009765625
49224,5,85,25,21,2,11.713327806124507,0.9600507659086369,0.682842712474619,0,1627.6510009765625
49224,5,85,25,22,2,4.709388490050883,0.46120331251414926,0.848528137423857,0,1627.6510009765625
49224,5,85,25,23,2,8.25447417756131,1.0345466462189927,0.848528137423857,0,1627.6510009765625
49224,5,85,25,24,2,4.265211929794194,-1.1563983306024377,0.613407053921902,0,1627.6510009765625
49224,5,85,25,25,2,1.7642663077099843,-0.2311565945475751,0.8513997106635237,1,1627.6510009765625
49224,5,85,25,26,2,4.906183812529178,1.2131868982225735,0.848528137423857,0,1627.6510009765625
49224,5,85,25,27,2,9.748263619749215,1.3937032550558803,0.8513997106635237,0,1627.6510009765625
49224,5,85,25,28,2,13.207923621772952,1.4404036449858828,0.613407053921902,0,1627.6510009765625
49224,5,85,25,29,2,2.2371712622461923,1.928200228407042,0.848528137423857,0,1627.6510009765625
49224,5,85,25,30,2,7.138833185782039,1.6806512473622919,0.848528137423857,0,1627.6510009765625
49224,5,85,25,31,2,3.3074508176112167,3.264107715716015,0.682842712474619,0,1627.6510009765625
49224,5,85,25,32,2,5.647763708647859,2.1910378824876378,0.8513997106635237,0,1627.6510009765625
49224,5,85,25,33,2,10.141757190276374,1.9004100716253762,0.682842712474619,0,1627.6510009765625
49224,5,85,25,34,2,8.193036776629125,2.546072070484226,0.613407053921902,0,1627.6510009765625
49224,5,85,25,35,2,44.70276724627637,3.7460205559750617,0.613407053921902,0,1627.6510009765625
49224,5,85,25,36,2,41.870141900407766,3.793542937735418,0.8513997106635237,0,1627.6510009765625
49224,5,85,25,37,2,39.039297979831616,3.691558314618598,0.682842712474619,0,1627.6510009765625
49224,5,85,25,38,2,45.07938307876983,3.8818244773002184,0.682842712474619,0,1627.6510009765625
49224,5,85,25,39,2,38.3689260614105,3.781282438813151,0.848528137423857,0,1627.6510009765625
49224,5,85,25,40,2,41.54776146927994,3.8779823153053665,0.848528137423857,0,1627.6510009765625
49224,5,85,25,41,2,32.94936712973635,3.680310247552288,0.613407053921902,0,1627.6510009765625
49224,5,85,25,42,2,34.87463535940825,3.7665624424042474,0.8513997106635237,0,1627.6510009765625
49224,5,85,25,43,2,38.01686714412283,3.8734263779420988,0.848528137423857,0,1627.6510009765625
49224,5,85,25,44,2,41.52498264245372,3.9631252541913327,0.8513997106635237,0,1627.6510009765625
49224,5,85,25,45,2,44.15205069594867,4.0171433386527164,0.613407053921902,0,1627.6510009765625
49224,5,85,25,46,2,34.4869234899199,3.867937651338627,0.848528137423857,0,1627.6510009765625
49224,5,85,25,47,2,37.99197135977266,3.9664872005262395,0.848528137423857,0,1627.6510009765625
49224,5,85,25,48,2,30.958255702563285,3.8611974549813577,0.682842712474619,0,1627.6510009765625
49224,5,85,25,49,2,34.45947753735523,3.9705384773324868,0.8513997106635237,0,1627.6510009765625
49224,5,85,25,50,2,38.29487678723731,4.058870492966793,0.682842712474619,0,1627.6510009765625
49224,5,85,25,51,2,32.19824491230868,4.050761423197956,0.613407053921902,0,1627.6510009765625
49224,5,85,25,52,2,21.060674322035183,-1.3204608093956196,0.613407053921902,0,1627.6510009765625
49224,5,85,25,53,2,15.499633015368863,-1.4597695814067908,0.682842712474619,0,1627.6510009765625
49224,5,85,25,54,2,20.47634292575971,-1.4868281984551444,0.8513997106635237,0,1627.6510009765625
49224,5,85,25,55,2,25.46218010335146,-1.5032983677668876,0.682842712474619,0,1627.6510009765625
49224,5,85,25,56,2,17.921297923571533,4.668703052323368,0.848528137423857,0,1627.6510009765625
49224,5,85,25,57,2,22.917567830544467,4.678231265580597,0.848528137423857,0,1627.6510009765625
49224,5,85,25,58,2,12.348514959944408,4.443319662769168,0.613407053921902,0,1627.6510009765625
49224,5,85,25,59,2,15.75008631460504,4.502428053338296,0.8513997106635237,0,1627.6510009765625
49224,5,85,25,60,2,20.666572403756415,4.552874277957184,0.848528137423857,0,1627.6510009765625
49224,5,85,25,61,2,25.61540963798751,4.583883844152026,0.8513997106635237,0,1627.6510009765625
49224,5,85,25,62,2,29.090008733643266,4.599303189586006,0.613407053921902,0,1627.6510009765625
49224,5,85,25,63,2,18.81487482211364,4.399987150902998,0.848528137423857,0,1627.6510009765625
49224,5,85,25,64,2,23.62290224705684,4.465085477682843,0.848528137423857,0,1627.6510009765625
49224,5,85,25,65,2,17.4897631265808,4.219047159771703,0.682842712474619,0,1627.6510009765625
49224,5,85,25,66,2,22.02121273286516,4.3267817347954365,0.8513997106635237,0,1627.6510009765625
49224,5,85,25,67,2,26.720325713364723,4.397221197436326,0.682842712474619,0,1627.6510009765625
49224,5,85,25,68,2,23.56188504641724,4.188706057123106,0.613407053921902,0,1627.6510009765625
49224,5,86,25,1,2,31.785229653997735,3.154309582155994,0.613407053921902,0,1632.68505859375
49224,5,86,25,2,2,28.79434325427647,3.330395024629912,0.682842712474619,0,1632.68505859375
49224,5,86,25,3,2,28.285547677973277,3.155883109004063,0.8513997106635237,0,1632.68505859375
49224,5,86,25,4,2,28.6536247522142,2.9805052883674827,0.682842712474619,0,1632.68505859375
49224,5,86,25,5,2,25.94571077829243,3.253761427942428,0.848528137423857,0,1632.68505859375
49224,5,86,25,6,2,25.867700164270552,3.0604837774947233,0.848528137423857,0,1632.68505859375
49224,5,86,25,7,2,24.927234209599717,3.5068692798588863,0.613407053921902,0,1632.68505859375
49224,5,86,25,8,2,23.90162354608365,3.369666610915473,0.8513997106635237,0,1632.68505859375
49224,5,86,25,9,2,23.286167828487862,3.1589514523129782,0.848528137423857,0,1632.68505859375
49224,5,86,25,10,2,23.73191134599794,2.9467064661693554,0.8513997106635237,0,1632.68505859375
49224,5,86,25,11,2,24.65003486676576,2.8069522183653985,0.613407053921902,0,1632.68505859375
49224,5,86,25,12,2,20.98459702935473,3.2804350356209637,0.848528137423857,0,1632.68505859375
49224,5,86,25,13,2,20.888066365324633,3.0410887189659452,0.848528137423857,0,1632.68505859375
49224,5,86,25,14,2,19.064653493633283,3.4290001039771654,0.682842712474619,0,1632.68505859375
49224,5,86,25,15,2,18.2871270797276,3.1636974115992946,0.8513997106635237,0,1632.68505859375
49224,5,86,25,16,2,18.851446120335417,2.895320453613487,0.682842712474619,0,1632.68505859375
49224,5,86,25,17,2,14.78818447665666,3.168928662647338,0.613407053921902,0,1632.68505859375
49224,5,86,25,18,2,11.2033667967022,0.4226909031009558,0.613407053921902,0,1632.68505859375
49224,5,86,25,19,2,8.139044433834162,0.600022362784734,0.8513997106635237,0,1632.68505859375
49224,5,86,25,20,2,6.729490344604422,-0.06010009847970621,0.682842712474619,0,1632.68505859375
49224,5,86,25,21,2,11.713327806124507,0.9600507659086369,0.682842712474619,0,1632.68505859375
49224,5,86,25,22,2,4.709388490050883,0.46120331251414926,0.848528137423857,0,1632.68505859375
49224,5,86,25,23,2,8.25447417756131,1.0345466462189927,0.848528137423857,0,1632.68505859375
49224,5,86,25,24,2,4.265211929794194,-1.1563983306024377,0.613407053921902,0,1632.68505859375
49224,5,86,25,25,2,1.7642663077099843,-0.2311565945475751,0.8513997106635237,1,1632.68505859375
49224,5,86,25,26,2,4.906183812529178,1.2131868982225735,0.848528137423857,0,1632.68505859375
49224,5,86,25,27,2,9.748263619749215,1.3937032550558803,0.8513997106635237,0,1632.68505859375
49224,5,86,25,28,2,13.207923621772952,1.4404036449858828,0.613407053921902,0,1632.68505859375
49224,5,86,25,29,2,2.2371712622461923,1.928200228407042,0.848528137423857,0,1632.68505859375
49224,5,86,25,30,2,7.138833185782039,1.6806512473622919,0.848528137423857,0,1632.68505859375
49224,5,86,25,31,2,3.3074508176112167,3.264107715716015,0.682842712474619,0,1632.68505859375
49224,5,86,25,32,2,5.647763708647859,2.1910378824876378,0.8513997106635237,0,1632.68505859375
49224,5,86,25,33,2,10.141757190276374,1.9004100716253762,0.682842712474619,0,1632.68505859375
49224,5,86,25,34,2,8.193036776629125,2.546072070484226,0.613407053921902,0,1632.68505859375
49224,5,86,25,35,2,44.70276724627637,3.7460205559750617,0.613407053921902,0,1632.68505859375
49224,5,86,25,36,2,41.870141900407766,3.793542937735418,0.8513997106635237,0,1632.68505859375
49224,5,86,25,37,2,39.039297979831616,3.691558314618598,0.682842712474619,0,1632.68505859375
49224,5,86,25,38,2,45.07938307876983,3.8818244773002184,0.682842712474619,0,1632.68505859375
49224,5,86,25,39,2,38.3689260614105,3.781282438813151,0.848528137423857,0,1632.68505859375
49224,5,86,25,40,2,41.54776146927994,3.8779823153053665,0.848528137423857,0,1632.68505859375
49224,5,86,25,41,2,32.94936712973635,3.680310247552288,0.613407053921902,0,1632.68505859375
49224,5,86,25,42,2,34.87463535940825,3.7665624424042474,0.8513997106635237,0,1632.68505859375
49224,5,86,25,43,2,38.01686714412283,3.8734263779420988,0.848528137423857,0,1632.68505859375
49224,5,86,25,44,2,41.52498264245372,3.9631252541913327,0.8513997106635237,0,1632.68505859375
49224,5,86,25,45,2,44.15205069594867,4.0171433386527164,0.613407053921902,0,1632.68505859375
49224,5,86,25,46,2,34.4869234899199,3.867937651338627,0.848528137423857,0,1632.68505859375
49224,5,86,25,47,2,37.99197135977266,3.9664872005262395,0.848528137423857,0,1632.68505859375
49224,5,86,25,48,2,30.958255702563285,3.8611974549813577,0.682842712474619,0,1632.68505859375
49224,5,86,25,49,2,34.45947753735523,3.9705384773324868,0.8513997106635237,0,1632.68505859375
49224,5,86,25,50,2,38.29487678723731,4.058870492966793,0.682842712474619,0,1632.68505859375
49224,5,86,25,51,2,32.19824491230868,4.050761423197956,0.613407053921902,0,1632.68505859375
49224,5,86,25,52,2,21.060674322035183,-1.3204608093956196,0.613407053921902,0,1632.68505859375
49224,5,86,25,53,2,15.499633015368863,-1.4597695814067908,0.682842712474619,0,1632.68505859375
49224,5,86,25,54,2,20.47634292575971,-1.4868281984551444,0.8513997106635237,0,1632.68505859375
49224,5,86,25,55,2,25.46218010335146,-1.5032983677668876,0.682842712474619,0,1632.68505859375
49224,5,86,25,56,2,17.921297923571533,4.668703052323368,0.848528137423857,0,1632.68505859375
49224,5,86,25,57,2,22.917567830544467,4.678231265580597,0.848528137423857,0,1632.68505859375
49224,5,86,25,58,2,12.348514959944408,4.443319662769168,0.613407053921902,0,1632.68505859375
49224,5,86,25,59,2,15.75008631460504,4.502428053338296,0.8513997106635237,0,1632.68505859375
49224,5,86,25,60,2,20.666572403756415,4.552874277957184,0.848528137423857,0,1632.68505859375
49224,5,86,25,61,2,25.61540963798751,4.583883844152026,0.8513997106635237,0,1632.68505859375
49224,5,86,25,62,2,29.090008733643266,4.599303189586006,0.613407053921902,0,1632.68505859375
49224,5,86,25,63,2,18.81487482211364,4.399987150902998,0.848528137423857,0,1632.68505859375
49224,5,86,25,64,2,23.62290224705684,4.465085477682843,0.848528137423857,0,1632.68505859375
49224,5,86,25,65,2,17.4897631265808,4.219047159771703,0.682842712474619,0,1632.68505859375
49224,5,86,25,66,2,22.02121273286516,4.3267817347954365,0.8513997106635237,0,1632.68505859375
49224,5,86,25,67,2,26.720325713364723,4.397221197436326,0.682842712474619,0,1632.68505859375
49224,5,86,25,68,2,23.56188504641724,4.188706057123106,0.613407053921902,0,1632.68505859375
49224,5,87,25,1,2,31.785229653997735,3.154309582155994,0.613407053921902,0,1637.718017578125
49224,5,87,25,2,2,28.79434325427647,3.330395024629912,0.682842712474619,0,1637.718017578125
49224,5,87,25,3,2,28.285547677973277,3.155883109004063,0.8513997106635237,0,1637.718017578125
49224,5,87,25,4,2,28.6536247522142,2.9805052883674827,0.682842712474619,0,1637.718017578125
49224,5,87,25,5,2,25.94571077829243,3.253761427942428,0.848528137423857,0,1637.718017578125
49224,5,87,25,6,2,25.867700164270552,3.0604837774947233,0.848528137423857,0,1637.718017578125
49224,5,87,25,7,2,24.927234209599717,3.5068692798588863,0.613407053921902,0,1637.718017578125
49224,5,87,25,8,2,23.90162354608365,3.369666610915473,0.8513997106635237,0,1637.718017578125
49224,5,87,25,9,2,23.286167828487862,3.1589514523129782,0.848528137423857,0,1637.718017578125
49224,5,87,25,10,2,23.73191134599794,2.9467064661693554,0.8513997106635237,0,1637.718017578125
49224,5,87,25,11,2,24.65003486676576,2.8069522183653985,0.613407053921902,0,1637.718017578125
49224,5,87,25,12,2,20.98459702935473,3.2804350356209637,0.848528137423857,0,1637.718017578125
49224,5,87,25,13,2,20.888066365324633,3.0410887189659452,0.848528137423857,0,1637.718017578125
49224,5,87,25,14,2,19.064653493633283,3.4290001039771654,0.682842712474619,0,1637.718017578125
49224,5,87,25,15,2,18.2871270797276,3.1636974115992946,0.8513997106635237,0,1637.718017578125
49224,5,87,25,16,2,18.851446120335417,2.895320453613487,0.682842712474619,0,1637.718017578125
49224,5,87,25,17,2,14.78818447665666,3.168928662647338,0.613407053921902,0,1637.718017578125
49224,5,87,25,18,2,11.2033667967022,0.4226909031009558,0.613407053921902,0,1637.718017578125
49224,5,87,25,19,2,8.139044433834162,0.600022362784734,0.8513997106635237,0,1637.718017578125
49224,5,87,25,20,2,6.729490344604422,-0.06010009847970621,0.682842712474619,0,1637.718017578125
49224,5,87,25,21,2,11.713327806124507,0.9600507659086369,0.682842712474619,0,1637.718017578125
49224,5,87,25,22,2,4.709388490050883,0.46120331251414926,0.848528137423857,0,1637.718017578125
49224,5,87,25,23,2,8.25447417756131,1.0345466462189927,0.848528137423857,0,1637.718017578125
49224,5,87,25,24,2,4.265211929794194,-1.1563983306024377,0.613407053921902,0,1637.718017578125
49224,5,87,25,25,2,1.7642663077099843,-0.2311565945475751,0.8513997106635237,1,1637.718017578125
49224,5,87,25,26,2,4.906183812529178,1.2131868982225735,0.848528137423857,0,1637.718017578125
49224,5,87,25,27,2,9.748263619749215,1.3937032550558803,0.8513997106635237,0,1637.718017578125
49224,5,87,25,28,2,13.207923621772952,1.4404036449858828,0.613407053921902,0,1637.718017578125
49224,5,87,25,29,2,2.2371712622461923,1.928200228407042,0.848528137423857,0,1637.718017578125
49224,5,87,25,30,2,7.138833185782039,1.6806512473622919,0.848528137423857,0,1637.718017578125
49224,5,87,25,31,2,3.3074508176112167,3.264107715716015,0.682842712474619,0,1637.718017578125
49224,5,87,25,32,2,5.647763708647859,2.1910378824876378,0.8513997106635237,0,1637.718017578125
49224,5,87,25,33,2,10.141757190276374,1.9004100716253762,0.682842712474619,0,1637.718017578125
49224,5,87,25,34,2,8.193036776629125,2.546072070484226,0.613407053921902,0,1637.718017578125
49224,5,87,25,35,2,44.70276724627637,3.7460205559750617,0.613407053921902,0,1637.718017578125
49224,5,87,25,36,2,41.870141900407766,3.793542937735418,0.8513997106635237,0,1637.718017578125
49224,5,87,25,37,2,39.039297979831616,3.691558314618598,0.682842712474619,0,1637.718017578125
49224,5,87,25,38,2,45.07938307876983,3.8818244773002184,0.682842712474619,0,1637.718017578125
49224,5,87,25,39,2,38.3689260614105,3.781282438813151,0.848528137423857,0,1637.718017578125
49224,5,87,25,40,2,41.54776146927994,3.8779823153053665,0.848528137423857,0,1637.718017578125
49224,5,87,25,41,2,32.94936712973635,3.680310247552288,0.613407053921902,0,1637.718017578125
49224,5,87,25,42,2,34.87463535940825,3.7665624424042474,0.8513997106635237,0,1637.718017578125
49224,5,87,25,43,2,38.01686714412283,3.8734263779420988,0.848528137423857,0,1637.718017578125
49224,5,87,25,44,2,41.52498264245372,3.9631252541913327,0.8513997106635237,0,1637.718017578125
49224,5,87,25,45,2,44.15205069594867,4.0171433386527164,0.613407053921902,0,1637.718017578125
49224,5,87,25,46,2,34.4869234899199,3.867937651338627,0.848528137423857,0,1637.718017578125
49224,5,87,25,47,2,37.99197135977266,3.9664872005262395,0.848528137423857,0,1637.718017578125
49224,5,87,25,48,2,30.958255702563285,3.8611974549813577,0.682842712474619,0,1637.718017578125
49224,5,87,25,49,2,34.45947753735523,3.9705384773324868,0.8513997106635237,0,1637.718017578125
49224,5,87,25,50,2,38.29487678723731,4.058870492966793,0.682842712474619,0,1637.718017578125
49224,5,87,25,51,2,32.19824491230868,4.050761423197956,0.613407053921902,0,1637.718017578125
49224,5,87,25,52,2,21.060674322035183,-1.3204608093956196,0.613407053921902,0,1637.718017578125
49224,5,87,25,53,2,15.499633015368863,-1.4597695814067908,0.682842712474619,0,1637.718017578125
49224,5,87,25,54,2,20.47634292575971,-1.4868281984551444,0.8513997106635237,0,1637.718017578125
49224,5,87,25,55,2,25.46218010335146,-1.5032983677668876,0.682842712474619,0,1637.718017578125
49224,5,87,25,56,2,17.921297923571533,4.668703052323368,0.848528137423857,0,1637.718017578125
49224,5,87,25,57,2,22.917567830544467,4.678231265580597,0.848528137423857,0,1637.718017578125
49224,5,87,25,58,2,12.348514959944408,4.443319662769168,0.613407053921902,0,1637.718017578125
49224,5,87,25,59,2,15.75008631460504,4.502428053338296,0.8513997106635237,0,1637.718017578125
49224,5,87,25,60,2,20.666572403756415,4.552874277957184,0.848528137423857,0,1637.718017578125
49224,5,87,25,61,2,25.61540963798751,4.583883844152026,0.8513997106635237,0,1637.718017578125
49224,5,87,25,62,2,29.090008733643266,4.599303189586006,0.613407053921902,0,1637.718017578125
49224,5,87,25,63,2,18.81487482211364,4.399987150902998,0.848528137423857,0,1637.718017578125
49224,5,87,25,64,2,23.62290224705684,4.465085477682843,0.848528137423857,0,1637.718017578125
49224,5,87,25,65,2,17.4897631265808,4.219047159771703,0.682842712474619,0,1637.718017578125
49224,5,87,25,66,2,22.02121273286516,4.3267817347954365,0.8513997106635237,0,1637.718017578125
49224,5,87,25,67,2,26.720325713364723,4.397221197436326,0.682842712474619,0,1637.718017578125
49224,5,87,25,68,2,23.56188504641724,4.188706057123106,0.613407053921902,0,1637.718017578125
49224,5,88,25,1,2,31.785229653997735,3.154309582155994,0.613407053921902,0,1642.7509765625
49224,5,88,25,2,2,28.79434325427647,3.330395024629912,0.682842712474619,0,1642.7509765625
49224,5,88,25,3,2,28.285547677973277,3.155883109004063,0.8513997106635237,0,1642.7509765625
49224,5,88,25,4,2,28.6536247522142,2.9805052883674827,0.682842712474619,0,1642.7509765625
49224,5,88,25,5,2,25.94571077829243,3.253761427942428,0.848528137423857,0,1642.7509765625
49224,5,88,25,6,2,25.867700164270552,3.0604837774947233,0.848528137423857,0,1642.7509765625
49224,5,88,25,7,2,24.927234209599717,3.5068692798588863,0.613407053921902,0,1642.7509765625
49224,5,88,25,8,2,23.90162354608365,3.369666610915473,0.8513997106635237,0,1642.7509765625
49224,5,88,25,9,2,23.286167828487862,3.1589514523129782,0.848528137423857,0,1642.7509765625
49224,5,88,25,10,2,23.73191134599794,2.9467064661693554,0.8513997106635237,0,1642.7509765625
49224,5,88,25,11,2,24.65003486676576,2.8069522183653985,0.613407053921902,0,1642.7509765625
49224,5,88,25,12,2,20.98459702935473,3.2804350356209637,0.848528137423857,0,1642.7509765625
49224,5,88,25,13,2,20.888066365324633,3.0410887189659452,0.848528137423857,0,1642.7509765625
49224,5,88,25,14,2,19.064653493633283,3.4290001039771654,0.682842712474619,0,1642.7509765625
49224,5,88,25,15,2,18.2871270797276,3.1636974115992946,0.8513997106635237,0,1642.7509765625
49224,5,88,25,16,2,18.851446120335417,2.895320453613487,0.682842712474619,0,1642.7509765625
49224,5,88,25,17,2,14.78818447665666,3.168928662647338,0.613407053921902,0,1642.7509765625
49224,5,88,25,18,2,11.2033667967022,0.4226909031009558,0.613407053921902,0,1642.7509765625
49224,5,88,25,19,2,8.139044433834162,0.600022362784734,0.8513997106635237,0,1642.7509765625
49224,5,88,25,20,2,6.729490344604422,-0.06010009847970621,0.682842712474619,0,1642.7509765625
49224,5,88,25,21,2,11.713327806124507,0.9600507659086369,0.682842712474619,0,1642.7509765625
49224,5,88,25,22,2,4.709388490050883,0.46120331251414926,0.848528137423857,0,1642.7509765625
49224,5,88,25,23,2,8.25447417756131,1.0345466462189927,0.848528137423857,0,1642.7509765625
49224,5,88,25,24,2,4.265211929794194,-1.1563983306024377,0.613407053921902,0,1642.7509765625
49224,5,88,25,25,2,1.7642663077099843,-0.2311565945475751,0.8513997106635237,1,1642.7509765625
49224,5,88,25,26,2,4.906183812529178,1.2131868982225735,0.848528137423857,0,1642.7509765625
49224,5,88,25,27,2,9.748263619749215,1.3937032550558803,0.8513997106635237,0,1642.7509765625
49224,5,88,25,28,2,13.207923621772952,1.4404036449858828,0.613407053921902,0,1642.7509765625
49224,5,88,25,29,2,2.2371712622461923,1.928200228407042,0.848528137423857,0,1642.7509765625
49224,5,88,25,30,2,7.138833185782039,1.6806512473622919,0.848528137423857,0,1642.7509765625
49224,5,88,25,31,2,3.3074508176112167,3.264107715716015,0.682842712474619,0,1642.7509765625
49224,5,88,25,32,2,5.647763708647859,2.1910378824876378,0.8513997106635237,0,1642.7509765625
49224,5,88,25,33,2,10.141757190276374,1.9004100716253762,0.682842712474619,0,1642.7509765625
49224,5,88,25,34,2,8.193036776629125,2.546072070484226,0.613407053921902,0,1642.7509765625
49224,5,88,25,35,2,44.70276724627637,3.7460205559750617,0.613407053921902,0,1642.7509765625
49224,5,88,25,36,2,41.870141900407766,3.793542937735418,0.8513997106635237,0,1642.7509765625
49224,5,88,25,37,2,39.039297979831616,3.691558314618598,0.682842712474619,0,1642.7509765625
49224,5,88,25,38,2,45.07938307876983,3.8818244773002184,0.682842712474619,0,1642.7509765625
49224,5,88,25,39,2,38.3689260614105,3.781282438813151,0.848528137423857,0,1642.7509765625
49224,5,88,25,40,2,41.54776146927994,3.8779823153053665,0.848528137423857,0,1642.7509765625
49224,5,88,25,41,2,32.94936712973635,3.680310247552288,0.613407053921902,0,1642.7509765625
49224,5,88,25,42,2,34.87463535940825,3.7665624424042474,0.8513997106635237,0,1642.7509765625
49224,5,88,25,43,2,38.01686714412283,3.8734263779420988,0.848528137423857,0,1642.7509765625
49224,5,88,25,44,2,41.52498264245372,3.9631252541913327,0.8513997106635237,0,1642.7509765625
49224,5,88,25,45,2,44.15205069594867,4.0171433386527164,0.613407053921902,0,1642.7509765625
49224,5,88,25,46,2,34.4869234899199,3.867937651338627,0.848528137423857,0,1642.7509765625
49224,5,88,25,47,2,37.99197135977266,3.9664872005262395,0.848528137423857,0,1642.7509765625
49224,5,88,25,48,2,30.958255702563285,3.8611974549813577,0.682842712474619,0,1642.7509765625
49224,5,88,25,49,2,34.45947753735523,3.9705384773324868,0.8513997106635237,0,1642.7509765625
49224,5,88,25,50,2,38.29487678723731,4.058870492966793,0.682842712474619,0,1642.7509765625
49224,5,88,25,51,2,32.19824491230868,4.050761423197956,0.613407053921902,0,1642.7509765625
49224,5,88,25,52,2,21.060674322035183,-1.3204608093956196,0.613407053921902,0,1642.7509765625
49224,5,88,25,53,2,15.499633015368863,-1.4597695814067908,0.682842712474619,0,1642.7509765625
49224,5,88,25,54,2,20.47634292575971,-1.4868281984551444,0.8513997106635237,0,1642.7509765625
49224,5,88,25,55,2,25.46218010335146,-1.5032983677668876,0.682842712474619,0,1642.7509765625
49224,5,88,25,56,2,17.921297923571533,4.668703052323368,0.848528137423857,0,1642.7509765625
49224,5,88,25,57,2,22.917567830544467,4.678231265580597,0.848528137423857,0,1642.7509765625
49224,5,88,25,58,2,12.348514959944408,4.443319662769168,0.613407053921902,0,1642.7509765625
49224,5,88,25,59,2,15.75008631460504,4.502428053338296,0.8513997106635237,0,1642.7509765625
49224,5,88,25,60,2,20.666572403756415,4.552874277957184,0.848528137423857,0,1642.7509765625
49224,5,88,25,61,2,25.61540963798751,4.583883844152026,0.8513997106635237,0,1642.7509765625
49224,5,88,25,62,2,29.090008733643266,4.599303189586006,0.613407053921902,0,1642.7509765625
49224,5,88,25,63,2,18.81487482211364,4.399987150902998,0.848528137423857,0,1642.7509765625
49224,5,88,25,64,2,23.62290224705684,4.465085477682843,0.848528137423857,0,1642.7509765625
49224,5,88,25,65,2,17.4897631265808,4.219047159771703,0.682842712474619,0,1642.7509765625
49224,5,88,25,66,2,22.02121273286516,4.3267817347954365,0.8513997106635237,0,1642.7509765625
49224,5,88,25,67,2,26.720325713364723,4.397221197436326,0.682842712474619,0,1642.7509765625
49224,5,88,25,68,2,23.56188504641724,4.188706057123106,0.613407053921902,0,1642.7509765625
49224,5,89,25,1,2,31.785229653997735,3.154309582155994,0.613407053921902,0,1647.7840576171875
49224,5,89,25,2,2,28.79434325427647,3.330395024629912,0.682842712474619,0,1647.7840576171875
49224,5,89,25,3,2,28.285547677973277,3.155883109004063,0.8513997106635237,0,1647.7840576171875
49224,5,89,25,4,2,28.6536247522142,2.9805052883674827,0.682842712474619,0,1647.7840576171875
49224,5,89,25,5,2,25.94571077829243,3.253761427942428,0.848528137423857,0,1647.7840576171875
49224,5,89,25,6,2,25.867700164270552,3.0604837774947233,0.848528137423857,0,1647.7840576171875
49224,5,89,25,7,2,24.927234209599717,3.5068692798588863,0.613407053921902,0,1647.7840576171875
49224,5,89,25,8,2,23.90162354608365,3.369666610915473,0.8513997106635237,0,1647.7840576171875
49224,5,89,25,9,2,23.286167828487862,3.1589514523129782,0.848528137423857,0,1647.7840576171875
49224,5,89,25,10,2,23.73191134599794,2.9467064661693554,0.8513997106635237,0,1647.7840576171875
49224,5,89,25,11,2,24.65003486676576,2.8069522183653985,0.613407053921902,0,1647.7840576171875
49224,5,89,25,12,2,20.98459702935473,3.2804350356209637,0.848528137423857,0,1647.7840576171875
49224,5,89,25,13,2,20.888066365324633,3.0410887189659452,0.848528137423857,0,1647.7840576171875
49224,5,89,25,14,2,19.064653493633283,3.4290001039771654,0.682842712474619,0,1647.7840576171875
49224,5,89,25,15,2,18.2871270797276,3.1636974115992946,0.8513997106635237,0,1647.7840576171875
49224,5,89,25,16,2,18.851446120335417,2.895320453613487,0.682842712474619,0,1647.7840576171875
49224,5,89,25,17,2,14.78818447665666,3.168928662647338,0.613407053921902,0,1647.7840576171875
49224,5,89,25,18,2,11.2033667967022,0.4226909031009558,0.613407053921902,0,1647.7840576171875
49224,5,89,25,19,2,8.139044433834162,0.600022362784734,0.8513997106635237,0,1647.7840576171875
49224,5,89,25,20,2,6.729490344604422,-0.06010009847970621,0.682842712474619,0,1647.7840576171875
49224,5,89,25,21,2,11.713327806124507,0.9600507659086369,0.682842712474619,0,1647.7840576171875
49224,5,89,25,22,2,4.709388490050883,0.46120331251414926,0.848528137423857,0,1647.7840576171875
49224,5,89,25,23,2,8.25447417756131,1.0345466462189927,0.848528137423857,0,1647.7840576171875
49224,5,89,25,24,2,4.265211929794194,-1.1563983306024377,0.613407053921902,0,1647.7840576171875
49224,5,89,25,25,2,1.7642663077099843,-0.2311565945475751,0.8513997106635237,1,1647.7840576171875
49224,5,89,25,26,2,4.906183812529178,1.2131868982225735,0.848528137423857,0,1647.7840576171875
49224,5,89,25,27,2,9.748263619749215,1.3937032550558803,0.8513997106635237,0,1647.7840576171875
49224,5,89,25,28,2,13.207923621772952,1.4404036449858828,0.613407053921902,0,1647.7840576171875
49224,5,89,25,29,2,2.2371712622461923,1.928200228407042,0.848528137423857,0,1647.7840576171875
49224,5,89,25,30,2,7.138833185782039,1.6806512473622919,0.848528137423857,0,1647.7840576171875
49224,5,89,25,31,2,3.3074508176112167,3.264107715716015,0.682842712474619,0,1647.7840576171875
49224,5,89,25,32,2,5.647763708647859,2.1910378824876378,0.8513997106635237,0,1647.7840576171875
49224,5,89,25,33,2,10.141757190276374,1.9004100716253762,0.682842712474619,0,1647.7840576171875
49224,5,89,25,34,2,8.193036776629125,2.546072070484226,0.613407053921902,0,1647.7840576171875
49224,5,89,25,35,2,44.70276724627637,3.7460205559750617,0.613407053921902,0,1647.7840576171875
49224,5,89,25,36,2,41.870141900407766,3.793542937735418,0.8513997106635237,0,1647.7840576171875
49224,5,89,25,37,2,39.039297979831616,3.691558314618598,0.682842712474619,0,1647.7840576171875
49224,5,89,25,38,2,45.07938307876983,3.8818244773002184,0.682842712474619,0,1647.7840576171875
49224,5,89,25,39,2,38.3689260614105,3.781282438813151,0.848528137423857,0,1647.7840576171875
49224,5,89,25,40,2,41.54776146927994,3.8779823153053665,0.848528137423857,0,1647.7840576171875
49224,5,89,25,41,2,32.94936712973635,3.680310247552288,0.613407053921902,0,1647.7840576171875
49224,5,89,25,42,2,34.87463535940825,3.7665624424042474,0.8513997106635237,0,1647.7840576171875
49224,5,89,25,43,2,38.01686714412283,3.8734263779420988,0.848528137423857,0,1647.7840576171875
49224,5,89,25,44,2,41.52498264245372,3.9631252541913327,0.8513997106635237,0,1647.7840576171875
49224,5,89,25,45,2,44.15205069594867,4.0171433386527164,0.613407053921902,0,1647.7840576171875
49224,5,89,25,46,2,34.4869234899199,3.867937651338627,0.848528137423857,0,1647.7840576171875
49224,5,89,25,47,2,37.99197135977266,3.9664872005262395,0.848528137423857,0,1647.7840576171875
49224,5,89,25,48,2,30.958255702563285,3.8611974549813577,0.682842712474619,0,1647.7840576171875
49224,5,89,25,49,2,34.45947753735523,3.9705384773324868,0.8513997106635237,0,1647.7840576171875
49224,5,89,25,50,2,38.29487678723731,4.058870492966793,0.682842712474619,0,1647.7840576171875
49224,5,89,25,51,2,32.19824491230868,4.050761423197956,0.613407053921902,0,1647.7840576171875
49224,5,89,25,52,2,21.060674322035183,-1.3204608093956196,0.613407053921902,0,1647.7840576171875
49224,5,89,25,53,2,15.499633015368863,-1.4597695814067908,0.682842712474619,0,1647.7840576171875
49224,5,89,25,54,2,20.47634292575971,-1.4868281984551444,0.8513997106635237,0,1647.7840576171875
49224,5,89,25,55,2,25.46218010335146,-1.5032983677668876,0.682842712474619,0,1647.7840576171875
49224,5,89,25,56,2,17.921297923571533,4.668703052323368,0.848528137423857,0,1647.7840576171875
49224,5,89,25,57,2,22.917567830544467,4.678231265580597,0.848528137423857,0,1647.7840576171875
49224,5,89,25,58,2,12.348514959944408,4.443319662769168,0.613407053921902,0,1647.7840576171875
49224,5,89,25,59,2,15.75008631460504,4.502428053338296,0.8513997106635237,0,1647.7840576171875
49224,5,89,25,60,2,20.666572403756415,4.552874277957184,0.848528137423857,0,1647.7840576171875
49224,5,89,25,61,2,25.61540963798751,4.583883844152026,0.8513997106635237,0,1647.7840576171875
49224,5,89,25,62,2,29.090008733643266,4.599303189586006,0.613407053921902,0,1647.7840576171875
49224,5,89,25,63,2,18.81487482211364,4.399987150902998,0.848528137423857,0,1647.7840576171875
49224,5,89,25,64,2,23.62290224705684,4.465085477682843,0.848528137423857,0,1647.7840576171875
49224,5,89,25,65,2,17.4897631265808,4.219047159771703,0.682842712474619,0,1647.7840576171875
49224,5,89,25,66,2,22.02121273286516,4.3267817347954365,0.8513997106635237,0,1647.7840576171875
49224,5,89,25,67,2,26.720325713364723,4.397221197436326,0.682842712474619,0,1647.7840576171875
49224,5,89,25,68,2,23.56188504641724,4.188706057123106,0.613407053921902,0,1647.7840576171875
49224,5,90,25,1,2,31.785229653997735,3.154309582155994,0.613407053921902,0,1652.8189697265625
49224,5,90,25,2,2,28.79434325427647,3.330395024629912,0.682842712474619,0,1652.8189697265625
49224,5,90,25,3,2,28.285547677973277,3.155883109004063,0.8513997106635237,0,1652.8189697265625
49224,5,90,25,4,2,28.6536247522142,2.9805052883674827,0.682842712474619,0,1652.8189697265625
49224,5,90,25,5,2,25.94571077829243,3.253761427942428,0.848528137423857,0,1652.8189697265625
49224,5,90,25,6,2,25.867700164270552,3.0604837774947233,0.848528137423857,0,1652.8189697265625
49224,5,90,25,7,2,24.927234209599717,3.5068692798588863,0.613407053921902,0,1652.8189697265625
49224,5,90,25,8,2,23.90162354608365,3.369666610915473,0.8513997106635237,0,1652.8189697265625
49224,5,90,25,9,2,23.286167828487862,3.1589514523129782,0.848528137423857,0,1652.8189697265625
49224,5,90,25,10,2,23.73191134599794,2.9467064661693554,0.8513997106635237,0,1652.8189697265625
49224,5,90,25,11,2,24.65003486676576,2.8069522183653985,0.613407053921902,0,1652.8189697265625
49224,5,90,25,12,2,20.98459702935473,3.2804350356209637,0.848528137423857,0,1652.8189697265625
49224,5,90,25,13,2,20.888066365324633,3.0410887189659452,0.848528137423857,0,1652.8189697265625
49224,5,90,25,14,2,19.064653493633283,3.4290001039771654,0.682842712474619,0,1652.8189697265625
49224,5,90,25,15,2,18.2871270797276,3.1636974115992946,0.8513997106635237,0,1652.8189697265625
49224,5,90,25,16,2,18.851446120335417,2.895320453613487,0.682842712474619,0,1652.8189697265625
49224,5,90,25,17,2,14.78818447665666,3.168928662647338,0.613407053921902,0,1652.8189697265625
49224,5,90,25,18,2,11.2033667967022,0.4226909031009558,0.613407053921902,0,1652.8189697265625
49224,5,90,25,19,2,8.139044433834162,0.600022362784734,0.8513997106635237,0,1652.8189697265625
49224,5,90,25,20,2,6.729490344604422,-0.06010009847970621,0.682842712474619,0,1652.8189697265625
49224,5,90,25,21,2,11.713327806124507,0.9600507659086369,0.682842712474619,0,1652.8189697265625
49224,5,90,25,22,2,4.709388490050883,0.46120331251414926,0.848528137423857,0,1652.8189697265625
49224,5,90,25,23,2,8.25447417756131,1.0345466462189927,0.848528137423857,0,1652.8189697265625
49224,5,90,25,24,2,4.265211929794194,-1.1563983306024377,0.613407053921902,0,1652.8189697265625
49224,5,90,25,25,2,1.7642663077099843,-0.2311565945475751,0.8513997106635237,1,1652.8189697265625
49224,5,90,25,26,2,4.906183812529178,1.2131868982225735,0.848528137423857,0,1652.8189697265625
49224,5,90,25,27,2,9.748263619749215,1.3937032550558803,0.8513997106635237,0,1652.8189697265625
49224,5,90,25,28,2,13.207923621772952,1.4404036449858828,0.613407053921902,0,1652.8189697265625
49224,5,90,25,29,2,2.2371712622461923,1.928200228407042,0.848528137423857,0,1652.8189697265625
49224,5,90,25,30,2,7.138833185782039,1.6806512473622919,0.848528137423857,0,1652.8189697265625
49224,5,90,25,31,2,3.3074508176112167,3.264107715716015,0.682842712474619,0,1652.8189697265625
49224,5,90,25,32,2,5.647763708647859,2.1910378824876378,0.8513997106635237,0,1652.8189697265625
49224,5,90,25,33,2,10.141757190276374,1.9004100716253762,0.682842712474619,0,1652.8189697265625
49224,5,90,25,34,2,8.193036776629125,2.546072070484226,0.613407053921902,0,1652.8189697265625
49224,5,90,25,35,2,44.70276724627637,3.7460205559750617,0.613407053921902,0,1652.8189697265625
49224,5,90,25,36,2,41.870141900407766,3.793542937735418,0.8513997106635237,0,1652.8189697265625
49224,5,90,25,37,2,39.039297979831616,3.691558314618598,0.682842712474619,0,1652.8189697265625
49224,5,90,25,38,2,45.07938307876983,3.8818244773002184,0.682842712474619,0,1652.8189697265625
49224,5,90,25,39,2,38.3689260614105,3.781282438813151,0.848528137423857,0,1652.8189697265625
49224,5,90,25,40,2,41.54776146927994,3.8779823153053665,0.848528137423857,0,1652.8189697265625
49224,5,90,25,41,2,32.94936712973635,3.680310247552288,0.613407053921902,0,1652.8189697265625
49224,5,90,25,42,2,34.87463535940825,3.7665624424042474,0.8513997106635237,0,1652.8189697265625
49224,5,90,25,43,2,38.01686714412283,3.8734263779420988,0.848528137423857,0,1652.8189697265625
49224,5,90,25,44,2,41.52498264245372,3.9631252541913327,0.8513997106635237,0,1652.8189697265625
49224,5,90,25,45,2,44.15205069594867,4.0171433386527164,0.613407053921902,0,1652.8189697265625
49224,5,90,25,46,2,34.4869234899199,3.867937651338627,0.848528137423857,0,1652.8189697265625
49224,5,90,25,47,2,37.99197135977266,3.9664872005262395,0.848528137423857,0,1652.8189697265625
49224,5,90,25,48,2,30.958255702563285,3.8611974549813577,0.682842712474619,0,1652.8189697265625
49224,5,90,25,49,2,34.45947753735523,3.9705384773324868,0.8513997106635237,0,1652.8189697265625
49224,5,90,25,50,2,38.29487678723731,4.058870492966793,0.682842712474619,0,1652.8189697265625
49224,5,90,25,51,2,32.19824491230868,4.050761423197956,0.613407053921902,0,1652.8189697265625
49224,5,90,25,52,2,21.060674322035183,-1.3204608093956196,0.613407053921902,0,1652.8189697265625
49224,5,90,25,53,2,15.499633015368863,-1.4597695814067908,0.682842712474619,0,1652.8189697265625
49224,5,90,25,54,2,20.47634292575971,-1.4868281984551444,0.8513997106635237,0,1652.8189697265625
49224,5,90,25,55,2,25.46218010335146,-1.5032983677668876,0.682842712474619,0,1652.8189697265625
49224,5,90,25,56,2,17.921297923571533,4.668703052323368,0.848528137423857,0,1652.8189697265625
49224,5,90,25,57,2,22.917567830544467,4.678231265580597,0.848528137423857,0,1652.8189697265625
49224,5,90,25,58,2,12.348514959944408,4.443319662769168,0.613407053921902,0,1652.8189697265625
49224,5,90,25,59,2,15.75008631460504,4.502428053338296,0.8513997106635237,0,1652.8189697265625
49224,5,90,25,60,2,20.666572403756415,4.552874277957184,0.848528137423857,0,1652.8189697265625
49224,5,90,25,61,2,25.61540963798751,4.583883844152026,0.8513997106635237,0,1652.8189697265625
49224,5,90,25,62,2,29.090008733643266,4.599303189586006,0.613407053921902,0,1652.8189697265625
49224,5,90,25,63,2,18.81487482211364,4.399987150902998,0.848528137423857,0,1652.8189697265625
49224,5,90,25,64,2,23.62290224705684,4.465085477682843,0.848528137423857,0,1652.8189697265625
49224,5,90,25,65,2,17.4897631265808,4.219047159771703,0.682842712474619,0,1652.8189697265625
49224,5,90,25,66,2,22.02121273286516,4.3267817347954365,0.8513997106635237,0,1652.8189697265625
49224,5,90,25,67,2,26.720325713364723,4.397221197436326,0.682842712474619,0,1652.8189697265625
49224,5,90,25,68,2,23.56188504641724,4.188706057123106,0.613407053921902,0,1652.8189697265625
49224,5,91,25,1,2,31.785229653997735,3.154309582155994,0.613407053921902,0,1657.85205078125
49224,5,91,25,2,2,28.79434325427647,3.330395024629912,0.682842712474619,0,1657.85205078125
49224,5,91,25,3,2,28.285547677973277,3.155883109004063,0.8513997106635237,0,1657.85205078125
49224,5,91,25,4,2,28.6536247522142,2.9805052883674827,0.682842712474619,0,1657.85205078125
49224,5,91,25,5,2,25.94571077829243,3.253761427942428,0.848528137423857,0,1657.85205078125
49224,5,91,25,6,2,25.867700164270552,3.0604837774947233,0.848528137423857,0,1657.85205078125
49224,5,91,25,7,2,24.927234209599717,3.5068692798588863,0.613407053921902,0,1657.85205078125
49224,5,91,25,8,2,23.90162354608365,3.369666610915473,0.8513997106635237,0,1657.85205078125
49224,5,91,25,9,2,23.286167828487862,3.1589514523129782,0.848528137423857,0,1657.85205078125
49224,5,91,25,10,2,23.73191134599794,2.9467064661693554,0.8513997106635237,0,1657.85205078125
49224,5,91,25,11,2,24.65003486676576,2.8069522183653985,0.613407053921902,0,1657.85205078125
49224,5,91,25,12,2,20.98459702935473,3.2804350356209637,0.848528137423857,0,1657.85205078125
49224,5,91,25,13,2,20.888066365324633,3.0410887189659452,0.848528137423857,0,1657.85205078125
49224,5,91,25,14,2,19.064653493633283,3.4290001039771654,0.682842712474619,0,1657.85205078125
49224,5,91,25,15,2,18.2871270797276,3.1636974115992946,0.8513997106635237,0,1657.85205078125
49224,5,91,25,16,2,18.851446120335417,2.895320453613487,0.682842712474619,0,1657.85205078125
49224,5,91,25,17,2,14.78818447665666,3.168928662647338,0.613407053921902,0,1657.85205078125
49224,5,91,25,18,2,11.2033667967022,0.4226909031009558,0.613407053921902,0,1657.85205078125
49224,5,91,25,19,2,8.139044433834162,0.600022362784734,0.8513997106635237,0,1657.85205078125
49224,5,91,25,20,2,6.729490344604422,-0.06010009847970621,0.682842712474619,0,1657.85205078125
49224,5,91,25,21,2,11.713327806124507,0.9600507659086369,0.682842712474619,0,1657.85205078125
49224,5,91,25,22,2,4.709388490050883,0.46120331251414926,0.848528137423857,0,1657.85205078125
49224,5,91,25,23,2,8.25447417756131,1.0345466462189927,0.848528137423857,0,1657.85205078125
49224,5,91,25,24,2,4.265211929794194,-1.1563983306024377,0.613407053921902,0,1657.85205078125
49224,5,91,25,25,2,1.7642663077099843,-0.2311565945475751,0.8513997106635237,1,1657.85205078125
49224,5,91,25,26,2,4.906183812529178,1.2131868982225735,0.848528137423857,0,1657.85205078125
49224,5,91,25,27,2,9.748263619749215,1.3937032550558803,0.8513997106635237,0,1657.85205078125
49224,5,91,25,28,2,13.207923621772952,1.4404036449858828,0.613407053921902,0,1657.85205078125
49224,5,91,25,29,2,2.2371712622461923,1.928200228407042,0.848528137423857,0,1657.85205078125
49224,5,91,25,30,2,7.138833185782039,1.6806512473622919,0.848528137423857,0,1657.85205078125
49224,5,91,25,31,2,3.3074508176112167,3.264107715716015,0.682842712474619,0,1657.85205078125
49224,5,91,25,32,2,5.647763708647859,2.1910378824876378,0.8513997106635237,0,1657.85205078125
49224,5,91,25,33,2,10.141757190276374,1.9004100716253762,0.682842712474619,0,1657.85205078125
49224,5,91,25,34,2,8.193036776629125,2.546072070484226,0.613407053921902,0,1657.85205078125
49224,5,91,25,35,2,44.70276724627637,3.7460205559750617,0.613407053921902,0,1657.85205078125
49224,5,91,25,36,2,41.870141900407766,3.793542937735418,0.8513997106635237,0,1657.85205078125
49224,5,91,25,37,2,39.039297979831616,3.691558314618598,0.682842712474619,0,1657.85205078125
49224,5,91,25,38,2,45.07938307876983,3.8818244773002184,0.682842712474619,0,1657.85205078125
49224,5,91,25,39,2,38.3689260614105,3.781282438813151,0.848528137423857,0,1657.85205078125
49224,5,91,25,40,2,41.54776146927994,3.8779823153053665,0.848528137423857,0,1657.85205078125
49224,5,91,25,41,2,32.94936712973635,3.680310247552288,0.613407053921902,0,1657.85205078125
49224,5,91,25,42,2,34.87463535940825,3.7665624424042474,0.8513997106635237,0,1657.85205078125
49224,5,91,25,43,2,38.01686714412283,3.8734263779420988,0.848528137423857,0,1657.85205078125
49224,5,91,25,44,2,41.52498264245372,3.9631252541913327,0.8513997106635237,0,1657.85205078125
49224,5,91,25,45,2,44.15205069594867,4.0171433386527164,0.613407053921902,0,1657.85205078125
49224,5,91,25,46,2,34.4869234899199,3.867937651338627,0.848528137423857,0,1657.85205078125
49224,5,91,25,47,2,37.99197135977266,3.9664872005262395,0.848528137423857,0,1657.85205078125
49224,5,91,25,48,2,30.958255702563285,3.8611974549813577,0.682842712474619,0,1657.85205078125
49224,5,91,25,49,2,34.45947753735523,3.9705384773324868,0.8513997106635237,0,1657.85205078125
49224,5,91,25,50,2,38.29487678723731,4.058870492966793,0.682842712474619,0,1657.85205078125
49224,5,91,25,51,2,32.19824491230868,4.050761423197956,0.613407053921902,0,1657.85205078125
49224,5,91,25,52,2,21.060674322035183,-1.3204608093956196,0.613407053921902,0,1657.85205078125
49224,5,91,25,53,2,15.499633015368863,-1.4597695814067908,0.682842712474619,0,1657.85205078125
49224,5,91,25,54,2,20.47634292575971,-1.4868281984551444,0.8513997106635237,0,1657.85205078125
49224,5,91,25,55,2,25.46218010335146,-1.5032983677668876,0.682842712474619,0,1657.85205078125
49224,5,91,25,56,2,17.921297923571533,4.668703052323368,0.848528137423857,0,1657.85205078125
49224,5,91,25,57,2,22.917567830544467,4.678231265580597,0.848528137423857,0,1657.85205078125
49224,5,91,25,58,2,12.348514959944408,4.443319662769168,0.613407053921902,0,1657.85205078125
49224,5,91,25,59,2,15.75008631460504,4.502428053338296,0.8513997106635237,0,1657.85205078125
49224,5,91,25,60,2,20.666572403756415,4.552874277957184,0.848528137423857,0,1657.85205078125
49224,5,91,25,61,2,25.61540963798751,4.583883844152026,0.8513997106635237,0,1657.85205078125
49224,5,91,25,62,2,29.090008733643266,4.599303189586006,0.613407053921902,0,1657.85205078125
49224,5,91,25,63,2,18.81487482211364,4.399987150902998,0.848528137423857,0,1657.85205078125
49224,5,91,25,64,2,23.62290224705684,4.465085477682843,0.848528137423857,0,1657.85205078125
49224,5,91,25,65,2,17.4897631265808,4.219047159771703,0.682842712474619,0,1657.85205078125
49224,5,91,25,66,2,22.02121273286516,4.3267817347954365,0.8513997106635237,0,1657.85205078125
49224,5,91,25,67,2,26.720325713364723,4.397221197436326,0.682842712474619,0,1657.85205078125
49224,5,91,25,68,2,23.56188504641724,4.188706057123106,0.613407053921902,0,1657.85205078125
49224,5,92,25,1,2,31.785229653997735,3.154309582155994,0.613407053921902,0,1662.8690185546875
49224,5,92,25,2,2,28.79434325427647,3.330395024629912,0.682842712474619,0,1662.8690185546875
49224,5,92,25,3,2,28.285547677973277,3.155883109004063,0.8513997106635237,0,1662.8690185546875
49224,5,92,25,4,2,28.6536247522142,2.9805052883674827,0.682842712474619,0,1662.8690185546875
49224,5,92,25,5,2,25.94571077829243,3.253761427942428,0.848528137423857,0,1662.8690185546875
49224,5,92,25,6,2,25.867700164270552,3.0604837774947233,0.848528137423857,0,1662.8690185546875
49224,5,92,25,7,2,24.927234209599717,3.5068692798588863,0.613407053921902,0,1662.8690185546875
49224,5,92,25,8,2,23.90162354608365,3.369666610915473,0.8513997106635237,0,1662.8690185546875
49224,5,92,25,9,2,23.286167828487862,3.1589514523129782,0.848528137423857,0,1662.8690185546875
49224,5,92,25,10,2,23.73191134599794,2.9467064661693554,0.8513997106635237,0,1662.8690185546875
49224,5,92,25,11,2,24.65003486676576,2.8069522183653985,0.613407053921902,0,1662.8690185546875
49224,5,92,25,12,2,20.98459702935473,3.2804350356209637,0.848528137423857,0,1662.8690185546875
49224,5,92,25,13,2,20.888066365324633,3.0410887189659452,0.848528137423857,0,1662.8690185546875
49224,5,92,25,14,2,19.064653493633283,3.4290001039771654,0.682842712474619,0,1662.8690185546875
49224,5,92,25,15,2,18.2871270797276,3.1636974115992946,0.8513997106635237,0,1662.8690185546875
49224,5,92,25,16,2,18.851446120335417,2.895320453613487,0.682842712474619,0,1662.8690185546875
49224,5,92,25,17,2,14.78818447665666,3.168928662647338,0.613407053921902,0,1662.8690185546875
49224,5,92,25,18,2,11.2033667967022,0.4226909031009558,0.613407053921902,0,1662.8690185546875
49224,5,92,25,19,2,8.139044433834162,0.600022362784734,0.8513997106635237,0,1662.8690185546875
49224,5,92,25,20,2,6.729490344604422,-0.06010009847970621,0.682842712474619,0,1662.8690185546875
49224,5,92,25,21,2,11.713327806124507,0.9600507659086369,0.682842712474619,0,1662.8690185546875
49224,5,92,25,22,2,4.709388490050883,0.46120331251414926,0.848528137423857,0,1662.8690185546875
49224,5,92,25,23,2,8.25447417756131,1.0345466462189927,0.848528137423857,0,1662.8690185546875
49224,5,92,25,24,2,4.265211929794194,-1.1563983306024377,0.613407053921902,0,1662.8690185546875
49224,5,92,25,25,2,1.7642663077099843,-0.2311565945475751,0.8513997106635237,1,1662.8690185546875
49224,5,92,25,26,2,4.906183812529178,1.2131868982225735,0.848528137423857,0,1662.8690185546875
49224,5,92,25,27,2,9.748263619749215,1.3937032550558803,0.8513997106635237,0,1662.8690185546875
49224,5,92,25,28,2,13.207923621772952,1.4404036449858828,0.613407053921902,0,1662.8690185546875
49224,5,92,25,29,2,2.2371712622461923,1.928200228407042,0.848528137423857,0,1662.8690185546875
49224,5,92,25,30,2,7.138833185782039,1.6806512473622919,0.848528137423857,0,1662.8690185546875
49224,5,92,25,31,2,3.3074508176112167,3.264107715716015,0.682842712474619,0,1662.8690185546875
49224,5,92,25,32,2,5.647763708647859,2.1910378824876378,0.8513997106635237,0,1662.8690185546875
49224,5,92,25,33,2,10.141757190276374,1.9004100716253762,0.682842712474619,0,1662.8690185546875
49224,5,92,25,34,2,8.193036776629125,2.546072070484226,0.613407053921902,0,1662.8690185546875
49224,5,92,25,35,2,44.70276724627637,3.7460205559750617,0.613407053921902,0,1662.8690185546875
49224,5,92,25,36,2,41.870141900407766,3.793542937735418,0.8513997106635237,0,1662.8690185546875
49224,5,92,25,37,2,39.039297979831616,3.691558314618598,0.682842712474619,0,1662.8690185546875
49224,5,92,25,38,2,45.07938307876983,3.8818244773002184,0.682842712474619,0,1662.8690185546875
49224,5,92,25,39,2,38.3689260614105,3.781282438813151,0.848528137423857,0,1662.8690185546875
49224,5,92,25,40,2,41.54776146927994,3.8779823153053665,0.848528137423857,0,1662.8690185546875
49224,5,92,25,41,2,32.94936712973635,3.680310247552288,0.613407053921902,0,1662.8690185546875
49224,5,92,25,42,2,34.87463535940825,3.7665624424042474,0.8513997106635237,0,1662.8690185546875
49224,5,92,25,43,2,38.01686714412283,3.8734263779420988,0.848528137423857,0,1662.8690185546875
49224,5,92,25,44,2,41.52498264245372,3.9631252541913327,0.8513997106635237,0,1662.8690185546875
49224,5,92,25,45,2,44.15205069594867,4.0171433386527164,0.613407053921902,0,1662.8690185546875
49224,5,92,25,46,2,34.4869234899199,3.867937651338627,0.848528137423857,0,1662.8690185546875
49224,5,92,25,47,2,37.99197135977266,3.9664872005262395,0.848528137423857,0,1662.8690185546875
49224,5,92,25,48,2,30.958255702563285,3.8611974549813577,0.682842712474619,0,1662.8690185546875
49224,5,92,25,49,2,34.45947753735523,3.9705384773324868,0.8513997106635237,0,1662.8690185546875
49224,5,92,25,50,2,38.29487678723731,4.058870492966793,0.682842712474619,0,1662.8690185546875
49224,5,92,25,51,2,32.19824491230868,4.050761423197956,0.613407053921902,0,1662.8690185546875
49224,5,92,25,52,2,21.060674322035183,-1.3204608093956196,0.613407053921902,0,1662.8690185546875
49224,5,92,25,53,2,15.499633015368863,-1.4597695814067908,0.682842712474619,0,1662.8690185546875
49224,5,92,25,54,2,20.47634292575971,-1.4868281984551444,0.8513997106635237,0,1662.8690185546875
49224,5,92,25,55,2,25.46218010335146,-1.5032983677668876,0.682842712474619,0,1662.8690185546875
49224,5,92,25,56,2,17.921297923571533,4.668703052323368,0.848528137423857,0,1662.8690185546875
49224,5,92,25,57,2,22.917567830544467,4.678231265580597,0.848528137423857,0,1662.8690185546875
49224,5,92,25,58,2,12.348514959944408,4.443319662769168,0.613407053921902,0,1662.8690185546875
49224,5,92,25,59,2,15.75008631460504,4.502428053338296,0.8513997106635237,0,1662.8690185546875
49224,5,92,25,60,2,20.666572403756415,4.552874277957184,0.848528137423857,0,1662.8690185546875
49224,5,92,25,61,2,25.61540963798751,4.583883844152026,0.8513997106635237,0,1662.8690185546875
49224,5,92,25,62,2,29.090008733643266,4.599303189586006,0.613407053921902,0,1662.8690185546875
49224,5,92,25,63,2,18.81487482211364,4.399987150902998,0.848528137423857,0,1662.8690185546875
49224,5,92,25,64,2,23.62290224705684,4.465085477682843,0.848528137423857,0,1662.8690185546875
49224,5,92,25,65,2,17.4897631265808,4.219047159771703,0.682842712474619,0,1662.8690185546875
49224,5,92,25,66,2,22.02121273286516,4.3267817347954365,0.8513997106635237,0,1662.8690185546875
49224,5,92,25,67,2,26.720325713364723,4.397221197436326,0.682842712474619,0,1662.8690185546875
49224,5,92,25,68,2,23.56188504641724,4.188706057123106,0.613407053921902,0,1662.8690185546875
49224,5,93,25,1,2,31.785229653997735,3.154309582155994,0.613407053921902,0,1667.885009765625
49224,5,93,25,2,2,28.79434325427647,3.330395024629912,0.682842712474619,0,1667.885009765625
49224,5,93,25,3,2,28.285547677973277,3.155883109004063,0.8513997106635237,0,1667.885009765625
49224,5,93,25,4,2,28.6536247522142,2.9805052883674827,0.682842712474619,0,1667.885009765625
49224,5,93,25,5,2,25.94571077829243,3.253761427942428,0.848528137423857,0,1667.885009765625
49224,5,93,25,6,2,25.867700164270552,3.0604837774947233,0.848528137423857,0,1667.885009765625
49224,5,93,25,7,2,24.927234209599717,3.5068692798588863,0.613407053921902,0,1667.885009765625
49224,5,93,25,8,2,23.90162354608365,3.369666610915473,0.8513997106635237,0,1667.885009765625
49224,5,93,25,9,2,23.286167828487862,3.1589514523129782,0.848528137423857,0,1667.885009765625
49224,5,93,25,10,2,23.73191134599794,2.9467064661693554,0.8513997106635237,0,1667.885009765625
49224,5,93,25,11,2,24.65003486676576,2.8069522183653985,0.613407053921902,0,1667.885009765625
49224,5,93,25,12,2,20.98459702935473,3.2804350356209637,0.848528137423857,0,1667.885009765625
49224,5,93,25,13,2,20.888066365324633,3.0410887189659452,0.848528137423857,0,1667.885009765625
49224,5,93,25,14,2,19.064653493633283,3.4290001039771654,0.682842712474619,0,1667.885009765625
49224,5,93,25,15,2,18.2871270797276,3.1636974115992946,0.8513997106635237,0,1667.885009765625
49224,5,93,25,16,2,18.851446120335417,2.895320453613487,0.682842712474619,0,1667.885009765625
49224,5,93,25,17,2,14.78818447665666,3.168928662647338,0.613407053921902,0,1667.885009765625
49224,5,93,25,18,2,11.2033667967022,0.4226909031009558,0.613407053921902,0,1667.885009765625
49224,5,93,25,19,2,8.139044433834162,0.600022362784734,0.8513997106635237,0,1667.885009765625
49224,5,93,25,20,2,6.729490344604422,-0.06010009847970621,0.682842712474619,0,1667.885009765625
49224,5,93,25,21,2,11.713327806124507,0.9600507659086369,0.682842712474619,0,1667.885009765625
49224,5,93,25,22,2,4.709388490050883,0.46120331251414926,0.848528137423857,0,1667.885009765625
49224,5,93,25,23,2,8.25447417756131,1.0345466462189927,0.848528137423857,0,1667.885009765625
49224,5,93,25,24,2,4.265211929794194,-1.1563983306024377,0.613407053921902,0,1667.885009765625
49224,5,93,25,25,2,1.7642663077099843,-0.2311565945475751,0.8513997106635237,1,1667.885009765625
49224,5,93,25,26,2,4.906183812529178,1.2131868982225735,0.848528137423857,0,1667.885009765625
49224,5,93,25,27,2,9.748263619749215,1.3937032550558803,0.8513997106635237,0,1667.885009765625
49224,5,93,25,28,2,13.207923621772952,1.4404036449858828,0.613407053921902,0,1667.885009765625
49224,5,93,25,29,2,2.2371712622461923,1.928200228407042,0.848528137423857,0,1667.885009765625
49224,5,93,25,30,2,7.138833185782039,1.6806512473622919,0.848528137423857,0,1667.885009765625
49224,5,93,25,31,2,3.3074508176112167,3.264107715716015,0.682842712474619,0,1667.885009765625
49224,5,93,25,32,2,5.647763708647859,2.1910378824876378,0.8513997106635237,0,1667.885009765625
49224,5,93,25,33,2,10.141757190276374,1.9004100716253762,0.682842712474619,0,1667.885009765625
49224,5,93,25,34,2,8.193036776629125,2.546072070484226,0.613407053921902,0,1667.885009765625
49224,5,93,25,35,2,44.70276724627637,3.7460205559750617,0.613407053921902,0,1667.885009765625
49224,5,93,25,36,2,41.870141900407766,3.793542937735418,0.8513997106635237,0,1667.885009765625
49224,5,93,25,37,2,39.039297979831616,3.691558314618598,0.682842712474619,0,1667.885009765625
49224,5,93,25,38,2,45.07938307876983,3.8818244773002184,0.682842712474619,0,1667.885009765625
49224,5,93,25,39,2,38.3689260614105,3.781282438813151,0.848528137423857,0,1667.885009765625
49224,5,93,25,40,2,41.54776146927994,3.8779823153053665,0.848528137423857,0,1667.885009765625
49224,5,93,25,41,2,32.94936712973635,3.680310247552288,0.613407053921902,0,1667.885009765625
49224,5,93,25,42,2,34.87463535940825,3.7665624424042474,0.8513997106635237,0,1667.885009765625
49224,5,93,25,43,2,38.01686714412283,3.8734263779420988,0.848528137423857,0,1667.885009765625
49224,5,93,25,44,2,41.52498264245372,3.9631252541913327,0.8513997106635237,0,1667.885009765625
49224,5,93,25,45,2,44.15205069594867,4.0171433386527164,0.613407053921902,0,1667.885009765625
49224,5,93,25,46,2,34.4869234899199,3.867937651338627,0.848528137423857,0,1667.885009765625
49224,5,93,25,47,2,37.99197135977266,3.9664872005262395,0.848528137423857,0,1667.885009765625
49224,5,93,25,48,2,30.958255702563285,3.8611974549813577,0.682842712474619,0,1667.885009765625
49224,5,93,25,49,2,34.45947753735523,3.9705384773324868,0.8513997106635237,0,1667.885009765625
49224,5,93,25,50,2,38.29487678723731,4.058870492966793,0.682842712474619,0,1667.885009765625
49224,5,93,25,51,2,32.19824491230868,4.050761423197956,0.613407053921902,0,1667.885009765625
49224,5,93,25,52,2,21.060674322035183,-1.3204608093956196,0.613407053921902,0,1667.885009765625
49224,5,93,25,53,2,15.499633015368863,-1.4597695814067908,0.682842712474619,0,1667.885009765625
49224,5,93,25,54,2,20.47634292575971,-1.4868281984551444,0.8513997106635237,0,1667.885009765625
49224,5,93,25,55,2,25.46218010335146,-1.5032983677668876,0.682842712474619,0,1667.885009765625
49224,5,93,25,56,2,17.921297923571533,4.668703052323368,0.848528137423857,0,1667.885009765625
49224,5,93,25,57,2,22.917567830544467,4.678231265580597,0.848528137423857,0,1667.885009765625
49224,5,93,25,58,2,12.348514959944408,4.443319662769168,0.613407053921902,0,1667.885009765625
49224,5,93,25,59,2,15.75008631460504,4.502428053338296,0.8513997106635237,0,1667.885009765625
49224,5,93,25,60,2,20.666572403756415,4.552874277957184,0.848528137423857,0,1667.885009765625
49224,5,93,25,61,2,25.61540963798751,4.583883844152026,0.8513997106635237,0,1667.885009765625
49224,5,93,25,62,2,29.090008733643266,4.599303189586006,0.613407053921902,0,1667.885009765625
49224,5,93,25,63,2,18.81487482211364,4.399987150902998,0.848528137423857,0,1667.885009765625
49224,5,93,25,64,2,23.62290224705684,4.465085477682843,0.848528137423857,0,1667.885009765625
49224,5,93,25,65,2,17.4897631265808,4.219047159771703,0.682842712474619,0,1667.885009765625
49224,5,93,25,66,2,22.02121273286516,4.3267817347954365,0.8513997106635237,0,1667.885009765625
49224,5,93,25,67,2,26.720325713364723,4.397221197436326,0.682842712474619,0,1667.885009765625
49224,5,93,25,68,2,23.56188504641724,4.188706057123106,0.613407053921902,0,1667.885009765625
49224,5,94,25,1,2,31.785229653997735,3.154309582155994,0.613407053921902,0,1672.9010009765625
49224,5,94,25,2,2,28.79434325427647,3.330395024629912,0.682842712474619,0,1672.9010009765625
49224,5,94,25,3,2,28.285547677973277,3.155883109004063,0.8513997106635237,0,1672.9010009765625
49224,5,94,25,4,2,28.6536247522142,2.9805052883674827,0.682842712474619,0,1672.9010009765625
49224,5,94,25,5,2,25.94571077829243,3.253761427942428,0.848528137423857,0,1672.9010009765625
49224,5,94,25,6,2,25.867700164270552,3.0604837774947233,0.848528137423857,0,1672.9010009765625
49224,5,94,25,7,2,24.927234209599717,3.5068692798588863,0.613407053921902,0,1672.9010009765625
49224,5,94,25,8,2,23.90162354608365,3.369666610915473,0.8513997106635237,0,1672.9010009765625
49224,5,94,25,9,2,23.286167828487862,3.1589514523129782,0.848528137423857,0,1672.9010009765625
49224,5,94,25,10,2,23.73191134599794,2.9467064661693554,0.8513997106635237,0,1672.9010009765625
49224,5,94,25,11,2,24.65003486676576,2.8069522183653985,0.613407053921902,0,1672.9010009765625
49224,5,94,25,12,2,20.98459702935473,3.2804350356209637,0.848528137423857,0,1672.9010009765625
49224,5,94,25,13,2,20.888066365324633,3.0410887189659452,0.848528137423857,0,1672.9010009765625
49224,5,94,25,14,2,19.064653493633283,3.4290001039771654,0.682842712474619,0,1672.9010009765625
49224,5,94,25,15,2,18.2871270797276,3.1636974115992946,0.8513997106635237,0,1672.9010009765625
49224,5,94,25,16,2,18.851446120335417,2.895320453613487,0.682842712474619,0,1672.9010009765625
49224,5,94,25,17,2,14.78818447665666,3.168928662647338,0.613407053921902,0,1672.9010009765625
49224,5,94,25,18,2,11.2033667967022,0.4226909031009558,0.613407053921902,0,1672.9010009765625
49224,5,94,25,19,2,8.139044433834162,0.600022362784734,0.8513997106635237,0,1672.9010009765625
49224,5,94,25,20,2,6.729490344604422,-0.06010009847970621,0.682842712474619,0,1672.9010009765625
49224,5,94,25,21,2,11.713327806124507,0.9600507659086369,0.682842712474619,0,1672.9010009765625
49224,5,94,25,22,2,4.709388490050883,0.46120331251414926,0.848528137423857,0,1672.9010009765625
49224,5,94,25,23,2,8.25447417756131,1.0345466462189927,0.848528137423857,0,1672.9010009765625
49224,5,94,25,24,2,4.265211929794194,-1.1563983306024377,0.613407053921902,0,1672.9010009765625
49224,5,94,25,25,2,1.7642663077099843,-0.2311565945475751,0.8513997106635237,1,1672.9010009765625
49224,5,94,25,26,2,4.906183812529178,1.2131868982225735,0.848528137423857,0,1672.9010009765625
49224,5,94,25,27,2,9.748263619749215,1.3937032550558803,0.8513997106635237,0,1672.9010009765625
49224,5,94,25,28,2,13.207923621772952,1.4404036449858828,0.613407053921902,0,1672.9010009765625
49224,5,94,25,29,2,2.2371712622461923,1.928200228407042,0.848528137423857,0,1672.9010009765625
49224,5,94,25,30,2,7.138833185782039,1.6806512473622919,0.848528137423857,0,1672.9010009765625
49224,5,94,25,31,2,3.3074508176112167,3.264107715716015,0.682842712474619,0,1672.9010009765625
49224,5,94,25,32,2,5.647763708647859,2.1910378824876378,0.8513997106635237,0,1672.9010009765625
49224,5,94,25,33,2,10.141757190276374,1.9004100716253762,0.682842712474619,0,1672.9010009765625
49224,5,94,25,34,2,8.193036776629125,2.546072070484226,0.613407053921902,0,1672.9010009765625
49224,5,94,25,35,2,44.70276724627637,3.7460205559750617,0.613407053921902,0,1672.9010009765625
49224,5,94,25,36,2,41.870141900407766,3.793542937735418,0.8513997106635237,0,1672.9010009765625
49224,5,94,25,37,2,39.039297979831616,3.691558314618598,0.682842712474619,0,1672.9010009765625
49224,5,94,25,38,2,45.07938307876983,3.8818244773002184,0.682842712474619,0,1672.9010009765625
49224,5,94,25,39,2,38.3689260614105,3.781282438813151,0.848528137423857,0,1672.9010009765625
49224,5,94,25,40,2,41.54776146927994,3.8779823153053665,0.848528137423857,0,1672.9010009765625
49224,5,94,25,41,2,32.94936712973635,3.680310247552288,0.613407053921902,0,1672.9010009765625
49224,5,94,25,42,2,34.87463535940825,3.7665624424042474,0.8513997106635237,0,1672.9010009765625
49224,5,94,25,43,2,38.01686714412283,3.8734263779420988,0.848528137423857,0,1672.9010009765625
49224,5,94,25,44,2,41.52498264245372,3.9631252541913327,0.8513997106635237,0,1672.9010009765625
49224,5,94,25,45,2,44.15205069594867,4.0171433386527164,0.613407053921902,0,1672.9010009765625
49224,5,94,25,46,2,34.4869234899199,3.867937651338627,0.848528137423857,0,1672.9010009765625
49224,5,94,25,47,2,37.99197135977266,3.9664872005262395,0.848528137423857,0,1672.9010009765625
49224,5,94,25,48,2,30.958255702563285,3.8611974549813577,0.682842712474619,0,1672.9010009765625
49224,5,94,25,49,2,34.45947753735523,3.9705384773324868,0.8513997106635237,0,1672.9010009765625
49224,5,94,25,50,2,38.29487678723731,4.058870492966793,0.682842712474619,0,1672.9010009765625
49224,5,94,25,51,2,32.19824491230868,4.050761423197956,0.613407053921902,0,1672.9010009765625
49224,5,94,25,52,2,21.060674322035183,-1.3204608093956196,0.613407053921902,0,1672.9010009765625
49224,5,94,25,53,2,15.499633015368863,-1.4597695814067908,0.682842712474619,0,1672.9010009765625
49224,5,94,25,54,2,20.47634292575971,-1.4868281984551444,0.8513997106635237,0,1672.9010009765625
49224,5,94,25,55,2,25.46218010335146,-1.5032983677668876,0.682842712474619,0,1672.9010009765625
49224,5,94,25,56,2,17.921297923571533,4.668703052323368,0.848528137423857,0,1672.9010009765625
49224,5,94,25,57,2,22.917567830544467,4.678231265580597,0.848528137423857,0,1672.9010009765625
49224,5,94,25,58,2,12.348514959944408,4.443319662769168,0.613407053921902,0,1672.9010009765625
49224,5,94,25,59,2,15.75008631460504,4.502428053338296,0.8513997106635237,0,1672.9010009765625
49224,5,94,25,60,2,20.666572403756415,4.552874277957184,0.848528137423857,0,1672.9010009765625
49224,5,94,25,61,2,25.61540963798751,4.583883844152026,0.8513997106635237,0,1672.9010009765625
49224,5,94,25,62,2,29.090008733643266,4.599303189586006,0.613407053921902,0,1672.9010009765625
49224,5,94,25,63,2,18.81487482211364,4.399987150902998,0.848528137423857,0,1672.9010009765625
49224,5,94,25,64,2,23.62290224705684,4.465085477682843,0.848528137423857,0,1672.9010009765625
49224,5,94,25,65,2,17.4897631265808,4.219047159771703,0.682842712474619,0,1672.9010009765625
49224,5,94,25,66,2,22.02121273286516,4.3267817347954365,0.8513997106635237,0,1672.9010009765625
49224,5,94,25,67,2,26.720325713364723,4.397221197436326,0.682842712474619,0,1672.9010009765625
49224,5,94,25,68,2,23.56188504641724,4.188706057123106,0.613407053921902,0,1672.9010009765625
49224,5,95,25,1,2,31.785229653997735,3.154309582155994,0.613407053921902,0,1677.9189453125
49224,5,95,25,2,2,28.79434325427647,3.330395024629912,0.682842712474619,0,1677.9189453125
49224,5,95,25,3,2,28.285547677973277,3.155883109004063,0.8513997106635237,0,1677.9189453125
49224,5,95,25,4,2,28.6536247522142,2.9805052883674827,0.682842712474619,0,1677.9189453125
49224,5,95,25,5,2,25.94571077829243,3.253761427942428,0.848528137423857,0,1677.9189453125
49224,5,95,25,6,2,25.867700164270552,3.0604837774947233,0.848528137423857,0,1677.9189453125
49224,5,95,25,7,2,24.927234209599717,3.5068692798588863,0.613407053921902,0,1677.9189453125
49224,5,95,25,8,2,23.90162354608365,3.369666610915473,0.8513997106635237,0,1677.9189453125
49224,5,95,25,9,2,23.286167828487862,3.1589514523129782,0.848528137423857,0,1677.9189453125
49224,5,95,25,10,2,23.73191134599794,2.9467064661693554,0.8513997106635237,0,1677.9189453125
49224,5,95,25,11,2,24.65003486676576,2.8069522183653985,0.613407053921902,0,1677.9189453125
49224,5,95,25,12,2,20.98459702935473,3.2804350356209637,0.848528137423857,0,1677.9189453125
49224,5,95,25,13,2,20.888066365324633,3.0410887189659452,0.848528137423857,0,1677.9189453125
49224,5,95,25,14,2,19.064653493633283,3.4290001039771654,0.682842712474619,0,1677.9189453125
49224,5,95,25,15,2,18.2871270797276,3.1636974115992946,0.8513997106635237,0,1677.9189453125
49224,5,95,25,16,2,18.851446120335417,2.895320453613487,0.682842712474619,0,1677.9189453125
49224,5,95,25,17,2,14.78818447665666,3.168928662647338,0.613407053921902,0,1677.9189453125
49224,5,95,25,18,2,11.2033667967022,0.4226909031009558,0.613407053921902,0,1677.9189453125
49224,5,95,25,19,2,8.139044433834162,0.600022362784734,0.8513997106635237,0,1677.9189453125
49224,5,95,25,20,2,6.729490344604422,-0.06010009847970621,0.682842712474619,0,1677.9189453125
49224,5,95,25,21,2,11.713327806124507,0.9600507659086369,0.682842712474619,0,1677.9189453125
49224,5,95,25,22,2,4.709388490050883,0.46120331251414926,0.848528137423857,0,1677.9189453125
49224,5,95,25,23,2,8.25447417756131,1.0345466462189927,0.848528137423857,0,1677.9189453125
49224,5,95,25,24,2,4.265211929794194,-1.1563983306024377,0.613407053921902,0,1677.9189453125
49224,5,95,25,25,2,1.7642663077099843,-0.2311565945475751,0.8513997106635237,1,1677.9189453125
49224,5,95,25,26,2,4.906183812529178,1.2131868982225735,0.848528137423857,0,1677.9189453125
49224,5,95,25,27,2,9.748263619749215,1.3937032550558803,0.8513997106635237,0,1677.9189453125
49224,5,95,25,28,2,13.207923621772952,1.4404036449858828,0.613407053921902,0,1677.9189453125
49224,5,95,25,29,2,2.2371712622461923,1.928200228407042,0.848528137423857,0,1677.9189453125
49224,5,95,25,30,2,7.138833185782039,1.6806512473622919,0.848528137423857,0,1677.9189453125
49224,5,95,25,31,2,3.3074508176112167,3.264107715716015,0.682842712474619,0,1677.9189453125
49224,5,95,25,32,2,5.647763708647859,2.1910378824876378,0.8513997106635237,0,1677.9189453125
49224,5,95,25,33,2,10.141757190276374,1.9004100716253762,0.682842712474619,0,1677.9189453125
49224,5,95,25,34,2,8.193036776629125,2.546072070484226,0.613407053921902,0,1677.9189453125
49224,5,95,25,35,2,44.70276724627637,3.7460205559750617,0.613407053921902,0,1677.9189453125
49224,5,95,25,36,2,41.870141900407766,3.793542937735418,0.8513997106635237,0,1677.9189453125
49224,5,95,25,37,2,39.039297979831616,3.691558314618598,0.682842712474619,0,1677.9189453125
49224,5,95,25,38,2,45.07938307876983,3.8818244773002184,0.682842712474619,0,1677.9189453125
49224,5,95,25,39,2,38.3689260614105,3.781282438813151,0.848528137423857,0,1677.9189453125
49224,5,95,25,40,2,41.54776146927994,3.8779823153053665,0.848528137423857,0,1677.9189453125
49224,5,95,25,41,2,32.94936712973635,3.680310247552288,0.613407053921902,0,1677.9189453125
49224,5,95,25,42,2,34.87463535940825,3.7665624424042474,0.8513997106635237,0,1677.9189453125
49224,5,95,25,43,2,38.01686714412283,3.8734263779420988,0.848528137423857,0,1677.9189453125
49224,5,95,25,44,2,41.52498264245372,3.9631252541913327,0.8513997106635237,0,1677.9189453125
49224,5,95,25,45,2,44.15205069594867,4.0171433386527164,0.613407053921902,0,1677.9189453125
49224,5,95,25,46,2,34.4869234899199,3.867937651338627,0.848528137423857,0,1677.9189453125
49224,5,95,25,47,2,37.99197135977266,3.9664872005262395,0.848528137423857,0,1677.9189453125
49224,5,95,25,48,2,30.958255702563285,3.8611974549813577,0.682842712474619,0,1677.9189453125
49224,5,95,25,49,2,34.45947753735523,3.9705384773324868,0.8513997106635237,0,1677.9189453125
49224,5,95,25,50,2,38.29487678723731,4.058870492966793,0.682842712474619,0,1677.9189453125
49224,5,95,25,51,2,32.19824491230868,4.050761423197956,0.613407053921902,0,1677.9189453125
49224,5,95,25,52,2,21.060674322035183,-1.3204608093956196,0.613407053921902,0,1677.9189453125
49224,5,95,25,53,2,15.499633015368863,-1.4597695814067908,0.682842712474619,0,1677.9189453125
49224,5,95,25,54,2,20.47634292575971,-1.4868281984551444,0.8513997106635237,0,1677.9189453125
49224,5,95,25,55,2,25.46218010335146,-1.5032983677668876,0.682842712474619,0,1677.9189453125
49224,5,95,25,56,2,17.921297923571533,4.668703052323368,0.848528137423857,0,1677.9189453125
49224,5,95,25,57,2,22.917567830544467,4.678231265580597,0.848528137423857,0,1677.9189453125
49224,5,95,25,58,2,12.348514959944408,4.443319662769168,0.613407053921902,0,1677.9189453125
49224,5,95,25,59,2,15.75008631460504,4.502428053338296,0.8513997106635237,0,1677.9189453125
49224,5,95,25,60,2,20.666572403756415,4.552874277957184,0.848528137423857,0,1677.9189453125
49224,5,95,25,61,2,25.61540963798751,4.583883844152026,0.8513997106635237,0,1677.9189453125
49224,5,95,25,62,2,29.090008733643266,4.599303189586006,0.613407053921902,0,1677.9189453125
49224,5,95,25,63,2,18.81487482211364,4.399987150902998,0.848528137423857,0,1677.9189453125
49224,5,95,25,64,2,23.62290224705684,4.465085477682843,0.848528137423857,0,1677.9189453125
49224,5,95,25,65,2,17.4897631265808,4.219047159771703,0.682842712474619,0,1677.9189453125
49224,5,95,25,66,2,22.02121273286516,4.3267817347954365,0.8513997106635237,0,1677.9189453125
49224,5,95,25,67,2,26.720325713364723,4.397221197436326,0.682842712474619,0,1677.9189453125
49224,5,95,25,68,2,23.56188504641724,4.188706057123106,0.613407053921902,0,1677.9189453125
49224,5,96,25,1,2,31.785229653997735,3.154309582155994,0.613407053921902,0,1682.9520263671875
49224,5,96,25,2,2,28.79434325427647,3.330395024629912,0.682842712474619,0,1682.9520263671875
49224,5,96,25,3,2,28.285547677973277,3.155883109004063,0.8513997106635237,0,1682.9520263671875
49224,5,96,25,4,2,28.6536247522142,2.9805052883674827,0.682842712474619,0,1682.9520263671875
49224,5,96,25,5,2,25.94571077829243,3.253761427942428,0.848528137423857,0,1682.9520263671875
49224,5,96,25,6,2,25.867700164270552,3.0604837774947233,0.848528137423857,0,1682.9520263671875
49224,5,96,25,7,2,24.927234209599717,3.5068692798588863,0.613407053921902,0,1682.9520263671875
49224,5,96,25,8,2,23.90162354608365,3.369666610915473,0.8513997106635237,0,1682.9520263671875
49224,5,96,25,9,2,23.286167828487862,3.1589514523129782,0.848528137423857,0,1682.9520263671875
49224,5,96,25,10,2,23.73191134599794,2.9467064661693554,0.8513997106635237,0,1682.9520263671875
49224,5,96,25,11,2,24.65003486676576,2.8069522183653985,0.613407053921902,0,1682.9520263671875
49224,5,96,25,12,2,20.98459702935473,3.2804350356209637,0.848528137423857,0,1682.9520263671875
49224,5,96,25,13,2,20.888066365324633,3.0410887189659452,0.848528137423857,0,1682.9520263671875
49224,5,96,25,14,2,19.064653493633283,3.4290001039771654,0.682842712474619,0,1682.9520263671875
49224,5,96,25,15,2,18.2871270797276,3.1636974115992946,0.8513997106635237,0,1682.9520263671875
49224,5,96,25,16,2,18.851446120335417,2.895320453613487,0.682842712474619,0,1682.9520263671875
49224,5,96,25,17,2,14.78818447665666,3.168928662647338,0.613407053921902,0,1682.9520263671875
49224,5,96,25,18,2,11.2033667967022,0.4226909031009558,0.613407053921902,0,1682.9520263671875
49224,5,96,25,19,2,8.139044433834162,0.600022362784734,0.8513997106635237,0,1682.9520263671875
49224,5,96,25,20,2,6.729490344604422,-0.06010009847970621,0.682842712474619,0,1682.9520263671875
49224,5,96,25,21,2,11.713327806124507,0.9600507659086369,0.682842712474619,0,1682.9520263671875
49224,5,96,25,22,2,4.709388490050883,0.46120331251414926,0.848528137423857,0,1682.9520263671875
49224,5,96,25,23,2,8.25447417756131,1.0345466462189927,0.848528137423857,0,1682.9520263671875
49224,5,96,25,24,2,4.265211929794194,-1.1563983306024377,0.613407053921902,0,1682.9520263671875
49224,5,96,25,25,2,1.7642663077099843,-0.2311565945475751,0.8513997106635237,1,1682.9520263671875
49224,5,96,25,26,2,4.906183812529178,1.2131868982225735,0.848528137423857,0,1682.9520263671875
49224,5,96,25,27,2,9.748263619749215,1.3937032550558803,0.8513997106635237,0,1682.9520263671875
49224,5,96,25,28,2,13.207923621772952,1.4404036449858828,0.613407053921902,0,1682.9520263671875
49224,5,96,25,29,2,2.2371712622461923,1.928200228407042,0.848528137423857,0,1682.9520263671875
49224,5,96,25,30,2,7.138833185782039,1.6806512473622919,0.848528137423857,0,1682.9520263671875
49224,5,96,25,31,2,3.3074508176112167,3.264107715716015,0.682842712474619,0,1682.9520263671875
49224,5,96,25,32,2,5.647763708647859,2.1910378824876378,0.8513997106635237,0,1682.9520263671875
49224,5,96,25,33,2,10.141757190276374,1.9004100716253762,0.682842712474619,0,1682.9520263671875
49224,5,96,25,34,2,8.193036776629125,2.546072070484226,0.613407053921902,0,1682.9520263671875
49224,5,96,25,35,2,44.70276724627637,3.7460205559750617,0.613407053921902,0,1682.9520263671875
49224,5,96,25,36,2,41.870141900407766,3.793542937735418,0.8513997106635237,0,1682.9520263671875
49224,5,96,25,37,2,39.039297979831616,3.691558314618598,0.682842712474619,0,1682.9520263671875
49224,5,96,25,38,2,45.07938307876983,3.8818244773002184,0.682842712474619,0,1682.9520263671875
49224,5,96,25,39,2,38.3689260614105,3.781282438813151,0.848528137423857,0,1682.9520263671875
49224,5,96,25,40,2,41.54776146927994,3.8779823153053665,0.848528137423857,0,1682.9520263671875
49224,5,96,25,41,2,32.94936712973635,3.680310247552288,0.613407053921902,0,1682.9520263671875
49224,5,96,25,42,2,34.87463535940825,3.7665624424042474,0.8513997106635237,0,1682.9520263671875
49224,5,96,25,43,2,38.01686714412283,3.8734263779420988,0.848528137423857,0,1682.9520263671875
49224,5,96,25,44,2,41.52498264245372,3.9631252541913327,0.8513997106635237,0,1682.9520263671875
49224,5,96,25,45,2,44.15205069594867,4.0171433386527164,0.613407053921902,0,1682.9520263671875
49224,5,96,25,46,2,34.4869234899199,3.867937651338627,0.848528137423857,0,1682.9520263671875
49224,5,96,25,47,2,37.99197135977266,3.9664872005262395,0.848528137423857,0,1682.9520263671875
49224,5,96,25,48,2,30.958255702563285,3.8611974549813577,0.682842712474619,0,1682.9520263671875
49224,5,96,25,49,2,34.45947753735523,3.9705384773324868,0.8513997106635237,0,1682.9520263671875
49224,5,96,25,50,2,38.29487678723731,4.058870492966793,0.682842712474619,0,1682.9520263671875
49224,5,96,25,51,2,32.19824491230868,4.050761423197956,0.613407053921902,0,1682.9520263671875
49224,5,96,25,52,2,21.060674322035183,-1.3204608093956196,0.613407053921902,0,1682.9520263671875
49224,5,96,25,53,2,15.499633015368863,-1.4597695814067908,0.682842712474619,0,1682.9520263671875
49224,5,96,25,54,2,20.47634292575971,-1.4868281984551444,0.8513997106635237,0,1682.9520263671875
49224,5,96,25,55,2,25.46218010335146,-1.5032983677668876,0.682842712474619,0,1682.9520263671875
49224,5,96,25,56,2,17.921297923571533,4.668703052323368,0.848528137423857,0,1682.9520263671875
49224,5,96,25,57,2,22.917567830544467,4.678231265580597,0.848528137423857,0,1682.9520263671875
49224,5,96,25,58,2,12.348514959944408,4.443319662769168,0.613407053921902,0,1682.9520263671875
49224,5,96,25,59,2,15.75008631460504,4.502428053338296,0.8513997106635237,0,1682.9520263671875
49224,5,96,25,60,2,20.666572403756415,4.552874277957184,0.848528137423857,0,1682.9520263671875
49224,5,96,25,61,2,25.61540963798751,4.583883844152026,0.8513997106635237,0,1682.9520263671875
49224,5,96,25,62,2,29.090008733643266,4.599303189586006,0.613407053921902,0,1682.9520263671875
49224,5,96,25,63,2,18.81487482211364,4.399987150902998,0.848528137423857,0,1682.9520263671875
49224,5,96,25,64,2,23.62290224705684,4.465085477682843,0.848528137423857,0,1682.9520263671875
49224,5,96,25,65,2,17.4897631265808,4.219047159771703,0.682842712474619,0,1682.9520263671875
49224,5,96,25,66,2,22.02121273286516,4.3267817347954365,0.8513997106635237,0,1682.9520263671875
49224,5,96,25,67,2,26.720325713364723,4.397221197436326,0.682842712474619,0,1682.9520263671875
49224,5,96,25,68,2,23.56188504641724,4.188706057123106,0.613407053921902,0,1682.9520263671875
49224,5,97,25,1,2,31.785229653997735,3.154309582155994,0.613407053921902,0,1687.9849853515625
49224,5,97,25,2,2,28.79434325427647,3.330395024629912,0.682842712474619,0,1687.9849853515625
49224,5,97,25,3,2,28.285547677973277,3.155883109004063,0.8513997106635237,0,1687.9849853515625
49224,5,97,25,4,2,28.6536247522142,2.9805052883674827,0.682842712474619,0,1687.9849853515625
49224,5,97,25,5,2,25.94571077829243,3.253761427942428,0.848528137423857,0,1687.9849853515625
49224,5,97,25,6,2,25.867700164270552,3.0604837774947233,0.848528137423857,0,1687.9849853515625
49224,5,97,25,7,2,24.927234209599717,3.5068692798588863,0.613407053921902,0,1687.9849853515625
49224,5,97,25,8,2,23.90162354608365,3.369666610915473,0.8513997106635237,0,1687.9849853515625
49224,5,97,25,9,2,23.286167828487862,3.1589514523129782,0.848528137423857,0,1687.9849853515625
49224,5,97,25,10,2,23.73191134599794,2.9467064661693554,0.8513997106635237,0,1687.9849853515625
49224,5,97,25,11,2,24.65003486676576,2.8069522183653985,0.613407053921902,0,1687.9849853515625
49224,5,97,25,12,2,20.98459702935473,3.2804350356209637,0.848528137423857,0,1687.9849853515625
49224,5,97,25,13,2,20.888066365324633,3.0410887189659452,0.848528137423857,0,1687.9849853515625
49224,5,97,25,14,2,19.064653493633283,3.4290001039771654,0.682842712474619,0,1687.9849853515625
49224,5,97,25,15,2,18.2871270797276,3.1636974115992946,0.8513997106635237,0,1687.9849853515625
49224,5,97,25,16,2,18.851446120335417,2.895320453613487,0.682842712474619,0,1687.9849853515625
49224,5,97,25,17,2,14.78818447665666,3.168928662647338,0.613407053921902,0,1687.9849853515625
49224,5,97,25,18,2,11.2033667967022,0.4226909031009558,0.613407053921902,0,1687.9849853515625
49224,5,97,25,19,2,8.139044433834162,0.600022362784734,0.8513997106635237,0,1687.9849853515625
49224,5,97,25,20,2,6.729490344604422,-0.06010009847970621,0.682842712474619,0,1687.9849853515625
49224,5,97,25,21,2,11.713327806124507,0.9600507659086369,0.682842712474619,0,1687.9849853515625
49224,5,97,25,22,2,4.709388490050883,0.46120331251414926,0.848528137423857,0,1687.9849853515625
49224,5,97,25,23,2,8.25447417756131,1.0345466462189927,0.848528137423857,0,1687.9849853515625
49224,5,97,25,24,2,4.265211929794194,-1.1563983306024377,0.613407053921902,0,1687.9849853515625
49224,5,97,25,25,2,1.7642663077099843,-0.2311565945475751,0.8513997106635237,1,1687.9849853515625
49224,5,97,25,26,2,4.906183812529178,1.2131868982225735,0.848528137423857,0,1687.9849853515625
49224,5,97,25,27,2,9.748263619749215,1.3937032550558803,0.8513997106635237,0,1687.9849853515625
49224,5,97,25,28,2,13.207923621772952,1.4404036449858828,0.613407053921902,0,1687.9849853515625
49224,5,97,25,29,2,2.2371712622461923,1.928200228407042,0.848528137423857,0,1687.9849853515625
49224,5,97,25,30,2,7.138833185782039,1.6806512473622919,0.848528137423857,0,1687.9849853515625
49224,5,97,25,31,2,3.3074508176112167,3.264107715716015,0.682842712474619,0,1687.9849853515625
49224,5,97,25,32,2,5.647763708647859,2.1910378824876378,0.8513997106635237,0,1687.9849853515625
49224,5,97,25,33,2,10.141757190276374,1.9004100716253762,0.682842712474619,0,1687.9849853515625
49224,5,97,25,34,2,8.193036776629125,2.546072070484226,0.613407053921902,0,1687.9849853515625
49224,5,97,25,35,2,44.70276724627637,3.7460205559750617,0.613407053921902,0,1687.9849853515625
49224,5,97,25,36,2,41.870141900407766,3.793542937735418,0.8513997106635237,0,1687.9849853515625
49224,5,97,25,37,2,39.039297979831616,3.691558314618598,0.682842712474619,0,1687.9849853515625
49224,5,97,25,38,2,45.07938307876983,3.8818244773002184,0.682842712474619,0,1687.9849853515625
49224,5,97,25,39,2,38.3689260614105,3.781282438813151,0.848528137423857,0,1687.9849853515625
49224,5,97,25,40,2,41.54776146927994,3.8779823153053665,0.848528137423857,0,1687.9849853515625
49224,5,97,25,41,2,32.94936712973635,3.680310247552288,0.613407053921902,0,1687.9849853515625
49224,5,97,25,42,2,34.87463535940825,3.7665624424042474,0.8513997106635237,0,1687.9849853515625
49224,5,97,25,43,2,38.01686714412283,3.8734263779420988,0.848528137423857,0,1687.9849853515625
49224,5,97,25,44,2,41.52498264245372,3.9631252541913327,0.8513997106635237,0,1687.9849853515625
49224,5,97,25,45,2,44.15205069594867,4.0171433386527164,0.613407053921902,0,1687.9849853515625
49224,5,97,25,46,2,34.4869234899199,3.867937651338627,0.848528137423857,0,1687.9849853515625
49224,5,97,25,47,2,37.99197135977266,3.9664872005262395,0.848528137423857,0,1687.9849853515625
49224,5,97,25,48,2,30.958255702563285,3.8611974549813577,0.682842712474619,0,1687.9849853515625
49224,5,97,25,49,2,34.45947753735523,3.9705384773324868,0.8513997106635237,0,1687.9849853515625
49224,5,97,25,50,2,38.29487678723731,4.058870492966793,0.682842712474619,0,1687.9849853515625
49224,5,97,25,51,2,32.19824491230868,4.050761423197956,0.613407053921902,0,1687.9849853515625
49224,5,97,25,52,2,21.060674322035183,-1.3204608093956196,0.613407053921902,0,1687.9849853515625
49224,5,97,25,53,2,15.499633015368863,-1.4597695814067908,0.682842712474619,0,1687.9849853515625
49224,5,97,25,54,2,20.47634292575971,-1.4868281984551444,0.8513997106635237,0,1687.9849853515625
49224,5,97,25,55,2,25.46218010335146,-1.5032983677668876,0.682842712474619,0,1687.9849853515625
49224,5,97,25,56,2,17.921297923571533,4.668703052323368,0.848528137423857,0,1687.9849853515625
49224,5,97,25,57,2,22.917567830544467,4.678231265580597,0.848528137423857,0,1687.9849853515625
49224,5,97,25,58,2,12.348514959944408,4.443319662769168,0.613407053921902,0,1687.9849853515625
49224,5,97,25,59,2,15.75008631460504,4.502428053338296,0.8513997106635237,0,1687.9849853515625
49224,5,97,25,60,2,20.666572403756415,4.552874277957184,0.848528137423857,0,1687.9849853515625
49224,5,97,25,61,2,25.61540963798751,4.583883844152026,0.8513997106635237,0,1687.9849853515625
49224,5,97,25,62,2,29.090008733643266,4.599303189586006,0.613407053921902,0,1687.9849853515625
49224,5,97,25,63,2,18.81487482211364,4.399987150902998,0.848528137423857,0,1687.9849853515625
49224,5,97,25,64,2,23.62290224705684,4.465085477682843,0.848528137423857,0,1687.9849853515625
49224,5,97,25,65,2,17.4897631265808,4.219047159771703,0.682842712474619,0,1687.9849853515625
49224,5,97,25,66,2,22.02121273286516,4.3267817347954365,0.8513997106635237,0,1687.9849853515625
49224,5,97,25,67,2,26.720325713364723,4.397221197436326,0.682842712474619,0,1687.9849853515625
49224,5,97,25,68,2,23.56188504641724,4.188706057123106,0.613407053921902,0,1687.9849853515625
49224,5,98,25,1,2,31.785229653997735,3.154309582155994,0.613407053921902,0,1693.0179443359375
49224,5,98,25,2,2,28.79434325427647,3.330395024629912,0.682842712474619,0,1693.0179443359375
49224,5,98,25,3,2,28.285547677973277,3.155883109004063,0.8513997106635237,0,1693.0179443359375
49224,5,98,25,4,2,28.6536247522142,2.9805052883674827,0.682842712474619,0,1693.0179443359375
49224,5,98,25,5,2,25.94571077829243,3.253761427942428,0.848528137423857,0,1693.0179443359375
49224,5,98,25,6,2,25.867700164270552,3.0604837774947233,0.848528137423857,0,1693.0179443359375
49224,5,98,25,7,2,24.927234209599717,3.5068692798588863,0.613407053921902,0,1693.0179443359375
49224,5,98,25,8,2,23.90162354608365,3.369666610915473,0.8513997106635237,0,1693.0179443359375
49224,5,98,25,9,2,23.286167828487862,3.1589514523129782,0.848528137423857,0,1693.0179443359375
49224,5,98,25,10,2,23.73191134599794,2.9467064661693554,0.8513997106635237,0,1693.0179443359375
49224,5,98,25,11,2,24.65003486676576,2.8069522183653985,0.613407053921902,0,1693.0179443359375
49224,5,98,25,12,2,20.98459702935473,3.2804350356209637,0.848528137423857,0,1693.0179443359375
49224,5,98,25,13,2,20.888066365324633,3.0410887189659452,0.848528137423857,0,1693.0179443359375
49224,5,98,25,14,2,19.064653493633283,3.4290001039771654,0.682842712474619,0,1693.0179443359375
49224,5,98,25,15,2,18.2871270797276,3.1636974115992946,0.8513997106635237,0,1693.0179443359375
49224,5,98,25,16,2,18.851446120335417,2.895320453613487,0.682842712474619,0,1693.0179443359375
49224,5,98,25,17,2,14.78818447665666,3.168928662647338,0.613407053921902,0,1693.0179443359375
49224,5,98,25,18,2,11.2033667967022,0.4226909031009558,0.613407053921902,0,1693.0179443359375
49224,5,98,25,19,2,8.139044433834162,0.600022362784734,0.8513997106635237,0,1693.0179443359375
49224,5,98,25,20,2,6.729490344604422,-0.06010009847970621,0.682842712474619,0,1693.0179443359375
49224,5,98,25,21,2,11.713327806124507,0.9600507659086369,0.682842712474619,0,1693.0179443359375
49224,5,98,25,22,2,4.709388490050883,0.46120331251414926,0.848528137423857,0,1693.0179443359375
49224,5,98,25,23,2,8.25447417756131,1.0345466462189927,0.848528137423857,0,1693.0179443359375
49224,5,98,25,24,2,4.265211929794194,-1.1563983306024377,0.613407053921902,0,1693.0179443359375
49224,5,98,25,25,2,1.7642663077099843,-0.2311565945475751,0.8513997106635237,1,1693.0179443359375
49224,5,98,25,26,2,4.906183812529178,1.2131868982225735,0.848528137423857,0,1693.0179443359375
49224,5,98,25,27,2,9.748263619749215,1.3937032550558803,0.8513997106635237,0,1693.0179443359375
49224,5,98,25,28,2,13.207923621772952,1.4404036449858828,0.613407053921902,0,1693.0179443359375
49224,5,98,25,29,2,2.2371712622461923,1.928200228407042,0.848528137423857,0,1693.0179443359375
49224,5,98,25,30,2,7.138833185782039,1.6806512473622919,0.848528137423857,0,1693.0179443359375
49224,5,98,25,31,2,3.3074508176112167,3.264107715716015,0.682842712474619,0,1693.0179443359375
49224,5,98,25,32,2,5.647763708647859,2.1910378824876378,0.8513997106635237,0,1693.0179443359375
49224,5,98,25,33,2,10.141757190276374,1.9004100716253762,0.682842712474619,0,1693.0179443359375
49224,5,98,25,34,2,8.193036776629125,2.546072070484226,0.613407053921902,0,1693.0179443359375
49224,5,98,25,35,2,44.70276724627637,3.7460205559750617,0.613407053921902,0,1693.0179443359375
49224,5,98,25,36,2,41.870141900407766,3.793542937735418,0.8513997106635237,0,1693.0179443359375
49224,5,98,25,37,2,39.039297979831616,3.691558314618598,0.682842712474619,0,1693.0179443359375
49224,5,98,25,38,2,45.07938307876983,3.8818244773002184,0.682842712474619,0,1693.0179443359375
49224,5,98,25,39,2,38.3689260614105,3.781282438813151,0.848528137423857,0,1693.0179443359375
49224,5,98,25,40,2,41.54776146927994,3.8779823153053665,0.848528137423857,0,1693.0179443359375
49224,5,98,25,41,2,32.94936712973635,3.680310247552288,0.613407053921902,0,1693.0179443359375
49224,5,98,25,42,2,34.87463535940825,3.7665624424042474,0.8513997106635237,0,1693.0179443359375
49224,5,98,25,43,2,38.01686714412283,3.8734263779420988,0.848528137423857,0,1693.0179443359375
49224,5,98,25,44,2,41.52498264245372,3.9631252541913327,0.8513997106635237,0,1693.0179443359375
49224,5,98,25,45,2,44.15205069594867,4.0171433386527164,0.613407053921902,0,1693.0179443359375
49224,5,98,25,46,2,34.4869234899199,3.867937651338627,0.848528137423857,0,1693.0179443359375
49224,5,98,25,47,2,37.99197135977266,3.9664872005262395,0.848528137423857,0,1693.0179443359375
49224,5,98,25,48,2,30.958255702563285,3.8611974549813577,0.682842712474619,0,1693.0179443359375
49224,5,98,25,49,2,34.45947753735523,3.9705384773324868,0.8513997106635237,0,1693.0179443359375
49224,5,98,25,50,2,38.29487678723731,4.058870492966793,0.682842712474619,0,1693.0179443359375
49224,5,98,25,51,2,32.19824491230868,4.050761423197956,0.613407053921902,0,1693.0179443359375
49224,5,98,25,52,2,21.060674322035183,-1.3204608093956196,0.613407053921902,0,1693.0179443359375
49224,5,98,25,53,2,15.499633015368863,-1.4597695814067908,0.682842712474619,0,1693.0179443359375
49224,5,98,25,54,2,20.47634292575971,-1.4868281984551444,0.8513997106635237,0,1693.0179443359375
49224,5,98,25,55,2,25.46218010335146,-1.5032983677668876,0.682842712474619,0,1693.0179443359375
49224,5,98,25,56,2,17.921297923571533,4.668703052323368,0.848528137423857,0,1693.0179443359375
49224,5,98,25,57,2,22.917567830544467,4.678231265580597,0.848528137423857,0,1693.0179443359375
49224,5,98,25,58,2,12.348514959944408,4.443319662769168,0.613407053921902,0,1693.0179443359375
49224,5,98,25,59,2,15.75008631460504,4.502428053338296,0.8513997106635237,0,1693.0179443359375
49224,5,98,25,60,2,20.666572403756415,4.552874277957184,0.848528137423857,0,1693.0179443359375
49224,5,98,25,61,2,25.61540963798751,4.583883844152026,0.8513997106635237,0,1693.0179443359375
49224,5,98,25,62,2,29.090008733643266,4.599303189586006,0.613407053921902,0,1693.0179443359375
49224,5,98,25,63,2,18.81487482211364,4.399987150902998,0.848528137423857,0,1693.0179443359375
49224,5,98,25,64,2,23.62290224705684,4.465085477682843,0.848528137423857,0,1693.0179443359375
49224,5,98,25,65,2,17.4897631265808,4.219047159771703,0.682842712474619,0,1693.0179443359375
49224,5,98,25,66,2,22.02121273286516,4.3267817347954365,0.8513997106635237,0,1693.0179443359375
49224,5,98,25,67,2,26.720325713364723,4.397221197436326,0.682842712474619,0,1693.0179443359375
49224,5,98,25,68,2,23.56188504641724,4.188706057123106,0.613407053921902,0,1693.0179443359375
49224,5,99,25,1,2,31.785229653997735,3.154309582155994,0.613407053921902,0,1698.052001953125
49224,5,99,25,2,2,28.79434325427647,3.330395024629912,0.682842712474619,0,1698.052001953125
49224,5,99,25,3,2,28.285547677973277,3.155883109004063,0.8513997106635237,0,1698.052001953125
49224,5,99,25,4,2,28.6536247522142,2.9805052883674827,0.682842712474619,0,1698.052001953125
49224,5,99,25,5,2,25.94571077829243,3.253761427942428,0.848528137423857,0,1698.052001953125
49224,5,99,25,6,2,25.867700164270552,3.0604837774947233,0.848528137423857,0,1698.052001953125
49224,5,99,25,7,2,24.927234209599717,3.5068692798588863,0.613407053921902,0,1698.052001953125
49224,5,99,25,8,2,23.90162354608365,3.369666610915473,0.8513997106635237,0,1698.052001953125
49224,5,99,25,9,2,23.286167828487862,3.1589514523129782,0.848528137423857,0,1698.052001953125
49224,5,99,25,10,2,23.73191134599794,2.9467064661693554,0.8513997106635237,0,1698.052001953125
49224,5,99,25,11,2,24.65003486676576,2.8069522183653985,0.613407053921902,0,1698.052001953125
49224,5,99,25,12,2,20.98459702935473,3.2804350356209637,0.848528137423857,0,1698.052001953125
49224,5,99,25,13,2,20.888066365324633,3.0410887189659452,0.848528137423857,0,1698.052001953125
49224,5,99,25,14,2,19.064653493633283,3.4290001039771654,0.682842712474619,0,1698.052001953125
49224,5,99,25,15,2,18.2871270797276,3.1636974115992946,0.8513997106635237,0,1698.052001953125
49224,5,99,25,16,2,18.851446120335417,2.895320453613487,0.682842712474619,0,1698.052001953125
49224,5,99,25,17,2,14.78818447665666,3.168928662647338,0.613407053921902,0,1698.052001953125
49224,5,99,25,18,2,11.2033667967022,0.4226909031009558,0.613407053921902,0,1698.052001953125
49224,5,99,25,19,2,8.139044433834162,0.600022362784734,0.8513997106635237,0,1698.052001953125
49224,5,99,25,20,2,6.729490344604422,-0.06010009847970621,0.682842712474619,0,1698.052001953125
49224,5,99,25,21,2,11.713327806124507,0.9600507659086369,0.682842712474619,0,1698.052001953125
49224,5,99,25,22,2,4.709388490050883,0.46120331251414926,0.848528137423857,0,1698.052001953125
49224,5,99,25,23,2,8.25447417756131,1.0345466462189927,0.848528137423857,0,1698.052001953125
49224,5,99,25,24,2,4.265211929794194,-1.1563983306024377,0.613407053921902,0,1698.052001953125
49224,5,99,25,25,2,1.7642663077099843,-0.2311565945475751,0.8513997106635237,1,1698.052001953125
49224,5,99,25,26,2,4.906183812529178,1.2131868982225735,0.848528137423857,0,1698.052001953125
49224,5,99,25,27,2,9.748263619749215,1.3937032550558803,0.8513997106635237,0,1698.052001953125
49224,5,99,25,28,2,13.207923621772952,1.4404036449858828,0.613407053921902,0,1698.052001953125
49224,5,99,25,29,2,2.2371712622461923,1.928200228407042,0.848528137423857,0,1698.052001953125
49224,5,99,25,30,2,7.138833185782039,1.6806512473622919,0.848528137423857,0,1698.052001953125
49224,5,99,25,31,2,3.3074508176112167,3.264107715716015,0.682842712474619,0,1698.052001953125
49224,5,99,25,32,2,5.647763708647859,2.1910378824876378,0.8513997106635237,0,1698.052001953125
49224,5,99,25,33,2,10.141757190276374,1.9004100716253762,0.682842712474619,0,1698.052001953125
49224,5,99,25,34,2,8.193036776629125,2.546072070484226,0.613407053921902,0,1698.052001953125
49224,5,99,25,35,2,44.70276724627637,3.7460205559750617,0.613407053921902,0,1698.052001953125
49224,5,99,25,36,2,41.870141900407766,3.793542937735418,0.8513997106635237,0,1698.052001953125
49224,5,99,25,37,2,39.039297979831616,3.691558314618598,0.682842712474619,0,1698.052001953125
49224,5,99,25,38,2,45.07938307876983,3.8818244773002184,0.682842712474619,0,1698.052001953125
49224,5,99,25,39,2,38.3689260614105,3.781282438813151,0.848528137423857,0,1698.052001953125
49224,5,99,25,40,2,41.54776146927994,3.8779823153053665,0.848528137423857,0,1698.052001953125
49224,5,99,25,41,2,32.94936712973635,3.680310247552288,0.613407053921902,0,1698.052001953125
49224,5,99,25,42,2,34.87463535940825,3.7665624424042474,0.8513997106635237,0,1698.052001953125
49224,5,99,25,43,2,38.01686714412283,3.8734263779420988,0.848528137423857,0,1698.052001953125
49224,5,99,25,44,2,41.52498264245372,3.9631252541913327,0.8513997106635237,0,1698.052001953125
49224,5,99,25,45,2,44.15205069594867,4.0171433386527164,0.613407053921902,0,1698.052001953125
49224,5,99,25,46,2,34.4869234899199,3.867937651338627,0.848528137423857,0,1698.052001953125
49224,5,99,25,47,2,37.99197135977266,3.9664872005262395,0.848528137423857,0,1698.052001953125
49224,5,99,25,48,2,30.958255702563285,3.8611974549813577,0.682842712474619,0,1698.052001953125
49224,5,99,25,49,2,34.45947753735523,3.9705384773324868,0.8513997106635237,0,1698.052001953125
49224,5,99,25,50,2,38.29487678723731,4.058870492966793,0.682842712474619,0,1698.052001953125
49224,5,99,25,51,2,32.19824491230868,4.050761423197956,0.613407053921902,0,1698.052001953125
49224,5,99,25,52,2,21.060674322035183,-1.3204608093956196,0.613407053921902,0,1698.052001953125
49224,5,99,25,53,2,15.499633015368863,-1.4597695814067908,0.682842712474619,0,1698.052001953125
49224,5,99,25,54,2,20.47634292575971,-1.4868281984551444,0.8513997106635237,0,1698.052001953125
49224,5,99,25,55,2,25.46218010335146,-1.5032983677668876,0.682842712474619,0,1698.052001953125
49224,5,99,25,56,2,17.921297923571533,4.668703052323368,0.848528137423857,0,1698.052001953125
49224,5,99,25,57,2,22.917567830544467,4.678231265580597,0.848528137423857,0,1698.052001953125
49224,5,99,25,58,2,12.348514959944408,4.443319662769168,0.613407053921902,0,1698.052001953125
49224,5,99,25,59,2,15.75008631460504,4.502428053338296,0.8513997106635237,0,1698.052001953125
49224,5,99,25,60,2,20.666572403756415,4.552874277957184,0.848528137423857,0,1698.052001953125
49224,5,99,25,61,2,25.61540963798751,4.583883844152026,0.8513997106635237,0,1698.052001953125
49224,5,99,25,62,2,29.090008733643266,4.599303189586006,0.613407053921902,0,1698.052001953125
49224,5,99,25,63,2,18.81487482211364,4.399987150902998,0.848528137423857,0,1698.052001953125
49224,5,99,25,64,2,23.62290224705684,4.465085477682843,0.848528137423857,0,1698.052001953125
49224,5,99,25,65,2,17.4897631265808,4.219047159771703,0.682842712474619,0,1698.052001953125
49224,5,99,25,66,2,22.02121273286516,4.3267817347954365,0.8513997106635237,0,1698.052001953125
49224,5,99,25,67,2,26.720325713364723,4.397221197436326,0.682842712474619,0,1698.052001953125
49224,5,99,25,68,2,23.56188504641724,4.188706057123106,0.613407053921902,0,1698.052001953125
49224,5,100,25,1,2,31.785229653997735,3.154309582155994,0.613407053921902,0,1703.0849609375
49224,5,100,25,2,2,28.79434325427647,3.330395024629912,0.682842712474619,0,1703.0849609375
49224,5,100,25,3,2,28.285547677973277,3.155883109004063,0.8513997106635237,0,1703.0849609375
49224,5,100,25,4,2,28.6536247522142,2.9805052883674827,0.682842712474619,0,1703.0849609375
49224,5,100,25,5,2,25.94571077829243,3.253761427942428,0.848528137423857,0,1703.0849609375
49224,5,100,25,6,2,25.867700164270552,3.0604837774947233,0.848528137423857,0,1703.0849609375
49224,5,100,25,7,2,24.927234209599717,3.5068692798588863,0.613407053921902,0,1703.0849609375
49224,5,100,25,8,2,23.90162354608365,3.369666610915473,0.8513997106635237,0,1703.0849609375
49224,5,100,25,9,2,23.286167828487862,3.1589514523129782,0.848528137423857,0,1703.0849609375
49224,5,100,25,10,2,23.73191134599794,2.9467064661693554,0.8513997106635237,0,1703.0849609375
49224,5,100,25,11,2,24.65003486676576,2.8069522183653985,0.613407053921902,0,1703.0849609375
49224,5,100,25,12,2,20.98459702935473,3.2804350356209637,0.848528137423857,0,1703.0849609375
49224,5,100,25,13,2,20.888066365324633,3.0410887189659452,0.848528137423857,0,1703.0849609375
49224,5,100,25,14,2,19.064653493633283,3.4290001039771654,0.682842712474619,0,1703.0849609375
49224,5,100,25,15,2,18.2871270797276,3.1636974115992946,0.8513997106635237,0,1703.0849609375
49224,5,100,25,16,2,18.851446120335417,2.895320453613487,0.682842712474619,0,1703.0849609375
49224,5,100,25,17,2,14.78818447665666,3.168928662647338,0.613407053921902,0,1703.0849609375
49224,5,100,25,18,2,11.2033667967022,0.4226909031009558,0.613407053921902,0,1703.0849609375
49224,5,100,25,19,2,8.139044433834162,0.600022362784734,0.8513997106635237,0,1703.0849609375
49224,5,100,25,20,2,6.729490344604422,-0.06010009847970621,0.682842712474619,0,1703.0849609375
49224,5,100,25,21,2,11.713327806124507,0.9600507659086369,0.682842712474619,0,1703.0849609375
49224,5,100,25,22,2,4.709388490050883,0.46120331251414926,0.848528137423857,0,1703.0849609375
49224,5,100,25,23,2,8.25447417756131,1.0345466462189927,0.848528137423857,0,1703.0849609375
49224,5,100,25,24,2,4.265211929794194,-1.1563983306024377,0.613407053921902,0,1703.0849609375
49224,5,100,25,25,2,1.7642663077099843,-0.2311565945475751,0.8513997106635237,1,1703.0849609375
49224,5,100,25,26,2,4.906183812529178,1.2131868982225735,0.848528137423857,0,1703.0849609375
49224,5,100,25,27,2,9.748263619749215,1.3937032550558803,0.8513997106635237,0,1703.0849609375
49224,5,100,25,28,2,13.207923621772952,1.4404036449858828,0.613407053921902,0,1703.0849609375
49224,5,100,25,29,2,2.2371712622461923,1.928200228407042,0.848528137423857,0,1703.0849609375
49224,5,100,25,30,2,7.138833185782039,1.6806512473622919,0.848528137423857,0,1703.0849609375
49224,5,100,25,31,2,3.3074508176112167,3.264107715716015,0.682842712474619,0,1703.0849609375
49224,5,100,25,32,2,5.647763708647859,2.1910378824876378,0.8513997106635237,0,1703.0849609375
49224,5,100,25,33,2,10.141757190276374,1.9004100716253762,0.682842712474619,0,1703.0849609375
49224,5,100,25,34,2,8.193036776629125,2.546072070484226,0.613407053921902,0,1703.0849609375
49224,5,100,25,35,2,44.70276724627637,3.7460205559750617,0.613407053921902,0,1703.0849609375
49224,5,100,25,36,2,41.870141900407766,3.793542937735418,0.8513997106635237,0,1703.0849609375
49224,5,100,25,37,2,39.039297979831616,3.691558314618598,0.682842712474619,0,1703.0849609375
49224,5,100,25,38,2,45.07938307876983,3.8818244773002184,0.682842712474619,0,1703.0849609375
49224,5,100,25,39,2,38.3689260614105,3.781282438813151,0.848528137423857,0,1703.0849609375
49224,5,100,25,40,2,41.54776146927994,3.8779823153053665,0.848528137423857,0,1703.0849609375
49224,5,100,25,41,2,32.94936712973635,3.680310247552288,0.613407053921902,0,1703.0849609375
49224,5,100,25,42,2,34.87463535940825,3.7665624424042474,0.8513997106635237,0,1703.0849609375
49224,5,100,25,43,2,38.01686714412283,3.8734263779420988,0.848528137423857,0,1703.0849609375
49224,5,100,25,44,2,41.52498264245372,3.9631252541913327,0.8513997106635237,0,1703.0849609375
49224,5,100,25,45,2,44.15205069594867,4.0171433386527164,0.613407053921902,0,1703.0849609375
49224,5,100,25,46,2,34.4869234899199,3.867937651338627,0.848528137423857,0,1703.0849609375
49224,5,100,25,47,2,37.99197135977266,3.9664872005262395,0.848528137423857,0,1703.0849609375
49224,5,100,25,48,2,30.958255702563285,3.8611974549813577,0.682842712474619,0,1703.0849609375
49224,5,100,25,49,2,34.45947753735523,3.9705384773324868,0.8513997106635237,0,1703.0849609375
49224,5,100,25,50,2,38.29487678723731,4.058870492966793,0.682842712474619,0,1703.0849609375
49224,5,100,25,51,2,32.19824491230868,4.050761423197956,0.613407053921902,0,1703.0849609375
49224,5,100,25,52,2,21.060674322035183,-1.3204608093956196,0.613407053921902,0,1703.0849609375
49224,5,100,25,53,2,15.499633015368863,-1.4597695814067908,0.682842712474619,0,1703.0849609375
49224,5,100,25,54,2,20.47634292575971,-1.4868281984551444,0.8513997106635237,0,1703.0849609375
49224,5,100,25,55,2,25.46218010335146,-1.5032983677668876,0.682842712474619,0,1703.0849609375
49224,5,100,25,56,2,17.921297923571533,4.668703052323368,0.848528137423857,0,1703.0849609375
49224,5,100,25,57,2,22.917567830544467,4.678231265580597,0.848528137423857,0,1703.0849609375
49224,5,100,25,58,2,12.348514959944408,4.443319662769168,0.613407053921902,0,1703.0849609375
49224,5,100,25,59,2,15.75008631460504,4.502428053338296,0.8513997106635237,0,1703.0849609375
49224,5,100,25,60,2,20.666572403756415,4.552874277957184,0.848528137423857,0,1703.0849609375
49224,5,100,25,61,2,25.61540963798751,4.583883844152026,0.8513997106635237,0,1703.0849609375
49224,5,100,25,62,2,29.090008733643266,4.599303189586006,0.613407053921902,0,1703.0849609375
49224,5,100,25,63,2,18.81487482211364,4.399987150902998,0.848528137423857,0,1703.0849609375
49224,5,100,25,64,2,23.62290224705684,4.465085477682843,0.848528137423857,0,1703.0849609375
49224,5,100,25,65,2,17.4897631265808,4.219047159771703,0.682842712474619,0,1703.0849609375
49224,5,100,25,66,2,22.02121273286516,4.3267817347954365,0.8513997106635237,0,1703.0849609375
49224,5,100,25,67,2,26.720325713364723,4.397221197436326,0.682842712474619,0,1703.0849609375
49224,5,100,25,68,2,23.56188504641724,4.188706057123106,0.613407053921902,0,1703.0849609375
49224,5,101,25,1,2,31.785229653997735,3.154309582155994,0.613407053921902,0,1708.10205078125
49224,5,101,25,2,2,28.79434325427647,3.330395024629912,0.682842712474619,0,1708.10205078125
49224,5,101,25,3,2,28.285547677973277,3.155883109004063,0.8513997106635237,0,1708.10205078125
49224,5,101,25,4,2,28.6536247522142,2.9805052883674827,0.682842712474619,0,1708.10205078125
49224,5,101,25,5,2,25.94571077829243,3.253761427942428,0.848528137423857,0,1708.10205078125
49224,5,101,25,6,2,25.867700164270552,3.0604837774947233,0.848528137423857,0,1708.10205078125
49224,5,101,25,7,2,24.927234209599717,3.5068692798588863,0.613407053921902,0,1708.10205078125
49224,5,101,25,8,2,23.90162354608365,3.369666610915473,0.8513997106635237,0,1708.10205078125
49224,5,101,25,9,2,23.286167828487862,3.1589514523129782,0.848528137423857,0,1708.10205078125
49224,5,101,25,10,2,23.73191134599794,2.9467064661693554,0.8513997106635237,0,1708.10205078125
49224,5,101,25,11,2,24.65003486676576,2.8069522183653985,0.613407053921902,0,1708.10205078125
49224,5,101,25,12,2,20.98459702935473,3.2804350356209637,0.848528137423857,0,1708.10205078125
49224,5,101,25,13,2,20.888066365324633,3.0410887189659452,0.848528137423857,0,1708.10205078125
49224,5,101,25,14,2,19.064653493633283,3.4290001039771654,0.682842712474619,0,1708.10205078125
49224,5,101,25,15,2,18.2871270797276,3.1636974115992946,0.8513997106635237,0,1708.10205078125
49224,5,101,25,16,2,18.851446120335417,2.895320453613487,0.682842712474619,0,1708.10205078125
49224,5,101,25,17,2,14.78818447665666,3.168928662647338,0.613407053921902,0,1708.10205078125
49224,5,101,25,18,2,11.2033667967022,0.4226909031009558,0.613407053921902,0,1708.10205078125
49224,5,101,25,19,2,8.139044433834162,0.600022362784734,0.8513997106635237,0,1708.10205078125
49224,5,101,25,20,2,6.729490344604422,-0.06010009847970621,0.682842712474619,0,1708.10205078125
49224,5,101,25,21,2,11.713327806124507,0.9600507659086369,0.682842712474619,0,1708.10205078125
49224,5,101,25,22,2,4.709388490050883,0.46120331251414926,0.848528137423857,0,1708.10205078125
49224,5,101,25,23,2,8.25447417756131,1.0345466462189927,0.848528137423857,0,1708.10205078125
49224,5,101,25,24,2,4.265211929794194,-1.1563983306024377,0.613407053921902,0,1708.10205078125
49224,5,101,25,25,2,1.7642663077099843,-0.2311565945475751,0.8513997106635237,1,1708.10205078125
49224,5,101,25,26,2,4.906183812529178,1.2131868982225735,0.848528137423857,0,1708.10205078125
49224,5,101,25,27,2,9.748263619749215,1.3937032550558803,0.8513997106635237,0,1708.10205078125
49224,5,101,25,28,2,13.207923621772952,1.4404036449858828,0.613407053921902,0,1708.10205078125
49224,5,101,25,29,2,2.2371712622461923,1.928200228407042,0.848528137423857,0,1708.10205078125
49224,5,101,25,30,2,7.138833185782039,1.6806512473622919,0.848528137423857,0,1708.10205078125
49224,5,101,25,31,2,3.3074508176112167,3.264107715716015,0.682842712474619,0,1708.10205078125
49224,5,101,25,32,2,5.647763708647859,2.1910378824876378,0.8513997106635237,0,1708.10205078125
49224,5,101,25,33,2,10.141757190276374,1.9004100716253762,0.682842712474619,0,1708.10205078125
49224,5,101,25,34,2,8.193036776629125,2.546072070484226,0.613407053921902,0,1708.10205078125
49224,5,101,25,35,2,44.70276724627637,3.7460205559750617,0.613407053921902,0,1708.10205078125
49224,5,101,25,36,2,41.870141900407766,3.793542937735418,0.8513997106635237,0,1708.10205078125
49224,5,101,25,37,2,39.039297979831616,3.691558314618598,0.682842712474619,0,1708.10205078125
49224,5,101,25,38,2,45.07938307876983,3.8818244773002184,0.682842712474619,0,1708.10205078125
49224,5,101,25,39,2,38.3689260614105,3.781282438813151,0.848528137423857,0,1708.10205078125
49224,5,101,25,40,2,41.54776146927994,3.8779823153053665,0.848528137423857,0,1708.10205078125
49224,5,101,25,41,2,32.94936712973635,3.680310247552288,0.613407053921902,0,1708.10205078125
49224,5,101,25,42,2,34.87463535940825,3.7665624424042474,0.8513997106635237,0,1708.10205078125
49224,5,101,25,43,2,38.01686714412283,3.8734263779420988,0.848528137423857,0,1708.10205078125
49224,5,101,25,44,2,41.52498264245372,3.9631252541913327,0.8513997106635237,0,1708.10205078125
49224,5,101,25,45,2,44.15205069594867,4.0171433386527164,0.613407053921902,0,1708.10205078125
49224,5,101,25,46,2,34.4869234899199,3.867937651338627,0.848528137423857,0,1708.10205078125
49224,5,101,25,47,2,37.99197135977266,3.9664872005262395,0.848528137423857,0,1708.10205078125
49224,5,101,25,48,2,30.958255702563285,3.8611974549813577,0.682842712474619,0,1708.10205078125
49224,5,101,25,49,2,34.45947753735523,3.9705384773324868,0.8513997106635237,0,1708.10205078125
49224,5,101,25,50,2,38.29487678723731,4.058870492966793,0.682842712474619,0,1708.10205078125
49224,5,101,25,51,2,32.19824491230868,4.050761423197956,0.613407053921902,0,1708.10205078125
49224,5,101,25,52,2,21.060674322035183,-1.3204608093956196,0.613407053921902,0,1708.10205078125
49224,5,101,25,53,2,15.499633015368863,-1.4597695814067908,0.682842712474619,0,1708.10205078125
49224,5,101,25,54,2,20.47634292575971,-1.4868281984551444,0.8513997106635237,0,1708.10205078125
49224,5,101,25,55,2,25.46218010335146,-1.5032983677668876,0.682842712474619,0,1708.10205078125
49224,5,101,25,56,2,17.921297923571533,4.668703052323368,0.848528137423857,0,1708.10205078125
49224,5,101,25,57,2,22.917567830544467,4.678231265580597,0.848528137423857,0,1708.10205078125
49224,5,101,25,58,2,12.348514959944408,4.443319662769168,0.613407053921902,0,1708.10205078125
49224,5,101,25,59,2,15.75008631460504,4.502428053338296,0.8513997106635237,0,1708.10205078125
49224,5,101,25,60,2,20.666572403756415,4.552874277957184,0.848528137423857,0,1708.10205078125
49224,5,101,25,61,2,25.61540963798751,4.583883844152026,0.8513997106635237,0,1708.10205078125
49224,5,101,25,62,2,29.090008733643266,4.599303189586006,0.613407053921902,0,1708.10205078125
49224,5,101,25,63,2,18.81487482211364,4.399987150902998,0.848528137423857,0,1708.10205078125
49224,5,101,25,64,2,23.62290224705684,4.465085477682843,0.848528137423857,0,1708.10205078125
49224,5,101,25,65,2,17.4897631265808,4.219047159771703,0.682842712474619,0,1708.10205078125
49224,5,101,25,66,2,22.02121273286516,4.3267817347954365,0.8513997106635237,0,1708.10205078125
49224,5,101,25,67,2,26.720325713364723,4.397221197436326,0.682842712474619,0,1708.10205078125
49224,5,101,25,68,2,23.56188504641724,4.188706057123106,0.613407053921902,0,1708.10205078125
49224,5,102,25,1,2,31.785229653997735,3.154309582155994,0.613407053921902,0,1713.1180419921875
49224,5,102,25,2,2,28.79434325427647,3.330395024629912,0.682842712474619,0,1713.1180419921875
49224,5,102,25,3,2,28.285547677973277,3.155883109004063,0.8513997106635237,0,1713.1180419921875
49224,5,102,25,4,2,28.6536247522142,2.9805052883674827,0.682842712474619,0,1713.1180419921875
49224,5,102,25,5,2,25.94571077829243,3.253761427942428,0.848528137423857,0,1713.1180419921875
49224,5,102,25,6,2,25.867700164270552,3.0604837774947233,0.848528137423857,0,1713.1180419921875
49224,5,102,25,7,2,24.927234209599717,3.5068692798588863,0.613407053921902,0,1713.1180419921875
49224,5,102,25,8,2,23.90162354608365,3.369666610915473,0.8513997106635237,0,1713.1180419921875
49224,5,102,25,9,2,23.286167828487862,3.1589514523129782,0.848528137423857,0,1713.1180419921875
49224,5,102,25,10,2,23.73191134599794,2.9467064661693554,0.8513997106635237,0,1713.1180419921875
49224,5,102,25,11,2,24.65003486676576,2.8069522183653985,0.613407053921902,0,1713.1180419921875
49224,5,102,25,12,2,20.98459702935473,3.2804350356209637,0.848528137423857,0,1713.1180419921875
49224,5,102,25,13,2,20.888066365324633,3.0410887189659452,0.848528137423857,0,1713.1180419921875
49224,5,102,25,14,2,19.064653493633283,3.4290001039771654,0.682842712474619,0,1713.1180419921875
49224,5,102,25,15,2,18.2871270797276,3.1636974115992946,0.8513997106635237,0,1713.1180419921875
49224,5,102,25,16,2,18.851446120335417,2.895320453613487,0.682842712474619,0,1713.1180419921875
49224,5,102,25,17,2,14.78818447665666,3.168928662647338,0.613407053921902,0,1713.1180419921875
49224,5,102,25,18,2,11.2033667967022,0.4226909031009558,0.613407053921902,0,1713.1180419921875
49224,5,102,25,19,2,8.139044433834162,0.600022362784734,0.8513997106635237,0,1713.1180419921875
49224,5,102,25,20,2,6.729490344604422,-0.06010009847970621,0.682842712474619,0,1713.1180419921875
49224,5,102,25,21,2,11.713327806124507,0.9600507659086369,0.682842712474619,0,1713.1180419921875
49224,5,102,25,22,2,4.709388490050883,0.46120331251414926,0.848528137423857,0,1713.1180419921875
49224,5,102,25,23,2,8.25447417756131,1.0345466462189927,0.848528137423857,0,1713.1180419921875
49224,5,102,25,24,2,4.265211929794194,-1.1563983306024377,0.613407053921902,0,1713.1180419921875
49224,5,102,25,25,2,1.7642663077099843,-0.2311565945475751,0.8513997106635237,1,1713.1180419921875
49224,5,102,25,26,2,4.906183812529178,1.2131868982225735,0.848528137423857,0,1713.1180419921875
49224,5,102,25,27,2,9.748263619749215,1.3937032550558803,0.8513997106635237,0,1713.1180419921875
49224,5,102,25,28,2,13.207923621772952,1.4404036449858828,0.613407053921902,0,1713.1180419921875
49224,5,102,25,29,2,2.2371712622461923,1.928200228407042,0.848528137423857,0,1713.1180419921875
49224,5,102,25,30,2,7.138833185782039,1.6806512473622919,0.848528137423857,0,1713.1180419921875
49224,5,102,25,31,2,3.3074508176112167,3.264107715716015,0.682842712474619,0,1713.1180419921875
49224,5,102,25,32,2,5.647763708647859,2.1910378824876378,0.8513997106635237,0,1713.1180419921875
49224,5,102,25,33,2,10.141757190276374,1.9004100716253762,0.682842712474619,0,1713.1180419921875
49224,5,102,25,34,2,8.193036776629125,2.546072070484226,0.613407053921902,0,1713.1180419921875
49224,5,102,25,35,2,44.70276724627637,3.7460205559750617,0.613407053921902,0,1713.1180419921875
49224,5,102,25,36,2,41.870141900407766,3.793542937735418,0.8513997106635237,0,1713.1180419921875
49224,5,102,25,37,2,39.039297979831616,3.691558314618598,0.682842712474619,0,1713.1180419921875
49224,5,102,25,38,2,45.07938307876983,3.8818244773002184,0.682842712474619,0,1713.1180419921875
49224,5,102,25,39,2,38.3689260614105,3.781282438813151,0.848528137423857,0,1713.1180419921875
49224,5,102,25,40,2,41.54776146927994,3.8779823153053665,0.848528137423857,0,1713.1180419921875
49224,5,102,25,41,2,32.94936712973635,3.680310247552288,0.613407053921902,0,1713.1180419921875
49224,5,102,25,42,2,34.87463535940825,3.7665624424042474,0.8513997106635237,0,1713.1180419921875
49224,5,102,25,43,2,38.01686714412283,3.8734263779420988,0.848528137423857,0,1713.1180419921875
49224,5,102,25,44,2,41.52498264245372,3.9631252541913327,0.8513997106635237,0,1713.1180419921875
49224,5,102,25,45,2,44.15205069594867,4.0171433386527164,0.613407053921902,0,1713.1180419921875
49224,5,102,25,46,2,34.4869234899199,3.867937651338627,0.848528137423857,0,1713.1180419921875
49224,5,102,25,47,2,37.99197135977266,3.9664872005262395,0.848528137423857,0,1713.1180419921875
49224,5,102,25,48,2,30.958255702563285,3.8611974549813577,0.682842712474619,0,1713.1180419921875
49224,5,102,25,49,2,34.45947753735523,3.9705384773324868,0.8513997106635237,0,1713.1180419921875
49224,5,102,25,50,2,38.29487678723731,4.058870492966793,0.682842712474619,0,1713.1180419921875
49224,5,102,25,51,2,32.19824491230868,4.050761423197956,0.613407053921902,0,1713.1180419921875
49224,5,102,25,52,2,21.060674322035183,-1.3204608093956196,0.613407053921902,0,1713.1180419921875
49224,5,102,25,53,2,15.499633015368863,-1.4597695814067908,0.682842712474619,0,1713.1180419921875
49224,5,102,25,54,2,20.47634292575971,-1.4868281984551444,0.8513997106635237,0,1713.1180419921875
49224,5,102,25,55,2,25.46218010335146,-1.5032983677668876,0.682842712474619,0,1713.1180419921875
49224,5,102,25,56,2,17.921297923571533,4.668703052323368,0.848528137423857,0,1713.1180419921875
49224,5,102,25,57,2,22.917567830544467,4.678231265580597,0.848528137423857,0,1713.1180419921875
49224,5,102,25,58,2,12.348514959944408,4.443319662769168,0.613407053921902,0,1713.1180419921875
49224,5,102,25,59,2,15.75008631460504,4.502428053338296,0.8513997106635237,0,1713.1180419921875
49224,5,102,25,60,2,20.666572403756415,4.552874277957184,0.848528137423857,0,1713.1180419921875
49224,5,102,25,61,2,25.61540963798751,4.583883844152026,0.8513997106635237,0,1713.1180419921875
49224,5,102,25,62,2,29.090008733643266,4.599303189586006,0.613407053921902,0,1713.1180419921875
49224,5,102,25,63,2,18.81487482211364,4.399987150902998,0.848528137423857,0,1713.1180419921875
49224,5,102,25,64,2,23.62290224705684,4.465085477682843,0.848528137423857,0,1713.1180419921875
49224,5,102,25,65,2,17.4897631265808,4.219047159771703,0.682842712474619,0,1713.1180419921875
49224,5,102,25,66,2,22.02121273286516,4.3267817347954365,0.8513997106635237,0,1713.1180419921875
49224,5,102,25,67,2,26.720325713364723,4.397221197436326,0.682842712474619,0,1713.1180419921875
49224,5,102,25,68,2,23.56188504641724,4.188706057123106,0.613407053921902,0,1713.1180419921875
49224,5,103,25,1,2,31.785229653997735,3.154309582155994,0.613407053921902,0,1718.1510009765625
49224,5,103,25,2,2,28.79434325427647,3.330395024629912,0.682842712474619,0,1718.1510009765625
49224,5,103,25,3,2,28.285547677973277,3.155883109004063,0.8513997106635237,0,1718.1510009765625
49224,5,103,25,4,2,28.6536247522142,2.9805052883674827,0.682842712474619,0,1718.1510009765625
49224,5,103,25,5,2,25.94571077829243,3.253761427942428,0.848528137423857,0,1718.1510009765625
49224,5,103,25,6,2,25.867700164270552,3.0604837774947233,0.848528137423857,0,1718.1510009765625
49224,5,103,25,7,2,24.927234209599717,3.5068692798588863,0.613407053921902,0,1718.1510009765625
49224,5,103,25,8,2,23.90162354608365,3.369666610915473,0.8513997106635237,0,1718.1510009765625
49224,5,103,25,9,2,23.286167828487862,3.1589514523129782,0.848528137423857,0,1718.1510009765625
49224,5,103,25,10,2,23.73191134599794,2.9467064661693554,0.8513997106635237,0,1718.1510009765625
49224,5,103,25,11,2,24.65003486676576,2.8069522183653985,0.613407053921902,0,1718.1510009765625
49224,5,103,25,12,2,20.98459702935473,3.2804350356209637,0.848528137423857,0,1718.1510009765625
49224,5,103,25,13,2,20.888066365324633,3.0410887189659452,0.848528137423857,0,1718.1510009765625
49224,5,103,25,14,2,19.064653493633283,3.4290001039771654,0.682842712474619,0,1718.1510009765625
49224,5,103,25,15,2,18.2871270797276,3.1636974115992946,0.8513997106635237,0,1718.1510009765625
49224,5,103,25,16,2,18.851446120335417,2.895320453613487,0.682842712474619,0,1718.1510009765625
49224,5,103,25,17,2,14.78818447665666,3.168928662647338,0.613407053921902,0,1718.1510009765625
49224,5,103,25,18,2,11.2033667967022,0.4226909031009558,0.613407053921902,0,1718.1510009765625
49224,5,103,25,19,2,8.139044433834162,0.600022362784734,0.8513997106635237,0,1718.1510009765625
49224,5,103,25,20,2,6.729490344604422,-0.06010009847970621,0.682842712474619,0,1718.1510009765625
49224,5,103,25,21,2,11.713327806124507,0.9600507659086369,0.682842712474619,0,1718.1510009765625
49224,5,103,25,22,2,4.709388490050883,0.46120331251414926,0.848528137423857,0,1718.1510009765625
49224,5,103,25,23,2,8.25447417756131,1.0345466462189927,0.848528137423857,0,1718.1510009765625
49224,5,103,25,24,2,4.265211929794194,-1.1563983306024377,0.613407053921902,0,1718.1510009765625
49224,5,103,25,25,2,1.7642663077099843,-0.2311565945475751,0.8513997106635237,1,1718.1510009765625
49224,5,103,25,26,2,4.906183812529178,1.2131868982225735,0.848528137423857,0,1718.1510009765625
49224,5,103,25,27,2,9.748263619749215,1.3937032550558803,0.8513997106635237,0,1718.1510009765625
49224,5,103,25,28,2,13.207923621772952,1.4404036449858828,0.613407053921902,0,1718.1510009765625
49224,5,103,25,29,2,2.2371712622461923,1.928200228407042,0.848528137423857,0,1718.1510009765625
49224,5,103,25,30,2,7.138833185782039,1.6806512473622919,0.848528137423857,0,1718.1510009765625
49224,5,103,25,31,2,3.3074508176112167,3.264107715716015,0.682842712474619,0,1718.1510009765625
49224,5,103,25,32,2,5.647763708647859,2.1910378824876378,0.8513997106635237,0,1718.1510009765625
49224,5,103,25,33,2,10.141757190276374,1.9004100716253762,0.682842712474619,0,1718.1510009765625
49224,5,103,25,34,2,8.193036776629125,2.546072070484226,0.613407053921902,0,1718.1510009765625
49224,5,103,25,35,2,44.70276724627637,3.7460205559750617,0.613407053921902,0,1718.1510009765625
49224,5,103,25,36,2,41.870141900407766,3.793542937735418,0.8513997106635237,0,1718.1510009765625
49224,5,103,25,37,2,39.039297979831616,3.691558314618598,0.682842712474619,0,1718.1510009765625
49224,5,103,25,38,2,45.07938307876983,3.8818244773002184,0.682842712474619,0,1718.1510009765625
49224,5,103,25,39,2,38.3689260614105,3.781282438813151,0.848528137423857,0,1718.1510009765625
49224,5,103,25,40,2,41.54776146927994,3.8779823153053665,0.848528137423857,0,1718.1510009765625
49224,5,103,25,41,2,32.94936712973635,3.680310247552288,0.613407053921902,0,1718.1510009765625
49224,5,103,25,42,2,34.87463535940825,3.7665624424042474,0.8513997106635237,0,1718.1510009765625
49224,5,103,25,43,2,38.01686714412283,3.8734263779420988,0.848528137423857,0,1718.1510009765625
49224,5,103,25,44,2,41.52498264245372,3.9631252541913327,0.8513997106635237,0,1718.1510009765625
49224,5,103,25,45,2,44.15205069594867,4.0171433386527164,0.613407053921902,0,1718.1510009765625
49224,5,103,25,46,2,34.4869234899199,3.867937651338627,0.848528137423857,0,1718.1510009765625
49224,5,103,25,47,2,37.99197135977266,3.9664872005262395,0.848528137423857,0,1718.1510009765625
49224,5,103,25,48,2,30.958255702563285,3.8611974549813577,0.682842712474619,0,1718.1510009765625
49224,5,103,25,49,2,34.45947753735523,3.9705384773324868,0.8513997106635237,0,1718.1510009765625
49224,5,103,25,50,2,38.29487678723731,4.058870492966793,0.682842712474619,0,1718.1510009765625
49224,5,103,25,51,2,32.19824491230868,4.050761423197956,0.613407053921902,0,1718.1510009765625
49224,5,103,25,52,2,21.060674322035183,-1.3204608093956196,0.613407053921902,0,1718.1510009765625
49224,5,103,25,53,2,15.499633015368863,-1.4597695814067908,0.682842712474619,0,1718.1510009765625
49224,5,103,25,54,2,20.47634292575971,-1.4868281984551444,0.8513997106635237,0,1718.1510009765625
49224,5,103,25,55,2,25.46218010335146,-1.5032983677668876,0.682842712474619,0,1718.1510009765625
49224,5,103,25,56,2,17.921297923571533,4.668703052323368,0.848528137423857,0,1718.1510009765625
49224,5,103,25,57,2,22.917567830544467,4.678231265580597,0.848528137423857,0,1718.1510009765625
49224,5,103,25,58,2,12.348514959944408,4.443319662769168,0.613407053921902,0,1718.1510009765625
49224,5,103,25,59,2,15.75008631460504,4.502428053338296,0.8513997106635237,0,1718.1510009765625
49224,5,103,25,60,2,20.666572403756415,4.552874277957184,0.848528137423857,0,1718.1510009765625
49224,5,103,25,61,2,25.61540963798751,4.583883844152026,0.8513997106635237,0,1718.1510009765625
49224,5,103,25,62,2,29.090008733643266,4.599303189586006,0.613407053921902,0,1718.1510009765625
49224,5,103,25,63,2,18.81487482211364,4.399987150902998,0.848528137423857,0,1718.1510009765625
49224,5,103,25,64,2,23.62290224705684,4.465085477682843,0.848528137423857,0,1718.1510009765625
49224,5,103,25,65,2,17.4897631265808,4.219047159771703,0.682842712474619,0,1718.1510009765625
49224,5,103,25,66,2,22.02121273286516,4.3267817347954365,0.8513997106635237,0,1718.1510009765625
49224,5,103,25,67,2,26.720325713364723,4.397221197436326,0.682842712474619,0,1718.1510009765625
49224,5,103,25,68,2,23.56188504641724,4.188706057123106,0.613407053921902,0,1718.1510009765625
49224,5,104,25,1,2,31.785229653997735,3.154309582155994,0.613407053921902,0,1723.1689453125
49224,5,104,25,2,2,28.79434325427647,3.330395024629912,0.682842712474619,0,1723.1689453125
49224,5,104,25,3,2,28.285547677973277,3.155883109004063,0.8513997106635237,0,1723.1689453125
49224,5,104,25,4,2,28.6536247522142,2.9805052883674827,0.682842712474619,0,1723.1689453125
49224,5,104,25,5,2,25.94571077829243,3.253761427942428,0.848528137423857,0,1723.1689453125
49224,5,104,25,6,2,25.867700164270552,3.0604837774947233,0.848528137423857,0,1723.1689453125
49224,5,104,25,7,2,24.927234209599717,3.5068692798588863,0.613407053921902,0,1723.1689453125
49224,5,104,25,8,2,23.90162354608365,3.369666610915473,0.8513997106635237,0,1723.1689453125
49224,5,104,25,9,2,23.286167828487862,3.1589514523129782,0.848528137423857,0,1723.1689453125
49224,5,104,25,10,2,23.73191134599794,2.9467064661693554,0.8513997106635237,0,1723.1689453125
49224,5,104,25,11,2,24.65003486676576,2.8069522183653985,0.613407053921902,0,1723.1689453125
49224,5,104,25,12,2,20.98459702935473,3.2804350356209637,0.848528137423857,0,1723.1689453125
49224,5,104,25,13,2,20.888066365324633,3.0410887189659452,0.848528137423857,0,1723.1689453125
49224,5,104,25,14,2,19.064653493633283,3.4290001039771654,0.682842712474619,0,1723.1689453125
49224,5,104,25,15,2,18.2871270797276,3.1636974115992946,0.8513997106635237,0,1723.1689453125
49224,5,104,25,16,2,18.851446120335417,2.895320453613487,0.682842712474619,0,1723.1689453125
49224,5,104,25,17,2,14.78818447665666,3.168928662647338,0.613407053921902,0,1723.1689453125
49224,5,104,25,18,2,11.2033667967022,0.4226909031009558,0.613407053921902,0,1723.1689453125
49224,5,104,25,19,2,8.139044433834162,0.600022362784734,0.8513997106635237,0,1723.1689453125
49224,5,104,25,20,2,6.729490344604422,-0.06010009847970621,0.682842712474619,0,1723.1689453125
49224,5,104,25,21,2,11.713327806124507,0.9600507659086369,0.682842712474619,0,1723.1689453125
49224,5,104,25,22,2,4.709388490050883,0.46120331251414926,0.848528137423857,0,1723.1689453125
49224,5,104,25,23,2,8.25447417756131,1.0345466462189927,0.848528137423857,0,1723.1689453125
49224,5,104,25,24,2,4.265211929794194,-1.1563983306024377,0.613407053921902,0,1723.1689453125
49224,5,104,25,25,2,1.7642663077099843,-0.2311565945475751,0.8513997106635237,1,1723.1689453125
49224,5,104,25,26,2,4.906183812529178,1.2131868982225735,0.848528137423857,0,1723.1689453125
49224,5,104,25,27,2,9.748263619749215,1.3937032550558803,0.8513997106635237,0,1723.1689453125
49224,5,104,25,28,2,13.207923621772952,1.4404036449858828,0.613407053921902,0,1723.1689453125
49224,5,104,25,29,2,2.2371712622461923,1.928200228407042,0.848528137423857,0,1723.1689453125
49224,5,104,25,30,2,7.138833185782039,1.6806512473622919,0.848528137423857,0,1723.1689453125
49224,5,104,25,31,2,3.3074508176112167,3.264107715716015,0.682842712474619,0,1723.1689453125
49224,5,104,25,32,2,5.647763708647859,2.1910378824876378,0.8513997106635237,0,1723.1689453125
49224,5,104,25,33,2,10.141757190276374,1.9004100716253762,0.682842712474619,0,1723.1689453125
49224,5,104,25,34,2,8.193036776629125,2.546072070484226,0.613407053921902,0,1723.1689453125
49224,5,104,25,35,2,44.70276724627637,3.7460205559750617,0.613407053921902,0,1723.1689453125
49224,5,104,25,36,2,41.870141900407766,3.793542937735418,0.8513997106635237,0,1723.1689453125
49224,5,104,25,37,2,39.039297979831616,3.691558314618598,0.682842712474619,0,1723.1689453125
49224,5,104,25,38,2,45.07938307876983,3.8818244773002184,0.682842712474619,0,1723.1689453125
49224,5,104,25,39,2,38.3689260614105,3.781282438813151,0.848528137423857,0,1723.1689453125
49224,5,104,25,40,2,41.54776146927994,3.8779823153053665,0.848528137423857,0,1723.1689453125
49224,5,104,25,41,2,32.94936712973635,3.680310247552288,0.613407053921902,0,1723.1689453125
49224,5,104,25,42,2,34.87463535940825,3.7665624424042474,0.8513997106635237,0,1723.1689453125
49224,5,104,25,43,2,38.01686714412283,3.8734263779420988,0.848528137423857,0,1723.1689453125
49224,5,104,25,44,2,41.52498264245372,3.9631252541913327,0.8513997106635237,0,1723.1689453125
49224,5,104,25,45,2,44.15205069594867,4.0171433386527164,0.613407053921902,0,1723.1689453125
49224,5,104,25,46,2,34.4869234899199,3.867937651338627,0.848528137423857,0,1723.1689453125
49224,5,104,25,47,2,37.99197135977266,3.9664872005262395,0.848528137423857,0,1723.1689453125
49224,5,104,25,48,2,30.958255702563285,3.8611974549813577,0.682842712474619,0,1723.1689453125
49224,5,104,25,49,2,34.45947753735523,3.9705384773324868,0.8513997106635237,0,1723.1689453125
49224,5,104,25,50,2,38.29487678723731,4.058870492966793,0.682842712474619,0,1723.1689453125
49224,5,104,25,51,2,32.19824491230868,4.050761423197956,0.613407053921902,0,1723.1689453125
49224,5,104,25,52,2,21.060674322035183,-1.3204608093956196,0.613407053921902,0,1723.1689453125
49224,5,104,25,53,2,15.499633015368863,-1.4597695814067908,0.682842712474619,0,1723.1689453125
49224,5,104,25,54,2,20.47634292575971,-1.4868281984551444,0.8513997106635237,0,1723.1689453125
49224,5,104,25,55,2,25.46218010335146,-1.5032983677668876,0.682842712474619,0,1723.1689453125
49224,5,104,25,56,2,17.921297923571533,4.668703052323368,0.848528137423857,0,1723.1689453125
49224,5,104,25,57,2,22.917567830544467,4.678231265580597,0.848528137423857,0,1723.1689453125
49224,5,104,25,58,2,12.348514959944408,4.443319662769168,0.613407053921902,0,1723.1689453125
49224,5,104,25,59,2,15.75008631460504,4.502428053338296,0.8513997106635237,0,1723.1689453125
49224,5,104,25,60,2,20.666572403756415,4.552874277957184,0.848528137423857,0,1723.1689453125
49224,5,104,25,61,2,25.61540963798751,4.583883844152026,0.8513997106635237,0,1723.1689453125
49224,5,104,25,62,2,29.090008733643266,4.599303189586006,0.613407053921902,0,1723.1689453125
49224,5,104,25,63,2,18.81487482211364,4.399987150902998,0.848528137423857,0,1723.1689453125
49224,5,104,25,64,2,23.62290224705684,4.465085477682843,0.848528137423857,0,1723.1689453125
49224,5,104,25,65,2,17.4897631265808,4.219047159771703,0.682842712474619,0,1723.1689453125
49224,5,104,25,66,2,22.02121273286516,4.3267817347954365,0.8513997106635237,0,1723.1689453125
49224,5,104,25,67,2,26.720325713364723,4.397221197436326,0.682842712474619,0,1723.1689453125
49224,5,104,25,68,2,23.56188504641724,4.188706057123106,0.613407053921902,0,1723.1689453125
49224,5,105,26,1,2,31.785229653997735,3.154309582155994,0.613407053921902,0,1728.2020263671875
49224,5,105,26,2,2,28.79434325427647,3.330395024629912,0.682842712474619,0,1728.2020263671875
49224,5,105,26,3,2,28.285547677973277,3.155883109004063,0.8513997106635237,0,1728.2020263671875
49224,5,105,26,4,2,28.6536247522142,2.9805052883674827,0.682842712474619,0,1728.2020263671875
49224,5,105,26,5,2,25.94571077829243,3.253761427942428,0.848528137423857,0,1728.2020263671875
49224,5,105,26,6,2,25.867700164270552,3.0604837774947233,0.848528137423857,0,1728.2020263671875
49224,5,105,26,7,2,24.927234209599717,3.5068692798588863,0.613407053921902,0,1728.2020263671875
49224,5,105,26,8,2,23.90162354608365,3.369666610915473,0.8513997106635237,0,1728.2020263671875
49224,5,105,26,9,2,23.286167828487862,3.1589514523129782,0.848528137423857,0,1728.2020263671875
49224,5,105,26,10,2,23.73191134599794,2.9467064661693554,0.8513997106635237,0,1728.2020263671875
49224,5,105,26,11,2,24.65003486676576,2.8069522183653985,0.613407053921902,0,1728.2020263671875
49224,5,105,26,12,2,20.98459702935473,3.2804350356209637,0.848528137423857,0,1728.2020263671875
49224,5,105,26,13,2,20.888066365324633,3.0410887189659452,0.848528137423857,0,1728.2020263671875
49224,5,105,26,14,2,19.064653493633283,3.4290001039771654,0.682842712474619,0,1728.2020263671875
49224,5,105,26,15,2,18.2871270797276,3.1636974115992946,0.8513997106635237,0,1728.2020263671875
49224,5,105,26,16,2,18.851446120335417,2.895320453613487,0.682842712474619,0,1728.2020263671875
49224,5,105,26,17,2,14.78818447665666,3.168928662647338,0.613407053921902,0,1728.2020263671875
49224,5,105,26,18,2,11.2033667967022,0.4226909031009558,0.613407053921902,0,1728.2020263671875
49224,5,105,26,19,2,8.139044433834162,0.600022362784734,0.8513997106635237,0,1728.2020263671875
49224,5,105,26,20,2,6.729490344604422,-0.06010009847970621,0.6466890965784271,0,1728.2020263671875
49224,5,105,26,21,2,11.713327806124507,0.9600507659086369,0.682842712474619,0,1728.2020263671875
49224,5,105,26,22,2,4.709388490050883,0.46120331251414926,0.848528137423857,0,1728.2020263671875
49224,5,105,26,23,2,8.25447417756131,1.0345466462189927,0.848528137423857,0,1728.2020263671875
49224,5,105,26,24,2,4.265211929794194,-1.1563983306024377,0.4815389220537701,0,1728.2020263671875
49224,5,105,26,25,,,,,0,1728.2020263671875
49224,5,105,26,26,2,4.906183812529178,1.2131868982225735,0.848528137423857,1,1728.2020263671875
49224,5,105,26,27,2,9.748263619749215,1.3937032550558803,0.8513997106635237,0,1728.2020263671875
49224,5,105,26,28,2,13.207923621772952,1.4404036449858828,0.613407053921902,0,1728.2020263671875
49224,5,105,26,29,2,2.2371712622461923,1.928200228407042,0.848528137423857,0,1728.2020263671875
49224,5,105,26,30,2,7.138833185782039,1.6806512473622919,0.848528137423857,0,1728.2020263671875
49224,5,105,26,31,2,3.3074508176112167,3.264107715716015,0.6466890965784271,0,1728.2020263671875
49224,5,105,26,32,2,5.647763708647859,2.1910378824876378,0.8513997106635237,0,1728.2020263671875
49224,5,105,26,33,2,10.141757190276374,1.9004100716253762,0.682842712474619,0,1728.2020263671875
49224,5,105,26,34,2,8.193036776629125,2.546072070484226,0.613407053921902,0,1728.2020263671875
49224,5,105,26,35,2,44.70276724627637,3.7460205559750617,0.613407053921902,0,1728.2020263671875
49224,5,105,26,36,2,41.870141900407766,3.793542937735418,0.8513997106635237,0,1728.2020263671875
49224,5,105,26,37,2,39.039297979831616,3.691558314618598,0.682842712474619,0,1728.2020263671875
49224,5,105,26,38,2,45.07938307876983,3.8818244773002184,0.682842712474619,0,1728.2020263671875
49224,5,105,26,39,2,38.3689260614105,3.781282438813151,0.848528137423857,0,1728.2020263671875
49224,5,105,26,40,2,41.54776146927994,3.8779823153053665,0.848528137423857,0,1728.2020263671875
49224,5,105,26,41,2,32.94936712973635,3.680310247552288,0.613407053921902,0,1728.2020263671875
49224,5,105,26,42,2,34.87463535940825,3.7665624424042474,0.8513997106635237,0,1728.2020263671875
49224,5,105,26,43,2,38.01686714412283,3.8734263779420988,0.848528137423857,0,1728.2020263671875
49224,5,105,26,44,2,41.52498264245372,3.9631252541913327,0.8513997106635237,0,1728.2020263671875
49224,5,105,26,45,2,44.15205069594867,4.0171433386527164,0.613407053921902,0,1728.2020263671875
49224,5,105,26,46,2,34.4869234899199,3.867937651338627,0.848528137423857,0,1728.2020263671875
49224,5,105,26,47,2,37.99197135977266,3.9664872005262395,0.848528137423857,0,1728.2020263671875
49224,5,105,26,48,2,30.958255702563285,3.8611974549813577,0.682842712474619,0,1728.2020263671875
49224,5,105,26,49,2,34.45947753735523,3.9705384773324868,0.8513997106635237,0,1728.2020263671875
49224,5,105,26,50,2,38.29487678723731,4.058870492966793,0.682842712474619,0,1728.2020263671875
49224,5,105,26,51,2,32.19824491230868,4.050761423197956,0.613407053921902,0,1728.2020263671875
49224,5,105,26,52,2,21.060674322035183,-1.3204608093956196,0.613407053921902,0,1728.2020263671875
49224,5,105,26,53,2,15.499633015368863,-1.4597695814067908,0.682842712474619,0,1728.2020263671875
49224,5,105,26,54,2,20.47634292575971,-1.4868281984551444,0.8513997106635237,0,1728.2020263671875
49224,5,105,26,55,2,25.46218010335146,-1.5032983677668876,0.682842712474619,0,1728.2020263671875
49224,5,105,26,56,2,17.921297923571533,4.668703052323368,0.848528137423857,0,1728.2020263671875
49224,5,105,26,57,2,22.917567830544467,4.678231265580597,0.848528137423857,0,1728.2020263671875
49224,5,105,26,58,2,12.348514959944408,4.443319662769168,0.613407053921902,0,1728.2020263671875
49224,5,105,26,59,2,15.75008631460504,4.502428053338296,0.8513997106635237,0,1728.2020263671875
49224,5,105,26,60,2,20.666572403756415,4.552874277957184,0.848528137423857,0,1728.2020263671875
49224,5,105,26,61,2,25.61540963798751,4.583883844152026,0.8513997106635237,0,1728.2020263671875
49224,5,105,26,62,2,29.090008733643266,4.599303189586006,0.613407053921902,0,1728.2020263671875
49224,5,105,26,63,2,18.81487482211364,4.399987150902998,0.848528137423857,0,1728.2020263671875
49224,5,105,26,64,2,23.62290224705684,4.465085477682843,0.848528137423857,0,1728.2020263671875
49224,5,105,26,65,2,17.4897631265808,4.219047159771703,0.682842712474619,0,1728.2020263671875
49224,5,105,26,66,2,22.02121273286516,4.3267817347954365,0.8513997106635237,0,1728.2020263671875
49224,5,105,26,67,2,26.720325713364723,4.397221197436326,0.682842712474619,0,1728.2020263671875
49224,5,105,26,68,2,23.56188504641724,4.188706057123106,0.613407053921902,0,1728.2020263671875
49224,5,106,30,1,2,33.10165280841221,1.655612791108257,0.613407053921902,0,1732.2020263671875
49224,5,106,30,2,2,30.498078600427494,1.829566158970557,0.682842712474619,0,1732.2020263671875
49224,5,106,30,3,2,29.615718741803487,1.6656245954848568,0.8513997106635237,0,1732.2020263671875
49224,5,106,30,4,2,29.56431624220941,1.4964559081565136,0.682842712474619,0,1732.2020263671875
49224,5,106,30,5,2,27.499063547470783,1.764899446272491,0.848528137423857,0,1732.2020263671875
49224,5,106,30,6,2,26.984375002278508,1.582069762476793,0.848528137423857,0,1732.2020263671875
49224,5,106,30,7,2,26.96637900403079,2.0033559814440856,0.613407053921902,0,1732.2020263671875
49224,5,106,30,8,2,25.696423785851263,1.8793780295297946,0.8513997106635237,0,1732.2020263671875
49224,5,106,30,9,2,24.642731051119707,1.684837570646217,0.848528137423857,0,1732.2020263671875
49224,5,106,30,10,2,24.58093147001505,1.4813476951991662,0.8513997106635237,0,1732.2020263671875
49224,5,106,30,11,2,25.13648326092188,1.3422160715584814,0.613407053921902,0,1732.2020263671875
49224,5,106,30,12,2,22.613533404845104,1.8075608677320385,0.848528137423857,0,1732.2020263671875
49224,5,106,30,13,2,21.984764982319057,1.5846336309675981,0.848528137423857,0,1732.2020263671875
49224,5,106,30,14,2,20.987605686363356,1.9517953550491722,0.682842712474619,0,1732.2020263671875
49224,5,106,30,15,2,19.683434423952246,1.713747684341568,0.8513997106635237,0,1732.2020263671875
49224,5,106,30,16,2,19.60600900228767,1.4585645966140919,0.682842712474619,0,1732.2020263671875
49224,5,106,30,17,2,16.226797856230743,1.7444811632204624,0.613407053921902,0,1732.2020263671875
49224,5,106,30,18,2,9.280837907418507,-1.3319364799041606,0.613407053921902,0,1732.2020263671875
49224,5,106,30,19,2,5.938229897775098,-1.1920311373582502,0.8513997106635237,0,1732.2020263671875
49224,5,106,30,20,2,6.189069077258163,-2.041023899417624,0.6466890965784271,0,1732.2020263671875
49224,5,106,30,21,2,9.067556043090491,-0.6541317223452846,0.682842712474619,0,1732.2020263671875
49224,5,106,30,22,2,3.0326352647239228,-1.6712741642177988,0.765685424949238,0,1732.2020263671875
49224,5,106,30,23,2,5.581655213698171,-0.5711281888484793,0.848528137423857,0,1732.2020263671875
49224,5,106,30,24,2,6.325391702166312,-3.0597134211003443,0.4815389220537701,0,1732.2020263671875
49224,5,106,30,25,,,,,0,1732.2020263671875
49224,5,106,30,26,,,,,0,1732.2020263671875
49224,5,106,30,27,2,7.214372843870623,-0.07177118922973344,0.8513997106635237,0,1732.2020263671875
49224,5,106,30,28,2,10.708303989120205,-0.048330825134842215,0.613407053921902,0,1732.2020263671875
49224,5,106,30,29,2,2.005861307428346,1.7230393954211056,0.765685424949238,0,1732.2020263671875
49224,5,106,30,30,2,5.097202944791878,0.3995135520365983,0.848528137423857,1,1732.2020263671875
49224,5,106,30,31,2,5.287511883169175,2.1298025984578524,0.6466890965784271,0,1732.2020263671875
49224,5,106,30,32,2,4.991570914092284,1.1153072730861813,0.8513997106635237,0,1732.2020263671875
49224,5,106,30,33,2,8.477840436465463,0.5571274830647164,0.682842712474619,0,1732.2020263671875
49224,5,106,30,34,2,8.279154681817811,1.302363936829604,0.613407053921902,0,1732.2020263671875
49224,5,106,30,35,2,47.07181779160086,2.202692863597122,0.613407053921902,0,1732.2020263671875
49224,5,106,30,36,2,44.295907352154074,2.249381551794531,0.8513997106635237,0,1732.2020263671875
49224,5,106,30,37,2,41.3410861785993,2.155090819813934,0.682842712474619,0,1732.2020263671875
49224,5,106,30,38,2,47.59379591790153,2.3312548199274805,0.682842712474619,0,1732.2020263671875
49224,5,106,30,39,2,40.78226459897243,2.2401390916039543,0.848528137423857,0,1732.2020263671875
49224,5,106,30,40,2,44.05944969634599,2.3292537516224625,0.848528137423857,0,1732.2020263671875
49224,5,106,30,41,2,35.24030933864816,2.150513663822153,0.613407053921902,0,1732.2020263671875
49224,5,106,30,42,2,37.27276221975751,2.229155050187062,0.8513997106635237,0,1732.2020263671875
49224,5,106,30,43,2,40.52531067388412,2.326903653398677,0.848528137423857,0,1732.2020263671875
49224,5,106,30,44,2,44.10604048131128,2.4094705216218535,0.8513997106635237,0,1732.2020263671875
49224,5,106,30,45,2,46.767747520551374,2.4595167661593997,0.613407053921902,0,1732.2020263671875
49224,5,106,30,46,2,36.991438237581534,2.3241045171847836,0.848528137423857,0,1732.2020263671875
49224,5,106,30,47,2,40.575959688084424,2.4141104808660834,0.848528137423857,0,1732.2020263671875
49224,5,106,30,48,2,33.45791685916492,2.3207141108318075,0.682842712474619,0,1732.2020263671875
49224,5,106,30,49,2,37.04691893098582,2.419634571469936,0.8513997106635237,0,1732.2020263671875
49224,5,106,30,50,2,40.933069809180914,2.500446412343197,0.682842712474619,0,1732.2020263671875
49224,5,106,30,51,2,34.833110401225746,2.495117125257496,0.613407053921902,0,1732.2020263671875
49224,5,106,30,52,2,23.155357130063514,-2.967215222158847,0.613407053921902,0,1732.2020263671875
49224,5,106,30,53,2,17.811714800984035,-3.112543655310126,0.682842712474619,0,1732.2020263671875
49224,5,106,30,54,2,22.81006764294742,-3.11891038548811,0.8513997106635237,0,1732.2020263671875
49224,5,106,30,55,2,27.809012704518658,-3.122988269572489,0.682842712474619,0,1732.2020263671875
49224,5,106,30,56,2,20.400771712893874,3.0442534592626327,0.848528137423857,0,1732.2020263671875
49224,5,106,30,57,2,25.381755026117755,3.0633993952496192,0.848528137423857,0,1732.2020263671875
49224,5,106,30,58,2,14.990142957304126,2.83790563865541,0.613407053921902,0,1732.2020263671875
49224,5,106,30,59,2,18.359841695597073,2.8949436894771154,0.8513997106635237,0,1732.2020263671875
49224,5,106,30,60,2,23.24060646393781,2.9474957031073274,0.848528137423857,0,1732.2020263671875
49224,5,106,30,61,2,28.163234731398862,2.9817457171120134,0.8513997106635237,0,1732.2020263671875
49224,5,106,30,62,2,31.62352275985143,2.999362782055352,0.613407053921902,0,1732.2020263671875
49224,5,106,30,63,2,21.471331803532863,2.8103604150807926,0.848528137423857,0,1732.2020263671875
49224,5,106,30,64,2,26.249954116943613,2.872344689111992,0.848528137423857,0,1732.2020263671875
49224,5,106,30,65,2,20.172019978752147,2.6522001661754766,0.682842712474619,0,1732.2020263671875
49224,5,106,30,66,2,24.697214250749393,2.747515028744094,0.8513997106635237,0,1732.2020263671875
49224,5,106,30,67,2,29.376766218759716,2.812912031968773,0.682842712474619,0,1732.2020263671875
49224,5,106,30,68,2,26.240827231672263,2.6240450375416984,0.613407053921902,0,1732.2020263671875
49224,5,107,27,1,2,33.52841226767861,1.7037563980374362,0.613407053921902,0,1732.552001953125
49224,5,107,27,2,2,31.543980439582977,1.8814645798076506,0.682842712474619,0,1732.552001953125
49224,5,107,27,3,2,30.100186029027643,1.7259542891330213,0.8513997106635237,0,1732.552001953125
49224,5,107,27,4,2,29.445198182239295,1.5592593373470682,0.682842712474619,0,1732.552001953125
49224,5,107,27,5,2,28.34541409695572,1.831082032438006,0.848528137423857,0,1732.552001953125
49224,5,107,27,6,2,27.19303214680506,1.655611292819326,0.848528137423857,0,1732.552001953125
49224,5,107,27,7,2,28.599910030754067,2.0596959417681338,0.613407053921902,0,1732.552001953125
49224,5,107,27,8,2,26.94260198410171,1.9485843850920426,0.8513997106635237,0,1732.552001953125
49224,5,107,27,9,2,25.236923320464378,1.7680931824342565,0.848528137423857,0,1732.552001953125
49224,5,107,27,10,2,24.452010054232268,1.5689828337518956,0.8513997106635237,0,1732.552001953125
49224,5,107,27,11,2,24.502035499092113,1.4258840556659174,0.613407053921902,0,1732.552001953125
49224,5,107,27,12,2,23.65044608519729,1.8975120962617689,0.848528137423857,0,1732.552001953125
49224,5,107,27,13,2,22.25628219263274,1.6878380249274985,0.848528137423857,0,1732.552001953125
49224,5,107,27,14,2,22.511883559014983,2.0427019263712376,0.682842712474619,0,1732.552001953125
49224,5,107,27,15,2,20.439750448181268,1.8301696707448258,0.8513997106635237,0,1732.552001953125
49224,5,107,27,16,2,19.462319887238618,1.5836941372435223,0.682842712474619,0,1732.552001953125
49224,5,107,27,17,2,17.150806633350395,1.8941128270813052,0.613407053921902,0,1732.552001953125
49224,5,107,27,18,2,9.195333799731895,-1.7827644122829858,0.613407053921902,0,1732.552001953125
49224,5,107,27,19,2,5.760850102011195,-1.875406863296938,0.8513997106635237,0,1732.552001953125
49224,5,107,27,20,2,8.496404939064819,-2.4829334574190076,0.6466890965784271,0,1732.552001953125
49224,5,107,27,21,2,6.647246866720066,-1.0576165896927507,0.682842712474619,0,1732.552001953125
49224,5,107,27,22,2,4.974695522616421,-2.5309823100148323,0.765685424949238,0,1732.552001953125
49224,5,107,27,23,2,3.278123327761969,-1.2877536342014921,0.848528137423857,0,1732.552001953125
49224,5,107,27,24,2,9.917603000783163,-3.1413642209526946,0.4815389220537701,0,1732.552001953125
49224,5,107,27,25,,,,,0,1732.552001953125
49224,5,107,27,26,,,,,0,1732.552001953125
49224,5,107,27,27,2,3.6475733311603236,-0.22104607264643944,0.7685569981889047,1,1732.552001953125
49224,5,107,27,28,2,7.124165853816583,-0.14175144887315017,0.613407053921902,0,1732.552001953125
49224,5,107,27,29,2,4.343557970352433,2.6267022362828056,0.765685424949238,0,1732.552001953125
49224,5,107,27,30,,,,,0,1732.552001953125
49224,5,107,27,31,2,7.773461100868108,2.478949849126272,0.6466890965784271,0,1732.552001953125
49224,5,107,27,32,2,4.628735734084088,1.8189952135648577,0.7685569981889047,0,1732.552001953125
49224,5,107,27,33,2,5.694180494615911,0.8273035257657159,0.5638463841038082,0,1732.552001953125
49224,5,107,27,34,2,8.034825742064202,1.6868447601701684,0.613407053921902,0,1732.552001953125
49224,5,107,27,35,2,49.226830534212816,2.2034152793198714,0.613407053921902,0,1732.552001953125
49224,5,107,27,36,2,46.584843181390625,2.25135766489858,0.8513997106635237,0,1732.552001953125
49224,5,107,27,37,2,43.372181306040325,2.166096957485115,0.682842712474619,0,1732.552001953125
49224,5,107,27,38,2,50.091407618727175,2.3251591278030177,0.682842712474619,0,1732.552001953125
49224,5,107,27,39,2,43.05330896214435,2.2476035523096027,0.848528137423857,0,1732.552001953125
49224,5,107,27,40,2,46.557372301071524,2.327290512655616,0.848528137423857,0,1732.552001953125
49224,5,107,27,41,2,37.275677845633545,2.173246730823677,0.613407053921902,0,1732.552001953125
49224,5,107,27,42,2,39.52248993857752,2.243178605742703,0.8513997106635237,0,1732.552001953125
49224,5,107,27,43,2,43.023583229848306,2.3297720376279494,0.848528137423857,0,1732.552001953125
49224,5,107,27,44,2,46.79775867417591,2.402877228216281,0.8513997106635237,0,1732.552001953125
49224,5,107,27,45,2,49.568954689602975,2.447268624917074,0.613407053921902,0,1732.552001953125
49224,5,107,27,46,2,39.49010651151484,2.3326976647902002,0.848528137423857,0,1732.552001953125
49224,5,107,27,47,2,43.28359984198992,2.411502365929427,0.848528137423857,0,1732.552001953125
49224,5,107,27,48,2,35.957034230396275,2.3361982605407032,0.682842712474619,0,1732.552001953125
49224,5,107,27,49,2,39.773229861762694,2.42165087633716,0.8513997106635237,0,1732.552001953125
49224,5,107,27,50,2,43.82820229746293,2.491728992011182,0.682842712474619,0,1732.552001953125
49224,5,107,27,51,2,37.72633806013064,2.4949592052669916,0.613407053921902,0,1732.552001953125
49224,5,107,27,52,2,26.714800746799092,-3.0470670946366925,0.613407053921902,0,1732.552001953125
49224,5,107,27,53,2,21.408229869837566,-3.173223971947943,0.682842712474619,0,1732.552001953125
49224,5,107,27,54,2,26.406700080671342,-3.1784255559026953,0.8513997106635237,0,1732.552001953125
49224,5,107,27,55,2,31.405657327004807,-3.1819713003847423,0.682842712474619,0,1732.552001953125
49224,5,107,27,56,2,23.976499073148748,3.002661755328798,0.848528137423857,0,1732.552001953125
49224,5,107,27,57,2,28.963321819077063,3.0164279050953087,0.848528137423857,0,1732.552001953125
49224,5,107,27,58,2,18.435838857111214,2.8408310026494363,0.613407053921902,0,1732.552001953125
49224,5,107,27,59,2,21.850199231560282,2.879173538883427,0.8513997106635237,0,1732.552001953125
49224,5,107,27,60,2,26.76626065496636,2.9169007418709305,0.848528137423857,0,1732.552001953125
49224,5,107,27,61,2,31.70858263058005,2.942895097786083,0.8513997106635237,0,1732.552001953125
49224,5,107,27,62,2,35.177908757256006,2.956739039047098,0.613407053921902,0,1732.552001953125
49224,5,107,27,63,2,24.879537939917114,2.8009686353565213,0.848528137423857,0,1732.552001953125
49224,5,107,27,64,2,29.715196635635742,2.8477318332191137,0.848528137423857,0,1732.552001953125
49224,5,107,27,65,2,23.378411125607954,2.668143297949479,0.682842712474619,0,1732.552001953125
49224,5,107,27,66,2,28.02769362164273,2.740025034182017,0.8513997106635237,0,1732.552001953125
49224,5,107,27,67,2,32.780376946267644,2.7912681614885635,0.682842712474619,0,1732.552001953125
49224,5,107,27,68,2,29.388515443247947,2.6276099663652155,0.613407053921902,0,1732.552001953125
49224,5,108,33,1,2,33.52841226767861,1.7037563980374362,0.613407053921902,0,1732.6180419921875
49224,5,108,33,2,2,31.543980439582977,1.8814645798076506,0.682842712474619,0,1732.6180419921875
49224,5,108,33,3,2,30.100186029027643,1.7259542891330213,0.8513997106635237,0,1732.6180419921875
49224,5,108,33,4,2,29.445198182239295,1.5592593373470682,0.682842712474619,0,1732.6180419921875
49224,5,108,33,5,2,28.34541409695572,1.831082032438006,0.848528137423857,0,1732.6180419921875
49224,5,108,33,6,2,27.19303214680506,1.655611292819326,0.848528137423857,0,1732.6180419921875
49224,5,108,33,7,2,28.599910030754067,2.0596959417681338,0.613407053921902,0,1732.6180419921875
49224,5,108,33,8,2,26.94260198410171,1.9485843850920426,0.8513997106635237,0,1732.6180419921875
49224,5,108,33,9,2,25.236923320464378,1.7680931824342565,0.848528137423857,0,1732.6180419921875
49224,5,108,33,10,2,24.452010054232268,1.5689828337518956,0.8513997106635237,0,1732.6180419921875
49224,5,108,33,11,2,24.502035499092113,1.4258840556659174,0.613407053921902,0,1732.6180419921875
49224,5,108,33,12,2,23.65044608519729,1.8975120962617689,0.848528137423857,0,1732.6180419921875
49224,5,108,33,13,2,22.25628219263274,1.6878380249274985,0.848528137423857,0,1732.6180419921875
49224,5,108,33,14,2,22.511883559014983,2.0427019263712376,0.682842712474619,0,1732.6180419921875
49224,5,108,33,15,2,20.439750448181268,1.8301696707448258,0.8513997106635237,0,1732.6180419921875
49224,5,108,33,16,2,19.462319887238618,1.5836941372435223,0.682842712474619,0,1732.6180419921875
49224,5,108,33,17,2,17.150806633350395,1.8941128270813052,0.613407053921902,0,1732.6180419921875
49224,5,108,33,18,2,9.195333799731895,-1.7827644122829858,0.613407053921902,0,1732.6180419921875
49224,5,108,33,19,2,5.760850102011195,-1.875406863296938,0.8513997106635237,0,1732.6180419921875
49224,5,108,33,20,2,8.496404939064819,-2.4829334574190076,0.6466890965784271,0,1732.6180419921875
49224,5,108,33,21,2,6.647246866720066,-1.0576165896927507,0.6466890965784271,0,1732.6180419921875
49224,5,108,33,22,2,4.974695522616421,-2.5309823100148323,0.765685424949238,0,1732.6180419921875
49224,5,108,33,23,2,3.278123327761969,-1.2877536342014921,0.765685424949238,0,1732.6180419921875
49224,5,108,33,24,2,9.917603000783163,-3.1413642209526946,0.4815389220537701,0,1732.6180419921875
49224,5,108,33,25,,,,,0,1732.6180419921875
49224,5,108,33,26,,,,,0,1732.6180419921875
49224,5,108,33,27,,,,,0,1732.6180419921875
49224,5,108,33,28,2,7.124165853816583,-0.14175144887315017,0.4815389220537701,0,1732.6180419921875
49224,5,108,33,29,2,4.343557970352433,2.6267022362828056,0.765685424949238,0,1732.6180419921875
49224,5,108,33,30,,,,,0,1732.6180419921875
49224,5,108,33,31,2,7.773461100868108,2.478949849126272,0.6466890965784271,0,1732.6180419921875
49224,5,108,33,32,2,4.628735734084088,1.8189952135648577,0.7685569981889047,0,1732.6180419921875
49224,5,108,33,33,2,5.694180494615911,0.8273035257657159,0.5276927682076162,1,1732.6180419921875
49224,5,108,33,34,2,8.034825742064202,1.6868447601701684,0.613407053921902,0,1732.6180419921875
49224,5,108,33,35,2,49.226830534212816,2.2034152793198714,0.613407053921902,0,1732.6180419921875
49224,5,108,33,36,2,46.584843181390625,2.25135766489858,0.8513997106635237,0,1732.6180419921875
49224,5,108,33,37,2,43.372181306040325,2.166096957485115,0.682842712474619,0,1732.6180419921875
49224,5,108,33,38,2,50.091407618727175,2.3251591278030177,0.682842712474619,0,1732.6180419921875
49224,5,108,33,39,2,43.05330896214435,2.2476035523096027,0.848528137423857,0,1732.6180419921875
49224,5,108,33,40,2,46.557372301071524,2.327290512655616,0.848528137423857,0,1732.6180419921875
49224,5,108,33,41,2,37.275677845633545,2.173246730823677,0.613407053921902,0,1732.6180419921875
49224,5,108,33,42,2,39.52248993857752,2.243178605742703,0.8513997106635237,0,1732.6180419921875
49224,5,108,33,43,2,43.023583229848306,2.3297720376279494,0.848528137423857,0,1732.6180419921875
49224,5,108,33,44,2,46.79775867417591,2.402877228216281,0.8513997106635237,0,1732.6180419921875
49224,5,108,33,45,2,49.568954689602975,2.447268624917074,0.613407053921902,0,1732.6180419921875
49224,5,108,33,46,2,39.49010651151484,2.3326976647902002,0.848528137423857,0,1732.6180419921875
49224,5,108,33,47,2,43.28359984198992,2.411502365929427,0.848528137423857,0,1732.6180419921875
49224,5,108,33,48,2,35.957034230396275,2.3361982605407032,0.682842712474619,0,1732.6180419921875
49224,5,108,33,49,2,39.773229861762694,2.42165087633716,0.8513997106635237,0,1732.6180419921875
49224,5,108,33,50,2,43.82820229746293,2.491728992011182,0.682842712474619,0,1732.6180419921875
49224,5,108,33,51,2,37.72633806013064,2.4949592052669916,0.613407053921902,0,1732.6180419921875
49224,5,108,33,52,2,26.714800746799092,-3.0470670946366925,0.613407053921902,0,1732.6180419921875
49224,5,108,33,53,2,21.408229869837566,-3.173223971947943,0.682842712474619,0,1732.6180419921875
49224,5,108,33,54,2,26.406700080671342,-3.1784255559026953,0.8513997106635237,0,1732.6180419921875
49224,5,108,33,55,2,31.405657327004807,-3.1819713003847423,0.682842712474619,0,1732.6180419921875
49224,5,108,33,56,2,23.976499073148748,3.002661755328798,0.848528137423857,0,1732.6180419921875
49224,5,108,33,57,2,28.963321819077063,3.0164279050953087,0.848528137423857,0,1732.6180419921875
49224,5,108,33,58,2,18.435838857111214,2.8408310026494363,0.613407053921902,0,1732.6180419921875
49224,5,108,33,59,2,21.850199231560282,2.879173538883427,0.8513997106635237,0,1732.6180419921875
49224,5,108,33,60,2,26.76626065496636,2.9169007418709305,0.848528137423857,0,1732.6180419921875
49224,5,108,33,61,2,31.70858263058005,2.942895097786083,0.8513997106635237,0,1732.6180419921875
49224,5,108,33,62,2,35.177908757256006,2.956739039047098,0.613407053921902,0,1732.6180419921875
49224,5,108,33,63,2,24.879537939917114,2.8009686353565213,0.848528137423857,0,1732.6180419921875
49224,5,108,33,64,2,29.715196635635742,2.8477318332191137,0.848528137423857,0,1732.6180419921875
49224,5,108,33,65,2,23.378411125607954,2.668143297949479,0.682842712474619,0,1732.6180419921875
49224,5,108,33,66,2,28.02769362164273,2.740025034182017,0.8513997106635237,0,1732.6180419921875
49224,5,108,33,67,2,32.780376946267644,2.7912681614885635,0.682842712474619,0,1732.6180419921875
49224,5,108,33,68,2,29.388515443247947,2.6276099663652155,0.613407053921902,0,1732.6180419921875
49224,5,109,29,1,2,32.77592258344597,1.2069565092838932,0.613407053921902,0,1732.8189697265625
49224,5,109,29,2,2,31.299076369672683,1.3921128338373525,0.682842712474619,0,1732.8189697265625
49224,5,109,29,3,2,29.42259150523886,1.2392430001830204,0.8513997106635237,0,1732.8189697265625
49224,5,109,29,4,2,28.315112575684818,1.0701153557018506,0.682842712474619,0,1732.8189697265625
49224,5,109,29,5,2,27.971957135971017,1.3516913224427896,0.848528137423857,0,1732.8189697265625
49224,5,109,29,6,2,26.334143147369556,1.1774094719893045,0.848528137423857,0,1732.8189697265625
49224,5,109,29,7,2,28.873555109240716,1.578686189548422,0.613407053921902,0,1732.8189697265625
49224,5,109,29,8,2,26.910441860903106,1.4746878934820322,0.8513997106635237,0,1732.8189697265625
49224,5,109,29,9,2,24.702805315157978,1.3004677976967858,0.848528137423857,0,1732.8189697265625
49224,5,109,29,10,2,23.372746944425423,1.099541765588468,0.8513997106635237,0,1732.8189697265625
49224,5,109,29,11,2,23.04940338123383,0.9492514941244407,0.613407053921902,0,1732.8189697265625
49224,5,109,29,12,2,23.494043618990823,1.4384921030209297,0.848528137423857,0,1732.8189697265625
49224,5,109,29,13,2,21.518057413730315,1.2338607036094906,0.848528137423857,0,1732.8189697265625
49224,5,109,29,14,2,22.775240519113943,1.5882826255403937,0.682842712474619,0,1732.8189697265625
49224,5,109,29,15,2,20.118854092443748,1.3900692301546216,0.8513997106635237,0,1732.8189697265625
49224,5,109,29,16,2,18.461446294442677,1.1446831297789362,0.682842712474619,0,1732.8189697265625
49224,5,109,29,17,2,17.049811719815292,1.4809467277825146,0.613407053921902,0,1732.8189697265625
49224,5,109,29,18,2,11.155773695397304,-2.5660460011489037,0.613407053921902,0,1732.8189697265625
49224,5,109,29,19,2,7.9701629252361,-2.7199499033348014,0.8513997106635237,0,1732.8189697265625
49224,5,109,29,20,2,11.290119032377705,-3.1166751142841984,0.6466890965784271,0,1732.8189697265625
49224,5,109,29,21,2,7.041321349317817,-2.051771361261573,0.6466890965784271,0,1732.8189697265625
49224,5,109,29,22,2,7.792643494528092,-3.1718395379553495,0.765685424949238,0,1732.8189697265625
49224,5,109,29,23,2,4.667119231641913,-2.5128386633332407,0.765685424949238,0,1732.8189697265625
49224,5,109,29,24,2,12.547405776021126,-3.623882918293282,0.4815389220537701,0,1732.8189697265625
49224,5,109,29,25,,,,,0,1732.8189697265625
49224,5,109,29,26,,,,,0,1732.8189697265625
49224,5,109,29,27,,,,,0,1732.8189697265625
49224,5,109,29,28,2,5.003019417571863,-1.0398914690583887,0.4190965632626408,0,1732.8189697265625
49224,5,109,29,29,2,6.41760025853649,2.417752788448994,0.765685424949238,1,1732.8189697265625
49224,5,109,29,30,,,,,0,1732.8189697265625
49224,5,109,29,31,2,9.401456730548226,2.17298918866975,0.6466890965784271,0,1732.8189697265625
49224,5,109,29,32,2,4.944097283217772,1.8391645237982241,0.7685569981889047,0,1732.8189697265625
49224,5,109,29,33,,,,,0,1732.8189697265625
49224,5,109,29,34,2,7.6168437201908645,1.4688145351985242,0.6034068236642477,0,1732.8189697265625
49224,5,109,29,35,2,49.844135614872954,1.6799139693632452,0.613407053921902,0,1732.8189697265625
49224,5,109,29,36,2,47.33778242463367,1.730212609918361,0.8513997106635237,0,1732.8189697265625
49224,5,109,29,37,2,43.89672372935715,1.6506135399044752,0.682842712474619,0,1732.8189697265625
49224,5,109,29,38,2,51.037328844605554,1.7986561685266391,0.682842712474619,0,1732.8189697265625
49224,5,109,29,39,2,43.802555282813735,1.73123538867106,0.848528137423857,0,1732.8189697265625
49224,5,109,29,40,2,47.51428353678926,1.8046853740537925,0.848528137423857,0,1732.8189697265625
49224,5,109,29,41,2,37.83453118817037,1.6679616720335506,0.613407053921902,0,1732.8189697265625
49224,5,109,29,42,2,40.267382007351195,1.732437753435661,0.8513997106635237,0,1732.8189697265625
49224,5,109,29,43,2,43.99324203143478,1.8116799754011108,0.848528137423857,0,1732.8189697265625
49224,5,109,29,44,2,47.95152380422179,1.8782032137787432,0.8513997106635237,0,1732.8189697265625
49224,5,109,29,45,2,50.831672593415256,1.91848605440953,0.613407053921902,0,1732.8189697265625
49224,5,109,29,46,2,40.47472728578164,1.8198911362560501,0.848528137423857,0,1732.8189697265625
49224,5,109,29,47,2,44.46511935853592,1.890923342110908,0.848528137423857,0,1732.8189697265625
49224,5,109,29,48,2,36.95946094412625,1.8296650147097893,0.682842712474619,0,1732.8189697265625
49224,5,109,29,49,2,40.98713266368902,1.9058049784210742,0.8513997106635237,0,1732.8189697265625
49224,5,109,29,50,2,45.20938325946609,1.9680307531528318,0.682842712474619,0,1732.8189697265625
49224,5,109,29,51,2,39.1263700549764,1.979846421234471,0.613407053921902,0,1732.8189697265625
49224,5,109,29,52,2,29.404558162650922,-3.5936855668972827,0.613407053921902,0,1732.8189697265625
49224,5,109,29,53,2,23.974089353761936,-3.698652402872183,0.682842712474619,0,1732.8189697265625
49224,5,109,29,54,2,28.96032201223962,-3.712724431605697,0.8513997106635237,0,1732.8189697265625
49224,5,109,29,55,2,33.95060443884704,-3.722661176396785,0.682842712474619,0,1732.8189697265625
49224,5,109,29,56,2,26.399976437871384,2.4822545419418387,0.848528137423857,0,1732.8189697265625
49224,5,109,29,57,2,31.399077162085728,2.485548112001168,0.848528137423857,0,1732.8189697265625
49224,5,109,29,58,2,20.620546968749487,2.3546782304403697,0.613407053921902,0,1732.8189697265625
49224,5,109,29,59,2,24.087699366849424,2.376143684310843,0.8513997106635237,0,1732.8189697265625
49224,5,109,29,60,2,29.05444116650959,2.3979072786822244,0.848528137423857,0,1732.8189697265625
49224,5,109,29,61,2,34.030924792144816,2.413311334532097,0.8513997106635237,0,1732.8189697265625
49224,5,109,29,62,2,37.51818420054376,2.4216614352001358,0.613407053921902,0,1732.8189697265625
49224,5,109,29,63,2,26.970707376072305,2.2958299229965218,0.848528137423857,0,1732.8189697265625
49224,5,109,29,64,2,31.880438313739827,2.32808595300504,0.848528137423857,0,1732.8189697265625
49224,5,109,29,65,2,25.212646851000684,2.1781310772317983,0.682842712474619,0,1732.8189697265625
49224,5,109,29,66,2,29.99368020006421,2.231355201162964,0.8513997106635237,0,1732.8189697265625
49224,5,109,29,67,2,34.83624753979931,2.26986736244535,0.682842712474619,0,1732.8189697265625
49224,5,109,29,68,2,31.11580084548064,2.122781782649284,0.613407053921902,0,1732.8189697265625
49224,5,110,17,1,2,33.052580547714555,4.392232982481123,0.613407053921902,0,1733.801025390625
49224,5,110,17,2,2,30.799911623976097,4.570248847569048,0.682842712474619,0,1733.801025390625
49224,5,110,17,3,2,29.59377726664055,4.409352874106556,0.8513997106635237,0,1733.801025390625
49224,5,110,17,4,2,29.20528633262006,4.239588789990167,0.682842712474619,0,1733.801025390625
49224,5,110,17,5,2,27.680149131397407,4.513270373321062,0.848528137423857,0,1733.801025390625
49224,5,110,17,6,2,26.802010238024938,4.332306678267156,0.848528137423857,0,1733.801025390625
49224,5,110,17,7,2,27.610318563198707,4.748923784950415,0.613407053921902,0,1733.801025390625
49224,5,110,17,8,2,26.107272147148393,4.631126325962485,0.8513997106635237,0,1733.801025390625
49224,5,110,17,9,2,24.672793839127,4.442120616464251,0.848528137423857,0,1733.801025390625
49224,5,110,17,10,2,24.20545088798918,4.238063103942461,0.8513997106635237,0,1733.801025390625
49224,5,110,17,11,2,24.488034230922075,4.094650740337867,0.613407053921902,0,1733.801025390625
49224,5,110,17,12,2,22.894229815762156,4.570774917521097,0.848528137423857,0,1733.801025390625
49224,5,110,17,13,2,21.824363810194463,4.351833876796894,0.848528137423857,0,1733.801025390625
49224,5,110,17,14,2,21.553300487067,4.718177111706184,0.682842712474619,0,1733.801025390625
49224,5,110,17,15,2,19.79145923747401,4.49112842048464,0.8513997106635237,0,1733.801025390625
49224,5,110,17,16,2,19.205701122619512,4.235743057395906,0.682842712474619,0,1733.801025390625
49224,5,110,17,17,2,16.417077413259886,4.542687403259037,0.613407053921902,1,1733.801025390625
49224,5,110,17,18,2,9.298012812339104,1.1285838131185375,0.613407053921902,0,1733.801025390625
49224,5,110,17,19,2,5.7995232747226355,1.1425851480714988,0.8513997106635237,0,1733.801025390625
49224,5,110,17,20,2,7.5151429361826905,0.41527479482886864,0.682842712474619,0,1733.801025390625
49224,5,110,17,21,2,7.796894707307681,1.8381734935649745,0.6466890965784271,0,1733.801025390625
49224,5,110,17,22,2,4.009784323674649,0.4992668377778653,0.848528137423857,0,1733.801025390625
49224,5,110,17,23,2,4.270300596583328,1.7946247290497008,0.765685424949238,0,1733.801025390625
49224,5,110,17,24,2,8.322397648921209,-0.3696813093120981,0.613407053921902,0,1733.801025390625
49224,5,110,17,25,2,4.849976333006621,-0.3006460779757365,0.7685569981889047,0,1733.801025390625
49224,5,110,17,26,,,,,0,1733.801025390625
49224,5,110,17,27,,,,,0,1733.801025390625
49224,5,110,17,28,2,8.751938754371249,2.5851575592421825,0.4190965632626408,0,1733.801025390625
49224,5,110,17,29,,,,,0,1733.801025390625
49224,5,110,17,30,,,,,0,1733.801025390625
49224,5,110,17,31,2,6.369236022490618,5.096786470197053,0.5638463841038082,0,1733.801025390625
49224,5,110,17,32,2,4.210019521686934,4.19571517546858,0.6271356419515952,0,1733.801025390625
49224,5,110,17,33,,,,,0,1733.801025390625
49224,5,110,17,34,2,7.7075088276700985,4.21898423031067,0.5555604578187299,0,1733.801025390625
49224,5,110,17,35,2,48.04927152027033,4.915551554645823,0.613407053921902,0,1733.801025390625
49224,5,110,17,36,2,45.354724843978865,4.963404835682753,0.8513997106635237,0,1733.801025390625
49224,5,110,17,37,2,42.23988828744493,4.874015368911953,0.682842712474619,0,1733.801025390625
49224,5,110,17,38,2,48.784156944752475,5.0407770774918195,0.682842712474619,0,1733.801025390625
49224,5,110,17,39,2,41.82830579362134,4.957579894902263,0.848528137423857,0,1733.801025390625
49224,5,110,17,40,2,45.24875764815984,5.041433726421559,0.848528137423857,0,1733.801025390625
49224,5,110,17,41,2,36.137559868650705,4.876770619708193,0.613407053921902,0,1733.801025390625
49224,5,110,17,42,2,38.303567268028175,4.9506826473126075,0.8513997106635237,0,1733.801025390625
49224,5,110,17,43,2,41.713381169518804,5.042201682995551,0.848528137423857,0,1733.801025390625
49224,5,110,17,44,2,45.418598302135806,5.119352660149318,0.8513997106635237,0,1733.801025390625
49224,5,110,17,45,2,48.1517300200815,5.166107899815817,0.613407053921902,0,1733.801025390625
49224,5,110,17,46,2,38.1780338478192,5.043111868219383,0.848528137423857,0,1733.801025390625
49224,5,110,17,47,2,41.897555675987064,5.126683270982008,0.848528137423857,0,1733.801025390625
49224,5,110,17,48,2,34.642724609604414,5.0442078243245305,0.682842712474619,0,1733.801025390625
49224,5,110,17,49,2,38.37917757735434,5.135358476757234,0.8513997106635237,0,1733.801025390625
49224,5,110,17,50,2,42.376929745455904,5.209838943068787,0.682842712474619,0,1733.801025390625
49224,5,110,17,51,2,36.27367976313502,5.210309007479999,0.613407053921902,0,1733.801025390625
49224,5,110,17,52,2,25.153776158341017,-0.2938030493820638,0.613407053921902,0,1733.801025390625
49224,5,110,17,53,2,19.800277266804763,-0.4252266009658623,0.682842712474619,0,1733.801025390625
49224,5,110,17,54,2,24.797053917341724,-0.4333277980813297,0.8513997106635237,0,1733.801025390625
49224,5,110,17,55,2,29.794912084393864,-0.43871143435193405,0.682842712474619,0,1733.801025390625
49224,5,110,17,56,2,22.349382093263404,5.741431408029199,0.848528137423857,0,1733.801025390625
49224,5,110,17,57,2,27.337479457475407,5.755380774436962,0.848528137423857,0,1733.801025390625
49224,5,110,17,58,2,16.81831872470516,5.565096434832117,0.613407053921902,0,1733.801025390625
49224,5,110,17,59,2,20.226118681591217,5.608369908609124,0.8513997106635237,0,1733.801025390625
49224,5,110,17,60,2,25.138392551215766,5.649727673280514,0.848528137423857,0,1733.801025390625
49224,5,110,17,61,2,30.07958914606759,5.677533118779748,0.8513997106635237,0,1733.801025390625
49224,5,110,17,62,2,33.54879603491416,5.692116152907037,0.613407053921902,0,1733.801025390625
49224,5,110,17,63,2,23.271007219932503,5.525523997578052,0.848528137423857,0,1733.801025390625
49224,5,110,17,64,2,28.095954871962576,5.576818074174978,0.848528137423857,0,1733.801025390625
49224,5,110,17,65,2,21.820650173660752,5.382314246749123,0.682842712474619,0,1733.801025390625
49224,5,110,17,66,2,26.43829943734067,5.462174419372138,0.8513997106635237,0,1733.801025390625
49224,5,110,17,67,2,31.174133192050345,5.518043016707296,0.682842712474619,0,1733.801025390625
49224,5,110,17,68,2,27.85076489244264,5.344092443715226,0.613407053921902,0,1733.801025390625
49224,5,111,15,1,2,19.600447344678216,-0.039142543076654324,0.613407053921902,0,1735.1190185546875
49224,5,111,15,2,2,16.6330798056236,0.25732229666478745,0.682842712474619,0,1735.1190185546875
49224,5,111,15,3,2,16.10371070256097,-0.04764776114340097,0.8513997106635237,0,1735.1190185546875
49224,5,111,15,4,2,17.087997336238963,-0.34424838254742074,0.682842712474619,0,1735.1190185546875
49224,5,111,15,5,2,13.695519387967929,0.12687673634246965,0.848528137423857,0,1735.1190185546875
49224,5,111,15,6,2,13.972737952088654,-0.2359981139760441,0.848528137423857,0,1735.1190185546875
49224,5,111,15,7,2,13.516134655313289,0.6091004124973258,0.613407053921902,0,1735.1190185546875
49224,5,111,15,8,2,11.86612844278344,0.3647634958274488,0.8513997106635237,0,1735.1190185546875
49224,5,111,15,9,2,11.11193767045907,-0.06908118814394415,0.848528137423857,0,1735.1190185546875
49224,5,111,15,10,2,12.495811832918282,-0.47970317058469414,0.8513997106635237,0,1735.1190185546875
49224,5,111,15,11,2,14.448682346974543,-0.6962883550410017,0.613407053921902,0,1735.1190185546875
49224,5,111,15,12,2,8.758590737475753,0.19917541644700254,0.848528137423857,0,1735.1190185546875
49224,5,111,15,13,2,9.186025597511106,-0.36361008091666713,0.848528137423857,0,1735.1190185546875
49224,5,111,15,14,2,7.412871550285002,0.607762038654946,0.682842712474619,0,1735.1190185546875
49224,5,111,15,15,2,6.1335812697442895,-0.12538005380191786,0.765685424949238,1,1735.1190185546875
49224,5,111,15,16,2,8.383971240652677,-0.7585394171831752,0.682842712474619,0,1735.1190185546875
49224,5,111,15,17,,,,,0,1735.1190185546875
49224,5,111,15,18,2,23.144572539719064,-2.8897658515263966,0.613407053921902,0,1735.1190185546875
49224,5,111,15,19,2,19.774207335972896,-2.84564825915584,0.8513997106635237,0,1735.1190185546875
49224,5,111,15,20,2,18.93011149450819,-3.1010632840348977,0.682842712474619,0,1735.1190185546875
49224,5,111,15,21,2,21.764407419858173,-2.6240944316246577,0.6466890965784271,0,1735.1190185546875
49224,5,111,15,22,2,16.73652796371106,-2.945128531225798,0.848528137423857,0,1735.1190185546875
49224,5,111,15,23,2,18.37883355525088,-2.6750380923582058,0.765685424949238,0,1735.1190185546875
49224,5,111,15,24,2,14.18042145332949,-3.335535623426762,0.613407053921902,0,1735.1190185546875
49224,5,111,15,25,2,13.935690180042052,-3.086525180257454,0.7685569981889047,0,1735.1190185546875
49224,5,111,15,26,,,,,0,1735.1190185546875
49224,5,111,15,27,,,,,0,1735.1190185546875
49224,5,111,15,28,2,19.928945735719694,-2.3436887674952187,0.4190965632626408,0,1735.1190185546875
49224,5,111,15,29,,,,,0,1735.1190185546875
49224,5,111,15,30,,,,,0,1735.1190185546875
49224,5,111,15,31,2,8.947502466818875,-3.055763340317081,0.5638463841038082,0,1735.1190185546875
49224,5,111,15,32,2,10.617342179908446,-2.567385335748371,0.6271356419515952,0,1735.1190185546875
49224,5,111,15,33,,,,,0,1735.1190185546875
49224,5,111,15,34,2,7.910498889766031,-2.3246843892229583,0.5509646951307726,0,1735.1190185546875
49224,5,111,15,35,2,34.520734390413054,0.7781786895884539,0.613407053921902,0,1735.1190185546875
49224,5,111,15,36,2,32.12215847563361,0.8547409197413605,0.8513997106635237,0,1735.1190185546875
49224,5,111,15,37,2,28.539502793588632,0.7394849645431125,0.682842712474619,0,1735.1190185546875
49224,5,111,15,38,2,36.043902543456454,0.9459247877917671,0.682842712474619,0,1735.1190185546875
49224,5,111,15,39,2,28.59617059362463,0.8633074595836807,0.848528137423857,0,1735.1190185546875
49224,5,111,15,40,2,32.558728753563905,0.9632823861824247,0.848528137423857,0,1735.1190185546875
49224,5,111,15,41,2,22.500399736576174,0.7743217171173296,0.613407053921902,0,1735.1190185546875
49224,5,111,15,42,2,25.072871397301984,0.8742825850376614,0.8513997106635237,0,1735.1190185546875
49224,5,111,15,43,2,29.085713426596755,0.9847930298481429,0.848528137423857,0,1735.1190185546875
49224,5,111,15,44,2,33.36627894990056,1.0677616120215938,0.8513997106635237,0,1735.1190185546875
49224,5,111,15,45,2,36.471762539840384,1.1140413977484598,0.613407053921902,0,1735.1190185546875
49224,5,111,15,46,2,25.629799706983132,1.012120296594793,0.848528137423857,0,1735.1190185546875
49224,5,111,15,47,2,29.986938464080314,1.1006182481490288,0.848528137423857,0,1735.1190185546875
49224,5,111,15,48,2,22.19897611391198,1.0479284340753265,0.682842712474619,0,1735.1190185546875
49224,5,111,15,49,2,26.648159147200044,1.1417623944923325,0.8513997106635237,0,1735.1190185546875
49224,5,111,15,50,2,31.264264446216675,1.2083399986314163,0.682842712474619,0,1735.1190185546875
49224,5,111,15,51,2,25.392446676418853,1.2674368471343485,0.613407053921902,0,1735.1190185546875
49224,5,111,15,52,2,25.945612438103307,-3.976569256083556,0.613407053921902,0,1735.1190185546875
49224,5,111,15,53,2,19.904597385516766,-3.9383028109035707,0.682842712474619,0,1735.1190185546875
49224,5,111,15,54,2,23.7386360709285,-4.086081698676834,0.8513997106635237,0,1735.1190185546875
49224,5,111,15,55,2,27.94374148063309,-4.191156554327348,0.682842712474619,0,1735.1190185546875
49224,5,111,15,56,2,20.25549529371126,-4.113737054368843,0.848528137423857,0,1735.1190185546875
49224,5,111,15,57,2,24.548216534445547,-4.228770687679849,0.848528137423857,0,1735.1190185546875
49224,5,111,15,58,2,13.952291742907452,-4.019279823354177,0.613407053921902,0,1735.1190185546875
49224,5,111,15,59,2,16.794264993715274,-4.152832780976092,0.8513997106635237,0,1735.1190185546875
49224,5,111,15,60,2,21.198518394161347,-4.27836201334579,0.848528137423857,0,1735.1190185546875
49224,5,111,15,61,2,25.820670547761996,-4.359884673437492,0.8513997106635237,0,1735.1190185546875
49224,5,111,15,62,2,29.13053242451965,-4.401377874362532,0.613407053921902,0,1735.1190185546875
49224,5,111,15,63,2,17.920363534068397,-4.346319162123534,0.848528137423857,0,1735.1190185546875
49224,5,111,15,64,2,22.659860428114627,-4.425384443131671,0.848528137423857,0,1735.1190185546875
49224,5,111,15,65,2,14.76149302336114,-4.443990417600997,0.682842712474619,0,1735.1190185546875
49224,5,111,15,66,2,19.62731570305034,-4.511597676258781,0.8513997106635237,0,1735.1190185546875
49224,5,111,15,67,2,24.54712543528617,-4.5522337378064694,0.682842712474619,0,1735.1190185546875
49224,5,111,15,68,2,19.237451999340582,-4.690837366679176,0.613407053921902,0,1735.1190185546875
49224,5,112,12,1,2,15.76410593829917,-0.04867503557049546,0.613407053921902,0,1735.4189453125
49224,5,112,12,2,2,12.956420665682494,0.3328198238660629,0.682842712474619,0,1735.4189453125
49224,5,112,12,3,2,12.269433199527091,-0.06255512487169224,0.8513997106635237,0,1735.4189453125
49224,5,112,12,4,2,13.535477295211676,-0.4401405782349952,0.682842712474619,0,1735.4189453125
49224,5,112,12,5,2,9.89831999657322,0.1759856556102264,0.848528137423857,0,1735.4189453125
49224,5,112,12,6,2,10.278467459991031,-0.3234614970618961,0.848528137423857,0,1735.4189453125
49224,5,112,12,7,2,10.59695136685036,0.817936807633258,0.613407053921902,0,1735.4189453125
49224,5,112,12,8,2,8.391334010243243,0.5287415619984732,0.8513997106635237,0,1735.4189453125
49224,5,112,12,9,2,7.2859207409220526,-0.1054690743519251,0.848528137423857,0,1735.4189453125
49224,5,112,12,10,2,9.26038852395143,-0.6722675156742788,0.8513997106635237,0,1735.4189453125
49224,5,112,12,11,2,11.763243762440894,-0.9072195830261257,0.613407053921902,0,1735.4189453125
49224,5,112,12,12,2,5.051968800369005,0.35014234739525785,0.848528137423857,1,1735.4189453125
49224,5,112,12,13,2,5.761297018157895,-0.6029351168741589,0.848528137423857,0,1735.4189453125
49224,5,112,12,14,2,4.791673661342718,1.0830775835005189,0.6466890965784271,0,1735.4189453125
49224,5,112,12,15,,,,,0,1735.4189453125
49224,5,112,12,16,2,6.188735381309492,-1.1994974072481668,0.6466890965784271,0,1735.4189453125
49224,5,112,12,17,,,,,0,1735.4189453125
49224,5,112,12,18,2,26.88048828891159,-2.925368938808225,0.613407053921902,0,1735.4189453125
49224,5,112,12,19,2,23.474000418475217,-2.893374905486189,0.8513997106635237,0,1735.4189453125
49224,5,112,12,20,2,22.76748868617357,-3.1078972105104263,0.682842712474619,0,1735.4189453125
49224,5,112,12,21,2,25.173375820857004,-2.699629947804491,0.6466890965784271,0,1735.4189453125
49224,5,112,12,22,2,20.516354290130057,-2.9816723060028743,0.848528137423857,0,1735.4189453125
49224,5,112,12,23,2,21.876721599217536,-2.7540753623362053,0.765685424949238,0,1735.4189453125
49224,5,112,12,24,2,17.963679547064622,-3.2943252283282867,0.613407053921902,0,1735.4189453125
49224,5,112,12,25,2,17.771125205504042,-3.09841847145304,0.7685569981889047,0,1735.4189453125
49224,5,112,12,26,,,,,0,1735.4189453125
49224,5,112,12,27,,,,,0,1735.4189453125
49224,5,112,12,28,2,22.776573675881117,-2.4646793659276516,0.4190965632626408,0,1735.4189453125
49224,5,112,12,29,,,,,0,1735.4189453125
49224,5,112,12,30,,,,,0,1735.4189453125
49224,5,112,12,31,2,12.777607016353276,-3.0815284455472325,0.5638463841038082,0,1735.4189453125
49224,5,112,12,32,2,13.997763951284993,-2.716949693251972,0.6271356419515952,0,1735.4189453125
49224,5,112,12,33,,,,,0,1735.4189453125
49224,5,112,12,34,2,10.904377131783148,-2.584322191579708,0.5509646951307726,0,1735.4189453125
49224,5,112,12,35,2,31.9000096108279,0.8627816156901194,0.613407053921902,0,1735.4189453125
49224,5,112,12,36,2,29.742941484907824,0.9522934234747122,0.8513997106635237,0,1735.4189453125
49224,5,112,12,37,2,25.832396767357537,0.8398299688957609,0.682842712474619,0,1735.4189453125
49224,5,112,12,38,2,33.94071910851503,1.0378136247463705,0.682842712474619,0,1735.4189453125
49224,5,112,12,39,2,26.26310093007084,0.9746585415645903,0.848528137423857,0,1735.4189453125
49224,5,112,12,40,2,30.529990433859535,1.0667392849127513,0.848528137423857,0,1735.4189453125
49224,5,112,12,41,2,19.93683728557762,0.9094099195987084,0.613407053921902,0,1735.4189453125
49224,5,112,12,42,2,22.800402907657677,1.0038353648210525,0.8513997106635237,0,1735.4189453125
49224,5,112,12,43,2,27.15121025258343,1.1029010165761206,0.848528137423857,0,1735.4189453125
49224,5,112,12,44,2,31.694132952463903,1.1741113895986266,0.8513997106635237,0,1735.4189453125
49224,5,112,12,45,2,34.94851864397667,1.2128142480882782,0.613407053921902,0,1735.4189453125
49224,5,112,12,46,2,23.817978933327414,1.149259785532505,0.848528137423857,0,1735.4189453125
49224,5,112,12,47,2,28.453927073374164,1.2212210862134736,0.848528137423857,0,1735.4189453125
49224,5,112,12,48,2,20.552469991630332,1.2105192448277498,0.682842712474619,0,1735.4189453125
49224,5,112,12,49,2,25.292960842600696,1.280265828866309,0.8513997106635237,0,1735.4189453125
49224,5,112,12,50,2,30.11749846208677,1.3278409324466707,0.682842712474619,0,1735.4189453125
49224,5,112,12,51,2,24.520722321927437,1.4174503405130832,0.613407053921902,0,1735.4189453125
49224,5,112,12,52,2,28.66468607515712,-3.8771013326716712,0.613407053921902,0,1735.4189453125
49224,5,112,12,53,2,22.75527251770678,-3.8173401700623253,0.682842712474619,0,1735.4189453125
49224,5,112,12,54,2,26.175031476266998,-3.9669402858583833,0.8513997106635237,0,1735.4189453125
49224,5,112,12,55,2,30.041007276921242,-4.0800774344690165,0.682842712474619,0,1735.4189453125
49224,5,112,12,56,2,22.64275877773432,-3.9731765423036864,0.848528137423857,0,1735.4189453125
49224,5,112,12,57,2,26.552295013710797,-4.100383340345097,0.848528137423857,0,1735.4189453125
49224,5,112,12,58,2,16.669609639995596,-3.8411321153430937,0.613407053921902,0,1735.4189453125
49224,5,112,12,59,2,19.111692163431286,-3.9817176559831498,0.8513997106635237,0,1735.4189453125
49224,5,112,12,60,2,23.077838347172545,-4.126817314755942,0.848528137423857,0,1735.4189453125
49224,5,112,12,61,2,27.384602757876447,-4.227899333821144,0.8513997106635237,0,1735.4189453125
49224,5,112,12,62,2,30.52535601768833,-4.281327855219958,0.613407053921902,0,1735.4189453125
49224,5,112,12,63,2,19.625210191519578,-4.162585115683052,0.848528137423857,0,1735.4189453125
49224,5,112,12,64,2,24.030786930306522,-4.2715193071585205,0.848528137423857,0,1735.4189453125
49224,5,112,12,65,2,16.208365967747035,-4.213523287498968,0.682842712474619,0,1735.4189453125
49224,5,112,12,66,2,20.737429271076177,-4.329134828500709,0.8513997106635237,0,1735.4189453125
49224,5,112,12,67,2,25.443482823728235,-4.402685663503486,0.682842712474619,0,1735.4189453125
49224,5,112,12,68,2,19.697944506195277,-4.49468302051123,0.613407053921902,0,1735.4189453125
49224,5,113,9,1,2,14.325982982668002,-0.05356577482237679,0.613407053921902,0,1735.616943359375
49224,5,113,9,2,2,11.604981153949002,0.3733705532082885,0.682842712474619,0,1735.616943359375
49224,5,113,9,3,2,10.832623973675293,-0.07086536137772148,0.8513997106635237,0,1735.616943359375
49224,5,113,9,4,2,12.248097677867282,-0.4902538928981577,0.682842712474619,0,1735.616943359375
49224,5,113,9,5,2,8.484308396443272,0.20570526687527102,0.848528137423857,0,1735.616943359375
49224,5,113,9,6,2,8.924888993006636,-0.37476806826216746,0.848528137423857,0,1735.616943359375
49224,5,113,9,7,2,9.669649816658184,0.9268239063121118,0.613407053921902,0,1735.616943359375
49224,5,113,9,8,2,7.184791978677663,0.6300175716456056,0.7685569981889047,0,1735.616943359375
49224,5,113,9,9,2,5.855885103757082,-0.13135943402829509,0.848528137423857,1,1735.616943359375
49224,5,113,9,10,2,8.183003416835245,-0.782078245813794,0.8513997106635237,0,1735.616943359375
49224,5,113,9,11,2,10.935293920147302,-1.0111462102448168,0.613407053921902,0,1735.616943359375
49224,5,113,9,12,,,,,0,1735.616943359375
49224,5,113,9,13,2,4.647503817195892,-0.7795526594861508,0.848528137423857,0,1735.616943359375
49224,5,113,9,14,2,4.308930722375362,1.3827680526690136,0.5052677403411177,0,1735.616943359375
49224,5,113,9,15,,,,,0,1735.616943359375
49224,5,113,9,16,2,5.822988331887388,-1.4320315175089497,0.6466890965784271,0,1735.616943359375
49224,5,113,9,17,,,,,0,1735.616943359375
49224,5,113,9,18,2,28.2886441494718,-2.9362902026757807,0.613407053921902,0,1735.616943359375
49224,5,113,9,19,2,24.872382959420946,-2.9075989693579487,0.8513997106635237,0,1735.616943359375
49224,5,113,9,20,2,24.20671971805681,-3.1099012938292248,0.682842712474619,0,1735.616943359375
49224,5,113,9,21,2,26.482174922985966,-2.7228895254645593,0.6466890965784271,0,1735.616943359375
49224,5,113,9,22,2,21.939178031495327,-2.992124344282975,0.848528137423857,0,1735.616943359375
49224,5,113,9,23,2,23.216323724250152,-2.777516315626337,0.765685424949238,0,1735.616943359375
49224,5,113,9,24,2,19.38815419567133,-3.2830252635132813,0.613407053921902,0,1735.616943359375
49224,5,113,9,25,2,19.20988368822677,-3.101653868980216,0.7685569981889047,0,1735.616943359375
49224,5,113,9,26,,,,,0,1735.616943359375
49224,5,113,9,27,,,,,0,1735.616943359375
49224,5,113,9,28,2,23.9160834723903,-2.502403573794935,0.4190965632626408,0,1735.616943359375
49224,5,113,9,29,,,,,0,1735.616943359375
49224,5,113,9,30,,,,,0,1735.616943359375
49224,5,113,9,31,2,14.215272882426197,-3.0876092985080863,0.5638463841038082,0,1735.616943359375
49224,5,113,9,32,2,15.321362135703692,-2.7556813521895416,0.6271356419515952,0,1735.616943359375
49224,5,113,9,33,,,,,0,1735.616943359375
49224,5,113,9,34,2,12.150398510255672,-2.647042320692994,0.5509646951307726,0,1735.616943359375
49224,5,113,9,35,2,30.982856023431214,0.8980956512879721,0.613407053921902,0,1735.616943359375
49224,5,113,9,36,2,28.931804663795504,0.9928563240177324,0.8513997106635237,0,1735.616943359375
49224,5,113,9,37,2,24.89416549466064,0.8829105140513249,0.682842712474619,0,1735.616943359375
49224,5,113,9,38,2,33.23220074765567,1.0751434814697274,0.682842712474619,0,1735.616943359375
49224,5,113,9,39,2,25.482488545792886,1.0214376966515006,0.848528137423857,0,1735.616943359375
49224,5,113,9,40,2,29.861129715985836,1.1089775552540377,0.848528137423857,0,1735.616943359375
49224,5,113,9,41,2,19.086231478974184,0.968983543478859,0.613407053921902,0,1735.616943359375
49224,5,113,9,42,2,22.060487842949257,1.0589251629493774,0.8513997106635237,0,1735.616943359375
49224,5,113,9,43,2,26.532903521804368,1.1513590016723882,0.848528137423857,0,1735.616943359375
49224,5,113,9,44,2,31.166084366276195,1.2167404755975273,0.8513997106635237,0,1735.616943359375
49224,5,113,9,45,2,34.47035982588189,1.2519509591836515,0.613407053921902,0,1735.616943359375
49224,5,113,9,46,2,23.265916502038447,1.2057649139070947,0.848528137423857,0,1735.616943359375
49224,5,113,9,47,2,27.993440590757896,1.2695693187075237,0.848528137423857,0,1735.616943359375
49224,5,113,9,48,2,20.090066502186378,1.277645113438144,0.682842712474619,0,1735.616943359375
49224,5,113,9,49,2,24.918680091263624,1.3356603443898,0.8513997106635237,0,1735.616943359375
49224,5,113,9,50,2,29.803866576657548,1.3747550344255743,0.682842712474619,0,1735.616943359375
49224,5,113,9,51,2,24.342402741432277,1.4759455550844325,0.613407053921902,0,1735.616943359375
49224,5,113,9,52,2,29.748125432780125,-3.8446166438673712,0.613407053921902,0,1735.616943359375
49224,5,113,9,53,2,23.89579811599942,-3.779638748778823,0.682842712474619,0,1735.616943359375
49224,5,113,9,54,2,27.172394319033945,-3.9279906130020037,0.8513997106635237,0,1735.616943359375
49224,5,113,9,55,2,30.91389426224938,-4.0424934011545215,0.682842712474619,0,1735.616943359375
49224,5,113,9,56,2,23.636862444456437,-3.9281401595901686,0.848528137423857,0,1735.616943359375
49224,5,113,9,57,2,27.40494684626522,-4.057361918806095,0.848528137423857,0,1735.616943359375
49224,5,113,9,58,2,17.79557887811788,-3.7890075951933153,0.613407053921902,0,1735.616943359375
49224,5,113,9,59,2,20.10133128445084,-3.9283423123141703,0.8513997106635237,0,1735.616943359375
49224,5,113,9,60,2,23.903835776621893,-4.076591266694038,0.848528137423857,0,1735.616943359375
49224,5,113,9,61,2,28.084216390424277,-4.182510427758137,0.8513997106635237,0,1735.616943359375
49224,5,113,9,62,2,31.154519769434778,-4.239322470099729,0.613407053921902,0,1735.616943359375
49224,5,113,9,63,2,20.414593261311765,-4.102406393478474,0.848528137423857,0,1735.616943359375
49224,5,113,9,64,2,24.679656874706797,-4.21872629347104,0.848528137423857,0,1735.616943359375
49224,5,113,9,65,2,16.944552847858883,-4.138828036215973,0.682842712474619,0,1735.616943359375
49224,5,113,9,66,2,21.317779355325673,-4.266445049307838,0.8513997106635237,0,1735.616943359375
49224,5,113,9,67,2,25.918672073831566,-4.349745787890287,0.682842712474619,0,1735.616943359375
49224,5,113,9,68,2,20.058309073972257,-4.424529384953115,0.613407053921902,0,1735.616943359375
49224,5,114,5,1,2,10.493508606912332,-0.07315952476868404,0.613407053921902,0,1735.85205078125
49224,5,114,5,2,2,8.15079728691592,0.5460711959831865,0.682842712474619,0,1735.85205078125
49224,5,114,5,3,2,7.00754243539981,-0.10967544257616213,0.8513997106635237,0,1735.85205078125
49224,5,114,5,4,2,9.042997597890995,-0.6915511318355141,0.682842712474619,0,1735.85205078125
49224,5,114,5,5,2,4.789924789001943,0.37019567797265385,0.848528137423857,1,1735.85205078125
49224,5,114,5,6,2,5.532949851194073,-0.6316353803316102,0.848528137423857,0,1735.85205078125
49224,5,114,5,7,2,7.978847021004242,1.3219033646487905,0.613407053921902,0,1735.85205078125
49224,5,114,5,8,2,4.6670234609075525,1.1361018981577296,0.7685569981889047,0,1735.85205078125
49224,5,114,5,9,,,,,0,1735.85205078125
49224,5,114,5,10,2,6.092734782322952,-1.2423346816861853,0.8513997106635237,0,1735.85205078125
49224,5,114,5,11,2,9.47314759347711,-1.3618035069699463,0.613407053921902,0,1735.85205078125
49224,5,114,5,12,,,,,0,1735.85205078125
49224,5,114,5,13,2,3.3104600326984945,-1.7329828268970568,0.765685424949238,0,1735.85205078125
49224,5,114,5,14,2,5.208331744131428,-4.090420767719111,0.49033749051054326,0,1735.85205078125
49224,5,114,5,15,,,,,0,1735.85205078125
49224,5,114,5,16,2,6.516673131283594,-2.055177824372841,0.6466890965784271,0,1735.85205078125
49224,5,114,5,17,,,,,0,1735.85205078125
49224,5,114,5,18,2,32.057557839952615,-2.9607122760086404,0.613407053921902,0,1735.85205078125
49224,5,114,5,19,2,28.62158427762729,-2.9387119006429465,0.8513997106635237,0,1735.85205078125
49224,5,114,5,20,2,28.045051827190274,-3.1142398387670593,0.682842712474619,0,1735.85205078125
49224,5,114,5,21,2,30.031071261825723,-2.7749008000722135,0.6466890965784271,0,1735.85205078125
49224,5,114,5,22,2,25.742711657659964,-3.0143391784752507,0.848528137423857,0,1735.85205078125
49224,5,114,5,23,2,26.83947387824425,-2.8284846169536846,0.765685424949238,0,1735.85205078125
49224,5,114,5,24,2,23.19612493968442,-3.2596877004517264,0.613407053921902,0,1735.85205078125
49224,5,114,5,25,2,23.047327836812727,-3.1083064904789715,0.7685569981889047,0,1735.85205078125
49224,5,114,5,26,,,,,0,1735.85205078125
49224,5,114,5,27,,,,,0,1735.85205078125
49224,5,114,5,28,2,27.09499469940274,-2.587049009352878,0.4190965632626408,0,1735.85205078125
49224,5,114,5,29,,,,,0,1735.85205078125
49224,5,114,5,30,,,,,0,1735.85205078125
49224,5,114,5,31,2,18.05086449024692,-3.099087960206841,0.5638463841038082,0,1735.85205078125
49224,5,114,5,32,2,18.934198251227603,-2.8320931351973258,0.6271356419515952,0,1735.85205078125
49224,5,114,5,33,,,,,0,1735.85205078125
49224,5,114,5,34,2,15.63687741578236,-2.763865675813472,0.5509646951307726,0,1735.85205078125
49224,5,114,5,35,2,28.747475340513148,1.002762659090469,0.613407053921902,0,1735.85205078125
49224,5,114,5,36,2,27.026084928342794,1.1121478457471272,0.8513997106635237,0,1735.85205078125
49224,5,114,5,37,2,22.651256502135386,1.0142626632498537,0.682842712474619,0,1735.85205078125
49224,5,114,5,38,2,31.58700859502945,1.1822874236528498,0.682842712474619,0,1735.85205078125
49224,5,114,5,39,2,23.7047917018036,1.1600378009223604,0.848528137423857,0,1735.85205078125
49224,5,114,5,40,2,28.3592488450305,1.230497258542723,0.848528137423857,0,1735.85205078125
49224,5,114,5,41,2,17.205933305051182,1.1540059073068578,0.613407053921902,0,1735.85205078125
49224,5,114,5,42,2,20.455440173650537,1.223328909990261,0.8513997106635237,0,1735.85205078125
49224,5,114,5,43,2,25.214180100218666,1.2909053638489891,0.848528137423857,0,1735.85205078125
49224,5,114,5,44,2,30.05136808124931,1.3368846710756106,0.8513997106635237,0,1735.85205078125
49224,5,114,5,45,2,33.465887338522144,1.3611280125112852,0.613407053921902,0,1735.85205078125
49224,5,114,5,46,2,22.186995317035663,1.3681483820098848,0.848528137423857,0,1735.85205078125
49224,5,114,5,47,2,27.10336891655038,1.4052858436023192,0.848528137423857,0,1735.85205078125
49224,5,114,5,48,2,19.33314884518458,1.468958793953906,0.682842712474619,0,1735.85205078125
49224,5,114,5,49,2,24.312558271365205,1.4898675371791228,0.8513997106635237,0,1735.85205078125
49224,5,114,5,50,2,29.29898181041443,1.5036637577256662,0.682842712474619,0,1735.85205078125
49224,5,114,5,51,2,24.281524206670277,-4.649148118293479,0.613407053921902,0,1735.85205078125
49224,5,114,5,52,2,32.771796261907525,-3.7687878896307003,0.613407053921902,0,1735.85205078125
49224,5,114,5,53,2,27.077090994102804,-3.6950678272480957,0.682842712474619,0,1735.85205078125
49224,5,114,5,54,2,30.008310551102173,-3.837291373540581,0.8513997106635237,0,1735.85205078125
49224,5,114,5,55,2,33.43394304535223,-3.952339429311089,0.682842712474619,0,1735.85205078125
49224,5,114,5,56,2,26.488883963485964,-3.825334740584931,0.848528137423857,0,1735.85205078125
49224,5,114,5,57,2,29.89967924676602,-3.955336498757265,0.848528137423857,0,1735.85205078125
49224,5,114,5,58,2,20.986718498391568,-3.6784266952596476,0.613407053921902,0,1735.85205078125
49224,5,114,5,59,2,22.974404130045627,-3.80971716941283,0.8513997106635237,0,1735.85205078125
49224,5,114,5,60,2,26.365756021004298,-3.959137032309173,0.848528137423857,0,1735.85205078125
49224,5,114,5,61,2,30.207332487122912,-4.0726002833895905,0.8513997106635237,0,1735.85205078125
49224,5,114,5,62,2,33.08117029047669,-4.135807927534423,0.613407053921902,0,1735.85205078125
49224,5,114,5,63,2,22.832331507289354,-3.9641139629259183,0.848528137423857,0,1735.85205078125
49224,5,114,5,64,2,26.714138718798797,-4.091804402389515,0.848528137423857,0,1735.85205078125
49224,5,114,5,65,2,19.299679623205975,-3.9709130917318705,0.682842712474619,0,1735.85205078125
49224,5,114,5,66,2,23.233757315312968,-4.116773666869381,0.8513997106635237,0,1735.85205078125
49224,5,114,5,67,2,27.51612844161267,-4.218894596029214,0.682842712474619,0,1735.85205078125
49224,5,114,5,68,2,21.46661479801305,-4.252155116836951,0.613407053921902,0,1735.85205078125
49224,5,115,3,1,2,9.057973493296702,-0.08478000830517618,0.613407053921902,0,1736.051025390625
49224,5,115,3,2,2,6.960506283402184,0.6537194376727791,0.5638463841038082,0,1736.051025390625
49224,5,115,3,3,2,5.578422921652184,-0.1379337940350276,0.7685569981889047,1,1736.051025390625
49224,5,115,3,4,2,7.986798912226831,-0.8067875233693169,0.682842712474619,0,1736.051025390625
49224,5,115,3,5,,,,,0,1736.051025390625
49224,5,115,3,6,2,4.452715856447482,-0.8237705689441746,0.848528137423857,0,1736.051025390625
49224,5,115,3,7,2,7.750815270703046,1.5029526879781279,0.613407053921902,0,1736.051025390625
49224,5,115,3,8,2,4.265471317525974,1.4472980752738946,0.6857142857142857,0,1736.051025390625
49224,5,115,3,9,,,,,0,1736.051025390625
49224,5,115,3,10,2,5.7909027537770985,-1.4799359018216212,0.8513997106635237,0,1736.051025390625
49224,5,115,3,11,2,9.281899746483822,-1.5141569239898331,0.613407053921902,0,1736.051025390625
49224,5,115,3,12,,,,,0,1736.051025390625
49224,5,115,3,13,2,3.8173651040494305,-2.114439380871825,0.765685424949238,0,1736.051025390625
49224,5,115,3,14,2,6.15953272578304,-3.8992547203767733,0.49033749051054326,0,1736.051025390625
49224,5,115,3,15,,,,,0,1736.051025390625
49224,5,115,3,16,2,7.299325485485537,-2.230661123385029,0.6466890965784271,0,1736.051025390625
49224,5,115,3,17,,,,,0,1736.051025390625
49224,5,115,3,18,2,33.47506624679606,-2.968450933909807,0.613407053921902,0,1736.051025390625
49224,5,115,3,19,2,30.033450380198342,-2.9483728777046823,0.8513997106635237,0,1736.051025390625
49224,5,115,3,20,2,29.484538103356865,-3.115575559747554,0.682842712474619,0,1736.051025390625
49224,5,115,3,21,2,31.37958406848901,-2.7913543268584977,0.6466890965784271,0,1736.051025390625
49224,5,115,3,22,2,27.17168131592875,-3.0210650061672206,0.848528137423857,0,1736.051025390625
49224,5,115,3,23,2,28.212947738687724,-2.8442065613680523,0.765685424949238,0,1736.051025390625
49224,5,115,3,24,2,24.626678239845383,-3.252798300249463,0.613407053921902,0,1736.051025390625
49224,5,115,3,25,2,24.486575696265643,-3.1102636121953235,0.7685569981889047,0,1736.051025390625
49224,5,115,3,26,,,,,0,1736.051025390625
49224,5,115,3,27,,,,,0,1736.051025390625
49224,5,115,3,28,2,28.329345327276574,-2.6138173510466087,0.4190965632626408,0,1736.051025390625
49224,5,115,3,29,,,,,0,1736.051025390625
49224,5,115,3,30,,,,,0,1736.051025390625
49224,5,115,3,31,2,19.489658578066262,-3.102227490445487,0.5638463841038082,0,1736.051025390625
49224,5,115,3,32,2,20.3105131904914,-2.8536894244667645,0.6271356419515952,0,1736.051025390625
49224,5,115,3,33,,,,,0,1736.051025390625
49224,5,115,3,34,2,16.983669437832813,-2.7951410443922287,0.5509646951307726,0,1736.051025390625
49224,5,115,3,35,2,27.99911629155899,1.0461298296186263,0.613407053921902,0,1736.051025390625
49224,5,115,3,36,2,26.42011414804624,1.1610383125881292,0.8513997106635237,0,1736.051025390625
49224,5,115,3,37,2,21.92470264718147,1.0700593125630444,0.682842712474619,0,1736.051025390625
49224,5,115,3,38,2,31.07011871596663,1.2251933301312694,0.682842712474619,0,1736.051025390625
49224,5,115,3,39,2,23.167440683019723,1.2170545668905444,0.848528137423857,0,1736.051025390625
49224,5,115,3,40,2,27.911649059661528,1.2791492531195034,0.848528137423857,0,1736.051025390625
49224,5,115,3,41,2,16.67504999113211,1.2330519575133891,0.613407053921902,0,1736.051025390625
49224,5,115,3,42,2,20.010951601727534,1.2910406704222344,0.8513997106635237,0,1736.051025390625
49224,5,115,3,43,2,24.85493973911722,1.346615739992469,0.848528137423857,0,1736.051025390625
49224,5,115,3,44,2,29.75059452958235,1.383986300878461,0.8513997106635237,0,1736.051025390625
49224,5,115,3,45,2,33.19606552987179,1.4035693550444113,0.613407053921902,0,1736.051025390625
49224,5,115,3,46,2,21.942559231789552,1.4324756693466392,0.848528137423857,0,1736.051025390625
49224,5,115,3,47,2,26.903638249669125,1.4581032627844799,0.848528137423857,0,1736.051025390625
49224,5,115,3,48,2,19.24016065021384,1.5434833765135876,0.682842712474619,0,1736.051025390625
49224,5,115,3,49,2,24.238680394660598,1.5491168719260369,0.8513997106635237,0,1736.051025390625
49224,5,115,3,50,2,29.237706351609916,1.5528240379536733,0.682842712474619,0,1736.051025390625
49224,5,115,3,51,2,24.41486321407623,-4.59025156876746,0.613407053921902,0,1736.051025390625
49224,5,115,3,52,2,33.94825016890213,-3.743891522133285,0.613407053921902,0,1736.051025390625
49224,5,115,3,53,2,28.312222194916945,-3.6683295240722815,0.682842712474619,0,1736.051025390625
49224,5,115,3,54,2,31.12734763905872,-3.8076370000914865,0.8513997106635237,0,1736.051025390625
49224,5,115,3,55,2,34.44185849328229,-3.922031148754245,0.682842712474619,0,1736.051025390625
49224,5,115,3,56,2,27.620174680999092,-3.792394713869693,0.848528137423857,0,1736.051025390625
49224,5,115,3,57,2,30.906373045657915,-3.9214637899047937,0.848528137423857,0,1736.051025390625
49224,5,115,3,58,2,22.236353927185668,-3.645301847450618,0.613407053921902,0,1736.051025390625
49224,5,115,3,59,2,24.121283709102055,-3.772724775421518,0.8513997106635237,0,1736.051025390625
49224,5,115,3,60,2,27.370900116793,-3.920749860376135,0.848528137423857,0,1736.051025390625
49224,5,115,3,61,2,31.088519080714118,-4.035433364067655,0.8513997106635237,0,1736.051025390625
49224,5,115,3,62,2,33.88771031556798,-4.100176969904156,0.613407053921902,0,1736.051025390625
49224,5,115,3,63,2,23.835445277350033,-3.9198241393182167,0.848528137423857,0,1736.051025390625
49224,5,115,3,64,2,27.576408341153034,-4.049309847358236,0.848528137423857,0,1736.051025390625
49224,5,115,3,65,2,20.300017978702304,-3.918575971873291,0.682842712474619,0,1736.051025390625
49224,5,115,3,66,2,24.07115650242222,-4.067232067490384,0.8513997106635237,0,1736.051025390625
49224,5,115,3,67,2,28.226767806331818,-4.173951113579884,0.682842712474619,0,1736.051025390625
49224,5,115,3,68,2,22.143817576844214,-4.193859122260257,0.613407053921902,0,1736.051025390625
49224,5,116,1,1,2,6.19312092197099,-0.12416840643886595,0.4815389220537701,1,1736.251953125
49224,5,116,1,2,2,4.9916441651280445,1.0122267814489314,0.5276927682076162,0,1736.251953125
49224,5,116,1,3,,,,,0,1736.251953125
49224,5,116,1,4,2,6.344826287166833,-1.140715302677865,0.6466890965784271,0,1736.251953125
49224,5,116,1,5,,,,,0,1736.251953125
49224,5,116,1,6,2,3.270251186138304,-1.5263079738847378,0.765685424949238,0,1736.251953125
49224,5,116,1,7,2,8.083501855937701,-4.416824721438829,0.613407053921902,0,1736.251953125
49224,5,116,1,8,2,4.843770272733989,-4.204766783459266,0.6857142857142857,0,1736.251953125
49224,5,116,1,9,,,,,0,1736.251953125
49224,5,116,1,10,2,6.229158819462537,-1.958420612993022,0.8513997106635237,0,1736.251953125
49224,5,116,1,11,2,9.561460547330682,-1.8196109447110542,0.613407053921902,0,1736.251953125
49224,5,116,1,12,,,,,0,1736.251953125
49224,5,116,1,13,2,5.851507652238321,-2.5492328951512424,0.765685424949238,0,1736.251953125
49224,5,116,1,14,2,8.485735645115641,-3.663847078483637,0.49033749051054326,0,1736.251953125
49224,5,116,1,15,,,,,0,1736.251953125
49224,5,116,1,16,2,9.346016187758961,-2.476596622035723,0.6466890965784271,0,1736.251953125
49224,5,116,1,17,,,,,0,1736.251953125
49224,5,116,1,18,2,36.31539525861327,-2.982113897533967,0.613407053921902,0,1736.251953125
49224,5,116,1,19,2,32.86450993854428,-2.965200847680614,0.8513997106635237,0,1736.251953125
49224,5,116,1,20,2,32.36365027201262,-3.1178905287540206,0.682842712474619,0,1736.251953125
49224,5,116,1,21,2,34.09906403513459,-2.820338372749096,0.6466890965784271,0,1736.251953125
49224,5,116,1,22,2,30.032784365140486,-3.032595322100599,0.848528137423857,0,1736.251953125
49224,5,116,1,23,2,30.97802917060025,-2.871451933081236,0.765685424949238,0,1736.251953125
49224,5,116,1,24,2,27.490746656744424,-3.241171851192602,0.613407053921902,0,1736.251953125
49224,5,116,1,25,2,27.365311252484922,-3.1135602327315697,0.7685569981889047,0,1736.251953125
49224,5,116,1,26,,,,,0,1736.251953125
49224,5,116,1,27,,,,,0,1736.251953125
49224,5,116,1,28,2,30.851574956370015,-2.6608470139036395,0.4190965632626408,0,1736.251953125
49224,5,116,1,29,,,,,0,1736.251953125
49224,5,116,1,30,,,,,0,1736.251953125
49224,5,116,1,31,2,22.36771470136396,-3.1072947439743213,0.5638463841038082,0,1736.251953125
49224,5,116,1,32,2,23.086463902753632,-2.889118201680673,0.6271356419515952,0,1736.251953125
49224,5,116,1,33,,,,,0,1736.251953125
49224,5,116,1,34,2,19.716817599311284,-2.8447606720733,0.5509646951307726,0,1736.251953125
49224,5,116,1,35,2,26.673177068222003,1.1397166049709946,0.613407053921902,0,1736.251953125
49224,5,116,1,36,2,25.41043671803693,1.2651831980260626,0.8513997106635237,0,1736.251953125
49224,5,116,1,37,2,20.696870506743107,1.1924322177929785,0.682842712474619,0,1736.251953125
49224,5,116,1,38,2,30.216223119870993,1.3149912746000898,0.682842712474619,0,1736.251953125
49224,5,116,1,39,2,22.333789892873273,1.3383198023823244,0.848528137423857,0,1736.251953125
49224,5,116,1,40,2,27.223666476201824,1.380646381850136,0.848528137423857,0,1736.251953125
49224,5,116,1,41,2,15.953844550976749,1.4042085402163265,0.613407053921902,0,1736.251953125
49224,5,116,1,42,2,19.414068294838597,1.4341069970675702,0.8513997106635237,0,1736.251953125
49224,5,116,1,43,2,24.376954140850412,1.4620600020908276,0.848528137423857,0,1736.251953125
49224,5,116,1,44,2,29.352440079379956,1.480547112084008,0.8513997106635237,0,1736.251953125
49224,5,116,1,45,2,32.83971118042175,1.4901528142462355,0.613407053921902,0,1736.251953125
49224,5,116,1,46,2,21.733471189912876,1.5641042900784607,0.848528137423857,0,1736.251953125
49224,5,116,1,47,2,26.733380171449323,1.565355906685153,0.848528137423857,0,1736.251953125
49224,5,116,1,48,2,19.376574690600552,-4.590572127391028,0.682842712474619,0,1736.251953125
49224,5,116,1,49,2,24.34710438982198,-4.615529594589072,0.8513997106635237,0,1736.251953125
49224,5,116,1,50,2,29.327654826074237,-4.632017852483034,0.682842712474619,0,1736.251953125
49224,5,116,1,51,2,24.930170706545994,-4.475336726870427,0.613407053921902,0,1736.251953125
49224,5,116,1,52,2,36.358101723658244,-3.69899977860088,0.613407053921902,0,1736.251953125
49224,5,116,1,53,2,30.835852448582937,-3.6213597723439044,0.682842712474619,0,1736.251953125
49224,5,116,1,54,2,33.43919319689464,-3.754395966722179,0.8513997106635237,0,1736.251953125
49224,5,116,1,55,2,36.544623230890096,-3.8665542549387326,0.682842712474619,0,1736.251953125
49224,5,116,1,56,2,29.96234168841163,-3.7341294797369042,0.848528137423857,0,1736.251953125
49224,5,116,1,57,2,33.01623486834312,-3.860086317269194,0.848528137423857,0,1736.251953125
49224,5,116,1,58,2,24.797647175631138,-3.5892142702696925,0.613407053921902,0,1736.251953125
49224,5,116,1,59,2,26.50102256983707,-3.7085560343847037,0.8513997106635237,0,1736.251953125
49224,5,116,1,60,2,29.48955819735997,-3.852070963951974,0.848528137423857,0,1736.251953125
49224,5,116,1,61,2,32.969135386053836,-3.9672893071277646,0.8513997106635237,0,1736.251953125
49224,5,116,1,62,2,35.62084754611931,-4.033961411307399,0.613407053921902,0,1736.251953125
49224,5,116,1,63,2,25.96529068717246,-3.841878952668252,0.848528137423857,0,1736.251953125
49224,5,116,1,64,2,29.43681650413019,-3.9721281005572964,0.848528137423857,0,1736.251953125
49224,5,116,1,65,2,22.444567232701303,-3.8284876635275453,0.682842712474619,0,1736.251953125
49224,5,116,1,66,2,25.905374803150714,-3.978286329214162,0.8513997106635237,0,1736.251953125
49224,5,116,1,67,2,29.806346457091696,-4.090903176736951,0.682842712474619,0,1736.251953125
49224,5,116,1,68,2,23.703512912711496,-4.088132739069603,0.613407053921902,0,1736.251953125
49224,5,117,37,1,,,,,0,1736.552001953125
49224,5,117,37,2,2,4.469465601089125,-4.385636330064962,0.49033749051054326,0,1736.552001953125
49224,5,117,37,3,,,,,0,1736.552001953125
49224,5,117,37,4,2,5.942762985546822,-1.8146007343587525,0.6466890965784271,0,1736.552001953125
49224,5,117,37,5,,,,,0,1736.552001953125
49224,5,117,37,6,2,5.1141136568718295,-2.4486247013532334,0.765685424949238,0,1736.552001953125
49224,5,117,37,7,2,10.059951407278968,-4.018383267869339,0.613407053921902,0,1736.552001953125
49224,5,117,37,8,2,7.702060147576577,-3.723467495915826,0.6857142857142857,0,1736.552001953125
49224,5,117,37,9,,,,,0,1736.552001953125
49224,5,117,37,10,2,8.640719857740658,-2.4108497639514415,0.8513997106635237,0,1736.552001953125
49224,5,117,37,11,2,11.28189469282651,-2.177720896848446,0.613407053921902,0,1736.552001953125
49224,5,117,37,12,,,,,0,1736.552001953125
49224,5,117,37,13,2,9.513136509741217,-2.7910351221609857,0.765685424949238,0,1736.552001953125
49224,5,117,37,14,2,12.19292164636744,-3.4961415670598073,0.49033749051054326,0,1736.552001953125
49224,5,117,37,15,,,,,0,1736.552001953125
49224,5,117,37,16,2,12.80654705287581,-2.674471470675721,0.6466890965784271,0,1736.552001953125
49224,5,117,37,17,,,,,0,1736.552001953125
49224,5,117,37,18,2,40.34882416670481,-2.9981725233787113,0.613407053921902,0,1736.552001953125
49224,5,117,37,19,2,36.888151027197935,-2.9846108056128253,0.8513997106635237,0,1736.552001953125
49224,5,117,37,20,2,36.44263343439701,-3.1205438976271402,0.682842712474619,0,1736.552001953125
49224,5,117,37,21,2,37.992181311118436,-2.8542541808058894,0.6466890965784271,0,1736.552001953125
49224,5,117,37,22,2,34.09146234823043,-3.045614467760783,0.848528137423857,0,1736.552001953125
49224,5,117,37,23,2,34.92703765870141,-2.9026310519131524,0.765685424949238,0,1736.552001953125
49224,5,117,37,24,2,31.553142722654254,-3.2283166097965,0.613407053921902,0,1736.552001953125
49224,5,117,37,25,2,31.443917120426683,-3.1171971070646762,0.7685569981889047,0,1736.552001953125
49224,5,117,37,26,,,,,0,1736.552001953125
49224,5,117,37,27,,,,,0,1736.552001953125
49224,5,117,37,28,2,34.52070887481023,-2.7155300734633263,0.4190965632626408,0,1736.552001953125
49224,5,117,37,29,,,,,0,1736.552001953125
49224,5,117,37,30,,,,,0,1736.552001953125
49224,5,117,37,31,2,26.445686153297174,-3.112585161448188,0.5638463841038082,0,1736.552001953125
49224,5,117,37,32,2,27.056320346459295,-2.9267962139066093,0.6271356419515952,0,1736.552001953125
49224,5,117,37,33,,,,,0,1736.552001953125
49224,5,117,37,34,2,23.648520995189728,-2.8952448235953505,0.5509646951307726,0,1736.552001953125
49224,5,117,37,35,2,25.241988259353104,1.2870978525540884,0.613407053921902,0,1736.552001953125
49224,5,117,37,36,2,24.493874677470238,1.4247127759387315,0.8513997106635237,0,1736.552001953125
49224,5,117,37,37,2,19.560676145960574,1.387495725572291,0.682842712474619,1,1736.552001953125
49224,5,117,37,38,2,29.449613616210392,1.449429457937708,0.682842712474619,0,1736.552001953125
49224,5,117,37,39,2,21.7590849504332,1.5218114804385499,0.848528137423857,0,1736.552001953125
49224,5,117,37,40,2,26.75420758139989,1.530962553590903,0.848528137423857,0,1736.552001953125
49224,5,117,37,41,2,15.798252031310065,-4.621458693786415,0.613407053921902,0,1736.552001953125
49224,5,117,37,42,2,19.286411253644868,-4.63793827582815,0.8513997106635237,0,1736.552001953125
49224,5,117,37,43,2,24.275409460464022,-4.653259305720081,0.848528137423857,0,1736.552001953125
49224,5,117,37,44,2,29.268162735328175,-4.663354956249559,0.8513997106635237,0,1736.552001953125
49224,5,117,37,45,2,32.76440510220779,-4.668590854914448,0.613407053921902,0,1736.552001953125
49224,5,117,37,46,2,22.086271429051507,-4.533287916703286,0.848528137423857,0,1736.552001953125
49224,5,117,37,47,2,27.020977611222797,-4.566258109341896,0.848528137423857,0,1736.552001953125
49224,5,117,37,48,2,20.2808103093118,-4.389536073240913,0.682842712474619,0,1736.552001953125
49224,5,117,37,49,2,25.072716490854248,-4.452849002069666,0.8513997106635237,0,1736.552001953125
49224,5,117,37,50,2,29.93277397200636,-4.495730866972953,0.682842712474619,0,1736.552001953125
49224,5,117,37,51,2,26.190323359230455,-4.323325766200592,0.613407053921902,0,1736.552001953125
49224,5,117,37,52,2,39.87895724590135,-3.644852805594157,0.613407053921902,0,1736.552001953125
49224,5,117,37,53,2,34.50665820043521,-3.566757187959965,0.682842712474619,0,1736.552001953125
49224,5,117,37,54,2,36.85158484502572,-3.6906740359979584,0.8513997106635237,0,1736.552001953125
49224,5,117,37,55,2,39.69092025915494,-3.798337762082515,0.682842712474619,0,1736.552001953125
49224,5,117,37,56,2,33.424565501994365,-3.6659067506601613,0.848528137423857,0,1736.552001953125
49224,5,117,37,57,2,36.187448437622386,-3.7858026040416863,0.848528137423857,0,1736.552001953125
49224,5,117,37,58,2,28.530386618554044,-3.5272786740342448,0.613407053921902,0,1736.552001953125
49224,5,117,37,59,2,30.022722268376903,-3.63550441059839,0.8513997106635237,0,1736.552001953125
49224,5,117,37,60,2,32.69088095834312,-3.7705831262653784,0.848528137423857,0,1736.552001953125
49224,5,117,37,61,2,35.86117041119863,-3.883566722867158,0.8513997106635237,0,1736.552001953125
49224,5,117,37,62,2,38.31324098873593,-3.950956739017331,0.613407053921902,0,1736.552001953125
49224,5,117,37,63,2,29.203697903511184,-3.751723684015409,0.848528137423857,0,1736.552001953125
49224,5,117,37,64,2,32.329333687349795,-3.8788193411308085,0.848528137423857,0,1736.552001953125
49224,5,117,37,65,2,25.729715207256493,-3.7277609532510274,0.682842712474619,0,1736.552001953125
49224,5,117,37,66,2,28.798404297373715,-3.872907658808614,0.8513997106635237,0,1736.552001953125
49224,5,117,37,67,2,32.352402314255734,-3.9881924627247822,0.682842712474619,0,1736.552001953125
49224,5,117,37,68,2,26.297455478519115,-3.9619109587404524,0.613407053921902,0,1736.552001953125
49224,5,118,39,1,,,,,0,1738.1519775390625
49224,5,118,39,2,2,13.333227022640328,-3.4999573897195746,0.49033749051054326,0,1738.1519775390625
49224,5,118,39,3,,,,,0,1738.1519775390625
49224,5,118,39,4,2,22.96734030331467,-3.346643535159635,0.6466890965784271,0,1738.1519775390625
49224,5,118,39,5,,,,,0,1738.1519775390625
49224,5,118,39,6,2,21.23559460055905,-3.4863291012004183,0.765685424949238,0,1738.1519775390625
49224,5,118,39,7,2,13.205567930421479,-3.9639648768351976,0.613407053921902,0,1738.1519775390625
49224,5,118,39,8,2,15.79684609613023,-3.800889911946826,0.6857142857142857,0,1738.1519775390625
49224,5,118,39,9,,,,,0,1738.1519775390625
49224,5,118,39,10,2,24.479871820657497,-3.5479713860570268,0.8513997106635237,0,1738.1519775390625
49224,5,118,39,11,2,27.729360731464215,-3.4980577156364037,0.613407053921902,0,1738.1519775390625
49224,5,118,39,12,,,,,0,1738.1519775390625
49224,5,118,39,13,2,23.403330570387865,-3.6887842281002508,0.765685424949238,0,1738.1519775390625
49224,5,118,39,14,2,19.269295532851828,-4.007454834810095,0.49033749051054326,0,1738.1519775390625
49224,5,118,39,15,,,,,0,1738.1519775390625
49224,5,118,39,16,2,26.851993000583395,-3.7198575150445343,0.6466890965784271,0,1738.1519775390625
49224,5,118,39,17,,,,,0,1738.1519775390625
49224,5,118,39,18,2,48.681026380556766,-4.232242965389422,0.613407053921902,0,1738.1519775390625
49224,5,118,39,19,2,45.60544426755617,-4.19678625147206,0.8513997106635237,0,1738.1519775390625
49224,5,118,39,20,2,43.35890517478128,-4.29728023032484,0.682842712474619,0,1738.1519775390625
49224,5,118,39,21,2,48.2671569053603,-4.106540856277778,0.682842712474619,0,1738.1519775390625
49224,5,118,39,22,2,42.208327383641304,-4.219114055804367,0.848528137423857,0,1738.1519775390625
49224,5,118,39,23,2,44.792910035072985,-4.12063730200561,0.848528137423857,0,1738.1519775390625
49224,5,118,39,24,2,37.39085358731821,-4.3290127372238265,0.613407053921902,0,1738.1519775390625
49224,5,118,39,25,2,38.83592736382274,-4.245334660812601,0.7685569981889047,0,1738.1519775390625
49224,5,118,39,26,2,41.32905930569451,-4.137100380787323,0.848528137423857,0,1738.1519775390625
49224,5,118,39,27,2,44.24876305592182,-4.042148867191094,0.8513997106635237,0,1738.1519775390625
49224,5,118,39,28,2,46.503831607717665,-3.983133371522673,0.613407053921902,0,1738.1519775390625
49224,5,118,39,29,,,,,0,1738.1519775390625
49224,5,118,39,30,2,40.738671869153805,-4.052121029213395,0.848528137423857,0,1738.1519775390625
49224,5,118,39,31,2,34.445084561669425,-4.179929213342046,0.5638463841038082,0,1738.1519775390625
49224,5,118,39,32,2,37.23339548504884,-4.063972187144341,0.7685569981889047,0,1738.1519775390625
49224,5,118,39,33,2,40.44981617055328,-3.9652899055557747,0.682842712474619,0,1738.1519775390625
49224,5,118,39,34,2,34.50854903821319,-4.002681216245127,0.613407053921902,0,1738.1519775390625
49224,5,118,39,35,2,8.43067025356967,-0.4707085261406676,0.6034068236642477,0,1738.1519775390625
49224,5,118,39,36,2,7.5207701432576375,-0.043022113780621485,0.8513997106635237,0,1738.1519775390625
49224,5,118,39,37,,,,,0,1738.1519775390625
49224,5,118,39,38,2,12.517990839676209,-0.025842456269816516,0.682842712474619,0,1738.1519775390625
49224,5,118,39,39,2,5.465860395605052,-5.873624648525649,0.848528137423857,1,1738.1519775390625
49224,5,118,39,40,2,10.247621235132852,-6.069160390303486,0.848528137423857,0,1738.1519775390625
49224,5,118,39,41,2,4.779393099612206,-4.504554093246868,0.6034068236642477,0,1738.1519775390625
49224,5,118,39,42,2,5.30935741693589,-5.205612949848868,0.8513997106635237,0,1738.1519775390625
49224,5,118,39,43,2,8.85027611406978,-5.726463179348772,0.848528137423857,0,1738.1519775390625
49224,5,118,39,44,2,13.359097963926159,-5.92554579300497,0.8513997106635237,0,1738.1519775390625
49224,5,118,39,45,2,16.682690915734412,-5.999054822461233,0.613407053921902,0,1738.1519775390625
49224,5,118,39,46,2,8.754486484757539,-5.322200949087169,0.848528137423857,0,1738.1519775390625
49224,5,118,39,47,2,12.31986788591113,-5.661362619607582,0.848528137423857,0,1738.1519775390625
49224,5,118,39,48,2,9.997733739619731,-4.966554777620602,0.682842712474619,0,1738.1519775390625
49224,5,118,39,49,2,12.251236306709323,-5.372634052341102,0.8513997106635237,0,1738.1519775390625
49224,5,118,39,50,2,15.818688382964456,-5.624957689630953,0.682842712474619,0,1738.1519775390625
49224,5,118,39,51,2,15.168341163954736,-5.230639822980911,0.613407053921902,0,1738.1519775390625
49224,5,118,39,52,2,38.259214331836645,-4.778141072050816,0.613407053921902,0,1738.1519775390625
49224,5,118,39,53,2,34.76555173662029,-4.640814885833286,0.682842712474619,0,1738.1519775390625
49224,5,118,39,54,2,34.7675380012178,-4.784755524022252,0.8513997106635237,0,1738.1519775390625
49224,5,118,39,55,2,35.48125998017299,-4.925773066804107,0.682842712474619,0,1738.1519775390625
49224,5,118,39,56,2,32.17654333882205,-4.712818209582148,0.848528137423857,0,1738.1519775390625
49224,5,118,39,57,2,32.564828455706554,-4.866967841760006,0.848528137423857,0,1738.1519775390625
49224,5,118,39,58,2,30.27427135413686,-4.513345395233744,0.613407053921902,0,1738.1519775390625
49224,5,118,39,59,2,29.780500059670977,-4.628807915194073,0.8513997106635237,0,1738.1519775390625
49224,5,118,39,60,2,29.78281878732376,-4.796894263043889,0.848528137423857,0,1738.1519775390625
49224,5,118,39,61,2,30.61297773874778,-4.960367984320077,0.8513997106635237,0,1738.1519775390625
49224,5,118,39,62,2,31.65440070216491,-5.0677611817022195,0.613407053921902,0,1738.1519775390625
49224,5,118,39,63,2,27.176543884157436,-4.71289718010661,0.848528137423857,0,1738.1519775390625
49224,5,118,39,64,2,27.635170500686925,-4.89482797656071,0.848528137423857,0,1738.1519775390625
49224,5,118,39,65,2,24.801467296442453,-4.611976707864392,0.682842712474619,0,1738.1519775390625
49224,5,118,39,66,2,24.80425147370923,-4.813909252203638,0.8513997106635237,0,1738.1519775390625
49224,5,118,39,67,2,25.795135244567113,-5.007961837203332,0.682842712474619,0,1738.1519775390625
49224,5,118,39,68,2,21.325222356348725,-4.83054341777641,0.613407053921902,0,1738.1519775390625
49224,5,119,43,1,,,,,0,1738.3690185546875
49224,5,119,43,2,2,15.578414984345313,2.782132640946157,0.49033749051054326,0,1738.3690185546875
49224,5,119,43,3,,,,,0,1738.3690185546875
49224,5,119,43,4,2,25.30471753305878,2.899229160891696,0.6466890965784271,0,1738.3690185546875
49224,5,119,43,5,,,,,0,1738.3690185546875
49224,5,119,43,6,2,23.48288204376143,2.7748503141775376,0.765685424949238,0,1738.3690185546875
49224,5,119,43,7,2,14.893532493388797,2.3813008600457928,0.613407053921902,0,1738.3690185546875
49224,5,119,43,8,2,17.712761239649346,2.5090877150668915,0.6857142857142857,0,1738.3690185546875
49224,5,119,43,9,,,,,0,1738.3690185546875
49224,5,119,43,10,2,26.6717758451934,2.7138358542985763,0.8513997106635237,0,1738.3690185546875
49224,5,119,43,11,2,29.96344818837509,2.755915493570342,0.613407053921902,0,1738.3690185546875
49224,5,119,43,12,,,,,0,1738.3690185546875
49224,5,119,43,13,2,25.446034001186952,2.586454532662577,0.765685424949238,0,1738.3690185546875
49224,5,119,43,14,2,20.851781891271877,2.306232102659455,0.49033749051054326,0,1738.3690185546875
49224,5,119,43,15,,,,,0,1738.3690185546875
49224,5,119,43,16,2,28.852010745259882,2.5514534253210766,0.6466890965784271,0,1738.3690185546875
49224,5,119,43,17,,,,,0,1738.3690185546875
49224,5,119,43,18,2,49.771492229007805,2.034967984058504,0.613407053921902,0,1738.3690185546875
49224,5,119,43,19,2,46.772994458194994,2.0723859640827675,0.8513997106635237,0,1738.3690185546875
49224,5,119,43,20,2,44.315822824185844,1.9767030752646626,0.682842712474619,0,1738.3690185546875
49224,5,119,43,21,2,49.61384754872422,2.157824897090544,0.682842712474619,0,1738.3690185546875
49224,5,119,43,22,2,43.33330281586335,2.0542243206747317,0.848528137423857,0,1738.3690185546875
49224,5,119,43,23,2,46.1150299895058,2.1472000887626104,0.848528137423857,0,1738.3690185546875
49224,5,119,43,24,2,38.28723879669419,1.9535925838310702,0.613407053921902,0,1738.3690185546875
49224,5,119,43,25,2,39.910365261123346,2.0329393265410323,0.7685569981889047,0,1738.3690185546875
49224,5,119,43,26,2,42.6222725025073,2.134832349773162,0.848528137423857,0,1738.3690185546875
49224,5,119,43,27,2,45.72175599514633,2.223737674750843,0.8513997106635237,0,1738.3690185546875
49224,5,119,43,28,2,48.08225838998097,2.2788597089545926,0.613407053921902,0,1738.3690185546875
49224,5,119,43,29,,,,,0,1738.3690185546875
49224,5,119,43,30,2,42.19645830664784,2.2176170055986613,0.848528137423857,0,1738.3690185546875
49224,5,119,43,31,2,35.66205767994791,2.102841968952854,0.5638463841038082,0,1738.3690185546875
49224,5,119,43,32,2,38.67302956802894,2.210380736818234,0.7685569981889047,0,1738.3690185546875
49224,5,119,43,33,2,42.06452274745726,2.3015019000508747,0.682842712474619,0,1738.3690185546875
49224,5,119,43,34,2,36.064037320491394,2.2728627345038817,0.613407053921902,0,1738.3690185546875
49224,5,119,43,35,2,6.431193978838167,5.573366611594096,0.6034068236642477,0,1738.3690185546875
49224,5,119,43,36,2,5.1330969316085415,6.146911051824416,0.7685569981889047,0,1738.3690185546875
49224,5,119,43,37,,,,,0,1738.3690185546875
49224,5,119,43,38,2,10.125602505904528,6.184871583367615,0.682842712474619,0,1738.3690185546875
49224,5,119,43,39,,,,,0,1738.3690185546875
49224,5,119,43,40,2,7.903524768266962,0.21031270312023276,0.848528137423857,0,1738.3690185546875
49224,5,119,43,41,2,5.713933848107091,2.1448700329278574,0.6034068236642477,0,1738.3690185546875
49224,5,119,43,42,2,4.6069989602069175,1.4858567513467602,0.7685569981889047,0,1738.3690185546875
49224,5,119,43,43,2,6.885025883585234,0.6734045580507275,0.848528137423857,1,1738.3690185546875
49224,5,119,43,44,2,11.116776664839932,0.3678124932946405,0.8513997106635237,0,1738.3690185546875
49224,5,119,43,45,2,14.375608606759345,0.2667760851129768,0.613407053921902,0,1738.3690185546875
49224,5,119,43,46,2,7.5724143489819635,1.15845107454933,0.848528137423857,0,1738.3690185546875
49224,5,119,43,47,2,10.417322164114871,0.6912666076061673,0.848528137423857,0,1738.3690185546875
49224,5,119,43,48,2,9.606213443792369,1.4991790330560988,0.682842712474619,0,1738.3690185546875
49224,5,119,43,49,2,10.883863226170579,1.0219032558591858,0.8513997106635237,0,1738.3690185546875
49224,5,119,43,50,2,13.95125875053141,0.700081276502202,0.682842712474619,0,1738.3690185546875
49224,5,119,43,51,2,14.069360569756999,1.1391495392336675,0.613407053921902,0,1738.3690185546875
49224,5,119,43,52,2,38.10567216813384,1.5083597206673984,0.613407053921902,0,1738.3690185546875
49224,5,119,43,53,2,34.94817135804325,1.6516075425203867,0.682842712474619,0,1738.3690185546875
49224,5,119,43,54,2,34.60569061974411,1.5080467547734693,0.8513997106635237,0,1738.3690185546875
49224,5,119,43,55,2,34.98189482100328,1.3646253206564882,0.682842712474619,0,1738.3690185546875
49224,5,119,43,56,2,32.193738577806165,1.5855140166649941,0.848528137423857,0,1738.3690185546875
49224,5,119,43,57,2,32.212046591522494,1.4300931142359856,0.848528137423857,0,1738.3690185546875
49224,5,119,43,58,2,30.76921163377445,1.7873592687001716,0.613407053921902,0,1738.3690185546875
49224,5,119,43,59,2,30.00532925936332,1.674888014954361,0.8513997106635237,0,1738.3690185546875
49224,5,119,43,60,2,29.605724547139456,1.5074712977147986,0.848528137423857,0,1738.3690185546875
49224,5,119,43,61,2,30.04460131137351,1.3402754786539652,0.8513997106635237,0,1738.3690185546875
49224,5,119,43,62,2,30.83429044680922,1.228189929675626,0.613407053921902,0,1738.3690185546875
49224,5,119,43,63,2,27.209959689565427,1.599110965865392,0.848528137423857,0,1738.3690185546875
49224,5,119,43,64,2,27.23161853996318,1.415170333474515,0.848528137423857,0,1738.3690185546875
49224,5,119,43,65,2,25.08515271339712,1.7073246970864615,0.682842712474619,0,1738.3690185546875
49224,5,119,43,66,2,24.605772262880635,1.5066619717647967,0.8513997106635237,0,1738.3690185546875
49224,5,119,43,67,2,25.13211432910166,1.3063793031143125,0.682842712474619,0,1738.3690185546875
49224,5,119,43,68,2,21.105819115516493,1.5058672868182525,0.613407053921902,0,1738.3690185546875
49224,5,120,47,1,,,,,0,1738.68505859375
49224,5,120,47,2,2,18.2458288990199,2.2306129489866526,0.49033749051054326,0,1738.68505859375
49224,5,120,47,3,,,,,0,1738.68505859375
49224,5,120,47,4,2,28.181342788365786,2.2806197901374707,0.6466890965784271,0,1738.68505859375
49224,5,120,47,5,,,,,0,1738.68505859375
49224,5,120,47,6,2,26.061846234934496,2.1761552514009135,0.765685424949238,0,1738.68505859375
49224,5,120,47,7,2,16.413879468905456,1.8925922581480235,0.613407053921902,0,1738.68505859375
49224,5,120,47,8,2,19.586032584978238,1.975103453617384,0.6857142857142857,0,1738.68505859375
49224,5,120,47,9,,,,,0,1738.68505859375
49224,5,120,47,10,2,29.066999872069626,2.1084713181124384,0.8513997106635237,0,1738.68505859375
49224,5,120,47,11,2,32.45901592413068,2.1365579224923037,0.613407053921902,0,1738.68505859375
49224,5,120,47,12,,,,,0,1738.68505859375
49224,5,120,47,13,2,27.47584811031115,1.9966924728700892,0.765685424949238,0,1738.68505859375
49224,5,120,47,14,2,22.007159576541195,1.7639970417184236,0.49033749051054326,0,1738.68505859375
49224,5,120,47,15,,,,,0,1738.68505859375
49224,5,120,47,16,2,30.750494008558874,1.9508315483945862,0.6466890965784271,0,1738.68505859375
49224,5,120,47,17,,,,,0,1738.68505859375
49224,5,120,47,18,2,49.74280413238961,1.4005936279370919,0.613407053921902,0,1738.68505859375
49224,5,120,47,19,2,46.89461464611915,1.4427138942020006,0.8513997106635237,0,1738.68505859375
49224,5,120,47,20,2,44.08475902436668,1.3517221506720636,0.682842712474619,0,1738.68505859375
49224,5,120,47,21,2,50.04741539160185,1.5228400223491683,0.682842712474619,0,1738.68505859375
49224,5,120,47,22,2,43.398551017499265,1.4310359751989643,0.848528137423857,0,1738.68505859375
49224,5,120,47,23,2,46.519599471513295,1.5180010965776727,0.848528137423857,0,1738.68505859375
49224,5,120,47,24,2,37.994293582443234,1.342064278443043,0.613407053921902,0,1738.68505859375
49224,5,120,47,25,2,39.90944221646001,1.4173140031568825,0.7685569981889047,0,1738.68505859375
49224,5,120,47,26,2,42.99305156185699,1.512368184864433,0.848528137423857,0,1738.68505859375
49224,5,120,47,27,2,46.41165141612639,1.5940732503098964,0.8513997106635237,0,1738.68505859375
49224,5,120,47,28,2,48.96670930716194,1.6442547168860013,0.613407053921902,0,1738.68505859375
49224,5,120,47,29,,,,,0,1738.68505859375
49224,5,120,47,30,2,42.876225752536804,1.5946934277886766,0.848528137423857,0,1738.68505859375
49224,5,120,47,31,2,35.94525250740966,1.4977877505974493,0.5638463841038082,0,1738.68505859375
49224,5,120,47,32,2,39.340819543992396,1.5954250714610194,0.7685569981889047,0,1738.68505859375
49224,5,120,47,33,2,43.050423772182626,1.6769087099123952,0.682842712474619,0,1738.68505859375
49224,5,120,47,34,2,36.97240054753965,1.6630062100893805,0.613407053921902,0,1738.68505859375
49224,5,120,47,35,2,6.237834045034685,4.258341174614398,0.6034068236642477,0,1738.68505859375
49224,5,120,47,36,2,3.106807641077485,4.615552642004761,0.7685569981889047,0,1738.68505859375
49224,5,120,47,37,,,,,0,1738.68505859375
49224,5,120,47,38,2,7.349377466637854,5.176595668077903,0.682842712474619,0,1738.68505859375
49224,5,120,47,39,,,,,0,1738.68505859375
49224,5,120,47,40,2,4.436665587651453,-0.7538099685501018,0.848528137423857,0,1738.68505859375
49224,5,120,47,41,2,7.049169575048072,1.99872992852197,0.6034068236642477,0,1738.68505859375
49224,5,120,47,42,2,3.999194731156534,1.6739468190934923,0.7685569981889047,0,1738.68505859375
49224,5,120,47,43,,,,,0,1738.68505859375
49224,5,120,47,44,2,7.3970094872619825,-0.4147705469385188,0.8513997106635237,0,1738.68505859375
49224,5,120,47,45,2,10.747954045052971,-0.5281647516640957,0.613407053921902,0,1738.68505859375
49224,5,120,47,46,2,5.101500398481152,0.9119145481737574,0.848528137423857,0,1738.68505859375
49224,5,120,47,47,2,6.736943056325335,0.08236313440616261,0.848528137423857,1,1738.68505859375
49224,5,120,47,48,2,8.166759375984437,1.185729832474526,0.682842712474619,0,1738.68505859375
49224,5,120,47,49,2,7.813901338876535,0.550768358242907,0.8513997106635237,0,1738.68505859375
49224,5,120,47,50,2,10.267334102003465,0.05944200074805073,0.682842712474619,0,1738.68505859375
49224,5,120,47,51,2,11.238270964830853,0.6280119586226001,0.613407053921902,0,1738.68505859375
49224,5,120,47,52,2,36.200133147380704,0.8858929069518835,0.613407053921902,0,1738.68505859375
49224,5,120,47,53,2,33.553641595426875,1.043858057119379,0.682842712474619,0,1738.68505859375
49224,5,120,47,54,2,32.71403307057733,0.8949482093358783,0.8513997106635237,0,1738.68505859375
49224,5,120,47,55,2,32.62773444741902,0.7417797232773515,0.682842712474619,0,1738.68505859375
49224,5,120,47,56,2,30.580650940175133,0.9841145614524336,0.848528137423857,0,1738.68505859375
49224,5,120,47,57,2,30.075526717803314,0.8199042279844815,0.848528137423857,0,1738.68505859375
49224,5,120,47,58,2,29.89718544122363,1.1983005756564895,0.613407053921902,0,1738.68505859375
49224,5,120,47,59,2,28.725327919918357,1.085702396200978,0.8513997106635237,0,1738.68505859375
49224,5,120,47,60,2,27.73996322159256,0.9118302094285422,0.848528137423857,0,1738.68505859375
49224,5,120,47,61,2,27.638137689862077,0.7310444630447706,0.8513997106635237,0,1738.68505859375
49224,5,120,47,62,2,28.10105730686483,0.6064780730542392,0.613407053921902,0,1738.68505859375
49224,5,120,47,63,2,25.680222189796464,1.0195464210700036,0.848528137423857,0,1738.68505859375
49224,5,120,47,64,2,25.076580850382722,0.8236426144705262,0.848528137423857,0,1738.68505859375
49224,5,120,47,65,2,23.967521021151136,1.1442993544774986,0.682842712474619,0,1738.68505859375
49224,5,120,47,66,2,22.777250916820236,0.9360783594899076,0.8513997106635237,0,1738.68505859375
49224,5,120,47,67,2,22.653129027934643,0.7155819435159252,0.682842712474619,0,1738.68505859375
49224,5,120,47,68,2,19.31479948595182,0.9604560626263694,0.613407053921902,0,1738.68505859375
49224,5,121,50,1,,,,,0,1738.9849853515625
49224,5,121,50,2,2,20.779685831265613,2.3631805438557256,0.49033749051054326,0,1738.9849853515625
49224,5,121,50,3,,,,,0,1738.9849853515625
49224,5,121,50,4,2,30.779521352796934,2.360912677738444,0.6466890965784271,0,1738.9849853515625
49224,5,121,50,5,,,,,0,1738.9849853515625
49224,5,121,50,6,2,28.377064446447704,2.2731167645400294,0.765685424949238,0,1738.9849853515625
49224,5,121,50,7,2,17.948275286121675,2.0822911407423703,0.613407053921902,0,1738.9849853515625
49224,5,121,50,8,2,21.338810715637823,2.1266726892526235,0.6857142857142857,0,1738.9849853515625
49224,5,121,50,9,,,,,0,1738.9849853515625
49224,5,121,50,10,2,31.159724553002732,2.1997542128584913,0.8513997106635237,0,1738.9849853515625
49224,5,121,50,11,2,34.62127512427026,2.2155061544362438,0.613407053921902,0,1738.9849853515625
49224,5,121,50,12,,,,,0,1738.9849853515625
49224,5,121,50,13,2,29.21998093958251,2.101753775407101,0.765685424949238,0,1738.9849853515625
49224,5,121,50,14,2,22.99770297811367,1.9133472241598695,0.49033749051054326,0,1738.9849853515625
49224,5,121,50,15,,,,,0,1738.9849853515625
49224,5,121,50,16,2,32.31838383537642,2.0463317649952573,0.6466890965784271,0,1738.9849853515625
49224,5,121,50,17,,,,,0,1738.9849853515625
49224,5,121,50,18,2,49.17784136120166,1.4616566674176603,0.613407053921902,0,1738.9849853515625
49224,5,121,50,19,2,46.499735819564755,1.5087832452138847,0.8513997106635237,0,1738.9849853515625
49224,5,121,50,20,2,43.35243517449421,1.4222241029130436,0.682842712474619,0,1738.9849853515625
49224,5,121,50,21,2,49.95014741739912,1.583885945413341,0.682842712474619,0,1738.9849853515625
49224,5,121,50,22,2,42.97155784548844,1.5036838342240981,0.848528137423857,0,1738.9849853515625
49224,5,121,50,23,2,46.414939183400314,1.5848825557888886,0.848528137423857,0,1738.9849853515625
49224,5,121,50,24,2,37.251575524205556,1.4264989157358934,0.613407053921902,0,1738.9849853515625
49224,5,121,50,25,2,39.44469718538861,1.4976723375899903,0.8513997106635237,0,1738.9849853515625
49224,5,121,50,26,2,42.879784651716655,1.5860434953440254,0.848528137423857,0,1738.9849853515625
49224,5,121,50,27,2,46.59900994128723,1.660819432385344,0.8513997106635237,0,1738.9849853515625
49224,5,121,50,28,2,49.33732851016155,1.706284904482364,0.613407053921902,0,1738.9849853515625
49224,5,121,50,29,2,39.34469829794658,1.5874130558164516,0.848528137423857,0,1738.9849853515625
49224,5,121,50,30,2,43.078963310263525,1.6681973516572524,0.848528137423857,0,1738.9849853515625
49224,5,121,50,31,2,35.809700313396725,1.5890530155361973,0.682842712474619,0,1738.9849853515625
49224,5,121,50,32,2,39.56167883528044,1.6768877043423038,0.8513997106635237,0,1738.9849853515625
49224,5,121,50,33,2,43.565103328196834,1.7490560064849978,0.682842712474619,0,1738.9849853515625
49224,5,121,50,34,2,37.461871050545156,1.7496395611001991,0.613407053921902,0,1738.9849853515625
49224,5,121,50,35,2,8.680092807903362,3.8371091693498505,0.6034068236642477,0,1738.9849853515625
49224,5,121,50,36,2,5.2037160579742245,3.776695967540887,0.7685569981889047,0,1738.9849853515625
49224,5,121,50,37,,,,,0,1738.9849853515625
49224,5,121,50,38,2,6.6548377201422415,4.614032464228493,0.682842712474619,0,1738.9849853515625
49224,5,121,50,39,,,,,0,1738.9849853515625
49224,5,121,50,40,2,3.155552677833596,4.503780282412595,0.848528137423857,0,1738.9849853515625
49224,5,121,50,41,2,9.28031319868796,2.3718306119265264,0.6034068236642477,0,1738.9849853515625
49224,5,121,50,42,2,5.780999572247726,2.3812935682322314,0.7685569981889047,0,1738.9849853515625
49224,5,121,50,43,,,,,0,1738.9849853515625
49224,5,121,50,44,2,4.223312040702978,5.463440913681028,0.7685569981889047,0,1738.9849853515625
49224,5,121,50,45,2,7.722182824935782,5.479008103274668,0.613407053921902,0,1738.9849853515625
49224,5,121,50,46,2,4.037178215646712,1.7333950770792113,0.848528137423857,0,1738.9849853515625
49224,5,121,50,47,,,,,0,1738.9849853515625
49224,5,121,50,48,2,7.547811309647795,1.6574957385797116,0.682842712474619,0,1738.9849853515625
49224,5,121,50,49,2,4.917078384107411,0.944538515770255,0.7685569981889047,0,1738.9849853515625
49224,5,121,50,50,2,6.433184600558693,0.06976285131180049,0.5638463841038082,1,1738.9849853515625
49224,5,121,50,51,2,8.391204293405059,0.8783944481744312,0.613407053921902,0,1738.9849853515625
49224,5,121,50,52,2,33.85190692978527,0.9569635943315831,0.613407053921902,0,1738.9849853515625
49224,5,121,50,53,2,31.741278311612337,1.131890063400914,0.682842712474619,0,1738.9849853515625
49224,5,121,50,54,2,30.409159033499115,0.9766141409637545,0.8513997106635237,0,1738.9849853515625
49224,5,121,50,55,2,29.865116061955128,0.8114967000522153,0.682842712474619,0,1738.9849853515625
49224,5,121,50,56,2,28.580379655177378,1.079296824181106,0.848528137423857,0,1738.9849853515625
49224,5,121,50,57,2,27.550795006741385,0.9047096599491775,0.848528137423857,0,1738.9849853515625
49224,5,121,50,58,2,28.66467349116202,1.306862545839291,0.613407053921902,0,1738.9849853515625
49224,5,121,50,59,2,27.091682290760627,1.1946063109231015,0.8513997106635237,0,1738.9849853515625
49224,5,121,50,60,2,25.51798294561939,1.0138606746657863,0.848528137423857,0,1738.9849853515625
49224,5,121,50,61,2,24.867160229554386,0.8167425897570129,0.8513997106635237,0,1738.9849853515625
49224,5,121,50,62,2,25.00342778242451,0.6763699754013537,0.613407053921902,0,1738.9849853515625
49224,5,121,50,63,2,23.83880453635119,1.1400924602767977,0.848528137423857,0,1738.9849853515625
49224,5,121,50,64,2,22.594176373388063,0.9310520261662103,0.848528137423857,0,1738.9849853515625
49224,5,121,50,65,2,22.592249773579308,1.2827767707099729,0.682842712474619,0,1738.9849853515625
49224,5,121,50,66,2,20.678925361372226,1.0686478831235546,0.8513997106635237,0,1738.9849853515625
49224,5,121,50,67,2,19.870232972227893,0.8246272486752482,0.682842712474619,0,1738.9849853515625
49224,5,121,50,68,2,17.34598813682865,1.125068478029188,0.613407053921902,0,1738.9849853515625
49224,5,122,67,1,,,,,0,1739.2850341796875
49224,5,122,67,2,2,23.845923691748794,2.4714781509787267,0.49033749051054326,0,1739.2850341796875
49224,5,122,67,3,,,,,0,1739.2850341796875
49224,5,122,67,4,2,33.788286239151276,2.433705596700683,0.6466890965784271,0,1739.2850341796875
49224,5,122,67,5,,,,,0,1739.2850341796875
49224,5,122,67,6,2,31.155736801024045,2.3609512493820985,0.765685424949238,0,1739.2850341796875
49224,5,122,67,7,2,20.245849093687127,2.2467028803887574,0.613407053921902,0,1739.2850341796875
49224,5,122,67,8,2,23.731866321835952,2.260961621919845,0.6857142857142857,0,1739.2850341796875
49224,5,122,67,9,,,,,0,1739.2850341796875
49224,5,122,67,10,2,33.70788764345231,2.285432313212764,0.8513997106635237,0,1739.2850341796875
49224,5,122,67,11,2,37.202537050270436,2.2908953287263296,0.613407053921902,0,1739.2850341796875
49224,5,122,67,12,,,,,0,1739.2850341796875
49224,5,122,67,13,2,31.46829099298958,2.20140929006875,0.765685424949238,0,1739.2850341796875
49224,5,122,67,14,2,24.65309070932642,2.0574361082421553,0.49033749051054326,0,1739.2850341796875
49224,5,122,67,15,,,,,0,1739.2850341796875
49224,5,122,67,16,2,34.36269913421223,2.1396554539073187,0.6466890965784271,0,1739.2850341796875
49224,5,122,67,17,,,,,0,1739.2850341796875
49224,5,122,67,18,2,48.88367299513883,1.5320028559297985,0.613407053921902,0,1739.2850341796875
49224,5,122,67,19,2,46.407565157119755,1.5839436800009101,0.8513997106635237,0,1739.2850341796875
49224,5,122,67,20,2,42.920298212841665,1.5036361936324503,0.682842712474619,0,1739.2850341796875
49224,5,122,67,21,2,50.15149258940727,1.6526520656511,0.682842712474619,0,1739.2850341796875
49224,5,122,67,22,2,42.87330579793672,1.5860717869343581,0.848528137423857,0,1739.2850341796875
49224,5,122,67,23,2,46.63293316076581,1.6598074247504884,0.848528137423857,0,1739.2850341796875
49224,5,122,67,24,2,36.86829969881082,1.5234835489235374,0.613407053921902,0,1739.2850341796875
49224,5,122,67,25,2,39.339275492495716,1.5885822625120918,0.8513997106635237,0,1739.2850341796875
49224,5,122,67,26,2,43.11715089622145,1.668130168996608,0.848528137423857,0,1739.2850341796875
49224,5,122,67,27,2,47.123230009630994,1.7345168547492005,0.8513997106635237,0,1739.2850341796875
49224,5,122,67,28,2,50.034047209212716,1.7745445309348233,0.613407053921902,0,1739.2850341796875
49224,5,122,67,29,2,39.60488540115487,1.6779298617263307,0.848528137423857,0,1739.2850341796875
49224,5,122,67,30,2,43.64695926146135,1.7487308587167185,0.848528137423857,0,1739.2850341796875
49224,5,122,67,31,2,36.09716323853841,1.6896354274451673,0.682842712474619,0,1739.2850341796875
49224,5,122,67,32,2,40.18103158211279,1.7654008699085315,0.8513997106635237,0,1739.2850341796875
49224,5,122,67,33,2,44.452507287393836,1.8269052766663134,0.682842712474619,0,1739.2850341796875
49224,5,122,67,34,2,38.380514813110516,1.8418473275781067,0.613407053921902,0,1739.2850341796875
49224,5,122,67,35,2,12.106315380508846,3.607980714155384,0.6034068236642477,0,1739.2850341796875
49224,5,122,67,36,2,8.832567790608497,3.488190503724621,0.7685569981889047,0,1739.2850341796875
49224,5,122,67,37,,,,,0,1739.2850341796875
49224,5,122,67,38,2,8.155007580783602,4.080511431727557,0.682842712474619,0,1739.2850341796875
49224,5,122,67,39,,,,,0,1739.2850341796875
49224,5,122,67,40,2,5.660910033869018,3.709575297636863,0.848528137423857,0,1739.2850341796875
49224,5,122,67,41,2,12.526166009864156,2.5888914341842995,0.6034068236642477,0,1739.2850341796875
49224,5,122,67,42,2,9.17048315594857,2.68173143103807,0.7685569981889047,0,1739.2850341796875
49224,5,122,67,43,,,,,0,1739.2850341796875
49224,5,122,67,44,2,3.3282955168408925,4.331646303976378,0.7685569981889047,0,1739.2850341796875
49224,5,122,67,45,2,5.724550415035536,4.924742328884406,0.6034068236642477,0,1739.2850341796875
49224,5,122,67,46,2,6.17490161455231,2.431527755989856,0.848528137423857,0,1739.2850341796875
49224,5,122,67,47,,,,,0,1739.2850341796875
49224,5,122,67,48,2,8.869676641136452,2.1210234253659093,0.682842712474619,0,1739.2850341796875
49224,5,122,67,49,2,4.142590805916629,1.8514167586839332,0.7685569981889047,0,1739.2850341796875
49224,5,122,67,50,,,,,0,1739.2850341796875
49224,5,122,67,51,2,6.566006417040315,1.362358955083214,0.6034068236642477,0,1739.2850341796875
49224,5,122,67,52,2,31.662115491950267,1.0494846337824506,0.613407053921902,0,1739.2850341796875
49224,5,122,67,53,2,30.216688780793042,1.2414853725560446,0.682842712474619,0,1739.2850341796875
49224,5,122,67,54,2,28.311449552120205,1.0832689760806185,0.8513997106635237,0,1739.2850341796875
49224,5,122,67,55,2,27.203456960636284,0.9073538792056934,0.682842712474619,0,1739.2850341796875
49224,5,122,67,56,2,26.879481525996425,1.2005166873533841,0.848528137423857,0,1739.2850341796875
49224,5,122,67,57,2,25.21896948674403,1.019125913314527,0.848528137423857,0,1739.2850341796875
49224,5,122,67,58,2,27.8618368393697,1.4358499641774873,0.613407053921902,0,1739.2850341796875
49224,5,122,67,59,2,25.85488113433359,1.3289634904404257,0.8513997106635237,0,1739.2850341796875
49224,5,122,67,60,2,23.600101129814302,1.148052519564513,0.848528137423857,0,1739.2850341796875
49224,5,122,67,61,2,22.258811024050804,0.9375063453635959,0.8513997106635237,0,1739.2850341796875
49224,5,122,67,62,2,21.957859517978203,0.7796137322277967,0.613407053921902,0,1739.2850341796875
49224,5,122,67,63,2,22.42617053135907,1.293141938807802,0.848528137423857,0,1739.2850341796875
49224,5,122,67,64,2,20.40644553979309,1.0789230820691829,0.848528137423857,0,1739.2850341796875
49224,5,122,67,65,2,21.76927826239845,1.4505312677980442,0.682842712474619,0,1739.2850341796875
49224,5,122,67,66,2,19.036579811843225,1.2444814423999142,0.8513997106635237,0,1739.2850341796875
49224,5,122,67,67,2,17.34592937261133,0.9848046411224975,0.682842712474619,1,1739.2850341796875
49224,5,122,67,68,2,15.998124554125946,1.3440666782387445,0.613407053921902,0,1739.2850341796875
49224,5,123,66,1,,,,,0,1740.885009765625
49224,5,123,66,2,2,30.053866641201232,0.7364343919893044,0.5052677403411177,0,1740.885009765625
49224,5,123,66,3,,,,,0,1740.885009765625
49224,5,123,66,4,2,38.16729089948815,0.5636191198649981,0.6466890965784271,0,1740.885009765625
49224,5,123,66,5,,,,,0,1740.885009765625
49224,5,123,66,6,2,34.745386758680134,0.5392024026169535,0.848528137423857,0,1740.885009765625
49224,5,123,66,7,2,24.176653864279732,0.6753720868927019,0.613407053921902,0,1740.885009765625
49224,5,123,66,8,2,27.036791787393287,0.5964472844512314,0.7685569981889047,0,1740.885009765625
49224,5,123,66,9,2,31.348711415533153,0.5094734413077175,0.848528137423857,0,1740.885009765625
49224,5,123,66,10,2,35.83985637072085,0.4438980056535246,0.8513997106635237,0,1740.885009765625
49224,5,123,66,11,2,39.05730178539687,0.40707293885843276,0.613407053921902,0,1740.885009765625
49224,5,123,66,12,2,27.9864523264113,0.47256177201445787,0.848528137423857,0,1740.885009765625
49224,5,123,66,13,2,32.557566111090274,0.4054290974519335,0.848528137423857,0,1740.885009765625
49224,5,123,66,14,2,24.672683685051496,0.4256558550229818,0.682842712474619,0,1740.885009765625
49224,5,123,66,15,2,29.33419365658664,0.358422935559891,0.8513997106635237,0,1740.885009765625
49224,5,123,66,16,2,34.09176608422698,0.30978301209356524,0.682842712474619,0,1740.885009765625
49224,5,123,66,17,2,28.366743988860478,0.24175180590362638,0.613407053921902,0,1740.885009765625
49224,5,123,66,18,2,37.68543235957123,-0.5010193078725745,0.613407053921902,0,1740.885009765625
49224,5,123,66,19,2,36.06957949686126,-0.41678528509479335,0.8513997106635237,0,1740.885009765625
49224,5,123,66,20,2,31.611089317213867,-0.48382082738220605,0.682842712474619,0,1740.885009765625
49224,5,123,66,21,2,40.654251466973484,-0.36467663050956944,0.682842712474619,0,1740.885009765625
49224,5,123,66,22,2,32.76829506423486,-0.3799729478705069,0.848528137423857,0,1740.885009765625
49224,5,123,66,23,2,37.42345198770793,-0.3278605902114655,0.848528137423857,0,1740.885009765625
49224,5,123,66,24,2,26.268426669129973,-0.3813827611006862,0.613407053921902,0,1740.885009765625
49224,5,123,66,25,2,29.52131023096915,-0.3349900715576927,0.8513997106635237,0,1740.885009765625
49224,5,123,66,26,2,34.25290286986849,-0.2841601522644188,0.848528137423857,0,1740.885009765625
49224,5,123,66,27,2,39.051439823291624,-0.2457418819629512,0.8513997106635237,0,1740.885009765625
49224,5,123,66,28,2,42.43810163466118,-0.22403964331029444,0.613407053921902,0,1740.885009765625
49224,5,123,66,29,2,31.16100048697105,-0.23166980444944593,0.848528137423857,0,1740.885009765625
49224,5,123,66,30,2,36.0244576448908,-0.19703072508989805,0.848528137423857,0,1740.885009765625
49224,5,123,66,31,2,28.173649882210412,-0.16783916094926285,0.682842712474619,0,1740.885009765625
49224,5,123,66,32,2,33.09846136824031,-0.13954961958802192,0.8513997106635237,0,1740.885009765625
49224,5,123,66,33,2,38.04289345205511,-0.11860032918806175,0.682842712474619,0,1740.885009765625
49224,5,123,66,34,2,32.72355264786316,-0.03376306109443032,0.613407053921902,0,1740.885009765625
49224,5,123,66,35,2,28.351191402370535,1.496806402980997,0.6034068236642477,0,1740.885009765625
49224,5,123,66,36,2,24.869002814372617,1.4835253254700151,0.7685569981889047,0,1740.885009765625
49224,5,123,66,37,,,,,0,1740.885009765625
49224,5,123,66,38,2,24.833721100989912,1.6850574633399287,0.682842712474619,0,1740.885009765625
49224,5,123,66,39,,,,,0,1740.885009765625
49224,5,123,66,40,2,22.225370804227023,1.583421849088574,0.848528137423857,0,1740.885009765625
49224,5,123,66,41,2,22.670501238177525,1.0758381493086129,0.6034068236642477,0,1740.885009765625
49224,5,123,66,42,2,21.165398845959498,1.2202158980468871,0.7685569981889047,0,1740.885009765625
49224,5,123,66,43,,,,,0,1740.885009765625
49224,5,123,66,44,2,19.861191147297806,1.7086252542379294,0.7685569981889047,0,1740.885009765625
49224,5,123,66,45,2,20.566706000423007,1.8784486321947593,0.6034068236642477,0,1740.885009765625
49224,5,123,66,46,2,17.98538058292505,1.299431501381965,0.848528137423857,0,1740.885009765625
49224,5,123,66,47,,,,,0,1740.885009765625
49224,5,123,66,48,2,16.60503894534104,1.1108028189948465,0.682842712474619,0,1740.885009765625
49224,5,123,66,49,2,14.96575160547479,1.4115804273686265,0.7685569981889047,0,1740.885009765625
49224,5,123,66,50,,,,,0,1740.885009765625
49224,5,123,66,51,2,11.539106038346105,1.3573313230447572,0.6034068236642477,0,1740.885009765625
49224,5,123,66,52,2,15.769293445251824,-1.041940223177813,0.613407053921902,0,1740.885009765625
49224,5,123,66,53,2,16.317075901476933,-0.660687453627646,0.682842712474619,0,1740.885009765625
49224,5,123,66,54,2,12.825496821372568,-0.9087213666389612,0.8513997106635237,0,1740.885009765625
49224,5,123,66,55,2,10.617898636524854,-1.2955683874682422,0.682842712474619,0,1740.885009765625
49224,5,123,66,56,2,12.805997122868803,-0.6319689225471617,0.848528137423857,0,1740.885009765625
49224,5,123,66,57,2,9.34023367220556,-0.9630074213958002,0.848528137423857,0,1740.885009765625
49224,5,123,66,58,2,17.013855353460464,-0.2947407782353586,0.613407053921902,0,1740.885009765625
49224,5,123,66,59,2,13.729302819400928,-0.373866737988809,0.8513997106635237,0,1740.885009765625
49224,5,123,66,60,2,9.313439678619753,-0.5816399445641308,0.848528137423857,0,1740.885009765625
49224,5,123,66,61,2,5.9149439040254075,-1.0809323317648314,0.8513997106635237,0,1740.885009765625
49224,5,123,66,62,2,5.3393860420559855,-1.7053461133441974,0.6034068236642477,0,1740.885009765625
49224,5,123,66,63,2,10.547054197413372,-0.2457567643962045,0.848528137423857,0,1740.885009765625
49224,5,123,66,64,2,5.872542463333369,-0.471714818378291,0.848528137423857,0,1740.885009765625
49224,5,123,66,65,2,12.678349491911842,-0.0012018730551139924,0.682842712474619,0,1740.885009765625
49224,5,123,66,66,2,7.68029612577144,-0.015339715467202277,0.8513997106635237,1,1740.885009765625
49224,5,123,66,67,,,,,0,1740.885009765625
49224,5,123,66,68,2,8.325244833163495,0.4182575014973559,0.6034068236642477,0,1740.885009765625
49224,5,124,63,1,,,,,0,1741.302001953125
49224,5,124,63,2,2,26.61019310608601,1.1364565680499097,0.682842712474619,0,1741.302001953125
49224,5,124,63,3,2,30.126028276286476,1.0108115000493878,0.765685424949238,0,1741.302001953125
49224,5,124,63,4,2,34.01547856879331,0.9126204953483709,0.682842712474619,0,1741.302001953125
49224,5,124,63,5,2,26.59662071566861,1.0034617625539044,0.848528137423857,0,1741.302001953125
49224,5,124,63,6,2,30.52630727837151,0.8949100997138432,0.848528137423857,0,1741.302001953125
49224,5,124,63,7,2,20.549945145677533,1.1055178284058287,0.613407053921902,0,1741.302001953125
49224,5,124,63,8,2,23.069089433322958,0.9938636461452729,0.8513997106635237,0,1741.302001953125
49224,5,124,63,9,2,27.04917909739735,0.8726378564408913,0.848528137423857,0,1741.302001953125
49224,5,124,63,10,2,31.323047303918283,0.7834567066759238,0.8513997106635237,0,1741.302001953125
49224,5,124,63,11,2,34.431321993147456,0.734459710991726,0.613407053921902,0,1741.302001953125
49224,5,124,63,12,2,23.589420163128175,0.8438144572016629,0.848528137423857,0,1741.302001953125
49224,5,124,63,13,2,27.94523118875603,0.7481610470870859,0.848528137423857,0,1741.302001953125
49224,5,124,63,14,2,20.155976717145666,0.805129365479493,0.682842712474619,0,1741.302001953125
49224,5,124,63,15,2,24.611757352585432,0.7032349583707996,0.8513997106635237,0,1741.302001953125
49224,5,124,63,16,2,29.244038752247747,0.6330698042810028,0.682842712474619,0,1741.302001953125
49224,5,124,63,17,2,23.395404614585505,0.5663612223843857,0.613407053921902,0,1741.302001953125
49224,5,124,63,18,2,33.0487928726288,-0.31003394029098097,0.613407053921902,0,1741.302001953125
49224,5,124,63,19,2,31.234857983354022,-0.21683630288468714,0.8513997106635237,0,1741.302001953125
49224,5,124,63,20,2,26.94700633984914,-0.30551313060371144,0.682842712474619,0,1741.302001953125
49224,5,124,63,21,2,35.70842415734303,-0.1499550382618205,0.682842712474619,0,1741.302001953125
49224,5,124,63,22,2,27.86285155705262,-0.18080764972838842,0.848528137423857,0,1741.302001953125
49224,5,124,63,23,2,32.416256715585995,-0.11206484416903834,0.848528137423857,0,1741.302001953125
49224,5,124,63,24,2,21.381721136244085,-0.20108497619695742,0.613407053921902,0,1741.302001953125
49224,5,124,63,25,2,24.536924023609895,-0.13493796140808761,0.8513997106635237,0,1741.302001953125
49224,5,124,63,26,2,29.181087078805497,-0.06569370340044994,0.848528137423857,0,1741.302001953125
49224,5,124,63,27,2,33.92655369561214,-0.01563282817941203,0.8513997106635237,0,1741.302001953125
49224,5,124,63,28,2,37.287983150789366,0.011783042643632058,0.613407053921902,0,1741.302001953125
49224,5,124,63,29,2,26.024180808449746,-0.007921419774408078,0.848528137423857,0,1741.302001953125
49224,5,124,63,30,2,30.850173246050158,0.038230894353042943,0.848528137423857,0,1741.302001953125
49224,5,124,63,31,2,22.977818225430784,0.06547258226290215,0.682842712474619,0,1741.302001953125
49224,5,124,63,32,2,27.882886022816287,0.1037849339132679,0.8513997106635237,0,1741.302001953125
49224,5,124,63,33,2,32.8166198064607,0.13060745404715315,0.682842712474619,0,1741.302001953125
49224,5,124,63,34,2,27.483612860461744,0.2294758023758182,0.613407053921902,0,1741.302001953125
49224,5,124,63,35,2,28.705656231209858,1.9405635975790116,0.6034068236642477,0,1741.302001953125
49224,5,124,63,36,2,25.221440418065402,1.95290328062713,0.7685569981889047,0,1741.302001953125
49224,5,124,63,37,,,,,0,1741.302001953125
49224,5,124,63,38,2,26.203928220814493,2.1438937296933855,0.682842712474619,0,1741.302001953125
49224,5,124,63,39,,,,,0,1741.302001953125
49224,5,124,63,40,2,23.150026145806905,2.071547236344806,0.848528137423857,0,1741.302001953125
49224,5,124,63,41,2,20.953744564020308,1.5637300282418907,0.6034068236642477,0,1741.302001953125
49224,5,124,63,42,2,20.240473548361294,1.7303082210869958,0.7685569981889047,0,1741.302001953125
49224,5,124,63,43,,,,,0,1741.302001953125
49224,5,124,63,44,2,21.464537366108395,2.211082771867884,0.7685569981889047,0,1741.302001953125
49224,5,124,63,45,2,22.931282618919646,2.3544430609965925,0.6034068236642477,0,1741.302001953125
49224,5,124,63,46,2,17.592027263832712,1.854510111420376,0.848528137423857,0,1741.302001953125
49224,5,124,63,47,,,,,0,1741.302001953125
49224,5,124,63,48,2,15.289122917989067,1.6907527723559554,0.682842712474619,0,1741.302001953125
49224,5,124,63,49,2,15.30627574039334,2.0190700339102814,0.7685569981889047,0,1741.302001953125
49224,5,124,63,50,,,,,0,1741.302001953125
49224,5,124,63,51,2,11.869643387169617,2.0682624684834265,0.6034068236642477,0,1741.302001953125
49224,5,124,63,52,2,13.629607015476672,-1.1095125151477876,0.613407053921902,0,1741.302001953125
49224,5,124,63,53,2,12.394959978117315,-0.6455008056589701,0.682842712474619,0,1741.302001953125
49224,5,124,63,54,2,10.205872343837404,-1.0478905188207763,0.8513997106635237,0,1741.302001953125
49224,5,124,63,55,2,10.231550602830461,-1.5422001089864348,0.682842712474619,0,1741.302001953125
49224,5,124,63,56,2,8.908264506018268,-0.7012393309599649,0.848528137423857,0,1741.302001953125
49224,5,124,63,57,2,7.408236898801233,-1.2971497329980832,0.848528137423857,0,1741.302001953125
49224,5,124,63,58,2,11.997381568990878,-0.14072980063259904,0.613407053921902,0,1741.302001953125
49224,5,124,63,59,2,8.919334208317606,-0.3019581422854771,0.8513997106635237,0,1741.302001953125
49224,5,124,63,60,2,5.484461701866451,-0.8274789942245367,0.848528137423857,0,1741.302001953125
49224,5,124,63,61,2,5.532098842104598,-1.769632018549967,0.8513997106635237,0,1741.302001953125
49224,5,124,63,62,2,7.792398591352836,-2.1795005049912133,0.6034068236642477,0,1741.302001953125
49224,5,124,63,63,2,5.5024236814080005,-0.17223566601343504,0.848528137423857,1,1741.302001953125
49224,5,124,63,64,2,2.4086228034490524,-1.3118557041747425,0.765685424949238,0,1741.302001953125
49224,5,124,63,65,2,7.448087847239673,0.2930762532015938,0.6466890965784271,0,1741.302001953125
49224,5,124,63,66,,,,,0,1741.302001953125
49224,5,124,63,67,,,,,0,1741.302001953125
49224,5,124,63,68,2,4.346544940771782,1.2534000096021702,0.47153869179611585,0,1741.302001953125
49224,5,125,59,1,2,32.36167253700924,1.6264303690206008,0.613407053921902,0,1741.5679931640625
49224,5,125,59,2,2,26.549867111432295,1.690018163305411,0.682842712474619,0,1741.5679931640625
49224,5,125,59,3,2,29.721750273692425,1.552316920852678,0.8513997106635237,0,1741.5679931640625
49224,5,125,59,4,2,33.34470625194886,1.4428032327647529,0.682842712474619,0,1741.5679931640625
49224,5,125,59,5,2,26.188180376645825,1.5565403418449741,0.848528137423857,0,1741.5679931640625
49224,5,125,59,6,2,29.82126400970889,1.433538370473217,0.848528137423857,0,1741.5679931640625
49224,5,125,59,7,2,20.446717256318287,1.6883219667052953,0.613407053921902,0,1741.5679931640625
49224,5,125,59,8,2,22.65522331710149,1.5620811273577804,0.8513997106635237,0,1741.5679931640625
49224,5,125,59,9,2,26.30106726436706,1.4217922009024746,0.848528137423857,0,1741.5679931640625
49224,5,125,59,10,2,30.33534464847535,1.3171733766453357,0.8513997106635237,0,1741.5679931640625
49224,5,125,59,11,2,33.315522387165075,1.259432490032273,0.613407053921902,0,1741.5679931640625
49224,5,125,59,12,2,22.785620275795925,1.4064188486506923,0.848528137423857,0,1741.5679931640625
49224,5,125,59,13,2,26.882549861383755,1.2905449662303368,0.848528137423857,0,1741.5679931640625
49224,5,125,59,14,2,19.27752171470088,1.3854436787179498,0.682842712474619,0,1741.5679931640625
49224,5,125,59,15,2,23.45442046092347,1.2561017247253687,0.8513997106635237,0,1741.5679931640625
49224,5,125,59,16,2,27.903348093997735,1.166874138282843,0.682842712474619,0,1741.5679931640625
49224,5,125,59,17,2,21.925200776661153,1.1171593683276237,0.613407053921902,0,1741.5679931640625
49224,5,125,59,18,2,30.43057548517689,0.14934379292151367,0.613407053921902,0,1741.5679931640625
49224,5,125,59,19,2,28.642893262028043,0.25130840788719483,0.8513997106635237,0,1741.5679931640625
49224,5,125,59,20,2,24.329577446452085,0.1554740650999743,0.682842712474619,0,1741.5679931640625
49224,5,125,59,21,2,33.149695777140295,0.3215944106278261,0.682842712474619,0,1741.5679931640625
49224,5,125,59,22,2,25.288139247775987,0.2927806953758901,0.848528137423857,0,1741.5679931640625
49224,5,125,59,23,2,29.882720463704935,0.3645418854236915,0.848528137423857,0,1741.5679931640625
49224,5,125,59,24,2,18.79823773181864,0.27616880682950673,0.613407053921902,0,1741.5679931640625
49224,5,125,59,25,2,21.9901032014378,0.3468106282398734,0.8513997106635237,0,1741.5679931640625
49224,5,125,59,26,2,26.684295653190972,0.41790412530456245,0.848528137423857,0,1741.5679931640625
49224,5,125,59,27,2,31.472823677006296,0.4675558103294771,0.8513997106635237,0,1741.5679931640625
49224,5,125,59,28,2,34.86014238628183,0.49415273142394545,0.613407053921902,0,1741.5679931640625
49224,5,125,59,29,2,23.58232996762371,0.4855424023371488,0.848528137423857,0,1741.5679931640625
49224,5,125,59,30,2,28.453704194689745,0.5290459117189934,0.848528137423857,0,1741.5679931640625
49224,5,125,59,31,2,20.62040103627619,0.5731164120161523,0.682842712474619,0,1741.5679931640625
49224,5,125,59,32,2,25.567321615567824,0.604763544495803,0.8513997106635237,0,1741.5679931640625
49224,5,125,59,33,2,30.531539926621832,0.626135454091934,0.682842712474619,0,1741.5679931640625
49224,5,125,59,34,2,25.349227693457728,0.7420853662555814,0.613407053921902,0,1741.5679931640625
49224,5,125,59,35,2,30.520143692231954,2.4594238177419836,0.6034068236642477,0,1741.5679931640625
49224,5,125,59,36,2,27.06628457940992,2.4791323977209165,0.7685569981889047,0,1741.5679931640625
49224,5,125,59,37,,,,,0,1741.5679931640625
49224,5,125,59,38,2,28.35660002956246,2.6537206493779255,0.682842712474619,0,1741.5679931640625
49224,5,125,59,39,,,,,0,1741.5679931640625
49224,5,125,59,40,2,25.199645097532724,2.594166508600187,0.848528137423857,0,1741.5679931640625
49224,5,125,59,41,2,22.0028487594576,2.1306038920330352,0.6034068236642477,0,1741.5679931640625
49224,5,125,59,42,2,21.666436175422337,2.2903319265217825,0.7685569981889047,0,1741.5679931640625
49224,5,125,59,43,,,,,0,1741.5679931640625
49224,5,125,59,44,2,23.71624896878945,2.7255379493584804,0.7685569981889047,0,1741.5679931640625
49224,5,125,59,45,2,25.34303786371499,2.852027107485973,0.6034068236642477,0,1741.5679931640625
49224,5,125,59,46,2,19.284003957986823,2.418218127503342,0.848528137423857,0,1741.5679931640625
49224,5,125,59,47,,,,,0,1741.5679931640625
49224,5,125,59,48,2,16.66727801582114,2.2855038856104737,0.682842712474619,0,1741.5679931640625
49224,5,125,59,49,2,17.300611571839106,2.57862735281296,0.7685569981889047,0,1741.5679931640625
49224,5,125,59,50,,,,,0,1741.5679931640625
49224,5,125,59,51,2,13.961223108981912,2.646078117010611,0.6034068236642477,0,1741.5679931640625
49224,5,125,59,52,2,11.841505223615643,-0.8057145437102936,0.613407053921902,0,1741.5679931640625
49224,5,125,59,53,2,9.904728755439022,-0.2647114067855253,0.682842712474619,0,1741.5679931640625
49224,5,125,59,54,2,8.343659630030407,-0.7933616981781003,0.8513997106635237,0,1741.5679931640625
49224,5,125,59,55,2,9.54618564269403,-1.3440944811397073,0.682842712474619,0,1741.5679931640625
49224,5,125,59,56,2,6.494482574755085,-0.3810881800795328,0.848528137423857,0,1741.5679931640625
49224,5,125,59,57,2,6.220233775090446,-1.1883161543017748,0.848528137423857,0,1741.5679931640625
49224,5,125,59,58,2,9.456788503171188,0.3750667581321375,0.613407053921902,0,1741.5679931640625
49224,5,125,59,59,2,6.303963182458772,0.17791439066858428,0.7685569981889047,1,1741.5679931640625
49224,5,125,59,60,2,3.3545426079831273,-0.7310294503725486,0.848528137423857,0,1741.5679931640625
49224,5,125,59,61,2,5.72415586892537,-1.7837208820343742,0.8513997106635237,0,1741.5679931640625
49224,5,125,59,62,2,8.807670714998247,-2.017460052006572,0.6034068236642477,0,1741.5679931640625
49224,5,125,59,63,,,,,0,1741.5679931640625
49224,5,125,59,64,2,2.3081612386813553,-2.035170744482816,0.765685424949238,0,1741.5679931640625
49224,5,125,59,65,2,5.601450873904977,1.0371794715998892,0.5276927682076162,0,1741.5679931640625
49224,5,125,59,66,,,,,0,1741.5679931640625
49224,5,125,59,67,,,,,0,1741.5679931640625
49224,5,125,59,68,2,5.175390444848766,2.238999061608679,0.43533959677349143,0,1741.5679931640625
49224,5,126,53,1,2,32.98743921608125,1.7922204921639318,0.613407053921902,0,1741.8690185546875
49224,5,126,53,2,2,27.45787007548365,1.878085143469581,0.682842712474619,0,1741.8690185546875
49224,5,126,53,3,2,30.087684006113413,1.7299980200707177,0.8513997106635237,0,1741.8690185546875
49224,5,126,53,4,2,33.26564036090881,1.6079082647383176,0.682842712474619,0,1741.8690185546875
49224,5,126,53,5,2,26.60276480490044,1.7510683430039844,0.848528137423857,0,1741.8690185546875
49224,5,126,53,6,2,29.732830256039225,1.6123202170960629,0.848528137423857,0,1741.8690185546875
49224,5,126,53,7,2,21.423388897166834,1.915764286626115,0.613407053921902,0,1741.8690185546875
49224,5,126,53,8,2,23.133211227107356,1.7784743812617858,0.8513997106635237,0,1741.8690185546875
49224,5,126,53,9,2,26.200754978579493,1.6179218385739094,0.848528137423857,0,1741.8690185546875
49224,5,126,53,10,2,29.7962021274046,1.4934858060838296,0.8513997106635237,0,1741.8690185546875
49224,5,126,53,11,2,32.534559026608385,1.4234618441314701,0.613407053921902,0,1741.8690185546875
49224,5,126,53,12,2,22.669758001811015,1.6252687492848905,0.848528137423857,0,1741.8690185546875
49224,5,126,53,13,2,26.272647899103486,1.4830921954302512,0.848528137423857,0,1741.8690185546875
49224,5,126,53,14,2,19.14043610458735,1.6353257887159822,0.682842712474619,0,1741.8690185546875
49224,5,126,53,15,2,22.752810684471125,1.4694809491137615,0.8513997106635237,0,1741.8690185546875
49224,5,126,53,16,2,26.81463208423669,1.351367448816295,0.682842712474619,0,1741.8690185546875
49224,5,126,53,17,2,20.719265837873238,1.338187402854409,0.613407053921902,0,1741.8690185546875
49224,5,126,53,18,2,26.677260721617937,0.22758739001719797,0.613407053921902,0,1741.8690185546875
49224,5,126,53,19,2,25.001573086350017,0.3466391583812574,0.8513997106635237,0,1741.8690185546875
49224,5,126,53,20,2,20.585056643655594,0.2432694910120412,0.682842712474619,0,1741.8690185546875
49224,5,126,53,21,2,29.604269228638188,0.41845007392852085,0.682842712474619,0,1741.8690185546875
49224,5,126,53,22,2,21.709587527389665,0.4019958422475634,0.848528137423857,0,1741.8690185546875
49224,5,126,53,23,2,26.412881144982748,0.4728687503958154,0.848528137423857,0,1741.8690185546875
49224,5,126,53,24,2,15.21018917002578,0.4068625835774237,0.613407053921902,0,1741.8690185546875
49224,5,126,53,25,2,18.507666639171024,0.476807467206942,0.8513997106635237,0,1741.8690185546875
49224,5,126,53,26,2,23.32097391183045,0.5419701660285908,0.848528137423857,0,1741.8690185546875
49224,5,126,53,27,2,28.199324884930643,0.584720244887531,0.8513997106635237,0,1741.8690185546875
49224,5,126,53,28,2,31.63677913133041,0.6067744949997328,0.613407053921902,0,1741.8690185546875
49224,5,126,53,29,2,20.373889123423826,0.6316025143567375,0.848528137423857,0,1741.8690185546875
49224,5,126,53,30,2,25.3264576635415,0.6618502728149175,0.848528137423857,0,1741.8690185546875
49224,5,126,53,31,2,17.64434447155402,0.7501910389134717,0.682842712474619,0,1741.8690185546875
49224,5,126,53,32,2,22.64192994425279,0.7579643353748465,0.8513997106635237,0,1741.8690185546875
49224,5,126,53,33,2,27.640388770240616,0.7629264183319625,0.682842712474619,0,1741.8690185546875
49224,5,126,53,34,2,22.815771053886685,0.9119166982522683,0.613407053921902,0,1741.8690185546875
49224,5,126,53,35,2,33.69406200788009,2.5766067964886328,0.6034068236642477,0,1741.8690185546875
49224,5,126,53,36,2,30.288403678767,2.601873640553474,0.7685569981889047,0,1741.8690185546875
49224,5,126,53,37,,,,,0,1741.8690185546875
49224,5,126,53,38,2,31.875590937868964,2.754616592501821,0.682842712474619,0,1741.8690185546875
49224,5,126,53,39,,,,,0,1741.8690185546875
49224,5,126,53,40,2,28.632599669276676,2.7079998412001514,0.848528137423857,0,1741.8690185546875
49224,5,126,53,41,2,24.405249427368663,2.309736823786255,0.6034068236642477,0,1741.8690185546875
49224,5,126,53,42,2,24.493516076165214,2.4529668246830227,0.7685569981889047,0,1741.8690185546875
49224,5,126,53,43,,,,,0,1741.8690185546875
49224,5,126,53,44,2,27.336132320322477,2.8256380886431645,0.7685569981889047,0,1741.8690185546875
49224,5,126,53,45,2,29.08745881639482,2.933154968769496,0.6034068236642477,0,1741.8690185546875
49224,5,126,53,46,2,22.413627466041284,2.575064433448067,0.848528137423857,0,1741.8690185546875
49224,5,126,53,47,,,,,0,1741.8690185546875
49224,5,126,53,48,2,19.522888166692677,2.4777149420458144,0.682842712474619,0,1741.8690185546875
49224,5,126,53,49,2,20.731836932592266,2.7194590881678193,0.7685569981889047,0,1741.8690185546875
49224,5,126,53,50,,,,,0,1741.8690185546875
49224,5,126,53,51,2,17.504475011169983,2.7905663106343033,0.6034068236642477,0,1741.8690185546875
49224,5,126,53,52,2,9.42310501721129,-1.0392635349778319,0.613407053921902,0,1741.8690185546875
49224,5,126,53,53,2,6.207368614631102,-0.3472761576845881,0.6466890965784271,1,1741.8690185546875
49224,5,126,53,54,2,6.09896100563981,-1.183892844205225,0.8513997106635237,0,1741.8690185546875
49224,5,126,53,55,2,9.26624117853203,-1.7043927037931867,0.682842712474619,0,1741.8690185546875
49224,5,126,53,56,2,3.1239332475580377,-0.7426791200419435,0.848528137423857,0,1741.8690185546875
49224,5,126,53,57,2,5.7814236279316376,-1.7859390652493374,0.848528137423857,0,1741.8690185546875
49224,5,126,53,58,2,6.164775937598758,0.6844801373003104,0.4815389220537701,0,1741.8690185546875
49224,5,126,53,59,,,,,0,1741.8690185546875
49224,5,126,53,60,2,2.4467310339491277,-2.0995438405333284,0.848528137423857,0,1741.8690185546875
49224,5,126,53,61,2,7.392725680214131,-2.2720823088671076,0.8513997106635237,0,1741.8690185546875
49224,5,126,53,62,2,10.88432465264533,-2.2991010201594704,0.6034068236642477,0,1741.8690185546875
49224,5,126,53,63,,,,,0,1741.8690185546875
49224,5,126,53,64,2,5.216706486834488,3.5585377825285898,0.765685424949238,0,1741.8690185546875
49224,5,126,53,65,2,5.109771024836324,1.814758327030657,0.46911412444492573,0,1741.8690185546875
49224,5,126,53,66,,,,,0,1741.8690185546875
49224,5,126,53,67,,,,,0,1741.8690185546875
49224,5,126,53,68,2,8.226668665966008,2.647990957530555,0.43533959677349143,0,1741.8690185546875
49224,5,127,56,1,2,34.28623935187964,2.0123878905328256,0.613407053921902,0,1742.18505859375
49224,5,127,56,2,2,29.116033664378914,2.1150834109883285,0.682842712474619,0,1742.18505859375
49224,5,127,56,3,2,31.170308246869574,1.963622398147829,0.8513997106635237,0,1742.18505859375
49224,5,127,56,4,2,33.84424347011593,1.8334515674595777,0.682842712474619,0,1742.18505859375
49224,5,127,56,5,2,27.798046952150692,1.999702874477339,0.848528137423857,0,1742.18505859375
49224,5,127,56,6,2,30.35747213148014,1.8517079175943958,0.848528137423857,0,1742.18505859375
49224,5,127,56,7,2,23.279463537662327,2.1836400664073476,0.613407053921902,0,1742.18505859375
49224,5,127,56,8,2,24.47191681301412,2.045665418925913,0.8513997106635237,0,1742.18505859375
49224,5,127,56,9,2,26.8834412299226,1.8746920449914635,0.848528137423857,0,1742.18505859375
49224,5,127,56,10,2,29.942680444848644,1.7351845631457843,0.8513997106635237,0,1742.18505859375
49224,5,127,56,11,2,32.37291154845444,1.6542632213009703,0.613407053921902,0,1742.18505859375
49224,5,127,56,12,2,23.427819158253104,1.9044763682544117,0.848528137423857,0,1742.18505859375
49224,5,127,56,13,2,26.414151706451417,1.7430945178160564,0.848528137423857,0,1742.18505859375
49224,5,127,56,14,2,20.000150215958882,1.944516101442907,0.682842712474619,0,1742.18505859375
49224,5,127,56,15,2,22.8877851379407,1.7534427013955534,0.8513997106635237,0,1742.18505859375
49224,5,127,56,16,2,26.41392451681799,1.6091438325908687,0.682842712474619,0,1742.18505859375
49224,5,127,56,17,2,20.35663567073462,1.6413955661611888,0.613407053921902,0,1742.18505859375
49224,5,127,56,18,2,22.779240471969842,0.38101788258386127,0.613407053921902,0,1742.18505859375
49224,5,127,56,19,2,21.292061646758,0.5250060562868707,0.8513997106635237,0,1742.18505859375
49224,5,127,56,20,2,16.71846850969681,0.4178664093995815,0.682842712474619,0,1742.18505859375
49224,5,127,56,21,2,26.02300115338279,0.593760433067938,0.682842712474619,0,1742.18505859375
49224,5,127,56,22,2,18.12081375547508,0.6046027970688199,0.848528137423857,0,1742.18505859375
49224,5,127,56,23,2,22.9610233008077,0.6660867144142654,0.848528137423857,0,1742.18505859375
49224,5,127,56,24,2,11.680522387725366,0.6650305835519517,0.613407053921902,0,1742.18505859375
49224,5,127,56,25,2,15.112110810601108,0.7168671362508248,0.8513997106635237,0,1742.18505859375
49224,5,127,56,26,2,20.05543799101645,0.7599900686608605,0.848528137423857,0,1742.18505859375
49224,5,127,56,27,2,25.021296786360317,0.7860298943514342,0.8513997106635237,0,1742.18505859375
49224,5,127,56,28,2,28.504501096719068,0.7988537210817118,0.613407053921902,0,1742.18505859375
49224,5,127,56,29,2,17.384838078129402,0.8841494785983416,0.848528137423857,0,1742.18505859375
49224,5,127,56,30,2,22.38475585889641,0.8856030067827512,0.848528137423857,0,1742.18505859375
49224,5,127,56,31,2,15.07463422422083,1.0496629423546424,0.682842712474619,0,1742.18505859375
49224,5,127,56,32,2,20.027213906424155,1.010122211327877,0.8513997106635237,0,1742.18505859375
49224,5,127,56,33,2,24.998679899412455,0.9862824245675224,0.682842712474619,0,1742.18505859375
49224,5,127,56,34,2,20.73758398519903,1.1784892875851787,0.613407053921902,0,1742.18505859375
49224,5,127,56,35,2,37.28527073038959,2.7361976601649873,0.6034068236642477,0,1742.18505859375
49224,5,127,56,36,2,33.92982936516087,2.764187113577125,0.7685569981889047,0,1742.18505859375
49224,5,127,56,37,,,,,0,1742.18505859375
49224,5,127,56,38,2,35.740573874649996,2.898122400161757,0.682842712474619,0,1742.18505859375
49224,5,127,56,39,,,,,0,1742.18505859375
49224,5,127,56,40,2,32.44035478995323,2.8608729924675913,0.848528137423857,0,1742.18505859375
49224,5,127,56,41,2,27.434478428942697,2.520374160153769,0.6034068236642477,0,1742.18505859375
49224,5,127,56,42,2,27.860533318053854,2.646112958192768,0.7685569981889047,0,1742.18505859375
49224,5,127,56,43,,,,,0,1742.18505859375
49224,5,127,56,44,2,31.28130299471476,2.965774044069443,0.7685569981889047,0,1742.18505859375
49224,5,127,56,45,2,33.114628597425295,3.0584415495541712,0.6034068236642477,0,1742.18505859375
49224,5,127,56,46,2,26.025998826471536,2.758410900738947,0.848528137423857,0,1742.18505859375
49224,5,127,56,47,,,,,0,1742.18505859375
49224,5,127,56,48,2,22.96389803418021,2.6861020334097923,0.682842712474619,0,1742.18505859375
49224,5,127,56,49,2,24.566153810977546,2.8858453853478867,0.7685569981889047,0,1742.18505859375
49224,5,127,56,50,,,,,0,1742.18505859375
49224,5,127,56,51,2,21.425167919414132,2.9531621663355208,0.6034068236642477,0,1742.18505859375
49224,5,127,56,52,2,7.971135491502836,-1.3769261985738197,0.6034068236642477,0,1742.18505859375
49224,5,127,56,53,,,,,0,1742.18505859375
49224,5,127,56,54,2,5.744309681189753,-1.7786674033595902,0.8513997106635237,0,1742.18505859375
49224,5,127,56,55,2,10.447602301666693,-1.9981340030680812,0.682842712474619,0,1742.18505859375
49224,5,127,56,56,2,2.61797547053089,-2.2077096626301413,0.765685424949238,1,1742.18505859375
49224,5,127,56,57,2,7.616370244721714,-2.2360817287504355,0.848528137423857,0,1742.18505859375
49224,5,127,56,58,2,4.14147163661976,1.5048923254610576,0.43533959677349143,0,1742.18505859375
49224,5,127,56,59,,,,,0,1742.18505859375
49224,5,127,56,60,2,5.644979854310678,3.5956829030469937,0.848528137423857,0,1742.18505859375
49224,5,127,56,61,2,10.393319859215065,3.800527097111406,0.8513997106635237,0,1742.18505859375
49224,5,127,56,62,2,13.82316200419502,3.858707969957382,0.6034068236642477,0,1742.18505859375
49224,5,127,56,63,,,,,0,1742.18505859375
49224,5,127,56,64,2,9.048635231174112,3.4617326904337937,0.765685424949238,0,1742.18505859375
49224,5,127,56,65,2,7.387773768690784,2.477091862240921,0.46911412444492573,0,1742.18505859375
49224,5,127,56,66,,,,,0,1742.18505859375
49224,5,127,56,67,,,,,0,1742.18505859375
49224,5,127,56,68,2,12.028823470616345,2.9007163719528974,0.43533959677349143,0,1742.18505859375
49224,5,128,54,1,2,35.668677073201835,3.0739420971740254,0.613407053921902,0,1742.3680419921875
49224,5,128,54,2,2,30.501078600925485,3.1724376965315817,0.682842712474619,0,1742.3680419921875
49224,5,128,54,3,2,32.5466359997143,3.0275054660113083,0.8513997106635237,0,1742.3680419921875
49224,5,128,54,4,2,35.188794153479634,2.9019905858769404,0.682842712474619,0,1742.3680419921875
49224,5,128,54,5,2,29.179230728231996,3.062465352214164,0.848528137423857,0,1742.3680419921875
49224,5,128,54,6,2,31.707967846733137,2.9205386929951898,0.848528137423857,0,1742.3680419921875
49224,5,128,54,7,2,24.658550110058243,3.236803164005445,0.613407053921902,0,1742.3680419921875
49224,5,128,54,8,2,25.85674954213886,3.1064756114004872,0.8513997106635237,0,1742.3680419921875
49224,5,128,54,9,2,28.24073681692746,2.9436509160356064,0.848528137423857,0,1742.3680419921875
49224,5,128,54,10,2,31.2491109480098,2.8091123474295867,0.8513997106635237,0,1742.3680419921875
49224,5,128,54,11,2,33.63828679340954,2.7302032943811154,0.613407053921902,0,1742.3680419921875
49224,5,128,54,12,2,24.79280554831304,2.973211229817629,0.848528137423857,0,1742.3680419921875
49224,5,128,54,13,2,27.724554568730692,2.8185705339588845,0.848528137423857,0,1742.3680419921875
49224,5,128,54,14,2,21.37351627481921,3.0122733927440315,0.682842712474619,0,1742.3680419921875
49224,5,128,54,15,2,24.20320055339842,2.8307822602096904,0.8513997106635237,0,1742.3680419921875
49224,5,128,54,16,2,27.654342084130107,2.690823523956161,0.682842712474619,0,1742.3680419921875
49224,5,128,54,17,2,21.617675818033028,2.7276043434397232,0.613407053921902,0,1742.3680419921875
49224,5,128,54,18,2,22.640011753021493,1.5005605410990868,0.613407053921902,0,1742.3680419921875
49224,5,128,54,19,2,21.35511979435861,1.6487583196694557,0.8513997106635237,0,1742.3680419921875
49224,5,128,54,20,2,16.645522591776533,1.5596650440053768,0.682842712474619,0,1742.3680419921875
49224,5,128,54,21,2,26.17267392738982,1.7053759413070158,0.682842712474619,0,1742.3680419921875
49224,5,128,54,22,2,18.30107732784721,1.7388906738589285,0.848528137423857,0,1742.3680419921875
49224,5,128,54,23,2,23.21415840468715,1.7839291206334422,0.848528137423857,0,1742.3680419921875
49224,5,128,54,24,2,11.970393390930587,1.8385140040147976,0.613407053921902,0,1742.3680419921875
49224,5,128,54,25,2,15.453728394412769,1.8635967215540685,0.8513997106635237,0,1742.3680419921875
49224,5,128,54,26,2,20.439800399376296,1.8845810296379306,0.848528137423857,0,1742.3680419921875
49224,5,128,54,27,2,25.431342069273644,1.8973318622405615,0.8513997106635237,0,1742.3680419921875
49224,5,128,54,28,2,28.92715960475643,1.9036385096836683,0.613407053921902,0,1742.3680419921875
49224,5,128,54,29,2,17.935264990927223,2.0150074642222546,0.848528137423857,0,1742.3680419921875
49224,5,128,54,30,2,22.926871774684912,2.0007264430184817,0.848528137423857,0,1742.3680419921875
49224,5,128,54,31,2,15.829150963435026,2.1837464931657147,0.682842712474619,0,1742.3680419921875
49224,5,128,54,32,2,20.7250992591418,2.1277148961362236,0.8513997106635237,0,1742.3680419921875
49224,5,128,54,33,2,25.66120531813235,2.0931629339632107,0.682842712474619,0,1742.3680419921875
49224,5,128,54,34,2,21.62176562068268,2.2877060897333497,0.613407053921902,0,1742.3680419921875
49224,5,128,54,35,2,38.394794278612444,3.7730774005179244,0.6034068236642477,0,1742.3680419921875
49224,5,128,54,36,2,35.016984713743064,3.7980796707675673,0.7685569981889047,0,1742.3680419921875
49224,5,128,54,37,,,,,0,1742.3680419921875
49224,5,128,54,38,2,36.70451606225658,3.929457492468655,0.682842712474619,0,1742.3680419921875
49224,5,128,54,39,,,,,0,1742.3680419921875
49224,5,128,54,40,2,33.44148934237252,3.8906047010418456,0.848528137423857,0,1742.3680419921875
49224,5,128,54,41,2,28.695644999551543,3.5587306165734622,0.6034068236642477,0,1742.3680419921875
49224,5,128,54,42,2,29.04156742646035,3.679451435327351,0.7685569981889047,0,1742.3680419921875
49224,5,128,54,43,,,,,0,1742.3680419921875
49224,5,128,54,44,2,32.17883155786603,3.991316950896218,0.7685569981889047,0,1742.3680419921875
49224,5,128,54,45,2,33.910909705799256,4.0834185770373965,0.6034068236642477,0,1742.3680419921875
49224,5,128,54,46,2,27.1211472762334,3.785273325355205,0.848528137423857,0,1742.3680419921875
49224,5,128,54,47,,,,,0,1742.3680419921875
49224,5,128,54,48,2,24.117801302164885,3.712317894974734,0.682842712474619,0,1742.3680419921875
49224,5,128,54,49,2,25.54800619564357,3.9056318188816324,0.7685569981889047,0,1742.3680419921875
49224,5,128,54,50,,,,,0,1742.3680419921875
49224,5,128,54,51,2,22.343446719747305,3.9645472931318295,0.6034068236642477,0,1742.3680419921875
49224,5,128,54,52,2,6.669020596876879,-0.38313872265099325,0.6034068236642477,0,1742.3680419921875
49224,5,128,54,53,,,,,0,1742.3680419921875
49224,5,128,54,54,2,4.790286523374527,-0.9117341028165133,0.7685569981889047,1,1742.3680419921875
49224,5,128,54,55,2,9.694283155445772,-1.0549466542315191,0.682842712474619,0,1742.3680419921875
49224,5,128,54,56,,,,,0,1742.3680419921875
49224,5,128,54,57,2,7.199662138215924,4.927216484017665,0.848528137423857,0,1742.3680419921875
49224,5,128,54,58,2,5.3559561558762665,2.7055187705105483,0.3874932309279735,0,1742.3680419921875
49224,5,128,54,59,,,,,0,1742.3680419921875
49224,5,128,54,60,2,5.889918837383087,4.417411533036235,0.765685424949238,0,1742.3680419921875
49224,5,128,54,61,2,10.282189690571565,4.725633319597582,0.8513997106635237,0,1742.3680419921875
49224,5,128,54,62,2,13.60867449380179,4.817671898390377,0.6034068236642477,0,1742.3680419921875
49224,5,128,54,63,,,,,0,1742.3680419921875
49224,5,128,54,64,2,9.411664775128596,4.375511661181766,0.765685424949238,0,1742.3680419921875
49224,5,128,54,65,2,8.683499405421793,3.474566759620587,0.46911412444492573,0,1742.3680419921875
49224,5,128,54,66,,,,,0,1742.3680419921875
49224,5,128,54,67,,,,,0,1742.3680419921875
49224,5,128,54,68,2,13.015623385007428,3.8817664793984736,0.43533959677349143,0,1742.3680419921875
49224,5,129,60,1,2,36.53795468769239,4.030716823001192,0.613407053921902,0,1742.4849853515625
49224,5,129,60,2,2,31.26203262426344,4.1215345323984405,0.682842712474619,0,1742.4849853515625
49224,5,129,60,3,2,33.46714961083313,3.9826885640821916,0.8513997106635237,0,1742.4849853515625
49224,5,129,60,4,2,36.23238223395288,3.8629883583835207,0.682842712474619,0,1742.4849853515625
49224,5,129,60,5,2,30.064612814095977,4.012973027804864,0.848528137423857,0,1742.4849853515625
49224,5,129,60,6,2,32.73555197235691,3.8781369577533322,0.848528137423857,0,1742.4849853515625
49224,5,129,60,7,2,25.34851062208106,4.175183232490321,0.613407053921902,0,1742.4849853515625
49224,5,129,60,8,2,26.696662417783987,4.050941192579049,0.8513997106635237,0,1742.4849853515625
49224,5,129,60,9,2,29.24802905363875,3.8969033869811147,0.848528137423857,0,1742.4849853515625
49224,5,129,60,10,2,32.37564860811089,3.7700469720946646,0.8513997106635237,0,1742.4849853515625
49224,5,129,60,11,2,34.82595894282362,3.695601243996264,0.613407053921902,0,1742.4849853515625
49224,5,129,60,12,2,25.773591990836522,3.9207398602337173,0.848528137423857,0,1742.4849853515625
49224,5,129,60,13,2,28.84464358218851,3.775901037603271,0.848528137423857,0,1742.4849853515625
49224,5,129,60,14,2,22.318353091071224,3.9519794969791047,0.682842712474619,0,1742.4849853515625
49224,5,129,60,15,2,25.314902803903966,3.783387926152905,0.8513997106635237,0,1742.4849853515625
49224,5,129,60,16,2,28.87178074252576,3.653313927591727,0.682842712474619,0,1742.4849853515625
49224,5,129,60,17,2,22.811669695248764,3.6815497946970823,0.613407053921902,0,1742.4849853515625
49224,5,129,60,18,2,23.77168895559483,2.5239287976977676,0.613407053921902,0,1742.4849853515625
49224,5,129,60,19,2,22.595690418474124,2.666285963801635,0.8513997106635237,0,1742.4849853515625
49224,5,129,60,20,2,17.827781864666925,2.5912497716253986,0.682842712474619,0,1742.4849853515625
49224,5,129,60,21,2,27.44632297341303,2.7149993236612406,0.682842712474619,0,1742.4849853515625
49224,5,129,60,22,2,19.595891549672622,2.7552381748429076,0.848528137423857,0,1742.4849853515625
49224,5,129,60,23,2,24.53027486392901,2.792065351343062,0.848528137423857,0,1742.4849853515625
49224,5,129,60,24,2,13.314199648276833,2.85870062789216,0.613407053921902,0,1742.4849853515625
49224,5,129,60,25,2,16.80573431200013,2.8749646094209726,0.8513997106635237,0,1742.4849853515625
49224,5,129,60,26,2,21.79835142938371,2.8891556969208176,0.848528137423857,0,1742.4849853515625
49224,5,129,60,27,2,26.793722106349676,2.8980565427761418,0.8513997106635237,0,1742.4849853515625
49224,5,129,60,28,2,30.291390489768787,2.902540169829647,0.613407053921902,0,1742.4849853515625
49224,5,129,60,29,2,19.328783334134677,3.0124926039582496,0.848528137423857,0,1742.4849853515625
49224,5,129,60,30,2,24.317427587047504,2.9969578485019857,0.848528137423857,0,1742.4849853515625
49224,5,129,60,31,2,17.234720923674107,3.1687278671789123,0.682842712474619,0,1742.4849853515625
49224,5,129,60,32,2,22.13077098951382,3.116789120227489,0.8513997106635237,0,1742.4849853515625
49224,5,129,60,33,2,27.06485625056381,3.0837237142147,0.682842712474619,0,1742.4849853515625
49224,5,129,60,34,2,23.016147685402974,3.2669654935238936,0.613407053921902,0,1742.4849853515625
49224,5,129,60,35,2,38.352939078307564,4.723840137797989,0.6034068236642477,0,1742.4849853515625
49224,5,129,60,36,2,34.94246565796978,4.7453264633692775,0.7685569981889047,0,1742.4849853515625
49224,5,129,60,37,,,,,0,1742.4849853515625
49224,5,129,60,38,2,36.44503377670298,4.879061383942611,0.682842712474619,0,1742.4849853515625
49224,5,129,60,39,,,,,0,1742.4849853515625
49224,5,129,60,40,2,33.23863334804867,4.83625873146257,0.848528137423857,0,1742.4849853515625
49224,5,129,60,41,2,28.96158178469791,4.49822172226646,0.6034068236642477,0,1742.4849853515625
49224,5,129,60,42,2,29.139465094273476,4.618619043643527,0.7685569981889047,0,1742.4849853515625
49224,5,129,60,43,,,,,0,1742.4849853515625
49224,5,129,60,44,2,31.83767559721704,4.93608690473084,0.7685569981889047,0,1742.4849853515625
49224,5,129,60,45,2,33.44357627321375,5.0314268765328105,0.6034068236642477,0,1742.4849853515625
49224,5,129,60,46,2,27.072851097880292,4.720797067654061,0.848528137423857,0,1742.4849853515625
49224,5,129,60,47,,,,,0,1742.4849853515625
49224,5,129,60,48,2,24.17654910091576,4.641520236642719,0.682842712474619,0,1742.4849853515625
49224,5,129,60,49,2,25.333181939022467,4.8383936790708395,0.7685569981889047,0,1742.4849853515625
49224,5,129,60,50,,,,,0,1742.4849853515625
49224,5,129,60,51,2,22.052167183060263,4.889955989905699,0.6034068236642477,0,1742.4849853515625
49224,5,129,60,52,2,5.569470260811029,0.7481904617163111,0.43533959677349143,0,1742.4849853515625
49224,5,129,60,53,,,,,0,1742.4849853515625
49224,5,129,60,54,,,,,0,1742.4849853515625
49224,5,129,60,55,2,8.291900228455244,-0.07900257769159946,0.6466890965784271,0,1742.4849853515625
49224,5,129,60,56,,,,,0,1742.4849853515625
49224,5,129,60,57,2,5.909718166802894,5.828777126545859,0.848528137423857,0,1742.4849853515625
49224,5,129,60,58,2,6.595008793638126,3.580994351913262,0.3874932309279735,0,1742.4849853515625
49224,5,129,60,59,,,,,0,1742.4849853515625
49224,5,129,60,60,2,5.108221630217721,5.191308655006748,0.765685424949238,1,1742.4849853515625
49224,5,129,60,61,2,9.13008811293997,5.629798779172146,0.8513997106635237,0,1742.4849853515625
49224,5,129,60,62,2,12.377144883157998,5.752767499587673,0.6034068236642477,0,1742.4849853515625
49224,5,129,60,63,,,,,0,1742.4849853515625
49224,5,129,60,64,2,8.632940887231406,5.232922077561517,0.765685424949238,0,1742.4849853515625
49224,5,129,60,65,2,9.134125412331072,4.312259061756947,0.46911412444492573,0,1742.4849853515625
49224,5,129,60,66,,,,,0,1742.4849853515625
49224,5,129,60,67,,,,,0,1742.4849853515625
49224,5,129,60,68,2,12.871241488713897,4.761041069013164,0.43533959677349143,0,1742.4849853515625
49224,5,130,68,1,2,36.86901118339861,-1.6007180300780202,0.613407053921902,0,1742.68505859375
49224,5,130,68,2,2,31.392671943760796,-1.5214992275126789,0.682842712474619,0,1742.68505859375
49224,5,130,68,3,2,33.91648144419575,-1.6538750060246596,0.8513997106635237,0,1742.68505859375
49224,5,130,68,4,2,36.948011791439654,-1.7662555531658974,0.682842712474619,0,1742.68505859375
49224,5,130,68,5,2,30.452926479580693,-1.6317892436433588,0.848528137423857,0,1742.68505859375
49224,5,130,68,6,2,33.42467042405408,-1.757907465900919,0.848528137423857,0,1742.68505859375
49224,5,130,68,7,2,25.373297884526103,-1.4857628926483533,0.613407053921902,0,1742.68505859375
49224,5,130,68,8,2,27.008031190499963,-1.6040528087088093,0.8513997106635237,0,1742.68505859375
49224,5,130,68,9,2,29.90420723866305,-1.7475929602918832,0.848528137423857,0,1742.68505859375
49224,5,130,68,10,2,33.302994945782224,-1.8638634833492378,0.8513997106635237,0,1742.68505859375
49224,5,130,68,11,2,35.90569558731481,-1.931547994510212,0.613407053921902,0,1742.68505859375
49224,5,130,68,12,2,26.387774218171177,-1.73452771867276,0.848528137423857,0,1742.68505859375
49224,5,130,68,13,2,29.76814555821488,-1.8660729964636207,0.848528137423857,0,1742.68505859375
49224,5,130,68,14,2,22.877229854277626,-1.7174490088054857,0.682842712474619,0,1742.68505859375
49224,5,130,68,15,2,26.23348066100532,-1.8688779403309217,0.8513997106635237,0,1742.68505859375
49224,5,130,68,16,2,30.050347242207184,-1.9839741524562062,0.682842712474619,0,1742.68505859375
49224,5,130,68,17,2,23.95201944522096,-1.9748136926893536,0.613407053921902,0,1742.68505859375
49224,5,130,68,18,2,26.138029428063142,-3.03959477768008,0.613407053921902,0,1742.68505859375
49224,5,130,68,19,2,24.953814427245224,-2.9105429827707283,0.8513997106635237,0,1742.68505859375
49224,5,130,68,20,2,20.195667671149256,-2.9789887870154406,0.682842712474619,0,1742.68505859375
49224,5,130,68,21,2,29.7912859114084,-2.8641628103055097,0.682842712474619,0,1742.68505859375
49224,5,130,68,22,2,21.927425180974424,-2.8323830047942407,0.848528137423857,0,1742.68505859375
49224,5,130,68,23,2,26.844735738187477,-2.7950559420358045,0.848528137423857,0,1742.68505859375
49224,5,130,68,24,2,15.598127849679543,-2.752342933289326,0.613407053921902,0,1742.68505859375
49224,5,130,68,25,2,19.076978158635885,-2.730070795611508,0.8513997106635237,0,1742.68505859375
49224,5,130,68,26,2,24.05740961639385,-2.709441596224269,0.848528137423857,0,1742.68505859375
49224,5,130,68,27,2,29.0445660879423,-2.6958925243276997,0.8513997106635237,0,1742.68505859375
49224,5,130,68,28,2,32.5379212994157,-2.6888802819816,0.613407053921902,0,1742.68505859375
49224,5,130,68,29,2,21.491348911801666,-2.6024276052774042,0.848528137423857,0,1742.68505859375
49224,5,130,68,30,2,26.48973272486318,-2.607755315390806,0.848528137423857,0,1742.68505859375
49224,5,130,68,31,2,19.23531124382026,-2.468441062240979,0.682842712474619,0,1742.68505859375
49224,5,130,68,32,2,24.183156544018953,-2.5018394358659735,0.8513997106635237,0,1742.68505859375
49224,5,130,68,33,2,29.148806531630335,-2.52387672498893,0.682842712474619,0,1742.68505859375
49224,5,130,68,34,2,24.876119723936526,-2.361851232984284,0.613407053921902,0,1742.68505859375
49224,5,130,68,35,2,37.0978541117097,-0.8969426351723173,0.6034068236642477,0,1742.68505859375
49224,5,130,68,36,2,33.64898969666993,-0.8800707630469808,0.7685569981889047,0,1742.68505859375
49224,5,130,68,37,,,,,0,1742.68505859375
49224,5,130,68,38,2,34.89164148934112,-0.7386084533351491,0.682842712474619,0,1742.68505859375
49224,5,130,68,39,,,,,0,1742.68505859375
49224,5,130,68,40,2,31.769600646260425,-0.7884475899560186,0.848528137423857,0,1742.68505859375
49224,5,130,68,41,2,28.216055175396903,-1.1479667289794684,0.6034068236642477,0,1742.68505859375
49224,5,130,68,42,2,28.125011402858494,-1.0236853399532433,0.7685569981889047,0,1742.68505859375
49224,5,130,68,43,,,,,0,1742.68505859375
49224,5,130,68,44,2,30.188748613335115,-0.6862877670691687,0.7685569981889047,0,1742.68505859375
49224,5,130,68,45,2,31.63433324078478,-0.5830963071970059,0.6034068236642477,0,1742.68505859375
49224,5,130,68,46,2,25.847036271634554,-0.9233592826208159,0.848528137423857,0,1742.68505859375
49224,5,130,68,47,,,,,0,1742.68505859375
49224,5,130,68,48,2,23.12898967593165,-1.0158665902176403,0.682842712474619,0,1742.68505859375
49224,5,130,68,49,2,23.87723396131688,-0.8051078897293349,0.7685569981889047,0,1742.68505859375
49224,5,130,68,50,,,,,0,1742.68505859375
49224,5,130,68,51,2,20.509169401913063,-0.7620883889458785,0.6034068236642477,0,1742.68505859375
49224,5,130,68,52,2,5.488476695260607,-4.387867525212217,0.4190965632626408,0,1742.68505859375
49224,5,130,68,53,,,,,0,1742.68505859375
49224,5,130,68,54,,,,,0,1742.68505859375
49224,5,130,68,55,2,6.308073139685944,-5.46739631611418,0.6466890965784271,0,1742.68505859375
49224,5,130,68,56,,,,,0,1742.68505859375
49224,5,130,68,57,2,3.569141229953686,0.34014669954424637,0.765685424949238,0,1742.68505859375
49224,5,130,68,58,2,8.102043972917826,-2.237144024607094,0.35849461354003137,0,1742.68505859375
49224,5,130,68,59,,,,,0,1742.68505859375
49224,5,130,68,60,,,,,0,1742.68505859375
49224,5,130,68,61,2,6.771845370147982,0.03434322445501792,0.8513997106635237,0,1742.68505859375
49224,5,130,68,62,2,10.011412810741179,0.1954196758940725,0.6034068236642477,0,1742.68505859375
49224,5,130,68,63,,,,,0,1742.68505859375
49224,5,130,68,64,2,6.61852491881104,-0.4995853212601524,0.6366888663207728,0,1742.68505859375
49224,5,130,68,65,2,9.032149039433495,-1.5165250832925774,0.4541838746143514,0,1742.68505859375
49224,5,130,68,66,,,,,0,1742.68505859375
49224,5,130,68,67,,,,,0,1742.68505859375
49224,5,130,68,68,2,11.651099800952178,-0.9724432727247405,0.423692325950598,1,1742.68505859375
49224,5,131,46,1,2,30.37110685837379,-0.7223436596927502,0.613407053921902,0,1743.41796875
49224,5,131,46,2,2,24.481705489688885,-0.6636013688286339,0.682842712474619,0,1743.41796875
49224,5,131,46,3,2,27.841532076801556,-0.8055531387028212,0.8513997106635237,0,1743.41796875
49224,5,131,46,4,2,31.637760873413228,-0.9152485767381802,0.682842712474619,0,1743.41796875
49224,5,131,46,5,2,24.306820692202155,-0.808484574168452,0.848528137423857,0,1743.41796875
49224,5,131,46,6,2,28.135716391493816,-0.9315204815320991,0.848528137423857,0,1743.41796875
49224,5,131,46,7,2,18.389786639664113,-0.6811425985430701,0.613407053921902,0,1743.41796875
49224,5,131,46,8,2,20.772389268983087,-0.8124136237634967,0.8513997106635237,0,1743.41796875
49224,5,131,46,9,2,24.643237624993002,-0.9524114606181583,0.848528137423857,0,1743.41796875
49224,5,131,46,10,2,28.86323206679352,-1.0530063566739398,0.8513997106635237,0,1743.41796875
49224,5,131,46,11,2,31.95143296679153,-1.107251606202945,0.613407053921902,0,1743.41796875
49224,5,131,46,12,2,21.16506046344228,-0.980184377885066,0.848528137423857,0,1743.41796875
49224,5,131,46,13,2,25.470704527375652,-1.0897189430907805,0.848528137423857,0,1743.41796875
49224,5,131,46,14,2,17.709613440176057,-1.0188355340466315,0.682842712474619,0,1743.41796875
49224,5,131,46,15,2,22.123006416402166,-1.137624330904448,0.8513997106635237,0,1743.41796875
49224,5,131,46,16,2,26.743679956204204,-1.2161819534203437,0.682842712474619,0,1743.41796875
49224,5,131,46,17,2,20.8967506919373,-1.290236618342429,0.613407053921902,0,1743.41796875
49224,5,131,46,18,2,31.593709112293116,-2.2245287616114124,0.613407053921902,0,1743.41796875
49224,5,131,46,19,2,29.59587266649494,-2.13051344945966,0.8513997106635237,0,1743.41796875
49224,5,131,46,20,2,25.497424854123512,-2.2348201602700426,0.682842712474619,0,1743.41796875
49224,5,131,46,21,2,33.9368926625743,-2.0522078857604997,0.682842712474619,0,1743.41796875
49224,5,131,46,22,2,26.161958076802634,-2.100268476807629,0.848528137423857,0,1743.41796875
49224,5,131,46,23,2,30.5817765198833,-2.0175960981572794,0.848528137423857,0,1743.41796875
49224,5,131,46,24,2,19.74012458531049,-2.144496523300689,0.613407053921902,0,1743.41796875
49224,5,131,46,25,2,22.75918324398691,-2.060933992995015,0.8513997106635237,0,1743.41796875
49224,5,131,46,26,2,27.27228312102017,-1.9745214041550194,0.848528137423857,0,1743.41796875
49224,5,131,46,27,2,31.930775614331523,-1.912967176961216,0.8513997106635237,0,1743.41796875
49224,5,131,46,28,2,35.24744437008992,-1.8796432723583454,0.613407053921902,0,1743.41796875
49224,5,131,46,29,2,24.027271966539974,-1.9196856512077782,0.848528137423857,0,1743.41796875
49224,5,131,46,30,2,28.776844907907897,-1.8602532165009087,0.848528137423857,0,1743.41796875
49224,5,131,46,31,2,20.876833324886075,-1.8480259874148666,0.682842712474619,0,1743.41796875
49224,5,131,46,32,2,25.722347761718424,-1.7947996222665905,0.8513997106635237,0,1743.41796875
49224,5,131,46,33,2,30.617579575702713,-1.7585159871020126,0.682842712474619,0,1743.41796875
49224,5,131,46,34,2,25.177219818597333,-1.6588397231559044,0.613407053921902,0,1743.41796875
49224,5,131,46,35,2,28.21844885967199,0.17526048157076657,0.613407053921902,0,1743.41796875
49224,5,131,46,36,2,24.779580961483873,0.19989116169413568,0.8513997106635237,0,1743.41796875
49224,5,131,46,37,2,24.286305551203974,-0.003281710050964781,0.682842712474619,0,1743.41796875
49224,5,131,46,38,2,26.234150032486795,0.3877911450524236,0.682842712474619,0,1743.41796875
49224,5,131,46,39,2,21.92020212283039,0.1106396943414123,0.848528137423857,0,1743.41796875
49224,5,131,46,40,2,23.01517448132929,0.32827329079470924,0.848528137423857,0,1743.41796875
49224,5,131,46,41,2,19.61557526239128,-0.1835211931550893,0.613407053921902,0,1743.41796875
49224,5,131,46,42,2,19.28633945529171,-0.0041324947641592225,0.8513997106635237,0,1743.41796875
49224,5,131,46,43,,,,,0,1743.41796875
49224,5,131,46,44,2,21.687989307110232,0.4750802723163128,0.7685569981889047,0,1743.41796875
49224,5,131,46,45,2,23.495977887620104,0.6079358133581163,0.6034068236642477,0,1743.41796875
49224,5,131,46,46,2,16.95976159514156,0.14319723195336653,0.848528137423857,1,1743.41796875
49224,5,131,46,47,,,,,0,1743.41796875
49224,5,131,46,48,2,14.286397091045824,-0.005578795191209629,0.682842712474619,0,1743.41796875
49224,5,131,46,49,2,15.109736501452815,0.33168608978183145,0.7685569981889047,0,1743.41796875
49224,5,131,46,50,,,,,0,1743.41796875
49224,5,131,46,51,2,11.855417062429566,0.42797075052728073,0.6034068236642477,0,1743.41796875
49224,5,131,46,52,2,14.214048674299558,-3.135985462462421,0.4190965632626408,0,1743.41796875
49224,5,131,46,53,,,,,0,1743.41796875
49224,5,131,46,54,,,,,0,1743.41796875
49224,5,131,46,55,2,11.789630971105051,-3.5721102976320425,0.6466890965784271,0,1743.41796875
49224,5,131,46,56,,,,,0,1743.41796875
49224,5,131,46,57,2,8.562988652073678,-3.4281447386047965,0.765685424949238,0,1743.41796875
49224,5,131,46,58,2,10.308203474211577,-2.158316637428408,0.35849461354003137,0,1743.41796875
49224,5,131,46,59,,,,,0,1743.41796875
49224,5,131,46,60,,,,,0,1743.41796875
49224,5,131,46,61,2,7.540367774620722,-3.8525081711465137,0.8513997106635237,0,1743.41796875
49224,5,131,46,62,2,10.175914842742333,-4.116185728936181,0.6034068236642477,0,1743.41796875
49224,5,131,46,63,,,,,0,1743.41796875
49224,5,131,46,64,2,4.023247742464014,-3.787068409284495,0.6366888663207728,0,1743.41796875
49224,5,131,46,65,2,5.129610445019382,-1.7104072001751989,0.3846183946687496,0,1743.41796875
49224,5,131,46,66,,,,,0,1743.41796875
49224,5,131,46,67,,,,,0,1743.41796875
49224,5,131,46,68,,,,,0,1743.41796875
49224,5,132,43,1,2,24.17346179757419,-1.4244982738710026,0.613407053921902,0,1744.6190185546875
49224,5,132,43,2,2,18.326246439740455,-1.507633436527854,0.682842712474619,0,1744.6190185546875
49224,5,132,43,3,2,23.17753884226756,-1.5663695483423705,0.8513997106635237,0,1744.6190185546875
49224,5,132,43,4,2,28.081048858608238,-1.6046892341495047,0.682842712474619,0,1744.6190185546875
49224,5,132,43,5,2,20.287694761929092,-1.6603356243771747,0.848528137423857,0,1744.6190185546875
49224,5,132,43,6,2,25.25742577872747,-1.6846039828028576,0.848528137423857,0,1744.6190185546875
49224,5,132,43,7,2,14.13470593862086,-1.784154259931254,0.613407053921902,0,1744.6190185546875
49224,5,132,43,8,2,17.634704724536473,-1.783969611366994,0.8513997106635237,0,1744.6190185546875
49224,5,132,43,9,2,22.6347036414509,-1.7838048862366858,0.848528137423857,0,1744.6190185546875
49224,5,132,43,10,2,27.634702950294805,-1.7836997691659093,0.8513997106635237,0,1744.6190185546875
49224,5,132,43,11,2,31.13470259856897,-1.7836462756207654,0.613407053921902,0,1744.6190185546875
49224,5,132,43,12,2,20.290935436906167,-1.9073985885156817,0.848528137423857,0,1744.6190185546875
49224,5,132,43,13,2,25.260028881998853,-1.8828799667037326,0.848528137423857,0,1744.6190185546875
49224,5,132,43,14,2,18.333420653906302,-2.0601948131555026,0.682842712474619,0,1744.6190185546875
49224,5,132,43,15,2,23.183211837185112,-2.0011861627599323,0.8513997106635237,0,1744.6190185546875
49224,5,132,43,16,2,28.085731418329157,-1.9626801360135184,0.682842712474619,0,1744.6190185546875
49224,5,132,43,17,2,24.18270792516509,-2.1429678894754884,0.613407053921902,0,1744.6190185546875
49224,5,132,43,18,2,43.43740175892212,-2.6644625770270363,0.613407053921902,0,1744.6190185546875
49224,5,132,43,19,2,40.797865386070974,-2.6098569542092664,0.8513997106635237,0,1744.6190185546875
49224,5,132,43,20,2,37.59147272780419,-2.70786241297314,0.682842712474619,0,1744.6190185546875
49224,5,132,43,21,2,44.33748773075319,-2.5268006699172716,0.682842712474619,0,1744.6190185546875
49224,5,132,43,22,2,37.26562182329529,-2.613767968481187,0.848528137423857,0,1744.6190185546875
49224,5,132,43,23,2,40.80531298852619,-2.5231781461468143,0.848528137423857,0,1744.6190185546875
49224,5,132,43,24,2,31.49276775616033,-2.700997124431654,0.613407053921902,0,1744.6190185546875
49224,5,132,43,25,2,33.734067642277545,-2.6184979412693212,0.8513997106635237,0,1744.6190185546875
49224,5,132,43,26,2,37.27377520333135,-2.5188691179330327,0.848528137423857,0,1744.6190185546875
49224,5,132,43,27,2,41.11789532701303,-2.437175653827854,0.8513997106635237,0,1744.6190185546875
49224,5,132,43,28,2,43.94740282284614,-2.3887090727614435,0.613407053921902,0,1744.6190185546875
49224,5,132,43,29,2,33.74307436682931,-2.5136582265177005,0.848528137423857,0,1744.6190185546875
49224,5,132,43,30,2,37.61571567762728,-2.424856125821851,0.848528137423857,0,1744.6190185546875
49224,5,132,43,31,2,30.213503893826477,-2.5072296423084426,0.682842712474619,0,1744.6190185546875
49224,5,132,43,32,2,34.12041640655913,-2.410009916092302,0.8513997106635237,0,1744.6190185546875
49224,5,132,43,33,2,38.282500100851706,-2.333327365122085,0.682842712474619,0,1744.6190185546875
49224,5,132,43,34,2,32.19255759101701,-2.321840935014452,0.613407053921902,0,1744.6190185546875
49224,5,132,43,35,2,13.692690095583163,-0.03881492573669165,0.613407053921902,0,1744.6190185546875
49224,5,132,43,36,2,10.263128838698448,0.020128756186865493,0.8513997106635237,0,1744.6190185546875
49224,5,132,43,37,2,10.328543545652767,-0.47036752872449794,0.682842712474619,0,1744.6190185546875
49224,5,132,43,38,2,12.409061823723906,0.42302530948336403,0.682842712474619,0,1744.6190185546875
49224,5,132,43,39,2,7.488061414199887,-0.23041716457493489,0.848528137423857,0,1744.6190185546875
49224,5,132,43,40,2,8.928833380017096,0.3638394437554082,0.848528137423857,0,1744.6190185546875
49224,5,132,43,41,2,7.905897335295966,-1.10067114325863,0.613407053921902,0,1744.6190185546875
49224,5,132,43,42,2,5.640063290951146,-0.6984810956415384,0.7685569981889047,0,1744.6190185546875
49224,5,132,43,43,2,5.519358269872775,0.2304555709361773,0.848528137423857,1,1744.6190185546875
49224,5,132,43,44,2,8.89473538091445,0.763195951799404,0.8513997106635237,0,1744.6190185546875
49224,5,132,43,45,2,11.955058291208209,0.9280802252161806,0.613407053921902,0,1744.6190185546875
49224,5,132,43,46,,,,,0,1744.6190185546875
49224,5,132,43,47,2,5.464024860814305,0.8858488616935423,0.848528137423857,0,1744.6190185546875
49224,5,132,43,48,2,2.6347326386986474,-1.7882150315307686,0.5638463841038082,0,1744.6190185546875
49224,5,132,43,49,2,2.365336733469942,-4.919256982258122,0.7685569981889047,0,1744.6190185546875
49224,5,132,43,50,2,7.365311917901412,-4.923031137617779,0.682842712474619,0,1744.6190185546875
49224,5,132,43,51,2,4.235194135897991,-3.946580757628289,0.613407053921902,0,1744.6190185546875
49224,5,132,43,52,2,28.63461852969082,-3.2618789144370357,0.4190965632626408,0,1744.6190185546875
49224,5,132,43,53,,,,,0,1744.6190185546875
49224,5,132,43,54,,,,,0,1744.6190185546875
49224,5,132,43,55,2,25.12473539403248,-3.448302147115402,0.6466890965784271,0,1744.6190185546875
49224,5,132,43,56,,,,,0,1744.6190185546875
49224,5,132,43,57,2,22.51355317695909,-3.348037146739599,0.765685424949238,0,1744.6190185546875
49224,5,132,43,58,2,22.90213356105513,-2.8463002215076925,0.35849461354003137,0,1744.6190185546875
49224,5,132,43,59,,,,,0,1744.6190185546875
49224,5,132,43,60,,,,,0,1744.6190185546875
49224,5,132,43,61,2,20.15243971504838,-3.471661813690596,0.8513997106635237,0,1744.6190185546875
49224,5,132,43,62,2,20.85492574233613,-3.6391092979664266,0.6034068236642477,0,1744.6190185546875
49224,5,132,43,63,,,,,0,1744.6190185546875
49224,5,132,43,64,2,17.513668219430087,-3.3463290357964173,0.6366888663207728,0,1744.6190185546875
49224,5,132,43,65,2,16.842901197436664,-2.883568627456788,0.3846183946687496,0,1744.6190185546875
49224,5,132,43,66,,,,,0,1744.6190185546875
49224,5,132,43,67,,,,,0,1744.6190185546875
49224,5,132,43,68,,,,,0,1744.6190185546875
49224,5,133,40,1,2,24.979128962186838,-2.0312725184657476,0.613407053921902,0,1744.885009765625
49224,5,133,40,2,2,19.36898871149186,-2.140592619281981,0.682842712474619,0,1744.885009765625
49224,5,133,40,3,2,24.325596070560675,-2.170875355103781,0.8513997106635237,0,1744.885009765625
49224,5,133,40,4,2,29.296954187598658,-2.190894347309048,0.682842712474619,0,1744.885009765625
49224,5,133,40,5,2,21.660569574431438,-2.2721313095122597,0.848528137423857,0,1744.885009765625
49224,5,133,40,6,2,26.660029534322774,-2.2751893004972197,0.848528137423857,0,1744.885009765625
49224,5,133,40,7,2,15.80417963868952,-2.424697247170447,0.613407053921902,0,1744.885009765625
49224,5,133,40,8,2,19.27760162441098,-2.400032153563681,0.8513997106635237,0,1744.885009765625
49224,5,133,40,9,2,24.252893123742385,-2.377071340797497,0.848528137423857,0,1744.885009765625
49224,5,133,40,10,2,29.23661617482174,-2.361932536301371,0.8513997106635237,0,1744.885009765625
49224,5,133,40,11,2,32.728176785323264,-2.3540798321547873,0.613407053921902,0,1744.885009765625
49224,5,133,40,12,2,22.150586334731155,-2.4997904154803714,0.848528137423857,0,1744.885009765625
49224,5,133,40,13,2,27.05966325464078,-2.4610176242860438,0.848528137423857,0,1744.885009765625
49224,5,133,40,14,2,20.447350074596137,-2.645499225641001,0.682842712474619,0,1744.885009765625
49224,5,133,40,15,2,25.192678014757867,-2.576073501495099,0.8513997106635237,0,1744.885009765625
49224,5,133,40,16,2,30.020791562472866,-2.528807583560147,0.682842712474619,0,1744.885009765625
49224,5,133,40,17,2,26.39978723463089,-2.7035486516338123,0.613407053921902,0,1744.885009765625
49224,5,133,40,18,2,46.05286820529126,-3.1736366467878065,0.613407053921902,0,1744.885009765625
49224,5,133,40,19,2,43.40033328737708,-3.1225555406008967,0.8513997106635237,0,1744.885009765625
49224,5,133,40,20,2,40.212088095164034,-3.2147859690211975,0.682842712474619,0,1744.885009765625
49224,5,133,40,21,2,46.90592531799782,-3.0435168883150316,0.682842712474619,0,1744.885009765625
49224,5,133,40,22,2,39.869366421759516,-3.126874247854509,0.848528137423857,0,1744.885009765625
49224,5,133,40,23,2,43.37214865964912,-3.0410458140609773,0.848528137423857,0,1744.885009765625
49224,5,133,40,24,2,34.112900755463684,-3.208753802569655,0.613407053921902,0,1744.885009765625
49224,5,133,40,25,2,36.33928766899042,-3.132032125034475,0.8513997106635237,0,1744.885009765625
49224,5,133,40,26,2,39.83868382328685,-3.038136378837324,0.848528137423857,0,1744.885009765625
49224,5,133,40,27,2,43.63138353586779,-2.9599686735797963,0.8513997106635237,0,1744.885009765625
49224,5,133,40,28,2,46.422531809365154,-2.9130421256985572,0.613407053921902,0,1744.885009765625
49224,5,133,40,29,2,36.30562185376986,-3.034660649001559,0.848528137423857,0,1744.885009765625
49224,5,133,40,30,2,40.12075620761789,-2.9499559763558696,0.848528137423857,0,1744.885009765625
49224,5,133,40,31,2,32.773093043013894,-3.0304355783018444,0.682842712474619,0,1744.885009765625
49224,5,133,40,32,2,36.61492220513685,-2.9380244776017004,0.8513997106635237,0,1744.885009765625
49224,5,133,40,33,2,40.7090828755746,-2.863665700274968,0.682842712474619,0,1744.885009765625
49224,5,133,40,34,2,34.61032775935108,-2.8574072503877663,0.613407053921902,0,1744.885009765625
49224,5,133,40,35,2,11.3843831899264,-0.6435850400396865,0.613407053921902,0,1744.885009765625
49224,5,133,40,36,2,7.898222654090881,-0.6107922069150586,0.8513997106635237,0,1744.885009765625
49224,5,133,40,37,2,8.885877648030728,-1.2045524907955516,0.682842712474619,0,1744.885009765625
49224,5,133,40,38,2,9.788003913537054,-0.07802823988807273,0.682842712474619,0,1744.885009765625
49224,5,133,40,39,2,5.603969278688111,-1.0179405062000926,0.848528137423857,0,1744.885009765625
49224,5,133,40,40,2,6.310908903977495,-0.15950214525518325,0.848528137423857,1,1744.885009765625
49224,5,133,40,41,2,8.171955249320098,-1.9317809741639977,0.613407053921902,0,1744.885009765625
49224,5,133,40,42,2,5.042521418830652,-1.6870048890474254,0.7685569981889047,0,1744.885009765625
49224,5,133,40,43,,,,,0,1744.885009765625
49224,5,133,40,44,2,6.501786008091196,0.3988590292547931,0.8513997106635237,0,1744.885009765625
49224,5,133,40,45,2,9.768284954764887,0.5567481236953609,0.613407053921902,0,1744.885009765625
49224,5,133,40,46,,,,,0,1744.885009765625
49224,5,133,40,47,2,3.360918308721025,0.7478766959293015,0.848528137423857,0,1744.885009765625
49224,5,133,40,48,2,4.679233157576106,-2.765078517487777,0.5638463841038082,0,1744.885009765625
49224,5,133,40,49,2,2.3061488375172012,-4.233129820506091,0.7685569981889047,0,1744.885009765625
49224,5,133,40,50,2,6.224260757600393,-5.077885225317252,0.682842712474619,0,1744.885009765625
49224,5,133,40,51,2,5.709296185984536,-4.0073071340470605,0.613407053921902,0,1744.885009765625
49224,5,133,40,52,2,30.927559988454377,-3.724392137790823,0.4190965632626408,0,1744.885009765625
49224,5,133,40,53,,,,,0,1744.885009765625
49224,5,133,40,54,,,,,0,1744.885009765625
49224,5,133,40,55,2,27.159884496785892,-3.8902515497465773,0.6466890965784271,0,1744.885009765625
49224,5,133,40,56,,,,,0,1744.885009765625
49224,5,133,40,57,2,24.70250343139421,-3.7920769353341877,0.765685424949238,0,1744.885009765625
49224,5,133,40,58,2,25.50879762938733,-3.340006971688923,0.35849461354003137,0,1744.885009765625
49224,5,133,40,59,,,,,0,1744.885009765625
49224,5,133,40,60,,,,,0,1744.885009765625
49224,5,133,40,61,2,22.16283206621295,-3.89724823447835,0.8513997106635237,0,1744.885009765625
49224,5,133,40,62,2,22.56850227324872,-4.052846691332126,0.6034068236642477,0,1744.885009765625
49224,5,133,40,63,,,,,0,1744.885009765625
49224,5,133,40,64,2,19.71662940500858,-3.775058459707754,0.6366888663207728,0,1744.885009765625
49224,5,133,40,65,2,19.439051558034375,-3.3686988926824437,0.3846183946687496,0,1744.885009765625
49224,5,133,40,66,,,,,0,1744.885009765625
49224,5,133,40,67,,,,,0,1744.885009765625
49224,5,133,40,68,,,,,0,1744.885009765625
49224,5,134,38,1,2,27.26416924905084,-2.2286424771465807,0.613407053921902,0,1745.18505859375
49224,5,134,38,2,2,22.042703692720888,-2.357638058136992,0.682842712474619,0,1745.18505859375
49224,5,134,38,3,2,27.04269944899465,-2.357371239514919,0.8513997106635237,0,1745.18505859375
49224,5,134,38,4,2,32.04269652966523,-2.357187690549749,0.682842712474619,0,1745.18505859375
49224,5,134,38,5,2,24.672925218161545,-2.45899080538767,0.848528137423857,0,1745.18505859375
49224,5,134,38,6,2,29.65097040949177,-2.4416861400989296,0.848528137423857,0,1745.18505859375
49224,5,134,38,7,2,19.21327975570109,-2.621177364837676,0.613407053921902,0,1745.18505859375
49224,5,134,38,8,2,22.609707741439923,-2.5806251251768493,0.8513997106635237,0,1745.18505859375
49224,5,134,38,9,2,27.50682990744104,-2.5401603383902973,0.848528137423857,0,1745.18505859375
49224,5,134,38,10,2,32.4353587765028,-2.5119575175910054,0.8513997106635237,0,1745.18505859375
49224,5,134,38,11,2,35.897092697639906,-2.4968312826937966,0.613407053921902,0,1745.18505859375
49224,5,134,38,12,2,25.67238471371971,-2.6539573247322656,0.848528137423857,0,1745.18505859375
49224,5,134,38,13,2,30.487672005136663,-2.60582391990932,0.848528137423857,0,1745.18505859375
49224,5,134,38,14,2,24.21811268909214,-2.783288927529989,0.682842712474619,0,1745.18505859375
49224,5,134,38,15,2,28.843435815192514,-2.711420866614929,0.8513997106635237,0,1745.18505859375
49224,5,134,38,16,2,33.576339839665295,-2.659604935532472,0.682842712474619,0,1745.18505859375
49224,5,134,38,17,2,30.23931973892429,-2.8201522354699002,0.613407053921902,0,1745.18505859375
49224,5,134,38,18,2,50.11420712749676,-3.233282544249442,0.613407053921902,0,1745.18505859375
49224,5,134,38,19,2,47.475900069086435,-3.186127975818769,0.8513997106635237,0,1745.18505859375
49224,5,134,38,20,2,44.255330526009146,-3.2695917714274,0.682842712474619,0,1745.18505859375
49224,5,134,38,21,2,50.98419259705351,-3.1137004596600995,0.682842712474619,0,1745.18505859375
49224,5,134,38,22,2,43.94415358877652,-3.189709857979818,0.848528137423857,0,1745.18505859375
49224,5,134,38,23,2,47.45013637533136,-3.111622431125579,0.848528137423857,0,1745.18505859375
49224,5,134,38,24,2,38.15976174867427,-3.262129437936129,0.613407053921902,0,1745.18505859375
49224,5,134,38,25,2,40.413069444154814,-3.193917734790035,0.8513997106635237,0,1745.18505859375
49224,5,134,38,26,2,43.91631802988092,-3.109209964910347,0.848528137423857,0,1745.18505859375
49224,5,134,38,27,2,47.68720789378644,-3.0374476377387936,0.8513997106635237,0,1745.18505859375
49224,5,134,38,28,2,50.45412333880853,-2.993746853435497,0.613407053921902,0,1745.18505859375
49224,5,134,38,29,2,40.3828000089858,-3.106375295369003,0.848528137423857,0,1745.18505859375
49224,5,134,38,30,2,44.17235950194768,-3.029126848933912,0.848528137423857,0,1745.18505859375
49224,5,134,38,31,2,36.8496687071925,-3.102997020243905,0.682842712474619,0,1745.18505859375
49224,5,134,38,32,2,40.66109800821181,-3.0193682117063045,0.8513997106635237,0,1745.18505859375
49224,5,134,38,33,2,44.707400938065845,-2.9504637342982067,0.682842712474619,0,1745.18505859375
49224,5,134,38,34,2,38.60508026912573,-2.9478620463193748,0.613407053921902,0,1745.18505859375
49224,5,134,38,35,2,8.71107282456242,-1.0220950513785392,0.613407053921902,0,1745.18505859375
49224,5,134,38,36,2,5.371727692520909,-1.175481578489238,0.7685569981889047,0,1745.18505859375
49224,5,134,38,37,2,8.618716018419477,-1.7418271691715606,0.682842712474619,0,1745.18505859375
49224,5,134,38,38,2,5.781751551133234,-0.2484784972232741,0.5638463841038082,1,1745.18505859375
49224,5,134,38,39,2,5.169904364540692,-1.8584844588773628,0.848528137423857,0,1745.18505859375
49224,5,134,38,40,,,,,0,1745.18505859375
49224,5,134,38,41,2,10.542728729171252,-2.3592121901698397,0.613407053921902,0,1745.18505859375
49224,5,134,38,42,2,7.042752577962523,-2.3607116463396243,0.7685569981889047,0,1745.18505859375
49224,5,134,38,43,,,,,0,1745.18505859375
49224,5,134,38,44,2,2.957490332574033,-5.487031729020627,0.7685569981889047,0,1745.18505859375
49224,5,134,38,45,2,6.457397609313968,-5.492861488990243,0.613407053921902,0,1745.18505859375
49224,5,134,38,46,,,,,0,1745.18505859375
49224,5,134,38,47,2,2.572780947373823,-4.105693793769361,0.848528137423857,0,1745.18505859375
49224,5,134,38,48,2,8.65554515571579,-2.9765688766256186,0.5638463841038082,0,1745.18505859375
49224,5,134,38,49,2,5.4306219293070495,-3.5413631506915935,0.7685569981889047,0,1745.18505859375
49224,5,134,38,50,2,5.8365098419780095,-4.458335983680141,0.682842712474619,0,1745.18505859375
49224,5,134,38,51,2,8.772931276764725,-3.69199536060526,0.613407053921902,0,1745.18505859375
49224,5,134,38,52,2,34.263415196556046,-3.719970508981338,0.4190965632626408,0,1745.18505859375
49224,5,134,38,53,,,,,0,1745.18505859375
49224,5,134,38,54,,,,,0,1745.18505859375
49224,5,134,38,55,2,30.10119839608146,-3.8590786479779378,0.6466890965784271,0,1745.18505859375
49224,5,134,38,56,,,,,0,1745.18505859375
49224,5,134,38,57,2,27.904058836447444,-3.7634670665555725,0.765685424949238,0,1745.18505859375
49224,5,134,38,58,2,29.46466403680252,-3.3713333196676105,0.35849461354003137,0,1745.18505859375
49224,5,134,38,59,,,,,0,1745.18505859375
49224,5,134,38,60,,,,,0,1745.18505859375
49224,5,134,38,61,2,25.11501636097456,-3.8455683023690703,0.8513997106635237,0,1745.18505859375
49224,5,134,38,62,2,25.07419553304801,-3.9851443363041277,0.6034068236642477,0,1745.18505859375
49224,5,134,38,63,,,,,0,1745.18505859375
49224,5,134,38,64,2,22.985177864869424,-3.7280463135815447,0.6366888663207728,0,1745.18505859375
49224,5,134,38,65,2,23.37305208035338,-3.385706154598186,0.3846183946687496,0,1745.18505859375
49224,5,134,38,66,,,,,0,1745.18505859375
49224,5,134,38,67,,,,,0,1745.18505859375
49224,5,134,38,68,,,,,0,1745.18505859375
49224,5,135,36,1,2,29.11438494476354,-2.306999869044477,0.613407053921902,0,1745.468017578125
49224,5,135,36,2,2,24.1678248643377,-2.4418801040419975,0.682842712474619,0,1745.468017578125
49224,5,135,36,3,2,29.152621933136235,-2.4272016745022946,0.8513997106635237,0,1745.468017578125
49224,5,135,36,4,2,34.14186539249799,-2.4168115170110682,0.682842712474619,0,1745.468017578125
49224,5,135,36,5,2,26.968888713786942,-2.5264068412934626,0.848528137423857,0,1745.468017578125
49224,5,135,36,6,2,31.907876227660484,-2.499860008697791,0.848528137423857,0,1745.468017578125
49224,5,135,36,7,2,21.759191770484502,-2.6870391130987996,0.613407053921902,0,1745.468017578125
49224,5,135,36,8,2,25.095149956453216,-2.6417182813604514,0.8513997106635237,0,1745.468017578125
49224,5,135,36,9,2,29.925877735497583,-2.5946414265647793,0.848528137423857,0,1745.468017578125
49224,5,135,36,10,2,34.804450364041465,-2.560703492663882,0.8513997106635237,0,1745.468017578125
49224,5,135,36,11,2,38.23812090015904,-2.5421136618607743,0.613407053921902,0,1745.468017578125
49224,5,135,36,12,2,28.24896017768086,-2.7017437270643003,0.848528137423857,0,1745.468017578125
49224,5,135,36,13,2,32.996899218309515,-2.650396250228278,0.848528137423857,0,1745.468017578125
49224,5,135,36,14,2,26.934166851797144,-2.820796066919721,0.682842712474619,0,1745.468017578125
49224,5,135,36,15,2,31.483979273648433,-2.749578131900371,0.8513997106635237,0,1745.468017578125
49224,5,135,36,16,2,36.1529052471112,-2.696540250596399,0.682842712474619,0,1745.468017578125
49224,5,135,36,17,2,32.984373660386915,-2.847741569291246,0.613407053921902,0,1745.468017578125
49224,5,135,36,18,2,52.982775276395,-3.2283058270893488,0.613407053921902,0,1745.468017578125
49224,5,135,36,19,2,50.35321758462384,-3.1835819139692236,0.8513997106635237,0,1745.468017578125
49224,5,135,36,20,2,47.11321379635861,-3.261788851087131,0.682842712474619,0,1745.468017578125
49224,5,135,36,21,2,53.86314257474723,-3.1151919911502053,0.682842712474619,0,1745.468017578125
49224,5,135,36,22,2,46.82103503064778,-3.186751595593193,0.848528137423857,0,1745.468017578125
49224,5,135,36,23,2,50.328927350423655,-3.1133375316327654,0.848528137423857,0,1745.468017578125
49224,5,135,36,24,2,41.02033637996729,-3.2536873307095444,0.613407053921902,0,1745.468017578125
49224,5,135,36,25,2,43.28939964422955,-3.1904384973320234,0.8513997106635237,0,1745.468017578125
49224,5,135,36,26,2,46.794911352206846,-3.1112029611612675,0.848528137423857,0,1745.468017578125
49224,5,135,36,27,2,50.552500782493176,-3.043370513581094,0.8513997106635237,0,1745.468017578125
49224,5,135,36,28,2,53.30440375987829,-3.001706258300632,0.613407053921902,0,1745.468017578125
49224,5,135,36,29,2,43.261143404648614,-3.108719654836831,0.848528137423857,0,1745.468017578125
49224,5,135,36,30,2,47.03528606887225,-3.0359991110177003,0.848528137423857,0,1745.468017578125
49224,5,135,36,31,2,39.72768969993406,-3.1057945880518383,0.682842712474619,0,1745.468017578125
49224,5,135,36,32,2,43.52104015068255,-3.0274367234651054,0.8513997106635237,0,1745.468017578125
49224,5,135,36,33,2,47.5381167348939,-2.9619731586314915,0.682842712474619,0,1745.468017578125
49224,5,135,36,34,2,41.43492465219191,-2.9612442972277595,0.613407053921902,0,1745.468017578125
49224,5,135,36,35,2,7.616205323710669,-1.3506049260378936,0.6034068236642477,0,1745.468017578125
49224,5,135,36,36,2,5.023399088010099,-1.733024548683217,0.7685569981889047,1,1745.468017578125
49224,5,135,36,37,2,9.540762301854965,-2.043858117515098,0.682842712474619,0,1745.468017578125
49224,5,135,36,38,,,,,0,1745.468017578125
49224,5,135,36,39,2,6.593310108037229,-2.2906699441532243,0.848528137423857,0,1745.468017578125
49224,5,135,36,40,,,,,0,1745.468017578125
49224,5,135,36,41,2,12.748061138707502,-2.5191584228402752,0.613407053921902,0,1745.468017578125
49224,5,135,36,42,2,9.311763418605043,-2.580178210889367,0.7685569981889047,0,1745.468017578125
49224,5,135,36,43,,,,,0,1745.468017578125
49224,5,135,36,44,2,2.264006218613089,-4.345863531527479,0.7685569981889047,0,1745.468017578125
49224,5,135,36,45,2,4.880737580096416,-5.060191576898307,0.6034068236642477,0,1745.468017578125
49224,5,135,36,46,,,,,0,1745.468017578125
49224,5,135,36,47,2,4.833520863846967,-3.59417106641055,0.848528137423857,0,1745.468017578125
49224,5,135,36,48,2,11.506160551098064,-3.017698907985835,0.5638463841038082,0,1745.468017578125
49224,5,135,36,49,2,8.16088988558044,-3.4035746798973197,0.7685569981889047,0,1745.468017578125
49224,5,135,36,50,2,7.128009316877536,-4.056539852821182,0.682842712474619,0,1745.468017578125
49224,5,135,36,51,2,11.328198382314422,-3.558628361721423,0.613407053921902,0,1745.468017578125
49224,5,135,36,52,2,36.70876800997302,-3.6770686165003283,0.4190965632626408,0,1745.468017578125
49224,5,135,36,53,,,,,0,1745.468017578125
49224,5,135,36,54,,,,,0,1745.468017578125
49224,5,135,36,55,2,32.326677636936964,-3.8004688760096688,0.6466890965784271,0,1745.468017578125
49224,5,135,36,56,,,,,0,1745.468017578125
49224,5,135,36,57,2,30.291393070675888,-3.708051074595802,0.765685424949238,0,1745.468017578125
49224,5,135,36,58,2,32.27566626759503,-3.351011933368642,0.35849461354003137,0,1745.468017578125
49224,5,135,36,59,,,,,0,1745.468017578125
49224,5,135,36,60,,,,,0,1745.468017578125
49224,5,135,36,61,2,27.37391631423728,-3.7774183272000275,0.8513997106635237,0,1745.468017578125
49224,5,135,36,62,2,27.074474501764808,-3.9055987300882777,0.6034068236642477,0,1745.468017578125
49224,5,135,36,63,,,,,0,1745.468017578125
49224,5,135,36,64,2,25.43394781583498,-3.66534009564553,0.6366888663207728,0,1745.468017578125
49224,5,135,36,65,2,26.176930979804414,-3.3591116231594675,0.3846183946687496,0,1745.468017578125
49224,5,135,36,66,,,,,0,1745.468017578125
49224,5,135,36,67,,,,,0,1745.468017578125
49224,5,135,36,68,,,,,0,1745.468017578125
49224,5,136,37,1,2,27.132770686225363,-0.06656614838633762,0.613407053921902,0,1745.9849853515625
49224,5,136,37,2,2,22.70118903036888,-0.23585970125580782,0.682842712474619,0,1745.9849853515625
49224,5,136,37,3,2,27.587511279364684,-0.1934947187307608,0.8513997106635237,0,1745.9849853515625
49224,5,136,37,4,2,32.5084231205638,-0.16391506082389823,0.682842712474619,0,1745.9849853515625
49224,5,136,37,5,2,25.78238416971824,-0.30754312187404775,0.848528137423857,0,1745.9849853515625
49224,5,136,37,6,2,30.585259990254638,-0.2580353447070443,0.848528137423857,0,1745.9849853515625
49224,5,136,37,7,2,21.239894814316497,-0.5065484578526359,0.613407053921902,0,1745.9849853515625
49224,5,136,37,8,2,24.359636457894894,-0.4367836506403275,0.8513997106635237,0,1745.9849853515625
49224,5,136,37,9,2,28.96754534918924,-0.3637011599583057,0.848528137423857,0,1745.9849853515625
49224,5,136,37,10,2,33.68746768093245,-0.31087718208691906,0.8513997106635237,0,1745.9849853515625
49224,5,136,37,11,2,37.035175649528675,-0.2819647287571372,0.613407053921902,0,1745.9849853515625
49224,5,136,37,12,2,27.708829611573265,-0.48038372132336943,0.848528137423857,0,1745.9849853515625
49224,5,136,37,13,2,32.225859703656205,-0.40862204055856405,0.848528137423857,0,1745.9849853515625
49224,5,136,37,14,2,26.859631295478792,-0.6062702804468479,0.682842712474619,0,1745.9849853515625
49224,5,136,37,15,2,31.099302058496377,-0.5145308468647052,0.8513997106635237,0,1745.9849853515625
49224,5,136,37,16,2,35.537211254150634,-0.4452343879069471,0.682842712474619,0,1745.9849853515625
49224,5,136,37,17,2,32.962859736427305,-0.6070952753121219,0.613407053921902,0,1745.9849853515625
49224,5,136,37,18,2,54.29103463778547,-0.938802540976801,0.613407053921902,0,1745.9849853515625
49224,5,136,37,19,2,51.50857121454097,-0.8986500613549528,0.8513997106635237,0,1745.9849853515625
49224,5,136,37,20,2,48.55312671051068,-0.9793180231916457,0.682842712474619,0,1745.9849853515625
49224,5,136,37,21,2,54.76184532829379,-0.8271445936646603,0.682842712474619,0,1745.9849853515625
49224,5,136,37,22,2,47.997349494331885,-0.9069745867484342,0.848528137423857,0,1745.9849853515625
49224,5,136,37,23,2,51.2296042701637,-0.8300248278317923,0.848528137423857,0,1745.9849853515625
49224,5,136,37,24,2,42.45114193706773,-0.982085127022968,0.613407053921902,0,1745.9849853515625
49224,5,136,37,25,2,44.48997874126986,-0.9166123997350507,0.8513997106635237,0,1745.9849853515625
49224,5,136,37,26,2,47.697851142322726,-0.8333316226573392,0.848528137423857,0,1745.9849853515625
49224,5,136,37,27,2,51.19386485499713,-0.760977061666729,0.8513997106635237,0,1745.9849853515625
49224,5,136,37,28,2,53.78262317356121,-0.7160831260979841,0.613407053921902,0,1745.9849853515625
49224,5,136,37,29,2,44.16670299572722,-0.8371672247164622,0.848528137423857,0,1745.9849853515625
49224,5,136,37,30,2,47.659463369925945,-0.759165604039252,0.848528137423857,0,1745.9849853515625
49224,5,136,37,31,2,40.63631754269058,-0.8416693586836621,0.682842712474619,0,1745.9849853515625
49224,5,136,37,32,2,44.12524332654626,-0.7570639604554208,0.8513997106635237,0,1745.9849853515625
49224,5,136,37,33,2,47.88281418028235,-0.6852865993282734,0.682842712474619,0,1745.9849853515625
49224,5,136,37,34,2,41.79896607751359,-0.6961637035854343,0.613407053921902,0,1745.9849853515625
49224,5,136,37,35,2,3.808590836564448,0.995347182463043,0.4190965632626408,0,1745.9849853515625
49224,5,136,37,36,,,,,0,1745.9849853515625
49224,5,136,37,37,2,7.079243803873339,-0.04306741605262267,0.6466890965784271,1,1745.9849853515625
49224,5,136,37,38,,,,,0,1745.9849853515625
49224,5,136,37,39,2,5.364349701552212,-0.5501997429203798,0.7195315787953919,0,1745.9849853515625
49224,5,136,37,40,,,,,0,1745.9849853515625
49224,5,136,37,41,2,11.828877987388069,-0.46504274100212084,0.613407053921902,0,1745.9849853515625
49224,5,136,37,42,2,8.841017916673438,-0.6435265227977671,0.7685569981889047,0,1745.9849853515625
49224,5,136,37,43,,,,,0,1745.9849853515625
49224,5,136,37,44,2,6.058878395369422,-2.0750402546314706,0.7685569981889047,0,1745.9849853515625
49224,5,136,37,45,2,8.333741702998786,-2.451584246408868,0.6034068236642477,0,1745.9849853515625
49224,5,136,37,46,,,,,0,1745.9849853515625
49224,5,136,37,47,2,7.816479865788166,-1.6254927670382586,0.848528137423857,0,1745.9849853515625
49224,5,136,37,48,2,12.498460015986067,-0.9692911882781994,0.5638463841038082,0,1745.9849853515625
49224,5,136,37,49,2,10.511170609150497,-1.3723072825992588,0.7685569981889047,0,1745.9849853515625
49224,5,136,37,50,2,10.712511954632117,-1.8475786077967915,0.682842712474619,0,1745.9849853515625
49224,5,136,37,51,2,13.959521519466648,-1.4217674596724368,0.613407053921902,0,1745.9849853515625
49224,5,136,37,52,2,39.444068769465126,-1.390512227119135,0.4190965632626408,0,1745.9849853515625
49224,5,136,37,53,,,,,0,1745.9849853515625
49224,5,136,37,54,,,,,0,1745.9849853515625
49224,5,136,37,55,2,35.36557976926121,-1.5121554699388489,0.6466890965784271,0,1745.9849853515625
49224,5,136,37,56,,,,,0,1745.9849853515625
49224,5,136,37,57,2,33.12195159603542,-1.432298117950464,0.765685424949238,0,1745.9849853515625
49224,5,136,37,58,2,34.07181642469852,-1.0961155136252456,0.35849461354003137,0,1745.9849853515625
49224,5,136,37,59,,,,,0,1745.9849853515625
49224,5,136,37,60,,,,,0,1745.9849853515625
49224,5,136,37,61,2,30.375587688927368,-1.502508222321384,0.8513997106635237,0,1745.9849853515625
49224,5,136,37,62,2,30.33838444627767,-1.6178603866607013,0.613407053921902,0,1745.9849853515625
49224,5,136,37,63,,,,,0,1745.9849853515625
49224,5,136,37,64,2,28.17828547945832,-1.4077988147835956,0.765685424949238,0,1745.9849853515625
49224,5,136,37,65,2,28.037154150742914,-1.125643571789171,0.39033749051054323,0,1745.9849853515625
49224,5,136,37,66,,,,,0,1745.9849853515625
49224,5,136,37,67,2,25.389533719220882,-1.4890701857972175,0.6466890965784271,0,1745.9849853515625
49224,5,136,37,68,,,,,0,1745.9849853515625
49224,5,137,1,1,2,22.106485462376614,-0.08173173539654635,0.613407053921902,1,1746.4019775390625
49224,5,137,1,2,2,17.839656176447853,-0.30192581441219535,0.682842712474619,0,1746.4019775390625
49224,5,137,1,3,2,22.662308641796663,-0.23627204665957863,0.8513997106635237,0,1746.4019775390625
49224,5,137,1,4,2,27.548269155397577,-0.19377384908395912,0.682842712474619,0,1746.4019775390625
49224,5,137,1,5,2,21.03427524824884,-0.3801406447751439,0.848528137423857,0,1746.4019775390625
49224,5,137,1,6,2,25.744273842959167,-0.3080133441594983,0.848528137423857,0,1746.4019775390625
49224,5,137,1,7,2,17.009479919286516,-0.6508040641620679,0.613407053921902,0,1746.4019775390625
49224,5,137,1,8,2,19.907316179287847,-0.5440884218801628,0.8513997106635237,0,1746.4019775390625
49224,5,137,1,9,2,24.323407202616853,-0.43747913865863974,0.848528137423857,0,1746.4019775390625
49224,5,137,1,10,2,28.930175222879157,-0.3641928847312401,0.8513997106635237,0,1746.4019775390625
49224,5,137,1,11,2,32.224740010805604,-0.3254960788597696,0.613407053921902,0,1746.4019775390625
49224,5,137,1,12,2,23.35569823806078,-0.5802717664116782,0.848528137423857,0,1746.4019775390625
49224,5,137,1,13,2,27.673372412294334,-0.48105150823633763,0.848528137423857,0,1746.4019775390625
49224,5,137,1,14,2,22.898671193551763,-0.7320155906323477,0.682842712474619,0,1746.4019775390625
49224,5,137,1,15,2,26.826778466908305,-0.6071196653456528,0.8513997106635237,0,1746.4019775390625
49224,5,137,1,16,2,31.064496509596818,-0.5151643636415276,0.682842712474619,0,1746.4019775390625
49224,5,137,1,17,2,28.966525100369882,-0.7065195878939038,0.613407053921902,0,1746.4019775390625
49224,5,137,1,18,2,51.47451798427883,-1.0178856280240838,0.613407053921902,0,1746.4019775390625
49224,5,137,1,19,2,48.53084038254501,-0.9800020409094681,0.8513997106635237,0,1746.4019775390625
49224,5,137,1,20,2,45.93381725650377,-1.0705272726106752,0.682842712474619,0,1746.4019775390625
49224,5,137,1,21,2,51.48368060578264,-0.8992578509598489,0.682842712474619,0,1746.4019775390625
49224,5,137,1,22,2,45.06722828742458,-0.9951731617514576,0.848528137423857,0,1746.4019775390625
49224,5,137,1,23,2,47.972721060963586,-0.9076311565782198,0.848528137423857,0,1746.4019775390625
49224,5,137,1,24,2,39.873410093044434,-1.0874009515375733,0.613407053921902,0,1746.4019775390625
49224,5,137,1,25,2,41.61571413283235,-1.012865454837324,0.8513997106635237,0,1746.4019775390625
49224,5,137,1,26,2,44.46565599727277,-0.9173260615126284,0.848528137423857,0,1746.4019775390625
49224,5,137,1,27,2,47.67097087064598,-0.8339525296053268,0.8513997106635237,0,1746.4019775390625
49224,5,137,1,28,2,50.08992208106838,-0.7821809574303159,0.613407053921902,0,1746.4019775390625
49224,5,137,1,29,2,40.96348569815049,-0.928679921394923,0.848528137423857,0,1746.4019775390625
49224,5,137,1,30,2,44.13993725669258,-0.837840133617239,0.848528137423857,0,1746.4019775390625
49224,5,137,1,31,2,37.467582759198116,-0.9421545365476209,0.682842712474619,0,1746.4019775390625
49224,5,137,1,32,2,40.609686754511394,-0.8424037254318532,0.8513997106635237,0,1746.4019775390625
49224,5,137,1,33,2,44.096185308728415,-0.7576867894809178,0.682842712474619,0,1746.4019775390625
49224,5,137,1,34,2,38.06918865462928,-0.7811650865921566,0.613407053921902,0,1746.4019775390625
49224,5,137,1,35,2,4.360538053855076,2.3192297805911495,0.3566542044715114,0,1746.4019775390625
49224,5,137,1,36,,,,,0,1746.4019775390625
49224,5,137,1,37,,,,,0,1746.4019775390625
49224,5,137,1,38,,,,,0,1746.4019775390625
49224,5,137,1,39,2,2.8434535906395753,-1.7358911892648352,0.5905350201669267,0,1746.4019775390625
49224,5,137,1,40,,,,,0,1746.4019775390625
49224,5,137,1,41,2,7.664950188022437,-0.7643724308880918,0.6034068236642477,0,1746.4019775390625
49224,5,137,1,42,2,5.6809005489746776,-1.2048734363777334,0.7685569981889047,0,1746.4019775390625
49224,5,137,1,43,,,,,0,1746.4019775390625
49224,5,137,1,44,2,9.571772567449843,-2.554176764743044,0.7685569981889047,0,1746.4019775390625
49224,5,137,1,45,2,12.634872367596792,-2.708309182031871,0.6034068236642477,0,1746.4019775390625
49224,5,137,1,46,,,,,0,1746.4019775390625
49224,5,137,1,47,2,9.529230441552196,-2.18186244208918,0.848528137423857,0,1746.4019775390625
49224,5,137,1,48,2,10.503358320823034,-1.3760398406606709,0.5638463841038082,0,1746.4019775390625
49224,5,137,1,49,2,10.72350854587363,-1.8511658238974056,0.7685569981889047,0,1746.4019775390625
49224,5,137,1,50,2,13.025618413390092,-2.2289593502677083,0.682842712474619,0,1746.4019775390625
49224,5,137,1,51,2,14.120098052464364,-1.782522634506318,0.613407053921902,0,1746.4019775390625
49224,5,137,1,52,2,38.85799266990891,-1.5184617078817233,0.4190965632626408,0,1746.4019775390625
49224,5,137,1,53,,,,,0,1746.4019775390625
49224,5,137,1,54,,,,,0,1746.4019775390625
49224,5,137,1,55,2,35.42926982559383,-1.654647617912317,0.6466890965784271,0,1746.4019775390625
49224,5,137,1,56,,,,,0,1746.4019775390625
49224,5,137,1,57,2,32.80811878379636,-1.5850405374401026,0.765685424949238,0,1746.4019775390625
49224,5,137,1,58,2,32.08298437970432,-1.2362981425121393,0.3712501974171229,0,1746.4019775390625
49224,5,137,1,59,,,,,0,1746.4019775390625
49224,5,137,1,60,,,,,0,1746.4019775390625
49224,5,137,1,61,2,30.449716836228074,-1.6684007352518686,0.8513997106635237,0,1746.4019775390625
49224,5,137,1,62,2,30.98719776083257,-1.781051124801064,0.613407053921902,0,1746.4019775390625
49224,5,137,1,63,,,,,0,1746.4019775390625
49224,5,137,1,64,2,27.808717215352267,-1.5876015589399968,0.848528137423857,0,1746.4019775390625
49224,5,137,1,65,2,26.263875407155076,-1.2997180825390782,0.49033749051054326,0,1746.4019775390625
49224,5,137,1,66,2,25.38630045753787,-1.4906401669809577,0.682842712474619,0,1746.4019775390625
49224,5,137,1,67,2,25.478174001254676,-1.6875260167448258,0.682842712474619,0,1746.4019775390625
49224,5,137,1,68,,,,,0,1746.4019775390625
49224,5,138,3,1,,,,,0,1748.0849609375
49224,5,138,3,2,2,5.591477373110719,-1.7888652666588094,0.682842712474619,0,1748.0849609375
49224,5,138,3,3,2,5.308851839076228,-0.8371018264893824,0.765685424949238,1,1748.0849609375
49224,5,138,3,4,2,8.666210041564707,-0.2838222616047102,0.682842712474619,0,1748.0849609375
49224,5,138,3,5,2,7.341686810005342,-1.3046920542848561,0.848528137423857,0,1748.0849609375
49224,5,138,3,6,2,8.707448182530879,-0.6936573112578532,0.848528137423857,0,1748.0849609375
49224,5,138,3,7,2,11.68431942983724,-1.833006347296003,0.613407053921902,0,1748.0849609375
49224,5,138,3,8,2,10.228236533398597,-1.54083024353869,0.8513997106635237,0,1748.0849609375
49224,5,138,3,9,2,10.076512850108596,-1.0434361965299837,0.848528137423857,0,1748.0849609375
49224,5,138,3,10,2,12.184227503360956,-0.6313301446785804,0.8513997106635237,0,1748.0849609375
49224,5,138,3,11,2,14.527522221574309,-0.43560848484649756,0.613407053921902,0,1748.0849609375
49224,5,138,3,12,2,12.339066763144896,-1.2876875577957887,0.848528137423857,0,1748.0849609375
49224,5,138,3,13,2,13.197418581700019,-0.8992488834133303,0.848528137423857,0,1748.0849609375
49224,5,138,3,14,2,15.098643182494591,-1.4497887157530789,0.682842712474619,0,1748.0849609375
49224,5,138,3,15,2,14.996276690817101,-1.116027440245123,0.8513997106635237,0,1748.0849609375
49224,5,138,3,16,2,16.486588586569333,-0.811314143993805,0.682842712474619,0,1748.0849609375
49224,5,138,3,17,2,18.465775286890686,-1.1437350510722006,0.613407053921902,0,1748.0849609375
49224,5,138,3,18,2,43.92795422537794,-1.0982564452466907,0.613407053921902,0,1748.0849609375
49224,5,138,3,19,2,40.47923690076804,-1.0840999861503082,0.8513997106635237,0,1748.0849609375
49224,5,138,3,20,2,39.89548008776492,-1.2077483657284989,0.682842712474619,0,1748.0849609375
49224,5,138,3,21,2,41.65918756653513,-0.965711603476004,0.682842712474619,0,1748.0849609375
49224,5,138,3,22,2,37.628883508101914,-1.1377028874058421,0.848528137423857,0,1748.0849609375
49224,5,138,3,23,2,38.572686744658554,-1.008731864860587,0.848528137423857,0,1748.0849609375
49224,5,138,3,24,2,34.85977088305987,-1.300250442182782,0.613407053921902,0,1748.0849609375
49224,5,138,3,25,2,34.90411334017965,-1.1998778962740324,0.8513997106635237,0,1748.0849609375
49224,5,138,3,26,2,35.56988075182936,-1.0591226672174519,0.848528137423857,0,1748.0849609375
49224,5,138,3,27,2,36.90712269108247,-0.9260531944255279,0.8513997106635237,0,1748.0849609375
49224,5,138,3,28,2,38.206402701370514,-0.8394801075300224,0.613407053921902,0,1748.0849609375
49224,5,138,3,29,2,32.673853012725075,-1.1186207905241548,0.848528137423857,0,1748.0849609375
49224,5,138,3,30,2,33.75648025686946,-0.9715061125001192,0.848528137423857,0,1748.0849609375
49224,5,138,3,31,2,29.915630106935172,-1.1893817549581953,0.682842712474619,0,1748.0849609375
49224,5,138,3,32,2,30.68980634233817,-1.0261755512090132,0.8513997106635237,0,1748.0849609375
49224,5,138,3,33,2,32.23016447313718,-0.8747835868702769,0.682842712474619,0,1748.0849609375
49224,5,138,3,34,2,27.299591040376807,-0.9961266568462523,0.613407053921902,0,1748.0849609375
49224,5,138,3,35,2,23.100621613832267,3.2903538396080148,0.3566542044715114,0,1748.0849609375
49224,5,138,3,36,,,,,0,1748.0849609375
49224,5,138,3,37,,,,,0,1748.0849609375
49224,5,138,3,38,,,,,0,1748.0849609375
49224,5,138,3,39,2,20.441893437400807,-2.7190272298965796,0.5905350201669267,0,1748.0849609375
49224,5,138,3,40,,,,,0,1748.0849609375
49224,5,138,3,41,2,15.102988292153482,-2.5076264344318746,0.6034068236642477,0,1748.0849609375
49224,5,138,3,42,2,18.452825076617604,-2.5683875621397907,0.7685569981889047,0,1748.0849609375
49224,5,138,3,43,,,,,0,1748.0849609375
49224,5,138,3,44,2,28.225310911267915,-2.6613570578269865,0.7685569981889047,0,1748.0849609375
49224,5,138,3,45,2,31.679246739672678,-2.6802847064211384,0.6034068236642477,0,1748.0849609375
49224,5,138,3,46,,,,,0,1748.0849609375
49224,5,138,3,47,2,26.34964747468051,-2.551406915957839,0.848528137423857,0,1748.0849609375
49224,5,138,3,48,2,20.343523703561978,-2.328914456291476,0.5638463841038082,0,1748.0849609375
49224,5,138,3,49,2,24.838270230475676,-2.4263897439776514,0.7685569981889047,0,1748.0849609375
49224,5,138,3,50,2,29.496107868782964,-2.493562735740917,0.682842712474619,0,1748.0849609375
49224,5,138,3,51,2,26.420374910294754,-2.304442152294078,0.613407053921902,0,1748.0849609375
49224,5,138,3,52,2,42.269569620253876,-1.697593522836881,0.613407053921902,0,1748.0849609375
49224,5,138,3,53,2,37.115216046230216,-1.6150519641151064,0.682842712474619,0,1748.0849609375
49224,5,138,3,54,2,39.12313859499377,-1.7352922151941692,0.8513997106635237,0,1748.0849609375
49224,5,138,3,55,2,41.63773150506446,-1.8424191823254377,0.682842712474619,0,1748.0849609375
49224,5,138,3,56,2,35.7757392118758,-1.7048744979135837,0.848528137423857,0,1748.0849609375
49224,5,138,3,57,2,38.18355964968293,-1.823505977489728,0.848528137423857,0,1748.0849609375
49224,5,138,3,58,2,31.253488778596896,-1.5651313064518806,0.613407053921902,0,1748.0849609375
49224,5,138,3,59,2,32.468246931258925,-1.6682196223242525,0.8513997106635237,0,1748.0849609375
49224,5,138,3,60,2,34.74575902400105,-1.8008406668496437,0.848528137423857,0,1748.0849609375
49224,5,138,3,61,2,37.55460666174919,-1.915414336190399,0.8513997106635237,0,1748.0849609375
49224,5,138,3,62,2,39.777568797929554,-1.98537439529044,0.613407053921902,0,1748.0849609375
49224,5,138,3,63,2,31.32971932186765,-1.773215835298928,0.848528137423857,0,1748.0849609375
49224,5,138,3,64,2,34.05337023191322,-1.901676778614452,0.848528137423857,0,1748.0849609375
49224,5,138,3,65,2,27.943422399914866,-1.7388638353579722,0.682842712474619,0,1748.0849609375
49224,5,138,3,66,2,30.560032179053902,-1.8847947005002899,0.765685424949238,0,1748.0849609375
49224,5,138,3,67,2,33.71937541161692,-2.0055931697456426,0.682842712474619,0,1748.0849609375
49224,5,138,3,68,,,,,0,1748.0849609375
49224,5,139,9,1,,,,,0,1748.3179931640625
49224,5,139,9,2,2,4.865298426644093,-1.3316121057453232,0.6466890965784271,0,1748.3179931640625
49224,5,139,9,3,,,,,0,1748.3179931640625
49224,5,139,9,4,2,6.2884466237481345,0.8841182488208725,0.6466890965784271,0,1748.3179931640625
49224,5,139,9,5,2,5.231098348038477,-0.6196132829515739,0.848528137423857,0,1748.3179931640625
49224,5,139,9,6,2,5.94147338684293,0.3002412840946349,0.848528137423857,0,1748.3179931640625
49224,5,139,9,7,2,10.715187060331054,-1.0899893379231285,0.613407053921902,0,1748.3179931640625
49224,5,139,9,8,2,8.551078001847744,-0.8016215171564995,0.8513997106635237,0,1748.3179931640625
49224,5,139,9,9,2,7.487165757040263,-0.18113988105583445,0.848528137423857,1,1748.3179931640625
49224,5,139,9,10,2,9.433682587044585,0.3739614645850644,0.8513997106635237,0,1748.3179931640625
49224,5,139,9,11,2,11.907983389680494,0.6080530930531002,0.613407053921902,0,1748.3179931640625
49224,5,139,9,12,2,10.090302083695502,-0.45726600773264825,0.848528137423857,0,1748.3179931640625
49224,5,139,9,13,2,10.476206957670401,0.03247602706150765,0.848528137423857,0,1748.3179931640625
49224,5,139,9,14,2,13.13661833224454,-0.6132829426302975,0.682842712474619,0,1748.3179931640625
49224,5,139,9,15,2,12.47026291971325,-0.2236555126913704,0.8513997106635237,0,1748.3179931640625
49224,5,139,9,16,2,13.72749698111375,0.14836021374169683,0.682842712474619,0,1748.3179931640625
49224,5,139,9,17,2,15.964721157481593,-0.23760910515073586,0.613407053921902,0,1748.3179931640625
49224,5,139,9,18,2,41.35284837568927,-0.1467779279451531,0.613407053921902,0,1748.3179931640625
49224,5,139,9,19,2,37.89054241408246,-0.13383603533530763,0.8513997106635237,0,1748.3179931640625
49224,5,139,9,20,2,37.453390879247095,-0.2661511965091883,0.682842712474619,0,1748.3179931640625
49224,5,139,9,21,2,38.969602519311046,-0.006697427167798198,0.682842712474619,0,1748.3179931640625
49224,5,139,9,22,2,35.09985674168537,-0.19336825534993807,0.848528137423857,0,1748.3179931640625
49224,5,139,9,23,2,35.915688206778775,-0.05431996699028141,0.848528137423857,0,1748.3179931640625
49224,5,139,9,24,2,32.55765625600978,-0.37056389982575366,0.613407053921902,0,1748.3179931640625
49224,5,139,9,25,2,32.4546865974745,-0.26288649817520904,0.8513997106635237,0,1748.3179931640625
49224,5,139,9,26,2,32.958206841695784,-0.11063707947816415,0.848528137423857,0,1748.3179931640625
49224,5,139,9,27,2,34.19327586382613,0.03381528562541458,0.8513997106635237,0,1748.3179931640625
49224,5,139,9,28,2,35.45399576289692,0.12762478822410728,0.613407053921902,0,1748.3179931640625
49224,5,139,9,29,2,30.125572809051405,-0.17779328595892085,0.848528137423857,0,1748.3179931640625
49224,5,139,9,30,2,31.072284324670584,-0.017152800059520024,0.848528137423857,0,1748.3179931640625
49224,5,139,9,31,2,27.456454176147943,-0.2584331114055143,0.682842712474619,0,1748.3179931640625
49224,5,139,9,32,2,28.049841211789843,-0.07929693500428647,0.8513997106635237,0,1748.3179931640625
49224,5,139,9,33,2,29.491190347056794,0.08735964573811494,0.682842712474619,0,1748.3179931640625
49224,5,139,9,34,2,24.635923519471696,-0.04994849562512127,0.613407053921902,0,1748.3179931640625
49224,5,139,9,35,2,24.95214607801729,4.179932977943805,0.3566542044715114,0,1748.3179931640625
49224,5,139,9,36,,,,,0,1748.3179931640625
49224,5,139,9,37,,,,,0,1748.3179931640625
49224,5,139,9,38,,,,,0,1748.3179931640625
49224,5,139,9,39,2,21.70639812116751,4.4225105723566704,0.5905350201669267,0,1748.3179931640625
49224,5,139,9,40,,,,,0,1748.3179931640625
49224,5,139,9,41,2,15.89549249935239,-1.7037109716551864,0.6034068236642477,0,1748.3179931640625
49224,5,139,9,42,2,19.36132693131258,-1.7315202896198454,0.7685569981889047,0,1748.3179931640625
49224,5,139,9,43,,,,,0,1748.3179931640625
49224,5,139,9,44,2,29.308489356869725,-1.7746206932975979,0.7685569981889047,0,1748.3179931640625
49224,5,139,9,45,2,32.79758904440916,-1.7835232315469047,0.6034068236642477,0,1748.3179931640625
49224,5,139,9,46,,,,,0,1748.3179931640625
49224,5,139,9,47,2,27.160279997236614,-1.6750522228836122,0.848528137423857,0,1748.3179931640625
49224,5,139,9,48,2,20.598805469117586,-1.4883412842928772,0.5638463841038082,0,1748.3179931640625
49224,5,139,9,49,2,25.325364176549105,-1.5597588573401302,0.7685569981889047,0,1748.3179931640625
49224,5,139,9,50,2,30.140294533981,-1.6085456963091846,0.682842712474619,0,1748.3179931640625
49224,5,139,9,51,2,26.56574740194979,-1.4334965347368998,0.613407053921902,0,1748.3179931640625
49224,5,139,9,52,2,40.75444371072691,-0.7780733406998024,0.613407053921902,0,1748.3179931640625
49224,5,139,9,53,2,35.41887256677089,-0.7000554658339366,0.682842712474619,0,1748.3179931640625
49224,5,139,9,54,2,37.70357831587664,-0.8218349699544893,0.8513997106635237,0,1748.3179931640625
49224,5,139,9,55,2,40.479909853428914,-0.928326871582392,0.682842712474619,0,1748.3179931640625
49224,5,139,9,56,2,34.28998793751041,-0.7962325317198975,0.848528137423857,0,1748.3179931640625
49224,5,139,9,57,2,36.98468002666642,-0.9145690878758541,0.848528137423857,0,1748.3179931640625
49224,5,139,9,58,2,29.459335174840156,-0.6592878772196156,0.613407053921902,0,1748.3179931640625
49224,5,139,9,59,2,30.903830307710663,-0.7649951394903554,0.8513997106635237,0,1748.3179931640625
49224,5,139,9,60,2,33.497910555855036,-0.8979435156307243,0.848528137423857,0,1748.3179931640625
49224,5,139,9,61,2,36.5947167707082,-1.0101216107924522,0.8513997106635237,0,1748.3179931640625
49224,5,139,9,62,2,38.998302453729366,-1.077480566374114,0.613407053921902,0,1748.3179931640625
49224,5,139,9,63,2,30.02254930117079,-0.877462039280066,0.848528137423857,0,1748.3179931640625
49224,5,139,9,64,2,33.06685274503032,-1.0034305293956487,0.848528137423857,0,1748.3179931640625
49224,5,139,9,65,2,26.563074398013445,-0.8516323865883886,0.682842712474619,0,1748.3179931640625
49224,5,139,9,66,2,29.54082269326102,-0.9951416876153509,0.765685424949238,0,1748.3179931640625
49224,5,139,9,67,2,33.01096013924729,-1.110479527739394,0.682842712474619,0,1748.3179931640625
49224,5,139,9,68,,,,,0,1748.3179931640625
49224,5,140,15,1,,,,,0,1748.751953125
49224,5,140,15,2,2,5.0823972349223805,4.120715745050521,0.6466890965784271,0,1748.751953125
49224,5,140,15,3,,,,,0,1748.751953125
49224,5,140,15,4,2,6.4391066190122705,2.0266549838774894,0.6466890965784271,0,1748.751953125
49224,5,140,15,5,2,1.750726748278551,4.520021203045048,0.765685424949238,0,1748.751953125
49224,5,140,15,6,2,3.298592176348643,1.6724418650285,0.765685424949238,0,1748.751953125
49224,5,140,15,7,2,8.016401568215473,-1.297291686934825,0.613407053921902,0,1748.751953125
49224,5,140,15,8,2,4.741693836805454,-1.0965714174330214,0.8513997106635237,0,1748.751953125
49224,5,140,15,9,,,,,0,1748.751953125
49224,5,140,15,10,2,6.17373410825732,1.2124499504633464,0.8513997106635237,0,1748.751953125
49224,5,140,15,11,2,9.530790060565344,1.3416061844083118,0.613407053921902,0,1748.751953125
49224,5,140,15,12,2,4.971714285393938,-0.35292289045479186,0.848528137423857,0,1748.751953125
49224,5,140,15,13,2,5.703824079888916,0.6130044470905451,0.848528137423857,0,1748.751953125
49224,5,140,15,14,2,8.31483969962446,-0.5320927915685676,0.682842712474619,0,1748.751953125
49224,5,140,15,15,2,7.207789219253119,0.10864723526167919,0.8513997106635237,1,1748.751953125
49224,5,140,15,16,2,9.206948008320238,0.6789251793829933,0.682842712474619,0,1748.751953125
49224,5,140,15,17,2,10.693888655727532,0.07315057304551909,0.613407053921902,0,1748.751953125
49224,5,140,15,18,2,36.13086512556943,0.16070826668468152,0.613407053921902,0,1748.751953125
49224,5,140,15,19,2,32.680764764157104,0.1778464296156621,0.8513997106635237,0,1748.751953125
49224,5,140,15,20,2,32.17478390559045,0.024293667527201412,0.682842712474619,0,1748.751953125
49224,5,140,15,21,2,33.92415145245203,0.323422945346419,0.682842712474619,0,1748.751953125
49224,5,140,15,22,2,29.846241020882033,0.11017181513590724,0.848528137423857,0,1748.751953125
49224,5,140,15,23,2,30.79957417360363,0.2722359904189362,0.848528137423857,0,1748.751953125
49224,5,140,15,24,2,27.300968009282723,-0.09973806179221123,0.613407053921902,0,1748.751953125
49224,5,140,15,25,2,27.176530694387576,0.028762847040881834,0.8513997106635237,0,1748.751953125
49224,5,140,15,26,2,27.773719354485465,0.2097003383781757,0.848528137423857,0,1748.751953125
49224,5,140,15,27,2,29.22661720042966,0.377820394758168,0.8513997106635237,0,1748.751953125
49224,5,140,15,28,2,30.690651985898935,0.48401790908199516,0.613407053921902,0,1748.751953125
49224,5,140,15,29,2,24.88262856468603,0.1322671541401812,0.848528137423857,0,1748.751953125
49224,5,140,15,30,2,26.018471716971764,0.32393109993361224,0.848528137423857,0,1748.751953125
49224,5,140,15,31,2,22.179064944098474,0.03524623189752152,0.682842712474619,0,1748.751953125
49224,5,140,15,32,2,22.906911358654803,0.25515354346989016,0.8513997106635237,0,1748.751953125
49224,5,140,15,33,2,24.64837224223942,0.45272201965301995,0.682842712474619,0,1748.751953125
49224,5,140,15,34,2,19.54020365403984,0.3003772342494737,0.613407053921902,0,1748.751953125
49224,5,140,15,35,2,26.739636663916286,4.274651119425199,0.3566542044715114,0,1748.751953125
49224,5,140,15,36,,,,,0,1748.751953125
49224,5,140,15,37,,,,,0,1748.751953125
49224,5,140,15,38,,,,,0,1748.751953125
49224,5,140,15,39,2,22.364022012235722,4.471526976602766,0.5905350201669267,0,1748.751953125
49224,5,140,15,40,,,,,0,1748.751953125
49224,5,140,15,41,2,15.971998290648123,4.533963783945545,0.6034068236642477,0,1748.751953125
49224,5,140,15,42,2,19.426367726812835,4.5659453609634095,0.7685569981889047,0,1748.751953125
49224,5,140,15,43,,,,,0,1748.751953125
49224,5,140,15,44,2,29.355620086448425,4.61567379701015,0.7685569981889047,0,1748.751953125
49224,5,140,15,45,2,32.841002791035216,4.625965250052175,0.6034068236642477,0,1748.751953125
49224,5,140,15,46,,,,,0,1748.751953125
49224,5,140,15,47,2,26.72052980675132,4.699862324762236,0.848528137423857,0,1748.751953125
49224,5,140,15,48,2,19.340027452043792,-1.4586021131694737,0.5638463841038082,0,1748.751953125
49224,5,140,15,49,2,24.315036410564492,-1.4816267300661483,0.7685569981889047,0,1748.751953125
49224,5,140,15,50,2,29.298555074411887,-1.4968245621538436,0.682842712474619,0,1748.751953125
49224,5,140,15,51,2,24.87223401303135,-1.3410036299644412,0.613407053921902,0,1748.751953125
49224,5,140,15,52,2,36.18989064559307,-0.5598324716703384,0.613407053921902,0,1748.751953125
49224,5,140,15,53,2,30.66132453086133,-0.4821953751036747,0.682842712474619,0,1748.751953125
49224,5,140,15,54,2,33.27613492862517,-0.6157170475796847,0.8513997106635237,0,1748.751953125
49224,5,140,15,55,2,36.39348141617311,-0.7281109153418246,0.682842712474619,0,1748.751953125
49224,5,140,15,56,2,29.79735792806482,-0.5956790735931632,0.848528137423857,0,1748.751953125
49224,5,140,15,57,2,32.86437087933491,-0.7219513109875817,0.848528137423857,0,1748.751953125
49224,5,140,15,58,2,24.620822275818853,-0.45041611641537616,0.613407053921902,0,1748.751953125
49224,5,140,15,59,2,26.333703180493746,-0.5703574180221049,0.8513997106635237,0,1748.751953125
49224,5,140,15,60,2,29.336807205277402,-0.7143100496530632,0.848528137423857,0,1748.751953125
49224,5,140,15,61,2,32.830360808265354,-0.8296335977987903,0.8513997106635237,0,1748.751953125
49224,5,140,15,62,2,35.491007656331405,-0.8962634524854427,0.613407053921902,0,1748.751953125
49224,5,140,15,63,2,25.811424615947782,-0.704580762397863,0.848528137423857,0,1748.751953125
49224,5,140,15,64,2,29.298702607897585,-0.8349698620708805,0.848528137423857,0,1748.751953125
49224,5,140,15,65,2,22.28925804978475,-0.6917750637150029,0.682842712474619,0,1748.751953125
49224,5,140,15,66,2,25.768107385121706,-0.8417686539657154,0.8513997106635237,0,1748.751953125
49224,5,140,15,67,2,29.68467099383844,-0.9542089261418667,0.682842712474619,0,1748.751953125
49224,5,140,15,68,2,23.5815251639763,-0.9526919003133898,0.613407053921902,0,1748.751953125
49224,5,141,17,1,,,,,0,1749.16796875
49224,5,141,17,2,2,8.201408991180317,3.5574236881763346,0.6466890965784271,0,1749.16796875
49224,5,141,17,3,,,,,0,1749.16796875
49224,5,141,17,4,2,8.855084182192668,2.3065211541451847,0.6466890965784271,0,1749.16796875
49224,5,141,17,5,2,4.80422026008744,3.4012457445115727,0.765685424949238,0,1749.16796875
49224,5,141,17,6,2,5.3530585205083785,2.3770683245552866,0.765685424949238,0,1749.16796875
49224,5,141,17,7,2,8.165228698947525,4.321697414021249,0.613407053921902,0,1749.16796875
49224,5,141,17,8,2,4.829415281139446,4.152789941150867,0.8513997106635237,0,1749.16796875
49224,5,141,17,9,,,,,0,1749.16796875
49224,5,141,17,10,2,5.871342128577471,1.7426497244166557,0.8513997106635237,0,1749.16796875
49224,5,141,17,11,2,9.253375094655762,1.620331631337156,0.613407053921902,0,1749.16796875
49224,5,141,17,12,2,2.034864817260467,-1.424994860119569,0.765685424949238,0,1749.16796875
49224,5,141,17,13,2,3.1169501184775465,1.2185226810460228,0.765685424949238,0,1749.16796875
49224,5,141,17,14,2,5.4206452083486365,-1.1172401075787206,0.6466890965784271,0,1749.16796875
49224,5,141,17,15,,,,,0,1749.16796875
49224,5,141,17,16,2,6.366537591807534,0.9045514419314501,0.6466890965784271,0,1749.16796875
49224,5,141,17,17,2,6.629494509637115,-0.07241318254727869,0.4815389220537701,1,1749.16796875
49224,5,141,17,18,2,32.09089611175279,0.017454547094891026,0.613407053921902,0,1749.16796875
49224,5,141,17,19,2,28.65019220691805,0.03861223537597214,0.8513997106635237,0,1749.16796875
49224,5,141,17,20,2,28.111542296302332,-0.13677005913820972,0.682842712474619,0,1749.16796875
49224,5,141,17,21,2,30.023461104774388,0.20272112491378325,0.682842712474619,0,1749.16796875
49224,5,141,17,22,2,25.78790589843476,-0.037760292589999134,0.848528137423857,0,1749.16796875
49224,5,141,17,23,2,26.843822265897217,0.14825948711990145,0.848528137423857,0,1749.16796875
49224,5,141,17,24,2,23.292624916658024,-0.28326927810932667,0.613407053921902,0,1749.16796875
49224,5,141,17,25,2,23.112738214233836,-0.1324800618803954,0.8513997106635237,0,1749.16796875
49224,5,141,17,26,2,23.764960992525484,0.0794350686305152,0.848528137423857,0,1749.16796875
49224,5,141,17,27,2,25.403701978113556,0.27198701787171475,0.8513997106635237,0,1749.16796875
49224,5,141,17,28,2,27.046263446997582,0.3899638479204244,0.613407053921902,0,1749.16796875
49224,5,141,17,29,2,20.831609349962296,-0.009299172432320368,0.848528137423857,0,1749.16796875
49224,5,141,17,30,2,22.12533957538255,0.21614358122587674,0.848528137423857,0,1749.16796875
49224,5,141,17,31,2,18.114594261054133,-0.12582250396916272,0.682842712474619,0,1749.16796875
49224,5,141,17,32,2,18.939726198104555,0.14121004835009066,0.8513997106635237,0,1749.16796875
49224,5,141,17,33,2,20.959196828020886,0.37129228060033914,0.682842712474619,0,1749.16796875
49224,5,141,17,34,2,15.627575905981232,0.20697476936299375,0.613407053921902,0,1749.16796875
49224,5,141,17,35,2,28.88619141208044,3.9937410488021508,0.3566542044715114,0,1749.16796875
49224,5,141,17,36,,,,,0,1749.16796875
49224,5,141,17,37,,,,,0,1749.16796875
49224,5,141,17,38,,,,,0,1749.16796875
49224,5,141,17,39,2,23.868841130732214,4.1512785486752355,0.5905350201669267,0,1749.16796875
49224,5,141,17,40,,,,,0,1749.16796875
49224,5,141,17,41,2,17.36926285259516,4.147642149349731,0.6034068236642477,0,1749.16796875
49224,5,141,17,42,2,20.62859665103167,4.215035361008502,0.7685569981889047,0,1749.16796875
49224,5,141,17,43,,,,,0,1749.16796875
49224,5,141,17,44,2,30.238875530645146,4.325780111685088,0.7685569981889047,0,1749.16796875
49224,5,141,17,45,2,33.65616289933038,4.349491057716101,0.6034068236642477,0,1749.16796875
49224,5,141,17,46,,,,,0,1749.16796875
49224,5,141,17,47,2,27.29848010832601,4.394122875503459,0.848528137423857,0,1749.16796875
49224,5,141,17,48,2,19.53456276214149,4.458678790345548,0.5638463841038082,0,1749.16796875
49224,5,141,17,49,2,24.515799784863074,4.47845418944009,0.7685569981889047,0,1749.16796875
49224,5,141,17,50,2,29.50338515958702,4.49154725084604,0.682842712474619,0,1749.16796875
49224,5,141,17,51,2,24.495235023437825,-1.6617869236419656,0.613407053921902,0,1749.16796875
49224,5,141,17,52,2,32.952874755557474,-0.7876733932109514,0.613407053921902,0,1749.16796875
49224,5,141,17,53,2,27.24838633956233,-0.715240878071109,0.682842712474619,0,1749.16796875
49224,5,141,17,54,2,30.197679627638514,-0.8561107144207607,0.8513997106635237,0,1749.16796875
49224,5,141,17,55,2,33.635177295161405,-0.9701012199105705,0.682842712474619,0,1749.16796875
49224,5,141,17,56,2,26.676902654604145,-0.8447413874970529,0.848528137423857,0,1749.16796875
49224,5,141,17,57,2,30.1012031657652,-0.9734013966329991,0.848528137423857,0,1749.16796875
49224,5,141,17,58,2,21.155772447361596,-0.7002203785602286,0.613407053921902,0,1749.16796875
49224,5,141,17,59,2,23.160622089938713,-0.829917413052019,0.8513997106635237,0,1749.16796875
49224,5,141,17,60,2,26.56764408780734,-0.977579491998102,0.848528137423857,0,1749.16796875
49224,5,141,17,61,2,30.41816906324001,-1.089838007027179,0.8513997106635237,0,1749.16796875
49224,5,141,17,62,2,33.29583632991165,-1.1524491586996628,0.613407053921902,0,1749.16796875
49224,5,141,17,63,2,23.034691070777047,-0.9830393419255798,0.848528137423857,0,1749.16796875
49224,5,141,17,64,2,26.926237938293255,-1.109180339191058,0.848528137423857,0,1749.16796875
49224,5,141,17,65,2,19.50267348534214,-0.9904770897035096,0.682842712474619,0,1749.16796875
49224,5,141,17,66,2,23.44737874175522,-1.13427412041984,0.8513997106635237,0,1749.16796875
49224,5,141,17,67,2,27.734542841784172,-1.2352140682300952,0.682842712474619,0,1749.16796875
49224,5,141,17,68,2,21.686112378601923,-1.2685041734141278,0.613407053921902,0,1749.16796875
49224,5,142,31,1,,,,,0,1749.468994140625
49224,5,142,31,2,2,11.624994246018304,3.535926539457435,0.6466890965784271,0,1749.468994140625
49224,5,142,31,3,,,,,0,1749.468994140625
49224,5,142,31,4,2,12.075412923314161,2.665548966231034,0.6466890965784271,0,1749.468994140625
49224,5,142,31,5,2,8.464350650521606,3.37603144911743,0.765685424949238,0,1749.468994140625
49224,5,142,31,6,2,8.7739834145773,2.788536405946432,0.765685424949238,0,1749.468994140625
49224,5,142,31,7,2,9.814587740130301,4.088604810723448,0.613407053921902,0,1749.468994140625
49224,5,142,31,8,2,7.267215396953664,3.803439020235254,0.8513997106635237,0,1749.468994140625
49224,5,142,31,9,,,,,0,1749.468994140625
49224,5,142,31,10,2,7.96790597800353,2.37386014028353,0.8513997106635237,0,1749.468994140625
49224,5,142,31,11,2,10.699243561640644,2.136268145997579,0.613407053921902,0,1749.468994140625
49224,5,142,31,12,2,3.7838023654450095,3.688031362073932,0.765685424949238,0,1749.468994140625
49224,5,142,31,13,2,4.43336366261998,2.3879479361394997,0.765685424949238,0,1749.468994140625
49224,5,142,31,14,2,4.5259637682467275,4.549761221963486,0.6466890965784271,0,1749.468994140625
49224,5,142,31,15,,,,,0,1749.468994140625
49224,5,142,31,16,2,5.582065395538295,1.70245521722692,0.6466890965784271,0,1749.468994140625
49224,5,142,31,17,,,,,0,1749.468994140625
49224,5,142,31,18,2,28.31323799908636,0.19671386348361786,0.613407053921902,0,1749.468994140625
49224,5,142,31,19,2,24.890140540159162,0.2242007655751579,0.8513997106635237,0,1749.468994140625
49224,5,142,31,20,2,24.273062087107647,0.021991388045720983,0.682842712474619,0,1749.468994140625
49224,5,142,31,21,2,26.454803895193905,0.4095311588609254,0.682842712474619,0,1749.468994140625
49224,5,142,31,22,2,21.977587569927866,0.13848077639490697,0.848528137423857,0,1749.468994140625
49224,5,142,31,23,2,23.20241169400586,0.35356721490551135,0.848528137423857,0,1749.468994140625
49224,5,142,31,24,2,19.494187019771218,-0.15275383214149119,0.613407053921902,0,1749.468994140625
49224,5,142,31,25,2,19.27458468239513,0.027695722308408,0.8513997106635237,0,1749.468994140625
49224,5,142,31,26,2,20.046126002375445,0.2796831334946128,0.848528137423857,0,1749.468994140625
49224,5,142,31,27,2,21.95870489640509,0.5003213149319385,0.8513997106635237,0,1749.468994140625
49224,5,142,31,28,2,23.836337970510684,0.6295173195872222,0.613407053921902,0,1749.468994140625
49224,5,142,31,29,2,17.0394374023348,0.17899748069742705,0.848528137423857,0,1749.468994140625
49224,5,142,31,30,2,18.592471057188124,0.4468170230783144,0.848528137423857,0,1749.468994140625
49224,5,142,31,31,2,14.277173609403903,0.03739393591318141,0.682842712474619,1,1749.468994140625
49224,5,142,31,32,2,15.302785344418552,0.3700022407930319,0.8513997106635237,0,1749.468994140625
49224,5,142,31,33,2,17.734508516495268,0.6359839724824994,0.682842712474619,0,1749.468994140625
49224,5,142,31,34,2,12.105985685326,0.47474203335379817,0.613407053921902,0,1749.468994140625
49224,5,142,31,35,2,31.120700519637982,4.046184025061038,0.3566542044715114,0,1749.468994140625
49224,5,142,31,36,,,,,0,1749.468994140625
49224,5,142,31,37,,,,,0,1749.468994140625
49224,5,142,31,38,,,,,0,1749.468994140625
49224,5,142,31,39,2,25.64416291150982,4.170195240456923,0.5905350201669267,0,1749.468994140625
49224,5,142,31,40,,,,,0,1749.468994140625
49224,5,142,31,41,2,19.238350221993752,4.120552551733745,0.6034068236642477,0,1749.468994140625
49224,5,142,31,42,2,22.228986304982122,4.208506222521196,0.7685569981889047,0,1749.468994140625
49224,5,142,31,43,,,,,0,1749.468994140625
49224,5,142,31,44,2,31.360049842092067,4.363084276622858,0.7685569981889047,0,1749.468994140625
49224,5,142,31,45,2,34.66938763493659,4.397641982233179,0.6034068236642477,0,1749.468994140625
49224,5,142,31,46,,,,,0,1749.468994140625
49224,5,142,31,47,2,28.19499010131987,4.416076492025064,0.848528137423857,0,1749.468994140625
49224,5,142,31,48,2,20.292849985964132,4.42598575427875,0.5638463841038082,0,1749.468994140625
49224,5,142,31,49,2,25.12891178560171,4.482226307051599,0.7685569981889047,0,1749.468994140625
49224,5,142,31,50,2,30.018738389616917,4.520234374612186,0.682842712474619,0,1749.468994140625
49224,5,142,31,51,2,24.56791723798714,4.621380355235997,0.613407053921902,0,1749.468994140625
49224,5,142,31,52,2,29.954628231137942,-0.7073971499515355,0.613407053921902,0,1749.468994140625
49224,5,142,31,53,2,24.093504427665664,-0.6440273939725265,0.682842712474619,0,1749.468994140625
49224,5,142,31,54,2,27.389038000295905,-0.7905371367854639,0.8513997106635237,0,1749.468994140625
49224,5,142,31,55,2,31.141962840472356,-0.9037233116503947,0.682842712474619,0,1749.468994140625
49224,5,142,31,56,2,23.85355769881965,-0.7912988234349063,0.848528137423857,0,1749.468994140625
49224,5,142,31,57,2,27.634302268496416,-0.9188271101984036,0.848528137423857,0,1749.468994140625
49224,5,142,31,58,2,17.99475796773015,-0.6553203844904765,0.613407053921902,0,1749.468994140625
49224,5,142,31,59,2,20.318096052538568,-0.7923255862861249,0.8513997106635237,0,1749.468994140625
49224,5,142,31,60,2,24.134777276285178,-0.9383165722964137,0.848528137423857,0,1749.468994140625
49224,5,142,31,61,2,28.322251343274235,-1.0428677585711355,0.8513997106635237,0,1749.468994140625
49224,5,142,31,62,2,31.39528044204407,-1.0990556814505434,0.613407053921902,0,1749.468994140625
49224,5,142,31,63,2,20.64752494816646,-0.9644022496109521,0.848528137423857,0,1749.468994140625
49224,5,142,31,64,2,24.9195251451721,-1.0790026529600314,0.848528137423857,0,1749.468994140625
49224,5,142,31,65,2,17.18002033742747,-1.0010518895998723,0.682842712474619,0,1749.468994140625
49224,5,142,31,66,2,21.55958129858114,-1.1264796116273188,0.8513997106635237,0,1749.468994140625
49224,5,142,31,67,2,26.16253032001755,-1.2087205034594821,0.682842712474619,0,1749.468994140625
49224,5,142,31,68,2,20.302590866342562,-1.2827684294462007,0.613407053921902,0,1749.468994140625
49224,5,143,29,1,,,,,0,1750.41796875
49224,5,143,29,2,2,22.69657724791787,3.3396658207555796,0.6466890965784271,0,1750.41796875
49224,5,143,29,3,,,,,0,1750.41796875
49224,5,143,29,4,2,22.930541311083065,2.897859773619909,0.6466890965784271,0,1750.41796875
49224,5,143,29,5,2,19.850425090420558,3.2408083767068883,0.765685424949238,0,1750.41796875
49224,5,143,29,6,2,19.984417161746048,2.989197415610187,0.765685424949238,0,1750.41796875
49224,5,143,29,7,2,19.003165358139587,3.574163460674558,0.613407053921902,0,1750.41796875
49224,5,143,29,8,2,17.821520158106626,3.394902590345123,0.8513997106635237,0,1750.41796875
49224,5,143,29,9,,,,,0,1750.41796875
49224,5,143,29,10,2,18.1185453829601,2.8312138075377744,0.8513997106635237,0,1750.41796875
49224,5,143,29,11,2,19.474803565412135,2.6592352683889615,0.613407053921902,0,1750.41796875
49224,5,143,29,12,2,14.883256977069758,3.2740911848188823,0.765685424949238,0,1750.41796875
49224,5,143,29,13,2,15.061503619153953,2.938780678414278,0.765685424949238,0,1750.41796875
49224,5,143,29,14,2,13.041416438443274,3.491133258592522,0.6466890965784271,0,1750.41796875
49224,5,143,29,15,,,,,0,1750.41796875
49224,5,143,29,16,2,13.444465358261088,2.7173825863993404,0.6466890965784271,0,1750.41796875
49224,5,143,29,17,,,,,0,1750.41796875
49224,5,143,29,18,2,17.163735957755208,0.3282740448393837,0.613407053921902,0,1750.41796875
49224,5,143,29,19,2,13.89652685547618,0.40956614382880074,0.8513997106635237,0,1750.41796875
49224,5,143,29,20,2,12.758366103097948,0.04184792313224328,0.682842712474619,0,1750.41796875
49224,5,143,29,21,2,16.536354243582917,0.690607900123012,0.682842712474619,0,1750.41796875
49224,5,143,29,22,2,10.68684710966129,0.2878355511938784,0.848528137423857,0,1750.41796875
49224,5,143,29,23,2,13.02099282580126,0.6649056060123725,0.848528137423857,0,1750.41796875
49224,5,143,29,24,2,8.295640814824173,-0.36566100221501774,0.6034068236642477,0,1750.41796875
49224,5,143,29,25,2,7.765561386376458,0.0687878754742608,0.8513997106635237,0,1750.41796875
49224,5,143,29,26,2,9.520582790453169,0.6202532238660101,0.848528137423857,0,1750.41796875
49224,5,143,29,27,2,13.075895751120267,0.9366634492561086,0.8513997106635237,0,1750.41796875
49224,5,143,29,28,2,16.030138390268796,1.0663881414687078,0.613407053921902,0,1750.41796875
49224,5,143,29,29,2,6.061083992998136,0.5242110525855015,0.848528137423857,1,1750.41796875
49224,5,143,29,30,2,9.59553501345653,0.9922143380477098,0.848528137423857,0,1750.41796875
49224,5,143,29,31,,,,,0,1750.41796875
49224,5,143,29,32,2,6.178149779244219,1.1099980580983757,0.8513997106635237,0,1750.41796875
49224,5,143,29,33,2,10.88609607338955,1.3156797087103287,0.682842712474619,0,1750.41796875
49224,5,143,29,34,2,5.58472571503803,1.7060048317240128,0.6034068236642477,0,1750.41796875
49224,5,143,29,35,2,39.29799067784343,3.8136312440463227,0.42533936651583715,0,1750.41796875
49224,5,143,29,36,,,,,0,1750.41796875
49224,5,143,29,37,,,,,0,1750.41796875
49224,5,143,29,38,,,,,0,1750.41796875
49224,5,143,29,39,2,33.094065966546516,3.867416364864373,0.765685424949238,0,1750.41796875
49224,5,143,29,40,2,36.60436653151971,3.9697621178909985,0.765685424949238,0,1750.41796875
49224,5,143,29,41,2,27.3881041113625,3.7639630704650764,0.6034068236642477,0,1750.41796875
49224,5,143,29,42,2,29.565553600394956,3.8602964337216314,0.8513997106635237,0,1750.41796875
49224,5,143,29,43,2,33.07241156422578,3.97433311231379,0.848528137423857,0,1750.41796875
49224,5,143,29,44,2,36.92488122728688,4.065570421566742,0.8513997106635237,0,1750.41796875
49224,5,143,29,45,2,39.77386788498497,4.118627047163972,0.6034068236642477,0,1750.41796875
49224,5,143,29,46,2,29.541312837672432,3.979996999633643,0.848528137423857,0,1750.41796875
49224,5,143,29,47,2,33.42680976624808,4.080181554842655,0.848528137423857,0,1750.41796875
49224,5,143,29,48,2,26.011419063037003,3.9871984148887862,0.682842712474619,0,1750.41796875
49224,5,143,29,49,2,29.937541125627416,4.098203220896663,0.8513997106635237,0,1750.41796875
49224,5,143,29,50,2,34.145553379969414,4.182691451039437,0.682842712474619,0,1750.41796875
49224,5,143,29,51,2,28.066648215118263,4.200293252817383,0.613407053921902,0,1750.41796875
49224,5,143,29,52,2,22.48186168739105,-1.0468757237682782,0.613407053921902,0,1750.41796875
49224,5,143,29,53,2,16.410097031178854,-1.0791256163433314,0.682842712474619,0,1750.41796875
49224,5,143,29,54,2,20.951222674307413,-1.1920316482086277,0.8513997106635237,0,1750.41796875
49224,5,143,29,55,2,25.663518436179423,-1.2641366479820064,0.682842712474619,0,1750.41796875
49224,5,143,29,56,2,17.75912517758153,-1.2708543333803024,0.848528137423857,0,1750.41796875
49224,5,143,29,57,2,22.584263858906677,-1.3363149375679781,0.848528137423857,0,1750.41796875
49224,5,143,29,58,2,11.305114316742305,-1.3253340970737413,0.613407053921902,0,1750.41796875
49224,5,143,29,59,2,14.724785994968057,-1.3831271395128253,0.8513997106635237,0,1750.41796875
49224,5,143,29,60,2,19.659139593922095,-1.4305960533297064,0.848528137423857,0,1750.41796875
49224,5,143,29,61,2,24.619996274350317,-1.4589795244631238,0.8513997106635237,0,1750.41796875
49224,5,143,29,62,2,28.10085282392723,-1.472877905677584,0.613407053921902,0,1750.41796875
49224,5,143,29,63,2,16.96804541182963,-1.5562274747938796,0.848528137423857,0,1750.41796875
49224,5,143,29,64,2,21.967635559468402,-1.5595433444710878,0.848528137423857,0,1750.41796875
49224,5,143,29,65,2,14.640606566071973,4.55790153836125,0.682842712474619,0,1750.41796875
49224,5,143,29,66,2,19.59616818661796,4.597172793579049,0.8513997106635237,0,1750.41796875
49224,5,143,29,67,2,24.569742663974438,4.620569850589503,0.682842712474619,0,1750.41796875
49224,5,143,29,68,2,20.2985081770964,4.425040753488305,0.613407053921902,0,1750.41796875
49224,5,144,26,1,,,,,0,1750.7850341796875
49224,5,144,26,2,2,26.721551401582314,3.03363983804327,0.6466890965784271,0,1750.7850341796875
49224,5,144,26,3,,,,,0,1750.7850341796875
49224,5,144,26,4,2,26.779663251669827,2.65761115585188,0.6466890965784271,0,1750.7850341796875
49224,5,144,26,5,2,23.89403525958901,2.949615146414404,0.765685424949238,0,1750.7850341796875
49224,5,144,26,6,2,23.926542756303046,2.7401216417636594,0.765685424949238,0,1750.7850341796875
49224,5,144,26,7,2,22.85641783580587,3.2250589702452173,0.613407053921902,0,1750.7850341796875
49224,5,144,26,8,2,21.823244611717232,3.075189469794915,0.8513997106635237,0,1750.7850341796875
49224,5,144,26,9,,,,,0,1750.7850341796875
49224,5,144,26,10,2,21.894361373382758,2.613632755988162,0.8513997106635237,0,1750.7850341796875
49224,5,144,26,11,2,22.97174849779997,2.465009267349413,0.613407053921902,0,1750.7850341796875
49224,5,144,26,12,2,18.924524222868122,2.9755427983292835,0.765685424949238,0,1750.7850341796875
49224,5,144,26,13,2,18.9655515170173,2.710858217848979,0.765685424949238,0,1750.7850341796875
49224,5,144,26,14,2,16.98430750599755,3.140587648778183,0.6466890965784271,0,1750.7850341796875
49224,5,144,26,15,,,,,0,1750.7850341796875
49224,5,144,26,16,2,17.075589478074082,2.544628872627023,0.6466890965784271,0,1750.7850341796875
49224,5,144,26,17,,,,,0,1750.7850341796875
49224,5,144,26,18,2,13.26416690386996,0.10893495557186816,0.613407053921902,0,1750.7850341796875
49224,5,144,26,19,2,10.131102427717902,0.24361769474763162,0.8513997106635237,0,1750.7850341796875
49224,5,144,26,20,2,8.722654935178666,-0.27243568416151653,0.682842712474619,0,1750.7850341796875
49224,5,144,26,21,2,13.386327490526535,0.5709704088143618,0.682842712474619,0,1750.7850341796875
49224,5,144,26,22,2,6.764290407857608,0.11316514013165602,0.848528137423857,0,1750.7850341796875
49224,5,144,26,23,2,9.864590817897582,0.5981258880779877,0.848528137423857,0,1750.7850341796875
49224,5,144,26,24,2,5.0033832498477375,-1.022390769939807,0.6034068236642477,0,1750.7850341796875
49224,5,144,26,25,2,3.724515141969127,-0.24850851297538945,0.7685569981889047,0,1750.7850341796875
49224,5,144,26,26,2,6.358186874060257,0.6553223377687711,0.848528137423857,1,1750.7850341796875
49224,5,144,26,27,2,10.815778640864789,0.9293012051280968,0.8513997106635237,0,1750.7850341796875
49224,5,144,26,28,2,14.153417845385876,1.0144866579302039,0.613407053921902,0,1750.7850341796875
49224,5,144,26,29,,,,,0,1750.7850341796875
49224,5,144,26,30,2,7.75225489319784,1.1223416243015718,0.848528137423857,0,1750.7850341796875
49224,5,144,26,31,,,,,0,1750.7850341796875
49224,5,144,26,32,2,5.311670570548658,1.5236659506031653,0.7685569981889047,0,1750.7850341796875
49224,5,144,26,33,2,10.235642213986749,1.4057944294695357,0.682842712474619,0,1750.7850341796875
49224,5,144,26,34,2,7.029577298616546,2.028032480001091,0.6034068236642477,0,1750.7850341796875
49224,5,144,26,35,2,42.741216838647674,3.4716332333392943,0.47153869179611585,0,1750.7850341796875
49224,5,144,26,36,,,,,0,1750.7850341796875
49224,5,144,26,37,,,,,0,1750.7850341796875
49224,5,144,26,38,2,43.232580038882624,3.6132729925203577,0.6466890965784271,0,1750.7850341796875
49224,5,144,26,39,2,36.43479265455183,3.5115345024189013,0.765685424949238,0,1750.7850341796875
49224,5,144,26,40,2,39.69810560338452,3.6111838695965695,0.848528137423857,0,1750.7850341796875
49224,5,144,26,41,2,30.946985257972408,3.407750824088062,0.6034068236642477,0,1750.7850341796875
49224,5,144,26,42,2,32.92989109394778,3.4981272483289194,0.8513997106635237,0,1750.7850341796875
49224,5,144,26,43,2,36.163838294303694,3.608686396804215,0.848528137423857,0,1750.7850341796875
49224,5,144,26,44,2,39.765169091729405,3.7001826171994265,0.8513997106635237,0,1750.7850341796875
49224,5,144,26,45,2,42.4550409703716,3.7546900087353396,0.613407053921902,0,1750.7850341796875
49224,5,144,26,46,2,32.62984541574819,3.605647921234426,0.848528137423857,0,1750.7850341796875
49224,5,144,26,47,2,36.23744312962641,3.706369066170943,0.848528137423857,0,1750.7850341796875
49224,5,144,26,48,2,29.096226963898612,3.601871382392451,0.682842712474619,0,1750.7850341796875
49224,5,144,26,49,2,32.711403153212274,3.713889561027437,0.8513997106635237,0,1750.7850341796875
49224,5,144,26,50,2,36.653531466548635,3.8027426065869934,0.682842712474619,0,1750.7850341796875
49224,5,144,26,51,2,30.55052836703145,3.8010121512709745,0.613407053921902,0,1750.7850341796875
49224,5,144,26,52,2,21.117594350794448,-1.512058016350889,0.613407053921902,0,1750.7850341796875
49224,5,144,26,53,2,15.30386981108415,-1.6154336754462004,0.682842712474619,0,1750.7850341796875
49224,5,144,26,54,2,20.190440904346243,-1.6756864268418845,0.8513997106635237,0,1750.7850341796875
49224,5,144,26,55,2,25.12169135685699,-1.712377795454034,0.682842712474619,0,1750.7850341796875
49224,5,144,26,56,2,17.387490316763245,-1.7907583886037781,0.848528137423857,0,1750.7850341796875
49224,5,144,26,57,2,22.377897404198205,-1.8064527338855607,0.848528137423857,0,1750.7850341796875
49224,5,144,26,58,2,11.416387529208778,4.3098867715511275,0.613407053921902,0,1750.7850341796875
49224,5,144,26,59,2,14.899521305034378,4.336201333001893,0.8513997106635237,0,1750.7850341796875
49224,5,144,26,60,2,19.88570360425948,4.357782226715662,0.848528137423857,0,1750.7850341796875
49224,5,144,26,61,2,24.87743315846198,4.370706750582279,0.8513997106635237,0,1750.7850341796875
49224,5,144,26,62,2,28.373376807420073,4.377047394262187,0.613407053921902,0,1750.7850341796875
49224,5,144,26,63,2,17.751397788346026,4.207619841094186,0.848528137423857,0,1750.7850341796875
49224,5,144,26,64,2,22.661809198680086,4.254603687793657,0.848528137423857,0,1750.7850341796875
49224,5,144,26,65,2,16.11778641885212,4.021984539917297,0.682842712474619,0,1750.7850341796875
49224,5,144,26,66,2,20.814142109657535,4.115700557676829,0.8513997106635237,0,1750.7850341796875
49224,5,144,26,67,2,25.625650908382877,4.174592990143681,0.682842712474619,0,1750.7850341796875
49224,5,144,26,68,2,22.123056400692274,3.9642864561718323,0.613407053921902,0,1750.7850341796875
49224,5,145,30,1,,,,,0,1751.052001953125
49224,5,145,30,2,2,29.008118351091316,2.3419667026074116,0.6466890965784271,0,1751.052001953125
49224,5,145,30,3,,,,,0,1751.052001953125
49224,5,145,30,4,2,28.346416481367264,1.9922196667721006,0.6466890965784271,0,1751.052001953125
49224,5,145,30,5,2,26.049997659557935,2.2715113232698645,0.765685424949238,0,1751.052001953125
49224,5,145,30,6,2,25.6831963858683,2.0784280399209116,0.765685424949238,0,1751.052001953125
49224,5,145,30,7,2,25.4016276712822,2.523602653150112,0.613407053921902,0,1751.052001953125
49224,5,145,30,8,2,24.180769783506122,2.3911539153842907,0.8513997106635237,0,1751.052001953125
49224,5,145,30,9,,,,,0,1751.052001953125
49224,5,145,30,10,2,23.382857489775102,1.9688143522726227,0.8513997106635237,0,1751.052001953125
49224,5,145,30,11,2,24.09823568976793,1.8243576665093486,0.613407053921902,0,1751.052001953125
49224,5,145,30,12,2,21.138615733178366,2.3114519623395853,0.765685424949238,0,1751.052001953125
49224,5,145,30,13,2,20.684904487260276,2.0727582232746475,0.765685424949238,0,1751.052001953125
49224,5,145,30,14,2,19.44089309612407,2.4645834497153016,0.6466890965784271,0,1751.052001953125
49224,5,145,30,15,,,,,0,1751.052001953125
49224,5,145,30,16,2,18.439000011907737,1.9328287011879484,0.6466890965784271,0,1751.052001953125
49224,5,145,30,17,,,,,0,1751.052001953125
49224,5,145,30,18,2,10.77994873065474,-0.7477825998115489,0.613407053921902,0,1751.052001953125
49224,5,145,30,19,2,7.496012720049463,-0.6129989080107173,0.8513997106635237,0,1751.052001953125
49224,5,145,30,20,2,7.082796634595606,-1.310933856792643,0.682842712474619,0,1751.052001953125
49224,5,145,30,21,2,10.593130096022037,-0.16885947983394134,0.682842712474619,0,1751.052001953125
49224,5,145,30,22,2,4.365633849407223,-0.9012735561529567,0.848528137423857,0,1751.052001953125
49224,5,145,30,23,2,7.076931357530227,-0.12620936937722915,0.848528137423857,0,1751.052001953125
49224,5,145,30,24,2,5.697400472370163,-2.284643531547949,0.6034068236642477,0,1751.052001953125
49224,5,145,30,25,2,2.631978555200802,-1.844909153871448,0.7685569981889047,0,1751.052001953125
49224,5,145,30,26,,,,,0,1751.052001953125
49224,5,145,30,27,2,8.3051615384197,0.3096782786169541,0.8513997106635237,0,1751.052001953125
49224,5,145,30,28,2,11.74489877145474,0.3751682770782408,0.613407053921902,0,1751.052001953125
49224,5,145,30,29,,,,,0,1751.052001953125
49224,5,145,30,30,2,5.643071892789659,0.6511942058604889,0.848528137423857,1,1751.052001953125
49224,5,145,30,31,,,,,0,1751.052001953125
49224,5,145,30,32,2,4.439911327396015,1.3282273278769665,0.7685569981889047,0,1751.052001953125
49224,5,145,30,33,2,8.702701369531413,0.9046785635465355,0.682842712474619,0,1751.052001953125
49224,5,145,30,34,2,7.361774559081395,1.6668722860066345,0.6034068236642477,0,1751.052001953125
49224,5,145,30,35,2,45.48206625862659,2.7346658739542096,0.6034068236642477,0,1751.052001953125
49224,5,145,30,36,2,42.709898607822765,2.7831481140354324,0.8513997106635237,0,1751.052001953125
49224,5,145,30,37,,,,,0,1751.052001953125
49224,5,145,30,38,2,46.02294254563039,2.8676389581433863,0.682842712474619,0,1751.052001953125
49224,5,145,30,39,2,39.19524061518891,2.773771546961138,0.848528137423857,0,1751.052001953125
49224,5,145,30,40,2,42.48814762201866,2.866004341979625,0.848528137423857,0,1751.052001953125
49224,5,145,30,41,2,33.65063556081936,2.680331627984705,0.6034068236642477,0,1751.052001953125
49224,5,145,30,42,2,35.68470729422629,2.762548958981149,0.8513997106635237,0,1751.052001953125
49224,5,145,30,43,2,38.953486829069654,2.8640730679095343,0.848528137423857,0,1751.052001953125
49224,5,145,30,44,2,42.55995697378462,2.949153151467937,0.8513997106635237,0,1751.052001953125
49224,5,145,30,45,2,45.24249107462945,3.00039110150122,0.613407053921902,0,1751.052001953125
49224,5,145,30,46,2,35.419000323760635,2.861756337357233,0.848528137423857,0,1751.052001953125
49224,5,145,30,47,2,39.03179966901925,2.9547537532444883,0.848528137423857,0,1751.052001953125
49224,5,145,30,48,2,31.884746066522297,2.8589259942010044,0.682842712474619,0,1751.052001953125
49224,5,145,30,49,2,35.505109958913025,2.9614672070352657,0.8513997106635237,0,1751.052001953125
49224,5,145,30,50,2,39.42827202227356,3.0443395362675076,0.682842712474619,0,1751.052001953125
49224,5,145,30,51,2,33.32611470200068,3.041113389406714,0.613407053921902,0,1751.052001953125
49224,5,145,30,52,2,22.535474366496487,-2.37200442479494,0.613407053921902,0,1751.052001953125
49224,5,145,30,53,2,16.995726389852344,-2.502982512889996,0.682842712474619,0,1751.052001953125
49224,5,145,30,54,2,21.97340476545724,-2.5274038757923245,0.8513997106635237,0,1751.052001953125
49224,5,145,30,55,2,26.95934566072616,-2.542798683404196,0.682842712474619,0,1751.052001953125
49224,5,145,30,56,2,19.40936031214502,3.6378399968993533,0.848528137423857,0,1751.052001953125
49224,5,145,30,57,2,24.406947150239123,3.6449764004900933,0.848528137423857,0,1751.052001953125
49224,5,145,30,58,2,13.768912718119562,3.43991199949006,0.613407053921902,0,1751.052001953125
49224,5,145,30,59,2,17.19348767605693,3.486886530977281,0.8513997106635237,0,1751.052001953125
49224,5,145,30,60,2,22.12672185242579,3.528642009382738,0.848528137423857,0,1751.052001953125
49224,5,145,30,61,2,27.08445350016338,3.5551442139104066,0.8513997106635237,0,1751.052001953125
49224,5,145,30,62,2,30.563060750357437,3.568573795666465,0.613407053921902,0,1751.052001953125
49224,5,145,30,63,2,20.211001228901754,3.388009346141701,0.848528137423857,0,1751.052001953125
49224,5,145,30,64,2,25.049159110488397,3.4440972369685716,0.848528137423857,0,1751.052001953125
49224,5,145,30,65,2,18.771715995473603,3.2220266557307156,0.682842712474619,0,1751.052001953125
49224,5,145,30,66,2,23.374197801905737,3.3153322013973794,0.8513997106635237,0,1751.052001953125
49224,5,145,30,67,2,28.112789337782022,3.37758483102417,0.682842712474619,0,1751.052001953125
49224,5,145,30,68,2,24.816043902004477,3.182816691698489,0.613407053921902,0,1751.052001953125
49224,5,146,27,1,,,,,0,1751.251953125
49224,5,146,27,2,2,30.07453710902467,1.9007086835959346,0.6466890965784271,0,1751.251953125
49224,5,146,27,3,,,,,0,1751.251953125
49224,5,146,27,4,2,28.453800686956384,1.5617622768314297,0.6466890965784271,0,1751.251953125
49224,5,146,27,5,2,26.944384057275677,1.842954848638444,0.765685424949238,0,1751.251953125
49224,5,146,27,6,2,26.049382484647126,1.6570068623261178,0.765685424949238,0,1751.251953125
49224,5,146,27,7,2,26.933288688917,2.0848310191397594,0.613407053921902,0,1751.251953125
49224,5,146,27,8,2,25.395893103499482,1.9645339972728388,0.8513997106635237,0,1751.251953125
49224,5,146,27,9,,,,,0,1751.251953125
49224,5,146,27,10,2,23.454048216359368,1.5598363976439915,0.8513997106635237,0,1751.251953125
49224,5,146,27,11,2,23.751667828999675,1.4119486944226478,0.613407053921902,0,1751.251953125
49224,5,146,27,12,2,22.16920017565456,1.9036192120646995,0.765685424949238,0,1751.251953125
49224,5,146,27,13,2,21.07234994094657,1.6774387972578595,0.765685424949238,0,1751.251953125
49224,5,146,27,14,2,20.866839500188885,2.056590379001393,0.6466890965784271,0,1751.251953125
49224,5,146,27,15,,,,,0,1751.251953125
49224,5,146,27,16,2,18.454429873002866,1.5568669951981486,0.6466890965784271,0,1751.251953125
49224,5,146,27,17,,,,,0,1751.251953125
49224,5,146,27,18,2,10.05064803336195,-1.545218116243182,0.613407053921902,0,1751.251953125
49224,5,146,27,19,2,6.5524043639669465,-1.5315564502201569,0.8513997106635237,0,1751.251953125
49224,5,146,27,20,2,8.084770085999002,-2.1977153877654056,0.682842712474619,0,1751.251953125
49224,5,146,27,21,2,8.396695692616342,-0.8942734442791533,0.682842712474619,0,1751.251953125
49224,5,146,27,22,2,4.627305160140559,-2.0768401066502777,0.848528137423857,0,1751.251953125
49224,5,146,27,23,2,4.897187830840493,-0.9728016430965714,0.848528137423857,0,1751.251953125
49224,5,146,27,24,2,8.38692769835091,-2.956032914569173,0.6034068236642477,0,1751.251953125
49224,5,146,27,25,2,4.98897816603699,-2.8262357636523006,0.7685569981889047,0,1751.251953125
49224,5,146,27,26,,,,,0,1751.251953125
49224,5,146,27,27,2,5.480045104935847,-0.2862561583041535,0.7685569981889047,1,1751.251953125
49224,5,146,27,28,2,8.89270719612197,-0.17489353987105652,0.613407053921902,0,1751.251953125
49224,5,146,27,29,,,,,0,1751.251953125
49224,5,146,27,30,,,,,0,1751.251953125
49224,5,146,27,31,,,,,0,1751.251953125
49224,5,146,27,32,2,3.4621950471329703,1.4964832683759868,0.6271356419515952,0,1751.251953125
49224,5,146,27,33,2,6.289458653164105,0.5811153674520189,0.5638463841038082,0,1751.251953125
49224,5,146,27,34,2,6.957389711867714,1.533841651686192,0.5509646951307726,0,1751.251953125
49224,5,146,27,35,2,47.43564770039898,2.248514177205556,0.6034068236642477,0,1751.251953125
49224,5,146,27,36,2,44.762955618434724,2.297560068606644,0.8513997106635237,0,1751.251953125
49224,5,146,27,37,,,,,0,1751.251953125
49224,5,146,27,38,2,48.2301949000052,2.3751129703716805,0.682842712474619,0,1751.251953125
49224,5,146,27,39,2,41.23401806278193,2.2925354286976245,0.848528137423857,0,1751.251953125
49224,5,146,27,40,2,44.69534371717436,2.3766093894097464,0.848528137423857,0,1751.251953125
49224,5,146,27,41,2,35.50796590104147,2.2121226149467423,0.6034068236642477,0,1751.251953125
49224,5,146,27,42,2,37.70631638738655,2.286570430199037,0.8513997106635237,0,1751.251953125
49224,5,146,27,43,2,41.160609809625356,2.37836282776353,0.848528137423857,0,1751.251953125
49224,5,146,27,44,2,44.90685141818293,2.4554048847308767,0.8513997106635237,0,1751.251953125
49224,5,146,27,45,2,47.66629791971399,2.5019445617559604,0.613407053921902,0,1751.251953125
49224,5,146,27,46,2,37.62602622924851,2.380445709063294,0.848528137423857,0,1751.251953125
49224,5,146,27,47,2,41.39018427355244,2.463865604917539,0.848528137423857,0,1751.251953125
49224,5,146,27,48,2,34.09163973334176,2.382960480822673,0.682842712474619,0,1751.251953125
49224,5,146,27,49,2,37.877030032758604,2.473896648608311,0.8513997106635237,0,1751.251953125
49224,5,146,27,50,2,41.917763639023356,2.5478202865805066,0.682842712474619,0,1751.251953125
49224,5,146,27,51,2,35.815512380030064,2.5507091940681406,0.613407053921902,0,1751.251953125
49224,5,146,27,52,2,25.252513610745925,-2.9403617323116022,0.613407053921902,0,1751.251953125
49224,5,146,27,53,2,19.80349505326743,-3.063377204949669,0.682842712474619,0,1751.251953125
49224,5,146,27,54,2,24.791287193675903,-3.079136563786325,0.8513997106635237,0,1751.251953125
49224,5,146,27,55,2,29.783173523213573,-3.0896150702960443,0.682842712474619,0,1751.251953125
49224,5,146,27,56,2,22.263341313040097,3.0987899802574814,0.848528137423857,0,1751.251953125
49224,5,146,27,57,2,27.259601442710956,3.10663859909385,0.848528137423857,0,1751.251953125
49224,5,146,27,58,2,16.605847134258017,2.9321476132852515,0.613407053921902,0,1751.251953125
49224,5,146,27,59,2,20.042574987324286,2.9684637968958505,0.8513997106635237,0,1751.251953125
49224,5,146,27,60,2,24.98268033092223,3.0029475698225445,0.848528137423857,0,1751.251953125
49224,5,146,27,61,2,29.942675580374903,3.0260272703949735,0.8513997106635237,0,1751.251953125
49224,5,146,27,62,2,33.42176647018753,3.038102901540791,0.613407053921902,0,1751.251953125
49224,5,146,27,63,2,23.025697866050606,2.8801012212090673,0.848528137423857,0,1751.251953125
49224,5,146,27,64,2,27.88570003806931,2.9264716260710193,0.848528137423857,0,1751.251953125
49224,5,146,27,65,2,21.476294091864325,2.737069996580763,0.682842712474619,0,1751.251953125
49224,5,146,27,66,2,26.146906362221475,2.8124044374701707,0.8513997106635237,0,1751.251953125
49224,5,146,27,67,2,30.920708541514845,2.8647031022924354,0.682842712474619,0,1751.251953125
49224,5,146,27,68,2,27.478704288470162,2.691578496383399,0.613407053921902,0,1751.251953125
49224,5,147,28,1,,,,,0,1751.4520263671875
49224,5,147,28,2,2,31.030471242417647,1.9812853169353375,0.6466890965784271,0,1751.4520263671875
49224,5,147,28,3,,,,,0,1751.4520263671875
49224,5,147,28,4,2,28.55225295741962,1.6543527776733105,0.6466890965784271,0,1751.4520263671875
49224,5,147,28,5,2,27.770707561784164,1.9346484219753535,0.765685424949238,0,1751.4520263671875
49224,5,147,28,6,2,26.408004471961156,1.756770664501071,0.765685424949238,0,1751.4520263671875
49224,5,147,28,7,2,28.324801826888216,2.16607986832522,0.613407053921902,0,1751.4520263671875
49224,5,147,28,8,2,26.521005820458225,2.0565907494878246,0.8513997106635237,0,1751.4520263671875
49224,5,147,28,9,,,,,0,1751.4520263671875
49224,5,147,28,10,2,23.57339078594227,1.672055707555455,0.8513997106635237,0,1751.4520263671875
49224,5,147,28,11,2,23.479227081465798,1.5232022556035685,0.613407053921902,0,1751.4520263671875
49224,5,147,28,12,2,23.166480153109287,2.011532701181462,0.765685424949238,0,1751.4520263671875
49224,5,147,28,13,2,21.514095481646233,1.7997566953645734,0.765685424949238,0,1751.4520263671875
49224,5,147,28,14,2,22.222451573376183,2.1618388450937243,0.6466890965784271,0,1751.4520263671875
49224,5,147,28,15,,,,,0,1751.4520263671875
49224,5,147,28,16,2,18.60586889529802,1.6992242487567462,0.6466890965784271,0,1751.4520263671875
49224,5,147,28,17,,,,,0,1751.4520263671875
49224,5,147,28,18,2,10.326078699194591,-1.8036653600860082,0.613407053921902,0,1751.4520263671875
49224,5,147,28,19,2,6.967523115165885,-1.9198494353313214,0.8513997106635237,0,1751.4520263671875
49224,5,147,28,20,2,9.867921597346959,-2.416106250551074,0.682842712474619,0,1751.4520263671875
49224,5,147,28,21,2,7.0510197893180875,-1.1905393508069795,0.6466890965784271,0,1751.4520263671875
49224,5,147,28,22,2,6.342265005874752,-2.449490647442999,0.848528137423857,0,1751.4520263671875
49224,5,147,28,23,2,4.049052619283657,-1.5418842600266442,0.765685424949238,0,1751.4520263671875
49224,5,147,28,24,2,10.992402888032577,-3.0003572250908346,0.6034068236642477,0,1751.4520263671875
49224,5,147,28,25,2,7.54335949356227,-2.934997330826881,0.7685569981889047,0,1751.4520263671875
49224,5,147,28,26,,,,,0,1751.4520263671875
49224,5,147,28,27,,,,,0,1751.4520263671875
49224,5,147,28,28,2,6.30972480092229,-0.24776127938024486,0.4815389220537701,1,1751.4520263671875
49224,5,147,28,29,,,,,0,1751.4520263671875
49224,5,147,28,30,,,,,0,1751.4520263671875
49224,5,147,28,31,,,,,0,1751.4520263671875
49224,5,147,28,32,2,4.195136464506238,2.174902619639629,0.6271356419515952,0,1751.4520263671875
49224,5,147,28,33,2,4.332397911643651,0.922204161135529,0.5276927682076162,0,1751.4520263671875
49224,5,147,28,34,2,7.34966985749976,1.9009891322000936,0.5509646951307726,0,1751.4520263671875
49224,5,147,28,35,2,49.13403109400562,2.290382826825231,0.613407053921902,0,1751.4520263671875
49224,5,147,28,36,2,46.5589361399968,2.3399480246470437,0.8513997106635237,0,1751.4520263671875
49224,5,147,28,37,2,43.23083432224371,2.2567515638158713,0.682842712474619,0,1751.4520263671875
49224,5,147,28,38,2,50.16536686579015,2.4116226225160267,0.682842712474619,0,1751.4520263671875
49224,5,147,28,39,2,43.02390716152971,2.3386130129334313,0.848528137423857,0,1751.4520263671875
49224,5,147,28,40,2,46.635673960337954,2.4158225894315635,0.848528137423857,0,1751.4520263671875
49224,5,147,28,41,2,37.14765122582913,2.269100227366726,0.613407053921902,0,1751.4520263671875
49224,5,147,28,42,2,39.48896859123514,2.3370389851849063,0.8513997106635237,0,1751.4520263671875
49224,5,147,28,43,2,43.10693840544201,2.4207102736048918,0.848528137423857,0,1751.4520263671875
49224,5,147,28,44,2,46.97911915927742,2.4910172414811016,0.8513997106635237,0,1751.4520263671875
49224,5,147,28,45,2,49.80931926643144,2.5335875024121424,0.613407053921902,0,1751.4520263671875
49224,5,147,28,46,2,39.57941626206984,2.4264693478790615,0.848528137423857,0,1751.4520263671875
49224,5,147,28,47,2,43.47826686906016,2.501947693194923,0.848528137423857,0,1751.4520263671875
49224,5,147,28,48,2,36.0534636977063,2.433355139812532,0.682842712474619,0,1751.4520263671875
49224,5,147,28,49,2,39.98351839061742,2.5147906571331875,0.8513997106635237,0,1751.4520263671875
49224,5,147,28,50,2,44.13061569006099,2.581296673941265,0.682842712474619,0,1751.4520263671875
49224,5,147,28,51,2,38.03634138339847,2.5893852835871414,0.613407053921902,0,1751.4520263671875
49224,5,147,28,52,2,27.844241569034843,-2.959313692520059,0.613407053921902,0,1751.4520263671875
49224,5,147,28,53,2,22.43637152754792,-3.0725712570769117,0.682842712474619,0,1751.4520263671875
49224,5,147,28,54,2,27.426634237783873,-3.0851445140921308,0.8513997106635237,0,1751.4520263671875
49224,5,147,28,55,2,32.419897654128924,-3.0938457874815124,0.682842712474619,0,1751.4520263671875
49224,5,147,28,56,2,24.901178975432778,3.103326509172363,0.848528137423857,0,1751.4520263671875
49224,5,147,28,57,2,29.898130588007522,3.109724412069093,0.848528137423857,0,1751.4520263671875
49224,5,147,28,58,2,19.196002560850566,2.960746059461943,0.613407053921902,0,1751.4520263671875
49224,5,147,28,59,2,22.64767456318402,2.988545804613001,0.8513997106635237,0,1751.4520263671875
49224,5,147,28,60,2,27.599758357835455,3.0161673249404695,0.848528137423857,0,1751.4520263671875
49224,5,147,28,61,2,32.56648829244448,3.0353748648166916,0.8513997106635237,0,1751.4520263671875
49224,5,147,28,62,2,36.048672770375816,3.0456684520376065,0.613407053921902,0,1751.4520263671875
49224,5,147,28,63,2,25.585056383839863,2.9067799881966163,0.848528137423857,0,1751.4520263671875
49224,5,147,28,64,2,30.470060854144688,2.9449678597771434,0.848528137423857,0,1751.4520263671875
49224,5,147,28,65,2,23.925792754214473,2.7805117259806544,0.682842712474619,0,1751.4520263671875
49224,5,147,28,66,2,28.657862048810227,2.8421893475613937,0.8513997106635237,0,1751.4520263671875
49224,5,147,28,67,2,33.467933242129746,2.8862682038929908,0.682842712474619,0,1751.4520263671875
49224,5,147,28,68,2,29.87794394310037,2.730022417164183,0.613407053921902,0,1751.4520263671875
49224,5,148,52,1,,,,,0,1751.751953125
49224,5,148,52,2,2,32.82519749474292,2.274208737278321,0.6466890965784271,0,1751.751953125
49224,5,148,52,3,,,,,0,1751.751953125
49224,5,148,52,4,2,29.297572895729704,1.9713190225124666,0.6466890965784271,0,1751.751953125
49224,5,148,52,5,2,29.44112071428835,2.2412762548880996,0.765685424949238,0,1751.751953125
49224,5,148,52,6,2,27.517388728205262,2.078953902413853,0.765685424949238,0,1751.751953125
49224,5,148,52,7,2,30.652724647211365,2.4542586901289916,0.613407053921902,0,1751.751953125
49224,5,148,52,8,2,28.559385388202255,2.359420323947128,0.8513997106635237,0,1751.751953125
49224,5,148,52,9,,,,,0,1751.751953125
49224,5,148,52,10,2,24.423199642216808,2.012958963050416,0.8513997106635237,0,1751.751953125
49224,5,148,52,11,2,23.81263627189734,1.8699304941797459,0.613407053921902,0,1751.751953125
49224,5,148,52,12,2,25.09829659750402,2.332462866480139,0.765685424949238,0,1751.751953125
49224,5,148,52,13,2,22.81121622365062,2.146371712278036,0.765685424949238,0,1751.751953125
49224,5,148,52,14,2,24.57200433287533,2.4733612734261468,0.6466890965784271,0,1751.751953125
49224,5,148,52,15,,,,,0,1751.751953125
49224,5,148,52,16,2,19.61217947976621,2.075184790435828,0.6466890965784271,0,1751.751953125
49224,5,148,52,17,,,,,0,1751.751953125
49224,5,148,52,18,2,11.481007450984782,-1.920581757187997,0.613407053921902,0,1751.751953125
49224,5,148,52,19,2,8.681134710478792,-2.13133788253277,0.8513997106635237,0,1751.751953125
49224,5,148,52,20,2,12.646541280350936,-2.4230379642918027,0.682842712474619,0,1751.751953125
49224,5,148,52,21,2,6.3866417910619555,-1.5254954313515123,0.6466890965784271,0,1751.751953125
49224,5,148,52,22,2,9.277720706997938,-2.5221252333367983,0.848528137423857,0,1751.751953125
49224,5,148,52,23,2,5.148125389199226,-2.111355174269055,0.765685424949238,0,1751.751953125
49224,5,148,52,24,2,14.51692590456173,-2.8551622305775495,0.6034068236642477,0,1751.751953125
49224,5,148,52,25,2,11.035855343952136,-2.826440904497081,0.7685569981889047,0,1751.751953125
49224,5,148,52,26,,,,,0,1751.751953125
49224,5,148,52,27,,,,,0,1751.751953125
49224,5,148,52,28,,,,,0,1751.751953125
49224,5,148,52,29,,,,,0,1751.751953125
49224,5,148,52,30,,,,,0,1751.751953125
49224,5,148,52,31,,,,,0,1751.751953125
49224,5,148,52,32,2,7.005161917865489,2.783326225722766,0.6271356419515952,0,1751.751953125
49224,5,148,52,33,2,3.8078060614180798,2.020682413909884,0.49033749051054326,0,1751.751953125
49224,5,148,52,34,2,9.333855648520847,2.45877068877733,0.5509646951307726,0,1751.751953125
49224,5,148,52,35,2,51.72706140053162,2.5351614193474616,0.613407053921902,0,1751.751953125
49224,5,148,52,36,2,49.27109003627235,2.5845608196605867,0.8513997106635237,0,1751.751953125
49224,5,148,52,37,2,45.7500536269447,2.5097724128280823,0.682842712474619,0,1751.751953125
49224,5,148,52,38,2,53.030304730942255,2.6490665145414316,0.682842712474619,0,1751.751953125
49224,5,148,52,39,2,45.737580956002446,2.5870810577077235,0.848528137423857,0,1751.751953125
49224,5,148,52,40,2,49.51261675776204,2.6559903105719656,0.848528137423857,0,1751.751953125
49224,5,148,52,41,2,39.708453451442814,2.5300787034063825,0.613407053921902,0,1751.751953125
49224,5,148,52,42,2,42.204411025997025,2.5900232838973665,0.8513997106635237,0,1751.751953125
49224,5,148,52,43,2,45.99766533798688,2.66397271525165,0.848528137423857,0,1751.751953125
49224,5,148,52,44,2,50.00358110215288,2.7263717030553454,0.8513997106635237,0,1751.751953125
49224,5,148,52,45,2,52.908497971360696,2.7643301444076953,0.613407053921902,0,1751.751953125
49224,5,148,52,46,2,42.4861296765175,2.6732753100016713,0.848528137423857,0,1751.751953125
49224,5,148,52,47,2,46.52573611866879,2.739559305025219,0.848528137423857,0,1751.751953125
49224,5,148,52,48,2,38.978932941196355,2.6842530364449995,0.682842712474619,0,1751.751953125
49224,5,148,52,49,2,43.05728881070455,2.754874574706716,0.8513997106635237,0,1751.751953125
49224,5,148,52,50,2,47.31282094974431,2.813040968218033,0.682842712474619,0,1751.751953125
49224,5,148,52,51,2,41.23568299369505,2.8258159283246713,0.613407053921902,0,1751.751953125
49224,5,148,52,52,2,31.32942963696096,-2.791550778631174,0.613407053921902,1,1751.751953125
49224,5,148,52,53,2,25.990552565404585,-2.8952379489563023,0.682842712474619,0,1751.751953125
49224,5,148,52,54,2,30.985185640063534,-2.903399310213425,0.8513997106635237,0,1751.751953125
49224,5,148,52,55,2,35.98130953207985,-2.9092945142892774,0.682842712474619,0,1751.751953125
49224,5,148,52,56,2,28.48197367302058,3.2957148891552412,0.848528137423857,0,1751.751953125
49224,5,148,52,57,2,33.47828745328497,3.3019313698878854,0.848528137423857,0,1751.751953125
49224,5,148,52,58,2,22.75769946471253,3.1746880961494743,0.613407053921902,0,1751.751953125
49224,5,148,52,59,2,26.21762612198281,3.196309192605246,0.8513997106635237,0,1751.751953125
49224,5,148,52,60,2,31.175901365737865,3.218856359219666,0.848528137423857,0,1751.751953125
49224,5,148,52,61,2,36.145673772394346,3.2352098916058276,0.8513997106635237,0,1751.751953125
49224,5,148,52,62,2,39.62903944087284,3.2442152624194938,0.613407053921902,0,1751.751953125
49224,5,148,52,63,2,29.121777437643704,3.123318176305198,0.848528137423857,0,1751.751953125
49224,5,148,52,64,2,34.024268215816114,3.1545364848424624,0.848528137423857,0,1751.751953125
49224,5,148,52,65,2,27.37186541485786,3.0144530168035373,0.682842712474619,0,1751.751953125
49224,5,148,52,66,2,32.152634772025024,3.0638182001541048,0.8513997106635237,0,1751.751953125
49224,5,148,52,67,2,36.99141561602331,3.1003393415184957,0.682842712474619,0,1751.751953125
49224,5,148,52,68,2,33.26921235249107,2.962352945474946,0.613407053921902,0,1751.751953125
49224,5,149,54,1,2,42.55938924564745,1.0035772196320694,0.613407053921902,0,1758.001953125
49224,5,149,54,2,2,36.994907390998264,1.066776118617715,0.682842712474619,0,1758.001953125
49224,5,149,54,3,2,39.65211185197044,0.9561341931925579,0.8513997106635237,0,1758.001953125
49224,5,149,54,4,2,42.731215472694096,0.8603941424117519,0.682842712474619,0,1758.001953125
49224,5,149,54,5,2,36.172972984886314,0.9727416788459559,0.848528137423857,0,1758.001953125
49224,5,149,54,6,2,39.206514458925724,0.8671507838394553,0.848528137423857,0,1758.001953125
49224,5,149,54,7,2,30.933173354711123,1.0877913419993162,0.613407053921902,0,1758.001953125
49224,5,149,54,8,2,32.70593179852022,0.9928767451289218,0.8513997106635237,0,1758.001953125
49224,5,149,54,9,2,35.68395684704952,0.8752418275359578,0.848528137423857,0,1758.001953125
49224,5,149,54,10,2,39.07699550521674,0.7768542148290095,0.8513997106635237,0,1758.001953125
49224,5,149,54,11,2,41.645267903227314,0.7179024933750685,0.613407053921902,0,1758.001953125
49224,5,149,54,12,2,32.16424686676548,0.8851044338203496,0.848528137423857,0,1758.001953125
49224,5,149,54,13,2,35.5416034804125,0.7760043078744732,0.848528137423857,0,1758.001953125
49224,5,149,54,14,2,28.648434106428468,0.8973892226641224,0.682842712474619,0,1758.001953125
49224,5,149,54,15,2,32.006242800475825,0.7749666411789138,0.8513997106635237,0,1758.001953125
49224,5,149,54,16,2,35.750054260876965,0.6769508690697913,0.682842712474619,0,1758.001953125
49224,5,149,54,17,2,29.662905109945875,0.6905674076761594,0.613407053921902,0,1758.001953125
49224,5,149,54,18,2,28.527683935414032,-0.2156879451639045,0.613407053921902,0,1758.001953125
49224,5,149,54,19,2,27.988218760046827,-0.09322701831169639,0.8513997106635237,0,1758.001953125
49224,5,149,54,20,2,23.01463855696197,-0.11345292378168348,0.682842712474619,0,1758.001953125
49224,5,149,54,21,2,32.969792095384435,-0.07910877247306052,0.682842712474619,0,1758.001953125
49224,5,149,54,22,2,25.366899449153415,-0.004158194353740423,0.848528137423857,0,1758.001953125
49224,5,149,54,23,2,30.366863340096497,-0.003473536434166855,0.848528137423857,0,1758.001953125
49224,5,149,54,24,2,19.514149352452872,0.12301688801404904,0.613407053921902,0,1758.001953125
49224,5,149,54,25,2,22.99171124485262,0.10433628823149037,0.8513997106635237,0,1758.001953125
49224,5,149,54,26,2,27.969368734730484,0.08571715025743917,0.848528137423857,0,1758.001953125
49224,5,149,54,27,2,32.95379172222759,0.0727270472473143,0.8513997106635237,0,1758.001953125
49224,5,149,54,28,2,36.44542700928062,0.06574887689790006,0.613407053921902,0,1758.001953125
49224,5,149,54,29,2,25.834565715771998,0.1906083321838121,0.848528137423857,0,1758.001953125
49224,5,149,54,30,2,30.75860184038245,0.15980618331661683,0.848528137423857,0,1758.001953125
49224,5,149,54,31,2,24.032560912765092,0.3127617224755916,0.682842712474619,0,1758.001953125
49224,5,149,54,32,2,28.831073262686584,0.25937596222646675,0.8513997106635237,0,1758.001953125
49224,5,149,54,33,2,33.688241078023616,0.22130044812481844,0.682842712474619,0,1758.001953125
49224,5,149,54,34,2,29.920602001292664,0.37268167232402466,0.613407053921902,0,1758.001953125
49224,5,149,54,35,2,40.95012580882299,1.6229154826226029,0.613407053921902,0,1758.001953125
49224,5,149,54,36,2,37.455322253547266,1.6277835542166263,0.8513997106635237,0,1758.001953125
49224,5,149,54,37,2,37.50423931463895,1.4942855379910227,0.682842712474619,0,1758.001953125
49224,5,149,54,38,2,38.068810904261724,1.7592901751384673,0.682842712474619,0,1758.001953125
49224,5,149,54,39,2,34.896446335033176,1.560288469070187,0.848528137423857,0,1758.001953125
49224,5,149,54,40,2,35.20078359015909,1.7028048701428344,0.848528137423857,0,1758.001953125
49224,5,149,54,41,2,33.014232226836256,1.3767340175340836,0.613407053921902,0,1758.001953125
49224,5,149,54,42,2,32.521112657943114,1.4825334919953383,0.8513997106635237,0,1758.001953125
49224,5,149,54,43,2,32.46468800185813,1.6365557189377995,0.848528137423857,0,1758.001953125
49224,5,149,54,44,2,33.17060695262229,1.7875387624429446,0.8513997106635237,0,1758.001953125
49224,5,149,54,45,2,34.095049561314745,1.8879598742552273,0.613407053921902,0,1758.001953125
49224,5,149,54,46,2,29.896768533652068,1.5585311437339635,0.848528137423857,0,1758.001953125
49224,5,149,54,47,2,30.251445705984562,1.724561823706973,0.848528137423857,0,1758.001953125
49224,5,149,54,48,2,27.54410228073418,1.466531510670496,0.682842712474619,0,1758.001953125
49224,5,149,54,49,2,27.477459289368603,1.6485134428770083,0.8513997106635237,0,1758.001953125
49224,5,149,54,50,2,28.30801949176721,1.8255317359414622,0.682842712474619,0,1758.001953125
49224,5,149,54,51,2,23.98956294636381,1.6598409514192574,0.613407053921902,0,1758.001953125
49224,5,149,54,52,,,,,0,1758.001953125
49224,5,149,54,53,2,8.223039681819147,0.2954772291049628,0.682842712474619,0,1758.001953125
49224,5,149,54,54,2,3.735181408731791,0.6958940868466156,0.765685424949238,1,1758.001953125
49224,5,149,54,55,2,3.2069890401276533,2.298570810270235,0.682842712474619,0,1758.001953125
49224,5,149,54,56,2,7.26344132708422,0.7394164527758528,0.848528137423857,0,1758.001953125
49224,5,149,54,57,2,4.908235778704835,1.4960195425642977,0.848528137423857,0,1758.001953125
49224,5,149,54,58,2,13.560248548042917,0.576757194628538,0.613407053921902,0,1758.001953125
49224,5,149,54,59,2,10.796461441965805,0.7544694174885328,0.8513997106635237,0,1758.001953125
49224,5,149,54,60,2,7.930748906327676,1.2009587557499222,0.848528137423857,0,1758.001953125
49224,5,149,54,61,2,7.69610140022732,1.8516696692541021,0.8513997106635237,0,1758.001953125
49224,5,149,54,62,2,9.295870897647795,2.221821707492845,0.613407053921902,0,1758.001953125
49224,5,149,54,63,2,11.256232849895964,1.073815154542745,0.848528137423857,0,1758.001953125
49224,5,149,54,64,2,9.901311858457964,1.5337543652859347,0.848528137423857,0,1758.001953125
49224,5,149,54,65,2,14.68021722342474,1.0052591114268525,0.682842712474619,0,1758.001953125
49224,5,149,54,66,2,12.721712788547762,1.343506799109484,0.8513997106635237,0,1758.001953125
49224,5,149,54,67,2,12.57677123993527,1.7412442617643575,0.682842712474619,0,1758.001953125
49224,5,149,54,68,2,16.150963281354368,1.3923580869398475,0.613407053921902,0,1758.001953125
49224,5,150,56,1,2,41.67928204700769,0.9231481798007579,0.613407053921902,0,1758.1180419921875
49224,5,150,56,2,2,36.19129101857383,0.9919227243564983,0.682842712474619,0,1758.1180419921875
49224,5,150,56,3,2,38.71983140172951,0.8766294567510322,0.8513997106635237,0,1758.1180419921875
49224,5,150,56,4,2,41.69701598394799,0.7766145449235822,0.682842712474619,0,1758.1180419921875
49224,5,150,56,5,2,35.26063380014362,0.8964058177475531,0.848528137423857,0,1758.1180419921875
49224,5,150,56,6,2,38.18020552819336,0.7857218435414036,0.848528137423857,0,1758.1180419921875
49224,5,150,56,7,2,30.15888243065755,1.0199942229824364,0.613407053921902,0,1758.1180419921875
49224,5,150,56,8,2,31.818221952166084,0.9204725733393779,0.8513997106635237,0,1758.1180419921875
49224,5,150,56,9,2,34.66720419048181,0.7966759867984263,0.848528137423857,0,1758.1180419921875
49224,5,150,56,10,2,37.96354625916572,0.6929980711195683,0.8513997106635237,0,1758.1180419921875
49224,5,150,56,11,2,40.47927745529673,0.6309153054081367,0.613407053921902,0,1758.1180419921875
49224,5,150,56,12,2,31.159300354693976,0.8100984844289227,0.848528137423857,0,1758.1180419921875
49224,5,150,56,13,2,34.42844458846911,0.694527211176294,0.848528137423857,0,1758.1180419921875
49224,5,150,56,14,2,27.658433628886232,0.8269225913825561,0.682842712474619,0,1758.1180419921875
49224,5,150,56,15,2,30.8934418443585,0.6964063022504623,0.8513997106635237,0,1758.1180419921875
49224,5,150,56,16,2,34.55170831055994,0.5920357845673694,0.682842712474619,0,1758.1180419921875
49224,5,150,56,17,2,28.477491828022732,0.6110009901038712,0.613407053921902,0,1758.1180419921875
49224,5,150,56,18,2,27.172262549028986,-0.33972242289046317,0.613407053921902,0,1758.1180419921875
49224,5,150,56,19,2,26.58512855355457,-0.21125704838451229,0.8513997106635237,0,1758.1180419921875
49224,5,150,56,20,2,21.61835474826349,-0.23526180622933146,0.682842712474619,0,1758.1180419921875
49224,5,150,56,21,2,31.56239627145376,-0.19481606251000308,0.682842712474619,0,1758.1180419921875
49224,5,150,56,22,2,23.94298038700057,-0.1181074854021009,0.848528137423857,0,1758.1180419921875
49224,5,150,56,23,2,28.942738432973993,-0.11623894573714116,0.848528137423857,0,1758.1180419921875
49224,5,150,56,24,2,18.08099833207465,0.016972319925490587,0.613407053921902,0,1758.1180419921875
49224,5,150,56,25,2,21.558375620986972,-0.0031513199121768753,0.8513997106635237,0,1758.1180419921875
49224,5,150,56,26,2,26.53637800459628,-0.022739212645368406,0.848528137423857,0,1758.1180419921875
49224,5,150,56,27,2,31.521344447692538,-0.03613549326290337,0.8513997106635237,0,1758.1180419921875
49224,5,150,56,28,2,35.01337193874872,-0.043242400554036275,0.613407053921902,0,1758.1180419921875
49224,5,150,56,29,2,24.406486990267418,0.08820458781674088,0.848528137423857,0,1758.1180419921875
49224,5,150,56,30,2,29.327332053791537,0.05508047339160281,0.848528137423857,0,1758.1180419921875
49224,5,150,56,31,2,22.63125840092336,0.21839296037425376,0.682842712474619,0,1758.1180419921875
49224,5,150,56,32,2,27.415135509360884,0.16000571046701312,0.8513997106635237,0,1758.1180419921875
49224,5,150,56,33,2,32.26461611710073,0.1190631709226423,0.682842712474619,0,1758.1180419921875
49224,5,150,56,34,2,28.539917014109893,0.2785635351913831,0.613407053921902,0,1758.1180419921875
49224,5,150,56,35,2,40.89613500578676,1.5506265063057325,0.613407053921902,0,1758.1180419921875
49224,5,150,56,36,2,37.410648888195965,1.5587670340860862,0.8513997106635237,0,1758.1180419921875
49224,5,150,56,37,2,37.26892067692776,1.4248150428775912,0.682842712474619,0,1758.1180419921875
49224,5,150,56,38,2,38.211789437929,1.6893946117721794,0.682842712474619,0,1758.1180419921875
49224,5,150,56,39,2,34.757148914037906,1.4939617553713629,0.848528137423857,0,1758.1180419921875
49224,5,150,56,40,2,35.26533145236764,1.6361570088751736,0.848528137423857,0,1758.1180419921875
49224,5,150,56,41,2,32.617529179268224,1.3114188147517853,0.613407053921902,0,1758.1180419921875
49224,5,150,56,42,2,32.273242028487545,1.418822351846771,0.8513997106635237,0,1758.1180419921875
49224,5,150,56,43,2,32.436805527703854,1.5734295830854803,0.848528137423857,0,1758.1180419921875
49224,5,150,56,44,2,33.35761614166731,1.722972458196939,0.8513997106635237,0,1758.1180419921875
49224,5,150,56,45,2,34.42222386662059,1.8214063312090378,0.613407053921902,0,1758.1180419921875
49224,5,150,56,46,2,29.759857244933276,1.4990780438386113,0.848528137423857,0,1758.1180419921875
49224,5,150,56,47,2,30.351825399002806,1.66446145101297,0.848528137423857,0,1758.1180419921875
49224,5,150,56,48,2,27.279146864143975,1.4106350618937236,0.682842712474619,0,1758.1180419921875
49224,5,150,56,49,2,27.472459945339445,1.5933969347125223,0.8513997106635237,0,1758.1180419921875
49224,5,150,56,50,2,28.553813357606447,1.7679142818485392,0.682842712474619,0,1758.1180419921875
49224,5,150,56,51,2,24.006225177495548,1.612282485929053,0.613407053921902,0,1758.1180419921875
49224,5,150,56,52,,,,,0,1758.1180419921875
49224,5,150,56,53,2,6.8202760100891675,0.22751219248861126,0.6466890965784271,0,1758.1180419921875
49224,5,150,56,54,,,,,0,1758.1180419921875
49224,5,150,56,55,2,4.20530242423611,2.472270681963476,0.6466890965784271,0,1758.1180419921875
49224,5,150,56,56,2,6.1655019631064345,0.7699229764797134,0.848528137423857,1,1758.1180419921875
49224,5,150,56,57,2,4.857737772854093,1.683150366153459,0.848528137423857,0,1758.1180419921875
49224,5,150,56,58,2,12.299086184699892,0.5222146331058402,0.613407053921902,0,1758.1180419921875
49224,5,150,56,59,2,9.691566552812638,0.7364688371332089,0.8513997106635237,0,1758.1180419921875
49224,5,150,56,60,2,7.383133756091704,1.2669896573806483,0.848528137423857,0,1758.1180419921875
49224,5,150,56,61,2,8.068138934914602,1.9202689659329155,0.8513997106635237,0,1758.1180419921875
49224,5,150,56,62,2,10.11206245738256,2.2361336440908666,0.613407053921902,0,1758.1180419921875
49224,5,150,56,63,2,10.508268737088338,1.0790078974406418,0.848528137423857,0,1758.1180419921875
49224,5,150,56,64,2,9.798362805265596,1.5717364622053795,0.848528137423857,0,1758.1180419921875
49224,5,150,56,65,2,13.832453131725966,0.9790955346374661,0.682842712474619,0,1758.1180419921875
49224,5,150,56,66,2,12.32562215282213,1.346278898211859,0.8513997106635237,0,1758.1180419921875
49224,5,150,56,67,2,12.747751302362458,1.7464046221392482,0.682842712474619,0,1758.1180419921875
49224,5,150,56,68,2,15.80690259443003,1.3721788924144294,0.613407053921902,0,1758.1180419921875
49224,5,151,59,1,2,38.24719121334486,0.29038871996704885,0.613407053921902,0,1758.4019775390625
49224,5,151,59,2,2,32.88995361313287,0.3728547060622188,0.682842712474619,0,1758.4019775390625
49224,5,151,59,3,2,35.21588353894689,0.24271093618542905,0.8513997106635237,0,1758.4019775390625
49224,5,151,59,4,2,38.06005594035969,0.13032676467499804,0.682842712474619,0,1758.4019775390625
49224,5,151,59,5,2,31.79056541525665,0.26888957585445217,0.848528137423857,0,1758.4019775390625
49224,5,151,59,6,2,34.55502067972686,0.14310458638285606,0.848528137423857,0,1758.4019775390625
49224,5,151,59,7,2,26.925546644153897,0.4163595748071728,0.613407053921902,0,1758.4019775390625
49224,5,151,59,8,2,28.392281440820398,0.3013618042296228,0.8513997106635237,0,1758.4019775390625
49224,5,151,59,9,2,31.05690020219972,0.15876394864291843,0.848528137423857,0,1758.4019775390625
49224,5,151,59,10,2,34.24821827371508,0.04067416520272915,0.8513997106635237,0,1758.4019775390625
49224,5,151,59,11,2,36.722976979709564,-0.029128735804537342,0.613407053921902,0,1758.4019775390625
49224,5,151,59,12,2,27.568326865488864,0.17839235122798147,0.848528137423857,0,1758.4019775390625
49224,5,151,59,13,2,30.715176231255352,0.04476613945387087,0.848528137423857,0,1758.4019775390625
49224,5,151,59,14,2,24.093448116769775,0.20369480027797515,0.682842712474619,0,1758.4019775390625
49224,5,151,59,15,2,27.182782177512948,0.049921721253567086,0.8513997106635237,0,1758.4019775390625
49224,5,151,59,16,2,30.778451092684218,-0.07026754730082374,0.682842712474619,0,1758.4019775390625
49224,5,151,59,17,2,24.712637751333254,-0.04578442716570741,0.613407053921902,0,1758.4019775390625
49224,5,151,59,18,2,24.81908243845597,-1.1271449483716889,0.613407053921902,0,1758.4019775390625
49224,5,151,59,19,2,23.857410491676745,-0.9887357687622824,0.8513997106635237,0,1758.4019775390625
49224,5,151,59,20,2,18.99385770752558,-1.0432405427767972,0.682842712474619,0,1758.4019775390625
49224,5,151,59,21,2,28.767784762178096,-0.9527591835042009,0.682842712474619,0,1758.4019775390625
49224,5,151,59,22,2,20.982970109607624,-0.896697643992616,0.848528137423857,0,1758.4019775390625
49224,5,151,59,23,2,25.95562442661177,-0.8743202447757471,0.848528137423857,0,1758.4019775390625
49224,5,151,59,24,2,14.841073092763851,-0.7760531863080679,0.613407053921902,0,1758.4019775390625
49224,5,151,59,25,2,18.341047785582106,-0.7768599111219979,0.8513997106635237,0,1758.4019775390625
49224,5,151,59,26,2,23.341024798145536,-0.7775926896773319,0.848528137423857,0,1758.4019775390625
49224,5,151,59,27,2,28.341009921706807,-0.778066911514793,0.8513997106635237,0,1758.4019775390625
49224,5,151,59,28,2,31.841002288095936,-0.7783102511020195,0.613407053921902,0,1758.4019775390625
49224,5,151,59,29,2,20.997915084121193,-0.6579282641221631,0.848528137423857,0,1758.4019775390625
49224,5,151,59,30,2,25.967707689255185,-0.6814302628788768,0.848528137423857,0,1758.4019775390625
49224,5,151,59,31,2,19.02686093742958,-0.5109525503471724,0.682842712474619,0,1758.4019775390625
49224,5,151,59,32,2,23.883694058644327,-0.5666854793868455,0.8513997106635237,0,1758.4019775390625
49224,5,151,59,33,2,28.789585732371368,-0.6035082863219509,0.682842712474619,0,1758.4019775390625
49224,5,151,59,34,2,24.862019712171744,-0.42866989517433646,0.613407053921902,0,1758.4019775390625
49224,5,151,59,35,2,39.13346413488395,0.9615105170704651,0.613407053921902,0,1758.4019775390625
49224,5,151,59,36,2,35.689477901963684,0.9781988367903488,0.8513997106635237,0,1758.4019775390625
49224,5,151,59,37,2,35.101969142334355,0.8377972651649342,0.682842712474619,0,1758.4019775390625
49224,5,151,59,38,2,36.950364384673065,1.1115339505145805,0.682842712474619,0,1758.4019775390625
49224,5,151,59,39,2,32.82727271130569,0.9175523162135092,0.848528137423857,0,1758.4019775390625
49224,5,151,59,40,2,33.82632745226411,1.0647055483322996,0.848528137423857,0,1758.4019775390625
49224,5,151,59,41,2,30.119054064468273,0.7293554055856132,0.613407053921902,0,1758.4019775390625
49224,5,151,59,42,2,30.10848442565842,0.8456462963886803,0.8513997106635237,0,1758.4019775390625
49224,5,151,59,43,2,30.791418116992872,1.0085014081366723,0.848528137423857,0,1758.4019775390625
49224,5,151,59,44,2,32.24441075443678,1.160481819385053,0.8513997106635237,0,1758.4019775390625
49224,5,151,59,45,2,33.66846360576305,1.2575554249657719,0.613407053921902,0,1758.4019775390625
49224,5,151,59,46,2,27.87476332461242,0.9402800711817599,0.848528137423857,0,1758.4019775390625
49224,5,151,59,47,2,29.044672930651483,1.1113346380469102,0.848528137423857,0,1758.4019775390625
49224,5,151,59,48,2,25.117592065141082,0.8566154668133369,0.682842712474619,0,1758.4019775390625
49224,5,151,59,49,2,25.93229697493455,1.0502112127454564,0.8513997106635237,0,1758.4019775390625
49224,5,151,59,50,2,27.641899747332147,1.2259335775646507,0.682842712474619,0,1758.4019775390625
49224,5,151,59,51,2,22.56756176716274,1.0900467044687132,0.613407053921902,0,1758.4019775390625
49224,5,151,59,52,,,,,0,1758.4019775390625
49224,5,151,59,53,2,3.341529531380839,-0.7615036441962801,0.5052677403411177,0,1758.4019775390625
49224,5,151,59,54,,,,,0,1758.4019775390625
49224,5,151,59,55,2,6.659355081373339,2.3518904545586423,0.6466890965784271,0,1758.4019775390625
49224,5,151,59,56,,,,,0,1758.4019775390625
49224,5,151,59,57,2,4.885224059014173,1.8090783661383019,0.848528137423857,0,1758.4019775390625
49224,5,151,59,58,2,8.51057026271534,-0.1431683765976911,0.613407053921902,0,1758.4019775390625
49224,5,151,59,59,2,6.065741740988285,0.20720705501399983,0.7685569981889047,1,1758.4019775390625
49224,5,151,59,60,2,5.327646583035414,1.1071875784101373,0.848528137423857,0,1758.4019775390625
49224,5,151,59,61,2,8.365071031323659,1.7112649645992604,0.8513997106635237,0,1758.4019775390625
49224,5,151,59,62,2,11.35067531166508,1.8989873656751497,0.613407053921902,0,1758.4019775390625
49224,5,151,59,63,2,7.609350965797735,0.679775358158834,0.848528137423857,0,1758.4019775390625
49224,5,151,59,64,2,8.63092216197367,1.293313413598245,0.848528137423857,0,1758.4019775390625
49224,5,151,59,65,2,10.6028593373507,0.4699556664206258,0.682842712474619,0,1758.4019775390625
49224,5,151,59,66,2,10.198589185421985,0.9539172126340484,0.8513997106635237,0,1758.4019775390625
49224,5,151,59,67,2,12.066557778354504,1.3751095192104619,0.682842712474619,0,1758.4019775390625
49224,5,151,59,68,2,13.663835612832159,0.9122357407711325,0.613407053921902,0,1758.4019775390625
49224,5,152,58,1,2,35.721614838894716,0.30607534238903855,0.613407053921902,0,1758.7020263671875
49224,5,152,58,2,2,30.441256609716635,0.3989245884855932,0.682842712474619,0,1758.7020263671875
49224,5,152,58,3,2,32.655962796925664,0.2566265963001697,0.8513997106635237,0,1758.7020263671875
49224,5,152,58,4,2,35.442258793843386,0.13451605843425007,0.682842712474619,0,1758.7020263671875
49224,5,152,58,5,2,29.249976149157753,0.28731077143202266,0.848528137423857,0,1758.7020263671875
49224,5,152,58,6,2,31.94218068544904,0.1493602168505127,0.848528137423857,0,1758.7020263671875
49224,5,152,58,7,2,24.52837217810221,0.4542849118100869,0.613407053921902,0,1758.7020263671875
49224,5,152,58,8,2,25.87876162528651,0.32603420393490845,0.8513997106635237,0,1758.7020263671875
49224,5,152,58,9,2,28.45087178759164,0.16785248563652233,0.848528137423857,0,1758.7020263671875
49224,5,152,58,10,2,31.61002859362127,0.03853016712612156,0.8513997106635237,0,1758.7020263671875
49224,5,152,58,11,2,34.08464711920101,-0.03689372245825673,0.613407053921902,0,1758.7020263671875
49224,5,152,58,12,2,24.972010411780676,0.19150716150185787,0.848528137423857,0,1758.7020263671875
49224,5,152,58,13,2,28.077448356673344,0.04338016838411274,0.848528137423857,0,1758.7020263671875
49224,5,152,58,14,2,21.511636444914807,0.22279456233231465,0.682842712474619,0,1758.7020263671875
49224,5,152,58,15,2,24.54571866443847,0.0496260264210312,0.8513997106635237,0,1758.7020263671875
49224,5,152,58,16,2,28.146653566087377,-0.08244459241495716,0.682842712474619,0,1758.7020263671875
49224,5,152,58,17,2,22.07646811085534,-0.056981892733460215,0.613407053921902,0,1758.7020263671875
49224,5,152,58,18,2,23.818338373281094,-1.2327778910357667,0.613407053921902,0,1758.7020263671875
49224,5,152,58,19,2,22.52632023585444,-1.0922334681194996,0.8513997106635237,0,1758.7020263671875
49224,5,152,58,20,2,17.82395301701306,-1.1770659802353665,0.682842712474619,0,1758.7020263671875
49224,5,152,58,21,2,27.334536864264617,-1.0369551515782125,0.682842712474619,0,1758.7020263671875
49224,5,152,58,22,2,19.4562098729579,-1.0084545909314606,0.848528137423857,0,1758.7020263671875
49224,5,152,58,23,2,24.35746096858539,-0.9630287064259925,0.848528137423857,0,1758.7020263671875
49224,5,152,58,24,2,13.099001500954204,-0.9235547381208181,0.613407053921902,0,1758.7020263671875
49224,5,152,58,25,2,16.572661279133893,-0.894464975203992,0.8513997106635237,0,1758.7020263671875
49224,5,152,58,26,2,21.549823760032933,-0.8692056617978535,0.848528137423857,0,1758.7020263671875
49224,5,152,58,27,2,26.535574354139314,-0.8534311062568803,0.8513997106635237,0,1758.7020263671875
49224,5,152,58,28,2,30.02841933660444,-0.8455069513688958,0.613407053921902,0,1758.7020263671875
49224,5,152,58,29,2,18.986940336473364,-0.7487297286028908,0.848528137423857,0,1758.7020263671875
49224,5,152,58,30,2,23.98428038437625,-0.7563714175789,0.848528137423857,0,1758.7020263671875
49224,5,152,58,31,2,16.78132600818894,-0.5937745760119078,0.682842712474619,0,1758.7020263671875
49224,5,152,58,32,2,21.710704843663983,-0.6376491803594682,0.8513997106635237,0,1758.7020263671875
49224,5,152,58,33,2,26.666392838632504,-0.6652543888428218,0.682842712474619,0,1758.7020263671875
49224,5,152,58,34,2,22.493922852913965,-0.4831326143614268,0.613407053921902,0,1758.7020263671875
49224,5,152,58,35,2,37.673393215115055,1.0136891292289898,0.613407053921902,0,1758.7020263671875
49224,5,152,58,36,2,34.2733525619617,1.0368018744938148,0.8513997106635237,0,1758.7020263671875
49224,5,152,58,37,2,33.38269758500806,0.8912181972024991,0.682842712474619,0,1758.7020263671875
49224,5,152,58,38,2,35.84579324859405,1.1723179464204334,0.682842712474619,0,1758.7020263671875
49224,5,152,58,39,2,31.28184292180062,0.9792442473721363,0.848528137423857,0,1758.7020263671875
49224,5,152,58,40,2,32.616129359085996,1.130244757854421,0.848528137423857,0,1758.7020263671875
49224,5,152,58,41,2,28.195991893933993,0.7863183843442356,0.613407053921902,0,1758.7020263671875
49224,5,152,58,42,2,28.415571388446303,0.9098038275632883,0.8513997106635237,0,1758.7020263671875
49224,5,152,58,43,2,29.45679709534477,1.0790388854349955,0.848528137423857,0,1758.7020263671875
49224,5,152,58,44,2,31.272369480113525,1.232684783481136,0.8513997106635237,0,1758.7020263671875
49224,5,152,58,45,2,32.93769620586468,1.3286398448866994,0.613407053921902,0,1758.7020263671875
49224,5,152,58,46,2,26.39306529874832,1.0157448822793436,0.848528137423857,0,1758.7020263671875
49224,5,152,58,47,2,27.961618222993042,1.1907302214821711,0.848528137423857,0,1758.7020263671875
49224,5,152,58,48,2,23.46241455203776,0.936249318850412,0.682842712474619,0,1758.7020263671875
49224,5,152,58,49,2,24.71321699811858,1.1376310938361218,0.8513997106635237,0,1758.7020263671875
49224,5,152,58,50,2,26.851467225843002,1.3133108400594968,0.682842712474619,0,1758.7020263671875
49224,5,152,58,51,2,21.46208829289328,1.1939212309333405,0.613407053921902,0,1758.7020263671875
49224,5,152,58,52,,,,,0,1758.7020263671875
49224,5,152,58,53,2,2.3297414504994483,-1.671070444008763,0.43175884674785275,0,1758.7020263671875
49224,5,152,58,54,,,,,0,1758.7020263671875
49224,5,152,58,55,2,8.714590684307723,-3.718467088668092,0.6466890965784271,0,1758.7020263671875
49224,5,152,58,56,,,,,0,1758.7020263671875
49224,5,152,58,57,2,6.0658793478702195,2.241208859285422,0.848528137423857,0,1758.7020263671875
49224,5,152,58,58,2,5.912423995054265,-0.21429907828478878,0.4815389220537701,1,1758.7020263671875
49224,5,152,58,59,,,,,0,1758.7020263671875
49224,5,152,58,60,2,4.75874917712774,1.6198316412342273,0.848528137423857,0,1758.7020263671875
49224,5,152,58,61,2,9.105157412985115,1.9975519587861672,0.8513997106635237,0,1758.7020263671875
49224,5,152,58,62,2,12.443256405151123,2.0964433972768166,0.613407053921902,0,1758.7020263671875
49224,5,152,58,63,2,5.787615674758428,0.9635879965459258,0.848528137423857,0,1758.7020263671875
49224,5,152,58,64,2,8.29184496859012,1.5989323974869858,0.848528137423857,0,1758.7020263671875
49224,5,152,58,65,2,8.32750242669463,0.6074392738975147,0.6466890965784271,0,1758.7020263671875
49224,5,152,58,66,2,8.9221911238792,1.191660142265985,0.8513997106635237,0,1758.7020263671875
49224,5,152,58,67,2,11.826398109122346,1.5905233966798356,0.682842712474619,0,1758.7020263671875
49224,5,152,58,68,2,12.215864887726092,1.0781944161208963,0.613407053921902,0,1758.7020263671875
49224,5,153,60,1,2,33.213839416599626,0.330027519300796,0.613407053921902,0,1758.9019775390625
49224,5,153,60,2,2,28.02731473607239,0.43551975190786485,0.682842712474619,0,1758.9019775390625
49224,5,153,60,3,2,30.109875291419932,0.2788825487059725,0.8513997106635237,0,1758.9019775390625
49224,5,153,60,4,2,32.82801865502791,0.14530092102111303,0.682842712474619,0,1758.9019775390625
49224,5,153,60,5,2,26.72866217376553,0.31530289544201917,0.848528137423857,0,1758.9019775390625
49224,5,153,60,6,2,29.33420529602403,0.16275225008601024,0.848528137423857,0,1758.9019775390625
49224,5,153,60,7,2,22.186397184056453,0.5065240387363257,0.613407053921902,0,1758.9019775390625
49224,5,153,60,8,2,23.393122346828953,0.3621872502530574,0.8513997106635237,0,1758.9019775390625
49224,5,153,60,9,2,25.85173866268395,0.18491363656743787,0.848528137423857,0,1758.9019775390625
49224,5,153,60,10,2,28.972169587963347,0.04203978810541853,0.8513997106635237,0,1758.9019775390625
49224,5,153,60,11,2,31.446598603962055,-0.039990736620220346,0.613407053921902,0,1758.9019775390625
49224,5,153,60,12,2,22.38591484434201,0.21395532810300355,0.848528137423857,0,1758.9019775390625
49224,5,153,60,13,2,25.440192651946095,0.047879927964120994,0.848528137423857,0,1758.9019775390625
49224,5,153,60,14,2,18.945869601381613,0.2535876730804538,0.682842712474619,0,1758.9019775390625
49224,5,153,60,15,2,21.90936315146006,0.05560275593163211,0.8513997106635237,0,1758.9019775390625
49224,5,153,60,16,2,25.5165517351494,-0.09096544354463354,0.682842712474619,0,1758.9019775390625
49224,5,153,60,17,2,19.44133881644341,-0.06471620000262834,0.613407053921902,0,1758.9019775390625
49224,5,153,60,18,2,23.077670654119046,-1.3409115641859515,0.613407053921902,0,1758.9019775390625
49224,5,153,60,19,2,21.439062982014725,-1.2017583450839062,0.8513997106635237,0,1758.9019775390625
49224,5,153,60,20,2,16.98703042903009,-1.3210846084079186,0.682842712474619,0,1758.9019775390625
49224,5,153,60,21,2,26.09037447597857,-1.1241733286225553,0.682842712474619,0,1758.9019775390625
49224,5,153,60,22,2,18.186324842099634,-1.131575683506668,0.848528137423857,0,1758.9019775390625
49224,5,153,60,23,2,22.952486357960662,-1.0575927318510723,0.848528137423857,0,1758.9019775390625
49224,5,153,60,24,2,11.698266873898307,-1.1045739790294051,0.613407053921902,0,1758.9019775390625
49224,5,153,60,25,2,15.061586934249208,-1.0315913041877383,0.8513997106635237,0,1758.9019775390625
49224,5,153,60,26,2,19.948073083081145,-0.9704651344416608,0.848528137423857,0,1758.9019775390625
49224,5,153,60,27,2,24.879707363189514,-0.9334754006982366,0.8513997106635237,0,1758.9019775390625
49224,5,153,60,28,2,28.346107168409326,-0.9152569368572412,0.613407053921902,0,1758.9019775390625
49224,5,153,60,29,2,17.147437401650507,-0.8537240964721312,0.848528137423857,0,1758.9019775390625
49224,5,153,60,30,2,22.138401663027135,-0.8383029347554142,0.848528137423857,0,1758.9019775390625
49224,5,153,60,31,2,14.667774171942341,-0.6946473904744083,0.682842712474619,0,1758.9019775390625
49224,5,153,60,32,2,19.652425242424886,-0.7177055653879864,0.8513997106635237,0,1758.9019775390625
49224,5,153,60,33,2,24.643295977995695,-0.7314290847161702,0.682842712474619,0,1758.9019775390625
49224,5,153,60,34,2,20.19337407755092,-0.5439046182800604,0.613407053921902,0,1758.9019775390625
49224,5,153,60,35,2,36.34666742939192,1.0753787623502622,0.613407053921902,0,1758.9019775390625
49224,5,153,60,36,2,33.007964107106226,1.1057019297854873,0.8513997106635237,0,1758.9019775390625
49224,5,153,60,37,2,31.78993414975899,0.9558585219837936,0.682842712474619,0,1758.9019775390625
49224,5,153,60,38,2,34.906324294402765,1.2420797663263674,0.682842712474619,0,1758.9019775390625
49224,5,153,60,39,2,29.890077028680217,1.0526250739594745,0.848528137423857,0,1758.9019775390625
49224,5,153,60,40,2,31.580729662730036,1.2059300301919686,0.848528137423857,0,1758.9019775390625
49224,5,153,60,41,2,26.397152653077196,0.8571605238003346,0.613407053921902,0,1758.9019775390625
49224,5,153,60,42,2,26.875783059566107,0.9874222148986254,0.8513997106635237,0,1758.9019775390625
49224,5,153,60,43,2,28.306068188903602,1.1613460337955397,0.848528137423857,0,1758.9019775390625
49224,5,153,60,44,2,30.498512710702148,1.3144362765205584,0.8513997106635237,0,1758.9019775390625
49224,5,153,60,45,2,32.40613096992389,1.4078114606292915,0.613407053921902,0,1758.9019775390625
49224,5,153,60,46,2,25.102280904317926,1.1052448636955632,0.848528137423857,0,1758.9019775390625
49224,5,153,60,47,2,27.09336243158616,1.2813413282574924,0.848528137423857,0,1758.9019775390625
49224,5,153,60,48,2,22.000352653621444,1.0330391720203418,0.682842712474619,0,1758.9019775390625
49224,5,153,60,49,2,23.726384008814073,1.238795149174494,0.8513997106635237,0,1758.9019775390625
49224,5,153,60,50,2,26.303366312768944,1.4105222188349147,0.682842712474619,0,1758.9019775390625
49224,5,153,60,51,2,20.637023995889077,1.3131506280779546,0.613407053921902,0,1758.9019775390625
49224,5,153,60,52,,,,,0,1758.9019775390625
49224,5,153,60,53,2,3.691712980168755,-2.4627318125301665,0.39440356905077983,0,1758.9019775390625
49224,5,153,60,54,,,,,0,1758.9019775390625
49224,5,153,60,55,2,11.02181052404488,-3.5874531698589633,0.6466890965784271,0,1758.9019775390625
49224,5,153,60,56,,,,,0,1758.9019775390625
49224,5,153,60,57,2,7.9789420159268385,-3.7797208417536643,0.848528137423857,0,1758.9019775390625
49224,5,153,60,58,,,,,0,1758.9019775390625
49224,5,153,60,59,,,,,0,1758.9019775390625
49224,5,153,60,60,2,5.553982729456297,2.1145260049696377,0.848528137423857,1,1758.9019775390625
49224,5,153,60,61,2,10.477237489390932,2.228988774003863,0.8513997106635237,0,1758.9019775390625
49224,5,153,60,62,2,13.956022079521757,2.2608109385144965,0.613407053921902,0,1758.9019775390625
49224,5,153,60,63,2,4.798951200489018,1.4323484042415304,0.848528137423857,0,1758.9019775390625
49224,5,153,60,64,2,8.77244058826704,1.9044878956728153,0.848528137423857,0,1758.9019775390625
49224,5,153,60,65,2,6.34138321584898,0.8473496043371171,0.6466890965784271,0,1758.9019775390625
49224,5,153,60,66,2,8.314981800355978,1.4910642645566583,0.8513997106635237,0,1758.9019775390625
49224,5,153,60,67,2,12.168184071185443,1.8091782977102635,0.682842712474619,0,1758.9019775390625
49224,5,153,60,68,2,11.211309516156344,1.2871913467856813,0.613407053921902,0,1758.9019775390625
49224,5,154,57,1,2,33.872528050366235,-2.057516417546055,0.613407053921902,0,1760.0179443359375
49224,5,154,57,2,2,28.49267550217168,-1.9647069160672685,0.682842712474619,0,1760.0179443359375
49224,5,154,57,3,2,30.870208547196373,-2.113154466784896,0.8513997106635237,0,1760.0179443359375
49224,5,154,57,4,2,33.82465068885025,-2.238067194349741,0.682842712474619,0,1760.0179443359375
49224,5,154,57,5,2,27.428260352341542,-2.0853829768027836,0.848528137423857,0,1760.0179443359375
49224,5,154,57,6,2,30.305885310136922,-2.2273249174963574,0.848528137423857,0,1760.0179443359375
49224,5,154,57,7,2,22.53004889545353,-1.9132845766894184,0.613407053921902,0,1760.0179443359375
49224,5,154,57,8,2,24.01352027846534,-2.0496787721264926,0.8513997106635237,0,1760.0179443359375
49224,5,154,57,9,2,26.791535503580377,-2.213762502865344,0.848528137423857,0,1760.0179443359375
49224,5,154,57,10,2,30.148359708530574,-2.3442413520027703,0.8513997106635237,0,1760.0179443359375
49224,5,154,57,11,2,32.748582351724615,-2.4188197289648166,0.613407053921902,0,1760.0179443359375
49224,5,154,57,12,2,23.283600770672113,-2.196109317078654,0.848528137423857,0,1760.0179443359375
49224,5,154,57,13,2,26.613216328046196,-2.3460964835629907,0.848528137423857,0,1760.0179443359375
49224,5,154,57,14,2,19.785493550995334,-2.1722041041767906,0.682842712474619,0,1760.0179443359375
49224,5,154,57,15,2,23.07819259673122,-2.348519948746265,0.8513997106635237,0,1760.0179443359375
49224,5,154,57,16,2,26.90241981694512,-2.477881833846839,0.682842712474619,0,1760.0179443359375
49224,5,154,57,17,2,20.80203338033011,-2.469941301335365,0.613407053921902,0,1760.0179443359375
49224,5,154,57,18,2,24.958862267594842,-3.639376727160461,0.613407053921902,0,1760.0179443359375
49224,5,154,57,19,2,23.405622966890267,-3.509517168896482,0.8513997106635237,0,1760.0179443359375
49224,5,154,57,20,2,18.886131631249405,-3.611285652555118,0.682842712474619,0,1760.0179443359375
49224,5,154,57,21,2,28.088438990865317,-3.4411547963595313,0.682842712474619,0,1760.0179443359375
49224,5,154,57,22,2,20.182821353429365,-3.4426156167513198,0.848528137423857,0,1760.0179443359375
49224,5,154,57,23,2,24.969651504572226,-3.378263672111729,0.848528137423857,0,1760.0179443359375
49224,5,154,57,24,2,13.704864689880312,-3.4104544180204632,0.613407053921902,0,1760.0179443359375
49224,5,154,57,25,2,17.084184765468542,-3.3508991818850324,0.8513997106635237,0,1760.0179443359375
49224,5,154,57,26,2,21.977410847868526,-3.297851417527652,0.848528137423857,0,1760.0179443359375
49224,5,154,57,27,2,26.909920216369112,-3.264182645105109,0.8513997106635237,0,1760.0179443359375
49224,5,154,57,28,2,30.375810425140763,-3.2471330935114717,0.613407053921902,0,1760.0179443359375
49224,5,154,57,29,2,19.171063582707987,-3.193038249607897,0.848528137423857,0,1760.0179443359375
49224,5,154,57,30,2,24.159199021647513,-3.1770423632586255,0.848528137423857,0,1760.0179443359375
49224,5,154,57,31,2,16.644902228864414,-3.0544563060443277,0.682842712474619,0,1760.0179443359375
49224,5,154,57,32,2,21.63769832222913,-3.0685942095301857,0.8513997106635237,0,1760.0179443359375
49224,5,154,57,33,2,26.633197464051122,-3.07742977063661,0.682842712474619,0,1760.0179443359375
49224,5,154,57,34,2,22.08095037491025,-2.909593065172709,0.613407053921902,0,1760.0179443359375
49224,5,154,57,35,2,35.5224642339735,-1.3065447711582163,0.613407053921902,0,1760.0179443359375
49224,5,154,57,36,2,32.13202583838241,-1.2808263685093473,0.8513997106635237,0,1760.0179443359375
49224,5,154,57,37,2,31.202632949060835,-1.4361389443542325,0.682842712474619,0,1760.0179443359375
49224,5,154,57,38,2,33.78357390808635,-1.1374645412549291,0.682842712474619,0,1760.0179443359375
49224,5,154,57,39,2,29.119477899891198,-1.341333626744959,0.848528137423857,0,1760.0179443359375
49224,5,154,57,40,2,30.525510228117565,-1.1802215115181642,0.848528137423857,0,1760.0179443359375
49224,5,154,57,41,2,26.018588639254975,-1.5492493164650007,0.613407053921902,0,1760.0179443359375
49224,5,154,57,42,2,26.23777623667884,-1.415456334954011,0.8513997106635237,0,1760.0179443359375
49224,5,154,57,43,2,27.33648996068601,-1.2330708574756901,0.848528137423857,0,1760.0179443359375
49224,5,154,57,44,2,29.259980603126603,-1.069703101145997,0.8513997106635237,0,1760.0179443359375
49224,5,154,57,45,2,31.01774350210869,-0.9691964459190205,0.613407053921902,0,1760.0179443359375
49224,5,154,57,46,2,24.24377429474346,-1.2996320140108115,0.848528137423857,0,1760.0179443359375
49224,5,154,57,47,2,25.915697435707223,-1.1113615353718829,0.848528137423857,0,1760.0179443359375
49224,5,154,57,48,2,21.289375301737735,-1.3851405222001445,0.682842712474619,0,1760.0179443359375
49224,5,154,57,49,2,22.62963283535327,-1.1652361225672807,0.8513997106635237,0,1760.0179443359375
49224,5,154,57,50,2,24.91913047815989,-0.977777865234934,0.682842712474619,0,1760.0179443359375
49224,5,154,57,51,2,19.422201252367024,-1.0984040860361928,0.613407053921902,0,1760.0179443359375
49224,5,154,57,52,,,,,0,1760.0179443359375
49224,5,154,57,53,2,4.296244135828647,-4.301413874646233,0.3529822128134703,0,1760.0179443359375
49224,5,154,57,54,,,,,0,1760.0179443359375
49224,5,154,57,55,2,9.283494855061775,-5.813996456194852,0.6466890965784271,0,1760.0179443359375
49224,5,154,57,56,,,,,0,1760.0179443359375
49224,5,154,57,57,2,6.069891804268292,-6.0106760997740984,0.765685424949238,1,1760.0179443359375
49224,5,154,57,58,,,,,0,1760.0179443359375
49224,5,154,57,59,,,,,0,1760.0179443359375
49224,5,154,57,60,,,,,0,1760.0179443359375
49224,5,154,57,61,2,8.447880079152789,-0.09491990702398168,0.8513997106635237,0,1760.0179443359375
49224,5,154,57,62,2,11.929820824262503,-0.059547077202067644,0.613407053921902,0,1760.0179443359375
49224,5,154,57,63,2,3.6282511074418853,-1.2981102002189016,0.765685424949238,0,1760.0179443359375
49224,5,154,57,64,2,6.857622592656399,-0.5128227673224766,0.848528137423857,0,1760.0179443359375
49224,5,154,57,65,2,6.230932184691004,-1.8068503551090882,0.6466890965784271,0,1760.0179443359375
49224,5,154,57,66,2,6.905598990303188,-1.0323676532964403,0.8513997106635237,0,1760.0179443359375
49224,5,154,57,67,2,10.32230976766027,-0.5965501305096494,0.682842712474619,0,1760.0179443359375
49224,5,154,57,68,2,10.102755970047385,-1.2030784101973018,0.613407053921902,0,1760.0179443359375
