subject,level,collection_num,obj_ID,point_value,distance,turning_angle,neighbor_value,used,time
49111.0,8.0,1,1,1,33.73793435287593,2.6808612206687124,0.613407053921902,0,341.3937072753906
49111.0,8.0,1,2,4,28.529953310420694,2.7834783288256872,0.682842712474619,0,341.3937072753906
49111.0,8.0,1,3,2,30.642425424479452,2.630056447008632,0.8513997106635237,0,341.3937072753906
49111.0,8.0,1,4,1,33.376012881930414,2.499050262139896,0.682842712474619,0,341.3937072753906
49111.0,8.0,1,5,4,27.255426088192813,2.665146216919029,0.848528137423857,0,341.3937072753906
49111.0,8.0,1,6,2,29.880733780296314,2.5158965381834184,0.848528137423857,0,341.3937072753906
49111.0,8.0,1,7,5,22.67175040889207,2.8508117813083667,0.613407053921902,0,341.3937072753906
49111.0,8.0,1,8,5,23.911467261611065,2.710119512670357,0.8513997106635237,0,341.3937072753906
49111.0,8.0,1,9,2,26.39617901521161,2.5371980096245417,0.848528137423857,0,341.3937072753906
49111.0,8.0,1,10,2,29.525552773878726,2.397398314919483,0.8513997106635237,0,341.3937072753906
49111.0,8.0,1,11,1,32.00012916541272,2.3168516176274982,0.613407053921902,0,341.3937072753906
49111.0,8.0,1,12,4,22.927238864661707,2.5649613716830624,0.848528137423857,0,341.3937072753906
49111.0,8.0,1,13,4,25.99342766849448,2.403001156757334,0.848528137423857,0,341.3937072753906
49111.0,8.0,1,14,5,19.482255960524974,2.602581522186724,0.682842712474619,0,341.3937072753906
49111.0,8.0,1,15,5,22.46237514848799,2.4103658112596182,0.8513997106635237,0,341.3937072753906
49111.0,8.0,1,16,4,26.06833898259363,2.267106220553945,0.682842712474619,0,341.3937072753906
49111.0,8.0,1,17,5,19.99420713124754,2.2932019934502406,0.613407053921902,0,341.3937072753906
49111.0,8.0,1,18,1,39.66557921521075,3.529402300917314,0.37888543819998316,0,341.3937072753906
49111.0,8.0,1,19,1,40.38759964625865,3.8090638560236494,0.3414213562373095,0,341.3937072753906
49111.0,8.0,1,20,2,35.08786407273136,3.583316225426817,0.482842712474619,0,341.3937072753906
49111.0,8.0,1,21,4,32.11165217154782,3.2979355116638938,0.3414213562373095,0,341.3937072753906
49111.0,8.0,1,22,2,33.376012881930414,3.7841350450396907,0.4242640687119285,0,341.3937072753906
49111.0,8.0,1,23,4,28.529953310420694,3.499706978353899,0.4242640687119285,0,341.3937072753906
49111.0,8.0,1,24,1,37.0372551170183,4.0857366358801395,0.37888543819998316,0,341.3937072753906
49111.0,8.0,1,25,2,33.117340874579554,3.9970813632024496,0.482842712474619,0,341.3937072753906
49111.0,8.0,1,26,2,26.39617901521161,3.7459872975550446,0.4242640687119285,0,341.3937072753906
49111.0,8.0,1,27,5,22.28807453781277,3.367853464269632,0.482842712474619,0,341.3937072753906
49111.0,8.0,1,28,5,21.7199969291687,3.141592653589793,0.4538461538461539,0,341.3937072753906
49111.0,8.0,1,29,4,26.06833898259363,4.016079086625641,0.4242640687119285,0,341.3937072753906
49111.0,8.0,1,30,4,19.482255960524974,3.680603784992863,0.4242640687119285,0,341.3937072753906
49111.0,8.0,1,31,4,27.610837148114936,4.2740115292218945,0.3414213562373095,0,341.3937072753906
49111.0,8.0,1,32,5,19.035711912605837,4.04913436835476,0.482842712474619,0,341.3937072753906
49111.0,8.0,1,33,5,12.741990740057998,3.5448357313218883,0.3414213562373095,0,341.3937072753906
49111.0,8.0,1,34,5,16.4364947214434,4.291199670619884,0.4308640753373011,0,341.3937072753906
49111.0,8.0,1,35,5,11.280441832682383,2.0518883957326763,0.613407053921902,0,341.3937072753906
49111.0,8.0,1,36,5,5.287569331587981,1.902115417920391,0.682842712474619,0,341.3937072753906
49111.0,8.0,1,37,5,10.146841352674722,1.7411293646137556,0.8513997106635237,0,341.3937072753906
49111.0,8.0,1,38,4,15.09829094422113,1.6849641565228526,0.682842712474619,0,341.3937072753906
49111.0,8.0,1,39,4,7.540451232552748,1.4671684617350302,0.848528137423857,0,341.3937072753906
49111.0,8.0,1,40,4,12.524312547621376,1.5084768836000568,0.848528137423857,0,341.3937072753906
49111.0,8.0,1,42,5,5.979834457964764,0.9902143079080712,0.765685424949238,1,341.3937072753906
49111.0,8.0,1,43,2,10.524182635466888,1.2538531504100356,0.848528137423857,0,341.3937072753906
49111.0,8.0,1,44,2,15.35442672797206,1.3555179609042394,0.8513997106635237,0,341.3937072753906
49111.0,8.0,1,45,1,18.788518306259885,1.3953223391049665,0.613407053921902,0,341.3937072753906
49111.0,8.0,1,46,4,9.468813838006282,0.9141989629155038,0.848528137423857,0,341.3937072753906
49111.0,8.0,1,47,2,13.771653332073795,1.1376783377941138,0.848528137423857,0,341.3937072753906
49111.0,8.0,1,48,4,9.6725617523475,0.5432562079799239,0.682842712474619,0,341.3937072753906
49111.0,8.0,1,49,2,12.983006233264149,0.8792136764802123,0.8513997106635237,0,341.3937072753906
49111.0,8.0,1,50,1,17.133547526795954,1.0664187472112858,0.682842712474619,0,341.3937072753906
49111.0,8.0,1,51,1,15.452134879970302,0.7038529100777192,0.613407053921902,0,341.3937072753906
49111.0,8.0,1,52,5,20.073823488223407,4.6266002155536095,0.4308640753373011,0,341.3937072753906
49111.0,8.0,1,53,4,30.17877433138501,-1.4618954429438857,0.3414213562373095,0,341.3937072753906
49111.0,8.0,1,54,5,20.26717592918813,-1.408243211097302,0.482842712474619,0,341.3937072753906
49111.0,8.0,1,55,5,10.524182635466888,-1.2538531504100359,0.3414213562373095,0,341.3937072753906
49111.0,8.0,1,56,4,26.33549792301212,-1.25096688893021,0.4242640687119285,0,341.3937072753906
49111.0,8.0,1,57,4,17.133547526795954,-1.0664187472112863,0.4242640687119285,0,341.3937072753906
49111.0,8.0,1,58,2,32.80790273030705,-1.1540574267503683,0.382842712474619,0,341.3937072753906
49111.0,8.0,1,59,2,24.00746720421146,-0.9846420434178791,0.4242640687119285,0,341.3937072753906
49111.0,8.0,1,60,5,16.624033251930435,-0.6454259231132928,0.482842712474619,0,341.3937072753906
49111.0,8.0,1,61,5,14.190083916640123,-0.3600902897214002,0.37888543819998316,0,341.3937072753906
49111.0,8.0,1,62,2,30.970284342730885,-0.939436106874739,0.4242640687119285,0,341.3937072753906
49111.0,8.0,1,63,4,23.64653277479812,-0.6871576589304422,0.4242640687119285,0,341.3937072753906
49111.0,8.0,1,64,1,37.97312922288489,-0.9108617410513484,0.3414213562373095,0,341.3937072753906
49111.0,8.0,1,65,2,30.691343127629892,-0.7097571083388221,0.382842712474619,0,341.3937072753906
49111.0,8.0,1,66,4,25.336900816357055,-0.40572092565604123,0.3414213562373095,0,341.3937072753906
49111.0,8.0,2,1,1,36.041812688206825,2.152074245251336,0.613407053921902,0,341.74139404296875
49111.0,8.0,2,2,4,31.06442894476122,2.257682642428054,0.682842712474619,0,341.74139404296875
49111.0,8.0,2,3,2,32.83711733910563,2.111169930626903,0.8513997106635237,0,341.74139404296875
49111.0,8.0,2,4,1,35.23568935923157,1.9821052442154716,0.682842712474619,0,341.74139404296875
49111.0,8.0,2,5,4,29.541816945945126,2.152302247522955,0.848528137423857,0,341.74139404296875
49111.0,8.0,2,6,2,31.79617080633773,2.006555088709237,0.848528137423857,0,341.74139404296875
49111.0,8.0,2,7,5,25.349898444739736,2.334081698806435,0.613407053921902,0,341.74139404296875
49111.0,8.0,2,8,5,26.308964665932205,2.2036489814329623,0.8513997106635237,0,341.74139404296875
49111.0,8.0,2,9,2,28.380259887311503,2.0369125844711204,0.848528137423857,0,341.74139404296875
49111.0,8.0,2,10,2,31.124213737047487,1.8961599455843077,0.8513997106635237,0,341.74139404296875
49111.0,8.0,2,11,1,33.35807175758315,1.812514630443606,0.613407053921902,0,341.74139404296875
49111.0,8.0,2,12,4,24.997636380203648,2.0755299870306607,0.848528137423857,0,341.74139404296875
49111.0,8.0,2,13,4,27.625338985702133,1.913478332768551,0.848528137423857,0,341.74139404296875
49111.0,8.0,2,14,5,21.663898493171065,2.1261287847789263,0.682842712474619,0,341.74139404296875
49111.0,8.0,2,15,5,24.137150357912855,1.9358106726374835,0.8513997106635237,0,341.74139404296875
49111.0,8.0,2,16,4,27.310795610501096,1.7851843326623005,0.682842712474619,0,341.74139404296875
49111.0,8.0,2,17,5,21.362725497719104,1.841813080905171,0.613407053921902,0,341.74139404296875
49111.0,8.0,2,18,1,42.94514345086593,2.9319299774550984,0.37888543819998316,0,341.74139404296875
49111.0,8.0,2,19,1,43.53037058409286,3.190882482231719,0.3414213562373095,0,341.74139404296875
49111.0,8.0,2,20,2,38.35946066024134,2.981035277989551,0.482842712474619,0,341.74139404296875
49111.0,8.0,2,21,4,35.327089904218674,2.7214475700319585,0.3414213562373095,0,341.74139404296875
49111.0,8.0,2,22,2,36.542216254568906,3.163810948442763,0.4242640687119285,0,341.74139404296875
49111.0,8.0,2,23,4,31.810196914697435,2.9046985399505605,0.4242640687119285,0,341.74139404296875
49111.0,8.0,2,24,1,39.82387959464377,3.444905819679693,0.37888543819998316,0,341.74139404296875
49111.0,8.0,2,25,2,36.044679433263894,3.3584702412118763,0.482842712474619,0,341.74139404296875
49111.0,8.0,2,26,2,29.593478578952215,3.123984555353885,0.4242640687119285,0,341.74139404296875
49111.0,8.0,2,27,5,25.540732827369105,2.7899082775542507,0.482842712474619,0,341.74139404296875
49111.0,8.0,2,28,5,24.811420008478414,2.5930929834925656,0.4538461538461539,0,341.74139404296875
49111.0,8.0,2,29,4,28.97687562616061,3.3651174176245773,0.4242640687119285,0,341.74139404296875
49111.0,8.0,2,30,4,22.72035167003643,3.0599029665604993,0.4242640687119285,0,341.74139404296875
49111.0,8.0,2,31,4,30.05901973958995,3.6024433845358415,0.3414213562373095,0,341.74139404296875
49111.0,8.0,2,32,5,21.91117812125136,3.376052400312997,0.482842712474619,0,341.74139404296875
49111.0,8.0,2,33,5,16.020448983013882,2.941332801944983,0.3414213562373095,0,341.74139404296875
49111.0,8.0,2,34,5,18.901391556982116,3.572560083860248,0.4308640753373011,0,341.74139404296875
49111.0,8.0,2,35,5,12.105747107034142,1.7286477414706432,0.613407053921902,0,341.74139404296875
49111.0,8.0,2,36,5,6.126630136689961,1.8709883741666884,0.6466890965784271,0,341.74139404296875
49111.0,8.0,2,37,5,10.040574003007535,1.4716318201683132,0.8513997106635237,0,341.74139404296875
49111.0,8.0,2,38,4,14.631837061283312,1.3080951279562467,0.682842712474619,0,341.74139404296875
49111.0,8.0,2,39,4,6.727243093229902,1.3213885698398589,0.848528137423857,0,341.74139404296875
49111.0,8.0,2,40,4,11.555662210080499,1.1739695106310308,0.848528137423857,0,341.74139404296875
49111.0,8.0,2,43,2,8.83040216745654,0.9505368240498115,0.848528137423857,0,341.74139404296875
49111.0,8.0,2,44,2,13.829444382081816,0.959392508087826,0.8513997106635237,0,341.74139404296875
49111.0,8.0,2,45,1,17.329102762455577,0.962551289726774,0.613407053921902,0,341.74139404296875
49111.0,8.0,2,46,4,6.886121968463804,0.5695545711978041,0.848528137423857,0,341.74139404296875
49111.0,8.0,2,47,2,11.648871414975483,0.7396859045074032,0.848528137423857,0,341.74139404296875
49111.0,8.0,2,48,4,6.47003470547867,0.037293821619579504,0.6466890965784271,1,341.74139404296875
49111.0,8.0,2,49,2,10.253725106914636,0.4413339916851413,0.8513997106635237,0,341.74139404296875
49111.0,8.0,2,50,1,14.778917688594273,0.6143056787176596,0.682842712474619,0,341.74139404296875
49111.0,8.0,2,51,1,12.405760430484577,0.19598800130292482,0.613407053921902,0,341.74139404296875
49111.0,8.0,2,52,5,21.70594272178548,3.8944140110987226,0.4308640753373011,0,341.74139404296875
49111.0,8.0,2,53,4,31.17299739541317,-2.1596215061422264,0.3414213562373095,0,341.74139404296875
49111.0,8.0,2,54,5,21.173351779314075,-2.1563445981434874,0.482842712474619,0,341.74139404296875
49111.0,8.0,2,55,5,11.174340451531299,-2.147202914574245,0.3414213562373095,0,341.74139404296875
49111.0,8.0,2,56,4,26.687003807502627,-1.9698316347764404,0.4242640687119285,0,341.74139404296875
49111.0,8.0,2,57,4,16.992681694712168,-1.8545494557532298,0.4242640687119285,0,341.74139404296875
49111.0,8.0,2,58,2,32.80368148352768,-1.8498547572143242,0.382842712474619,0,341.74139404296875
49111.0,8.0,2,59,2,23.508223621296512,-1.7169840186445309,0.4242640687119285,0,341.74139404296875
49111.0,8.0,2,60,5,15.139076483888623,-1.4258269204995866,0.482842712474619,0,341.74139404296875
49111.0,8.0,2,61,5,11.93604483332325,-1.1392344337121436,0.37888543819998316,0,341.74139404296875
49111.0,8.0,2,62,2,30.274113108065784,-1.6399364482222434,0.4242640687119285,0,341.74139404296875
49111.0,8.0,2,63,4,22.205336823297834,-1.411607976094329,0.4242640687119285,0,341.74139404296875
49111.0,8.0,2,64,1,37.153832522783404,-1.591215334993532,0.3414213562373095,0,341.74139404296875
49111.0,8.0,2,65,2,29.273918939683906,-1.4042547968486203,0.382842712474619,0,341.74139404296875
49111.0,8.0,2,66,4,23.09799534685489,-1.1006282454824579,0.3414213562373095,0,341.74139404296875
49111.0,8.0,3,1,1,37.25987470904388,2.033650016759723,0.613407053921902,0,341.9574890136719
49111.0,8.0,3,2,4,32.55875857413756,2.1454575002353353,0.682842712474619,0,341.9574890136719
49111.0,8.0,3,3,2,33.958488925756946,2.0009740595846086,0.8513997106635237,0,341.9574890136719
49111.0,8.0,3,4,1,36.003960620361454,1.8703995613190527,0.682842712474619,0,341.9574890136719
49111.0,8.0,3,5,4,30.780407936054793,2.0488941716988274,0.848528137423857,0,341.9574890136719
49111.0,8.0,3,6,2,32.64260594593706,1.9023719981509721,0.848528137423857,0,341.9574890136719
49111.0,8.0,3,7,5,27.041888028332743,2.233459639722838,0.613407053921902,0,341.9574890136719
49111.0,8.0,3,8,5,27.689132440348008,2.1076756813922524,0.8513997106635237,0,341.9574890136719
49111.0,8.0,3,9,2,29.32224864383551,1.9416334476964858,0.848528137423857,0,341.9574890136719
49111.0,8.0,3,10,2,31.668603944012034,1.7966144555557295,0.8513997106635237,0,341.9574890136719
49111.0,8.0,3,11,1,33.65746310886994,1.7083716551915953,0.613407053921902,0,341.9574890136719
49111.0,8.0,3,12,4,26.058564966630474,1.9908220203721496,0.848528137423857,0,341.9574890136719
49111.0,8.0,3,13,4,28.233933809369923,1.8246561608544236,0.848528137423857,0,341.9574890136719
49111.0,8.0,3,14,5,22.875824590805216,2.0538883446662655,0.682842712474619,0,341.9574890136719
49111.0,8.0,3,15,5,24.82759676128702,1.8604274310058868,0.8513997106635237,0,341.9574890136719
49111.0,8.0,3,16,4,27.559313691978083,1.7001582695812858,0.682842712474619,0,341.9574890136719
49111.0,8.0,3,17,5,21.81261716823956,1.7840225774933993,0.613407053921902,0,341.9574890136719
49111.0,8.0,3,18,1,45.62138882048374,2.7662952075981684,0.37888543819998316,0,341.9574890136719
49111.0,8.0,3,19,1,46.38657125565925,3.009361503164703,0.3414213562373095,0,341.9574890136719
49111.0,8.0,3,20,2,41.08438162270323,2.8148367068340887,0.482842712474619,0,341.9574890136719
49111.0,8.0,3,21,4,37.73776402734371,2.5749411016787245,0.3414213562373095,0,341.9574890136719
49111.0,8.0,3,22,2,39.388266000146416,2.9856902135174126,0.4242640687119285,0,341.9574890136719
49111.0,8.0,3,23,4,34.4622680472695,2.748931228885139,0.4242640687119285,0,341.9574890136719
49111.0,8.0,3,24,1,42.68299864635666,3.246998608428531,0.37888543819998316,0,341.9574890136719
49111.0,8.0,3,25,2,38.92228903439089,3.166135978017797,0.482842712474619,0,341.9574890136719
49111.0,8.0,3,26,2,32.42155153813937,2.951819614284571,0.4242640687119285,0,341.9574890136719
49111.0,8.0,3,27,5,28.06010378818634,2.6523550825281887,0.482842712474619,0,341.9574890136719
49111.0,8.0,3,28,5,27.027312756461203,2.474474586427532,0.4538461538461539,0,341.9574890136719
49111.0,8.0,3,29,4,31.853823778607847,3.1715839911561234,0.4242640687119285,0,341.9574890136719
49111.0,8.0,3,30,4,25.512320744733604,2.8995132194330058,0.4242640687119285,0,341.9574890136719
49111.0,8.0,3,31,4,32.835577876702246,3.3885327345580967,0.3414213562373095,0,341.9574890136719
49111.0,8.0,3,32,5,24.786843182635014,3.180138960341705,0.482842712474619,0,341.9574890136719
49111.0,8.0,3,33,5,18.724316153710447,2.80886076746322,0.3414213562373095,0,341.9574890136719
49111.0,8.0,3,34,5,21.702601004734348,3.350020355022542,0.4308640753373011,0,341.9574890136719
49111.0,8.0,3,35,5,12.380166806333756,1.7736810504351692,0.613407053921902,0,341.9574890136719
49111.0,8.0,3,36,5,7.074109605312636,2.097362501552133,0.6466890965784271,0,341.9574890136719
49111.0,8.0,3,37,5,9.651385234242674,1.5728354236521858,0.8513997106635237,0,341.9574890136719
49111.0,8.0,3,38,4,13.64754363142095,1.3102397309691005,0.682842712474619,0,341.9574890136719
49111.0,8.0,3,39,4,6.115862942295643,1.5740149539904935,0.848528137423857,0,341.9574890136719
49111.0,8.0,3,40,4,10.271805574519318,1.2214518359935889,0.848528137423857,0,341.9574890136719
49111.0,8.0,3,43,2,7.054398085585597,1.0490543488987272,0.848528137423857,0,341.9574890136719
49111.0,8.0,3,44,2,11.952854997099845,0.9398200398170508,0.8513997106635237,0,341.9574890136719
49111.0,8.0,3,45,1,15.420606010917387,0.9049028035833612,0.613407053921902,0,341.9574890136719
49111.0,8.0,3,46,4,4.3610864402235086,0.6331198901104215,0.765685424949238,0,341.9574890136719
49111.0,8.0,3,47,2,9.334092627078562,0.7144650108393236,0.848528137423857,0,341.9574890136719
49111.0,8.0,3,49,2,7.50865019561239,0.3507924340760251,0.8513997106635237,0,341.9574890136719
49111.0,8.0,3,50,1,12.22644829833468,0.5238437261760068,0.682842712474619,0,341.9574890136719
49111.0,8.0,3,51,1,9.52683234591537,0.01106490353671108,0.6034068236642477,1,341.9574890136719
49111.0,8.0,3,52,5,24.17668247607747,3.640221247085284,0.4308640753373011,0,341.9574890136719
49111.0,8.0,3,53,4,33.24025948297735,3.8716527446565143,0.3414213562373095,0,341.9574890136719
49111.0,8.0,3,54,5,23.262142441297783,3.8478742987637924,0.482842712474619,0,341.9574890136719
49111.0,8.0,3,55,5,13.316894961769043,3.788491694134377,0.3414213562373095,0,341.9574890136719
49111.0,8.0,3,56,4,28.366112813313052,-2.2445092775269853,0.4242640687119285,0,341.9574890136719
49111.0,8.0,3,57,4,18.46209025547121,-2.1841031915284725,0.4242640687119285,0,341.9574890136719
49111.0,8.0,3,58,2,34.17814274234307,-2.115072222760727,0.382842712474619,0,341.9574890136719
49111.0,8.0,3,59,2,24.583690971445687,-2.017783762803403,0.4242640687119285,0,341.9574890136719
49111.0,8.0,3,60,5,15.51032824420883,-1.8020705072286443,0.482842712474619,0,341.9574890136719
49111.0,8.0,3,61,5,11.561855062008137,-1.5725008477345226,0.37888543819998316,0,341.9574890136719
49111.0,8.0,3,62,2,31.11056005535605,-1.9193796945489894,0.4242640687119285,0,341.9574890136719
49111.0,8.0,3,63,4,22.451711904028105,-1.7298168618699667,0.4242640687119285,0,341.9574890136719
49111.0,8.0,3,64,1,37.833530526984795,-1.8554978327712865,0.3414213562373095,0,341.9574890136719
49111.0,8.0,3,65,2,29.454854482747876,-1.6917934941427786,0.382842712474619,0,341.9574890136719
49111.0,8.0,3,66,4,22.44550897314237,-1.4135109255591953,0.3414213562373095,0,341.9574890136719
49111.0,8.0,4,1,1,41.124280817850206,2.1962533836580205,0.613407053921902,0,342.5517883300781
49111.0,8.0,4,2,4,37.13170478987161,2.3144530386280806,0.682842712474619,0,342.5517883300781
49111.0,8.0,4,3,2,37.67308087953918,2.1814561915959865,0.8513997106635237,0,342.5517883300781
49111.0,8.0,4,4,1,38.855611503493634,2.0543927334189784,0.682842712474619,0,342.5517883300781
49111.0,8.0,4,5,4,34.835549542117285,2.239684898665402,0.848528137423857,0,342.5517883300781
49111.0,8.0,4,6,2,35.76329171448615,2.100374525456189,0.848528137423857,0,342.5517883300781
49111.0,8.0,4,7,5,32.15854062606739,2.4168838148416447,0.613407053921902,0,342.5517883300781
49111.0,8.0,4,8,5,32.136739113455725,2.307959392293842,0.8513997106635237,0,342.5517883300781
49111.0,8.0,4,9,2,32.760761944747884,2.1549186480354225,0.848528137423857,0,342.5517883300781
49111.0,8.0,4,10,2,34.11400072630836,2.0108120785093218,0.8513997106635237,0,342.5517883300781
49111.0,8.0,4,11,1,35.452268068523566,1.9177839684225106,0.613407053921902,0,342.5517883300781
49111.0,8.0,4,12,4,29.875106897640528,2.2202270989432384,0.848528137423857,0,342.5517883300781
49111.0,8.0,4,13,4,30.951890644992506,2.05948584948085,0.848528137423857,0,342.5517883300781
49111.0,8.0,4,14,5,27.143627264801143,2.299076215666559,0.682842712474619,0,342.5517883300781
49111.0,8.0,4,15,5,27.879634564401698,2.1190556242408536,0.8513997106635237,0,342.5517883300781
49111.0,8.0,4,16,4,29.457962349740143,1.9533148869152188,0.682842712474619,0,342.5517883300781
49111.0,8.0,4,17,5,24.491397951433484,2.085476150599604,0.613407053921902,0,342.5517883300781
49111.0,8.0,4,18,1,52.61428407137422,2.818159170556539,0.37888543819998316,0,342.5517883300781
49111.0,8.0,4,19,1,53.77057135533481,3.027613767841486,0.3414213562373095,0,342.5517883300781
49111.0,8.0,4,20,2,48.18993036504,2.8644198907120346,0.482842712474619,0,342.5517883300781
49111.0,8.0,4,21,4,44.19575130366783,2.6654404592420797,0.3414213562373095,0,342.5517883300781
49111.0,8.0,4,22,2,46.752308675373655,3.010410349781989,0.4242640687119285,0,342.5517883300781
49111.0,8.0,4,23,4,41.433964463778636,2.817703086205488,0.4242640687119285,0,342.5517883300781
49111.0,8.0,4,24,1,50.087821094686355,3.2313782958537294,0.37888543819998316,0,342.5517883300781
49111.0,8.0,4,25,2,46.36040707724031,3.162205830465844,0.482842712474619,0,342.5517883300781
49111.0,8.0,4,26,2,39.7527658041008,2.9871396298331065,0.4242640687119285,0,342.5517883300781
49111.0,8.0,4,27,5,34.80341123774992,2.752995866407881,0.482842712474619,0,342.5517883300781
49111.0,8.0,4,28,5,33.192995588498235,2.613614383742133,0.4538461538461539,0,342.5517883300781
49111.0,8.0,4,29,4,39.29111053362707,3.1659139348039727,0.4242640687119285,0,342.5517883300781
49111.0,8.0,4,30,4,32.78393526826748,2.9539507700530274,0.4242640687119285,0,342.5517883300781
49111.0,8.0,4,31,4,40.091150455626924,3.3431632423692217,0.3414213562373095,0,342.5517883300781
49111.0,8.0,4,32,5,32.22259129188661,3.171249000708243,0.482842712474619,0,342.5517883300781
49111.0,8.0,4,33,5,25.87064812238415,2.9029401029680573,0.3414213562373095,0,342.5517883300781
49111.0,8.0,4,34,5,29.022437695826092,3.2969583389864767,0.4308640753373011,0,342.5517883300781
49111.0,8.0,4,35,5,15.676142754261308,2.2571794901052966,0.613407053921902,0,342.5517883300781
49111.0,8.0,4,36,5,12.581672363750052,2.633988707075788,0.6466890965784271,0,342.5517883300781
49111.0,8.0,4,37,5,12.198196662739857,2.228809856118057,0.8513997106635237,0,342.5517883300781
49111.0,8.0,4,38,4,13.75839831437525,1.8600386638649073,0.682842712474619,0,342.5517883300781
49111.0,8.0,4,39,4,9.646268230143981,2.4548711851199516,0.848528137423857,0,342.5517883300781
49111.0,8.0,4,40,4,10.418637776696677,1.9569786856634268,0.848528137423857,0,342.5517883300781
49111.0,8.0,4,43,2,7.266533015614695,2.1412784083466128,0.848528137423857,0,342.5517883300781
49111.0,8.0,4,44,2,9.659193776974575,1.6110481103285044,0.8513997106635237,0,342.5517883300781
49111.0,8.0,4,45,1,12.304401247888194,1.400427440721237,0.613407053921902,0,342.5517883300781
49111.0,8.0,4,46,4,4.696487092713629,2.559939979811795,0.765685424949238,0,342.5517883300781
49111.0,8.0,4,47,2,6.128173738247937,1.6342622186243796,0.848528137423857,0,342.5517883300781
49111.0,8.0,4,49,2,2.609406505540871,1.7202918333878126,0.765685424949238,1,342.5517883300781
49111.0,8.0,4,50,1,6.877973877915283,1.0955832785438402,0.682842712474619,0,342.5517883300781
49111.0,8.0,4,52,5,30.916191028296513,3.5248894848623173,0.4308640753373011,0,342.5517883300781
49111.0,8.0,4,53,4,39.10015758579511,3.74441707517839,0.3414213562373095,0,342.5517883300781
49111.0,8.0,4,54,5,29.322642581156675,3.682456578458735,0.482842712474619,0,342.5517883300781
49111.0,8.0,4,55,5,19.768976014212637,3.5596778899463315,0.3414213562373095,0,342.5517883300781
49111.0,8.0,4,56,4,33.51606101307666,3.8643199582568384,0.4242640687119285,0,342.5517883300781
49111.0,8.0,4,57,4,23.544030889814284,3.8377125668865615,0.4242640687119285,0,342.5517883300781
49111.0,8.0,4,58,2,38.559503675777414,-2.280890760836576,0.382842712474619,0,342.5517883300781
49111.0,8.0,4,59,2,28.597733624022442,-2.2545830913317872,0.4242640687119285,0,342.5517883300781
49111.0,8.0,4,60,5,18.676868397533774,-2.2002488801786324,0.482842712474619,0,342.5517883300781
49111.0,8.0,4,61,5,13.759467122418721,-2.1437824312868066,0.37888543819998316,0,342.5517883300781
49111.0,8.0,4,62,2,34.370617485296336,-2.1242467825663995,0.4242640687119285,0,342.5517883300781
49111.0,8.0,4,63,4,24.74539130886417,-2.0312200558308273,0.4242640687119285,0,342.5517883300781
49111.0,8.0,4,64,1,40.556729703103194,-2.0324740631257634,0.3414213562373095,0,342.5517883300781
49111.0,8.0,4,65,2,31.238491783676512,-1.930471290573391,0.382842712474619,0,342.5517883300781
49111.0,8.0,4,66,4,22.513072061073252,-1.7459897152262225,0.3414213562373095,0,342.5517883300781
49111.0,8.0,5,1,1,41.59787245923122,1.461821680267282,0.613407053921902,0,342.8482971191406
49111.0,8.0,5,2,4,37.885971285789225,1.583936453015672,0.682842712474619,0,342.8482971191406
49111.0,8.0,5,3,2,38.117992037310785,1.4524107086983116,0.8513997106635237,0,342.8482971191406
49111.0,8.0,5,4,1,38.9950742228468,1.3246466309614982,0.682842712474619,0,342.8482971191406
49111.0,8.0,5,5,4,35.422733014255485,1.5146904070714597,0.848528137423857,0,342.8482971191406
49111.0,8.0,5,6,2,36.01950181343529,1.3756008010788692,0.848528137423857,0,342.8482971191406
49111.0,8.0,5,7,5,33.150634439777654,1.692641393513433,0.613407053921902,0,342.8482971191406
49111.0,8.0,5,8,5,32.887059939160906,1.586892215891817,0.8513997106635237,0,342.8482971191406
49111.0,8.0,5,9,2,33.154082827470965,1.4355418885174733,0.848528137423857,0,342.8482971191406
49111.0,8.0,5,10,2,34.1588598290348,1.289867623090772,0.8513997106635237,0,342.8482971191406
49111.0,8.0,5,11,1,35.269276325179085,1.1942039958840027,0.613407053921902,0,342.8482971191406
49111.0,8.0,5,12,4,30.429950794793307,1.5065103826435708,0.848528137423857,0,342.8482971191406
49111.0,8.0,5,13,4,31.12260275205762,1.3454297425872732,0.848528137423857,0,342.8482971191406
49111.0,8.0,5,14,5,27.888538911464664,1.5909075601759766,0.682842712474619,0,342.8482971191406
49111.0,8.0,5,15,5,28.202927140726395,1.4127417455856774,0.8513997106635237,0,342.8482971191406
49111.0,8.0,5,16,4,29.377535567061514,1.2436956596545534,0.682842712474619,0,342.8482971191406
49111.0,8.0,5,17,5,24.748806499044413,1.3913614440014195,0.613407053921902,0,342.8482971191406
49111.0,8.0,5,18,1,54.357617262668896,2.0577170199524653,0.37888543819998316,0,342.8482971191406
49111.0,8.0,5,19,1,55.818397077231,2.259290175637499,0.3414213562373095,0,342.8482971191406
49111.0,8.0,5,20,2,50.00962353036779,2.1050723288511395,0.482842712474619,0,342.8482971191406
49111.0,8.0,5,21,4,45.675282582889416,1.9162331277233493,0.3414213562373095,0,342.8482971191406
49111.0,8.0,5,22,2,48.780527263802604,2.2461743904783935,0.4242640687119285,0,342.8482971191406
49111.0,8.0,5,23,4,43.18343239614325,2.0653731581630375,0.4242640687119285,0,342.8482971191406
49111.0,8.0,5,24,1,52.349620227191906,2.4562300010768823,0.37888543819998316,0,342.8482971191406
49111.0,8.0,5,25,2,48.56044928354826,2.391516776546734,0.482842712474619,0,342.8482971191406
49111.0,8.0,5,26,2,41.75387680201383,2.228640243128135,0.4242640687119285,0,342.8482971191406
49111.0,8.0,5,27,5,36.45072319413476,2.0108940940906757,0.482842712474619,0,342.8482971191406
49111.0,8.0,5,28,5,34.58742138501043,1.8801264708988712,0.4538461538461539,0,342.8482971191406
49111.0,8.0,5,29,4,41.49654952502945,2.398607680310523,0.4242640687119285,0,342.8482971191406
49111.0,8.0,5,30,4,34.74525314141354,2.204021987501957,0.4242640687119285,0,342.8482971191406
49111.0,8.0,5,31,4,42.43278233829,2.5658298647265814,0.3414213562373095,0,342.8482971191406
49111.0,8.0,5,32,5,34.43559220263797,2.4086072273905694,0.482842712474619,0,342.8482971191406
49111.0,8.0,5,33,5,27.76830934219919,2.166999977934281,0.3414213562373095,0,342.8482971191406
49111.0,8.0,5,34,5,31.3372286828414,2.5281399728176717,0.4308640753373011,0,342.8482971191406
49111.0,8.0,5,35,5,16.3953637445836,1.6094334165841047,0.613407053921902,0,342.8482971191406
49111.0,8.0,5,36,5,14.098644596215097,1.9835372205696171,0.6466890965784271,0,342.8482971191406
49111.0,8.0,5,37,5,12.899855663503677,1.621622619882992,0.8513997106635237,0,342.8482971191406
49111.0,8.0,5,38,4,13.566162789384132,1.2448054829930273,0.682842712474619,0,342.8482971191406
49111.0,8.0,5,39,4,10.871751164461259,1.8667793876281662,0.848528137423857,0,342.8482971191406
49111.0,8.0,5,40,4,10.527557649844882,1.3961926217867817,0.848528137423857,0,342.8482971191406
49111.0,8.0,5,43,2,7.9131641783514315,1.6577080314898822,0.848528137423857,0,342.8482971191406
49111.0,8.0,5,44,2,8.95838512246415,1.068487358131476,0.8513997106635237,0,342.8482971191406
49111.0,8.0,5,45,1,11.061049303053348,0.7864706598921062,0.613407053921902,0,342.8482971191406
49111.0,8.0,5,46,4,6.2774887141500395,2.106178904412677,0.682842712474619,1,342.8482971191406
49111.0,8.0,5,47,2,5.660508921035623,1.2476854283681553,0.848528137423857,0,342.8482971191406
49111.0,8.0,5,50,1,5.14437121295727,0.5876056010219435,0.6466890965784271,0,342.8482971191406
49111.0,8.0,5,52,5,33.32565522245844,2.738507243361248,0.4308640753373011,0,342.8482971191406
49111.0,8.0,5,53,4,41.491471338129266,2.944240319404877,0.3414213562373095,0,342.8482971191406
49111.0,8.0,5,54,5,31.730288167309286,2.884359546507741,0.482842712474619,0,342.8482971191406
49111.0,8.0,5,55,5,22.182880348551972,2.7721887401398915,0.3414213562373095,0,342.8482971191406
49111.0,8.0,5,56,4,35.852316266399875,3.0549074056673216,0.4242640687119285,0,342.8482971191406
49111.0,8.0,5,57,4,25.89705726609969,3.0238964528184464,0.4242640687119285,0,342.8482971191406
49111.0,8.0,5,58,2,40.79173906750526,-3.0958710721890785,0.382842712474619,0,342.8482971191406
49111.0,8.0,5,59,2,30.80965708230328,-3.0789922970962533,0.4242640687119285,0,342.8482971191406
49111.0,8.0,5,60,5,20.844758643524898,-3.0459572713495624,0.482842712474619,0,342.8482971191406
49111.0,8.0,5,61,5,15.878868334854623,-3.0139087997290974,0.37888543819998316,0,342.8482971191406
49111.0,8.0,5,62,2,36.43915975999713,-2.9512023511278054,0.4242640687119285,0,342.8482971191406
49111.0,8.0,5,63,4,26.703583231324586,-2.877953122135473,0.4242640687119285,0,342.8482971191406
49111.0,8.0,5,64,1,42.50164418584377,-2.8586867747362676,0.3414213562373095,0,342.8482971191406
49111.0,8.0,5,65,2,33.040259561295116,-2.77226228611559,0.382842712474619,0,342.8482971191406
49111.0,8.0,5,66,4,24.019320249654,-2.6189262433179357,0.3414213562373095,0,342.8482971191406
49111.0,8.0,6,1,1,39.56383656067674,-0.6854472079013392,0.613407053921902,0,343.0693054199219
49111.0,8.0,6,2,4,35.71890463553446,-0.5592767929396818,0.682842712474619,0,343.0693054199219
49111.0,8.0,6,3,2,36.09736119040083,-0.6982352653938724,0.8513997106635237,0,343.0693054199219
49111.0,8.0,6,4,1,37.15102719250314,-0.8318043326165823,0.682842712474619,0,343.0693054199219
49111.0,8.0,6,5,4,33.32924568176014,-0.6348140666631261,0.848528137423857,0,343.0693054199219
49111.0,8.0,6,6,2,34.103049046426605,-0.7814653074689728,0.848528137423857,0,343.0693054199219
49111.0,8.0,6,7,5,30.893077136091534,-0.4467349871195525,0.613407053921902,0,343.0693054199219
49111.0,8.0,6,8,5,30.719012850676005,-0.5602698838114111,0.8513997106635237,0,343.0693054199219
49111.0,8.0,6,9,2,31.15825872971481,-0.7214337105273523,0.848528137423857,0,343.0693054199219
49111.0,8.0,6,10,2,32.373081775075114,-0.8742965028636736,0.8513997106635237,0,343.0693054199219
49111.0,8.0,6,11,1,33.642115854969596,-0.973175703021691,0.613407053921902,0,343.0693054199219
49111.0,8.0,6,12,4,28.348831014218554,-0.6491975207273166,0.848528137423857,0,343.0693054199219
49111.0,8.0,6,13,4,29.2546672587567,-0.8201546210655095,0.848528137423857,0,343.0693054199219
49111.0,8.0,6,14,5,25.71916314108199,-0.5616490936777079,0.682842712474619,0,343.0693054199219
49111.0,8.0,6,15,5,26.2422310260664,-0.7533467627738715,0.8513997106635237,0,343.0693054199219
49111.0,8.0,6,16,4,27.67370639746858,-0.9313546133053681,0.682842712474619,0,343.0693054199219
49111.0,8.0,6,17,5,22.82273013326313,-0.7838443563725583,0.613407053921902,0,343.0693054199219
49111.0,8.0,6,18,1,52.00296396656599,-0.056447960767930905,0.37888543819998316,0,343.0693054199219
49111.0,8.0,6,19,1,53.551537703130904,0.15375968224246028,0.3414213562373095,0,343.0693054199219
49111.0,8.0,6,20,2,47.666821411392164,-0.006439410738504847,0.482842712474619,0,343.0693054199219
49111.0,8.0,6,21,4,43.318408749182574,-0.2049373645438619,0.3414213562373095,0,343.0693054199219
49111.0,8.0,6,22,2,46.50552794104477,0.14184149120794398,0.4242640687119285,0,343.0693054199219
49111.0,8.0,6,23,4,40.830415160404606,-0.047391443187032145,0.4242640687119285,0,343.0693054199219
49111.0,8.0,6,24,1,50.26154651557376,0.360085724030061,0.37888543819998316,0,343.0693054199219
49111.0,8.0,6,25,2,46.404766939238435,0.29418620100029136,0.482842712474619,0,343.0693054199219
49111.0,8.0,6,26,2,39.46848195434858,0.12567035584148778,0.4242640687119285,0,343.0693054199219
49111.0,8.0,6,27,5,34.089877396031255,-0.1046687127599566,0.482842712474619,0,343.0693054199219
49111.0,8.0,6,28,5,32.238161818321686,-0.2448837562465409,0.4538461538461539,0,343.0693054199219
49111.0,8.0,6,29,4,39.34970563283137,0.3053140198776534,0.4242640687119285,0,343.0693054199219
49111.0,8.0,6,30,4,32.44623254687952,0.10249103126878367,0.4242640687119285,0,343.0693054199219
49111.0,8.0,6,31,4,40.48502931949318,0.48039968523814736,0.3414213562373095,0,343.0693054199219
49111.0,8.0,6,32,5,32.30164503699348,0.3213006725603833,0.482842712474619,0,343.0693054199219
49111.0,8.0,6,33,5,25.451030336542928,0.06654089900629989,0.3414213562373095,0,343.0693054199219
49111.0,8.0,6,34,5,29.346445683481296,0.45239139576923293,0.4308640753373011,0,343.0693054199219
49111.0,8.0,6,35,5,14.21990990267005,-0.5685019537435787,0.613407053921902,0,343.0693054199219
49111.0,8.0,6,36,5,11.736644435379182,-0.13351812490938242,0.6466890965784271,0,343.0693054199219
49111.0,8.0,6,37,5,10.720455174588842,-0.5735055710811123,0.8513997106635237,0,343.0693054199219
49111.0,8.0,6,38,4,11.920884853827767,-1.0062295714123404,0.682842712474619,0,343.0693054199219
49111.0,8.0,6,39,4,8.529202304743349,-0.28231644421893876,0.848528137423857,1,343.0693054199219
49111.0,8.0,6,40,4,8.65601689595687,-0.8725718292572147,0.848528137423857,0,343.0693054199219
49111.0,8.0,6,43,2,5.722391222903361,-0.5912689825148709,0.848528137423857,0,343.0693054199219
49111.0,8.0,6,44,2,7.741130269916209,-1.2928576166210797,0.8513997106635237,0,343.0693054199219
49111.0,8.0,6,45,1,10.425959593212948,-1.5434482582696134,0.613407053921902,0,343.0693054199219
49111.0,8.0,6,47,2,4.212390136333953,-1.2544913607245798,0.848528137423857,0,343.0693054199219
49111.0,8.0,6,50,1,5.267133946787925,-1.9871830044344625,0.6466890965784271,0,343.0693054199219
49111.0,8.0,6,52,5,31.652047956858326,0.6721635619119901,0.4308640753373011,0,343.0693054199219
49111.0,8.0,6,53,4,40.19093267050603,0.8748596254961392,0.3414213562373095,0,343.0693054199219
49111.0,8.0,6,54,5,30.32605714597353,0.8279266836211252,0.482842712474619,0,343.0693054199219
49111.0,8.0,6,55,5,20.59195025043901,0.7362291346547556,0.3414213562373095,0,343.0693054199219
49111.0,8.0,6,56,4,34.78948127855018,0.9969741435155628,0.4242640687119285,0,343.0693054199219
49111.0,8.0,6,57,4,24.792472259262414,0.9886467960249927,0.4242640687119285,0,343.0693054199219
49111.0,8.0,6,58,2,40.01182666712849,-5.158346712437911,0.382842712474619,0,343.0693054199219
49111.0,8.0,6,59,2,30.088285865699255,-5.122773087673071,0.4242640687119285,0,343.0693054199219
49111.0,8.0,6,60,5,20.24014870083075,-5.052405986568866,0.482842712474619,0,343.0693054199219
49111.0,8.0,6,61,5,15.389702920446263,-4.98362143193055,0.37888543819998316,0,343.0693054199219
49111.0,8.0,6,62,2,35.999211268384464,-5.004786386209073,0.4242640687119285,0,343.0693054199219
49111.0,8.0,6,63,4,26.463217586708573,-4.9072011271052975,0.4242640687119285,0,343.0693054199219
49111.0,8.0,6,64,1,42.26797224324252,-4.920894388428052,0.3414213562373095,0,343.0693054199219
49111.0,8.0,6,65,2,33.02938314064044,-4.818416476652354,0.382842712474619,0,343.0693054199219
49111.0,8.0,6,66,4,24.398746356051294,-4.640255032515434,0.3414213562373095,0,343.0693054199219
49111.0,8.0,7,1,1,35.28222963017549,-0.5338691701181384,0.613407053921902,0,343.7139892578125
49111.0,8.0,7,2,4,30.81350676935012,-0.4077102892620612,0.682842712474619,0,343.7139892578125
49111.0,8.0,7,3,2,31.924487140811493,-0.563300093453351,0.8513997106635237,0,343.7139892578125
49111.0,8.0,7,4,1,33.747200757735314,-0.7052681661917786,0.682842712474619,0,343.7139892578125
49111.0,8.0,7,5,4,28.842413047547105,-0.5062046892851866,0.848528137423857,0,343.7139892578125
49111.0,8.0,7,6,2,30.439866461342568,-0.6662772178593286,0.848528137423857,0,343.7139892578125
49111.0,8.0,7,7,5,25.506003719937304,-0.3001702271644189,0.613407053921902,0,343.7139892578125
49111.0,8.0,7,8,5,25.876566650287913,-0.43574481683539545,0.8513997106635237,0,343.7139892578125
49111.0,8.0,7,9,2,27.19002356353972,-0.6178765338396208,0.848528137423857,0,343.7139892578125
49111.0,8.0,7,10,2,29.308668703387024,-0.7784822766412256,0.8513997106635237,0,343.7139892578125
49111.0,8.0,7,11,1,31.18555013159516,-0.8762371771909735,0.613407053921902,0,343.7139892578125
49111.0,8.0,7,12,4,24.02101772588585,-0.5565277838848877,0.848528137423857,0,343.7139892578125
49111.0,8.0,7,13,4,25.91736816048989,-0.7422136945314106,0.848528137423857,0,343.7139892578125
49111.0,8.0,7,14,5,20.96953036643404,-0.4769461866286149,0.682842712474619,0,343.7139892578125
49111.0,8.0,7,15,5,22.57037623895207,-0.695110185281971,0.8513997106635237,0,343.7139892578125
49111.0,8.0,7,16,4,25.082315749286483,-0.8770603821754285,0.682842712474619,0,343.7139892578125
49111.0,8.0,7,17,5,19.448882618167474,-0.7706892002934718,0.613407053921902,0,343.7139892578125
49111.0,8.0,7,18,1,45.39515168126998,0.20715770886397444,0.37888543819998316,0,343.7139892578125
49111.0,8.0,7,19,1,46.81285014597391,0.4483151960509051,0.3414213562373095,0,343.7139892578125
49111.0,8.0,7,20,2,40.99810115538908,0.26234063676039754,0.482842712474619,0,343.7139892578125
49111.0,8.0,7,21,4,37.016829387531565,0.02631850104036504,0.3414213562373095,0,343.7139892578125
49111.0,8.0,7,22,2,39.765162149178636,0.4349987590878668,0.4242640687119285,0,343.7139892578125
49111.0,8.0,7,23,4,34.21504757133292,0.20900008457386954,0.4242640687119285,0,343.7139892578125
49111.0,8.0,7,24,1,43.72632231704801,0.6863897569757988,0.37888543819998316,0,343.7139892578125
49111.0,8.0,7,25,2,39.77049085884437,0.6130425362387324,0.482842712474619,0,343.7139892578125
49111.0,8.0,7,26,2,32.72756182045233,0.4159506049533308,0.4242640687119285,0,343.7139892578125
49111.0,8.0,7,27,5,27.577067688019955,0.12965445736993053,0.482842712474619,0,343.7139892578125
49111.0,8.0,7,28,5,26.080554864662812,-0.048473578136882356,0.4538461538461539,0,343.7139892578125
49111.0,8.0,7,29,4,32.734036187346085,0.632409984759805,0.4242640687119285,0,343.7139892578125
49111.0,8.0,7,30,4,25.708334926101077,0.38648480142118946,0.4242640687119285,0,343.7139892578125
49111.0,8.0,7,31,4,34.23362305566615,0.8392050791866443,0.3414213562373095,0,343.7139892578125
49111.0,8.0,7,32,5,25.71657650379503,0.6623642040625912,0.482842712474619,0,343.7139892578125
49111.0,8.0,7,33,5,18.728151714294928,0.334977805546522,0.3414213562373095,0,343.7139892578125
49111.0,8.0,7,34,5,23.053563916617087,0.8363847283663397,0.4308640753373011,0,343.7139892578125
49111.0,8.0,7,35,5,10.037806473897326,-0.7236633080513235,0.613407053921902,0,343.7139892578125
49111.0,8.0,7,36,5,5.513078138006674,-0.16585677201486693,0.5052677403411177,0,343.7139892578125
49111.0,8.0,7,37,5,7.077761675474801,-0.9456984547210145,0.7685569981889047,1,343.7139892578125
49111.0,8.0,7,38,4,10.945108044869754,-1.307742911253666,0.682842712474619,0,343.7139892578125
49111.0,8.0,7,40,4,7.583356863246622,-1.4279868751561682,0.848528137423857,0,343.7139892578125
49111.0,8.0,7,43,2,4.496577867314954,-1.724284016968665,0.765685424949238,0,343.7139892578125
49111.0,8.0,7,44,2,9.482609993871911,-1.781486625574738,0.8513997106635237,0,343.7139892578125
49111.0,8.0,7,45,1,12.979228333811543,-1.7953517625396131,0.613407053921902,0,343.7139892578125
49111.0,8.0,7,47,2,7.254777977123524,-2.114007678860046,0.848528137423857,0,343.7139892578125
49111.0,8.0,7,50,1,10.49020469189645,-2.277592742957391,0.6466890965784271,0,343.7139892578125
49111.0,8.0,7,52,5,26.11303566536268,1.096943918013354,0.4308640753373011,0,343.7139892578125
49111.0,8.0,7,53,4,35.53327699895416,1.2949468362456271,0.3414213562373095,0,343.7139892578125
49111.0,8.0,7,54,5,25.534587011395157,1.2895733399122726,0.482842712474619,0,343.7139892578125
49111.0,8.0,7,55,5,15.53758325482492,1.2772843102967097,0.3414213562373095,0,343.7139892578125
49111.0,8.0,7,56,4,30.861609748123385,-4.82777539099626,0.4242640687119285,0,343.7139892578125
49111.0,8.0,7,57,4,21.019997997230398,-4.7581589153955495,0.4242640687119285,0,343.7139892578125
49111.0,8.0,7,58,2,36.78128299350661,-4.712921673041253,0.382842712474619,0,343.7139892578125
49111.0,8.0,7,59,2,27.24452492165213,-4.6178522875580725,0.4242640687119285,0,343.7139892578125
49111.0,8.0,7,60,5,18.211685747470757,-4.424939914094384,0.482842712474619,0,343.7139892578125
49111.0,8.0,7,61,5,14.190355088710154,-4.239841907156016,0.37888543819998316,0,343.7139892578125
49111.0,8.0,7,62,2,33.80366785734172,-4.530781982593693,0.4242640687119285,0,343.7139892578125
49111.0,8.0,7,63,4,25.141386599938826,-4.35918041971725,0.4242640687119285,0,343.7139892578125
49111.0,8.0,7,64,1,40.535315257346056,-4.472301029700135,0.3414213562373095,0,343.7139892578125
49111.0,8.0,7,65,2,32.132742531108946,-4.321928537639743,0.382842712474619,0,343.7139892578125
49111.0,8.0,7,66,4,24.938213691614784,-4.075955865619376,0.3414213562373095,0,343.7139892578125
49111.0,8.0,8,1,1,31.684440315779106,0.5144583318452715,0.613407053921902,0,343.98590087890625
49111.0,8.0,8,2,4,27.403678113581094,0.662228430418046,0.682842712474619,0,343.98590087890625
49111.0,8.0,8,3,2,28.294968515288744,0.48531311741175653,0.8513997106635237,0,343.98590087890625
49111.0,8.0,8,4,1,30.00414825335989,0.32387233029626217,0.682842712474619,0,343.98590087890625
49111.0,8.0,8,5,4,25.28478166465205,0.5546564473264309,0.848528137423857,0,343.98590087890625
49111.0,8.0,8,6,2,26.720102038681336,0.37012813019132207,0.848528137423857,0,343.98590087890625
49111.0,8.0,8,7,5,22.31668783639667,0.7987013008190466,0.613407053921902,0,343.98590087890625
49111.0,8.0,8,8,5,22.42844453761936,0.6421792577313185,0.8513997106635237,0,343.98590087890625
49111.0,8.0,8,9,2,23.50912149582552,0.42917659678441245,0.848528137423857,0,343.98590087890625
49111.0,8.0,8,10,2,25.54060419477001,0.24245672565163245,0.8513997106635237,0,343.98590087890625
49111.0,8.0,8,11,1,27.41939151447012,0.13081069827316671,0.613407053921902,0,343.98590087890625
49111.0,8.0,8,12,4,20.405727971661015,0.5065292863994478,0.848528137423857,0,343.98590087890625
49111.0,8.0,8,13,4,22.15936378107112,0.28588429358325695,0.848528137423857,0,343.98590087890625
49111.0,8.0,8,14,5,17.467360264257785,0.6107220210827992,0.682842712474619,0,343.98590087890625
49111.0,8.0,8,15,5,18.83487041977698,0.3447888239034941,0.8513997106635237,0,343.98590087890625
49111.0,8.0,8,16,4,21.31656662922544,0.12773521653204456,0.682842712474619,0,343.98590087890625
49111.0,8.0,8,17,5,15.682915190958687,0.2562284518824086,0.613407053921902,0,343.98590087890625
49111.0,8.0,8,18,1,43.572882944120934,1.2958475442142632,0.37888543819998316,0,343.98590087890625
49111.0,8.0,8,19,1,45.84083703456486,1.5414247368015381,0.3414213562373095,0,343.98590087890625
49111.0,8.0,8,20,2,39.37854337436022,1.3615643532383777,0.482842712474619,0,343.98590087890625
49111.0,8.0,8,21,4,34.640395733062945,1.1225611655177121,0.3414213562373095,0,343.98590087890625
49111.0,8.0,8,22,2,38.76982795141417,1.5421083471802475,0.4242640687119285,0,343.98590087890625
49111.0,8.0,8,23,4,32.440513214791956,1.3233659600681467,0.4242640687119285,0,343.98590087890625
49111.0,8.0,8,24,1,43.656451657798804,1.7871480249788099,0.37888543819998316,0,343.98590087890625
49111.0,8.0,8,25,2,39.44020081690941,1.7223669942431554,0.482842712474619,0,343.98590087890625
49111.0,8.0,8,26,2,31.698845069418187,1.5430969407570978,0.4242640687119285,0,343.98590087890625
49111.0,8.0,8,27,5,25.575459272353523,1.2645322474390963,0.482842712474619,0,343.98590087890625
49111.0,8.0,8,28,5,23.53184621146908,1.0782520171670424,0.4538461538461539,0,343.98590087890625
49111.0,8.0,8,29,4,32.515329612828225,1.7623140619964563,0.4242640687119285,0,343.98590087890625
49111.0,8.0,8,30,4,24.627910956630082,1.5446532080419755,0.4242640687119285,0,343.98590087890625
49111.0,8.0,8,31,4,34.780404553810904,1.9618331699779277,0.3414213562373095,0,343.98590087890625
49111.0,8.0,8,32,5,25.6702917627281,1.8237115493047273,0.482842712474619,0,343.98590087890625
49111.0,8.0,8,33,5,17.557084537030118,1.5474630094326884,0.3414213562373095,0,343.98590087890625
49111.0,8.0,8,34,5,23.68622868689506,2.010105027013337,0.4308640753373011,0,343.98590087890625
49111.0,8.0,8,35,5,6.295064742897526,0.3500433186825419,0.4815389220537701,0,343.98590087890625
49111.0,8.0,8,36,5,3.4184289002210444,1.5879601897493982,0.43175884674785275,1,343.98590087890625
49111.0,8.0,8,38,4,7.808520628307413,-0.5205187898460183,0.6466890965784271,0,343.98590087890625
49111.0,8.0,8,40,4,4.968695497879248,-0.8602623257320283,0.848528137423857,0,343.98590087890625
49111.0,8.0,8,43,2,3.6609937856528285,-1.6508655392158433,0.765685424949238,0,343.98590087890625
49111.0,8.0,8,44,2,7.94018542774705,-1.1664651147622833,0.8513997106635237,0,343.98590087890625
49111.0,8.0,8,45,1,11.293675797405342,-1.0605985456737836,0.613407053921902,0,343.98590087890625
49111.0,8.0,8,47,2,7.194545515524223,-1.627800128946306,0.848528137423857,0,343.98590087890625
49111.0,8.0,8,50,1,10.729403284960016,-1.6199305666111776,0.6466890965784271,0,343.98590087890625
49111.0,8.0,8,52,5,27.6309122271375,2.240005317176234,0.4308640753373011,0,343.98590087890625
49111.0,8.0,8,53,4,37.63314393551574,-3.8881076627635007,0.3414213562373095,0,343.98590087890625
49111.0,8.0,8,54,5,27.668409074756735,-3.862103704124281,0.482842712474619,0,343.98590087890625
49111.0,8.0,8,55,5,17.74339874389675,-3.8069284189937203,0.3414213562373095,0,343.98590087890625
49111.0,8.0,8,56,4,33.43606947330932,-3.7275086011531267,0.4242640687119285,0,343.98590087890625
49111.0,8.0,8,57,4,23.817180355382185,-3.630573705900115,0.4242640687119285,0,343.98590087890625
49111.0,8.0,8,58,2,39.62828059504794,-3.6336803590921907,0.382842712474619,0,343.98590087890625
49111.0,8.0,8,59,2,30.326357532296708,-3.5277446715335725,0.4242640687119285,0,343.98590087890625
49111.0,8.0,8,60,5,21.655837537105906,-3.3330259035477634,0.482842712474619,0,343.98590087890625
49111.0,8.0,8,61,5,17.84990107989238,-3.1679097539636683,0.37888543819998316,0,343.98590087890625
49111.0,8.0,8,62,2,37.042109041907636,-3.4616965343997657,0.4242640687119285,0,343.98590087890625
49111.0,8.0,8,63,4,28.660167140639835,-3.2941197636302255,0.4242640687119285,0,343.98590087890625
49111.0,8.0,8,64,1,43.869667463618434,-3.416055921766798,0.3414213562373095,0,343.98590087890625
49111.0,8.0,8,65,2,35.69082601489208,-3.270516759358272,0.382842712474619,0,343.98590087890625
49111.0,8.0,8,66,4,28.690109792089217,-3.046900583067144,0.3414213562373095,0,343.98590087890625
49111.0,8.0,9,1,1,28.789146367303072,-0.6960766112022625,0.613407053921902,0,344.3194885253906
49111.0,8.0,9,2,4,24.45731546490776,-0.5338694614465704,0.682842712474619,0,344.3194885253906
49111.0,8.0,9,3,2,25.41888626807137,-0.7309788078487234,0.8513997106635237,0,344.3194885253906
49111.0,8.0,9,4,1,27.27781660009243,-0.9074800604987263,0.682842712474619,0,344.3194885253906
49111.0,8.0,9,5,4,22.369476520993032,-0.6559297248350116,0.848528137423857,0,344.3194885253906
49111.0,8.0,9,6,2,23.944790230494593,-0.8613290011847881,0.848528137423857,0,344.3194885253906
49111.0,8.0,9,7,5,19.38673595492491,-0.37770833773783674,0.613407053921902,0,344.3194885253906
49111.0,8.0,9,8,5,19.485050180519675,-0.5579609766869551,0.8513997106635237,0,344.3194885253906
49111.0,8.0,9,9,2,20.679136343099554,-0.8004351931371148,0.848528137423857,0,344.3194885253906
49111.0,8.0,9,10,2,22.925666386293585,-1.005949753593086,0.8513997106635237,0,344.3194885253906
49111.0,8.0,9,11,1,24.978147025090216,-1.124490848200299,0.613407053921902,0,344.3194885253906
49111.0,8.0,9,12,4,17.518572447851223,-0.7171593373406793,0.848528137423857,0,344.3194885253906
49111.0,8.0,9,13,4,19.489994355303004,-0.9664753869364193,0.848528137423857,0,344.3194885253906
49111.0,8.0,9,14,5,14.531829937235138,-0.5985145968589154,0.682842712474619,0,344.3194885253906
49111.0,8.0,9,15,5,16.097626554366773,-0.9102423672791227,0.8513997106635237,0,344.3194885253906
49111.0,8.0,9,16,4,18.896906626296936,-1.1483425447063493,0.682842712474619,0,344.3194885253906
49111.0,8.0,9,17,5,13.074341713256606,-1.0318720427176773,0.613407053921902,0,344.3194885253906
49111.0,8.0,9,18,1,41.17461574052216,0.14419692983246568,0.37888543819998316,0,344.3194885253906
49111.0,8.0,9,19,1,43.94242691805662,0.39955253568905436,0.3414213562373095,0,344.3194885253906
49111.0,8.0,9,20,2,37.106008707041084,0.21856730299813076,0.482842712474619,0,344.3194885253906
49111.0,8.0,9,21,4,31.980851784861365,-0.03134862367159075,0.3414213562373095,0,344.3194885253906
49111.0,8.0,9,22,2,36.88364520482257,0.40990202136968756,0.4242640687119285,0,344.3194885253906
49111.0,8.0,9,23,4,30.105186966924702,0.18881911901343296,0.4242640687119285,0,344.3194885253906
49111.0,8.0,9,24,1,42.37913620715178,0.6567979114045088,0.37888543819998316,0,344.3194885253906
49111.0,8.0,9,25,2,37.99935111318947,0.5966848570270522,0.482842712474619,0,344.3194885253906
49111.0,8.0,9,26,2,29.83068359494491,0.4251477671085948,0.4242640687119285,0,344.3194885253906
49111.0,8.0,9,27,5,23.147109591911843,0.14112019612729299,0.482842712474619,0,344.3194885253906
49111.0,8.0,9,28,5,20.826621949301046,-0.06093924453404398,0.4538461538461539,0,344.3194885253906
49111.0,8.0,9,29,4,31.199632772998118,0.6530368995367839,0.4242640687119285,0,344.3194885253906
49111.0,8.0,9,30,4,22.788946528705534,0.44982437793056773,0.4242640687119285,0,344.3194885253906
49111.0,8.0,9,31,4,34.014180669217374,0.8524917355751094,0.3414213562373095,0,344.3194885253906
49111.0,8.0,9,32,5,24.553685778644773,0.7403120776846186,0.482842712474619,0,344.3194885253906
49111.0,8.0,9,33,5,15.773474063588031,0.49650482662135564,0.3414213562373095,0,344.3194885253906
49111.0,8.0,9,34,5,23.116885302820883,0.9416687447172918,0.4308640753373011,0,344.3194885253906
49111.0,8.0,9,35,5,3.6592284891266984,-1.1181176624690958,0.43533959677349143,1,344.3194885253906
49111.0,8.0,9,38,4,7.324908398465798,-2.0996013313386612,0.6466890965784271,0,344.3194885253906
49111.0,8.0,9,40,4,5.7382910138843695,-2.591895695937616,0.848528137423857,0,344.3194885253906
49111.0,8.0,9,43,2,6.099318361434943,-3.1955109771475994,0.765685424949238,0,344.3194885253906
49111.0,8.0,9,44,2,9.228281737857177,-2.6696471924767,0.8513997106635237,0,344.3194885253906
49111.0,8.0,9,45,1,12.1853532318378,-2.4928499846128265,0.613407053921902,0,344.3194885253906
49111.0,8.0,9,47,2,9.457001879421385,-3.0495938183642375,0.848528137423857,0,344.3194885253906
49111.0,8.0,9,50,1,12.909999404361791,-2.9808456150585996,0.6466890965784271,0,344.3194885253906
49111.0,8.0,9,52,5,27.711690448834023,-5.12876134935912,0.4308640753373011,0,344.3194885253906
49111.0,8.0,9,53,4,38.125131994539906,-5.003481821098021,0.3414213562373095,0,344.3194885253906
49111.0,8.0,9,54,5,28.274452926968408,-4.951037916590051,0.482842712474619,0,344.3194885253906
49111.0,8.0,9,55,5,18.583963168216137,-4.84328982129121,0.3414213562373095,0,344.3194885253906
49111.0,8.0,9,56,4,34.39465205155556,-4.837407490501711,0.4242640687119285,0,344.3194885253906
49111.0,8.0,9,57,4,25.078099777810852,-4.7136127943991255,0.4242640687119285,0,344.3194885253906
49111.0,8.0,9,58,2,40.823271441370274,-4.758794655238747,0.382842712474619,0,344.3194885253906
49111.0,8.0,9,59,2,31.819152878322505,-4.638015084791357,0.4242640687119285,0,344.3194885253906
49111.0,8.0,9,60,5,23.630012454764408,-4.428329723902836,0.482842712474619,0,344.3194885253906
49111.0,8.0,9,61,5,20.157802161234045,-4.263297197620496,0.37888543819998316,0,344.3194885253906
49111.0,8.0,9,62,2,38.6782353698082,-4.589026308515814,0.4242640687119285,0,344.3194885253906
49111.0,8.0,9,63,4,30.690794874694003,-4.414172518955868,0.4242640687119285,0,344.3194885253906
49111.0,8.0,9,64,1,45.60211938880149,-4.554851114053395,0.3414213562373095,0,344.3194885253906
49111.0,8.0,9,65,2,37.75542731143122,-4.405312120456603,0.382842712474619,0,344.3194885253906
49111.0,8.0,9,66,4,31.167150819204313,-4.185564860561562,0.3414213562373095,0,344.3194885253906
49111.0,8.0,10,1,1,27.674949442810224,-0.27357273233106505,0.613407053921902,0,344.4071960449219
49111.0,8.0,10,2,4,23.307962469366153,-0.10549669176673926,0.682842712474619,0,344.4071960449219
49111.0,8.0,10,3,2,24.316574723508843,-0.3115665120794664,0.8513997106635237,0,344.4071960449219
49111.0,8.0,10,4,1,26.255104229360757,-0.494226998929455,0.682842712474619,0,344.4071960449219
49111.0,8.0,10,5,4,21.244038225078693,-0.23458895842041527,0.848528137423857,0,344.4071960449219
49111.0,8.0,10,6,2,22.898555673212503,-0.4489257481661322,0.848528137423857,0,344.4071960449219
49111.0,8.0,10,7,5,18.23316290899071,0.059163526413589684,0.613407053921902,0,344.4071960449219
49111.0,8.0,10,8,5,18.339097958548017,-0.1324444532069078,0.8513997106635237,0,344.4071960449219
49111.0,8.0,10,9,2,19.60503011331092,-0.3882417121872559,0.848528137423857,0,344.4071960449219
49111.0,8.0,10,10,2,21.963421808872038,-0.6011105957935502,0.8513997106635237,0,344.4071960449219
49111.0,8.0,10,11,1,24.099090892020417,-0.7217100910386316,0.613407053921902,0,344.4071960449219
49111.0,8.0,10,12,4,16.412512286924372,-0.30352667908246467,0.848528137423857,0,344.4071960449219
49111.0,8.0,10,13,4,18.504195507480226,-0.5648688601354837,0.848528137423857,0,344.4071960449219
49111.0,8.0,10,14,5,13.393427992603646,-0.17935191877082635,0.682842712474619,0,344.4071960449219
49111.0,8.0,10,15,5,15.080404676389385,-0.5120726560011255,0.8513997106635237,0,344.4071960449219
49111.0,8.0,10,16,4,18.040324193713225,-0.7569989438563196,0.682842712474619,0,344.4071960449219
49111.0,8.0,10,17,5,12.13719839277393,-0.652188671044246,0.613407053921902,0,344.4071960449219
49111.0,8.0,10,18,1,40.21150154496427,0.5932336256118127,0.37888543819998316,0,344.4071960449219
49111.0,8.0,10,19,1,43.17356682438095,0.8527034243522857,0.3414213562373095,0,344.4071960449219
49111.0,8.0,10,20,2,36.19428485217663,0.6712849430063654,0.482842712474619,0,344.4071960449219
49111.0,8.0,10,21,4,30.92079623136698,0.4166204779426954,0.3414213562373095,0,344.4071960449219
49111.0,8.0,10,22,2,36.12551679367001,0.8671386401698005,0.4242640687119285,0,344.4071960449219
49111.0,8.0,10,23,4,29.174001220795024,0.6452513078938704,0.4242640687119285,0,344.4071960449219
49111.0,8.0,10,24,1,41.857436369758204,1.1146252382468251,0.37888543819998316,0,344.4071960449219
49111.0,8.0,10,25,2,37.41763850457381,1.056509956931404,0.482842712474619,0,344.4071960449219
49111.0,8.0,10,26,2,29.08864133781742,0.888564384585385,0.4242640687119285,0,344.4071960449219
49111.0,8.0,10,27,5,22.18599645049544,0.6027719995042098,0.482842712474619,0,344.4071960449219
49111.0,8.0,10,28,5,19.754825494344523,0.39369248487976183,0.4538461538461539,0,344.4071960449219
49111.0,8.0,10,29,4,30.678588013945678,1.1197213709869307,0.4242640687119285,0,344.4071960449219
49111.0,8.0,10,30,4,22.073630108131905,0.9236340824962976,0.4242640687119285,0,344.4071960449219
49111.0,8.0,10,31,4,33.70760255756322,1.318742346059334,0.3414213562373095,0,344.4071960449219
49111.0,8.0,10,32,5,24.130309857104162,1.2178321407124542,0.482842712474619,0,344.4071960449219
49111.0,8.0,10,33,5,15.110964145979372,0.9911808485030216,0.3414213562373095,0,344.4071960449219
49111.0,8.0,10,34,5,22.9201495034325,1.4244865704916352,0.4308640753373011,0,344.4071960449219
49111.0,8.0,10,38,4,7.523483473975567,-1.8197387159315734,0.6466890965784271,1,344.4071960449219
49111.0,8.0,10,40,4,6.451058626907598,-2.30816225882596,0.848528137423857,0,344.4071960449219
49111.0,8.0,10,43,2,7.185367856443706,-2.821760812505073,0.765685424949238,0,344.4071960449219
49111.0,8.0,10,44,2,9.983196033486587,-2.3274690629922774,0.8513997106635237,0,344.4071960449219
49111.0,8.0,10,45,1,12.768652525245091,-2.139487588973168,0.613407053921902,0,344.4071960449219
49111.0,8.0,10,47,2,10.472705327069878,-2.671607306194674,0.848528137423857,0,344.4071960449219
49111.0,8.0,10,50,1,13.882564694711895,-2.5941046700195587,0.6466890965784271,0,344.4071960449219
49111.0,8.0,10,52,5,27.755359138532654,-4.653776951615504,0.4308640753373011,0,344.4071960449219
49111.0,8.0,10,53,4,38.306030553263426,-4.5402700921666455,0.3414213562373095,0,344.4071960449219
49111.0,8.0,10,54,5,28.520542778298715,-4.477931461301988,0.482842712474619,0,344.4071960449219
49111.0,8.0,10,55,5,18.96024113744292,-4.351733423355813,0.3414213562373095,0,344.4071960449219
49111.0,8.0,10,56,4,34.76273965063741,-4.372383108329417,0.4242640687119285,0,344.4071960449219
49111.0,8.0,10,57,4,25.583538684849948,-4.239240458776759,0.4242640687119285,0,344.4071960449219
49111.0,8.0,10,58,2,41.273172590282286,-4.299518088117441,0.382842712474619,0,344.4071960449219
49111.0,8.0,10,59,2,32.39666895358911,-4.173495052497424,0.4242640687119285,0,344.4071960449219
49111.0,8.0,10,60,5,24.405194998394514,-3.9592990662252086,0.482842712474619,0,344.4071960449219
49111.0,8.0,10,61,5,21.06295883109181,-3.7950927818175204,0.37888543819998316,0,344.4071960449219
49111.0,8.0,10,62,2,39.3010288279795,-4.130714964654656,0.4242640687119285,0,344.4071960449219
49111.0,8.0,10,63,4,31.47443804993016,-3.953503273193175,0.4242640687119285,0,344.4071960449219
49111.0,8.0,10,64,1,46.25578422842819,-4.1007572647221355,0.3414213562373095,0,344.4071960449219
49111.0,8.0,10,65,2,38.54435053555997,-3.9498335529169655,0.382842712474619,0,344.4071960449219
49111.0,8.0,10,66,4,32.12065288610022,-3.731589569249313,0.3414213562373095,0,344.4071960449219
49111.0,8.0,11,1,1,26.353823850226057,2.6911299343737354,0.613407053921902,0,345.1556091308594
49111.0,8.0,11,2,4,23.032563473772992,2.899340018156324,0.682842712474619,0,345.1556091308594
49111.0,8.0,11,3,2,22.862418516634005,2.681143380410269,0.8513997106635237,0,345.1556091308594
49111.0,8.0,11,4,1,23.767233341011256,2.4697953970783386,0.682842712474619,0,345.1556091308594
49111.0,8.0,11,5,4,20.3127082199994,2.7948609697303857,0.848528137423857,0,345.1556091308594
49111.0,8.0,11,6,2,20.731553619716465,2.5514649018798305,0.848528137423857,0,345.1556091308594
49111.0,8.0,11,7,5,19.045687434495232,3.1204270920265578,0.613407053921902,0,345.1556091308594
49111.0,8.0,11,8,5,18.097570279789853,2.9387049920910955,0.8513997106635237,0,345.1556091308594
49111.0,8.0,11,9,2,17.880527125571007,2.6601150049529014,0.848528137423857,0,345.1556091308594
49111.0,8.0,11,10,2,19.023786440785866,2.395423776938678,0.8513997106635237,0,345.1556091308594
49111.0,8.0,11,11,1,20.5228723799587,2.2351890393904954,0.613407053921902,0,345.1556091308594
49111.0,8.0,11,12,4,15.317610293037953,2.8074099039301434,0.848528137423857,0,345.1556091308594
49111.0,8.0,11,13,4,15.868849528107887,2.4872977647716588,0.848528137423857,0,345.1556091308594
49111.0,8.0,11,14,5,13.211552516282254,3.0073687448275384,0.682842712474619,0,345.1556091308594
49111.0,8.0,11,15,5,12.912641873250864,2.6228774504147117,0.8513997106635237,0,345.1556091308594
49111.0,8.0,11,16,4,14.45432531815924,2.2729412780494975,0.682842712474619,0,345.1556091308594
49111.0,8.0,11,17,5,9.455287888151123,2.5735759279436206,0.613407053921902,0,345.1556091308594
49111.0,8.0,11,18,1,43.307006813846435,3.467990234711938,0.37888543819998316,0,345.1556091308594
49111.0,8.0,11,19,1,47.308958015585134,3.699142776085513,0.3414213562373095,0,345.1556091308594
49111.0,8.0,11,20,2,39.655011146551104,3.5504227662099748,0.482842712474619,0,345.1556091308594
49111.0,8.0,11,21,4,33.27014141156884,3.3381360068846693,0.3414213562373095,0,345.1556091308594
49111.0,8.0,11,22,2,40.34044841886733,3.726611206648429,0.4242640687119285,0,345.1556091308594
49111.0,8.0,11,23,4,32.584262752868774,3.552292498754357,0.4242640687119285,0,345.1556091308594
49111.0,8.0,11,24,1,46.79735513873783,3.937069023735931,0.37888543819998316,0,345.1556091308594
49111.0,8.0,11,25,2,42.2159170010258,3.89200985764917,0.482842712474619,0,345.1556091308594
49111.0,8.0,11,26,2,33.41505721602455,3.765505860447378,0.4242640687119285,0,345.1556091308594
49111.0,8.0,11,27,5,25.513691408004643,3.5551985590677435,0.482842712474619,0,345.1556091308594
49111.0,8.0,11,28,5,22.206747837520865,3.3974819503810503,0.4538461538461539,0,345.1556091308594
49111.0,8.0,11,29,4,35.65666723562927,3.9601003065192293,0.4242640687119285,0,345.1556091308594
49111.0,8.0,11,30,4,26.566526285254028,3.8245856621925367,0.4242640687119285,0,345.1556091308594
49111.0,8.0,11,31,4,39.06699102765148,4.126257252001958,0.3414213562373095,0,345.1556091308594
49111.0,8.0,11,32,5,29.336192467109576,4.058166510048521,0.482842712474619,0,345.1556091308594
49111.0,8.0,11,33,5,19.874470784903732,3.924022871287298,0.3414213562373095,0,345.1556091308594
49111.0,8.0,11,34,5,28.418924299238487,4.2286004666389525,0.4308640753373011,0,345.1556091308594
49111.0,8.0,11,40,4,4.7667037377611745,-0.5497455146276542,0.765685424949238,1,345.1556091308594
49111.0,8.0,11,43,2,7.914379276019568,-0.8126287393051144,0.765685424949238,0,345.1556091308594
49111.0,8.0,11,44,2,7.4046336560991115,-0.1508779471881614,0.8513997106635237,0,345.1556091308594
49111.0,8.0,11,45,1,8.894517398964322,0.2418917643584959,0.6034068236642477,0,345.1556091308594
49111.0,8.0,11,47,2,9.733680412985489,-0.46549492473227216,0.848528137423857,0,345.1556091308594
49111.0,8.0,11,50,1,12.322810939050663,-0.2452204237642599,0.6466890965784271,0,345.1556091308594
49111.0,8.0,11,52,5,33.3536673834835,-1.889903409646728,0.4308640753373011,0,345.1556091308594
49111.0,8.0,11,53,4,43.87605038371055,-1.7910829207772707,0.3414213562373095,0,345.1556091308594
49111.0,8.0,11,54,5,34.05128775518779,-1.7428571790847447,0.482842712474619,0,345.1556091308594
49111.0,8.0,11,55,5,24.36950139619802,-1.6559534861331007,0.3414213562373095,0,345.1556091308594
49111.0,8.0,11,56,4,40.17862699730798,-1.647405213215126,0.4242640687119285,0,345.1556091308594
49111.0,8.0,11,57,4,30.801046539062607,-1.548643726815214,0.4242640687119285,0,345.1556091308594
49111.0,8.0,11,58,2,46.574176718338336,-1.5776678337542394,0.382842712474619,0,345.1556091308594
49111.0,8.0,11,59,2,37.46380036119806,-1.4789181432323515,0.4242640687119285,0,345.1556091308594
49111.0,8.0,11,60,5,28.946826043910228,-1.3196194365399947,0.482842712474619,0,345.1556091308594
49111.0,8.0,11,61,5,25.101990723302148,-1.2009696273579884,0.37888543819998316,0,345.1556091308594
49111.0,8.0,11,62,2,44.253454182763036,-1.4304084147847935,0.4242640687119285,0,345.1556091308594
49111.0,8.0,11,63,4,35.954841226441296,-1.2904132363442264,0.4242640687119285,0,345.1556091308594
49111.0,8.0,11,64,1,51.11946866613649,-1.3948636656406999,0.3414213562373095,0,345.1556091308594
49111.0,8.0,11,65,2,42.98351401666465,-1.270746135481018,0.382842712474619,0,345.1556091308594
49111.0,8.0,11,66,4,35.804537111007335,-1.09306003785955,0.3414213562373095,0,345.1556091308594
49111.0,8.0,12,1,1,28.74153853461045,3.1431785706283986,0.613407053921902,0,345.3648986816406
49111.0,8.0,12,2,4,25.400177682535862,3.3324884620836457,0.682842712474619,0,345.3648986816406
49111.0,8.0,12,3,2,25.248790616186504,3.1348190524851223,0.8513997106635237,0,345.3648986816406
49111.0,8.0,12,4,1,26.07362323988867,2.9423200681363415,0.682842712474619,0,345.3648986816406
49111.0,8.0,12,5,4,22.70218221044313,3.237300688338166,0.848528137423857,0,345.3648986816406
49111.0,8.0,12,6,2,23.080759917987866,3.019065452821761,0.848528137423857,0,345.3648986816406
49111.0,8.0,12,7,5,21.293051584010897,3.526919320441956,0.613407053921902,0,345.3648986816406
49111.0,8.0,12,8,5,20.451814752053014,3.363936256922339,0.8513997106635237,0,345.3648986816406
49111.0,8.0,12,9,2,20.263492490879454,3.117879784904286,0.848528137423857,0,345.3648986816406
49111.0,8.0,12,10,2,21.282423010633984,2.8816131149401674,0.8513997106635237,0,345.3648986816406
49111.0,8.0,12,11,1,22.63457996289101,2.734394000334594,0.613407053921902,0,345.3648986816406
49111.0,8.0,12,12,4,17.705840207797564,3.2468385675895575,0.848528137423857,0,345.3648986816406
49111.0,8.0,12,13,4,18.18871020000307,2.968625453499034,0.848528137423857,0,345.3648986816406
49111.0,8.0,12,14,5,15.53655132261319,3.4153633755712085,0.682842712474619,0,345.3648986816406
49111.0,8.0,12,15,5,15.287799981548307,3.089901176466893,0.8513997106635237,0,345.3648986816406
49111.0,8.0,12,16,4,16.614729295160462,2.78625929573605,0.682842712474619,0,345.3648986816406
49111.0,8.0,12,17,5,11.817030867326984,3.0563154251306086,0.613407053921902,0,345.3648986816406
49111.0,8.0,12,18,1,45.1363669254673,3.8802565139473097,0.37888543819998316,0,345.3648986816406
49111.0,8.0,12,19,1,48.74150712716062,4.106370569890882,0.3414213562373095,0,345.3648986816406
49111.0,8.0,12,20,2,41.35697425559949,3.9560420769942457,0.482842712474619,0,345.3648986816406
49111.0,8.0,12,21,4,35.285466160015346,3.7476625871067117,0.3414213562373095,0,345.3648986816406
49111.0,8.0,12,22,2,41.72738451725179,4.126229553064351,0.4242640687119285,0,345.3648986816406
49111.0,8.0,12,23,4,34.29051503261294,3.9492639428984484,0.4242640687119285,0,345.3648986816406
49111.0,8.0,12,24,1,47.745340258995064,4.33772523836814,0.37888543819998316,0,345.3648986816406
49111.0,8.0,12,25,2,43.2660365381768,4.2888392218503,0.482842712474619,0,345.3648986816406
49111.0,8.0,12,26,2,34.736360204749715,4.1540971370919895,0.4242640687119285,0,345.3648986816406
49111.0,8.0,12,27,5,27.226448957317018,3.938967854558067,0.482842712474619,0,345.3648986816406
49111.0,8.0,12,28,5,24.158061265362825,3.784884215157075,0.4538461538461539,0,345.3648986816406
49111.0,8.0,12,29,4,36.570343440366884,4.345996223038211,0.4242640687119285,0,345.3648986816406
49111.0,8.0,12,30,4,27.785874503021397,4.19595403327262,0.4242640687119285,0,345.3648986816406
49111.0,8.0,12,31,4,39.60006715169371,4.514085314857375,0.3414213562373095,0,345.3648986816406
49111.0,8.0,12,32,5,30.04713165960971,4.428347060129679,0.482842712474619,0,345.3648986816406
49111.0,8.0,12,33,5,20.916379311945693,4.26550259778328,0.3414213562373095,0,345.3648986816406
49111.0,8.0,12,34,5,28.73913396951656,4.5927568374829235,0.4308640753373011,0,345.3648986816406
49111.0,8.0,12,43,2,5.815086275524658,-0.5346007869218707,0.6242640687119285,1,345.3648986816406
49111.0,8.0,12,44,2,5.113475302319354,0.40773324810934275,0.7685569981889047,0,345.3648986816406
49111.0,8.0,12,45,1,7.108467525449796,0.8893621675885813,0.6034068236642477,0,345.3648986816406
49111.0,8.0,12,47,2,7.350869282170839,-0.042571929569672484,0.848528137423857,0,345.3648986816406
49111.0,8.0,12,50,1,9.962696924795534,0.2367896423434399,0.6466890965784271,0,345.3648986816406
49111.0,8.0,12,52,5,33.26729806266337,4.768627671200962,0.4308640753373011,0,345.3648986816406
49111.0,8.0,12,53,4,43.53338969327701,-1.398135682965975,0.3414213562373095,0,345.3648986816406
49111.0,8.0,12,54,5,33.612807391498656,-1.3652531251017959,0.482842712474619,0,345.3648986816406
49111.0,8.0,12,55,5,23.758906188822248,-1.304976853479131,0.3414213562373095,0,345.3648986816406
49111.0,8.0,12,56,4,39.50438102046724,-1.257896658080097,0.4242640687119285,0,345.3648986816406
49111.0,8.0,12,57,4,29.920911121847908,-1.1748001185080799,0.4242640687119285,0,345.3648986816406
49111.0,8.0,12,58,2,45.73151450457898,-1.1790591604220542,0.382842712474619,0,345.3648986816406
49111.0,8.0,12,59,2,36.41478026068244,-1.0900041080674743,0.4242640687119285,0,345.3648986816406
49111.0,8.0,12,60,5,27.580808979887752,-0.9419979791646511,0.482842712474619,0,345.3648986816406
49111.0,8.0,12,61,5,23.516662715204546,-0.8275750554549643,0.37888543819998316,0,345.3648986816406
49111.0,8.0,12,62,2,43.0907359011894,-1.0311608925605935,0.4242640687119285,0,345.3648986816406
49111.0,8.0,12,63,4,34.517768222428906,-0.8975729614077792,0.4242640687119285,0,345.3648986816406
49111.0,8.0,12,64,1,49.87571372500166,-0.9882104298113685,0.3414213562373095,0,345.3648986816406
49111.0,8.0,12,65,2,41.50001954372538,-0.8680536296168986,0.382842712474619,0,345.3648986816406
49111.0,8.0,12,66,4,34.01347416364371,-0.6913673023704157,0.3414213562373095,0,345.3648986816406
49111.0,8.0,13,1,1,30.938359658295813,3.6452603708019176,0.613407053921902,0,345.6629943847656
49111.0,8.0,13,2,4,27.399930061392457,3.816267314287683,0.682842712474619,0,345.6629943847656
49111.0,8.0,13,3,2,27.454545497548963,3.633724229001706,0.8513997106635237,0,345.6629943847656
49111.0,8.0,13,4,1,28.4033091308878,3.457698404552228,0.682842712474619,0,345.6629943847656
49111.0,8.0,13,5,4,24.813241499870433,3.7237995144291913,0.848528137423857,0,345.6629943847656
49111.0,8.0,13,6,2,25.371102751726823,3.525441061990181,0.848528137423857,0,345.6629943847656
49111.0,8.0,13,7,5,23.02812863020673,3.9860152226683754,0.613407053921902,0,345.6629943847656
49111.0,8.0,13,8,5,22.419675264927424,3.8341782403451243,0.8513997106635237,0,345.6629943847656
49111.0,8.0,13,9,2,22.48639010807619,3.6110481649129724,0.848528137423857,0,345.6629943847656
49111.0,8.0,13,10,2,23.635431902133178,3.3995746227992796,0.8513997106635237,0,345.6629943847656
49111.0,8.0,13,11,1,25.009613591093853,3.267080572870466,0.613407053921902,0,345.6629943847656
49111.0,8.0,13,12,4,19.813697922056168,3.720752678207833,0.848528137423857,0,345.6629943847656
49111.0,8.0,13,13,4,20.50801127496962,3.4744918699116916,0.848528137423857,0,345.6629943847656
49111.0,8.0,13,14,5,17.4507166213998,3.8623029640381383,0.682842712474619,0,345.6629943847656
49111.0,8.0,13,15,5,17.53634544904346,3.575542563384823,0.8513997106635237,0,345.6629943847656
49111.0,8.0,13,16,4,18.9873461235628,3.3125660423610324,0.682842712474619,0,345.6629943847656
49111.0,8.0,13,17,5,14.092316411403331,3.5358823655871765,0.613407053921902,0,345.6629943847656
49111.0,8.0,13,18,1,46.173643115949346,4.365805264725404,0.37888543819998316,0,345.6629943847656
49111.0,8.0,13,19,1,49.273717010177755,4.591489150026787,0.3414213562373095,0,345.6629943847656
49111.0,8.0,13,20,2,42.236133703437595,4.43559954039085,0.482842712474619,0,345.6629943847656
49111.0,8.0,13,21,4,36.60440946703325,4.225051030372036,0.3414213562373095,0,345.6629943847656
49111.0,8.0,13,22,2,42.222988533765225,4.603239037349242,0.4242640687119285,0,345.6629943847656
49111.0,8.0,13,23,4,35.19620097308864,4.4184078221955065,0.4242640687119285,0,345.6629943847656
49111.0,8.0,13,24,1,47.73546511895002,4.820325402257287,0.37888543819998316,0,345.6629943847656
49111.0,8.0,13,25,2,43.378226464786245,4.766424649808828,0.482842712474619,0,345.6629943847656
49111.0,8.0,13,26,2,35.18042543014308,4.619696298130391,0.4242640687119285,0,345.6629943847656
49111.0,8.0,13,27,5,28.17186780569287,4.392631883124884,0.482842712474619,0,345.6629943847656
49111.0,8.0,13,28,5,25.429314516306224,4.236274572469174,0.4538461538461539,0,345.6629943847656
49111.0,8.0,13,29,4,36.55888543095468,4.813384830557236,0.4242640687119285,0,345.6629943847656
49111.0,8.0,13,30,4,28.15215633249515,4.644380515078092,0.4242640687119285,0,345.6629943847656
49111.0,8.0,13,31,4,39.184714806432915,4.987066948788748,0.3414213562373095,0,345.6629943847656
49111.0,8.0,13,32,5,29.856886587135293,4.881639860788818,0.482842712474619,0,345.6629943847656
49111.0,8.0,13,33,5,21.152434349091727,4.685442319533949,0.3414213562373095,0,345.6629943847656
49111.0,8.0,13,34,5,28.165925305103325,5.044078181581922,0.4308640753373011,0,345.6629943847656
49111.0,8.0,13,44,2,3.881507203470014,1.3999059080590022,0.7685569981889047,0,345.6629943847656
49111.0,8.0,13,45,1,6.849323247302705,1.761696151416507,0.6034068236642477,0,345.6629943847656
49111.0,8.0,13,47,2,5.197209195760342,0.6519573463033703,0.7195315787953919,1,345.6629943847656
49111.0,8.0,13,50,1,8.18240611227469,0.9434823789424318,0.6466890965784271,0,345.6629943847656
49111.0,8.0,13,52,5,32.283263756944905,5.235010132851441,0.4308640753373011,0,345.6629943847656
49111.0,8.0,13,53,4,42.285966799879326,-0.9128918568087916,0.3414213562373095,0,345.6629943847656
49111.0,8.0,13,54,5,32.31245565437689,-0.8932137782652605,0.482842712474619,0,345.6629943847656
49111.0,8.0,13,55,5,22.362615961278976,-0.8559978740090077,0.3414213562373095,0,345.6629943847656
49111.0,8.0,13,56,4,37.986636609785364,-0.7727054140151783,0.4242640687119285,0,345.6629943847656
49111.0,8.0,13,57,4,28.2661699411056,-0.7010383792069299,0.4242640687119285,0,345.6629943847656
49111.0,8.0,13,58,2,44.066703205841236,-0.6844403201236018,0.382842712474619,0,345.6629943847656
49111.0,8.0,13,59,2,34.6102027391819,-0.6011489233833487,0.4242640687119285,0,345.6629943847656
49111.0,8.0,13,60,5,25.570645980554545,-0.4572803429787968,0.482842712474619,0,345.6629943847656
49111.0,8.0,13,61,5,21.37413944397852,-0.34093944748793437,0.37888543819998316,0,345.6629943847656
49111.0,8.0,13,62,2,41.19169702931753,-0.5326641533597001,0.4242640687119285,0,345.6629943847656
49111.0,8.0,13,63,4,32.44607382058209,-0.3999256517374028,0.4242640687119285,0,345.6629943847656
49111.0,8.0,13,64,1,47.91289674673093,-0.4832122282156748,0.3414213562373095,0,345.6629943847656
49111.0,8.0,13,65,2,39.390829857702606,-0.3627055409405351,0.382842712474619,0,345.6629943847656
49111.0,8.0,13,66,4,31.743176890381523,-0.18024286866435668,0.3414213562373095,0,345.6629943847656
49111.0,8.0,14,1,1,34.54916780452299,3.081594769482729,0.613407053921902,0,345.90411376953125
49111.0,8.0,14,2,4,30.826280933104265,3.2299268271910075,0.682842712474619,0,345.90411376953125
49111.0,8.0,14,3,2,31.075947271412232,3.0684064388102623,0.8513997106635237,0,345.90411376953125
49111.0,8.0,14,4,1,32.11182650464652,2.9134056689509604,0.682842712474619,0,345.90411376953125
49111.0,8.0,14,5,4,28.353651431745433,3.1444230677268767,0.848528137423857,0,345.90411376953125
49111.0,8.0,14,6,2,29.058294033921637,2.9717542306169595,0.848528137423857,0,345.90411376953125
49111.0,8.0,14,7,5,26.193055727730556,3.369852875858158,0.613407053921902,0,345.90411376953125
49111.0,8.0,14,8,5,25.82914245983104,3.2359208977025196,0.8513997106635237,0,345.90411376953125
49111.0,8.0,14,9,2,26.126605268560482,3.043490414749897,0.848528137423857,0,345.90411376953125
49111.0,8.0,14,10,2,27.35058327546413,2.861887236013192,0.8513997106635237,0,345.90411376953125
49111.0,8.0,14,11,1,28.69882989535194,2.746538191002821,0.613407053921902,0,345.90411376953125
49111.0,8.0,14,12,4,23.362674366529596,3.132757266372403,0.848528137423857,0,345.90411376953125
49111.0,8.0,14,13,4,24.21300180079754,2.9252223964286053,0.848528137423857,0,345.90411376953125
49111.0,8.0,14,14,5,20.833377168712367,3.2447901374843804,0.682842712474619,0,345.90411376953125
49111.0,8.0,14,15,5,21.201049665116855,3.0069648122373325,0.8513997106635237,0,345.90411376953125
49111.0,8.0,14,16,4,22.69227642947435,2.788951129448162,0.682842712474619,0,345.90411376953125
49111.0,8.0,14,17,5,17.777907912160444,2.969389431371689,0.613407053921902,0,345.90411376953125
49111.0,8.0,14,18,1,48.36543264393362,3.7654000895567554,0.37888543819998316,0,345.90411376953125
49111.0,8.0,14,19,1,50.746332612126835,3.986348611084177,0.3414213562373095,0,345.90411376953125
49111.0,8.0,14,20,2,44.22782019135082,3.8261043236537753,0.482842712474619,0,345.90411376953125
49111.0,8.0,14,21,4,39.20471762653458,3.6180744888517675,0.3414213562373095,0,345.90411376953125
49111.0,8.0,14,22,2,43.675281112697064,3.9866712349355846,0.4242640687119285,0,345.90411376953125
49111.0,8.0,14,23,4,37.26177646826523,3.7961940780256462,0.4242640687119285,0,345.90411376953125
49111.0,8.0,14,24,1,48.40976532703748,4.2073897585788425,0.37888543819998316,0,345.90411376953125
49111.0,8.0,14,25,2,44.260143263073225,4.147119867499116,0.482842712474619,0,345.90411376953125
49111.0,8.0,14,26,2,36.60423591560979,3.9871185049611557,0.4242640687119285,0,345.90411376953125
49111.0,8.0,14,27,5,30.344355196040485,3.7525916710125835,0.482842712474619,0,345.90411376953125
49111.0,8.0,14,28,5,28.03987865366744,3.6003236430375534,0.4538461538461539,0,345.90411376953125
49111.0,8.0,14,29,4,37.300136572943956,4.177844164635291,0.4242640687119285,0,345.90411376953125
49111.0,8.0,14,30,4,29.533201547717827,3.987779951870041,0.4242640687119285,0,345.90411376953125
49111.0,8.0,14,31,4,39.27760544833308,4.35544489943376,0.3414213562373095,0,345.90411376953125
49111.0,8.0,14,32,5,30.39144772880647,4.22259694596533,0.482842712474619,0,345.90411376953125
49111.0,8.0,14,33,5,22.462188236025167,3.9888578415826097,0.3414213562373095,0,345.90411376953125
49111.0,8.0,14,34,5,28.11627818713485,4.37505746406608,0.4308640753373011,0,345.90411376953125
49111.0,8.0,14,44,2,4.126078413829274,1.826127692538036,0.5463203463203463,0,345.90411376953125
49111.0,8.0,14,45,1,7.589002235558766,1.7352972299817526,0.5088475864909691,0,345.90411376953125
49111.0,8.0,14,50,1,5.8231887416300525,0.8253967122762287,0.4123535091110747,1,345.90411376953125
49111.0,8.0,14,52,5,31.495320295101116,4.584171141483219,0.4308640753373011,0,345.90411376953125
49111.0,8.0,14,53,4,40.96254873951004,4.749941983881436,0.3414213562373095,0,345.90411376953125
49111.0,8.0,14,54,5,30.965144994567478,4.743544176193817,0.482842712474619,0,345.90411376953125
49111.0,8.0,14,55,5,20.970217209948945,4.731046664085019,0.3414213562373095,0,345.90411376953125
49111.0,8.0,14,56,4,36.197656083360435,-1.3974595505360705,0.4242640687119285,0,345.90411376953125
49111.0,8.0,14,57,4,26.290304509972728,-1.3534321736114232,0.4242640687119285,0,345.90411376953125
49111.0,8.0,14,58,2,41.9726149688567,-1.2927273017923993,0.382842712474619,0,345.90411376953125
49111.0,8.0,14,59,2,32.28947526086086,-1.2248771383510455,0.4242640687119285,0,345.90411376953125
49111.0,8.0,14,60,5,22.880559825310158,-1.1001838664897314,0.482842712474619,0,345.90411376953125
49111.0,8.0,14,61,5,18.411271563054058,-0.9909068297312946,0.37888543819998316,0,345.90411376953125
49111.0,8.0,14,62,2,38.65281767240778,-1.137568227589341,0.4242640687119285,0,345.90411376953125
49111.0,8.0,14,63,4,29.57955576600586,-1.0131497891929273,0.4242640687119285,0,345.90411376953125
49111.0,8.0,14,64,1,45.22687713529481,-1.0752734007750133,0.3414213562373095,0,345.90411376953125
49111.0,8.0,14,65,2,36.41950330123825,-0.9585124391743096,0.382842712474619,0,345.90411376953125
49111.0,8.0,14,66,4,28.412849663607403,-0.7719976939346025,0.3414213562373095,0,345.90411376953125
49111.0,8.0,15,1,1,37.28171246773728,2.337803719137012,0.613407053921902,0,346.2615966796875
49111.0,8.0,15,2,4,33.79565680054283,2.4790565765635377,0.682842712474619,0,346.2615966796875
49111.0,8.0,15,3,2,33.79014831575083,2.330961304018482,0.8513997106635237,0,346.2615966796875
49111.0,8.0,15,4,1,34.51668912020386,2.185981747990247,0.682842712474619,0,346.2615966796875
49111.0,8.0,15,5,4,31.20030240146218,2.405103505202618,0.848528137423857,0,346.2615966796875
49111.0,8.0,15,6,2,31.592508203101698,2.2461699859411084,0.848528137423857,0,346.2615966796875
49111.0,8.0,15,7,5,29.32838596736415,2.611241840438542,0.613407053921902,0,346.2615966796875
49111.0,8.0,15,8,5,28.812212977918502,2.492085380315003,0.8513997106635237,0,346.2615966796875
49111.0,8.0,15,9,2,28.80575153168715,2.3183099730479597,0.848528137423857,0,346.2615966796875
49111.0,8.0,15,10,2,29.654662802427175,2.149519435915277,0.8513997106635237,0,346.2615966796875
49111.0,8.0,15,11,1,30.722767114306468,2.039039169337101,0.613407053921902,0,346.2615966796875
49111.0,8.0,15,12,4,26.20030664033429,2.4053312206418456,0.848528137423857,0,346.2615966796875
49111.0,8.0,15,13,4,26.666154065929838,2.2167113578086006,0.848528137423857,0,346.2615966796875
49111.0,8.0,15,14,5,23.835704621214656,2.510558908780168,0.682842712474619,0,346.2615966796875
49111.0,8.0,15,15,5,23.82789372584482,2.3003687363864094,0.8513997106635237,0,346.2615966796875
49111.0,8.0,15,16,4,24.847459106124237,2.098857601890968,0.682842712474619,0,346.2615966796875
49111.0,8.0,15,17,5,20.349854006443287,2.282591350326854,0.613407053921902,0,346.2615966796875
49111.0,8.0,15,18,1,51.652816953856,2.966196156560698,0.37888543819998316,0,346.2615966796875
49111.0,8.0,15,19,1,53.91433286365221,3.1740539865213098,0.3414213562373095,0,346.2615966796875
49111.0,8.0,15,20,2,47.49748095818779,3.022346691439858,0.482842712474619,0,346.2615966796875
49111.0,8.0,15,21,4,42.488423206964676,2.8293848759834535,0.3414213562373095,0,346.2615966796875
49111.0,8.0,15,22,2,46.84421192482492,3.1717514377162086,0.4242640687119285,0,346.2615966796875
49111.0,8.0,15,23,4,40.54177598599538,2.99335721420122,0.4242640687119285,0,346.2615966796875
49111.0,8.0,15,24,1,51.31395501929319,3.3811564014665256,0.37888543819998316,0,346.2615966796875
49111.0,8.0,15,25,2,47.25198074517518,3.3219382982521513,0.482842712474619,0,346.2615966796875
49111.0,8.0,15,26,2,39.77442763363325,3.1686303249320718,0.4242640687119285,0,346.2615966796875
49111.0,8.0,15,27,5,33.634216251071635,2.9524132237456486,0.482842712474619,0,346.2615966796875
49111.0,8.0,15,28,5,31.319134845078537,2.8157607251664274,0.4538461538461539,0,346.2615966796875
49111.0,8.0,15,29,4,40.25387667129249,3.3451701435420382,0.4242640687119285,0,346.2615966796875
49111.0,8.0,15,30,4,32.70519830712464,3.16415989436208,0.4242640687119285,0,346.2615966796875
49111.0,8.0,15,31,4,41.93738285291683,3.5125163985951104,0.3414213562373095,0,346.2615966796875
49111.0,8.0,15,32,5,33.286626290341374,3.378151887682824,0.482842712474619,0,346.2615966796875
49111.0,8.0,15,33,5,25.636983032985142,3.15722422450317,0.3414213562373095,0,346.2615966796875
49111.0,8.0,15,34,5,30.757059155545154,3.5130461771985306,0.4308640753373011,0,346.2615966796875
49111.0,8.0,15,44,2,4.444919777632507,1.816671960210008,0.3963203463203463,1,346.2615966796875
49111.0,8.0,15,45,1,7.017599665401379,1.3885168959355938,0.39486116788158376,0,346.2615966796875
49111.0,8.0,15,52,5,33.68035304717278,3.7134246941219464,0.4308640753373011,0,346.2615966796875
49111.0,8.0,15,53,4,42.697868450852866,3.8879358027448507,0.3414213562373095,0,346.2615966796875
49111.0,8.0,15,54,5,32.74695985106189,3.8614685945016607,0.482842712474619,0,346.2615966796875
49111.0,8.0,15,55,5,22.8389752118562,3.811973250591289,0.3414213562373095,0,346.2615966796875
49111.0,8.0,15,56,4,37.55972408007754,-2.2738677255052595,0.4242640687119285,0,346.2615966796875
49111.0,8.0,15,57,4,27.56788497894387,-2.261315078893629,0.4242640687119285,0,346.2615966796875
49111.0,8.0,15,58,2,43.00119029115419,-2.1614484868769335,0.382842712474619,0,346.2615966796875
49111.0,8.0,15,59,2,33.14148119346473,-2.1172293375731703,0.4242640687119285,0,346.2615966796875
49111.0,8.0,15,60,5,23.40113640269418,-2.0359105071037584,0.482842712474619,0,346.2615966796875
49111.0,8.0,15,61,5,18.63440070294347,-1.9636140103535789,0.37888543819998316,0,346.2615966796875
49111.0,8.0,15,62,2,39.20111311150837,-2.0160799832995533,0.4242640687119285,0,346.2615966796875
49111.0,8.0,15,63,4,29.765461165955347,-1.9190875591985754,0.4242640687119285,0,346.2615966796875
49111.0,8.0,15,64,1,45.553229991579855,-1.9425496621644671,0.3414213562373095,0,346.2615966796875
49111.0,8.0,15,65,2,36.391649755218474,-1.844066615328699,0.382842712474619,0,346.2615966796875
49111.0,8.0,15,66,4,27.813801990148985,-1.6823282071710015,0.3414213562373095,0,346.2615966796875
49111.0,8.0,16,1,1,35.77854742231257,0.5918052262372011,0.613407053921902,0,346.54229736328125
49111.0,8.0,16,2,4,32.738470023501556,0.7465919105000733,0.682842712474619,0,346.54229736328125
49111.0,8.0,16,3,2,32.27890822548972,0.5932840018252872,0.8513997106635237,0,346.54229736328125
49111.0,8.0,16,4,1,32.58908426113667,0.43926774518390377,0.682842712474619,0,346.54229736328125
49111.0,8.0,16,5,4,29.924765133049284,0.6781821417699987,0.848528137423857,0,346.54229736328125
49111.0,8.0,16,6,2,29.843124250286532,0.5106946719477705,0.848528137423857,0,346.54229736328125
49111.0,8.0,16,7,5,28.71795383696098,0.8964886420698959,0.613407053921902,0,346.54229736328125
49111.0,8.0,16,8,5,27.821847895255562,0.7767220773865646,0.8513997106635237,0,346.54229736328125
49111.0,8.0,16,9,2,27.279584253734775,0.5960547023517049,0.848528137423857,0,346.54229736328125
49111.0,8.0,16,10,2,27.6459077225996,0.41422475051145735,0.8513997106635237,0,346.54229736328125
49111.0,8.0,16,11,1,28.427637283661245,0.2924552599081003,0.613407053921902,0,346.54229736328125
49111.0,8.0,16,12,4,24.954746424181284,0.6981894397400747,0.848528137423857,0,346.54229736328125
49111.0,8.0,16,13,4,24.8567871183117,0.4971323909959908,0.848528137423857,0,346.54229736328125
49111.0,8.0,16,14,5,22.94129510585143,0.8197262049604976,0.682842712474619,0,346.54229736328125
49111.0,8.0,16,15,5,22.28056367966575,0.6000687531199802,0.8513997106635237,0,346.54229736328125
49111.0,8.0,16,16,4,22.72760468314949,0.378311665382,0.682842712474619,0,346.54229736328125
49111.0,8.0,16,17,5,18.78155953222626,0.6041499452118553,0.613407053921902,0,346.54229736328125
49111.0,8.0,16,18,1,52.122061874759595,1.2029650420541218,0.37888543819998316,0,346.54229736328125
49111.0,8.0,16,19,1,55.03377273459942,1.40485570817334,0.3414213562373095,0,346.54229736328125
49111.0,8.0,16,20,2,48.15555144428619,1.2637362173521498,0.482842712474619,0,346.54229736328125
49111.0,8.0,16,21,4,42.53466972251048,1.0807334791029248,0.3414213562373095,0,346.54229736328125
49111.0,8.0,16,22,2,47.96961995868263,1.4109405795762457,0.4242640687119285,0,346.54229736328125
49111.0,8.0,16,23,4,41.125727136188104,1.246599548267736,0.4242640687119285,0,346.54229736328125
49111.0,8.0,16,24,1,53.038582619709146,1.608827301563713,0.37888543819998316,0,346.54229736328125
49111.0,8.0,16,25,2,48.81814972996816,1.5561327097315414,0.482842712474619,0,346.54229736328125
49111.0,8.0,16,26,2,40.90785666051629,1.4191266624184218,0.4242640687119285,0,346.54229736328125
49111.0,8.0,16,27,5,34.11295545767184,1.222407394699649,0.482842712474619,0,346.54229736328125
49111.0,8.0,16,28,5,31.365813026398353,1.0946031428826553,0.4538461538461539,0,346.54229736328125
49111.0,8.0,16,29,4,41.89964248814655,1.5884359791404576,0.4242640687119285,0,346.54229736328125
49111.0,8.0,16,30,4,33.849978347618645,1.4307274883036563,0.4242640687119285,0,346.54229736328125
49111.0,8.0,16,31,4,44.01939736879236,1.7456740333868646,0.3414213562373095,0,346.54229736328125
49111.0,8.0,16,32,5,35.04209380461447,1.6334459635214698,0.482842712474619,0,346.54229736328125
49111.0,8.0,16,33,5,26.799054679431425,1.4484362876692591,0.3414213562373095,0,346.54229736328125
49111.0,8.0,16,34,5,32.86633747527135,1.7661955509802425,0.4308640753373011,0,346.54229736328125
49111.0,8.0,16,41,5,14.171781114844944,1.9877194607924231,0.2364187548616728,0,346.54229736328125
49111.0,8.0,16,45,1,3.774793890619815,-0.34569885223443575,0.16797041157906273,1,346.54229736328125
49111.0,8.0,16,52,5,36.226005067017454,1.9467593228764613,0.4308640753373011,0,346.54229736328125
49111.0,8.0,16,53,4,45.544815845964784,2.0989866303257068,0.3414213562373095,0,346.54229736328125
49111.0,8.0,16,54,5,35.56081050739143,2.084938223840588,0.482842712474619,0,346.54229736328125
49111.0,8.0,16,55,5,25.58929927611064,2.0599325480015076,0.3414213562373095,0,346.54229736328125
49111.0,8.0,16,56,4,40.579533610180256,-4.067025028554178,0.4242640687119285,0,346.54229736328125
49111.0,8.0,16,57,4,30.609468167864414,-4.045086703935926,0.4242640687119285,0,346.54229736328125
49111.0,8.0,16,58,2,46.1392008177092,-3.9660066893244266,0.382842712474619,0,346.54229736328125
49111.0,8.0,16,59,2,36.31895986391479,-3.919892286483896,0.4242640687119285,0,346.54229736328125
49111.0,8.0,16,60,5,26.632833854030803,-3.8399460422638483,0.482842712474619,0,346.54229736328125
49111.0,8.0,16,61,5,21.89585202375754,-3.773664143203805,0.37888543819998316,0,346.54229736328125
49111.0,8.0,16,62,2,42.44047772673868,-3.8297114602690048,0.4242640687119285,0,346.54229736328125
49111.0,8.0,16,63,4,33.036875505615804,-3.7388313091866348,0.4242640687119285,0,346.54229736328125
49111.0,8.0,16,64,1,48.81927338409442,-3.762662362955842,0.3414213562373095,0,346.54229736328125
49111.0,8.0,16,65,2,39.66815406911073,-3.6710074433633926,0.382842712474619,0,346.54229736328125
49111.0,8.0,16,66,4,31.04518385757221,-3.5265780572581855,0.3414213562373095,0,346.54229736328125
49111.0,8.0,17,1,1,31.611120450772468,2.4261451994200858,0.613407053921902,0,348.934814453125
49111.0,8.0,17,2,4,28.98254554160932,2.608377318720406,0.682842712474619,0,348.934814453125
49111.0,8.0,17,3,2,28.1225808784214,2.435636980750851,0.8513997106635237,0,348.934814453125
49111.0,8.0,17,4,1,28.138428606715895,2.2576600720939877,0.682842712474619,0,348.934814453125
49111.0,8.0,17,5,4,25.987275320879576,2.5399196054756086,0.848528137423857,0,348.934814453125
49111.0,8.0,17,6,2,25.519210171850755,2.3463116542085474,0.848528137423857,0,348.934814453125
49111.0,8.0,17,7,5,25.473972511344087,2.792430809941538,0.613407053921902,0,348.934814453125
49111.0,8.0,17,8,5,24.18258468284646,2.6612706190927247,0.8513997106635237,0,348.934814453125
49111.0,8.0,17,9,2,23.14495649455697,2.4541574297830375,0.848528137423857,0,348.934814453125
49111.0,8.0,17,10,2,23.16420990076781,2.237797281099986,0.8513997106635237,0,348.934814453125
49111.0,8.0,17,11,1,23.81081155192228,2.0912018400578223,0.613407053921902,0,348.934814453125
49111.0,8.0,17,12,4,21.098529201695047,2.584717546078485,0.848528137423857,0,348.934814453125
49111.0,8.0,17,13,4,20.519248126251437,2.345460288953899,0.848528137423857,0,348.934814453125
49111.0,8.0,17,14,5,19.483502195822556,2.7399962853489526,0.682842712474619,0,348.934814453125
49111.0,8.0,17,15,5,18.179616800321092,2.4828095363190212,0.8513997106635237,0,348.934814453125
49111.0,8.0,17,16,4,18.20412250558679,2.207092213999187,0.682842712474619,0,348.934814453125
49111.0,8.0,17,17,5,14.717849235422419,2.5143508084147603,0.613407053921902,0,348.934814453125
49111.0,8.0,17,18,1,49.95909314998443,3.055743023401979,0.37888543819998316,0,348.934814453125
49111.0,8.0,17,19,1,53.74883464649829,3.2590763158736054,0.3414213562373095,0,348.934814453125
49111.0,8.0,17,20,2,46.26792024978434,3.12590828731577,0.482842712474619,0,348.934814453125
49111.0,8.0,17,21,4,39.90618576892801,2.946109436326209,0.3414213562373095,0,348.934814453125
49111.0,8.0,17,22,2,46.74011436571472,3.2777695567030602,0.4242640687119285,0,348.934814453125
49111.0,8.0,17,23,4,39.19721302980456,3.124231444308905,0.4242640687119285,0,348.934814453125
49111.0,8.0,17,24,1,52.7035532806649,3.4686027570108915,0.37888543819998316,0,348.934814453125
49111.0,8.0,17,25,2,48.25511514440493,3.4233314963737898,0.482842712474619,0,348.934814453125
49111.0,8.0,17,26,2,39.7534823126675,3.303045037459432,0.4242640687119285,0,348.934814453125
49111.0,8.0,17,27,5,32.12666453846955,3.121816500875462,0.482842712474619,0,348.934814453125
49111.0,8.0,17,28,5,28.861985093878268,2.9973686985778496,0.4538461538461539,0,348.934814453125
49111.0,8.0,17,29,4,41.52417612263072,3.471739038257447,0.4242640687119285,0,348.934814453125
49111.0,8.0,17,30,4,32.80305505661087,3.339063284050152,0.4242640687119285,0,348.934814453125
49111.0,8.0,17,31,4,44.364118940230775,3.622758611679166,0.3414213562373095,0,348.934814453125
49111.0,8.0,17,32,5,34.927900992283114,3.5386409140345747,0.482842712474619,0,348.934814453125
49111.0,8.0,17,33,5,25.917976119105457,3.3943249305289642,0.3414213562373095,0,348.934814453125
49111.0,8.0,17,34,5,33.38813746824332,3.678053934038937,0.4308640753373011,0,348.934814453125
49111.0,8.0,17,39,4,9.92442183551325,3.868277269147039,0.6366888663207728,0,348.934814453125
49111.0,8.0,17,41,5,16.033681600765615,-2.238717933405342,0.6034068236642477,0,348.934814453125
49111.0,8.0,17,42,5,12.567938260074957,-2.2043044193125936,0.8513997106635237,0,348.934814453125
49111.0,8.0,17,46,4,10.876746050211626,-1.937963146990593,0.848528137423857,0,348.934814453125
49111.0,8.0,17,48,4,14.239470776002806,-1.8502032508957038,0.682842712474619,0,348.934814453125
49111.0,8.0,17,49,2,10.181067585107787,-1.6070471580605137,0.7685569981889047,0,348.934814453125
49111.0,8.0,17,51,1,12.83630617750449,-1.407247195750689,0.6034068236642477,0,348.934814453125
49111.0,8.0,17,52,5,37.53246022149362,3.840076375275333,0.4308640753373011,0,348.934814453125
49111.0,8.0,17,53,4,47.45220551002655,-2.320825186994526,0.3414213562373095,0,348.934814453125
49111.0,8.0,17,54,5,37.46324900685448,-2.309681736369048,0.482842712474619,0,348.934814453125
49111.0,8.0,17,55,5,27.482326039354316,-2.2904401701836115,0.3414213562373095,0,348.934814453125
49111.0,8.0,17,56,4,42.981541070897755,-2.1994434606351154,0.4242640687119285,0,348.934814453125
49111.0,8.0,17,57,4,33.1541263074909,-2.1504352840156815,0.4242640687119285,0,348.934814453125
49111.0,8.0,17,58,2,48.90123433522878,-2.1150607320962633,0.382842712474619,0,348.934814453125
49111.0,8.0,17,59,2,39.28248894727455,-2.052650723254,0.4242640687119285,0,348.934814453125
49111.0,8.0,17,60,5,29.91483171065043,-1.9505189644542549,0.482842712474619,0,348.934814453125
49111.0,8.0,17,61,5,25.412374258782492,-1.8716366252522283,0.37888543819998316,0,348.934814453125
49111.0,8.0,17,62,2,45.68404299722645,-1.98173948877615,0.4242640687119285,0,348.934814453125
49111.0,8.0,17,63,4,36.58982102930027,-1.8799771984069977,0.4242640687119285,0,348.934814453125
49111.0,8.0,17,64,1,52.258488604743654,-1.928455258423503,0.3414213562373095,0,348.934814453125
49111.0,8.0,17,65,2,43.390469571507424,-1.8313645407949068,0.382842712474619,0,348.934814453125
49111.0,8.0,17,66,4,35.135680838994716,-1.6866807374866495,0.3414213562373095,0,348.934814453125
49111.0,8.0,18,1,1,28.872806277327996,1.606681355829079,0.613407053921902,0,350.1946105957031
49111.0,8.0,18,2,4,26.062774365682774,1.8045081752255956,0.682842712474619,0,350.1946105957031
49111.0,8.0,18,3,2,25.375370268927558,1.6116299007545654,0.8513997106635237,0,350.1946105957031
49111.0,8.0,18,4,1,25.662241229749483,1.4157023977176117,0.682842712474619,0,350.1946105957031
49111.0,8.0,18,5,4,23.126126392678945,1.724293822633248,0.848528137423857,0,350.1946105957031
49111.0,8.0,18,6,2,22.901068328330087,1.506820267693558,0.848528137423857,0,350.1946105957031
49111.0,8.0,18,7,5,22.477259208388233,2.0089250022818077,0.613407053921902,0,350.1946105957031
49111.0,8.0,18,8,5,21.230309172858288,1.8590775702654114,0.8513997106635237,0,350.1946105957031
49111.0,8.0,18,9,2,20.38056025294281,1.6216450596418748,0.848528137423857,0,350.1946105957031
49111.0,8.0,18,10,2,20.736644976285678,1.3784474221425798,0.8513997106635237,0,350.1946105957031
49111.0,8.0,18,11,1,21.67965154070958,1.2193122277156763,0.613407053921902,0,350.1946105957031
49111.0,8.0,18,12,4,18.20097639877656,1.7663081690181077,0.848528137423857,0,350.1946105957031
49111.0,8.0,18,13,4,17.914149450015845,1.488975206208709,0.848528137423857,0,350.1946105957031
49111.0,8.0,18,14,5,16.497995257418715,1.945347986181631,0.682842712474619,0,350.1946105957031
49111.0,8.0,18,15,5,15.389121357715393,1.6381596911698186,0.8513997106635237,0,350.1946105957031
49111.0,8.0,18,16,4,15.857687877215067,1.318135682237854,0.682842712474619,0,350.1946105957031
49111.0,8.0,18,17,5,11.899392006298212,1.6579597696154011,0.613407053921902,1,350.1946105957031
49111.0,8.0,18,18,1,47.04409128164517,2.29124106491298,0.37888543819998316,0,350.1946105957031
49111.0,8.0,18,19,1,51.0423542477917,2.504716543874083,0.3414213562373095,0,350.1946105957031
49111.0,8.0,18,20,2,43.41202995086066,2.3672977975334426,0.482842712474619,0,350.1946105957031
49111.0,8.0,18,21,4,36.93083754468326,2.176817875908672,0.3414213562373095,0,350.1946105957031
49111.0,8.0,18,22,2,44.061558707612704,2.5284662956360497,0.4242640687119285,0,350.1946105957031
49111.0,8.0,18,23,4,36.34148281292006,2.3694581575666174,0.4242640687119285,0,350.1946105957031
49111.0,8.0,18,24,1,50.33484238959826,2.725295854001668,0.37888543819998316,0,350.1946105957031
49111.0,8.0,18,25,2,45.80652319303856,2.681141909478962,0.482842712474619,0,350.1946105957031
49111.0,8.0,18,26,2,37.114956342851094,2.5611308864956515,0.4242640687119285,0,350.1946105957031
49111.0,8.0,18,27,5,29.271187226163306,2.3726621855157486,0.482842712474619,0,350.1946105957031
49111.0,8.0,18,28,5,25.912228971622405,2.2380788937221636,0.4538461538461539,0,350.1946105957031
49111.0,8.0,18,29,4,39.17060882373059,2.738806403211831,0.4242640687119285,0,350.1946105957031
49111.0,8.0,18,30,4,30.226131292626317,2.6087565975423446,0.4242640687119285,0,350.1946105957031
49111.0,8.0,18,31,4,42.322017991958965,2.8944306252462657,0.3414213562373095,0,350.1946105957031
49111.0,8.0,18,32,5,32.717512500327125,2.8195833092984017,0.482842712474619,0,350.1946105957031
49111.0,8.0,18,33,5,23.44606665320273,2.6841907816899644,0.3414213562373095,0,350.1946105957031
49111.0,8.0,18,34,5,31.49433987477308,2.9707571773968207,0.4308640753373011,0,350.1946105957031
49111.0,8.0,18,35,5,7.161482623921366,2.573307931335793,0.6034068236642477,0,350.1946105957031
49111.0,8.0,18,36,5,11.041562329720724,3.109506723975142,0.682842712474619,0,350.1946105957031
49111.0,8.0,18,37,5,6.04626391499655,3.0829744810069815,0.7685569981889047,0,350.1946105957031
49111.0,8.0,18,39,4,8.80145516234551,-2.895311986413766,0.848528137423857,0,350.1946105957031
49111.0,8.0,18,41,5,15.26024483963774,-2.8322454162520554,0.613407053921902,0,350.1946105957031
49111.0,8.0,18,42,5,11.973884859132705,-2.7431397859648814,0.8513997106635237,0,350.1946105957031
49111.0,8.0,18,46,4,11.132090231103865,-2.444608155180832,0.848528137423857,0,350.1946105957031
49111.0,8.0,18,48,4,14.657139508049553,-2.423307544186919,0.682842712474619,0,350.1946105957031
49111.0,8.0,18,49,2,11.378617983178307,-2.1299370996187017,0.7685569981889047,0,350.1946105957031
49111.0,8.0,18,51,1,14.465248741869962,-2.001232870609869,0.6034068236642477,0,350.1946105957031
49111.0,8.0,18,52,5,36.037620002404424,3.1317633776844933,0.4308640753373011,0,350.1946105957031
49111.0,8.0,18,53,4,46.2697034578675,-3.041016610694512,0.3414213562373095,0,350.1946105957031
49111.0,8.0,18,54,5,36.33411448454963,-3.0133788520161824,0.482842712474619,0,350.1946105957031
49111.0,8.0,18,55,5,26.44712257833964,-2.9650134113212268,0.3414213562373095,0,350.1946105957031
49111.0,8.0,18,56,4,42.154293810551934,-2.9107264148054504,0.4242640687119285,0,350.1946105957031
49111.0,8.0,18,57,4,32.50026005993953,-2.840262261105688,0.4242640687119285,0,350.1946105957031
49111.0,8.0,18,58,2,48.30943073517132,-2.8335792787294527,0.382842712474619,0,350.1946105957031
49111.0,8.0,18,59,2,38.89837419807772,-2.755562169792429,0.4242640687119285,0,350.1946105957031
49111.0,8.0,18,60,5,29.872494581990335,-2.6291856879382087,0.482842712474619,0,350.1946105957031
49111.0,8.0,18,61,5,25.63215053794206,-2.533402275271824,0.37888543819998316,0,350.1946105957031
49111.0,8.0,18,62,2,45.49615507428794,-2.695091980963016,0.4242640687119285,0,350.1946105957031
49111.0,8.0,18,63,4,36.73122028793789,-2.5772595804156238,0.4242640687119285,0,350.1946105957031
49111.0,8.0,18,64,1,52.217973321775276,-2.6500585686772045,0.3414213562373095,0,350.1946105957031
49111.0,8.0,18,65,2,43.657750229838896,-2.541738018135082,0.382842712474619,0,350.1946105957031
49111.0,8.0,18,66,4,35.85082387377396,-2.3836156259543175,0.3414213562373095,0,350.1946105957031
49111.0,8.0,19,1,1,15.359110186748229,3.5263050027805867,0.613407053921902,0,359.1007080078125
49111.0,8.0,19,2,4,11.863073772414443,3.8990798359876493,0.682842712474619,1,359.1007080078125
49111.0,8.0,19,3,2,11.927003817223579,3.4756123615102554,0.8513997106635237,0,359.1007080078125
49111.0,8.0,19,4,1,13.920284507954001,3.1178323948666677,0.682842712474619,0,359.1007080078125
49111.0,8.0,19,5,4,9.12967343718359,3.6831872526544824,0.848528137423857,0,359.1007080078125
49111.0,8.0,19,6,2,10.481976807641484,3.1860138364778994,0.848528137423857,0,359.1007080078125
49111.0,8.0,19,7,5,8.839333887502075,4.422768220915892,0.613407053921902,0,359.1007080078125
49111.0,8.0,19,8,5,7.031959476786354,4.040275656239304,0.8513997106635237,0,359.1007080078125
49111.0,8.0,19,9,2,7.13928251363425,3.3192459115566053,0.848528137423857,0,359.1007080078125
49111.0,8.0,19,10,2,10.123747109435426,2.842887111033194,0.8513997106635237,0,359.1007080078125
49111.0,8.0,19,11,1,12.973237300081463,2.665316021431618,0.613407053921902,0,359.1007080078125
49111.0,8.0,19,12,4,4.1312070661047215,3.6630236517077526,0.848528137423857,0,359.1007080078125
49111.0,8.0,19,13,4,6.6021036457595805,2.804588036172211,0.848528137423857,0,359.1007080078125
49111.0,8.0,19,14,5,2.8573394682087363,4.664255338372058,0.682842712474619,0,359.1007080078125
49111.0,8.0,19,15,5,3.112119786078573,2.679706997987088,0.765685424949238,0,359.1007080078125
49111.0,8.0,19,16,4,7.823438520830857,2.3387282041458697,0.682842712474619,0,359.1007080078125
49111.0,8.0,19,18,1,34.86683447334042,4.601499487196156,0.37888543819998316,0,359.1007080078125
49111.0,8.0,19,19,1,40.8823957161527,4.851763181897978,0.3414213562373095,0,359.1007080078125
49111.0,8.0,19,20,2,32.0064381171154,4.724338704859445,0.482842712474619,0,359.1007080078125
49111.0,8.0,19,21,4,24.03027012743249,4.506418511116769,0.3414213562373095,0,359.1007080078125
49111.0,8.0,19,22,2,34.37451257795283,4.925548610199961,0.4242640687119285,0,359.1007080078125
49111.0,8.0,19,23,4,25.192239210210634,4.790860031122997,0.4242640687119285,0,359.1007080078125
49111.0,8.0,19,24,1,42.86351885079687,5.115380353214584,0.37888543819998316,0,359.1007080078125
49111.0,8.0,19,25,2,37.9315455656494,5.094994877034455,0.482842712474619,0,359.1007080078125
49111.0,8.0,19,26,2,28.139721932733693,5.032855295558402,0.4242640687119285,0,359.1007080078125
49111.0,8.0,19,27,5,18.571099910996395,4.905674033337465,0.482842712474619,0,359.1007080078125
49111.0,8.0,19,28,5,14.014515782949074,4.777987773456783,0.4538461538461539,0,359.1007080078125
49111.0,8.0,19,29,4,32.38887130603154,5.220345288430108,0.4242640687119285,0,359.1007080078125
49111.0,8.0,19,30,4,22.407159256168775,5.197905608033237,0.4242640687119285,0,359.1007080078125
49111.0,8.0,19,31,4,37.499786912804886,-0.9225108363063943,0.3414213562373095,0,359.1007080078125
49111.0,8.0,19,32,5,27.554959988328953,-0.889875829076817,0.482842712474619,0,359.1007080078125
49111.0,8.0,19,33,5,17.672510331332283,-0.8205835621581739,0.3414213562373095,0,359.1007080078125
49111.0,8.0,19,34,5,28.600555146916772,-0.7154850825320023,0.4308640753373011,0,359.1007080078125
49111.0,8.0,19,35,5,10.146971901480988,0.32474781420363263,0.613407053921902,0,359.1007080078125
49111.0,8.0,19,36,5,15.257499545158733,0.05578239275070995,0.682842712474619,0,359.1007080078125
49111.0,8.0,19,37,5,13.576162679374363,0.38443675852210846,0.8513997106635237,0,359.1007080078125
49111.0,8.0,19,38,4,13.63206124631032,0.754050854065752,0.682842712474619,0,359.1007080078125
49111.0,8.0,19,39,4,16.595472578700104,0.26180891474414847,0.848528137423857,0,359.1007080078125
49111.0,8.0,19,40,4,15.872322162705288,0.5678364829246847,0.848528137423857,0,359.1007080078125
49111.0,8.0,19,41,5,21.335243064364512,0.024870147879656468,0.613407053921902,0,359.1007080078125
49111.0,8.0,19,42,5,19.786541565517126,0.1777820017660896,0.8513997106635237,0,359.1007080078125
49111.0,8.0,19,43,2,18.52101854246292,0.4311421958381141,0.848528137423857,0,359.1007080078125
49111.0,8.0,19,44,2,18.56203190861856,0.7016220184729327,0.8513997106635237,0,359.1007080078125
49111.0,8.0,19,45,1,19.374304092921545,0.8813868932028956,0.613407053921902,0,359.1007080078125
49111.0,8.0,19,46,4,21.42721738499437,0.33002802577114276,0.848528137423857,0,359.1007080078125
49111.0,8.0,19,47,2,20.872147603687633,0.5655410550784905,0.848528137423857,0,359.1007080078125
49111.0,8.0,19,48,4,24.499452277088867,0.2536439872701477,0.682842712474619,0,359.1007080078125
49111.0,8.0,19,49,2,23.48923290794472,0.4581301806347755,0.8513997106635237,0,359.1007080078125
49111.0,8.0,19,50,1,23.521585051394634,0.6712458519314854,0.682842712474619,0,359.1007080078125
49111.0,8.0,19,51,1,26.97397295414722,0.47110041731987873,0.613407053921902,0,359.1007080078125
49111.0,8.0,19,52,5,35.002668308843646,-0.6205648806709307,0.4308640753373011,0,359.1007080078125
49111.0,8.0,19,53,4,46.16124913864126,-0.6032201633318626,0.3414213562373095,0,359.1007080078125
49111.0,8.0,19,54,5,37.20084304813999,-0.4960316023025828,0.482842712474619,0,359.1007080078125
49111.0,8.0,19,55,5,28.929993517886967,-0.3244866882399893,0.3414213562373095,0,359.1007080078125
49111.0,8.0,19,56,4,44.057890979022645,-0.4533817122110255,0.4242640687119285,0,359.1007080078125
49111.0,8.0,19,57,4,35.97415126131653,-0.3053820653006776,0.4242640687119285,0,359.1007080078125
49111.0,8.0,19,58,2,50.97345183079663,-0.42225988471657505,0.382842712474619,0,359.1007080078125
49111.0,8.0,19,59,2,43.02713786669038,-0.2925371905926468,0.4242640687119285,0,359.1007080078125
49111.0,8.0,19,60,5,36.11615143466726,-0.10893299546528779,0.482842712474619,0,359.1007080078125
49111.0,8.0,19,61,5,33.255034132866804,0.009455593802054185,0.37888543819998316,0,359.1007080078125
49111.0,8.0,19,62,2,50.08522363957538,-0.2833113694701197,0.4242640687119285,0,359.1007080078125
49111.0,8.0,19,63,4,43.145931772056066,-0.12826237346599711,0.4242640687119285,0,359.1007080078125
49111.0,8.0,19,64,1,57.146519238299895,-0.27636504546456386,0.3414213562373095,0,359.1007080078125
49111.0,8.0,19,65,2,50.187313760611026,-0.14217190019887305,0.382842712474619,0,359.1007080078125
49111.0,8.0,19,66,4,44.40504773062015,0.03087073135192897,0.3414213562373095,0,359.1007080078125
49111.0,8.0,20,1,1,5.22421387094513,-0.9340571266253024,0.6034068236642477,0,360.6825866699219
49111.0,8.0,20,3,2,2.329832273920192,-1.5058767692304968,0.8513997106635237,0,360.6825866699219
49111.0,8.0,20,4,1,7.01765753685694,-1.93934677102143,0.682842712474619,0,360.6825866699219
49111.0,8.0,20,5,4,1.2849386960533518,-4.2089300229029485,0.848528137423857,0,360.6825866699219
49111.0,8.0,20,6,2,4.524429945597586,-2.3879700623984075,0.848528137423857,0,360.6825866699219
49111.0,8.0,20,7,5,7.54655134910159,-4.776640326437755,0.6034068236642477,1,360.6825866699219
49111.0,8.0,20,8,5,4.78267879756005,-4.4172822221228625,0.8513997106635237,0,360.6825866699219
49111.0,8.0,20,9,2,4.085757623823925,-3.228448906258472,0.848528137423857,0,360.6825866699219
49111.0,8.0,20,10,2,7.778998280025534,-2.621319482834272,0.8513997106635237,0,360.6825866699219
49111.0,8.0,20,11,1,10.997108413425941,-2.472395856249481,0.613407053921902,0,360.6825866699219
49111.0,8.0,20,12,4,6.157626522342069,-3.8076733859429694,0.848528137423857,0,360.6825866699219
49111.0,8.0,20,13,4,7.532314602342056,-3.086249792033521,0.848528137423857,0,360.6825866699219
49111.0,8.0,20,14,5,9.17274841128141,-4.053969695079468,0.682842712474619,0,360.6825866699219
49111.0,8.0,20,15,5,8.829423101011216,-3.492339033406045,0.765685424949238,0,360.6825866699219
49111.0,8.0,20,16,4,11.035312010843889,-3.0337545723740864,0.682842712474619,0,360.6825866699219
49111.0,8.0,20,18,1,30.33119073284958,0.6208870634473813,0.37888543819998316,0,360.6825866699219
49111.0,8.0,20,19,1,38.647220216317315,0.8395871244853423,0.3414213562373095,0,360.6825866699219
49111.0,8.0,20,20,2,28.831344543890694,0.7823563117117076,0.482842712474619,0,360.6825866699219
49111.0,8.0,20,21,4,19.20638503124795,0.6670032805665986,0.3414213562373095,0,360.6825866699219
49111.0,8.0,20,22,2,33.14652811780694,0.9638098188441471,0.4242640687119285,0,360.6825866699219
49111.0,8.0,20,23,4,23.158823891220724,0.9459166234886034,0.4242640687119285,0,360.6825866699219
49111.0,8.0,20,24,1,43.27029957650618,-5.194017806021694,0.37888543819998316,0,360.6825866699219
49111.0,8.0,20,25,2,38.29018443832043,-5.183073391042175,0.482842712474619,0,360.6825866699219
49111.0,8.0,20,26,2,28.35096157241595,-5.149660288813606,0.4242640687119285,0,360.6825866699219
49111.0,8.0,20,27,5,18.47744083580342,-5.080376898884288,0.482842712474619,0,360.6825866699219
49111.0,8.0,20,28,5,13.610114574118056,-5.008210560204608,0.4538461538461539,0,360.6825866699219
49111.0,8.0,20,29,4,34.22313428277189,-5.023111454508861,0.4242640687119285,0,360.6825866699219
49111.0,8.0,20,30,4,24.67512346264241,-4.92077855943594,0.4242640687119285,0,360.6825866699219
49111.0,8.0,20,31,4,40.48047453023082,-4.934602393458849,0.3414213562373095,0,360.6825866699219
49111.0,8.0,20,32,5,31.245921589107855,-4.826660502602795,0.482842712474619,0,360.6825866699219
49111.0,8.0,20,33,5,22.670386271801505,-4.633085774331221,0.3414213562373095,0,360.6825866699219
49111.0,8.0,20,34,5,33.72792482333758,-4.692856509876272,0.4308640753373011,0,360.6825866699219
49111.0,8.0,20,35,5,20.366627024854818,-3.8608319667535618,0.613407053921902,0,360.6825866699219
49111.0,8.0,20,36,5,24.982309848065817,-4.038092305679259,0.682842712474619,0,360.6825866699219
49111.0,8.0,20,37,5,23.83139115168838,-3.838345530978068,0.8513997106635237,0,360.6825866699219
49111.0,8.0,20,38,4,23.701362895512485,-3.6276451176569156,0.682842712474619,0,360.6825866699219
49111.0,8.0,20,39,4,26.72373763628109,-3.918938454242184,0.848528137423857,0,360.6825866699219
49111.0,8.0,20,40,4,26.13383921533136,-3.7307829767927085,0.848528137423857,0,360.6825866699219
49111.0,8.0,20,41,5,30.89429596324859,-4.092669746641378,0.613407053921902,0,360.6825866699219
49111.0,8.0,20,42,5,29.75535417837942,-3.983461122770489,0.8513997106635237,0,360.6825866699219
49111.0,8.0,20,43,2,28.795841733847727,-3.815625303248433,0.848528137423857,0,360.6825866699219
49111.0,8.0,20,44,2,28.688323409373567,-3.6414843221487216,0.8513997106635237,0,360.6825866699219
49111.0,8.0,20,45,1,29.128053131934767,-3.5212949061596888,0.613407053921902,0,360.6825866699219
49111.0,8.0,20,46,4,31.62947122841009,-3.8856995094497324,0.848528137423857,0,360.6825866699219
49111.0,8.0,20,47,2,31.132665306215376,-3.726984738156024,0.848528137423857,0,360.6825866699219
49111.0,8.0,20,48,4,34.59257722715722,-3.944016587147289,0.682842712474619,0,360.6825866699219
49111.0,8.0,20,49,2,33.77078320230139,-3.799592768766943,0.8513997106635237,0,360.6825866699219
49111.0,8.0,20,50,1,33.67915077576699,-3.6512233658975934,0.682842712474619,0,360.6825866699219
49111.0,8.0,20,51,1,37.25723427674236,-3.7909190321975164,0.613407053921902,0,360.6825866699219
49111.0,8.0,20,52,5,40.681922409649495,-4.658262429747802,0.4308640753373011,0,360.6825866699219
49111.0,8.0,20,53,4,51.755630709332166,-4.691835287493503,0.3414213562373095,0,360.6825866699219
49111.0,8.0,20,54,5,43.77538244128516,-4.565144936069977,0.482842712474619,0,360.6825866699219
49111.0,8.0,20,55,5,36.79569140049942,-4.386473574563768,0.3414213562373095,0,360.6825866699219
49111.0,8.0,20,56,4,50.83040434559622,-4.555051984028578,0.4242640687119285,0,360.6825866699219
49111.0,8.0,20,57,4,43.83342108137143,-4.403550895253721,0.4242640687119285,0,360.6825866699219
49111.0,8.0,20,58,2,57.88934188598828,-4.547419842959742,0.382842712474619,0,360.6825866699219
49111.0,8.0,20,59,2,50.88039604555813,-4.415900587885834,0.4242640687119285,0,360.6825866699219
49111.0,8.0,20,60,5,45.01614709760107,-4.246448363958656,0.482842712474619,0,360.6825866699219
49111.0,8.0,20,61,5,42.66465631401314,-4.145719534926936,0.37888543819998316,0,360.6825866699219
49111.0,8.0,20,62,2,57.93324261431322,-4.42524450460667,0.4242640687119285,0,360.6825866699219
49111.0,8.0,20,63,4,51.902787955647305,-4.279642372083589,0.4242640687119285,0,360.6825866699219
49111.0,8.0,20,64,1,64.99004922189941,-4.432559770731131,0.3414213562373095,0,360.6825866699219
49111.0,8.0,20,65,2,58.83319892394869,-4.305038791080156,0.382842712474619,0,360.6825866699219
49111.0,8.0,20,66,4,53.84221478900108,-4.150922526190794,0.3414213562373095,0,360.6825866699219
49111.0,8.0,21,1,1,11.563548512947948,2.985315565608824,0.6034068236642477,0,361.4273986816406
49111.0,8.0,21,3,2,9.91639338564206,2.695916368376892,0.8513997106635237,0,361.4273986816406
49111.0,8.0,21,4,1,14.72519187576424,2.582525286206819,0.682842712474619,0,361.4273986816406
49111.0,8.0,21,5,4,6.896713081417088,2.473094641964165,0.848528137423857,0,361.4273986816406
49111.0,8.0,21,6,2,11.876913291198903,2.4239732445821587,0.848528137423857,0,361.4273986816406
49111.0,8.0,21,8,5,4.668452085646115,1.9844889195576125,0.765685424949238,0,361.4273986816406
49111.0,8.0,21,9,2,9.502150434256508,2.176788654322637,0.848528137423857,0,361.4273986816406
49111.0,8.0,21,10,2,14.449473377064947,2.2385754944281353,0.8513997106635237,0,361.4273986816406
49111.0,8.0,21,11,1,17.92999647166714,2.261484030988986,0.613407053921902,0,361.4273986816406
49111.0,8.0,21,12,4,8.03247511193313,1.8066126607521595,0.848528137423857,0,361.4273986816406
49111.0,8.0,21,13,4,12.57048425571158,2.015897485198274,0.848528137423857,0,361.4273986816406
49111.0,8.0,21,14,5,7.984387889651224,1.361509888341892,0.682842712474619,0,361.4273986816406
49111.0,8.0,21,15,5,11.499863824049251,1.7347207930877637,0.765685424949238,0,361.4273986816406
49111.0,8.0,21,16,4,15.834875622212644,1.9196176534049771,0.682842712474619,0,361.4273986816406
49111.0,8.0,21,18,1,24.565104102981714,4.925449703511463,0.37888543819998316,0,361.4273986816406
49111.0,8.0,21,19,1,31.7554327428903,5.233198522909176,0.3414213562373095,0,361.4273986816406
49111.0,8.0,21,20,2,22.257590720623035,5.115433491319384,0.482842712474619,0,361.4273986816406
49111.0,8.0,21,21,4,13.505301947209464,4.835527868316601,0.3414213562373095,0,361.4273986816406
49111.0,8.0,21,22,2,25.86232649596576,5.369666964553163,0.4242640687119285,0,361.4273986816406
49111.0,8.0,21,23,4,15.995398331472327,5.2897032753757625,0.4242640687119285,0,361.4273986816406
49111.0,8.0,21,24,1,35.690658454024536,-0.7378731538756895,0.37888543819998316,0,361.4273986816406
49111.0,8.0,21,25,2,30.697223308975367,-0.7301348777383421,0.482842712474619,0,361.4273986816406
49111.0,8.0,21,26,2,20.719854123029815,-0.7034730937326059,0.4242640687119285,0,361.4273986816406
49111.0,8.0,21,27,5,10.784488438408696,-0.6275183401208255,0.482842712474619,0,361.4273986816406
49111.0,8.0,21,28,5,5.899288845059073,-0.49386243981456923,0.3894427190999916,1,361.4273986816406
49111.0,8.0,21,29,4,26.50984613265048,-0.5300634962217394,0.4242640687119285,0,361.4273986816406
49111.0,8.0,21,30,4,17.022478608455902,-0.3811390303258997,0.4242640687119285,0,361.4273986816406
49111.0,8.0,21,31,4,32.805967888083586,-0.4208713172327654,0.3414213562373095,0,361.4273986816406
49111.0,8.0,21,32,5,23.73234849467087,-0.27008010491193746,0.482842712474619,0,361.4273986816406
49111.0,8.0,21,33,5,15.818255310591049,0.04674025837066953,0.3414213562373095,0,361.4273986816406
49111.0,8.0,21,34,5,26.55523244426496,-0.10550313502820385,0.4308640753373011,0,361.4273986816406
49111.0,8.0,21,35,5,18.70826720180709,1.020042708649177,0.613407053921902,0,361.4273986816406
49111.0,8.0,21,36,5,21.70534605258456,0.7554295120653105,0.682842712474619,0,361.4273986816406
49111.0,8.0,21,37,5,22.127323951660212,0.9832588723497402,0.8513997106635237,0,361.4273986816406
49111.0,8.0,21,38,4,23.624455195008906,1.1922935742018277,0.682842712474619,0,361.4273986816406
49111.0,8.0,21,39,4,24.26619580425205,0.8616940234020427,0.848528137423857,0,361.4273986816406
49111.0,8.0,21,40,4,25.146464499200825,1.0612729741327074,0.848528137423857,0,361.4273986816406
49111.0,8.0,21,41,5,27.01630174097477,0.6311620479952249,0.613407053921902,0,361.4273986816406
49111.0,8.0,21,42,5,26.703521347546726,0.7610398581713602,0.8513997106635237,0,361.4273986816406
49111.0,8.0,21,43,2,27.047633359651844,0.9469125094408302,0.848528137423857,0,361.4273986816406
49111.0,8.0,21,44,2,28.285524360658737,1.1222781331147667,0.8513997106635237,0,361.4273986816406
49111.0,8.0,21,45,1,29.627156140218826,1.234004957764954,0.613407053921902,0,361.4273986816406
49111.0,8.0,21,46,4,29.254132424441085,0.8486659258798526,0.848528137423857,0,361.4273986816406
49111.0,8.0,21,47,2,29.988342433452416,1.0158413900353223,0.848528137423857,0,361.4273986816406
49111.0,8.0,21,48,4,31.702272118182936,0.7648810391403766,0.682842712474619,0,361.4273986816406
49111.0,8.0,21,49,2,31.99266283782247,0.9217768912905078,0.8513997106635237,0,361.4273986816406
49111.0,8.0,21,50,1,33.04583019767932,1.0722441251586083,0.682842712474619,0,361.4273986816406
49111.0,8.0,21,51,1,35.46335684931831,0.9083583798854646,0.613407053921902,0,361.4273986816406
49111.0,8.0,21,52,5,33.59523712174258,-0.08333660918149954,0.4308640753373011,0,361.4273986816406
49111.0,8.0,21,53,4,44.537659641746004,-0.14265561651267644,0.3414213562373095,0,361.4273986816406
49111.0,8.0,21,54,5,37.02156077696544,0.019964188575296138,0.482842712474619,0,361.4273986816406
49111.0,8.0,21,55,5,30.9449317071646,0.2551474480419098,0.3414213562373095,0,361.4273986816406
49111.0,8.0,21,56,4,44.09144530926282,0.016762503083711966,0.4242640687119285,0,361.4273986816406
49111.0,8.0,21,57,4,37.829200169422684,0.20795312138231292,0.4242640687119285,0,361.4273986816406
49111.0,8.0,21,58,2,51.161656898080246,0.014445703653580111,0.382842712474619,0,361.4273986816406
49111.0,8.0,21,59,2,44.771731846729104,0.17534008848253402,0.4242640687119285,0,361.4273986816406
49111.0,8.0,21,60,5,39.89361864451446,0.3822638375184988,0.482842712474619,0,361.4273986816406
49111.0,8.0,21,61,5,38.20991005685855,0.5029225953869303,0.37888543819998316,0,361.4273986816406
49111.0,8.0,21,62,2,51.74908269382738,0.15150153843927594,0.4242640687119285,0,361.4273986816406
49111.0,8.0,21,63,4,46.52913491191428,0.32554485815804846,0.4242640687119285,0,361.4273986816406
49111.0,8.0,21,64,1,58.74884804615111,0.13333521139077487,0.3414213562373095,0,361.4273986816406
49111.0,8.0,21,65,2,53.27682406777161,0.2830837681882703,0.382842712474619,0,361.4273986816406
49111.0,8.0,21,66,4,49.248480369924344,0.4620060682330569,0.3414213562373095,0,361.4273986816406
49111.0,8.0,22,1,1,14.421322487019353,3.2405134913177895,0.6034068236642477,0,361.6495056152344
49111.0,8.0,22,3,2,12.673551686628755,3.015739630054718,0.8513997106635237,0,361.6495056152344
49111.0,8.0,22,4,1,17.378421711086073,2.90164037939578,0.682842712474619,0,361.6495056152344
49111.0,8.0,22,5,4,9.478826298796674,2.877449627764065,0.848528137423857,0,361.6495056152344
49111.0,8.0,22,6,2,14.361015869967442,2.784936475141671,0.848528137423857,0,361.6495056152344
49111.0,8.0,22,8,5,6.639080030536484,2.6111683709777602,0.765685424949238,0,361.6495056152344
49111.0,8.0,22,9,2,11.63907266351429,2.6101919598848387,0.848528137423857,0,361.6495056152344
49111.0,8.0,22,10,2,16.639069724033938,2.6098023665584043,0.8513997106635237,0,361.6495056152344
49111.0,8.0,22,11,1,20.13906853485411,2.6096447548271433,0.613407053921902,0,361.6495056152344
49111.0,8.0,22,12,4,9.470863113553827,2.343413698738056,0.848528137423857,0,361.6495056152344
49111.0,8.0,22,13,4,14.3557611059244,2.4349242561352993,0.848528137423857,0,361.6495056152344
49111.0,8.0,22,14,5,8.302197526244685,1.964853502219463,0.682842712474619,0,361.6495056152344
49111.0,8.0,22,15,5,12.661639411208986,2.204240317119219,0.765685424949238,0,361.6495056152344
49111.0,8.0,22,16,4,17.36973636513168,2.3178141342798844,0.682842712474619,0,361.6495056152344
49111.0,8.0,22,18,1,23.71870441739255,5.065003172633686,0.37888543819998316,0,361.6495056152344
49111.0,8.0,22,19,1,30.077313406006816,5.411027849369839,0.3414213562373095,0,361.6495056152344
49111.0,8.0,22,20,2,20.91473259098839,5.251139996293318,0.482842712474619,0,361.6495056152344
49111.0,8.0,22,21,4,13.046351864868067,4.875315023979272,0.3414213562373095,0,361.6495056152344
49111.0,8.0,22,22,2,23.893189629071497,5.539019313484474,0.4242640687119285,0,361.6495056152344
49111.0,8.0,22,23,4,14.271151610159714,5.391406551593459,0.4242640687119285,0,361.6495056152344
49111.0,8.0,22,24,1,33.36094053132031,5.750035793985832,0.37888543819998316,0,361.6495056152344
49111.0,8.0,22,25,2,28.360941132991115,5.749956049622483,0.482842712474619,0,361.6495056152344
49111.0,8.0,22,26,2,18.360943319404427,5.749666266363363,0.4242640687119285,0,361.6495056152344
49111.0,8.0,22,27,5,8.36095073587786,5.748683300738836,0.382842712474619,1,361.6495056152344
49111.0,8.0,22,29,4,23.8868731917051,-0.32246369227262983,0.4242640687119285,0,361.6495056152344
49111.0,8.0,22,30,4,14.26057391923601,-0.17559696563597482,0.4242640687119285,0,361.6495056152344
49111.0,8.0,22,31,4,30.06727759832635,-0.19418338749150443,0.3414213562373095,0,361.6495056152344
49111.0,8.0,22,32,5,20.90029760085277,-0.03461674377393553,0.482842712474619,0,361.6495056152344
49111.0,8.0,22,33,5,13.023198433319159,0.3409907673082011,0.3414213562373095,0,361.6495056152344
49111.0,8.0,22,34,5,23.699610543574913,0.1518019745229342,0.4308640753373011,0,361.6495056152344
49111.0,8.0,22,35,5,17.771590081489276,1.4209617086903736,0.613407053921902,0,361.6495056152344
49111.0,8.0,22,36,5,20.052011252959918,1.1199310112543999,0.682842712474619,0,361.6495056152344
49111.0,8.0,22,37,5,21.058817253196544,1.3588327612841018,0.8513997106635237,0,361.6495056152344
49111.0,8.0,22,38,4,23.12713585635337,1.5654713747284101,0.682842712474619,0,361.6495056152344
49111.0,8.0,22,39,4,22.86269931028787,1.2201429522067258,0.848528137423857,0,361.6495056152344
49111.0,8.0,22,40,4,24.27125148333589,1.424156182036452,0.848528137423857,0,361.6495056152344
49111.0,8.0,22,41,5,25.054117730055037,0.963753973477891,0.613407053921902,0,361.6495056152344
49111.0,8.0,22,42,5,25.038615285229856,1.1036073843515355,0.8513997106635237,0,361.6495056152344
49111.0,8.0,22,43,2,25.851941594712834,1.2978202187182462,0.848528137423857,0,361.6495056152344
49111.0,8.0,22,44,2,27.56290102712595,1.4740502901902734,0.8513997106635237,0,361.6495056152344
49111.0,8.0,22,45,1,29.213643271619322,1.5828662504564475,0.613407053921902,0,361.6495056152344
49111.0,8.0,22,46,4,27.794821817481623,1.1875699768881425,0.848528137423857,0,361.6495056152344
49111.0,8.0,22,47,2,28.964508431531332,1.3591103268524143,0.848528137423857,0,361.6495056152344
49111.0,8.0,22,48,4,30.029674582230513,1.0927077159528926,0.682842712474619,0,361.6495056152344
49111.0,8.0,22,49,2,30.711105228066256,1.2559972564545243,0.8513997106635237,0,361.6495056152344
49111.0,8.0,22,50,1,32.164617410192456,1.4083606190092595,0.682842712474619,0,361.6495056152344
49111.0,8.0,22,51,1,34.136730282913724,1.2338309657358582,0.613407053921902,0,361.6495056152344
49111.0,8.0,22,52,5,30.74296685772772,0.1749720688934202,0.4308640753373011,0,361.6495056152344
49111.0,8.0,22,53,4,41.67970553757387,0.11011691329651052,0.3414213562373095,0,361.6495056152344
49111.0,8.0,22,54,5,34.20495740866022,0.28627909221188697,0.482842712474619,0,361.6495056152344
49111.0,8.0,22,55,5,28.333026117195008,0.5470315371152679,0.3414213562373095,0,361.6495056152344
49111.0,8.0,22,56,4,41.27272201619949,0.2805273553611052,0.4242640687119285,0,361.6495056152344
49111.0,8.0,22,57,4,35.15990387153913,0.4886560338923034,0.4242640687119285,0,361.6495056152344
49111.0,8.0,22,58,2,48.34145274942299,0.27645761063595753,0.382842712474619,0,361.6495056152344
49111.0,8.0,22,59,2,42.06753274859473,0.4493515862562427,0.4242640687119285,0,361.6495056152344
49111.0,8.0,22,60,5,37.44941346915175,0.6732879296509109,0.482842712474619,0,361.6495056152344
49111.0,8.0,22,61,5,35.97011534591155,0.8035122493843248,0.37888543819998316,0,361.6495056152344
49111.0,8.0,22,62,2,49.021788858142536,0.42116477772787064,0.4242640687119285,0,361.6495056152344
49111.0,8.0,22,63,4,43.99905726810181,0.6076236409216813,0.4242640687119285,0,361.6495056152344
49111.0,8.0,22,64,1,56.00530558929685,0.3999939075416843,0.3414213562373095,0,361.6495056152344
49111.0,8.0,22,65,2,50.689007800310314,0.5591262262373577,0.382842712474619,0,361.6495056152344
49111.0,8.0,22,66,4,46.92714320528488,0.7493883491535513,0.3414213562373095,0,361.6495056152344
49111.0,8.0,23,1,1,18.651940437630003,-2.409039915784042,0.6034068236642477,0,362.1083984375
49111.0,8.0,23,3,2,17.33423470003139,-2.589612843874755,0.8513997106635237,0,362.1083984375
49111.0,8.0,23,4,1,22.167031663220587,-2.6550360713080328,0.682842712474619,0,362.1083984375
49111.0,8.0,23,5,4,14.314469706041208,-2.7064095892153195,0.848528137423857,0,362.1083984375
49111.0,8.0,23,6,2,19.256314369256213,-2.75221238858152,0.848528137423857,0,362.1083984375
49111.0,8.0,23,8,5,11.590185213989058,-2.881588045898597,0.765685424949238,0,362.1083984375
49111.0,8.0,23,9,2,16.590177618609825,-2.8822165438518175,0.848528137423857,0,362.1083984375
49111.0,8.0,23,10,2,21.59017354120791,-2.882553938422971,0.8513997106635237,0,362.1083984375
49111.0,8.0,23,11,1,25.090171653960248,-2.8827101033587765,0.613407053921902,0,362.1083984375
49111.0,8.0,23,12,4,14.306024735978246,-3.0576112203725523,0.848528137423857,0,362.1083984375
49111.0,8.0,23,13,4,19.250037503051086,-3.01264497231214,0.848528137423857,0,362.1083984375
49111.0,8.0,23,14,5,12.613115954268421,-3.2891932713791956,0.682842712474619,0,362.1083984375
49111.0,8.0,23,15,5,17.32028562692522,-3.175062867984235,0.765685424949238,0,362.1083984375
49111.0,8.0,23,16,4,22.156125435660545,-3.110185774735273,0.682842712474619,0,362.1083984375
49111.0,8.0,23,18,1,20.13825936714893,-0.5841926656060794,0.37888543819998316,0,362.1083984375
49111.0,8.0,23,19,1,25.465753294864616,-0.1466614825217203,0.3414213562373095,0,362.1083984375
49111.0,8.0,23,20,2,16.742395023407244,-0.38399500731370306,0.482842712474619,0,362.1083984375
49111.0,8.0,23,21,4,10.588247794829664,-0.9849935381749446,0.3308640753373011,0,362.1083984375
49111.0,8.0,23,22,2,19.0830943973615,-0.008499881998896619,0.4242640687119285,0,362.1083984375
49111.0,8.0,23,23,4,9.796310122873482,-0.2805978395374549,0.4242640687119285,1,362.1083984375
49111.0,8.0,23,24,1,28.409850269140037,0.25706846916932813,0.37888543819998316,0,362.1083984375
49111.0,8.0,23,25,2,23.40985246509273,0.2568867596699578,0.482842712474619,0,362.1083984375
49111.0,8.0,23,26,2,13.409861769694409,0.25611682777358347,0.4242640687119285,0,362.1083984375
49111.0,8.0,23,29,4,19.07042457160065,-5.761292350588018,0.4242640687119285,0,362.1083984375
49111.0,8.0,23,30,4,9.771606499752918,-5.490995850966877,0.4242640687119285,0,362.1083984375
49111.0,8.0,23,31,4,25.446763919993995,-5.622431652874258,0.3414213562373095,0,362.1083984375
49111.0,8.0,23,32,5,16.71349736724219,-5.3856684083110125,0.482842712474619,0,362.1083984375
49111.0,8.0,23,33,5,10.542494699534606,-4.783829944203976,0.3308640753373011,0,362.1083984375
49111.0,8.0,23,34,5,20.102221146581332,-5.184755450406064,0.4308640753373011,0,362.1083984375
49111.0,8.0,23,35,5,20.144100522800603,-3.8414224660995298,0.613407053921902,0,362.1083984375
49111.0,8.0,23,36,5,21.034828173700845,-4.135806339563168,0.682842712474619,0,362.1083984375
49111.0,8.0,23,37,5,23.09470927332861,-3.9287294474151633,0.8513997106635237,0,362.1083984375
49111.0,8.0,23,38,4,25.966655474704908,-3.7613990324434514,0.682842712474619,0,362.1083984375
49111.0,8.0,23,39,4,24.24446218724948,-4.070140309484035,0.848528137423857,0,362.1083984375
49111.0,8.0,23,40,4,26.52726044791323,-3.894503327081864,0.848528137423857,0,362.1083984375
49111.0,8.0,23,41,5,25.166270621461823,-4.331369335978736,0.613407053921902,0,362.1083984375
49111.0,8.0,23,42,5,25.830646470391887,-4.196488115781485,0.8513997106635237,0,362.1083984375
49111.0,8.0,23,43,2,27.534049778425633,-4.0199893157579805,0.848528137423857,0,362.1083984375
49111.0,8.0,23,44,2,29.983753889786254,-3.8681430682092843,0.8513997106635237,0,362.1083984375
49111.0,8.0,23,45,1,32.05318420077775,-3.777061304000723,0.613407053921902,0,362.1083984375
49111.0,8.0,23,46,4,28.940494942730673,-4.1349630243558755,0.848528137423857,0,362.1083984375
49111.0,8.0,23,47,2,30.878047989674986,-3.9806186829144603,0.848528137423857,0,362.1083984375
49111.0,8.0,23,48,4,30.69170242687132,-4.238063361999847,0.682842712474619,0,362.1083984375
49111.0,8.0,23,49,2,32.13848468708614,-4.085524551217865,0.8513997106635237,0,362.1083984375
49111.0,8.0,23,50,1,34.26052828116523,-3.9489807073609677,0.682842712474619,0,362.1083984375
49111.0,8.0,23,51,1,35.425457068737245,-4.121162159514647,0.613407053921902,0,362.1083984375
49111.0,8.0,23,52,5,27.165345491726402,-5.19909431015231,0.4308640753373011,0,362.1083984375
49111.0,8.0,23,53,4,37.82738553245791,-5.304103981331394,0.3414213562373095,0,362.1083984375
49111.0,8.0,23,54,5,31.027637623030696,-5.089667650559267,0.482842712474619,0,362.1083984375
49111.0,8.0,23,55,5,26.353699867590006,-4.779264430213649,0.3414213562373095,0,362.1083984375
49111.0,8.0,23,56,4,38.033813865097834,-5.117490888830282,0.4242640687119285,0,362.1083984375
49111.0,8.0,23,57,4,32.838608334852005,-4.875121988897118,0.4242640687119285,0,362.1083984375
49111.0,8.0,23,58,2,45.06026739583007,-5.136648138118348,0.382842712474619,0,362.1083984375
49111.0,8.0,23,59,2,39.52506670492296,-4.93898145216005,0.4242640687119285,0,362.1083984375
49111.0,8.0,23,60,5,35.97268544706544,-4.690437523155642,0.482842712474619,0,362.1083984375
49111.0,8.0,23,61,5,35.141651901923524,-4.551653955638063,0.37888543819998316,0,362.1083984375
49111.0,8.0,23,62,2,46.32588475881932,-4.98423361062895,0.4242640687119285,0,362.1083984375
49111.0,8.0,23,63,4,42.16504238029783,-4.778122921808342,0.4242640687119285,0,362.1083984375
49111.0,8.0,23,64,1,53.1972207859227,-5.017850423530493,0.3414213562373095,0,362.1083984375
49111.0,8.0,23,65,2,48.597813732627,-4.8429910484861045,0.382842712474619,0,362.1083984375
49111.0,8.0,23,66,4,45.75533520624686,-4.63932088582178,0.3414213562373095,0,362.1083984375
49111.0,8.0,24,1,1,24.22188243278857,-2.2198699579687298,0.6034068236642477,0,362.7934875488281
49111.0,8.0,24,3,2,23.448981640041833,-2.363226620935017,0.8513997106635237,0,362.7934875488281
49111.0,8.0,24,4,1,28.402417079445453,-2.3896073750771434,0.682842712474619,0,362.7934875488281
49111.0,8.0,24,5,4,20.709073203108424,-2.4646692312892666,0.848528137423857,0,362.7934875488281
49111.0,8.0,24,6,2,25.70424612649551,-2.4741896516601436,0.848528137423857,0,362.7934875488281
49111.0,8.0,24,8,5,18.244908492738134,-2.595193554503058,0.765685424949238,0,362.7934875488281
49111.0,8.0,24,9,2,23.23185833953332,-2.577658101745686,0.848528137423857,0,362.7934875488281
49111.0,8.0,24,10,2,28.223426402687178,-2.566322724472723,0.8513997106635237,0,362.7934875488281
49111.0,8.0,24,11,1,31.719104449964046,-2.56051119831157,0.613407053921902,0,362.7934875488281
49111.0,8.0,24,12,4,21.06490481547041,-2.7040253705090587,0.848528137423857,0,362.7934875488281
49111.0,8.0,24,13,4,25.99178275695194,-2.6676123459431063,0.848528137423857,0,362.7934875488281
49111.0,8.0,24,14,5,19.306506360849262,-2.856268380683739,0.682842712474619,0,362.7934875488281
49111.0,8.0,24,15,5,24.074545558769515,-2.786434149685715,0.765685424949238,0,362.7934875488281
49111.0,8.0,24,16,4,28.921035594546485,-2.7398366803418472,0.682842712474619,0,362.7934875488281
49111.0,8.0,24,18,1,15.135071854809071,-0.4757022740000938,0.37888543819998316,1,362.7934875488281
49111.0,8.0,24,19,1,18.84807125421185,0.15929904015795726,0.3414213562373095,0,362.7934875488281
49111.0,8.0,24,20,2,10.905727944679288,-0.26774265404612985,0.4414213562373095,0,362.7934875488281
49111.0,8.0,24,21,4,9.08955521479849,-1.3007478105017276,0.2601533972186464,0,362.7934875488281
49111.0,8.0,24,22,2,12.327077835266875,0.33892697711478315,0.4242640687119285,0,362.7934875488281
49111.0,8.0,24,24,1,21.866326575589717,-5.587192322862331,0.37888543819998316,0,362.7934875488281
49111.0,8.0,24,25,2,16.881314934272655,-5.56705658204921,0.482842712474619,0,362.7934875488281
49111.0,8.0,24,26,2,6.975951971566944,-5.440495368380512,0.4242640687119285,0,362.7934875488281
49111.0,8.0,24,29,4,13.479089430038584,-5.1531742080775125,0.4242640687119285,0,362.7934875488281
49111.0,8.0,24,30,4,6.735797195766035,-4.357370128446119,0.4242640687119285,0,362.7934875488281
49111.0,8.0,24,31,4,20.36437570406584,-5.05594594756725,0.3414213562373095,0,362.7934875488281
49111.0,8.0,24,32,5,13.356380865184203,-4.619959558615348,0.482842712474619,0,362.7934875488281
49111.0,8.0,24,33,5,11.91964856090021,-3.813999936145981,0.3308640753373011,0,362.7934875488281
49111.0,8.0,24,34,5,17.839770507744312,-4.476444625275796,0.4308640753373011,0,362.7934875488281
49111.0,8.0,24,35,5,25.5769337949978,-3.2935606525019736,0.613407053921902,0,362.7934875488281
49111.0,8.0,24,36,5,25.20896939030099,-3.5340621540289545,0.682842712474619,0,362.7934875488281
49111.0,8.0,24,37,5,28.14844034259959,-3.3820779289160203,0.8513997106635237,0,362.7934875488281
49111.0,8.0,24,38,4,31.60976510068754,-3.261040414382016,0.682842712474619,0,362.7934875488281
49111.0,8.0,24,39,4,28.659128854477984,-3.505329575722087,0.848528137423857,0,362.7934875488281
49111.0,8.0,24,40,4,31.673146712906952,-3.372818092200988,0.848528137423857,0,362.7934875488281
49111.0,8.0,24,41,5,28.201362564146223,-3.733896253133432,0.613407053921902,0,362.7934875488281
49111.0,8.0,24,42,5,29.58642661211822,-3.622562523185141,0.8513997106635237,0,362.7934875488281
49111.0,8.0,24,43,2,32.12785700407068,-3.4827858879604388,0.848528137423857,0,362.7934875488281
49111.0,8.0,24,44,2,35.20002488172088,-3.3654133071394887,0.8513997106635237,0,362.7934875488281
49111.0,8.0,24,45,1,37.597626798424365,-3.295309083061924,0.613407053921902,0,362.7934875488281
49111.0,8.0,24,46,4,32.957702721074135,-3.5884512378509967,0.848528137423857,0,362.7934875488281
49111.0,8.0,24,47,2,35.60972794968326,-3.4646430037319296,0.848528137423857,0,362.7934875488281
49111.0,8.0,24,48,4,34.135335674743,-3.6878812621211208,0.682842712474619,0,362.7934875488281
49111.0,8.0,24,49,2,36.360193861242514,-3.560696575875875,0.8513997106635237,0,362.7934875488281
49111.0,8.0,24,50,1,39.101230845420886,-3.4497360151850587,0.682842712474619,0,362.7934875488281
49111.0,8.0,24,51,1,39.429923268937834,-3.6051038583974897,0.613407053921902,0,362.7934875488281
49111.0,8.0,24,52,5,24.520998301911625,-4.587206200898143,0.4308640753373011,0,362.7934875488281
49111.0,8.0,24,53,4,34.31411878040825,-4.7734277063494535,0.3414213562373095,0,362.7934875488281
49111.0,8.0,24,54,5,29.002480233171056,-4.504037754425659,0.482842712474619,0,362.7934875488281
49111.0,8.0,24,55,5,26.548615249669606,-4.152874043419446,0.3414213562373095,0,362.7934875488281
49111.0,8.0,24,56,4,35.69545917380594,-4.574952568003487,0.4242640687119285,0,362.7934875488281
49111.0,8.0,24,57,4,32.215693654310144,-4.297604343461839,0.4242640687119285,0,362.7934875488281
49111.0,8.0,24,58,2,42.51103094000681,-4.623311387096848,0.382842712474619,0,362.7934875488281
49111.0,8.0,24,59,2,38.35196036165202,-4.397609100347534,0.4242640687119285,0,362.7934875488281
49111.0,8.0,24,60,5,36.53160242285082,-4.134151299788831,0.482842712474619,0,362.7934875488281
49111.0,8.0,24,61,5,36.62513524317686,-3.997375708438823,0.37888543819998316,0,362.7934875488281
49111.0,8.0,24,62,2,44.764883664934246,-4.469521027605767,0.4242640687119285,0,362.7934875488281
49111.0,8.0,24,63,4,42.04259651275845,-4.2472612681177715,0.4242640687119285,0,362.7934875488281
49111.0,8.0,24,64,1,51.3509177667592,-4.523208698197019,0.3414213562373095,0,362.7934875488281
49111.0,8.0,24,65,2,47.964589725004195,-4.3333326518807285,0.382842712474619,0,362.7934875488281
49111.0,8.0,24,66,4,46.52189784915797,-4.123467227200728,0.3414213562373095,0,362.7934875488281
49111.0,8.0,25,1,1,29.003945787169563,-2.2026407571819027,0.6034068236642477,0,363.908203125
49111.0,8.0,25,3,2,29.781863337341566,-2.318814135159688,0.8513997106635237,0,363.908203125
49111.0,8.0,25,4,1,34.612540869638075,-2.2786271366659765,0.682842712474619,0,363.908203125
49111.0,8.0,25,5,4,28.24605697988091,-2.4286667335199033,0.848528137423857,0,363.908203125
49111.0,8.0,25,6,2,32.922763196896994,-2.3706576112128768,0.848528137423857,0,363.908203125
49111.0,8.0,25,8,5,27.08726796812976,-2.5494983208372717,0.765685424949238,0,363.908203125
49111.0,8.0,25,9,2,31.54027088636914,-2.471681824868901,0.848528137423857,0,363.908203125
49111.0,8.0,25,10,2,36.136647453711326,-2.41337804618978,0.8513997106635237,0,363.908203125
49111.0,8.0,25,11,1,39.41262881767232,-2.3807301024914986,0.613407053921902,0,363.908203125
49111.0,8.0,25,12,4,30.506868712670826,-2.5807370135304946,0.848528137423857,0,363.908203125
49111.0,8.0,25,13,4,34.88176658743663,-2.506510269192408,0.848528137423857,0,363.908203125
49111.0,8.0,25,14,5,29.85882431909742,-2.6959600352299358,0.682842712474619,0,363.908203125
49111.0,8.0,25,15,5,33.9502281483792,-2.605659403093934,0.765685424949238,0,363.908203125
49111.0,8.0,25,16,4,38.25815720778088,-2.535221202526223,0.682842712474619,0,363.908203125
49111.0,8.0,25,19,1,11.856697147031445,-4.89802064466349,0.3414213562373095,0,363.908203125
49111.0,8.0,25,20,2,3.566296461733988,-4.00910145601633,0.3414213562373095,0,363.908203125
49111.0,8.0,25,21,4,9.211713937673547,-2.401375424593285,0.23395623132202234,1,363.908203125
49111.0,8.0,25,22,2,10.463229548574143,-4.265110238779276,0.4242640687119285,0,363.908203125
49111.0,8.0,25,24,1,21.099082281252365,-4.497596420389227,0.37888543819998316,0,363.908203125
49111.0,8.0,25,25,2,17.499710703875472,-4.316737608035868,0.482842712474619,0,363.908203125
49111.0,8.0,25,26,2,13.355788181005511,-3.7122740876977627,0.4242640687119285,0,363.908203125
49111.0,8.0,25,29,4,19.36847387041801,-3.944162174143333,0.4242640687119285,0,363.908203125
49111.0,8.0,25,30,4,18.63531548661353,-3.412995174354947,0.4242640687119285,0,363.908203125
49111.0,8.0,25,31,4,25.921004652641145,-4.062852997692763,0.3414213562373095,0,363.908203125
49111.0,8.0,25,32,5,23.324572566690193,-3.6675381686294495,0.482842712474619,0,363.908203125
49111.0,8.0,25,33,5,24.822829988447115,-3.25368987127938,0.3308640753373011,0,363.908203125
49111.0,8.0,25,34,5,28.31722071744068,-3.656991666434259,0.4308640753373011,0,363.908203125
49111.0,8.0,25,35,5,38.00403647409141,-2.9375429922253247,0.613407053921902,0,363.908203125
49111.0,8.0,25,36,5,38.13094149552057,-3.0980084853094922,0.682842712474619,0,363.908203125
49111.0,8.0,25,37,5,40.80486859362604,-2.990848275136338,0.8513997106635237,0,363.908203125
49111.0,8.0,25,38,4,43.887423056627114,-2.8977875288880144,0.682842712474619,0,363.908203125
49111.0,8.0,25,39,4,41.5441650777781,-3.0748451516876862,0.848528137423857,0,363.908203125
49111.0,8.0,25,40,4,44.29431401001662,-2.977464087315589,0.848528137423857,0,363.908203125
49111.0,8.0,25,41,5,41.15580131585915,-3.2319222265584875,0.613407053921902,0,363.908203125
49111.0,8.0,25,42,5,42.565220580613314,-3.155360514900381,0.8513997106635237,0,363.908203125
49111.0,8.0,25,43,2,44.97628936100158,-3.055207749047126,0.848528137423857,0,363.908203125
49111.0,8.0,25,44,2,47.79053469352294,-2.9660363933157408,0.8513997106635237,0,363.908203125
49111.0,8.0,25,45,1,49.964319543236186,-2.9098928871026626,0.613407053921902,0,363.908203125
49111.0,8.0,25,46,4,45.92109488841847,-3.1301920283232505,0.848528137423857,0,363.908203125
49111.0,8.0,25,47,2,48.423295606137856,-3.0383603691701793,0.848528137423857,0,363.908203125
49111.0,8.0,25,48,4,47.11292080541942,-3.2017697157032092,0.682842712474619,0,363.908203125
49111.0,8.0,25,49,2,49.30208827652231,-3.10846326556672,0.8513997106635237,0,363.908203125
49111.0,8.0,25,50,1,51.88221766688732,-3.023755678811142,0.682842712474619,0,363.908203125
49111.0,8.0,25,51,1,52.401587963009455,-3.1404500489872973,0.613407053921902,0,363.908203125
49111.0,8.0,25,52,5,33.89138078174789,-3.7975473648742604,0.4308640753373011,0,363.908203125
49111.0,8.0,25,53,4,41.645141275043514,-4.012360718191394,0.3414213562373095,0,363.908203125
49111.0,8.0,25,54,5,38.813077629001356,-3.773244379981214,0.482842712474619,0,363.908203125
49111.0,8.0,25,55,5,38.45246673818779,-3.513835592317556,0.3414213562373095,0,363.908203125
49111.0,8.0,25,56,4,44.75729769733718,-3.8651604468610654,0.4242640687119285,0,363.908203125
49111.0,8.0,25,57,4,43.30534494014125,-3.63994988997206,0.4242640687119285,0,363.908203125
49111.0,8.0,25,58,2,50.989963711511336,-3.935084577230661,0.382842712474619,0,363.908203125
49111.0,8.0,25,59,2,48.704348907646796,-3.7394183363775757,0.4242640687119285,0,363.908203125
49111.0,8.0,25,60,5,48.41746385070524,-3.5332100802686424,0.482842712474619,0,363.908203125
49111.0,8.0,25,61,5,49.044055779906955,-3.4313682483827694,0.37888543819998316,0,363.908203125
49111.0,8.0,25,62,2,54.48737748002719,-3.8184254980782995,0.4242640687119285,0,363.908203125
49111.0,8.0,25,63,4,53.301139836475606,-3.6339143052592204,0.4242640687119285,0,363.908203125
49111.0,8.0,25,64,1,60.54448783154543,-3.881958574490739,0.3414213562373095,0,363.908203125
49111.0,8.0,25,65,2,58.63251836652342,-3.7170288464908197,0.382842712474619,0,363.908203125
49111.0,8.0,25,66,4,58.394429642023724,-3.5459676405090748,0.3414213562373095,0,363.908203125
49111.0,8.0,26,1,1,19.56354312776765,-0.7377575259773762,0.613407053921902,0,365.6915893554687
49111.0,8.0,26,2,4,14.553808836423014,-0.9447226813491275,0.682842712474619,0,365.6915893554687
49111.0,8.0,26,3,2,19.531976842353366,-0.917038955277824,0.8513997106635237,0,365.6915893554687
49111.0,8.0,26,4,1,24.519031120607348,-0.9006080318493245,0.682842712474619,0,365.6915893554687
49111.0,8.0,26,5,4,17.45062277583656,-1.0719965873498243,0.848528137423857,0,365.6915893554687
49111.0,8.0,26,6,2,22.342985543289178,-1.0197323471347277,0.848528137423857,0,365.6915893554687
49111.0,8.0,26,8,5,15.891832844541984,-1.2628435776366544,0.765685424949238,0,365.6915893554687
49111.0,8.0,26,9,2,20.54836049133718,-1.1620193807351598,0.848528137423857,0,365.6915893554687
49111.0,8.0,26,10,2,25.336137957570216,-1.0988435122717632,0.8513997106635237,0,365.6915893554687
49111.0,8.0,26,11,1,28.730632154743635,-1.067230588474189,0.613407053921902,0,365.6915893554687
49111.0,8.0,26,12,4,19.242173338172183,-1.3274318623402852,0.848528137423857,0,365.6915893554687
49111.0,8.0,26,13,4,23.768592774906722,-1.228071846953782,0.848528137423857,0,365.6915893554687
49111.0,8.0,26,14,5,18.52801529226976,-1.5110764522143485,0.682842712474619,0,365.6915893554687
49111.0,8.0,26,15,5,22.64888779595293,-1.3727349109843106,0.8513997106635237,0,365.6915893554687
49111.0,8.0,26,16,4,27.067635399435044,-1.2782000285636295,0.682842712474619,0,365.6915893554687
49111.0,8.0,26,17,5,24.621901186786303,-1.4952298642153048,0.613407053921902,0,365.6915893554687
49111.0,8.0,26,19,1,20.81545046531161,2.139855352999564,0.3414213562373095,0,365.6915893554687
49111.0,8.0,26,20,2,11.074859525971803,1.9906743864166967,0.3414213562373095,1,365.6915893554687
49111.0,8.0,26,22,2,15.611045618684344,-3.8769953979117346,0.4242640687119285,0,365.6915893554687
49111.0,8.0,26,24,1,26.364222146200245,-3.725973317584491,0.37888543819998316,0,365.6915893554687
49111.0,8.0,26,25,2,21.558222957778288,-3.6681111997589184,0.482842712474619,0,365.6915893554687
49111.0,8.0,26,26,2,12.414769935179866,-3.419955165734855,0.4242640687119285,0,365.6915893554687
49111.0,8.0,26,29,4,19.369531340021656,-3.337567910865852,0.4242640687119285,0,365.6915893554687
49111.0,8.0,26,30,4,12.827637342014627,-2.8530210248341037,0.4242640687119285,0,365.6915893554687
49111.0,8.0,26,31,4,26.38618911704978,-3.2988386512318284,0.3414213562373095,0,365.6915893554687
49111.0,8.0,26,32,5,19.63671335959466,-2.9732459947290244,0.482842712474619,0,365.6915893554687
49111.0,8.0,26,33,5,16.582220810646877,-2.4392367092996676,0.3308640753373011,0,365.6915893554687
49111.0,8.0,26,34,5,24.007030451069998,-2.8613122015738037,0.4308640753373011,0,365.6915893554687
49111.0,8.0,26,35,5,27.234765457913074,-1.8471017789321968,0.613407053921902,0,365.6915893554687
49111.0,8.0,26,36,5,28.2101680513012,-2.064892254218439,0.682842712474619,0,365.6915893554687
49111.0,8.0,26,37,5,30.25720326146715,-1.9085928640468115,0.8513997106635237,0,365.6915893554687
49111.0,8.0,26,38,4,32.942117675231835,-1.7748913203228587,0.682842712474619,0,365.6915893554687
49111.0,8.0,26,39,4,31.440808912940774,-2.0166599767421447,0.848528137423857,0,365.6915893554687
49111.0,8.0,26,40,4,33.66317324351849,-1.8788766899705451,0.848528137423857,0,365.6915893554687
49111.0,8.0,26,41,5,32.132868586358974,-2.2203487721707393,0.613407053921902,0,365.6915893554687
49111.0,8.0,26,42,5,32.962866698671306,-2.1158261939944043,0.8513997106635237,0,365.6915893554687
49111.0,8.0,26,43,2,34.730899048505165,-1.977488487187693,0.848528137423857,0,365.6915893554687
49111.0,8.0,26,44,2,37.093397208135855,-1.8546383053536157,0.8513997106635237,0,365.6915893554687
49111.0,8.0,26,45,1,39.04419872204703,-1.7782612837749894,0.613407053921902,0,365.6915893554687
49111.0,8.0,26,46,4,36.114560285455156,-2.0693871022324117,0.848528137423857,0,365.6915893554687
49111.0,8.0,26,47,2,38.065026367189844,-1.9451363962030954,0.848528137423857,0,365.6915893554687
49111.0,8.0,26,48,4,37.77945976990794,-2.153851618406094,0.682842712474619,0,365.6915893554687
49111.0,8.0,26,49,2,39.33156935883916,-2.030471753418649,0.8513997106635237,0,365.6915893554687
49111.0,8.0,26,50,1,41.43256105953697,-1.918018620200395,0.682842712474619,0,365.6915893554687
49111.0,8.0,26,51,1,42.6056128683461,-2.060695540782797,0.613407053921902,0,365.6915893554687
49111.0,8.0,26,52,5,30.779696926175824,-2.9360993258266155,0.4308640753373011,0,365.6915893554687
49111.0,8.0,26,53,4,40.60489141634034,-3.0871600200418365,0.3414213562373095,0,365.6915893554687
49111.0,8.0,26,54,5,35.187025199339544,-2.8643347688737464,0.482842712474619,0,365.6915893554687
49111.0,8.0,26,55,5,32.05458278975291,-2.5806113245425557,0.3414213562373095,0,365.6915893554687
49111.0,8.0,26,56,4,41.942567567658415,-2.918711084278937,0.4242640687119285,0,365.6915893554687
49111.0,8.0,26,57,4,38.05980175478793,-2.687546022322146,0.4242640687119285,0,365.6915893554687
49111.0,8.0,26,58,2,48.78761324307868,-2.9579195632593502,0.382842712474619,0,365.6915893554687
49111.0,8.0,26,59,2,44.38018410735126,-2.764711447162971,0.4242640687119285,0,365.6915893554687
49111.0,8.0,26,60,5,41.940079599931146,-2.53945392004034,0.482842712474619,0,365.6915893554687
49111.0,8.0,26,61,5,41.57709759677368,-2.4199618025425997,0.37888543819998316,0,365.6915893554687
49111.0,8.0,26,62,2,50.898457473591755,-2.8223873462343883,0.4242640687119285,0,365.6915893554687
49111.0,8.0,26,63,4,47.749581240438076,-2.6295633166117587,0.4242640687119285,0,365.6915893554687
49111.0,8.0,26,64,1,57.54741701396913,-2.8668566138287526,0.3414213562373095,0,365.6915893554687
49111.0,8.0,26,65,2,53.86162586132943,-2.6996907613959653,0.382842712474619,0,365.6915893554687
49111.0,8.0,26,66,4,51.86949272811522,-2.5140236893578853,0.3414213562373095,0,365.6915893554687
49111.0,8.0,27,1,1,27.342061289341316,2.711903757604627,0.613407053921902,0,366.5510864257813
49111.0,8.0,27,2,4,23.067424497890276,2.5382236491307135,0.682842712474619,0,366.5510864257813
49111.0,8.0,27,3,2,27.912965990615124,2.5868269674127573,0.8513997106635237,0,366.5510864257813
49111.0,8.0,27,4,1,32.804897009754576,2.620996564902026,0.682842712474619,0,366.5510864257813
49111.0,8.0,27,5,4,26.208820423591764,2.4722351793172392,0.848528137423857,0,366.5510864257813
49111.0,8.0,27,6,2,30.966592731901407,2.526207302148415,0.848528137423857,0,366.5510864257813
49111.0,8.0,27,7,5,21.828915396779735,2.271102477754824,0.613407053921902,0,366.5510864257813
49111.0,8.0,27,8,5,24.89318914078558,2.343669475187104,0.8513997106635237,0,366.5510864257813
49111.0,8.0,27,9,2,29.439742917122988,2.420544607576954,0.848528137423857,0,366.5510864257813
49111.0,8.0,27,10,2,34.1134293270797,2.476615927612048,0.8513997106635237,0,366.5510864257813
49111.0,8.0,27,11,1,37.43521575539293,2.507471514732522,0.613407053921902,0,366.5510864257813
49111.0,8.0,27,12,4,28.27484855183379,2.3047797179658254,0.848528137423857,0,366.5510864257813
49111.0,8.0,27,13,4,32.73369300974923,2.3791642404885263,0.848528137423857,0,366.5510864257813
49111.0,8.0,27,14,5,27.517915223213798,2.180889668130502,0.682842712474619,0,366.5510864257813
49111.0,8.0,27,15,5,31.690112900703745,2.2742340206026257,0.8513997106635237,0,366.5510864257813
49111.0,8.0,27,16,4,36.073409224617485,2.34539667500536,0.682842712474619,0,366.5510864257813
49111.0,8.0,27,17,5,33.62006261895551,2.184751453271134,0.613407053921902,0,366.5510864257813
49111.0,8.0,27,19,1,12.858775149338083,-0.23083280022903363,0.3308640753373011,1,366.5510864257813
49111.0,8.0,27,22,2,9.9970239772474,0.3474978646344251,0.4242640687119285,0,366.5510864257813
49111.0,8.0,27,24,1,21.05825458531594,0.23526063235871364,0.37888543819998316,0,366.5510864257813
49111.0,8.0,27,25,2,17.04340586876191,0.39272782903709613,0.482842712474619,0,366.5510864257813
49111.0,8.0,27,26,2,11.598830909280652,0.9985267675755154,0.4242640687119285,0,366.5510864257813
49111.0,8.0,27,29,4,18.02969976643462,0.7948671269560368,0.4242640687119285,0,366.5510864257813
49111.0,8.0,27,30,4,16.40503790067274,1.3767737571319476,0.4242640687119285,0,366.5510864257813
49111.0,8.0,27,31,4,24.811434236526132,0.7001758130897735,0.3414213562373095,0,366.5510864257813
49111.0,8.0,27,32,5,21.439740290595815,1.1112507083138845,0.482842712474619,0,366.5510864257813
49111.0,8.0,27,33,5,22.44365519657914,1.5688009841729134,0.3308640753373011,0,366.5510864257813
49111.0,8.0,27,34,5,26.405061188364137,1.1359586896716503,0.4308640753373011,0,366.5510864257813
49111.0,8.0,27,35,5,35.54412302038147,1.9167812969241935,0.613407053921902,0,366.5510864257813
49111.0,8.0,27,36,5,35.677758319487836,1.7452240588026897,0.682842712474619,0,366.5510864257813
49111.0,8.0,27,37,5,38.33966661476273,1.8597261905676994,0.8513997106635237,0,366.5510864257813
49111.0,8.0,27,38,4,41.436187488215175,1.9582599200453967,0.682842712474619,0,366.5510864257813
49111.0,8.0,27,39,4,39.08578557140685,1.7704217555182096,0.848528137423857,0,366.5510864257813
49111.0,8.0,27,40,4,41.82972903523718,1.873840124504261,0.848528137423857,0,366.5510864257813
49111.0,8.0,27,41,5,38.759488040190654,1.6034389715081905,0.613407053921902,0,366.5510864257813
49111.0,8.0,27,42,5,40.13062709872399,1.6851127479636414,0.8513997106635237,0,366.5510864257813
49111.0,8.0,27,43,2,42.514642521891304,1.7915666867404867,0.848528137423857,0,366.5510864257813
49111.0,8.0,27,44,2,45.32684001992171,1.8857782699677683,0.8513997106635237,0,366.5510864257813
49111.0,8.0,27,45,1,47.50991206464956,1.9447393817413412,0.613407053921902,0,366.5510864257813
49111.0,8.0,27,46,4,43.47715982406225,1.712417398982897,0.848528137423857,0,366.5510864257813
49111.0,8.0,27,47,2,45.959667359484015,1.8095487403213149,0.848528137423857,0,366.5510864257813
49111.0,8.0,27,48,4,44.69935149384045,1.637144094910835,0.682842712474619,0,366.5510864257813
49111.0,8.0,27,49,2,46.851463385867305,1.7358044272679618,0.8513997106635237,0,366.5510864257813
49111.0,8.0,27,50,1,49.417478879690265,1.8250187701541554,0.682842712474619,0,366.5510864257813
49111.0,8.0,27,51,1,49.96103457936399,1.7025996761908049,0.613407053921902,0,366.5510864257813
49111.0,8.0,27,52,5,32.21435163971087,0.9976232688853972,0.4308640753373011,0,366.5510864257813
49111.0,8.0,27,53,4,40.389033775831564,0.7857761367015703,0.3414213562373095,0,366.5510864257813
49111.0,8.0,27,54,5,37.085431697635656,1.030262152706772,0.482842712474619,0,366.5510864257813
49111.0,8.0,27,55,5,36.323331882616934,1.302773940076525,0.3414213562373095,0,366.5510864257813
49111.0,8.0,27,56,4,43.195676165626665,0.94131696458126,0.4242640687119285,0,366.5510864257813
49111.0,8.0,27,57,4,41.351198704033045,1.1743959736196359,0.4242640687119285,0,366.5510864257813
49111.0,8.0,27,58,2,49.56211894795637,0.8748013764528872,0.382842712474619,0,366.5510864257813
49111.0,8.0,27,59,2,46.90904848178134,1.0750981125321224,0.4242640687119285,0,366.5510864257813
49111.0,8.0,27,60,5,46.308897895769974,1.289678218892438,0.482842712474619,0,366.5510864257813
49111.0,8.0,27,61,5,46.813904149816615,1.3965666161524597,0.37888543819998316,0,366.5510864257813
49111.0,8.0,27,62,2,52.829878143639526,0.9974249052407205,0.4242640687119285,0,366.5510864257813
49111.0,8.0,27,63,4,51.3327499704286,1.1875742832178469,0.4242640687119285,0,366.5510864257813
49111.0,8.0,27,64,1,59.00451863948633,0.9356969847433196,0.3414213562373095,0,366.5510864257813
49111.0,8.0,27,65,2,56.7942639245569,1.1043694008223428,0.382842712474619,0,366.5510864257813
49111.0,8.0,27,66,4,56.29958800548155,1.2812292709216315,0.3414213562373095,0,366.5510864257813
49111.0,8.0,28,1,1,37.4491234184761,-3.225442910215668,0.613407053921902,0,367.53948974609375
49111.0,8.0,28,2,4,32.991914466428824,-3.3441280396078366,0.682842712474619,0,367.53948974609375
49111.0,8.0,28,3,2,37.903059596185,-3.3175896608645723,0.8513997106635237,0,367.53948974609375
49111.0,8.0,28,4,1,42.834768977359374,-3.297150421178041,0.682842712474619,0,367.53948974609375
49111.0,8.0,28,5,4,35.99633835324854,-3.3982158920651497,0.848528137423857,0,367.53948974609375
49111.0,8.0,28,6,2,40.85231794443675,-3.367145847812979,0.848528137423857,0,367.53948974609375
49111.0,8.0,28,7,5,31.078255554597874,-3.5253680080341754,0.613407053921902,0,367.53948974609375
49111.0,8.0,28,8,5,34.34866551892739,-3.487206361627157,0.8513997106635237,0,367.53948974609375
49111.0,8.0,28,9,2,39.08972153294199,-3.4438598939230864,0.848528137423857,0,367.53948974609375
49111.0,8.0,28,10,2,43.88828814290602,-3.4099393960983115,0.8513997106635237,0,367.53948974609375
49111.0,8.0,28,11,1,47.27213439997186,-3.3903075006144907,0.613407053921902,0,367.53948974609375
49111.0,8.0,28,12,4,37.57792939495933,-3.5272734102349257,0.848528137423857,0,367.53948974609375
49111.0,8.0,28,13,4,42.25252991483877,-3.4827418356739015,0.848528137423857,0,367.53948974609375
49111.0,8.0,28,14,5,36.348249279740386,-3.616994511113314,0.682842712474619,0,367.53948974609375
49111.0,8.0,28,15,5,40.85793352941317,-3.5609545463682117,0.8513997106635237,0,367.53948974609375
49111.0,8.0,28,16,4,45.470278632154226,-3.5161655212627148,0.682842712474619,0,367.53948974609375
49111.0,8.0,28,17,5,42.40372406090816,-3.6364138876938106,0.613407053921902,0,367.53948974609375
49111.0,8.0,28,22,2,7.0294651723565815,-4.376412835581789,0.382842712474619,1,367.53948974609375
49111.0,8.0,28,24,1,13.943700018172239,-5.295905566625125,0.37888543819998316,0,367.53948974609375
49111.0,8.0,28,25,2,11.941619521177744,-4.9389525839755475,0.482842712474619,0,367.53948974609375
49111.0,8.0,28,26,2,13.746028152603468,-4.151027442816286,0.4242640687119285,0,367.53948974609375
49111.0,8.0,28,27,5,20.863947449027016,-3.7332405393851866,0.4414213562373095,0,367.53948974609375
49111.0,8.0,28,28,5,25.169024807241893,-3.6222157727867215,0.4538461538461539,0,367.53948974609375
49111.0,8.0,28,29,4,16.797088621286914,-4.573974074674304,0.4242640687119285,0,367.53948974609375
49111.0,8.0,28,30,4,20.700077278477973,-4.075062942802555,0.4242640687119285,0,367.53948974609375
49111.0,8.0,28,31,4,21.80208894419444,-4.835737878924741,0.3414213562373095,0,367.53948974609375
49111.0,8.0,28,32,5,22.84036110735028,-4.386260419940691,0.482842712474619,0,367.53948974609375
49111.0,8.0,28,33,5,27.71341026827541,-4.037411399007402,0.3414213562373095,0,367.53948974609375
49111.0,8.0,28,34,5,27.623296296516738,-4.44428352823777,0.4308640753373011,0,367.53948974609375
49111.0,8.0,28,35,5,42.849543195644905,-3.857938918239622,0.613407053921902,0,367.53948974609375
49111.0,8.0,28,36,5,41.79847996546452,-4.000118828948006,0.682842712474619,0,367.53948974609375
49111.0,8.0,28,37,5,45.22486521831918,-3.9163412136903712,0.8513997106635237,0,367.53948974609375
49111.0,8.0,28,38,4,48.923040999174745,-3.844786614203923,0.682842712474619,0,367.53948974609375
49111.0,8.0,28,39,4,45.325300684107276,-3.994419637031978,0.848528137423857,0,367.53948974609375
49111.0,8.0,28,40,4,48.76021317320642,-3.9171133868029275,0.848528137423857,0,367.53948974609375
49111.0,8.0,28,41,5,43.6978772434094,-4.135939610932973,0.613407053921902,0,367.53948974609375
49111.0,8.0,28,42,5,45.699861380471766,-4.07168489989135,0.8513997106635237,0,367.53948974609375
49111.0,8.0,28,43,2,48.853381016938144,-3.989543470662398,0.848528137423857,0,367.53948974609375
49111.0,8.0,28,44,2,52.29558627052506,-3.9177811568109915,0.8513997106635237,0,367.53948974609375
49111.0,8.0,28,45,1,54.847982624634305,-3.8730613020760654,0.613407053921902,0,367.53948974609375
49111.0,8.0,28,46,4,49.20109028137213,-4.06132340689416,0.848528137423857,0,367.53948974609375
49111.0,8.0,28,47,2,52.382466450784165,-3.9853242442348495,0.848528137423857,0,367.53948974609375
49111.0,8.0,28,48,4,49.798009327334874,-4.131739458413327,0.682842712474619,0,367.53948974609375
49111.0,8.0,28,49,2,52.7068993544216,-4.052339446609561,0.8513997106635237,0,367.53948974609375
49111.0,8.0,28,50,1,55.91236666560382,-3.9816377014558495,0.682842712474619,0,367.53948974609375
49111.0,8.0,28,51,1,55.51326257298183,-4.091007338377595,0.613407053921902,0,367.53948974609375
49111.0,8.0,28,52,5,31.721213634795795,-4.63926386581311,0.4308640753373011,0,367.53948974609375
49111.0,8.0,28,53,4,37.43325772694325,-4.919088280776666,0.3414213562373095,0,367.53948974609375
49111.0,8.0,28,54,5,36.70966898836532,-4.64921508162752,0.482842712474619,0,367.53948974609375
49111.0,8.0,28,55,5,38.651659866284454,-4.388051343531339,0.3414213562373095,0,367.53948974609375
49111.0,8.0,28,56,4,41.7227598969022,-4.776725586432827,0.4242640687119285,0,367.53948974609375
49111.0,8.0,28,57,4,42.27457517939292,-4.538416944504172,0.4242640687119285,0,367.53948974609375
49111.0,8.0,28,58,2,47.26497212094544,-4.875653339416021,0.382842712474619,0,367.53948974609375
49111.0,8.0,28,59,2,46.69398893623614,-4.66273583913783,0.4242640687119285,0,367.53948974609375
49111.0,8.0,28,60,5,48.23566746672981,-4.454167007770234,0.482842712474619,0,367.53948974609375
49111.0,8.0,28,61,5,49.74791576089127,-4.3568389420106515,0.37888543819998316,0,367.53948974609375
49111.0,8.0,28,62,2,51.70606829915172,-4.76429109073725,0.4242640687119285,0,367.53948974609375
49111.0,8.0,28,63,4,52.15235864407415,-4.5716134447135435,0.4242640687119285,0,367.53948974609375
49111.0,8.0,28,64,1,57.15510821558946,-4.847211098951435,0.3414213562373095,0,367.53948974609375
49111.0,8.0,28,65,2,56.68383727588787,-4.671492016845816,0.382842712474619,0,367.53948974609375
49111.0,8.0,28,66,4,57.960403910798696,-4.498239261876492,0.3414213562373095,0,367.53948974609375
49111.0,8.0,29,1,1,35.71068774087875,0.8105313928316185,0.613407053921902,0,368.0318908691406
49111.0,8.0,29,2,4,30.809529550748767,0.7008245013679826,0.682842712474619,0,368.0318908691406
49111.0,8.0,29,3,2,35.79415044371209,0.712624591005014,0.8513997106635237,0,368.0318908691406
49111.0,8.0,29,4,1,40.782536714085445,0.7215389847062389,0.682842712474619,0,368.0318908691406
49111.0,8.0,29,5,4,33.58923944454784,0.63289689929361,0.848528137423857,0,368.0318908691406
49111.0,8.0,29,6,2,38.53869615479747,0.6526070467048873,0.848528137423857,0,368.0318908691406
49111.0,8.0,29,7,5,28.241935849817377,0.5128417590166623,0.613407053921902,0,368.0318908691406
49111.0,8.0,29,8,5,31.62677357776545,0.5426367566403352,0.8513997106635237,0,368.0318908691406
49111.0,8.0,29,9,2,36.49995755871335,0.5755720607271524,0.848528137423857,0,368.0318908691406
49111.0,8.0,29,10,2,41.403393540101376,0.6007284274714997,0.8513997106635237,0,368.0318908691406
49111.0,8.0,29,11,1,44.84848785667752,0.6150588689308817,0.613407053921902,0,368.0318908691406
49111.0,8.0,29,12,4,34.70248841601924,0.49000139416466626,0.848528137423857,0,368.0318908691406
49111.0,8.0,29,13,4,39.512742212007794,0.526848411940273,0.848528137423857,0,368.0318908691406
49111.0,8.0,29,14,5,33.18551646034794,0.3958600834562849,0.682842712474619,0,368.0318908691406
49111.0,8.0,29,15,5,37.8585868408827,0.44603635395455243,0.8513997106635237,0,368.0318908691406
49111.0,8.0,29,16,4,42.60594667927577,0.4851118964382835,0.682842712474619,0,368.0318908691406
49111.0,8.0,29,17,5,39.163000199795775,0.36166323124212857,0.613407053921902,0,368.0318908691406
49111.0,8.0,29,23,4,11.011390999502758,0.5467879129189753,0.382842712474619,0,368.0318908691406
49111.0,8.0,29,24,1,12.012495500526956,-1.670916273263567,0.37888543819998316,0,368.0318908691406
49111.0,8.0,29,25,2,8.734651853326106,-1.3001969151343098,0.4414213562373095,0,368.0318908691406
49111.0,8.0,29,26,2,9.501701568460188,-0.1421090334962395,0.4242640687119285,0,368.0318908691406
49111.0,8.0,29,27,5,17.443351810742808,0.3344230228463802,0.482842712474619,0,368.0318908691406
49111.0,8.0,29,28,5,22.05140850925349,0.43340897926094574,0.4538461538461539,0,368.0318908691406
49111.0,8.0,29,29,4,12.62196235330415,-0.7299576634435575,0.4242640687119285,0,368.0318908691406
49111.0,8.0,29,30,4,16.53185178210514,-0.08149287257556581,0.4242640687119285,1,368.0318908691406
49111.0,8.0,29,31,4,18.120307243542413,-1.0250201267846393,0.3414213562373095,0,368.0318908691406
49111.0,8.0,29,32,5,18.50226268048428,-0.47226756242310086,0.482842712474619,0,368.0318908691406
49111.0,8.0,29,33,5,23.58647735451199,-0.05708646509940907,0.3414213562373095,0,368.0318908691406
49111.0,8.0,29,34,5,23.31007121607359,-0.5383898600129536,0.4308640753373011,0,368.0318908691406
49111.0,8.0,29,35,5,39.030598292644974,0.11979951572836678,0.613407053921902,0,368.0318908691406
49111.0,8.0,29,36,5,37.714208135578495,-0.03569008111276151,0.682842712474619,0,368.0318908691406
49111.0,8.0,29,37,5,41.2838417560959,0.053067363378613286,0.8513997106635237,0,368.0318908691406
49111.0,8.0,29,38,4,45.12593140303035,0.12721738497965207,0.682842712474619,0,368.0318908691406
49111.0,8.0,29,39,4,41.24768345760089,-0.03263156021349578,0.848528137423857,0,368.0318908691406
49111.0,8.0,29,40,4,44.814790922942784,0.04888271904929664,0.848528137423857,0,368.0318908691406
49111.0,8.0,29,41,5,39.44288687077143,-0.18759963306498095,0.613407053921902,0,368.0318908691406
49111.0,8.0,29,42,5,41.513698836583046,-0.11785482231906086,0.8513997106635237,0,368.0318908691406
49111.0,8.0,29,43,2,44.781483739857805,-0.0300557268139775,0.848528137423857,0,368.0318908691406
49111.0,8.0,29,44,2,48.3464102161865,0.04530938119497896,0.8513997106635237,0,368.0318908691406
49111.0,8.0,29,45,1,50.985500362218914,0.09161825211688712,0.613407053921902,0,368.0318908691406
49111.0,8.0,29,46,4,45.02662641614652,-0.10862202536005561,0.848528137423857,0,368.0318908691406
49111.0,8.0,29,47,2,48.315537679589745,-0.027856700704666393,0.848528137423857,0,368.0318908691406
49111.0,8.0,29,48,4,45.54572303625553,-0.18586736144851357,0.682842712474619,0,368.0318908691406
49111.0,8.0,29,49,2,48.54283656466658,-0.10072619321279896,0.8513997106635237,0,368.0318908691406
49111.0,8.0,29,50,1,51.849793409352785,-0.025957452408417514,0.682842712474619,0,368.0318908691406
49111.0,8.0,29,51,1,51.30180278318178,-0.14388556615448278,0.613407053921902,0,368.0318908691406
49111.0,8.0,29,52,5,27.61142917435769,-0.7600650197981743,0.4308640753373011,0,368.0318908691406
49111.0,8.0,29,53,4,33.90322296115941,-1.0632885934543275,0.3414213562373095,0,368.0318908691406
49111.0,8.0,29,54,5,32.610070788812344,-0.763948865660495,0.482842712474619,0,368.0318908691406
49111.0,8.0,29,55,5,34.31333423829019,-0.4682955758980182,0.3414213562373095,0,368.0318908691406
49111.0,8.0,29,56,4,37.84769897633806,-0.8992729653712442,0.4242640687119285,0,368.0318908691406
49111.0,8.0,29,57,4,38.03204579694295,-0.634973429838183,0.4242640687119285,0,368.0318908691406
49111.0,8.0,29,58,2,43.60596196342478,-1.0003364453817776,0.382842712474619,0,368.0318908691406
49111.0,8.0,29,59,2,42.60831032149614,-0.7689825653031813,0.4242640687119285,0,368.0318908691406
49111.0,8.0,29,60,5,43.92557681067125,-0.5393424276616731,0.482842712474619,0,368.0318908691406
49111.0,8.0,29,61,5,45.40319804814209,-0.4323307716430561,0.37888543819998316,0,368.0318908691406
49111.0,8.0,29,62,2,47.79644034240482,-0.8754972290419775,0.4242640687119285,0,368.0318908691406
49111.0,8.0,29,63,4,47.94254789956755,-0.6662363692851615,0.4242640687119285,0,368.0318908691406
49111.0,8.0,29,64,1,53.418454773207465,-0.9603982174146898,0.3414213562373095,0,368.0318908691406
49111.0,8.0,29,65,2,52.60721908687511,-0.7721028381038187,0.382842712474619,0,368.0318908691406
49111.0,8.0,29,66,4,53.679676691945,-0.5847346656458682,0.3414213562373095,0,368.0318908691406
49111.0,8.0,30,1,1,31.254359604394143,1.2520892519059823,0.613407053921902,0,369.5000915527344
49111.0,8.0,30,2,4,25.229496042397823,1.2173590868714743,0.682842712474619,0,369.5000915527344
49111.0,8.0,30,3,2,29.843730810076835,1.1471606835853856,0.8513997106635237,0,369.5000915527344
49111.0,8.0,30,4,1,34.56543167349847,1.0959421690464581,0.682842712474619,0,369.5000915527344
49111.0,8.0,30,5,4,26.66038114393626,1.0926191161965442,0.848528137423857,0,369.5000915527344
49111.0,8.0,30,6,2,31.46262418888345,1.0445418465652194,0.848528137423857,0,369.5000915527344
49111.0,8.0,30,7,5,20.19329141417766,1.06446352867833,0.613407053921902,0,369.5000915527344
49111.0,8.0,30,8,5,23.57760752950932,1.0235616096831481,0.8513997106635237,0,369.5000915527344
49111.0,8.0,30,9,2,28.460927162103072,0.9821037356348185,0.848528137423857,0,369.5000915527344
49111.0,8.0,30,10,2,33.37881323590607,0.9528235710943334,0.8513997106635237,0,369.5000915527344
49111.0,8.0,30,11,1,36.834491060895246,0.9369884271302757,0.613407053921902,0,369.5000915527344
49111.0,8.0,30,12,4,25.595937744145242,0.9053290294054684,0.848528137423857,0,369.5000915527344
49111.0,8.0,30,13,4,30.565876841882368,0.8857563519757297,0.848528137423857,0,369.5000915527344
49111.0,8.0,30,14,5,22.918980847275506,0.8099387758507389,0.682842712474619,0,369.5000915527344
49111.0,8.0,30,15,5,27.917744915890744,0.8055440390339169,0.8513997106635237,0,369.5000915527344
49111.0,8.0,30,16,4,32.91688441058335,0.802484128483635,0.682842712474619,0,369.5000915527344
49111.0,8.0,30,17,5,28.066238714375114,0.6805390494332537,0.613407053921902,0,369.5000915527344
49111.0,8.0,30,18,1,20.66812201130388,2.4573883918428763,0.21157940538918116,0,369.5000915527344
49111.0,8.0,30,23,4,10.956471973656477,2.0871750544153262,0.3722854315746106,0,369.5000915527344
49111.0,8.0,30,24,1,17.970453303349895,3.612292393070849,0.37888543819998316,0,369.5000915527344
49111.0,8.0,30,25,2,13.306313916289557,3.495719206912595,0.4414213562373095,0,369.5000915527344
49111.0,8.0,30,26,2,5.941345492459175,2.7152841610940994,0.382842712474619,0,369.5000915527344
49111.0,8.0,30,27,5,9.671669063956271,1.3981513999560824,0.4414213562373095,0,369.5000915527344
49111.0,8.0,30,28,5,14.059231152294592,1.1921623949568836,0.4538461538461539,0,369.5000915527344
49111.0,8.0,30,29,4,7.110196510083957,3.8478119315699795,0.4242640687119285,0,369.5000915527344
49111.0,8.0,30,31,4,12.876731051134646,-2.0043579203173953,0.3414213562373095,0,369.5000915527344
49111.0,8.0,30,32,5,4.904263327471213,-1.2251730056809929,0.4414213562373095,0,369.5000915527344
49111.0,8.0,30,33,5,9.071570702315164,0.27425139792240005,0.2894427190999916,1,369.5000915527344
49111.0,8.0,30,34,5,9.665811142753931,-1.003125178587314,0.4308640753373011,0,369.5000915527344
49111.0,8.0,30,35,5,25.388870149749824,0.34001536981162955,0.613407053921902,0,369.5000915527344
49111.0,8.0,30,36,5,23.006242712651726,0.10699332606714429,0.682842712474619,0,369.5000915527344
49111.0,8.0,30,37,5,27.081506639483752,0.22311768148321298,0.8513997106635237,0,369.5000915527344
49111.0,8.0,30,38,4,31.424970962204,0.30804351117993006,0.682842712474619,0,369.5000915527344
49111.0,8.0,30,39,4,26.524246566868307,0.09275842718706273,0.848528137423857,0,369.5000915527344
49111.0,8.0,30,40,4,30.539424586114702,0.197498435094835,0.848528137423857,0,369.5000915527344
49111.0,8.0,30,41,5,24.19770136475724,-0.147389443862613,0.613407053921902,0,369.5000915527344
49111.0,8.0,30,42,5,26.43223997348026,-0.040821846441810195,0.8513997106635237,0,369.5000915527344
49111.0,8.0,30,43,2,30.046365972054087,0.0818590404526337,0.848528137423857,0,369.5000915527344
49111.0,8.0,30,44,2,34.01330484145243,0.17710112270521006,0.8513997106635237,0,369.5000915527344
49111.0,8.0,30,45,1,36.939673319010886,0.23127394745612562,0.613407053921902,0,369.5000915527344
49111.0,8.0,30,46,4,29.965175824650725,-0.036006673690218705,0.848528137423857,0,369.5000915527344
49111.0,8.0,30,47,2,33.57130560930263,0.07324764256364658,0.848528137423857,0,369.5000915527344
49111.0,8.0,30,48,4,30.29916527361529,-0.15288446043246307,0.682842712474619,0,369.5000915527344
49111.0,8.0,30,49,2,33.49865988944657,-0.03220724957929599,0.8513997106635237,0,369.5000915527344
49111.0,8.0,30,50,1,37.09826158325722,0.06627318874179666,0.682842712474619,0,369.5000915527344
49111.0,8.0,30,51,1,36.13133665908807,-0.09851119182360724,0.613407053921902,0,369.5000915527344
49111.0,8.0,30,52,5,16.08363184105602,-1.2417670527129339,0.4308640753373011,0,369.5000915527344
49111.0,8.0,30,53,4,25.88083698876283,-1.5065547642109132,0.3414213562373095,0,369.5000915527344
49111.0,8.0,30,54,5,20.689594473088114,-1.1350639253462707,0.482842712474619,0,369.5000915527344
49111.0,8.0,30,55,5,19.654539314946103,-0.6366874301918533,0.3414213562373095,0,369.5000915527344
49111.0,8.0,30,56,4,27.263797013843895,-1.244751888693588,0.4242640687119285,0,369.5000915527344
49111.0,8.0,30,57,4,24.52664314238716,-0.8706299766966716,0.4242640687119285,0,369.5000915527344
49111.0,8.0,30,58,2,34.037772191542274,-1.3113404455239301,0.382842712474619,0,369.5000915527344
49111.0,8.0,30,59,2,30.278895818461613,-1.0216783586921958,0.4242640687119285,0,369.5000915527344
49111.0,8.0,30,60,5,29.58129693247367,-0.6867951852592189,0.482842712474619,0,369.5000915527344
49111.0,8.0,30,61,5,30.48235434342528,-0.5228288889001185,0.37888543819998316,0,369.5000915527344
49111.0,8.0,30,62,2,36.49749087453132,-1.1229718168689407,0.4242640687119285,0,369.5000915527344
49111.0,8.0,30,63,4,34.50084689335062,-0.8459531049680129,0.4242640687119285,0,369.5000915527344
49111.0,8.0,30,64,1,42.98048566835585,-1.1942694638329068,0.3414213562373095,0,369.5000915527344
49111.0,8.0,30,65,2,40.06948645178356,-0.9632246116303629,0.382842712474619,0,369.5000915527344
49111.0,8.0,30,66,4,39.54497870440178,-0.7116917589594325,0.3414213562373095,0,369.5000915527344
49111.0,8.0,31,1,1,29.65514305273945,1.344935652304431,0.613407053921902,0,370.08441162109375
49111.0,8.0,31,2,4,23.57556861844741,1.3652595005689143,0.682842712474619,0,370.08441162109375
49111.0,8.0,31,3,2,27.561787943024083,1.2467836708874656,0.8513997106635237,0,370.08441162109375
49111.0,8.0,31,4,1,31.835465656235236,1.1591400328813295,0.682842712474619,0,370.08441162109375
49111.0,8.0,31,5,4,24.10240590165418,1.2184656993805294,0.848528137423857,0,370.08441162109375
49111.0,8.0,31,6,2,28.456470075910676,1.1245725970906046,0.848528137423857,0,370.08441162109375
49111.0,8.0,31,7,5,17.727337155556864,1.2798315167678083,0.613407053921902,0,370.08441162109375
49111.0,8.0,31,8,5,20.66881191263689,1.180699854091046,0.8513997106635237,0,370.08441162109375
49111.0,8.0,31,9,2,25.120599212858483,1.0807598147132778,0.848528137423857,0,370.08441162109375
49111.0,8.0,31,10,2,29.747087651502486,1.0113795653669624,0.8513997106635237,0,370.08441162109375
49111.0,8.0,31,11,1,33.05042400634741,0.9744871662216701,0.613407053921902,0,370.08441162109375
49111.0,8.0,31,12,4,21.847615898420877,1.0236810317838922,0.848528137423857,0,370.08441162109375
49111.0,8.0,31,13,4,26.573728368033684,0.9559308342736021,0.848528137423857,0,370.08441162109375
49111.0,8.0,31,14,5,18.67062227342193,0.9468498667037408,0.682842712474619,0,370.08441162109375
49111.0,8.0,31,15,5,23.503975302273965,0.8857321576934161,0.8513997106635237,0,370.08441162109375
49111.0,8.0,31,16,4,28.395097709692955,0.8455596537691703,0.682842712474619,0,370.08441162109375
49111.0,8.0,31,17,5,22.959997825515824,0.736760615937071,0.613407053921902,0,370.08441162109375
49111.0,8.0,31,18,1,26.34006720993548,2.4999634995490903,0.21157940538918116,0,370.08441162109375
49111.0,8.0,31,23,4,15.505758928562653,2.363286040180588,0.3722854315746106,0,370.08441162109375
49111.0,8.0,31,24,1,24.42216277103887,3.359102280374759,0.37888543819998316,0,370.08441162109375
49111.0,8.0,31,25,2,20.007167549361466,3.252881599171972,0.4414213562373095,0,370.08441162109375
49111.0,8.0,31,26,2,12.568857991656735,2.828219956450816,0.382842712474619,0,370.08441162109375
49111.0,8.0,31,27,5,10.754795631746997,1.954896647450882,0.4414213562373095,0,370.08441162109375
49111.0,8.0,31,28,5,13.019613973300045,1.575924459546591,0.4538461538461539,0,370.08441162109375
49111.0,8.0,31,29,4,13.248540390479484,3.380645650325727,0.4242640687119285,0,370.08441162109375
49111.0,8.0,31,31,4,17.1193298274757,3.776145404657589,0.3414213562373095,0,370.08441162109375
49111.0,8.0,31,32,5,7.1246678244048764,3.746562804787189,0.4414213562373095,1,370.08441162109375
49111.0,8.0,31,34,5,8.494306434603622,-1.9081936923668603,0.4308640753373011,0,370.08441162109375
49111.0,8.0,31,35,5,18.908848233817082,0.3249595003360111,0.613407053921902,0,370.08441162109375
49111.0,8.0,31,36,5,16.091130094999816,0.013325863693407158,0.682842712474619,0,370.08441162109375
49111.0,8.0,31,37,5,20.316721848450705,0.1612906120751303,0.8513997106635237,0,370.08441162109375
49111.0,8.0,31,38,4,24.83171169292241,0.2569692759334316,0.682842712474619,0,370.08441162109375
49111.0,8.0,31,39,4,19.5970151374943,-0.01240520718193694,0.848528137423857,0,370.08441162109375
49111.0,8.0,31,40,4,23.72525492449525,0.11851353736960102,0.848528137423857,0,370.08441162109375
49111.0,8.0,31,41,5,17.38894806127942,-0.3451112120991704,0.613407053921902,0,370.08441162109375
49111.0,8.0,31,42,5,19.501713205025016,-0.19343874381932313,0.8513997106635237,0,370.08441162109375
49111.0,8.0,31,43,2,23.111934944183115,-0.03031882909749284,0.848528137423857,0,370.08441162109375
49111.0,8.0,31,44,2,27.16627055370792,0.08652633196251502,0.8513997106635237,0,370.08441162109375
49111.0,8.0,31,45,1,30.173623565134367,0.14907414817705034,0.613407053921902,0,370.08441162109375
49111.0,8.0,31,46,4,23.031182177561337,-0.1836714012971029,0.848528137423857,0,370.08441162109375
49111.0,8.0,31,47,2,26.63231254377142,-0.04349999424672735,0.848528137423857,0,370.08441162109375
49111.0,8.0,31,48,4,23.488490120224533,-0.3345465221879387,0.682842712474619,0,370.08441162109375
49111.0,8.0,31,49,2,26.562264343632133,-0.1765003817619989,0.8513997106635237,0,370.08441162109375
49111.0,8.0,31,50,1,30.15623660197168,-0.053602003835393486,0.682842712474619,0,370.08441162109375
49111.0,8.0,31,51,1,29.245145446702395,-0.25716747212795643,0.613407053921902,0,370.08441162109375
49111.0,8.0,31,52,5,15.482276094576061,-1.8139064369568871,0.4308640753373011,0,370.08441162109375
49111.0,8.0,31,53,4,26.52176060142518,-1.9012390543645468,0.3414213562373095,0,370.08441162109375
49111.0,8.0,31,54,5,19.002453085470826,-1.6065175257334745,0.482842712474619,0,370.08441162109375
49111.0,8.0,31,55,5,14.791303564315443,-1.0586857682880166,0.3414213562373095,0,370.08441162109375
49111.0,8.0,31,56,4,26.05073616098502,-1.6320108397382318,0.4242640687119285,0,370.08441162109375
49111.0,8.0,31,57,4,20.888520588961384,-1.2627691742935645,0.4242640687119285,0,370.08441162109375
49111.0,8.0,31,58,2,33.10873730290821,-1.6466414282925632,0.382842712474619,0,370.08441162109375
49111.0,8.0,31,59,2,27.456837466452622,-1.3721676636638949,0.4242640687119285,0,370.08441162109375
49111.0,8.0,31,60,5,24.7298880208829,-1.0008185498097344,0.482842712474619,0,370.08441162109375
49111.0,8.0,31,61,5,24.807500487927296,-0.7986306798877418,0.37888543819998316,0,370.08441162109375
49111.0,8.0,31,62,2,34.2260946490091,-1.4388509427330634,0.4242640687119285,0,370.08441162109375
49111.0,8.0,31,63,4,30.481387645399945,-1.1507808160560797,0.4242640687119285,0,370.08441162109375
49111.0,8.0,31,64,1,41.09711895238719,-1.4833835097340031,0.3414213562373095,0,370.08441162109375
49111.0,8.0,31,65,2,36.69690210430403,-1.2516322753967921,0.382842712474619,0,370.08441162109375
49111.0,8.0,31,66,4,34.7037759029055,-0.9761658827104216,0.3414213562373095,0,370.08441162109375
49111.0,8.0,32,1,1,31.910130034533694,-2.38028567504193,0.613407053921902,0,371.0303955078125
49111.0,8.0,32,2,4,25.80685266320831,-2.3803661160495944,0.682842712474619,0,371.0303955078125
49111.0,8.0,32,3,2,30.041202410806328,-2.4758999844613756,0.8513997106635237,0,371.0303955078125
49111.0,8.0,32,4,1,34.481212858504996,-2.547352688381419,0.682842712474619,0,371.0303955078125
49111.0,8.0,32,5,4,26.651114746633166,-2.5113720970785076,0.848528137423857,0,371.0303955078125
49111.0,8.0,32,6,2,31.1730992226423,-2.5854069544303195,0.848528137423857,0,371.0303955078125
49111.0,8.0,32,7,5,20.181770330048696,-2.484183308212653,0.613407053921902,0,371.0303955078125
49111.0,8.0,32,8,5,23.30429128270971,-2.557105001531974,0.8513997106635237,0,371.0303955078125
49111.0,8.0,32,9,2,27.920784195575056,-2.6324086325146467,0.848528137423857,0,371.0303955078125
49111.0,8.0,32,10,2,32.65042707228143,-2.6861317674763057,0.8513997106635237,0,371.0303955078125
49111.0,8.0,32,11,1,36.00467367630088,-2.715284596838302,0.613407053921902,0,371.0303955078125
49111.0,8.0,32,12,4,24.74627780186438,-2.6916298636484206,0.848528137423857,0,371.0303955078125
49111.0,8.0,32,13,4,29.56109712026162,-2.741480275097292,0.848528137423857,0,371.0303955078125
49111.0,8.0,32,14,5,21.68378057438826,-2.7679145657147974,0.682842712474619,0,371.0303955078125
49111.0,8.0,32,15,5,26.583200294635553,-2.8094789563052225,0.8513997106635237,0,371.0303955078125
49111.0,8.0,32,16,4,31.51423068728167,-2.838073544181564,0.682842712474619,0,371.0303955078125
49111.0,8.0,32,17,5,26.179839215909983,-2.941363019342842,0.613407053921902,0,371.0303955078125
49111.0,8.0,32,18,1,25.087844850253585,-1.265725717850177,0.24555210486664986,0,371.0303955078125
49111.0,8.0,32,21,4,20.723337155299614,-1.7210803338938536,0.3308640753373011,0,371.0303955078125
49111.0,8.0,32,23,4,14.83485263676607,-1.497339295208067,0.4242640687119285,0,371.0303955078125
49111.0,8.0,32,24,1,21.242608336487933,-0.32806920040546617,0.37888543819998316,0,371.0303955078125
49111.0,8.0,32,25,2,16.962564866314313,-0.4643436893003199,0.4414213562373095,0,371.0303955078125
49111.0,8.0,32,26,2,10.520884119545705,-1.0450315239039176,0.382842712474619,1,371.0303955078125
49111.0,8.0,32,27,5,11.560683304627684,-1.980604747943928,0.4414213562373095,0,371.0303955078125
49111.0,8.0,32,28,5,14.836765023966358,-2.2700231644596753,0.4538461538461539,0,371.0303955078125
49111.0,8.0,32,29,4,10.065046078347219,-0.3451122035418819,0.4242640687119285,0,371.0303955078125
49111.0,8.0,32,31,4,13.853566416688393,-6.117131393275864,0.3308640753373011,0,371.0303955078125
49111.0,8.0,32,34,5,6.47904669557356,-5.198147406511396,0.32030679443729265,0,371.0303955078125
49111.0,8.0,32,35,5,22.186886666644888,-3.2978961856538396,0.613407053921902,0,371.0303955078125
49111.0,8.0,32,36,5,19.104847173380822,-3.5544695047758657,0.682842712474619,0,371.0303955078125
49111.0,8.0,32,37,5,23.483513012850764,-3.440440549461241,0.8513997106635237,0,371.0303955078125
49111.0,8.0,32,38,4,28.070546509308034,-3.3629227722708595,0.682842712474619,0,371.0303955078125
49111.0,8.0,32,39,4,22.567309506804374,-3.588910117317197,0.848528137423857,0,371.0303955078125
49111.0,8.0,32,40,4,26.84704185347796,-3.483828584159029,0.848528137423857,0,371.0303955078125
49111.0,8.0,32,41,5,19.781440665242993,-3.8677655259155284,0.613407053921902,0,371.0303955078125
49111.0,8.0,32,42,5,22.183136237400586,-3.7461533678972287,0.8513997106635237,0,371.0303955078125
49111.0,8.0,32,43,2,26.049409421972875,-3.614166832507041,0.848528137423857,0,371.0303955078125
49111.0,8.0,32,44,2,30.249825274537756,-3.517507337518515,0.8513997106635237,0,371.0303955078125
49111.0,8.0,32,45,1,33.321735664196865,-3.4646703026965615,0.613407053921902,0,371.0303955078125
49111.0,8.0,32,46,4,25.7173055778544,-3.7502655646187826,0.848528137423857,0,371.0303955078125
49111.0,8.0,32,47,2,29.54420423858519,-3.63345829351799,0.848528137423857,0,371.0303955078125
49111.0,8.0,32,48,4,25.868666009980355,-3.8873211914414467,0.682842712474619,0,371.0303955078125
49111.0,8.0,32,49,2,29.25180471428057,-3.7533840495040502,0.8513997106635237,0,371.0303955078125
49111.0,8.0,32,50,1,33.047666739860794,-3.6486641888545734,0.682842712474619,0,371.0303955078125
49111.0,8.0,32,51,1,31.770828168440833,-3.8331131315921216,0.613407053921902,0,371.0303955078125
49111.0,8.0,32,52,5,13.512741986205702,-5.27576153981292,0.4308640753373011,0,371.0303955078125
49111.0,8.0,32,53,4,24.22251324659801,-5.453395197503777,0.3414213562373095,0,371.0303955078125
49111.0,8.0,32,54,5,17.598026701724383,-5.088545547702292,0.482842712474619,0,371.0303955078125
49111.0,8.0,32,55,5,15.252899383644822,-4.486130912092843,0.3414213562373095,0,371.0303955078125
49111.0,8.0,32,56,4,24.501156986904682,-5.1623377686763385,0.4242640687119285,0,371.0303955078125
49111.0,8.0,32,57,4,20.573455944734622,-4.749809947476299,0.4242640687119285,0,371.0303955078125
49111.0,8.0,32,58,2,31.478926976618688,-5.203564931917929,0.382842712474619,0,371.0303955078125
49111.0,8.0,32,59,2,26.718593514859275,-4.8991532568938005,0.4242640687119285,0,371.0303955078125
49111.0,8.0,32,60,5,25.23576103915371,-4.515960343182924,0.482842712474619,0,371.0303955078125
49111.0,8.0,32,61,5,25.948484216457857,-4.322261378420417,0.37888543819998316,0,371.0303955078125
49111.0,8.0,32,62,2,33.23400952811177,-4.991391431565912,0.4242640687119285,0,371.0303955078125
49111.0,8.0,32,63,4,30.45422442170564,-4.688291804528716,0.4242640687119285,0,371.0303955078125
49111.0,8.0,32,64,1,39.9388975713773,-5.053049147624986,0.3414213562373095,0,371.0303955078125
49111.0,8.0,32,65,2,36.30531552031955,-4.807771135120172,0.382842712474619,0,371.0303955078125
49111.0,8.0,32,66,4,35.228345559264405,-4.528874105588072,0.3414213562373095,0,371.0303955078125
49111.0,8.0,33,1,1,32.10426786973081,-0.7539692444195141,0.613407053921902,0,371.877685546875
49111.0,8.0,33,2,4,26.241033770016895,-0.8123700471349925,0.682842712474619,0,371.877685546875
49111.0,8.0,33,3,2,31.054557616700905,-0.8597627680537605,0.8513997106635237,0,371.877685546875
49111.0,8.0,33,4,1,35.91906519132737,-0.8943799501539351,0.682842712474619,0,371.877685546875
49111.0,8.0,33,5,4,28.06924746789218,-0.9239306980579098,0.848528137423857,0,371.877685546875
49111.0,8.0,33,6,2,32.99509583049579,-0.9521222179630133,0.848528137423857,0,371.877685546875
49111.0,8.0,33,7,5,21.750268302797245,-0.9855919179142179,0.613407053921902,0,371.877685546875
49111.0,8.0,33,8,5,25.226568495507806,-1.0029510913318693,0.8513997106635237,0,371.877685546875
49111.0,8.0,33,9,2,30.20220941435206,-1.0208101342158837,0.848528137423857,0,371.877685546875
49111.0,8.0,33,10,2,35.18475733834475,-1.0336142790837195,0.8513997106635237,0,371.877685546875
49111.0,8.0,33,11,1,38.675221211689085,-1.0406134436727883,0.613407053921902,0,371.877685546875
49111.0,8.0,33,12,4,27.58025667308322,-1.1030115086117014,0.848528137423857,0,371.877685546875
49111.0,8.0,33,13,4,32.58012052775405,-1.1042424091145215,0.848528137423857,0,371.877685546875
49111.0,8.0,33,14,5,25.18268577411724,-1.2016464909000897,0.682842712474619,0,371.877685546875
49111.0,8.0,33,15,5,30.165565770390515,-1.1866469777473843,0.8513997106635237,0,371.877685546875
49111.0,8.0,33,16,4,35.15330786281122,-1.175902010802738,0.682842712474619,0,371.877685546875
49111.0,8.0,33,17,5,30.62944484585579,-1.3008375932847287,0.613407053921902,0,371.877685546875
49111.0,8.0,33,18,1,17.721387264863374,0.4552853985628573,0.37888543819998316,0,371.877685546875
49111.0,8.0,33,20,2,12.721457122933742,0.4535250869891956,0.4414213562373095,0,371.877685546875
49111.0,8.0,33,21,4,16.230306904994123,-0.21028115182484863,0.3414213562373095,0,371.877685546875
49111.0,8.0,33,23,4,9.242135657944578,-0.12210719397476688,0.4242640687119285,0,371.877685546875
49111.0,8.0,33,24,1,15.166746337297072,1.850164174300387,0.37888543819998316,0,371.877685546875
49111.0,8.0,33,25,2,10.287073923606423,1.7628469929880786,0.4414213562373095,1,371.877685546875
49111.0,8.0,33,27,5,10.440242895117892,-0.8473407025037776,0.4414213562373095,0,371.877685546875
49111.0,8.0,33,28,5,15.322935983645195,-0.932494570883155,0.4538461538461539,0,371.877685546875
49111.0,8.0,33,29,4,5.4226829244343815,-3.818922713071753,0.3722854315746106,0,371.877685546875
49111.0,8.0,33,31,4,12.304458516672035,-3.6196360242299592,0.3308640753373011,0,371.877685546875
49111.0,8.0,33,34,5,12.279046991828848,-2.6753646320835167,0.32030679443729265,0,371.877685546875
49111.0,8.0,33,35,5,28.615203016901706,-1.6134202730942786,0.613407053921902,0,371.877685546875
49111.0,8.0,33,36,5,26.49033185081375,-1.821604634984045,0.682842712474619,0,371.877685546875
49111.0,8.0,33,37,5,30.455399800627582,-1.7143131673746304,0.8513997106635237,0,371.877685546875
49111.0,8.0,33,38,4,34.68897623836563,-1.6324454288610277,0.682842712474619,0,371.877685546875
49111.0,8.0,33,39,4,30.017136466705846,-1.8304097858402169,0.848528137423857,0,371.877685546875
49111.0,8.0,33,40,4,33.93850581729654,-1.7331815901508765,0.848528137423857,0,371.877685546875
49111.0,8.0,33,41,5,27.77084801533322,-2.04206436023685,0.613407053921902,0,371.877685546875
49111.0,8.0,33,42,5,29.992092062835784,-1.9483081172087697,0.8513997106635237,0,371.877685546875
49111.0,8.0,33,43,2,33.54577889624038,-1.837362977607468,0.848528137423857,0,371.877685546875
49111.0,8.0,33,44,2,37.4314436965137,-1.7485332244047993,0.8513997106635237,0,371.877685546875
49111.0,8.0,33,45,1,40.29787294659801,-1.6968160762809372,0.613407053921902,0,371.877685546875
49111.0,8.0,33,46,4,33.52337074937754,-1.9428392662703016,0.848528137423857,0,371.877685546875
49111.0,8.0,33,47,2,37.07573440742679,-1.8429923826637888,0.848528137423857,0,371.877685546875
49111.0,8.0,33,48,4,33.87201634159084,-2.0472959334635283,0.682842712474619,0,371.877685546875
49111.0,8.0,33,49,2,37.055460953749126,-1.9384128741917677,0.8513997106635237,0,371.877685546875
49111.0,8.0,33,50,1,40.60666056134948,-1.8476429118629885,0.682842712474619,0,371.877685546875
49111.0,8.0,33,51,1,39.70275456202494,-1.9981122517150816,0.613407053921902,0,371.877685546875
49111.0,8.0,33,52,5,17.96577870054877,-2.9592629113168205,0.4308640753373011,0,371.877685546875
49111.0,8.0,33,53,4,26.813610688544234,-3.2719444134361115,0.3414213562373095,0,371.877685546875
49111.0,8.0,33,54,5,22.8157206560843,-2.899204805487964,0.482842712474619,0,371.877685546875
49111.0,8.0,33,55,5,22.85048139440677,-2.457668759001791,0.3414213562373095,0,371.877685546875
49111.0,8.0,33,56,4,29.026734545002174,-3.030634152660908,0.4242640687119285,0,371.877685546875
49111.0,8.0,33,57,4,27.278905939309237,-2.678918935134014,0.4242640687119285,0,371.877685546875
49111.0,8.0,33,58,2,35.560448923425774,-3.114816561335858,0.382842712474619,0,371.877685546875
49111.0,8.0,33,59,2,32.651690898561924,-2.8331054573474717,0.4242640687119285,0,371.877685546875
49111.0,8.0,33,60,5,32.67598980038539,-2.525749024972039,0.482842712474619,0,371.877685546875
49111.0,8.0,33,61,5,33.81588391399401,-2.3791624481575804,0.37888543819998316,0,371.877685546875
49111.0,8.0,33,62,2,38.57625082644479,-2.9419204138897044,0.4242640687119285,0,371.877685546875
49111.0,8.0,33,63,4,37.278874965916565,-2.6796994194656785,0.4242640687119285,0,371.877685546875
49111.0,8.0,33,64,1,44.83437673386721,-3.0210938612588505,0.3414213562373095,0,371.877685546875
49111.0,8.0,33,65,2,42.564171882159194,-2.7976925435590223,0.382842712474619,0,371.877685546875
49111.0,8.0,33,66,4,42.58281483079353,-2.56226166162597,0.3414213562373095,0,371.877685546875
49111.0,8.0,34,1,1,38.564801527441475,0.21268082348329304,0.613407053921902,0,372.9244079589844
49111.0,8.0,34,2,4,33.02352206189733,0.1409815438825883,0.682842712474619,0,372.9244079589844
49111.0,8.0,34,3,2,37.98041361375025,0.12248213993144824,0.8513997106635237,0,372.9244079589844
49111.0,8.0,34,4,1,42.94730058071719,0.10825770155396439,0.682842712474619,0,372.9244079589844
49111.0,8.0,34,5,4,35.26089781665793,0.06073629394793485,0.848528137423857,0,372.9244079589844
49111.0,8.0,34,6,2,40.252822556135335,0.05319650786204413,0.848528137423857,0,372.9244079589844
49111.0,8.0,34,7,5,29.19809660188127,-0.012319614761148269,0.613407053921902,0,372.9244079589844
49111.0,8.0,34,8,5,32.69785943149855,-0.011000948211997166,0.8513997106635237,0,372.9244079589844
49111.0,8.0,34,9,2,37.69759700963663,-0.009541872422223539,0.848528137423857,0,372.9244079589844
49111.0,8.0,34,10,2,42.69739604706463,-0.008424505732673405,0.8513997106635237,0,372.9244079589844
49111.0,8.0,34,11,1,46.19728125581784,-0.007786255548092318,0.613407053921902,0,372.9244079589844
49111.0,8.0,34,12,4,35.3118665163173,-0.08107289708875016,0.848528137423857,0,372.9244079589844
49111.0,8.0,34,13,4,40.297477908240566,-0.0710244423858152,0.848528137423857,0,372.9244079589844
49111.0,8.0,34,14,5,33.13226544369488,-0.16248076149372898,0.682842712474619,0,372.9244079589844
49111.0,8.0,34,15,5,38.07500259133784,-0.14123598833887396,0.8513997106635237,0,372.9244079589844
49111.0,8.0,34,16,4,43.0309729291508,-0.12487879594986988,0.682842712474619,0,372.9244079589844
49111.0,8.0,34,17,5,38.72303866887226,-0.23084132830570608,0.613407053921902,0,372.9244079589844
49111.0,8.0,34,18,1,16.539799298031195,1.086828813244012,0.37888543819998316,0,372.9244079589844
49111.0,8.0,34,19,1,9.911828542237844,1.8054041380734351,0.2788854381999832,0,372.9244079589844
49111.0,8.0,34,20,2,12.33539471798824,0.8970909569734906,0.4414213562373095,0,372.9244079589844
49111.0,8.0,34,21,4,20.151416343434118,0.4988239914020124,0.3414213562373095,0,372.9244079589844
49111.0,8.0,34,23,4,13.517313852127458,0.3504128992007976,0.4242640687119285,0,372.9244079589844
49111.0,8.0,34,24,1,7.312970683014734,-3.0923861935731325,0.2683281572999748,1,372.9244079589844
49111.0,8.0,34,27,5,17.699536285034746,-0.020323976941845297,0.4414213562373095,0,372.9244079589844
49111.0,8.0,34,28,5,22.698731101191257,-0.01584737303529793,0.4538461538461539,0,372.9244079589844
49111.0,8.0,34,29,4,5.999513316753565,-1.104758792820185,0.32030679443729265,0,372.9244079589844
49111.0,8.0,34,31,4,10.612839072010685,-1.7896458796222317,0.32030679443729265,0,372.9244079589844
49111.0,8.0,34,34,5,17.179842053862632,-1.1063141132222258,0.32030679443729265,0,372.9244079589844
49111.0,8.0,34,35,5,36.78681989652165,-0.47609075184978306,0.613407053921902,0,372.9244079589844
49111.0,8.0,34,36,5,34.37410668833139,-0.6339074506022938,0.682842712474619,0,372.9244079589844
49111.0,8.0,34,37,5,38.51672389391022,-0.5569431256503539,0.8513997106635237,0,372.9244079589844
49111.0,8.0,34,38,4,42.84269865938233,-0.4952138654975643,0.682842712474619,0,372.9244079589844
49111.0,8.0,34,39,4,37.87290741526139,-0.647995936712478,0.848528137423857,0,372.9244079589844
49111.0,8.0,34,40,4,41.96803456184107,-0.5760231581538623,0.848528137423857,0,372.9244079589844
49111.0,8.0,34,41,5,35.05074958429505,-0.8088789780595828,0.613407053921902,0,372.9244079589844
49111.0,8.0,34,42,5,37.552313013317935,-0.7413938845701651,0.8513997106635237,0,372.9244079589844
49111.0,8.0,34,43,2,41.3779533272144,-0.6596996127292313,0.848528137423857,0,372.9244079589844
49111.0,8.0,34,44,2,45.432299418454036,-0.5921986062484756,0.8513997106635237,0,372.9244079589844
49111.0,8.0,34,45,1,48.375768693399664,-0.5518026693730365,0.613407053921902,0,372.9244079589844
49111.0,8.0,34,46,4,41.08471879074238,-0.7451794474487002,0.848528137423857,0,372.9244079589844
49111.0,8.0,34,47,2,44.88778148910131,-0.6695742224283844,0.848528137423857,0,372.9244079589844
49111.0,8.0,34,48,4,41.094685966431555,-0.8312499524692117,0.682842712474619,0,372.9244079589844
49111.0,8.0,34,49,2,44.61762010213624,-0.748365555152427,0.8513997106635237,0,372.9244079589844
49111.0,8.0,34,50,1,48.40135155630964,-0.6780159154558755,0.682842712474619,0,372.9244079589844
49111.0,8.0,34,51,1,47.06909734633909,-0.8028828084620035,0.613407053921902,0,372.9244079589844
49111.0,8.0,34,52,5,20.53740894383126,-1.439149551586417,0.4308640753373011,0,372.9244079589844
49111.0,8.0,34,53,4,26.3906148158342,-1.8512270479544328,0.3414213562373095,0,372.9244079589844
49111.0,8.0,34,54,5,25.50259140078865,-1.4648883752360957,0.482842712474619,0,372.9244079589844
49111.0,8.0,34,55,5,28.360179582531394,-1.1066431365925828,0.3414213562373095,0,372.9244079589844
49111.0,8.0,34,56,4,30.44700906962903,-1.6465451151301131,0.4242640687119285,0,372.9244079589844
49111.0,8.0,34,57,4,31.31992942335477,-1.3225356496553111,0.4242640687119285,0,372.9244079589844
49111.0,8.0,34,58,2,36.106212130554006,-1.7744975001158938,0.382842712474619,0,372.9244079589844
49111.0,8.0,34,59,2,35.46232045727432,-1.4947019172877962,0.4242640687119285,0,372.9244079589844
49111.0,8.0,34,60,5,37.56985214253935,-1.2260824940793704,0.482842712474619,0,372.9244079589844
49111.0,8.0,34,61,5,39.540518445149324,-1.1067860929743982,0.37888543819998316,0,372.9244079589844
49111.0,8.0,34,62,2,40.42541731812933,-1.6278240244765338,0.4242640687119285,0,372.9244079589844
49111.0,8.0,34,63,4,41.0868833466687,-1.3823759253621477,0.4242640687119285,0,372.9244079589844
49111.0,8.0,34,64,1,45.94401548053243,-1.7304524207928769,0.3414213562373095,0,372.9244079589844
49111.0,8.0,34,65,2,45.43974225579691,-1.511432765240622,0.382842712474619,0,372.9244079589844
49111.0,8.0,34,66,4,47.10294888933289,-1.2978864729713722,0.3414213562373095,0,372.9244079589844
49111.0,8.0,35,1,1,43.56388822301946,0.23398503747549798,0.613407053921902,0,373.4598083496094
49111.0,8.0,35,2,4,37.95511533926699,0.17479253362820515,0.682842712474619,0,373.4598083496094
49111.0,8.0,35,3,2,42.88774389006496,0.1545168398725239,0.8513997106635237,0,373.4598083496094
49111.0,8.0,35,4,1,47.834363919075464,0.13842910086709337,0.682842712474619,0,373.4598083496094
49111.0,8.0,35,5,4,40.087054985278826,0.10247011143551954,0.848528137423857,0,373.4598083496094
49111.0,8.0,35,6,2,45.06373012696033,0.09112028790174606,0.848528137423857,0,373.4598083496094
49111.0,8.0,35,7,5,33.91456798946157,0.04721082928841076,0.613407053921902,0,373.4598083496094
49111.0,8.0,35,8,5,37.411032848689594,0.04279563271832288,0.8513997106635237,0,373.4598083496094
49111.0,8.0,35,9,2,42.406994403853666,0.037751328963179925,0.848528137423857,0,373.4598083496094
49111.0,8.0,35,10,2,47.403807546770125,0.033770376347723695,0.8513997106635237,0,373.4598083496094
49111.0,8.0,35,11,1,50.901949145638234,0.03144877647379342,0.613407053921902,0,373.4598083496094
49111.0,8.0,35,12,4,39.88692236537484,-0.022552155799927642,0.848528137423857,0,373.4598083496094
49111.0,8.0,35,13,4,44.88579253331932,-0.020040195263986118,0.848528137423857,0,373.4598083496094
49111.0,8.0,35,14,5,37.53105350498976,-0.09070156834869939,0.682842712474619,0,373.4598083496094
49111.0,8.0,35,15,5,42.51291301189732,-0.08004845582450458,0.8513997106635237,0,373.4598083496094
49111.0,8.0,35,16,4,47.4985849086043,-0.07163094831619427,0.682842712474619,0,373.4598083496094
49111.0,8.0,35,17,5,42.934764371418396,-0.16139612951979326,0.613407053921902,0,373.4598083496094
49111.0,8.0,35,18,1,20.706583634824838,0.9301397495829572,0.37888543819998316,0,373.4598083496094
49111.0,8.0,35,19,1,11.841520725362065,1.3687078557379282,0.3308640753373011,0,373.4598083496094
49111.0,8.0,35,20,2,16.96340780075359,0.7530355644744744,0.482842712474619,0,373.4598083496094
49111.0,8.0,35,21,4,25.20501528149023,0.4782737319746775,0.3414213562373095,0,373.4598083496094
49111.0,8.0,35,22,2,9.89868713722155,0.7299195125111221,0.382842712474619,0,373.4598083496094
49111.0,8.0,35,23,4,18.588157470983607,0.3630144440800106,0.4242640687119285,0,373.4598083496094
49111.0,8.0,35,27,5,22.433947314672462,0.07140522629416894,0.4414213562373095,0,373.4598083496094
49111.0,8.0,35,28,5,27.423526171523676,0.0583969474887536,0.4538461538461539,0,373.4598083496094
49111.0,8.0,35,29,4,8.122389046206733,-0.43182563973615035,0.3308640753373011,0,373.4598083496094
49111.0,8.0,35,31,4,8.729261517669569,-1.2950373916365836,0.32030679443729265,0,373.4598083496094
49111.0,8.0,35,34,5,18.24089351314861,-0.8250526747685804,0.32030679443729265,0,373.4598083496094
49111.0,8.0,35,35,5,40.23701720416598,-0.37932372773691186,0.613407053921902,0,373.4598083496094
49111.0,8.0,35,36,5,37.23970967660295,-0.5167783112821237,0.682842712474619,0,373.4598083496094
49111.0,8.0,35,37,5,41.660098083903016,-0.4574443482485073,0.8513997106635237,0,373.4598083496094
49111.0,8.0,35,38,4,46.198826477770666,-0.4096265733140024,0.682842712474619,0,373.4598083496094
49111.0,8.0,35,39,4,40.65928152062433,-0.5398583471467018,0.848528137423857,0,373.4598083496094
49111.0,8.0,35,40,4,45.021605583720884,-0.4827419842595377,0.848528137423857,0,373.4598083496094
49111.0,8.0,35,41,5,37.16723178140157,-0.6810026054554958,0.613407053921902,0,373.4598083496094
49111.0,8.0,35,42,5,39.94734753630517,-0.625814410124751,0.8513997106635237,0,373.4598083496094
49111.0,8.0,35,43,2,44.09714696835943,-0.5593487678093667,0.848528137423857,0,373.4598083496094
49111.0,8.0,35,44,2,48.40791429417131,-0.5045126565307746,0.8513997106635237,0,373.4598083496094
49111.0,8.0,35,45,1,51.49964682602936,-0.47165539220226194,0.613407053921902,0,373.4598083496094
49111.0,8.0,35,46,4,43.44159035028593,-0.6387475848387976,0.848528137423857,0,373.4598083496094
49111.0,8.0,35,47,2,47.54933824697037,-0.576014678238725,0.848528137423857,0,373.4598083496094
49111.0,8.0,35,48,4,43.06721692395527,-0.7200493285685262,0.682842712474619,0,373.4598083496094
49111.0,8.0,35,49,2,46.942017097029,-0.6497535467537228,0.8513997106635237,0,373.4598083496094
49111.0,8.0,35,50,1,51.01294703014625,-0.590421030832224,0.682842712474619,0,373.4598083496094
49111.0,8.0,35,51,1,49.13857128580189,-0.7064973887571718,0.613407053921902,0,373.4598083496094
49111.0,8.0,35,52,5,19.823143014768238,-1.1894939084418727,0.4308640753373011,0,373.4598083496094
49111.0,8.0,35,53,4,23.546040139419162,-1.6824362217320175,0.3414213562373095,0,373.4598083496094
49111.0,8.0,35,54,5,24.534701901034513,-1.2654042043796094,0.482842712474619,0,373.4598083496094
49111.0,8.0,35,55,5,29.145963502655302,-0.9320386802222216,0.3414213562373095,0,373.4598083496094
49111.0,8.0,35,56,4,28.498743835449208,-1.4872998927454764,0.4242640687119285,0,373.4598083496094
49111.0,8.0,35,57,4,30.97925098068129,-1.1598049324571549,0.4242640687119285,0,373.4598083496094
49111.0,8.0,35,58,2,33.50231638296794,-1.6491762292300491,0.382842712474619,0,373.4598083496094
49111.0,8.0,35,59,2,34.20439729259924,-1.353420880614452,0.4242640687119285,0,373.4598083496094
49111.0,8.0,35,60,5,37.64938758167865,-1.0910635233688266,0.482842712474619,0,373.4598083496094
49111.0,8.0,35,61,5,40.20253948245313,-0.9805073211701265,0.37888543819998316,0,373.4598083496094
49111.0,8.0,35,62,2,38.47294629965189,-1.5089790181922387,0.4242640687119285,0,373.4598083496094
49111.0,8.0,35,63,4,40.34480373110503,-1.258993471592215,0.4242640687119285,0,373.4598083496094
49111.0,8.0,35,64,1,43.47866603061582,-1.6311664985170453,0.3414213562373095,0,373.4598083496094
49111.0,8.0,35,65,2,44.021926251895366,-1.4024314446206674,0.382842712474619,0,373.4598083496094
49111.0,8.0,35,66,4,46.748963432923325,-1.1899524012785987,0.3414213562373095,0,373.4598083496094
49111.0,8.0,36,1,1,36.00394343794058,1.3245589163949625,0.613407053921902,0,376.58489990234375
49111.0,8.0,36,2,4,29.98253740702586,1.2942332932439042,0.682842712474619,0,376.58489990234375
49111.0,8.0,36,3,2,34.58861142309581,1.2338181828433445,0.8513997106635237,0,376.58489990234375
49111.0,8.0,36,4,1,39.29111262094932,1.1877279207893843,0.682842712474619,0,376.58489990234375
49111.0,8.0,36,5,4,31.38545283788361,1.1883917345196036,0.848528137423857,0,376.58489990234375
49111.0,8.0,36,6,2,36.15890126446357,1.1442173045684565,0.848528137423857,0,376.58489990234375
49111.0,8.0,36,7,5,24.90537323410698,1.1702038192054713,0.613407053921902,0,376.58489990234375
49111.0,8.0,36,8,5,28.261657055100617,1.1327861077145047,0.8513997106635237,0,376.58489990234375
49111.0,8.0,36,9,2,33.108016405612815,1.0925741907520425,0.848528137423857,0,376.58489990234375
49111.0,8.0,36,10,2,37.994213258449456,1.0626665166003395,0.8513997106635237,0,376.58489990234375
49111.0,8.0,36,11,1,41.43071185362958,1.045938403508099,0.613407053921902,0,376.58489990234375
49111.0,8.0,36,12,4,30.163145724135436,1.0306535398251915,0.848528137423857,0,376.58489990234375
49111.0,8.0,36,13,4,35.10320285657192,1.0069309722021587,0.848528137423857,0,376.58489990234375
49111.0,8.0,36,14,5,27.358544728046706,0.9556978047590186,0.682842712474619,0,376.58489990234375
49111.0,8.0,36,15,5,32.340523503040906,0.941438966732195,0.8513997106635237,0,376.58489990234375
49111.0,8.0,36,16,4,37.32732177996367,0.9309883123231482,0.682842712474619,0,376.58489990234375
49111.0,8.0,36,17,5,32.25674437301804,0.8330531640447383,0.613407053921902,0,376.58489990234375
49111.0,8.0,36,18,1,22.63443560197234,2.3349253161393735,0.37888543819998316,0,376.58489990234375
49111.0,8.0,36,19,1,19.163700152314753,2.85093185102047,0.3308640753373011,0,376.58489990234375
49111.0,8.0,36,20,2,17.665966861631052,2.306887410418806,0.482842712474619,0,376.58489990234375
49111.0,8.0,36,21,4,21.37581265787723,1.8243414471673822,0.3414213562373095,0,376.58489990234375
49111.0,8.0,36,22,2,12.823244693853855,2.6509143008499625,0.382842712474619,0,376.58489990234375
49111.0,8.0,36,23,4,14.466325936701034,1.9098381383961007,0.4242640687119285,0,376.58489990234375
49111.0,8.0,36,27,5,14.368813000992517,1.414381892403906,0.482842712474619,0,376.58489990234375
49111.0,8.0,36,28,5,18.811759031831674,1.2747675548047608,0.4538461538461539,0,376.58489990234375
49111.0,8.0,36,29,4,3.738050929465544,3.2639900708366447,0.3414213562373095,0,376.58489990234375
49111.0,8.0,36,30,4,7.668898641897426,1.1985949326135383,0.382842712474619,0,376.58489990234375
49111.0,8.0,36,31,4,8.14384700700368,-1.9692149066281874,0.32030679443729265,0,376.58489990234375
49111.0,8.0,36,33,5,12.490004296649332,0.6637104371545957,0.3308640753373011,0,376.58489990234375
49111.0,8.0,36,34,5,7.805762988863699,-0.4161339746010091,0.32030679443729265,1,376.58489990234375
49111.0,8.0,36,35,5,28.68288693542342,0.5450239565264829,0.613407053921902,0,376.58489990234375
49111.0,8.0,36,36,5,25.502482413121353,0.35212226482478537,0.682842712474619,0,376.58489990234375
49111.0,8.0,36,37,5,29.963245819599933,0.4338534877840606,0.8513997106635237,0,376.58489990234375
49111.0,8.0,36,38,4,34.571890183499974,0.49411313381428684,0.682842712474619,0,376.58489990234375
49111.0,8.0,36,39,4,28.921803361942615,0.31901774979734665,0.848528137423857,0,376.58489990234375
49111.0,8.0,36,40,4,33.300003010826956,0.3968500784003012,0.848528137423857,0,376.58489990234375
49111.0,8.0,36,41,5,25.626191207396218,0.11285842706678784,0.613407053921902,0,376.58489990234375
49111.0,8.0,36,42,5,28.286840038575843,0.1973435027540137,0.8513997106635237,0,376.58489990234375
49111.0,8.0,36,43,2,32.366105885357705,0.292935253685343,0.848528137423857,0,376.58489990234375
49111.0,8.0,36,44,2,36.674027608055205,0.3666200172948809,0.8513997106635237,0,376.58489990234375
49111.0,8.0,36,45,1,39.78602700152833,0.4085543595887439,0.613407053921902,0,376.58489990234375
49111.0,8.0,36,46,4,31.79999087803782,0.18409974297630216,0.848528137423857,0,376.58489990234375
49111.0,8.0,36,47,2,35.82818598055863,0.2718813543078241,0.848528137423857,0,376.58489990234375
49111.0,8.0,36,48,4,31.62141725957885,0.0726906083939236,0.682842712474619,0,376.58489990234375
49111.0,8.0,36,49,2,35.31760921011783,0.17349256439502558,0.8513997106635237,0,376.58489990234375
49111.0,8.0,36,50,1,39.3033460551746,0.25454398739140127,0.682842712474619,0,376.58489990234375
49111.0,8.0,36,51,1,37.64201930574514,0.10171065007619062,0.613407053921902,0,376.58489990234375
49111.0,8.0,36,52,5,12.778073217841527,-0.9250088492244153,0.4308640753373011,0,376.58489990234375
49111.0,8.0,36,53,4,21.638134939696503,-1.3380296248198145,0.3414213562373095,0,376.58489990234375
49111.0,8.0,36,54,5,17.69315871451258,-0.8639749373204935,0.482842712474619,0,376.58489990234375
49111.0,8.0,36,55,5,18.91789752920103,-0.3146188544705144,0.3414213562373095,0,376.58489990234375
49111.0,8.0,36,56,4,23.778079918680085,-1.0398081972131372,0.4242640687119285,0,376.58489990234375
49111.0,8.0,36,57,4,22.58840557116759,-0.6080384027695576,0.4242640687119285,0,376.58489990234375
49111.0,8.0,36,58,2,30.29432791697716,-1.1421524170528519,0.382842712474619,0,376.58489990234375
49111.0,8.0,36,59,2,27.614946778325677,-0.8074963782779601,0.4242640687119285,0,376.58489990234375
49111.0,8.0,36,60,5,28.415211897822928,-0.4497496180740559,0.482842712474619,0,376.58489990234375
49111.0,8.0,36,61,5,30.080620971189852,-0.2883184041480997,0.37888543819998316,0,376.58489990234375
49111.0,8.0,36,62,2,33.390634987851975,-0.9419393013616755,0.4242640687119285,0,376.58489990234375
49111.0,8.0,36,63,4,32.55416235322885,-0.6385314585405775,0.4242640687119285,0,376.58489990234375
49111.0,8.0,36,64,1,39.58893436573115,-1.0355734008932715,0.3414213562373095,0,376.58489990234375
49111.0,8.0,36,65,2,37.578221163894746,-0.7809152755125066,0.382842712474619,0,376.58489990234375
49111.0,8.0,36,66,4,38.17016750645725,-0.5165691958830132,0.3414213562373095,0,376.58489990234375
49111.0,8.0,37,1,1,37.11182531405201,2.1735235036290814,0.613407053921902,0,376.9659118652344
49111.0,8.0,37,2,4,31.018380465568594,2.1633164624910663,0.682842712474619,0,376.9659118652344
49111.0,8.0,37,3,2,35.38081996458238,2.0895497923467294,0.8513997106635237,0,376.9659118652344
49111.0,8.0,37,4,1,39.89316878897457,2.0322141349619796,0.682842712474619,0,376.9659118652344
49111.0,8.0,37,5,4,32.0326227336685,2.0558161101096655,0.848528137423857,0,376.9659118652344
49111.0,8.0,37,6,2,36.61627252816648,1.997481926684469,0.848528137423857,0,376.9659118652344
49111.0,8.0,37,7,5,25.541371747955974,2.0676027280144265,0.613407053921902,0,376.9659118652344
49111.0,8.0,37,8,5,28.72934766103958,2.0142682689778715,0.8513997106635237,0,376.9659118652344
49111.0,8.0,37,9,2,33.392183392050065,1.9559842820219744,0.848528137423857,0,376.9659118652344
49111.0,8.0,37,10,2,38.1405349509905,1.9120926452565326,0.8513997106635237,0,376.9659118652344
49111.0,8.0,37,11,1,41.499568101479376,1.88737621059914,0.613407053921902,0,376.9659118652344
49111.0,8.0,37,12,4,30.237797696255075,1.905726234490796,0.848528137423857,0,376.9659118652344
49111.0,8.0,37,13,4,35.056909506958434,1.8647898351189822,0.848528137423857,0,376.9659118652344
49111.0,8.0,37,14,5,27.177396993659883,1.8439621673006983,0.682842712474619,0,376.9659118652344
49111.0,8.0,37,15,5,32.06670238752992,1.8085185713498593,0.8513997106635237,0,376.9659118652344
49111.0,8.0,37,16,4,36.98561742988538,1.782476776263717,0.682842712474619,0,376.9659118652344
49111.0,8.0,37,17,5,31.579870886941514,1.699548252350037,0.613407053921902,0,376.9659118652344
49111.0,8.0,37,18,1,26.21748410441822,3.12953539374422,0.37888543819998316,0,376.9659118652344
49111.0,8.0,37,19,1,22.831271838613972,3.5685663005152635,0.3308640753373011,0,376.9659118652344
49111.0,8.0,37,20,2,21.2271515537892,3.1163616958710882,0.482842712474619,0,376.9659118652344
49111.0,8.0,37,21,4,24.08146491404505,2.689226268526503,0.3414213562373095,0,376.9659118652344
49111.0,8.0,37,22,2,16.557927368793003,3.4005626536006894,0.4242640687119285,0,376.9659118652344
49111.0,8.0,37,23,4,17.420962891558894,2.8052154334337795,0.4242640687119285,0,376.9659118652344
49111.0,8.0,37,26,2,11.272220000149092,3.055044983223718,0.4242640687119285,0,376.9659118652344
49111.0,8.0,37,27,5,16.01211831865506,2.387294762478414,0.482842712474619,0,376.9659118652344
49111.0,8.0,37,28,5,19.901015745685765,2.211015403337428,0.4538461538461539,0,376.9659118652344
49111.0,8.0,37,29,4,7.115893436136492,3.705167863139593,0.382842712474619,0,376.9659118652344
49111.0,8.0,37,30,4,8.942087491928161,2.3771746382747265,0.4242640687119285,0,376.9659118652344
49111.0,8.0,37,31,4,8.614460810587023,4.619292215209885,0.30157475345595586,0,376.9659118652344
49111.0,8.0,37,33,5,11.526444104529157,1.7169380910777137,0.3308640753373011,0,376.9659118652344
49111.0,8.0,37,35,5,26.996342994780854,1.4161985534324322,0.613407053921902,0,376.9659118652344
49111.0,8.0,37,36,5,23.208939735755028,1.2247049551668567,0.682842712474619,0,376.9659118652344
49111.0,8.0,37,37,5,27.89834006383413,1.2928942591704586,0.8513997106635237,0,376.9659118652344
49111.0,8.0,37,38,4,32.67996133683081,1.341302917263073,0.682842712474619,0,376.9659118652344
49111.0,8.0,37,39,4,26.506676067524516,1.1733052615008117,0.848528137423857,0,376.9659118652344
49111.0,8.0,37,40,4,31.100906269883854,1.2420384134929923,0.848528137423857,0,376.9659118652344
49111.0,8.0,37,41,5,22.66884707519165,0.958881651097232,0.613407053921902,0,376.9659118652344
49111.0,8.0,37,42,5,25.53214393622325,1.0425725015629757,0.8513997106635237,0,376.9659118652344
49111.0,8.0,37,43,2,29.85888257519771,1.1333598833744891,0.848528137423857,0,376.9659118652344
49111.0,8.0,37,44,2,34.368813818618605,1.2007630598927868,0.8513997106635237,0,376.9659118652344
49111.0,8.0,37,45,1,37.599589220634655,1.2382121676067586,0.613407053921902,0,376.9659118652344
49111.0,8.0,37,46,4,28.997230324132513,1.0167623078919963,0.848528137423857,0,376.9659118652344
49111.0,8.0,37,47,2,33.24908812479244,1.101517911226237,0.848528137423857,0,376.9659118652344
49111.0,8.0,37,48,4,28.550409179241804,0.8947949695272636,0.682842712474619,0,376.9659118652344
49111.0,8.0,37,49,2,32.47750543009051,0.9964725220980277,0.8513997106635237,0,376.9659118652344
49111.0,8.0,37,50,1,36.66675406442439,1.0755894756314288,0.682842712474619,0,376.9659118652344
49111.0,8.0,37,51,1,34.62373755369339,0.9140024751728015,0.613407053921902,0,376.9659118652344
49111.0,8.0,37,52,5,9.504862458804416,-0.33703110658877455,0.37888543819998316,1,376.9659118652344
49111.0,8.0,37,53,4,19.34561736838747,-0.7309071297615739,0.3414213562373095,0,376.9659118652344
49111.0,8.0,37,54,5,14.268072773955934,-0.20637458493452043,0.482842712474619,0,376.9659118652344
49111.0,8.0,37,55,5,15.261156247209785,0.4814316034562143,0.3414213562373095,0,376.9659118652344
49111.0,8.0,37,56,4,20.667629190248014,-0.381742127661,0.4242640687119285,0,376.9659118652344
49111.0,8.0,37,57,4,18.880568997369743,0.12163578414779752,0.4242640687119285,0,376.9659118652344
49111.0,8.0,37,58,2,27.39934108711888,-0.4727220148374591,0.382842712474619,0,376.9659118652344
49111.0,8.0,37,59,2,24.084203979520034,-0.1033581070769547,0.4242640687119285,0,376.9659118652344
49111.0,8.0,37,60,5,24.68549919782819,0.308935626132393,0.482842712474619,0,376.9659118652344
49111.0,8.0,37,61,5,26.439295854946668,0.49247349887609837,0.37888543819998316,0,376.9659118652344
49111.0,8.0,37,62,2,30.06030400694274,-0.24394786726694528,0.4242640687119285,0,376.9659118652344
49111.0,8.0,37,63,4,28.860818877999034,0.0947243674057916,0.4242640687119285,0,376.9659118652344
49111.0,8.0,37,64,1,36.43068586579872,-0.3367184215436385,0.3414213562373095,0,376.9659118652344
49111.0,8.0,37,65,2,34.00764416967683,-0.06020005133163675,0.382842712474619,0,376.9659118652344
49111.0,8.0,37,66,4,34.436098084571114,0.23279502248112283,0.3414213562373095,0,376.9659118652344
49111.0,8.0,38,1,1,41.2223532732613,0.6811691634036559,0.613407053921902,0,377.5802001953125
49111.0,8.0,38,2,4,35.13683827154531,0.6933953525472439,0.682842712474619,0,377.5802001953125
49111.0,8.0,38,3,2,39.113014545071906,0.6115983523876102,0.8513997106635237,0,377.5802001953125
49111.0,8.0,38,4,1,43.30194464322915,0.5452504904810318,0.682842712474619,0,377.5802001953125
49111.0,8.0,38,5,4,35.63598918012185,0.5944410826307298,0.848528137423857,0,377.5802001953125
49111.0,8.0,38,6,2,39.87673792987632,0.5241611234631836,0.848528137423857,0,377.5802001953125
49111.0,8.0,38,7,5,29.29348375886562,0.6384623792196295,0.613407053921902,0,377.5802001953125
49111.0,8.0,38,8,5,32.17171961348222,0.5735815111683572,0.8513997106635237,0,377.5802001953125
49111.0,8.0,38,9,2,36.47259307988386,0.499122093952388,0.848528137423857,0,377.5802001953125
49111.0,8.0,38,10,2,40.93263427942389,0.44062011042310123,0.8513997106635237,0,377.5802001953125
49111.0,8.0,38,11,1,44.12359800844283,0.40678251626354167,0.613407053921902,0,377.5802001953125
49111.0,8.0,38,12,4,33.0960097899059,0.4689516301113366,0.848528137423857,0,377.5802001953125
49111.0,8.0,38,13,4,37.62414606467265,0.40885411850844594,0.848528137423857,0,377.5802001953125
49111.0,8.0,38,14,5,29.756372125249108,0.43196866197067363,0.682842712474619,0,377.5802001953125
49111.0,8.0,38,15,5,34.36091071462713,0.3710100275642078,0.8513997106635237,0,377.5802001953125
49111.0,8.0,38,16,4,39.06280440804082,0.324586429800344,0.682842712474619,0,377.5802001953125
49111.0,8.0,38,17,5,33.25233349038872,0.2727576838558024,0.613407053921902,0,377.5802001953125
49111.0,8.0,38,18,1,32.52077197690397,1.508548192075855,0.37888543819998316,0,377.5802001953125
49111.0,8.0,38,19,1,28.59303661692856,1.8535304434853899,0.3308640753373011,0,377.5802001953125
49111.0,8.0,38,20,2,27.532212935787932,1.4972506502064773,0.482842712474619,0,377.5802001953125
49111.0,8.0,38,21,4,29.97471860261776,1.1580720231919808,0.3414213562373095,0,377.5802001953125
49111.0,8.0,38,22,2,22.654235480966435,1.7025855750568546,0.4242640687119285,0,377.5802001953125
49111.0,8.0,38,23,4,23.530307932358838,1.2677089572813613,0.4242640687119285,0,377.5802001953125
49111.0,8.0,38,26,2,17.574613152986885,1.455428495938345,0.4242640687119285,0,377.5802001953125
49111.0,8.0,38,27,5,21.19735911951511,0.9676995160198774,0.482842712474619,0,377.5802001953125
49111.0,8.0,38,28,5,24.383571041255745,0.7980055356974578,0.4538461538461539,0,377.5802001953125
49111.0,8.0,38,29,4,12.8085386973944,1.8053605365672714,0.382842712474619,0,377.5802001953125
49111.0,8.0,38,30,4,14.301037365422154,1.0574594388193288,0.4242640687119285,0,377.5802001953125
49111.0,8.0,38,31,4,10.92017855385891,2.389817867862078,0.27537758755933184,0,377.5802001953125
49111.0,8.0,38,33,5,14.148226460488312,0.555205670136043,0.3308640753373011,0,377.5802001953125
49111.0,8.0,38,35,5,27.040018530729768,0.03542846971681821,0.613407053921902,0,377.5802001953125
49111.0,8.0,38,36,5,22.169294000427342,-0.11492557067181215,0.682842712474619,0,377.5802001953125
49111.0,8.0,38,37,5,27.14236724310647,-0.09379969031255767,0.8513997106635237,0,377.5802001953125
49111.0,8.0,38,38,4,32.12380118606661,-0.07922085503836539,0.682842712474619,0,377.5802001953125
49111.0,8.0,38,39,4,25.036052356599956,-0.20278508103116505,0.848528137423857,0,377.5802001953125
49111.0,8.0,38,40,4,29.950532894836606,-0.16915695063015002,0.848528137423857,0,377.5802001953125
49111.0,8.0,38,41,5,19.999709585080893,-0.38668058785786885,0.613407053921902,0,377.5802001953125
49111.0,8.0,38,42,5,23.278739992644994,-0.3299500751694536,0.8513997106635237,0,377.5802001953125
49111.0,8.0,38,43,2,28.05584143681035,-0.27217670473691663,0.848528137423857,0,377.5802001953125
49111.0,8.0,38,44,2,32.89925138676745,-0.23130898241994818,0.8513997106635237,0,377.5802001953125
49111.0,8.0,38,45,1,36.314901816848035,-0.20921208278315587,0.613407053921902,0,377.5802001953125
49111.0,8.0,38,46,4,26.49954823709642,-0.3886699770089389,0.848528137423857,0,377.5802001953125
49111.0,8.0,38,47,2,31.184235758672607,-0.3278713895081382,0.848528137423857,0,377.5802001953125
49111.0,8.0,38,48,4,25.34406981550033,-0.5176940352314706,0.682842712474619,0,377.5802001953125
49111.0,8.0,38,49,2,29.791817297627723,-0.4345422766041791,0.8513997106635237,0,377.5802001953125
49111.0,8.0,38,50,1,34.39161061912492,-0.3732978986026295,0.682842712474619,0,377.5802001953125
49111.0,8.0,38,51,1,31.42606999471427,-0.5357367552206613,0.613407053921902,0,377.5802001953125
49111.0,8.0,38,53,4,15.009537436884644,-2.6151107733686105,0.3414213562373095,1,377.5802001953125
49111.0,8.0,38,54,5,8.108465960574318,-1.9467297478850483,0.382842712474619,0,377.5802001953125
49111.0,8.0,38,55,5,10.305737547519012,-0.8210270338163841,0.3414213562373095,0,377.5802001953125
49111.0,8.0,38,56,4,14.864012120531342,-2.13727244809868,0.4242640687119285,0,377.5802001953125
49111.0,8.0,38,57,4,12.704324558348368,-1.4108744551728478,0.4242640687119285,0,377.5802001953125
49111.0,8.0,38,58,2,21.820414579123213,-2.2077086681592495,0.382842712474619,0,377.5802001953125
49111.0,8.0,38,59,2,17.793018253499422,-1.7388968901703687,0.4242640687119285,0,377.5802001953125
49111.0,8.0,38,60,5,18.89583299920685,-1.18998703533677,0.482842712474619,0,377.5802001953125
49111.0,8.0,38,61,5,21.2669463679248,-0.9699512328982616,0.37888543819998316,0,377.5802001953125
49111.0,8.0,38,62,2,23.91198725858798,-1.910912133526347,0.4242640687119285,0,377.5802001953125
49111.0,8.0,38,63,4,22.632811155917523,-1.4812911393672783,0.4242640687119285,0,377.5802001953125
49111.0,8.0,38,64,1,30.446260373654827,-2.0111116678170196,0.3414213562373095,0,377.5802001953125
49111.0,8.0,38,65,2,27.702631227104312,-1.6784651329240294,0.382842712474619,0,377.5802001953125
49111.0,8.0,38,66,4,28.423525169645757,-1.3211246494718891,0.3414213562373095,0,377.5802001953125
49111.0,8.0,39,1,1,52.10066446642538,-2.3060633277576152,0.613407053921902,0,384.7153930664063
49111.0,8.0,39,2,4,45.99879159895584,-2.3033884384804986,0.682842712474619,0,384.7153930664063
49111.0,8.0,39,3,2,50.11590592896647,-2.3624878471415176,0.8513997106635237,0,384.7153930664063
49111.0,8.0,39,4,1,54.381239647491135,-2.4124692508563053,0.682842712474619,0,384.7153930664063
49111.0,8.0,39,5,4,46.664607177094894,-2.3783517416122706,0.848528137423857,0,384.7153930664063
49111.0,8.0,39,6,2,50.973530008323166,-2.4303628103523622,0.848528137423857,0,384.7153930664063
49111.0,8.0,39,7,5,40.26557412905402,-2.352023613114373,0.613407053921902,0,384.7153930664063
49111.0,8.0,39,8,5,43.22692562401514,-2.3967440956563415,0.8513997106635237,0,384.7153930664063
49111.0,8.0,39,9,2,47.5844753824289,-2.4508125439116957,0.848528137423857,0,384.7153930664063
49111.0,8.0,39,10,2,52.057636288423886,-2.495702383552062,0.8513997106635237,0,384.7153930664063
49111.0,8.0,39,11,1,55.24262968848985,-2.5227634043516445,0.613407053921902,0,384.7153930664063
49111.0,8.0,39,12,4,44.218365339896295,-2.474386889064646,0.848528137423857,0,384.7153930664063
49111.0,8.0,39,13,4,48.744015343931075,-2.5201771070103343,0.848528137423857,0,384.7153930664063
49111.0,8.0,39,14,5,40.88086800991513,-2.5018278359618726,0.682842712474619,0,384.7153930664063
49111.0,8.0,39,15,5,45.46383802277309,-2.5482023660398574,0.8513997106635237,0,384.7153930664063
49111.0,8.0,39,16,4,50.12659739377683,-2.5860186843854116,0.682842712474619,0,384.7153930664063
49111.0,8.0,39,17,5,44.25590759434184,-2.6214523172372797,0.613407053921902,0,384.7153930664063
49111.0,8.0,39,18,1,39.14021327611808,-1.6796830400548382,0.37888543819998316,0,384.7153930664063
49111.0,8.0,39,19,1,32.29867131332626,-1.4303346725789519,0.3414213562373095,0,384.7153930664063
49111.0,8.0,39,20,2,34.418520677681315,-1.7245020208727004,0.482842712474619,0,384.7153930664063
49111.0,8.0,39,21,4,39.06488144963028,-1.9665832075239789,0.3414213562373095,0,384.7153930664063
49111.0,8.0,39,22,2,28.135344985677648,-1.6202180375048563,0.4242640687119285,0,384.7153930664063
49111.0,8.0,39,23,4,32.140753483650435,-1.9261099985593286,0.4242640687119285,0,384.7153930664063
49111.0,8.0,39,24,1,22.424217060342837,-1.2351856161717145,0.37888543819998316,0,384.7153930664063
49111.0,8.0,39,25,2,22.32847306212891,-1.4590626569955805,0.482842712474619,0,384.7153930664063
49111.0,8.0,39,26,2,25.298045503949666,-1.8635881825622753,0.4242640687119285,0,384.7153930664063
49111.0,8.0,39,27,5,31.327647587292592,-2.147926241009408,0.482842712474619,0,384.7153930664063
49111.0,8.0,39,28,5,35.03051101354996,-2.249392845338334,0.4538461538461539,0,384.7153930664063
49111.0,8.0,39,29,4,18.62670604650828,-1.7555658514185593,0.4242640687119285,0,384.7153930664063
49111.0,8.0,39,30,4,24.25663981627957,-2.146869178159408,0.4242640687119285,0,384.7153930664063
49111.0,8.0,39,31,4,12.406339104109161,-1.533912695392037,0.3414213562373095,0,384.7153930664063
49111.0,8.0,39,32,5,17.185681452879297,-2.1449422655223405,0.482842712474619,0,384.7153930664063
49111.0,8.0,39,33,5,25.234461437358455,-2.430883771147743,0.3414213562373095,0,384.7153930664063
49111.0,8.0,39,34,5,14.072168181904498,-2.397185448851973,0.4308640753373011,0,384.7153930664063
49111.0,8.0,39,35,5,37.512069937901636,-2.7835407743123683,0.613407053921902,0,384.7153930664063
49111.0,8.0,39,36,5,32.14910545796187,-2.8674627757965108,0.682842712474619,0,384.7153930664063
49111.0,8.0,39,37,5,37.13866153032443,-2.876810567623536,0.8513997106635237,0,384.7153930664063
49111.0,8.0,39,38,4,42.13069402206479,-2.8839436406481407,0.682842712474619,0,384.7153930664063
49111.0,8.0,39,39,4,34.57255726982833,-2.9446974549070286,0.848528137423857,0,384.7153930664063
49111.0,8.0,39,40,4,39.572426191635074,-2.9437186406126825,0.848528137423857,0,384.7153930664063
49111.0,8.0,39,41,5,28.705271521539867,-3.033522862096607,0.613407053921902,0,384.7153930664063
49111.0,8.0,39,42,5,32.19073239438829,-3.023038972713424,0.8513997106635237,0,384.7153930664063
49111.0,8.0,39,43,2,37.17470175541379,-3.0114741153318367,0.848528137423857,0,384.7153930664063
49111.0,8.0,39,44,2,42.162467303524956,-3.002644514226319,0.8513997106635237,0,384.7153930664063
49111.0,8.0,39,45,1,45.65549570514598,-2.9976119451516685,0.613407053921902,0,384.7153930664063
49111.0,8.0,39,46,4,34.970558853348706,-3.0881622054806885,0.848528137423857,0,384.7153930664063
49111.0,8.0,39,47,2,39.92061103029826,-3.0692941333830905,0.848528137423857,0,384.7153930664063
49111.0,8.0,39,48,4,32.998810924442196,-3.1745777789809027,0.682842712474619,0,384.7153930664063
49111.0,8.0,39,49,2,37.876598592586575,-3.1434985521321277,0.8513997106635237,0,384.7153930664063
49111.0,8.0,39,50,1,42.782612349654116,-3.119528285229151,0.682842712474619,0,384.7153930664063
49111.0,8.0,39,51,1,38.746116065767254,-3.23202574703503,0.613407053921902,0,384.7153930664063
49111.0,8.0,39,52,5,7.415456099453726,-2.631192389875932,0.4308640753373011,0,384.7153930664063
49111.0,8.0,39,54,5,7.593896200429084,-3.3100254267163454,0.482842712474619,0,384.7153930664063
49111.0,8.0,39,55,5,17.294440046922094,-3.097683198078625,0.3414213562373095,0,384.7153930664063
49111.0,8.0,39,56,4,8.03929918127267,-4.247132566541964,0.4242640687119285,1,384.7153930664063
49111.0,8.0,39,57,4,14.354815511169162,-3.5087313063459598,0.4242640687119285,0,384.7153930664063
49111.0,8.0,39,58,2,13.099366517092783,-4.733211172312837,0.382842712474619,0,384.7153930664063
49111.0,8.0,39,59,2,14.595334877378557,-4.0019491080873415,0.4242640687119285,0,384.7153930664063
49111.0,8.0,39,60,5,21.317931354062342,-3.5791077234179705,0.482842712474619,0,384.7153930664063
49111.0,8.0,39,61,5,25.498419475201988,-3.461392635995865,0.37888543819998316,0,384.7153930664063
49111.0,8.0,39,62,2,17.888176877645833,-4.39168263212024,0.4242640687119285,0,384.7153930664063
49111.0,8.0,39,63,4,21.480625434089074,-3.9109783952560586,0.4242640687119285,0,384.7153930664063
49111.0,8.0,39,64,1,22.955390300081223,-4.635668147127148,0.3414213562373095,0,384.7153930664063
49111.0,8.0,39,65,2,23.840728614343032,-4.206600620327303,0.382842712474619,0,384.7153930664063
49111.0,8.0,39,66,4,28.457173751032375,-3.8643680863134957,0.3414213562373095,0,384.7153930664063
49111.0,8.0,40,1,1,56.593006974334834,1.517134042879078,0.613407053921902,0,385.3247985839844
49111.0,8.0,40,2,4,50.52543151856823,1.5294615504189075,0.682842712474619,0,385.3247985839844
49111.0,8.0,40,3,2,54.368259380977655,1.4684187752460043,0.8513997106635237,0,385.3247985839844
49111.0,8.0,40,4,1,58.386608277044154,1.4156030513398639,0.682842712474619,0,385.3247985839844
49111.0,8.0,40,5,4,50.86043923254602,1.4600169048912037,0.848528137423857,0,385.3247985839844
49111.0,8.0,40,6,2,54.90785624031631,1.404456899472998,0.848528137423857,0,385.3247985839844
49111.0,8.0,40,7,5,44.612207422990544,1.4976295690296895,0.613407053921902,0,385.3247985839844
49111.0,8.0,40,8,5,47.35674112243945,1.450371038955438,0.8513997106635237,0,385.3247985839844
49111.0,8.0,40,9,2,51.436847956669006,1.3918046877551176,0.848528137423857,0,385.3247985839844
49111.0,8.0,40,10,2,55.667205118428754,1.3419894860451969,0.8513997106635237,0,385.3247985839844
49111.0,8.0,40,11,1,58.70050770038566,1.3114416582038624,0.613407053921902,0,385.3247985839844
49111.0,8.0,40,12,4,47.97526423614284,1.3773240678496341,0.848528137423857,0,385.3247985839844
49111.0,8.0,40,13,4,52.24666856850743,1.3254050052227744,0.848528137423857,0,385.3247985839844
49111.0,8.0,40,14,5,44.525303248130356,1.360595464120605,0.682842712474619,0,385.3247985839844
49111.0,8.0,40,15,5,48.842512500051676,1.3065029401272725,0.8513997106635237,0,385.3247985839844
49111.0,8.0,40,16,4,53.27925886587989,1.2613046480029864,0.682842712474619,0,385.3247985839844
49111.0,8.0,40,17,5,47.25706526052859,1.2415435056862194,0.613407053921902,0,385.3247985839844
49111.0,8.0,40,18,1,45.36181038096261,2.0887125413463634,0.37888543819998316,0,385.3247985839844
49111.0,8.0,40,19,1,38.618114204077266,2.3021788558565106,0.3414213562373095,0,385.3247985839844
49111.0,8.0,40,20,2,40.58984528966114,2.0539221241525176,0.482842712474619,0,385.3247985839844
49111.0,8.0,40,21,4,44.762845492641546,1.8403169232925467,0.3414213562373095,0,385.3247985839844
49111.0,8.0,40,22,2,34.41349796604685,2.1460709540283838,0.4242640687119285,0,385.3247985839844
49111.0,8.0,40,23,4,37.95346674835624,1.8865602040062135,0.4242640687119285,0,385.3247985839844
49111.0,8.0,40,24,1,28.599890662375923,2.4516663119785713,0.37888543819998316,0,385.3247985839844
49111.0,8.0,40,25,2,28.65383297012101,2.2767925311043413,0.482842712474619,0,385.3247985839844
49111.0,8.0,40,26,2,31.260501272997313,1.952802175505061,0.4242640687119285,0,385.3247985839844
49111.0,8.0,40,27,5,36.515691637959414,1.7003177132371903,0.482842712474619,0,385.3247985839844
49111.0,8.0,40,28,5,39.83069336301185,1.6021301067066382,0.4538461538461539,0,385.3247985839844
49111.0,8.0,40,29,4,24.778463258635508,2.0543661226345677,0.4242640687119285,0,385.3247985839844
49111.0,8.0,40,30,4,29.498288720178714,1.7268119608566623,0.4242640687119285,0,385.3247985839844
49111.0,8.0,40,31,4,18.727667849468958,2.224425366401406,0.3414213562373095,0,385.3247985839844
49111.0,8.0,40,32,5,22.51449175618908,1.7697905222640014,0.482842712474619,0,385.3247985839844
49111.0,8.0,40,33,5,29.378208505608008,1.486065109075501,0.3414213562373095,0,385.3247985839844
49111.0,8.0,40,34,5,18.62106437988242,1.6164288249818322,0.4308640753373011,0,385.3247985839844
49111.0,8.0,40,35,5,39.672264094937574,1.1118909176612926,0.613407053921902,0,385.3247985839844
49111.0,8.0,40,36,5,33.89600758435853,1.0581354987486178,0.682842712474619,0,385.3247985839844
49111.0,8.0,40,37,5,38.75600247882419,1.025717549550508,0.8513997106635237,0,385.3247985839844
49111.0,8.0,40,38,4,43.64763597399478,1.0005440752901165,0.682842712474619,0,385.3247985839844
49111.0,8.0,40,39,4,35.81765457074023,0.9729375304819758,0.848528137423857,0,385.3247985839844
49111.0,8.0,40,40,4,40.75527912956314,0.9523305061333652,0.848528137423857,0,385.3247985839844
49111.0,8.0,40,41,5,29.51896256939419,0.9235680793862019,0.613407053921902,0,385.3247985839844
49111.0,8.0,40,42,5,32.996682102282804,0.9109342180142821,0.8513997106635237,0,385.3247985839844
49111.0,8.0,40,43,2,37.97195580607939,0.8969035326187701,0.848528137423857,0,385.3247985839844
49111.0,8.0,40,44,2,42.95297225709279,0.8861252368381056,0.8513997106635237,0,385.3247985839844
49111.0,8.0,40,45,1,46.44211132479227,0.8799565390440398,0.613407053921902,0,385.3247985839844
49111.0,8.0,40,46,4,35.323449414646475,0.8329424661687046,0.848528137423857,0,385.3247985839844
49111.0,8.0,40,47,2,40.321637820515484,0.8293763892603568,0.848528137423857,0,385.3247985839844
49111.0,8.0,40,48,4,32.84239225999425,0.7589744763118184,0.682842712474619,0,385.3247985839844
49111.0,8.0,40,49,2,37.83795881570604,0.7649461179642951,0.8513997106635237,0,385.3247985839844
49111.0,8.0,40,50,1,42.834559940762816,0.7695247226577531,0.682842712474619,0,385.3247985839844
49111.0,8.0,40,51,1,38.13594520998818,0.673110784913986,0.613407053921902,0,385.3247985839844
49111.0,8.0,40,52,5,11.554104909520646,1.6328597554359061,0.4308640753373011,0,385.3247985839844
49111.0,8.0,40,54,5,8.563821568694015,1.227231700371529,0.4414213562373095,1,385.3247985839844
49111.0,8.0,40,55,5,18.152571052605786,0.999094594005241,0.3414213562373095,0,385.3247985839844
49111.0,8.0,40,57,4,12.89453905497924,0.6888242165427423,0.4242640687119285,0,385.3247985839844
49111.0,8.0,40,58,2,6.844387708290316,-1.092492717843105,0.3414213562373095,0,385.3247985839844
49111.0,8.0,40,59,2,10.149996998071886,0.11119794701012597,0.4242640687119285,0,385.3247985839844
49111.0,8.0,40,60,5,18.952552203340346,0.4550015362752942,0.482842712474619,0,385.3247985839844
49111.0,8.0,40,61,5,23.712604939147393,0.5272044694932068,0.37888543819998316,0,385.3247985839844
49111.0,8.0,40,62,2,11.822679082228007,-0.5267413496385329,0.4242640687119285,0,385.3247985839844
49111.0,8.0,40,63,4,17.203271102927616,0.07325728503964202,0.4242640687119285,0,385.3247985839844
49111.0,8.0,40,64,1,16.629162405299763,-0.8987662012012008,0.3414213562373095,0,385.3247985839844
49111.0,8.0,40,65,2,18.240225828133482,-0.32421436507607604,0.382842712474619,0,385.3247985839844
49111.0,8.0,40,66,4,24.2669040922154,0.05739117484511702,0.3414213562373095,0,385.3247985839844
49111.0,8.0,41,1,1,52.54561976819144,-0.10168892259412299,0.613407053921902,0,385.8489074707031
49111.0,8.0,41,2,4,46.5034361526788,-0.0842627630038546,0.682842712474619,0,385.8489074707031
49111.0,8.0,41,3,2,50.241629910555865,-0.15297248984398015,0.8513997106635237,0,385.8489074707031
49111.0,8.0,41,4,1,54.18369845379928,-0.21193072612216468,0.682842712474619,0,385.8489074707031
49111.0,8.0,41,5,4,46.72245471397166,-0.1599841406151261,0.848528137423857,0,385.8489074707031
49111.0,8.0,41,6,2,50.69161248729538,-0.22247431246752924,0.848528137423857,0,385.8489074707031
49111.0,8.0,41,7,5,40.53822777928151,-0.11399422505337897,0.613407053921902,0,385.8489074707031
49111.0,8.0,41,8,5,43.205950665724316,-0.16813759573715714,0.8513997106635237,0,385.8489074707031
49111.0,8.0,41,9,2,47.20599511706105,-0.23457645886592582,0.848528137423857,0,385.8489074707031
49111.0,8.0,41,10,2,51.38149255378808,-0.2904318804880194,0.8513997106635237,0,385.8489074707031
49111.0,8.0,41,11,1,54.38716795806775,-0.3243570129203712,0.613407053921902,0,385.8489074707031
49111.0,8.0,41,12,4,43.728393217929494,-0.2486058438883354,0.848528137423857,0,385.8489074707031
49111.0,8.0,41,13,4,47.94605484797316,-0.3072617512601816,0.848528137423857,0,385.8489074707031
49111.0,8.0,41,14,5,40.26088389307583,-0.2650555379707741,0.682842712474619,0,385.8489074707031
49111.0,8.0,41,15,5,44.52629081694006,-0.3266830280724591,0.8513997106635237,0,385.8489074707031
49111.0,8.0,41,16,4,48.930996065660764,-0.3773803296630743,0.682842712474619,0,385.8489074707031
49111.0,8.0,41,17,5,42.89836585652922,-0.3975909586394351,0.613407053921902,0,385.8489074707031
49111.0,8.0,41,18,1,42.96441976619577,0.5221421043513399,0.37888543819998316,0,385.8489074707031
49111.0,8.0,41,19,1,37.10555700488306,0.76119907149538,0.3414213562373095,0,385.8489074707031
49111.0,8.0,41,20,2,38.08051949184258,0.49565792263784214,0.482842712474619,0,385.8489074707031
49111.0,8.0,41,21,4,41.51420924086811,0.2588896865921211,0.3414213562373095,0,385.8489074707031
49111.0,8.0,41,22,2,32.29022702968104,0.6114651499273271,0.4242640687119285,0,385.8489074707031
49111.0,8.0,41,23,4,34.87065192614443,0.32254142382577555,0.4242640687119285,0,385.8489074707031
49111.0,8.0,41,24,1,27.812582699654072,0.9550026689977733,0.37888543819998316,0,385.8489074707031
49111.0,8.0,41,25,2,27.11441606393332,0.7744667875513798,0.482842712474619,0,385.8489074707031
49111.0,8.0,41,26,2,28.43404935309183,0.4155453509461631,0.4242640687119285,0,385.8489074707031
49111.0,8.0,41,27,5,32.890709428956356,0.12176233038020856,0.482842712474619,0,385.8489074707031
49111.0,8.0,41,28,5,35.96457380260507,0.007039919790479243,0.4538461538461539,0,385.8489074707031
49111.0,8.0,41,29,4,22.383653845469535,0.5607334330477998,0.4242640687119285,0,385.8489074707031
49111.0,8.0,41,30,4,25.967894862691114,0.17105248567739872,0.4242640687119285,0,385.8489074707031
49111.0,8.0,41,31,4,17.133614806384095,0.8032032402745997,0.3414213562373095,0,385.8489074707031
49111.0,8.0,41,32,5,19.153703570315606,0.2557604601249508,0.482842712474619,0,385.8489074707031
49111.0,8.0,41,33,5,25.301540755169388,-0.10445317789224173,0.3414213562373095,0,385.8489074707031
49111.0,8.0,41,34,5,14.867715338351429,0.10302479187224511,0.4308640753373011,0,385.8489074707031
49111.0,8.0,41,35,5,35.288997568279136,-0.5410391995114106,0.613407053921902,0,385.8489074707031
49111.0,8.0,41,36,5,29.52694983497166,-0.6033846639745251,0.682842712474619,0,385.8489074707031
49111.0,8.0,41,37,5,34.40192681551313,-0.6382492374792565,0.8513997106635237,0,385.8489074707031
49111.0,8.0,41,38,4,39.30832444512116,-0.6644358945336271,0.682842712474619,0,385.8489074707031
49111.0,8.0,41,39,4,31.50014233380211,-0.6996157989643677,0.848528137423857,0,385.8489074707031
49111.0,8.0,41,40,4,36.45422841197959,-0.7195661196154988,0.848528137423857,0,385.8489074707031
49111.0,8.0,41,41,5,25.251120847114304,-0.7630513811430832,0.613407053921902,0,385.8489074707031
49111.0,8.0,41,42,5,28.74065701196934,-0.7730902035209212,0.8513997106635237,0,385.8489074707031
49111.0,8.0,41,43,2,33.72947031221585,-0.7838265598850436,0.848528137423857,0,385.8489074707031
49111.0,8.0,41,44,2,38.72116952786472,-0.7917955153010453,0.8513997106635237,0,385.8489074707031
49111.0,8.0,41,45,1,42.216527936931655,-0.796252316754242,0.613407053921902,0,385.8489074707031
49111.0,8.0,41,46,4,31.167989443859245,-0.8590049547779468,0.848528137423857,0,385.8489074707031
49111.0,8.0,41,47,2,36.16760108212196,-0.8571488794384303,0.848528137423857,0,385.8489074707031
49111.0,8.0,41,48,4,28.81336433675165,-0.9470410082887146,0.682842712474619,0,385.8489074707031
49111.0,8.0,41,49,2,33.791445166867014,-0.9320531610883518,0.8513997106635237,0,385.8489074707031
49111.0,8.0,41,50,1,38.77516690522903,-0.9209160572219791,0.682842712474619,0,385.8489074707031
49111.0,8.0,41,51,1,34.271576936454075,-1.0339733648921077,0.613407053921902,0,385.8489074707031
49111.0,8.0,41,52,5,7.973816918013077,0.24761451268513124,0.32030679443729265,0,385.8489074707031
49111.0,8.0,41,55,5,13.822805767668791,-0.6944161991396461,0.3308640753373011,1,385.8489074707031
49111.0,8.0,41,57,4,9.143454278905693,-1.1704487225637765,0.4242640687119285,0,385.8489074707031
49111.0,8.0,41,58,2,10.140608901057346,-3.0911198645945994,0.3414213562373095,0,385.8489074707031
49111.0,8.0,41,59,2,8.725568921862921,-1.982873882683177,0.4242640687119285,0,385.8489074707031
49111.0,8.0,41,60,5,15.793642934299756,-1.3707601226942583,0.482842712474619,0,385.8489074707031
49111.0,8.0,41,61,5,20.27537815181618,-1.2468027953227967,0.37888543819998316,0,385.8489074707031
49111.0,8.0,41,62,2,12.987237961549841,-2.5193360899009125,0.4242640687119285,0,385.8489074707031
49111.0,8.0,41,63,4,15.555447727272199,-1.8255441466567652,0.4242640687119285,0,385.8489074707031
49111.0,8.0,41,64,1,19.00529259784396,-2.7561963366618016,0.3414213562373095,0,385.8489074707031
49111.0,8.0,41,65,2,18.289471038158513,-2.214610403819188,0.382842712474619,0,385.8489074707031
49111.0,8.0,41,66,4,22.534603501761808,-1.7648386127518214,0.3414213562373095,0,385.8489074707031
49111.0,8.0,42,1,1,44.66438288050905,0.8873354234015765,0.613407053921902,0,386.88189697265625
49111.0,8.0,42,2,4,38.82890027744106,0.9302748427535834,0.682842712474619,0,386.88189697265625
49111.0,8.0,42,3,2,42.00869316205353,0.834698647250873,0.8513997106635237,0,386.88189697265625
49111.0,8.0,42,4,1,45.516778286821484,0.7531995512120763,0.682842712474619,0,386.88189697265625
49111.0,8.0,42,5,4,38.47784948739219,0.839226798642149,0.848528137423857,0,386.88189697265625
49111.0,8.0,42,6,2,41.98323124299163,0.7504884746300362,0.848528137423857,0,386.88189697265625
49111.0,8.0,42,7,5,32.72883649116757,0.9247193637672131,0.613407053921902,0,386.88189697265625
49111.0,8.0,42,8,5,34.94795417710817,0.8446698071407434,0.8513997106635237,0,386.88189697265625
49111.0,8.0,42,9,2,38.45004948752801,0.7472791281137422,0.848528137423857,0,386.88189697265625
49111.0,8.0,42,10,2,42.2546223509506,0.6667695713980186,0.8513997106635237,0,386.88189697265625
49111.0,8.0,42,11,1,45.05702912000661,0.618710237030257,0.613407053921902,0,386.88189697265625
49111.0,8.0,42,12,4,34.91734390792343,0.7434203340321617,0.848528137423857,0,386.88189697265625
49111.0,8.0,42,13,4,38.74619607151518,0.6559700463747139,0.848528137423857,0,386.88189697265625
49111.0,8.0,42,14,5,31.385275298697675,0.7386929258315151,0.682842712474619,0,386.88189697265625
49111.0,8.0,42,15,5,35.24318813619368,0.6430219064279835,0.8513997106635237,0,386.88189697265625
49111.0,8.0,42,16,4,39.35897755825529,0.5667752678931005,0.682842712474619,0,386.88189697265625
49111.0,8.0,42,17,5,33.26267447289824,0.5587133826529556,0.613407053921902,0,386.88189697265625
49111.0,8.0,42,18,1,41.17156137184233,1.6144159744746454,0.37888543819998316,0,386.88189697265625
49111.0,8.0,42,19,1,38.00894449138213,1.8863365837271096,0.3414213562373095,0,386.88189697265625
49111.0,8.0,42,20,2,36.17697430970657,1.620442747232452,0.482842712474619,0,386.88189697265625
49111.0,8.0,42,21,4,37.052220973396054,1.3475099651160665,0.3414213562373095,0,386.88189697265625
49111.0,8.0,42,22,2,31.865383571939926,1.7856974551061011,0.4242640687119285,0,386.88189697265625
49111.0,8.0,42,23,4,31.29690526302976,1.4682204599140658,0.4242640687119285,0,386.88189697265625
49111.0,8.0,42,24,1,31.064208757675573,2.1420233212067687,0.37888543819998316,0,386.88189697265625
49111.0,8.0,42,25,2,28.671098168164892,1.9947870025067054,0.482842712474619,0,386.88189697265625
49111.0,8.0,42,26,2,26.193997003602743,1.6393894538757874,0.4242640687119285,0,386.88189697265625
49111.0,8.0,42,27,5,27.3901275623344,1.2665766007957788,0.482842712474619,0,386.88189697265625
49111.0,8.0,42,28,5,29.279103338542512,1.1029183546341752,0.4538461538461539,0,386.88189697265625
49111.0,8.0,42,29,4,22.198078272824404,1.8819130875796846,0.4242640687119285,0,386.88189697265625
49111.0,8.0,42,30,4,21.374009634662375,1.4202952971929201,0.4242640687119285,0,386.88189697265625
49111.0,8.0,42,31,4,19.984591038801078,2.2021285555174273,0.3414213562373095,0,386.88189697265625
49111.0,8.0,42,32,5,16.23198964527545,1.6816268726169854,0.482842712474619,0,386.88189697265625
49111.0,8.0,42,33,5,18.098925291313037,1.1003051160039603,0.3414213562373095,0,386.88189697265625
49111.0,8.0,42,34,5,11.276235730691317,1.7306894219862552,0.4308640753373011,0,386.88189697265625
49111.0,8.0,42,35,5,25.124496327639278,0.3934604917727641,0.613407053921902,0,386.88189697265625
49111.0,8.0,42,36,5,19.209807765209728,0.32491975389047495,0.682842712474619,0,386.88189697265625
49111.0,8.0,42,37,5,24.001323271945083,0.25836748182903463,0.8513997106635237,0,386.88189697265625
49111.0,8.0,42,38,4,28.863650552771613,0.2140927539447841,0.682842712474619,0,386.88189697265625
49111.0,8.0,42,39,4,21.0208971929187,0.17367117403896154,0.848528137423857,0,386.88189697265625
49111.0,8.0,42,40,4,25.960064006534303,0.1403832416705463,0.848528137423857,0,386.88189697265625
49111.0,8.0,42,41,5,14.748218729271397,0.0768577696083291,0.613407053921902,0,386.88189697265625
49111.0,8.0,42,42,5,18.239866194303673,0.06212371647431561,0.8513997106635237,0,386.88189697265625
49111.0,8.0,42,43,2,23.232294833145573,0.04876179667841963,0.848528137423857,0,386.88189697265625
49111.0,8.0,42,44,2,28.22740384169793,0.040127796673470835,0.8513997106635237,0,386.88189697265625
49111.0,8.0,42,45,1,31.72489701704284,0.03570193337104248,0.613407053921902,0,386.88189697265625
49111.0,8.0,42,46,4,20.74979814853743,-0.06595690794197485,0.848528137423857,0,386.88189697265625
49111.0,8.0,42,47,2,25.741035869466245,-0.05315421868367681,0.848528137423857,0,386.88189697265625
49111.0,8.0,42,48,4,18.610983939488314,-0.20933839792143574,0.682842712474619,0,386.88189697265625
49111.0,8.0,42,49,2,23.524785389541655,-0.16515512207489882,0.8513997106635237,0,386.88189697265625
49111.0,8.0,42,50,1,28.468620129048986,-0.1362762727020783,0.682842712474619,0,386.88189697265625
49111.0,8.0,42,51,1,24.34622621086984,-0.30743800073010413,0.613407053921902,0,386.88189697265625
49111.0,8.0,42,52,5,9.15328860223521,2.407428574939765,0.32030679443729265,0,386.88189697265625
49111.0,8.0,42,57,4,4.26397765982535,-2.0053916503228613,0.382842712474619,0,386.88189697265625
49111.0,8.0,42,58,2,18.99255371478459,-2.6558120532875695,0.3414213562373095,0,386.88189697265625
49111.0,8.0,42,59,2,11.171871171168199,-2.2246535744538414,0.4242640687119285,0,386.88189697265625
49111.0,8.0,42,60,5,9.428908437426907,-1.224008940379811,0.482842712474619,0,386.88189697265625
49111.0,8.0,42,61,5,12.081023083724363,-0.8242088603222203,0.37888543819998316,1,386.88189697265625
49111.0,8.0,42,62,2,18.20549107953061,-2.275619314883533,0.4242640687119285,0,386.88189697265625
49111.0,8.0,42,63,4,13.983329871781962,-1.6995416872940075,0.4242640687119285,0,386.88189697265625
49111.0,8.0,42,64,1,25.26002979864747,-2.2981523202517637,0.3414213562373095,0,386.88189697265625
49111.0,8.0,42,65,2,20.053994970697463,-1.9164918815836283,0.382842712474619,0,386.88189697265625
49111.0,8.0,42,66,4,19.137824409816293,-1.4025510065917537,0.3414213562373095,0,386.88189697265625
49111.0,8.0,43,1,1,44.506969701754315,1.1125413884233937,0.613407053921902,0,387.8923034667969
49111.0,8.0,43,2,4,39.26606343123748,1.187377720501,0.682842712474619,0,387.8923034667969
49111.0,8.0,43,3,2,41.39704513155722,1.075130399216975,0.8513997106635237,0,387.8923034667969
49111.0,8.0,43,4,1,43.99553333990174,0.9749925027075803,0.682842712474619,0,387.8923034667969
49111.0,8.0,43,5,4,38.02229000109591,1.1016991681733166,0.848528137423857,0,387.8923034667969
49111.0,8.0,43,6,2,40.52883103625934,0.9914336029518127,0.848528137423857,0,387.8923034667969
49111.0,8.0,43,7,5,33.34815740732818,1.228633199145605,0.613407053921902,0,387.8923034667969
49111.0,8.0,43,8,5,34.67958662139287,1.133415911141212,0.8513997106635237,0,387.8923034667969
49111.0,8.0,43,9,2,37.075130970354124,1.0109439393407824,0.848528137423857,0,387.8923034667969
49111.0,8.0,43,10,2,39.95568726360656,0.904710077128802,0.8513997106635237,0,387.8923034667969
49111.0,8.0,43,11,1,42.208187244584266,0.8394664688804598,0.613407053921902,0,387.8923034667969
49111.0,8.0,43,12,4,33.63843824811379,1.0344513858751008,0.848528137423857,0,387.8923034667969
49111.0,8.0,43,13,4,36.44771784365086,0.9162564944682,0.848528137423857,0,387.8923034667969
49111.0,8.0,43,14,5,30.2245549028504,1.0632882764904252,0.682842712474619,0,387.8923034667969
49111.0,8.0,43,15,5,32.94564200791416,0.9302598599809725,0.8513997106635237,0,387.8923034667969
49111.0,8.0,43,16,4,36.15669973257872,0.8191563620423445,0.682842712474619,0,387.8923034667969
49111.0,8.0,43,17,5,30.21192348899598,0.8609705136759866,0.613407053921902,0,387.8923034667969
49111.0,8.0,43,18,1,47.546458485416245,1.7893912479159693,0.37888543819998316,0,387.8923034667969
49111.0,8.0,43,19,1,46.127350767995516,2.0267524441296043,0.3414213562373095,0,387.8923034667969
49111.0,8.0,43,20,2,42.679218659086736,1.814799577440857,0.482842712474619,0,387.8923034667969
49111.0,8.0,43,21,4,41.416167396640866,1.5783016589875793,0.3414213562373095,0,387.8923034667969
49111.0,8.0,43,22,2,39.502836454571764,1.9688103278217326,0.4242640687119285,0,387.8923034667969
49111.0,8.0,43,23,4,36.80023511382888,1.7156173814636027,0.4242640687119285,0,387.8923034667969
49111.0,8.0,43,24,1,40.34279195004889,2.248998845047282,0.37888543819998316,0,387.8923034667969
49111.0,8.0,43,25,2,37.408989167887846,2.144730525143874,0.482842712474619,0,387.8923034667969
49111.0,8.0,43,26,2,33.06381234884432,1.8879323139573063,0.4242640687119285,0,387.8923034667969
49111.0,8.0,43,27,5,31.416538694070532,1.5806906137168963,0.482842712474619,0,387.8923034667969
49111.0,8.0,43,28,5,31.763036878646396,1.4226252608069485,0.4538461538461539,0,387.8923034667969
49111.0,8.0,43,29,4,30.531525832262243,2.0961007245622167,0.4242640687119285,0,387.8923034667969
49111.0,8.0,43,30,4,26.94359452861732,1.7692050544787479,0.4242640687119285,0,387.8923034667969
49111.0,8.0,43,31,4,29.514953028128016,2.329738363385527,0.3414213562373095,0,387.8923034667969
49111.0,8.0,43,32,5,23.767954660194125,2.0195163655637938,0.482842712474619,0,387.8923034667969
49111.0,8.0,43,33,5,21.417256715216446,1.5853103280018563,0.3414213562373095,0,387.8923034667969
49111.0,8.0,43,34,5,19.384675895504937,2.1316469609630815,0.4308640753373011,0,387.8923034667969
49111.0,8.0,43,35,5,20.93391263042552,0.7930266756591904,0.613407053921902,0,387.8923034667969
49111.0,8.0,43,36,5,14.972711289922662,0.8669938354542526,0.682842712474619,0,387.8923034667969
49111.0,8.0,43,37,5,18.603055975016517,0.6606230161396065,0.8513997106635237,0,387.8923034667969
49111.0,8.0,43,38,4,22.758851022136817,0.5254046834386573,0.682842712474619,0,387.8923034667969
49111.0,8.0,43,39,4,15.101419897243137,0.6314823626953513,0.848528137423857,0,387.8923034667969
49111.0,8.0,43,40,4,19.36348344567865,0.47844883401489546,0.848528137423857,0,387.8923034667969
49111.0,8.0,43,41,5,8.913918804282993,0.8033141448243674,0.613407053921902,0,387.8923034667969
49111.0,8.0,43,42,5,11.620330211147362,0.584820587889113,0.8513997106635237,0,387.8923034667969
49111.0,8.0,43,43,2,16.028839086294564,0.41175274126918765,0.848528137423857,0,387.8923034667969
49111.0,8.0,43,44,2,20.707855772448884,0.31496780513332684,0.8513997106635237,0,387.8923034667969
49111.0,8.0,43,45,1,24.060120873746637,0.2698883214419289,0.613407053921902,0,387.8923034667969
49111.0,8.0,43,46,4,12.80245577057689,0.31077938318038234,0.848528137423857,0,387.8923034667969
49111.0,8.0,43,47,2,17.629364197151233,0.22393976202614677,0.848528137423857,0,387.8923034667969
49111.0,8.0,43,48,4,9.79193877946705,0.14501443773722972,0.682842712474619,0,387.8923034667969
49111.0,8.0,43,49,2,14.757156680710917,0.09603328319443073,0.8513997106635237,0,387.8923034667969
49111.0,8.0,43,50,1,19.739941274919516,0.07174365394003414,0.682842712474619,0,387.8923034667969
49111.0,8.0,43,51,1,14.8363966949647,-0.1409994472000719,0.613407053921902,0,387.8923034667969
49111.0,8.0,43,52,5,19.097749662729285,2.500945433251019,0.32030679443729265,0,387.8923034667969
49111.0,8.0,43,57,4,10.407479623230103,3.0052102589576277,0.382842712474619,0,387.8923034667969
49111.0,8.0,43,58,2,25.563466084199455,-3.0008896930299827,0.3414213562373095,0,387.8923034667969
49111.0,8.0,43,59,2,15.724948798468507,-2.9115884605048867,0.4242640687119285,0,387.8923034667969
49111.0,8.0,43,60,5,6.407591684158454,-2.547819361562793,0.382842712474619,1,387.8923034667969
49111.0,8.0,43,62,2,22.050677933364373,-2.741688139662201,0.4242640687119285,0,387.8923034667969
49111.0,8.0,43,63,4,13.416989744253474,-2.4472761863307366,0.4242640687119285,0,387.8923034667969
49111.0,8.0,43,64,1,28.726134092973055,-2.648997281994331,0.3414213562373095,0,387.8923034667969
49111.0,8.0,43,65,2,20.4688543012038,-2.4158498739172796,0.382842712474619,0,387.8923034667969
49111.0,8.0,43,66,4,14.586199398073155,-1.943462910798389,0.3414213562373095,0,387.8923034667969
49111.0,8.0,44,1,1,50.152443705226645,3.8858320425032713,0.613407053921902,0,388.535400390625
49111.0,8.0,44,2,4,44.95058376975059,3.953078455972638,0.682842712474619,0,388.535400390625
49111.0,8.0,44,3,2,47.01321222394292,3.8539581140141976,0.8513997106635237,0,388.535400390625
49111.0,8.0,44,4,1,49.49676015645496,3.763967688079881,0.682842712474619,0,388.535400390625
49111.0,8.0,44,5,4,43.660888736831495,3.8787535662657406,0.848528137423857,0,388.535400390625
49111.0,8.0,44,6,2,46.05388526131222,3.780810152662312,0.848528137423857,0,388.535400390625
49111.0,8.0,44,7,5,39.041942668186614,3.9895798374273244,0.613407053921902,0,388.535400390625
49111.0,8.0,44,8,5,40.33985977871592,3.907651947907556,0.8513997106635237,0,388.535400390625
49111.0,8.0,44,9,2,42.62618243918395,3.8003676432400555,0.848528137423857,0,388.535400390625
49111.0,8.0,44,10,2,45.350618206488924,3.7049754611173826,0.8513997106635237,0,388.535400390625
49111.0,8.0,44,11,1,47.478516945785245,3.645080407323862,0.613407053921902,0,388.535400390625
49111.0,8.0,44,12,4,39.217630104521575,3.823334869769968,0.848528137423857,0,388.535400390625
49111.0,8.0,44,13,4,41.86537535227898,3.718612566788757,0.848528137423857,0,388.535400390625
49111.0,8.0,44,14,5,35.833693539622175,3.8506566673642473,0.682842712474619,0,388.535400390625
49111.0,8.0,44,15,5,38.38933100568036,3.7347227395798956,0.8513997106635237,0,388.535400390625
49111.0,8.0,44,16,4,41.39357290009915,3.6344173191572344,0.682842712474619,0,388.535400390625
49111.0,8.0,44,17,5,35.54173953355772,3.6796236243882268,0.613407053921902,0,388.535400390625
49111.0,8.0,44,18,1,52.52257284187926,4.491340960661967,0.37888543819998316,0,388.535400390625
49111.0,8.0,44,19,1,50.35867034495001,4.705029353421567,0.3414213562373095,0,388.535400390625
49111.0,8.0,44,20,2,47.59590280324148,4.5084053208711,0.482842712474619,0,388.535400390625
49111.0,8.0,44,21,4,46.848097596379226,4.296831544873451,0.3414213562373095,0,388.535400390625
49111.0,8.0,44,22,2,43.959437291764516,4.641080804237372,0.4242640687119285,0,388.535400390625
49111.0,8.0,44,23,4,41.973877730712935,4.4124173666705335,0.4242640687119285,0,388.535400390625
49111.0,8.0,44,24,1,43.70134034545636,4.896791973883094,0.37888543819998316,0,388.535400390625
49111.0,8.0,44,25,2,41.22492316986828,4.794411312755389,0.482842712474619,0,388.535400390625
49111.0,8.0,44,26,2,37.800377975700265,4.555841714672129,0.4242640687119285,0,388.535400390625
49111.0,8.0,44,27,5,36.85434655301961,4.288324830173636,0.482842712474619,0,388.535400390625
49111.0,8.0,44,28,5,37.388902126462604,4.154300669191804,0.4538461538461539,0,388.535400390625
49111.0,8.0,44,29,4,34.58223154249552,4.730207756796089,0.4242640687119285,0,388.535400390625
49111.0,8.0,44,30,4,32.020384494928145,4.4386944530058,0.4242640687119285,0,388.535400390625
49111.0,8.0,44,31,4,32.603571917992944,4.932725309451521,0.3414213562373095,0,388.535400390625
49111.0,8.0,44,32,5,28.149017506051624,4.6361058473801275,0.482842712474619,0,388.535400390625
49111.0,8.0,44,33,5,26.865246533398192,4.2734903036989795,0.3414213562373095,0,388.535400390625
49111.0,8.0,44,34,5,23.43323478056537,4.700818942657407,0.4308640753373011,0,388.535400390625
49111.0,8.0,44,35,5,26.159644413854036,3.647217773858375,0.613407053921902,0,388.535400390625
49111.0,8.0,44,36,5,20.362081610059462,3.7298869990464936,0.682842712474619,0,388.535400390625
49111.0,8.0,44,37,5,23.543608684032552,3.5534920287464717,0.8513997106635237,0,388.535400390625
49111.0,8.0,44,38,4,27.276155378626665,3.4221146100139994,0.682842712474619,0,388.535400390625
49111.0,8.0,44,39,4,20.008313060908865,3.555383239163799,0.848528137423857,0,388.535400390625
49111.0,8.0,44,40,4,23.770143750416562,3.4042082526791577,0.848528137423857,0,388.535400390625
49111.0,8.0,44,41,5,14.259476622910373,3.7352052877319943,0.613407053921902,0,388.535400390625
49111.0,8.0,44,42,5,16.4731197172794,3.5580861847165255,0.8513997106635237,0,388.535400390625
49111.0,8.0,44,43,2,20.274388168128546,3.3801168854400068,0.848528137423857,0,388.535400390625
49111.0,8.0,44,44,2,24.509956302777898,3.260851757637015,0.8513997106635237,0,388.535400390625
49111.0,8.0,44,45,1,27.6273226647928,3.199692644047413,0.613407053921902,0,388.535400390625
49111.0,8.0,44,46,4,16.79529390241308,3.346017401645248,0.848528137423857,0,388.535400390625
49111.0,8.0,44,47,2,21.136911781065965,3.2142980767878244,0.848528137423857,0,388.535400390625
49111.0,8.0,44,48,4,13.345897457455496,3.2942021082217527,0.682842712474619,0,388.535400390625
49111.0,8.0,44,49,2,17.826949299222466,3.150271627943453,0.8513997106635237,0,388.535400390625
49111.0,8.0,44,50,1,22.527477970007645,3.0651947565873714,0.682842712474619,0,388.535400390625
49111.0,8.0,44,51,1,16.8010307816103,2.9566148342169516,0.613407053921902,0,388.535400390625
49111.0,8.0,44,52,5,21.591170779604912,5.005504311289926,0.32030679443729265,0,388.535400390625
49111.0,8.0,44,57,4,10.925402027220402,5.224239712963388,0.3308640753373011,0,388.535400390625
49111.0,8.0,44,58,2,23.601955174626855,5.821579257881366,0.3414213562373095,0,388.535400390625
49111.0,8.0,44,59,2,13.653811658630643,5.7649149048043355,0.4242640687119285,0,388.535400390625
49111.0,8.0,44,62,2,18.801296129850314,-0.21452103438073733,0.4242640687119285,0,388.535400390625
49111.0,8.0,44,63,4,9.102912770459085,-0.027930737929684923,0.4242640687119285,1,388.535400390625
49111.0,8.0,44,64,1,24.91085906819134,-0.049838909570766976,0.3414213562373095,0,388.535400390625
49111.0,8.0,44,65,2,15.809022242363802,0.15926388176296857,0.382842712474619,0,388.535400390625
49111.0,8.0,44,66,4,8.905024929994083,0.7788391556609651,0.31213203435596426,0,388.535400390625
49111.0,8.0,45,1,1,58.757183754166114,-1.3201139879433452,0.613407053921902,0,392.1282043457031
49111.0,8.0,45,2,4,53.317716889283474,-1.270653914325712,0.682842712474619,0,392.1282043457031
49111.0,8.0,45,3,2,55.73504497785363,-1.3509649330101394,0.8513997106635237,0,392.1282043457031
49111.0,8.0,45,4,1,58.480864760030265,-1.4241721545693729,0.682842712474619,0,392.1282043457031
49111.0,8.0,45,5,4,52.30856606331954,-1.334827133691926,0.848528137423857,0,392.1282043457031
49111.0,8.0,45,6,2,54.99820349791661,-1.4134310442487599,0.848528137423857,0,392.1282043457031
49111.0,8.0,45,7,5,47.28842898045624,-1.2517846151070522,0.613407053921902,0,392.1282043457031
49111.0,8.0,45,8,5,48.89761679793773,-1.3164325224047828,0.8513997106635237,0,392.1282043457031
49111.0,8.0,45,9,2,51.52274481154459,-1.4012392849548472,0.848528137423857,0,392.1282043457031
49111.0,8.0,45,10,2,54.48127694275463,-1.4773366150726888,0.8513997106635237,0,392.1282043457031
49111.0,8.0,45,11,1,56.7229314333404,-1.5256934449296313,0.613407053921902,0,392.1282043457031
49111.0,8.0,45,12,4,48.05605141741092,-1.3872862033934839,0.848528137423857,0,392.1282043457031
49111.0,8.0,45,13,4,50.97058349901858,-1.4693974311902434,0.848528137423857,0,392.1282043457031
49111.0,8.0,45,14,5,44.60016729509139,-1.3711672310131882,0.682842712474619,0,392.1282043457031
49111.0,8.0,45,15,5,47.46357790082541,-1.4602843736002717,0.8513997106635237,0,392.1282043457031
49111.0,8.0,45,16,4,50.65972297146231,-1.5387185442414726,0.682842712474619,0,392.1282043457031
49111.0,8.0,45,17,5,44.73566611899556,-1.5078768700427765,0.613407053921902,0,392.1282043457031
49111.0,8.0,45,18,1,57.69143284607788,-0.7869118090050837,0.37888543819998316,0,392.1282043457031
49111.0,8.0,45,19,1,53.84484013599191,-0.5982801890880285,0.3414213562373095,0,392.1282043457031
49111.0,8.0,45,20,2,52.692498688766804,-0.7850394315053166,0.482842712474619,0,392.1282043457031
49111.0,8.0,45,21,4,53.420333458907365,-0.9733004755815915,0.3414213562373095,0,392.1282043457031
49111.0,8.0,45,22,2,48.07370495291876,-0.678608959046894,0.4242640687119285,0,392.1282043457031
49111.0,8.0,45,23,4,47.836322148503974,-0.8874589693229005,0.4242640687119285,0,392.1282043457031
49111.0,8.0,45,24,1,45.62944765540448,-0.4451392166090582,0.37888543819998316,0,392.1282043457031
49111.0,8.0,45,25,2,44.10966784883877,-0.5513661242053962,0.482842712474619,0,392.1282043457031
49111.0,8.0,45,26,2,42.695379217545856,-0.7799793739245582,0.4242640687119285,0,392.1282043457031
49111.0,8.0,45,27,5,43.590457847162064,-1.0113650071686402,0.482842712474619,0,392.1282043457031
49111.0,8.0,45,28,5,44.8747626146679,-1.1206770757432587,0.4538461538461539,0,392.1282043457031
49111.0,8.0,45,29,4,38.17691837176806,-0.6451566907448083,0.4242640687119285,0,392.1282043457031
49111.0,8.0,45,30,4,37.877562027667615,-0.9087729119244876,0.4242640687119285,0,392.1282043457031
49111.0,8.0,45,31,4,34.52620434103981,-0.4781634512816437,0.3414213562373095,0,392.1282043457031
49111.0,8.0,45,32,5,32.70002133018268,-0.7718255904337774,0.482842712474619,0,392.1282043457031
49111.0,8.0,45,33,5,33.86036036118884,-1.07143974522053,0.3414213562373095,0,392.1282043457031
49111.0,8.0,45,34,5,27.703598849726728,-0.7655425202614785,0.4308640753373011,0,392.1282043457031
49111.0,8.0,45,35,5,35.42287833426511,-1.5457437630948636,0.613407053921902,0,392.1282043457031
49111.0,8.0,45,36,5,29.498349124130485,-1.5003797980210711,0.682842712474619,0,392.1282043457031
49111.0,8.0,45,37,5,32.92064558064852,-1.6174220996034023,0.8513997106635237,0,392.1282043457031
49111.0,8.0,45,38,4,36.706746108096475,-1.7114035560833498,0.682842712474619,0,392.1282043457031
49111.0,8.0,45,39,4,29.386387160792157,-1.620475150809449,0.848528137423857,0,392.1282043457031
49111.0,8.0,45,40,4,33.1990369553328,-1.724085015069579,0.848528137423857,0,392.1282043457031
49111.0,8.0,45,41,5,23.421553795659232,-1.5219873721217536,0.613407053921902,0,392.1282043457031
49111.0,8.0,45,42,5,25.852477546286885,-1.6243629218583027,0.8513997106635237,0,392.1282043457031
49111.0,8.0,45,43,2,29.697927531712555,-1.7397595660806284,0.848528137423857,0,392.1282043457031
49111.0,8.0,45,44,2,33.84646516368339,-1.8278196653040557,0.8513997106635237,0,392.1282043457031
49111.0,8.0,45,45,1,36.87634224207631,-1.8774185779271861,0.613407053921902,0,392.1282043457031
49111.0,8.0,45,46,4,26.206063126615334,-1.7596172947121311,0.848528137423857,0,392.1282043457031
49111.0,8.0,45,47,2,30.419961357531847,-1.8549727230883848,0.848528137423857,0,392.1282043457031
49111.0,8.0,45,48,4,22.727705328814988,-1.785566276517331,0.682842712474619,0,392.1282043457031
49111.0,8.0,45,49,2,27.0215634986399,-1.8889862733029426,0.8513997106635237,0,392.1282043457031
49111.0,8.0,45,50,1,31.52429536577481,-1.9634838342274759,0.682842712474619,0,392.1282043457031
49111.0,8.0,45,51,1,25.566647998389477,-2.01017086415073,0.613407053921902,0,392.1282043457031
49111.0,8.0,45,52,5,23.49619286312518,-0.5423286559400631,0.4308640753373011,0,392.1282043457031
49111.0,8.0,45,53,4,23.938180058187097,-0.06680666966299142,0.3414213562373095,0,392.1282043457031
49111.0,8.0,45,54,5,18.715476838524644,-0.472476812424931,0.482842712474619,0,392.1282043457031
49111.0,8.0,45,55,5,18.097007545130726,-1.021683612645584,0.3308640753373011,0,392.1282043457031
49111.0,8.0,45,56,4,16.877522422676474,-0.085889083799358,0.4242640687119285,0,392.1282043457031
49111.0,8.0,45,57,4,12.731196798538353,-0.7171097941505109,0.4242640687119285,0,392.1282043457031
49111.0,8.0,45,58,2,17.87267335802179,0.3199713000601747,0.382842712474619,0,392.1282043457031
49111.0,8.0,45,59,2,9.831839184898618,-0.13236411332998665,0.4242640687119285,0,392.1282043457031
49111.0,8.0,45,62,2,11.456297464377514,0.5280127612969023,0.4242640687119285,0,392.1282043457031
49111.0,8.0,45,64,1,16.30424611648442,-5.3762677000978165,0.3414213562373095,0,392.1282043457031
49111.0,8.0,45,65,2,6.5620919089923895,-5.15770778068431,0.3414213562373095,1,392.1282043457031
49111.0,8.0,45,66,4,4.50484839003816,-2.918397959612602,0.23395623132202234,0,392.1282043457031
49111.0,8.0,46,1,1,60.87351206905723,3.0964181798039543,0.613407053921902,0,392.8421020507813
49111.0,8.0,46,2,4,55.224418128288,3.1362681127420067,0.682842712474619,0,392.8421020507813
49111.0,8.0,46,3,2,58.000554007442375,3.062774068791289,0.8513997106635237,0,392.8421020507813
49111.0,8.0,46,4,1,61.06056151668191,2.996315466012911,0.682842712474619,0,392.8421020507813
49111.0,8.0,46,5,4,54.51336814746414,3.0731368540048654,0.848528137423857,0,392.8421020507813
49111.0,8.0,46,6,2,57.54159551440344,3.0020830795357156,0.848528137423857,0,392.8421020507813
49111.0,8.0,46,7,5,49.13319461523031,3.1436285028262145,0.613407053921902,0,392.8421020507813
49111.0,8.0,46,8,5,51.03283598225436,3.0849145733911487,0.8513997106635237,0,392.8421020507813
49111.0,8.0,46,9,2,54.02479297465129,3.008601832178952,0.848528137423857,0,392.8421020507813
49111.0,8.0,46,10,2,57.297523188321044,2.9406464896011,0.8513997106635237,0,392.8421020507813
49111.0,8.0,46,11,1,59.73094423169423,2.8976418867728633,0.613407053921902,0,392.8421020507813
49111.0,8.0,46,12,4,50.51060579288917,3.016027999674764,0.848528137423857,0,392.8421020507813
49111.0,8.0,46,13,4,53.764758021653044,2.943166961333049,0.848528137423857,0,392.8421020507813
49111.0,8.0,46,14,5,46.999620627994084,3.024564203605606,0.682842712474619,0,392.8421020507813
49111.0,8.0,46,15,5,50.232382451339326,2.946041936130123,0.8513997106635237,0,392.8421020507813
49111.0,8.0,46,16,4,53.736581155669725,2.8773806300243425,0.682842712474619,0,392.8421020507813
49111.0,8.0,46,17,5,47.7102928128324,2.896466142196355,0.613407053921902,0,392.8421020507813
49111.0,8.0,46,18,1,57.1740224072902,3.6188658817068005,0.37888543819998316,0,392.8421020507813
49111.0,8.0,46,19,1,52.391096704387685,3.8037730990109453,0.3414213562373095,0,392.8421020507813
49111.0,8.0,46,20,2,52.18699865879445,3.6122754643207635,0.482842712474619,0,392.8421020507813
49111.0,8.0,46,21,4,53.87150122409366,3.426102801172957,0.3414213562373095,0,392.8421020507813
49111.0,8.0,46,22,2,47.050705757028226,3.7103906191730953,0.4242640687119285,0,392.8421020507813
49111.0,8.0,46,23,4,47.87927241885533,3.5000378435777835,0.4242640687119285,0,392.8421020507813
49111.0,8.0,46,24,1,43.47099133782928,3.9451285983593407,0.37888543819998316,0,392.8421020507813
49111.0,8.0,46,25,2,42.47416856697591,3.8310415469570005,0.482842712474619,0,392.8421020507813
49111.0,8.0,46,26,2,42.22216018372812,3.594426166672953,0.4242640687119285,0,392.8421020507813
49111.0,8.0,46,27,5,44.287319016902664,3.3676713321480003,0.482842712474619,0,392.8421020507813
49111.0,8.0,46,28,5,46.10525494200378,3.26454763769262,0.4538461538461539,0,392.8421020507813
49111.0,8.0,46,29,4,37.05397271281221,3.7165120277969006,0.4242640687119285,0,392.8421020507813
49111.0,8.0,46,30,4,38.10056048047513,3.4510507168514177,0.4242640687119285,0,392.8421020507813
49111.0,8.0,46,31,4,32.60802013344673,3.874862181020621,0.3414213562373095,0,392.8421020507813
49111.0,8.0,46,32,5,32.2790766929257,3.565565950650858,0.482842712474619,0,392.8421020507813
49111.0,8.0,46,33,5,34.9370091346167,3.277501414311774,0.3414213562373095,0,392.8421020507813
49111.0,8.0,46,34,5,27.323118104115984,3.543268486767528,0.4308640753373011,0,392.8421020507813
49111.0,8.0,46,35,5,38.59179340193789,2.840077438419816,0.613407053921902,0,392.8421020507813
49111.0,8.0,46,36,5,32.534265074905036,2.861128030002626,0.682842712474619,0,392.8421020507813
49111.0,8.0,46,37,5,36.37040433548191,2.767868200711561,0.8513997106635237,0,392.8421020507813
49111.0,8.0,46,38,4,40.46151528414003,2.692918408171231,0.682842712474619,0,392.8421020507813
49111.0,8.0,46,39,4,32.87018942959043,2.7534507672428328,0.848528137423857,0,392.8421020507813
49111.0,8.0,46,40,4,37.01050203252335,2.6730603719330563,0.848528137423857,0,392.8421020507813
49111.0,8.0,46,41,5,26.604752572694554,2.8119740919432927,0.613407053921902,0,392.8421020507813
49111.0,8.0,46,42,5,29.378434177945508,2.735601702900522,0.8513997106635237,0,392.8421020507813
49111.0,8.0,46,43,2,33.57708001464887,2.649130056463872,0.848528137423857,0,392.8421020507813
49111.0,8.0,46,44,2,37.97035962263708,2.5822587165246227,0.8513997106635237,0,392.8421020507813
49111.0,8.0,46,45,1,41.12818674784931,2.544062239274147,0.613407053921902,0,392.8421020507813
49111.0,8.0,46,46,4,30.16725615499113,2.619769888578209,0.848528137423857,0,392.8421020507813
49111.0,8.0,46,47,2,34.63222850876198,2.550134915547783,0.848528137423857,0,392.8421020507813
49111.0,8.0,46,48,4,26.79004265639695,2.582968543438963,0.682842712474619,0,392.8421020507813
49111.0,8.0,46,49,2,31.33742639550708,2.511208600175221,0.8513997106635237,0,392.8421020507813
49111.0,8.0,46,50,1,36.005030213236594,2.4578350939850497,0.682842712474619,0,392.8421020507813
49111.0,8.0,46,51,1,30.166439740917518,2.4038825688079757,0.613407053921902,0,392.8421020507813
49111.0,8.0,46,52,5,22.064425352882093,3.7360933129799565,0.4308640753373011,0,392.8421020507813
49111.0,8.0,46,53,4,20.31740735950544,4.26375654335288,0.3414213562373095,0,392.8421020507813
49111.0,8.0,46,54,5,17.071990421055112,3.750259642161459,0.482842712474619,0,392.8421020507813
49111.0,8.0,46,55,5,19.23820865000453,3.2048336861047395,0.3308640753373011,0,392.8421020507813
49111.0,8.0,46,56,4,13.481058569638853,4.154532780897485,0.4242640687119285,0,392.8421020507813
49111.0,8.0,46,57,4,12.664705100496606,3.371954367525655,0.4242640687119285,0,392.8421020507813
49111.0,8.0,46,58,2,13.115831021306606,4.692041814387018,0.382842712474619,0,392.8421020507813
49111.0,8.0,46,59,2,7.119047584050858,3.8381827881273463,0.4242640687119285,1,392.8421020507813
49111.0,8.0,46,62,2,6.400540736954646,4.93435150312591,0.4242640687119285,0,392.8421020507813
49111.0,8.0,46,64,1,11.456570383271405,-0.7632245504423367,0.31213203435596426,0,392.8421020507813
49111.0,8.0,46,66,4,9.410878556005002,1.7967925413749346,0.19720178452538992,0,392.8421020507813
49111.0,8.0,47,1,1,58.39246952426993,0.43455190863385135,0.613407053921902,0,398.81829833984375
49111.0,8.0,47,2,4,52.58448138623361,0.4683986294712074,0.682842712474619,0,398.81829833984375
49111.0,8.0,47,3,2,55.67837984878787,0.395792180272354,0.8513997106635237,0,398.81829833984375
49111.0,8.0,47,4,1,59.03419587419367,0.33113002393289165,0.682842712474619,0,398.81829833984375
49111.0,8.0,47,5,4,52.15566159594246,0.4013733534154828,0.848528137423857,0,398.81829833984375
49111.0,8.0,47,6,2,55.49925527822175,0.3322615634340395,0.848528137423857,0,398.81829833984375
49111.0,8.0,47,7,5,46.48253522008344,0.46581997595264696,0.613407053921902,0,398.81829833984375
49111.0,8.0,47,8,5,48.63480328360575,0.40776283498880744,0.8513997106635237,0,398.81829833984375
49111.0,8.0,47,9,2,51.96439541033635,0.3335470499323481,0.848528137423857,0,398.81829833984375
49111.0,8.0,47,10,2,55.54505099726297,0.26857824316529627,0.8513997106635237,0,398.81829833984375
49111.0,8.0,47,11,1,58.17620390019681,0.22797345850635026,0.613407053921902,0,398.81829833984375
49111.0,8.0,47,12,4,48.42963394747421,0.3350201882500777,0.848528137423857,0,398.81829833984375
49111.0,8.0,47,13,4,52.01330353104967,0.2655348225475284,0.848528137423857,0,398.81829833984375
49111.0,8.0,47,14,5,44.89499413309804,0.3367252948643222,0.682842712474619,0,398.81829833984375
49111.0,8.0,47,15,5,48.48210802077056,0.2620480303700596,0.8513997106635237,0,398.81829833984375
49111.0,8.0,47,16,4,52.30171219056239,0.19796190700532873,0.682842712474619,0,398.81829833984375
49111.0,8.0,47,17,5,46.21056463170278,0.20578517206461328,0.613407053921902,0,398.81829833984375
49111.0,8.0,47,18,1,52.81972517415821,0.9850122808234936,0.37888543819998316,0,398.81829833984375
49111.0,8.0,47,19,1,47.64694298059389,1.1829108480643726,0.3414213562373095,0,398.81829833984375
49111.0,8.0,47,20,2,47.8554048697687,0.9731525894003121,0.482842712474619,0,398.81829833984375
49111.0,8.0,47,21,4,50.10038298359601,0.7738082883750979,0.3414213562373095,0,398.81829833984375
49111.0,8.0,47,22,2,42.49002098256251,1.0753353214116876,0.4242640687119285,0,398.81829833984375
49111.0,8.0,47,23,4,43.87836007592032,0.8454763314465432,0.4242640687119285,0,398.81829833984375
49111.0,8.0,47,24,1,38.54490486459871,1.3345561436200981,0.37888543819998316,0,398.81829833984375
49111.0,8.0,47,25,2,37.69169657826142,1.2052111713526834,0.482842712474619,0,398.81829833984375
49111.0,8.0,47,26,2,37.954875718427,0.940138398151688,0.4242640687119285,0,398.81829833984375
49111.0,8.0,47,27,5,40.749002327109245,0.6953781050385972,0.482842712474619,0,398.81829833984375
49111.0,8.0,47,28,5,42.958532220986235,0.5881232060511161,0.4538461538461539,0,398.81829833984375
49111.0,8.0,47,29,4,32.49361012030458,1.06812541588745,0.4242640687119285,0,398.81829833984375
49111.0,8.0,47,30,4,34.28911341087541,0.7723299380155981,0.4242640687119285,0,398.81829833984375
49111.0,8.0,47,31,4,27.76862989957339,1.243481462773333,0.3414213562373095,0,398.81829833984375
49111.0,8.0,47,32,5,28.124818334577682,0.883944180516526,0.482842712474619,0,398.81829833984375
49111.0,8.0,47,33,5,31.79487389826405,0.5716035688680599,0.3414213562373095,0,398.81829833984375
49111.0,8.0,47,34,5,23.264174477700166,0.8381125803210694,0.4308640753373011,0,398.81829833984375
49111.0,8.0,47,35,5,37.42737281850582,0.12296816940283556,0.613407053921902,0,398.81829833984375
49111.0,8.0,47,36,5,31.324996753579814,0.11990421793742795,0.682842712474619,0,398.81829833984375
49111.0,8.0,47,37,5,35.583840736190126,0.041421733992396736,0.8513997106635237,0,398.81829833984375
49111.0,8.0,47,38,4,40.01454762289962,-0.019993056782777185,0.682842712474619,0,398.81829833984375
49111.0,8.0,47,39,4,32.192247132859556,0.011917693777405647,0.848528137423857,0,398.81829833984375
49111.0,8.0,47,40,4,36.69189386485606,-0.05152830398282826,0.848528137423857,0,398.81829833984375
49111.0,8.0,47,41,5,25.72457617607984,0.034417916518813485,0.613407053921902,0,398.81829833984375
49111.0,8.0,47,42,5,28.83525323952722,-0.024494219878030632,0.8513997106635237,1,398.81829833984375
49111.0,8.0,47,43,2,33.412963491950585,-0.08929686392269753,0.848528137423857,0,398.81829833984375
49111.0,8.0,47,44,2,38.09698714125804,-0.1383307038405382,0.8513997106635237,0,398.81829833984375
49111.0,8.0,47,45,1,41.419783186177,-0.16601175253617734,0.613407053921902,0,398.81829833984375
49111.0,8.0,47,46,4,30.192005286813647,-0.1352016405523201,0.848528137423857,0,398.81829833984375
49111.0,8.0,47,47,2,34.950128514295066,-0.182500465048423,0.848528137423857,0,398.81829833984375
49111.0,8.0,47,48,4,27.04973636033342,-0.19191562252645578,0.682842712474619,0,398.81829833984375
49111.0,8.0,47,49,2,31.88483239865472,-0.23528321302800984,0.8513997106635237,0,398.81829833984375
49111.0,8.0,47,50,1,36.76406991910797,-0.26718700333474993,0.682842712474619,0,398.81829833984375
49111.0,8.0,47,51,1,31.249704359136214,-0.3443763540657522,0.613407053921902,0,398.81829833984375
49111.0,8.0,47,52,5,17.506682209316445,1.0418741621634937,0.4308640753373011,0,398.81829833984375
49111.0,8.0,47,53,4,15.38803853323614,1.7238506438046237,0.3414213562373095,0,398.81829833984375
49111.0,8.0,47,54,5,12.518000229824086,1.019160913003237,0.482842712474619,0,398.81829833984375
49111.0,8.0,47,55,5,16.631564256178414,0.3764566768684479,0.3414213562373095,0,398.81829833984375
49111.0,8.0,47,56,4,8.483067700012592,1.5903980137964508,0.4242640687119285,0,398.81829833984375
49111.0,8.0,47,57,4,9.584938051782732,0.42298578603271336,0.4242640687119285,0,398.81829833984375
49111.0,8.0,47,58,2,9.339408196032446,2.4009779036129726,0.382842712474619,0,398.81829833984375
49111.0,8.0,47,60,5,11.271279659344332,-0.250337269351376,0.482842712474619,0,398.81829833984375
49111.0,8.0,47,61,5,16.18629188807329,-0.31831210497132656,0.37888543819998316,0,398.81829833984375
49111.0,8.0,47,62,2,4.732362322852589,-3.0516587871315264,0.4242640687119285,0,398.81829833984375
49111.0,8.0,47,63,4,6.504141219889862,-0.8701641370724593,0.4242640687119285,0,398.81829833984375
49111.0,8.0,47,64,1,11.732747376632458,-2.91771824730587,0.3414213562373095,0,398.81829833984375
49111.0,8.0,47,65,2,7.5872235275752535,-1.9112502852701754,0.382842712474619,0,398.81829833984375
49111.0,8.0,47,66,4,13.321957840757007,-1.071985782127103,0.3414213562373095,0,398.81829833984375
49111.0,8.0,48,1,1,34.811133115352966,0.8258023518284461,0.613407053921902,0,407.0831909179687
49111.0,8.0,48,2,4,29.89625829117884,0.9380291818556705,0.682842712474619,0,407.0831909179687
49111.0,8.0,48,3,2,31.586649558775946,0.784751434772591,0.8513997106635237,0,407.0831909179687
49111.0,8.0,48,4,1,33.93591903698737,0.6498387755511237,0.682842712474619,0,407.0831909179687
49111.0,8.0,48,5,4,28.3120787535658,0.8293339692751667,0.848528137423857,0,407.0831909179687
49111.0,8.0,48,6,2,30.504163222159583,0.6762682208742026,0.848528137423857,0,407.0831909179687
49111.0,8.0,48,7,5,24.236956429636013,1.0229499776454984,0.613407053921902,0,407.0831909179687
49111.0,8.0,48,8,5,25.108388565324205,0.8854301629893071,0.8513997106635237,0,407.0831909179687
49111.0,8.0,48,9,2,27.09910232615362,0.709367726016221,0.848528137423857,0,407.0831909179687
49111.0,8.0,48,10,2,29.804219792160065,0.5612692814436132,0.8513997106635237,0,407.0831909179687
49111.0,8.0,48,11,1,32.02799770192659,0.4737629824531001,0.613407053921902,0,407.0831909179687
49111.0,8.0,48,12,4,23.73222955987355,0.7519171637925,0.848528137423857,0,407.0831909179687
49111.0,8.0,48,13,4,26.308722705950153,0.5802170045075671,0.848528137423857,0,407.0831909179687
49111.0,8.0,48,14,5,20.42244091389977,0.8083901685867938,0.682842712474619,0,407.0831909179687
49111.0,8.0,48,15,5,22.825561623271582,0.6049588241882509,0.8513997106635237,0,407.0831909179687
49111.0,8.0,48,16,4,25.97953875560168,0.44546743779597475,0.682842712474619,0,407.0831909179687
49111.0,8.0,48,17,5,20.035161716139584,0.5061227286815864,0.613407053921902,0,407.0831909179687
49111.0,8.0,48,18,1,42.436370887056604,1.620134652082545,0.37888543819998316,0,407.0831909179687
49111.0,8.0,48,19,1,43.35470158502036,1.880645960989063,0.3414213562373095,0,407.0831909179687
49111.0,8.0,48,20,2,37.914251813773795,1.6733218953169424,0.482842712474619,0,407.0831909179687
49111.0,8.0,48,21,4,34.57384606419037,1.4122456099795793,0.3414213562373095,0,407.0831909179687
49111.0,8.0,48,22,2,36.33462861509158,1.8592876948741588,0.4242640687119285,0,407.0831909179687
49111.0,8.0,48,23,4,31.27403999595694,1.6027223307451697,0.4242640687119285,0,407.0831909179687
49111.0,8.0,48,24,1,39.98737065698335,2.1374015757477816,0.37888543819998316,0,407.0831909179687
49111.0,8.0,48,25,2,36.095982914931334,2.0547392904150774,0.482842712474619,0,407.0831909179687
49111.0,8.0,48,26,2,29.339057988747644,1.8277234701640679,0.4242640687119285,0,407.0831909179687
49111.0,8.0,48,27,5,24.872488109137365,1.4949853173038519,0.482842712474619,0,407.0831909179687
49111.0,8.0,48,28,5,23.928452421233196,1.2933778562538907,0.4538461538461539,0,407.0831909179687
49111.0,8.0,48,29,4,29.04298658308886,2.0703431140943214,0.4242640687119285,0,407.0831909179687
49111.0,8.0,48,30,4,22.390967168426695,1.7764891592963608,0.4242640687119285,0,407.0831909179687
49111.0,8.0,48,31,4,30.433695399406595,2.3040705391844396,0.3414213562373095,0,407.0831909179687
49111.0,8.0,48,32,5,22.001594413495237,2.095944623529635,0.482842712474619,0,407.0831909179687
49111.0,8.0,48,33,5,15.554115140631668,1.6797394909724606,0.3414213562373095,0,407.0831909179687
49111.0,8.0,48,34,5,19.253962534251713,2.2992576932670734,0.4308640753373011,0,407.0831909179687
49111.0,8.0,48,35,5,10.77540722714933,0.3832188934527726,0.613407053921902,0,407.0831909179687
49111.0,8.0,48,36,5,4.804234793279513,0.5589805445225148,0.6466890965784271,0,407.0831909179687
49111.0,8.0,48,37,5,8.775582173565393,0.08674786637982407,0.8513997106635237,0,407.0831909179687
49111.0,8.0,48,38,4,13.45143163462685,-0.07643617246159407,0.682842712474619,0,407.0831909179687
49111.0,8.0,48,39,4,5.555917159586704,-0.12283306960762508,0.848528137423857,1,407.0831909179687
49111.0,8.0,48,40,4,10.478472504150176,-0.23778592554248798,0.848528137423857,0,407.0831909179687
49111.0,8.0,48,41,5,1.3131904310313836,-2.4168795454542966,0.4815389220537701,0,407.0831909179687
49111.0,8.0,48,43,2,7.978455929528128,-0.5120638614500177,0.848528137423857,0,407.0831909179687
49111.0,8.0,48,44,2,12.945498428236117,-0.4556612712508115,0.8513997106635237,0,407.0831909179687
49111.0,8.0,48,45,1,16.434325326300822,-0.43650282273380814,0.613407053921902,0,407.0831909179687
49111.0,8.0,48,46,4,6.520209507263844,-0.9624127396651205,0.848528137423857,0,407.0831909179687
49111.0,8.0,48,47,2,11.020131694070406,-0.7045679356519505,0.848528137423857,0,407.0831909179687
49111.0,8.0,48,48,4,6.809589195965136,-1.4975922454867412,0.6466890965784271,0,407.0831909179687
49111.0,8.0,48,49,2,10.01502249392613,-1.0286374075676092,0.8513997106635237,0,407.0831909179687
49111.0,8.0,48,50,1,14.290935801755168,-0.8115822063414813,0.682842712474619,0,407.0831909179687
49111.0,8.0,48,51,1,12.47806544012104,-1.2515395377195657,0.613407053921902,0,407.0831909179687
49111.0,8.0,48,52,5,22.437241792804016,2.6042190086080974,0.4308640753373011,0,407.0831909179687
49111.0,8.0,48,53,4,32.12809354336314,-3.4709255475071212,0.3414213562373095,0,407.0831909179687
49111.0,8.0,48,54,5,22.13763166653504,-3.4545521173228715,0.482842712474619,0,407.0831909179687
49111.0,8.0,48,55,5,12.162856443913885,-3.4112902640069365,0.3414213562373095,0,407.0831909179687
49111.0,8.0,48,56,4,27.799091384459988,-3.2835683873410844,0.4242640687119285,0,407.0831909179687
49111.0,8.0,48,57,4,18.183779114189658,-3.161313874461825,0.4242640687119285,0,407.0831909179687
49111.0,8.0,48,58,2,33.992708450488905,-3.172529579139889,0.382842712474619,0,407.0831909179687
49111.0,8.0,48,59,2,24.766198110974212,-3.0395223922571017,0.4242640687119285,0,407.0831909179687
49111.0,8.0,48,60,5,16.46890736946763,-2.762258333251929,0.482842712474619,0,407.0831909179687
49111.0,8.0,48,61,5,13.234616748517745,-2.5032586836932906,0.37888543819998316,0,407.0831909179687
49111.0,8.0,48,62,2,31.56072424502336,-2.969468028390111,0.4242640687119285,0,407.0831909179687
49111.0,8.0,48,63,4,23.535922670303105,-2.7501003361599654,0.4242640687119285,0,407.0831909179687
49111.0,8.0,48,64,1,38.45509148173734,-2.924372590204546,0.3414213562373095,0,407.0831909179687
49111.0,8.0,48,65,2,30.60481011117158,-2.7435580500726737,0.382842712474619,0,407.0831909179687
49111.0,8.0,48,66,4,24.382673007956956,-2.455991032664816,0.3414213562373095,0,407.0831909179687
49111.0,8.0,49,1,1,33.685622935995006,1.2683841679924714,0.613407053921902,0,407.4426879882813
49111.0,8.0,49,2,4,29.09550499032038,1.3969614334224059,0.682842712474619,0,407.4426879882813
49111.0,8.0,49,3,2,30.362348429356782,1.2340459788287688,0.8513997106635237,0,407.4426879882813
49111.0,8.0,49,4,1,32.36040781030997,1.0876925667100317,0.682842712474619,0,407.4426879882813
49111.0,8.0,49,5,4,27.219943299390234,1.2904142678039217,0.848528137423857,0,407.4426879882813
49111.0,8.0,49,6,2,29.004294591076086,1.1239906312605403,0.848528137423857,0,407.4426879882813
49111.0,8.0,49,7,5,23.706576518882684,1.5061118173299908,0.613407053921902,0,407.4426879882813
49111.0,8.0,49,8,5,24.186327218045616,1.3611979248735029,0.8513997106635237,0,407.4426879882813
49111.0,8.0,49,9,2,25.696346351228232,1.1697080815857204,0.848528137423857,0,407.4426879882813
49111.0,8.0,49,10,2,28.029020805340075,1.0047315430720312,0.8513997106635237,0,407.4426879882813
49111.0,8.0,49,11,1,30.051666532139627,0.9062730670440685,0.613407053921902,0,407.4426879882813
49111.0,8.0,49,12,4,22.457856684880582,1.2287658719060357,0.848528137423857,0,407.4426879882813
49111.0,8.0,49,13,4,24.590224040918002,1.036019730278373,0.848528137423857,0,407.4426879882813
49111.0,8.0,49,14,5,19.323779080578166,1.3073348193514924,0.682842712474619,0,407.4426879882813
49111.0,8.0,49,15,5,21.18330072153291,1.0774242669897753,0.8513997106635237,0,407.4426879882813
49111.0,8.0,49,16,4,23.959466207801935,0.89257527659459,0.682842712474619,0,407.4426879882813
49111.0,8.0,49,17,5,18.176447370664267,0.9861027417919277,0.613407053921902,0,407.4426879882813
49111.0,8.0,49,18,1,43.509417668006016,2.047582795269353,0.37888543819998316,0,407.4426879882813
49111.0,8.0,49,19,1,45.06497372081557,2.29827271367323,0.3414213562373095,0,407.4426879882813
49111.0,8.0,49,20,2,39.134376697037226,2.1062511353930153,0.482842712474619,0,407.4426879882813
49111.0,8.0,49,21,4,35.101951832817264,1.8587200300128375,0.3414213562373095,0,407.4426879882813
49111.0,8.0,49,22,2,38.007968396355,2.2875026629118245,0.4242640687119285,0,407.4426879882813
49111.0,8.0,49,23,4,32.33037649991309,2.0521262992283127,0.4242640687119285,0,407.4426879882813
49111.0,8.0,49,24,1,42.21833834090494,2.546785690655964,0.37888543819998316,0,407.4426879882813
49111.0,8.0,49,25,2,38.17999323953621,2.473337142293298,0.482842712474619,0,407.4426879882813
49111.0,8.0,49,26,2,30.957381458689994,2.271824251715819,0.4242640687119285,0,407.4426879882813
49111.0,8.0,49,27,5,25.671132615968766,1.969562161044836,0.482842712474619,0,407.4426879882813
49111.0,8.0,49,28,5,24.17293613300961,1.7777743970960609,0.4538461538461539,0,407.4426879882813
49111.0,8.0,49,29,4,31.168344340557343,2.499855309666303,0.4242640687119285,0,407.4426879882813
49111.0,8.0,49,30,4,23.918889437834807,2.246909140162647,0.4242640687119285,0,407.4426879882813
49111.0,8.0,49,31,4,32.93283940209624,2.713987898742049,0.3414213562373095,0,407.4426879882813
49111.0,8.0,49,32,5,24.191310301264696,2.5417149891977426,0.482842712474619,0,407.4426879882813
49111.0,8.0,49,33,5,16.907604120628324,2.2012791086558736,0.3414213562373095,0,407.4426879882813
49111.0,8.0,49,34,5,21.763490247400384,2.732500882010725,0.4308640753373011,0,407.4426879882813
49111.0,8.0,49,35,5,8.749141064424993,0.9579654204272797,0.613407053921902,0,407.4426879882813
49111.0,8.0,49,36,5,3.6571419744019766,1.5619425350491216,0.5276927682076162,0,407.4426879882813
49111.0,8.0,49,37,5,6.220810150200618,0.628417520243137,0.7685569981889047,1,407.4426879882813
49111.0,8.0,49,38,4,10.678121109481072,0.3495508492247643,0.682842712474619,0,407.4426879882813
49111.0,8.0,49,40,4,7.620720537134285,0.15241212510862506,0.848528137423857,0,407.4426879882813
49111.0,8.0,49,41,5,3.7186082107173677,-2.7720843195571883,0.4815389220537701,0,407.4426879882813
49111.0,8.0,49,43,2,5.208501951756882,-0.2607941345815793,0.848528137423857,0,407.4426879882813
49111.0,8.0,49,44,2,10.121871570285878,-0.13307553367580433,0.8513997106635237,0,407.4426879882813
49111.0,8.0,49,45,1,13.598857971833365,-0.09891963751479566,0.613407053921902,0,407.4426879882813
49111.0,8.0,49,46,4,4.602347624616184,-0.9881490145003226,0.848528137423857,0,407.4426879882813
49111.0,8.0,49,47,2,8.456086279226133,-0.4717723262250673,0.848528137423857,0,407.4426879882813
49111.0,8.0,49,48,4,6.343084008127687,-1.5656916661960716,0.6466890965784271,0,407.4426879882813
49111.0,8.0,49,49,2,8.096820748792174,-0.9001080510152415,0.8513997106635237,0,407.4426879882813
49111.0,8.0,49,50,1,11.869384893160122,-0.56379793039008,0.682842712474619,0,407.4426879882813
49111.0,8.0,49,51,1,11.05484128324341,-1.0981776214210617,0.613407053921902,0,407.4426879882813
49111.0,8.0,49,52,5,25.234019297396948,2.9961571484088023,0.4308640753373011,0,407.4426879882813
49111.0,8.0,49,53,4,34.99340167160382,-3.1032045229646363,0.3414213562373095,0,407.4426879882813
49111.0,8.0,49,54,5,25.003714595196005,-3.087854719683,0.482842712474619,0,407.4426879882813
49111.0,8.0,49,55,5,15.027751879966287,-3.0521051831243495,0.3414213562373095,0,407.4426879882813
49111.0,8.0,49,56,4,30.631551800565504,-2.9330093571241,0.4242640687119285,0,407.4426879882813
49111.0,8.0,49,57,4,20.950884198967362,-2.834009835790081,0.4242640687119285,0,407.4426879882813
49111.0,8.0,49,58,2,36.76136814460852,-2.827916333611193,0.382842712474619,0,407.4426879882813
49111.0,8.0,49,59,2,27.423452934874014,-2.7151615916964507,0.4242640687119285,0,407.4426879882813
49111.0,8.0,49,60,5,18.78013189195067,-2.4930953619336638,0.482842712474619,0,407.4426879882813
49111.0,8.0,49,61,5,15.100236600231431,-2.291744207844319,0.37888543819998316,0,407.4426879882813
49111.0,8.0,49,62,2,34.13432280013711,-2.6423224105974863,0.4242640687119285,0,407.4426879882813
49111.0,8.0,49,63,4,25.803092373430218,-2.45568746240845,0.4242640687119285,0,407.4426879882813
49111.0,8.0,49,64,1,40.96654995452595,-2.5935868869300633,0.3414213562373095,0,407.4426879882813
49111.0,8.0,49,65,2,32.84670148103889,-2.4343028193558243,0.382842712474619,0,407.4426879882813
49111.0,8.0,49,66,4,26.06824468951247,-2.182387143359744,0.3414213562373095,0,407.4426879882813
49111.0,8.0,50,1,1,32.54089508566613,0.9454608325914277,0.613407053921902,0,407.6939086914063
49111.0,8.0,50,2,4,28.241200283320794,1.0884689251244803,0.682842712474619,0,407.6939086914063
49111.0,8.0,50,3,2,29.15303761070367,0.9169253433857675,0.8513997106635237,0,407.6939086914063
49111.0,8.0,50,4,1,30.858285928086918,0.760056622419108,0.682842712474619,0,407.6939086914063
49111.0,8.0,50,5,4,26.137893205574052,0.9838230438367918,0.848528137423857,0,407.6939086914063
49111.0,8.0,50,6,2,27.577593617182384,0.8052401376444241,0.848528137423857,0,407.6939086914063
49111.0,8.0,50,7,5,23.121318616786553,1.2185698177046747,0.613407053921902,0,407.6939086914063
49111.0,8.0,50,8,5,23.269708217356005,1.0676703429571903,0.8513997106635237,0,407.6939086914063
49111.0,8.0,50,9,2,24.36828941492098,0.8624691271500421,0.848528137423857,0,407.6939086914063
49111.0,8.0,50,10,2,26.3846117556771,0.6817792582475796,0.8513997106635237,0,407.6939086914063
49111.0,8.0,50,11,1,28.240603453887793,0.5730181350232078,0.613407053921902,0,407.6939086914063
49111.0,8.0,50,12,4,21.262722974827124,0.936722405334769,0.848528137423857,0,407.6939086914063
49111.0,8.0,50,13,4,23.00951100724884,0.724516848983492,0.848528137423857,0,407.6939086914063
49111.0,8.0,50,14,5,18.313744772687333,1.0355941448200916,0.682842712474619,0,407.6939086914063
49111.0,8.0,50,15,5,19.690796227872475,0.781796816582523,0.8513997106635237,0,407.6939086914063
49111.0,8.0,50,16,4,22.137336438154914,0.5725590951892022,0.682842712474619,0,407.6939086914063
49111.0,8.0,50,17,5,16.529283258579902,0.6985391474068255,0.613407053921902,0,407.6939086914063
49111.0,8.0,50,18,1,44.13690628990462,1.7141990031810712,0.37888543819998316,0,407.6939086914063
49111.0,8.0,50,19,1,46.23107187752779,1.957928034570577,0.3414213562373095,0,407.6939086914063
49111.0,8.0,50,20,2,39.89962937073563,1.7774609384264242,0.482842712474619,0,407.6939086914063
49111.0,8.0,50,21,4,35.30791470618165,1.54022448848793,0.3414213562373095,0,407.6939086914063
49111.0,8.0,50,22,2,39.160696399730334,1.9556025544420086,0.4242640687119285,0,407.6939086914063
49111.0,8.0,50,23,4,32.988309436659236,1.7362630959979013,0.4242640687119285,0,407.6939086914063
49111.0,8.0,50,24,1,43.84980789710681,2.201145185339191,0.37888543819998316,0,407.6939086914063
49111.0,8.0,50,25,2,39.688031711104486,2.1347041956803467,0.482842712474619,0,407.6939086914063
49111.0,8.0,50,26,2,32.090626015685075,1.9522523691532707,0.4242640687119285,0,407.6939086914063
49111.0,8.0,50,27,5,26.1625055194546,1.6734099344669051,0.482842712474619,0,407.6939086914063
49111.0,8.0,50,28,5,24.224180141832598,1.4900725425325718,0.4538461538461539,0,407.6939086914063
49111.0,8.0,50,29,4,32.7320637398308,2.169959651251425,0.4242640687119285,0,407.6939086914063
49111.0,8.0,50,30,4,25.021119352364618,1.9470089608597339,0.4242640687119285,0,407.6939086914063
49111.0,8.0,50,31,4,34.8276860451298,2.3703145177785188,0.3414213562373095,0,407.6939086914063
49111.0,8.0,50,32,5,25.838655774537845,2.224127102793785,0.482842712474619,0,407.6939086914063
49111.0,8.0,50,33,5,17.95284237139029,1.9376362975407293,0.3414213562373095,0,407.6939086914063
49111.0,8.0,50,34,5,23.69704748092692,2.406971623384568,0.4308640753373011,0,407.6939086914063
49111.0,8.0,50,35,5,7.151592821120399,0.7932207998823105,0.4815389220537701,0,407.6939086914063
49111.0,8.0,50,36,5,3.8471834301745242,1.8154191305954401,0.46911412444492573,1,407.6939086914063
49111.0,8.0,50,38,4,8.334820773258302,-0.0031832765478133074,0.6466890965784271,0,407.6939086914063
49111.0,8.0,50,40,4,5.26869021837776,-0.26961482109552354,0.848528137423857,0,407.6939086914063
49111.0,8.0,50,41,5,6.068838561185447,-3.2100440727477078,0.4815389220537701,0,407.6939086914063
49111.0,8.0,50,43,2,3.3239969783561545,-0.9906905883286412,0.848528137423857,0,407.6939086914063
49111.0,8.0,50,44,2,7.961354432543825,-0.6252524713843581,0.8513997106635237,0,407.6939086914063
49111.0,8.0,50,45,1,11.391536785812098,-0.5521946217440041,0.613407053921902,0,407.6939086914063
49111.0,8.0,50,46,4,4.397591978232201,-1.9030793617909838,0.848528137423857,0,407.6939086914063
49111.0,8.0,50,47,2,6.831765781661177,-1.0835224326169461,0.848528137423857,0,407.6939086914063
49111.0,8.0,50,48,4,7.254562323248975,-2.2739388333564783,0.6466890965784271,0,407.6939086914063
49111.0,8.0,50,49,2,7.413695636480359,-1.578574723257932,0.8513997106635237,0,407.6939086914063
49111.0,8.0,50,50,1,10.358430937107814,-1.1132735814830137,0.682842712474619,0,407.6939086914063
49111.0,8.0,50,51,1,10.744888642751997,-1.69896390464825,0.613407053921902,0,407.6939086914063
49111.0,8.0,50,52,5,27.443210050995997,2.6426875871123916,0.4308640753373011,0,407.6939086914063
49111.0,8.0,50,53,4,37.31454526058714,-3.47627034300856,0.3414213562373095,0,407.6939086914063
49111.0,8.0,50,54,5,27.332100266560833,-3.457724121232643,0.482842712474619,0,407.6939086914063
49111.0,8.0,50,55,5,17.369862462272504,-3.417874217567508,0.3414213562373095,0,407.6939086914063
49111.0,8.0,50,56,4,32.99429380318841,-3.3165644433097197,0.4242640687119285,0,407.6939086914063
49111.0,8.0,50,57,4,23.308621592622035,-3.2268350970963673,0.4242640687119285,0,407.6939086914063
49111.0,8.0,50,58,2,39.1178110604479,-3.2181026324288227,0.382842712474619,0,407.6939086914063
49111.0,8.0,50,59,2,29.746790736780813,-3.115731648274682,0.4242640687119285,0,407.6939086914063
49111.0,8.0,50,60,5,20.965208706682546,-2.9238820849156175,0.482842712474619,0,407.6939086914063
49111.0,8.0,50,61,5,17.084325699401248,-2.7571110186113916,0.37888543819998316,0,407.6939086914063
49111.0,8.0,50,62,2,36.42047882342586,-3.0447134329961503,0.4242640687119285,0,407.6939086914063
49111.0,8.0,50,63,4,27.948518649555297,-2.8779984356843116,0.4242640687119285,0,407.6939086914063
49111.0,8.0,50,64,1,43.22072415308881,-2.995856579389883,0.3414213562373095,0,407.6939086914063
49111.0,8.0,50,65,2,34.9671190305167,-2.8504941957053394,0.382842712474619,0,407.6939086914063
49111.0,8.0,50,66,4,27.881316867595256,-2.624019769513188,0.3414213562373095,0,407.6939086914063
49111.0,8.0,51,1,1,29.351299979253028,-0.6182840566241439,0.613407053921902,0,407.9894104003906
49111.0,8.0,51,2,4,25.034643406386202,-0.4589443947552072,0.682842712474619,0,407.9894104003906
49111.0,8.0,51,3,2,25.975920029384476,-0.6518086493448978,0.8513997106635237,0,407.9894104003906
49111.0,8.0,51,4,1,27.79862356774233,-0.8252907798871374,0.682842712474619,0,407.9894104003906
49111.0,8.0,51,5,4,22.93682107132865,-0.5777775798663798,0.848528137423857,0,407.9894104003906
49111.0,8.0,51,6,2,24.47678107403438,-0.7788795893142009,0.848528137423857,0,407.9894104003906
49111.0,8.0,51,7,5,19.964632847154277,-0.306814577729158,0.613407053921902,0,407.9894104003906
49111.0,8.0,51,8,5,20.06108422651464,-0.4818596206098349,0.8513997106635237,0,407.9894104003906
49111.0,8.0,51,9,2,21.22409364923214,-0.7180760917816815,0.848528137423857,0,407.9894104003906
49111.0,8.0,51,10,2,23.41959013559882,-0.9199088039328038,0.8513997106635237,0,407.9894104003906
49111.0,8.0,51,11,1,25.433004890124185,-1.0372812289085422,0.613407053921902,0,407.9894104003906
49111.0,8.0,51,12,4,18.077928275013832,-0.6357082365939988,0.848528137423857,0,407.9894104003906
49111.0,8.0,51,13,4,19.995663069891084,-0.8791796229918991,0.848528137423857,0,407.9894104003906
49111.0,8.0,51,14,5,15.104993551859366,-0.5198445602563087,0.682842712474619,0,407.9894104003906
49111.0,8.0,51,15,5,16.61854028155826,-0.8217665714279219,0.8513997106635237,0,407.9894104003906
49111.0,8.0,51,16,4,19.344015404714607,-1.056098953787261,0.682842712474619,0,407.9894104003906
49111.0,8.0,51,17,5,13.561913286503989,-0.935398826246542,0.613407053921902,0,407.9894104003906
49111.0,8.0,51,18,1,41.65609986938061,0.20939072084331767,0.37888543819998316,0,407.9894104003906
49111.0,8.0,51,19,1,44.32735368155973,0.4627156942503785,0.3414213562373095,0,407.9894104003906
49111.0,8.0,51,20,2,37.562539666351235,0.2819871151715667,0.482842712474619,0,407.9894104003906
49111.0,8.0,51,21,4,32.51114405803544,0.03438972541500185,0.3414213562373095,0,407.9894104003906
49111.0,8.0,51,22,2,37.26450140759362,0.47109999850056306,0.4242640687119285,0,407.9894104003906
49111.0,8.0,51,23,4,30.572424943610052,0.2505021543950925,0.4242640687119285,0,407.9894104003906
49111.0,8.0,51,24,1,42.64184204790903,0.7176248348778291,0.37888543819998316,0,407.9894104003906
49111.0,8.0,51,25,2,38.29284194372212,0.6565638599440693,0.482842712474619,0,407.9894104003906
49111.0,8.0,51,26,2,30.205493637797197,0.48340435107814694,0.4242640687119285,0,407.9894104003906
49111.0,8.0,51,27,5,23.63052999149892,0.20044175666848196,0.482842712474619,0,407.9894104003906
49111.0,8.0,51,28,5,21.363918146426034,0.001761831729071961,0.4538461538461539,0,407.9894104003906
49111.0,8.0,51,29,4,31.46538613895186,0.7095801349253155,0.4242640687119285,0,407.9894104003906
49111.0,8.0,51,30,4,23.153846908223844,0.5032081429791802,0.4242640687119285,0,407.9894104003906
49111.0,8.0,51,31,4,34.172638233588,0.9091202751527325,0.3414213562373095,0,407.9894104003906
49111.0,8.0,51,32,5,24.774973372736525,0.7915769374386306,0.482842712474619,0,407.9894104003906
49111.0,8.0,51,33,5,16.119224776518468,0.540324169028102,0.3414213562373095,0,407.9894104003906
49111.0,8.0,51,34,5,23.227419905753678,0.9900992501376507,0.4308640753373011,0,407.9894104003906
49111.0,8.0,51,35,5,4.129456244595577,-0.9580584482900235,0.43533959677349143,1,407.9894104003906
49111.0,8.0,51,38,4,7.3018539197227055,-1.9474527150574448,0.6466890965784271,0,407.9894104003906
49111.0,8.0,51,40,4,5.4466879982369365,-2.429347611153612,0.848528137423857,0,407.9894104003906
49111.0,8.0,51,41,5,8.008755404281127,-4.393552935264518,0.43533959677349143,0,407.9894104003906
49111.0,8.0,51,43,2,5.569178542236435,-3.082445763958166,0.848528137423857,0,407.9894104003906
49111.0,8.0,51,44,2,8.889926913274836,-2.544747199284474,0.8513997106635237,0,407.9894104003906
49111.0,8.0,51,45,1,11.93278409027044,-2.3766342278775117,0.613407053921902,0,407.9894104003906
49111.0,8.0,51,46,4,7.573974459983028,-3.534684744955851,0.848528137423857,0,407.9894104003906
49111.0,8.0,51,47,2,8.965497198066414,-2.9433109972378015,0.848528137423857,0,407.9894104003906
49111.0,8.0,51,48,4,10.426621150000784,-3.770262393397558,0.6466890965784271,0,407.9894104003906
49111.0,8.0,51,49,2,10.330996055255524,-3.2838124324963633,0.8513997106635237,0,407.9894104003906
49111.0,8.0,51,50,1,12.439635460163883,-2.8811816961185333,0.682842712474619,0,407.9894104003906
49111.0,8.0,51,51,1,13.765140405916101,-3.3404871888501226,0.613407053921902,0,407.9894104003906
49111.0,8.0,51,52,5,27.698586867357317,-5.07669379762967,0.4308640753373011,0,407.9894104003906
49111.0,8.0,51,53,4,38.03807753463383,-4.945548817519267,0.3414213562373095,0,407.9894104003906
49111.0,8.0,51,54,5,28.158931874397112,-4.898184289802328,0.482842712474619,0,407.9894104003906
49111.0,8.0,51,55,5,18.410745397268972,-4.800205270267984,0.3414213562373095,0,407.9894104003906
49111.0,8.0,51,56,4,34.21438474205366,-4.780483978129857,0.4242640687119285,0,407.9894104003906
49111.0,8.0,51,57,4,24.832523533732886,-4.661666195978147,0.4242640687119285,0,407.9894104003906
49111.0,8.0,51,58,2,40.599541897016664,-4.698947721290079,0.382842712474619,0,407.9894104003906
49111.0,8.0,51,59,2,31.533361762167612,-4.580951071986095,0.4242640687119285,0,407.9894104003906
49111.0,8.0,51,60,5,23.246139589184644,-4.373870149136115,0.482842712474619,0,407.9894104003906
49111.0,8.0,51,61,5,19.70781714670397,-4.208631523637403,0.37888543819998316,0,407.9894104003906
49111.0,8.0,51,62,2,38.367324417974096,-4.528742729883032,0.4242640687119285,0,407.9894104003906
49111.0,8.0,51,63,4,30.299862784676012,-4.35521993136311,0.4242640687119285,0,407.9894104003906
49111.0,8.0,51,64,1,45.27416771144897,-4.4923882398381965,0.3414213562373095,0,407.9894104003906
49111.0,8.0,51,65,2,37.36014405406558,-4.343615849710215,0.382842712474619,0,407.9894104003906
49111.0,8.0,51,66,4,30.688930667533114,-4.1231652883987335,0.3414213562373095,0,407.9894104003906
49111.0,8.0,52,1,1,26.241595211852932,-0.06968058553058643,0.613407053921902,0,408.38470458984375
49111.0,8.0,52,2,4,21.68482489326838,0.10073455149358757,0.682842712474619,0,408.38470458984375
49111.0,8.0,52,3,2,22.937436040685174,-0.11673619131368373,0.8513997106635237,0,408.38470458984375
49111.0,8.0,52,4,1,25.140014192305742,-0.30393457304147065,0.682842712474619,0,408.38470458984375
49111.0,8.0,52,5,4,19.77019717363821,-0.0429379854823948,0.848528137423857,0,408.38470458984375
49111.0,8.0,52,6,2,21.719922600077176,-0.26558457689690584,0.848528137423857,0,408.38470458984375
49111.0,8.0,52,7,5,16.468739521298332,0.2686234373937,0.613407053921902,0,408.38470458984375
49111.0,8.0,52,8,5,16.750982671131304,0.058195899405036,0.8513997106635237,0,408.38470458984375
49111.0,8.0,52,9,2,18.3436572666781,-0.21301451221272827,0.848528137423857,0,408.38470458984375
49111.0,8.0,52,10,2,21.032929025367896,-0.4280257098640412,0.8513997106635237,0,408.38470458984375
49111.0,8.0,52,11,1,23.37220876199618,-0.5455137007535877,0.613407053921902,0,408.38470458984375
49111.0,8.0,52,12,4,15.040760821227144,-0.13706157598102853,0.848528137423857,0,408.38470458984375
49111.0,8.0,52,13,4,17.524806063125848,-0.40513843528564353,0.848528137423857,0,408.38470458984375
49111.0,8.0,52,14,5,11.87262440429118,-0.019553952633586835,0.682842712474619,1,408.38470458984375
49111.0,8.0,52,15,5,14.030450873517271,-0.37082457951137615,0.8513997106635237,0,408.38470458984375
49111.0,8.0,52,16,4,17.399652099481546,-0.6078271230811045,0.682842712474619,0,408.38470458984375
49111.0,8.0,52,17,5,11.351572779661945,-0.5495444915854057,0.613407053921902,0,408.38470458984375
49111.0,8.0,52,18,1,38.3410008178451,0.851981633628691,0.37888543819998316,0,408.38470458984375
49111.0,8.0,52,19,1,41.456090633020445,1.1221304437235762,0.3414213562373095,0,408.38470458984375
49111.0,8.0,52,20,2,34.35689353697199,0.9352438904569544,0.482842712474619,0,408.38470458984375
49111.0,8.0,52,21,4,29.02042068007371,0.6666056178730246,0.3414213562373095,0,408.38470458984375
49111.0,8.0,52,22,2,34.42187650083658,1.1412169510208916,0.4242640687119285,0,408.38470458984375
49111.0,8.0,52,23,4,27.32497511026255,0.9109922106989943,0.4242640687119285,0,408.38470458984375
49111.0,8.0,52,24,1,40.41584699963683,1.3949305307292137,0.37888543819998316,0,408.38470458984375
49111.0,8.0,52,25,2,35.907311653295125,1.338176860009327,0.482842712474619,0,408.38470458984375
49111.0,8.0,52,26,2,27.40663629678925,1.1700900264934766,0.4242640687119285,0,408.38470458984375
49111.0,8.0,52,27,5,20.320245964114417,0.8699806845023763,0.482842712474619,0,408.38470458984375
49111.0,8.0,52,28,5,17.855159968785472,0.6411042857459057,0.4538461538461539,0,408.38470458984375
49111.0,8.0,52,29,4,29.250524122355557,1.4117786266447714,0.4242640687119285,0,408.38470458984375
49111.0,8.0,52,30,4,20.429925216948945,1.218749999958438,0.4242640687119285,0,408.38470458984375
49111.0,8.0,52,31,4,32.55860269975545,1.6146368030059028,0.3414213562373095,0,408.38470458984375
49111.0,8.0,52,32,5,22.844064714891363,1.5276236489717296,0.482842712474619,0,408.38470458984375
49111.0,8.0,52,33,5,13.551382794230507,1.317281601387856,0.3414213562373095,0,408.38470458984375
49111.0,8.0,52,34,5,21.95939622337039,1.747786481538095,0.4308640753373011,0,408.38470458984375
49111.0,8.0,52,38,4,8.828642087244745,-1.7392307143146453,0.6466890965784271,0,408.38470458984375
49111.0,8.0,52,40,4,8.226763960919161,-2.1509289021139315,0.848528137423857,0,408.38470458984375
49111.0,8.0,52,41,5,10.106630938928593,-3.46282165711097,0.43533959677349143,0,408.38470458984375
49111.0,8.0,52,43,2,9.078236030897601,-2.550652953676618,0.848528137423857,0,408.38470458984375
49111.0,8.0,52,44,2,11.760472392786713,-2.139379758540146,0.8513997106635237,0,408.38470458984375
49111.0,8.0,52,45,1,14.393913641871906,-1.961953013696634,0.613407053921902,0,408.38470458984375
49111.0,8.0,52,46,4,11.052108106451751,-2.8445442130837124,0.848528137423857,0,408.38470458984375
49111.0,8.0,52,47,2,12.371072510720627,-2.429103197313683,0.848528137423857,0,408.38470458984375
49111.0,8.0,52,48,4,13.670545627761372,-3.0381186547430405,0.6466890965784271,0,408.38470458984375
49111.0,8.0,52,49,2,13.884457469757924,-2.6735132901944025,0.8513997106635237,0,408.38470458984375
49111.0,8.0,52,50,1,15.769353211160173,-2.3592437636801273,0.682842712474619,0,408.38470458984375
49111.0,8.0,52,51,1,17.314237265536622,-2.718507979505212,0.613407053921902,0,408.38470458984375
49111.0,8.0,52,52,5,27.141933070859046,-4.3380345692031455,0.4308640753373011,0,408.38470458984375
49111.0,8.0,52,53,4,37.88482067638963,-4.241422029219549,0.3414213562373095,0,408.38470458984375
49111.0,8.0,52,54,5,28.232044216099926,-4.161525433449968,0.482842712474619,0,408.38470458984375
49111.0,8.0,52,55,5,18.942993521548892,-4.001221423808529,0.3414213562373095,0,408.38470458984375
49111.0,8.0,52,56,4,34.662916336451545,-4.067507497482933,0.4242640687119285,0,408.38470458984375
49111.0,8.0,52,57,4,25.75473649419581,-3.9152920744075717,0.4242640687119285,0,408.38470458984375
49111.0,8.0,52,58,2,41.303598115368324,-4.003294396245468,0.382842712474619,0,408.38470458984375
49111.0,8.0,52,59,2,32.67684042580432,-3.8655189599579147,0.4242640687119285,0,408.38470458984375
49111.0,8.0,52,60,5,25.091125585575107,-3.6374659954139155,0.482842712474619,0,408.38470458984375
49111.0,8.0,52,61,5,22.03313242868369,-3.4690225243199357,0.37888543819998316,0,408.38470458984375
49111.0,8.0,52,62,2,39.65154913167325,-3.833197717005431,0.4242640687119285,0,408.38470458984375
49111.0,8.0,52,63,4,32.156399541601665,-3.6475413518119284,0.4242640687119285,0,408.38470458984375
49111.0,8.0,52,64,1,46.65527619540491,-3.8105622835646056,0.3414213562373095,0,408.38470458984375
49111.0,8.0,52,65,2,39.22376167334207,-3.6539864120252457,0.382842712474619,0,408.38470458984375
49111.0,8.0,52,66,4,33.17065213023042,-3.4328599714085497,0.3414213562373095,0,408.38470458984375
49111.0,8.0,53,1,1,17.97607989049742,-0.6636452037914049,0.613407053921902,0,409.2228088378906
49111.0,8.0,53,2,4,13.781893572556509,-0.38101209145846693,0.682842712474619,0,409.2228088378906
49111.0,8.0,53,3,2,14.642980903189184,-0.7294798539425968,0.8513997106635237,0,409.2228088378906
49111.0,8.0,53,4,1,16.996858210182605,-1.0100162256753802,0.682842712474619,0,409.2228088378906
49111.0,8.0,53,5,4,11.544252671014751,-0.5984550585649899,0.848528137423857,0,409.2228088378906
49111.0,8.0,53,6,2,13.518360441196998,-0.9682866385645476,0.848528137423857,0,409.2228088378906
49111.0,8.0,53,7,5,9.473079764953807,-0.00041921189211713283,0.6034068236642477,0,409.2228088378906
49111.0,8.0,53,8,5,8.781950223799912,-0.3788486076654052,0.8513997106635237,0,409.2228088378906
49111.0,8.0,53,9,2,10.079630400921852,-0.8978820564321361,0.848528137423857,0,409.2228088378906
49111.0,8.0,53,10,2,13.269334885557628,-1.2323761964758135,0.8513997106635237,0,409.2228088378906
49111.0,8.0,53,11,1,16.061091426338333,-1.3771014176552228,0.613407053921902,0,409.2228088378906
49111.0,8.0,53,12,4,6.741797165463829,-0.7563544329706844,0.848528137423857,1,409.2228088378906
49111.0,8.0,53,13,4,9.743106707110664,-1.2549220975712005,0.848528137423857,0,409.2228088378906
49111.0,8.0,53,15,5,6.227439948101701,-1.302976986044648,0.8513997106635237,0,409.2228088378906
49111.0,8.0,53,16,4,10.642241662032562,-1.5923124785064786,0.682842712474619,0,409.2228088378906
49111.0,8.0,53,17,5,4.955648273317059,-1.8987144467834658,0.6034068236642477,0,409.2228088378906
49111.0,8.0,53,18,1,34.54265443534676,0.4265984542952779,0.37888543819998316,0,409.2228088378906
49111.0,8.0,53,19,1,39.76712758241446,0.6940922601121933,0.3414213562373095,0,409.2228088378906
49111.0,8.0,53,20,2,31.31097307219637,0.542674403050557,0.482842712474619,0,409.2228088378906
49111.0,8.0,53,21,4,24.06926740263574,0.2908027578100356,0.3414213562373095,0,409.2228088378906
49111.0,8.0,53,22,2,33.06180265396826,0.7560078045663012,0.4242640687119285,0,409.2228088378906
49111.0,8.0,53,23,4,24.331777438192216,0.583839553234722,0.4242640687119285,0,409.2228088378906
49111.0,8.0,53,24,1,41.00380781642346,0.9701420601691699,0.37888543819998316,0,409.2228088378906
49111.0,8.0,53,25,2,36.13569640579905,0.9405035601490728,0.482842712474619,0,409.2228088378906
49111.0,8.0,53,26,2,26.546961281921817,0.8488307659762573,0.4242640687119285,0,409.2228088378906
49111.0,8.0,53,27,5,17.4268112939698,0.6578481563479055,0.482842712474619,0,409.2228088378906
49111.0,8.0,53,28,5,13.348035479482439,0.4679453202270707,0.4538461538461539,0,409.2228088378906
49111.0,8.0,53,29,4,30.289386149375694,1.0608021968005923,0.4242640687119285,0,409.2228088378906
49111.0,8.0,53,30,4,20.405869544760144,0.9995779216835976,0.4242640687119285,0,409.2228088378906
49111.0,8.0,53,31,4,35.07353237568364,-5.062461099703159,0.3414213562373095,0,409.2228088378906
49111.0,8.0,53,32,5,25.08197105252906,-5.048612896734989,0.482842712474619,0,409.2228088378906
49111.0,8.0,53,33,5,15.10158503110462,-5.016445833538064,0.3414213562373095,0,409.2228088378906
49111.0,8.0,53,34,5,25.812542129126506,-4.853909361467004,0.4308640753373011,0,409.2228088378906
49111.0,8.0,53,38,4,12.260798757474475,-3.111030371722281,0.6466890965784271,0,409.2228088378906
49111.0,8.0,53,40,4,13.934850776824119,-3.349840617727856,0.848528137423857,0,409.2228088378906
49111.0,8.0,53,41,5,18.335027608035205,-4.011677613499777,0.43533959677349143,0,409.2228088378906
49111.0,8.0,53,43,2,16.218290482459114,-3.529633752932533,0.848528137423857,0,409.2228088378906
49111.0,8.0,53,44,2,16.956097589342676,-3.2303062973815013,0.8513997106635237,0,409.2228088378906
49111.0,8.0,53,45,1,18.286406288810127,-3.0461982300040518,0.613407053921902,0,409.2228088378906
49111.0,8.0,53,46,4,18.8914220262661,-3.661926483236263,0.848528137423857,0,409.2228088378906
49111.0,8.0,53,47,2,18.877556130505365,-3.396380411531813,0.848528137423857,0,409.2228088378906
49111.0,8.0,53,48,4,21.81143521585776,-3.760166419839227,0.6466890965784271,0,409.2228088378906
49111.0,8.0,53,49,2,21.218270557739825,-3.528872834412116,0.8513997106635237,0,409.2228088378906
49111.0,8.0,53,50,1,21.787411611922547,-3.2973195609215313,0.682842712474619,0,409.2228088378906
49111.0,8.0,53,51,1,24.71826140656066,-3.528523353616584,0.613407053921902,0,409.2228088378906
49111.0,8.0,53,52,5,32.07792217663212,-4.739931613866768,0.4308640753373011,0,409.2228088378906
49111.0,8.0,53,53,4,43.21137063188709,-4.712456156640716,0.3414213562373095,0,409.2228088378906
49111.0,8.0,53,54,5,34.149306734662886,-4.602327304549352,0.482842712474619,0,409.2228088378906
49111.0,8.0,53,55,5,25.790070744956655,-4.417121741731625,0.3414213562373095,0,409.2228088378906
49111.0,8.0,53,56,4,40.974149295137636,-4.552872540171646,0.4242640687119285,0,409.2228088378906
49111.0,8.0,53,57,4,32.83037479274346,-4.394477934676831,0.4242640687119285,0,409.2228088378906
49111.0,8.0,53,58,2,47.87051984742138,-4.517600149412672,0.382842712474619,0,409.2228088378906
49111.0,8.0,53,59,2,39.881565528877395,-4.379835672271785,0.4242640687119285,0,409.2228088378906
49111.0,8.0,53,60,5,33.00745169815324,-4.179327202472475,0.482842712474619,0,409.2228088378906
49111.0,8.0,53,61,5,30.231906438261674,-4.0475766026795945,0.37888543819998316,0,409.2228088378906
49111.0,8.0,53,62,2,46.93873697742918,-4.369594617245507,0.4242640687119285,0,409.2228088378906
49111.0,8.0,53,63,4,40.02746091882491,-4.2026634672443794,0.4242640687119285,0,409.2228088378906
49111.0,8.0,53,64,1,53.999544341025825,-4.36203110783165,0.3414213562373095,0,409.2228088378906
49111.0,8.0,53,65,2,47.062760093413466,-4.219029594184029,0.382842712474619,0,409.2228088378906
49111.0,8.0,53,66,4,41.39874377540904,-4.032049255868707,0.3414213562373095,0,409.2228088378906
49111.0,8.0,54,1,1,14.268961154913578,0.2147468986088974,0.613407053921902,0,409.4790954589844
49111.0,8.0,54,2,4,10.183301658803853,0.593134981762568,0.682842712474619,0,409.4790954589844
49111.0,8.0,54,3,2,10.968697921367555,0.12155560970744328,0.8513997106635237,0,409.4790954589844
49111.0,8.0,54,4,1,13.672053083067976,-0.2236284621627953,0.682842712474619,0,409.4790954589844
49111.0,8.0,54,5,4,7.827034577341877,0.2968038207270911,0.848528137423857,0,409.4790954589844
49111.0,8.0,54,6,2,10.14273985128875,-0.20582594819898203,0.848528137423857,0,409.4790954589844
49111.0,8.0,54,7,5,6.733031669937903,1.2109097682451455,0.6034068236642477,0,409.4790954589844
49111.0,8.0,54,8,5,5.216570373300615,0.672161083656746,0.7685569981889047,0,409.4790954589844
49111.0,8.0,54,9,2,6.620068570310533,-0.16905307824675242,0.848528137423857,0,409.4790954589844
49111.0,8.0,54,10,2,10.50894900985008,-0.5481027409232468,0.8513997106635237,0,409.4790954589844
49111.0,8.0,54,11,1,13.668097902884655,-0.6738922432023202,0.613407053921902,0,409.4790954589844
49111.0,8.0,54,13,4,7.1685525370413075,-0.6816587625299726,0.848528137423857,0,409.4790954589844
49111.0,8.0,54,15,5,4.163926231456767,-1.0243982930658806,0.7685569981889047,1,409.4790954589844
49111.0,8.0,54,16,4,9.162476907312202,-1.0438877708805838,0.682842712474619,0,409.4790954589844
49111.0,8.0,54,17,5,5.342973265027071,-1.7381153323515202,0.6034068236642477,0,409.4790954589844
49111.0,8.0,54,18,1,32.76599118023623,1.4191808702960855,0.37888543819998316,0,409.4790954589844
49111.0,8.0,54,19,1,38.90883895693481,1.681561509489222,0.3414213562373095,0,409.4790954589844
49111.0,8.0,54,20,2,29.952014152786433,1.5512052740771864,0.482842712474619,0,409.4790954589844
49111.0,8.0,54,21,4,21.916855491624478,1.3183407757841141,0.3414213562373095,0,409.4790954589844
49111.0,8.0,54,22,2,32.465726915904774,1.7635483813152184,0.4242640687119285,0,409.4790954589844
49111.0,8.0,54,23,4,23.17862866974953,1.6282716659864953,0.4242640687119285,0,409.4790954589844
49111.0,8.0,54,24,1,41.162009124087625,1.956062302443078,0.37888543819998316,0,409.4790954589844
49111.0,8.0,54,25,2,36.20668027515762,1.9387878559365699,0.482842712474619,0,409.4790954589844
49111.0,8.0,54,26,2,26.346709460187235,1.8847878500652182,0.4242640687119285,0,409.4790954589844
49111.0,8.0,54,27,5,16.6545640054476,1.7671790547175095,0.482842712474619,0,409.4790954589844
49111.0,8.0,54,28,5,11.999466805969607,1.6380032816488719,0.4538461538461539,0,409.4790954589844
49111.0,8.0,54,29,4,30.83908837415439,2.076652741652267,0.4242640687119285,0,409.4790954589844
49111.0,8.0,54,30,4,20.839260413482425,2.0743388917723786,0.4242640687119285,0,409.4790954589844
49111.0,8.0,54,31,4,36.165586461694346,-4.0671638183134515,0.3414213562373095,0,409.4790954589844
49111.0,8.0,54,32,5,26.290208195263887,-4.016118375163028,0.482842712474619,0,409.4790954589844
49111.0,8.0,54,33,5,16.56503696894008,-3.9044902107219004,0.3414213562373095,0,409.4790954589844
49111.0,8.0,54,34,5,27.65299297970693,-3.8374623114140105,0.4308640753373011,0,409.4790954589844
49111.0,8.0,54,38,4,15.423268233977355,-2.357724136150572,0.6466890965784271,0,409.4790954589844
49111.0,8.0,54,40,4,17.430643682948354,-2.5354620050761265,0.848528137423857,0,409.4790954589844
49111.0,8.0,54,41,5,21.93822880223864,-3.070630826551464,0.43533959677349143,0,409.4790954589844
49111.0,8.0,54,43,2,19.869007911483646,-2.67313985037017,0.848528137423857,0,409.4790954589844
49111.0,8.0,54,44,2,20.282755651109525,-2.4242841283702603,0.8513997106635237,0,409.4790954589844
49111.0,8.0,54,45,1,21.278370891443412,-2.2625932126569297,0.613407053921902,0,409.4790954589844
49111.0,8.0,54,46,4,22.599283430482746,-2.779193187634016,0.848528137423857,0,409.4790954589844
49111.0,8.0,54,47,2,22.412949671725666,-2.556725299333894,0.848528137423857,0,409.4790954589844
49111.0,8.0,54,48,4,25.527979703767873,-2.8616757643634854,0.6466890965784271,0,409.4790954589844
49111.0,8.0,54,49,2,24.86544689266614,-2.66465146922522,0.8513997106635237,0,409.4790954589844
49111.0,8.0,54,50,1,25.1972845875903,-2.465006705567662,0.682842712474619,0,409.4790954589844
49111.0,8.0,54,51,1,28.363700936615807,-2.66048918018198,0.613407053921902,0,409.4790954589844
49111.0,8.0,54,52,5,34.22847196567655,-3.7529078181241253,0.4308640753373011,0,409.4790954589844
49111.0,8.0,54,53,4,45.40788328097308,-3.749252861898885,0.3414213562373095,0,409.4790954589844
49111.0,8.0,54,54,5,36.67562224271738,-3.629767687529627,0.482842712474619,0,409.4790954589844
49111.0,8.0,54,55,5,28.780664858938493,-3.4405749202950586,0.3414213562373095,0,409.4790954589844
49111.0,8.0,54,56,4,43.61194262194578,-3.5954143666310623,0.4242640687119285,0,409.4790954589844
49111.0,8.0,54,57,4,35.8500619538087,-3.435789849833051,0.4242640687119285,0,409.4790954589844
49111.0,8.0,54,58,2,50.58558897185319,-3.570509806481879,0.382842712474619,0,409.4790954589844
49111.0,8.0,54,59,2,42.920009488131605,-3.4325811548280383,0.4242640687119285,0,409.4790954589844
49111.0,8.0,54,60,5,36.405392695222204,-3.2403536107806525,0.482842712474619,0,409.4790954589844
49111.0,8.0,54,61,5,33.79297735786762,-3.118731582732562,0.37888543819998316,0,409.4790954589844
49111.0,8.0,54,62,2,49.990273922341046,-3.430280070840676,0.4242640687119285,0,409.4790954589844
49111.0,8.0,54,63,4,43.3849385116854,-3.268888275023464,0.4242640687119285,0,409.4790954589844
49111.0,8.0,54,64,1,57.06073745755549,-3.428549239569909,0.3414213562373095,0,409.4790954589844
49111.0,8.0,54,65,2,50.39001053812261,-3.2895024453045965,0.382842712474619,0,409.4790954589844
49111.0,8.0,54,66,4,44.970863510323426,-3.112723245297693,0.3414213562373095,0,409.4790954589844
49111.0,8.0,55,1,1,11.07462141634461,0.07841141428050746,0.613407053921902,0,409.83441162109375
49111.0,8.0,55,2,4,7.8652562501427745,0.6420788627035465,0.682842712474619,0,409.83441162109375
49111.0,8.0,55,3,2,7.676552572746343,-0.012563039143809851,0.8513997106635237,0,409.83441162109375
49111.0,8.0,55,4,1,10.295468076967992,-0.49636957149983496,0.682842712474619,0,409.83441162109375
49111.0,8.0,55,5,4,4.861394610644424,0.33937828033873796,0.848528137423857,0,409.83441162109375
49111.0,8.0,55,6,2,6.760204218966404,-0.49113173213073325,0.848528137423857,0,409.83441162109375
49111.0,8.0,55,7,5,6.718616915218254,1.4920758307936643,0.6034068236642477,0,409.83441162109375
49111.0,8.0,55,8,5,3.651966007326302,1.1498530052789162,0.7685569981889047,1,409.83441162109375
49111.0,8.0,55,9,2,3.225532396426259,-0.47441254682528666,0.848528137423857,0,409.83441162109375
49111.0,8.0,55,10,2,7.580980329886356,-0.9762519481781314,0.8513997106635237,0,409.83441162109375
49111.0,8.0,55,11,1,10.962130505852127,-1.0754944857360964,0.613407053921902,0,409.83441162109375
49111.0,8.0,55,13,4,4.709029721756702,-1.3231024186616565,0.848528137423857,0,409.83441162109375
49111.0,8.0,55,16,4,7.67762089454674,-1.6438387197515156,0.6466890965784271,0,409.83441162109375
49111.0,8.0,55,17,5,6.531529603808893,-2.517940675117498,0.43533959677349143,0,409.83441162109375
49111.0,8.0,55,18,1,32.76548547778979,1.291682920680005,0.37888543819998316,0,409.83441162109375
49111.0,8.0,55,19,1,39.76074988465451,1.5339100324358772,0.3414213562373095,0,409.83441162109375
49111.0,8.0,55,20,2,30.41466157026099,1.4315861911750534,0.482842712474619,0,409.83441162109375
49111.0,8.0,55,21,4,21.66070279277585,1.2429700398735295,0.3414213562373095,0,409.83441162109375
49111.0,8.0,55,22,2,33.60742529189106,1.6292484727120606,0.4242640687119285,0,409.83441162109375
49111.0,8.0,55,23,4,23.94981089264581,1.5377727356008526,0.4242640687119285,0,409.83441162109375
49111.0,8.0,55,24,1,42.85789574331478,1.7948904188641763,0.37888543819998316,0,409.83441162109375
49111.0,8.0,55,25,2,37.8664288132188,1.7876422945459747,0.482842712474619,0,409.83441162109375
49111.0,8.0,55,26,2,27.89266638580873,1.765366738433146,0.4242640687119285,0,409.83441162109375
49111.0,8.0,55,27,5,17.948126508175758,1.7183569998869261,0.482842712474619,0,409.83441162109375
49111.0,8.0,55,28,5,13.007784157004211,1.667952595120096,0.4538461538461539,0,409.83441162109375
49111.0,8.0,55,29,4,32.89997316756585,-4.352818575107744,0.4242640687119285,0,409.83441162109375
49111.0,8.0,55,30,4,22.946516979053914,-4.317742891590905,0.4242640687119285,0,409.83441162109375
49111.0,8.0,55,31,4,38.55924831662413,-4.23372175659957,0.3414213562373095,0,409.83441162109375
49111.0,8.0,55,32,5,28.826204012782153,-4.164865337653875,0.482842712474619,0,409.83441162109375
49111.0,8.0,55,33,5,19.367096964439327,-4.027450739490366,0.3414213562373095,0,409.83441162109375
49111.0,8.0,55,34,5,30.535628986886692,-4.006326267122814,0.4308640753373011,0,409.83441162109375
49111.0,8.0,55,38,4,17.78489411251646,-2.7381803708815733,0.6466890965784271,0,409.83441162109375
49111.0,8.0,55,40,4,20.149594456258587,-2.877134950552243,0.848528137423857,0,409.83441162109375
49111.0,8.0,55,41,5,25.307026868500625,-3.325150723561837,0.43533959677349143,0,409.83441162109375
49111.0,8.0,55,43,2,22.819067792308058,-2.9852969973605434,0.848528137423857,0,409.83441162109375
49111.0,8.0,55,44,2,22.75471508131182,-2.7654480665746215,0.8513997106635237,0,409.83441162109375
49111.0,8.0,55,45,1,23.35538697810185,-2.6157374440594623,0.613407053921902,0,409.83441162109375
49111.0,8.0,55,46,4,25.69851266256892,-3.0700404235765912,0.848528137423857,0,409.83441162109375
49111.0,8.0,55,47,2,25.14917009743947,-2.8742411901559377,0.848528137423857,0,409.83441162109375
49111.0,8.0,55,48,4,28.724854242040625,-3.137330953246206,0.6466890965784271,0,409.83441162109375
49111.0,8.0,55,49,2,27.788207116476727,-2.963269704990728,0.8513997106635237,0,409.83441162109375
49111.0,8.0,55,50,1,27.735386391213957,-2.782931785193627,0.682842712474619,0,409.83441162109375
49111.0,8.0,55,51,1,31.27245872385137,-2.952019276388085,0.613407053921902,0,409.83441162109375
49111.0,8.0,55,52,5,37.24019379570041,-3.939681582304585,0.4308640753373011,0,409.83441162109375
49111.0,8.0,55,53,4,48.41665237019308,-3.9466189013070374,0.3414213562373095,0,409.83441162109375
49111.0,8.0,55,54,5,39.85356488169634,-3.828977614892711,0.482842712474619,0,409.83441162109375
49111.0,8.0,55,55,5,32.131620575735624,-3.6511864820673887,0.3414213562373095,0,409.83441162109375
49111.0,8.0,55,56,4,46.826424485498656,-3.8017911668591546,0.4242640687119285,0,409.83441162109375
49111.0,8.0,55,57,4,39.20265854683283,-3.650607669473629,0.4242640687119285,0,409.83441162109375
49111.0,8.0,55,58,2,53.82491455090882,-3.7816626339039128,0.382842712474619,0,409.83441162109375
49111.0,8.0,55,59,2,46.273705637825174,-3.650205752534991,0.4242640687119285,0,409.83441162109375
49111.0,8.0,55,60,5,39.81695920709605,-3.472071975858582,0.482842712474619,0,409.83441162109375
49111.0,8.0,55,61,5,37.18141261465571,-3.3615854345378215,0.37888543819998316,0,409.83441162109375
49111.0,8.0,55,62,2,53.34475822208422,-3.6499103868263507,0.4242640687119285,0,409.83441162109375
49111.0,8.0,55,63,4,46.795273658950634,-3.4985186494981892,0.4242640687119285,0,409.83441162109375
49111.0,8.0,55,64,1,60.4158143708181,-3.649684160201463,0.3414213562373095,0,409.83441162109375
49111.0,8.0,55,65,2,53.79781624873455,-3.5180913883244553,0.382842712474619,0,409.83441162109375
49111.0,8.0,55,66,4,48.35637951890179,-3.353411908735746,0.3414213562373095,0,409.83441162109375
49111.0,8.0,56,1,1,10.026605918659332,-0.5312217852984755,0.613407053921902,0,409.9100036621094
49111.0,8.0,56,2,4,6.6743310211588645,0.10280395883795324,0.6466890965784271,0,409.9100036621094
49111.0,8.0,56,3,2,6.698685948194809,-0.6635811666572078,0.8513997106635237,0,409.9100036621094
49111.0,8.0,56,4,1,9.756950972772266,-1.157885408501198,0.682842712474619,0,409.9100036621094
49111.0,8.0,56,5,4,3.7016336927314493,-0.2846697680759498,0.848528137423857,1,409.9100036621094
49111.0,8.0,56,6,2,6.247222650722778,-1.2125063096712028,0.848528137423857,0,409.9100036621094
49111.0,8.0,56,7,5,6.087183368439741,1.0962404781332202,0.47153869179611585,0,409.9100036621094
49111.0,8.0,56,9,2,2.8031213691750483,-1.4036958677796674,0.848528137423857,0,409.9100036621094
49111.0,8.0,56,10,2,7.6277905230063086,-1.6884935986684728,0.8513997106635237,0,409.9100036621094
49111.0,8.0,56,11,1,11.097800568565026,-1.7381907461292454,0.613407053921902,0,409.9100036621094
49111.0,8.0,56,13,4,5.197392310138511,-2.0991808355553423,0.848528137423857,0,409.9100036621094
49111.0,8.0,56,16,4,8.43612969558008,-2.3137313779439266,0.6466890965784271,0,409.9100036621094
49111.0,8.0,56,17,5,7.725422485052662,-3.083465386854723,0.43533959677349143,0,409.9100036621094
49111.0,8.0,56,18,1,31.88962226746723,0.7620073032166104,0.37888543819998316,0,409.9100036621094
49111.0,8.0,56,19,1,39.10603158893071,1.0044174921564657,0.3414213562373095,0,409.9100036621094
49111.0,8.0,56,20,2,29.663666400826536,0.9077045783836313,0.482842712474619,0,409.9100036621094
49111.0,8.0,56,21,4,20.750530162976634,0.7247056768938782,0.3414213562373095,0,409.9100036621094
49111.0,8.0,56,22,2,33.05438702297729,1.1061922543697114,0.4242640687119285,0,409.9100036621094
49111.0,8.0,56,23,4,23.30759316552971,1.0256099547871929,0.4242640687119285,0,409.9100036621094
49111.0,8.0,56,24,1,42.484423024650745,1.2666409599900865,0.37888543819998316,0,409.9100036621094
49111.0,8.0,56,25,2,37.486689618983604,1.2628688484580877,0.482842712474619,0,409.9100036621094
49111.0,8.0,56,26,2,27.493695573623626,1.251210958992638,0.4242640687119285,0,409.9100036621094
49111.0,8.0,56,27,5,17.50870337861058,1.2262490208079402,0.482842712474619,0,409.9100036621094
49111.0,8.0,56,28,5,12.525190331995303,1.1988518117918237,0.44328887294614544,0,409.9100036621094
49111.0,8.0,56,29,4,32.688877212598406,-4.871794837583651,0.4242640687119285,0,409.9100036621094
49111.0,8.0,56,30,4,22.786269794010025,-4.820776252582624,0.4242640687119285,0,409.9100036621094
49111.0,8.0,56,31,4,38.48664821136779,-4.757608162689284,0.3414213562373095,0,409.9100036621094
49111.0,8.0,56,32,5,28.842217117459224,-4.678261953571926,0.482842712474619,0,409.9100036621094
49111.0,8.0,56,33,5,19.55824342715204,-4.521649085425253,0.3414213562373095,0,409.9100036621094
49111.0,8.0,56,34,5,30.738552084124603,-4.522726853324162,0.4308640753373011,0,409.9100036621094
49111.0,8.0,56,38,4,18.968338707474057,-3.2835479804951833,0.6466890965784271,0,409.9100036621094
49111.0,8.0,56,40,4,21.298534500854295,-3.4159343130397666,0.848528137423857,0,409.9100036621094
49111.0,8.0,56,41,5,26.20407568294265,-3.849299669805781,0.43533959677349143,0,409.9100036621094
49111.0,8.0,56,43,2,23.92607929533593,-3.5207744217047003,0.848528137423857,0,409.9100036621094
49111.0,8.0,56,44,2,23.93288468403343,-3.3114453614195307,0.8513997106635237,0,409.9100036621094
49111.0,8.0,56,45,1,24.55119057186472,-3.169207372673994,0.613407053921902,0,409.9100036621094
49111.0,8.0,56,46,4,26.76353805103736,-3.60415042382986,0.848528137423857,0,409.9100036621094
49111.0,8.0,56,47,2,26.29852976616495,-3.416225053214781,0.848528137423857,0,409.9100036621094
49111.0,8.0,56,48,4,29.750910365431626,-3.6711750298804953,0.6466890965784271,0,409.9100036621094
49111.0,8.0,56,49,2,28.904019900776536,-3.5029338766544758,0.8513997106635237,0,409.9100036621094
49111.0,8.0,56,50,1,28.909653496315464,-3.329748170770753,0.682842712474619,0,409.9100036621094
49111.0,8.0,56,51,1,32.392621592099246,-3.4937099738411215,0.613407053921902,0,409.9100036621094
49111.0,8.0,56,52,5,37.51690260874004,-4.463427713378037,0.4308640753373011,0,409.9100036621094
49111.0,8.0,56,53,4,48.68112241543317,-4.477471340741544,0.3414213562373095,0,409.9100036621094
49111.0,8.0,56,54,5,40.25547263828197,-4.355730148353863,0.482842712474619,0,409.9100036621094
49111.0,8.0,56,55,5,32.72849637604127,-4.174099437313002,0.3414213562373095,0,409.9100036621094
49111.0,8.0,56,56,4,47.25634850955703,-4.33294312907885,0.4242640687119285,0,409.9100036621094
49111.0,8.0,56,57,4,39.79715909662134,-4.179209165037403,0.4242640687119285,0,409.9100036621094
49111.0,8.0,56,58,2,54.27542603777474,-4.316042911443051,0.382842712474619,0,409.9100036621094
49111.0,8.0,56,59,2,46.86654744364081,-4.182777452901452,0.4242640687119285,0,409.9100036621094
49111.0,8.0,56,60,5,40.58478368788126,-4.004135377921663,0.482842712474619,0,409.9100036621094
49111.0,8.0,56,61,5,38.04537246295076,-3.89446903791781,0.37888543819998316,0,409.9100036621094
49111.0,8.0,56,62,2,53.93637609639972,-4.185410325052233,0.4242640687119285,0,409.9100036621094
49111.0,8.0,56,63,4,47.537186119051654,-4.033505586002483,0.4242640687119285,0,409.9100036621094
49111.0,8.0,56,64,1,61.006491978620794,-4.1874329551877985,0.3414213562373095,0,409.9100036621094
49111.0,8.0,56,65,2,54.52011978382477,-4.055367370702167,0.382842712474619,0,409.9100036621094
49111.0,8.0,56,66,4,49.2249414316328,-3.8914351748162694,0.3414213562373095,0,409.9100036621094
49111.0,8.0,57,1,1,10.026605918659332,-0.5312217852984755,0.613407053921902,0,410.0082092285156
49111.0,8.0,57,2,4,6.6743310211588645,0.10280395883795324,0.5276927682076162,1,410.0082092285156
49111.0,8.0,57,3,2,6.698685948194809,-0.6635811666572078,0.7685569981889047,0,410.0082092285156
49111.0,8.0,57,4,1,9.756950972772266,-1.157885408501198,0.682842712474619,0,410.0082092285156
49111.0,8.0,57,6,2,6.247222650722778,-1.2125063096712028,0.848528137423857,0,410.0082092285156
49111.0,8.0,57,7,5,6.087183368439741,1.0962404781332202,0.43533959677349143,0,410.0082092285156
49111.0,8.0,57,9,2,2.8031213691750483,-1.4036958677796674,0.765685424949238,0,410.0082092285156
49111.0,8.0,57,10,2,7.6277905230063086,-1.6884935986684728,0.8513997106635237,0,410.0082092285156
49111.0,8.0,57,11,1,11.097800568565026,-1.7381907461292454,0.613407053921902,0,410.0082092285156
49111.0,8.0,57,13,4,5.197392310138511,-2.0991808355553423,0.848528137423857,0,410.0082092285156
49111.0,8.0,57,16,4,8.43612969558008,-2.3137313779439266,0.6466890965784271,0,410.0082092285156
49111.0,8.0,57,17,5,7.725422485052662,-3.083465386854723,0.43533959677349143,0,410.0082092285156
49111.0,8.0,57,18,1,31.88962226746723,0.7620073032166104,0.37888543819998316,0,410.0082092285156
49111.0,8.0,57,19,1,39.10603158893071,1.0044174921564657,0.3414213562373095,0,410.0082092285156
49111.0,8.0,57,20,2,29.663666400826536,0.9077045783836313,0.482842712474619,0,410.0082092285156
49111.0,8.0,57,21,4,20.750530162976634,0.7247056768938782,0.3414213562373095,0,410.0082092285156
49111.0,8.0,57,22,2,33.05438702297729,1.1061922543697114,0.4242640687119285,0,410.0082092285156
49111.0,8.0,57,23,4,23.30759316552971,1.0256099547871929,0.4242640687119285,0,410.0082092285156
49111.0,8.0,57,24,1,42.484423024650745,1.2666409599900865,0.37888543819998316,0,410.0082092285156
49111.0,8.0,57,25,2,37.486689618983604,1.2628688484580877,0.482842712474619,0,410.0082092285156
49111.0,8.0,57,26,2,27.493695573623626,1.251210958992638,0.4242640687119285,0,410.0082092285156
49111.0,8.0,57,27,5,17.50870337861058,1.2262490208079402,0.482842712474619,0,410.0082092285156
49111.0,8.0,57,28,5,12.525190331995303,1.1988518117918237,0.44328887294614544,0,410.0082092285156
49111.0,8.0,57,29,4,32.688877212598406,-4.871794837583651,0.4242640687119285,0,410.0082092285156
49111.0,8.0,57,30,4,22.786269794010025,-4.820776252582624,0.4242640687119285,0,410.0082092285156
49111.0,8.0,57,31,4,38.48664821136779,-4.757608162689284,0.3414213562373095,0,410.0082092285156
49111.0,8.0,57,32,5,28.842217117459224,-4.678261953571926,0.482842712474619,0,410.0082092285156
49111.0,8.0,57,33,5,19.55824342715204,-4.521649085425253,0.3414213562373095,0,410.0082092285156
49111.0,8.0,57,34,5,30.738552084124603,-4.522726853324162,0.4308640753373011,0,410.0082092285156
49111.0,8.0,57,38,4,18.968338707474057,-3.2835479804951833,0.6466890965784271,0,410.0082092285156
49111.0,8.0,57,40,4,21.298534500854295,-3.4159343130397666,0.848528137423857,0,410.0082092285156
49111.0,8.0,57,41,5,26.20407568294265,-3.849299669805781,0.43533959677349143,0,410.0082092285156
49111.0,8.0,57,43,2,23.92607929533593,-3.5207744217047003,0.848528137423857,0,410.0082092285156
49111.0,8.0,57,44,2,23.93288468403343,-3.3114453614195307,0.8513997106635237,0,410.0082092285156
49111.0,8.0,57,45,1,24.55119057186472,-3.169207372673994,0.613407053921902,0,410.0082092285156
49111.0,8.0,57,46,4,26.76353805103736,-3.60415042382986,0.848528137423857,0,410.0082092285156
49111.0,8.0,57,47,2,26.29852976616495,-3.416225053214781,0.848528137423857,0,410.0082092285156
49111.0,8.0,57,48,4,29.750910365431626,-3.6711750298804953,0.6466890965784271,0,410.0082092285156
49111.0,8.0,57,49,2,28.904019900776536,-3.5029338766544758,0.8513997106635237,0,410.0082092285156
49111.0,8.0,57,50,1,28.909653496315464,-3.329748170770753,0.682842712474619,0,410.0082092285156
49111.0,8.0,57,51,1,32.392621592099246,-3.4937099738411215,0.613407053921902,0,410.0082092285156
49111.0,8.0,57,52,5,37.51690260874004,-4.463427713378037,0.4308640753373011,0,410.0082092285156
49111.0,8.0,57,53,4,48.68112241543317,-4.477471340741544,0.3414213562373095,0,410.0082092285156
49111.0,8.0,57,54,5,40.25547263828197,-4.355730148353863,0.482842712474619,0,410.0082092285156
49111.0,8.0,57,55,5,32.72849637604127,-4.174099437313002,0.3414213562373095,0,410.0082092285156
49111.0,8.0,57,56,4,47.25634850955703,-4.33294312907885,0.4242640687119285,0,410.0082092285156
49111.0,8.0,57,57,4,39.79715909662134,-4.179209165037403,0.4242640687119285,0,410.0082092285156
49111.0,8.0,57,58,2,54.27542603777474,-4.316042911443051,0.382842712474619,0,410.0082092285156
49111.0,8.0,57,59,2,46.86654744364081,-4.182777452901452,0.4242640687119285,0,410.0082092285156
49111.0,8.0,57,60,5,40.58478368788126,-4.004135377921663,0.482842712474619,0,410.0082092285156
49111.0,8.0,57,61,5,38.04537246295076,-3.89446903791781,0.37888543819998316,0,410.0082092285156
49111.0,8.0,57,62,2,53.93637609639972,-4.185410325052233,0.4242640687119285,0,410.0082092285156
49111.0,8.0,57,63,4,47.537186119051654,-4.033505586002483,0.4242640687119285,0,410.0082092285156
49111.0,8.0,57,64,1,61.006491978620794,-4.1874329551877985,0.3414213562373095,0,410.0082092285156
49111.0,8.0,57,65,2,54.52011978382477,-4.055367370702167,0.382842712474619,0,410.0082092285156
49111.0,8.0,57,66,4,49.2249414316328,-3.8914351748162694,0.3414213562373095,0,410.0082092285156
49111.0,8.0,58,1,1,8.367086112081704,-1.4178069326703842,0.6034068236642477,0,410.3005981445313
49111.0,8.0,58,3,2,5.917394139979982,-1.7749679254043313,0.7685569981889047,0,410.3005981445313
49111.0,8.0,58,4,1,10.462913089842333,-2.040454330800651,0.682842712474619,0,410.3005981445313
49111.0,8.0,58,6,2,7.483271630505667,-2.255944265162414,0.848528137423857,0,410.3005981445313
49111.0,8.0,58,7,5,3.9622296130002437,-5.0400284456441575,0.3728972379823621,0,410.3005981445313
49111.0,8.0,58,9,2,5.246537740859954,-2.6964785795488777,0.765685424949238,0,410.3005981445313
49111.0,8.0,58,10,2,10.098670961269729,-2.530469920152722,0.8513997106635237,0,410.3005981445313
49111.0,8.0,58,11,1,13.559242347063485,-2.4856970789118344,0.613407053921902,0,410.3005981445313
49111.0,8.0,58,13,4,8.573794909742674,-2.874972944025108,0.848528137423857,0,410.3005981445313
49111.0,8.0,58,16,4,12.020555729349242,-2.9525440209740315,0.6466890965784271,0,410.3005981445313
49111.0,8.0,58,17,5,11.381747955632527,-3.47747498225399,0.43533959677349143,0,410.3005981445313
49111.0,8.0,58,18,1,28.341707114863862,0.29897041829408355,0.37888543819998316,0,410.3005981445313
49111.0,8.0,58,19,1,36.011789364146765,0.5542845726042893,0.3414213562373095,0,410.3005981445313
49111.0,8.0,58,20,2,26.37731917847459,0.4673344626320697,0.482842712474619,0,410.3005981445313
49111.0,8.0,58,21,4,17.166157429039636,0.28413406003733677,0.3414213562373095,0,410.3005981445313
49111.0,8.0,58,22,2,30.229399183308246,0.6777145782377261,0.4242640687119285,0,410.3005981445313
49111.0,8.0,58,23,4,20.315771430572024,0.6247870542086025,0.4242640687119285,0,410.3005981445313
49111.0,8.0,58,24,1,40.092557738397616,-5.45409723478763,0.37888543819998316,0,410.3005981445313
49111.0,8.0,58,25,2,35.098008247256296,-5.447875267558187,0.482842712474619,0,410.3005981445313
49111.0,8.0,58,26,2,25.115417112998944,-5.428009431498941,0.4242640687119285,0,410.3005981445313
49111.0,8.0,58,27,5,15.155796600488195,-5.381990632342299,0.482842712474619,0,410.3005981445313
49111.0,8.0,58,28,5,10.205643904874112,-5.325355728753144,0.44328887294614544,0,410.3005981445313
49111.0,8.0,58,29,4,30.803210623254746,-5.276825510426131,0.4242640687119285,0,410.3005981445313
49111.0,8.0,58,30,4,21.160145995149545,-5.173063844053919,0.4242640687119285,0,410.3005981445313
49111.0,8.0,58,31,4,36.971494325240194,-5.174334939252146,0.3414213562373095,0,410.3005981445313
49111.0,8.0,58,32,5,27.673188946645038,-5.0592256557808675,0.482842712474619,0,410.3005981445313
49111.0,8.0,58,33,5,19.09762760952696,-4.835000824771111,0.3414213562373095,0,410.3005981445313
49111.0,8.0,58,34,5,30.13828116092747,-4.908453460387115,0.4308640753373011,0,410.3005981445313
49111.0,8.0,58,38,4,22.30624526225473,-3.7034141196474977,0.6466890965784271,0,410.3005981445313
49111.0,8.0,58,40,4,24.374071914027795,-3.8264808959337286,0.848528137423857,0,410.3005981445313
49111.0,8.0,58,41,5,28.085499655167318,-4.236488405835114,0.43533959677349143,0,410.3005981445313
49111.0,8.0,58,43,2,26.751115596186555,-3.929020089835917,0.848528137423857,0,410.3005981445313
49111.0,8.0,58,44,2,27.204396382905834,-3.7441758348646967,0.8513997106635237,0,410.3005981445313
49111.0,8.0,58,45,1,28.052612719685616,-3.6211794919652114,0.613407053921902,0,410.3005981445313
49111.0,8.0,58,46,4,29.362373705320085,-4.014092647842327,0.848528137423857,0,410.3005981445313
49111.0,8.0,58,47,2,29.353125668803944,-3.843573641920748,0.848528137423857,0,410.3005981445313
49111.0,8.0,58,48,4,32.15082881639616,-4.084850997442606,0.6466890965784271,0,410.3005981445313
49111.0,8.0,58,49,2,31.751106917695544,-3.9287004421695917,0.8513997106635237,0,410.3005981445313
49111.0,8.0,58,50,1,32.13393513743156,-3.7724671199929305,0.682842712474619,0,410.3005981445313
49111.0,8.0,58,51,1,35.25110230758484,-3.9285306417461907,0.613407053921902,0,410.3005981445313
49111.0,8.0,58,52,5,37.0994555118507,-4.8713143571623725,0.4308640753373011,0,410.3005981445313
49111.0,8.0,58,53,4,48.16602755364759,-4.908951451347248,0.3414213562373095,0,410.3005981445313
49111.0,8.0,58,54,5,40.23531041428894,-4.77047314982098,0.482842712474619,0,410.3005981445313
49111.0,8.0,58,55,5,33.43342934802885,-4.570276128799694,0.3414213562373095,0,410.3005981445313
49111.0,8.0,58,56,4,47.29623465007401,-4.761793910992054,0.4242640687119285,0,410.3005981445313
49111.0,8.0,58,57,4,40.44561541020622,-4.595040469390151,0.4242640687119285,0,410.3005981445313
49111.0,8.0,58,58,2,54.359795989458384,-4.755369863961031,0.382842712474619,0,410.3005981445313
49111.0,8.0,58,59,2,47.47527160376215,-4.6124793200082355,0.4242640687119285,0,410.3005981445313
49111.0,8.0,58,60,5,41.866638361426084,-4.4265103328816,0.482842712474619,0,410.3005981445313
49111.0,8.0,58,61,5,39.7148889536929,-4.31576983849112,0.37888543819998316,0,410.3005981445313
49111.0,8.0,58,62,2,54.515640157588344,-4.625417056228185,0.4242640687119285,0,410.3005981445313
49111.0,8.0,58,63,4,48.69157027275982,-4.467474281222387,0.4242640687119285,0,410.3005981445313
49111.0,8.0,58,64,1,61.56304597510046,-4.635394073869136,0.3414213562373095,0,410.3005981445313
49111.0,8.0,58,65,2,55.57807682501961,-4.498328448313066,0.382842712474619,1,410.3005981445313
49111.0,8.0,58,66,4,50.87078353439458,-4.332209645954876,0.3414213562373095,0,410.3005981445313
49111.0,8.0,59,1,1,61.78290485929283,2.542959326440525,0.613407053921902,0,417.1196899414063
49111.0,8.0,59,2,4,56.11548092133622,2.581429390122954,0.682842712474619,0,417.1196899414063
49111.0,8.0,59,3,2,58.924549271102826,2.5094814733837865,0.8513997106635237,0,417.1196899414063
49111.0,8.0,59,4,1,62.0101428362522,2.4443830884484776,0.682842712474619,0,417.1196899414063
49111.0,8.0,59,5,4,55.43309975634096,2.5192200590168397,0.848528137423857,0,417.1196899414063
49111.0,8.0,59,6,2,58.48917725841443,2.4497070008950512,0.848528137423857,0,417.1196899414063
49111.0,8.0,59,7,5,50.02095435866281,2.5875961794881404,0.613407053921902,0,417.1196899414063
49111.0,8.0,59,8,5,51.94761390468547,2.5302666562723157,0.8513997106635237,0,417.1196899414063
49111.0,8.0,59,9,2,54.97008184603737,2.455712758667815,0.848528137423857,0,417.1196899414063
49111.0,8.0,59,10,2,58.265471815903304,2.38925556148853,0.8513997106635237,0,417.1196899414063
49111.0,8.0,59,11,1,60.710986825851094,2.3471530756697443,0.613407053921902,0,417.1196899414063
49111.0,8.0,59,12,4,51.45324032511334,2.4625397815285845,0.848528137423857,0,417.1196899414063
49111.0,8.0,59,13,4,54.73199473547118,2.3913908268886503,0.848528137423857,0,417.1196899414063
49111.0,8.0,59,14,5,47.93914873824621,2.4703680999935207,0.682842712474619,0,417.1196899414063
49111.0,8.0,59,15,5,51.19880164141997,2.3938208109878922,0.8513997106635237,0,417.1196899414063
49111.0,8.0,59,16,4,54.72177443474621,2.3267766197523416,0.682842712474619,0,417.1196899414063
49111.0,8.0,59,17,5,48.69078417388309,2.344920953407518,0.613407053921902,0,417.1196899414063
49111.0,8.0,59,18,1,57.74041805762345,3.058096016567216,0.37888543819998316,0,417.1196899414063
49111.0,8.0,59,19,1,52.79443771162829,3.239952225334255,0.3414213562373095,0,417.1196899414063
49111.0,8.0,59,20,2,52.759485107670926,3.050192175176832,0.482842712474619,0,417.1196899414063
49111.0,8.0,59,21,4,54.58822111377235,2.8667398505764803,0.3414213562373095,0,417.1196899414063
49111.0,8.0,59,22,2,47.539618765974524,3.1454729894178333,0.4242640687119285,0,417.1196899414063
49111.0,8.0,59,23,4,48.542002100796665,2.9379817416122647,0.4242640687119285,0,417.1196899414063
49111.0,8.0,59,24,1,43.741423482004656,3.3765829117286206,0.37888543819998316,0,417.1196899414063
49111.0,8.0,59,25,2,42.854024735161616,3.2628694768903186,0.482842712474619,0,417.1196899414063
49111.0,8.0,59,26,2,42.81095714348599,3.028870487213892,0.4242640687119285,0,417.1196899414063
49111.0,8.0,59,27,5,45.04540672566899,2.8064518506190166,0.482842712474619,0,417.1196899414063
49111.0,8.0,59,28,5,46.92807235387706,2.70566305551877,0.4538461538461539,0,417.1196899414063
49111.0,8.0,59,29,4,37.53971410558478,3.146506648536924,0.4242640687119285,0,417.1196899414063
49111.0,8.0,59,30,4,38.80129831163632,2.885844671743447,0.4242640687119285,0,417.1196899414063
49111.0,8.0,59,31,4,32.949692240090606,3.299594235455669,0.3414213562373095,0,417.1196899414063
49111.0,8.0,59,32,5,32.8936594841048,2.9946676832287435,0.482842712474619,0,417.1196899414063
49111.0,8.0,59,33,5,35.753369768397896,2.7143296786653104,0.3414213562373095,0,417.1196899414063
49111.0,8.0,59,34,5,27.957114043006296,2.9684822798271293,0.4308640753373011,0,417.1196899414063
49111.0,8.0,59,35,5,39.5854642750311,2.288688519194262,0.613407053921902,0,417.1196899414063
49111.0,8.0,59,36,5,33.52355661397196,2.3081630429422466,0.682842712474619,0,417.1196899414063
49111.0,8.0,59,37,5,37.37625122748346,2.2180990626323753,0.8513997106635237,0,417.1196899414063
49111.0,8.0,59,38,4,41.47456405545131,2.145335256878569,0.682842712474619,0,417.1196899414063
49111.0,8.0,59,39,4,33.87787179876832,2.2037325324815322,0.848528137423857,0,417.1196899414063
49111.0,8.0,59,40,4,38.02453820079288,2.125873229655893,0.848528137423857,0,417.1196899414063
49111.0,8.0,59,41,5,27.60394037033051,2.2593094787086776,0.613407053921902,0,417.1196899414063
49111.0,8.0,59,42,5,30.38809371131406,2.1860619105972687,0.8513997106635237,0,417.1196899414063
49111.0,8.0,59,43,2,34.59178438845531,2.102538168776644,0.848528137423857,0,417.1196899414063
49111.0,8.0,59,44,2,38.98393072725166,2.0374609047172174,0.8513997106635237,0,417.1196899414063
49111.0,8.0,59,45,1,42.13912161384002,2.0000834817789146,0.613407053921902,0,417.1196899414063
49111.0,8.0,59,46,4,31.18200745576211,2.0740812406203126,0.848528137423857,0,417.1196899414063
49111.0,8.0,59,47,2,35.643693646155405,2.0063729881914707,0.848528137423857,0,417.1196899414063
49111.0,8.0,59,48,4,27.803662182615927,2.0386740792571407,0.682842712474619,0,417.1196899414063
49111.0,8.0,59,49,2,32.34499866339157,1.9689014270038978,0.8513997106635237,0,417.1196899414063
49111.0,8.0,59,50,1,37.004786802582416,1.9164960678862795,0.682842712474619,0,417.1196899414063
49111.0,8.0,59,51,1,31.15564334891831,1.8651614886488193,0.613407053921902,0,417.1196899414063
49111.0,8.0,59,52,5,22.54001573205543,3.1497768218948052,0.4308640753373011,0,417.1196899414063
49111.0,8.0,59,53,4,20.281742652424555,3.667675372098645,0.3414213562373095,0,417.1196899414063
49111.0,8.0,59,54,5,17.540230915205427,3.1521097684806527,0.482842712474619,0,417.1196899414063
49111.0,8.0,59,55,5,20.099012814023453,2.631384559081403,0.3414213562373095,0,417.1196899414063
49111.0,8.0,59,56,4,13.568779758930967,3.533647433772061,0.4242640687119285,0,417.1196899414063
49111.0,8.0,59,57,4,13.43214054743046,2.7749234175533726,0.4242640687119285,0,417.1196899414063
49111.0,8.0,59,58,2,12.671379867008218,4.075143966850798,0.382842712474619,0,417.1196899414063
49111.0,8.0,59,59,2,7.5415173057927785,3.166055585336019,0.4242640687119285,0,417.1196899414063
49111.0,8.0,59,60,5,12.376796791299547,2.225778059292694,0.482842712474619,0,417.1196899414063
49111.0,8.0,59,61,5,16.623489603055614,2.041519111531003,0.37888543819998316,0,417.1196899414063
49111.0,8.0,59,62,2,5.7729166684803666,4.256948954247995,0.4242640687119285,0,417.1196899414063
49111.0,8.0,59,63,4,5.444004261641355,2.0560497748819526,0.4242640687119285,0,417.1196899414063
49111.0,8.0,59,64,1,10.477530741967065,-1.3337231383561927,0.31213203435596426,0,417.1196899414063
49111.0,8.0,59,66,4,10.119282658764233,1.325160331918332,0.3308640753373011,0,417.1196899414063
49111.0,8.0,60,1,1,63.37826522280427,2.5600314164443074,0.613407053921902,0,422.7742004394531
49111.0,8.0,60,2,4,57.751055127144504,2.599094801966622,0.682842712474619,0,422.7742004394531
49111.0,8.0,60,3,2,60.4842101384176,2.528238390086985,0.8513997106635237,0,422.7742004394531
49111.0,8.0,60,4,1,63.49405471253222,2.46380022801933,0.682842712474619,0,422.7742004394531
49111.0,8.0,60,5,4,57.00408509467205,2.5388566143567313,0.848528137423857,0,422.7742004394531
49111.0,8.0,60,6,2,59.980171934151606,2.4701308618082565,0.848528137423857,0,422.7742004394531
49111.0,8.0,60,7,5,51.6636530208049,2.6071487548295496,0.613407053921902,0,422.7742004394531
49111.0,8.0,60,8,5,53.53122228095456,2.550854065927644,0.8513997106635237,0,422.7742004394531
49111.0,8.0,60,9,2,56.46899208116558,2.4772490748830625,0.848528137423857,0,422.7742004394531
49111.0,8.0,60,10,2,59.681675365496545,2.4112410676947604,0.8513997106635237,0,422.7742004394531
49111.0,8.0,60,11,1,62.07141926741614,2.369224033380725,0.613407053921902,0,422.7742004394531
49111.0,8.0,60,12,4,52.961052747043226,2.485310709631854,0.848528137423857,0,422.7742004394531
49111.0,8.0,60,13,4,56.15183359290123,2.4147052672761458,0.848528137423857,0,422.7742004394531
49111.0,8.0,60,14,5,49.45704347701597,2.494515341654994,0.682842712474619,0,422.7742004394531
49111.0,8.0,60,15,5,52.62275607811913,2.4186341636055877,0.8513997106635237,0,422.7742004394531
49111.0,8.0,60,16,4,56.056308878011215,2.351700407897038,0.682842712474619,0,422.7742004394531
49111.0,8.0,60,17,5,50.051869402384575,2.3723532183175178,0.613407053921902,0,422.7742004394531
49111.0,8.0,60,18,1,59.65394411319877,3.06078029055836,0.37888543819998316,0,422.7742004394531
49111.0,8.0,60,19,1,54.70548257090484,3.2365056531056573,0.3414213562373095,0,422.7742004394531
49111.0,8.0,60,20,2,54.671751744892205,3.0533975779964093,0.482842712474619,0,422.7742004394531
49111.0,8.0,60,21,4,56.43855999575711,2.875972997900945,0.3414213562373095,0,422.7742004394531
49111.0,8.0,60,22,2,49.45960494868344,3.1453223568677875,0.4242640687119285,0,422.7742004394531
49111.0,8.0,60,23,4,50.42383501102809,2.9456812991431462,0.4242640687119285,0,422.7742004394531
49111.0,8.0,60,24,1,45.61084626198864,3.366781569417326,0.37888543819998316,0,422.7742004394531
49111.0,8.0,60,25,2,44.76052506958043,3.257680034350986,0.482842712474619,0,422.7742004394531
49111.0,8.0,60,26,2,44.719293599564935,3.0336999322164107,0.4242640687119285,0,422.7742004394531
49111.0,8.0,60,27,5,46.86284066916601,2.8199275862457087,0.482842712474619,0,422.7742004394531
49111.0,8.0,60,28,5,48.67526212927276,2.722319642752373,0.4538461538461539,0,422.7742004394531
49111.0,8.0,60,29,4,39.459692128408655,3.146267548019833,0.4242640687119285,0,422.7742004394531
49111.0,8.0,60,30,4,40.661750065735575,2.89778986111284,0.4242640687119285,0,422.7742004394531
49111.0,8.0,60,31,4,34.8470857561074,3.290924753235208,0.3414213562373095,0,422.7742004394531
49111.0,8.0,60,32,5,34.79410871445127,3.0027462110381737,0.482842712474619,0,422.7742004394531
49111.0,8.0,60,33,5,37.50920709336049,2.7355423893051265,0.3414213562373095,0,422.7742004394531
49111.0,8.0,60,34,5,29.850249443305103,2.979561622407478,0.4308640753373011,0,422.7742004394531
49111.0,8.0,60,35,5,40.874027790942726,2.3240761313915246,0.613407053921902,0,422.7742004394531
49111.0,8.0,60,36,5,34.84345008033964,2.3489643504800553,0.682842712474619,0,422.7742004394531
49111.0,8.0,60,37,5,38.564508570327924,2.25782503039027,0.8513997106635237,0,422.7742004394531
49111.0,8.0,60,38,4,42.54852087958724,2.1832241470569502,0.682842712474619,0,422.7742004394531
49111.0,8.0,60,39,4,35.047786844296596,2.247917597007502,0.848528137423857,0,422.7742004394531
49111.0,8.0,60,40,4,39.07048336600182,2.1676491607492867,0.848528137423857,0,422.7742004394531
49111.0,8.0,60,41,5,28.86199384409816,2.3107009642859704,0.613407053921902,0,422.7742004394531
49111.0,8.0,60,42,5,31.535272380234847,2.235801690975147,0.8513997106635237,0,422.7742004394531
49111.0,8.0,60,43,2,35.6037738430265,2.1490358500862548,0.848528137423857,0,422.7742004394531
49111.0,8.0,60,44,2,39.88463387866502,2.0804657018469443,0.8513997106635237,0,422.7742004394531
49111.0,8.0,60,45,1,42.97374471783901,2.040719106631193,0.613407053921902,0,422.7742004394531
49111.0,8.0,60,46,4,32.15205675035007,2.1264167352196215,0.848528137423857,0,422.7742004394531
49111.0,8.0,60,47,2,36.49534300493019,2.0540882373805642,0.848528137423857,0,422.7742004394531
49111.0,8.0,60,48,4,28.720738059633586,2.098375578369473,0.682842712474619,0,422.7742004394531
49111.0,8.0,60,49,2,33.13662780760681,2.0223375628971025,0.8513997106635237,0,422.7742004394531
49111.0,8.0,60,50,1,37.69869242068796,1.9644314734804134,0.682842712474619,0,422.7742004394531
49111.0,8.0,60,51,1,31.765882261885917,1.9230361704072436,0.613407053921902,0,422.7742004394531
49111.0,8.0,60,52,5,24.459956554586185,3.149134407449033,0.4308640753373011,0,422.7742004394531
49111.0,8.0,60,53,4,21.963293234557863,3.623764051804801,0.3414213562373095,0,422.7742004394531
49111.0,8.0,60,54,5,19.460135283361364,3.1510721347504678,0.482842712474619,0,422.7742004394531
49111.0,8.0,60,55,5,21.794666338035018,2.674419790842311,0.3414213562373095,0,422.7742004394531
49111.0,8.0,60,56,4,15.360629807121612,3.4858702036591804,0.4242640687119285,0,422.7742004394531
49111.0,8.0,60,57,4,15.240064422796372,2.820104969877513,0.4242640687119285,0,422.7742004394531
49111.0,8.0,60,58,2,13.899677366620418,3.9638921118616848,0.382842712474619,0,422.7742004394531
49111.0,8.0,60,59,2,9.461059477441768,3.1610916233914996,0.4242640687119285,0,422.7742004394531
49111.0,8.0,60,60,5,13.631663947414545,2.337712875603854,0.482842712474619,0,422.7742004394531
49111.0,8.0,60,61,5,17.577757813356538,2.139022822303036,0.37888543819998316,0,422.7742004394531
49111.0,8.0,60,62,2,6.838401074841816,4.002049519736012,0.4242640687119285,0,422.7742004394531
49111.0,8.0,60,63,4,6.56310481403036,2.3178006617810256,0.4242640687119285,0,422.7742004394531
49111.0,8.0,60,64,1,10.19881424897545,-1.5177516578346095,0.31213203435596426,0,422.7742004394531
49111.0,8.0,60,66,4,9.830414190877526,1.5157618073580035,0.3308640753373011,0,422.7742004394531
49111.0,8.0,61,1,1,63.37826522280427,2.5600314164443074,0.613407053921902,0,428.1075134277344
49111.0,8.0,61,2,4,57.751055127144504,2.599094801966622,0.682842712474619,0,428.1075134277344
49111.0,8.0,61,3,2,60.4842101384176,2.528238390086985,0.8513997106635237,0,428.1075134277344
49111.0,8.0,61,4,1,63.49405471253222,2.46380022801933,0.682842712474619,0,428.1075134277344
49111.0,8.0,61,5,4,57.00408509467205,2.5388566143567313,0.848528137423857,0,428.1075134277344
49111.0,8.0,61,6,2,59.980171934151606,2.4701308618082565,0.848528137423857,0,428.1075134277344
49111.0,8.0,61,7,5,51.6636530208049,2.6071487548295496,0.613407053921902,0,428.1075134277344
49111.0,8.0,61,8,5,53.53122228095456,2.550854065927644,0.8513997106635237,0,428.1075134277344
49111.0,8.0,61,9,2,56.46899208116558,2.4772490748830625,0.848528137423857,0,428.1075134277344
49111.0,8.0,61,10,2,59.681675365496545,2.4112410676947604,0.8513997106635237,0,428.1075134277344
49111.0,8.0,61,11,1,62.07141926741614,2.369224033380725,0.613407053921902,0,428.1075134277344
49111.0,8.0,61,12,4,52.961052747043226,2.485310709631854,0.848528137423857,0,428.1075134277344
49111.0,8.0,61,13,4,56.15183359290123,2.4147052672761458,0.848528137423857,0,428.1075134277344
49111.0,8.0,61,14,5,49.45704347701597,2.494515341654994,0.682842712474619,0,428.1075134277344
49111.0,8.0,61,15,5,52.62275607811913,2.4186341636055877,0.8513997106635237,0,428.1075134277344
49111.0,8.0,61,16,4,56.056308878011215,2.351700407897038,0.682842712474619,0,428.1075134277344
49111.0,8.0,61,17,5,50.051869402384575,2.3723532183175178,0.613407053921902,0,428.1075134277344
49111.0,8.0,61,18,1,59.65394411319877,3.06078029055836,0.37888543819998316,0,428.1075134277344
49111.0,8.0,61,19,1,54.70548257090484,3.2365056531056573,0.3414213562373095,0,428.1075134277344
49111.0,8.0,61,20,2,54.671751744892205,3.0533975779964093,0.482842712474619,0,428.1075134277344
49111.0,8.0,61,21,4,56.43855999575711,2.875972997900945,0.3414213562373095,0,428.1075134277344
49111.0,8.0,61,22,2,49.45960494868344,3.1453223568677875,0.4242640687119285,0,428.1075134277344
49111.0,8.0,61,23,4,50.42383501102809,2.9456812991431462,0.4242640687119285,0,428.1075134277344
49111.0,8.0,61,24,1,45.61084626198864,3.366781569417326,0.37888543819998316,0,428.1075134277344
49111.0,8.0,61,25,2,44.76052506958043,3.257680034350986,0.482842712474619,0,428.1075134277344
49111.0,8.0,61,26,2,44.719293599564935,3.0336999322164107,0.4242640687119285,0,428.1075134277344
49111.0,8.0,61,27,5,46.86284066916601,2.8199275862457087,0.482842712474619,0,428.1075134277344
49111.0,8.0,61,28,5,48.67526212927276,2.722319642752373,0.4538461538461539,0,428.1075134277344
49111.0,8.0,61,29,4,39.459692128408655,3.146267548019833,0.4242640687119285,0,428.1075134277344
49111.0,8.0,61,30,4,40.661750065735575,2.89778986111284,0.4242640687119285,0,428.1075134277344
49111.0,8.0,61,31,4,34.8470857561074,3.290924753235208,0.3414213562373095,0,428.1075134277344
49111.0,8.0,61,32,5,34.79410871445127,3.0027462110381737,0.482842712474619,0,428.1075134277344
49111.0,8.0,61,33,5,37.50920709336049,2.7355423893051265,0.3414213562373095,0,428.1075134277344
49111.0,8.0,61,34,5,29.850249443305103,2.979561622407478,0.4308640753373011,0,428.1075134277344
49111.0,8.0,61,35,5,40.874027790942726,2.3240761313915246,0.613407053921902,0,428.1075134277344
49111.0,8.0,61,36,5,34.84345008033964,2.3489643504800553,0.682842712474619,0,428.1075134277344
49111.0,8.0,61,37,5,38.564508570327924,2.25782503039027,0.8513997106635237,0,428.1075134277344
49111.0,8.0,61,38,4,42.54852087958724,2.1832241470569502,0.682842712474619,0,428.1075134277344
49111.0,8.0,61,39,4,35.047786844296596,2.247917597007502,0.848528137423857,0,428.1075134277344
49111.0,8.0,61,40,4,39.07048336600182,2.1676491607492867,0.848528137423857,0,428.1075134277344
49111.0,8.0,61,41,5,28.86199384409816,2.3107009642859704,0.613407053921902,1,428.1075134277344
49111.0,8.0,61,42,5,31.535272380234847,2.235801690975147,0.8513997106635237,0,428.1075134277344
49111.0,8.0,61,43,2,35.6037738430265,2.1490358500862548,0.848528137423857,0,428.1075134277344
49111.0,8.0,61,44,2,39.88463387866502,2.0804657018469443,0.8513997106635237,0,428.1075134277344
49111.0,8.0,61,45,1,42.97374471783901,2.040719106631193,0.613407053921902,0,428.1075134277344
49111.0,8.0,61,46,4,32.15205675035007,2.1264167352196215,0.848528137423857,0,428.1075134277344
49111.0,8.0,61,47,2,36.49534300493019,2.0540882373805642,0.848528137423857,0,428.1075134277344
49111.0,8.0,61,48,4,28.720738059633586,2.098375578369473,0.682842712474619,0,428.1075134277344
49111.0,8.0,61,49,2,33.13662780760681,2.0223375628971025,0.8513997106635237,0,428.1075134277344
49111.0,8.0,61,50,1,37.69869242068796,1.9644314734804134,0.682842712474619,0,428.1075134277344
49111.0,8.0,61,51,1,31.765882261885917,1.9230361704072436,0.613407053921902,0,428.1075134277344
49111.0,8.0,61,52,5,24.459956554586185,3.149134407449033,0.4308640753373011,0,428.1075134277344
49111.0,8.0,61,53,4,21.963293234557863,3.623764051804801,0.3414213562373095,0,428.1075134277344
49111.0,8.0,61,54,5,19.460135283361364,3.1510721347504678,0.482842712474619,0,428.1075134277344
49111.0,8.0,61,55,5,21.794666338035018,2.674419790842311,0.3414213562373095,0,428.1075134277344
49111.0,8.0,61,56,4,15.360629807121612,3.4858702036591804,0.4242640687119285,0,428.1075134277344
49111.0,8.0,61,57,4,15.240064422796372,2.820104969877513,0.4242640687119285,0,428.1075134277344
49111.0,8.0,61,58,2,13.899677366620418,3.9638921118616848,0.382842712474619,0,428.1075134277344
49111.0,8.0,61,59,2,9.461059477441768,3.1610916233914996,0.4242640687119285,0,428.1075134277344
49111.0,8.0,61,60,5,13.631663947414545,2.337712875603854,0.482842712474619,0,428.1075134277344
49111.0,8.0,61,61,5,17.577757813356538,2.139022822303036,0.37888543819998316,0,428.1075134277344
49111.0,8.0,61,62,2,6.838401074841816,4.002049519736012,0.4242640687119285,0,428.1075134277344
49111.0,8.0,61,63,4,6.56310481403036,2.3178006617810256,0.4242640687119285,0,428.1075134277344
49111.0,8.0,61,64,1,10.19881424897545,-1.5177516578346095,0.31213203435596426,0,428.1075134277344
49111.0,8.0,61,66,4,9.830414190877526,1.5157618073580035,0.3308640753373011,0,428.1075134277344
49111.0,8.0,62,1,1,39.07627837441231,0.2722267104294206,0.613407053921902,0,432.6123046875
49111.0,8.0,62,2,4,33.98124514315124,0.36447046117051396,0.682842712474619,0,432.6123046875
49111.0,8.0,62,3,2,35.91126552173281,0.23233603308106743,0.8513997106635237,0,432.6123046875
49111.0,8.0,62,4,1,38.39938751159777,0.11547886477635494,0.682842712474619,0,432.6123046875
49111.0,8.0,62,5,4,32.579071599218054,0.2668865718688319,0.848528137423857,0,432.6123046875
49111.0,8.0,62,6,2,34.94695803872537,0.13628198117657042,0.848528137423857,0,432.6123046875
49111.0,8.0,62,7,5,28.16907954186892,0.42467717672520877,0.613407053921902,0,432.6123046875
49111.0,8.0,62,8,5,29.294586891805746,0.30924517472702895,0.8513997106635237,0,432.6123046875
49111.0,8.0,62,9,2,31.512962270389824,0.16163202165708201,0.848528137423857,0,432.6123046875
49111.0,8.0,62,10,2,34.32143296758555,0.03576381756490654,0.8513997106635237,0,432.6123046875
49111.0,8.0,62,11,1,36.566877633643905,-0.04003877710990689,0.613407053921902,0,432.6123046875
49111.0,8.0,62,12,4,28.10415816119731,0.19315613446607738,0.848528137423857,0,432.6123046875
49111.0,8.0,62,13,4,30.817814261284802,0.05033783195713537,0.848528137423857,0,432.6123046875
49111.0,8.0,62,14,5,24.73096481830368,0.23332928868586122,0.682842712474619,0,432.6123046875
49111.0,8.0,62,15,5,27.32241919628695,0.06864555535991612,0.8513997106635237,0,432.6123046875
49111.0,8.0,62,16,4,30.518986887363827,-0.06459689632654508,0.682842712474619,0,432.6123046875
49111.0,8.0,62,17,5,24.56986061245488,-0.01481525528676153,0.613407053921902,0,432.6123046875
49111.0,8.0,62,18,1,44.422512002884616,1.0146585906657708,0.37888543819998316,0,432.6123046875
49111.0,8.0,62,19,1,44.238212356989905,1.267502865688804,0.3414213562373095,0,432.6123046875
49111.0,8.0,62,20,2,39.70903388813489,1.0543821925327674,0.482842712474619,0,432.6123046875
49111.0,8.0,62,21,4,37.371049117143556,0.8013120803464128,0.3414213562373095,0,432.6123046875
49111.0,8.0,62,22,2,37.354533889719555,1.2277204077395547,0.4242640687119285,0,432.6123046875
49111.0,8.0,62,23,4,33.39384886330292,0.967001191181806,0.4242640687119285,0,432.6123046875
49111.0,8.0,62,24,1,39.736897991840195,1.512206730760802,0.37888543819998316,0,432.6123046875
49111.0,8.0,62,25,2,36.2479659002732,1.4178025990102827,0.482842712474619,0,432.6123046875
49111.0,8.0,62,26,2,30.556553661927904,1.1701087302655142,0.4242640687119285,0,432.6123046875
49111.0,8.0,62,27,5,27.44978891505708,0.8404183217019107,0.482842712474619,0,432.6123046875
49111.0,8.0,62,28,5,27.17323833065625,0.657367791311615,0.4538461538461539,0,432.6123046875
49111.0,8.0,62,29,4,29.193437644159708,1.4029437603286516,0.4242640687119285,0,432.6123046875
49111.0,8.0,62,30,4,23.917456831158958,1.0800583221566136,0.4242640687119285,0,432.6123046875
49111.0,8.0,62,31,4,29.509500695074507,1.6442013287041637,0.3414213562373095,0,432.6123046875
49111.0,8.0,62,32,5,22.14945983674351,1.3786255173236928,0.482842712474619,0,432.6123046875
49111.0,8.0,62,33,5,17.617789612957267,0.9234451267519713,0.3414213562373095,0,432.6123046875
49111.0,8.0,62,34,5,18.548487020297127,1.5499748734985044,0.4308640753373011,0,432.6123046875
49111.0,8.0,62,35,5,15.306879502831194,-0.10704964630284675,0.613407053921902,0,432.6123046875
49111.0,8.0,62,36,5,9.331133371599094,-0.003151025227829174,0.682842712474619,0,432.6123046875
49111.0,8.0,62,37,5,13.113505248103033,-0.29986014232031877,0.8513997106635237,0,432.6123046875
49111.0,8.0,62,38,4,17.51736252366438,-0.45623862204271787,0.682842712474619,0,432.6123046875
49111.0,8.0,62,39,4,9.681990228594875,-0.3754288778434748,0.848528137423857,0,432.6123046875
49111.0,8.0,62,40,4,14.270070240894476,-0.5447049310161279,0.848528137423857,0,432.6123046875
49111.0,8.0,62,42,5,6.365363279592728,-0.5315965190794455,0.765685424949238,1,432.6123046875
49111.0,8.0,62,43,2,11.1987418746323,-0.6833495469157709,0.848528137423857,0,432.6123046875
49111.0,8.0,62,44,2,16.133994839099785,-0.7430267254416225,0.8513997106635237,0,432.6123046875
49111.0,8.0,62,45,1,19.60820155938625,-0.7668730331588344,0.613407053921902,0,432.6123046875
49111.0,8.0,62,46,4,8.496395380937956,-0.9176004754438049,0.848528137423857,0,432.6123046875
49111.0,8.0,62,47,2,13.493802442702329,-0.9025635400267231,0.848528137423857,0,432.6123046875
49111.0,8.0,62,48,4,6.630659798527195,-1.3204330970662483,0.682842712474619,0,432.6123046875
49111.0,8.0,62,49,2,11.351635091794494,-1.1303152336249407,0.8513997106635237,0,432.6123046875
49111.0,8.0,62,50,1,16.240492269346877,-1.053084013331219,0.682842712474619,0,432.6123046875
49111.0,8.0,62,51,1,12.689486949246303,-1.4006118686241258,0.613407053921902,0,432.6123046875
49111.0,8.0,62,52,5,20.31256262836604,1.9046024701912416,0.4308640753373011,0,432.6123046875
49111.0,8.0,62,53,4,29.09054933181907,2.190428333880518,0.3414213562373095,0,432.6123046875
49111.0,8.0,62,54,5,19.13238093426717,2.151695500357422,0.482842712474619,0,432.6123046875
49111.0,8.0,62,55,5,9.264768750531282,2.0298066664103147,0.3414213562373095,0,432.6123046875
49111.0,8.0,62,56,4,24.178540692173126,-3.9006720379348145,0.4242640687119285,0,432.6123046875
49111.0,8.0,62,57,4,14.296495017660192,-3.8182809033630605,0.4242640687119285,0,432.6123046875
49111.0,8.0,62,58,2,30.052548307793025,-3.754507756307496,0.382842712474619,0,432.6123046875
49111.0,8.0,62,59,2,20.565592614343608,-3.6272362096617723,0.4242640687119285,0,432.6123046875
49111.0,8.0,62,60,5,11.94703056688378,-3.3022604966362574,0.482842712474619,0,432.6123046875
49111.0,8.0,62,61,5,8.810533994004613,-2.9204090317486138,0.37888543819998316,0,432.6123046875
49111.0,8.0,62,62,2,27.23045040700403,-3.527377324207635,0.4242640687119285,0,432.6123046875
49111.0,8.0,62,63,4,19.007508231096917,-3.276588172758165,0.4242640687119285,0,432.6123046875
49111.0,8.0,62,64,1,34.05952523388234,-3.4671449529433356,0.31213203435596426,0,432.6123046875
49111.0,8.0,62,66,4,19.990676294995367,-2.9154005647051346,0.3308640753373011,0,432.6123046875
49111.0,8.0,63,1,1,35.14374705546608,0.6949181792091988,0.613407053921902,0,433.04290771484375
49111.0,8.0,63,2,4,30.231901213664617,0.8061160124030055,0.682842712474619,0,433.04290771484375
49111.0,8.0,63,3,2,31.917121594133206,0.6544259735473309,0.8513997106635237,0,433.04290771484375
49111.0,8.0,63,4,1,34.25547329576096,0.5206674232374261,0.682842712474619,0,433.04290771484375
49111.0,8.0,63,5,4,28.644857990936995,0.6987056598880393,0.848528137423857,0,433.04290771484375
49111.0,8.0,63,6,2,30.82633110155756,0.547157984087984,0.848528137423857,0,433.04290771484375
49111.0,8.0,63,7,5,24.57211362263886,0.8899413768169168,0.613407053921902,0,433.04290771484375
49111.0,8.0,63,8,5,25.443135179989312,0.7542627047787914,0.8513997106635237,0,433.04290771484375
49111.0,8.0,63,9,2,27.424221550467347,0.5802493951065165,0.848528137423857,0,433.04290771484375
49111.0,8.0,63,10,2,30.11349743073736,0.4334382213284633,0.8513997106635237,0,433.04290771484375
49111.0,8.0,63,11,1,32.32471326113136,0.3464534212573255,0.613407053921902,0,433.04290771484375
49111.0,8.0,63,12,4,24.06061441683027,0.6226509018828063,0.848528137423857,0,433.04290771484375
49111.0,8.0,63,13,4,26.62044263300835,0.4527374639127829,0.848528137423857,0,433.04290771484375
49111.0,8.0,63,14,5,20.754238231783972,0.6786919185655883,0.682842712474619,0,433.04290771484375
49111.0,8.0,63,15,5,23.1402939575873,0.47785351122930386,0.8513997106635237,0,433.04290771484375
49111.0,8.0,63,16,4,26.271810069073265,0.3195996575430381,0.682842712474619,0,433.04290771484375
49111.0,8.0,63,17,5,20.336983507876848,0.3812160978121937,0.613407053921902,0,433.04290771484375
49111.0,8.0,63,18,1,42.70273174042112,1.4831404037797387,0.37888543819998316,0,433.04290771484375
49111.0,8.0,63,19,1,43.55960255976846,1.742332846970728,0.3414213562373095,0,433.04290771484375
49111.0,8.0,63,20,2,38.16947176591265,1.5353946693822365,0.482842712474619,0,433.04290771484375
49111.0,8.0,63,21,4,34.87661357718979,1.2758738862554,0.3414213562373095,0,433.04290771484375
49111.0,8.0,63,22,2,36.54530136448909,1.719920776415687,0.4242640687119285,0,433.04290771484375
49111.0,8.0,63,23,4,31.544074745427935,1.4641772649878053,0.4242640687119285,0,433.04290771484375
49111.0,8.0,63,24,1,40.11825929538751,1.9974894255472364,0.37888543819998316,0,433.04290771484375
49111.0,8.0,63,25,2,36.25202792608786,1.9143284247938275,0.482842712474619,0,433.04290771484375
49111.0,8.0,63,26,2,29.558063679437293,1.6868889543690258,0.4242640687119285,0,433.04290771484375
49111.0,8.0,63,27,5,25.162446784871417,1.356026599096106,0.482842712474619,0,433.04290771484375
49111.0,8.0,63,28,5,24.24630957616837,1.1566956843378926,0.4538461538461539,0,433.04290771484375
49111.0,8.0,63,29,4,29.19468454034391,1.9278640720815652,0.4242640687119285,0,433.04290771484375
49111.0,8.0,63,30,4,22.622979581257894,1.6335135070832898,0.4242640687119285,0,433.04290771484375
49111.0,8.0,63,31,4,30.5119662156132,2.1611634013044543,0.3414213562373095,0,433.04290771484375
49111.0,8.0,63,32,5,22.14609857438861,1.9500223693428675,0.482842712474619,0,433.04290771484375
49111.0,8.0,63,33,5,15.808835560861311,1.533597691037329,0.3414213562373095,0,433.04290771484375
49111.0,8.0,63,34,5,19.334812097896656,2.150175471780117,0.4308640753373011,0,433.04290771484375
49111.0,8.0,63,35,5,11.057781929882717,0.2676662156396874,0.613407053921902,0,433.04290771484375
49111.0,8.0,63,36,5,5.114629517671469,0.45260896390716265,0.6466890965784271,0,433.04290771484375
49111.0,8.0,63,37,5,8.99412224538583,-0.016753946223295346,0.8513997106635237,0,433.04290771484375
49111.0,8.0,63,38,4,13.62457466590617,-0.18737970833601492,0.682842712474619,0,433.04290771484375
49111.0,8.0,63,39,4,5.720093830629622,-0.20306875478022263,0.848528137423857,1,433.04290771484375
49111.0,8.0,63,40,4,10.604445921080226,-0.3404536639369249,0.848528137423857,0,433.04290771484375
49111.0,8.0,63,43,2,8.017450452567688,-0.6025582571589843,0.848528137423857,0,433.04290771484375
49111.0,8.0,63,44,2,13.000550435319491,-0.5623230199018012,0.8513997106635237,0,433.04290771484375
49111.0,8.0,63,45,1,16.4948074109588,-0.5486365950750125,0.613407053921902,0,433.04290771484375
49111.0,8.0,63,46,4,6.4112986380015595,-1.0454795340599423,0.848528137423857,0,433.04290771484375
49111.0,8.0,63,47,2,10.992704402809556,-0.8063566416776825,0.848528137423857,0,433.04290771484375
49111.0,8.0,63,48,4,6.5520980374154565,-1.597526418018278,0.6466890965784271,0,433.04290771484375
49111.0,8.0,63,49,2,9.882549699030683,-1.1298184772665183,0.8513997106635237,0,433.04290771484375
49111.0,8.0,63,50,1,14.22672092984604,-0.9206623361454394,0.682842712474619,0,433.04290771484375
49111.0,8.0,63,51,1,12.279433305731782,-1.361863938654829,0.613407053921902,0,433.04290771484375
49111.0,8.0,63,52,5,22.41618691467165,2.4570847288669486,0.4308640753373011,0,433.04290771484375
49111.0,8.0,63,53,4,32.03749542121098,-3.6131951588233515,0.3414213562373095,0,433.04290771484375
49111.0,8.0,63,54,5,22.042475191954512,-3.6013208403909127,0.482842712474619,0,433.04290771484375
49111.0,8.0,63,55,5,12.055716996999639,-3.5697609057421342,0.3414213562373095,0,433.04290771484375
49111.0,8.0,63,56,4,27.649976302348897,-3.426611431075895,0.4242640687119285,0,433.04290771484375
49111.0,8.0,63,57,4,17.999744143855814,-3.3090287261335987,0.4242640687119285,0,433.04290771484375
49111.0,8.0,63,58,2,33.81082173584341,-3.313046763251949,0.382842712474619,0,433.04290771484375
49111.0,8.0,63,59,2,24.548752843613,-3.182090229162727,0.4242640687119285,0,433.04290771484375
49111.0,8.0,63,60,5,16.189838353134142,-2.905883325865463,0.482842712474619,0,433.04290771484375
49111.0,8.0,63,61,5,12.916875232134169,-2.643748023676845,0.37888543819998316,0,433.04290771484375
49111.0,8.0,63,62,2,31.325576500829523,-3.109282510513439,0.4242640687119285,0,433.04290771484375
49111.0,8.0,63,63,4,23.25427579678926,-2.8901051667666824,0.4242640687119285,0,433.04290771484375
49111.0,8.0,63,64,1,38.2091902562963,-3.062529079287233,0.31213203435596426,0,433.04290771484375
49111.0,8.0,63,66,4,24.05995468593988,-2.5920080003438355,0.3308640753373011,0,433.04290771484375
49111.0,8.0,64,1,1,34.08737490504333,1.246110588151975,0.613407053921902,0,433.3038940429687
49111.0,8.0,64,2,4,29.434197092814387,1.3708754852837006,0.682842712474619,0,433.3038940429687
49111.0,8.0,64,3,2,30.780369512749783,1.210723925858416,0.8513997106635237,0,433.3038940429687
49111.0,8.0,64,4,1,32.84037661453032,1.0673048223181145,0.682842712474619,0,433.3038940429687
49111.0,8.0,64,5,4,27.61203404201664,1.264548362574598,0.848528137423857,0,433.3038940429687
49111.0,8.0,64,6,2,29.47004602609672,1.101640472101291,0.848528137423857,0,433.3038940429687
49111.0,8.0,64,7,5,23.988044279257398,1.4745985788525886,0.613407053921902,0,433.3038940429687
49111.0,8.0,64,8,5,24.54419891814673,1.3320671710945267,0.8513997106635237,0,433.3038940429687
49111.0,8.0,64,9,2,26.14339093110013,1.1447765680741655,0.848528137423857,0,433.3038940429687
49111.0,8.0,64,10,2,28.540078455027096,0.9839560867265091,0.8513997106635237,0,433.3038940429687
49111.0,8.0,64,11,1,30.59456668117794,0.8880271474292653,0.613407053921902,0,433.3038940429687
49111.0,8.0,64,12,4,22.879470404106776,1.2003496596995473,0.848528137423857,0,433.3038940429687
49111.0,8.0,64,13,4,25.090423567870896,1.0129005961817077,0.848528137423857,0,433.3038940429687
49111.0,8.0,64,14,5,19.709475958748044,1.2740927819776162,0.682842712474619,0,433.3038940429687
49111.0,8.0,64,15,5,21.66847090616319,1.051028038789133,0.8513997106635237,0,433.3038940429687
49111.0,8.0,64,16,4,24.506770906302894,0.8721608961817918,0.682842712474619,0,433.3038940429687
49111.0,8.0,64,17,5,18.695043483118166,0.9592642631148259,0.613407053921902,0,433.3038940429687
49111.0,8.0,64,18,1,43.46244965731857,2.0250459977346527,0.37888543819998316,0,433.3038940429687
49111.0,8.0,64,19,1,44.865486674773926,2.2768967396316677,0.3414213562373095,0,433.3038940429687
49111.0,8.0,64,20,2,39.05163597405189,2.082209960836382,0.482842712474619,0,433.3038940429687
49111.0,8.0,64,21,4,35.17312397179714,1.8328650517417233,0.3414213562373095,0,433.3038940429687
49111.0,8.0,64,22,2,37.81556327019343,2.26363067662945,0.4242640687119285,0,433.3038940429687
49111.0,8.0,64,23,4,32.282118938005745,2.0246637490423938,0.4242640687119285,0,433.3038940429687
49111.0,8.0,64,24,1,41.88011687891245,2.5261019386430883,0.37888543819998316,0,433.3038940429687
49111.0,8.0,64,25,2,37.88143844462801,2.4507209537920858,0.482842712474619,0,433.3038940429687
49111.0,8.0,64,26,2,30.775343317657526,2.244290258071146,0.4242640687119285,0,433.3038940429687
49111.0,8.0,64,27,5,25.67567202636057,1.9370746870175801,0.482842712474619,0,433.3038940429687
49111.0,8.0,64,28,5,24.296076285030225,1.7443584073145753,0.4538461538461539,0,433.3038940429687
49111.0,8.0,64,29,4,30.856252356885896,2.474244181616066,0.4242640687119285,0,433.3038940429687
49111.0,8.0,64,30,4,23.753456321078275,2.2134973155814013,0.4242640687119285,0,433.3038940429687
49111.0,8.0,64,31,4,32.51299528963712,2.6917048907112857,0.3414213562373095,0,433.3038940429687
49111.0,8.0,64,32,5,23.858190216139867,2.511599017501612,0.482842712474619,0,433.3038940429687
49111.0,8.0,64,33,5,16.77294303558737,2.1569766267076345,0.3414213562373095,0,433.3038940429687
49111.0,8.0,64,34,5,21.33679878576972,2.7032604009947687,0.4308640753373011,0,433.3038940429687
49111.0,8.0,64,35,5,9.280013429341846,0.9138846308960167,0.613407053921902,0,433.3038940429687
49111.0,8.0,64,36,5,3.942268361036579,1.4081924014099823,0.5052677403411177,0,433.3038940429687
49111.0,8.0,64,37,5,6.826468243037792,0.5989853996193435,0.7685569981889047,1,433.3038940429687
49111.0,8.0,64,38,4,11.298666183049082,0.34369807153203874,0.682842712474619,0,433.3038940429687
49111.0,8.0,64,40,4,8.225152528193398,0.16218381430465825,0.848528137423857,0,433.3038940429687
49111.0,8.0,64,43,2,5.713703764469732,-0.20283926882163472,0.848528137423857,0,433.3038940429687
49111.0,8.0,64,44,2,10.663282775528792,-0.11206707749783733,0.8513997106635237,0,433.3038940429687
49111.0,8.0,64,45,1,14.149100032893626,-0.08644049263479199,0.613407053921902,0,433.3038940429687
49111.0,8.0,64,46,4,4.758118042271011,-0.8678658574814964,0.848528137423857,0,433.3038940429687
49111.0,8.0,64,47,2,8.87123870420351,-0.42671876817545246,0.848528137423857,0,433.3038940429687
49111.0,8.0,64,48,4,6.134571207529851,-1.4801580649274373,0.6466890965784271,0,433.3038940429687
49111.0,8.0,64,49,2,8.288072920952596,-0.8362486107237855,0.8513997106635237,0,433.3038940429687
49111.0,8.0,64,50,1,12.237293066107435,-0.5305656635919029,0.682842712474619,0,433.3038940429687
49111.0,8.0,64,51,1,11.120889000770854,-1.0507636314630686,0.613407053921902,0,433.3038940429687
49111.0,8.0,64,52,5,24.703148293619638,2.9749480342995356,0.4308640753373011,0,433.3038940429687
49111.0,8.0,64,53,4,34.41181337805272,-3.117782679676256,0.3414213562373095,0,433.3038940429687
49111.0,8.0,64,54,5,24.41907610151283,-3.104637376201629,0.482842712474619,0,433.3038940429687
49111.0,8.0,64,55,5,14.436400359404757,-3.073298902605951,0.3414213562373095,0,433.3038940429687
49111.0,8.0,64,56,4,30.02128962659022,-2.945117362200406,0.4242640687119285,0,433.3038940429687
49111.0,8.0,64,57,4,20.332147169671,-2.844940038561952,0.4242640687119285,0,433.3038940429687
49111.0,8.0,64,58,2,36.142279729366166,-2.8375890960987795,0.382842712474619,0,433.3038940429687
49111.0,8.0,64,59,2,26.802663332611168,-2.7227038696299535,0.4242640687119285,0,433.3038940429687
49111.0,8.0,64,60,5,18.179690300080637,-2.4927871789102163,0.482842712474619,0,433.3038940429687
49111.0,8.0,64,61,5,14.545113552310944,-2.281237429113817,0.37888543819998316,0,433.3038940429687
49111.0,8.0,64,62,2,33.516702029188934,-2.6486689763751805,0.4242640687119285,0,433.3038940429687
49111.0,8.0,64,63,4,25.20888122465939,-2.4568905199571813,0.4242640687119285,0,433.3038940429687
49111.0,8.0,64,64,1,40.352891694469385,-2.599519624322289,0.3414213562373095,0,433.3038940429687
49111.0,8.0,64,65,2,32.256383024001984,-2.4366621360861784,0.382842712474619,0,433.3038940429687
49111.0,8.0,64,66,4,25.545892497164203,-2.177658188343217,0.3414213562373095,0,433.3038940429687
49111.0,8.0,65,1,1,31.68487237770641,0.33174334385400106,0.613407053921902,0,433.6205139160156
49111.0,8.0,65,2,4,27.32540365326156,0.4770364849755563,0.682842712474619,0,433.6205139160156
49111.0,8.0,65,3,2,28.311653192436324,0.30057484762203723,0.8513997106635237,0,433.6205139160156
49111.0,8.0,65,4,1,30.106838561428198,0.1405636665142832,0.682842712474619,0,433.6205139160156
49111.0,8.0,65,5,4,25.264709192425713,0.36764180129226853,0.848528137423857,0,433.6205139160156
49111.0,8.0,65,6,2,26.798834904766853,0.18449802553550387,0.848528137423857,0,433.6205139160156
49111.0,8.0,65,7,5,22.167565033045772,0.6097098685296082,0.613407053921902,0,433.6205139160156
49111.0,8.0,65,8,5,22.362051664972302,0.45259094454419924,0.8513997106635237,0,433.6205139160156
49111.0,8.0,65,9,2,23.55702392794982,0.24065938696088163,0.848528137423857,0,433.6205139160156
49111.0,8.0,65,10,2,25.686677442151023,0.05649693119063459,0.8513997106635237,0,433.6205139160156
49111.0,8.0,65,11,1,27.621835804118582,-0.0530444515723677,0.613407053921902,0,433.6205139160156
49111.0,8.0,65,12,4,20.412966477977932,0.31441803521073164,0.848528137423857,0,433.6205139160156
49111.0,8.0,65,13,4,22.283653697411484,0.09657816634223038,0.848528137423857,0,433.6205139160156
49111.0,8.0,65,14,5,17.419673490628377,0.4142388193349237,0.682842712474619,0,433.6205139160156
49111.0,8.0,65,15,5,18.929264280346736,0.15097996337327813,0.8513997106635237,0,433.6205139160156
49111.0,8.0,65,16,4,21.52182770747691,-0.06123717816856167,0.682842712474619,0,433.6205139160156
49111.0,8.0,65,17,5,15.825157664063198,0.057522641183998746,0.613407053921902,0,433.6205139160156
49111.0,8.0,65,18,1,43.19201589103836,1.121352599083398,0.37888543819998316,0,433.6205139160156
49111.0,8.0,65,19,1,45.37829727121436,1.3696539444382991,0.3414213562373095,0,433.6205139160156
49111.0,8.0,65,20,2,38.97350262145962,1.18678340413192,0.482842712474619,0,433.6205139160156
49111.0,8.0,65,21,4,34.3318794990187,0.9440416351316535,0.3414213562373095,0,433.6205139160156
49111.0,8.0,65,22,2,38.30725198657587,1.3692258432565443,0.4242640687119285,0,433.6205139160156
49111.0,8.0,65,23,4,32.04979872188343,1.1461474005754724,0.4242640687119285,0,433.6205139160156
49111.0,8.0,65,24,1,43.14029649024229,1.6178670751153703,0.37888543819998316,0,433.6205139160156
49111.0,8.0,65,25,2,38.93529507967188,1.5518493309356227,0.482842712474619,0,433.6205139160156
49111.0,8.0,65,26,2,31.236216901080407,1.3686039208448677,0.4242640687119285,0,433.6205139160156
49111.0,8.0,65,27,5,25.2080401785137,1.0832970397290391,0.482842712474619,0,433.6205139160156
49111.0,8.0,65,28,5,23.244726527035564,0.8930441004359523,0.4538461538461539,0,433.6205139160156
49111.0,8.0,65,29,4,32.00332630320545,1.5913889213869226,0.4242640687119285,0,433.6205139160156
49111.0,8.0,65,30,4,24.16520096791379,1.3676180345327529,0.4242640687119285,0,433.6205139160156
49111.0,8.0,65,31,4,34.245065960624785,1.7943124957842582,0.3414213562373095,0,433.6205139160156
49111.0,8.0,65,32,5,25.148928128207814,1.652625998981926,0.482842712474619,0,433.6205139160156
49111.0,8.0,65,33,5,17.094227954136503,1.3658165275892218,0.3414213562373095,0,433.6205139160156
49111.0,8.0,65,34,5,23.148482798036085,1.84283238243607,0.4308640753373011,0,433.6205139160156
49111.0,8.0,65,35,5,6.401364321961768,0.10107475502945562,0.4815389220537701,1,433.6205139160156
49111.0,8.0,65,36,5,2.953643919740919,1.3363342594279826,0.43175884674785275,0,433.6205139160156
49111.0,8.0,65,38,4,8.27454263115746,-0.7199157961581626,0.6466890965784271,0,433.6205139160156
49111.0,8.0,65,40,4,5.497624927538483,-1.0458080945665258,0.848528137423857,0,433.6205139160156
49111.0,8.0,65,43,2,4.120643630908018,-1.7440764333017609,0.848528137423857,0,433.6205139160156
49111.0,8.0,65,44,2,8.476539719015813,-1.3256670640904291,0.8513997106635237,0,433.6205139160156
49111.0,8.0,65,45,1,11.83267259669723,-1.2264588153793392,0.613407053921902,0,433.6205139160156
49111.0,8.0,65,46,4,5.3605529586035345,-2.464005504011332,0.848528137423857,0,433.6205139160156
49111.0,8.0,65,47,2,7.655556785571052,-1.7558718651024003,0.848528137423857,0,433.6205139160156
49111.0,8.0,65,48,4,8.092672742119467,-2.806374653252172,0.6466890965784271,0,433.6205139160156
49111.0,8.0,65,49,2,8.388287893614123,-2.1909097301849387,0.8513997106635237,0,433.6205139160156
49111.0,8.0,65,50,1,11.190862141107052,-1.7602150333087052,0.682842712474619,0,433.6205139160156
49111.0,8.0,65,51,1,11.725269407710877,-2.2974117449418783,0.613407053921902,0,433.6205139160156
49111.0,8.0,65,52,5,27.099149507485897,2.077518938292945,0.4308640753373011,0,433.6205139160156
49111.0,8.0,65,53,4,37.12146994034671,-4.049277674239,0.3414213562373095,0,433.6205139160156
49111.0,8.0,65,54,5,27.16150905016663,-4.021123236179341,0.482842712474619,0,433.6205139160156
49111.0,8.0,65,55,5,17.247945304658852,-3.9604994101994504,0.3414213562373095,0,433.6205139160156
49111.0,8.0,65,56,4,32.95844690000401,-3.885687227634168,0.4242640687119285,0,433.6205139160156
49111.0,8.0,65,57,4,23.36671276432789,-3.7837309628561497,0.4242640687119285,0,433.6205139160156
49111.0,8.0,65,58,2,39.17615180487339,-3.791936614094183,0.382842712474619,0,433.6205139160156
49111.0,8.0,65,59,2,29.908442179236026,-3.682145529956642,0.4242640687119285,0,433.6205139160156
49111.0,8.0,65,60,5,21.31335161205117,-3.4793562695129245,0.482842712474619,0,433.6205139160156
49111.0,8.0,65,61,5,17.582120993043876,-3.3072074825642543,0.37888543819998316,0,433.6205139160156
49111.0,8.0,65,62,2,36.64732680246685,-3.6174398157655534,0.4242640687119285,0,433.6205139160156
49111.0,8.0,65,63,4,28.33320675668437,-3.4447857183043338,0.4242640687119285,0,433.6205139160156
49111.0,8.0,65,64,1,43.491817735579936,-3.5729593842131284,0.3414213562373095,0,433.6205139160156
49111.0,8.0,65,65,2,35.37346821128973,-3.423958786301885,0.382842712474619,0,433.6205139160156
49111.0,8.0,65,66,4,28.478523428108858,-3.195260789801793,0.3414213562373095,0,433.6205139160156
49111.0,8.0,66,1,1,28.790813355228817,0.5867863259616937,0.613407053921902,0,433.9490051269531
49111.0,8.0,66,2,4,24.73419457681515,0.757875035295893,0.682842712474619,0,433.9490051269531
49111.0,8.0,66,3,2,25.369019412787974,0.5595615612712763,0.8513997106635237,0,433.9490051269531
49111.0,8.0,66,4,1,26.933137778006376,0.3776287191980332,0.682842712474619,0,433.9490051269531
49111.0,8.0,66,5,4,22.4512723381407,0.6432497243141662,0.848528137423857,0,433.9490051269531
49111.0,8.0,66,6,2,23.68261797614493,0.43270167385848546,0.848528137423857,0,433.9490051269531
49111.0,8.0,66,7,5,19.925294929171006,0.9273693022863796,0.613407053921902,0,433.9490051269531
49111.0,8.0,66,8,5,19.736567919380274,0.750903236454028,0.8513997106635237,0,433.9490051269531
49111.0,8.0,66,9,2,20.526540815221928,0.5049900235613212,0.848528137423857,0,433.9490051269531
49111.0,8.0,66,10,2,22.430908194757357,0.28911671546657836,0.8513997106635237,0,433.9490051269531
49111.0,8.0,66,11,1,24.293216700624388,0.16208327485577823,0.613407053921902,0,433.9490051269531
49111.0,8.0,66,12,4,17.516031556089423,0.6027985375201204,0.848528137423857,0,433.9490051269531
49111.0,8.0,66,13,4,19.06877358606425,0.3420027043588014,0.848528137423857,0,433.9490051269531
49111.0,8.0,66,14,5,14.740551044953142,0.7392045987974663,0.682842712474619,0,433.9490051269531
49111.0,8.0,66,15,5,15.782604655491129,0.4172023407891048,0.8513997106635237,0,433.9490051269531
49111.0,8.0,66,16,4,18.190584771089448,0.15785955685086173,0.682842712474619,0,433.9490051269531
49111.0,8.0,66,17,5,12.580414223002409,0.31689725066956687,0.613407053921902,1,433.9490051269531
49111.0,8.0,66,18,1,42.39390397929081,1.3963549519547964,0.37888543819998316,0,433.9490051269531
49111.0,8.0,66,19,1,45.402437129217695,1.6424131567798859,0.3414213562373095,0,433.9490051269531
49111.0,8.0,66,20,2,38.405661385763004,1.4711077376227832,0.482842712474619,0,433.9490051269531
49111.0,8.0,66,21,4,32.994065461582785,1.2343227642822492,0.3414213562373095,0,433.9490051269531
49111.0,8.0,66,22,2,38.35283292988649,1.6556061681017367,0.4242640687119285,0,433.9490051269531
49111.0,8.0,66,23,4,31.37759268894138,1.4486778196367815,0.4242640687119285,0,433.9490051269531
49111.0,8.0,66,24,1,43.98952143880428,1.891221897390857,0.37888543819998316,0,433.9490051269531
49111.0,8.0,66,25,2,39.58389522290199,1.834552589069975,0.482842712474619,0,433.9490051269531
49111.0,8.0,66,26,2,31.312909322242877,1.6747361064707404,0.4242640687119285,0,433.9490051269531
49111.0,8.0,66,27,5,24.374409109316417,1.4133316093674617,0.482842712474619,0,433.9490051269531
49111.0,8.0,66,28,5,21.81555830206938,1.2267775138887265,0.4538461538461539,0,433.9490051269531
49111.0,8.0,66,29,4,32.80919470960698,1.8907703847726096,0.4242640687119285,0,433.9490051269531
49111.0,8.0,66,30,4,24.291084510540582,1.7049428336132135,0.4242640687119285,0,433.9490051269531
49111.0,8.0,66,31,4,35.67055122594547,2.0800699998604095,0.3414213562373095,0,433.9490051269531
49111.0,8.0,66,32,5,26.19163519080323,1.9757910085025934,0.482842712474619,0,433.9490051269531
49111.0,8.0,66,33,5,17.309398694739354,1.7596060736346764,0.3414213562373095,0,433.9490051269531
49111.0,8.0,66,34,5,24.77404863643972,2.1643022117567465,0.4308640753373011,0,433.9490051269531
49111.0,8.0,66,36,5,4.3280799581204406,-3.863369323441771,0.39440356905077983,0,433.9490051269531
49111.0,8.0,66,38,4,5.687337279360708,-0.8338005437429354,0.6466890965784271,0,433.9490051269531
49111.0,8.0,66,40,4,4.221171515604976,-1.5028163647356654,0.848528137423857,0,433.9490051269531
49111.0,8.0,66,43,2,5.318907086902679,-2.2278695932488435,0.848528137423857,0,433.9490051269531
49111.0,8.0,66,44,2,7.752260135068009,-1.5338007245829783,0.8513997106635237,0,433.9490051269531
49111.0,8.0,66,45,1,10.588308289034062,-1.3069282179467725,0.613407053921902,0,433.9490051269531
49111.0,8.0,66,46,4,7.985189805762433,-2.5860504064524905,0.848528137423857,0,433.9490051269531
49111.0,8.0,66,47,2,8.400596457199535,-1.9678841682553676,0.848528137423857,0,433.9490051269531
49111.0,8.0,66,48,4,11.146108732154062,-2.7541327399060958,0.6466890965784271,0,433.9490051269531
49111.0,8.0,66,49,2,10.297694133720526,-2.290046370369254,0.8513997106635237,0,433.9490051269531
49111.0,8.0,66,50,1,11.740922837423097,-1.8511623124076557,0.682842712474619,0,433.9490051269531
49111.0,8.0,66,51,1,13.791980161762602,-2.3068213705233873,0.613407053921902,0,433.9490051269531
49111.0,8.0,66,52,5,29.320614814675665,-3.9176057059111855,0.4308640753373011,0,433.9490051269531
49111.0,8.0,66,53,4,39.6716101989548,-3.7936248287842527,0.3414213562373095,0,433.9490051269531
49111.0,8.0,66,54,5,29.790102131129675,-3.7489740312868745,0.482842712474619,0,433.9490051269531
49111.0,8.0,66,55,5,20.02657519868185,-3.6604368714598037,0.3414213562373095,0,433.9490051269531
49111.0,8.0,66,56,4,35.82450491288099,-3.6360854353008607,0.4242640687119285,0,433.9490051269531
49111.0,8.0,66,57,4,26.400921981217937,-3.5272305597344973,0.4242640687119285,0,433.9490051269531
49111.0,8.0,66,58,2,42.18222516087708,-3.5564458598161606,0.382842712474619,0,433.9490051269531
49111.0,8.0,66,59,2,33.05984949645497,-3.4466899078675826,0.4242640687119285,0,433.9490051269531
49111.0,8.0,66,60,5,24.628584570242282,-3.2579660052561876,0.482842712474619,0,433.9490051269531
49111.0,8.0,66,61,5,20.937381463216393,-3.1093056547151203,0.37888543819998316,0,433.9490051269531
49111.0,8.0,66,62,2,39.860991156745605,-3.3933782425383074,0.4242640687119285,0,433.9490051269531
49111.0,8.0,66,63,4,31.66247219033084,-3.2320324711302892,0.4242640687119285,0,433.9490051269531
49111.0,8.0,66,64,1,46.74231041859237,-3.3556809575873716,0.3414213562373095,0,433.9490051269531
49111.0,8.0,66,65,2,38.70990974509461,-3.2155337599210854,0.382842712474619,0,433.9490051269531
49111.0,8.0,66,66,4,31.813057722870546,-3.0088226358530643,0.3414213562373095,0,433.9490051269531
49111.0,8.0,67,1,1,17.267979797166866,0.3702547755974295,0.613407053921902,0,434.9718017578125
49111.0,8.0,67,2,4,13.725620116009448,0.6945053656112468,0.682842712474619,0,434.9718017578125
49111.0,8.0,67,3,2,13.824849017780027,0.32958279882504815,0.8513997106635237,0,434.9718017578125
49111.0,8.0,67,4,1,15.616025523795212,0.010521840243902458,0.682842712474619,0,434.9718017578125
49111.0,8.0,67,5,4,11.0471939760557,0.5068125557778063,0.848528137423857,0,434.9718017578125
49111.0,8.0,67,6,2,12.238230980824454,0.08607843345474953,0.848528137423857,0,434.9718017578125
49111.0,8.0,67,7,5,10.285469224493466,1.1220514744209606,0.613407053921902,0,434.9718017578125
49111.0,8.0,67,8,5,8.829186775960135,0.7865028943457375,0.8513997106635237,0,434.9718017578125
49111.0,8.0,67,9,2,8.982668975321282,0.21768531601090246,0.848528137423857,0,434.9718017578125
49111.0,8.0,67,10,2,11.55085038928345,-0.20665565848243928,0.8513997106635237,0,434.9718017578125
49111.0,8.0,67,11,1,14.145169022404673,-0.3907127024194652,0.613407053921902,0,434.9718017578125
49111.0,8.0,67,12,4,6.049990603330511,0.48635937824542697,0.848528137423857,0,434.9718017578125
49111.0,8.0,67,13,4,8.020984297191813,-0.18586524269274263,0.848528137423857,0,434.9718017578125
49111.0,8.0,67,14,5,4.185263513875258,1.0925392671900016,0.682842712474619,0,434.9718017578125
49111.0,8.0,67,15,5,4.500025941701406,-0.13247804163329813,0.765685424949238,1,434.9718017578125
49111.0,8.0,67,16,4,8.543069487683907,-0.6114929398054211,0.682842712474619,0,434.9718017578125
49111.0,8.0,67,18,1,35.99444193872687,1.3893714589922017,0.37888543819998316,0,434.9718017578125
49111.0,8.0,67,19,1,41.58959168404213,1.6402050297338535,0.3414213562373095,0,434.9718017578125
49111.0,8.0,67,20,2,32.94179324256903,1.5044355460761154,0.482842712474619,0,434.9718017578125
49111.0,8.0,67,21,4,25.310656799597016,1.2801529938989078,0.3414213562373095,0,434.9718017578125
49111.0,8.0,67,22,2,34.95697113304501,1.7045023693355996,0.4242640687119285,0,434.9718017578125
49111.0,8.0,67,23,4,26.028012532411356,1.5550911794965576,0.4242640687119285,0,434.9718017578125
49111.0,8.0,67,24,1,43.082294701669596,1.902720803167644,0.37888543819998316,0,434.9718017578125
49111.0,8.0,67,25,2,38.194474987318756,1.8767568358794269,0.482842712474619,0,434.9718017578125
49111.0,8.0,67,26,2,28.535688622280322,1.7982859560831983,0.4242640687119285,0,434.9718017578125
49111.0,8.0,67,27,5,19.228965930037916,1.6419431038110872,0.482842712474619,0,434.9718017578125
49111.0,8.0,67,28,5,14.915995894809338,1.4924461477518807,0.4538461538461539,0,434.9718017578125
49111.0,8.0,67,29,4,32.420882373990295,1.9928327196704023,0.4242640687119285,0,434.9718017578125
49111.0,8.0,67,30,4,22.507359229792705,1.9442488588506763,0.4242640687119285,0,434.9718017578125
49111.0,8.0,67,31,4,37.25508962099663,-4.141730371871304,0.3414213562373095,0,434.9718017578125
49111.0,8.0,67,32,5,27.26553333898515,-4.127394204611676,0.482842712474619,0,434.9718017578125
49111.0,8.0,67,33,5,17.288056971508716,-4.096496464659683,0.3414213562373095,0,434.9718017578125
49111.0,8.0,67,34,5,27.981622537213543,-3.9479998475996116,0.4308640753373011,0,434.9718017578125
49111.0,8.0,67,36,5,13.545047159479502,-3.17279369627441,0.39440356905077983,0,434.9718017578125
49111.0,8.0,67,38,4,11.787107708990531,-2.372514780158065,0.6466890965784271,0,434.9718017578125
49111.0,8.0,67,40,4,13.958866448373664,-2.59044503337285,0.848528137423857,0,434.9718017578125
49111.0,8.0,67,43,2,16.606143348282888,-2.7445201450468986,0.848528137423857,0,434.9718017578125
49111.0,8.0,67,44,2,16.688253344767094,-2.4430687834606486,0.8513997106635237,0,434.9718017578125
49111.0,8.0,67,45,1,17.611401467683294,-2.245820906466026,0.613407053921902,0,434.9718017578125
49111.0,8.0,67,46,4,19.536582129019088,-2.854392528569348,0.848528137423857,0,434.9718017578125
49111.0,8.0,67,47,2,18.95816035588153,-2.5956103003547293,0.848528137423857,0,434.9718017578125
49111.0,8.0,67,48,4,22.640496586075493,-2.9349056274248966,0.6466890965784271,0,434.9718017578125
49111.0,8.0,67,49,2,21.57141368708843,-2.713436023025887,0.8513997106635237,0,434.9718017578125
49111.0,8.0,67,50,1,21.634687223413152,-2.4814858991125233,0.682842712474619,0,434.9718017578125
49111.0,8.0,67,51,1,25.055323038200015,-2.699016512066697,0.613407053921902,0,434.9718017578125
49111.0,8.0,67,52,5,34.20232870106176,-3.8392714554210077,0.4308640753373011,0,434.9718017578125
49111.0,8.0,67,53,4,45.319902631630164,-3.8092218889156704,0.3414213562373095,0,434.9718017578125
49111.0,8.0,67,54,5,36.18509610504384,-3.7087042785715747,0.482842712474619,0,434.9718017578125
49111.0,8.0,67,55,5,27.655538066038044,-3.543510199411523,0.3414213562373095,0,434.9718017578125
49111.0,8.0,67,56,4,42.9673046500666,-3.6579664279426245,0.4242640687119285,0,434.9718017578125
49111.0,8.0,67,57,4,34.66492282527765,-3.5134098555878537,0.4242640687119285,0,434.9718017578125
49111.0,8.0,67,58,2,49.82988418260684,-3.62112946725051,0.382842712474619,0,434.9718017578125
49111.0,8.0,67,59,2,41.695143161318335,-3.4934466001415156,0.4242640687119285,0,434.9718017578125
49111.0,8.0,67,60,5,34.55361875163948,-3.3087666204138295,0.482842712474619,0,434.9718017578125
49111.0,8.0,67,61,5,31.57034006198004,-3.187205519703898,0.37888543819998316,0,434.9718017578125
49111.0,8.0,67,62,2,48.737183463996026,-3.4792479545343014,0.4242640687119285,0,434.9718017578125
49111.0,8.0,67,63,4,41.60265205000791,-3.3234784700024775,0.4242640687119285,0,434.9718017578125
49111.0,8.0,67,64,1,55.786567744965126,-3.468635977406485,0.3414213562373095,0,434.9718017578125
49111.0,8.0,67,65,2,48.65807996987143,-3.3339256259845906,0.382842712474619,0,434.9718017578125
49111.0,8.0,67,66,4,42.69749819304667,-3.1575379581090854,0.3414213562373095,0,434.9718017578125
49111.0,8.0,68,1,1,16.282028589744982,0.6254960721645689,0.613407053921902,0,435.0857849121094
49111.0,8.0,68,2,4,13.023495862338114,0.9817690418213484,0.682842712474619,0,435.0857849121094
49111.0,8.0,68,3,2,12.81439976459779,0.5926156104392654,0.8513997106635237,0,435.0857849121094
49111.0,8.0,68,4,1,14.450129348123838,0.24362724928934887,0.682842712474619,0,435.0857849121094
49111.0,8.0,68,5,4,10.178008028234705,0.7992568342650762,0.848528137423857,0,435.0857849121094
49111.0,8.0,68,6,2,11.099065017982193,0.33265576227829763,0.848528137423857,0,435.0857849121094
49111.0,8.0,68,7,5,10.075052144941296,1.4526224317609597,0.613407053921902,0,435.0857849121094
49111.0,8.0,68,8,5,8.244686380857452,1.1238188280866392,0.8513997106635237,0,435.0857849121094
49111.0,8.0,68,9,2,7.910262345161651,0.49579720030036467,0.848528137423857,0,435.0857849121094
49111.0,8.0,68,10,2,10.352277392915447,0.008851951898869559,0.8513997106635237,0,435.0857849121094
49111.0,8.0,68,11,1,12.96679702221325,-0.1923206895343179,0.613407053921902,0,435.0857849121094
49111.0,8.0,68,12,4,5.191845188867686,0.850398854730715,0.848528137423857,1,435.0857849121094
49111.0,8.0,68,13,4,6.822950484633057,0.033769182448568524,0.848528137423857,0,435.0857849121094
49111.0,8.0,68,14,5,4.042061672099371,1.5974781932841546,0.6466890965784271,0,435.0857849121094
49111.0,8.0,68,16,4,7.452050473676802,-0.45912049417506956,0.6466890965784271,0,435.0857849121094
49111.0,8.0,68,18,1,36.05409327855426,1.637193272898695,0.37888543819998316,0,435.0857849121094
49111.0,8.0,68,19,1,41.9412238433725,1.882231219780226,0.3414213562373095,0,435.0857849121094
49111.0,8.0,68,20,2,33.1400218946978,1.7548038415601126,0.482842712474619,0,435.0857849121094
49111.0,8.0,68,21,4,25.247887929136205,1.542096399100167,0.3414213562373095,0,435.0857849121094
49111.0,8.0,68,22,2,35.38399445191035,1.950937356710324,0.4242640687119285,0,435.0857849121094
49111.0,8.0,68,23,4,26.29109843795033,1.8143865998684472,0.4242640687119285,0,435.0857849121094
49111.0,8.0,68,24,1,43.717224050870485,2.140735888961185,0.37888543819998316,0,435.0857849121094
49111.0,8.0,68,25,2,38.8045496760959,2.1181463226405444,0.482842712474619,0,435.0857849121094
49111.0,8.0,68,26,2,29.06867505177638,2.050153515809248,0.4242640687119285,0,435.0857849121094
49111.0,8.0,68,27,5,19.60057812838536,1.9152384749445637,0.482842712474619,0,435.0857849121094
49111.0,8.0,68,28,5,15.125477176523209,1.7856265777635638,0.4538461538461539,0,435.0857849121094
49111.0,8.0,68,29,4,33.147456636332436,2.2365024494355366,0.4242640687119285,0,435.0857849121094
49111.0,8.0,68,30,4,23.19372059758225,2.2018491227018853,0.4242640687119285,0,435.0857849121094
49111.0,8.0,68,31,4,38.11193899094235,-3.9048977152251756,0.3414213562373095,0,435.0857849121094
49111.0,8.0,68,32,5,28.13742503056176,-3.8831093232299545,0.482842712474619,0,435.0857849121094
49111.0,8.0,68,33,5,18.19091754287439,-3.8374480327976075,0.3414213562373095,0,435.0857849121094
49111.0,8.0,68,34,5,28.984100751840515,-3.710338414552235,0.4308640753373011,0,435.0857849121094
49111.0,8.0,68,36,5,14.725185663941355,-2.973049240069574,0.39440356905077983,0,435.0857849121094
49111.0,8.0,68,38,4,12.491032244723248,-2.2378993058055667,0.6466890965784271,0,435.0857849121094
49111.0,8.0,68,40,4,14.846174343399115,-2.431840500001277,0.848528137423857,0,435.0857849121094
49111.0,8.0,68,43,2,17.60090619060531,-2.569045800133335,0.848528137423857,0,435.0857849121094
49111.0,8.0,68,44,2,17.44675601884414,-2.282877479416266,0.8513997106635237,0,435.0857849121094
49111.0,8.0,68,45,1,18.175738592323682,-2.090344473674023,0.613407053921902,0,435.0857849121094
49111.0,8.0,68,46,4,20.59550690870158,-2.6678000089659286,0.848528137423857,0,435.0857849121094
49111.0,8.0,68,47,2,19.843696774466206,-2.4226710767630806,0.848528137423857,0,435.0857849121094
49111.0,8.0,68,48,4,23.73937469526653,-2.7409649075905977,0.6466890965784271,0,435.0857849121094
49111.0,8.0,68,49,2,22.5423004099592,-2.530723301215322,0.8513997106635237,0,435.0857849121094
49111.0,8.0,68,50,1,22.4221476362866,-2.307928297896247,0.682842712474619,0,435.0857849121094
49111.0,8.0,68,51,1,26.014605399707634,-2.512577039343353,0.613407053921902,0,435.0857849121094
49111.0,8.0,68,52,5,35.26817416006412,-3.6088947579686397,0.4308640753373011,0,435.0857849121094
49111.0,8.0,68,53,4,46.40056814227387,-3.583325928467626,0.3414213562373095,0,435.0857849121094
49111.0,8.0,68,54,5,37.3122971368284,-3.4830236950925184,0.482842712474619,0,435.0857849121094
49111.0,8.0,68,55,5,28.834047779112538,-3.321179379554577,0.3414213562373095,0,435.0857849121094
49111.0,8.0,68,56,4,44.113189975547506,-3.435301273939752,0.4242640687119285,0,435.0857849121094
49111.0,8.0,68,57,4,35.84924439259379,-3.2935854926418955,0.4242640687119285,0,435.0857849121094
49111.0,8.0,68,58,2,50.987641071249,-3.400384595090451,0.382842712474619,0,435.0857849121094
49111.0,8.0,68,59,2,42.882797666566596,-3.27503287550782,0.4242640687119285,0,435.0857849121094
49111.0,8.0,68,60,5,35.75093186775502,-3.095766635126817,0.482842712474619,0,435.0857849121094
49111.0,8.0,68,61,5,32.75250412202779,-2.9787709805849896,0.37888543819998316,0,435.0857849121094
49111.0,8.0,68,62,2,49.926950116179356,-3.2617118370698988,0.4242640687119285,0,435.0857849121094
49111.0,8.0,68,63,4,42.80064417277658,-3.109805080525293,0.4242640687119285,0,435.0857849121094
49111.0,8.0,68,64,1,56.97777075399874,-3.2516862417639594,0.3414213562373095,0,435.0857849121094
49111.0,8.0,68,65,2,49.85640534371092,-3.1198715803611208,0.382842712474619,0,435.0857849121094
49111.0,8.0,68,66,4,43.873180275626,-2.9483402426857155,0.3414213562373095,0,435.0857849121094
49111.0,8.0,69,1,1,13.388239560076197,-0.3501181829105309,0.613407053921902,0,435.4114990234375
49111.0,8.0,69,2,4,10.585436036925538,0.10933586287098684,0.682842712474619,0,435.4114990234375
49111.0,8.0,69,3,2,9.904380820453563,-0.3792760953156358,0.8513997106635237,0,435.4114990234375
49111.0,8.0,69,4,1,11.581971454864451,-0.8226754463094126,0.682842712474619,0,435.4114990234375
49111.0,8.0,69,5,4,7.474028928251016,-0.07971293721012973,0.848528137423857,0,435.4114990234375
49111.0,8.0,69,6,2,8.179633962779729,-0.7238706836086242,0.848528137423857,0,435.4114990234375
49111.0,8.0,69,7,5,8.839895082114328,0.7235255115821806,0.613407053921902,0,435.4114990234375
49111.0,8.0,69,8,5,6.214938246201461,0.40990417232346754,0.7685569981889047,1,435.4114990234375
49111.0,8.0,69,9,2,4.966966956687376,-0.49177427565547394,0.848528137423857,0,435.4114990234375
49111.0,8.0,69,10,2,7.7920513405361245,-1.167690861515931,0.8513997106635237,0,435.4114990234375
49111.0,8.0,69,11,1,10.756290086961183,-1.3713189912071733,0.613407053921902,0,435.4114990234375
49111.0,8.0,69,13,4,4.298885097012417,-1.2620126309965185,0.848528137423857,0,435.4114990234375
49111.0,8.0,69,14,5,3.8986483191426164,-4.939529270189698,0.5052677403411177,0,435.4114990234375
49111.0,8.0,69,16,4,6.106559211684324,-1.8640990323897548,0.6466890965784271,0,435.4114990234375
49111.0,8.0,69,18,1,35.0524883102997,0.7015262518655359,0.37888543819998316,0,435.4114990234375
49111.0,8.0,69,19,1,41.631242251060684,0.9387256918629392,0.3414213562373095,0,435.4114990234375
49111.0,8.0,69,20,2,32.48462618002481,0.828752078075595,0.482842712474619,0,435.4114990234375
49111.0,8.0,69,21,4,24.027932594074887,0.6374285067713714,0.3414213562373095,0,435.4114990234375
49111.0,8.0,69,22,2,35.2956036359131,1.0206632444831119,0.4242640687119285,0,435.4114990234375
49111.0,8.0,69,23,4,25.843185614643865,0.9125473412312939,0.4242640687119285,0,435.4114990234375
49111.0,8.0,69,24,1,44.16178246681496,1.1933952077146524,0.37888543819998316,0,435.4114990234375
49111.0,8.0,69,25,2,39.19576933791467,1.17940652025894,0.482842712474619,0,435.4114990234375
49111.0,8.0,69,26,2,29.298446045489595,1.1372248664287845,0.4242640687119285,0,435.4114990234375
49111.0,8.0,69,27,5,19.506141273196963,1.0523881766548668,0.482842712474619,0,435.4114990234375
49111.0,8.0,69,28,5,14.715123197399489,0.967932327286948,0.4538461538461539,0,435.4114990234375
49111.0,8.0,69,29,4,33.89583512244527,-4.975269587863188,0.4242640687119285,0,435.4114990234375
49111.0,8.0,69,30,4,23.895988059451472,-4.9733263138976715,0.4242640687119285,0,435.4114990234375
49111.0,8.0,69,31,4,39.23590621631573,-4.8480858232331485,0.3414213562373095,0,435.4114990234375
49111.0,8.0,69,32,5,29.352119911600536,-4.803288410351635,0.482842712474619,0,435.4114990234375
49111.0,8.0,69,33,5,19.58666765926327,-4.7134597290185,0.3414213562373095,0,435.4114990234375
49111.0,8.0,69,34,5,30.628760089452403,-4.6418829585866614,0.4308640753373011,0,435.4114990234375
49111.0,8.0,69,36,5,17.57487295283794,-3.9398283329032524,0.39440356905077983,0,435.4114990234375
49111.0,8.0,69,38,4,15.197590795841547,-3.336374796619613,0.6466890965784271,0,435.4114990234375
49111.0,8.0,69,40,4,17.712456492017484,-3.487983300351517,0.848528137423857,0,435.4114990234375
49111.0,8.0,69,43,2,20.53035469653111,-3.6000162418740347,0.848528137423857,0,435.4114990234375
49111.0,8.0,69,44,2,20.187638973146502,-3.354376385216371,0.8513997106635237,0,435.4114990234375
49111.0,8.0,69,45,1,20.676616736096168,-3.1845413210253515,0.613407053921902,0,435.4114990234375
49111.0,8.0,69,46,4,23.542723142175834,-3.684227933127856,0.848528137423857,0,435.4114990234375
49111.0,8.0,69,47,2,22.70033295557288,-3.470629236936774,0.848528137423857,0,435.4114990234375
49111.0,8.0,69,48,4,26.68378087777117,-3.748988651564474,0.6466890965784271,0,435.4114990234375
49111.0,8.0,69,49,2,25.457208513064288,-3.5627407677665266,0.8513997106635237,0,435.4114990234375
49111.0,8.0,69,50,1,25.1816355430373,-3.3652403095357135,0.682842712474619,0,435.4114990234375
49111.0,8.0,69,51,1,28.92094857013186,-3.544221262373092,0.613407053921902,0,435.4114990234375
49111.0,8.0,69,52,5,37.130171593796355,-4.55940631787736,0.4308640753373011,0,435.4114990234375
49111.0,8.0,69,53,4,48.302515847599125,-4.549423693389892,0.3414213562373095,0,435.4114990234375
49111.0,8.0,69,54,5,39.43632391459703,-4.443405055569624,0.482842712474619,0,435.4114990234375
49111.0,8.0,69,55,5,31.262025695505894,-4.279166468390209,0.3414213562373095,0,435.4114990234375
49111.0,8.0,69,56,4,46.32226615640201,-4.40579431486209,0.4242640687119285,0,435.4114990234375
49111.0,8.0,69,57,4,38.31243856183002,-4.263560953712134,0.4242640687119285,0,435.4114990234375
49111.0,8.0,69,58,2,53.256746425519424,-4.377946737496471,0.382842712474619,0,435.4114990234375
49111.0,8.0,69,59,2,45.36928086846351,-4.252808092055491,0.4242640687119285,0,435.4114990234375
49111.0,8.0,69,60,5,38.47677550433485,-4.0791809573986395,0.482842712474619,0,435.4114990234375
49111.0,8.0,69,61,5,35.58802546581798,-3.968838414339789,0.37888543819998316,0,435.4114990234375
49111.0,8.0,69,62,2,52.42995655623852,-4.2449506632337,0.4242640687119285,0,435.4114990234375
49111.0,8.0,69,63,4,45.508141592230636,-4.0970628556931885,0.4242640687119285,0,435.4114990234375
49111.0,8.0,69,64,1,59.49310079712259,-4.238958634655835,0.3414213562373095,0,435.4114990234375
49111.0,8.0,69,65,2,52.550163169547254,-4.11015550343317,0.382842712474619,0,435.4114990234375
49111.0,8.0,69,66,4,46.729115718527076,-3.945885246927348,0.3414213562373095,0,435.4114990234375
49111.0,8.0,70,1,1,11.79455359893096,-1.0068761475858263,0.613407053921902,0,435.6658935546875
49111.0,8.0,70,2,4,8.35497523577793,-0.4933640183844834,0.6466890965784271,0,435.6658935546875
49111.0,8.0,70,3,2,8.41637168994886,-1.0987818320930218,0.8513997106635237,0,435.6658935546875
49111.0,8.0,70,4,1,11.039248781338465,-1.5440761305416495,0.682842712474619,0,435.6658935546875
49111.0,8.0,70,5,4,5.50470346645238,-0.8030586101821298,0.848528137423857,0,435.6658935546875
49111.0,8.0,70,6,2,7.505428800973533,-1.5319832163495406,0.848528137423857,0,435.6658935546875
49111.0,8.0,70,7,5,6.617961711942427,0.3153331834614512,0.4815389220537701,1,435.6658935546875
49111.0,8.0,70,9,2,3.974658389935317,-1.4983907584297,0.848528137423857,0,435.6658935546875
49111.0,8.0,70,10,2,8.17481562786546,-1.9788948655354215,0.8513997106635237,0,435.6658935546875
49111.0,8.0,70,11,1,11.502104216734887,-2.0909377299307113,0.613407053921902,0,435.6658935546875
49111.0,8.0,70,13,4,5.12777323794584,-2.2567516686954545,0.848528137423857,0,435.6658935546875
49111.0,8.0,70,14,5,3.1194238213304097,-4.8023139625695865,0.43175884674785275,0,435.6658935546875
49111.0,8.0,70,16,4,7.860674744759761,-2.6119153989375405,0.6466890965784271,0,435.6658935546875
49111.0,8.0,70,18,1,32.783104051314155,0.20506503308883506,0.37888543819998316,0,435.6658935546875
49111.0,8.0,70,19,1,39.59337199161977,0.451801379262196,0.3414213562373095,0,435.6658935546875
49111.0,8.0,70,20,2,30.326465473783806,0.3432896651983315,0.482842712474619,0,435.6658935546875
49111.0,8.0,70,21,4,21.719896652572302,0.1445653594792291,0.3414213562373095,0,435.6658935546875
49111.0,8.0,70,22,2,33.37105637814005,0.5442428070816305,0.4242640687119285,0,435.6658935546875
49111.0,8.0,70,23,4,23.784171338493632,0.44323061119665264,0.4242640687119285,0,435.6658935546875
49111.0,8.0,70,24,1,42.50330102733777,0.715714939556269,0.37888543819998316,0,435.6658935546875
49111.0,8.0,70,25,2,37.51746659162105,0.7062964200238682,0.482842712474619,0,435.6658935546875
49111.0,8.0,70,26,2,27.561199210470186,0.6772433609917505,0.4242640687119285,0,435.6658935546875
49111.0,8.0,70,27,5,17.654435827435623,0.6154720735207122,0.482842712474619,0,435.6658935546875
49111.0,8.0,70,28,5,12.755736184868075,0.5487306470767117,0.44328887294614544,0,435.6658935546875
49111.0,8.0,70,29,4,32.45847497310406,-5.435199862103659,0.4242640687119285,0,435.6658935546875
49111.0,8.0,70,30,4,22.48581775354063,-5.407845007935957,0.4242640687119285,0,435.6658935546875
49111.0,8.0,70,31,4,38.04583411150323,-5.311797869381911,0.3414213562373095,0,435.6658935546875
49111.0,8.0,70,32,5,28.27622491963599,-5.246718401829291,0.482842712474619,0,435.6658935546875
49111.0,8.0,70,33,5,18.751114584783053,-5.114380022276645,0.3414213562373095,0,435.6658935546875
49111.0,8.0,70,34,5,29.90831811719198,-5.084022081249049,0.4308640753373011,0,435.6658935546875
49111.0,8.0,70,36,5,18.536151014277618,-4.336435394936133,0.39440356905077983,0,435.6658935546875
49111.0,8.0,70,38,4,17.19442633209743,-3.7739755345408623,0.6466890965784271,0,435.6658935546875
49111.0,8.0,70,40,4,19.496531607445608,-3.9206628458057553,0.848528137423857,0,435.6658935546875
49111.0,8.0,70,43,2,22.12648170293519,-4.034490434766081,0.848528137423857,0,435.6658935546875
49111.0,8.0,70,44,2,22.149738007101483,-3.8081551732009062,0.8513997106635237,0,435.6658935546875
49111.0,8.0,70,45,1,22.82721368556121,-3.655297248672438,0.613407053921902,0,435.6658935546875
49111.0,8.0,70,46,4,24.980945546166303,-4.1232526658570805,0.848528137423857,0,435.6658935546875
49111.0,8.0,70,47,2,24.496476106032805,-3.921740849747343,0.848528137423857,0,435.6658935546875
49111.0,8.0,70,48,4,27.99132165887717,-4.193382495740979,0.6466890965784271,0,435.6658935546875
49111.0,8.0,70,49,2,27.102468327509143,-4.014503271539979,0.8513997106635237,0,435.6658935546875
49111.0,8.0,70,50,1,27.121458122242366,-3.829821811800671,0.682842712474619,0,435.6658935546875
49111.0,8.0,70,51,1,30.59031884876249,-4.00438384145135,0.613407053921902,0,435.6658935546875
49111.0,8.0,70,52,5,36.58470156034561,-5.013588450253075,0.4308640753373011,0,435.6658935546875
49111.0,8.0,70,53,4,47.76341259465287,-5.018153763676617,0.3414213562373095,0,435.6658935546875
49111.0,8.0,70,54,5,39.15868977829653,-4.900276086856176,0.482842712474619,0,435.6658935546875
49111.0,8.0,70,55,5,31.3920752359363,-4.720369967037288,0.3414213562373095,0,435.6658935546875
49111.0,8.0,70,56,4,46.12305151237573,-4.871478947598247,0.4242640687119285,0,435.6658935546875
49111.0,8.0,70,57,4,38.462907889018034,-4.718710366870106,0.4242640687119285,0,435.6658935546875
49111.0,8.0,70,58,2,53.11561706761643,-4.850250029487611,0.382842712474619,0,435.6658935546875
49111.0,8.0,70,59,2,45.53381357781804,-4.7175662000044785,0.4242640687119285,0,435.6658935546875
49111.0,8.0,70,60,5,39.05621053565369,-4.5366629118090795,0.482842712474619,0,435.6658935546875
49111.0,8.0,70,61,5,36.420012117491346,-4.423953828891994,0.37888543819998316,0,435.6658935546875
49111.0,8.0,70,62,2,52.60476285090435,-4.716729622137596,0.4242640687119285,0,435.6658935546875
49111.0,8.0,70,63,4,46.03607799395716,-4.563360348488574,0.4242640687119285,0,435.6658935546875
49111.0,8.0,70,64,1,59.67574021543668,-4.716091296100249,0.3414213562373095,0,435.6658935546875
49111.0,8.0,70,65,2,53.040110979579474,-4.583017999598127,0.382842712474619,0,435.6658935546875
49111.0,8.0,70,66,4,47.59530202858185,-4.41588357456633,0.3414213562373095,0,435.6658935546875
49111.0,8.0,71,1,1,11.659744383996836,-1.7690191001853313,0.613407053921902,0,435.923095703125
49111.0,8.0,71,2,4,7.129736799400271,-1.316575195313572,0.6466890965784271,0,435.923095703125
49111.0,8.0,71,3,2,8.591364735174759,-1.9374485201782128,0.8513997106635237,0,435.923095703125
49111.0,8.0,71,4,1,12.115690207201837,-2.2868555206381487,0.682842712474619,0,435.923095703125
49111.0,8.0,71,5,4,5.1660426483035415,-1.8058810215177503,0.848528137423857,0,435.923095703125
49111.0,8.0,71,6,2,8.640972041858086,-2.350680863308799,0.848528137423857,0,435.923095703125
49111.0,8.0,71,9,2,5.248127900447904,-2.4984636901053614,0.848528137423857,0,435.923095703125
49111.0,8.0,71,10,2,10.026028508015612,-2.701970765067642,0.8513997106635237,0,435.923095703125
49111.0,8.0,71,11,1,13.466852953544832,-2.757132032127602,0.613407053921902,0,435.923095703125
49111.0,8.0,71,13,4,7.3073727340835966,-2.9668141110646356,0.848528137423857,0,435.923095703125
49111.0,8.0,71,14,5,2.880233275627682,-4.556772592493811,0.39440356905077983,0,435.923095703125
49111.0,8.0,71,16,4,10.210413610143178,-3.2009743217549733,0.6466890965784271,0,435.923095703125
49111.0,8.0,71,18,1,30.470945899577874,-0.3710261677252831,0.37888543819998316,0,435.923095703125
49111.0,8.0,71,19,1,37.23241920817788,-0.1058968439564838,0.3414213562373095,0,435.923095703125
49111.0,8.0,71,20,2,27.968014632105316,-0.22261876327314178,0.482842712474619,0,435.923095703125
49111.0,8.0,71,21,4,19.446507265568822,-0.44747837456437134,0.3414213562373095,0,435.923095703125
49111.0,8.0,71,22,2,31.03164094475557,-0.0058702177142304635,0.4242640687119285,0,435.923095703125
49111.0,8.0,71,23,4,21.42240747657448,-0.11328431512806425,0.4242640687119285,0,435.923095703125
49111.0,8.0,71,24,1,40.258380938665695,0.17300776394457795,0.37888543819998316,0,435.923095703125
49111.0,8.0,71,25,2,35.266352759915556,0.16551748157354318,0.482842712474619,0,435.923095703125
49111.0,8.0,71,26,2,25.291746467078298,0.14166998609664105,0.4242640687119285,0,435.923095703125
49111.0,8.0,71,27,5,15.350219598531208,0.08685932524886342,0.482842712474619,0,435.923095703125
49111.0,8.0,71,28,5,10.421499071976816,0.020334065624438846,0.37888543819998316,1,435.923095703125
49111.0,8.0,71,29,4,30.33851243250962,-5.962477914389853,0.4242640687119285,0,435.923095703125
49111.0,8.0,71,30,4,20.40544385662083,-5.916050878818181,0.4242640687119285,0,435.923095703125
49111.0,8.0,71,31,4,36.07184821824512,-5.837288808435587,0.3414213562373095,0,435.923095703125
49111.0,8.0,71,32,5,26.40331487234658,-5.754529580394175,0.482842712474619,0,435.923095703125
49111.0,8.0,71,33,5,17.119925193073776,-5.579461160360192,0.3414213562373095,0,435.923095703125
49111.0,8.0,71,34,5,28.299581881980753,-5.585076408820244,0.4308640753373011,0,435.923095703125
49111.0,8.0,71,36,5,18.614812324541894,-4.769761376061928,0.39440356905077983,0,435.923095703125
49111.0,8.0,71,38,4,18.505892041349448,-4.224270047544098,0.6466890965784271,0,435.923095703125
49111.0,8.0,71,40,4,20.502304477237857,-4.374212977763802,0.848528137423857,0,435.923095703125
49111.0,8.0,71,43,2,22.87402320337754,-4.495364198838096,0.848528137423857,0,435.923095703125
49111.0,8.0,71,44,2,23.37090795610509,-4.27976495155492,0.8513997106635237,0,435.923095703125
49111.0,8.0,71,45,1,24.33175331786827,-4.138514526789047,0.613407053921902,0,435.923095703125
49111.0,8.0,71,46,4,25.516610004856457,-4.59262312716793,0.848528137423857,0,435.923095703125
49111.0,8.0,71,47,2,25.476965818637485,-4.396210534905504,0.848528137423857,0,435.923095703125
49111.0,8.0,71,48,4,28.354432365526687,-4.671040333509519,0.6466890965784271,0,435.923095703125
49111.0,8.0,71,49,2,27.873862953586276,-4.493778847793757,0.8513997106635237,0,435.923095703125
49111.0,8.0,71,50,1,28.283045047154864,-4.316065184224358,0.682842712474619,0,435.923095703125
49111.0,8.0,71,51,1,31.373781169440957,-4.49296975367785,0.613407053921902,0,435.923095703125
49111.0,8.0,71,52,5,35.09443306220385,-5.5229666382390485,0.4308640753373011,0,435.923095703125
49111.0,8.0,71,53,4,46.25358070502215,-5.54004469944175,0.3414213562373095,0,435.923095703125
49111.0,8.0,71,54,5,37.88602025027387,-5.409143920160455,0.482842712474619,0,435.923095703125
49111.0,8.0,71,55,5,30.517328401620052,-5.209996555140395,0.3414213562373095,0,435.923095703125
49111.0,8.0,71,56,4,44.901040385126215,-5.387600497128357,0.4242640687119285,0,435.923095703125
49111.0,8.0,71,57,4,37.577389877889324,-5.221642526121912,0.4242640687119285,0,435.923095703125
49111.0,8.0,71,58,2,51.931265389255714,-5.371884241808392,0.382842712474619,0,435.923095703125
49111.0,8.0,71,59,2,44.6409355558043,-5.229603820775065,0.4242640687119285,0,435.923095703125
49111.0,8.0,71,60,5,38.58458150175581,-5.037575020927193,0.482842712474619,0,435.923095703125
49111.0,8.0,71,61,5,36.21806635989446,-4.9196846177091,0.37888543819998316,0,435.923095703125
49111.0,8.0,71,62,2,51.70653754178523,-5.235389611047578,0.4242640687119285,0,435.923095703125
49111.0,8.0,71,63,4,45.492008385300046,-5.073676525542178,0.4242640687119285,0,435.923095703125
49111.0,8.0,71,64,1,58.773454227419876,-5.239784154203104,0.3414213562373095,0,435.923095703125
49111.0,8.0,71,65,2,52.443071269623246,-5.100235279454841,0.382842712474619,0,435.923095703125
49111.0,8.0,71,66,4,47.394435607557845,-4.926875941009748,0.3414213562373095,0,435.923095703125
49111.0,8.0,72,1,1,16.382940721497484,-2.4366094398286635,0.613407053921902,0,436.5049133300781
49111.0,8.0,72,2,4,10.3227497768429,-2.380934004148598,0.6466890965784271,0,436.5049133300781
49111.0,8.0,72,3,2,14.364376566199365,-2.6232670945931744,0.8513997106635237,0,436.5049133300781
49111.0,8.0,72,4,1,18.870915857897433,-2.754914193225825,0.682842712474619,0,436.5049133300781
49111.0,8.0,72,5,4,10.993852224087345,-2.708240300624995,0.848528137423857,0,436.5049133300781
49111.0,8.0,72,6,2,15.672936479975206,-2.842606262061728,0.848528137423857,0,436.5049133300781
49111.0,8.0,72,9,2,12.65584491430068,-2.9735689412836956,0.848528137423857,0,436.5049133300781
49111.0,8.0,72,10,2,17.605299249802535,-3.021082237521746,0.8513997106635237,0,436.5049133300781
49111.0,8.0,72,11,1,21.08411410283308,-3.041040117295106,0.613407053921902,0,436.5049133300781
49111.0,8.0,72,13,4,14.982524295478065,-3.167192580598378,0.848528137423857,0,436.5049133300781
49111.0,8.0,72,14,5,8.014321909794736,-3.5096403803723835,0.39440356905077983,0,436.5049133300781
49111.0,8.0,72,16,4,17.71388320031355,-3.3051027374566906,0.6466890965784271,0,436.5049133300781
49111.0,8.0,72,18,1,24.49506510167849,-0.7736808100221579,0.37888543819998316,0,436.5049133300781
49111.0,8.0,72,19,1,30.071431763954735,-0.4147090140063603,0.3414213562373095,0,436.5049133300781
49111.0,8.0,72,20,2,21.303598538620665,-0.6049892381522164,0.482842712474619,0,436.5049133300781
49111.0,8.0,72,21,4,14.26168338784925,-1.0151950791003141,0.3414213562373095,0,436.5049133300781
49111.0,8.0,72,22,2,23.619954612016215,-0.3060467497579289,0.4242640687119285,0,436.5049133300781
49111.0,8.0,72,23,4,14.403282897806347,-0.5167856233605534,0.4242640687119285,0,436.5049133300781
49111.0,8.0,72,24,1,32.59118055352436,-0.06498631829411794,0.37888543819998316,0,436.5049133300781
49111.0,8.0,72,25,2,27.603644705956704,-0.0767496351369159,0.482842712474619,0,436.5049133300781
49111.0,8.0,72,26,2,17.649745137344798,-0.12020547265499593,0.4242640687119285,0,436.5049133300781
49111.0,8.0,72,27,5,7.814461323326199,-0.2742684183009718,0.382842712474619,1,436.5049133300781
49111.0,8.0,72,29,4,22.70622048233065,-6.155849416355576,0.4242640687119285,0,436.5049133300781
49111.0,8.0,72,30,4,12.850087585411496,-6.056862011179024,0.4242640687119285,0,436.5049133300781
49111.0,8.0,72,31,4,28.62920525916145,-6.004214910357483,0.3414213562373095,0,436.5049133300781
49111.0,8.0,72,32,5,19.214153536696124,-5.860405589096722,0.482842712474619,0,436.5049133300781
49111.0,8.0,72,33,5,10.896604906679276,-5.4743507484837535,0.3414213562373095,0,436.5049133300781
49111.0,8.0,72,34,5,21.748995206468393,-5.649184698377206,0.4308640753373011,0,436.5049133300781
49111.0,8.0,72,36,5,18.05432063444392,-4.574723410584103,0.39440356905077983,0,436.5049133300781
49111.0,8.0,72,38,4,21.8062100313613,-4.103197385228095,0.6466890965784271,0,436.5049133300781
49111.0,8.0,72,40,4,22.694498640008216,-4.257181066268152,0.848528137423857,0,436.5049133300781
49111.0,8.0,72,43,2,24.074254736353264,-4.396558168592276,0.848528137423857,0,436.5049133300781
49111.0,8.0,72,44,2,26.064264660471338,-4.2131870651677135,0.8513997106635237,0,436.5049133300781
49111.0,8.0,72,45,1,27.90948222589022,-4.102861847717514,0.613407053921902,0,436.5049133300781
49111.0,8.0,72,46,4,25.866952153284707,-4.518749674390547,0.848528137423857,0,436.5049133300781
49111.0,8.0,72,47,2,27.274078625694905,-4.337866919759808,0.848528137423857,0,436.5049133300781
49111.0,8.0,72,48,4,27.993368612759223,-4.623765801344868,0.6466890965784271,0,436.5049133300781
49111.0,8.0,72,49,2,28.8687519208933,-4.450380431360453,0.8513997106635237,0,436.5049133300781
49111.0,8.0,72,50,1,30.54801120613825,-4.291623632819744,0.682842712474619,0,436.5049133300781
49111.0,8.0,72,51,1,32.262042789035505,-4.478484451788644,0.613407053921902,0,436.5049133300781
49111.0,8.0,72,52,5,28.758959259159063,-5.612093580798544,0.4308640753373011,0,436.5049133300781
49111.0,8.0,72,53,4,39.76632409047496,-5.67003169664544,0.3414213562373095,0,436.5049133300781
49111.0,8.0,72,54,5,32.10783135045442,-5.489834054346413,0.482842712474619,0,436.5049133300781
49111.0,8.0,72,55,5,26.085726679350113,-5.213097708000998,0.3414213562373095,0,436.5049133300781
49111.0,8.0,72,56,4,39.17871589534564,-5.491269432201352,0.4242640687119285,0,436.5049133300781
49111.0,8.0,72,57,4,32.932113226586964,-5.273439465251033,0.4242640687119285,0,436.5049133300781
49111.0,8.0,72,58,2,46.24965647858581,-5.492265912292259,0.382842712474619,0,436.5049133300781
49111.0,8.0,72,59,2,39.8570323374399,-5.312918376599251,0.4242640687119285,0,436.5049133300781
49111.0,8.0,72,60,5,35.18714721468997,-5.076244008093396,0.482842712474619,0,436.5049133300781
49111.0,8.0,72,61,5,33.732943546161685,-4.937277998224298,0.37888543819998316,0,436.5049133300781
49111.0,8.0,72,62,2,46.825655061373304,-5.340679937033889,0.4242640687119285,0,436.5049133300781
49111.0,8.0,72,63,4,41.73960079214043,-5.145616583929499,0.4242640687119285,0,436.5049133300781
49111.0,8.0,72,64,1,53.82100813906872,-5.361237508440285,0.3414213562373095,0,436.5049133300781
49111.0,8.0,72,65,2,48.43813806770689,-5.1959921265788624,0.382842712474619,0,436.5049133300781
49111.0,8.0,72,66,4,44.67443924468185,-4.996498858276591,0.3414213562373095,0,436.5049133300781
49111.0,8.0,73,1,1,19.46726634925467,0.5768076362985629,0.613407053921902,0,436.9147033691406
49111.0,8.0,73,2,4,13.369101192884903,0.5613255516067192,0.6466890965784271,0,436.9147033691406
49111.0,8.0,73,3,2,17.801938842842375,0.4112542207835837,0.8513997106635237,0,436.9147033691406
49111.0,8.0,73,4,1,22.47410034735548,0.3221987801009013,0.682842712474619,0,436.9147033691406
49111.0,8.0,73,5,4,14.568407422040845,0.3224420143228628,0.848528137423857,0,436.9147033691406
49111.0,8.0,73,6,2,19.37562011067719,0.24057678973789978,0.848528137423857,0,436.9147033691406
49111.0,8.0,73,9,2,16.4543040850579,0.1289857384870343,0.848528137423857,0,436.9147033691406
49111.0,8.0,73,10,2,21.4224247643038,0.09895932813961866,0.8513997106635237,0,436.9147033691406
49111.0,8.0,73,11,1,24.90770151345461,0.08507592250404307,0.613407053921902,0,436.9147033691406
49111.0,8.0,73,13,4,18.821523610816723,-0.020377530895264884,0.848528137423857,0,436.9147033691406
49111.0,8.0,73,14,5,11.679172035041798,-0.24947301913845799,0.39440356905077983,0,436.9147033691406
49111.0,8.0,73,16,4,21.511749792648427,-0.13444816068376902,0.6466890965784271,0,436.9147033691406
49111.0,8.0,73,18,1,21.91305261011283,2.2451521174444737,0.37888543819998316,0,436.9147033691406
49111.0,8.0,73,19,1,26.601967057633505,2.6686886669723675,0.3414213562373095,0,436.9147033691406
49111.0,8.0,73,20,2,18.276131183946607,2.4168163194260806,0.482842712474619,0,436.9147033691406
49111.0,8.0,73,21,4,12.663699726787302,1.8658410468296935,0.3308640753373011,0,436.9147033691406
49111.0,8.0,73,22,2,19.99189604698301,2.77764213141875,0.4242640687119285,0,436.9147033691406
49111.0,8.0,73,23,4,11.226229432484537,2.4549860898818703,0.4242640687119285,0,436.9147033691406
49111.0,8.0,73,24,1,28.760366551823022,3.067935547634773,0.37888543819998316,0,436.9147033691406
49111.0,8.0,73,25,2,23.77677110235795,3.052459632404539,0.482842712474619,0,436.9147033691406
49111.0,8.0,73,26,2,13.845113353502432,2.988121779850616,0.4242640687119285,0,436.9147033691406
49111.0,8.0,73,29,4,18.903600193399157,-2.988457248152069,0.4242640687119285,0,436.9147033691406
49111.0,8.0,73,30,4,9.148684057791476,-2.820943183358954,0.4242640687119285,1,436.9147033691406
49111.0,8.0,73,31,4,24.960068845506616,-2.820245682590869,0.3414213562373095,0,436.9147033691406
49111.0,8.0,73,32,5,15.791053051960695,-2.618872375018438,0.482842712474619,0,436.9147033691406
49111.0,8.0,73,33,5,8.701130743026702,-2.0077789194732176,0.3308640753373011,0,436.9147033691406
49111.0,8.0,73,34,5,18.793415145978393,-2.3862568594230082,0.4308640753373011,0,436.9147033691406
49111.0,8.0,73,36,5,18.966607199052696,-1.2312158894615965,0.39440356905077983,0,436.9147033691406
49111.0,8.0,73,38,4,24.209182314992894,-0.8311510684821493,0.6466890965784271,0,436.9147033691406
49111.0,8.0,73,40,4,24.625474139817886,-0.9750693422353265,0.848528137423857,0,436.9147033691406
49111.0,8.0,73,43,2,25.529266437974947,-1.11149798091158,0.848528137423857,0,436.9147033691406
49111.0,8.0,73,44,2,28.10550844087005,-0.9513502246474667,0.8513997106635237,0,436.9147033691406
49111.0,8.0,73,45,1,30.27198237018696,-0.8570740625792432,0.613407053921902,0,436.9147033691406
49111.0,8.0,73,46,4,26.871414423349375,-1.2364612694394117,0.848528137423857,0,436.9147033691406
49111.0,8.0,73,47,2,28.900675995036732,-1.0722981587622422,0.848528137423857,0,436.9147033691406
49111.0,8.0,73,48,4,28.5902497603932,-1.3479863606407796,0.6466890965784271,0,436.9147033691406
49111.0,8.0,73,49,2,30.092832057158844,-1.185223368096509,0.8513997106635237,0,436.9147033691406
49111.0,8.0,73,50,1,32.307192714302346,-1.0413252908915696,0.682842712474619,0,436.9147033691406
49111.0,8.0,73,51,1,33.36185109780097,-1.224689316439848,0.613407053921902,0,436.9147033691406
49111.0,8.0,73,52,5,25.862161343353332,-2.3780385429446285,0.4308640753373011,0,436.9147033691406
49111.0,8.0,73,53,4,36.692426548151396,-2.4681796239438847,0.3414213562373095,0,436.9147033691406
49111.0,8.0,73,54,5,29.541267503424635,-2.2554650976093193,0.482842712474619,0,436.9147033691406
49111.0,8.0,73,55,5,24.475269261568904,-1.9334334738375234,0.3414213562373095,0,436.9147033691406
49111.0,8.0,73,56,4,36.58340364440468,-2.274903017454424,0.4242640687119285,0,436.9147033691406
49111.0,8.0,73,57,4,31.05958373717924,-2.026974728914351,0.4242640687119285,0,436.9147033691406
49111.0,8.0,73,58,2,43.6348984038005,-2.2880622368734667,0.382842712474619,0,436.9147033691406
49111.0,8.0,73,59,2,37.82005656298518,-2.0874586304251332,0.4242640687119285,0,436.9147033691406
49111.0,8.0,73,60,5,34.01042484510897,-1.8289397800347598,0.482842712474619,0,436.9147033691406
49111.0,8.0,73,61,5,33.08904891355309,-1.6823144197413926,0.37888543819998316,0,436.9147033691406
49111.0,8.0,73,62,2,44.67679056207985,-2.12949416148352,0.4242640687119285,0,436.9147033691406
49111.0,8.0,73,63,4,40.27862875825535,-1.9173872119983815,0.4242640687119285,0,436.9147033691406
49111.0,8.0,73,64,1,51.591419358537685,-2.1603048955151065,0.3414213562373095,0,436.9147033691406
49111.0,8.0,73,65,2,46.77634948503254,-1.9816565146254908,0.382842712474619,0,436.9147033691406
49111.0,8.0,73,66,4,43.75361917445586,-1.7705603743509186,0.3414213562373095,0,436.9147033691406
49111.0,8.0,74,1,1,25.273528737173056,2.9296093500615323,0.613407053921902,0,437.3965148925781
49111.0,8.0,74,2,4,19.210612682580262,2.8978056878854392,0.6466890965784271,0,437.3965148925781
49111.0,8.0,74,3,2,23.760533411946806,2.8007287132962757,0.8513997106635237,0,437.3965148925781
49111.0,8.0,74,4,1,28.461873733125294,2.7352617963671717,0.682842712474619,0,437.3965148925781
49111.0,8.0,74,5,4,20.556352937956678,2.733097351979256,0.848528137423857,0,437.3965148925781
49111.0,8.0,74,6,2,25.35900144899178,2.672168921634264,0.848528137423857,0,437.3965148925781
49111.0,8.0,74,9,2,22.384808522289546,2.59191457825362,0.848528137423857,0,437.3965148925781
49111.0,8.0,74,10,2,27.32388993096872,2.560450282958019,0.8513997106635237,0,437.3965148925781
49111.0,8.0,74,11,1,30.792948491915848,2.5444412518875783,0.613407053921902,0,437.3965148925781
49111.0,8.0,74,13,4,24.588526980063147,2.4740024837471433,0.848528137423857,0,437.3965148925781
49111.0,8.0,74,14,5,17.090378836022506,2.3517010768835953,0.39440356905077983,0,437.3965148925781
49111.0,8.0,74,16,4,27.076034892853492,2.376591731365368,0.6466890965784271,0,437.3965148925781
49111.0,8.0,74,18,1,20.455749524787073,4.389013566463013,0.37888543819998316,0,437.3965148925781
49111.0,8.0,74,19,1,22.669886996187227,4.90357427152535,0.3414213562373095,0,437.3965148925781
49111.0,8.0,74,20,2,15.96729135389446,4.510992364874512,0.482842712474619,0,437.3965148925781
49111.0,8.0,74,21,4,13.999464630492362,3.84286241422258,0.3308640753373011,0,437.3965148925781
49111.0,8.0,74,22,2,15.682977694282165,4.961268414934392,0.4242640687119285,0,437.3965148925781
49111.0,8.0,74,23,4,9.32665031614276,4.311587052954547,0.4242640687119285,0,437.3965148925781
49111.0,8.0,74,24,1,23.268903651835945,5.3945834423780035,0.37888543819998316,0,437.3965148925781
49111.0,8.0,74,25,2,18.356393587482025,5.349519832771671,0.482842712474619,0,437.3965148925781
49111.0,8.0,74,26,2,8.831070280481581,5.1098365326209745,0.4242640687119285,0,437.3965148925781
49111.0,8.0,74,29,4,12.999584550207912,-0.6337442397640016,0.4242640687119285,0,437.3965148925781
49111.0,8.0,74,31,4,18.97341810684631,-0.3922602719665482,0.3414213562373095,0,437.3965148925781
49111.0,8.0,74,32,5,10.05093087318072,-0.06380338386913698,0.4414213562373095,1,437.3965148925781
49111.0,8.0,74,33,5,6.484738096308228,1.1702359680977876,0.2601533972186464,0,437.3965148925781
49111.0,8.0,74,34,5,13.694448363361829,0.22910416401892242,0.4308640753373011,0,437.3965148925781
49111.0,8.0,74,36,5,20.152316344693915,1.489373957471529,0.39440356905077983,0,437.3965148925781
49111.0,8.0,74,38,4,27.33398014956606,1.7869642876793688,0.6466890965784271,0,437.3965148925781
49111.0,8.0,74,40,4,27.021235517764005,1.6572913089814802,0.848528137423857,0,437.3965148925781
49111.0,8.0,74,43,2,27.168876807775302,1.526825828985837,0.848528137423857,0,437.3965148925781
49111.0,8.0,74,44,2,30.555902463782633,1.6545666298853394,0.8513997106635237,0,437.3965148925781
49111.0,8.0,74,45,1,33.170376712396354,1.727672813823419,0.613407053921902,0,437.3965148925781
49111.0,8.0,74,46,4,27.769561845403146,1.399895367731048,0.848528137423857,0,437.3965148925781
49111.0,8.0,74,47,2,30.686542220748777,1.5391208692983875,0.848528137423857,0,437.3965148925781
49111.0,8.0,74,48,4,28.794952043288244,1.280168272484656,0.6466890965784271,0,437.3965148925781
49111.0,8.0,74,49,2,31.21961837619731,1.4261400490533518,0.8513997106635237,0,437.3965148925781
49111.0,8.0,74,50,1,34.20789207091726,1.548885847729812,0.682842712474619,0,437.3965148925781
49111.0,8.0,74,51,1,34.20491579798034,1.37022333480981,0.613407053921902,0,437.3965148925781
49111.0,8.0,74,52,5,20.701191080611345,0.17257850218359483,0.4308640753373011,0,437.3965148925781
49111.0,8.0,74,53,4,31.20937999952987,0.022223673448444003,0.3414213562373095,0,437.3965148925781
49111.0,8.0,74,54,5,24.80032291554505,0.2990211583218789,0.482842712474619,0,437.3965148925781
49111.0,8.0,74,55,5,21.356184899826157,0.7098389106781413,0.3414213562373095,0,437.3965148925781
49111.0,8.0,74,56,4,31.71840810782452,0.24685586655814262,0.4242640687119285,0,437.3965148925781
49111.0,8.0,74,57,4,27.33291110830974,0.5532778124025939,0.4242640687119285,0,437.3965148925781
49111.0,8.0,74,58,2,38.69184421908198,0.2134284015796144,0.382842712474619,0,437.3965148925781
49111.0,8.0,74,59,2,33.73558100631974,0.4544107935562689,0.4242640687119285,0,437.3965148925781
49111.0,8.0,74,60,5,31.29089392449847,0.7539752142742298,0.482842712474619,0,437.3965148925781
49111.0,8.0,74,61,5,31.219150388412913,0.9141041661034068,0.37888543819998316,0,437.3965148925781
49111.0,8.0,74,62,2,40.361997250051445,0.3875177633508158,0.4242640687119285,0,437.3965148925781
49111.0,8.0,74,63,4,37.01515147575942,0.6319218573971355,0.4242640687119285,0,437.3965148925781
49111.0,8.0,74,64,1,47.1178545584618,0.3396409157192566,0.3414213562373095,0,437.3965148925781
49111.0,8.0,74,65,2,43.14073289772224,0.5434984093688406,0.382842712474619,0,437.3965148925781
49111.0,8.0,74,66,4,41.25716242924212,0.7768163149654865,0.3414213562373095,0,437.3965148925781
49111.0,8.0,75,1,1,31.793528954458328,2.924072627047707,0.613407053921902,0,437.9819030761719
49111.0,8.0,75,2,4,25.69718151606134,2.9138998108468925,0.6466890965784271,0,437.9819030761719
49111.0,8.0,75,3,2,30.0562462166601,2.825743411354139,0.8513997106635237,0,437.9819030761719
49111.0,8.0,75,4,1,34.58917078224895,2.7602878309164094,0.682842712474619,0,437.9819030761719
49111.0,8.0,75,5,4,26.71818007880247,2.7846284372001593,0.848528137423857,0,437.9819030761719
49111.0,8.0,75,6,2,31.33518701859631,2.7182884357308086,0.848528137423857,0,437.9819030761719
49111.0,8.0,75,9,2,28.149194581323805,2.666672668768905,0.848528137423857,0,437.9819030761719
49111.0,8.0,75,10,2,32.9455604648687,2.6202889820547477,0.8513997106635237,0,437.9819030761719
49111.0,8.0,75,11,1,36.3356975092165,2.595142003477713,0.613407053921902,0,437.9819030761719
49111.0,8.0,75,13,4,29.931474478066423,2.5614298702925624,0.848528137423857,0,437.9819030761719
49111.0,8.0,75,14,5,22.098497137834382,2.519830444612656,0.39440356905077983,0,437.9819030761719
49111.0,8.0,75,16,4,32.00639269403933,2.4689090655019768,0.6466890965784271,0,437.9819030761719
49111.0,8.0,75,18,1,23.815597959162933,4.0616212562194445,0.37888543819998316,0,437.9819030761719
49111.0,8.0,75,19,1,22.8060590098123,4.544059009720114,0.3414213562373095,0,437.9819030761719
49111.0,8.0,75,20,2,18.87278265368466,4.097190019750434,0.482842712474619,0,437.9819030761719
49111.0,8.0,75,21,4,19.805239777074153,3.5763360719561046,0.3308640753373011,0,437.9819030761719
49111.0,8.0,75,22,2,15.87917961567491,4.469386780636055,0.4242640687119285,0,437.9819030761719
49111.0,8.0,75,23,4,13.719108673709282,3.79516248204715,0.4242640687119285,0,437.9819030761719
49111.0,8.0,75,24,1,20.126648172843407,5.056281035127869,0.37888543819998316,0,437.9819030761719
49111.0,8.0,75,25,2,15.751659132945665,4.920225773767372,0.482842712474619,0,437.9819030761719
49111.0,8.0,75,26,2,9.174985720680457,4.282868531552957,0.4242640687119285,0,437.9819030761719
49111.0,8.0,75,29,4,8.952473577081102,5.083938732975825,0.4242640687119285,0,437.9819030761719
49111.0,8.0,75,31,4,13.270764986314102,-0.6797163010259726,0.3308640753373011,0,437.9819030761719
49111.0,8.0,75,33,5,6.945818770335122,2.1532515755167267,0.2308640753373011,0,437.9819030761719
49111.0,8.0,75,34,5,7.15388144973726,0.32215181063265685,0.32030679443729265,0,437.9819030761719
49111.0,8.0,75,36,5,20.305379430239395,1.7600852960135356,0.43175884674785275,0,437.9819030761719
49111.0,8.0,75,38,4,29.126860993594363,1.9540504487181043,0.6466890965784271,0,437.9819030761719
49111.0,8.0,75,40,4,27.997450623708424,1.8366619651006206,0.848528137423857,0,437.9819030761719
49111.0,8.0,75,41,5,21.117165851736853,1.4669148424837442,0.4815389220537701,0,437.9819030761719
49111.0,8.0,75,43,2,27.282603459234124,1.7112977329281867,0.848528137423857,0,437.9819030761719
49111.0,8.0,75,44,2,31.42249592697728,1.8070942566166157,0.8513997106635237,0,437.9819030761719
49111.0,8.0,75,45,1,34.45643930265962,1.8601341200115236,0.613407053921902,0,437.9819030761719
49111.0,8.0,75,46,4,27.01524868663319,1.581350225309442,0.848528137423857,0,437.9819030761719
49111.0,8.0,75,47,2,30.78727757317503,1.695214795413463,0.848528137423857,0,437.9819030761719
49111.0,8.0,75,48,4,27.208580846627388,1.4510471757816301,0.6466890965784271,0,437.9819030761719
49111.0,8.0,75,49,2,30.550608348354515,1.5801284201899775,0.8513997106635237,0,437.9819030761719
49111.0,8.0,75,50,1,34.29828668055649,1.6824218106423223,0.682842712474619,0,437.9819030761719
49111.0,8.0,75,51,1,33.09666333201979,1.5045845979707382,0.613407053921902,0,437.9819030761719
49111.0,8.0,75,52,5,14.040813365704278,0.16201988343587548,0.4308640753373011,0,437.9819030761719
49111.0,8.0,75,53,4,24.49649079719573,-0.05189293876471357,0.3414213562373095,0,437.9819030761719
49111.0,8.0,75,54,5,18.33422097912193,0.32190472288179084,0.482842712474619,0,437.9819030761719
49111.0,8.0,75,55,5,16.49876530063551,0.894910888658047,0.3414213562373095,1,437.9819030761719
49111.0,8.0,75,56,4,25.141799440074287,0.23280643898814457,0.4242640687119285,0,437.9819030761719
49111.0,8.0,75,57,4,21.637367599111947,0.6371107036747936,0.4242640687119285,0,437.9819030761719
49111.0,8.0,75,58,2,32.06363203473001,0.18190478644338226,0.382842712474619,0,437.9819030761719
49111.0,8.0,75,59,2,27.64312024343027,0.484348202450523,0.4242640687119285,0,437.9819030761719
49111.0,8.0,75,60,5,26.4614378733833,0.8535945509099014,0.482842712474619,0,437.9819030761719
49111.0,8.0,75,61,5,27.262437401927475,1.037607429784829,0.37888543819998316,0,437.9819030761719
49111.0,8.0,75,62,2,34.06036577851726,0.3875293046137005,0.4242640687119285,0,437.9819030761719
49111.0,8.0,75,63,4,31.56222607010743,0.6839371597876558,0.4242640687119285,0,437.9819030761719
49111.0,8.0,75,64,1,40.69490062821182,0.3218178502547868,0.3414213562373095,0,437.9819030761719
49111.0,8.0,75,65,2,37.31139952714471,0.5639036115919469,0.382842712474619,0,437.9819030761719
49111.0,8.0,75,66,4,36.444562450499994,0.8348945224197077,0.3414213562373095,0,437.9819030761719
49111.0,8.0,76,1,1,43.33340642069014,0.8634719375050599,0.613407053921902,0,439.8760986328125
49111.0,8.0,76,2,4,37.45514096529828,0.9042308407786792,0.6466890965784271,0,439.8760986328125
49111.0,8.0,76,3,2,40.73658161803403,0.8076132642949826,0.8513997106635237,0,439.8760986328125
49111.0,8.0,76,4,1,44.340168911666666,0.7260346823439771,0.682842712474619,0,439.8760986328125
49111.0,8.0,76,5,4,37.20200298523894,0.8097243291409165,0.848528137423857,0,439.8760986328125
49111.0,8.0,76,6,2,40.811401878716566,0.7208949600025188,0.848528137423857,0,439.8760986328125
49111.0,8.0,76,9,2,37.28391700850501,0.7147824967528368,0.848528137423857,0,439.8760986328125
49111.0,8.0,76,10,2,41.190678128545926,0.6351350242075124,0.8513997106635237,0,439.8760986328125
49111.0,8.0,76,11,1,44.05711080772478,0.5879855112728559,0.613407053921902,0,439.8760986328125
49111.0,8.0,76,13,4,37.6986990343228,0.6210952600161428,0.848528137423857,0,439.8760986328125
49111.0,8.0,76,14,5,30.234588733419987,0.6982803398765782,0.39440356905077983,0,439.8760986328125
49111.0,8.0,76,16,4,38.435574020220024,0.5302230764827823,0.6466890965784271,0,439.8760986328125
49111.0,8.0,76,18,1,39.48084760513342,1.6174650065108134,0.37888543819998316,0,439.8760986328125
49111.0,8.0,76,19,1,36.41697020359251,1.9019920025516621,0.3414213562373095,0,439.8760986328125
49111.0,8.0,76,20,2,34.48708038083407,1.6242287128445296,0.482842712474619,0,439.8760986328125
49111.0,8.0,76,21,4,35.39098342203669,1.338189505647527,0.3308640753373011,0,439.8760986328125
49111.0,8.0,76,22,2,30.2224850331019,1.7991587687358097,0.4242640687119285,0,439.8760986328125
49111.0,8.0,76,23,4,29.60678293838819,1.4639231909597088,0.4242640687119285,0,439.8760986328125
49111.0,8.0,76,24,1,29.679235043471785,2.174217052636406,0.37888543819998316,0,439.8760986328125
49111.0,8.0,76,25,2,27.155818712718393,2.0220237736867293,0.482842712474619,0,439.8760986328125
49111.0,8.0,76,26,2,24.50717210007699,1.6460228196915028,0.4242640687119285,0,439.8760986328125
49111.0,8.0,76,29,4,20.606828303374346,1.9092390939505297,0.4242640687119285,0,439.8760986328125
49111.0,8.0,76,31,4,18.67300889269611,2.2577300887408445,0.3308640753373011,0,439.8760986328125
49111.0,8.0,76,33,5,16.583342542329614,1.056469989463556,0.2308640753373011,0,439.8760986328125
49111.0,8.0,76,34,5,9.61590562899899,1.7635293741964724,0.32030679443729265,0,439.8760986328125
49111.0,8.0,76,35,5,24.480799470197674,0.3302171528235094,0.613407053921902,0,439.8760986328125
49111.0,8.0,76,36,5,18.69259252778187,0.23970167149909138,0.682842712474619,0,439.8760986328125
49111.0,8.0,76,37,5,23.579535886061652,0.18933739852085832,0.8513997106635237,0,439.8760986328125
49111.0,8.0,76,38,4,28.505718896292585,0.15631904544357525,0.682842712474619,0,439.8760986328125
49111.0,8.0,76,39,4,20.74884230006697,0.09353243932409791,0.848528137423857,0,439.8760986328125
49111.0,8.0,76,40,4,25.73122527174777,0.07538304099753236,0.848528137423857,0,439.8760986328125
49111.0,8.0,76,41,5,14.66892473732684,-0.038331114724753194,0.613407053921902,1,439.8760986328125
49111.0,8.0,76,42,5,18.16684895583236,-0.030948036343355995,0.8513997106635237,0,439.8760986328125
49111.0,8.0,76,43,2,23.164971361441616,-0.024269131822223025,0.848528137423857,0,439.8760986328125
49111.0,8.0,76,44,2,28.16376032011338,-0.019960966949950386,0.8513997106635237,0,439.8760986328125
49111.0,8.0,76,45,1,31.66314013807634,-0.01775465382394877,0.613407053921902,0,439.8760986328125
49111.0,8.0,76,46,4,20.883865599246448,-0.1471575496005529,0.848528137423857,0,439.8760986328125
49111.0,8.0,76,47,2,25.840227157665854,-0.11878189377245682,0.848528137423857,0,439.8760986328125
49111.0,8.0,76,48,4,18.990939591246352,-0.29724151075765715,0.682842712474619,0,439.8760986328125
49111.0,8.0,76,49,2,23.81674376884361,-0.23571574845133642,0.8513997106635237,0,439.8760986328125
49111.0,8.0,76,50,1,28.7022434827512,-0.1950214606023071,0.682842712474619,0,439.8760986328125
49111.0,8.0,76,51,1,24.868097105584688,-0.37299722909296723,0.613407053921902,0,439.8760986328125
49111.0,8.0,76,52,5,8.155092240298234,2.5661778273093283,0.4308640753373011,0,439.8760986328125
49111.0,8.0,76,53,4,16.851229054206925,-3.108227557940849,0.3414213562373095,0,439.8760986328125
49111.0,8.0,76,54,5,6.864904589439922,-3.0596150134738145,0.482842712474619,0,439.8760986328125
49111.0,8.0,76,56,4,13.083073163598502,-2.7024760289588317,0.4242640687119285,0,439.8760986328125
49111.0,8.0,76,57,4,5.859163574166275,-1.890572186544741,0.4242640687119285,0,439.8760986328125
49111.0,8.0,76,58,2,19.879806130494064,-2.581458474241272,0.382842712474619,0,439.8760986328125
49111.0,8.0,76,59,2,12.584501824498059,-2.14560320658458,0.4242640687119285,0,439.8760986328125
49111.0,8.0,76,60,5,11.024186162958268,-1.2802511070156481,0.482842712474619,0,439.8760986328125
49111.0,8.0,76,61,5,13.345942370171667,-0.9131154038397739,0.37888543819998316,0,439.8760986328125
49111.0,8.0,76,62,2,19.55529530722441,-2.22126220851157,0.4242640687119285,0,439.8760986328125
49111.0,8.0,76,63,4,15.67075521273683,-1.6886028703052351,0.4242640687119285,0,439.8760986328125
49111.0,8.0,76,64,1,26.579117045807052,-2.257058202055341,0.3414213562373095,0,439.8760986328125
49111.0,8.0,76,65,2,21.670543540010172,-1.8920129743260499,0.382842712474619,0,439.8760986328125
49111.0,8.0,76,66,4,20.8032557957701,-1.4183967233441046,0.3414213562373095,0,439.8760986328125
49111.0,8.0,77,1,1,36.90163841437557,1.103047024415857,0.613407053921902,0,440.96630859375
49111.0,8.0,77,2,4,31.654925963144382,1.1943080284758096,0.682842712474619,0,440.96630859375
49111.0,8.0,77,3,2,33.81443312503342,1.056361394613159,0.8513997106635237,0,440.96630859375
49111.0,8.0,77,4,1,36.5348797370754,0.9369352752903991,0.682842712474619,0,440.96630859375
49111.0,8.0,77,5,4,30.422619963391142,1.087472207228169,0.848528137423857,0,440.96630859375
49111.0,8.0,77,6,2,33.044172788437756,0.9530875832045641,0.848528137423857,0,440.96630859375
49111.0,8.0,77,7,5,25.75730262317562,1.2493330160048215,0.613407053921902,0,440.96630859375
49111.0,8.0,77,8,5,27.067613919710272,1.126341155857732,0.8513997106635237,0,440.96630859375
49111.0,8.0,77,9,2,29.564121382880607,0.9730488108304763,0.848528137423857,0,440.96630859375
49111.0,8.0,77,10,2,32.64075401973587,0.8460863191158187,0.8513997106635237,0,440.96630859375
49111.0,8.0,77,11,1,35.059034611089146,0.7712734510961177,0.613407053921902,0,440.96630859375
49111.0,8.0,77,12,4,26.098988313941714,0.9983229198731005,0.848528137423857,0,440.96630859375
49111.0,8.0,77,13,4,29.11251862767066,0.8534520606094985,0.848528137423857,0,440.96630859375
49111.0,8.0,77,14,5,22.65561980791596,1.0313064697336263,0.682842712474619,0,440.96630859375
49111.0,8.0,77,15,5,25.58629826129679,0.8628486805471681,0.8513997106635237,0,440.96630859375
49111.0,8.0,77,16,4,29.086770335519276,0.7318829281850024,0.682842712474619,0,440.96630859375
49111.0,8.0,77,17,5,23.04004402378775,0.7639042616841527,0.613407053921902,0,440.96630859375
49111.0,8.0,77,18,1,41.6399305643927,1.8974655542268932,0.37888543819998316,0,440.96630859375
49111.0,8.0,77,19,1,41.614205547040974,2.166862166297596,0.3414213562373095,0,440.96630859375
49111.0,8.0,77,20,2,36.93920956086887,1.9409141245272346,0.482842712474619,0,440.96630859375
49111.0,8.0,77,21,4,34.6015650318334,1.6681085961304145,0.3308640753373011,0,440.96630859375
49111.0,8.0,77,22,2,34.69502902032108,2.128495745719948,0.4242640687119285,0,440.96630859375
49111.0,8.0,77,23,4,30.602420466220185,1.8475572745985327,0.4242640687119285,0,440.96630859375
49111.0,8.0,77,24,1,37.43799306352909,2.430376400632293,0.37888543819998316,0,440.96630859375
49111.0,8.0,77,25,2,33.808059312241774,2.333687349320544,0.482842712474619,0,440.96630859375
49111.0,8.0,77,26,2,27.85225258628946,2.0711549080942087,0.4242640687119285,0,440.96630859375
49111.0,8.0,77,29,4,26.73925597075587,2.3277359113848166,0.4242640687119285,0,440.96630859375
49111.0,8.0,77,31,4,27.4632053047116,2.5880354177732463,0.3308640753373011,0,440.96630859375
49111.0,8.0,77,33,5,14.824096766736233,1.7995691097906683,0.2308640753373011,0,440.96630859375
49111.0,8.0,77,34,5,16.35885481485456,2.5266315153502843,0.32030679443729265,0,440.96630859375
49111.0,8.0,77,35,5,14.087451710718227,0.5985805191735308,0.613407053921902,0,440.96630859375
49111.0,8.0,77,36,5,7.984968113189395,0.5892972925590735,0.682842712474619,0,440.96630859375
49111.0,8.0,77,37,5,12.455571669090764,0.3642999607671931,0.8513997106635237,0,440.96630859375
49111.0,8.0,77,38,4,17.219837845899175,0.26065963209061493,0.682842712474619,0,440.96630859375
49111.0,8.0,77,39,4,9.341369464560556,0.20896691003234066,0.848528137423857,0,440.96630859375
49111.0,8.0,77,40,4,14.270344540641947,0.13621726641334939,0.848528137423857,0,440.96630859375
49111.0,8.0,77,42,5,6.661914240140909,-0.08448139199221133,0.765685424949238,1,440.96630859375
49111.0,8.0,77,43,2,11.651723099104153,-0.04826383640470187,0.848528137423857,0,440.96630859375
49111.0,8.0,77,44,2,16.647648513030372,-0.03377326454757757,0.8513997106635237,0,440.96630859375
49111.0,8.0,77,45,1,20.14599925290493,-0.027906857431414304,0.613407053921902,0,440.96630859375
49111.0,8.0,77,46,4,9.637560326543495,-0.3233340854626956,0.848528137423857,0,440.96630859375
49111.0,8.0,77,47,2,14.465964153245032,-0.21329241024026263,0.848528137423857,0,440.96630859375
49111.0,8.0,77,48,4,8.660397618893317,-0.6974298344894754,0.682842712474619,0,440.96630859375
49111.0,8.0,77,49,2,12.898993633324196,-0.44583030204265567,0.8513997106635237,0,440.96630859375
49111.0,8.0,77,50,1,17.543249031685754,-0.3226204828629841,0.682842712474619,0,440.96630859375
49111.0,8.0,77,51,1,14.750220562912837,-0.6615911711051535,0.613407053921902,0,440.96630859375
49111.0,8.0,77,52,5,18.89052584214177,2.904450991898914,0.4308640753373011,0,440.96630859375
49111.0,8.0,77,53,4,28.367415329856133,-3.1217750090067717,0.3414213562373095,0,440.96630859375
49111.0,8.0,77,54,5,18.370447794405198,-3.110987720659089,0.482842712474619,0,440.96630859375
49111.0,8.0,77,56,4,24.01485348500179,-2.9078577969834614,0.4242640687119285,0,440.96630859375
49111.0,8.0,77,57,4,14.473295670873055,-2.7471393570828164,0.4242640687119285,0,440.96630859375
49111.0,8.0,77,58,2,30.2647158196676,-2.785097576553909,0.382842712474619,0,440.96630859375
49111.0,8.0,77,59,2,21.182920556798784,-2.6195914959175184,0.4242640687119285,0,440.96630859375
49111.0,8.0,77,60,5,13.471422455927163,-2.2404441184988317,0.482842712474619,0,440.96630859375
49111.0,8.0,77,61,5,11.084257883199204,-1.8789492268655317,0.37888543819998316,0,440.96630859375
49111.0,8.0,77,62,2,28.070553237419176,-2.5539583380389566,0.4242640687119285,0,440.96630859375
49111.0,8.0,77,63,4,20.511437266198445,-2.2802691278462963,0.4242640687119285,0,440.96630859375
49111.0,8.0,77,64,1,35.0313544527459,-2.514289062245275,0.3414213562373095,0,440.96630859375
49111.0,8.0,77,65,2,27.567351966852566,-2.2997266210702905,0.382842712474619,0,440.96630859375
49111.0,8.0,77,66,4,22.197342051127208,-1.9570327746608989,0.3414213562373095,0,440.96630859375
49111.0,8.0,78,1,1,35.72772034846275,1.142202364118989,0.613407053921902,0,441.2361145019531
49111.0,8.0,78,2,4,30.718264137702388,1.2474914465909468,0.682842712474619,0,441.2361145019531
49111.0,8.0,78,3,2,32.53663677254632,1.1000315558220666,0.8513997106635237,0,441.2361145019531
49111.0,8.0,78,4,1,34.98076204578131,0.9706481379378987,0.682842712474619,0,441.2361145019531
49111.0,8.0,78,5,4,29.22796935962734,1.1404417061057777,0.848528137423857,0,441.2361145019531
49111.0,8.0,78,6,2,31.53244636437642,0.9941481230345336,0.848528137423857,0,441.2361145019531
49111.0,8.0,78,7,5,24.983013563650466,1.3228566503715264,0.613407053921902,0,441.2361145019531
49111.0,8.0,78,8,5,25.97913880993779,1.1910597830926675,0.8513997106635237,0,441.2361145019531
49111.0,8.0,78,9,2,28.105811394460343,1.0233979081693336,0.848528137423857,0,441.2361145019531
49111.0,8.0,78,10,2,30.90238849953087,0.882642399208827,0.8513997106635237,0,441.2361145019531
49111.0,8.0,78,11,1,33.169599056371034,0.7993343783834403,0.613407053921902,0,441.2361145019531
49111.0,8.0,78,12,4,24.709878481281084,1.0607271075109215,0.848528137423857,0,441.2361145019531
49111.0,8.0,78,13,4,27.397063262230112,0.8984926134403035,0.848528137423857,0,441.2361145019531
49111.0,8.0,78,14,5,21.359296687353243,1.1098554036753925,0.682842712474619,0,441.2361145019531
49111.0,8.0,78,15,5,23.9006388160095,0.9189867625994709,0.8513997106635237,0,441.2361145019531
49111.0,8.0,78,16,4,27.13413932020511,0.7690897748472683,0.682842712474619,0,441.2361145019531
49111.0,8.0,78,17,5,21.1637252624389,0.8219488762777744,0.613407053921902,1,441.2361145019531
49111.0,8.0,78,18,1,42.49587090664364,1.9308803854654442,0.37888543819998316,0,441.2361145019531
49111.0,8.0,78,19,1,43.094790684218005,2.19250858988761,0.3414213562373095,0,441.2361145019531
49111.0,8.0,78,20,2,37.91045958289723,1.9805517224990412,0.482842712474619,0,441.2361145019531
49111.0,8.0,78,21,4,34.88903706691267,1.7176824742827175,0.3308640753373011,0,441.2361145019531
49111.0,8.0,78,22,2,36.10382066518566,2.1656020075973017,0.4242640687119285,0,441.2361145019531
49111.0,8.0,78,23,4,31.361247237535196,1.9032124303345435,0.4242640687119285,0,441.2361145019531
49111.0,8.0,78,24,1,39.43029047098599,2.4494561549421987,0.37888543819998316,0,441.2361145019531
49111.0,8.0,78,25,2,35.63381522460497,2.3626256859235197,0.482842712474619,0,441.2361145019531
49111.0,8.0,78,26,2,29.15151366792488,2.1258202143044342,0.4242640687119285,0,441.2361145019531
49111.0,8.0,78,29,4,28.56735321951639,2.370623561021627,0.4242640687119285,0,441.2361145019531
49111.0,8.0,78,31,4,29.704824369216794,2.6107763209517483,0.3308640753373011,0,441.2361145019531
49111.0,8.0,78,33,5,15.571143636414753,1.9403279517759706,0.2308640753373011,0,441.2361145019531
49111.0,8.0,78,34,5,18.539753346479586,2.5858852668991807,0.32030679443729265,0,441.2361145019531
49111.0,8.0,78,35,5,11.956944794754834,0.6924894210445938,0.613407053921902,0,441.2361145019531
49111.0,8.0,78,36,5,5.925392743144379,0.803383481172591,0.6466890965784271,0,441.2361145019531
49111.0,8.0,78,37,5,10.00656084753743,0.4260129957713459,0.8513997106635237,0,441.2361145019531
49111.0,8.0,78,38,4,14.668068749171786,0.2766056843683713,0.682842712474619,0,441.2361145019531
49111.0,8.0,78,39,4,6.7655539621061465,0.2541005074475023,0.848528137423857,0,441.2361145019531
49111.0,8.0,78,40,4,11.653055446925974,0.13525008585982082,0.848528137423857,0,441.2361145019531
49111.0,8.0,78,43,2,9.024143265032547,-0.09579866773391241,0.848528137423857,0,441.2361145019531
49111.0,8.0,78,44,2,14.016281336459867,-0.07087651197963281,0.8513997106635237,0,441.2361145019531
49111.0,8.0,78,45,1,17.513447093227132,-0.06188818461022928,0.613407053921902,0,441.2361145019531
49111.0,8.0,78,46,4,7.216413381073278,-0.4745779447425036,0.848528137423857,0,441.2361145019531
49111.0,8.0,78,47,2,11.920469911941156,-0.2916080564327128,0.848528137423857,0,441.2361145019531
49111.0,8.0,78,48,4,6.907827625616799,-0.9787425504025089,0.6466890965784271,0,441.2361145019531
49111.0,8.0,78,49,2,10.617865291111748,-0.5848108456141559,0.8513997106635237,0,441.2361145019531
49111.0,8.0,78,50,1,15.091721047486814,-0.408210188912207,0.682842712474619,0,441.2361145019531
49111.0,8.0,78,51,1,12.821926318258496,-0.81835907691289,0.613407053921902,0,441.2361145019531
49111.0,8.0,78,52,5,21.447735894161497,2.9105375760297285,0.4308640753373011,0,441.2361145019531
49111.0,8.0,78,53,4,31.004311232280983,-3.1471446841415647,0.3414213562373095,0,441.2361145019531
49111.0,8.0,78,54,5,21.00736243934651,-3.137465860090078,0.482842712474619,0,441.2361145019531
49111.0,8.0,78,56,4,26.600605209195315,-2.95420121424802,0.4242640687119285,0,441.2361145019531
49111.0,8.0,78,57,4,16.959780634353468,-2.829071440404762,0.4242640687119285,0,441.2361145019531
49111.0,8.0,78,58,2,32.77003384699002,-2.83710780477141,0.382842712474619,0,441.2361145019531
49111.0,8.0,78,59,2,23.535443059411335,-2.698835655864796,0.4242640687119285,0,441.2361145019531
49111.0,8.0,78,60,5,15.295719717382216,-2.3990708019854967,0.482842712474619,0,441.2361145019531
49111.0,8.0,78,61,5,12.205737278332515,-2.1103788388097664,0.37888543819998316,0,441.2361145019531
49111.0,8.0,78,62,2,30.334798513261887,-2.626164281169969,0.4242640687119285,0,441.2361145019531
49111.0,8.0,78,63,4,22.366089566799946,-2.3936994533232436,0.4242640687119285,0,441.2361145019531
49111.0,8.0,78,64,1,37.23550619607041,-2.5802551862582614,0.3414213562373095,0,441.2361145019531
49111.0,8.0,78,65,2,29.436794719322275,-2.390908444450635,0.382842712474619,0,441.2361145019531
49111.0,8.0,78,66,4,23.378769108262343,-2.0864517407158827,0.3414213562373095,0,441.2361145019531
49111.0,8.0,79,1,1,20.371266583909442,1.3026098348245738,0.613407053921902,0,443.1474914550781
49111.0,8.0,79,2,4,17.20976388988643,1.5823422140814172,0.682842712474619,0,443.1474914550781
49111.0,8.0,79,3,2,16.88095883926309,1.2885734080174733,0.8513997106635237,0,443.1474914550781
49111.0,8.0,79,4,1,17.993264559833232,1.0079518796853029,0.682842712474619,0,443.1474914550781
49111.0,8.0,79,5,4,14.368323051450037,1.448451595887687,0.848528137423857,0,443.1474914550781
49111.0,8.0,79,6,2,14.840468506690966,1.1059018686279523,0.848528137423857,0,443.1474914550781
49111.0,8.0,79,7,5,13.803154876972409,1.912406100896194,0.613407053921902,0,443.1474914550781
49111.0,8.0,79,8,5,12.366512980172152,1.6675132604605387,0.8513997106635237,0,443.1474914550781
49111.0,8.0,79,9,2,11.904681494102316,1.2542547917252858,0.848528137423857,0,443.1474914550781
49111.0,8.0,79,10,2,13.435484347922781,0.8756296395380027,0.8513997106635237,0,443.1474914550781
49111.0,8.0,79,11,1,15.408302904419978,0.6743591635031727,0.613407053921902,0,443.1474914550781
49111.0,8.0,79,12,4,9.391665318459658,1.489996804175968,0.848528137423857,0,443.1474914550781
49111.0,8.0,79,13,4,10.099216585518592,0.9761292419255735,0.848528137423857,0,443.1474914550781
49111.0,8.0,79,14,5,7.7256270575205575,1.858165597124943,0.682842712474619,0,443.1474914550781
49111.0,8.0,79,15,5,6.962478841558487,1.1709672664836885,0.765685424949238,1,443.1474914550781
49111.0,8.0,79,16,4,9.341675963466377,0.6186852176638191,0.682842712474619,0,443.1474914550781
49111.0,8.0,79,18,1,39.2264278506609,2.188144967562657,0.37888543819998316,0,443.1474914550781
49111.0,8.0,79,19,1,44.36085792330577,2.426795865040744,0.3414213562373095,0,443.1474914550781
49111.0,8.0,79,20,2,35.99260079608352,2.289678162534692,0.482842712474619,0,443.1474914550781
49111.0,8.0,79,21,4,28.68882898343437,2.076713914741069,0.3414213562373095,0,443.1474914550781
49111.0,8.0,79,22,2,37.59562719282794,2.477172867395127,0.4242640687119285,0,443.1474914550781
49111.0,8.0,79,23,4,29.000220350828638,2.3222401075312393,0.4242640687119285,0,443.1474914550781
49111.0,8.0,79,24,1,45.19517958577794,2.6764419301388997,0.37888543819998316,0,443.1474914550781
49111.0,8.0,79,25,2,40.39053176151529,2.6440484005934426,0.482842712474619,0,443.1474914550781
49111.0,8.0,79,26,2,30.96734816467963,2.5493703222005353,0.4242640687119285,0,443.1474914550781
49111.0,8.0,79,27,5,22.058065389489595,2.375387734170175,0.482842712474619,0,443.1474914550781
49111.0,8.0,79,28,5,18.03743459902917,2.226237751711435,0.4538461538461539,0,443.1474914550781
49111.0,8.0,79,29,4,34.3065667811333,2.740891454434072,0.4242640687119285,0,443.1474914550781
49111.0,8.0,79,30,4,24.58703155492485,2.6598952737735657,0.4242640687119285,0,443.1474914550781
49111.0,8.0,79,31,4,38.663993537453294,2.8939482890157753,0.3414213562373095,0,443.1474914550781
49111.0,8.0,79,32,5,28.67901659120727,2.8774931955372653,0.482842712474619,0,443.1474914550781
49111.0,8.0,79,33,5,18.710093239031536,2.8434840880658205,0.3414213562373095,0,443.1474914550781
49111.0,8.0,79,34,5,28.796539076456206,-3.2315327855003892,0.4308640753373011,0,443.1474914550781
49111.0,8.0,79,35,5,5.913632957927543,-2.4302006959873497,0.613407053921902,0,443.1474914550781
49111.0,8.0,79,36,5,11.881015346931433,-2.583146420530876,0.6466890965784271,0,443.1474914550781
49111.0,8.0,79,37,5,8.941438578957866,-2.1881681967771507,0.8513997106635237,0,443.1474914550781
49111.0,8.0,79,38,4,8.290966291605095,-1.604121744868089,0.682842712474619,0,443.1474914550781
49111.0,8.0,79,39,4,12.305740930119237,-2.2918370285428655,0.848528137423857,0,443.1474914550781
49111.0,8.0,79,40,4,10.734153810453236,-1.8758500000609908,0.848528137423857,0,443.1474914550781
49111.0,8.0,79,43,2,13.66396699368099,-2.0394352636128272,0.848528137423857,0,443.1474914550781
49111.0,8.0,79,44,2,13.247444741974181,-1.666943177831314,0.8513997106635237,0,443.1474914550781
49111.0,8.0,79,45,1,14.04985234522906,-1.4165762890606457,0.613407053921902,0,443.1474914550781
49111.0,8.0,79,46,4,16.82812912900122,-2.1435043336390778,0.848528137423857,0,443.1474914550781
49111.0,8.0,79,47,2,15.715493252507068,-1.8426201186359608,0.848528137423857,0,443.1474914550781
49111.0,8.0,79,48,4,20.11635816842291,-2.214124046648316,0.6466890965784271,0,443.1474914550781
49111.0,8.0,79,49,2,18.532637808675023,-1.9678793398607757,0.8513997106635237,0,443.1474914550781
49111.0,8.0,79,50,1,18.22771138499803,-1.6955029138131172,0.682842712474619,0,443.1474914550781
49111.0,8.0,79,51,1,21.975826110699916,-1.936756826628517,0.613407053921902,0,443.1474914550781
49111.0,8.0,79,52,5,34.60064355958919,-3.1034935678322793,0.4308640753373011,0,443.1474914550781
49111.0,8.0,79,53,4,45.56728660460656,-3.0486984331015248,0.3414213562373095,0,443.1474914550781
49111.0,8.0,79,54,5,36.110375307948104,-2.968540589686763,0.482842712474619,0,443.1474914550781
49111.0,8.0,79,56,4,42.683990872887456,-2.9021680189332866,0.4242640687119285,0,443.1474914550781
49111.0,8.0,79,57,4,33.90434593398392,-2.776242548708735,0.4242640687119285,0,443.1474914550781
49111.0,8.0,79,58,2,49.395211800260675,-2.853662943365866,0.382842712474619,0,443.1474914550781
49111.0,8.0,79,59,2,40.834648831196326,-2.7385099989125776,0.4242640687119285,0,443.1474914550781
49111.0,8.0,79,60,5,33.09154184291864,-2.566150540422305,0.482842712474619,0,443.1474914550781
49111.0,8.0,79,61,5,29.729462486376892,-2.4480902653949834,0.37888543819998316,0,443.1474914550781
49111.0,8.0,79,62,2,47.80619643020133,-2.711753080400538,0.4242640687119285,0,443.1474914550781
49111.0,8.0,79,63,4,40.16234571707069,-2.564474686402376,0.4242640687119285,0,443.1474914550781
49111.0,8.0,79,64,1,54.80325071634771,-2.691817194148283,0.3414213562373095,0,443.1474914550781
49111.0,8.0,79,65,2,47.23322861559834,-2.5633005854181405,0.382842712474619,0,443.1474914550781
49111.0,8.0,79,66,4,40.72541567409582,-2.389967788557184,0.3414213562373095,0,443.1474914550781
49111.0,8.0,80,1,1,17.25131514149836,0.4237158381304844,0.613407053921902,0,443.4562072753906
49111.0,8.0,80,2,4,14.634096241592442,0.7724924803497848,0.682842712474619,0,443.4562072753906
49111.0,8.0,80,3,2,13.751315390493904,0.4238015540670186,0.8513997106635237,0,443.4562072753906
49111.0,8.0,80,4,1,14.630125670324198,0.0750119608256592,0.682842712474619,0,443.4562072753906
49111.0,8.0,80,5,4,11.526975018298263,0.6425152931367188,0.848528137423857,0,443.4562072753906
49111.0,8.0,80,6,2,11.524454660985775,0.20522697786404898,0.848528137423857,0,443.4562072753906
49111.0,8.0,80,7,5,12.203864128367654,1.1945519250145982,0.613407053921902,0,443.4562072753906
49111.0,8.0,80,8,5,10.081846615383014,0.9429608429810694,0.8513997106635237,0,443.4562072753906
49111.0,8.0,80,9,2,8.751316091694692,0.42404294023288336,0.848528137423857,0,443.4562072753906
49111.0,8.0,80,10,2,10.076082348680908,-0.09520171938972077,0.8513997106635237,0,443.4562072753906
49111.0,8.0,80,11,1,12.195768405879562,-0.3471105815585468,0.613407053921902,0,443.4562072753906
49111.0,8.0,80,12,4,6.734835665433281,0.8046139201134215,0.848528137423857,0,443.4562072753906
49111.0,8.0,80,13,4,6.730521049743227,0.04374666418470419,0.848528137423857,0,443.4562072753906
49111.0,8.0,80,14,5,6.255436798819876,1.3510634705599098,0.6466890965784271,1,443.4562072753906
49111.0,8.0,80,16,4,6.246142318689103,-0.5031897527028054,0.6466890965784271,0,443.4562072753906
49111.0,8.0,80,18,1,38.26844059102915,1.324603754205233,0.37888543819998316,0,443.4562072753906
49111.0,8.0,80,19,1,44.182310932269694,1.5558677108340604,0.3414213562373095,0,443.4562072753906
49111.0,8.0,80,20,2,35.38305249179397,1.4356316047763753,0.482842712474619,0,443.4562072753906
49111.0,8.0,80,21,4,27.419777678864147,1.2411340610991484,0.3414213562373095,0,443.4562072753906
49111.0,8.0,80,22,2,37.609910393994866,1.6198657373385446,0.4242640687119285,0,443.4562072753906
49111.0,8.0,80,23,4,28.53750451888903,1.4913899415386151,0.4242640687119285,0,443.4562072753906
49111.0,8.0,80,24,1,45.848755859793556,1.802123424530243,0.37888543819998316,0,443.4562072753906
49111.0,8.0,80,25,2,40.95180479602332,1.778816659557018,0.482842712474619,0,443.4562072753906
49111.0,8.0,80,26,2,31.25594536040923,1.7103929646653204,0.4242640687119285,0,443.4562072753906
49111.0,8.0,80,27,5,21.836160942211805,1.5818164558028556,0.482842712474619,0,443.4562072753906
49111.0,8.0,80,28,5,17.371235616812665,1.4662041156879118,0.4538461538461539,0,443.4562072753906
49111.0,8.0,80,29,4,35.206236330800294,1.8874201839832858,0.4242640687119285,0,443.4562072753906
49111.0,8.0,80,30,4,25.285625974087566,1.845268129819076,0.4242640687119285,0,443.4562072753906
49111.0,8.0,80,31,4,40.02529241351571,-4.257807433334887,0.3414213562373095,0,443.4562072753906
49111.0,8.0,80,32,5,30.03178045186011,-4.247419111320735,0.482842712474619,0,443.4562072753906
49111.0,8.0,80,33,5,20.04474099184163,-4.226674619250913,0.3414213562373095,0,443.4562072753906
49111.0,8.0,80,34,5,30.64954641551237,-4.083695162900317,0.4308640753373011,0,443.4562072753906
49111.0,8.0,80,35,5,9.224980422214763,-3.291786170486769,0.613407053921902,0,443.4562072753906
49111.0,8.0,80,36,5,15.054871719385227,-3.445202353566433,0.6466890965784271,0,443.4562072753906
49111.0,8.0,80,37,5,12.312232317812624,-3.136912469271123,0.8513997106635237,0,443.4562072753906
49111.0,8.0,80,38,4,11.24868733712668,-2.7187300743845673,0.682842712474619,0,443.4562072753906
49111.0,8.0,80,39,4,15.664084484942851,-3.2179260946727952,0.848528137423857,0,443.4562072753906
49111.0,8.0,80,40,4,13.975172446595135,-2.898492926433379,0.848528137423857,0,443.4562072753906
49111.0,8.0,80,43,2,17.002291698936045,-3.0170618466745722,0.848528137423857,0,443.4562072753906
49111.0,8.0,80,44,2,16.248686875447937,-2.718571142924761,0.8513997106635237,0,443.4562072753906
49111.0,8.0,80,45,1,16.620143100731873,-2.506394913318557,0.613407053921902,0,443.4562072753906
49111.0,8.0,80,46,4,20.195306413108646,-3.099011237462081,0.848528137423857,0,443.4562072753906
49111.0,8.0,80,47,2,18.91539857576339,-2.851078754764893,0.848528137423857,0,443.4562072753906
49111.0,8.0,80,48,4,23.486653214602224,-3.158303817346546,0.6466890965784271,0,443.4562072753906
49111.0,8.0,80,49,2,21.830363748312337,-2.949577102564936,0.8513997106635237,0,443.4562072753906
49111.0,8.0,80,50,1,21.2486866310432,-2.718487007357937,0.682842712474619,0,443.4562072753906
49111.0,8.0,80,51,1,25.249863014305117,-2.917786735481072,0.613407053921902,0,443.4562072753906
49111.0,8.0,80,52,5,36.76873198362873,-3.9780940139600087,0.4308640753373011,0,443.4562072753906
49111.0,8.0,80,53,4,47.849166196816356,-3.942538122446604,0.3414213562373095,0,443.4562072753906
49111.0,8.0,80,54,5,38.59308888974608,-3.854433979652013,0.482842712474619,0,443.4562072753906
49111.0,8.0,80,56,4,45.29869166167074,-3.8007617562292966,0.4242640687119285,0,443.4562072753906
49111.0,8.0,80,57,4,36.76758450837377,-3.6728334796525273,0.4242640687119285,0,443.4562072753906
49111.0,8.0,80,58,2,52.10102131884166,-3.7610134412888963,0.382842712474619,0,443.4562072753906
49111.0,8.0,80,59,2,43.75385956447365,-3.645612505162224,0.4242640687119285,0,443.4562072753906
49111.0,8.0,80,60,5,36.25305547273183,-3.4793673906261935,0.482842712474619,0,443.4562072753906
49111.0,8.0,80,61,5,33.003423053823006,-3.3694544667951476,0.37888543819998316,0,443.4562072753906
49111.0,8.0,80,62,2,50.7636206647532,-3.625897782335654,0.4242640687119285,0,443.4562072753906
49111.0,8.0,80,63,4,43.32238436785592,-3.483324171421269,0.4242640687119285,0,443.4562072753906
49111.0,8.0,80,64,1,57.78832182372346,-3.6109713864886768,0.3414213562373095,0,443.4562072753906
49111.0,8.0,80,65,2,50.39220121728681,-3.486170747074156,0.382842712474619,0,443.4562072753906
49111.0,8.0,80,66,4,44.03700430143734,-3.3220884708098337,0.3414213562373095,0,443.4562072753906
49111.0,8.0,81,1,1,15.091646619093387,-0.4512140840354535,0.613407053921902,0,443.7554016113281
49111.0,8.0,81,2,4,12.271106926758543,-0.05081952080521179,0.682842712474619,0,443.7554016113281
49111.0,8.0,81,3,2,11.599705503913519,-0.4691552384790467,0.8513997106635237,0,443.7554016113281
49111.0,8.0,81,4,1,12.981766842271574,-0.8632813769682421,0.682842712474619,0,443.7554016113281
49111.0,8.0,81,5,4,9.205535337570112,-0.21672918104783778,0.848528137423857,0,443.7554016113281
49111.0,8.0,81,6,2,9.680649948264431,-0.75029446607937,0.848528137423857,0,443.7554016113281
49111.0,8.0,81,7,5,10.04487043850126,0.4667934081383882,0.6034068236642477,1,443.7554016113281
49111.0,8.0,81,8,5,7.7414852531657345,0.16683367360159962,0.8513997106635237,0,443.7554016113281
49111.0,8.0,81,9,2,6.625986454450583,-0.5275618589731643,0.848528137423857,0,443.7554016113281
49111.0,8.0,81,10,2,8.824783230433635,-1.123598203168827,0.8513997106635237,0,443.7554016113281
49111.0,8.0,81,11,1,11.463331577811433,-1.352733149574795,0.613407053921902,0,443.7554016113281
49111.0,8.0,81,12,4,4.369486190422517,-0.016163953694958932,0.765685424949238,0,443.7554016113281
49111.0,8.0,81,13,4,5.297689320625848,-1.087888841014145,0.848528137423857,0,443.7554016113281
49111.0,8.0,81,16,4,6.101420144620734,-1.7031299900054113,0.6466890965784271,0,443.7554016113281
49111.0,8.0,81,18,1,36.22172683522914,0.5413617988836179,0.37888543819998316,0,443.7554016113281
49111.0,8.0,81,19,1,42.46666714617289,0.7783677875073065,0.3414213562373095,0,443.7554016113281
49111.0,8.0,81,20,2,33.486773861376975,0.6616181280548072,0.482842712474619,0,443.7554016113281
49111.0,8.0,81,21,4,25.284584805413758,0.46470660976877043,0.3414213562373095,0,443.7554016113281
49111.0,8.0,81,22,2,36.01029644130219,0.8521241306374641,0.4242640687119285,0,443.7554016113281
49111.0,8.0,81,23,4,26.73364275458212,0.7317012564466638,0.4242640687119285,0,443.7554016113281
49111.0,8.0,81,24,1,44.588628296554965,1.0313038726466852,0.37888543819998316,0,443.7554016113281
49111.0,8.0,81,25,2,39.64995429931694,1.0127361179944028,0.482842712474619,0,443.7554016113281
49111.0,8.0,81,26,2,29.833958521743007,0.9572095472845235,0.4242640687119285,0,443.7554016113281
49111.0,8.0,81,27,5,20.199289250274187,0.8480536906456047,0.482842712474619,0,443.7554016113281
49111.0,8.0,81,28,5,15.555847414584086,0.7433975871406651,0.4538461538461539,0,443.7554016113281
49111.0,8.0,81,29,4,34.138577990662455,1.1332176560873084,0.4242640687119285,0,443.7554016113281
49111.0,8.0,81,30,4,24.15344100462092,1.1142374332273806,0.4242640687119285,0,443.7554016113281
49111.0,8.0,81,31,4,39.25327926902419,-5.016488526263561,0.3414213562373095,0,443.7554016113281
49111.0,8.0,81,32,5,29.304711882411745,-4.986622008223312,0.482842712474619,0,443.7554016113281
49111.0,8.0,81,33,5,19.40907889752433,-4.926191617069947,0.3414213562373095,0,443.7554016113281
49111.0,8.0,81,34,5,30.300440050075267,-4.822002978018292,0.4308640753373011,0,443.7554016113281
49111.0,8.0,81,35,5,10.74882964285963,-3.9249351499968856,0.613407053921902,0,443.7554016113281
49111.0,8.0,81,36,5,16.228358087729223,-4.128801907916275,0.6466890965784271,0,443.7554016113281
49111.0,8.0,81,37,5,14.0475161075952,-3.829692209175282,0.8513997106635237,0,443.7554016113281
49111.0,8.0,81,38,4,13.46498464027073,-3.4666245409612237,0.682842712474619,0,443.7554016113281
49111.0,8.0,81,39,4,17.248809288379213,-3.926129801467922,0.848528137423857,0,443.7554016113281
49111.0,8.0,81,40,4,16.015446432630505,-3.633553518554604,0.848528137423857,0,443.7554016113281
49111.0,8.0,81,43,2,18.88605934307598,-3.752293897983833,0.848528137423857,0,443.7554016113281
49111.0,8.0,81,44,2,18.456877852978486,-3.484678486538085,0.8513997106635237,0,443.7554016113281
49111.0,8.0,81,45,1,18.952242924743068,-3.2991598079810514,0.613407053921902,0,443.7554016113281
49111.0,8.0,81,46,4,21.951581960850067,-3.838829097181942,0.848528137423857,0,443.7554016113281
49111.0,8.0,81,47,2,20.996310465257896,-3.6097205279609055,0.848528137423857,0,443.7554016113281
49111.0,8.0,81,48,4,25.140816686369767,-3.9037998936463008,0.6466890965784271,0,443.7554016113281
49111.0,8.0,81,49,2,23.791464146353597,-3.7066243051544134,0.8513997106635237,0,443.7554016113281
49111.0,8.0,81,50,1,23.45222524189994,-3.4950436968482634,0.682842712474619,0,443.7554016113281
49111.0,8.0,81,51,1,27.245717761313564,-3.684470270904143,0.613407053921902,0,443.7554016113281
49111.0,8.0,81,52,5,36.653705042951195,-4.728822989342887,0.4308640753373011,0,443.7554016113281
49111.0,8.0,81,53,4,47.80061105209375,-4.70818140624449,0.3414213562373095,0,443.7554016113281
49111.0,8.0,81,54,5,38.76653998092565,-4.608532419277689,0.482842712474619,0,443.7554016113281
49111.0,8.0,81,56,4,45.587520751189885,-4.564190670830284,0.4242640687119285,0,443.7554016113281
49111.0,8.0,81,57,4,37.36533491592613,-4.426174256740198,0.4242640687119285,0,443.7554016113281
49111.0,8.0,81,58,2,52.47475082730388,-4.531437391001892,0.382842712474619,0,443.7554016113281
49111.0,8.0,81,59,2,44.40209093642763,-4.4090929599242985,0.4242640687119285,0,443.7554016113281
49111.0,8.0,81,60,5,37.275888784386474,-4.236436634511363,0.482842712474619,0,443.7554016113281
49111.0,8.0,81,61,5,34.25587522215028,-4.124862786376369,0.37888543819998316,0,443.7554016113281
49111.0,8.0,81,62,2,51.44825658537177,-4.3966876083749025,0.4242640687119285,0,443.7554016113281
49111.0,8.0,81,63,4,44.32684638921892,-4.249546929222694,0.4242640687119285,0,443.7554016113281
49111.0,8.0,81,64,1,58.500431894317764,-4.387271993129815,0.3414213562373095,0,443.7554016113281
49111.0,8.0,81,65,2,51.383331314355935,-4.25905762545274,0.382842712474619,0,443.7554016113281
49111.0,8.0,81,66,4,45.36731138275698,-4.0934235113218955,0.3414213562373095,0,443.7554016113281
49111.0,8.0,82,1,1,9.377143837949326,-0.7582045950708038,0.613407053921902,0,444.4124145507813
49111.0,8.0,82,2,4,5.102352193465555,-0.11753109560415931,0.682842712474619,0,444.4124145507813
49111.0,8.0,82,3,2,6.379968493845148,-0.9924219971058539,0.8513997106635237,0,444.4124145507813
49111.0,8.0,82,4,1,10.265183781050911,-1.3838144306376678,0.682842712474619,0,444.4124145507813
49111.0,8.0,82,5,4,2.895781235188697,-0.8526315464132532,0.848528137423857,0,444.4124145507813
49111.0,8.0,82,6,2,6.932210977629355,-1.5237552366209517,0.848528137423857,0,444.4124145507813
49111.0,8.0,82,8,5,1.0330052960586527,-5.030580475075165,0.765685424949238,0,444.4124145507813
49111.0,8.0,82,9,2,3.9670013887039652,-1.8930267018102256,0.848528137423857,0,444.4124145507813
49111.0,8.0,82,10,2,8.967000618616748,-1.892561420971007,0.8513997106635237,0,444.4124145507813
49111.0,8.0,82,11,1,12.467000447087461,-1.8924577842721957,0.613407053921902,0,444.4124145507813
49111.0,8.0,82,12,4,2.90149116793304,-2.932908907986128,0.765685424949238,0,444.4124145507813
49111.0,8.0,82,13,4,6.934598119133321,-2.261519921747851,0.848528137423857,0,444.4124145507813
49111.0,8.0,82,16,4,10.268407964713694,-2.401133302640722,0.6466890965784271,0,444.4124145507813
49111.0,8.0,82,18,1,30.04359821082768,0.7267663976729144,0.37888543819998316,0,444.4124145507813
49111.0,8.0,82,19,1,37.393995444945205,0.9787750232937233,0.3414213562373095,0,444.4124145507813
49111.0,8.0,82,20,2,27.886392658233344,0.8827621498604963,0.482842712474619,0,444.4124145507813
49111.0,8.0,82,21,4,18.89420269928738,0.6918753166989735,0.3414213562373095,0,444.4124145507813
49111.0,8.0,82,22,2,31.43268994929322,1.0897584027308673,0.4242640687119285,0,444.4124145507813
49111.0,8.0,82,23,4,21.618371761096785,1.0161597256226884,0.4242640687119285,0,444.4124145507813
49111.0,8.0,82,24,1,41.033000125890545,-5.03370424887774,0.37888543819998316,0,444.4124145507813
49111.0,8.0,82,25,2,36.033000144418,-5.0336930547306356,0.482842712474619,0,444.4124145507813
49111.0,8.0,82,26,2,26.033000202823636,-5.0336577664860185,0.4242640687119285,0,444.4124145507813
49111.0,8.0,82,27,5,16.03300033408605,-5.033578458727149,0.482842712474619,0,444.4124145507813
49111.0,8.0,82,28,5,11.033000488946662,-5.033484893114347,0.3894427190999916,1,444.4124145507813
49111.0,8.0,82,29,4,31.433743040233754,-4.87393500024863,0.4242640687119285,0,444.4124145507813
49111.0,8.0,82,30,4,21.619902906165695,-4.800246333132846,0.4242640687119285,0,444.4124145507813
49111.0,8.0,82,31,4,37.39576584960753,-4.76298896450448,0.3414213562373095,0,444.4124145507813
49111.0,8.0,82,32,5,27.888766620832488,-4.666925074980719,0.482842712474619,0,444.4124145507813
49111.0,8.0,82,33,5,18.897706310127912,-4.475962573401011,0.3414213562373095,0,444.4124145507813
49111.0,8.0,82,34,5,30.046903428918977,-4.510960009170022,0.4308640753373011,0,444.4124145507813
49111.0,8.0,82,35,5,16.53560814300186,-3.5255005421888996,0.613407053921902,0,444.4124145507813
49111.0,8.0,82,36,5,20.893288587665683,-3.7559127059517765,0.6466890965784271,0,444.4124145507813
49111.0,8.0,82,37,5,20.02996525418292,-3.5145842130815783,0.8513997106635237,0,444.4124145507813
49111.0,8.0,82,38,4,20.392878859054427,-3.2672116555420008,0.682842712474619,0,444.4124145507813
49111.0,8.0,82,39,4,22.778960886383498,-3.618716522926017,0.848528137423857,0,444.4124145507813
49111.0,8.0,82,40,4,22.551076673624326,-3.397890298049254,0.848528137423857,0,444.4124145507813
49111.0,8.0,82,43,2,25.024640059735077,-3.504279640726093,0.848528137423857,0,444.4124145507813
49111.0,8.0,82,44,2,25.316054396283626,-3.305641139045168,0.8513997106635237,0,444.4124145507813
49111.0,8.0,82,45,1,26.09447470728233,-3.172779551941429,0.613407053921902,0,444.4124145507813
49111.0,8.0,82,46,4,27.72930148955995,-3.5907462031654633,0.848528137423857,0,444.4124145507813
49111.0,8.0,82,47,2,27.54240659737645,-3.4097000574214213,0.848528137423857,0,444.4124145507813
49111.0,8.0,82,48,4,30.603851262194535,-3.6614202969973064,0.6466890965784271,0,444.4124145507813
49111.0,8.0,82,49,2,30.02108779099818,-3.4974045334373356,0.8513997106635237,0,444.4124145507813
49111.0,8.0,82,50,1,30.26442981837117,-3.3315323409955173,0.682842712474619,0,444.4124145507813
49111.0,8.0,82,51,1,33.519231548167774,-3.4938116029168222,0.613407053921902,0,444.4124145507813
49111.0,8.0,82,52,5,36.92126091598188,-4.461227989920042,0.4308640753373011,0,444.4124145507813
49111.0,8.0,82,53,4,48.0507295419013,-4.486521406513808,0.3414213562373095,0,444.4124145507813
49111.0,8.0,82,54,5,39.852385244317986,-4.3555775875982246,0.482842712474619,0,444.4124145507813
49111.0,8.0,82,56,4,46.88897217492363,-4.339442966011473,0.4242640687119285,0,444.4124145507813
49111.0,8.0,82,57,4,39.722987195997106,-4.177652506673485,0.4242640687119285,0,444.4124145507813
49111.0,8.0,82,58,2,53.93457901550721,-4.32752129164581,0.382842712474619,0,444.4124145507813
49111.0,8.0,82,59,2,46.77904246275867,-4.188335906404827,0.4242640687119285,0,444.4124145507813
49111.0,8.0,82,60,5,40.83648875558679,-4.00405932971768,0.482842712474619,0,444.4124145507813
49111.0,8.0,82,61,5,38.500504074121686,-3.8925104142317117,0.37888543819998316,0,444.4124145507813
49111.0,8.0,82,62,2,53.8390370984828,-4.196218158675852,0.4242640687119285,0,444.4124145507813
49111.0,8.0,82,63,4,47.728208806159856,-4.039905728986654,0.4242640687119285,0,444.4124145507813
49111.0,8.0,82,64,1,60.90160110909265,-4.202272558584604,0.3414213562373095,0,444.4124145507813
49111.0,8.0,82,65,2,54.6657572690951,-4.066681219989132,0.382842712474619,0,444.4124145507813
49111.0,8.0,82,66,4,49.67579911743959,-3.900189558222392,0.3414213562373095,0,444.4124145507813
49111.0,8.0,83,1,1,14.337924466556021,-2.581154425261438,0.613407053921902,0,445.0158081054687
49111.0,8.0,83,2,4,8.248069772850645,-2.61835845891403,0.682842712474619,0,445.0158081054687
49111.0,8.0,83,3,2,12.824822229934805,-2.814423587898547,0.8513997106635237,0,445.0158081054687
49111.0,8.0,83,4,1,17.632965589515774,-2.9056759585187013,0.682842712474619,0,445.0158081054687
49111.0,8.0,83,5,4,9.779887939974198,-2.975031248476262,0.848528137423857,0,445.0158081054687
49111.0,8.0,83,6,2,14.734029264599354,-3.0313226798956787,0.848528137423857,0,445.0158081054687
49111.0,8.0,83,8,5,7.198357521509722,-3.263949125671585,0.765685424949238,0,445.0158081054687
49111.0,8.0,83,9,2,12.176278629330598,-3.213809605932775,0.848528137423857,0,445.0158081054687
49111.0,8.0,83,10,2,17.167037353914928,-3.1927927270965575,0.8513997106635237,0,445.0158081054687
49111.0,8.0,83,11,1,20.66322720890526,-3.184123983577037,0.613407053921902,0,445.0158081054687
49111.0,8.0,83,12,4,10.219192930369593,-3.4785427323251628,0.765685424949238,0,445.0158081054687
49111.0,8.0,83,13,4,15.029215362078396,-3.3683305672865442,0.848528137423857,0,445.0158081054687
49111.0,8.0,83,16,4,18.124372197137575,-3.4719130381850603,0.6466890965784271,0,445.0158081054687
49111.0,8.0,83,18,1,22.764714179194062,-0.6691519015253249,0.37888543819998316,0,445.0158081054687
49111.0,8.0,83,19,1,29.310869778749783,-0.3164514411638111,0.3414213562373095,0,445.0158081054687
49111.0,8.0,83,20,2,20.0503842279908,-0.47228851655182336,0.482842712474619,0,445.0158081054687
49111.0,8.0,83,21,4,12.037804126720832,-0.85983068274553,0.3414213562373095,0,445.0158081054687
49111.0,8.0,83,22,2,23.224086493726894,-0.17840855807434552,0.4242640687119285,0,445.0158081054687
49111.0,8.0,83,23,4,13.499963480370708,-0.3102450182448053,0.4242640687119285,0,445.0158081054687
49111.0,8.0,83,24,1,32.867203546917956,-6.256451232761194,0.37888543819998316,0,445.0158081054687
49111.0,8.0,83,25,2,27.869310706333472,-6.251655457085487,0.482842712474619,0,445.0158081054687
49111.0,8.0,83,26,2,17.8770607133664,-6.234020421449549,0.4242640687119285,0,445.0158081054687
49111.0,8.0,83,27,5,7.904436744804989,-6.1718062488607,0.382842712474619,1,445.0158081054687
49111.0,8.0,83,29,4,23.59935561678399,-6.031435764057141,0.4242640687119285,0,445.0158081054687
49111.0,8.0,83,30,4,14.135784591973271,-5.8542922195942335,0.4242640687119285,0,445.0158081054687
49111.0,8.0,83,31,4,29.904345358249856,-5.910863766490941,0.3414213562373095,0,445.0158081054687
49111.0,8.0,83,32,5,20.908388072941314,-5.735986723424203,0.482842712474619,0,445.0158081054687
49111.0,8.0,83,33,5,13.418327478190024,-5.337796341685982,0.3414213562373095,0,445.0158081054687
49111.0,8.0,83,34,5,23.894484464796005,-5.556322429407768,0.4308640753373011,0,445.0158081054687
49111.0,8.0,83,35,5,18.7898682248004,-4.322340023775499,0.613407053921902,0,445.0158081054687
49111.0,8.0,83,36,5,20.988418827403613,-4.610032997276359,0.6466890965784271,0,445.0158081054687
49111.0,8.0,83,37,5,22.067150589193158,-4.382684287560299,0.8513997106635237,0,445.0158081054687
49111.0,8.0,83,38,4,24.153768761370248,-4.185552764659429,0.682842712474619,0,445.0158081054687
49111.0,8.0,83,39,4,23.835462613827126,-4.516275860390898,0.848528137423857,0,445.0158081054687
49111.0,8.0,83,40,4,25.28981392313451,-4.321121195029464,0.848528137423857,0,445.0158081054687
49111.0,8.0,83,43,2,26.846691251545153,-4.4430194991577885,0.848528137423857,0,445.0158081054687
49111.0,8.0,83,44,2,28.586539514383485,-4.273610198869788,0.8513997106635237,0,445.0158081054687
49111.0,8.0,83,45,1,30.239907879878547,-4.168640461250163,0.613407053921902,0,445.0158081054687
49111.0,8.0,83,46,4,28.756129330019604,-4.550163546792307,0.848528137423857,0,445.0158081054687
49111.0,8.0,83,47,2,29.97266061424029,-4.384782278442657,0.848528137423857,0,445.0158081054687
49111.0,8.0,83,48,4,30.952950052197554,-4.643049532495547,0.6466890965784271,0,445.0158081054687
49111.0,8.0,83,49,2,31.69432957463297,-4.4850146999124,0.8513997106635237,0,445.0158081054687
49111.0,8.0,83,50,1,33.18095745208495,-4.337671787010654,0.682842712474619,0,445.0158081054687
49111.0,8.0,83,51,1,35.11311029239959,-4.507485992742943,0.613407053921902,0,445.0158081054687
49111.0,8.0,83,52,5,30.95620573675694,-5.542958938944702,0.4308640753373011,0,445.0158081054687
49111.0,8.0,83,53,4,41.82321782386969,-5.616020962811239,0.3414213562373095,0,445.0158081054687
49111.0,8.0,83,54,5,34.526401052616045,-5.435833680737706,0.482842712474619,0,445.0158081054687
49111.0,8.0,83,55,5,28.8957296178747,-5.173441874395398,0.3414213562373095,0,445.0158081054687
49111.0,8.0,83,56,4,41.58620751432056,-5.446361330771399,0.4242640687119285,0,445.0158081054687
49111.0,8.0,83,57,4,35.66936326775917,-5.236660497702193,0.4242640687119285,0,445.0158081054687
49111.0,8.0,83,58,2,48.64928510473898,-5.453832736238623,0.382842712474619,0,445.0158081054687
49111.0,8.0,83,59,2,42.53990787137899,-5.2795870707493,0.4242640687119285,0,445.0158081054687
49111.0,8.0,83,60,5,38.11213169331581,-5.0564429258164205,0.482842712474619,0,445.0158081054687
49111.0,8.0,83,61,5,36.728462974378125,-4.927933447197143,0.37888543819998316,0,445.0158081054687
49111.0,8.0,83,62,2,49.46699958036123,-5.310535737998164,0.4242640687119285,0,445.0158081054687
49111.0,8.0,83,63,4,44.608013495185965,-5.124205562352547,0.4242640687119285,0,445.0158081054687
49111.0,8.0,83,64,1,56.429817767395846,-5.333864941542006,0.3414213562373095,0,445.0158081054687
49111.0,8.0,83,65,2,51.25636695830811,-5.174573822321692,0.382842712474619,0,445.0158081054687
49111.0,8.0,83,66,4,47.645629120287346,-4.985588868788796,0.3414213562373095,0,445.0158081054687
49111.0,8.0,84,1,1,18.592248183127538,3.0231472072713212,0.613407053921902,0,445.5025024414063
49111.0,8.0,84,2,4,12.556592240633744,2.9638416158572607,0.682842712474619,0,445.5025024414063
49111.0,8.0,84,3,2,17.229227181227476,2.8427859892742684,0.8513997106635237,0,445.5025024414063
49111.0,8.0,84,4,1,22.04596402580644,2.773950967581599,0.682842712474619,0,445.5025024414063
49111.0,8.0,84,5,4,14.182095637288139,2.728016870642533,0.848528137423857,0,445.5025024414063
49111.0,8.0,84,6,2,19.113087066980867,2.6777296126135903,0.848528137423857,0,445.5025024414063
49111.0,8.0,84,8,5,11.420043960862277,2.5543752375194027,0.765685424949238,0,445.5025024414063
49111.0,8.0,84,9,2,16.41936858203844,2.54837390637111,0.848528137423857,0,445.5025024414063
49111.0,8.0,84,10,2,21.419008501740578,2.5451741704410167,0.8513997106635237,0,445.5025024414063
49111.0,8.0,84,11,1,24.918842420806747,2.54369832736228,0.613407053921902,0,445.5025024414063
49111.0,8.0,84,12,4,14.102525732494541,2.372644182359592,0.765685424949238,0,445.5025024414063
49111.0,8.0,84,13,4,19.054120095151987,2.414987399293518,0.848528137423857,0,445.5025024414063
49111.0,8.0,84,16,4,21.94363963813019,2.3153114273721487,0.6466890965784271,0,445.5025024414063
49111.0,8.0,84,18,1,20.402889872088128,4.833892320650822,0.37888543819998316,0,445.5025024414063
49111.0,8.0,84,19,1,25.703517062328874,5.26713287757173,0.3414213562373095,0,445.5025024414063
49111.0,8.0,84,20,2,17.000803231113515,5.030949624706034,0.482842712474619,0,445.5025024414063
49111.0,8.0,84,21,4,10.834381922040958,4.442434052434903,0.3308640753373011,0,445.5025024414063
49111.0,8.0,84,22,2,19.302809259502077,5.4021503150267165,0.4242640687119285,0,445.5025024414063
49111.0,8.0,84,23,4,10.047634867884444,5.129374339915078,0.4242640687119285,0,445.5025024414063
49111.0,8.0,84,24,1,28.583060010250726,5.668385127783546,0.37888543819998316,0,445.5025024414063
49111.0,8.0,84,25,2,23.58324787035065,5.666715740591426,0.482842712474619,0,445.5025024414063
49111.0,8.0,84,26,2,13.58403847329676,5.65969035344467,0.4242640687119285,0,445.5025024414063
49111.0,8.0,84,29,4,19.185860315599243,-0.3554045022697023,0.4242640687119285,0,445.5025024414063
49111.0,8.0,84,30,4,9.821087372551679,-0.09919882892212506,0.4242640687119285,0,445.5025024414063
49111.0,8.0,84,31,4,25.52779604382966,-0.21397799273164386,0.3414213562373095,0,445.5025024414063
49111.0,8.0,84,32,5,16.733944304466096,0.016891934759486915,0.482842712474619,0,445.5025024414063
49111.0,8.0,84,33,5,10.410639419103013,0.6126030584870223,0.3308640753373011,1,445.5025024414063
49111.0,8.0,84,34,5,20.0692373386598,0.22050950264335567,0.4308640753373011,0,445.5025024414063
49111.0,8.0,84,35,5,19.880654133871506,1.5756414714433784,0.613407053921902,0,445.5025024414063
49111.0,8.0,84,36,5,20.79030362897946,1.2776890015343225,0.6466890965784271,0,445.5025024414063
49111.0,8.0,84,37,5,22.83451303509581,1.4874977158985778,0.8513997106635237,0,445.5025024414063
49111.0,8.0,84,38,4,25.702008600783802,1.6567764778966572,0.682842712474619,0,445.5025024414063
49111.0,8.0,84,39,4,23.99376070883429,1.344680294184526,0.848528137423857,0,445.5025024414063
49111.0,8.0,84,40,4,26.26554422656428,1.5223399524023578,0.848528137423857,0,445.5025024414063
49111.0,8.0,84,43,2,27.279376476020193,1.3957200323966452,0.848528137423857,0,445.5025024414063
49111.0,8.0,84,44,2,29.721080759037818,1.5491067963566225,0.8513997106635237,0,445.5025024414063
49111.0,8.0,84,45,1,31.788636710003953,1.6410153106720058,0.613407053921902,0,445.5025024414063
49111.0,8.0,84,46,4,28.695817610294423,1.2798741606099857,0.848528137423857,0,445.5025024414063
49111.0,8.0,84,47,2,30.620715355590367,1.435707011451098,0.848528137423857,0,445.5025024414063
49111.0,8.0,84,48,4,30.458751053287187,1.176166735179128,0.6466890965784271,0,445.5025024414063
49111.0,8.0,84,49,2,31.889085535507714,1.3300466852430073,0.8513997106635237,0,445.5025024414063
49111.0,8.0,84,50,1,34.00135345623364,1.4677856238353721,0.682842712474619,0,445.5025024414063
49111.0,8.0,84,51,1,35.17937397183562,1.2944169014748919,0.613407053921902,0,445.5025024414063
49111.0,8.0,84,52,5,27.135685400614744,0.20955829222702693,0.4308640753373011,0,445.5025024414063
49111.0,8.0,84,53,4,37.82510140636785,0.10723887370164231,0.3414213562373095,0,445.5025024414063
49111.0,8.0,84,54,5,30.969256005458373,0.32034399191458096,0.482842712474619,0,445.5025024414063
49111.0,8.0,84,55,5,26.21929325251212,0.6304011788418147,0.3414213562373095,0,445.5025024414063
49111.0,8.0,84,56,4,37.982442685236805,0.2940176116285329,0.4242640687119285,0,445.5025024414063
49111.0,8.0,84,57,4,32.72647969866156,0.5359043351312622,0.4242640687119285,0,445.5025024414063
49111.0,8.0,84,58,2,45.013743314047744,0.275906280626788,0.382842712474619,0,445.5025024414063
49111.0,8.0,84,59,2,39.428335093845725,0.47311748656624264,0.4242640687119285,0,445.5025024414063
49111.0,8.0,84,60,5,35.818293222907684,0.7219131215919241,0.482842712474619,0,445.5025024414063
49111.0,8.0,84,61,5,34.95895293007213,0.8612219745085994,0.37888543819998316,0,445.5025024414063
49111.0,8.0,84,62,2,46.2402935012124,0.42869479594960236,0.4242640687119285,0,445.5025024414063
49111.0,8.0,84,63,4,42.030004332713,0.634809473203696,0.4242640687119285,0,445.5025024414063
49111.0,8.0,84,64,1,53.12001391080338,0.3957269216828352,0.3414213562373095,0,445.5025024414063
49111.0,8.0,84,65,2,48.47775158785268,0.5704890411696777,0.382842712474619,0,445.5025024414063
49111.0,8.0,84,66,4,45.59000899476947,0.7744933998757473,0.3414213562373095,0,445.5025024414063
49111.0,8.0,85,1,1,25.99996911875936,2.2498700510058383,0.613407053921902,0,446.2265930175781
49111.0,8.0,85,2,4,19.8992416086834,2.257626144783583,0.682842712474619,0,446.2265930175781
49111.0,8.0,85,3,2,24.086123122418147,2.1327033496830223,0.8513997106635237,0,446.2265930175781
49111.0,8.0,85,4,1,28.53599196691461,2.045706598025405,0.682842712474619,0,446.2265930175781
49111.0,8.0,85,5,4,20.696406407534614,2.087691397156939,0.848528137423857,0,446.2265930175781
49111.0,8.0,85,6,2,25.24881677729412,1.9972063795915038,0.848528137423857,0,446.2265930175781
49111.0,8.0,85,8,5,17.364940233222615,2.02523784286002,0.765685424949238,0,446.2265930175781
49111.0,8.0,85,9,2,22.038662839903033,1.9343908834303336,0.848528137423857,0,446.2265930175781
49111.0,8.0,85,10,2,26.830284572446338,1.875640497208363,0.8513997106635237,0,446.2265930175781
49111.0,8.0,85,11,1,30.224612943191225,1.845666240060411,0.613407053921902,0,446.2265930175781
49111.0,8.0,85,12,4,18.94472409111509,1.8506298851972656,0.765685424949238,0,446.2265930175781
49111.0,8.0,85,13,4,23.83409493469399,1.801401055418004,0.848528137423857,0,446.2265930175781
49111.0,8.0,85,16,4,25.988949631354647,1.6887193408524352,0.6466890965784271,0,446.2265930175781
49111.0,8.0,85,18,1,23.74972839545406,3.5771311631078366,0.37888543819998316,0,446.2265930175781
49111.0,8.0,85,19,1,25.520343074210718,4.029376533967111,0.3414213562373095,0,446.2265930175781
49111.0,8.0,85,20,2,19.225268049118938,3.676769781626608,0.482842712474619,0,446.2265930175781
49111.0,8.0,85,21,4,16.9686166936357,3.130632682543199,0.3308640753373011,0,446.2265930175781
49111.0,8.0,85,22,2,18.466476485663986,4.052082863883013,0.4242640687119285,0,446.2265930175781
49111.0,8.0,85,23,4,12.622748303386215,3.514108555731334,0.4242640687119285,0,446.2265930175781
49111.0,8.0,85,24,1,25.064897078646844,4.474738693026154,0.37888543819998316,0,446.2265930175781
49111.0,8.0,85,25,2,20.307894426323188,4.406476868860863,0.482842712474619,0,446.2265930175781
49111.0,8.0,85,26,2,11.433879348923837,4.102780602170055,0.4242640687119285,0,446.2265930175781
49111.0,8.0,85,29,4,14.217363299882802,4.618291737854917,0.4242640687119285,0,446.2265930175781
49111.0,8.0,85,30,4,4.522879628722502,4.311191311430297,0.382842712474619,0,446.2265930175781
49111.0,8.0,85,31,4,19.327008082886543,-1.3689450237871237,0.3414213562373095,0,446.2265930175781
49111.0,8.0,85,32,5,9.584167275826337,-1.2031988258260078,0.482842712474619,0,446.2265930175781
49111.0,8.0,85,34,5,12.141564770393359,-0.8022293948740413,0.4308640753373011,0,446.2265930175781
49111.0,8.0,85,35,5,18.56457775501761,1.073136446165636,0.613407053921902,0,446.2265930175781
49111.0,8.0,85,36,5,17.018371533328654,0.7394223509518135,0.6466890965784271,0,446.2265930175781
49111.0,8.0,85,37,5,20.586074907906568,0.9268522212854325,0.8513997106635237,0,446.2265930175781
49111.0,8.0,85,38,4,24.656601359097927,1.055820352037144,0.682842712474619,0,446.2265930175781
49111.0,8.0,85,39,4,20.542307349260795,0.7547261728777471,0.848528137423857,0,446.2265930175781
49111.0,8.0,85,40,4,24.10700938936689,0.912444115726418,0.848528137423857,0,446.2265930175781
49111.0,8.0,85,41,5,19.519816726131864,0.432777108793476,0.4815389220537701,0,446.2265930175781
49111.0,8.0,85,43,2,24.069645049659062,0.7655464837971482,0.848528137423857,0,446.2265930175781
49111.0,8.0,85,44,2,27.631672466285973,0.9017099926179439,0.8513997106635237,0,446.2265930175781
49111.0,8.0,85,45,1,30.367291295263342,0.9770960445822116,0.613407053921902,0,446.2265930175781
49111.0,8.0,85,46,4,24.546847535562094,0.6212995910855154,0.848528137423857,0,446.2265930175781
49111.0,8.0,85,47,2,27.599080318040674,0.7736000933915876,0.848528137423857,0,446.2265930175781
49111.0,8.0,85,48,4,25.509755683888557,0.4852480826041645,0.6466890965784271,0,446.2265930175781
49111.0,8.0,85,49,2,28.016230037590958,0.6472581449839109,0.8513997106635237,0,446.2265930175781
49111.0,8.0,85,50,1,31.12989971051534,0.7798271189638905,0.682842712474619,0,446.2265930175781
49111.0,8.0,85,51,1,30.960492218488056,0.582991216688918,0.613407053921902,0,446.2265930175781
49111.0,8.0,85,52,5,19.20461968664739,-0.7801900959664072,0.4308640753373011,0,446.2265930175781
49111.0,8.0,85,53,4,30.10075960962352,-0.8844175034372703,0.3414213562373095,0,446.2265930175781
49111.0,8.0,85,54,5,22.89931767567325,-0.6193713285091127,0.482842712474619,0,446.2265930175781
49111.0,8.0,85,55,5,18.512205998920276,-0.17937549749554438,0.3414213562373095,0,446.2265930175781
49111.0,8.0,85,56,4,29.929560174625163,-0.6483546569668859,0.4242640687119285,0,446.2265930175781
49111.0,8.0,85,57,4,24.781073285504952,-0.33225603723268327,0.4242640687119285,0,446.2265930175781
49111.0,8.0,85,58,2,36.97537551508593,-0.6663028494841445,0.382842712474619,0,446.2265930175781
49111.0,8.0,85,59,2,31.39269684841802,-0.4221797318583904,0.4242640687119285,0,446.2265930175781
49111.0,8.0,85,60,5,28.35179776225369,-0.1014875798874102,0.482842712474619,0,446.2265930175781
49111.0,8.0,85,61,5,28.07108738220275,0.07569982101377315,0.37888543819998316,0,446.2265930175781
49111.0,8.0,85,62,2,38.16937565184663,-0.4805161946133476,0.4242640687119285,0,446.2265930175781
49111.0,8.0,85,63,4,34.28154399362492,-0.22512372126701585,0.4242640687119285,0,446.2265930175781
49111.0,8.0,85,64,1,45.03666350749009,-0.5211676197138331,0.3414213562373095,0,446.2265930175781
49111.0,8.0,85,65,2,40.57861605355644,-0.31139389292956143,0.382842712474619,0,446.2265930175781
49111.0,8.0,85,66,4,38.27462738887221,-0.06384488862988213,0.3414213562373095,0,446.2265930175781
49111.0,8.0,86,1,1,35.164234192006006,1.1782506467128413,0.613407053921902,0,448.3218994140625
49111.0,8.0,86,2,4,30.1964972276043,1.2871137485237343,0.682842712474619,0,448.3218994140625
49111.0,8.0,86,3,2,31.95850912087909,1.136343562364997,0.8513997106635237,0,448.3218994140625
49111.0,8.0,86,4,1,34.36370418976845,1.0039720627946218,0.682842712474619,0,448.3218994140625
49111.0,8.0,86,5,4,28.664254294345742,1.1787598295344468,0.848528137423857,0,448.3218994140625
49111.0,8.0,86,6,2,30.921793846145405,1.0287673742367833,0.848528137423857,0,448.3218994140625
49111.0,8.0,86,8,5,25.434870616390498,1.2320644525134283,0.765685424949238,0,448.3218994140625
49111.0,8.0,86,9,2,27.503645279946483,1.0597490039092583,0.848528137423857,0,448.3218994140625
49111.0,8.0,86,10,2,30.26496925651371,0.9151461957354757,0.8513997106635237,0,448.3218994140625
49111.0,8.0,86,11,1,32.517393290153784,0.829725518239801,0.613407053921902,0,448.3218994140625
49111.0,8.0,86,12,4,24.119363024481572,1.09947253510562,0.765685424949238,0,448.3218994140625
49111.0,8.0,86,13,4,26.763062850117258,0.9322393381668543,0.848528137423857,0,448.3218994140625
49111.0,8.0,86,16,4,26.47777487919879,0.7997608105857721,0.6466890965784271,0,448.3218994140625
49111.0,8.0,86,17,5,20.51530260707846,0.8556932722380152,0.47153869179611585,0,448.3218994140625
49111.0,8.0,86,18,1,42.356000116183125,1.9721811777098435,0.37888543819998316,0,448.3218994140625
49111.0,8.0,86,19,1,43.12886763494632,2.233887031997463,0.3414213562373095,0,448.3218994140625
49111.0,8.0,86,20,2,37.80390117828999,2.02387790311166,0.482842712474619,0,448.3218994140625
49111.0,8.0,86,21,4,34.61460190617697,1.7611181358245265,0.3308640753373011,0,448.3218994140625
49111.0,8.0,86,22,2,36.120925823421636,2.2100013828307072,0.4242640687119285,0,448.3218994140625
49111.0,8.0,86,23,4,31.205079765421583,1.9498858732550264,0.4242640687119285,0,448.3218994140625
49111.0,8.0,86,24,1,39.633190131148204,2.4914623112720826,0.37888543819998316,0,448.3218994140625
49111.0,8.0,86,25,2,35.78138650729372,2.406779425730036,0.482842712474619,0,448.3218994140625
49111.0,8.0,86,26,2,29.143495693027912,2.1746494934928178,0.4242640687119285,0,448.3218994140625
49111.0,8.0,86,29,4,28.721589079519074,2.419228117824956,0.4242640687119285,0,448.3218994140625
49111.0,8.0,86,30,4,22.225332395218405,2.1171754306897705,0.382842712474619,0,448.3218994140625
49111.0,8.0,86,31,4,30.008599055870008,2.6566182517470094,0.3414213562373095,0,448.3218994140625
49111.0,8.0,86,32,5,21.669142533131243,2.4397850610026146,0.482842712474619,0,448.3218994140625
49111.0,8.0,86,34,5,18.832310972819243,2.64395761291177,0.4308640753373011,0,448.3218994140625
49111.0,8.0,86,35,5,11.29276308866433,0.7251122434410283,0.613407053921902,1,448.3218994140625
49111.0,8.0,86,36,5,5.275564110421677,0.8575436147019657,0.6466890965784271,0,448.3218994140625
49111.0,8.0,86,37,5,9.34609207614428,0.4410303832467085,0.8513997106635237,0,448.3218994140625
49111.0,8.0,86,38,4,14.03094072072021,0.28831961285713725,0.682842712474619,0,448.3218994140625
49111.0,8.0,86,39,4,6.135357048890746,0.24523698021915438,0.848528137423857,0,448.3218994140625
49111.0,8.0,86,40,4,11.052622608683018,0.13518300349640294,0.848528137423857,0,448.3218994140625
49111.0,8.0,86,41,5,1.0115694984337198,-1.6184769184323846,0.4815389220537701,0,448.3218994140625
49111.0,8.0,86,43,2,8.511970133381428,-0.11898631981264485,0.848528137423857,0,448.3218994140625
49111.0,8.0,86,44,2,13.489681092011594,-0.07497338567512024,0.8513997106635237,0,448.3218994140625
49111.0,8.0,86,45,1,16.98187263681463,-0.05953507053966877,0.613407053921902,0,448.3218994140625
49111.0,8.0,86,46,4,6.909906263704588,-0.5328927754999307,0.848528137423857,0,448.3218994140625
49111.0,8.0,86,47,2,11.50063759040261,-0.3101872719637044,0.848528137423857,0,448.3218994140625
49111.0,8.0,86,48,4,6.931087475626776,-1.0494880339769994,0.6466890965784271,0,448.3218994140625
49111.0,8.0,86,49,2,10.37100930514422,-0.6181647261496089,0.8513997106635237,0,448.3218994140625
49111.0,8.0,86,50,1,14.733488874668677,-0.420199648367997,0.682842712474619,0,448.3218994140625
49111.0,8.0,86,51,1,12.723237517489618,-0.8442668025828413,0.613407053921902,0,448.3218994140625
49111.0,8.0,86,52,5,21.91443073913126,2.9585190704550723,0.4308640753373011,0,448.3218994140625
49111.0,8.0,86,53,4,31.564390573093537,-3.109575799325656,0.3414213562373095,0,448.3218994140625
49111.0,8.0,86,54,5,21.57189080901328,-3.0947358579241557,0.482842712474619,0,448.3218994140625
49111.0,8.0,86,55,5,11.592333410542798,-3.0543191408105526,0.3414213562373095,0,448.3218994140625
49111.0,8.0,86,56,4,27.22008102705068,-2.91894950367691,0.4242640687119285,0,448.3218994140625
49111.0,8.0,86,57,4,17.60592320625078,-2.7932013110821536,0.4242640687119285,0,448.3218994140625
49111.0,8.0,86,58,2,33.414355435387606,-2.805806347713281,0.382842712474619,0,448.3218994140625
49111.0,8.0,86,59,2,24.19824105152299,-2.669210222068267,0.4242640687119285,0,448.3218994140625
49111.0,8.0,86,60,5,15.955895174286146,-2.3800298106135087,0.482842712474619,0,448.3218994140625
49111.0,8.0,86,61,5,12.810482084035932,-2.1073309416090225,0.37888543819998316,0,448.3218994140625
49111.0,8.0,86,62,2,31.002277465225447,-2.598919176379395,0.4242640687119285,0,448.3218994140625
49111.0,8.0,86,63,4,23.025571195000154,-2.372710699525597,0.4242640687119285,0,448.3218994140625
49111.0,8.0,86,64,1,37.90418903068681,-2.554066895951306,0.3414213562373095,0,448.3218994140625
49111.0,8.0,86,65,2,30.095901164431574,-2.3688303631617837,0.382842712474619,0,448.3218994140625
49111.0,8.0,86,66,4,23.974965854499754,-2.073364814628534,0.3414213562373095,0,448.3218994140625
49111.0,8.0,87,1,1,25.44000940740121,0.247146219912443,0.613407053921902,0,449.309814453125
49111.0,8.0,87,2,4,20.856360840509453,0.42232147566216804,0.682842712474619,0,449.309814453125
49111.0,8.0,87,3,2,22.147747033620302,0.1970982201469349,0.8513997106635237,0,449.309814453125
49111.0,8.0,87,4,1,24.414291098062577,0.005142910941218659,0.682842712474619,0,449.309814453125
49111.0,8.0,87,5,4,18.96304602451297,0.2720402048454371,0.848528137423857,0,449.309814453125
49111.0,8.0,87,6,2,20.97932376611548,0.04213985041748525,0.848528137423857,0,449.309814453125
49111.0,8.0,87,8,5,15.92706910860744,0.3763439822716599,0.765685424949238,0,449.309814453125
49111.0,8.0,87,9,2,17.58426687542185,0.09351790508853774,0.848528137423857,0,449.309814453125
49111.0,8.0,87,10,2,20.36519954976525,-0.12650656094330115,0.8513997106635237,0,449.309814453125
49111.0,8.0,87,11,1,22.76764789148737,-0.24477757373800824,0.613407053921902,0,449.309814453125
49111.0,8.0,87,12,4,14.2576596048797,0.1691565969063722,0.848528137423857,1,449.309814453125
49111.0,8.0,87,13,4,16.846832597385156,-0.10771926772001472,0.848528137423857,0,449.309814453125
49111.0,8.0,87,14,5,11.061431791191348,0.28957499099905704,0.682842712474619,0,449.309814453125
49111.0,8.0,87,15,5,13.337547916572946,-0.0790305645062016,0.8513997106635237,0,449.309814453125
49111.0,8.0,87,16,4,16.83523375491353,-0.3180412781006189,0.682842712474619,0,449.309814453125
49111.0,8.0,87,17,5,10.757267517518294,-0.2767768699087374,0.613407053921902,0,449.309814453125
49111.0,8.0,87,18,1,37.68216747971632,1.190946856310643,0.37888543819998316,0,449.309814453125
49111.0,8.0,87,19,1,40.958023225478186,1.463891945957606,0.3414213562373095,0,449.309814453125
49111.0,8.0,87,20,2,33.743584410228436,1.2773538538018052,0.482842712474619,0,449.309814453125
49111.0,8.0,87,21,4,28.278955269981473,1.0054045306536092,0.3308640753373011,0,449.309814453125
49111.0,8.0,87,22,2,33.9378596934947,1.4866088551010754,0.4242640687119285,0,449.309814453125
49111.0,8.0,87,23,4,26.69921614742151,1.2569006276401782,0.4242640687119285,0,449.309814453125
49111.0,8.0,87,24,1,40.11723122480852,1.7398016079108383,0.37888543819998316,0,449.309814453125
49111.0,8.0,87,25,2,35.56581437701733,1.6849956365729601,0.482842712474619,0,449.309814453125
49111.0,8.0,87,26,2,26.94433102921381,1.5211446777151505,0.4242640687119285,0,449.309814453125
49111.0,8.0,87,29,4,28.96801350346576,1.7642562300542275,0.4242640687119285,0,449.309814453125
49111.0,8.0,87,30,4,20.005389989909617,1.579754386888182,0.382842712474619,0,449.309814453125
49111.0,8.0,87,31,4,32.43909120277717,1.9655614381109896,0.3414213562373095,0,449.309814453125
49111.0,8.0,87,32,5,22.657547536604586,1.8888644919672537,0.482842712474619,0,449.309814453125
49111.0,8.0,87,34,5,21.955596171689752,2.1112793927765807,0.4308640753373011,0,449.309814453125
49111.0,8.0,87,36,5,4.782425196272457,-2.991518766479241,0.6466890965784271,0,449.309814453125
49111.0,8.0,87,37,5,5.329775034055596,-1.962283171756908,0.765685424949238,0,449.309814453125
49111.0,8.0,87,38,4,9.16195465331187,-1.4985459445818856,0.682842712474619,0,449.309814453125
49111.0,8.0,87,39,4,6.89063986696465,-2.4919255960918436,0.848528137423857,0,449.309814453125
49111.0,8.0,87,40,4,8.83265695767153,-1.8923987307565522,0.848528137423857,0,449.309814453125
49111.0,8.0,87,41,5,10.836553687855396,-3.098946985949323,0.4815389220537701,0,449.309814453125
49111.0,8.0,87,43,2,9.853438221984424,-2.2572589825859097,0.848528137423857,0,449.309814453125
49111.0,8.0,87,44,2,12.354155412255595,-1.86226947105693,0.8513997106635237,0,449.309814453125
49111.0,8.0,87,45,1,14.87446112500062,-1.6828746389644984,0.613407053921902,0,449.309814453125
49111.0,8.0,87,46,4,11.88127352841537,-2.525735260089523,0.848528137423857,0,449.309814453125
49111.0,8.0,87,47,2,13.10341832548761,-2.134678568154244,0.848528137423857,0,449.309814453125
49111.0,8.0,87,48,4,14.499623323368924,-2.7069893039019948,0.6466890965784271,0,449.309814453125
49111.0,8.0,87,49,2,14.689247348835977,-2.362937811542217,0.8513997106635237,0,449.309814453125
49111.0,8.0,87,50,1,16.47145709495628,-2.0614675018014674,0.682842712474619,0,449.309814453125
49111.0,8.0,87,51,1,18.12739936372175,-2.4030841855012532,0.613407053921902,0,449.309814453125
49111.0,8.0,87,52,5,27.298297290846516,-3.9824189672834835,0.4308640753373011,0,449.309814453125
49111.0,8.0,87,53,4,38.11575731307012,-3.894801654649828,0.3414213562373095,0,449.309814453125
49111.0,8.0,87,54,5,28.52859579194636,-3.808539952867041,0.482842712474619,0,449.309814453125
49111.0,8.0,87,55,5,19.36364119094497,-3.6381276835901524,0.3414213562373095,0,449.309814453125
49111.0,8.0,87,56,4,35.02898242292202,-3.720476368607369,0.4242640687119285,0,449.309814453125
49111.0,8.0,87,57,4,26.231649431493654,-3.5634616121843843,0.4242640687119285,0,449.309814453125
49111.0,8.0,87,58,2,41.71544607589017,-3.6602924328928825,0.382842712474619,0,449.309814453125
49111.0,8.0,87,59,2,33.185060850055734,-3.5199203178090706,0.4242640687119285,0,449.309814453125
49111.0,8.0,87,60,5,25.735541298626366,-3.291143354623842,0.482842712474619,0,449.309814453125
49111.0,8.0,87,61,5,22.756383655778965,-3.1250218134938663,0.37888543819998316,0,449.309814453125
49111.0,8.0,87,62,2,40.17956066642619,-3.491499080130497,0.4242640687119285,0,449.309814453125
49111.0,8.0,87,63,4,32.79431227603994,-3.3054917413836087,0.4242640687119285,0,449.309814453125
49111.0,8.0,87,64,1,47.196884717872464,-3.4715169076472208,0.3414213562373095,0,449.309814453125
49111.0,8.0,87,65,2,39.85744283547986,-3.3147561619187114,0.382842712474619,0,449.309814453125
49111.0,8.0,87,66,4,33.90701360625771,-3.095697772039001,0.3414213562373095,0,449.309814453125
49111.0,8.0,88,1,1,14.92486468612521,-0.23443711231057995,0.613407053921902,0,450.6480102539063
49111.0,8.0,88,2,4,11.087867141364264,0.13664625592971102,0.682842712474619,0,450.6480102539063
49111.0,8.0,88,3,2,11.55610644665665,-0.3067488498306059,0.8513997106635237,0,450.6480102539063
49111.0,8.0,88,4,1,13.933642548464254,-0.6551430973520108,0.682842712474619,0,450.6480102539063
49111.0,8.0,88,5,4,8.559918477291012,-0.11775245177426785,0.848528137423857,0,450.6480102539063
49111.0,8.0,88,6,2,10.434318511516798,-0.6132822056317574,0.848528137423857,0,450.6480102539063
49111.0,8.0,88,7,5,7.767165090683789,0.6957029890657558,0.613407053921902,0,450.6480102539063
49111.0,8.0,88,8,5,6.1644799025770824,0.24216018134586115,0.7685569981889047,0,450.6480102539063
49111.0,8.0,88,9,2,6.97162900125866,-0.5295447639734612,0.848528137423857,0,450.6480102539063
49111.0,8.0,88,10,2,10.450187050627605,-0.9534969048335389,0.8513997106635237,0,450.6480102539063
49111.0,8.0,88,11,1,13.467678653593007,-1.10311683210688,0.613407053921902,0,450.6480102539063
49111.0,8.0,88,13,4,6.995356854693945,-1.041372731917916,0.848528137423857,0,450.6480102539063
49111.0,8.0,88,14,5,1.7495219901470795,0.9729671561307485,0.5638463841038082,0,450.6480102539063
49111.0,8.0,88,15,5,3.6964341811970978,-1.2921057109779603,0.7685569981889047,1,450.6480102539063
49111.0,8.0,88,16,4,8.617796941088617,-1.4487643577888383,0.682842712474619,0,450.6480102539063
49111.0,8.0,88,17,5,4.353807065458261,-2.1776878723653397,0.613407053921902,0,450.6480102539063
49111.0,8.0,88,18,1,33.76102451030644,0.9061368195510933,0.37888543819998316,0,450.6480102539063
49111.0,8.0,88,19,1,39.79524084342769,1.1636296202521028,0.3414213562373095,0,450.6480102539063
49111.0,8.0,88,20,2,30.900918929867498,1.0331968737945947,0.482842712474619,0,450.6480102539063
49111.0,8.0,88,21,4,22.93626795348519,0.8055719786217477,0.3414213562373095,0,450.6480102539063
49111.0,8.0,88,22,2,33.30651598370897,1.2408343007794485,0.4242640687119285,0,450.6480102539063
49111.0,8.0,88,23,4,24.094181951186663,1.103404082587923,0.4242640687119285,0,450.6480102539063
49111.0,8.0,88,24,1,41.870973535063214,1.4335809311979149,0.37888543819998316,0,450.6480102539063
49111.0,8.0,88,25,2,36.929408649961864,1.4141975998626393,0.482842712474619,0,450.6480102539063
49111.0,8.0,88,26,2,27.11064034949574,1.3542924322555607,0.4242640687119285,0,450.6480102539063
49111.0,8.0,88,27,5,17.49835469647174,1.2276025230993848,0.482842712474619,0,450.6480102539063
49111.0,8.0,88,28,5,12.914922204390107,1.0945941701549473,0.4538461538461539,0,450.6480102539063
49111.0,8.0,88,29,4,31.455429363188223,1.5456229857785666,0.4242640687119285,0,450.6480102539063
49111.0,8.0,88,30,4,21.462749901779873,1.5308991674417531,0.4242640687119285,0,450.6480102539063
49111.0,8.0,88,31,4,36.65925875799102,-4.596461512466402,0.3414213562373095,0,450.6480102539063
49111.0,8.0,88,32,5,26.74148181401265,-4.55558602923968,0.482842712474619,0,450.6480102539063
49111.0,8.0,88,34,5,27.93146727857133,-4.377659157776238,0.4308640753373011,0,450.6480102539063
49111.0,8.0,88,36,5,15.415514033151423,-3.566120063767836,0.6466890965784271,0,450.6480102539063
49111.0,8.0,88,37,5,14.079803669377018,-3.237593827196026,0.765685424949238,0,450.6480102539063
49111.0,8.0,88,38,4,14.451424491382038,-2.8862358973297337,0.682842712474619,0,450.6480102539063
49111.0,8.0,88,39,4,16.969663505786176,-3.3694608920124045,0.848528137423857,0,450.6480102539063
49111.0,8.0,88,40,4,16.540020494592056,-3.0710126250089886,0.848528137423857,0,450.6480102539063
49111.0,8.0,88,41,5,21.44821970951622,-3.617021069152131,0.4815389220537701,0,450.6480102539063
49111.0,8.0,88,43,2,19.060453459792974,-3.210766935589926,0.848528137423857,0,450.6480102539063
49111.0,8.0,88,44,2,19.336589268918342,-2.9499826088510313,0.8513997106635237,0,450.6480102539063
49111.0,8.0,88,45,1,20.275000455688968,-2.7794826516155275,0.613407053921902,0,450.6480102539063
49111.0,8.0,88,46,4,21.863885615881333,-3.3163432183561024,0.848528137423857,0,450.6480102539063
49111.0,8.0,88,47,2,21.532122345144167,-3.0858988188053624,0.848528137423857,0,450.6480102539063
49111.0,8.0,88,48,4,24.854740037983728,-3.3972448204125723,0.6466890965784271,0,450.6480102539063
49111.0,8.0,88,49,2,24.049135136583715,-3.195062105221608,0.8513997106635237,0,450.6480102539063
49111.0,8.0,88,50,1,24.268574314936167,-2.987925831733813,0.682842712474619,0,450.6480102539063
49111.0,8.0,88,51,1,27.54365464358311,-3.1874548271714644,0.613407053921902,0,450.6480102539063
49111.0,8.0,88,52,5,34.41836836046587,-4.286861863934535,0.4308640753373011,0,450.6480102539063
49111.0,8.0,88,53,4,45.590333387656,-4.275939401037336,0.3414213562373095,0,450.6480102539063
49111.0,8.0,88,54,5,36.738046972062214,-4.162218994760483,0.482842712474619,0,450.6480102539063
49111.0,8.0,88,55,5,28.65117261553666,-3.980658672733639,0.3414213562373095,0,450.6480102539063
49111.0,8.0,88,56,4,43.63646767996084,-4.1234294839582315,0.4242640687119285,0,450.6480102539063
49111.0,8.0,88,57,4,35.71199950308152,-3.968765600674203,0.4242640687119285,0,450.6480102539063
49111.0,8.0,88,58,2,50.5825911539443,-4.095260069546482,0.382842712474619,0,450.6480102539063
49111.0,8.0,88,59,2,42.7762097990333,-3.960799817056799,0.4242640687119285,0,450.6480102539063
49111.0,8.0,88,60,5,36.069512357318345,-3.771679912495718,0.482842712474619,0,450.6480102539063
49111.0,8.0,88,61,5,33.340853620695654,-3.6507874378978507,0.37888543819998316,0,450.6480102539063
49111.0,8.0,88,62,2,49.84236492215964,-3.9550923712525146,0.4242640687119285,0,450.6480102539063
49111.0,8.0,88,63,4,43.07513131677671,-3.7960315702693563,0.4242640687119285,0,450.6480102539063
49111.0,8.0,88,64,1,56.90974044306078,-3.9508023794054496,0.3414213562373095,0,450.6480102539063
49111.0,8.0,88,65,2,50.09914324836679,-3.8135630198444,0.382842712474619,0,450.6480102539063
49111.0,8.0,88,66,4,44.50988374669387,-3.637736375651425,0.3414213562373095,0,450.6480102539063
49111.0,8.0,89,1,1,13.797292555619414,0.35556055415187693,0.613407053921902,0,450.7066040039063
49111.0,8.0,89,2,4,10.200757103162324,0.7742580275560129,0.682842712474619,0,450.7066040039063
49111.0,8.0,89,3,2,10.402689318174916,0.28439166574684305,0.8513997106635237,0,450.7066040039063
49111.0,8.0,89,4,1,12.74270162183924,-0.10178555021996283,0.682842712474619,0,450.7066040039063
49111.0,8.0,89,5,4,7.497172636346252,0.5129931577036722,0.848528137423857,0,450.7066040039063
49111.0,8.0,89,6,2,9.239485760145579,-0.0578262662115443,0.848528137423857,0,450.7066040039063
49111.0,8.0,89,7,5,7.485779874332384,1.41046252492397,0.613407053921902,0,450.7066040039063
49111.0,8.0,89,8,5,5.403633039713883,0.9644359584305773,0.7685569981889047,1,450.7066040039063
49111.0,8.0,89,9,2,5.775789954685108,0.039279181119116435,0.848528137423857,0,450.7066040039063
49111.0,8.0,89,10,2,9.35522576816804,-0.44022858499088435,0.8513997106635237,0,450.7066040039063
49111.0,8.0,89,11,1,12.457230786748838,-0.5905246701332397,0.613407053921902,0,450.7066040039063
49111.0,8.0,89,13,4,5.959186325506512,-0.5720203053340418,0.848528137423857,0,450.7066040039063
49111.0,8.0,89,14,5,2.083999658843158,-4.13697258555252,0.5276927682076162,0,450.7066040039063
49111.0,8.0,89,16,4,7.916063019176023,-1.004097016176802,0.6466890965784271,0,450.7066040039063
49111.0,8.0,89,17,5,4.5666418007034375,-1.8804581506708735,0.4815389220537701,0,450.7066040039063
49111.0,8.0,89,18,1,33.659550479969354,1.503591316864762,0.37888543819998316,0,450.7066040039063
49111.0,8.0,89,19,1,39.99735171131044,1.7552765084056428,0.3414213562373095,0,450.7066040039063
49111.0,8.0,89,20,2,30.95333815703528,1.6339370078704722,0.482842712474619,0,450.7066040039063
49111.0,8.0,89,21,4,22.725099388325763,1.4192515369669305,0.3414213562373095,0,450.7066040039063
49111.0,8.0,89,22,2,33.60197089518996,1.8375810712978313,0.4242640687119285,0,450.7066040039063
49111.0,8.0,89,23,4,24.236613773105784,1.714658234802478,0.4242640687119285,0,450.7066040039063
49111.0,8.0,89,24,1,42.37824032974772,2.0213934290672433,0.37888543819998316,0,450.7066040039063
49111.0,8.0,89,25,2,37.4175861463378,2.005672133166695,0.482842712474619,0,450.7066040039063
49111.0,8.0,89,26,2,27.53900419703149,1.957269975358472,0.4242640687119285,0,450.7066040039063
49111.0,8.0,89,27,5,17.79656571672259,1.8553670636603372,0.482842712474619,0,450.7066040039063
49111.0,8.0,89,28,5,13.072040807860864,1.7480066539773946,0.4538461538461539,0,450.7066040039063
49111.0,8.0,89,29,4,32.083953265480474,-4.143424838392583,0.4242640687119285,0,450.7066040039063
49111.0,8.0,89,30,4,22.083954724800602,-4.143221879582628,0.4242640687119285,0,450.7066040039063
49111.0,8.0,89,31,4,37.42142918327615,-4.0094712144163225,0.3414213562373095,0,450.7066040039063
49111.0,8.0,89,32,5,27.544225552090946,-3.9608038532922962,0.482842712474619,0,450.7066040039063
49111.0,8.0,89,34,5,28.87608293752168,-3.7897101257424524,0.4308640753373011,0,450.7066040039063
49111.0,8.0,89,36,5,16.601625482338083,-3.0139199198106725,0.6466890965784271,0,450.7066040039063
49111.0,8.0,89,37,5,15.158313502120581,-2.7109925373683836,0.765685424949238,0,450.7066040039063
49111.0,8.0,89,38,4,15.294932749159932,-2.381247745197075,0.682842712474619,0,450.7066040039063
49111.0,8.0,89,39,4,18.104312213317566,-2.8290598141165413,0.848528137423857,0,450.7066040039063
49111.0,8.0,89,40,4,17.51932134216487,-2.5493264285693025,0.848528137423857,0,450.7066040039063
49111.0,8.0,89,41,5,22.64057029990765,-3.0595114944052306,0.4815389220537701,0,450.7066040039063
49111.0,8.0,89,43,2,20.12258116591264,-2.6768255067510167,0.848528137423857,0,450.7066040039063
49111.0,8.0,89,44,2,20.225695843443702,-2.4283970010107807,0.8513997106635237,0,450.7066040039063
49111.0,8.0,89,45,1,21.017638355734064,-2.2628549992755946,0.613407053921902,0,450.7066040039063
49111.0,8.0,89,46,4,22.97629050276503,-2.773932360674314,0.848528137423857,0,450.7066040039063
49111.0,8.0,89,47,2,22.518224282571758,-2.5545995294467287,0.848528137423857,0,450.7066040039063
49111.0,8.0,89,48,4,25.998107195643282,-2.849045781296634,0.6466890965784271,0,450.7066040039063
49111.0,8.0,89,49,2,25.101037375553084,-2.656194864038028,0.8513997106635237,0,450.7066040039063
49111.0,8.0,89,50,1,25.183776065190596,-2.457025591699788,0.682842712474619,0,450.7066040039063
49111.0,8.0,89,51,1,28.590430925644206,-2.646031196428493,0.613407053921902,0,450.7066040039063
49111.0,8.0,89,52,5,35.42331817873712,-3.7061747813644548,0.4308640753373011,0,450.7066040039063
49111.0,8.0,89,53,4,46.60079694808567,-3.6999497431745967,0.3414213562373095,0,450.7066040039063
49111.0,8.0,89,54,5,37.8147494417485,-3.586127869661822,0.482842712474619,0,450.7066040039063
49111.0,8.0,89,55,5,29.80396407338672,-3.407595714999314,0.3414213562373095,0,450.7066040039063
49111.0,8.0,89,56,4,44.73185196612852,-3.550443678756043,0.4242640687119285,0,450.7066040039063
49111.0,8.0,89,57,4,36.86813772710989,-3.3981783104915926,0.4242640687119285,0,450.7066040039063
49111.0,8.0,89,58,2,51.690636340608656,-3.5243411641167954,0.382842712474619,0,450.7066040039063
49111.0,8.0,89,59,2,43.93452952340061,-3.391789855918642,0.4242640687119285,0,450.7066040039063
49111.0,8.0,89,60,5,37.263438966204774,-3.2074140789122634,0.482842712474619,0,450.7066040039063
49111.0,8.0,89,61,5,34.53584200741054,-3.0905353048994253,0.37888543819998316,0,450.7066040039063
49111.0,8.0,89,62,2,51.00221749512444,-3.3871718281211236,0.4242640687119285,0,450.7066040039063
49111.0,8.0,89,63,4,44.26677296308694,-3.231454817273614,0.4242640687119285,0,450.7066040039063
49111.0,8.0,89,64,1,58.07072837839555,-3.3836779754364876,0.3414213562373095,0,450.7066040039063
49111.0,8.0,89,65,2,51.28869752238696,-3.2489206505575825,0.382842712474619,0,450.7066040039063
49111.0,8.0,89,66,4,45.70395489110773,-3.077377756645383,0.3414213562373095,0,450.7066040039063
49111.0,8.0,90,1,1,11.647086776971102,-0.48266941673299657,0.613407053921902,0,450.926513671875
49111.0,8.0,90,2,4,8.109167296475256,0.034817589822048634,0.6466890965784271,0,450.926513671875
49111.0,8.0,90,3,2,8.292623157669672,-0.584342262499022,0.8513997106635237,0,450.926513671875
49111.0,8.0,90,4,1,11.035243695905171,-1.0249251651917133,0.682842712474619,0,450.926513671875
49111.0,8.0,90,5,4,5.3138164653882916,-0.2964646451911874,0.848528137423857,0,450.926513671875
49111.0,8.0,90,6,2,7.499709995774985,-1.0247925617876021,0.848528137423857,0,450.926513671875
49111.0,8.0,90,7,5,6.35211687593335,0.8735725596580306,0.4815389220537701,1,450.926513671875
49111.0,8.0,90,9,2,3.9641766627434287,-1.0244234281609481,0.848528137423857,0,450.926513671875
49111.0,8.0,90,10,2,8.289975947271206,-1.4653933748920227,0.8513997106635237,0,450.926513671875
49111.0,8.0,90,11,1,11.643882703864806,-1.567286880724317,0.613407053921902,0,450.926513671875
49111.0,8.0,90,13,4,5.309684340810435,-1.7530760166019868,0.848528137423857,0,450.926513671875
49111.0,8.0,90,14,5,3.1068939149678787,-4.1677981809326505,0.46911412444492573,0,450.926513671875
49111.0,8.0,90,16,4,8.10375215469078,-2.0848559916213323,0.6466890965784271,0,450.926513671875
49111.0,8.0,90,17,5,6.346240055070731,-2.9243005769168873,0.4815389220537701,0,450.926513671875
49111.0,8.0,90,18,1,32.50875844631883,0.7513663201269749,0.37888543819998316,0,450.926513671875
49111.0,8.0,90,19,1,39.34143444656835,0.9994568842352074,0.3414213562373095,0,450.926513671875
49111.0,8.0,90,20,2,30.062709017974843,0.8909734814151735,0.482842712474619,0,450.926513671875
49111.0,8.0,90,21,4,21.44258572759398,0.6909952643788351,0.3414213562373095,0,450.926513671875
49111.0,8.0,90,22,2,33.13162487239119,1.0931683085983848,0.4242640687119285,0,450.926513671875
49111.0,8.0,90,23,4,23.5313105429902,0.9928850633297717,0.4242640687119285,0,450.926513671875
49111.0,8.0,90,24,1,42.29224107655422,1.2646082196596027,0.37888543819998316,0,450.926513671875
49111.0,8.0,90,25,2,37.3047270445754,1.2557176629232696,0.482842712474619,0,450.926513671875
49111.0,8.0,90,26,2,27.343384374580747,1.2282123604304218,0.4242640687119285,0,450.926513671875
49111.0,8.0,90,27,5,17.42637880461278,1.1693049974345178,0.482842712474619,0,450.926513671875
49111.0,8.0,90,28,5,12.517495070290746,1.104958789350954,0.44328887294614544,0,450.926513671875
49111.0,8.0,90,29,4,32.2738092304192,-4.884141932517697,0.4242640687119285,0,450.926513671875
49111.0,8.0,90,30,4,22.307325510407615,-4.85365268860188,0.4242640687119285,0,450.926513671875
49111.0,8.0,90,31,4,37.888479191264935,-4.761145372070616,0.3414213562373095,0,450.926513671875
49111.0,8.0,90,32,5,28.134584848771222,-4.693599955892771,0.482842712474619,0,450.926513671875
49111.0,8.0,90,34,5,29.807750039059094,-4.5307165267691785,0.4308640753373011,0,450.926513671875
49111.0,8.0,90,36,5,18.640951653307024,-3.7779072474476614,0.6466890965784271,0,450.926513671875
49111.0,8.0,90,37,5,17.334765159465686,-3.508604349565533,0.765685424949238,0,450.926513671875
49111.0,8.0,90,38,4,17.42134000950331,-3.219926021513418,0.682842712474619,0,450.926513671875
49111.0,8.0,90,39,4,20.24754626433874,-3.6156189511947616,0.848528137423857,0,450.926513671875
49111.0,8.0,90,40,4,19.697008258094254,-3.366123889619284,0.848528137423857,0,450.926513671875
49111.0,8.0,90,41,5,24.63890973854613,-3.830590813030626,0.4815389220537701,0,450.926513671875
49111.0,8.0,90,43,2,22.30338944896371,-3.480160745568621,0.848528137423857,0,450.926513671875
49111.0,8.0,90,44,2,22.370743964049144,-3.2558677702061667,0.8513997106635237,0,450.926513671875
49111.0,8.0,90,45,1,23.071768218324056,-3.1047868479951144,0.613407053921902,0,450.926513671875
49111.0,8.0,90,46,4,25.137824637483213,-3.5694405471493735,0.848528137423857,0,450.926513671875
49111.0,8.0,90,47,2,24.69654291794205,-3.3692167272190403,0.848528137423857,0,450.926513671875
49111.0,8.0,90,48,4,28.131464130001667,-3.6401890090392017,0.6466890965784271,0,450.926513671875
49111.0,8.0,90,49,2,27.28347995931725,-3.4620903401077756,0.8513997106635237,0,450.926513671875
49111.0,8.0,90,50,1,27.33856768895111,-3.2787685070143375,0.682842712474619,0,450.926513671875
49111.0,8.0,90,51,1,30.773385370077342,-3.45292298664182,0.613407053921902,0,450.926513671875
49111.0,8.0,90,52,5,36.502603408201615,-4.461711612235776,0.4308640753373011,0,450.926513671875
49111.0,8.0,90,53,4,47.67986099150229,-4.468004089014656,0.3414213562373095,0,450.926513671875
49111.0,8.0,90,54,5,39.1073797812481,-4.348691392336338,0.482842712474619,0,450.926513671875
49111.0,8.0,90,55,5,31.391163765310832,-4.1668979845264,0.3414213562373095,0,450.926513671875
49111.0,8.0,90,56,4,46.07955345421869,-4.320929477664364,0.4242640687119285,0,450.926513671875
49111.0,8.0,90,57,4,38.462231548962265,-4.166879805560654,0.4242640687119285,0,450.926513671875
49111.0,8.0,90,58,2,53.07789878777816,-4.300475917849064,0.382842712474619,0,450.926513671875
49111.0,8.0,90,59,2,45.53329934137667,-4.166867272779173,0.4242640687119285,0,450.926513671875
49111.0,8.0,90,60,5,39.10625727549498,-3.9850629417908268,0.482842712474619,0,450.926513671875
49111.0,8.0,90,61,5,36.500799480149745,-3.872049329574672,0.37888543819998316,0,450.926513671875
49111.0,8.0,90,62,2,52.60436713902029,-4.166858109305311,0.4242640687119285,0,450.926513671875
49111.0,8.0,90,63,4,46.07860079562561,-4.012801857270354,0.4242640687119285,0,450.926513671875
49111.0,8.0,90,64,1,59.67543494003427,-4.166851117430032,0.3414213562373095,0,450.926513671875
49111.0,8.0,90,65,2,53.077071739763994,-4.033238206246023,0.382842712474619,0,450.926513671875
49111.0,8.0,90,66,4,47.67801960708776,-3.8657184614472166,0.3414213562373095,0,450.926513671875
49111.0,8.0,91,1,1,10.027288273229255,-1.455187777225589,0.613407053921902,0,451.2703857421875
49111.0,8.0,91,2,4,5.1259088770774195,-0.9423082153565308,0.6466890965784271,0,451.2703857421875
49111.0,8.0,91,3,2,7.240453511423607,-1.7043374651405254,0.8513997106635237,0,451.2703857421875
49111.0,8.0,91,4,1,11.339020781622715,-2.0217375518935974,0.682842712474619,0,451.2703857421875
49111.0,8.0,91,5,4,3.704922704387153,-1.703433662760415,0.848528137423857,0,451.2703857421875
49111.0,8.0,91,6,2,8.054543902696711,-2.1587658612039844,0.848528137423857,0,451.2703857421875
49111.0,8.0,91,9,2,5.11644043011015,-2.466323460689183,0.848528137423857,0,451.2703857421875
49111.0,8.0,91,10,2,10.115690184552465,-2.4783629017887763,0.8513997106635237,0,451.2703857421875
49111.0,8.0,91,11,1,13.615492850952581,-2.481529763915037,0.613407053921902,0,451.2703857421875
49111.0,8.0,91,13,4,7.976808453526264,-2.793055023509746,0.848528137423857,0,451.2703857421875
49111.0,8.0,91,14,5,4.876733852042746,-4.037911407962015,0.43175884674785275,0,451.2703857421875
49111.0,8.0,91,16,4,11.228578874177728,-2.939825876086517,0.6466890965784271,0,451.2703857421875
49111.0,8.0,91,17,5,9.813736048788481,-3.5132222346869866,0.4815389220537701,0,451.2703857421875
49111.0,8.0,91,18,1,29.120803979176394,0.10479039990694083,0.37888543819998316,0,451.2703857421875
49111.0,8.0,91,19,1,36.324600060391916,0.3684423533732444,0.3414213562373095,0,451.2703857421875
49111.0,8.0,91,20,2,26.865870914924663,0.26450798816096643,0.482842712474619,0,451.2703857421875
49111.0,8.0,91,21,4,18.002040731188387,0.05360612585786617,0.3414213562373095,0,451.2703857421875
49111.0,8.0,91,22,2,30.3212729021423,0.4810840487224568,0.4242640687119285,0,451.2703857421875
49111.0,8.0,91,23,4,20.534800726477958,0.39868630382361214,0.4242640687119285,0,451.2703857421875
49111.0,8.0,91,24,1,39.88527216354424,0.6477854435134325,0.37888543819998316,0,451.2703857421875
49111.0,8.0,91,25,2,34.88530006743503,0.6473376227066301,0.482842712474619,0,451.2703857421875
49111.0,8.0,91,26,2,24.885389514029182,0.6459021249590764,0.4242640687119285,0,451.2703857421875
49111.0,8.0,91,27,5,14.885599139266256,0.642537944151623,0.482842712474619,0,451.2703857421875
49111.0,8.0,91,28,5,9.885862985592592,0.6383036632314103,0.37888543819998316,1,451.2703857421875
49111.0,8.0,91,29,4,30.280145007145318,-5.47056235600043,0.4242640687119285,0,451.2703857421875
49111.0,8.0,91,30,4,20.474023349691635,-5.39184038760512,0.4242640687119285,0,451.2703857421875
49111.0,8.0,91,31,4,36.25592023439126,-5.3564099219619274,0.3414213562373095,0,451.2703857421875
49111.0,8.0,91,32,5,26.772937876006665,-5.254496618006847,0.482842712474619,0,451.2703857421875
49111.0,8.0,91,33,5,17.86305273413486,-5.046508848152316,0.3414213562373095,0,451.2703857421875
49111.0,8.0,91,34,5,28.992136832877488,-5.093502332701965,0.4308640753373011,0,451.2703857421875
49111.0,8.0,91,36,5,20.466917078544395,-4.302487093003845,0.6466890965784271,0,451.2703857421875
49111.0,8.0,91,37,5,19.875711809517604,-4.055696968776525,0.765685424949238,0,451.2703857421875
49111.0,8.0,91,38,4,20.522990648781743,-3.8095951039693734,0.682842712474619,0,451.2703857421875
49111.0,8.0,91,39,4,22.502137790205502,-4.167671907463693,0.848528137423857,0,451.2703857421875
49111.0,8.0,91,40,4,22.527659229586636,-3.9451407178519142,0.848528137423857,0,451.2703857421875
49111.0,8.0,91,41,5,26.250600615210725,-4.386600866588764,0.4815389220537701,0,451.2703857421875
49111.0,8.0,91,43,2,24.87564502799429,-4.056859161665981,0.848528137423857,0,451.2703857421875
49111.0,8.0,91,44,2,25.395805574814165,-3.858683727757194,0.8513997106635237,0,451.2703857421875
49111.0,8.0,91,45,1,26.324919723681056,-3.7280834804465037,0.613407053921902,0,451.2703857421875
49111.0,8.0,91,46,4,27.47908296783526,-4.148384519904292,0.848528137423857,0,451.2703857421875
49111.0,8.0,91,47,2,27.49998592705384,-3.9662470386970012,0.848528137423857,0,451.2703857421875
49111.0,8.0,91,48,4,30.272137122237847,-4.22355984784898,0.6466890965784271,0,451.2703857421875
49111.0,8.0,91,49,2,29.875600599528642,-4.057632348064777,0.8513997106635237,0,451.2703857421875
49111.0,8.0,91,50,1,30.31007648320178,-3.891914464647309,0.682842712474619,0,451.2703857421875
49111.0,8.0,91,51,1,33.3755774200118,-4.05803574052544,0.613407053921902,0,451.2703857421875
49111.0,8.0,91,52,5,35.890786680220394,-5.045385684646416,0.4308640753373011,0,451.2703857421875
49111.0,8.0,91,53,4,47.006424174562504,-5.0746284747940535,0.3414213562373095,0,451.2703857421875
49111.0,8.0,91,54,5,38.88318870860342,-4.938107136823463,0.482842712474619,0,451.2703857421875
49111.0,8.0,91,55,5,31.846519662575933,-4.735846659445176,0.3414213562373095,0,451.2703857421875
49111.0,8.0,91,56,4,45.929368976044714,-4.924080826873332,0.4242640687119285,0,451.2703857421875
49111.0,8.0,91,57,4,38.881941631143235,-4.75599857404193,0.4242640687119285,0,451.2703857421875
49111.0,8.0,91,58,2,52.98218101330345,-4.913787188622571,0.382842712474619,0,451.2703857421875
49111.0,8.0,91,59,2,45.92831322176358,-4.769971344765458,0.4242640687119285,0,451.2703857421875
49111.0,8.0,91,60,5,40.14608830093405,-4.57967983489349,0.482842712474619,0,451.2703857421875
49111.0,8.0,91,61,5,37.919093226254496,-4.464879773698597,0.37888543819998316,0,451.2703857421875
49111.0,8.0,91,62,2,52.98126580014125,-4.780225541036839,0.4242640687119285,0,451.2703857421875
49111.0,8.0,91,63,4,47.00332941670396,-4.619410221762388,0.4242640687119285,0,451.2703857421875
49111.0,8.0,91,64,1,60.03848012878083,-4.788069752175302,0.3414213562373095,0,451.2703857421875
49111.0,8.0,91,65,2,53.91583762350337,-4.648990261000578,0.382842712474619,0,451.2703857421875
49111.0,8.0,91,66,4,49.083765107354516,-4.478594990014839,0.3414213562373095,0,451.2703857421875
49111.0,8.0,92,1,1,14.344161236490596,-2.5548119553818633,0.613407053921902,0,451.8963928222656
49111.0,8.0,92,2,4,8.243928327624236,-2.572538734887374,0.6466890965784271,0,451.8963928222656
49111.0,8.0,92,3,2,12.744023084949223,-2.7855530727269513,0.8513997106635237,0,451.8963928222656
49111.0,8.0,92,4,1,17.5173598041609,-2.885209231838876,0.682842712474619,0,451.8963928222656
49111.0,8.0,92,5,4,9.642387740514206,-2.9387905452138114,0.848528137423857,0,451.8963928222656
49111.0,8.0,92,6,2,14.574752535022062,-3.007942806258875,0.848528137423857,0,451.8963928222656
49111.0,8.0,92,9,2,11.957797807532621,-3.1882637037311583,0.848528137423857,0,451.8963928222656
49111.0,8.0,92,10,2,16.953958196378373,-3.1745042085870363,0.8513997106635237,0,451.8963928222656
49111.0,8.0,92,11,1,20.45238708825072,-3.168873068483871,0.613407053921902,0,451.8963928222656
49111.0,8.0,92,13,4,14.764898085433753,-3.350207259033464,0.848528137423857,0,451.8963928222656
49111.0,8.0,92,14,5,8.894940264174453,-3.816514333008668,0.43175884674785275,0,451.8963928222656
49111.0,8.0,92,16,4,17.83298916448554,-3.4585352086039918,0.6466890965784271,0,451.8963928222656
49111.0,8.0,92,17,5,14.990760328723308,-3.7903929256150195,0.4815389220537701,0,451.8963928222656
49111.0,8.0,92,18,1,23.12068112416267,-0.6746714093867032,0.37888543819998316,0,451.8963928222656
49111.0,8.0,92,19,1,29.601506033036536,-0.32464705534970273,0.3414213562373095,0,451.8963928222656
49111.0,8.0,92,20,2,20.375099991443605,-0.48184471142242247,0.482842712474619,0,451.8963928222656
49111.0,8.0,92,21,4,12.411294851817512,-0.8644960626209217,0.3414213562373095,0,451.8963928222656
49111.0,8.0,92,22,2,23.479261776272377,-0.19034056955329692,0.4242640687119285,0,451.8963928222656
49111.0,8.0,92,23,4,13.790260106181892,-0.3279680747559204,0.4242640687119285,0,451.8963928222656
49111.0,8.0,92,24,1,33.05993038917976,-6.266309685379975,0.37888543819998316,0,451.8963928222656
49111.0,8.0,92,25,2,28.060769188604308,-6.26330284580734,0.482842712474619,0,451.8963928222656
49111.0,8.0,92,26,2,18.063839782658384,-6.2522965741212495,0.4242640687119285,0,451.8963928222656
49111.0,8.0,92,27,5,8.074518433379074,-6.214038742585396,0.382842712474619,1,451.8963928222656
49111.0,8.0,92,29,4,23.715677126975557,-6.0466305777731675,0.4242640687119285,0,451.8963928222656
49111.0,8.0,92,30,4,14.189040905867401,-5.880704266417192,0.4242640687119285,0,451.8963928222656
49111.0,8.0,92,31,4,29.97606337543927,-5.9232535427861475,0.3414213562373095,0,451.8963928222656
49111.0,8.0,92,32,5,20.9155424439764,-5.75405085228972,0.482842712474619,0,451.8963928222656
49111.0,8.0,92,33,5,13.279889154778553,-5.364131979408056,0.3414213562373095,0,451.8963928222656
49111.0,8.0,92,34,5,23.83356288392257,-5.571947586722478,0.4308640753373011,0,451.8963928222656
49111.0,8.0,92,36,5,20.649663538006095,-4.618069598028956,0.6466890965784271,0,451.8963928222656
49111.0,8.0,92,37,5,21.69922520164192,-4.386609636845389,0.765685424949238,0,451.8963928222656
49111.0,8.0,92,38,4,23.776125514269246,-4.186033648972525,0.682842712474619,0,451.8963928222656
49111.0,8.0,92,39,4,23.48237405588012,-4.521958698635977,0.848528137423857,0,451.8963928222656
49111.0,8.0,92,40,4,24.917256297975207,-4.323624236258591,0.848528137423857,0,451.8963928222656
49111.0,8.0,92,41,5,25.605155128721098,-4.77316505545088,0.4815389220537701,0,451.8963928222656
49111.0,8.0,92,43,2,26.48462154473205,-4.447067795385204,0.848528137423857,0,451.8963928222656
49111.0,8.0,92,44,2,28.21139749261632,-4.275191150737218,0.8513997106635237,0,451.8963928222656
49111.0,8.0,92,45,1,29.862122958180613,-4.168809416788303,0.613407053921902,0,451.8963928222656
49111.0,8.0,92,46,4,28.407757660828935,-4.555279957128448,0.848528137423857,0,451.8963928222656
49111.0,8.0,92,47,2,29.604872325938146,-4.387685483226033,0.848528137423857,0,451.8963928222656
49111.0,8.0,92,48,4,30.61970300746049,-4.648832291592355,0.6466890965784271,0,451.8963928222656
49111.0,8.0,92,49,2,31.33710232908905,-4.488918472261906,0.8513997106635237,0,451.8963928222656
49111.0,8.0,92,50,1,32.80947656550637,-4.339760434235535,0.682842712474619,0,451.8963928222656
49111.0,8.0,92,51,1,34.758727611854226,-4.5112356717381985,0.613407053921902,0,451.8963928222656
49111.0,8.0,92,52,5,30.889638289227207,-5.554985973370995,0.4308640753373011,0,451.8963928222656
49111.0,8.0,92,53,4,41.783406005470376,-5.62500869446297,0.3414213562373095,0,451.8963928222656
49111.0,8.0,92,54,5,34.42017660697581,-5.446351423537625,0.482842712474619,0,451.8963928222656
49111.0,8.0,92,55,5,28.699200300580355,-5.18464720879143,0.3414213562373095,0,451.8963928222656
49111.0,8.0,92,56,4,41.48348576907207,-5.455115146305424,0.4242640687119285,0,451.8963928222656
49111.0,8.0,92,57,4,35.49331108519225,-5.24605578300133,0.4242640687119285,0,451.8963928222656
49111.0,8.0,92,58,2,48.54905380592092,-5.461328387168688,0.382842712474619,0,451.8963928222656
49111.0,8.0,92,59,2,42.37813310762558,-5.287628566610358,0.4242640687119285,0,451.8963928222656
49111.0,8.0,92,60,5,37.87877645760298,-5.064263408651042,0.482842712474619,0,451.8963928222656
49111.0,8.0,92,61,5,36.45887376269008,-4.935167147951243,0.37888543819998316,0,451.8963928222656
49111.0,8.0,92,62,2,49.3156891829064,-5.317545025885789,0.4242640687119285,0,451.8963928222656
49111.0,8.0,92,63,4,44.395188250782965,-5.131220491721553,0.4242640687119285,0,451.8963928222656
49111.0,8.0,92,64,1,56.286483577164695,-5.340067693588917,0.3414213562373095,0,451.8963928222656
49111.0,8.0,92,65,2,51.05941415370781,-5.180876359018497,0.382842712474619,0,451.8963928222656
49111.0,8.0,92,66,4,47.39155319207511,-4.991473531583578,0.3414213562373095,0,451.8963928222656
49111.0,8.0,93,1,1,17.916867836742455,3.5366252127734654,0.613407053921902,0,452.287109375
49111.0,8.0,93,2,4,11.912064514897342,3.4618640402164216,0.6466890965784271,0,452.287109375
49111.0,8.0,93,3,2,16.645967715213043,3.3475098837967243,0.8513997106635237,0,452.287109375
49111.0,8.0,93,4,1,21.50067909031604,3.28424982856993,0.682842712474619,0,452.287109375
49111.0,8.0,93,5,4,13.669934518202258,3.2208918721282718,0.848528137423857,0,452.287109375
49111.0,8.0,93,6,2,18.629494622795757,3.1811205563187444,0.848528137423857,0,452.287109375
49111.0,8.0,93,9,2,16.02613298512148,3.0425644230931685,0.848528137423857,0,452.287109375
49111.0,8.0,93,10,2,21.024459532307535,3.0496112645601015,0.8513997106635237,0,452.287109375
49111.0,8.0,93,11,1,24.52369406806047,3.0528348007594235,0.613407053921902,0,452.287109375
49111.0,8.0,93,13,4,18.756512660451033,2.912922490161458,0.848528137423857,0,452.287109375
49111.0,8.0,93,14,5,12.304254368666314,2.611072967259556,0.43175884674785275,0,452.287109375
49111.0,8.0,93,16,4,21.72041887042055,2.8173903252974486,0.6466890965784271,0,452.287109375
49111.0,8.0,93,17,5,18.361909591170008,2.56151297052506,0.4815389220537701,0,452.287109375
49111.0,8.0,93,18,1,20.16048326804485,5.409304914418341,0.37888543819998316,0,452.287109375
49111.0,8.0,93,19,1,25.803330454503797,5.835705173808211,0.3414213562373095,0,452.287109375
49111.0,8.0,93,20,2,16.91726286613766,5.615730217379869,0.482842712474619,0,452.287109375
49111.0,8.0,93,21,4,10.323550901684806,5.0388690598883885,0.3308640753373011,0,452.287109375
49111.0,8.0,93,22,2,19.512855249656454,5.979756676900847,0.4242640687119285,0,452.287109375
49111.0,8.0,93,23,4,10.056512334389216,5.747060472238875,0.4242640687119285,0,452.287109375
49111.0,8.0,93,24,1,28.9847942365864,-0.053008789753298924,0.37888543819998316,0,452.287109375
49111.0,8.0,93,25,2,23.985605206166692,-0.04959352456809185,0.482842712474619,0,452.287109375
49111.0,8.0,93,26,2,13.988966275024318,-0.03544038856505738,0.4242640687119285,0,452.287109375
49111.0,8.0,93,29,4,19.75471879212187,0.2114257741240273,0.4242640687119285,0,452.287109375
49111.0,8.0,93,30,4,10.518119361059279,0.47806448984908245,0.4242640687119285,1,452.287109375
49111.0,8.0,93,31,4,26.168810665902612,0.34243019880397174,0.3414213562373095,0,452.287109375
49111.0,8.0,93,32,5,17.469647163166616,0.5736132270541234,0.482842712474619,0,452.287109375
49111.0,8.0,93,33,5,11.205824036777143,1.138218555860946,0.3308640753373011,0,452.287109375
49111.0,8.0,93,34,5,20.855149706641264,0.7666807532608093,0.4308640753373011,0,452.287109375
49111.0,8.0,93,36,5,21.341270047554737,1.7873233708881586,0.6466890965784271,0,452.287109375
49111.0,8.0,93,37,5,23.25168310921804,1.9951238545126342,0.765685424949238,0,452.287109375
49111.0,8.0,93,38,4,25.996763790524657,2.165306727176363,0.682842712474619,0,452.287109375
49111.0,8.0,93,39,4,24.503461713960295,1.8564873471275376,0.848528137423857,0,452.287109375
49111.0,8.0,93,40,4,26.65728035896304,2.0332718906504237,0.848528137423857,0,452.287109375
49111.0,8.0,93,41,5,25.599117805216526,1.599968491778646,0.4815389220537701,0,452.287109375
49111.0,8.0,93,43,2,27.755890630501828,1.9096495939130962,0.848528137423857,0,452.287109375
49111.0,8.0,93,44,2,30.09286335431073,2.0627446367480315,0.8513997106635237,0,452.287109375
49111.0,8.0,93,45,1,32.09305371851368,2.1551983457714887,0.613407053921902,0,452.287109375
49111.0,8.0,93,46,4,29.243261330576686,1.7970079753162769,0.848528137423857,0,452.287109375
49111.0,8.0,93,47,2,31.07023162799467,1.9515683984074432,0.848528137423857,0,452.287109375
49111.0,8.0,93,48,4,31.06359930536744,1.6964037240577574,0.6466890965784271,0,452.287109375
49111.0,8.0,93,49,2,32.405835307445216,1.848356782165929,0.8513997106635237,0,452.287109375
49111.0,8.0,93,50,1,34.428609064876575,1.9853593197141877,0.682842712474619,0,452.287109375
49111.0,8.0,93,51,1,35.71711424611291,1.815029889322275,0.613407053921902,0,452.287109375
49111.0,8.0,93,52,5,27.919437788008274,0.7538514645936689,0.4308640753373011,0,452.287109375
49111.0,8.0,93,53,4,38.58577177330617,0.6517108213814216,0.3414213562373095,0,452.287109375
49111.0,8.0,93,54,5,31.768596186790315,0.8610563075042599,0.482842712474619,0,452.287109375
49111.0,8.0,93,55,5,27.011583145329066,1.1624677944254649,0.3414213562373095,0,452.287109375
49111.0,8.0,93,56,4,38.77887879750256,0.834696816537845,0.4242640687119285,0,452.287109375
49111.0,8.0,93,57,4,33.52884371893953,1.0712817248480078,0.4242640687119285,0,452.287109375
49111.0,8.0,93,58,2,45.807850614315434,0.8164171183146474,0.382842712474619,0,452.287109375
49111.0,8.0,93,59,2,40.233581722748916,1.0101088745173157,0.4242640687119285,0,452.287109375
49111.0,8.0,93,60,5,36.5940298215268,1.253450555818342,0.482842712474619,0,452.287109375
49111.0,8.0,93,61,5,35.69753463122672,1.3896533333573367,0.37888543819998316,0,452.287109375
49111.0,8.0,93,62,2,47.045710063226394,0.966525197244485,0.4242640687119285,0,452.287109375
49111.0,8.0,93,63,4,42.821498755774975,1.1688129224868498,0.4242640687119285,0,452.287109375
49111.0,8.0,93,64,1,53.92454517624795,0.9340115945312841,0.3414213562373095,0,452.287109375
49111.0,8.0,93,65,2,49.277159950659524,1.1059933289613788,0.382842712474619,0,452.287109375
49111.0,8.0,93,66,4,46.35321362258026,1.306420934888591,0.3414213562373095,0,452.287109375
49111.0,8.0,94,1,1,24.27476476761449,3.1413812179246188,0.613407053921902,0,452.8476867675781
49111.0,8.0,94,2,4,18.22421364682305,3.1033188236186264,0.6466890965784271,0,452.8476867675781
49111.0,8.0,94,3,2,22.814866024736855,3.006109513500034,0.8513997106635237,0,452.8476867675781
49111.0,8.0,94,4,1,27.548398508957515,2.941859245868312,0.682842712474619,0,452.8476867675781
49111.0,8.0,94,5,4,19.64600940110984,2.9320339750220943,0.848528137423857,0,452.8476867675781
49111.0,8.0,94,6,2,24.481867454713026,2.874088806385175,0.848528137423857,0,452.8476867675781
49111.0,8.0,94,9,2,21.559438947522292,2.787450457742321,0.848528137423857,0,452.8476867675781
49111.0,8.0,94,10,2,26.518023237292436,2.7605905131193174,0.8513997106635237,0,452.8476867675781
49111.0,8.0,94,11,1,29.997214212168604,2.747078480761351,0.613407053921902,0,452.8476867675781
49111.0,8.0,94,13,4,23.846449003476092,2.6684686872086276,0.848528137423857,0,452.8476867675781
49111.0,8.0,94,14,5,16.453101684957442,2.527006434115033,0.43175884674785275,0,452.8476867675781
49111.0,8.0,94,16,4,26.41016570222214,2.571416893489325,0.6466890965784271,0,452.8476867675781
49111.0,8.0,94,17,5,22.019414409581024,2.3953968432040273,0.4815389220537701,0,452.8476867675781
49111.0,8.0,94,18,1,20.038927806306162,4.662229957701118,0.37888543819998316,0,452.8476867675781
49111.0,8.0,94,19,1,22.78283622089923,5.175084388744133,0.3414213562373095,0,452.8476867675781
49111.0,8.0,94,20,2,15.679602151572574,4.8004853666086325,0.482842712474619,0,452.8476867675781
49111.0,8.0,94,21,4,13.139338681793712,4.113191321482982,0.3308640753373011,0,452.8476867675781
49111.0,8.0,94,22,2,15.866476324477583,5.2524752077522425,0.4242640687119285,0,452.8476867675781
49111.0,8.0,94,23,4,8.862131138642043,4.641109229648062,0.4242640687119285,0,452.8476867675781
49111.0,8.0,94,24,1,23.85883630014623,5.657051591626335,0.37888543819998316,0,452.8476867675781
49111.0,8.0,94,25,2,18.91137801110263,5.623015246728993,0.482842712474619,0,452.8476867675781
49111.0,8.0,94,26,2,9.18871675709385,5.445363180262859,0.4242640687119285,0,452.8476867675781
49111.0,8.0,94,29,4,13.795929217189602,-0.3567726769136268,0.4242640687119285,0,452.8476867675781
49111.0,8.0,94,31,4,19.905346274036884,-0.14151789328671915,0.3414213562373095,0,452.8476867675781
49111.0,8.0,94,32,5,11.091217591076074,0.17773309527476489,0.4414213562373095,1,452.8476867675781
49111.0,8.0,94,33,5,7.05743615032234,1.2647054610715787,0.2601533972186464,0,452.8476867675781
49111.0,8.0,94,34,5,14.741316211853146,0.44577623879517647,0.4308640753373011,0,452.8476867675781
49111.0,8.0,94,36,5,20.376022536050943,1.6639190713301997,0.6466890965784271,0,452.8476867675781
49111.0,8.0,94,37,5,23.528247768826656,1.8414108837890772,0.765685424949238,0,452.8476867675781
49111.0,8.0,94,38,4,27.23921055671286,1.973872884690294,0.682842712474619,0,452.8476867675781
49111.0,8.0,94,39,4,23.85426621661418,1.6926724235274722,0.848528137423857,0,452.8476867675781
49111.0,8.0,94,40,4,27.063299233736107,1.8437254240246155,0.848528137423857,0,452.8476867675781
49111.0,8.0,94,41,5,23.288329401607076,1.4170693099703995,0.4815389220537701,0,452.8476867675781
49111.0,8.0,94,43,2,27.34720715313623,1.714094831701547,0.848528137423857,0,452.8476867675781
49111.0,8.0,94,44,2,30.598462179629,1.8455051558274527,0.8513997106635237,0,452.8476867675781
49111.0,8.0,94,45,1,33.13447135288769,1.921280074699713,0.613407053921902,0,452.8476867675781
49111.0,8.0,94,46,4,28.076989025505384,1.5891693810234995,0.848528137423857,0,452.8476867675781
49111.0,8.0,94,47,2,30.849853507269533,1.7306589333533773,0.848528137423857,0,452.8476867675781
49111.0,8.0,94,48,4,29.21925540461553,1.4722857027449097,0.6466890965784271,0,452.8476867675781
49111.0,8.0,94,49,2,31.49858782678669,1.6191085219021355,0.8513997106635237,0,452.8476867675781
49111.0,8.0,94,50,1,34.35923724071061,1.743842413637793,0.682842712474619,0,452.8476867675781
49111.0,8.0,94,51,1,34.53860075749261,1.5665171797097244,0.613407053921902,0,452.8476867675781
49111.0,8.0,94,52,5,21.75319633942223,0.39478684621686266,0.4308640753373011,0,452.8476867675781
49111.0,8.0,94,53,4,32.259890725534405,0.25037585630635206,0.3414213562373095,0,452.8476867675781
49111.0,8.0,94,54,5,25.83588293414223,0.5166188725811991,0.482842712474619,0,452.8476867675781
49111.0,8.0,94,55,5,22.232524470918346,0.9083366065028049,0.3414213562373095,0,452.8476867675781
49111.0,8.0,94,56,4,32.762600542544085,0.4677558042761789,0.4242640687119285,0,452.8476867675781
49111.0,8.0,94,57,4,28.287458204539895,0.7625777668163156,0.4242640687119285,0,452.8476867675781
49111.0,8.0,94,58,2,39.74019554096228,0.4359962629842622,0.382842712474619,0,452.8476867675781
49111.0,8.0,94,59,2,34.72859684751458,0.6694615492931402,0.4242640687119285,0,452.8476867675781
49111.0,8.0,94,60,5,32.138259697134835,0.9595880134193859,0.482842712474619,0,452.8476867675781
49111.0,8.0,94,61,5,31.95721960750218,1.115661935139629,0.37888543819998316,0,452.8476867675781
49111.0,8.0,94,62,2,41.37596628866579,0.605849959499658,0.4242640687119285,0,452.8476867675781
49111.0,8.0,94,63,4,37.93102798085084,0.8433796255088286,0.4242640687119285,0,452.8476867675781
49111.0,8.0,94,64,1,48.144218070755045,0.5599789040401144,0.3414213562373095,0,452.8476867675781
49111.0,8.0,94,65,2,44.098276961891585,0.7587780430661151,0.382842712474619,0,452.8476867675781
49111.0,8.0,94,66,4,42.08860093149901,0.9866520739422422,0.3414213562373095,0,452.8476867675781
49111.0,8.0,95,1,1,33.98019371300488,3.129624206203737,0.613407053921902,0,453.6418151855469
49111.0,8.0,95,2,4,27.940635007479813,3.101076015764718,0.6466890965784271,0,453.6418151855469
49111.0,8.0,95,3,2,32.513573846616886,3.0339797025222586,0.8513997106635237,0,453.6418151855469
49111.0,8.0,95,4,1,37.19658430471288,2.98359604174589,0.682842712474619,0,453.6418151855469
49111.0,8.0,95,5,4,29.291600670017825,2.9868070335339754,0.848528137423857,0,453.6418151855469
49111.0,8.0,95,6,2,34.05071613740292,2.938253854849625,0.848528137423857,0,453.6418151855469
49111.0,8.0,95,9,2,30.98897634647474,2.883820643135344,0.848528137423857,0,453.6418151855469
49111.0,8.0,95,10,2,35.87157725359416,2.851512794762338,0.8513997106635237,0,453.6418151855469
49111.0,8.0,95,11,1,39.30696419747163,2.8336852615973904,0.613407053921902,0,453.6418151855469
49111.0,8.0,95,13,4,32.97931837065395,2.792384347862621,0.848528137423857,0,453.6418151855469
49111.0,8.0,95,14,5,25.239798455358734,2.73649032672106,0.43175884674785275,0,453.6418151855469
49111.0,8.0,95,16,4,35.21298376144139,2.7119417318825794,0.6466890965784271,0,453.6418151855469
49111.0,8.0,95,17,5,30.174156910034874,2.606240595659684,0.4815389220537701,0,453.6418151855469
49111.0,8.0,95,18,1,22.182059076746413,4.214192234317942,0.37888543819998316,0,453.6418151855469
49111.0,8.0,95,19,1,19.807097624104927,4.741495450115156,0.3414213562373095,0,453.6418151855469
49111.0,8.0,95,20,2,17.18219763613576,4.212285567741819,0.482842712474619,0,453.6418151855469
49111.0,8.0,95,21,4,19.95331338208358,3.6873561041623857,0.3308640753373011,0,453.6418151855469
49111.0,8.0,95,22,2,13.113301898148597,4.599978225025011,0.4242640687119285,0,453.6418151855469
49111.0,8.0,95,23,4,13.223671426211174,3.821089249233383,0.4242640687119285,0,453.6418151855469
49111.0,8.0,95,24,1,16.49957751212263,5.341215261178599,0.37888543819998316,0,453.6418151855469
49111.0,8.0,95,25,2,12.193828674241159,5.161778962490662,0.482842712474619,0,453.6418151855469
49111.0,8.0,95,26,2,7.183053463058183,4.200509310530199,0.4242640687119285,0,453.6418151855469
49111.0,8.0,95,29,4,5.322314169410752,5.369203253930408,0.4242640687119285,0,453.6418151855469
49111.0,8.0,95,31,4,10.249770689272456,-0.21308224121779107,0.3308640753373011,0,453.6418151855469
49111.0,8.0,95,33,5,10.529548794486935,2.378976804872061,0.2308640753373011,0,453.6418151855469
49111.0,8.0,95,34,5,7.819767849625489,1.0977390634322437,0.32030679443729265,0,453.6418151855469
49111.0,8.0,95,36,5,23.87774148821053,2.083266389831454,0.682842712474619,0,453.6418151855469
49111.0,8.0,95,37,5,28.224102080243643,2.1785126348527966,0.765685424949238,0,453.6418151855469
49111.0,8.0,95,38,4,32.75749285116638,2.2478906815710764,0.682842712474619,0,453.6418151855469
49111.0,8.0,95,39,4,27.339812065345157,2.055203663386189,0.848528137423857,0,453.6418151855469
49111.0,8.0,95,40,4,31.605675493913996,2.1439588278903305,0.848528137423857,0,453.6418151855469
49111.0,8.0,95,41,5,24.38366932067505,1.8305250750127375,0.613407053921902,0,453.6418151855469
49111.0,8.0,95,42,5,26.894808222048578,1.9257666193180758,0.8513997106635237,0,453.6418151855469
49111.0,8.0,95,43,2,30.81856760070096,2.0334622451603326,0.848528137423857,0,453.6418151855469
49111.0,8.0,95,44,2,35.01767423198145,2.1161105432586016,0.8513997106635237,0,453.6418151855469
49111.0,8.0,95,45,1,38.072363840165224,2.1629054446084854,0.613407053921902,0,453.6418151855469
49111.0,8.0,95,46,4,30.424488401472818,1.9186572033771978,0.848528137423857,0,453.6418151855469
49111.0,8.0,95,47,2,34.308933153765615,2.0161376261857646,0.848528137423857,0,453.6418151855469
49111.0,8.0,95,48,4,30.438706937446163,1.8024130012278392,0.682842712474619,0,453.6418151855469
49111.0,8.0,95,49,2,33.95538660775248,1.9130261151409913,0.8513997106635237,0,453.6418151855469
49111.0,8.0,95,50,1,37.807693388252865,2.0020158713125413,0.682842712474619,0,453.6418151855469
49111.0,8.0,95,51,1,36.39982416424576,1.841759640369382,0.613407053921902,0,453.6418151855469
49111.0,8.0,95,52,5,13.706915783165618,0.7171190073606917,0.4308640753373011,1,453.6418151855469
49111.0,8.0,95,53,4,23.198209234623043,0.38421548934617755,0.3414213562373095,0,453.6418151855469
49111.0,8.0,95,54,5,18.467910304356476,0.8131561263410372,0.482842712474619,0,453.6418151855469
49111.0,8.0,95,55,5,18.546441985625233,1.3602698668008348,0.3414213562373095,0,453.6418151855469
49111.0,8.0,95,56,4,24.855471873905643,0.671473994212056,0.4242640687119285,0,453.6418151855469
49111.0,8.0,95,57,4,22.818879932874022,1.0855210968007778,0.4242640687119285,0,453.6418151855469
49111.0,8.0,95,58,2,31.536094449682142,0.5886860347065386,0.382842712474619,0,453.6418151855469
49111.0,8.0,95,59,2,28.23883943181233,0.9063792061066285,0.4242640687119285,0,453.6418151855469
49111.0,8.0,95,60,5,28.290260722942893,1.2620464407192415,0.482842712474619,0,453.6418151855469
49111.0,8.0,95,61,5,29.610677996801904,1.428860700911909,0.37888543819998316,0,453.6418151855469
49111.0,8.0,95,62,2,34.26605935208245,0.7874396287697001,0.4242640687119285,0,453.6418151855469
49111.0,8.0,95,63,4,32.818738897721886,1.0835803489476104,0.4242640687119285,0,453.6418151855469
49111.0,8.0,95,64,1,40.63118992332363,0.7048771439524892,0.3414213562373095,0,453.6418151855469
49111.0,8.0,95,65,2,38.12873449121544,0.9514823530103755,0.382842712474619,0,453.6418151855469
49111.0,8.0,95,66,4,38.16683368080208,1.2143753052015873,0.3414213562373095,0,453.6418151855469
49111.0,8.0,96,1,1,43.22925853823129,2.4244496059599756,0.613407053921902,0,454.877197265625
49111.0,8.0,96,2,4,37.16692746463025,2.442057805341097,0.6466890965784271,0,454.877197265625
49111.0,8.0,96,3,2,41.011046017085214,2.3601403207830938,0.8513997106635237,0,454.877197265625
49111.0,8.0,96,4,1,45.08249431508727,2.292630112997027,0.682842712474619,0,454.877197265625
49111.0,8.0,96,5,4,37.50892823671486,2.3477758097306345,0.848528137423857,0,454.877197265625
49111.0,8.0,96,6,2,41.62265123369029,2.2758318859065065,0.848528137423857,0,454.877197265625
49111.0,8.0,96,9,2,38.17668002554654,2.255994644171834,0.848528137423857,0,454.877197265625
49111.0,8.0,96,10,2,42.52039858735285,2.1945228946064854,0.8513997106635237,0,454.877197265625
49111.0,8.0,96,11,1,45.641013078211074,2.1585449257430698,0.613407053921902,0,454.877197265625
49111.0,8.0,96,13,4,39.153519612914785,2.1680788076950614,0.848528137423857,0,454.877197265625
49111.0,8.0,96,14,5,31.34464072016223,2.2032898255177833,0.43175884674785275,0,454.877197265625
49111.0,8.0,96,16,4,40.417042177586936,2.085047807258977,0.6466890965784271,0,454.877197265625
49111.0,8.0,96,17,5,34.505782149962705,2.0443729540887605,0.4815389220537701,0,454.877197265625
49111.0,8.0,96,18,1,35.03780103223015,3.2041753012980307,0.37888543819998316,0,454.877197265625
49111.0,8.0,96,19,1,30.85692316195576,3.520852393284824,0.3414213562373095,0,454.877197265625
49111.0,8.0,96,20,2,30.053294387331828,3.1920546979996614,0.482842712474619,0,454.877197265625
49111.0,8.0,96,21,4,32.46923620968654,2.880151072415197,0.3308640753373011,0,454.877197265625
49111.0,8.0,96,22,2,25.064479001860764,3.3748933284765847,0.4242640687119285,0,454.877197265625
49111.0,8.0,96,23,4,26.062979571482387,2.9830935716099836,0.4242640687119285,0,454.877197265625
49111.0,8.0,96,24,1,23.51021721472205,3.835041813896721,0.37888543819998316,0,454.877197265625
49111.0,8.0,96,25,2,21.289802999037065,3.6344629257561056,0.482842712474619,0,454.877197265625
49111.0,8.0,96,26,2,20.107374474222055,3.149802013545637,0.4242640687119285,0,454.877197265625
49111.0,8.0,96,29,4,15.14378130949087,3.4394177353826216,0.4242640687119285,0,454.877197265625
49111.0,8.0,96,31,4,12.424239069366518,3.9198795768829218,0.3308640753373011,0,454.877197265625
49111.0,8.0,96,33,5,16.014471876098554,2.3762895891623135,0.2308640753373011,0,454.877197265625
49111.0,8.0,96,34,5,5.56466668535011,2.8005537643422826,0.2683281572999748,0,454.877197265625
49111.0,8.0,96,35,5,27.76703814414247,1.830672186779268,0.613407053921902,0,454.877197265625
49111.0,8.0,96,36,5,22.552607625152937,1.7038425394494134,0.682842712474619,0,454.877197265625
49111.0,8.0,96,37,5,27.55259532146656,1.7042875166134446,0.8513997106635237,0,454.877197265625
49111.0,8.0,96,38,4,32.552586797409745,1.7045957991862792,0.682842712474619,0,454.877197265625
49111.0,8.0,96,39,4,25.182519949362597,1.604648465033076,0.848528137423857,0,454.877197265625
49111.0,8.0,96,40,4,30.160979912039323,1.6214708585979505,0.848528137423857,0,454.877197265625
49111.0,8.0,96,41,5,19.711806976366045,1.4469361398732237,0.613407053921902,0,454.877197265625
49111.0,8.0,96,42,5,23.112185380261845,1.4857830771661786,0.8513997106635237,0,454.877197265625
49111.0,8.0,96,43,2,28.012470639091866,1.5248343253868777,0.848528137423857,0,454.877197265625
49111.0,8.0,96,44,2,32.94273682559447,1.5522286241172767,0.8513997106635237,0,454.877197265625
49111.0,8.0,96,45,1,36.4052425941437,1.5669825347289188,0.613407053921902,0,454.877197265625
49111.0,8.0,96,46,4,26.167008108638022,1.4133905287090152,0.848528137423857,0,454.877197265625
49111.0,8.0,96,47,2,30.987702586863755,1.4599958507781807,0.848528137423857,0,454.877197265625
49111.0,8.0,96,48,4,24.692632816471235,1.2868879083873481,0.682842712474619,0,454.877197265625
49111.0,8.0,96,49,2,29.330044556111176,1.3563638377465423,0.8513997106635237,0,454.877197265625
49111.0,8.0,96,50,1,34.070176282459435,1.4066978256631277,0.682842712474619,0,454.877197265625
49111.0,8.0,96,51,1,30.706491419791107,1.2490834983956787,0.613407053921902,0,454.877197265625
49111.0,8.0,96,53,4,13.434854866012792,-1.0495174796419595,0.3414213562373095,0,454.877197265625
49111.0,8.0,96,54,5,5.616593431931554,-0.31537896187957215,0.382842712474619,1,454.877197265625
49111.0,8.0,96,55,5,9.088284672500402,1.1164358966745267,0.3414213562373095,0,454.877197265625
49111.0,8.0,96,56,4,12.51294233514664,-0.5019920657161949,0.4242640687119285,0,454.877197265625
49111.0,8.0,96,57,4,10.37422394164952,0.38409734121306904,0.4242640687119285,0,454.877197265625
49111.0,8.0,96,58,2,19.534618757114085,-0.5553615197777779,0.382842712474619,0,454.877197265625
49111.0,8.0,96,59,2,15.252938290525616,-0.025656656781553044,0.4242640687119285,0,454.877197265625
49111.0,8.0,96,60,5,16.843483101881617,0.6004675795386325,0.482842712474619,0,454.877197265625
49111.0,8.0,96,61,5,19.601742811744217,0.8304895781471138,0.37888543819998316,0,454.877197265625
49111.0,8.0,96,62,2,21.39345064728154,-0.22006525509491515,0.4242640687119285,0,454.877197265625
49111.0,8.0,96,63,4,20.21708502990626,0.2620927069642982,0.4242640687119285,0,454.877197265625
49111.0,8.0,96,64,1,27.976907168247873,-0.32558564785313204,0.3414213562373095,0,454.877197265625
49111.0,8.0,96,65,2,25.174553247466942,0.03812486040767693,0.382842712474619,0,454.877197265625
49111.0,8.0,96,66,4,26.168854153713674,0.428270889556132,0.3414213562373095,0,454.877197265625
49111.0,8.0,97,1,1,45.43468379698648,2.725098177375355,0.613407053921902,0,455.0986022949219
49111.0,8.0,97,2,4,39.38938616390461,2.7449374707021743,0.6466890965784271,0,455.0986022949219
49111.0,8.0,97,3,2,43.154576204103456,2.6651209149448127,0.8513997106635237,0,455.0986022949219
49111.0,8.0,97,4,1,47.14987966413429,2.5984629504966,0.682842712474619,0,455.0986022949219
49111.0,8.0,97,5,4,39.640759943262466,2.6556607629654874,0.848528137423857,0,455.0986022949219
49111.0,8.0,97,6,2,43.67131271058765,2.584532582465834,0.848528137423857,0,455.0986022949219
49111.0,8.0,97,9,2,40.202685922578915,2.5681947896477095,0.848528137423857,0,455.0986022949219
49111.0,8.0,97,10,2,44.46402658752463,2.5063224738377734,0.8513997106635237,0,455.0986022949219
49111.0,8.0,97,11,1,47.53267564388415,2.4697059474421867,0.613407053921902,0,455.0986022949219
49111.0,8.0,97,13,4,41.062416659272344,2.4837643965374836,0.848528137423857,0,455.0986022949219
49111.0,8.0,97,14,5,33.307668162702484,2.5253410219430688,0.43175884674785275,0,455.0986022949219
49111.0,8.0,97,16,4,42.20175551336519,2.403342277308119,0.6466890965784271,0,455.0986022949219
49111.0,8.0,97,17,5,36.231221605776746,2.370964896827067,0.4815389220537701,0,455.0986022949219
49111.0,8.0,97,18,1,37.27838785903749,3.4606200969456857,0.37888543819998316,0,455.0986022949219
49111.0,8.0,97,19,1,32.74185852130941,3.754163137943788,0.3414213562373095,0,455.0986022949219
49111.0,8.0,97,20,2,32.30505702521799,3.445758516008681,0.482842712474619,0,455.0986022949219
49111.0,8.0,97,21,4,34.85977795935784,3.1566505855937903,0.3308640753373011,0,455.0986022949219
49111.0,8.0,97,22,2,27.143351164691627,3.6091475107157365,0.4242640687119285,0,455.0986022949219
49111.0,8.0,97,23,4,28.431477668649425,3.250251524967816,0.4242640687119285,0,455.0986022949219
49111.0,8.0,97,24,1,24.88197360561204,4.033645971514655,0.37888543819998316,0,455.0986022949219
49111.0,8.0,97,25,2,23.01969407913464,3.8394537847268926,0.482842712474619,0,455.0986022949219
49111.0,8.0,97,26,2,22.39405558334825,3.396261303709611,0.4242640687119285,0,455.0986022949219
49111.0,8.0,97,29,4,17.165037970166892,3.6396433024183774,0.4242640687119285,0,455.0986022949219
49111.0,8.0,97,31,4,13.703405838128395,4.0444259349279195,0.3308640753373011,0,455.0986022949219
49111.0,8.0,97,33,5,18.19225526180689,2.714094062925958,0.2308640753373011,0,455.0986022949219
49111.0,8.0,97,34,5,7.956710976989697,3.0901819780685535,0.2683281572999748,0,455.0986022949219
49111.0,8.0,97,35,5,29.124033493222317,2.1796904408758033,0.613407053921902,0,455.0986022949219
49111.0,8.0,97,36,5,23.67324602903856,2.0750745033612947,0.682842712474619,0,455.0986022949219
49111.0,8.0,97,37,5,28.6568714715679,2.0595509909785,0.8513997106635237,0,455.0986022949219
49111.0,8.0,97,38,4,33.64535610637127,2.0486286968651206,0.682842712474619,0,455.0986022949219
49111.0,8.0,97,39,4,26.082344297657606,1.9708883729200288,0.848528137423857,0,455.0986022949219
49111.0,8.0,97,40,4,31.081865919666477,1.973317490074353,0.848528137423857,0,455.0986022949219
49111.0,8.0,97,41,5,20.286830508843458,1.8428542136099706,0.613407053921902,0,455.0986022949219
49111.0,8.0,97,42,5,23.756285180666236,1.8638718282443953,0.8513997106635237,0,455.0986022949219
49111.0,8.0,97,43,2,28.725507664299244,1.8850765434889964,0.848528137423857,0,455.0986022949219
49111.0,8.0,97,44,2,33.7038350274607,1.9000222096194106,0.8513997106635237,0,455.0986022949219
49111.0,8.0,97,45,1,37.19212401905661,1.908102344400103,0.613407053921902,0,455.0986022949219
49111.0,8.0,97,46,4,26.631319758797247,1.782040418274967,0.848528137423857,0,455.0986022949219
49111.0,8.0,97,47,2,31.543951830452013,1.8141500093325158,0.848528137423857,0,455.0986022949219
49111.0,8.0,97,48,4,24.865630770581603,1.6629391811745111,0.682842712474619,0,455.0986022949219
49111.0,8.0,97,49,2,29.649507560926995,1.7165002978599988,0.8513997106635237,0,455.0986022949219
49111.0,8.0,97,50,1,34.49473878132779,1.7551011089016268,0.682842712474619,0,455.0986022949219
49111.0,8.0,97,51,1,30.766869425229043,1.6066265142203775,0.613407053921902,0,455.0986022949219
49111.0,8.0,97,53,4,11.781559772760838,-0.9074385769866291,0.31213203435596426,0,455.0986022949219
49111.0,8.0,97,55,5,9.054279133394635,1.6606698857371798,0.3308640753373011,0,455.0986022949219
49111.0,8.0,97,56,4,10.175331134634447,-0.2676480904464671,0.4242640687119285,0,455.0986022949219
49111.0,8.0,97,57,4,8.66745485552741,0.8409020429189147,0.4242640687119285,1,455.0986022949219
49111.0,8.0,97,58,2,17.224464193310666,-0.30968895713276146,0.382842712474619,0,455.0986022949219
49111.0,8.0,97,59,2,12.971876376214269,0.3054566804715271,0.4242640687119285,0,455.0986022949219
49111.0,8.0,97,60,5,15.487316962370544,1.0023074373277434,0.482842712474619,0,455.0986022949219
49111.0,8.0,97,61,5,18.725669325273866,1.226480116707784,0.37888543819998316,0,455.0986022949219
49111.0,8.0,97,62,2,19.01090160321088,0.07068441514019108,0.4242640687119285,0,455.0986022949219
49111.0,8.0,97,63,4,18.24833662940572,0.6126207231490153,0.4242640687119285,0,455.0986022949219
49111.0,8.0,97,64,1,25.58435425829908,-0.047535402149966544,0.3414213562373095,0,455.0986022949219
49111.0,8.0,97,65,2,22.93788553435758,0.35321948111017565,0.382842712474619,0,455.0986022949219
49111.0,8.0,97,66,4,24.448599198326992,0.7737405445610726,0.3414213562373095,0,455.0986022949219
49111.0,8.0,98,1,1,47.48736881677306,1.561032612888249,0.613407053921902,0,455.6532897949219
49111.0,8.0,98,2,4,41.5776247715268,1.5953494238860189,0.6466890965784271,0,455.6532897949219
49111.0,8.0,98,3,2,44.925542675900466,1.5093962157462597,0.8513997106635237,0,455.6532897949219
49111.0,8.0,98,4,1,48.55831430153264,1.4358237782363772,0.682842712474619,0,455.6532897949219
49111.0,8.0,98,5,4,41.39018581085675,1.5102167156101123,0.848528137423857,0,455.6532897949219
49111.0,8.0,98,6,2,45.03057832783766,1.4308048900389252,0.848528137423857,0,455.6532897949219
49111.0,8.0,98,9,2,41.50416944443794,1.4249329708763514,0.848528137423857,0,455.6532897949219
49111.0,8.0,98,10,2,45.41146974449177,1.3530562415139753,0.8513997106635237,0,455.6532897949219
49111.0,8.0,98,11,1,48.266711473980536,1.309815642813697,0.613407053921902,0,455.6532897949219
49111.0,8.0,98,12,4,37.97945731583996,1.4179708773904944,0.765685424949238,0,455.6532897949219
49111.0,8.0,98,13,4,41.917116803138846,1.340723867244716,0.848528137423857,0,455.6532897949219
49111.0,8.0,98,14,5,34.456962645288435,1.4095848520982495,0.5881104528157366,0,455.6532897949219
49111.0,8.0,98,16,4,42.62033881732234,1.258725110032251,0.6466890965784271,0,455.6532897949219
49111.0,8.0,98,17,5,36.532751954992406,1.2476411642512253,0.4815389220537701,0,455.6532897949219
49111.0,8.0,98,18,1,42.09617527915782,2.250486189290963,0.37888543819998316,0,455.6532897949219
49111.0,8.0,98,19,1,38.041670093694485,2.5115942016222568,0.3414213562373095,0,455.6532897949219
49111.0,8.0,98,20,2,37.09959123335512,2.245810169462439,0.482842712474619,0,455.6532897949219
49111.0,8.0,98,21,4,38.80194165047145,1.9853561666989918,0.3308640753373011,0,455.6532897949219
49111.0,8.0,98,22,2,32.26555226783243,2.3951073979564623,0.4242640687119285,0,455.6532897949219
49111.0,8.0,98,23,4,32.71508626479193,2.0864028611989642,0.4242640687119285,0,455.6532897949219
49111.0,8.0,98,24,1,30.267912936509806,2.748955542879125,0.37888543819998316,0,455.6532897949219
49111.0,8.0,98,25,2,28.385772080646547,2.5907573940470305,0.482842712474619,0,455.6532897949219
49111.0,8.0,98,26,2,27.110202189931446,2.231288053360672,0.4242640687119285,0,455.6532897949219
49111.0,8.0,98,29,4,22.35283553031137,2.444202537399902,0.4242640687119285,0,455.6532897949219
49111.0,8.0,98,31,4,19.08757317500936,2.749025375540779,0.3308640753373011,0,455.6532897949219
49111.0,8.0,98,33,5,20.561066656193653,1.6939488531544038,0.2308640753373011,0,455.6532897949219
49111.0,8.0,98,34,5,12.158871346648485,2.1647757452735985,0.2683281572999748,0,455.6532897949219
49111.0,8.0,98,35,5,28.4939147328033,1.0944624556723401,0.613407053921902,0,455.6532897949219
49111.0,8.0,98,36,5,22.59539469232421,1.032671286283044,0.682842712474619,0,455.6532897949219
49111.0,8.0,98,37,5,27.389000792000214,0.9755127884332189,0.8513997106635237,0,455.6532897949219
49111.0,8.0,98,38,4,32.24535419973649,0.935471030022736,0.682842712474619,0,455.6532897949219
49111.0,8.0,98,39,4,24.392631287281855,0.9028924117294005,0.848528137423857,0,455.6532897949219
49111.0,8.0,98,40,4,29.319037572873313,0.8709306514292648,0.848528137423857,0,455.6532897949219
49111.0,8.0,98,41,5,18.07953831525524,0.8291843269423362,0.613407053921902,0,455.6532897949219
49111.0,8.0,98,42,5,21.560230932213482,0.8105892984247849,0.8513997106635237,0,455.6532897949219
49111.0,8.0,98,43,2,26.54145928415863,0.7924942387513445,0.848528137423857,0,455.6532897949219
49111.0,8.0,98,44,2,31.52863086172512,0.7801206494272027,0.8513997106635237,0,455.6532897949219
49111.0,8.0,98,45,1,35.02182771033686,0.7735566011821476,0.613407053921902,0,455.6532897949219
49111.0,8.0,98,46,4,23.964393538450825,0.6964827899933507,0.848528137423857,0,455.6532897949219
49111.0,8.0,98,47,2,28.9637300903737,0.6995743577447341,0.848528137423857,0,455.6532897949219
49111.0,8.0,98,48,4,21.65953033652477,0.578739741270544,0.682842712474619,0,455.6532897949219
49111.0,8.0,98,49,2,26.622185437734302,0.6041417755653014,0.8513997106635237,0,455.6532897949219
49111.0,8.0,98,50,1,31.59661786589488,0.6215539165126382,0.682842712474619,0,455.6532897949219
49111.0,8.0,98,51,1,27.230404790693722,0.4760392834221801,0.613407053921902,0,455.6532897949219
49111.0,8.0,98,53,4,13.696898783098575,3.7042133178529553,0.31213203435596426,0,455.6532897949219
49111.0,8.0,98,55,5,6.784323739588847,1.0245802581110808,0.2788854381999832,1,455.6532897949219
49111.0,8.0,98,56,4,9.027858877119455,-2.0967605860414635,0.4242640687119285,0,455.6532897949219
49111.0,8.0,98,58,2,15.69039290047802,-1.897410562171467,0.382842712474619,0,455.6532897949219
49111.0,8.0,98,59,2,8.683284835586234,-1.276246230945235,0.4242640687119285,0,455.6532897949219
49111.0,8.0,98,60,5,10.227924603773369,-0.17271392681871012,0.4414213562373095,0,455.6532897949219
49111.0,8.0,98,61,5,13.936138087101032,0.10914609897445937,0.37888543819998316,0,455.6532897949219
49111.0,8.0,98,62,2,15.494696802522737,-1.4401107833257583,0.4242640687119285,0,455.6532897949219
49111.0,8.0,98,63,4,13.011404042864058,-0.743915305580939,0.4242640687119285,0,455.6532897949219
49111.0,8.0,98,64,1,22.467127597187293,-1.5032013366615136,0.3414213562373095,0,455.6532897949219
49111.0,8.0,98,65,2,18.275197088755178,-1.0513106886705579,0.382842712474619,0,455.6532897949219
49111.0,8.0,98,66,4,19.057645048572933,-0.5105497062989434,0.3414213562373095,0,455.6532897949219
49111.0,8.0,99,1,1,44.940675544097616,0.3609352712247188,0.613407053921902,0,455.9526062011719
49111.0,8.0,99,2,4,39.116491645348454,0.4044547536008847,0.682842712474619,0,455.9526062011719
49111.0,8.0,99,3,2,42.270634237373635,0.30900962783679564,0.8513997106635237,0,455.9526062011719
49111.0,8.0,99,4,1,45.75492453298369,0.22744575057794947,0.682842712474619,0,455.9526062011719
49111.0,8.0,99,5,4,38.74114375016454,0.3141157716961577,0.848528137423857,0,455.9526062011719
49111.0,8.0,99,6,2,42.22064446760758,0.22530363015350308,0.848528137423857,0,455.9526062011719
49111.0,8.0,99,8,5,35.212865820776386,0.3202453595066097,0.765685424949238,0,455.9526062011719
49111.0,8.0,99,9,2,38.686593537053774,0.22277012747743108,0.848528137423857,0,455.9526062011719
49111.0,8.0,99,10,2,42.46597602422933,0.14198357228731306,0.8513997106635237,0,455.9526062011719
49111.0,8.0,99,11,1,45.25266555489153,0.09367214107683919,0.613407053921902,0,455.9526062011719
49111.0,8.0,99,12,4,35.152840848817604,0.21972723922710813,0.848528137423857,0,455.9526062011719
49111.0,8.0,99,13,4,38.95418873409519,0.13192544588246224,0.848528137423857,0,455.9526062011719
49111.0,8.0,99,14,5,31.619486396578118,0.2160042479766141,0.682842712474619,0,455.9526062011719
49111.0,8.0,99,15,5,35.44712287580753,0.11987563041923444,0.8513997106635237,0,455.9526062011719
49111.0,8.0,99,16,4,39.537388891551835,0.0430408504123988,0.682842712474619,0,455.9526062011719
49111.0,8.0,99,17,5,33.43861122478875,0.03659615781962333,0.613407053921902,0,455.9526062011719
49111.0,8.0,99,18,1,41.555684525126004,1.0824631064649128,0.37888543819998316,0,455.9526062011719
49111.0,8.0,99,19,1,38.383690763718455,1.351713745710821,0.3414213562373095,0,455.9526062011719
49111.0,8.0,99,20,2,36.561194141099705,1.088483380238253,0.482842712474619,0,455.9526062011719
49111.0,8.0,99,21,4,37.418366043984356,0.81829425740561,0.3308640753373011,0,455.9526062011719
49111.0,8.0,99,22,2,32.24686523532731,1.251826512839307,0.4242640687119285,0,455.9526062011719
49111.0,8.0,99,23,4,31.674493174852525,0.9381581643925685,0.4242640687119285,0,455.9526062011719
49111.0,8.0,99,24,1,31.405303975576004,1.6039720903097656,0.37888543819998316,0,455.9526062011719
49111.0,8.0,99,25,2,29.034457425402994,1.4580592107725479,0.482842712474619,0,455.9526062011719
49111.0,8.0,99,26,2,26.578429569219416,1.1073099151192207,0.4242640687119285,0,455.9526062011719
49111.0,8.0,99,29,4,22.573265577849714,1.3457850040289099,0.4242640687119285,0,455.9526062011719
49111.0,8.0,99,31,4,20.314815266950188,1.6599838105735816,0.3308640753373011,0,455.9526062011719
49111.0,8.0,99,33,5,18.426017477663166,0.5790049185718364,0.2308640753373011,0,455.9526062011719
49111.0,8.0,99,34,5,11.6597993284669,1.1959712832213123,0.2683281572999748,0,455.9526062011719
49111.0,8.0,99,35,5,25.242577553165567,-0.12437774916439859,0.613407053921902,0,455.9526062011719
49111.0,8.0,99,36,5,19.303453623855493,-0.188082410545506,0.682842712474619,0,455.9526062011719
49111.0,8.0,99,37,5,24.069273399867075,-0.2582553345968269,0.8513997106635237,0,455.9526062011719
49111.0,8.0,99,38,4,28.914296155825024,-0.30508210502953587,0.682842712474619,0,455.9526062011719
49111.0,8.0,99,39,4,21.05705635264905,-0.3405024235558465,0.848528137423857,0,455.9526062011719
49111.0,8.0,99,40,4,25.98280628469232,-0.37720635739066954,0.848528137423857,0,455.9526062011719
49111.0,8.0,99,41,5,14.748718667981983,-0.4294393088348303,0.613407053921902,1,455.9526062011719
49111.0,8.0,99,42,5,18.23374131876743,-0.44916323585014556,0.8513997106635237,0,455.9526062011719
49111.0,8.0,99,43,2,23.22016198627683,-0.4670602020609914,0.848528137423857,0,455.9526062011719
49111.0,8.0,99,44,2,28.211389949063914,-0.4786271085144179,0.8513997106635237,0,455.9526062011719
49111.0,8.0,99,45,1,31.70689425015624,-0.4845566302423574,0.613407053921902,0,455.9526062011719
49111.0,8.0,99,46,4,20.694096329872064,-0.5799656240372619,0.848528137423857,0,455.9526062011719
49111.0,8.0,99,47,2,25.68953528383169,-0.5707051470205934,0.848528137423857,0,455.9526062011719
49111.0,8.0,99,48,4,18.501765406336588,-0.7218392529704635,0.682842712474619,0,455.9526062011719
49111.0,8.0,99,49,2,23.431216855731634,-0.6816387104687482,0.8513997106635237,0,455.9526062011719
49111.0,8.0,99,50,1,28.38535755507637,-0.6554397888475366,0.682842712474619,0,455.9526062011719
49111.0,8.0,99,51,1,24.200498420699788,-0.825147672358169,0.613407053921902,0,455.9526062011719
49111.0,8.0,99,53,4,16.89742942447944,2.519420857886004,0.31213203435596426,0,455.9526062011719
49111.0,8.0,99,56,4,12.331898556826493,-3.38749134821642,0.4242640687119285,0,455.9526062011719
49111.0,8.0,99,58,2,18.847151575186025,-3.206995239113923,0.382842712474619,0,455.9526062011719
49111.0,8.0,99,59,2,10.891662998663476,-2.7808929121844757,0.4242640687119285,0,455.9526062011719
49111.0,8.0,99,60,5,9.057677586162638,-1.745538356265218,0.4414213562373095,0,455.9526062011719
49111.0,8.0,99,61,5,11.779139333757879,-1.3366140993093607,0.37888543819998316,0,455.9526062011719
49111.0,8.0,99,62,2,17.937885141750485,-2.8232670415681898,0.4242640687119285,0,455.9526062011719
49111.0,8.0,99,63,4,13.60811977229223,-2.2380034427301343,0.4242640687119285,0,455.9526062011719
49111.0,8.0,99,64,1,24.998142407803236,-2.8417249263652145,0.3414213562373095,0,455.9526062011719
49111.0,8.0,99,65,2,19.70584492528114,-2.457070986099959,0.382842712474619,0,455.9526062011719
49111.0,8.0,99,66,4,18.754560101416573,-1.9332885664077892,0.3414213562373095,0,455.9526062011719
49111.0,8.0,100,1,1,38.6377759068202,0.586857319320951,0.613407053921902,0,457.0779113769531
49111.0,8.0,100,2,4,33.469477512828625,0.6771620294083283,0.682842712474619,0,457.0779113769531
49111.0,8.0,100,3,2,35.50694826784343,0.5446130289396822,0.8513997106635237,0,457.0779113769531
49111.0,8.0,100,4,1,38.09567988117389,0.42823850111452577,0.682842712474619,0,457.0779113769531
49111.0,8.0,100,5,4,32.146763428105224,0.5771618579538564,0.848528137423857,0,457.0779113769531
49111.0,8.0,100,6,2,34.625884092917126,0.446923408081183,0.848528137423857,0,457.0779113769531
49111.0,8.0,100,7,5,27.612663893408033,0.7336457474460005,0.613407053921902,0,457.0779113769531
49111.0,8.0,100,8,5,28.828552209741947,0.6172545809120724,0.8513997106635237,0,457.0779113769531
49111.0,8.0,100,9,2,31.17086576955131,0.46975994689253975,0.848528137423857,0,457.0779113769531
49111.0,8.0,100,10,2,34.090472615335706,0.34516095038883854,0.8513997106635237,0,457.0779113769531
49111.0,8.0,100,11,1,36.404485140658856,0.27060459551913163,0.613407053921902,0,457.0779113769531
49111.0,8.0,100,12,4,27.736147829694005,0.49827052989430465,0.848528137423857,0,457.0779113769531
49111.0,8.0,100,13,4,30.57501180284658,0.35681387608735293,0.848528137423857,0,457.0779113769531
49111.0,8.0,100,14,5,24.330329221732566,0.5348001143410559,0.682842712474619,0,457.0779113769531
49111.0,8.0,100,15,5,27.064780995815607,0.3714919560049321,0.8513997106635237,0,457.0779113769531
49111.0,8.0,100,16,4,30.381570411435774,0.2409204944414054,0.682842712474619,0,457.0779113769531
49111.0,8.0,100,17,5,24.389916330752655,0.2836081873727705,0.613407053921902,0,457.0779113769531
49111.0,8.0,100,18,1,43.54032244205075,1.3435718386833513,0.37888543819998316,0,457.0779113769531
49111.0,8.0,100,19,1,43.30778538852672,1.6017019350175283,0.3414213562373095,0,457.0779113769531
49111.0,8.0,100,20,2,38.81545022134645,1.3833632818915955,0.482842712474619,0,457.0779113769531
49111.0,8.0,100,21,4,36.57477377254657,1.1239813989687806,0.3308640753373011,0,457.0779113769531
49111.0,8.0,100,22,2,36.42775347314644,1.560597081533553,0.4242640687119285,0,457.0779113769531
49111.0,8.0,100,23,4,32.527774650711486,1.2922895675195667,0.4242640687119285,0,457.0779113769531
49111.0,8.0,100,24,1,38.817339166940236,1.8520787497648177,0.37888543819998316,0,457.0779113769531
49111.0,8.0,100,25,2,35.31746409801871,1.7556001931909473,0.482842712474619,0,457.0779113769531
49111.0,8.0,100,26,2,29.637782827701145,1.500513972865136,0.4242640687119285,0,457.0779113769531
49111.0,8.0,100,28,5,26.45771195479082,0.9708570889363493,0.3432888729461454,0,457.0779113769531
49111.0,8.0,100,29,4,28.261992466145852,1.7407430652742548,0.4242640687119285,0,457.0779113769531
49111.0,8.0,100,31,4,28.619613298767558,1.9896962546882377,0.3308640753373011,0,457.0779113769531
49111.0,8.0,100,33,5,16.76997515279213,1.2365926086006698,0.24959611631863793,0,457.0779113769531
49111.0,8.0,100,34,5,17.636231556832243,1.8966647240976562,0.2683281572999748,0,457.0779113769531
49111.0,8.0,100,35,5,15.222935470942154,0.1678873554338869,0.613407053921902,0,457.0779113769531
49111.0,8.0,100,36,5,9.168749222688666,0.23329041562601616,0.682842712474619,0,457.0779113769531
49111.0,8.0,100,37,5,13.213758459352968,-0.0345243657766553,0.8513997106635237,0,457.0779113769531
49111.0,8.0,100,38,4,17.75220726939865,-0.17162821789138066,0.682842712474619,0,457.0779113769531
49111.0,8.0,100,39,4,9.862780349849436,-0.13331761438514877,0.848528137423857,0,457.0779113769531
49111.0,8.0,100,40,4,14.588073434931161,-0.2696892577571198,0.848528137423857,0,457.0779113769531
49111.0,8.0,100,42,5,6.704137516238026,-0.3289669019902345,0.765685424949238,1,457.0779113769531
49111.0,8.0,100,43,2,11.639712631770523,-0.41956712980340616,0.848528137423857,0,457.0779113769531
49111.0,8.0,100,44,2,16.613860492485376,-0.45608486771386336,0.8513997106635237,0,457.0779113769531
49111.0,8.0,100,45,1,20.10339711798143,-0.47088256143947105,0.613407053921902,0,457.0779113769531
49111.0,8.0,100,46,4,9.118877878195995,-0.6607721162992073,0.848528137423857,0,457.0779113769531
49111.0,8.0,100,47,2,14.095793133804866,-0.6184392526979083,0.848528137423857,0,457.0779113769531
49111.0,8.0,100,48,4,7.471610091854789,-1.0420751384805569,0.682842712474619,0,457.0779113769531
49111.0,8.0,100,49,2,12.098033215290593,-0.8422820094967536,0.8513997106635237,0,457.0779113769531
49111.0,8.0,100,50,1,16.9381184903118,-0.754623770005652,0.682842712474619,0,457.0779113769531
49111.0,8.0,100,51,1,13.554632269004118,-1.0914495534486996,0.613407053921902,0,457.0779113769531
49111.0,8.0,100,53,4,28.481279950902017,2.5508143026835794,0.31213203435596426,0,457.0779113769531
49111.0,8.0,100,56,4,23.71919592826236,-3.5309218132633067,0.4242640687119285,0,457.0779113769531
49111.0,8.0,100,58,2,29.71434506594089,-3.389572665130096,0.382842712474619,0,457.0779113769531
49111.0,8.0,100,59,2,20.347412693631146,-3.2470495098315917,0.4242640687119285,0,457.0779113769531
49111.0,8.0,100,60,5,12.045418380117734,-2.889056261478518,0.4414213562373095,0,457.0779113769531
49111.0,8.0,100,61,5,9.253623845048287,-2.493593768270009,0.37888543819998316,0,457.0779113769531
49111.0,8.0,100,62,2,27.09906364691315,-3.1575359316643175,0.4242640687119285,0,457.0779113769531
49111.0,8.0,100,63,4,19.116332053157745,-2.8921330532024294,0.4242640687119285,0,457.0779113769531
49111.0,8.0,100,64,1,33.98089607049758,-3.1039820732503296,0.3414213562373095,0,457.0779113769531
49111.0,8.0,100,65,2,26.187328966144946,-2.893548287170285,0.382842712474619,0,457.0779113769531
49111.0,8.0,100,66,4,20.41693167467214,-2.53847821720153,0.3414213562373095,0,457.0779113769531
49111.0,8.0,101,1,1,34.42825870729685,0.7148222221097723,0.613407053921902,0,457.5286865234375
49111.0,8.0,101,2,4,29.506238660477425,0.8281105892072541,0.682842712474619,0,457.5286865234375
49111.0,8.0,101,3,2,31.207628564940045,0.6730162347600882,0.8513997106635237,0,457.5286865234375
49111.0,8.0,101,4,1,33.57400842028653,0.5368381360436626,0.682842712474619,0,457.5286865234375
49111.0,8.0,101,5,4,27.92892795505509,0.717830164135545,0.848528137423857,0,457.5286865234375
49111.0,8.0,101,6,2,30.138397062167506,0.5630763700568132,0.848528137423857,0,457.5286865234375
49111.0,8.0,101,7,5,23.84481872984794,0.9140933804524128,0.613407053921902,0,457.5286865234375
49111.0,8.0,101,8,5,24.721123615039296,0.7744139480135636,0.8513997106635237,0,457.5286865234375
49111.0,8.0,101,9,2,26.728859189053747,0.5960362921546675,0.848528137423857,0,457.5286865234375
49111.0,8.0,101,10,2,29.457255036857593,0.44657492009163147,0.8513997106635237,0,457.5286865234375
49111.0,8.0,101,11,1,31.69839817462735,0.35856882965926806,0.613407053921902,0,457.5286865234375
49111.0,8.0,101,12,4,23.3568159135542,0.6385711529861703,0.848528137423857,0,457.5286865234375
49111.0,8.0,101,13,4,25.958405389735866,0.46494554208928685,0.848528137423857,0,457.5286865234375
49111.0,8.0,101,14,5,20.04120220174066,0.6953130402749007,0.682842712474619,0,457.5286865234375
49111.0,8.0,101,15,5,22.47104239792324,0.4890285357162599,0.8513997106635237,0,457.5286865234375
49111.0,8.0,101,16,4,25.656299561851725,0.32834091157712,0.682842712474619,0,457.5286865234375
49111.0,8.0,101,17,5,19.69920885416378,0.3874122156526473,0.613407053921902,0,457.5286865234375
49111.0,8.0,101,18,1,42.10815420195956,1.5166928646248707,0.37888543819998316,0,457.5286865234375
49111.0,8.0,101,19,1,43.09311501482095,1.7788856657566021,0.3414213562373095,0,457.5286865234375
49111.0,8.0,101,20,2,37.59803828921139,1.5709462871885593,0.482842712474619,0,457.5286865234375
49111.0,8.0,101,21,4,34.20830900108078,1.3078587129318686,0.3414213562373095,0,457.5286865234375
49111.0,8.0,101,22,2,36.067025873223834,1.7586872481921598,0.4242640687119285,0,457.5286865234375
49111.0,8.0,101,23,4,30.942305616359874,1.5009276281167492,0.4242640687119285,0,457.5286865234375
49111.0,8.0,101,24,1,39.80892194878404,2.037634173681461,0.37888543819998316,0,457.5286865234375
49111.0,8.0,101,25,2,35.88938878669556,1.9554807473229125,0.482842712474619,0,457.5286865234375
49111.0,8.0,101,26,2,29.062762239660007,1.728735391289117,0.4242640687119285,0,457.5286865234375
49111.0,8.0,101,27,5,24.520197195688006,1.3934454124685662,0.4414213562373095,0,457.5286865234375
49111.0,8.0,101,28,5,23.548631197452544,1.1889779453803984,0.4538461538461539,0,457.5286865234375
49111.0,8.0,101,29,4,28.84201832642437,1.97345923800943,0.4242640687119285,0,457.5286865234375
49111.0,8.0,101,31,4,30.316330471951762,2.2078699760304223,0.3308640753373011,0,457.5286865234375
49111.0,8.0,101,33,5,15.240463782884953,1.5865136379966702,0.2788854381999832,0,457.5286865234375
49111.0,8.0,101,34,5,19.13613460712509,2.2102260624195362,0.2683281572999748,0,457.5286865234375
49111.0,8.0,101,35,5,10.468342818390928,0.25172054439117475,0.613407053921902,0,457.5286865234375
49111.0,8.0,101,36,5,4.460865794422464,0.40950790354218913,0.6466890965784271,0,457.5286865234375
49111.0,8.0,101,37,5,8.555541151444343,-0.05924711085771056,0.8513997106635237,0,457.5286865234375
49111.0,8.0,101,38,4,13.285151303326087,-0.21153159067163135,0.682842712474619,0,457.5286865234375
49111.0,8.0,101,39,4,5.413522001936768,-0.29800488690842164,0.848528137423857,1,457.5286865234375
49111.0,8.0,101,40,4,10.373243524744934,-0.38255072514550426,0.848528137423857,0,457.5286865234375
49111.0,8.0,101,43,2,7.982049692595165,-0.6697372267262153,0.848528137423857,0,457.5286865234375
49111.0,8.0,101,44,2,12.923276598961573,-0.5944591899767506,0.8513997106635237,0,457.5286865234375
49111.0,8.0,101,45,1,16.403342664957478,-0.5688388048251684,0.613407053921902,0,457.5286865234375
49111.0,8.0,101,46,4,6.694927435488337,-1.1240897537161905,0.848528137423857,0,457.5286865234375
49111.0,8.0,101,47,2,11.095945841822754,-0.8478918387865475,0.848528137423857,0,457.5286865234375
49111.0,8.0,101,48,4,7.136595087144171,-1.6371820736049196,0.6466890965784271,0,457.5286865234375
49111.0,8.0,101,49,2,10.209258062957344,-1.1708591160902921,0.8513997106635237,0,457.5286865234375
49111.0,8.0,101,50,1,14.405794353463081,-0.9462419517450409,0.682842712474619,0,457.5286865234375
49111.0,8.0,101,51,1,12.741272826007622,-1.3831237755606836,0.613407053921902,0,457.5286865234375
49111.0,8.0,101,53,4,32.20759896715967,-3.567507277508035,0.31213203435596426,0,457.5286865234375
49111.0,8.0,101,56,4,27.948939602220957,-3.3790861013818327,0.4242640687119285,0,457.5286865234375
49111.0,8.0,101,58,2,34.1812974743702,-3.2709620594626823,0.382842712474619,0,457.5286865234375
49111.0,8.0,101,59,2,24.99914035617635,-3.1353620771447694,0.4242640687119285,0,457.5286865234375
49111.0,8.0,101,60,5,16.779539328128873,-2.8563744687002797,0.4414213562373095,0,457.5286865234375
49111.0,8.0,101,61,5,13.595988409175437,-2.6004137644472265,0.37888543819998316,0,457.5286865234375
49111.0,8.0,101,62,2,31.814696143301397,-3.0685571740747366,0.4242640687119285,0,457.5286865234375
49111.0,8.0,101,63,4,23.848916373852614,-2.8486449928164737,0.4242640687119285,0,457.5286865234375
49111.0,8.0,101,64,1,38.72199327040627,-3.025446267128339,0.3414213562373095,0,457.5286865234375
49111.0,8.0,101,65,2,30.919066679798195,-2.844450295259289,0.382842712474619,0,457.5286865234375
49111.0,8.0,101,66,4,24.75044657912712,-2.55896403126118,0.3414213562373095,0,457.5286865234375
49111.0,8.0,102,1,1,33.5249948625677,1.2449509760521495,0.613407053921902,0,457.7658996582031
49111.0,8.0,102,2,4,28.841931930931008,1.370902859756009,0.682842712474619,0,457.7658996582031
49111.0,8.0,102,3,2,30.228271656317016,1.2080253941228882,0.8513997106635237,0,457.7658996582031
49111.0,8.0,102,4,1,32.33635380106637,1.0628816590537824,0.682842712474619,0,457.7658996582031
49111.0,8.0,102,5,4,27.04489571829058,1.2618302211883903,0.848528137423857,0,457.7658996582031
49111.0,8.0,102,6,2,28.95371745100883,1.0964955394763785,0.848528137423857,0,457.7658996582031
49111.0,8.0,102,7,5,23.377989704518583,1.4756788689739784,0.613407053921902,0,457.7658996582031
49111.0,8.0,102,8,5,23.960474984822937,1.329729212543932,0.8513997106635237,0,457.7658996582031
49111.0,8.0,102,9,2,25.612413617579403,1.13893870856341,0.848528137423857,0,457.7658996582031
49111.0,8.0,102,10,2,28.069326695480388,0.976347383150755,0.8513997106635237,0,457.7658996582031
49111.0,8.0,102,11,1,30.165560827064972,0.8799885330147884,0.613407053921902,0,457.7658996582031
49111.0,8.0,102,12,4,22.33100330041354,1.1939805320020214,0.848528137423857,0,457.7658996582031
49111.0,8.0,102,13,4,24.60823191988245,1.0038075075536357,0.848528137423857,0,457.7658996582031
49111.0,8.0,102,14,5,19.140315710253944,1.267663644060751,0.682842712474619,0,457.7658996582031
49111.0,8.0,102,15,5,21.171751351927288,1.0402173742496366,0.8513997106635237,0,457.7658996582031
49111.0,8.0,102,16,4,24.085979845700198,0.8600547820296868,0.682842712474619,0,457.7658996582031
49111.0,8.0,102,17,5,18.236397179836338,0.9431670867228277,0.613407053921902,0,457.7658996582031
49111.0,8.0,102,18,1,42.870800557378395,2.0367189576824822,0.37888543819998316,0,457.7658996582031
49111.0,8.0,102,19,1,44.343772108167585,2.2915967021906223,0.3414213562373095,0,457.7658996582031
49111.0,8.0,102,20,2,38.47275483274344,2.0952929971633316,0.482842712474619,0,457.7658996582031
49111.0,8.0,102,21,4,34.55337326600206,1.8422927884428006,0.3414213562373095,0,457.7658996582031
49111.0,8.0,102,22,2,37.28952692902675,2.279608919314701,0.4242640687119285,0,457.7658996582031
49111.0,8.0,102,23,4,31.6905594496199,2.0379940151579787,0.4242640687119285,0,457.7658996582031
49111.0,8.0,102,24,1,41.46050413274297,2.5441961673745586,0.37888543819998316,0,457.7658996582031
49111.0,8.0,102,25,2,37.428128095869795,2.4691307437462555,0.482842712474619,0,457.7658996582031
49111.0,8.0,102,26,2,30.243139922966336,2.2620314404099386,0.4242640687119285,0,457.7658996582031
49111.0,8.0,102,27,5,25.068511165192927,1.9499915810607458,0.4414213562373095,0,457.7658996582031
49111.0,8.0,102,28,5,23.671113659036905,1.7525941198427233,0.4538461538461539,0,457.7658996582031
49111.0,8.0,102,29,4,30.413869641503155,2.4956444976939265,0.4242640687119285,0,457.7658996582031
49111.0,8.0,102,31,4,32.17700142556131,2.7149798878411193,0.3308640753373011,0,457.7658996582031
49111.0,8.0,102,33,5,16.214959143307723,2.181101463617413,0.2788854381999832,0,457.7658996582031
49111.0,8.0,102,34,5,21.00927139073901,2.735397468517303,0.2683281572999748,0,457.7658996582031
49111.0,8.0,102,35,5,8.847063392159606,0.870978076995499,0.613407053921902,0,457.7658996582031
49111.0,8.0,102,36,5,3.3469818700072547,1.3620758899833254,0.5052677403411177,0,457.7658996582031
49111.0,8.0,102,37,5,6.564575954149542,0.5210252175614108,0.7685569981889047,1,457.7658996582031
49111.0,8.0,102,38,4,11.17967026693719,0.2959887634769521,0.682842712474619,0,457.7658996582031
49111.0,8.0,102,40,4,8.225752510412224,0.09304980744197996,0.848528137423857,0,457.7658996582031
49111.0,8.0,102,43,2,5.944828125998811,-0.2956946665375407,0.848528137423857,0,457.7658996582031
49111.0,8.0,102,44,2,10.827388940428234,-0.161314069895761,0.8513997106635237,0,457.7658996582031
49111.0,8.0,102,45,1,14.293575834655806,-0.12229873636632903,0.613407053921902,0,457.7658996582031
49111.0,8.0,102,46,4,5.293293731957453,-0.9255228235491799,0.848528137423857,0,457.7658996582031
49111.0,8.0,102,47,2,9.214680046123206,-0.4776214876603114,0.848528137423857,0,457.7658996582031
49111.0,8.0,102,48,4,6.759950859133045,-1.4700139594090533,0.6466890965784271,0,457.7658996582031
49111.0,8.0,102,49,2,8.808422414799072,-0.869967020664121,0.8513997106635237,0,457.7658996582031
49111.0,8.0,102,50,1,12.628526250405303,-0.5628944797323394,0.682842712474619,0,457.7658996582031
49111.0,8.0,102,51,1,11.700915871436834,-1.064384733020914,0.613407053921902,0,457.7658996582031
49111.0,8.0,102,53,4,34.35418493998275,-3.092706228464616,0.31213203435596426,0,457.7658996582031
49111.0,8.0,102,56,4,30.072391270067747,-2.917406726443579,0.4242640687119285,0,457.7658996582031
49111.0,8.0,102,58,2,36.258856447360195,-2.813651673105857,0.382842712474619,0,457.7658996582031
49111.0,8.0,102,59,2,26.990505932819342,-2.6935574109626126,0.4242640687119285,0,457.7658996582031
49111.0,8.0,102,60,5,18.500544590601606,-2.4565394225567623,0.4414213562373095,0,457.7658996582031
49111.0,8.0,102,61,5,14.972024578141713,-2.2432816965859526,0.37888543819998316,0,457.7658996582031
49111.0,8.0,102,62,2,33.74675339465684,-2.6244116850112293,0.4242640687119285,0,457.7658996582031
49111.0,8.0,102,63,4,25.54654779650404,-2.4291767872335615,0.4242640687119285,0,457.7658996582031
49111.0,8.0,102,64,1,40.61033512358659,-2.578476400682917,0.3414213562373095,0,457.7658996582031
49111.0,8.0,102,65,2,32.603405627162516,-2.4136513900348873,0.382842712474619,0,457.7658996582031
49111.0,8.0,102,66,4,26.01470349876344,-2.154627466649869,0.3414213562373095,0,457.7658996582031
49111.0,8.0,103,1,1,31.83951864921535,0.907503265803109,0.613407053921902,0,458.0557861328125
49111.0,8.0,103,2,4,27.596119445796283,1.0556297131273236,0.682842712474619,0,458.0557861328125
49111.0,8.0,103,3,2,28.442415129721645,0.8795082103393836,0.8513997106635237,0,458.0557861328125
49111.0,8.0,103,4,1,30.106413741197773,0.7182065902383035,0.682842712474619,0,458.0557861328125
49111.0,8.0,103,5,4,25.45062139870542,0.9495439548154478,0.848528137423857,0,458.0557861328125
49111.0,8.0,103,6,2,26.83578393721721,0.7654508742423927,0.848528137423857,0,458.0557861328125
49111.0,8.0,103,7,5,22.539957005010706,1.1927994970870306,0.613407053921902,0,458.0557861328125
49111.0,8.0,103,8,5,22.616305638832028,1.037663380698758,0.8513997106635237,0,458.0557861328125
49111.0,8.0,103,9,2,23.64154078510596,0.8256282299003928,0.848528137423857,0,458.0557861328125
49111.0,8.0,103,10,2,25.619282203812652,0.6387606543064881,0.8513997106635237,0,458.0557861328125
49111.0,8.0,103,11,1,27.46443590536543,0.5265800286622266,0.613407053921902,0,458.0557861328125
49111.0,8.0,103,12,4,20.559319100170896,0.9042103193040407,0.848528137423857,0,458.0557861328125
49111.0,8.0,103,13,4,22.2510847332757,0.6837816198457243,0.848528137423857,0,458.0557861328125
49111.0,8.0,103,14,5,17.647910727093873,1.009567158783145,0.682842712474619,0,458.0557861328125
49111.0,8.0,103,15,5,18.943967983931934,0.7446837657219658,0.8513997106635237,0,458.0557861328125
49111.0,8.0,103,16,4,21.36115851074097,0.5266727546031313,0.682842712474619,0,458.0557861328125
49111.0,8.0,103,17,5,15.766735666393503,0.6597133870011356,0.613407053921902,1,458.0557861328125
49111.0,8.0,103,18,1,43.86931745739863,1.6823769641854167,0.37888543819998316,0,458.0557861328125
49111.0,8.0,103,19,1,46.14778593357328,1.9262505969763468,0.3414213562373095,0,458.0557861328125
49111.0,8.0,103,20,2,39.67957265975063,1.7477917830826841,0.482842712474619,0,458.0557861328125
49111.0,8.0,103,21,4,34.91874605924383,1.510987736774451,0.3414213562373095,0,458.0557861328125
49111.0,8.0,103,22,2,39.076780686209,1.9269510608103488,0.4242640687119285,0,458.0557861328125
49111.0,8.0,103,23,4,32.7390459342908,1.7102662931471377,0.4242640687119285,0,458.0557861328125
49111.0,8.0,103,24,1,43.95561307945732,2.1702774301393273,0.37888543819998316,0,458.0557861328125
49111.0,8.0,103,25,2,39.74318924212956,2.1058204591633216,0.482842712474619,0,458.0557861328125
49111.0,8.0,103,26,2,32.00580308358548,1.9279610294661385,0.4242640687119285,0,458.0557861328125
49111.0,8.0,103,27,5,25.869321036988502,1.6526896454396376,0.482842712474619,0,458.0557861328125
49111.0,8.0,103,28,5,23.804347100047483,1.468929285533398,0.4538461538461539,0,458.0557861328125
49111.0,8.0,103,29,4,32.816120022984066,2.1451362705106565,0.4242640687119285,0,458.0557861328125
49111.0,8.0,103,30,4,24.93487664401856,1.9295438058317307,0.4242640687119285,0,458.0557861328125
49111.0,8.0,103,31,4,35.063143551320984,2.343110906939522,0.3308640753373011,0,458.0557861328125
49111.0,8.0,103,33,5,17.864062121465967,1.9323795592612265,0.3308640753373011,0,458.0557861328125
49111.0,8.0,103,34,5,23.963009991912084,2.3892329896182427,0.2683281572999748,0,458.0557861328125
49111.0,8.0,103,35,5,6.4099250604837215,0.7795696920303392,0.4815389220537701,0,458.0557861328125
49111.0,8.0,103,36,5,3.7253187694398484,1.9703500339005882,0.43175884674785275,0,458.0557861328125
49111.0,8.0,103,38,4,7.663441773998625,-0.10083844212596288,0.6466890965784271,0,458.0557861328125
49111.0,8.0,103,40,4,4.74251947727054,-0.43279162197741194,0.848528137423857,0,458.0557861328125
49111.0,8.0,103,43,2,3.3547939073978417,-1.2724863730208877,0.848528137423857,0,458.0557861328125
49111.0,8.0,103,44,2,7.660274936702786,-0.7655938918670575,0.8513997106635237,0,458.0557861328125
49111.0,8.0,103,45,1,11.028482718271407,-0.6620366174937875,0.613407053921902,0,458.0557861328125
49111.0,8.0,103,46,4,5.00177901650372,-2.056112245047243,0.848528137423857,0,458.0557861328125
49111.0,8.0,103,47,2,6.887885254176357,-1.24515083216335,0.848528137423857,0,458.0557861328125
49111.0,8.0,103,48,4,7.98629729591631,-2.3571448816184817,0.6466890965784271,0,458.0557861328125
49111.0,8.0,103,49,2,7.823433673491669,-1.7138923116131874,0.8513997106635237,0,458.0557861328125
49111.0,8.0,103,50,1,10.42263327515108,-1.2363531640553755,0.682842712474619,0,458.0557861328125
49111.0,8.0,103,51,1,11.221503688954083,-1.803415508516093,0.613407053921902,0,458.0557861328125
49111.0,8.0,103,53,4,37.83983724334723,-3.5094199524559184,0.31213203435596426,0,458.0557861328125
49111.0,8.0,103,56,4,33.604016498480966,-3.3504723226492135,0.4242640687119285,0,458.0557861328125
49111.0,8.0,103,58,2,39.77129903797244,-3.255820013381323,0.382842712474619,0,458.0557861328125
49111.0,8.0,103,59,2,30.440212992969577,-3.1524253816119514,0.4242640687119285,0,458.0557861328125
49111.0,8.0,103,60,5,21.71305844294811,-2.9622325405687633,0.4414213562373095,0,458.0557861328125
49111.0,8.0,103,61,5,17.857269581087795,-2.800397439876372,0.37888543819998316,0,458.0557861328125
49111.0,8.0,103,62,2,37.136678222412414,-3.0848683331643043,0.4242640687119285,0,458.0557861328125
49111.0,8.0,103,63,4,28.705107721179637,-2.920004837755192,0.4242640687119285,0,458.0557861328125
49111.0,8.0,103,64,1,43.950644724880284,-3.0380968591943263,0.3414213562373095,0,458.0557861328125
49111.0,8.0,103,65,2,35.72827328072508,-2.8943467075334732,0.382842712474619,0,458.0557861328125
49111.0,8.0,103,66,4,28.65937632803093,-2.672850121263927,0.3414213562373095,0,458.0557861328125
49111.0,8.0,104,1,1,19.322691997040867,-0.4248695128671913,0.613407053921902,0,459.6227111816406
49111.0,8.0,104,2,4,16.181673659019573,-0.1278392950421503,0.682842712474619,0,459.6227111816406
49111.0,8.0,104,3,2,15.83369692737116,-0.4407250363586668,0.8513997106635237,0,459.6227111816406
49111.0,8.0,104,4,1,17.016619945473245,-0.7377770463827991,0.682842712474619,0,459.6227111816406
49111.0,8.0,104,5,4,13.319596114954924,-0.2693433250503223,0.848528137423857,0,459.6227111816406
49111.0,8.0,104,6,2,13.830077246579547,-0.6378942792193221,0.848528137423857,0,459.6227111816406
49111.0,8.0,104,7,5,12.909908820615941,0.23054525557775496,0.613407053921902,0,459.6227111816406
49111.0,8.0,104,8,5,11.362980372384781,-0.02940389872880922,0.8513997106635237,0,459.6227111816406
49111.0,8.0,104,9,2,10.86170883995869,-0.48102933887801114,0.848528137423857,0,459.6227111816406
49111.0,8.0,104,10,2,12.523422651370979,-0.8881732692915125,0.8513997106635237,0,459.6227111816406
49111.0,8.0,104,11,1,14.6214805027212,-1.0955715674234967,0.613407053921902,0,459.6227111816406
49111.0,8.0,104,12,4,8.347598529021157,-0.21922368184298247,0.848528137423857,0,459.6227111816406
49111.0,8.0,104,13,4,9.140120195191699,-0.7922115770955958,0.848528137423857,0,459.6227111816406
49111.0,8.0,104,14,5,6.810879787472072,0.20626236972024414,0.682842712474619,0,459.6227111816406
49111.0,8.0,104,15,5,5.936958771983395,-0.5886985539269103,0.765685424949238,1,459.6227111816406
49111.0,8.0,104,16,4,8.608535034549464,-1.1888545529544257,0.682842712474619,0,459.6227111816406
49111.0,8.0,104,18,1,38.5098436952222,0.4845081339032846,0.37888543819998316,0,459.6227111816406
49111.0,8.0,104,19,1,43.84700708149838,0.7241598979447923,0.3414213562373095,0,459.6227111816406
49111.0,8.0,104,20,2,35.359281977532284,0.5897713461698355,0.482842712474619,0,459.6227111816406
49111.0,8.0,104,21,4,27.892608589522588,0.37755949763341934,0.3414213562373095,0,459.6227111816406
49111.0,8.0,104,22,2,37.13071756002028,0.7789796122682058,0.4242640687119285,0,459.6227111816406
49111.0,8.0,104,23,4,28.397341046014645,0.6288264963568537,0.4242640687119285,0,459.6227111816406
49111.0,8.0,104,24,1,44.92485008429658,0.9755558957612303,0.37888543819998316,0,459.6227111816406
49111.0,8.0,104,25,2,40.088671106403076,0.9456428889133683,0.482842712474619,0,459.6227111816406
49111.0,8.0,104,26,2,30.57483185626745,0.8576376355620823,0.4242640687119285,0,459.6227111816406
49111.0,8.0,104,27,5,21.506723018644585,0.6930650613429454,0.482842712474619,0,459.6227111816406
49111.0,8.0,104,28,5,17.36083324560005,0.5482956341572118,0.4538461538461539,0,459.6227111816406
49111.0,8.0,104,29,4,34.10618283529228,1.0476323647293941,0.4242640687119285,0,459.6227111816406
49111.0,8.0,104,30,4,24.30947345287544,0.9779474596160911,0.4242640687119285,0,459.6227111816406
49111.0,8.0,104,31,4,38.6217952994128,1.1977004946907577,0.3414213562373095,0,459.6227111816406
49111.0,8.0,104,32,5,28.624497621991807,1.1907090010047636,0.482842712474619,0,459.6227111816406
49111.0,8.0,104,33,5,18.63010080684172,1.1762146460990366,0.3414213562373095,0,459.6227111816406
49111.0,8.0,104,34,5,28.92460241122786,-4.918804382143101,0.37888543819998316,0,459.6227111816406
49111.0,8.0,104,35,5,6.772062663076994,-4.057611199174875,0.4815389220537701,0,459.6227111816406
49111.0,8.0,104,36,5,12.623033276797704,-4.245726513469867,0.43175884674785275,0,459.6227111816406
49111.0,8.0,104,38,4,9.330582032692929,-3.3455854986422215,0.6466890965784271,0,459.6227111816406
49111.0,8.0,104,40,4,11.779874504700446,-3.5893892600036397,0.848528137423857,0,459.6227111816406
49111.0,8.0,104,43,2,14.678934757814377,-3.7434396189064127,0.848528137423857,0,459.6227111816406
49111.0,8.0,104,44,2,14.294422744728308,-3.397565290714622,0.8513997106635237,0,459.6227111816406
49111.0,8.0,104,45,1,15.042675918585445,-3.163868743031176,0.613407053921902,0,459.6227111816406
49111.0,8.0,104,46,4,17.809458383169613,-3.8451070812363426,0.848528137423857,0,459.6227111816406
49111.0,8.0,104,47,2,16.764134450745896,-3.561178515346473,0.848528137423857,0,459.6227111816406
49111.0,8.0,104,48,4,21.068518936544397,-3.915878302017874,0.6466890965784271,0,459.6227111816406
49111.0,8.0,104,49,2,19.563790178806478,-3.6804737955702924,0.8513997106635237,0,459.6227111816406
49111.0,8.0,104,50,1,19.276962471852244,-3.422716268402919,0.682842712474619,0,459.6227111816406
49111.0,8.0,104,51,1,23.01263606229631,-3.6523741242907333,0.613407053921902,0,459.6227111816406
49111.0,8.0,104,53,4,45.87587555325229,-4.750150451444163,0.31213203435596426,0,459.6227111816406
49111.0,8.0,104,56,4,43.13613467030304,-4.603481079950538,0.4242640687119285,0,459.6227111816406
49111.0,8.0,104,58,2,49.891256537091536,-4.558424154750323,0.382842712474619,0,459.6227111816406
49111.0,8.0,104,59,2,41.43496435151778,-4.440959072614225,0.4242640687119285,0,459.6227111816406
49111.0,8.0,104,60,5,33.831569026180546,-4.267259809869347,0.4414213562373095,0,459.6227111816406
49111.0,8.0,104,61,5,30.552159641407574,-4.149795444689473,0.37888543819998316,0,459.6227111816406
49111.0,8.0,104,62,2,48.42796336174904,-4.417566793802799,0.4242640687119285,0,459.6227111816406
49111.0,8.0,104,63,4,40.90215675644229,-4.269474809071225,0.4242640687119285,0,459.6227111816406
49111.0,8.0,104,64,1,55.4407701959692,-4.400084727627136,0.3414213562373095,0,459.6227111816406
49111.0,8.0,104,65,2,47.97288600745151,-4.2710368761851045,0.382842712474619,0,459.6227111816406
49111.0,8.0,104,66,4,41.58264762909652,-4.098605590520847,0.3414213562373095,0,459.6227111816406
49111.0,8.0,105,1,1,17.16485249387568,0.5670705027432803,0.613407053921902,0,459.918701171875
49111.0,8.0,105,2,4,14.443589581626755,0.915792215939583,0.682842712474619,0,459.918701171875
49111.0,8.0,105,3,2,13.665583897020117,0.5623988451680342,0.8513997106635237,0,459.918701171875
49111.0,8.0,105,4,1,14.658754602302135,0.2144146035344705,0.682842712474619,0,459.918701171875
49111.0,8.0,105,5,4,11.374214145044611,0.7787855579763656,0.848528137423857,0,459.918701171875
49111.0,8.0,105,6,2,11.511023006724965,0.3384290827013956,0.848528137423857,0,459.918701171875
49111.0,8.0,105,7,5,11.918711311100598,1.342520432045158,0.613407053921902,0,459.918701171875
49111.0,8.0,105,8,5,9.848721317418333,1.0812875962041189,0.8513997106635237,0,459.918701171875
49111.0,8.0,105,9,2,8.667653363638214,0.5491821593166355,0.848528137423857,0,459.918701171875
49111.0,8.0,105,10,2,10.161649377744117,0.03511246772554544,0.8513997106635237,0,459.918701171875
49111.0,8.0,105,11,1,12.357214505988816,-0.20873245666722817,0.613407053921902,0,459.918701171875
49111.0,8.0,105,12,4,6.538560927530328,0.9263475516844184,0.848528137423857,1,459.918701171875
49111.0,8.0,105,13,4,6.77374949692154,0.1570469144578348,0.848528137423857,0,459.918701171875
49111.0,8.0,105,14,5,5.9478856053108204,1.4928588543946806,0.6466890965784271,0,459.918701171875
49111.0,8.0,105,16,4,6.4528404336308185,-0.3820163737756711,0.6466890965784271,0,459.918701171875
49111.0,8.0,105,18,1,37.96317558649431,1.4831675316841195,0.37888543819998316,0,459.918701171875
49111.0,8.0,105,19,1,43.855682935152814,1.7165583442373669,0.3414213562373095,0,459.918701171875
49111.0,8.0,105,20,2,35.06540648839952,1.5949047020404612,0.482842712474619,0,459.918701171875
49111.0,8.0,105,21,4,27.12645459113166,1.3974295150465579,0.3414213562373095,0,459.918701171875
49111.0,8.0,105,22,2,37.28044877061387,1.7809006912132046,0.4242640687119285,0,459.918701171875
49111.0,8.0,105,23,4,28.215131880365238,1.6506501181961417,0.4242640687119285,0,459.918701171875
49111.0,8.0,105,24,1,45.51867842585087,1.9646449654025189,0.37888543819998316,0,459.918701171875
49111.0,8.0,105,25,2,40.62118891514674,1.941219648713471,0.482842712474619,0,459.918701171875
49111.0,8.0,105,26,2,30.924792567907023,1.8722110277117376,0.4242640687119285,0,459.918701171875
49111.0,8.0,105,27,5,21.508244973872568,1.7416115244058228,0.482842712474619,0,459.918701171875
49111.0,8.0,105,28,5,17.050967864028518,1.6232396007696608,0.4538461538461539,0,459.918701171875
49111.0,8.0,105,29,4,34.87967780398426,2.050924786511601,0.4242640687119285,0,459.918701171875
49111.0,8.0,105,30,4,24.957037688752035,2.008844310306465,0.4242640687119285,0,459.918701171875
49111.0,8.0,105,31,4,39.70945796723278,-4.0933760649719675,0.3414213562373095,0,459.918701171875
49111.0,8.0,105,32,5,29.717046598534388,-4.082037271617555,0.482842712474619,0,459.918701171875
49111.0,8.0,105,33,5,19.732325383175226,-4.059217519725956,0.3414213562373095,0,459.918701171875
49111.0,8.0,105,34,5,30.355936653728172,-3.9167401729411653,0.4308640753373011,0,459.918701171875
49111.0,8.0,105,35,5,9.132437561842861,-3.095208235376008,0.4815389220537701,0,459.918701171875
49111.0,8.0,105,36,5,14.912630039229338,-3.2633096048980716,0.43175884674785275,0,459.918701171875
49111.0,8.0,105,38,4,11.342325210245132,-2.5286737175534144,0.6466890965784271,0,459.918701171875
49111.0,8.0,105,40,4,14.00974322911736,-2.7130211354436913,0.848528137423857,0,459.918701171875
49111.0,8.0,105,43,2,16.996984130034278,-2.835650273887196,0.848528137423857,0,459.918701171875
49111.0,8.0,105,44,2,16.34100280768153,-2.5371199691628403,0.8513997106635237,0,459.918701171875
49111.0,8.0,105,45,1,16.777067831759776,-2.3269973700707527,0.613407053921902,0,459.918701171875
49111.0,8.0,105,46,4,20.162391566663775,-2.9207478269690954,0.848528137423857,0,459.918701171875
49111.0,8.0,105,47,2,18.964517840733336,-2.6718539149491276,0.848528137423857,0,459.918701171875
49111.0,8.0,105,48,4,23.433877140975028,-2.9824351573365124,0.6466890965784271,0,459.918701171875
49111.0,8.0,105,49,2,21.846681695450467,-2.772498151367132,0.8513997106635237,0,459.918701171875
49111.0,8.0,105,50,1,21.340300006006217,-2.541609096084688,0.682842712474619,0,459.918701171875
49111.0,8.0,105,51,1,25.276343153476844,-2.7427870465153283,0.613407053921902,0,459.918701171875
49111.0,8.0,105,52,5,36.49290367272564,-3.811157734948413,0.32030679443729265,0,459.918701171875
49111.0,8.0,105,53,4,47.579935304332736,-3.776563794343412,0.3308640753373011,0,459.918701171875
49111.0,8.0,105,56,4,45.059529273997086,-3.6337586686680714,0.4242640687119285,0,459.918701171875
49111.0,8.0,105,58,2,51.87109317081987,-3.594496007826117,0.382842712474619,0,459.918701171875
49111.0,8.0,105,59,2,43.55309533459031,-3.4776464251241697,0.4242640687119285,0,459.918701171875
49111.0,8.0,105,60,5,36.09894624101858,-3.3093318153206557,0.4414213562373095,0,459.918701171875
49111.0,8.0,105,61,5,32.88259148783697,-3.1981619159126673,0.37888543819998316,0,459.918701171875
49111.0,8.0,105,62,2,50.56798633093459,-3.458691113684769,0.4242640687119285,0,459.918701171875
49111.0,8.0,105,63,4,43.166920761778044,-3.3146296463702907,0.4242640687119285,0,459.918701171875
49111.0,8.0,105,64,1,57.59661769502843,-3.4443579575318752,0.3414213562373095,0,459.918701171875
49111.0,8.0,105,65,2,50.235765908317745,-3.3184366090418598,0.382842712474619,0,459.918701171875
49111.0,8.0,105,66,4,43.9305586452453,-3.1530259291939045,0.3414213562373095,0,459.918701171875
49111.0,8.0,106,1,1,14.184960155781738,-0.23822222347315503,0.613407053921902,0,460.2492980957031
49111.0,8.0,106,2,4,11.845641693400983,0.20015729418258665,0.682842712474619,0,460.2492980957031
49111.0,8.0,106,3,2,10.685112219335473,-0.2355721775876949,0.8513997106635237,0,460.2492980957031
49111.0,8.0,106,4,1,11.748362402954072,-0.675160189890704,0.682842712474619,0,460.2492980957031
49111.0,8.0,106,5,4,8.59202802047336,0.06291609759065131,0.848528137423857,0,460.2492980957031
49111.0,8.0,106,6,2,8.5249833733534,-0.5298921805878551,0.848528137423857,0,460.2492980957031
49111.0,8.0,106,7,5,10.321220405623539,0.7412114718439837,0.613407053921902,0,460.2492980957031
49111.0,8.0,106,8,5,7.646846923366945,0.48637750674982705,0.7685569981889047,1,460.2492980957031
49111.0,8.0,106,9,2,5.685654217480962,-0.22612702498249093,0.848528137423857,0,460.2492980957031
49111.0,8.0,106,10,2,7.495269167422314,-0.9562369580725999,0.8513997106635237,0,460.2492980957031
49111.0,8.0,106,11,1,10.130436175212711,-1.2213580631555545,0.613407053921902,0,460.2492980957031
49111.0,8.0,106,13,4,3.9787412905237645,-0.8891838915642714,0.848528137423857,0,460.2492980957031
49111.0,8.0,106,14,5,5.160359348957522,1.191446629173155,0.5052677403411177,0,460.2492980957031
49111.0,8.0,106,16,4,4.932960635670873,-1.6779000802281874,0.6466890965784271,0,460.2492980957031
49111.0,8.0,106,18,1,36.534191733084,0.7226339976488898,0.37888543819998316,0,460.2492980957031
49111.0,8.0,106,19,1,43.07200267352338,0.9517680849353121,0.3414213562373095,0,460.2492980957031
49111.0,8.0,106,20,2,33.95441365022683,0.8443158846610772,0.482842712474619,0,460.2492980957031
49111.0,8.0,106,21,4,25.506999007202225,0.6622125313437386,0.3414213562373095,0,460.2492980957031
49111.0,8.0,106,22,2,36.7042892733305,1.0291107902701917,0.4242640687119285,0,460.2492980957031
49111.0,8.0,106,23,4,27.293032867071215,0.9222515053918148,0.4242640687119285,0,460.2492980957031
49111.0,8.0,106,24,1,45.471475671882324,1.199143451592842,0.37888543819998316,0,460.2492980957031
49111.0,8.0,106,25,2,40.51552166503522,1.1837151290405639,0.482842712474619,0,460.2492980957031
49111.0,8.0,106,26,2,30.64657057180532,1.1379177665970266,0.4242640687119285,0,460.2492980957031
49111.0,8.0,106,27,5,20.902561561572995,1.0490627011290465,0.482842712474619,0,460.2492980957031
49111.0,8.0,106,28,5,16.148358301904917,0.9647586135487818,0.4538461538461539,0,460.2492980957031
49111.0,8.0,106,29,4,35.121431242793314,1.304993085393392,0.4242640687119285,0,460.2492980957031
49111.0,8.0,106,30,4,25.12408654190164,1.2972357469975289,0.4242640687119285,0,460.2492980957031
49111.0,8.0,106,31,4,40.34622135060324,-4.851534776235916,0.3414213562373095,0,460.2492980957031
49111.0,8.0,106,32,5,30.422399137717218,-4.816368634666804,0.482842712474619,0,460.2492980957031
49111.0,8.0,106,33,5,20.572485540577794,-4.7473611738964685,0.3414213562373095,0,460.2492980957031
49111.0,8.0,106,34,5,31.52264915954153,-4.6587040935082715,0.4308640753373011,0,460.2492980957031
49111.0,8.0,106,35,5,11.963941754898213,-3.8296469833630593,0.4815389220537701,0,460.2492980957031
49111.0,8.0,106,36,5,17.52832093561506,-4.003020245614024,0.43175884674785275,0,460.2492980957031
49111.0,8.0,106,38,4,14.315964055718576,-3.3959215918188335,0.6466890965784271,0,460.2492980957031
49111.0,8.0,106,40,4,17.017583530261675,-3.5421668534009996,0.848528137423857,0,460.2492980957031
49111.0,8.0,106,43,2,19.9812279796373,-3.646764818799184,0.848528137423857,0,460.2492980957031
49111.0,8.0,106,44,2,19.315844987615556,-3.393846544263205,0.8513997106635237,0,460.2492980957031
49111.0,8.0,106,45,1,19.60990935199701,-3.214407104060272,0.613407053921902,0,460.2492980957031
49111.0,8.0,106,46,4,23.106293383817484,-3.7237358945763033,0.848528137423857,0,460.2492980957031
49111.0,8.0,106,47,2,21.971645135273786,-3.5071940883554875,0.848528137423857,0,460.2492980957031
49111.0,8.0,106,48,4,26.335377656374224,-3.7821110359836796,0.6466890965784271,0,460.2492980957031
49111.0,8.0,106,49,2,24.847625888909533,-3.5952324081762486,0.8513997106635237,0,460.2492980957031
49111.0,8.0,106,50,1,24.315774886409848,-3.392624856184982,0.682842712474619,0,460.2492980957031
49111.0,8.0,106,51,1,28.281850024952117,-3.569755448103076,0.613407053921902,0,460.2492980957031
49111.0,8.0,106,52,5,37.920707466569745,-4.571594084280234,0.4308640753373011,0,460.2492980957031
49111.0,8.0,106,53,4,49.075760854860114,-4.554173010850834,0.3414213562373095,0,460.2492980957031
49111.0,8.0,106,54,5,40.07661531998586,-4.455806205012247,0.4414213562373095,0,460.2492980957031
49111.0,8.0,106,56,4,46.9088236927312,-4.413773343110568,0.4242640687119285,0,460.2492980957031
49111.0,8.0,106,58,2,53.80279160940772,-4.3824680167541095,0.382842712474619,0,460.2492980957031
49111.0,8.0,106,59,2,45.74325280287858,-4.263069788595464,0.4242640687119285,0,460.2492980957031
49111.0,8.0,106,60,5,38.602460660050724,-4.096279480669844,0.4414213562373095,0,460.2492980957031
49111.0,8.0,106,61,5,35.552810929968906,-3.989273623134533,0.37888543819998316,0,460.2492980957031
49111.0,8.0,106,62,2,52.78965638946396,-4.2510616174991345,0.4242640687119285,0,460.2492980957031
49111.0,8.0,106,63,4,45.6558059149149,-4.108197263434153,0.4242640687119285,0,460.2492980957031
49111.0,8.0,106,64,1,59.841878867957405,-4.241882639016678,0.3414213562373095,0,460.2492980957031
49111.0,8.0,106,65,2,52.71390004989189,-4.11692457614317,0.382842712474619,0,460.2492980957031
49111.0,8.0,106,66,4,46.65254602369197,-3.9563669704098485,0.3414213562373095,0,460.2492980957031
49111.0,8.0,107,1,1,11.040223153011391,-0.9655619776866866,0.613407053921902,0,460.5400085449219
49111.0,8.0,107,2,4,7.89130247425687,-0.39783583940083544,0.6466890965784271,0,460.5400085449219
49111.0,8.0,107,3,2,7.633142046300571,-1.0528584317986973,0.8513997106635237,0,460.5400085449219
49111.0,8.0,107,4,1,10.210634664788998,-1.5430595954821085,0.682842712474619,0,460.5400085449219
49111.0,8.0,107,5,4,4.855379108205873,-0.6916167880197741,0.848528137423857,0,460.5400085449219
49111.0,8.0,107,6,2,6.675845193171507,-1.5342723101056275,0.848528137423857,0,460.5400085449219
49111.0,8.0,107,7,5,6.8146909789549595,0.4462191017068924,0.4815389220537701,1,460.5400085449219
49111.0,8.0,107,9,2,3.1427309507165115,-1.505719182243447,0.848528137423857,0,460.5400085449219
49111.0,8.0,107,10,2,7.474554206598583,-2.026802668530302,0.8513997106635237,0,460.5400085449219
49111.0,8.0,107,11,1,10.854192854309016,-2.1278720926377273,0.613407053921902,0,460.5400085449219
49111.0,8.0,107,13,4,4.602044042898869,-2.380083496572788,0.848528137423857,0,460.5400085449219
49111.0,8.0,107,14,5,3.9365537465392606,-4.744294869648767,0.43175884674785275,0,460.5400085449219
49111.0,8.0,107,16,4,7.581613345256431,-2.7036955837530408,0.6466890965784271,0,460.5400085449219
49111.0,8.0,107,18,1,32.849472450666354,0.2405029884866372,0.37888543819998316,0,460.5400085449219
49111.0,8.0,107,19,1,39.85869208966972,0.4818077586136429,0.3414213562373095,0,460.5400085449219
49111.0,8.0,107,20,2,30.50737190609308,0.3801609956064915,0.482842712474619,0,460.5400085449219
49111.0,8.0,107,21,4,21.74130047017095,0.1930409489698568,0.3414213562373095,0,460.5400085449219
49111.0,8.0,107,22,2,33.70933755189322,0.5770760121616938,0.4242640687119285,0,460.5400085449219
49111.0,8.0,107,23,4,24.047948846108607,0.48642087651839017,0.4242640687119285,0,460.5400085449219
49111.0,8.0,107,24,1,42.96448455409991,0.7420792592970873,0.37888543819998316,0,460.5400085449219
49111.0,8.0,107,25,2,37.97287368317387,0.7349114640884431,0.482842712474619,0,460.5400085449219
49111.0,8.0,107,26,2,27.998634632350505,0.7129116175566397,0.4242640687119285,0,460.5400085449219
49111.0,8.0,107,27,5,18.052920727501,0.6666239068794351,0.482842712474619,0,460.5400085449219
49111.0,8.0,107,28,5,13.111069733329327,0.6171978257132134,0.44328887294614544,0,460.5400085449219
49111.0,8.0,107,29,4,33.00822986539354,-5.4059336253645975,0.4242640687119285,0,460.5400085449219
49111.0,8.0,107,30,4,23.0548833084064,-5.370956889365105,0.4242640687119285,0,460.5400085449219
49111.0,8.0,107,31,4,38.6673368156828,-5.287192699419053,0.3414213562373095,0,460.5400085449219
49111.0,8.0,107,32,5,28.93349861207657,-5.21866107508521,0.482842712474619,0,460.5400085449219
49111.0,8.0,107,33,5,19.471305745958972,-5.082250536448273,0.3414213562373095,0,460.5400085449219
49111.0,8.0,107,34,5,30.63917822436866,-5.060639188439435,0.4308640753373011,0,460.5400085449219
49111.0,8.0,107,35,5,14.455235250851123,-4.117892060668309,0.4815389220537701,0,460.5400085449219
49111.0,8.0,107,36,5,19.347866901272933,-4.336497097528216,0.43175884674785275,0,460.5400085449219
49111.0,8.0,107,38,4,17.785509808463488,-3.797541325424632,0.6466890965784271,0,460.5400085449219
49111.0,8.0,107,40,4,20.165173144120317,-3.9357230655765063,0.848528137423857,0,460.5400085449219
49111.0,8.0,107,43,2,22.846094999315564,-4.043161051746534,0.848528137423857,0,460.5400085449219
49111.0,8.0,107,44,2,22.75821301149413,-3.823475487729625,0.8513997106635237,0,460.5400085449219
49111.0,8.0,107,45,1,23.342681966896887,-3.673614478746231,0.613407053921902,0,460.5400085449219
49111.0,8.0,107,46,4,25.734294346322226,-4.127285861369049,0.848528137423857,0,460.5400085449219
49111.0,8.0,107,47,2,25.16438173812226,-3.9317740517432904,0.848528137423857,0,460.5400085449219
49111.0,8.0,107,48,4,28.76740784791971,-4.194065768933752,0.6466890965784271,0,460.5400085449219
49111.0,8.0,107,49,2,27.812873944404622,-4.0203332217563155,0.8513997106635237,0,460.5400085449219
49111.0,8.0,107,50,1,27.740731061133385,-3.840101648113502,0.682842712474619,0,460.5400085449219
49111.0,8.0,107,51,1,31.295914865650666,-4.008668909845113,0.613407053921902,0,460.5400085449219
49111.0,8.0,107,52,5,37.3413837429122,-4.9939896201629095,0.4308640753373011,0,460.5400085449219
49111.0,8.0,107,53,4,48.51810419469663,-5.000672774280366,0.3414213562373095,0,460.5400085449219
49111.0,8.0,107,54,5,39.94985406938325,-4.883491541430827,0.4414213562373095,0,460.5400085449219
49111.0,8.0,107,56,4,46.9213228472495,-4.8561752884970115,0.4242640687119285,0,460.5400085449219
49111.0,8.0,107,58,2,53.91873733041807,-4.835937071647033,0.382842712474619,0,460.5400085449219
49111.0,8.0,107,59,2,46.35962295817554,-4.7048994577948005,0.4242640687119285,0,460.5400085449219
49111.0,8.0,107,60,5,39.88983637897974,-4.527352199743727,0.4414213562373095,0,460.5400085449219
49111.0,8.0,107,61,5,37.24501643308221,-4.417210945677851,0.37888543819998316,0,460.5400085449219
49111.0,8.0,107,62,2,53.43064980322622,-4.70441583384702,0.4242640687119285,0,460.5400085449219
49111.0,8.0,107,63,4,46.870233026011036,-4.553457460782328,0.4242640687119285,0,460.5400085449219
49111.0,8.0,107,64,1,60.50168622415245,-4.704045255357212,0.3414213562373095,0,460.5400085449219
49111.0,8.0,107,65,2,53.87428367489796,-4.572785442143939,0.382842712474619,0,460.5400085449219
49111.0,8.0,107,66,4,48.41924046286719,-4.40850391472979,0.3414213562373095,0,460.5400085449219
49111.0,8.0,108,1,1,9.751462118036027,-1.6970505038674044,0.613407053921902,0,460.9356994628906
49111.0,8.0,108,2,4,4.5218832619179326,-1.2186344458691132,0.6466890965784271,0,460.9356994628906
49111.0,8.0,108,3,2,7.174246635383877,-1.9811305779573027,0.8513997106635237,0,460.9356994628906
49111.0,8.0,108,4,1,11.510525675928976,-2.255927120532289,0.682842712474619,0,460.9356994628906
49111.0,8.0,108,5,4,3.6811170140555074,-2.087414535328684,0.848528137423857,0,460.9356994628906
49111.0,8.0,108,6,2,8.341043641060287,-2.4159850258637627,0.848528137423857,0,460.9356994628906
49111.0,8.0,108,9,2,5.626172474064789,-2.7481224256753602,0.848528137423857,0,460.9356994628906
49111.0,8.0,108,10,2,10.614904769183171,-2.7047071607503,0.8513997106635237,0,460.9356994628906
49111.0,8.0,108,11,1,14.111763668814042,-2.6925943084558948,0.613407053921902,0,460.9356994628906
49111.0,8.0,108,13,4,8.64621367678822,-3.0124620890778195,0.848528137423857,0,460.9356994628906
49111.0,8.0,108,14,5,5.5511649299609545,-4.117944397220031,0.39440356905077983,0,460.9356994628906
49111.0,8.0,108,16,4,11.952414198873592,-3.1357586807507456,0.6466890965784271,0,460.9356994628906
49111.0,8.0,108,18,1,28.37194902777534,-0.049930772038925486,0.37888543819998316,0,460.9356994628906
49111.0,8.0,108,19,1,35.68062107721057,0.21677539146282143,0.3414213562373095,0,460.9356994628906
49111.0,8.0,108,20,2,26.175398632251802,0.11507918403851569,0.482842712474619,0,460.9356994628906
49111.0,8.0,108,21,4,17.239381272513704,-0.09661814289494597,0.3414213562373095,0,460.9356994628906
49111.0,8.0,108,22,2,29.737402524917904,0.33445972063716534,0.4242640687119285,0,460.9356994628906
49111.0,8.0,108,23,4,19.90873883576758,0.2586889098520806,0.4242640687119285,0,460.9356994628906
49111.0,8.0,108,24,1,39.40117178143049,-5.78428601842454,0.37888543819998316,0,460.9356994628906
49111.0,8.0,108,25,2,34.401667463957295,-5.782373759081111,0.482842712474619,0,460.9356994628906
49111.0,8.0,108,26,2,24.40326817052389,-5.776198709799064,0.4242640687119285,0,460.9356994628906
49111.0,8.0,108,27,5,14.407090979941476,-5.7614533083546995,0.482842712474619,0,460.9356994628906
49111.0,8.0,108,28,5,9.412048504720657,-5.742337126480088,0.37888543819998316,1,460.9356994628906
49111.0,8.0,108,29,4,29.911220516291348,-5.611887751028855,0.4242640687119285,0,460.9356994628906
49111.0,8.0,108,30,4,20.16744619122647,-5.520279253074658,0.4242640687119285,0,460.9356994628906
49111.0,8.0,108,31,4,35.97002541208322,-5.500685578105735,0.3414213562373095,0,460.9356994628906
49111.0,8.0,108,32,5,26.568543453635527,-5.390399180638597,0.482842712474619,0,460.9356994628906
49111.0,8.0,108,33,5,17.83065546606534,-5.166501674807863,0.3414213562373095,0,460.9356994628906
49111.0,8.0,108,34,5,28.914901057591855,-5.230931465892425,0.4308640753373011,0,460.9356994628906
49111.0,8.0,108,35,5,17.029052718857425,-4.191274304706782,0.4815389220537701,0,460.9356994628906
49111.0,8.0,108,36,5,20.98440018910589,-4.437785171979788,0.43175884674785275,0,460.9356994628906
49111.0,8.0,108,38,4,21.269457548286322,-3.9601087197301146,0.6466890965784271,0,460.9356994628906
49111.0,8.0,108,40,4,23.22650710038438,-4.092682122615668,0.848528137423857,0,460.9356994628906
49111.0,8.0,108,43,2,25.52550567119206,-4.203051252453051,0.848528137423857,0,460.9356994628906
49111.0,8.0,108,44,2,26.126113877133765,-4.010538197921839,0.8513997106635237,0,460.9356994628906
49111.0,8.0,108,45,1,27.09316328719468,-3.8840219931718387,0.613407053921902,0,460.9356994628906
49111.0,8.0,108,46,4,28.082596878777256,-4.2942764303685435,0.848528137423857,0,460.9356994628906
49111.0,8.0,108,47,2,28.189619259699366,-4.11637472289011,0.848528137423857,0,460.9356994628906
49111.0,8.0,108,48,4,30.83363512694801,-4.3697638094379405,0.6466890965784271,0,460.9356994628906
49111.0,8.0,108,49,2,30.524341789671166,-4.2069159814954356,0.8513997106635237,0,460.9356994628906
49111.0,8.0,108,50,1,31.028339115131008,-4.045099072683287,0.682842712474619,0,460.9356994628906
49111.0,8.0,108,51,1,34.02373058673153,-4.208945573444326,0.613407053921902,0,460.9356994628906
49111.0,8.0,108,52,5,35.850148096514616,-5.188089250230314,0.4308640753373011,0,460.9356994628906
49111.0,8.0,108,53,4,46.94009317590701,-5.222678315818106,0.3414213562373095,0,460.9356994628906
49111.0,8.0,108,54,5,38.9283588205904,-5.0825695740654755,0.482842712474619,0,460.9356994628906
49111.0,8.0,108,56,4,45.98454888151391,-5.071733781298642,0.4242640687119285,0,460.9356994628906
49111.0,8.0,108,57,4,39.072029751961296,-4.901049059456589,0.4242640687119285,0,460.9356994628906
49111.0,8.0,108,58,2,53.04470144329258,-5.063781699214977,0.382842712474619,0,460.9356994628906
49111.0,8.0,108,59,2,46.10623736881869,-4.918037831736816,0.4242640687119285,0,460.9356994628906
49111.0,8.0,108,60,5,40.47011116134548,-4.726516305630012,0.482842712474619,0,460.9356994628906
49111.0,8.0,108,61,5,38.325608722661705,-4.611766102282177,0.37888543819998316,0,460.9356994628906
49111.0,8.0,108,62,2,53.150228030381555,-4.930526416733066,0.4242640687119285,0,460.9356994628906
49111.0,8.0,108,63,4,47.29684463876384,-4.768638804126391,0.4242640687119285,0,460.9356994628906
49111.0,8.0,108,64,1,60.20056773032345,-4.940091035435332,0.3414213562373095,0,460.9356994628906
49111.0,8.0,108,65,2,54.18628173398751,-4.800094721610101,0.382842712474619,0,460.9356994628906
49111.0,8.0,108,66,4,49.47926738803713,-4.629493117866019,0.3414213562373095,0,460.9356994628906
49111.0,8.0,109,1,1,14.304191624822046,-2.572510792098398,0.613407053921902,0,461.5122985839844
49111.0,8.0,109,2,4,8.210138135554228,-2.603464309230984,0.6466890965784271,0,461.5122985839844
49111.0,8.0,109,3,2,12.763397562101732,-2.805619484360378,0.8513997106635237,0,461.5122985839844
49111.0,8.0,109,4,1,17.561385664338875,-2.899625211563668,0.682842712474619,0,461.5122985839844
49111.0,8.0,109,5,4,9.701321675857134,-2.964617979269051,0.848528137423857,0,461.5122985839844
49111.0,8.0,109,6,2,14.649695948443368,-3.024741555692711,0.848528137423857,0,461.5122985839844
49111.0,8.0,109,9,2,12.075798785671658,-3.207230458581917,0.848528137423857,0,461.5122985839844
49111.0,8.0,109,10,2,17.068182839289356,-3.1880149624525975,0.8513997106635237,0,461.5122985839844
49111.0,8.0,109,11,1,20.56505360610031,-3.180117029316164,0.613407053921902,0,461.5122985839844
49111.0,8.0,109,13,4,14.917579909811199,-3.3641075814816075,0.848528137423857,0,461.5122985839844
49111.0,8.0,109,14,5,9.124010421542227,-3.8293618921772525,0.39440356905077983,0,461.5122985839844
49111.0,8.0,109,16,4,18.006761630542464,-3.4690750823792063,0.6466890965784271,0,461.5122985839844
49111.0,8.0,109,18,1,22.892693695160464,-0.6695485657926912,0.37888543819998316,0,461.5122985839844
49111.0,8.0,109,19,1,29.42788006903384,-0.31824326328068864,0.3414213562373095,0,461.5122985839844
49111.0,8.0,109,20,2,20.174142450280367,-0.4739707214798994,0.482842712474619,0,461.5122985839844
49111.0,8.0,109,21,4,12.16519304618589,-0.8585697984296243,0.3414213562373095,0,461.5122985839844
49111.0,8.0,109,22,2,23.332781091515567,-0.18133674210972517,0.4242640687119285,0,461.5122985839844
49111.0,8.0,109,23,4,13.616701939579627,-0.3141706778949267,0.4242640687119285,0,461.5122985839844
49111.0,8.0,109,24,1,32.95972351524791,-6.25915184849305,0.37888543819998316,0,461.5122985839844
49111.0,8.0,109,25,2,27.961425631125614,-6.25485463929834,0.482842712474619,0,461.5122985839844
49111.0,8.0,109,26,2,17.967671567894758,-6.239088516418493,0.4242640687119285,0,461.5122985839844
49111.0,8.0,109,27,5,7.989563180706365,-6.183885375411148,0.382842712474619,1,461.5122985839844
49111.0,8.0,109,29,4,23.669809281701358,-6.035972524693504,0.4242640687119285,0,461.5122985839844
49111.0,8.0,109,30,4,14.186464312113884,-5.862615444151395,0.4242640687119285,0,461.5122985839844
49111.0,8.0,109,31,4,29.961350458423894,-5.914703694848834,0.3414213562373095,0,461.5122985839844
49111.0,8.0,109,32,5,20.944651334869793,-5.741867692526654,0.482842712474619,0,461.5122985839844
49111.0,8.0,109,33,5,13.404264910319704,-5.347305263144616,0.3414213562373095,0,461.5122985839844
49111.0,8.0,109,34,5,23.90813707763588,-5.56165984214592,0.4308640753373011,0,461.5122985839844
49111.0,8.0,109,35,5,18.67391078041956,-4.325271169207911,0.4815389220537701,0,461.5122985839844
49111.0,8.0,109,36,5,20.89285557314563,-4.614121051953646,0.43175884674785275,0,461.5122985839844
49111.0,8.0,109,38,4,24.03138182142441,-4.187150741303539,0.6466890965784271,0,461.5122985839844
49111.0,8.0,109,40,4,25.17376883141018,-4.323289898587936,0.848528137423857,0,461.5122985839844
49111.0,8.0,109,43,2,26.73817424783281,-4.445574170712831,0.848528137423857,0,461.5122985839844
49111.0,8.0,109,44,2,28.46801558294593,-4.2753320843175135,0.8513997106635237,0,461.5122985839844
49111.0,8.0,109,45,1,30.116880243763962,-4.169846622777417,0.613407053921902,0,461.5122985839844
49111.0,8.0,109,46,4,28.65556293353283,-4.552938911092353,0.848528137423857,0,461.5122985839844
49111.0,8.0,109,47,2,29.860328801958012,-4.386854264537704,0.848528137423857,0,461.5122985839844
49111.0,8.0,109,48,4,30.860210821830947,-4.6459181074624425,0.6466890965784271,0,461.5122985839844
49111.0,8.0,109,49,2,31.588772706315044,-4.487319523108064,0.8513997106635237,0,461.5122985839844
49111.0,8.0,109,50,1,33.065820876164814,-4.339380755823417,0.682842712474619,0,461.5122985839844
49111.0,8.0,109,51,1,35.0092127929188,-4.509632908565919,0.613407053921902,0,461.5122985839844
49111.0,8.0,109,52,5,30.96807498672479,-5.547084925090973,0.4308640753373011,0,461.5122985839844
49111.0,8.0,109,53,4,41.84431107235975,-5.619046120060961,0.3414213562373095,0,461.5122985839844
49111.0,8.0,109,54,5,34.52451690273413,-5.439549365204535,0.482842712474619,0,461.5122985839844
49111.0,8.0,109,55,5,28.86066814219552,-5.1777155435751,0.3414213562373095,0,461.5122985839844
49111.0,8.0,109,56,4,41.58563354365972,-5.449446467250271,0.4242640687119285,0,461.5122985839844
49111.0,8.0,109,57,4,35.64212136607923,-5.2401767349437804,0.4242640687119285,0,461.5122985839844
49111.0,8.0,109,58,2,48.649640975940805,-5.45646994966392,0.382842712474619,0,461.5122985839844
49111.0,8.0,109,59,2,42.51803694121712,-5.282559671053027,0.4242640687119285,0,461.5122985839844
49111.0,8.0,109,60,5,38.062834413394235,-5.059552887783639,0.482842712474619,0,461.5122985839844
49111.0,8.0,109,61,5,36.66438752665659,-4.930962449206238,0.37888543819998316,0,461.5122985839844
49111.0,8.0,109,62,2,49.44902542209589,-5.313104264653558,0.4242640687119285,0,461.5122985839844
49111.0,8.0,109,63,4,44.56682637839328,-5.12693074359419,0.4242640687119285,0,461.5122985839844
49111.0,8.0,109,64,1,56.414792076683824,-5.336123208074289,0.3414213562373095,0,461.5122985839844
49111.0,8.0,109,65,2,51.22133015943878,-5.176982596137048,0.382842712474619,0,461.5122985839844
49111.0,8.0,109,66,4,47.5880296035568,-4.987996487997911,0.3414213562373095,0,461.5122985839844
49111.0,8.0,110,1,1,17.99222283073336,3.361065401870696,0.613407053921902,0,461.9195861816406
49111.0,8.0,110,2,4,11.98628774100051,3.287117835225732,0.6466890965784271,0,461.9195861816406
49111.0,8.0,110,3,2,16.71765367319436,3.1728368985623012,0.8513997106635237,0,461.9195861816406
49111.0,8.0,110,4,1,21.570553884026218,3.109429123632504,0.682842712474619,0,461.9195861816406
49111.0,8.0,110,5,4,13.73773709398821,3.047204833002713,0.848528137423857,0,461.9195861816406
49111.0,8.0,110,6,2,18.695835659053845,3.0068958334527016,0.848528137423857,0,461.9195861816406
49111.0,8.0,110,9,2,16.086632559893328,2.869215228601138,0.848528137423857,0,461.9195861816406
49111.0,8.0,110,10,2,21.0852696839246,2.875553592164076,0.8513997106635237,0,461.9195861816406
49111.0,8.0,110,11,1,24.584645472583016,2.87845677294831,0.613407053921902,0,461.9195861816406
49111.0,8.0,110,13,4,18.8104777656098,2.7395474139878497,0.848528137423857,0,461.9195861816406
49111.0,8.0,110,14,5,12.339801431561282,2.440306578292849,0.39440356905077983,0,461.9195861816406
49111.0,8.0,110,16,4,21.76897793705486,2.643849011917079,0.6466890965784271,0,461.9195861816406
49111.0,8.0,110,18,1,20.150117508732002,5.229298444466068,0.37888543819998316,0,461.9195861816406
49111.0,8.0,110,19,1,25.762556886734668,5.656948181708352,0.3414213562373095,0,461.9195861816406
49111.0,8.0,110,20,2,16.891626280375117,5.435222115915803,0.482842712474619,0,461.9195861816406
49111.0,8.0,110,21,4,10.34140896829241,4.855430061425721,0.3308640753373011,0,461.9195861816406
49111.0,8.0,110,22,2,19.463247176388656,5.800524692032038,0.4242640687119285,0,461.9195861816406
49111.0,8.0,110,23,4,10.02176090828455,5.5640337486178275,0.4242640687119285,0,461.9195861816406
49111.0,8.0,110,24,1,28.922311324922372,-0.23077791858002472,0.37888543819998316,0,461.9195861816406
49111.0,8.0,110,25,2,23.92297939017092,-0.22767070592809402,0.482842712474619,0,461.9195861816406
49111.0,8.0,110,26,2,13.92575469969804,-0.2147636679615732,0.4242640687119285,0,461.9195861816406
49111.0,8.0,110,29,4,19.682926515371225,0.033852222801507015,0.4242640687119285,0,461.9195861816406
49111.0,8.0,110,30,4,10.441996804401114,0.3012216655244133,0.4242640687119285,1,461.9195861816406
49111.0,8.0,110,31,4,26.09422442731045,0.16554930906869192,0.3414213562373095,0,461.9195861816406
49111.0,8.0,110,32,5,17.39328173509717,0.39742558561507346,0.482842712474619,0,461.9195861816406
49111.0,8.0,110,33,5,11.141990422275732,0.9657188964405321,0.3308640753373011,0,461.9195861816406
49111.0,8.0,110,34,5,20.78042473811871,0.5911866724531389,0.4308640753373011,0,461.9195861816406
49111.0,8.0,110,35,5,20.233888547797974,1.904692097316234,0.4815389220537701,0,461.9195861816406
49111.0,8.0,110,36,5,21.31575138680329,1.6144461343311924,0.43175884674785275,0,461.9195861816406
49111.0,8.0,110,38,4,25.999595347574655,1.9919900978562017,0.6466890965784271,0,461.9195861816406
49111.0,8.0,110,40,4,26.650036291988357,1.859872118200713,0.848528137423857,0,461.9195861816406
49111.0,8.0,110,43,2,27.739320656623285,1.736084209982971,0.848528137423857,0,461.9195861816406
49111.0,8.0,110,44,2,30.08785072114286,1.8890250435508973,0.8513997106635237,0,461.9195861816406
49111.0,8.0,110,45,1,32.095092403458565,1.9813249140916516,0.613407053921902,0,461.9195861816406
49111.0,8.0,110,46,4,29.218408351887312,1.6232262801492077,0.848528137423857,0,461.9195861816406
49111.0,8.0,110,47,2,31.056790515834823,1.7777363880763426,0.848528137423857,0,461.9195861816406
49111.0,8.0,110,48,4,31.031610701739428,1.5223851827541837,0.6466890965784271,0,461.9195861816406
49111.0,8.0,110,49,2,32.38471419159229,1.6743701274001248,0.8513997106635237,0,461.9195861816406
49111.0,8.0,110,50,1,34.41770712580849,1.8113030053418138,0.682842712474619,0,461.9195861816406
49111.0,8.0,110,51,1,35.69355089112352,1.6408122729801566,0.613407053921902,0,461.9195861816406
49111.0,8.0,110,52,5,27.844514801841274,0.5781305557326206,0.4308640753373011,0,461.9195861816406
49111.0,8.0,110,53,4,38.509727424074164,0.4756423652355184,0.3414213562373095,0,461.9195861816406
49111.0,8.0,110,54,5,31.69569067444515,0.6855210975766375,0.482842712474619,0,461.9195861816406
49111.0,8.0,110,55,5,26.948738530471672,0.9878240925231259,0.3414213562373095,0,461.9195861816406
49111.0,8.0,110,56,4,38.70539703430842,0.6589818899197462,0.4242640687119285,0,461.9195861816406
49111.0,8.0,110,57,4,33.46229909371247,0.8961484155868888,0.4242640687119285,0,461.9195861816406
49111.0,8.0,110,58,2,45.73399951717313,0.6405901637850917,0.382842712474619,0,461.9195861816406
49111.0,8.0,110,59,2,40.16486540361379,0.8346857746538432,0.4242640687119285,0,461.9195861816406
49111.0,8.0,110,60,5,36.53538167234648,1.0785362399038338,0.482842712474619,0,461.9195861816406
49111.0,8.0,110,61,5,35.646079229991635,1.2149832222604966,0.37888543819998316,0,461.9195861816406
49111.0,8.0,110,62,2,46.97560393591288,0.790917460337651,0.4242640687119285,0,461.9195861816406
49111.0,8.0,110,63,4,42.75891797271504,0.9935837608808031,0.4242640687119285,0,461.9195861816406
49111.0,8.0,110,64,1,53.85348937067212,0.7582789199268212,0.3414213562373095,0,461.9195861816406
49111.0,8.0,110,65,2,49.21194995578528,0.9305483955714575,0.382842712474619,0,461.9195861816406
49111.0,8.0,110,66,4,46.297232309332855,1.1312901360667815,0.3414213562373095,0,461.9195861816406
49111.0,8.0,111,1,1,25.427898533517276,2.90504024726268,0.613407053921902,0,462.598388671875
49111.0,8.0,111,2,4,19.339987687312544,2.885522010040256,0.6466890965784271,0,462.598388671875
49111.0,8.0,111,3,2,23.790083116537254,2.7791958131162824,0.8513997106635237,0,462.598388671875
49111.0,8.0,111,4,1,28.423599097195645,2.706922669949436,0.682842712474619,0,462.598388671875
49111.0,8.0,111,5,4,20.522500818211824,2.7180823922869957,0.848528137423857,0,462.598388671875
49111.0,8.0,111,6,2,25.260759505205996,2.647948577785777,0.848528137423857,0,462.598388671875
49111.0,8.0,111,9,2,22.2106045825324,2.5724496391637,0.848528137423857,0,462.598388671875
49111.0,8.0,111,10,2,27.115381001711178,2.532873366439759,0.8513997106635237,0,462.598388671875
49111.0,8.0,111,11,1,30.567089140616652,2.512747472998396,0.613407053921902,0,462.598388671875
49111.0,8.0,111,13,4,24.299153730319777,2.4495769642866563,0.848528137423857,0,462.598388671875
49111.0,8.0,111,14,5,16.69493714289208,2.3421649220219805,0.39440356905077983,0,462.598388671875
49111.0,8.0,111,16,4,26.694321270596447,2.3474220955165057,0.6466890965784271,0,462.598388671875
49111.0,8.0,111,18,1,21.440258080394777,4.324842992902378,0.37888543819998316,0,462.598388671875
49111.0,8.0,111,19,1,23.51938999827784,4.819055125867163,0.3414213562373095,0,462.598388671875
49111.0,8.0,111,20,2,16.941887963972373,4.439435965885844,0.482842712474619,0,462.598388671875
49111.0,8.0,111,21,4,14.862483967240877,3.8128166950903384,0.3308640753373011,0,462.598388671875
49111.0,8.0,111,22,2,16.505681993401552,4.864678427721327,0.4242640687119285,0,462.598388671875
49111.0,8.0,111,23,4,10.3103540172004,4.253481803113827,0.4242640687119285,0,462.598388671875
49111.0,8.0,111,24,1,23.788959149245233,5.2960939979115516,0.37888543819998316,0,462.598388671875
49111.0,8.0,111,25,2,18.916857782169018,5.243118344800159,0.482842712474619,0,462.598388671875
49111.0,8.0,111,26,2,9.57670978173134,4.976921114503216,0.4242640687119285,0,462.598388671875
49111.0,8.0,111,29,4,13.30876930925685,-0.7677885668490432,0.4242640687119285,0,462.598388671875
49111.0,8.0,111,31,4,19.040307529305437,-0.506901988014183,0.3414213562373095,0,462.598388671875
49111.0,8.0,111,32,5,9.818308036684606,-0.2231151671603575,0.4414213562373095,1,462.598388671875
49111.0,8.0,111,33,5,5.501366611663481,1.0982773033131663,0.2601533972186464,0,462.598388671875
49111.0,8.0,111,34,5,13.181125670180219,0.10359564724506765,0.4308640753373011,0,462.598388671875
49111.0,8.0,111,35,5,20.404891546729473,1.7435063329634741,0.4815389220537701,0,462.598388671875
49111.0,8.0,111,36,5,19.20460098383569,1.440050306917792,0.5276927682076162,0,462.598388671875
49111.0,8.0,111,38,4,26.508160268887824,1.7439591459455819,0.6466890965784271,0,462.598388671875
49111.0,8.0,111,40,4,26.13211713548669,1.6102901248810997,0.848528137423857,0,462.598388671875
49111.0,8.0,111,41,5,21.830175182892052,1.1701442400474642,0.613407053921902,0,462.598388671875
49111.0,8.0,111,42,5,23.37005777010834,1.3094098124743971,0.7685569981889047,0,462.598388671875
49111.0,8.0,111,43,2,26.231517895931056,1.47520281388935,0.848528137423857,0,462.598388671875
49111.0,8.0,111,44,2,29.665223108395818,1.605584952139163,0.8513997106635237,0,462.598388671875
49111.0,8.0,111,45,1,32.31297748170766,1.679533100373805,0.613407053921902,0,462.598388671875
49111.0,8.0,111,46,4,26.80107304318813,1.343507173530454,0.848528137423857,0,462.598388671875
49111.0,8.0,111,47,2,29.75282250833785,1.4865456926577045,0.848528137423857,0,462.598388671875
49111.0,8.0,111,48,4,27.811912940465987,1.219334946434346,0.682842712474619,0,462.598388671875
49111.0,8.0,111,49,2,30.25616354322553,1.369842138114266,0.8513997106635237,0,462.598388671875
49111.0,8.0,111,50,1,33.277144758839505,1.495486919849844,0.682842712474619,0,462.598388671875
49111.0,8.0,111,51,1,33.231392736617444,1.311699815119369,0.613407053921902,0,462.598388671875
49111.0,8.0,111,52,5,20.227507118194083,0.06743943683569142,0.4308640753373011,0,462.598388671875
49111.0,8.0,111,53,4,30.864689915075292,-0.07044250217114723,0.3414213562373095,0,462.598388671875
49111.0,8.0,111,54,5,24.21765772006968,0.2036812701115447,0.482842712474619,0,462.598388671875
49111.0,8.0,111,55,5,20.502702439901693,0.623413629216746,0.3414213562373095,0,462.598388671875
49111.0,8.0,111,56,4,31.175389584253136,0.15778681695900065,0.4242640687119285,0,462.598388671875
49111.0,8.0,111,57,4,26.56634671200877,0.4673917728586443,0.4242640687119285,0,462.598388671875
49111.0,8.0,111,58,2,38.17479385685622,0.1286780037738251,0.382842712474619,0,462.598388671875
49111.0,8.0,111,59,2,33.03302510982255,0.37079549834275727,0.4242640687119285,0,462.598388671875
49111.0,8.0,111,60,5,30.414578902211808,0.6764662118670148,0.482842712474619,0,462.598388671875
49111.0,8.0,111,61,5,30.281670045511323,0.8413499293863083,0.37888543819998316,0,462.598388671875
49111.0,8.0,111,62,2,39.70630577363847,0.3062213041042541,0.4242640687119285,0,462.598388671875
49111.0,8.0,111,63,4,36.20022900593829,0.5538740725454738,0.4242640687119285,0,462.598388671875
49111.0,8.0,111,64,1,46.49731915361556,0.2603617525922499,0.3414213562373095,0,462.598388671875
49111.0,8.0,111,65,2,42.3776657021819,0.46599648064570043,0.382842712474619,0,462.598388671875
49111.0,8.0,111,66,4,40.36994441733335,0.7034006707614779,0.3414213562373095,0,462.598388671875
49111.0,8.0,112,1,1,32.471243152032606,2.957019824173705,0.613407053921902,0,463.2161865234375
49111.0,8.0,112,2,4,26.36833337148808,2.9547292764349455,0.6466890965784271,0,463.2161865234375
49111.0,8.0,112,3,2,30.62896505863767,2.862621403584481,0.8513997106635237,0,463.2161865234375
49111.0,8.0,112,4,1,35.085296013238406,2.793440455369457,0.682842712474619,0,463.2161865234375
49111.0,8.0,112,5,4,27.247511321115557,2.8268838021009817,0.848528137423857,0,463.2161865234375
49111.0,8.0,112,6,2,31.784766303492557,2.7554831962980195,0.848528137423857,0,463.2161865234375
49111.0,8.0,112,9,2,28.540580610749824,2.7088161254927376,0.848528137423857,0,463.2161865234375
49111.0,8.0,112,10,2,33.27775889948156,2.656901764396947,0.8513997106635237,0,463.2161865234375
49111.0,8.0,112,11,1,36.63537067389035,2.628600186440037,0.613407053921902,0,463.2161865234375
49111.0,8.0,112,13,4,30.194413556204356,2.6023177344583597,0.848528137423857,0,463.2161865234375
49111.0,8.0,112,14,5,22.319307490620197,2.57555379993441,0.39440356905077983,0,463.2161865234375
49111.0,8.0,112,16,4,32.15338984317961,2.5078237150093847,0.6466890965784271,0,463.2161865234375
49111.0,8.0,112,18,1,25.063998959711757,4.055634480396403,0.37888543819998316,0,463.2161865234375
49111.0,8.0,112,19,1,23.852595107058324,4.514208702023045,0.3414213562373095,0,463.2161865234375
49111.0,8.0,112,20,2,20.11554833674423,4.087529048340544,0.482842712474619,0,463.2161865234375
49111.0,8.0,112,21,4,20.983905175980098,3.597753844010416,0.3308640753373011,0,463.2161865234375
49111.0,8.0,112,22,2,16.97710311419588,4.4321143127803975,0.4242640687119285,0,463.2161865234375
49111.0,8.0,112,23,4,14.963656695362612,3.807449607561145,0.4242640687119285,0,463.2161865234375
49111.0,8.0,112,24,1,20.711452861614273,5.001779368739404,0.37888543819998316,0,463.2161865234375
49111.0,8.0,112,25,2,16.486624136316852,4.85694003309956,0.482842712474619,0,463.2161865234375
49111.0,8.0,112,26,2,10.36811298929638,4.242324974105946,0.4242640687119285,0,463.2161865234375
49111.0,8.0,112,29,4,9.543820630175437,4.963873070831074,0.4242640687119285,0,463.2161865234375
49111.0,8.0,112,31,4,13.216325415300133,-0.7745731057385878,0.3308640753373011,0,463.2161865234375
49111.0,8.0,112,33,5,6.785959075648044,2.335097218185809,0.2308640753373011,0,463.2161865234375
49111.0,8.0,112,34,5,6.065598904081986,0.22664086682985385,0.32030679443729265,1,463.2161865234375
49111.0,8.0,112,35,5,22.7748400925762,2.0601999646080897,0.613407053921902,0,463.2161865234375
49111.0,8.0,112,36,5,19.61123948642522,1.81260245364634,0.682842712474619,0,463.2161865234375
49111.0,8.0,112,37,5,24.030089678718205,1.9204283765925823,0.8513997106635237,0,463.2161865234375
49111.0,8.0,112,38,4,28.640700161493164,1.994184239393931,0.682842712474619,0,463.2161865234375
49111.0,8.0,112,39,4,23.059457552126247,1.775879444493464,0.848528137423857,0,463.2161865234375
49111.0,8.0,112,40,4,27.37851490442145,1.8761778030586227,0.848528137423857,0,463.2161865234375
49111.0,8.0,112,41,5,20.144250003116632,1.5055019557339886,0.613407053921902,0,463.2161865234375
49111.0,8.0,112,42,5,22.6060159079256,1.6221543900806275,0.8513997106635237,0,463.2161865234375
49111.0,8.0,112,43,2,26.530670006667766,1.7487368851997558,0.848528137423857,0,463.2161865234375
49111.0,8.0,112,44,2,30.768830767125618,1.8416230343348015,0.8513997106635237,0,463.2161865234375
49111.0,8.0,112,45,1,33.8594461534346,1.8925186293039487,0.613407053921902,0,463.2161865234375
49111.0,8.0,112,46,4,26.137517549181553,1.6152097483906367,0.848528137423857,0,463.2161865234375
49111.0,8.0,112,47,2,30.016900562967674,1.7278865915271755,0.848528137423857,0,463.2161865234375
49111.0,8.0,112,48,4,26.219519375168694,1.4800883702614436,0.682842712474619,0,463.2161865234375
49111.0,8.0,112,49,2,29.669979643372894,1.609918536429737,0.8513997106635237,0,463.2161865234375
49111.0,8.0,112,50,1,33.51346278455089,1.711381066543232,0.682842712474619,0,463.2161865234375
49111.0,8.0,112,51,1,32.149021147820115,1.5298995217251714,0.613407053921902,0,463.2161865234375
49111.0,8.0,112,52,5,13.052901414143392,0.10460746693399603,0.4308640753373011,0,463.2161865234375
49111.0,8.0,112,53,4,23.687981864569576,-0.09184814952324416,0.3414213562373095,0,463.2161865234375
49111.0,8.0,112,54,5,17.228159401480124,0.2883061502304476,0.482842712474619,0,463.2161865234375
49111.0,8.0,112,55,5,15.247900442665504,0.9026916621849805,0.3414213562373095,0,463.2161865234375
49111.0,8.0,112,56,4,24.09141385691081,0.20475442929378218,0.4242640687119285,0,463.2161865234375
49111.0,8.0,112,57,4,20.398166907141064,0.6270941791468356,0.4242640687119285,0,463.2161865234375
49111.0,8.0,112,58,2,31.048075091494802,0.1584300584630065,0.382842712474619,0,463.2161865234375
49111.0,8.0,112,59,2,26.451312981281873,0.46957852444132375,0.4242640687119285,0,463.2161865234375
49111.0,8.0,112,60,5,25.20636725076348,0.8562465384281666,0.482842712474619,0,463.2161865234375
49111.0,8.0,112,61,5,26.042377882092048,1.0489500270191958,0.37888543819998316,0,463.2161865234375
49111.0,8.0,112,62,2,32.91289570511651,0.3722056706977017,0.4242640687119285,0,463.2161865234375
49111.0,8.0,112,63,4,30.314150082799745,0.679119493967069,0.4242640687119285,0,463.2161865234375
49111.0,8.0,112,64,1,39.583398653450956,0.307193972250686,0.3414213562373095,0,463.2161865234375
49111.0,8.0,112,65,2,36.09064200737711,0.5557438149737652,0.382842712474619,0,463.2161865234375
49111.0,8.0,112,66,4,35.1883991117994,0.8361267312937501,0.3414213562373095,0,463.2161865234375
49111.0,8.0,113,1,1,35.06974939330612,2.9708377150303056,0.613407053921902,0,463.4447937011719
49111.0,8.0,113,2,4,28.966528346846747,2.971663577237307,0.6466890965784271,0,463.4447937011719
49111.0,8.0,113,3,2,33.174867939165246,2.884538200214077,0.8513997106635237,0,463.4447937011719
49111.0,8.0,113,4,1,37.57770563902794,2.8174127102956614,0.682842712474619,0,463.4447937011719
49111.0,8.0,113,5,4,29.769071670186374,2.8543398235221664,0.848528137423857,0,463.4447937011719
49111.0,8.0,113,6,2,34.244849633442264,2.784520922136195,0.848528137423857,0,463.4447937011719
49111.0,8.0,113,9,2,30.95699422974895,2.7445912211030774,0.848528137423857,0,463.4447937011719
49111.0,8.0,113,10,2,35.6349209351317,2.691429091162687,0.8513997106635237,0,463.4447937011719
49111.0,8.0,113,11,1,38.95710537080177,2.661867269790558,0.613407053921902,0,463.4447937011719
49111.0,8.0,113,13,4,32.48804942400708,2.64406016309686,0.848528137423857,0,463.4447937011719
49111.0,8.0,113,14,5,24.588351355631545,2.6331680524307726,0.39440356905077983,0,463.4447937011719
49111.0,8.0,113,16,4,34.3163404082187,2.553398976291815,0.6466890965784271,0,463.4447937011719
49111.0,8.0,113,18,1,26.757653390898742,3.977417487337109,0.37888543819998316,0,463.4447937011719
49111.0,8.0,113,19,1,24.50941548308272,4.4084081763988525,0.3414213562373095,0,463.4447937011719
49111.0,8.0,113,20,2,21.765469072527033,3.988997473685761,0.482842712474619,0,463.4447937011719
49111.0,8.0,113,21,4,23.382896325559983,3.5480007132601257,0.3308640753373011,0,463.4447937011719
49111.0,8.0,113,22,2,17.88818533542205,4.289811913470321,0.4242640687119285,0,463.4447937011719
49111.0,8.0,113,23,4,17.117574922259415,3.712035161576788,0.4242640687119285,0,463.4447937011719
49111.0,8.0,113,24,1,20.117818145348377,4.875677526861239,0.37888543819998316,0,463.4447937011719
49111.0,8.0,113,25,2,16.316822767980486,4.696141535770494,0.482842712474619,0,463.4447937011719
49111.0,8.0,113,26,2,11.800970378169849,4.0415336472146866,0.4242640687119285,0,463.4447937011719
49111.0,8.0,113,29,4,9.247401392484274,4.683719870215906,0.4242640687119285,0,463.4447937011719
49111.0,8.0,113,31,4,11.478935628402049,5.347058209710367,0.3308640753373011,0,463.4447937011719
49111.0,8.0,113,33,5,8.821244606658949,2.5528535036667575,0.2046669094406771,0,463.4447937011719
49111.0,8.0,113,35,5,24.128683532161382,2.1569222504124883,0.613407053921902,0,463.4447937011719
49111.0,8.0,113,36,5,20.40504376262342,1.9385528586208456,0.682842712474619,1,463.4447937011719
49111.0,8.0,113,37,5,25.05749207855716,2.0195761114657014,0.8513997106635237,0,463.4447937011719
49111.0,8.0,113,38,4,29.822642531796756,2.074980991625554,0.682842712474619,0,463.4447937011719
49111.0,8.0,113,39,4,23.738232339215863,1.8849801555278396,0.848528137423857,0,463.4447937011719
49111.0,8.0,113,40,4,28.28455007425382,1.9653164530039526,0.848528137423857,0,463.4447937011719
49111.0,8.0,113,41,5,20.144998662089012,1.6366503188694987,0.613407053921902,0,463.4447937011719
49111.0,8.0,113,42,5,22.893873414392612,1.737575180923797,0.8513997106635237,0,463.4447937011719
49111.0,8.0,113,43,2,27.12271258975788,1.8446845445636426,0.848528137423857,0,463.4447937011719
49111.0,8.0,113,44,2,31.577739572980658,1.9222682884263116,0.8513997106635237,0,463.4447937011719
49111.0,8.0,113,45,1,34.784509560401354,1.964584799931589,0.613407053921902,0,463.4447937011719
49111.0,8.0,113,46,4,26.386877487687883,1.7153300661703121,0.848528137423857,0,463.4447937011719
49111.0,8.0,113,47,2,30.541437455735895,1.8133682694519164,0.848528137423857,0,463.4447937011719
49111.0,8.0,113,48,4,26.113082331924904,1.5809445051849451,0.682842712474619,0,463.4447937011719
49111.0,8.0,113,49,2,29.889884027648325,1.698292212227369,0.8513997106635237,0,463.4447937011719
49111.0,8.0,113,50,1,33.984073703701924,1.7883762121804045,0.682842712474619,0,463.4447937011719
49111.0,8.0,113,51,1,32.149490003078206,1.6120416996331297,0.613407053921902,0,463.4447937011719
49111.0,8.0,113,52,5,10.430978831954716,0.13104083043923387,0.37888543819998316,0,463.4447937011719
49111.0,8.0,113,53,4,21.060502171780882,-0.10334298446482615,0.3414213562373095,0,463.4447937011719
49111.0,8.0,113,54,5,14.71628174344128,0.33933776310916963,0.482842712474619,0,463.4447937011719
49111.0,8.0,113,55,5,13.769282660222316,1.0537767406710952,0.3414213562373095,0,463.4447937011719
49111.0,8.0,113,56,4,21.51326286269986,0.22971090571311503,0.4242640687119285,0,463.4447937011719
49111.0,8.0,113,57,4,18.326065470372434,0.7117296627536747,0.4242640687119285,0,463.4447937011719
49111.0,8.0,113,58,2,28.444191140668753,0.17307609966862136,0.382842712474619,0,463.4447937011719
49111.0,8.0,113,59,2,24.12667002036656,0.5191161335451284,0.4242640687119285,0,463.4447937011719
49111.0,8.0,113,60,5,23.56099324936049,0.9409913061497286,0.482842712474619,0,463.4447937011719
49111.0,8.0,113,61,5,24.832086122772456,1.1412470208051373,0.37888543819998316,0,463.4447937011719
49111.0,8.0,113,62,2,30.468799400680894,0.4037240031106426,0.4242640687119285,0,463.4447937011719
49111.0,8.0,113,63,4,28.30851344637666,0.7377316794704389,0.4242640687119285,0,463.4447937011719
49111.0,8.0,113,64,1,37.07558856668644,0.32872966732019826,0.3414213562373095,0,463.4447937011719
49111.0,8.0,113,65,2,33.876591684981626,0.5968717174222289,0.382842712474619,0,463.4447937011719
49111.0,8.0,113,66,4,33.476075947095744,0.8946824676199214,0.3414213562373095,0,463.4447937011719
49111.0,8.0,114,1,1,31.56800009266104,1.139316555418253,0.613407053921902,0,465.3703002929687
49111.0,8.0,114,2,4,26.517366518840255,1.2578169528586978,0.6466890965784271,0,465.3703002929687
49111.0,8.0,114,3,2,28.409064709862328,1.0889879880965638,0.8513997106635237,0,465.3703002929687
49111.0,8.0,114,4,1,30.999664325340365,0.9447558396643658,0.682842712474619,0,465.3703002929687
49111.0,8.0,114,5,4,25.07073289696654,1.1326173383079923,0.848528137423857,0,465.3703002929687
49111.0,8.0,114,6,2,27.521734658005755,0.9665171812028541,0.848528137423857,0,465.3703002929687
49111.0,8.0,114,9,2,24.060602005926004,0.9945559407216089,0.848528137423857,0,465.3703002929687
49111.0,8.0,114,10,2,27.070589197174954,0.8379581630517405,0.8513997106635237,0,465.3703002929687
49111.0,8.0,114,11,1,29.50084339300234,0.7488013100113807,0.613407053921902,0,465.3703002929687
49111.0,8.0,114,12,4,20.62472446335867,1.031974829834349,0.848528137423857,0,465.3703002929687
49111.0,8.0,114,13,4,23.543225985070535,0.8474738622974535,0.848528137423857,0,465.3703002929687
49111.0,8.0,114,14,5,17.229217901325665,1.084241907520627,0.6466890965784271,0,465.3703002929687
49111.0,8.0,114,15,5,20.018745717102153,0.8603417417484435,0.8513997106635237,0,465.3703002929687
49111.0,8.0,114,16,4,23.55110211180425,0.6971859269613988,0.682842712474619,0,465.3703002929687
49111.0,8.0,114,17,5,17.48675235499415,0.7311011675031115,0.613407053921902,0,465.3703002929687
49111.0,8.0,114,18,1,39.242506950046966,2.0110942136168544,0.37888543819998316,0,465.3703002929687
49111.0,8.0,114,19,1,40.6694418665125,2.2895654956524383,0.3414213562373095,0,465.3703002929687
49111.0,8.0,114,20,2,34.81108965434592,2.0737583677890026,0.482842712474619,0,465.3703002929687
49111.0,8.0,114,21,4,31.13872868490587,1.7903006515689883,0.3308640753373011,0,465.3703002929687
49111.0,8.0,114,22,2,33.6116846279192,2.2778361267005316,0.4242640687119285,0,465.3703002929687
49111.0,8.0,114,23,4,28.063389045444424,2.0061132288203973,0.4242640687119285,0,465.3703002929687
49111.0,8.0,114,24,1,37.99703269382828,2.5666172306256003,0.37888543819998316,0,465.3703002929687
49111.0,8.0,114,25,2,33.87740728170458,2.487621202761565,0.482842712474619,0,465.3703002929687
49111.0,8.0,114,26,2,26.561008740628814,2.259875905329389,0.4242640687119285,0,465.3703002929687
49111.0,8.0,114,29,4,26.896478690035813,2.524907415727093,0.4242640687119285,0,465.3703002929687
49111.0,8.0,114,31,4,29.00610188438531,2.7671282905283228,0.3308640753373011,0,465.3703002929687
49111.0,8.0,114,33,5,12.528801575006327,2.1633656472241864,0.19720178452538992,0,465.3703002929687
49111.0,8.0,114,35,5,8.764841997876454,0.4396390885973815,0.6034068236642477,0,465.3703002929687
49111.0,8.0,114,37,5,7.896757757879914,0.029210536916899198,0.8513997106635237,1,465.3703002929687
49111.0,8.0,114,38,4,12.894301597266585,0.013681086584220065,0.682842712474619,0,465.3703002929687
49111.0,8.0,114,39,4,5.815967106899054,-0.3957580845661243,0.848528137423857,0,465.3703002929687
49111.0,8.0,114,40,4,10.61742454567805,-0.2180024010455698,0.848528137423857,0,465.3703002929687
49111.0,8.0,114,41,5,4.723261825707144,-1.711062624805051,0.6034068236642477,0,465.3703002929687
49111.0,8.0,114,42,5,5.503831728026111,-1.0287334861205641,0.8513997106635237,0,465.3703002929687
49111.0,8.0,114,43,2,9.175859321342164,-0.5465477380744188,0.848528137423857,0,465.3703002929687
49111.0,8.0,114,44,2,13.714978121735992,-0.35936668404206,0.8513997106635237,0,465.3703002929687
49111.0,8.0,114,45,1,17.046512437913552,-0.2891906790598641,0.613407053921902,0,465.3703002929687
49111.0,8.0,114,46,4,8.981262972820529,-0.9379102754587659,0.848528137423857,0,465.3703002929687
49111.0,8.0,114,47,2,12.631995692747527,-0.6157661008924445,0.848528137423857,0,465.3703002929687
49111.0,8.0,114,48,4,10.105927710450544,-1.2915801275972805,0.682842712474619,0,465.3703002929687
49111.0,8.0,114,49,2,12.491357231441553,-0.8979369023872504,0.8513997106635237,0,465.3703002929687
49111.0,8.0,114,50,1,16.12260016492756,-0.6551390865324335,0.682842712474619,0,465.3703002929687
49111.0,8.0,114,51,1,15.364580479869435,-1.042330583526217,0.613407053921902,0,465.3703002929687
49111.0,8.0,114,52,5,22.111838447284896,3.116443527103804,0.37888543819998316,0,465.3703002929687
49111.0,8.0,114,53,4,32.44938442448457,-3.0075930180094153,0.3414213562373095,0,465.3703002929687
49111.0,8.0,114,54,5,22.600243598626363,-2.9436827200141136,0.482842712474619,0,465.3703002929687
49111.0,8.0,114,55,5,12.98381576835261,-2.783380005641426,0.3414213562373095,0,465.3703002929687
49111.0,8.0,114,56,4,28.787226183170933,-2.8093576791171992,0.4242640687119285,0,465.3703002929687
49111.0,8.0,114,57,4,19.659930124756603,-2.637406748516368,0.4242640687119285,0,465.3703002929687
49111.0,8.0,114,58,2,35.30775795664223,-2.7235301738831725,0.382842712474619,0,465.3703002929687
49111.0,8.0,114,59,2,26.541406012381906,-2.566191098286805,0.4242640687119285,0,465.3703002929687
49111.0,8.0,114,60,5,19.03298963125269,-2.271259789888637,0.482842712474619,0,465.3703002929687
49111.0,8.0,114,61,5,16.314377858135057,-2.0325545160677163,0.37888543819998316,0,465.3703002929687
49111.0,8.0,114,62,2,33.50193447724911,-2.5244228124547425,0.4242640687119285,0,465.3703002929687
49111.0,8.0,114,63,4,26.080415543222518,-2.297191835663745,0.4242640687119285,0,465.3703002929687
49111.0,8.0,114,64,1,40.50077770020821,-2.4970553113355742,0.3414213562373095,0,465.3703002929687
49111.0,8.0,114,65,2,33.13791567843326,-2.3120849656766644,0.382842712474619,0,465.3703002929687
49111.0,8.0,114,66,4,27.494179687712506,-2.0377335246931687,0.3414213562373095,0,465.3703002929687
49111.0,8.0,115,1,1,28.195536789794705,1.1127103783825578,0.613407053921902,0,465.8121032714844
49111.0,8.0,115,2,4,23.727379693331567,1.2736249843020735,0.682842712474619,0,465.8121032714844
49111.0,8.0,115,3,2,24.859177100601936,1.0727570533634019,0.8513997106635237,0,465.8121032714844
49111.0,8.0,115,4,1,26.888079610241043,0.8957681908339106,0.682842712474619,0,465.8121032714844
49111.0,8.0,115,5,4,21.7439228704721,1.1446832418534094,0.848528137423857,0,465.8121032714844
49111.0,8.0,115,6,2,23.511450844314307,0.9374539567745859,0.848528137423857,0,465.8121032714844
49111.0,8.0,115,8,5,18.77811698427155,1.2399638551380454,0.765685424949238,0,465.8121032714844
49111.0,8.0,115,9,2,20.189299554034953,0.9929834549461674,0.848528137423857,0,465.8121032714844
49111.0,8.0,115,10,2,22.64062621682811,0.7887984988301113,0.8513997106635237,0,465.8121032714844
49111.0,8.0,115,11,1,24.81614500270786,0.6730656325808502,0.613407053921902,0,465.8121032714844
49111.0,8.0,115,12,4,16.953681374866758,1.0700286732222877,0.848528137423857,0,465.8121032714844
49111.0,8.0,115,13,4,19.168136350935956,0.8207068279437848,0.848528137423857,0,465.8121032714844
49111.0,8.0,115,14,5,13.86530951109466,1.182339344183293,0.682842712474619,0,465.8121032714844
49111.0,8.0,115,15,5,15.723770121889356,0.86665994481064,0.8513997106635237,0,465.8121032714844
49111.0,8.0,115,16,4,18.767713921881608,0.6352346964157274,0.682842712474619,0,465.8121032714844
49111.0,8.0,115,17,5,12.834614840362192,0.7274827933096293,0.613407053921902,0,465.8121032714844
49111.0,8.0,115,18,1,40.109594754207535,1.9809539042832638,0.37888543819998316,0,465.8121032714844
49111.0,8.0,115,19,1,42.87689871825014,2.2429129828080785,0.3414213562373095,0,465.8121032714844
49111.0,8.0,115,20,2,36.03343893816155,2.0571404673425704,0.482842712474619,0,465.8121032714844
49111.0,8.0,115,21,4,30.957858448629064,1.798445534661054,0.3308640753373011,0,465.8121032714844
49111.0,8.0,115,22,2,35.819655401275334,2.2541901411446994,0.4242640687119285,0,465.8121032714844
49111.0,8.0,115,23,4,29.03494430993884,2.0258989088560924,0.4242640687119285,0,465.8121032714844
49111.0,8.0,115,24,1,41.38473831516204,2.5067164497378562,0.37888543819998316,0,465.8121032714844
49111.0,8.0,115,25,2,36.98224850414059,2.44612047480442,0.482842712474619,0,465.8121032714844
49111.0,8.0,115,26,2,28.76920197775993,2.2709977708340863,0.4242640687119285,0,465.8121032714844
49111.0,8.0,115,29,4,30.20440321862099,2.506423698731306,0.4242640687119285,0,465.8121032714844
49111.0,8.0,115,31,4,33.12015949763735,2.7104507171341807,0.3308640753373011,0,465.8121032714844
49111.0,8.0,115,33,5,14.727712693395784,2.3528418142050223,0.19720178452538992,0,465.8121032714844
49111.0,8.0,115,35,5,3.6254389629974506,0.42622745949268387,0.47153869179611585,1,465.8121032714844
49111.0,8.0,115,38,4,8.13168727487804,-0.351325313241002,0.6466890965784271,0,465.8121032714844
49111.0,8.0,115,39,4,3.994207631908121,-1.6159723315306702,0.765685424949238,0,465.8121032714844
49111.0,8.0,115,40,4,6.77818807752938,-0.794894537638805,0.848528137423857,0,465.8121032714844
49111.0,8.0,115,41,5,8.487054434810892,-2.446402324592532,0.6034068236642477,0,465.8121032714844
49111.0,8.0,115,42,5,6.765588687227526,-2.0414843673248915,0.8513997106635237,0,465.8121032714844
49111.0,8.0,115,43,2,7.1248388958845545,-1.306770597444897,0.848528137423857,0,465.8121032714844
49111.0,8.0,115,44,2,10.283650533729634,-0.8500157501811787,0.8513997106635237,0,465.8121032714844
49111.0,8.0,115,45,1,13.19077577723068,-0.6824781446704749,0.613407053921902,0,465.8121032714844
49111.0,8.0,115,46,4,8.976793690971038,-1.6856160411495968,0.848528137423857,0,465.8121032714844
49111.0,8.0,115,47,2,10.515367990604313,-1.1909255333025976,0.848528137423857,0,465.8121032714844
49111.0,8.0,115,48,4,11.63625028298229,-1.914054438310288,0.682842712474619,0,465.8121032714844
49111.0,8.0,115,49,2,11.848732407130047,-1.4853420846108984,0.8513997106635237,0,465.8121032714844
49111.0,8.0,115,50,1,13.977932560409002,-1.1319747742337283,0.682842712474619,0,465.8121032714844
49111.0,8.0,115,51,1,15.260499693987706,-1.543425226106525,0.613407053921902,0,465.8121032714844
49111.0,8.0,115,52,5,27.04058736202738,-3.2579032986769514,0.37888543819998316,0,465.8121032714844
49111.0,8.0,115,53,4,37.56117965708429,-3.139106198814108,0.3414213562373095,0,465.8121032714844
49111.0,8.0,115,54,5,27.763690231071575,-3.0770921197413417,0.482842712474619,0,465.8121032714844
49111.0,8.0,115,55,5,18.18798431003381,-2.9487528942781824,0.3414213562373095,0,465.8121032714844
49111.0,8.0,115,56,4,33.99207976283292,-2.968064753757481,0.4242640687119285,0,465.8121032714844
49111.0,8.0,115,57,4,24.808098770722676,-2.831709965754764,0.4242640687119285,0,465.8121032714844
49111.0,8.0,115,58,2,40.49815400680247,-2.8933991919596074,0.382842712474619,0,465.8121032714844
49111.0,8.0,115,59,2,31.62405343996604,-2.764497902707012,0.4242640687119285,0,465.8121032714844
49111.0,8.0,115,60,5,23.665608675649242,-2.542710023947335,0.482842712474619,0,465.8121032714844
49111.0,8.0,115,61,5,20.372804740548933,-2.3711401843866704,0.37888543819998316,0,465.8121032714844
49111.0,8.0,115,62,2,38.53206129095255,-2.7212438443663567,0.4242640687119285,0,465.8121032714844
49111.0,8.0,115,63,4,30.73597282249027,-2.539011336758964,0.4242640687119285,0,465.8121032714844
49111.0,8.0,115,64,1,45.49020486528523,-2.691179170169821,0.3414213562373095,0,465.8121032714844
49111.0,8.0,115,65,2,37.806600173789185,-2.5366960912241874,0.382842712474619,0,465.8121032714844
49111.0,8.0,115,66,4,31.45344646800877,-2.312280369816093,0.3414213562373095,0,465.8121032714844
49111.0,8.0,116,1,1,28.195536789794705,1.1127103783825578,0.613407053921902,0,465.8398132324219
49111.0,8.0,116,2,4,23.727379693331567,1.2736249843020735,0.682842712474619,0,465.8398132324219
49111.0,8.0,116,3,2,24.859177100601936,1.0727570533634019,0.8513997106635237,0,465.8398132324219
49111.0,8.0,116,4,1,26.888079610241043,0.8957681908339106,0.682842712474619,0,465.8398132324219
49111.0,8.0,116,5,4,21.7439228704721,1.1446832418534094,0.848528137423857,0,465.8398132324219
49111.0,8.0,116,6,2,23.511450844314307,0.9374539567745859,0.848528137423857,0,465.8398132324219
49111.0,8.0,116,8,5,18.77811698427155,1.2399638551380454,0.765685424949238,0,465.8398132324219
49111.0,8.0,116,9,2,20.189299554034953,0.9929834549461674,0.848528137423857,0,465.8398132324219
49111.0,8.0,116,10,2,22.64062621682811,0.7887984988301113,0.8513997106635237,0,465.8398132324219
49111.0,8.0,116,11,1,24.81614500270786,0.6730656325808502,0.613407053921902,0,465.8398132324219
49111.0,8.0,116,12,4,16.953681374866758,1.0700286732222877,0.848528137423857,0,465.8398132324219
49111.0,8.0,116,13,4,19.168136350935956,0.8207068279437848,0.848528137423857,0,465.8398132324219
49111.0,8.0,116,14,5,13.86530951109466,1.182339344183293,0.682842712474619,0,465.8398132324219
49111.0,8.0,116,15,5,15.723770121889356,0.86665994481064,0.8513997106635237,0,465.8398132324219
49111.0,8.0,116,16,4,18.767713921881608,0.6352346964157274,0.682842712474619,0,465.8398132324219
49111.0,8.0,116,17,5,12.834614840362192,0.7274827933096293,0.613407053921902,1,465.8398132324219
49111.0,8.0,116,18,1,40.109594754207535,1.9809539042832638,0.37888543819998316,0,465.8398132324219
49111.0,8.0,116,19,1,42.87689871825014,2.2429129828080785,0.3414213562373095,0,465.8398132324219
49111.0,8.0,116,20,2,36.03343893816155,2.0571404673425704,0.482842712474619,0,465.8398132324219
49111.0,8.0,116,21,4,30.957858448629064,1.798445534661054,0.3308640753373011,0,465.8398132324219
49111.0,8.0,116,22,2,35.819655401275334,2.2541901411446994,0.4242640687119285,0,465.8398132324219
49111.0,8.0,116,23,4,29.03494430993884,2.0258989088560924,0.4242640687119285,0,465.8398132324219
49111.0,8.0,116,24,1,41.38473831516204,2.5067164497378562,0.37888543819998316,0,465.8398132324219
49111.0,8.0,116,25,2,36.98224850414059,2.44612047480442,0.482842712474619,0,465.8398132324219
49111.0,8.0,116,26,2,28.76920197775993,2.2709977708340863,0.4242640687119285,0,465.8398132324219
49111.0,8.0,116,29,4,30.20440321862099,2.506423698731306,0.4242640687119285,0,465.8398132324219
49111.0,8.0,116,31,4,33.12015949763735,2.7104507171341807,0.3308640753373011,0,465.8398132324219
49111.0,8.0,116,33,5,14.727712693395784,2.3528418142050223,0.19720178452538992,0,465.8398132324219
49111.0,8.0,116,38,4,8.13168727487804,-0.351325313241002,0.6466890965784271,0,465.8398132324219
49111.0,8.0,116,39,4,3.994207631908121,-1.6159723315306702,0.765685424949238,0,465.8398132324219
49111.0,8.0,116,40,4,6.77818807752938,-0.794894537638805,0.848528137423857,0,465.8398132324219
49111.0,8.0,116,41,5,8.487054434810892,-2.446402324592532,0.6034068236642477,0,465.8398132324219
49111.0,8.0,116,42,5,6.765588687227526,-2.0414843673248915,0.8513997106635237,0,465.8398132324219
49111.0,8.0,116,43,2,7.1248388958845545,-1.306770597444897,0.848528137423857,0,465.8398132324219
49111.0,8.0,116,44,2,10.283650533729634,-0.8500157501811787,0.8513997106635237,0,465.8398132324219
49111.0,8.0,116,45,1,13.19077577723068,-0.6824781446704749,0.613407053921902,0,465.8398132324219
49111.0,8.0,116,46,4,8.976793690971038,-1.6856160411495968,0.848528137423857,0,465.8398132324219
49111.0,8.0,116,47,2,10.515367990604313,-1.1909255333025976,0.848528137423857,0,465.8398132324219
49111.0,8.0,116,48,4,11.63625028298229,-1.914054438310288,0.682842712474619,0,465.8398132324219
49111.0,8.0,116,49,2,11.848732407130047,-1.4853420846108984,0.8513997106635237,0,465.8398132324219
49111.0,8.0,116,50,1,13.977932560409002,-1.1319747742337283,0.682842712474619,0,465.8398132324219
49111.0,8.0,116,51,1,15.260499693987706,-1.543425226106525,0.613407053921902,0,465.8398132324219
49111.0,8.0,116,52,5,27.04058736202738,-3.2579032986769514,0.37888543819998316,0,465.8398132324219
49111.0,8.0,116,53,4,37.56117965708429,-3.139106198814108,0.3414213562373095,0,465.8398132324219
49111.0,8.0,116,54,5,27.763690231071575,-3.0770921197413417,0.482842712474619,0,465.8398132324219
49111.0,8.0,116,55,5,18.18798431003381,-2.9487528942781824,0.3414213562373095,0,465.8398132324219
49111.0,8.0,116,56,4,33.99207976283292,-2.968064753757481,0.4242640687119285,0,465.8398132324219
49111.0,8.0,116,57,4,24.808098770722676,-2.831709965754764,0.4242640687119285,0,465.8398132324219
49111.0,8.0,116,58,2,40.49815400680247,-2.8933991919596074,0.382842712474619,0,465.8398132324219
49111.0,8.0,116,59,2,31.62405343996604,-2.764497902707012,0.4242640687119285,0,465.8398132324219
49111.0,8.0,116,60,5,23.665608675649242,-2.542710023947335,0.482842712474619,0,465.8398132324219
49111.0,8.0,116,61,5,20.372804740548933,-2.3711401843866704,0.37888543819998316,0,465.8398132324219
49111.0,8.0,116,62,2,38.53206129095255,-2.7212438443663567,0.4242640687119285,0,465.8398132324219
49111.0,8.0,116,63,4,30.73597282249027,-2.539011336758964,0.4242640687119285,0,465.8398132324219
49111.0,8.0,116,64,1,45.49020486528523,-2.691179170169821,0.3414213562373095,0,465.8398132324219
49111.0,8.0,116,65,2,37.806600173789185,-2.5366960912241874,0.382842712474619,0,465.8398132324219
49111.0,8.0,116,66,4,31.45344646800877,-2.312280369816093,0.3414213562373095,0,465.8398132324219
49111.0,8.0,117,1,1,19.84575888356837,0.08112235290295366,0.613407053921902,0,466.9035949707031
49111.0,8.0,117,2,4,17.411266765328783,0.3833530193527126,0.682842712474619,0,466.9035949707031
49111.0,8.0,117,3,2,16.352012635941826,0.09273171220007503,0.8513997106635237,0,466.9035949707031
49111.0,8.0,117,4,1,16.781669288797218,-0.20912965999228428,0.682842712474619,0,466.9035949707031
49111.0,8.0,117,5,4,14.271914000053165,0.28014693176364935,0.848528137423857,0,466.9035949707031
49111.0,8.0,117,6,2,13.889695320541488,-0.07581634708933715,0.848528137423857,0,466.9035949707031
49111.0,8.0,117,7,5,14.824691106159172,0.7291586570059934,0.613407053921902,0,466.9035949707031
49111.0,8.0,117,8,5,12.844716470355657,0.5196247201818689,0.8513997106635237,0,466.9035949707031
49111.0,8.0,117,9,2,11.367622797946124,0.12168908848187909,0.848528137423857,0,466.9035949707031
49111.0,8.0,117,10,2,11.977435240857831,-0.3068868849257267,0.8513997106635237,0,466.9035949707031
49111.0,8.0,117,11,1,13.534187443645596,-0.5537208903220547,0.613407053921902,0,466.9035949707031
49111.0,8.0,117,12,4,9.51430817533765,0.41222135014984196,0.848528137423857,0,466.9035949707031
49111.0,8.0,117,13,4,8.930742798214235,-0.13323058040611935,0.848528137423857,0,466.9035949707031
49111.0,8.0,117,14,5,8.764774499906384,0.7928799759602068,0.682842712474619,1,466.9035949707031
49111.0,8.0,117,15,5,6.407603210777629,0.19564452039310165,0.765685424949238,0,466.9035949707031
49111.0,8.0,117,16,4,7.435958968372968,-0.5289780127896262,0.682842712474619,0,466.9035949707031
49111.0,8.0,117,18,1,40.72226190119948,0.8950010658140151,0.37888543819998316,0,466.9035949707031
49111.0,8.0,117,19,1,46.27812584186128,1.1189627457627325,0.3414213562373095,0,466.9035949707031
49111.0,8.0,117,20,2,37.68470704649654,0.9964268534067122,0.482842712474619,0,466.9035949707031
49111.0,8.0,117,21,4,29.976813688672507,0.8065911610496406,0.3308640753373011,0,466.9035949707031
49111.0,8.0,117,22,2,39.594640661812946,1.1729078418039272,0.4242640687119285,0,466.9035949707031
49111.0,8.0,117,23,4,30.760490615125246,1.0385366133750453,0.4242640687119285,0,466.9035949707031
49111.0,8.0,117,24,1,47.4457362280675,1.356817282425012,0.37888543819998316,0,466.9035949707031
49111.0,8.0,117,25,2,42.60673647553771,1.3288232670030629,0.482842712474619,0,466.9035949707031
49111.0,8.0,117,26,2,33.07274114495248,1.248427457944847,0.4242640687119285,0,466.9035949707031
49111.0,8.0,117,28,5,19.65997272273562,0.9843000217396998,0.3432888729461454,0,466.9035949707031
49111.0,8.0,117,29,4,36.62519120494605,1.4243231424878349,0.4242640687119285,0,466.9035949707031
49111.0,8.0,117,31,4,41.097482340852494,1.5656140863518988,0.3308640753373011,0,466.9035949707031
49111.0,8.0,117,33,5,21.11746865149601,1.5352698711249537,0.22577126871112502,0,466.9035949707031
49111.0,8.0,117,38,4,8.74991265087359,-3.2380642342487675,0.6466890965784271,0,466.9035949707031
49111.0,8.0,117,39,4,14.093405426094554,-3.7689530330262366,0.765685424949238,0,466.9035949707031
49111.0,8.0,117,40,4,11.741387625695271,-3.4242497827338,0.848528137423857,0,466.9035949707031
49111.0,8.0,117,41,5,19.99269900919815,-3.931719685971003,0.6034068236642477,0,466.9035949707031
49111.0,8.0,117,42,5,17.604638266183823,-3.7952253620167795,0.8513997106635237,0,466.9035949707031
49111.0,8.0,117,43,2,14.971953625220136,-3.5326449595221083,0.848528137423857,0,466.9035949707031
49111.0,8.0,117,44,2,13.725724105791322,-3.19323659562451,0.8513997106635237,0,466.9035949707031
49111.0,8.0,117,45,1,13.8964303703898,-2.939432929480776,0.613407053921902,0,466.9035949707031
49111.0,8.0,117,46,4,18.315529130621773,-3.602052695141931,0.848528137423857,0,466.9035949707031
49111.0,8.0,117,47,2,16.573916682764317,-3.3322295551997083,0.848528137423857,0,466.9035949707031
49111.0,8.0,117,48,4,21.719986632444485,-3.6498764422783303,0.682842712474619,0,466.9035949707031
49111.0,8.0,117,49,2,19.64672812928722,-3.4291731319015595,0.8513997106635237,0,466.9035949707031
49111.0,8.0,117,50,1,18.714433816139998,-3.1722829688475613,0.682842712474619,0,466.9035949707031
49111.0,8.0,117,51,1,23.0006108129196,-3.38209226119802,0.613407053921902,0,466.9035949707031
49111.0,8.0,117,52,5,37.106713992079754,-4.449327759996319,0.37888543819998316,0,466.9035949707031
49111.0,8.0,117,53,4,48.06527374701275,-4.396853393386896,0.3414213562373095,0,466.9035949707031
49111.0,8.0,117,54,5,38.58422934464794,-4.323003599524188,0.482842712474619,0,466.9035949707031
49111.0,8.0,117,55,5,29.44851384816402,-4.20228398146141,0.3414213562373095,0,466.9035949707031
49111.0,8.0,117,56,4,45.12583714545599,-4.2586540200716785,0.4242640687119285,0,466.9035949707031
49111.0,8.0,117,57,4,36.26035564943252,-4.144221870556767,0.4242640687119285,0,466.9035949707031
49111.0,8.0,117,58,2,51.80675247529071,-4.210742983080427,0.382842712474619,0,466.9035949707031
49111.0,8.0,117,59,2,43.15566956705871,-4.1046134192028765,0.4242640687119285,0,466.9035949707031
49111.0,8.0,117,60,5,35.226183862664925,-3.9481855287632532,0.482842712474619,0,466.9035949707031
49111.0,8.0,117,61,5,31.70362970384989,-3.841952977354846,0.37888543819998316,0,466.9035949707031
49111.0,8.0,117,62,2,50.10000239260455,-4.075949994146668,0.4242640687119285,0,466.9035949707031
49111.0,8.0,117,63,4,42.29045345564528,-3.940154006657008,0.4242640687119285,0,466.9035949707031
49111.0,8.0,117,64,1,57.07546463846621,-4.054278392331877,0.3414213562373095,0,466.9035949707031
49111.0,8.0,117,65,2,49.356670040045486,-3.934421886117546,0.382842712474619,0,466.9035949707031
49111.0,8.0,117,66,4,42.59757142358049,-3.7735198731895423,0.3414213562373095,0,466.9035949707031
49111.0,8.0,118,1,1,15.954473083255104,-0.9047921138534496,0.613407053921902,0,467.4089965820313
49111.0,8.0,118,2,4,12.724229501189809,-0.5393185856188423,0.682842712474619,0,467.4089965820313
49111.0,8.0,118,3,2,12.486349016192591,-0.9381847418785743,0.8513997106635237,0,467.4089965820313
49111.0,8.0,118,4,1,14.139017190363631,-1.2952349903777498,0.682842712474619,0,467.4089965820313
49111.0,8.0,118,5,4,9.859156371365366,-0.7245363356143035,0.848528137423857,0,467.4089965820313
49111.0,8.0,118,6,2,10.779882175156596,-1.20587718077167,0.848528137423857,0,467.4089965820313
49111.0,8.0,118,7,5,9.871422906918621,-0.053121147855388795,0.6034068236642477,0,467.4089965820313
49111.0,8.0,118,8,5,7.968501550222281,-0.3858608191595305,0.8513997106635237,0,467.4089965820313
49111.0,8.0,118,9,2,7.582869662015791,-1.0387047088784898,0.848528137423857,0,467.4089965820313
49111.0,8.0,118,10,2,10.074860180982368,-1.5398705475213457,0.8513997106635237,0,467.4089965820313
49111.0,8.0,118,11,1,12.730075978367186,-1.7415659131074626,0.613407053921902,0,467.4089965820313
49111.0,8.0,118,12,4,4.877905791626166,-0.662145577764953,0.848528137423857,1,467.4089965820313
49111.0,8.0,118,13,4,6.54193092803682,-1.5231569477234974,0.848528137423857,0,467.4089965820313
49111.0,8.0,118,15,5,3.015114072148064,-1.4672827815656522,0.765685424949238,0,467.4089965820313
49111.0,8.0,118,16,4,7.286549816153724,-2.0291349588569902,0.682842712474619,0,467.4089965820313
49111.0,8.0,118,18,1,35.898600787620325,0.11367438902797744,0.37888543819998316,0,467.4089965820313
49111.0,8.0,118,19,1,41.86041983013824,0.3582702296300524,0.3414213562373095,0,467.4089965820313
49111.0,8.0,118,20,2,33.01969925765346,0.23248176041458546,0.482842712474619,0,467.4089965820313
49111.0,8.0,118,21,4,25.066039371554684,0.02140398024429402,0.3414213562373095,0,467.4089965820313
49111.0,8.0,118,22,2,35.32546736092251,0.42851891969530254,0.4242640687119285,0,467.4089965820313
49111.0,8.0,118,23,4,26.189586384249193,0.2947279826362421,0.4242640687119285,0,467.4089965820313
49111.0,8.0,118,24,1,43.720405466030364,0.6166899528756593,0.37888543819998316,0,467.4089965820313
49111.0,8.0,118,25,2,38.80047357274551,0.595051211600794,0.482842712474619,0,467.4089965820313
49111.0,8.0,118,26,2,29.042770876412117,0.5298610765454401,0.4242640687119285,0,467.4089965820313
49111.0,8.0,118,27,5,19.531726264982854,0.4000862849045608,0.4414213562373095,0,467.4089965820313
49111.0,8.0,118,28,5,15.016365280767703,0.2746122035503844,0.4538461538461539,0,467.4089965820313
49111.0,8.0,118,29,4,33.18238456442654,0.7147895383513139,0.4242640687119285,0,467.4089965820313
49111.0,8.0,118,31,4,38.192391265580824,-5.428110466111155,0.3308640753373011,0,467.4089965820313
49111.0,8.0,118,33,5,18.293997157650175,-5.351920202756298,0.2601533972186464,0,467.4089965820313
49111.0,8.0,118,38,4,12.80093412759017,-3.7779943297386342,0.6466890965784271,0,467.4089965820313
49111.0,8.0,118,39,4,16.160293059983122,-4.2808428480124725,0.765685424949238,0,467.4089965820313
49111.0,8.0,118,40,4,15.170958016544747,-3.966534796056063,0.848528137423857,0,467.4089965820313
49111.0,8.0,118,41,5,21.12811154923085,-4.5081830311257125,0.6034068236642477,0,467.4089965820313
49111.0,8.0,118,42,5,19.42804993779353,-4.357035310379414,0.8513997106635237,0,467.4089965820313
49111.0,8.0,118,43,2,17.929083070269485,-4.100754674594654,0.848528137423857,0,467.4089965820313
49111.0,8.0,118,44,2,17.76105050653954,-3.8197971866182794,0.8513997106635237,0,467.4089965820313
49111.0,8.0,118,45,1,18.466373272640887,-3.630217883456523,0.613407053921902,0,467.4089965820313
49111.0,8.0,118,46,4,20.92238209051456,-4.197939358150915,0.848528137423857,0,467.4089965820313
49111.0,8.0,118,47,2,20.168018437533945,-3.956734428875306,0.848528137423857,0,467.4089965820313
49111.0,8.0,118,48,4,24.063252584435567,-4.270299060617996,0.682842712474619,0,467.4089965820313
49111.0,8.0,118,49,2,22.870133805851896,-4.062948058015229,0.8513997106635237,0,467.4089965820313
49111.0,8.0,118,50,1,22.738643663437674,-3.8433258170013147,0.682842712474619,0,467.4089965820313
49111.0,8.0,118,51,1,26.342109268003423,-4.044938900466343,0.613407053921902,0,467.4089965820313
49111.0,8.0,118,52,5,35.43788434786042,-5.132501477927947,0.37888543819998316,0,467.4089965820313
49111.0,8.0,118,53,4,46.57712804476921,-5.108927458491503,0.3414213562373095,0,467.4089965820313
49111.0,8.0,118,54,5,37.515791976303476,-5.007694067430393,0.482842712474619,0,467.4089965820313
49111.0,8.0,118,55,5,29.07645848998336,-4.845091125147085,0.3414213562373095,0,467.4089965820313
49111.0,8.0,118,56,4,44.32857715752895,-4.961254017761579,0.4242640687119285,0,467.4089965820313
49111.0,8.0,118,57,4,36.09748666488356,-4.8191703614317465,0.4242640687119285,0,467.4089965820313
49111.0,8.0,118,58,2,51.21143288380748,-4.927239250766443,0.382842712474619,0,467.4089965820313
49111.0,8.0,118,59,2,43.13486581320461,-4.8016986957055146,0.4242640687119285,0,467.4089965820313
49111.0,8.0,118,60,5,36.0364043632771,-4.622808316907215,0.482842712474619,0,467.4089965820313
49111.0,8.0,118,61,5,33.054883675318564,-4.506446237020969,0.37888543819998316,0,467.4089965820313
49111.0,8.0,118,62,2,50.181717327378195,-4.789131016289292,0.4242640687119285,0,467.4089965820313
49111.0,8.0,118,63,4,43.08376196010904,-4.63749207581583,0.4242640687119285,0,467.4089965820313
49111.0,8.0,118,64,1,57.234542534439896,-4.779659480815305,0.3414213562373095,0,467.4089965820313
49111.0,8.0,118,65,2,50.13779661928772,-4.648045804078867,0.382842712474619,0,467.4089965820313
49111.0,8.0,118,66,4,44.179230873200005,-4.477201190475738,0.3414213562373095,0,467.4089965820313
49111.0,8.0,119,1,1,14.235056288863465,-0.5676418204537854,0.613407053921902,0,467.60540771484375
49111.0,8.0,119,2,4,10.565159032161802,-0.1673201693712174,0.682842712474619,0,467.60540771484375
49111.0,8.0,119,3,2,10.845961554952417,-0.6380030025729206,0.8513997106635237,0,467.60540771484375
49111.0,8.0,119,4,1,13.17752551612561,-1.0101242098921552,0.682842712474619,0,467.60540771484375
49111.0,8.0,119,5,4,7.916000149013647,-0.4240463806333432,0.848528137423857,0,467.60540771484375
49111.0,8.0,119,6,2,9.678602948557185,-0.9651838699482775,0.848528137423857,0,467.60540771484375
49111.0,8.0,119,7,5,7.631030532845305,0.4378983641636014,0.6034068236642477,0,467.60540771484375
49111.0,8.0,119,8,5,5.717624914845526,-0.009502719258539516,0.7685569981889047,0,467.60540771484375
49111.0,8.0,119,9,2,6.221216227032947,-0.8698809184942895,0.848528137423857,0,467.60540771484375
49111.0,8.0,119,10,2,9.732205711971659,-1.3314726977479208,0.8513997106635237,0,467.60540771484375
49111.0,8.0,119,11,1,12.793531009607113,-1.4836624580657827,0.613407053921902,0,467.60540771484375
49111.0,8.0,119,13,4,6.30428460079429,-1.442043906234418,0.848528137423857,0,467.60540771484375
49111.0,8.0,119,15,5,3.126048725706344,-1.7927233982335409,0.682842712474619,1,467.60540771484375
49111.0,8.0,119,16,4,8.110763053629787,-1.8703285137503516,0.682842712474619,0,467.60540771484375
49111.0,8.0,119,18,1,33.75535221868833,0.5740815741169139,0.37888543819998316,0,467.60540771484375
49111.0,8.0,119,19,1,39.98084365476081,0.8275527015033577,0.3414213562373095,0,467.60540771484375
49111.0,8.0,119,20,2,30.9918126720542,0.7030004402424714,0.482842712474619,0,467.60540771484375
49111.0,8.0,119,21,4,22.85863176248681,0.4839682253087967,0.3414213562373095,0,467.60540771484375
49111.0,8.0,119,22,2,33.54919977160492,0.9078044360434443,0.4242640687119285,0,467.60540771484375
49111.0,8.0,119,23,4,24.239913338713222,0.779653225958979,0.4242640687119285,0,467.60540771484375
49111.0,8.0,119,24,1,42.244441779407815,1.0947600341114663,0.37888543819998316,0,467.60540771484375
49111.0,8.0,119,25,2,37.290818681418244,1.077641718906708,0.482842712474619,0,467.60540771484375
49111.0,8.0,119,26,2,27.434098331887704,1.0249005138528873,0.4242640687119285,0,467.60540771484375
49111.0,8.0,119,27,5,17.73849893979068,0.9138484156829441,0.482842712474619,0,467.60540771484375
49111.0,8.0,119,28,5,13.06394432449828,0.797219799212552,0.4538461538461539,0,467.60540771484375
49111.0,8.0,119,29,4,31.90119282878056,1.2104505182142387,0.4242640687119285,0,467.60540771484375
49111.0,8.0,119,30,4,21.902298903364265,1.2048238998945815,0.4242640687119285,0,467.60540771484375
49111.0,8.0,119,31,4,37.18524514527767,-4.936202228492817,0.3308640753373011,0,467.60540771484375
49111.0,8.0,119,33,5,17.515468684021545,-4.794263041668476,0.3308640753373011,0,467.60540771484375
49111.0,8.0,119,38,4,14.932452193510176,-3.280408007882324,0.6466890965784271,0,467.60540771484375
49111.0,8.0,119,39,4,17.66335212077564,-3.741297044138733,0.765685424949238,0,467.60540771484375
49111.0,8.0,119,40,4,17.117426933366623,-3.4544835673346297,0.848528137423857,0,467.60540771484375
49111.0,8.0,119,41,5,22.193773378507373,-3.9772571413227,0.6034068236642477,0,467.60540771484375
49111.0,8.0,119,42,5,20.785143358903916,-3.8279409095404047,0.8513997106635237,0,467.60540771484375
49111.0,8.0,119,43,2,19.698590841144533,-3.586155696856005,0.848528137423857,0,467.60540771484375
49111.0,8.0,119,44,2,19.850611522153645,-3.3327436052452075,0.8513997106635237,0,467.60540771484375
49111.0,8.0,119,45,1,20.688291023598445,-3.1648555438603982,0.613407053921902,0,467.60540771484375
49111.0,8.0,119,46,4,22.5402452833704,-3.686026891658247,0.848528137423857,0,467.60540771484375
49111.0,8.0,119,47,2,22.115039093592785,-3.462424815674681,0.848528137423857,0,467.60540771484375
49111.0,8.0,119,48,4,25.55564191606581,-3.762956738585814,0.682842712474619,0,467.60540771484375
49111.0,8.0,119,49,2,24.68001479778356,-3.566626271107869,0.8513997106635237,0,467.60540771484375
49111.0,8.0,119,50,1,24.801520660948416,-3.3642445488010715,0.682842712474619,0,467.60540771484375
49111.0,8.0,119,51,1,28.170928009620308,-3.557067533817379,0.613407053921902,0,467.60540771484375
49111.0,8.0,119,52,5,35.08407119726866,-4.630996007822423,0.37888543819998316,0,467.60540771484375
49111.0,8.0,119,53,4,46.25944344362281,-4.622723914852085,0.3414213562373095,0,467.60540771484375
49111.0,8.0,119,54,5,37.44276567064737,-4.509282477666512,0.482842712474619,0,467.60540771484375
49111.0,8.0,119,55,5,29.393626765342862,-4.330175907648146,0.3414213562373095,0,467.60540771484375
49111.0,8.0,119,56,4,44.35106598135343,-4.4722641815432125,0.4242640687119285,0,467.60540771484375
49111.0,8.0,119,57,4,36.45602346712593,-4.319481604256548,0.4242640687119285,0,467.60540771484375
49111.0,8.0,119,58,2,51.30373676739075,-4.445250176582669,0.382842712474619,0,467.60540771484375
49111.0,8.0,119,59,2,43.521236191668464,-4.312258898029048,0.4242640687119285,0,467.60540771484375
49111.0,8.0,119,60,5,36.82556982592754,-4.126459912689879,0.482842712474619,0,467.60540771484375
49111.0,8.0,119,61,5,34.09009958449668,-4.008265669000783,0.37888543819998316,0,467.60540771484375
49111.0,8.0,119,62,2,50.588085082026474,-4.307053916523058,0.4242640687119285,0,467.60540771484375
49111.0,8.0,119,63,4,43.831255350715445,-4.150339396279127,0.4242640687119285,0,467.60540771484375
49111.0,8.0,119,64,1,57.655968510482126,-4.303124977415656,0.3414213562373095,0,467.60540771484375
49111.0,8.0,119,65,2,50.855042013894526,-4.167630421910367,0.382842712474619,0,467.60540771484375
49111.0,8.0,119,66,4,45.25770532835541,-3.9946842041834145,0.3414213562373095,0,467.60540771484375
49111.0,8.0,120,1,1,12.159479556753329,0.37535550657579897,0.613407053921902,0,467.7791137695313
49111.0,8.0,120,2,4,8.905615246807544,0.8767960812413615,0.682842712474619,0,467.7791137695313
49111.0,8.0,120,3,2,8.740902921287432,0.3025367572551019,0.8513997106635237,0,467.7791137695313
49111.0,8.0,120,4,1,11.112910727373427,-0.14785436862626544,0.682842712474619,0,467.7791137695313
49111.0,8.0,120,5,4,5.964166661388697,0.6068210186226841,0.848528137423857,0,467.7791137695313
49111.0,8.0,120,6,2,7.593726681940863,-0.11088175125649102,0.848528137423857,0,467.7791137695313
49111.0,8.0,120,7,5,7.178008315795509,1.6263601796631753,0.6034068236642477,0,467.7791137695313
49111.0,8.0,120,8,5,4.442880152589041,1.2372015229675102,0.7685569981889047,1,467.7791137695313
49111.0,8.0,120,9,2,4.102753344459036,-0.010590753629465599,0.848528137423857,0,467.7791137695313
49111.0,8.0,120,10,2,7.995372784346581,-0.5655927623439185,0.8513997106635237,0,467.7791137695313
49111.0,8.0,120,11,1,11.253504637636675,-0.70047932924134,0.613407053921902,0,467.7791137695313
49111.0,8.0,120,13,4,4.805609851633736,-0.8122294559155472,0.848528137423857,0,467.7791137695313
49111.0,8.0,120,16,4,7.372597038138504,-1.2235652290854964,0.6466890965784271,0,467.7791137695313
49111.0,8.0,120,18,1,33.36142346927021,1.5426075618608281,0.37888543819998316,0,467.7791137695313
49111.0,8.0,120,19,1,40.11517138330174,1.786769004244004,0.3414213562373095,0,467.7791137695313
49111.0,8.0,120,20,2,30.877399129817775,1.6779112077445817,0.482842712474619,0,467.7791137695313
49111.0,8.0,120,21,4,22.306962566258807,1.4812710871048884,0.3414213562373095,0,467.7791137695313
49111.0,8.0,120,22,2,33.8636911336164,1.876453095345579,0.4242640687119285,0,467.7791137695313
49111.0,8.0,120,23,4,24.309183020072275,1.773537142688087,0.4242640687119285,0,467.7791137695313
49111.0,8.0,120,24,1,42.93008241791143,2.0482482296168776,0.37888543819998316,0,467.7791137695313
49111.0,8.0,120,25,2,37.9484568508901,2.0376378303607963,0.482842712474619,0,467.7791137695313
49111.0,8.0,120,26,2,28.004859922418262,2.005102253249669,0.4242640687119285,0,467.7791137695313
49111.0,8.0,120,27,5,18.123437344628336,1.9369356221905927,0.482842712474619,0,467.7791137695313
49111.0,8.0,120,28,5,13.249618188456195,1.8648893917094835,0.4538461538461539,0,467.7791137695313
49111.0,8.0,120,29,4,32.8269398428359,-4.107302677318212,0.4242640687119285,0,467.7791137695313
49111.0,8.0,120,30,4,22.842827788073162,-4.08672511976151,0.4242640687119285,0,467.7791137695313
49111.0,8.0,120,31,4,38.35288489300466,-3.9828852508192094,0.3308640753373011,0,467.7791137695313
49111.0,8.0,120,33,5,18.95566889974781,-3.8019021884324946,0.3308640753373011,0,467.7791137695313
49111.0,8.0,120,38,4,16.68979896553174,-2.4507589415591213,0.6466890965784271,0,467.7791137695313
49111.0,8.0,120,39,4,19.76420726060404,-2.85451896133946,0.765685424949238,0,467.7791137695313
49111.0,8.0,120,40,4,19.045138214129967,-2.598787541790384,0.848528137423857,0,467.7791137695313
49111.0,8.0,120,41,5,24.32234380270377,-3.0662670837947035,0.6034068236642477,0,467.7791137695313
49111.0,8.0,120,42,5,22.90833448170256,-2.930526982202014,0.8513997106635237,0,467.7791137695313
49111.0,8.0,120,43,2,21.722918535057918,-2.7123474838215653,0.848528137423857,0,467.7791137695313
49111.0,8.0,120,44,2,21.655913525777734,-2.481327334174134,0.8513997106635237,0,467.7791137695313
49111.0,8.0,120,45,1,22.28663212117531,-2.3244593627978487,0.613407053921902,0,467.7791137695313
49111.0,8.0,120,46,4,24.618145538732442,-2.800123921065069,0.848528137423857,0,467.7791137695313
49111.0,8.0,120,47,2,24.04467697269839,-2.5956139374301435,0.848528137423857,0,467.7791137695313
49111.0,8.0,120,48,4,27.662628035883742,-2.8690190437280583,0.682842712474619,0,467.7791137695313
49111.0,8.0,120,49,2,26.68921862488412,-2.6882781085232526,0.8513997106635237,0,467.7791137695313
49111.0,8.0,120,50,1,26.63471028117373,-2.500480238778509,0.682842712474619,0,467.7791137695313
49111.0,8.0,120,51,1,30.17225267684086,-2.6761486333216338,0.613407053921902,0,467.7791137695313
49111.0,8.0,120,52,5,36.72731385254662,-3.6870797356448914,0.37888543819998316,0,467.7791137695313
49111.0,8.0,120,53,4,47.907598374779354,-3.6879185462048616,0.3414213562373095,0,467.7791137695313
49111.0,8.0,120,54,5,39.234229748391414,-3.5730528143986406,0.482842712474619,0,467.7791137695313
49111.0,8.0,120,55,5,31.360988279388806,-3.3970604023797044,0.3414213562373095,0,467.7791137695313
49111.0,8.0,120,56,4,46.18073823706654,-3.5420087180441673,0.4242640687119285,0,467.7791137695313
49111.0,8.0,120,57,4,38.42977213087349,-3.3918838761385395,0.4242640687119285,0,467.7791137695313
49111.0,8.0,120,58,2,53.16010143228997,-3.5190986391328023,0.382842712474619,0,467.7791137695313
49111.0,8.0,120,59,2,45.49926577651291,-3.38831589332767,0.4242640687119285,0,467.7791137695313
49111.0,8.0,120,60,5,38.91490701661973,-3.2092116374951205,0.482842712474619,0,467.7791137695313
49111.0,8.0,120,61,5,36.21413244946452,-3.0970644069291096,0.37888543819998316,0,467.7791137695313
49111.0,8.0,120,62,2,52.56918285814092,-3.3857075851235106,0.4242640687119285,0,467.7791137695313
49111.0,8.0,120,63,4,45.9097570052713,-3.2337086244997186,0.4242640687119285,0,467.7791137695313
49111.0,8.0,120,64,1,59.63937278797921,-3.3837176907564865,0.3414213562373095,0,467.7791137695313
49111.0,8.0,120,65,2,52.924867391935486,-3.251720085193046,0.382842712474619,0,467.7791137695313
49111.0,8.0,120,66,4,47.383841025864044,-3.085296994374537,0.3414213562373095,0,467.7791137695313
49111.0,8.0,121,1,1,11.03367426137095,-0.35815041775964906,0.613407053921902,0,467.94049072265625
49111.0,8.0,121,2,4,7.732930769006299,0.20503966419416075,0.6466890965784271,0,467.94049072265625
49111.0,8.0,121,3,2,7.653111435262722,-0.45684172667502,0.8513997106635237,0,467.94049072265625
49111.0,8.0,121,4,1,10.360598969309338,-0.933402531256139,0.682842712474619,0,467.94049072265625
49111.0,8.0,121,5,4,4.77612963284713,-0.11528302668658297,0.848528137423857,0,467.94049072265625
49111.0,8.0,121,6,2,6.825196746765997,-0.937031257237121,0.848528137423857,0,467.94049072265625
49111.0,8.0,121,7,5,6.531645003011003,1.074109013682273,0.47153869179611585,1,467.94049072265625
49111.0,8.0,121,9,2,3.290077546392573,-0.9484584986476902,0.848528137423857,0,467.94049072265625
49111.0,8.0,121,10,2,7.71987737101965,-1.4127214193538395,0.8513997106635237,0,467.94049072265625
49111.0,8.0,121,11,1,11.112463006786324,-1.5056540423000782,0.613407053921902,0,467.94049072265625
49111.0,8.0,121,13,4,4.882397592658005,-1.7579879720520322,0.848528137423857,0,467.94049072265625
49111.0,8.0,121,16,4,7.8645408158587875,-2.065685274312167,0.6466890965784271,0,467.94049072265625
49111.0,8.0,121,18,1,32.579590930907436,0.8709298490780912,0.37888543819998316,0,467.94049072265625
49111.0,8.0,121,19,1,39.57449239246644,1.1144324275047763,0.3414213562373095,0,467.94049072265625
49111.0,8.0,121,20,2,30.22721027230256,1.0116409180413917,0.482842712474619,0,467.94049072265625
49111.0,8.0,121,21,4,21.476220188166323,0.8214139446271278,0.3414213562373095,0,467.94049072265625
49111.0,8.0,121,22,2,33.424045836858475,1.21039692037678,0.4242640687119285,0,467.94049072265625
49111.0,8.0,121,23,4,23.763640984264715,1.1186813244481328,0.4242640687119285,0,467.94049072265625
49111.0,8.0,121,24,1,42.683457486484556,1.3764830430658201,0.37888543819998316,0,467.94049072265625
49111.0,8.0,121,25,2,37.69150354340934,1.3694139102758243,0.482842712474619,0,467.94049072265625
49111.0,8.0,121,26,2,27.71629903301392,1.3476392598819023,0.4242640687119285,0,467.94049072265625
49111.0,8.0,121,27,5,17.768990540040754,1.3014381837566815,0.482842712474619,0,467.94049072265625
49111.0,8.0,121,28,5,12.826103117251261,1.2515165836908033,0.44328887294614544,0,467.94049072265625
49111.0,8.0,121,29,4,32.73646027514079,-4.7700374752607635,0.4242640687119285,0,467.94049072265625
49111.0,8.0,121,30,4,22.78639120331433,-4.733492509837511,0.4242640687119285,0,467.94049072265625
49111.0,8.0,121,31,4,38.40779127474391,-4.650863810651557,0.3308640753373011,0,467.94049072265625
49111.0,8.0,121,33,5,19.241777881825602,-4.440241191319338,0.3308640753373011,0,467.94049072265625
49111.0,8.0,121,38,4,17.884143612266893,-3.149275684363923,0.6466890965784271,0,467.94049072265625
49111.0,8.0,121,39,4,20.864131805831114,-3.5306602520631998,0.765685424949238,0,467.94049072265625
49111.0,8.0,121,40,4,20.22582241525417,-3.288663875751931,0.848528137423857,0,467.94049072265625
49111.0,8.0,121,41,5,25.301442017930352,-3.737758210973321,0.6034068236642477,0,467.94049072265625
49111.0,8.0,121,42,5,23.96984137703679,-3.6062287524187284,0.8513997106635237,0,467.94049072265625
49111.0,8.0,121,43,2,22.876301973933845,-3.397496411950514,0.848528137423857,0,467.94049072265625
49111.0,8.0,121,44,2,22.849443939949925,-3.1783661922889364,0.8513997106635237,0,467.94049072265625
49111.0,8.0,121,45,1,23.473121135003066,-3.0295196012357177,0.613407053921902,0,467.94049072265625
49111.0,8.0,121,46,4,25.740366967699217,-3.4829482084591934,0.848528137423857,0,467.94049072265625
49111.0,8.0,121,47,2,25.225748512068492,-3.2874603514185585,0.848528137423857,0,467.94049072265625
49111.0,8.0,121,48,4,28.754265618530972,-3.5509014784318342,0.682842712474619,0,467.94049072265625
49111.0,8.0,121,49,2,27.84923136503658,-3.3769105746565424,0.8513997106635237,0,467.94049072265625
49111.0,8.0,121,50,1,27.827173481790094,-3.197060715714045,0.682842712474619,0,467.94049072265625
49111.0,8.0,121,51,1,31.335408638756356,-3.3663910923030294,0.613407053921902,0,467.94049072265625
49111.0,8.0,121,52,5,37.12733922876852,-4.3556685491973415,0.37888543819998316,0,467.94049072265625
49111.0,8.0,121,53,4,48.302691654856794,-4.363553561619824,0.3414213562373095,0,467.94049072265625
49111.0,8.0,121,54,5,39.75794026139661,-4.244939515279425,0.482842712474619,0,467.94049072265625
49111.0,8.0,121,55,5,32.06614424207237,-4.06572669201281,0.3414213562373095,0,467.94049072265625
49111.0,8.0,121,56,4,46.73517318987065,-4.218303268533497,0.4242640687119285,0,467.94049072265625
49111.0,8.0,121,57,4,39.13719721456576,-4.066135619971983,0.4242640687119285,0,467.94049072265625
49111.0,8.0,121,58,2,53.73694271491101,-4.198597167513819,0.382842712474619,0,467.94049072265625
49111.0,8.0,121,59,2,46.20825472867631,-4.066419394869152,0.4242640687119285,0,467.94049072265625
49111.0,8.0,121,60,5,39.783747910357135,-3.8874489653140474,0.482842712474619,0,467.94049072265625
49111.0,8.0,121,61,5,37.16878386707252,-3.776566754428921,0.37888543819998316,0,467.94049072265625
49111.0,8.0,121,62,2,53.27931497615805,-4.066627846386432,0.4242640687119285,0,467.94049072265625
49111.0,8.0,121,63,4,46.75712990607175,-3.9146073976269893,0.4242640687119285,0,467.94049072265625
49111.0,8.0,121,64,1,60.35037699622996,-4.066787450704741,0.3414213562373095,0,467.94049072265625
49111.0,8.0,121,65,2,53.75603962636842,-3.9347056814804975,0.382842712474619,0,467.94049072265625
49111.0,8.0,121,66,4,48.345171310445274,-3.769554266172306,0.3414213562373095,0,467.94049072265625
49111.0,8.0,122,1,1,9.613849494809774,-1.584970051263021,0.613407053921902,0,468.3052062988281
49111.0,8.0,122,2,4,4.954992905513892,-1.0056533356996078,0.6466890965784271,0,468.3052062988281
49111.0,8.0,122,3,2,6.752892647568637,-1.8358536770412703,0.8513997106635237,0,468.3052062988281
49111.0,8.0,122,4,1,10.800516817517583,-2.1812881495175613,0.682842712474619,0,468.3052062988281
49111.0,8.0,122,5,4,3.2219023509885893,-1.7974361844873514,0.848528137423857,0,468.3052062988281
49111.0,8.0,122,6,2,7.512007666076983,-2.3255553242583953,0.848528137423857,0,468.3052062988281
49111.0,8.0,122,9,2,4.605361530316441,-2.669457868954831,0.848528137423857,0,468.3052062988281
49111.0,8.0,122,10,2,9.605152744272845,-2.6625877690844098,0.8513997106635237,0,468.3052062988281
49111.0,8.0,122,11,1,13.105101385793917,-2.6608977904091695,0.613407053921902,0,468.3052062988281
49111.0,8.0,122,13,4,7.552354261455919,-3.0021884736536197,0.848528137423857,0,468.3052062988281
49111.0,8.0,122,16,4,10.8566456585883,-3.141189183332858,0.6466890965784271,0,468.3052062988281
49111.0,8.0,122,18,1,29.463338934743312,-0.04641947040753536,0.37888543819998316,0,468.3052062988281
49111.0,8.0,122,19,1,36.76407115741,0.21157466566742844,0.3414213562373095,0,468.3052062988281
49111.0,8.0,122,20,2,27.27079274423267,0.1122756580879698,0.482842712474619,0,468.3052062988281
49111.0,8.0,122,21,4,18.324719526657983,-0.08795150241078398,0.3414213562373095,0,468.3052062988281
49111.0,8.0,122,22,2,30.793738457652907,0.32423998172087387,0.4242640687119285,0,468.3052062988281
49111.0,8.0,122,23,4,20.98460237960488,0.24772983371510993,0.4242640687119285,0,468.3052062988281
49111.0,8.0,122,24,1,40.395085283755456,-5.796347943043585,0.37888543819998316,0,468.3052062988281
49111.0,8.0,122,25,2,35.39509174303367,-5.79613539550984,0.482842712474619,0,468.3052062988281
49111.0,8.0,122,26,2,25.395112292123404,-5.795459212136963,0.4242640687119285,0,468.3052062988281
49111.0,8.0,122,27,5,15.395159536729212,-5.7939045949030366,0.482842712474619,0,468.3052062988281
49111.0,8.0,122,28,5,10.395217245312285,-5.7920056597427845,0.37888543819998316,1,468.3052062988281
49111.0,8.0,122,29,4,30.81346977587879,-5.632865885029117,0.4242640687119285,0,468.3052062988281
49111.0,8.0,122,30,4,21.013546308531144,-5.554627364876197,0.4242640687119285,0,468.3052062988281
49111.0,8.0,122,31,4,36.79712095977665,-5.520914016660996,0.3414213562373095,0,468.3052062988281
49111.0,8.0,122,32,5,27.31533122186552,-5.420651362343996,0.382842712474619,0,468.3052062988281
49111.0,8.0,122,33,5,18.390936044476053,-5.219015310028181,0.3414213562373095,0,468.3052062988281
49111.0,8.0,122,38,4,20.582529914620473,-4.001414887634141,0.6466890965784271,0,468.3052062988281
49111.0,8.0,122,39,4,22.74576947302668,-4.3546805738903185,0.765685424949238,0,468.3052062988281
49111.0,8.0,122,40,4,22.658765044370046,-4.134023816707084,0.848528137423857,0,468.3052062988281
49111.0,8.0,122,41,5,26.59256289789809,-4.568123969652538,0.6034068236642477,0,468.3052062988281
49111.0,8.0,122,42,5,25.63492002269154,-4.439098299482378,0.8513997106635237,0,468.3052062988281
49111.0,8.0,122,43,2,25.06389293357449,-4.242818198242464,0.848528137423857,0,468.3052062988281
49111.0,8.0,122,44,2,25.480351908903824,-4.0453317539389,0.8513997106635237,0,468.3052062988281
49111.0,8.0,122,45,1,26.33881273885944,-3.914261177074878,0.613407053921902,0,468.3052062988281
49111.0,8.0,122,46,4,27.712412825941456,-4.331714449553891,0.848528137423857,0,468.3052062988281
49111.0,8.0,122,47,2,27.64104609184135,-4.150829016254337,0.848528137423857,0,468.3052062988281
49111.0,8.0,122,48,4,30.5410694031025,-4.404636782143496,0.682842712474619,0,468.3052062988281
49111.0,8.0,122,49,2,30.063375138214557,-4.240196849361233,0.8513997106635237,0,468.3052062988281
49111.0,8.0,122,50,1,30.41144733676631,-4.075049599629808,0.682842712474619,0,468.3052062988281
49111.0,8.0,122,51,1,33.563104470560376,-4.238826570662711,0.613407053921902,0,468.3052062988281
49111.0,8.0,122,52,5,36.41831004831212,-5.214478339270155,0.37888543819998316,0,468.3052062988281
49111.0,8.0,122,53,4,47.53737365124978,-5.24257337780112,0.3414213562373095,0,468.3052062988281
49111.0,8.0,122,54,5,39.394175997097896,-5.10834874781884,0.482842712474619,0,468.3052062988281
49111.0,8.0,122,55,5,32.31099366039539,-4.9101692145707005,0.3414213562373095,0,468.3052062988281
49111.0,8.0,122,56,4,46.43769259760612,-5.093768768195347,0.4242640687119285,0,468.3052062988281
49111.0,8.0,122,57,4,39.35172807668743,-4.928517723853245,0.4242640687119285,0,468.3052062988281
49111.0,8.0,122,58,2,53.4884799287585,-5.083030811677881,0.382842712474619,0,468.3052062988281
49111.0,8.0,122,59,2,46.40168848135796,-4.941294013886609,0.4242640687119285,0,468.3052062988281
49111.0,8.0,122,60,5,40.56126110900369,-4.753915096870756,0.482842712474619,0,468.3052062988281
49111.0,8.0,122,61,5,38.291846484188625,-4.64080529085006,0.37888543819998316,0,468.3052062988281
49111.0,8.0,122,62,2,53.457224817796394,-4.950698969469505,0.4242640687119285,0,468.3052062988281
49111.0,8.0,122,63,4,47.43178358497826,-4.792039081816565,0.4242640687119285,0,468.3052062988281
49111.0,8.0,122,64,1,60.51638684290285,-4.957910291736649,0.3414213562373095,0,468.3052062988281
49111.0,8.0,122,65,2,54.35376974370455,-4.820485882835618,0.382842712474619,0,468.3052062988281
49111.0,8.0,122,66,4,49.46141419514245,-4.652080003397183,0.3414213562373095,0,468.3052062988281
49111.0,8.0,123,1,1,13.93188180331788,-2.515769809604702,0.613407053921902,0,468.8699035644531
49111.0,8.0,123,2,4,7.8298416242472415,-2.5040021288325005,0.6466890965784271,0,468.8699035644531
49111.0,8.0,123,3,2,12.215634683489633,-2.75012675952656,0.8513997106635237,0,468.8699035644531
49111.0,8.0,123,4,1,16.945118517737047,-2.8629481754505757,0.682842712474619,0,468.8699035644531
49111.0,8.0,123,5,4,9.053180401925994,-2.900587807947817,0.848528137423857,0,468.8699035644531
49111.0,8.0,123,6,2,13.959777442692168,-2.9861802288318358,0.848528137423857,0,468.8699035644531
49111.0,8.0,123,9,2,11.296624757813243,-3.1716238370899204,0.848528137423857,0,468.8699035644531
49111.0,8.0,123,10,2,16.295061883236876,-3.1624102806452377,0.8513997106635237,0,468.8699035644531
49111.0,8.0,123,11,1,19.794437586865037,-3.158729620547318,0.613407053921902,0,468.8699035644531
49111.0,8.0,123,13,4,14.080745237659167,-3.3446216737346384,0.848528137423857,0,468.8699035644531
49111.0,8.0,123,16,4,17.14412558216031,-3.458290458884866,0.6466890965784271,0,468.8699035644531
49111.0,8.0,123,18,1,23.768589885932762,-0.66468857996554,0.37888543819998316,0,468.8699035644531
49111.0,8.0,123,19,1,30.290382032002654,-0.3246103636431883,0.3414213562373095,0,468.8699035644531
49111.0,8.0,123,20,2,21.055589884019625,-0.47667067281113296,0.482842712474619,0,468.8699035644531
49111.0,8.0,123,21,4,13.006478658091508,-0.8371955010697847,0.3414213562373095,0,468.8699035644531
49111.0,8.0,123,22,2,24.162254752044845,-0.1941126277330496,0.4242640687119285,0,468.8699035644531
49111.0,8.0,123,23,4,14.479128993902705,-0.3277333116013712,0.4242640687119285,0,468.8699035644531
49111.0,8.0,123,24,1,33.71017551395598,-6.273122893120455,0.37888543819998316,0,468.8699035644531
49111.0,8.0,123,25,2,28.710472724101873,-6.271370527441974,0.482842712474619,0,468.8699035644531
49111.0,8.0,123,26,2,18.711543649863792,-6.2650564661361505,0.4242640687119285,0,468.8699035644531
49111.0,8.0,123,27,5,8.715072431145849,-6.244254395188394,0.382842712474619,1,468.8699035644531
49111.0,8.0,123,29,4,24.30223354137315,-6.061678389731515,0.4242640687119285,0,468.8699035644531
49111.0,8.0,123,30,4,14.711532103040883,-5.9117790443307054,0.4242640687119285,0,468.8699035644531
49111.0,8.0,123,31,4,30.513525598300276,-5.937501723625237,0.3414213562373095,0,468.8699035644531
49111.0,8.0,123,32,5,21.375356515330605,-5.778311270661677,0.482842712474619,0,468.8699035644531
49111.0,8.0,123,33,5,13.518006061429583,-5.412382240296003,0.3414213562373095,0,468.8699035644531
49111.0,8.0,123,34,5,24.19293009033529,-5.596423415763075,0.4308640753373011,0,468.8699035644531
49111.0,8.0,123,38,4,23.2633129994912,-4.205592009063624,0.6466890965784271,0,468.8699035644531
49111.0,8.0,123,39,4,23.151776724950462,-4.547879481988136,0.765685424949238,0,468.8699035644531
49111.0,8.0,123,40,4,24.472843651313553,-4.344939660979458,0.848528137423857,0,468.8699035644531
49111.0,8.0,123,41,5,25.435258846520984,-4.799325516109901,0.6034068236642477,0,468.8699035644531
49111.0,8.0,123,42,5,25.3720931377626,-4.661463363224538,0.8513997106635237,0,468.8699035644531
49111.0,8.0,123,43,2,26.108589028344298,-4.469018103695,0.848528137423857,0,468.8699035644531
49111.0,8.0,123,44,2,27.741191969896686,-4.2931874871267075,0.8513997106635237,0,468.8699035644531
49111.0,8.0,123,45,1,29.34049163719716,-4.184010386944829,0.613407053921902,0,468.8699035644531
49111.0,8.0,123,46,4,28.096205539544343,-4.577027842232783,0.848528137423857,0,468.8699035644531
49111.0,8.0,123,47,2,29.194384332950104,-4.4065034207305835,0.848528137423857,0,468.8699035644531
49111.0,8.0,123,48,4,30.36667763173417,-4.669844952533647,0.682842712474619,0,468.8699035644531
49111.0,8.0,123,49,2,30.984680428388227,-4.507914148409054,0.8513997106635237,0,468.8699035644531
49111.0,8.0,123,50,1,32.37229883880699,-4.35609618149629,0.682842712474619,0,468.8699035644531
49111.0,8.0,123,51,1,34.41910547048251,-4.52856360631963,0.613407053921902,0,468.8699035644531
49111.0,8.0,123,52,5,31.237390347059,-5.574129906528354,0.4308640753373011,0,468.8699035644531
49111.0,8.0,123,53,4,42.170320536765416,-5.638586775455908,0.3414213562373095,0,468.8699035644531
49111.0,8.0,123,54,5,34.70110309331534,-5.464551504706207,0.482842712474619,0,468.8699035644531
49111.0,8.0,123,55,5,28.809671598479902,-5.2082949844772495,0.3414213562373095,0,468.8699035644531
49111.0,8.0,123,56,4,41.76892679051717,-5.470176964863008,0.4242640687119285,0,468.8699035644531
49111.0,8.0,123,57,4,35.64370725599322,-5.264956508867363,0.4242640687119285,0,468.8699035644531
49111.0,8.0,123,58,2,48.83768969320997,-5.474174065550713,0.382842712474619,0,468.8699035644531
49111.0,8.0,123,59,2,42.55526473057861,-5.30330491390295,0.4242640687119285,0,468.8699035644531
49111.0,8.0,123,60,5,37.9048964912053,-5.082430673005424,0.482842712474619,0,468.8699035644531
49111.0,8.0,123,61,5,36.396380161613166,-4.954000292377411,0.37888543819998316,0,468.8699035644531
49111.0,8.0,123,62,2,49.51188994199587,-5.330908745769828,0.4242640687119285,0,468.8699035644531
49111.0,8.0,123,63,4,44.46636782274523,-5.146642158000543,0.4242640687119285,0,468.8699035644531
49111.0,8.0,123,64,1,56.49693739457915,-5.351699674892671,0.3414213562373095,0,468.8699035644531
49111.0,8.0,123,65,2,51.16380123374685,-5.1941987208077345,0.382842712474619,0,468.8699035644531
49111.0,8.0,123,66,4,47.36628736143162,-5.006003610784246,0.3414213562373095,0,468.8699035644531
49111.0,8.0,124,1,1,18.47198502421655,-2.6839959568294365,0.613407053921902,0,469.2875061035156
49111.0,8.0,124,2,4,12.474908439172482,-2.7586905732949756,0.6466890965784271,0,469.2875061035156
49111.0,8.0,124,3,2,17.21448898090604,-2.8674219903555143,0.8513997106635237,0,469.2875061035156
49111.0,8.0,124,4,1,22.069298157887445,-2.9288010937389384,0.682842712474619,0,469.2875061035156
49111.0,8.0,124,5,4,14.23646676036292,-2.989224542298005,0.848528137423857,0,469.2875061035156
49111.0,8.0,124,6,2,19.193547773325207,-3.0287739804785865,0.848528137423857,0,469.2875061035156
49111.0,8.0,124,9,2,16.575000183170427,-3.1620586383018336,0.848528137423857,0,469.2875061035156
49111.0,8.0,124,10,2,21.57419572962335,-3.1573157887875767,0.8513997106635237,0,469.2875061035156
49111.0,8.0,124,11,1,25.073823493749362,-3.1551211195151723,0.613407053921902,0,469.2875061035156
49111.0,8.0,124,13,4,19.281708335240456,-3.2893783864804993,0.848528137423857,0,469.2875061035156
49111.0,8.0,124,16,4,22.22246434530749,-3.384227766185216,0.6466890965784271,0,469.2875061035156
49111.0,8.0,124,18,1,19.881219495519257,-0.8292419244808693,0.37888543819998316,0,469.2875061035156
49111.0,8.0,124,19,1,25.342144901554445,-0.39110993708181274,0.3414213562373095,0,469.2875061035156
49111.0,8.0,124,20,2,16.542517608495366,-0.6236453536037341,0.482842712474619,0,469.2875061035156
49111.0,8.0,124,21,4,10.251120399418623,-1.2297764470053492,0.3308640753373011,0,469.2875061035156
49111.0,8.0,124,22,2,19.008724279071043,-0.24771843065907628,0.4242640687119285,0,469.2875061035156
49111.0,8.0,124,23,4,9.631312440874412,-0.5051304295341943,0.4242640687119285,0,469.2875061035156
49111.0,8.0,124,24,1,28.430494513815827,-6.271254172199231,0.37888543819998316,0,469.2875061035156
49111.0,8.0,124,25,2,23.430926328425652,-6.268708206957779,0.482842712474619,0,469.2875061035156
49111.0,8.0,124,26,2,13.432754342431332,-6.257930912588993,0.4242640687119285,0,469.2875061035156
49111.0,8.0,124,29,4,19.186338866872788,-6.0011810063815805,0.4242640687119285,0,469.2875061035156
49111.0,8.0,124,30,4,9.977283183836708,-5.7185169795964725,0.4242640687119285,1,469.2875061035156
49111.0,8.0,124,31,4,25.608442143262817,-5.867582103722398,0.3414213562373095,0,469.2875061035156
49111.0,8.0,124,32,5,16.94765144852927,-5.627040373110743,0.482842712474619,0,469.2875061035156
49111.0,8.0,124,33,5,10.892817369112256,-5.0325780484662195,0.3308640753373011,0,469.2875061035156
49111.0,8.0,124,34,5,20.38663507838409,-5.431465239524876,0.4308640753373011,0,469.2875061035156
49111.0,8.0,124,38,4,26.235446096179817,-4.028713723159552,0.6466890965784271,0,469.2875061035156
49111.0,8.0,124,39,4,24.574818341195137,-4.33430633411976,0.765685424949238,0,469.2875061035156
49111.0,8.0,124,40,4,26.826050525762074,-4.160205824920428,0.848528137423857,0,469.2875061035156
49111.0,8.0,124,41,5,25.52468115828922,-4.591761000638418,0.6034068236642477,0,469.2875061035156
49111.0,8.0,124,42,5,26.177472212723742,-4.458636978359051,0.8513997106635237,0,469.2875061035156
49111.0,8.0,124,43,2,27.856333961164424,-4.284006174683009,0.848528137423857,0,469.2875061035156
49111.0,8.0,124,44,2,30.276899313898063,-4.133215454270521,0.8513997106635237,0,469.2875061035156
49111.0,8.0,124,45,1,32.32555235845971,-4.042475253105109,0.613407053921902,0,469.2875061035156
49111.0,8.0,124,46,4,29.279919683993416,-4.397384395612787,0.848528137423857,0,469.2875061035156
49111.0,8.0,124,47,2,31.193412557928056,-4.244385006816734,0.848528137423857,0,469.2875061035156
49111.0,8.0,124,48,4,31.0427455558668,-4.499082180782155,0.682842712474619,0,469.2875061035156
49111.0,8.0,124,49,2,32.4710231122194,-4.348014640458681,0.8513997106635237,0,469.2875061035156
49111.0,8.0,124,50,1,34.56996720076959,-4.212461367177201,0.682842712474619,0,469.2875061035156
49111.0,8.0,124,51,1,35.76299403144459,-4.382897897819076,0.613407053921902,0,469.2875061035156
49111.0,8.0,124,52,5,27.446158195812508,-5.448540333540871,0.4308640753373011,0,469.2875061035156
49111.0,8.0,124,53,4,38.0821876904667,-5.555179963559433,0.3414213562373095,0,469.2875061035156
49111.0,8.0,124,54,5,31.331830458942715,-5.341184282431562,0.482842712474619,0,469.2875061035156
49111.0,8.0,124,55,5,26.70419780715998,-5.033502594491427,0.3414213562373095,0,469.2875061035156
49111.0,8.0,124,56,4,38.33223590919653,-5.369958523732798,0.4242640687119285,0,469.2875061035156
49111.0,8.0,124,57,4,33.178168882780334,-5.129081449497626,0.4242640687119285,0,469.2875061035156
49111.0,8.0,124,58,2,45.35456999783662,-5.389834902342242,0.382842712474619,0,469.2875061035156
49111.0,8.0,124,59,2,39.855584305146735,-5.193067769501937,0.4242640687119285,0,469.2875061035156
49111.0,8.0,124,60,5,36.330402983185536,-4.946517094949945,0.482842712474619,0,469.2875061035156
49111.0,8.0,124,61,5,35.50511894401503,-4.809102400922308,0.37888543819998316,0,469.2875061035156
49111.0,8.0,124,62,2,46.64916194525926,-5.23856124602531,0.4242640687119285,0,469.2875061035156
49111.0,8.0,124,63,4,42.515584093494724,-5.0337394702130265,0.4242640687119285,0,469.2875061035156
49111.0,8.0,124,64,1,53.51468041654916,-5.272437753013447,0.3414213562373095,0,469.2875061035156
49111.0,8.0,124,65,2,48.94130771343761,-5.098449990045337,0.382842712474619,0,469.2875061035156
49111.0,8.0,124,66,4,46.11596449514403,-4.896188982998552,0.3414213562373095,0,469.2875061035156
49111.0,8.0,125,1,1,25.300769077427063,2.7874109604991073,0.613407053921902,0,469.92919921875
49111.0,8.0,125,2,4,19.327576838510694,2.7307234806244804,0.6466890965784271,0,469.92919921875
49111.0,8.0,125,3,2,24.051938305356547,2.6547711401435126,0.8513997106635237,0,469.92919921875
49111.0,8.0,125,4,1,28.86929590483322,2.603949144844836,0.682842712474619,0,469.92919921875
49111.0,8.0,125,5,4,20.994089205921014,2.5757734777449173,0.848528137423857,0,469.92919921875
49111.0,8.0,125,6,2,25.897727533170006,2.533874640498763,0.848528137423857,0,469.92919921875
49111.0,8.0,125,9,2,23.08567384166647,2.4462039011939054,0.848528137423857,0,469.92919921875
49111.0,8.0,125,10,2,28.06935778602614,2.4303487629207163,0.8513997106635237,0,469.92919921875
49111.0,8.0,125,11,1,31.561007641981995,2.4222308134619044,0.613407053921902,0,469.92919921875
49111.0,8.0,125,13,4,25.49793897281578,2.3396175077492756,0.848528137423857,0,469.92919921875
49111.0,8.0,125,16,4,28.148560300645432,2.2522564120249555,0.6466890965784271,0,469.92919921875
49111.0,8.0,125,18,1,18.437664616473807,4.31765229260712,0.37888543819998316,0,469.92919921875
49111.0,8.0,125,19,1,20.845120709566807,4.882029882322824,0.3414213562373095,0,469.92919921875
49111.0,8.0,125,20,2,13.942742807234742,4.454342088039027,0.482842712474619,0,469.92919921875
49111.0,8.0,125,21,4,12.420994186496557,3.6844321648203575,0.3308640753373011,0,469.92919921875
49111.0,8.0,125,22,2,13.925234923392837,4.967418938656914,0.4242640687119285,0,469.92919921875
49111.0,8.0,125,23,4,7.3343839048664945,4.204906503176405,0.4242640687119285,0,469.92919921875
49111.0,8.0,125,24,1,22.101668456442837,5.405571555766206,0.37888543819998316,0,469.92919921875
49111.0,8.0,125,25,2,17.129631004626543,5.378431726068214,0.482842712474619,0,469.92919921875
49111.0,8.0,125,26,2,7.301046359731465,5.213388697688696,0.4242640687119285,0,469.92919921875
49111.0,8.0,125,29,4,12.361932236909063,-0.5439456310618302,0.4242640687119285,0,469.92919921875
49111.0,8.0,125,31,4,18.770441105976037,-0.3474427484430884,0.3414213562373095,0,469.92919921875
49111.0,8.0,125,32,5,10.592944770232688,0.0636291215852629,0.4414213562373095,1,469.92919921875
49111.0,8.0,125,33,5,8.49067126306779,1.1466630042003296,0.2601533972186464,0,469.92919921875
49111.0,8.0,125,34,5,14.719479589453087,0.2902243174016279,0.4308640753373011,0,469.92919921875
49111.0,8.0,125,38,4,29.167768832056858,1.6943870535335863,0.6466890965784271,0,469.92919921875
49111.0,8.0,125,39,4,25.65295839051817,1.434778769707421,0.765685424949238,0,469.92919921875
49111.0,8.0,125,40,4,28.94848500322252,1.572874608008361,0.848528137423857,0,469.92919921875
49111.0,8.0,125,41,5,24.83187392586086,1.1786047315482915,0.6034068236642477,0,469.92919921875
49111.0,8.0,125,42,5,26.369116775636385,1.3015610349525746,0.8513997106635237,0,469.92919921875
49111.0,8.0,125,43,2,29.159403788885857,1.4513271311935947,0.848528137423857,0,469.92919921875
49111.0,8.0,125,44,2,32.48401667157917,1.5727448949926575,0.8513997106635237,0,469.92919921875
49111.0,8.0,125,45,1,35.0488187529442,1.6433406707538096,0.613407053921902,0,469.92919921875
49111.0,8.0,125,46,4,29.791389270471804,1.3332349785298971,0.848528137423857,0,469.92919921875
49111.0,8.0,125,47,2,32.67211937510215,1.4643200745797622,0.848528137423857,0,469.92919921875
49111.0,8.0,125,48,4,30.81854831114331,1.221527768709813,0.682842712474619,0,469.92919921875
49111.0,8.0,125,49,2,33.23738000809355,1.3583621742161922,0.8513997106635237,0,469.92919921875
49111.0,8.0,125,50,1,36.18927934621743,1.4747889965956156,0.682842712474619,0,469.92919921875
49111.0,8.0,125,51,1,36.22968741429886,1.306037827978903,0.613407053921902,0,469.92919921875
49111.0,8.0,125,52,5,21.59109006204433,0.19664646521108464,0.4308640753373011,0,469.92919921875
49111.0,8.0,125,53,4,31.79224356591007,0.021779689263653257,0.3414213562373095,0,469.92919921875
49111.0,8.0,125,54,5,25.896481817931086,0.3042159373775517,0.482842712474619,0,469.92919921875
49111.0,8.0,125,55,5,23.032776431397075,0.699083120756754,0.3414213562373095,0,469.92919921875
49111.0,8.0,125,56,4,32.71299223900832,0.23960572950684522,0.4242640687119285,0,469.92919921875
49111.0,8.0,125,57,4,28.810082971447756,0.540644845182608,0.4242640687119285,0,469.92919921875
49111.0,8.0,125,58,2,39.61883329822324,0.19739070722237617,0.382842712474619,0,469.92919921875
49111.0,8.0,125,59,2,35.06469694015175,0.4368207113398024,0.4242640687119285,0,469.92919921875
49111.0,8.0,125,60,5,33.00627199634901,0.7254724002629975,0.482842712474619,0,469.92919921875
49111.0,8.0,125,61,5,33.08102932033879,0.876915263912343,0.37888543819998316,0,469.92919921875
49111.0,8.0,125,62,2,41.58178762616719,0.3649531244948794,0.4242640687119285,0,469.92919921875
49111.0,8.0,125,63,4,38.58660495275473,0.6037077240449007,0.4242640687119285,0,469.92919921875
49111.0,8.0,125,64,1,48.25512566423026,0.3127516169779727,0.3414213562373095,0,469.92919921875
49111.0,8.0,125,65,2,44.59190702877529,0.5136802963307279,0.382842712474619,0,469.92919921875
49111.0,8.0,125,66,4,42.99208289970637,0.739609144355261,0.3414213562373095,0,469.92919921875
49111.0,8.0,126,1,1,32.123983482920714,2.800998478406745,0.613407053921902,0,470.5586853027344
49111.0,8.0,126,2,4,26.058420420983886,2.7775830892299376,0.6466890965784271,0,470.5586853027344
49111.0,8.0,126,3,2,30.56645825741913,2.7009315246251044,0.8513997106635237,0,470.5586853027344
49111.0,8.0,126,4,1,35.20760522910273,2.6442240837355526,0.682842712474619,0,470.5586853027344
49111.0,8.0,126,5,4,27.307152480872773,2.6535069449720634,0.848528137423857,0,470.5586853027344
49111.0,8.0,126,6,2,32.03041792077387,2.598034929601719,0.848528137423857,0,470.5586853027344
49111.0,8.0,126,9,2,28.936480062207323,2.541826031476789,0.848528137423857,0,470.5586853027344
49111.0,8.0,126,10,2,33.80217410102963,2.5050181505776834,0.8513997106635237,0,470.5586853027344
49111.0,8.0,126,11,1,37.22934247139445,2.4849951047924934,0.613407053921902,0,470.5586853027344
49111.0,8.0,126,13,4,30.886229620453967,2.443131616051408,0.848528137423857,0,470.5586853027344
49111.0,8.0,126,16,4,33.099826010785826,2.356884248046586,0.6466890965784271,0,470.5586853027344
49111.0,8.0,126,18,1,22.286381066288406,3.949859315248178,0.37888543819998316,0,470.5586853027344
49111.0,8.0,126,19,1,20.956147019149363,4.469350376143499,0.3414213562373095,0,470.5586853027344
49111.0,8.0,126,20,2,17.311680710427698,3.975435135988632,0.482842712474619,0,470.5586853027344
49111.0,8.0,126,21,4,18.97968598663809,3.4245459299150527,0.3308640753373011,0,470.5586853027344
49111.0,8.0,126,22,2,14.051288248483647,4.380502573292128,0.4242640687119285,0,470.5586853027344
49111.0,8.0,126,23,4,12.568726768195992,3.6179976293233844,0.4242640687119285,0,470.5586853027344
49111.0,8.0,126,24,1,18.436811500320736,5.0308652078775555,0.37888543819998316,0,470.5586853027344
49111.0,8.0,126,25,2,13.970795033359943,4.8906646179777775,0.482842712474619,0,470.5586853027344
49111.0,8.0,126,26,2,7.464402521015774,4.128741169745229,0.4242640687119285,0,470.5586853027344
49111.0,8.0,126,29,4,7.3117520074142845,5.126541115856407,0.4242640687119285,0,470.5586853027344
49111.0,8.0,126,31,4,12.296590171267276,-0.6213715620678366,0.3308640753373011,0,470.5586853027344
49111.0,8.0,126,33,5,8.501441766152997,1.9546397511770768,0.2308640753373011,0,470.5586853027344
49111.0,8.0,126,34,5,8.046852114937547,0.4718562072942707,0.32030679443729265,1,470.5586853027344
49111.0,8.0,126,36,5,22.109539099918717,1.6729179044498252,0.6466890965784271,0,470.5586853027344
49111.0,8.0,126,38,4,30.811782005304828,1.8619528621671875,0.6466890965784271,0,470.5586853027344
49111.0,8.0,126,39,4,25.60216828684087,1.6498368913172503,0.848528137423857,0,470.5586853027344
49111.0,8.0,126,40,4,29.76135273393191,1.7504135323882375,0.848528137423857,0,470.5586853027344
49111.0,8.0,126,41,5,22.976210747265387,1.4040620333326963,0.613407053921902,0,470.5586853027344
49111.0,8.0,126,42,5,25.334625065289806,1.5113018295950398,0.8513997106635237,0,470.5586853027344
49111.0,8.0,126,43,2,29.105159727522654,1.6323042132115075,0.848528137423857,0,470.5586853027344
49111.0,8.0,126,44,2,33.20206948866896,1.7245398827421228,0.8513997106635237,0,470.5586853027344
49111.0,8.0,126,45,1,36.2051706973805,1.776393016174866,0.613407053921902,0,470.5586853027344
49111.0,8.0,126,46,4,28.87009748815713,1.5105308604206877,0.848528137423857,0,470.5586853027344
49111.0,8.0,126,47,2,32.61517475871458,1.6185417314340054,0.848528137423857,0,470.5586853027344
49111.0,8.0,126,48,4,29.066384969355695,1.3885942517542214,0.682842712474619,0,470.5586853027344
49111.0,8.0,126,49,2,32.405583326837096,1.5099281181703845,0.8513997106635237,0,470.5586853027344
49111.0,8.0,126,50,1,36.130166430814825,1.6074552950676892,0.682842712474619,0,470.5586853027344
49111.0,8.0,126,51,1,34.956828894282815,1.4387223600189731,0.613407053921902,0,470.5586853027344
49111.0,8.0,126,52,5,14.577250817004385,0.22081277778113106,0.4308640753373011,0,470.5586853027344
49111.0,8.0,126,53,4,24.59621024138148,-0.04198795920490728,0.3414213562373095,0,470.5586853027344
49111.0,8.0,126,54,5,19.11825696474004,0.34624910235101525,0.482842712474619,0,470.5586853027344
49111.0,8.0,126,55,5,18.056631482683112,0.8880263409967013,0.3414213562373095,0,470.5586853027344
49111.0,8.0,126,56,4,25.75368248992775,0.23606877056548337,0.4242640687119285,0,470.5586853027344
49111.0,8.0,126,57,4,22.88637920081731,0.6332797642446757,0.4242640687119285,0,470.5586853027344
49111.0,8.0,126,58,2,32.572942363473885,0.17148576251811942,0.382842712474619,0,470.5586853027344
49111.0,8.0,126,59,2,28.66235798649133,0.47385088157834465,0.4242640687119285,0,470.5586853027344
49111.0,8.0,126,60,5,27.965424303546246,0.8280509629106154,0.482842712474619,0,470.5586853027344
49111.0,8.0,126,61,5,28.93669041274712,1.0006831550460753,0.37888543819998316,0,470.5586853027344
49111.0,8.0,126,62,2,34.91812105151082,0.36960985357495413,0.4242640687119285,0,470.5586853027344
49111.0,8.0,126,63,4,32.86045296248296,0.6595213588974724,0.4242640687119285,0,470.5586853027344
49111.0,8.0,126,64,1,41.43693509648299,0.2975734794661353,0.3414213562373095,0,470.5586853027344
49111.0,8.0,126,65,2,38.43896176175594,0.5371859987909142,0.382842712474619,0,470.5586853027344
49111.0,8.0,126,66,4,37.922130378623606,0.7995069135272235,0.3414213562373095,0,470.5586853027344
49111.0,8.0,127,1,1,35.42719297000492,2.190100752466865,0.613407053921902,0,470.989990234375
49111.0,8.0,127,2,4,29.32418646979457,2.191886176866958,0.6466890965784271,0,470.989990234375
49111.0,8.0,127,3,2,33.51694069942365,2.10496666815797,0.8513997106635237,0,470.989990234375
49111.0,8.0,127,4,1,37.90597203056637,2.037759499905293,0.682842712474619,0,470.989990234375
49111.0,8.0,127,5,4,30.1052270056866,2.0757679053720914,0.848528137423857,0,470.989990234375
49111.0,8.0,127,6,2,34.56590943107559,2.0057309372494947,0.848528137423857,0,470.989990234375
49111.0,8.0,127,9,2,31.268857894278145,1.9669008867330136,0.848528137423857,0,470.989990234375
49111.0,8.0,127,10,2,35.9335341393796,1.91318879737715,0.8513997106635237,0,470.989990234375
49111.0,8.0,127,11,1,39.247968825906625,1.8832440272712017,0.613407053921902,0,470.989990234375
49111.0,8.0,127,13,4,32.77435361622254,1.8669309277759827,0.848528137423857,0,470.989990234375
49111.0,8.0,127,16,4,34.57708830873182,1.7765533137338625,0.6466890965784271,0,470.989990234375
49111.0,8.0,127,18,1,27.088901474968157,3.184141724133232,0.37888543819998316,0,470.989990234375
49111.0,8.0,127,19,1,24.72266045185296,3.6095841427406716,0.3414213562373095,0,470.989990234375
49111.0,8.0,127,20,2,22.09445050876829,3.193767872105879,0.482842712474619,0,470.989990234375
49111.0,8.0,127,21,4,23.772243199816213,2.7602275426472973,0.3308640753373011,0,470.989990234375
49111.0,8.0,127,22,2,18.139556271168605,3.4876192907016383,0.4242640687119285,0,470.989990234375
49111.0,8.0,127,23,4,17.49280724131176,2.9198178811437145,0.4242640687119285,0,470.989990234375
49111.0,8.0,127,24,1,20.1604776335278,4.0708644485246515,0.37888543819998316,0,470.989990234375
49111.0,8.0,127,25,2,16.429311006410867,3.887723500485413,0.482842712474619,0,470.989990234375
49111.0,8.0,127,26,2,12.119284781379225,3.2368130343789385,0.4242640687119285,0,470.989990234375
49111.0,8.0,127,29,4,9.367807750090256,3.858086774837488,0.4242640687119285,0,470.989990234375
49111.0,8.0,127,31,4,11.341718585520098,4.529351795590513,0.3308640753373011,0,470.989990234375
49111.0,8.0,127,33,5,9.0853831733574,1.8000187500050648,0.2046669094406771,0,470.989990234375
49111.0,8.0,127,35,5,24.256739286638762,1.386900406205739,0.613407053921902,0,470.989990234375
49111.0,8.0,127,36,5,20.45021543165943,1.1722862558306855,0.682842712474619,0,470.989990234375
49111.0,8.0,127,37,5,25.13341825010438,1.24956027565912,0.8513997106635237,0,470.989990234375
49111.0,8.0,127,38,4,29.91932677498072,1.30234995262949,0.682842712474619,0,470.989990234375
49111.0,8.0,127,39,4,23.761904219778355,1.1161170131592946,0.848528137423857,0,470.989990234375
49111.0,8.0,127,40,4,28.33911596862751,1.1936802813111176,0.848528137423857,0,470.989990234375
49111.0,8.0,127,41,5,20.07195282357404,0.8704765188908893,0.613407053921902,0,470.989990234375
49111.0,8.0,127,42,5,22.85973471773373,0.9693094336754616,0.8513997106635237,0,470.989990234375
49111.0,8.0,127,43,2,27.130146942074592,1.0737872709634366,0.848528137423857,0,470.989990234375
49111.0,8.0,127,44,2,31.615222201211203,1.149265408034851,0.8513997106635237,0,470.989990234375
49111.0,8.0,127,45,1,34.838290084981736,1.1903826967158107,0.613407053921902,0,470.989990234375
49111.0,8.0,127,46,4,26.343580855946666,0.944763408671146,0.848528137423857,0,470.989990234375
49111.0,8.0,127,47,2,30.536235099422427,1.0408520797824736,0.848528137423857,0,470.989990234375
49111.0,8.0,127,48,4,26.017756081742334,0.8101902804037495,0.682842712474619,0,470.989990234375
49111.0,8.0,127,49,2,29.83958835611575,0.9259597866787973,0.8513997106635237,0,470.989990234375
49111.0,8.0,127,50,1,33.96878618667198,1.0145491656734698,0.682842712474619,0,470.989990234375
49111.0,8.0,127,51,1,32.06556323187157,0.8386152135615271,0.613407053921902,0,470.989990234375
49111.0,8.0,127,52,5,10.04113054064577,-0.6594798950738467,0.37888543819998316,1,470.989990234375
49111.0,8.0,127,53,4,20.693613972222728,-0.8955343369619451,0.3414213562373095,0,470.989990234375
49111.0,8.0,127,54,5,14.32412170774071,-0.4439428658804667,0.482842712474619,0,470.989990234375
49111.0,8.0,127,55,5,13.495749929698812,0.2891186315008232,0.3414213562373095,0,470.989990234375
49111.0,8.0,127,56,4,21.120114136260003,-0.5562906108943655,0.4242640687119285,0,470.989990234375
49111.0,8.0,127,57,4,17.972590926058672,-0.06415606194112988,0.4242640687119285,0,470.989990234375
49111.0,8.0,127,58,2,28.052414861454096,-0.6135683156127509,0.382842712474619,0,470.989990234375
49111.0,8.0,127,59,2,23.74642674226856,-0.26207110954329127,0.4242640687119285,0,470.989990234375
49111.0,8.0,127,60,5,23.256130084189078,0.1662148688126177,0.482842712474619,0,470.989990234375
49111.0,8.0,127,61,5,24.583022357434466,0.36817424371139573,0.37888543819998316,0,470.989990234375
49111.0,8.0,127,62,2,30.07942056384079,-0.3798277061762483,0.4242640687119285,0,470.989990234375
49111.0,8.0,127,63,4,27.95936953729832,-0.04122361362986382,0.4242640687119285,0,470.989990234375
49111.0,8.0,127,64,1,36.68310646451428,-0.45595366796311865,0.3414213562373095,0,470.989990234375
49111.0,8.0,127,65,2,33.50529963085969,-0.18466831548348872,0.382842712474619,0,470.989990234375
49111.0,8.0,127,66,4,33.1596125855005,0.11629893446454775,0.3414213562373095,0,470.989990234375
49111.0,8.0,128,1,1,41.00641140402949,3.540512755986425,0.613407053921902,0,471.7170104980469
49111.0,8.0,128,2,4,34.930342240864135,3.5557232157015974,0.6466890965784271,0,471.7170104980469
49111.0,8.0,128,3,2,38.84998080785792,3.4714305241920798,0.8513997106635237,0,471.7170104980469
49111.0,8.0,128,4,1,42.99433926086037,3.402975345176163,0.682842712474619,0,471.7170104980469
49111.0,8.0,128,5,4,35.36200649828637,3.4558372730624605,0.848528137423857,0,471.7170104980469
49111.0,8.0,128,6,2,39.55583020607555,3.383028229315492,0.848528137423857,0,471.7170104980469
49111.0,8.0,128,9,2,36.13605122458454,3.359294681258451,0.848528137423857,0,471.7170104980469
49111.0,8.0,128,10,2,40.55867845249435,3.2983593602311507,0.8513997106635237,0,471.7170104980469
49111.0,8.0,128,11,1,43.72860548437088,3.2631252528321717,0.613407053921902,0,471.7170104980469
49111.0,8.0,128,13,4,37.23112800637053,3.267612825263615,0.848528137423857,0,471.7170104980469
49111.0,8.0,128,16,4,38.619937689588504,3.1818426002121747,0.6466890965784271,0,471.7170104980469
49111.0,8.0,128,18,1,32.881323450539554,4.3702482022803695,0.37888543819998316,0,471.7170104980469
49111.0,8.0,128,19,1,29.142584335981756,4.712294337783714,0.3414213562373095,0,471.7170104980469
49111.0,8.0,128,20,2,27.88681805430429,4.362509363476511,0.482842712474619,0,471.7170104980469
49111.0,8.0,128,21,4,30.100814284798577,4.0243127235191345,0.3308640753373011,0,471.7170104980469
49111.0,8.0,128,22,2,23.129539788368245,4.568862834010472,0.4242640687119285,0,471.7170104980469
49111.0,8.0,128,23,4,23.73520613425913,4.139561617609511,0.4242640687119285,0,471.7170104980469
49111.0,8.0,128,24,1,22.429543034634403,5.063800212272735,0.37888543819998316,0,471.7170104980469
49111.0,8.0,128,25,2,19.80597385764073,4.861510314906502,0.482842712474619,0,471.7170104980469
49111.0,8.0,128,26,2,17.90700979682567,4.334085300239629,0.4242640687119285,0,471.7170104980469
49111.0,8.0,128,29,4,13.340239484036582,4.685175417144283,0.4242640687119285,0,471.7170104980469
49111.0,8.0,128,31,4,11.63026135214883,5.243225449791378,0.3308640753373011,0,471.7170104980469
49111.0,8.0,128,33,5,13.857553101013604,3.4449125790383994,0.2046669094406771,0,471.7170104980469
49111.0,8.0,128,35,5,26.453724184013026,2.8937076433514677,0.613407053921902,0,471.7170104980469
49111.0,8.0,128,36,5,21.526786941650467,2.7426166125931672,0.682842712474619,0,471.7170104980469
49111.0,8.0,128,37,5,26.506504027092,2.7614515804238184,0.8513997106635237,0,471.7170104980469
49111.0,8.0,128,38,4,31.492649228752978,2.7743258090735106,0.682842712474619,0,471.7170104980469
49111.0,8.0,128,39,4,24.366888405214223,2.650645245431896,0.848528137423857,0,471.7170104980469
49111.0,8.0,128,40,4,29.290569305822558,2.6832220343862323,0.848528137423857,0,471.7170104980469
49111.0,8.0,128,41,5,19.292775994427565,2.4630048202789516,0.613407053921902,0,471.7170104980469
49111.0,8.0,128,42,5,22.58087122690536,2.52047418358846,0.8513997106635237,0,471.7170104980469
49111.0,8.0,128,43,2,27.369471041163976,2.5783463882648987,0.848528137423857,0,471.7170104980469
49111.0,8.0,128,44,2,32.22235473673743,2.61889070528842,0.8513997106635237,0,471.7170104980469
49111.0,8.0,128,45,1,35.64357844794861,2.6406792641526806,0.613407053921902,0,471.7170104980469
49111.0,8.0,128,46,4,25.79221665322763,2.459182216302664,0.848528137423857,0,471.7170104980469
49111.0,8.0,128,47,2,30.486564903151418,2.5205785425329403,0.848528137423857,0,471.7170104980469
49111.0,8.0,128,48,4,24.624965679183223,2.3266626428195267,0.682842712474619,0,471.7170104980469
49111.0,8.0,128,49,2,29.07887780516956,2.4115984777335,0.8513997106635237,0,471.7170104980469
49111.0,8.0,128,50,1,33.68639687047302,2.4736522933477376,0.682842712474619,0,471.7170104980469
49111.0,8.0,128,51,1,30.70629197644013,2.307854634246883,0.613407053921902,0,471.7170104980469
49111.0,8.0,128,53,4,15.347649573040936,0.18560124265864086,0.3414213562373095,0,471.7170104980469
49111.0,8.0,128,54,5,7.995920636857656,0.8074985905731475,0.382842712474619,1,471.7170104980469
49111.0,8.0,128,55,5,9.608285291611018,2.0034726298922108,0.3414213562373095,0,471.7170104980469
49111.0,8.0,128,56,4,14.87399530922221,0.6569047907127463,0.4242640687119285,0,471.7170104980469
49111.0,8.0,128,57,4,12.231930995261001,1.3881185933756592,0.4242640687119285,0,471.7170104980469
49111.0,8.0,128,58,2,21.875482305233923,0.6020400835264801,0.382842712474619,0,471.7170104980469
49111.0,8.0,128,59,2,17.519164520623264,1.0659881214387001,0.4242640687119285,0,471.7170104980469
49111.0,8.0,128,60,5,18.311349620241742,1.62999943694662,0.482842712474619,0,471.7170104980469
49111.0,8.0,128,61,5,20.60334255944308,1.8592818307960592,0.37888543819998316,0,471.7170104980469
49111.0,8.0,128,62,2,23.753360080807578,0.9022282518449569,0.4242640687119285,0,471.7170104980469
49111.0,8.0,128,63,4,22.194740695546898,1.3358184810407019,0.4242640687119285,0,471.7170104980469
49111.0,8.0,128,64,1,30.35659903145181,0.8080029031114666,0.3414213562373095,0,471.7170104980469
49111.0,8.0,128,65,2,27.384439088109943,1.140695665398933,0.382842712474619,0,471.7170104980469
49111.0,8.0,128,66,4,27.89788349650321,1.5040082293697217,0.3414213562373095,0,471.7170104980469
49111.0,8.0,129,1,1,48.055729066738536,2.559771316489881,0.613407053921902,0,472.3277893066406
49111.0,8.0,129,2,4,41.97638302505973,2.5717935543530004,0.6466890965784271,0,472.3277893066406
49111.0,8.0,129,3,2,45.89739253125694,2.5010951280355567,0.8513997106635237,0,472.3277893066406
49111.0,8.0,129,4,1,50.011244240370964,2.441769815657964,0.682842712474619,0,472.3277893066406
49111.0,8.0,129,5,4,42.405177464860714,2.488588336580151,0.848528137423857,0,472.3277893066406
49111.0,8.0,129,6,2,46.55913428241647,2.425947173624553,0.848528137423857,0,472.3277893066406
49111.0,8.0,129,9,2,43.120545216707775,2.4075957959064893,0.848528137423857,0,472.3277893066406
49111.0,8.0,129,10,2,47.475628790863816,2.3533018488985977,0.8513997106635237,0,472.3277893066406
49111.0,8.0,129,11,1,50.59518816645638,2.3209210926730703,0.613407053921902,0,472.3277893066406
49111.0,8.0,129,13,4,44.10854524631194,2.329737459311442,0.848528137423857,0,472.3277893066406
49111.0,8.0,129,16,4,45.35136279877106,2.2557161395239453,0.6466890965784271,0,472.3277893066406
49111.0,8.0,129,17,5,39.41966188891654,2.2217284725429423,0.43533959677349143,0,472.3277893066406
49111.0,8.0,129,18,1,37.863249043393196,3.2523172511336362,0.37888543819998316,0,472.3277893066406
49111.0,8.0,129,19,1,32.36245646016938,3.5312818438021143,0.3414213562373095,0,472.3277893066406
49111.0,8.0,129,20,2,32.96113479144604,3.224447843559544,0.482842712474619,0,472.3277893066406
49111.0,8.0,129,21,4,36.40802418895305,2.9526332204472867,0.3308640753373011,0,472.3277893066406
49111.0,8.0,129,22,2,27.289068801554514,3.365347889314357,0.4242640687119285,0,472.3277893066406
49111.0,8.0,129,23,4,29.728792351178537,3.0232017654533343,0.4242640687119285,0,472.3277893066406
49111.0,8.0,129,24,1,23.630409138868487,3.784443157289637,0.37888543819998316,0,472.3277893066406
49111.0,8.0,129,25,2,22.42655001046922,3.573243734394607,0.482842712474619,0,472.3277893066406
49111.0,8.0,129,26,2,23.28213830333444,3.1336881699356907,0.4242640687119285,0,472.3277893066406
49111.0,8.0,129,29,4,17.329594146767942,3.323987909679749,0.4242640687119285,0,472.3277893066406
49111.0,8.0,129,31,4,12.592525664369115,3.681262975350139,0.3308640753373011,0,472.3277893066406
49111.0,8.0,129,33,5,20.899457883275968,2.490719521242945,0.2046669094406771,0,472.3277893066406
49111.0,8.0,129,35,5,32.46310336248394,2.043358770151993,0.613407053921902,0,472.3277893066406
49111.0,8.0,129,36,5,27.046565690565217,1.9484008757741613,0.682842712474619,0,472.3277893066406
49111.0,8.0,129,37,5,32.03233717598229,1.9355945901509142,0.8513997106635237,0,472.3277893066406
49111.0,8.0,129,38,4,37.0219466567815,1.9262390142842936,0.682842712474619,0,472.3277893066406
49111.0,8.0,129,39,4,29.456731991411875,1.8567255512897343,0.848528137423857,0,472.3277893066406
49111.0,8.0,129,40,4,34.45653739010386,1.8581102031347154,0.848528137423857,0,472.3277893066406
49111.0,8.0,129,41,5,23.619690043704804,1.7482499370486533,0.613407053921902,0,472.3277893066406
49111.0,8.0,129,42,5,27.098477711338663,1.7634581731130783,0.8513997106635237,0,472.3277893066406
49111.0,8.0,129,43,2,32.07618124985697,1.7794564837456606,0.848528137423857,0,472.3277893066406
49111.0,8.0,129,44,2,37.05988819296996,1.7911543403555723,0.8513997106635237,0,472.3277893066406
49111.0,8.0,129,45,1,40.550869896793394,1.7976314306152363,0.613407053921902,0,472.3277893066406
49111.0,8.0,129,46,4,29.925070396437278,1.6888619345231757,0.848528137423857,0,472.3277893066406
49111.0,8.0,129,47,2,34.85776452289338,1.7141784689670436,0.848528137423857,0,472.3277893066406
49111.0,8.0,129,48,4,28.055984618077073,1.5852422102869692,0.682842712474619,0,472.3277893066406
49111.0,8.0,129,49,2,32.88908910553065,1.6274178001499628,0.8513997106635237,0,472.3277893066406
49111.0,8.0,129,50,1,37.765673454782885,1.658745732163915,0.682842712474619,0,472.3277893066406
49111.0,8.0,129,51,1,33.88819451112786,1.5268998808313639,0.613407053921902,0,472.3277893066406
49111.0,8.0,129,53,4,8.511764162593654,-0.9424796643938997,0.31213203435596426,0,472.3277893066406
49111.0,8.0,129,55,5,12.274598419771007,1.637711253405944,0.3308640753373011,1,472.3277893066406
49111.0,8.0,129,56,4,8.355526140179943,-0.07749840268468922,0.4242640687119285,0,472.3277893066406
49111.0,8.0,129,57,4,10.436600772413687,1.024897938987972,0.4242640687119285,0,472.3277893066406
49111.0,8.0,129,58,2,15.102042457738339,-0.266296810420126,0.382842712474619,0,472.3277893066406
49111.0,8.0,129,59,2,12.929791374915801,0.44728534762335026,0.4242640687119285,0,472.3277893066406
49111.0,8.0,129,60,5,17.50106635614992,1.0475026427030851,0.482842712474619,0,472.3277893066406
49111.0,8.0,129,61,5,21.233022227278916,1.2203351605327128,0.37888543819998316,0,472.3277893066406
49111.0,8.0,129,62,2,18.039855163358382,0.12588851555130787,0.4242640687119285,0,472.3277893066406
49111.0,8.0,129,63,4,19.093040431488742,0.6683410120587914,0.4242640687119285,0,472.3277893066406
49111.0,8.0,129,64,1,24.159744279090564,-0.0439862369353643,0.3414213562373095,0,472.3277893066406
49111.0,8.0,129,65,2,22.864843367811748,0.3810955568385308,0.382842712474619,0,472.3277893066406
49111.0,8.0,129,66,4,25.72758987620256,0.7787575442318053,0.3414213562373095,0,472.3277893066406
49111.0,8.0,130,1,1,44.673045056103525,0.8769903023260351,0.613407053921902,0,473.277587890625
49111.0,8.0,130,2,4,38.81807746844571,0.9183733269062004,0.682842712474619,0,473.277587890625
49111.0,8.0,130,3,2,42.041799937272394,0.8237291113424094,0.8513997106635237,0,473.277587890625
49111.0,8.0,130,4,1,45.58708968101629,0.7431713291464808,0.682842712474619,0,473.277587890625
49111.0,8.0,130,5,4,38.50910136948429,0.8272474344774212,0.848528137423857,0,473.277587890625
49111.0,8.0,130,6,2,42.05497226137002,0.7396223943709281,0.848528137423857,0,473.277587890625
49111.0,8.0,130,8,5,34.97697577842883,0.8314764099618444,0.765685424949238,0,473.277587890625
49111.0,8.0,130,9,2,38.523481647226305,0.7354227286883815,0.848528137423857,0,473.277587890625
49111.0,8.0,130,10,2,42.36423540964202,0.656157312564491,0.8513997106635237,0,473.277587890625
49111.0,8.0,130,11,1,45.187911042414164,0.608886624182439,0.613407053921902,0,473.277587890625
49111.0,8.0,130,12,4,34.99280761161873,0.730375489940041,0.848528137423857,0,473.277587890625
49111.0,8.0,130,13,4,38.860859333822596,0.64443150734827,0.848528137423857,0,473.277587890625
49111.0,8.0,130,14,5,31.463225055028005,0.7241956523352804,0.682842712474619,0,473.277587890625
49111.0,8.0,130,15,5,35.3638846067952,0.6303844157655587,0.8513997106635237,0,473.277587890625
49111.0,8.0,130,16,4,39.512961646807895,0.5557249531327534,0.682842712474619,0,473.277587890625
49111.0,8.0,130,17,5,33.42059726970343,0.5456855495178302,0.613407053921902,0,473.277587890625
49111.0,8.0,130,18,1,40.87056064861648,1.605865907362272,0.37888543819998316,0,473.277587890625
49111.0,8.0,130,19,1,37.62457729665562,1.8795495428653377,0.3414213562373095,0,473.277587890625
49111.0,8.0,130,20,2,35.87406338834205,1.6107527989937476,0.482842712474619,0,473.277587890625
49111.0,8.0,130,21,4,36.85495938445127,1.3361991426449926,0.3308640753373011,0,473.277587890625
49111.0,8.0,130,22,2,31.50911481825447,1.7764057340812558,0.4242640687119285,0,473.277587890625
49111.0,8.0,130,23,4,31.050989096463788,1.455667226243894,0.4242640687119285,0,473.277587890625
49111.0,8.0,130,24,1,30.627282048032257,2.1371379043846934,0.37888543819998316,0,473.277587890625
49111.0,8.0,130,25,2,28.261284635860125,1.987279826427194,0.482842712474619,0,473.277587890625
49111.0,8.0,130,26,2,25.88512732261275,1.6261853778352102,0.4242640687119285,0,473.277587890625
49111.0,8.0,130,29,4,21.815492411289583,1.87012948428618,0.4242640687119285,0,473.277587890625
49111.0,8.0,130,31,4,19.53948826827851,2.1958290385301082,0.3308640753373011,0,473.277587890625
49111.0,8.0,130,33,5,18.013073481883445,1.0751526997442438,0.2046669094406771,0,473.277587890625
49111.0,8.0,130,35,5,25.3523101956803,0.37752666367550297,0.613407053921902,0,473.277587890625
49111.0,8.0,130,36,5,19.46540048443884,0.3050055720349088,0.682842712474619,0,473.277587890625
49111.0,8.0,130,37,5,24.281095931587945,0.24312817415088078,0.8513997106635237,0,473.277587890625
49111.0,8.0,130,38,4,29.158899554996268,0.20183573805381316,0.682842712474619,0,473.277587890625
49111.0,8.0,130,39,4,21.330953236050114,0.15748471406634307,0.848528137423857,0,473.277587890625
49111.0,8.0,130,40,4,26.28077947051688,0.12764202464692384,0.848528137423857,0,473.277587890625
49111.0,8.0,130,41,5,15.09068089068772,0.05605268925766877,0.613407053921902,1,473.277587890625
49111.0,8.0,130,42,5,18.586218342582143,0.045502649959779456,0.8513997106635237,0,473.277587890625
49111.0,8.0,130,43,2,23.582139765032384,0.035858136128331976,0.848528137423857,0,473.277587890625
49111.0,8.0,130,44,2,28.579487740631503,0.029586035037894046,0.8513997106635237,0,473.277587890625
49111.0,8.0,130,45,1,32.07812310672923,0.02635840866603264,0.613407053921902,0,473.277587890625
49111.0,8.0,130,46,4,21.13185420679174,-0.07837763989215216,0.848528137423857,0,473.277587890625
49111.0,8.0,130,47,2,26.119438467097382,-0.06338873609713153,0.848528137423857,0,473.277587890625
49111.0,8.0,130,48,4,19.026119113909747,-0.22013501307305475,0.682842712474619,0,473.277587890625
49111.0,8.0,130,49,2,23.93037843737676,-0.17449486416353993,0.8513997106635237,0,473.277587890625
49111.0,8.0,130,50,1,28.86750449511442,-0.14442006688560352,0.682842712474619,0,473.277587890625
49111.0,8.0,130,51,1,24.77892248539165,-0.31405154817141784,0.613407053921902,0,473.277587890625
49111.0,8.0,130,53,4,16.454752715931146,3.09019092217784,0.31213203435596426,0,473.277587890625
49111.0,8.0,130,56,4,12.164472319849027,-2.793045082604512,0.4242640687119285,0,473.277587890625
49111.0,8.0,130,57,4,4.3947689426342675,-1.9029438664841063,0.382842712474619,0,473.277587890625
49111.0,8.0,130,58,2,18.81090852296968,-2.6333270695737,0.382842712474619,0,473.277587890625
49111.0,8.0,130,59,2,11.18882865622237,-2.183339647170505,0.4242640687119285,0,473.277587890625
49111.0,8.0,130,60,5,9.824942439377057,-1.1992533468662985,0.482842712474619,0,473.277587890625
49111.0,8.0,130,61,5,12.537914402182572,-0.8185427856248955,0.37888543819998316,0,473.277587890625
49111.0,8.0,130,62,2,18.195213088542356,-2.25023076728651,0.4242640687119285,0,473.277587890625
49111.0,8.0,130,63,4,14.22692470550936,-1.6716933206187496,0.4242640687119285,0,473.277587890625
49111.0,8.0,130,64,1,25.23770338158017,-2.2798683598712333,0.3414213562373095,0,473.277587890625
49111.0,8.0,130,65,2,20.205971375199777,-1.8948081713296698,0.382842712474619,0,473.277587890625
49111.0,8.0,130,66,4,19.483862205788725,-1.386684363414811,0.3414213562373095,0,473.277587890625
49111.0,8.0,131,1,1,38.41402274311889,1.0689227500525034,0.613407053921902,0,474.2367858886719
49111.0,8.0,131,2,4,33.164328978597375,1.1561666680228593,0.682842712474619,0,474.2367858886719
49111.0,8.0,131,3,2,35.32368887720667,1.0243133039447063,0.8513997106635237,0,474.2367858886719
49111.0,8.0,131,4,1,38.02174739786106,0.9093848075052455,0.682842712474619,0,474.2367858886719
49111.0,8.0,131,5,4,31.934317091390533,1.0542689537269971,0.848528137423857,0,474.2367858886719
49111.0,8.0,131,6,2,34.53535706180751,0.9255961195235504,0.848528137423857,0,474.2367858886719
49111.0,8.0,131,7,5,27.259219078838605,1.2074781248374813,0.613407053921902,0,474.2367858886719
49111.0,8.0,131,8,5,28.580381738060474,1.091295316672126,0.8513997106635237,0,474.2367858886719
49111.0,8.0,131,9,2,31.0600788728284,0.9454413966109633,0.848528137423857,0,474.2367858886719
49111.0,8.0,131,10,2,34.097196055971835,0.8233158136966281,0.8513997106635237,0,474.2367858886719
49111.0,8.0,131,11,1,36.4813921662061,0.7506486803220809,0.613407053921902,0,474.2367858886719
49111.0,8.0,131,12,4,27.600110720540677,0.9702742384902407,0.848528137423857,0,474.2367858886719
49111.0,8.0,131,13,4,30.572150579885033,0.8317443927805147,0.848528137423857,0,474.2367858886719
49111.0,8.0,131,14,5,24.162030626292314,1.0021987810406057,0.682842712474619,0,474.2367858886719
49111.0,8.0,131,15,5,27.049842943702057,0.8423689615889681,0.8513997106635237,0,474.2367858886719
49111.0,8.0,131,16,4,30.489084646345294,0.7159086057699601,0.682842712474619,0,474.2367858886719
49111.0,8.0,131,17,5,24.4605775864714,0.7507860520358972,0.613407053921902,0,474.2367858886719
49111.0,8.0,131,18,1,42.73745795844763,1.8377564721280184,0.37888543819998316,0,474.2367858886719
49111.0,8.0,131,19,1,42.3990006704944,2.101043142618528,0.3414213562373095,0,474.2367858886719
49111.0,8.0,131,20,2,37.99283901530268,1.876908051987891,0.482842712474619,0,474.2367858886719
49111.0,8.0,131,21,4,35.905937879810715,1.611341285559204,0.3308640753373011,0,474.2367858886719
49111.0,8.0,131,22,2,35.53211281140304,2.0575769148570155,0.4242640687119285,0,474.2367858886719
49111.0,8.0,131,23,4,31.753922583334372,1.7810548451297505,0.4242640687119285,0,474.2367858886719
49111.0,8.0,131,24,1,37.86444223739178,2.356795407485164,0.37888543819998316,0,474.2367858886719
49111.0,8.0,131,25,2,34.37450021806628,2.2575081314557686,0.482842712474619,0,474.2367858886719
49111.0,8.0,131,26,2,28.76433249404476,1.9934834284577825,0.4242640687119285,0,474.2367858886719
49111.0,8.0,131,28,5,25.90478067282447,1.4472887696494587,0.3432888729461454,0,474.2367858886719
49111.0,8.0,131,29,4,27.321457651954184,2.2410433517281327,0.4242640687119285,0,474.2367858886719
49111.0,8.0,131,31,4,27.668344233565776,2.4986277586901395,0.3308640753373011,0,474.2367858886719
49111.0,8.0,131,33,5,16.034287941761985,1.7056568022425094,0.2308640753373011,0,474.2367858886719
49111.0,8.0,131,35,5,15.413448104785955,0.6129709699334326,0.613407053921902,0,474.2367858886719
49111.0,8.0,131,36,5,9.317186043581415,0.6373843084839992,0.682842712474619,1,474.2367858886719
49111.0,8.0,131,37,5,13.590446463003657,0.40617026412901464,0.8513997106635237,0,474.2367858886719
49111.0,8.0,131,38,4,18.23706430204239,0.28882522780322556,0.682842712474619,0,474.2367858886719
49111.0,8.0,131,39,4,10.331401031009877,0.29043499063516454,0.848528137423857,0,474.2367858886719
49111.0,8.0,131,40,4,15.15348562399464,0.18473500567065432,0.848528137423857,0,474.2367858886719
49111.0,8.0,131,42,5,7.3331752647359565,0.07475505741956111,0.765685424949238,0,474.2367858886719
49111.0,8.0,131,43,2,12.315264461488253,0.03025749903862404,0.848528137423857,0,474.2367858886719
49111.0,8.0,131,44,2,17.307686675273963,0.011409224124707802,0.8513997106635237,0,474.2367858886719
49111.0,8.0,131,45,1,20.804547905556564,0.0035995339073752394,0.613407053921902,0,474.2367858886719
49111.0,8.0,131,46,4,9.934956011788824,-0.20663581210634735,0.848528137423857,0,474.2367858886719
49111.0,8.0,131,47,2,14.88602130353303,-0.1492465557519892,0.848528137423857,0,474.2367858886719
49111.0,8.0,131,48,4,8.410764718856557,-0.5574156836688946,0.682842712474619,0,474.2367858886719
49111.0,8.0,131,49,2,12.985809272010062,-0.3641003479760762,0.8513997106635237,0,474.2367858886719
49111.0,8.0,131,50,1,17.791051732319897,-0.2731528670799089,0.682842712474619,0,474.2367858886719
49111.0,8.0,131,51,1,14.500244654276058,-0.5945586507392826,0.613407053921902,0,474.2367858886719
49111.0,8.0,131,53,4,27.722617199894984,3.0775778426538163,0.31213203435596426,0,474.2367858886719
49111.0,8.0,131,56,4,23.09543867081984,-2.993901907853921,0.4242640687119285,0,474.2367858886719
49111.0,8.0,131,57,4,13.38580763285208,-2.857737216811977,0.382842712474619,0,474.2367858886719
49111.0,8.0,131,58,2,29.197166160385617,-2.8561851130684692,0.382842712474619,0,474.2367858886719
49111.0,8.0,131,59,2,19.95632908085271,-2.6976872244511787,0.4242640687119285,0,474.2367858886719
49111.0,8.0,131,60,5,12.001484448575862,-2.3035836443134197,0.482842712474619,0,474.2367858886719
49111.0,8.0,131,61,5,9.587799969881964,-1.8924875869863083,0.37888543819998316,0,474.2367858886719
49111.0,8.0,131,62,2,26.78302251021819,-2.6179529236466688,0.4242640687119285,0,474.2367858886719
49111.0,8.0,131,63,4,19.055467807665465,-2.3360689798398204,0.4242640687119285,0,474.2367858886719
49111.0,8.0,131,64,1,33.71061434003274,-2.5707835655702205,0.3414213562373095,0,474.2367858886719
49111.0,8.0,131,65,2,26.118692114432942,-2.350993852461919,0.382842712474619,0,474.2367858886719
49111.0,8.0,131,66,4,20.687354503528532,-1.987783717011247,0.3414213562373095,0,474.2367858886719
49111.0,8.0,132,1,1,33.52166866571586,0.3970940375134294,0.613407053921902,0,474.7420043945313
49111.0,8.0,132,2,4,28.5805917801809,0.5129064457073421,0.682842712474619,0,474.7420043945313
49111.0,8.0,132,3,2,30.311216671047138,0.3533613380238828,0.8513997106635237,0,474.7420043945313
49111.0,8.0,132,4,1,32.72139186607116,0.21414743141154757,0.682842712474619,0,474.7420043945313
49111.0,8.0,132,5,4,27.021838307908954,0.39865436430519774,0.848528137423857,0,474.7420043945313
49111.0,8.0,132,6,2,29.276259581999167,0.23981441238840728,0.848528137423857,0,474.7420043945313
49111.0,8.0,132,7,5,22.912788880813057,0.6014092229544089,0.613407053921902,0,474.7420043945313
49111.0,8.0,132,8,5,23.8031433848218,0.45634333797704285,0.8513997106635237,0,474.7420043945313
49111.0,8.0,132,9,2,25.855546108566493,0.27229931296741394,0.848528137423857,0,474.7420043945313
49111.0,8.0,132,10,2,28.643129964199616,0.11962373574883445,0.8513997106635237,0,474.7420043945313
49111.0,8.0,132,11,1,30.92770012218344,0.030506816222694133,0.613407053921902,0,474.7420043945313
49111.0,8.0,132,12,4,22.4704061830626,0.3146284604760031,0.848528137423857,0,474.7420043945313
49111.0,8.0,132,13,4,25.136403553524516,0.13640992360127535,0.848528137423857,0,474.7420043945313
49111.0,8.0,132,14,5,19.139724227151966,0.37182433136192905,0.682842712474619,0,474.7420043945313
49111.0,8.0,132,15,5,21.63905434775859,0.1586302082332679,0.8513997106635237,0,474.7420043945313
49111.0,8.0,132,16,4,24.903178564975835,-0.004710378384346847,0.682842712474619,0,474.7420043945313
49111.0,8.0,132,17,5,18.916031798725108,0.04989136107748393,0.613407053921902,0,474.7420043945313
49111.0,8.0,132,18,1,41.32521338904555,1.2175496116626259,0.37888543819998316,0,474.7420043945313
49111.0,8.0,132,19,1,42.46967637027092,1.4838085838023027,0.3414213562373095,0,474.7420043945313
49111.0,8.0,132,20,2,36.844438795335066,1.2744172082766627,0.482842712474619,0,474.7420043945313
49111.0,8.0,132,21,4,33.3369454103227,1.0064107575277115,0.3414213562373095,0,474.7420043945313
49111.0,8.0,132,22,2,35.43067102190434,1.4664689726935247,0.4242640687119285,0,474.7420043945313
49111.0,8.0,132,23,4,30.152474329813398,1.205872576906303,0.4242640687119285,0,474.7420043945313
49111.0,8.0,132,24,1,39.38569027461382,1.7473318888577034,0.37888543819998316,0,474.7420043945313
49111.0,8.0,132,25,2,35.399890225559055,1.6664617235341552,0.482842712474619,0,474.7420043945313
49111.0,8.0,132,26,2,28.407595588667405,1.4405444533626577,0.4242640687119285,0,474.7420043945313
49111.0,8.0,132,27,5,23.681865346228953,1.099111073466942,0.4414213562373095,0,474.7420043945313
49111.0,8.0,132,28,5,22.643992047577253,0.8875029605819421,0.4538461538461539,0,474.7420043945313
49111.0,8.0,132,29,4,28.369195724385555,1.6902722866701225,0.4242640687119285,0,474.7420043945313
49111.0,8.0,132,31,4,30.04381874808387,1.9261337495932689,0.3308640753373011,0,474.7420043945313
49111.0,8.0,132,33,5,14.502053760174933,1.313542603829728,0.2601533972186464,0,474.7420043945313
49111.0,8.0,132,35,5,9.771370580702818,-0.12084697104116793,0.6034068236642477,0,474.7420043945313
49111.0,8.0,132,37,5,8.09612678819656,-0.46809163661886827,0.8513997106635237,0,474.7420043945313
49111.0,8.0,132,38,4,12.940900221560167,-0.5889368036489248,0.682842712474619,0,474.7420043945313
49111.0,8.0,132,39,4,5.192028354137132,-0.7803787216890115,0.848528137423857,1,474.7420043945313
49111.0,8.0,132,40,4,10.191996271780418,-0.7828409844043803,0.848528137423857,0,474.7420043945313
49111.0,8.0,132,42,5,3.656097357808448,-1.5286169477241858,0.765685424949238,0,474.7420043945313
49111.0,8.0,132,43,2,8.080017169758733,-1.0965756799120094,0.848528137423857,0,474.7420043945313
49111.0,8.0,132,44,2,12.930827778507375,-0.9779057974922806,0.8513997106635237,0,474.7420043945313
49111.0,8.0,132,45,1,16.379867146564205,-0.9370134825667971,0.613407053921902,0,474.7420043945313
49111.0,8.0,132,46,4,7.190032470246982,-1.5493528559878258,0.848528137423857,0,474.7420043945313
49111.0,8.0,132,47,2,11.340908098429681,-1.2394202534321126,0.848528137423857,0,474.7420043945313
49111.0,8.0,132,48,4,7.943957224382311,-2.0104793443563924,0.682842712474619,0,474.7420043945313
49111.0,8.0,132,49,2,10.72502148979842,-1.5564211586377406,0.8513997106635237,0,474.7420043945313
49111.0,8.0,132,50,1,14.729077212454959,-1.3175947315497576,0.682842712474619,0,474.7420043945313
49111.0,8.0,132,51,1,13.401256355348453,-1.7448443718465452,0.613407053921902,0,474.7420043945313
49111.0,8.0,132,53,4,32.4026178089521,-3.8505660620524145,0.31213203435596426,0,474.7420043945313
49111.0,8.0,132,56,4,28.312341459863113,-3.6598424160825016,0.4242640687119285,0,474.7420043945313
49111.0,8.0,132,57,4,18.85279655880071,-3.5193581927186393,0.382842712474619,0,474.7420043945313
49111.0,8.0,132,58,2,34.63247692353384,-3.5585291553282183,0.382842712474619,0,474.7420043945313
49111.0,8.0,132,59,2,25.558711176558724,-3.4171357290311586,0.4242640687119285,0,474.7420043945313
49111.0,8.0,132,60,5,17.52389728782932,-3.1348978678435104,0.482842712474619,0,474.7420043945313
49111.0,8.0,132,61,5,14.457060756883255,-2.886154921896691,0.37888543819998316,0,474.7420043945313
49111.0,8.0,132,62,2,32.420171127339344,-3.357760484453751,0.4242640687119285,0,474.7420043945313
49111.0,8.0,132,63,4,24.5948522067853,-3.136822517592399,0.4242640687119285,0,474.7420043945313
49111.0,8.0,132,64,1,39.35590520932262,-3.319213820117565,0.3414213562373095,0,474.7420043945313
49111.0,8.0,132,65,2,31.665857543935736,-3.1378876190197693,0.382842712474619,0,474.7420043945313
49111.0,8.0,132,66,4,25.623539824553433,-2.8572376126061796,0.3414213562373095,0,474.7420043945313
49111.0,8.0,133,1,1,30.246521153155335,1.216664987253971,0.613407053921902,0,475.1482849121094
49111.0,8.0,133,2,4,25.763096861129352,1.3651492772998688,0.682842712474619,0,475.1482849121094
49111.0,8.0,133,3,2,26.906376751397428,1.1800081027621534,0.8513997106635237,0,475.1482849121094
49111.0,8.0,133,4,1,28.88198504085803,1.0150546464730261,0.682842712474619,0,475.1482849121094
49111.0,8.0,133,5,4,23.795771786101565,1.246435189292649,0.848528137423857,0,475.1482849121094
49111.0,8.0,133,6,2,25.523610734150335,1.0557608408516994,0.848528137423857,0,475.1482849121094
49111.0,8.0,133,7,5,20.521287359611957,1.5012176917288598,0.613407053921902,0,475.1482849121094
49111.0,8.0,133,8,5,20.821248759484007,1.332318391889562,0.8513997106635237,0,475.1482849121094
49111.0,8.0,133,9,2,22.220268898384678,1.1086809846459786,0.848528137423857,0,475.1482849121094
49111.0,8.0,133,10,2,24.57552237346601,0.9196593349364675,0.8513997106635237,0,475.1482849121094
49111.0,8.0,133,11,1,26.661910376739197,0.8098214954081794,0.613407053921902,0,475.1482849121094
49111.0,8.0,133,12,4,19.000684064649054,1.1797953404394863,0.848528137423857,0,475.1482849121094
49111.0,8.0,133,13,4,21.124439517696455,0.953373513296392,0.848528137423857,0,475.1482849121094
49111.0,8.0,133,14,5,15.915767023071671,1.2791590454606514,0.682842712474619,0,475.1482849121094
49111.0,8.0,133,15,5,17.706710308380345,1.000174362324223,0.8513997106635237,0,475.1482849121094
49111.0,8.0,133,16,4,20.58503193966698,0.7856160869687785,0.682842712474619,0,475.1482849121094
49111.0,8.0,133,17,5,14.735286151438311,0.885611756421184,0.613407053921902,0,475.1482849121094
49111.0,8.0,133,18,1,41.5100340852442,2.046111214332611,0.37888543819998316,0,475.1482849121094
49111.0,8.0,133,19,1,43.84561859253559,2.3031045950518196,0.3414213562373095,0,475.1482849121094
49111.0,8.0,133,20,2,37.32117588965434,2.1154876625330497,0.482842712474619,0,475.1482849121094
49111.0,8.0,133,21,4,32.60831289427484,1.8619861500239274,0.3414213562373095,0,475.1482849121094
49111.0,8.0,133,22,2,36.7755551936703,2.3060725388870273,0.4242640687119285,0,475.1482849121094
49111.0,8.0,133,23,4,30.378830784398286,2.075597560358878,0.4242640687119285,0,475.1482849121094
49111.0,8.0,133,24,1,41.85447168232635,2.5606316260527766,0.37888543819998316,0,475.1482849121094
49111.0,8.0,133,25,2,37.57675810682536,2.4953453719028835,0.482842712474619,0,475.1482849121094
49111.0,8.0,133,26,2,29.70596993607984,2.3104531922991627,0.4242640687119285,0,475.1482849121094
49111.0,8.0,133,27,5,23.51332706929611,2.01225703827432,0.482842712474619,0,475.1482849121094
49111.0,8.0,133,28,5,21.519584100997406,1.808060351587643,0.4538461538461539,0,475.1482849121094
49111.0,8.0,133,29,4,30.69227817968965,2.542865960467298,0.4242640687119285,0,475.1482849121094
49111.0,8.0,133,30,4,22.637310791785044,2.3175698417741106,0.4242640687119285,0,475.1482849121094
49111.0,8.0,133,31,4,33.19016766868808,2.7505018968913078,0.3308640753373011,0,475.1482849121094
49111.0,8.0,133,33,5,15.570839088644387,2.3311472530533046,0.3308640753373011,0,475.1482849121094
49111.0,8.0,133,35,5,5.345305603795989,0.7830206645114776,0.6034068236642477,0,475.1482849121094
49111.0,8.0,133,37,5,3.5599662944808537,0.07842928538320344,0.7685569981889047,1,475.1482849121094
49111.0,8.0,133,38,4,8.537523647407765,-0.007431264024056063,0.682842712474619,0,475.1482849121094
49111.0,8.0,133,40,4,6.338371639319829,-0.38601501498633645,0.848528137423857,0,475.1482849121094
49111.0,8.0,133,42,5,4.716423436674665,-1.9581559888099498,0.682842712474619,0,475.1482849121094
49111.0,8.0,133,43,2,5.697420473005401,-0.9729949037266119,0.848528137423857,0,475.1482849121094
49111.0,8.0,133,44,2,9.62686605590979,-0.5524227452332211,0.8513997106635237,0,475.1482849121094
49111.0,8.0,133,45,1,12.828784629378305,-0.4251530646533546,0.613407053921902,0,475.1482849121094
49111.0,8.0,133,46,4,7.0531018037674915,-1.4939679731003366,0.848528137423857,0,475.1482849121094
49111.0,8.0,133,47,2,9.217493968889553,-0.9274153850279305,0.848528137423857,0,475.1482849121094
49111.0,8.0,133,48,4,9.593325287010517,-1.7940469097941165,0.682842712474619,0,475.1482849121094
49111.0,8.0,133,49,2,10.111767406077062,-1.2836009013491763,0.8513997106635237,0,475.1482849121094
49111.0,8.0,133,50,1,12.746128435207668,-0.9070473393215608,0.682842712474619,0,475.1482849121094
49111.0,8.0,133,51,1,13.448007588281223,-1.3743660051160962,0.613407053921902,0,475.1482849121094
49111.0,8.0,133,53,4,36.75231965398327,-3.0879529658347304,0.31213203435596426,0,475.1482849121094
49111.0,8.0,133,56,4,32.87455231617844,-2.917636518859635,0.4242640687119285,0,475.1482849121094
49111.0,8.0,133,57,4,23.476969353252716,-2.794511630148293,0.382842712474619,0,475.1482849121094
49111.0,8.0,133,58,2,39.24675120319295,-2.832277316410013,0.382842712474619,0,475.1482849121094
49111.0,8.0,133,59,2,30.178458874331895,-2.7097262318832236,0.4242640687119285,0,475.1482849121094
49111.0,8.0,133,60,5,21.93561670102201,-2.489226355001598,0.482842712474619,0,475.1482849121094
49111.0,8.0,133,61,5,18.47666717961772,-2.3096440078416784,0.37888543819998316,0,475.1482849121094
49111.0,8.0,133,62,2,37.01770752013036,-2.655993102578175,0.4242640687119285,0,475.1482849121094
49111.0,8.0,133,63,4,28.995561213232794,-2.4735058228086713,0.4242640687119285,0,475.1482849121094
49111.0,8.0,133,64,1,43.93042180610255,-2.619089956695911,0.3414213562373095,0,475.1482849121094
49111.0,8.0,133,65,2,36.05986494825659,-2.463943096463118,0.382842712474619,0,475.1482849121094
49111.0,8.0,133,66,4,29.50840151738007,-2.2318158005339006,0.3414213562373095,0,475.1482849121094
49111.0,8.0,134,1,1,30.246521153155335,1.216664987253971,0.613407053921902,0,475.21038818359375
49111.0,8.0,134,2,4,25.763096861129352,1.3651492772998688,0.682842712474619,0,475.21038818359375
49111.0,8.0,134,3,2,26.906376751397428,1.1800081027621534,0.8513997106635237,0,475.21038818359375
49111.0,8.0,134,4,1,28.88198504085803,1.0150546464730261,0.682842712474619,0,475.21038818359375
49111.0,8.0,134,5,4,23.795771786101565,1.246435189292649,0.848528137423857,0,475.21038818359375
49111.0,8.0,134,6,2,25.523610734150335,1.0557608408516994,0.848528137423857,0,475.21038818359375
49111.0,8.0,134,7,5,20.521287359611957,1.5012176917288598,0.613407053921902,0,475.21038818359375
49111.0,8.0,134,8,5,20.821248759484007,1.332318391889562,0.8513997106635237,0,475.21038818359375
49111.0,8.0,134,9,2,22.220268898384678,1.1086809846459786,0.848528137423857,0,475.21038818359375
49111.0,8.0,134,10,2,24.57552237346601,0.9196593349364675,0.8513997106635237,0,475.21038818359375
49111.0,8.0,134,11,1,26.661910376739197,0.8098214954081794,0.613407053921902,0,475.21038818359375
49111.0,8.0,134,12,4,19.000684064649054,1.1797953404394863,0.848528137423857,0,475.21038818359375
49111.0,8.0,134,13,4,21.124439517696455,0.953373513296392,0.848528137423857,0,475.21038818359375
49111.0,8.0,134,14,5,15.915767023071671,1.2791590454606514,0.682842712474619,0,475.21038818359375
49111.0,8.0,134,15,5,17.706710308380345,1.000174362324223,0.8513997106635237,0,475.21038818359375
49111.0,8.0,134,16,4,20.58503193966698,0.7856160869687785,0.682842712474619,0,475.21038818359375
49111.0,8.0,134,17,5,14.735286151438311,0.885611756421184,0.613407053921902,1,475.21038818359375
49111.0,8.0,134,18,1,41.5100340852442,2.046111214332611,0.37888543819998316,0,475.21038818359375
49111.0,8.0,134,19,1,43.84561859253559,2.3031045950518196,0.3414213562373095,0,475.21038818359375
49111.0,8.0,134,20,2,37.32117588965434,2.1154876625330497,0.482842712474619,0,475.21038818359375
49111.0,8.0,134,21,4,32.60831289427484,1.8619861500239274,0.3414213562373095,0,475.21038818359375
49111.0,8.0,134,22,2,36.7755551936703,2.3060725388870273,0.4242640687119285,0,475.21038818359375
49111.0,8.0,134,23,4,30.378830784398286,2.075597560358878,0.4242640687119285,0,475.21038818359375
49111.0,8.0,134,24,1,41.85447168232635,2.5606316260527766,0.37888543819998316,0,475.21038818359375
49111.0,8.0,134,25,2,37.57675810682536,2.4953453719028835,0.482842712474619,0,475.21038818359375
49111.0,8.0,134,26,2,29.70596993607984,2.3104531922991627,0.4242640687119285,0,475.21038818359375
49111.0,8.0,134,27,5,23.51332706929611,2.01225703827432,0.482842712474619,0,475.21038818359375
49111.0,8.0,134,28,5,21.519584100997406,1.808060351587643,0.4538461538461539,0,475.21038818359375
49111.0,8.0,134,29,4,30.69227817968965,2.542865960467298,0.4242640687119285,0,475.21038818359375
49111.0,8.0,134,30,4,22.637310791785044,2.3175698417741106,0.4242640687119285,0,475.21038818359375
49111.0,8.0,134,31,4,33.19016766868808,2.7505018968913078,0.3308640753373011,0,475.21038818359375
49111.0,8.0,134,33,5,15.570839088644387,2.3311472530533046,0.3308640753373011,0,475.21038818359375
49111.0,8.0,134,35,5,5.345305603795989,0.7830206645114776,0.43533959677349143,0,475.21038818359375
49111.0,8.0,134,38,4,8.537523647407765,-0.007431264024056063,0.6466890965784271,0,475.21038818359375
49111.0,8.0,134,40,4,6.338371639319829,-0.38601501498633645,0.848528137423857,0,475.21038818359375
49111.0,8.0,134,42,5,4.716423436674665,-1.9581559888099498,0.682842712474619,0,475.21038818359375
49111.0,8.0,134,43,2,5.697420473005401,-0.9729949037266119,0.848528137423857,0,475.21038818359375
49111.0,8.0,134,44,2,9.62686605590979,-0.5524227452332211,0.8513997106635237,0,475.21038818359375
49111.0,8.0,134,45,1,12.828784629378305,-0.4251530646533546,0.613407053921902,0,475.21038818359375
49111.0,8.0,134,46,4,7.0531018037674915,-1.4939679731003366,0.848528137423857,0,475.21038818359375
49111.0,8.0,134,47,2,9.217493968889553,-0.9274153850279305,0.848528137423857,0,475.21038818359375
49111.0,8.0,134,48,4,9.593325287010517,-1.7940469097941165,0.682842712474619,0,475.21038818359375
49111.0,8.0,134,49,2,10.111767406077062,-1.2836009013491763,0.8513997106635237,0,475.21038818359375
49111.0,8.0,134,50,1,12.746128435207668,-0.9070473393215608,0.682842712474619,0,475.21038818359375
49111.0,8.0,134,51,1,13.448007588281223,-1.3743660051160962,0.613407053921902,0,475.21038818359375
49111.0,8.0,134,53,4,36.75231965398327,-3.0879529658347304,0.31213203435596426,0,475.21038818359375
49111.0,8.0,134,56,4,32.87455231617844,-2.917636518859635,0.4242640687119285,0,475.21038818359375
49111.0,8.0,134,57,4,23.476969353252716,-2.794511630148293,0.382842712474619,0,475.21038818359375
49111.0,8.0,134,58,2,39.24675120319295,-2.832277316410013,0.382842712474619,0,475.21038818359375
49111.0,8.0,134,59,2,30.178458874331895,-2.7097262318832236,0.4242640687119285,0,475.21038818359375
49111.0,8.0,134,60,5,21.93561670102201,-2.489226355001598,0.482842712474619,0,475.21038818359375
49111.0,8.0,134,61,5,18.47666717961772,-2.3096440078416784,0.37888543819998316,0,475.21038818359375
49111.0,8.0,134,62,2,37.01770752013036,-2.655993102578175,0.4242640687119285,0,475.21038818359375
49111.0,8.0,134,63,4,28.995561213232794,-2.4735058228086713,0.4242640687119285,0,475.21038818359375
49111.0,8.0,134,64,1,43.93042180610255,-2.619089956695911,0.3414213562373095,0,475.21038818359375
49111.0,8.0,134,65,2,36.05986494825659,-2.463943096463118,0.382842712474619,0,475.21038818359375
49111.0,8.0,134,66,4,29.50840151738007,-2.2318158005339006,0.3414213562373095,0,475.21038818359375
49111.0,8.0,135,1,1,20.40614106395909,-0.3311200885020058,0.613407053921902,0,476.6044921875
49111.0,8.0,135,2,4,18.152048569492955,-0.03534596960226466,0.682842712474619,0,476.6044921875
49111.0,8.0,135,3,2,16.922812286194404,-0.31275874924515845,0.8513997106635237,0,476.6044921875
49111.0,8.0,135,4,1,17.12501924315162,-0.6072915638890051,0.682842712474619,0,476.6044921875
49111.0,8.0,135,5,4,14.960325927782577,-0.1276668501317635,0.848528137423857,0,476.6044921875
49111.0,8.0,135,6,2,14.342107943744693,-0.4680327477300834,0.848528137423857,0,476.6044921875
49111.0,8.0,135,7,5,15.68986399475841,0.29709969003893333,0.613407053921902,0,476.6044921875
49111.0,8.0,135,8,5,13.647019017250436,0.10257456136595966,0.8513997106635237,0,476.6044921875
49111.0,8.0,135,9,2,11.963521072900573,-0.26800506831573556,0.848528137423857,0,476.6044921875
49111.0,8.0,135,10,2,12.247879198713429,-0.6833731488261272,0.8513997106635237,0,476.6044921875
49111.0,8.0,135,11,1,13.586016367922417,-0.9347473407960587,0.613407053921902,0,476.6044921875
49111.0,8.0,135,12,4,10.274026117031603,0.01305251621766157,0.848528137423857,0,476.6044921875
49111.0,8.0,135,13,4,9.35095294919125,-0.49370325175101426,0.848528137423857,0,476.6044921875
49111.0,8.0,135,14,5,9.642893178147258,0.3643574402951879,0.682842712474619,1,476.6044921875
49111.0,8.0,135,15,5,7.061876326423448,-0.1605883941885542,0.765685424949238,0,476.6044921875
49111.0,8.0,135,16,4,7.533578542382163,-0.8570232668984739,0.682842712474619,0,476.6044921875
49111.0,8.0,135,18,1,41.6123155288263,0.4502140098061318,0.37888543819998316,0,476.6044921875
49111.0,8.0,135,19,1,47.165237703731336,0.6696940190444454,0.3414213562373095,0,476.6044921875
49111.0,8.0,135,20,2,38.57886810753475,0.5494561942950313,0.482842712474619,0,476.6044921875
49111.0,8.0,135,21,4,30.856093097922237,0.3650654796161703,0.3414213562373095,0,476.6044921875
49111.0,8.0,135,22,2,40.47454282437277,0.722064851466723,0.4242640687119285,0,476.6044921875
49111.0,8.0,135,23,4,31.653720692061892,0.5903546068441234,0.4242640687119285,0,476.6044921875
49111.0,8.0,135,24,1,48.28212361548389,0.9033415632191462,0.37888543819998316,0,476.6044921875
49111.0,8.0,135,25,2,43.45167625334388,0.8751540446835016,0.482842712474619,0,476.6044921875
49111.0,8.0,135,26,2,33.938438179069024,0.7948771805507642,0.4242640687119285,0,476.6044921875
49111.0,8.0,135,27,5,24.81102583214914,0.6539730630351017,0.482842712474619,0,476.6044921875
49111.0,8.0,135,28,5,20.554116649666874,0.5377675947292073,0.4538461538461539,0,476.6044921875
49111.0,8.0,135,29,4,37.438978864519164,0.9674481801838226,0.4242640687119285,0,476.6044921875
49111.0,8.0,135,30,4,27.666704813312965,0.9015045961083086,0.4242640687119285,0,476.6044921875
49111.0,8.0,135,31,4,41.85136426451754,1.1071512357118372,0.3414213562373095,0,476.6044921875
49111.0,8.0,135,32,5,31.863868371721875,1.093461190893266,0.482842712474619,0,476.6044921875
49111.0,8.0,135,33,5,21.887793959636493,1.0672824630243407,0.3414213562373095,0,476.6044921875
49111.0,8.0,135,34,5,31.96952249249872,-5.032940527839353,0.37888543819998316,0,476.6044921875
49111.0,8.0,135,35,5,8.261185668986977,-4.530960349586354,0.43533959677349143,0,476.6044921875
49111.0,8.0,135,38,4,8.372746240845446,-3.779688312129509,0.6466890965784271,0,476.6044921875
49111.0,8.0,135,40,4,11.51228282337187,-3.9454777488044206,0.848528137423857,0,476.6044921875
49111.0,8.0,135,42,5,17.694002475202534,-4.292509128093885,0.682842712474619,0,476.6044921875
49111.0,8.0,135,43,2,14.83113050299991,-4.038779431449759,0.848528137423857,0,476.6044921875
49111.0,8.0,135,44,2,13.298388639288424,-3.6982500412722845,0.8513997106635237,0,476.6044921875
49111.0,8.0,135,45,1,13.28218492134235,-3.434135606353358,0.613407053921902,0,476.6044921875
49111.0,8.0,135,46,4,18.23162659196172,-4.097642927200043,0.848528137423857,0,476.6044921875
49111.0,8.0,135,47,2,16.256596094916883,-3.8300326828646023,0.848528137423857,0,476.6044921875
49111.0,8.0,135,48,4,21.67537737573298,-4.1379072283125335,0.682842712474619,0,476.6044921875
49111.0,8.0,135,49,2,19.408933324244746,-3.9201869444311495,0.8513997106635237,0,476.6044921875
49111.0,8.0,135,50,1,18.264484695427882,-3.6609499753997223,0.682842712474619,0,476.6044921875
49111.0,8.0,135,51,1,22.719543906877906,-3.8660961717097146,0.613407053921902,0,476.6044921875
49111.0,8.0,135,53,4,48.63008086319296,-4.858060466152301,0.31213203435596426,0,476.6044921875
49111.0,8.0,135,56,4,45.59071982271382,-4.722362981538328,0.4242640687119285,0,476.6044921875
49111.0,8.0,135,57,4,36.63718262588259,-4.6133387874067715,0.382842712474619,0,476.6044921875
49111.0,8.0,135,58,2,52.23383277471235,-4.672713541808306,0.382842712474619,0,476.6044921875
49111.0,8.0,135,59,2,43.498766685340584,-4.570540567618363,0.4242640687119285,0,476.6044921875
49111.0,8.0,135,60,5,35.438850432184985,-4.419636142933612,0.482842712474619,0,476.6044921875
49111.0,8.0,135,61,5,31.824469019283246,-4.31671485731745,0.37888543819998316,0,476.6044921875
49111.0,8.0,135,62,2,50.41827303199822,-4.5394450916305935,0.4242640687119285,0,476.6044921875
49111.0,8.0,135,63,4,42.49437224313593,-4.4075600867175435,0.4242640687119285,0,476.6044921875
49111.0,8.0,135,64,1,57.37474887014793,-4.5158716176483065,0.3414213562373095,0,476.6044921875
49111.0,8.0,135,65,2,49.554325994020175,-4.398923979586563,0.382842712474619,0,476.6044921875
49111.0,8.0,135,66,4,42.65443284736893,-4.241323698682814,0.3414213562373095,0,476.6044921875
49111.0,8.0,136,1,1,16.300534506387752,-0.9177252372613947,0.613407053921902,0,477.1429138183594
49111.0,8.0,136,2,4,12.97476728007032,-0.5639905561366565,0.682842712474619,0,477.1429138183594
49111.0,8.0,136,3,2,12.839438522908845,-0.9536989705683654,0.8513997106635237,0,477.1429138183594
49111.0,8.0,136,4,1,14.538149029196529,-1.299620304519564,0.682842712474619,0,477.1429138183594
49111.0,8.0,136,5,4,10.164040031914169,-0.7510244364270351,0.848528137423857,0,477.1429138183594
49111.0,8.0,136,6,2,11.17203228521678,-1.2147482152199187,0.848528137423857,0,477.1429138183594
49111.0,8.0,136,7,5,9.947845044483316,-0.09316179701575722,0.6034068236642477,1,477.1429138183594
49111.0,8.0,136,8,5,8.170938621550883,-0.4292002396181105,0.8513997106635237,0,477.1429138183594
49111.0,8.0,136,9,2,7.95429654769824,-1.0591861306579287,0.848528137423857,0,477.1429138183594
49111.0,8.0,136,10,2,10.477472461443,-1.5365510185718123,0.8513997106635237,0,477.1429138183594
49111.0,8.0,136,11,1,13.118004654229889,-1.7328205822788547,0.613407053921902,0,477.1429138183594
49111.0,8.0,136,12,4,5.1698512314690666,-0.7177772831574669,0.848528137423857,0,477.1429138183594
49111.0,8.0,136,13,4,6.945067124736413,-1.5191185737343653,0.848528137423857,0,477.1429138183594
49111.0,8.0,136,15,5,3.4191352055589426,-1.4656764997180804,0.765685424949238,0,477.1429138183594
49111.0,8.0,136,16,4,7.628701145376248,-2.0003068392651144,0.682842712474619,0,477.1429138183594
49111.0,8.0,136,18,1,35.902260429446294,0.10242017322753671,0.37888543819998316,0,477.1429138183594
49111.0,8.0,136,19,1,41.76576067433477,0.34887600849411804,0.3414213562373095,0,477.1429138183594
49111.0,8.0,136,20,2,32.97562669501451,0.22031004802927212,0.482842712474619,0,477.1429138183594
49111.0,8.0,136,21,4,25.107870223340292,0.005384441655822414,0.3414213562373095,0,477.1429138183594
49111.0,8.0,136,22,2,35.20376417803286,0.417593414642186,0.4242640687119285,0,477.1429138183594
49111.0,8.0,136,23,4,26.121221325307406,0.27950258221166413,0.4242640687119285,0,477.1429138183594
49111.0,8.0,136,24,1,43.528283598880556,0.6085420373898294,0.37888543819998316,0,477.1429138183594
49111.0,8.0,136,25,2,38.61629278783951,0.5857605127372651,0.482842712474619,0,477.1429138183594
49111.0,8.0,136,26,2,28.883061816561113,0.517046494938433,0.4242640687119285,0,477.1429138183594
49111.0,8.0,136,27,5,19.42278175551677,0.3801094910521843,0.482842712474619,0,477.1429138183594
49111.0,8.0,136,28,5,14.958310290069774,0.24793163560349063,0.4538461538461539,0,477.1429138183594
49111.0,8.0,136,29,4,32.95670366212141,0.7046548647221544,0.4242640687119285,0,477.1429138183594
49111.0,8.0,136,30,4,23.003423821162606,0.6695866681091163,0.4242640687119285,0,477.1429138183594
49111.0,8.0,136,31,4,37.92172692067811,-5.435993223458671,0.3414213562373095,0,477.1429138183594
49111.0,8.0,136,32,5,27.9476396833369,-5.413893718439729,0.482842712474619,0,477.1429138183594
49111.0,8.0,136,33,5,18.00232638002022,-5.367328286953677,0.3414213562373095,0,477.1429138183594
49111.0,8.0,136,34,5,28.800871789839903,-5.240023766606086,0.4308640753373011,0,477.1429138183594
49111.0,8.0,136,35,5,9.289730324837624,-4.238738463595148,0.43533959677349143,0,477.1429138183594
49111.0,8.0,136,38,4,12.52794642027966,-3.7544705632445563,0.6466890965784271,0,477.1429138183594
49111.0,8.0,136,40,4,14.846075902277883,-3.950527093783619,0.848528137423857,0,477.1429138183594
49111.0,8.0,136,42,5,19.035648196776012,-4.352025642208834,0.682842712474619,0,477.1429138183594
49111.0,8.0,136,43,2,17.57448428497958,-4.089842309165885,0.848528137423857,0,477.1429138183594
49111.0,8.0,136,44,2,17.474813117586304,-3.803609305483592,0.8513997106635237,0,477.1429138183594
49111.0,8.0,136,45,1,18.23934512044407,-3.6120050501049334,0.613407053921902,0,477.1429138183594
49111.0,8.0,136,46,4,20.550402090221795,-4.190330562780038,0.848528137423857,0,477.1429138183594
49111.0,8.0,136,47,2,19.845040228766596,-3.9445984173356434,0.848528137423857,0,477.1429138183594
49111.0,8.0,136,48,4,23.680700037300213,-4.264850800083204,0.682842712474619,0,477.1429138183594
49111.0,8.0,136,49,2,22.52292498473861,-4.053842452056594,0.8513997106635237,0,477.1429138183594
49111.0,8.0,136,50,1,22.445238815386546,-3.831028792374229,0.682842712474619,0,477.1429138183594
49111.0,8.0,136,51,1,25.998575081295908,-4.036810710959353,0.613407053921902,0,477.1429138183594
49111.0,8.0,136,52,5,35.09135608990328,-5.138393709767116,0.32030679443729265,0,477.1429138183594
49111.0,8.0,136,53,4,46.22563934647541,-5.113222111738311,0.3308640753373011,0,477.1429138183594
49111.0,8.0,136,56,4,43.9515185242462,-4.964543611203796,0.4242640687119285,0,477.1429138183594
49111.0,8.0,136,57,4,35.703629672769985,-4.821682707378779,0.382842712474619,0,477.1429138183594
49111.0,8.0,136,58,2,50.829607877306636,-4.929829593135292,0.382842712474619,0,477.1429138183594
49111.0,8.0,136,59,2,42.73946920802711,-4.803636050859854,0.4242640687119285,0,477.1429138183594
49111.0,8.0,136,60,5,35.632505095867764,-4.623120148781338,0.482842712474619,0,477.1429138183594
49111.0,8.0,136,61,5,32.652442711359505,-4.505348128491902,0.37888543819998316,0,477.1429138183594
49111.0,8.0,136,62,2,49.78529184967678,-4.7906941933476315,0.4242640687119285,0,477.1429138183594
49111.0,8.0,136,63,4,42.68007117825178,-4.637891303688012,0.4242640687119285,0,477.1429138183594
49111.0,8.0,136,64,1,56.83738506415553,-4.780962545596182,0.3414213562373095,0,477.1429138183594
49111.0,8.0,136,65,2,49.73430940662828,-4.648474016974705,0.382842712474619,0,477.1429138183594
49111.0,8.0,136,66,4,43.778016439502814,-4.476113623917595,0.3414213562373095,0,477.1429138183594
49111.0,8.0,137,1,1,13.391520366619922,-1.3121891888157418,0.613407053921902,0,477.6601867675781
49111.0,8.0,137,2,4,8.259774035327297,-0.9967479409810753,0.682842712474619,0,477.6601867675781
49111.0,8.0,137,3,2,10.514318316807667,-1.4803384374255124,0.8513997106635237,0,477.6601867675781
49111.0,8.0,137,4,1,14.243521763231431,-1.7533466026540585,0.682842712474619,0,477.6601867675781
49111.0,8.0,137,5,4,7.0005306780903584,-1.4346982233530436,0.848528137423857,0,477.6601867675781
49111.0,8.0,137,6,2,10.785844998300991,-1.8128875726696525,0.848528137423857,0,477.6601867675781
49111.0,8.0,137,8,5,3.5304348007874764,-1.298398384710449,0.765685424949238,0,477.6601867675781
49111.0,8.0,137,9,2,7.4020937872403065,-1.927643648871496,0.848528137423857,0,477.6601867675781
49111.0,8.0,137,10,2,12.129221532629032,-2.0997966782405437,0.8513997106635237,0,477.6601867675781
49111.0,8.0,137,11,1,15.540171516889218,-2.1569446217856005,0.613407053921902,0,477.6601867675781
49111.0,8.0,137,12,4,4.271713068878643,-2.2209483437890203,0.848528137423857,0,477.6601867675781
49111.0,8.0,137,13,4,9.250651603823313,-2.2938933480563106,0.848528137423857,0,477.6601867675781
49111.0,8.0,137,15,5,7.00222073367056,-2.634550409079043,0.765685424949238,0,477.6601867675781
49111.0,8.0,137,16,4,11.88941200209397,-2.51873870002186,0.682842712474619,0,477.6601867675781
49111.0,8.0,137,18,1,29.463681861171512,0.1249082377501547,0.37888543819998316,0,477.6601867675781
49111.0,8.0,137,19,1,35.744854265744195,0.41088630553468874,0.3414213562373095,0,477.6601867675781
49111.0,8.0,137,20,2,26.689860463934078,0.27339223744262053,0.482842712474619,0,477.6601867675781
49111.0,8.0,137,21,4,18.62800839298855,0.007258055073768865,0.3414213562373095,0,477.6601867675781
49111.0,8.0,137,22,2,29.39832872460143,0.5071070339347439,0.4242640687119285,0,477.6601867675781
49111.0,8.0,137,23,4,19.972876029873767,0.36912853811352075,0.4242640687119285,0,477.6601867675781
49111.0,8.0,137,24,1,38.39072530524383,0.7051850016251482,0.37888543819998316,0,477.6601867675781
49111.0,8.0,137,25,2,33.40920250492639,0.6931935194368646,0.482842712474619,0,477.6601867675781
49111.0,8.0,137,26,2,23.469743439589625,0.65395416226897,0.4242640687119285,0,477.6601867675781
49111.0,8.0,137,27,5,13.61921077835058,0.5575718802634766,0.482842712474619,0,477.6601867675781
49111.0,8.0,137,28,5,8.82099341217478,0.42919732099780106,0.3894427190999916,0,477.6601867675781
49111.0,8.0,137,29,4,28.33270084788272,-5.42983101556808,0.4242640687119285,0,477.6601867675781
49111.0,8.0,137,30,4,18.36834185332456,-5.3928525881160425,0.4242640687119285,0,477.6601867675781
49111.0,8.0,137,31,4,33.98021508982938,-5.292588047632744,0.3414213562373095,0,477.6601867675781
49111.0,8.0,137,32,5,24.27568871641027,-5.2085508962129,0.482842712474619,1,477.6601867675781
49111.0,8.0,137,33,5,14.965397013144331,-5.016788755348559,0.3414213562373095,0,477.6601867675781
49111.0,8.0,137,34,5,26.144773195114794,-5.024209880460123,0.4308640753373011,0,477.6601867675781
49111.0,8.0,137,35,5,13.535372511195531,-3.79862961840099,0.43533959677349143,0,477.6601867675781
49111.0,8.0,137,38,4,18.214044128278566,-3.5483694787872593,0.6466890965784271,0,477.6601867675781
49111.0,8.0,137,40,4,19.87983761539832,-3.7124380366813154,0.848528137423857,0,477.6601867675781
49111.0,8.0,137,42,5,22.166133202925646,-4.0749342347466495,0.682842712474619,0,477.6601867675781
49111.0,8.0,137,43,2,21.992373308088716,-3.8481265072673527,0.848528137423857,0,477.6601867675781
49111.0,8.0,137,44,2,22.93450470960346,-3.6290437134652342,0.8513997106635237,0,477.6601867675781
49111.0,8.0,137,45,1,24.194429566773554,-3.49031150474777,0.613407053921902,0,477.6601867675781
49111.0,8.0,137,46,4,24.436059908055146,-3.958400136561538,0.848528137423857,0,477.6601867675781
49111.0,8.0,137,47,2,24.788062578236126,-3.755398197935456,0.848528137423857,0,477.6601867675781
49111.0,8.0,137,48,4,27.121533215100268,-4.047756828559243,0.682842712474619,0,477.6601867675781
49111.0,8.0,137,49,2,26.979706938554344,-3.8627280939424264,0.8513997106635237,0,477.6601867675781
49111.0,8.0,137,50,1,27.753046842513843,-3.6819566729332034,0.682842712474619,0,477.6601867675781
49111.0,8.0,137,51,1,30.473310591857892,-3.8701044021931414,0.613407053921902,0,477.6601867675781
49111.0,8.0,137,52,5,32.94635405685199,-4.958318134925634,0.4308640753373011,0,477.6601867675781
49111.0,8.0,137,53,4,44.10270176873987,-4.977523147540941,0.3414213562373095,0,477.6601867675781
49111.0,8.0,137,54,5,35.77292759067102,-4.838108602690074,0.482842712474619,0,477.6601867675781
49111.0,8.0,137,56,4,42.797376422192585,-4.817390793130571,0.4242640687119285,0,477.6601867675781
49111.0,8.0,137,57,4,35.584680323530044,-4.639665915084921,0.4242640687119285,0,477.6601867675781
49111.0,8.0,137,58,2,49.83501288088827,-4.802519501711493,0.382842712474619,0,477.6601867675781
49111.0,8.0,137,59,2,42.640151898689105,-4.6517159837860715,0.4242640687119285,0,477.6601867675781
49111.0,8.0,137,60,5,36.780927109689074,-4.446731155314067,0.482842712474619,0,477.6601867675781
49111.0,8.0,137,61,5,34.571138563847605,-4.320868078374646,0.37888543819998316,0,477.6601867675781
49111.0,8.0,137,62,2,49.70005668164509,-4.660343595375831,0.4242640687119285,0,477.6601867675781
49111.0,8.0,137,63,4,43.643437986296576,-4.489281747211207,0.4242640687119285,0,477.6601867675781
49111.0,8.0,137,64,1,56.76274054671945,-4.66682461931223,0.3414213562373095,0,477.6601867675781
49111.0,8.0,137,65,2,50.56345280416646,-4.52022955012602,0.382842712474619,0,477.6601867675781
49111.0,8.0,137,66,4,45.730917381834246,-4.337913551030657,0.3414213562373095,0,477.6601867675781
49111.0,8.0,138,1,1,31.692718068013146,2.920066245994099,0.613407053921902,0,479.7580871582031
49111.0,8.0,138,2,4,25.630807571191696,2.8951754728682144,0.682842712474619,0,479.7580871582031
49111.0,8.0,138,3,2,30.15209602570609,2.81835947167499,0.8513997106635237,0,479.7580871582031
49111.0,8.0,138,4,1,34.804590110147025,2.761816098487133,0.682842712474619,0,479.7580871582031
49111.0,8.0,138,5,4,26.902357175683044,2.7694604287012687,0.848528137423857,0,479.7580871582031
49111.0,8.0,138,6,2,31.637753074451545,2.71443899607437,0.848528137423857,0,479.7580871582031
49111.0,8.0,138,8,5,23.7344633070278,2.7073242042889034,0.765685424949238,0,479.7580871582031
49111.0,8.0,138,9,2,28.557579492397327,2.6566875873563305,0.848528137423857,0,479.7580871582031
49111.0,8.0,138,10,2,33.43270770452994,2.6207473916381523,0.8513997106635237,0,479.7580871582031
49111.0,8.0,138,11,1,36.86520531681461,2.601261638398138,0.613407053921902,0,479.7580871582031
49111.0,8.0,138,12,4,25.595376014608895,2.5852816394314084,0.848528137423857,0,479.7580871582031
49111.0,8.0,138,13,4,30.53414271469169,2.5573754492291476,0.848528137423857,0,479.7580871582031
49111.0,8.0,138,15,5,27.78348067081919,2.481095140339364,0.765685424949238,0,479.7580871582031
49111.0,8.0,138,16,4,32.77395911661768,2.47087419240717,0.682842712474619,0,479.7580871582031
49111.0,8.0,138,18,1,21.979818091816817,4.088716210346787,0.37888543819998316,0,479.7580871582031
49111.0,8.0,138,19,1,20.858515265633425,4.614268175918272,0.3414213562373095,0,479.7580871582031
49111.0,8.0,138,20,2,17.014665881837036,4.119189731131417,0.482842712474619,0,479.7580871582031
49111.0,8.0,138,21,4,18.545081586621183,3.5554300836130395,0.3414213562373095,0,479.7580871582031
49111.0,8.0,138,22,2,13.916706104527657,4.535255546141608,0.4242640687119285,0,479.7580871582031
49111.0,8.0,138,23,4,12.169466084577584,3.759342565388597,0.4242640687119285,0,479.7580871582031
49111.0,8.0,138,24,1,18.591394905630455,5.177644292452082,0.37888543819998316,0,479.7580871582031
49111.0,8.0,138,25,2,14.065936247866524,5.046075480973224,0.482842712474619,0,479.7580871582031
49111.0,8.0,138,26,2,7.22992105855466,4.305523687849956,0.4242640687119285,0,479.7580871582031
49111.0,8.0,138,27,5,10.329228165590052,3.140561315540012,0.482842712474619,0,479.7580871582031
49111.0,8.0,138,28,5,14.453496202952495,2.908695076677968,0.3894427190999916,0,479.7580871582031
49111.0,8.0,138,29,4,7.513162599210814,5.305289684409523,0.4242640687119285,0,479.7580871582031
49111.0,8.0,138,30,4,3.2967875615615427,3.013994242001095,0.4242640687119285,0,479.7580871582031
49111.0,8.0,138,31,4,12.67373133577591,-0.47728916475792404,0.3308640753373011,0,479.7580871582031
49111.0,8.0,138,33,5,8.33461804398988,2.027948848138348,0.3308640753373011,0,479.7580871582031
49111.0,8.0,138,34,5,8.451692947363052,0.5702312520126569,0.32030679443729265,0,479.7580871582031
49111.0,8.0,138,35,5,24.68096511793209,2.0128431974455627,0.4815389220537701,0,479.7580871582031
49111.0,8.0,138,36,5,22.060370744062105,1.7760663972367707,0.5276927682076162,0,479.7580871582031
49111.0,8.0,138,38,4,30.677046033628432,1.971451290112999,0.6466890965784271,0,479.7580871582031
49111.0,8.0,138,40,4,29.676069150310017,1.8590086940501984,0.848528137423857,0,479.7580871582031
49111.0,8.0,138,41,5,23.04883924392511,1.508174353515681,0.613407053921902,0,479.7580871582031
49111.0,8.0,138,42,5,25.358359747559827,1.6170072912030573,0.7685569981889047,0,479.7580871582031
49111.0,8.0,138,43,2,29.073304027554315,1.7403350322677942,0.848528137423857,0,479.7580871582031
49111.0,8.0,138,44,2,33.12804861549423,1.8346386829663082,0.8513997106635237,0,479.7580871582031
49111.0,8.0,138,45,1,36.10768649006621,1.887737087131074,0.613407053921902,0,479.7580871582031
49111.0,8.0,138,46,4,28.893683287930426,1.6184321156785382,0.848528137423857,0,479.7580871582031
49111.0,8.0,138,47,2,32.58919348396295,1.728243621611504,0.848528137423857,0,479.7580871582031
49111.0,8.0,138,48,4,29.1450314943706,1.4968306980289032,0.682842712474619,0,479.7580871582031
49111.0,8.0,138,49,2,32.429052696614455,1.619546277329035,0.8513997106635237,0,479.7580871582031
49111.0,8.0,138,50,1,36.10891935231157,1.7185082362416404,0.682842712474619,0,479.7580871582031
49111.0,8.0,138,51,1,35.012340324586006,1.549449679943066,0.613407053921902,0,479.7580871582031
49111.0,8.0,138,52,5,15.020218620438067,0.33733692041615093,0.4308640753373011,1,479.7580871582031
49111.0,8.0,138,53,4,25.051391640846205,0.08212404069572621,0.3414213562373095,0,479.7580871582031
49111.0,8.0,138,54,5,19.544651931588493,0.46163167097945856,0.482842712474619,0,479.7580871582031
49111.0,8.0,138,55,5,18.341608847394838,0.9921577058250997,0.3414213562373095,0,479.7580871582031
49111.0,8.0,138,56,4,26.194832941940934,0.35537357748832177,0.4242640687119285,0,479.7580871582031
49111.0,8.0,138,57,4,23.250601472651855,0.7450795524084703,0.4242640687119285,0,479.7580871582031
49111.0,8.0,138,58,2,33.02037441619101,0.2925567411674552,0.382842712474619,0,479.7580871582031
49111.0,8.0,138,59,2,29.064864055579697,0.5901211517553917,0.4242640687119285,0,479.7580871582031
49111.0,8.0,138,60,5,28.269904820377718,0.9396557055478256,0.482842712474619,0,479.7580871582031
49111.0,8.0,138,61,5,29.178727123456888,1.1110557911859302,0.37888543819998316,0,479.7580871582031
49111.0,8.0,138,62,2,35.34037600675149,0.48840548821585017,0.4242640687119285,0,479.7580871582031
49111.0,8.0,138,63,4,33.21691394880722,0.7745918146204323,0.4242640687119285,0,479.7580871582031
49111.0,8.0,138,64,1,41.87025232820821,0.4178612265609034,0.3414213562373095,0,479.7580871582031
49111.0,8.0,138,65,2,38.82704245769579,0.6546668260805073,0.382842712474619,0,479.7580871582031
49111.0,8.0,138,66,4,38.235591037613084,0.9144794109215244,0.3414213562373095,0,479.7580871582031
49111.0,8.0,139,1,1,42.85520323193433,0.6269888972829153,0.613407053921902,0,480.89111328125
49111.0,8.0,139,2,4,36.75286653152043,0.6296894469863908,0.682842712474619,0,480.89111328125
49111.0,8.0,139,3,2,40.900045219102445,0.557635287901334,0.8513997106635237,0,480.89111328125
49111.0,8.0,139,4,1,45.220064126065694,0.499090079065906,0.682842712474619,0,480.89111328125
49111.0,8.0,139,5,4,37.46432667904701,0.5363248946348035,0.848528137423857,0,480.89111328125
49111.0,8.0,139,6,2,41.84036656334673,0.47522379996606534,0.848528137423857,0,480.89111328125
49111.0,8.0,139,8,5,34.04905061971747,0.5107257880881393,0.765685424949238,0,480.89111328125
49111.0,8.0,139,9,2,38.48867818911105,0.4471824718152162,0.848528137423857,0,480.89111328125
49111.0,8.0,139,10,2,43.05135130731463,0.396939128429451,0.8513997106635237,0,480.89111328125
49111.0,8.0,139,11,1,46.29899782753866,0.3677099181535119,0.613407053921902,0,480.89111328125
49111.0,8.0,139,12,4,35.17300702718892,0.413823842711223,0.848528137423857,0,480.89111328125
49111.0,8.0,139,13,4,39.801770362328746,0.3632878317324276,0.848528137423857,0,480.89111328125
49111.0,8.0,139,15,5,36.6052318468997,0.32370773429779565,0.765685424949238,0,480.89111328125
49111.0,8.0,139,16,4,41.37612233168001,0.28526016300011053,0.682842712474619,0,480.89111328125
49111.0,8.0,139,18,1,31.99127061307122,1.4232195566260022,0.37888543819998316,0,480.89111328125
49111.0,8.0,139,19,1,27.164775794718857,1.7670094378998453,0.3414213562373095,0,480.89111328125
49111.0,8.0,139,20,2,27.05561023630925,1.3960422396555987,0.482842712474619,0,480.89111328125
49111.0,8.0,139,21,4,30.43167833920469,1.0665104245536663,0.3414213562373095,0,480.89111328125
49111.0,8.0,139,22,2,21.645558307388157,1.5844693008632438,0.4242640687119285,0,480.89111328125
49111.0,8.0,139,23,4,23.719426547036896,1.1493088052496474,0.4242640687119285,0,480.89111328125
49111.0,8.0,139,24,1,19.570739459129538,2.1247914138615167,0.37888543819998316,0,480.89111328125
49111.0,8.0,139,25,2,17.46580498053265,1.878864368273423,0.482842712474619,0,480.89111328125
49111.0,8.0,139,26,2,17.295529621834,1.2953456115658437,0.4242640687119285,0,480.89111328125
49111.0,8.0,139,27,5,22.208474647788748,0.8471897137157114,0.482842712474619,0,480.89111328125
49111.0,8.0,139,28,5,25.792573481960744,0.7013949820664799,0.3894427190999916,0,480.89111328125
49111.0,8.0,139,29,4,11.647295569324063,1.5962083882722773,0.4242640687119285,0,480.89111328125
49111.0,8.0,139,30,4,15.157192858868498,0.8760020849541267,0.4242640687119285,0,480.89111328125
49111.0,8.0,139,31,4,8.496095765624034,2.243802200293332,0.3308640753373011,0,480.89111328125
49111.0,8.0,139,33,5,16.135229958762007,0.424363647569116,0.3308640753373011,0,480.89111328125
49111.0,8.0,139,34,5,4.982900195741491,0.33612881686748053,0.2683281572999748,0,480.89111328125
49111.0,8.0,139,35,5,29.704396854862487,0.004832132335445907,0.613407053921902,0,480.89111328125
49111.0,8.0,139,36,5,24.9310237805134,-0.13504010415216947,0.682842712474619,0,480.89111328125
49111.0,8.0,139,37,5,29.893083604496105,-0.11251960530872845,0.8513997106635237,0,480.89111328125
49111.0,8.0,139,38,4,34.86598554503032,-0.09641692276849975,0.682842712474619,0,480.89111328125
49111.0,8.0,139,39,4,27.82729814364167,-0.21204296841584683,0.848528137423857,0,480.89111328125
49111.0,8.0,139,40,4,32.73223216671898,-0.17988906314305503,0.848528137423857,0,480.89111328125
49111.0,8.0,139,41,5,22.791275657940787,-0.37540775753764605,0.613407053921902,0,480.89111328125
49111.0,8.0,139,42,5,26.079121851873243,-0.3261806335388529,0.8513997106635237,0,480.89111328125
49111.0,8.0,139,43,2,30.857107725866364,-0.2742361127689186,0.848528137423857,0,480.89111328125
49111.0,8.0,139,44,2,35.695960525619576,-0.23629391179798245,0.8513997106635237,0,480.89111328125
49111.0,8.0,139,45,1,39.10728766221457,-0.21534093888045844,0.613407053921902,0,480.89111328125
49111.0,8.0,139,46,4,29.29032556656636,-0.3797089850156248,0.848528137423857,0,480.89111328125
49111.0,8.0,139,47,2,33.98475647163475,-0.32515009084741014,0.848528137423857,0,480.89111328125
49111.0,8.0,139,48,4,28.083540488784177,-0.49564327944838515,0.682842712474619,0,480.89111328125
49111.0,8.0,139,49,2,32.56878485645495,-0.4225639162401067,0.8513997106635237,0,480.89111328125
49111.0,8.0,139,50,1,37.18556504434105,-0.36739354179217326,0.682842712474619,0,480.89111328125
49111.0,8.0,139,51,1,34.15363819419944,-0.5161647073212734,0.613407053921902,0,480.89111328125
49111.0,8.0,139,53,4,13.26035791669172,-2.4598025275081405,0.3414213562373095,0,480.89111328125
49111.0,8.0,139,54,5,8.361703974699594,-1.6061972165009417,0.382842712474619,1,480.89111328125
49111.0,8.0,139,55,5,12.806213126535308,-0.7109211868114089,0.3414213562373095,0,480.89111328125
49111.0,8.0,139,56,4,14.368098083600545,-1.9482890442650356,0.4242640687119285,0,480.89111328125
49111.0,8.0,139,57,4,14.160623002597868,-1.232169396994411,0.4242640687119285,0,480.89111328125
49111.0,8.0,139,58,2,21.046766775907038,-2.081961599634376,0.382842712474619,0,480.89111328125
49111.0,8.0,139,59,2,18.35885053594485,-1.586917311853538,0.4242640687119285,0,480.89111328125
49111.0,8.0,139,60,5,20.7636315292605,-1.0844963336021365,0.482842712474619,0,480.89111328125
49111.0,8.0,139,61,5,23.51954282982069,-0.8954286162823516,0.37888543819998316,0,480.89111328125
49111.0,8.0,139,62,2,23.949353690248536,-1.7937705861695992,0.4242640687119285,0,480.89111328125
49111.0,8.0,139,63,4,23.82545998427647,-1.3720525891003374,0.4242640687119285,0,480.89111328125
49111.0,8.0,139,64,1,30.167792285152053,-1.9190847241820697,0.3414213562373095,0,480.89111328125
49111.0,8.0,139,65,2,28.358009320857096,-1.5812327190333613,0.382842712474619,0,480.89111328125
49111.0,8.0,139,66,4,29.97094749792799,-1.2410723448657626,0.3414213562373095,0,480.89111328125
49111.0,8.0,140,1,1,45.83651599859957,0.7118928428717096,0.613407053921902,0,481.3532104492187
49111.0,8.0,140,2,4,39.76922144471333,0.7273928080184793,0.682842712474619,0,481.3532104492187
49111.0,8.0,140,3,2,43.63062542480357,0.6511195824184147,0.8513997106635237,0,481.3532104492187
49111.0,8.0,140,4,1,47.704003769079854,0.5875519959494614,0.682842712474619,0,481.3532104492187
49111.0,8.0,140,5,4,40.12970925248307,0.6393245289772048,0.848528137423857,0,481.3532104492187
49111.0,8.0,140,6,2,44.24289847342389,0.5718440297318098,0.848528137423857,0,481.3532104492187
49111.0,8.0,140,8,5,36.635442598911425,0.6252771880858358,0.765685424949238,0,481.3532104492187
49111.0,8.0,140,9,2,40.79456036114378,0.5534753012300083,0.848528137423857,0,481.3532104492187
49111.0,8.0,140,10,2,45.124679009383236,0.4951984881839499,0.8513997106635237,0,481.3532104492187
49111.0,8.0,140,11,1,48.232924503377156,0.46070852347167723,0.613407053921902,0,481.3532104492187
49111.0,8.0,140,12,4,37.36252460405095,0.5317234473545961,0.848528137423857,0,481.3532104492187
49111.0,8.0,140,13,4,41.7492364652239,0.4709640502151507,0.848528137423857,0,481.3532104492187
49111.0,8.0,140,15,5,38.402614952090055,0.44248651024948327,0.765685424949238,0,481.3532104492187
49111.0,8.0,140,16,4,42.97442653252466,0.39264696908899555,0.682842712474619,0,481.3532104492187
49111.0,8.0,140,18,1,36.745872025512284,1.4424283267231466,0.37888543819998316,0,481.3532104492187
49111.0,8.0,140,19,1,31.886404465431273,1.7376575851306082,0.3414213562373095,0,481.3532104492187
49111.0,8.0,140,20,2,31.793455160061065,1.4222945616994,0.482842712474619,0,481.3532104492187
49111.0,8.0,140,21,4,34.71173853751137,1.1333754987726175,0.3414213562373095,0,481.3532104492187
49111.0,8.0,140,22,2,26.44518804004675,1.5819876298507303,0.4242640687119285,0,481.3532104492187
49111.0,8.0,140,23,4,28.16787126772575,1.219081936781611,0.4242640687119285,0,481.3532104492187
49111.0,8.0,140,24,1,23.78721608955493,2.01843206896395,0.37888543819998316,0,481.3532104492187
49111.0,8.0,140,25,2,22.087828094496977,1.8129229934352293,0.482842712474619,0,481.3532104492187
49111.0,8.0,140,26,2,21.953431422303627,1.3548477976679856,0.4242640687119285,0,481.3532104492187
49111.0,8.0,140,27,5,26.000656770464982,0.969725305178502,0.482842712474619,0,481.3532104492187
49111.0,8.0,140,28,5,29.121721328527194,0.8276472272276574,0.3894427190999916,0,481.3532104492187
49111.0,8.0,140,29,4,16.4461950211107,1.588792338051681,0.4242640687119285,0,481.3532104492187
49111.0,8.0,140,30,4,19.09341069463873,1.0376554820635988,0.4242640687119285,0,481.3532104492187
49111.0,8.0,140,31,4,12.609580093366496,2.0042352062474325,0.3308640753373011,0,481.3532104492187
49111.0,8.0,140,33,5,18.63232440396262,0.6613417807375523,0.3308640753373011,0,481.3532104492187
49111.0,8.0,140,34,5,7.977918996345485,0.9401910614387575,0.2683281572999748,0,481.3532104492187
49111.0,8.0,140,35,5,30.11260697359898,0.16491469461076028,0.613407053921902,0,481.3532104492187
49111.0,8.0,140,36,5,24.746189083881458,0.05836664045264692,0.682842712474619,0,481.3532104492187
49111.0,8.0,140,37,5,29.739105144843933,0.0485589408339771,0.8513997106635237,0,481.3532104492187
49111.0,8.0,140,38,4,34.73405930001491,0.04157152622968917,0.682842712474619,0,481.3532104492187
49111.0,8.0,140,39,4,27.224556278209423,-0.03881544778066492,0.848528137423857,0,481.3532104492187
49111.0,8.0,140,40,4,32.221374352846304,-0.032793678534171575,0.848528137423857,0,481.3532104492187
49111.0,8.0,140,41,5,21.500237296971697,-0.1661790884572202,0.613407053921902,0,481.3532104492187
49111.0,8.0,140,42,5,24.958737032844855,-0.14298058083825832,0.8513997106635237,0,481.3532104492187
49111.0,8.0,140,43,2,29.916200542775652,-0.11916281988860633,0.848528137423857,0,481.3532104492187
49111.0,8.0,140,44,2,34.88580736569586,-0.1021234036262024,0.8513997106635237,0,481.3532104492187
49111.0,8.0,140,45,1,38.369231240735694,-0.0928238664582721,0.613407053921902,0,481.3532104492187
49111.0,8.0,140,46,4,27.87007615068318,-0.21905856329091666,0.848528137423857,0,481.3532104492187
49111.0,8.0,140,47,2,32.76860761896588,-0.18589410533254921,0.848528137423857,0,481.3532104492187
49111.0,8.0,140,48,4,26.14389478203637,-0.33342741692681266,0.682842712474619,0,481.3532104492187
49111.0,8.0,140,49,2,30.911870454811652,-0.28046448479360053,0.8513997106635237,0,481.3532104492187
49111.0,8.0,140,50,1,35.74331036230314,-0.24173398857598632,0.682842712474619,0,481.3532104492187
49111.0,8.0,140,51,1,32.05758897803605,-0.38557048133677013,0.613407053921902,0,481.3532104492187
49111.0,8.0,140,53,4,10.892889873152003,-2.8090002685259035,0.31213203435596426,0,481.3532104492187
49111.0,8.0,140,55,5,10.33523354124588,-0.3512918446310363,0.3308640753373011,1,481.3532104492187
49111.0,8.0,140,56,4,10.062814244980071,-2.1250268293518855,0.4242640687119285,0,481.3532104492187
49111.0,8.0,140,57,4,9.764283476564579,-1.068133248333419,0.4242640687119285,0,481.3532104492187
49111.0,8.0,140,58,2,17.02305524832696,-2.220340990492532,0.382842712474619,0,481.3532104492187
49111.0,8.0,140,59,2,13.559698052291955,-1.592623762503675,0.4242640687119285,0,481.3532104492187
49111.0,8.0,140,60,5,16.67172494228082,-0.94952874777785,0.482842712474619,0,481.3532104492187
49111.0,8.0,140,61,5,19.999672827122385,-0.7448132064508494,0.37888543819998316,0,481.3532104492187
49111.0,8.0,140,62,2,19.297398548196814,-1.8488021051163044,0.4242640687119285,0,481.3532104492187
49111.0,8.0,140,63,4,19.143421637985373,-1.322527006563881,0.4242640687119285,0,481.3532104492187
49111.0,8.0,140,64,1,25.708243234156757,-1.9828502295223034,0.3414213562373095,0,481.3532104492187
49111.0,8.0,140,65,2,23.55832700911304,-1.583359091568585,0.382842712474619,0,481.3532104492187
49111.0,8.0,140,66,4,25.47696553261481,-1.180032201850322,0.3414213562373095,0,481.3532104492187
49111.0,8.0,141,1,1,47.00563677478146,1.5748192147963063,0.613407053921902,0,482.1672973632813
49111.0,8.0,141,2,4,41.06894493296469,1.6070535680691642,0.682842712474619,0,482.1672973632813
49111.0,8.0,141,3,2,44.48730300974877,1.521660045016192,0.8513997106635237,0,482.1672973632813
49111.0,8.0,141,4,1,48.182797970391036,1.4488985197787985,0.682842712474619,0,482.1672973632813
49111.0,8.0,141,5,4,40.95193260196448,1.5208634480077348,0.848528137423857,0,482.1672973632813
49111.0,8.0,141,6,2,44.66007920962699,1.442415081604829,0.848528137423857,0,482.1672973632813
49111.0,8.0,141,8,5,37.416593091708386,1.5199163159704747,0.765685424949238,0,482.1672973632813
49111.0,8.0,141,9,2,41.1395591829178,1.4348216359909851,0.848528137423857,0,482.1672973632813
49111.0,8.0,141,10,2,45.11014543247575,1.364266513662198,0.8513997106635237,0,482.1672973632813
49111.0,8.0,141,11,1,48.00415132841257,1.3219629856437578,0.613407053921902,0,482.1672973632813
49111.0,8.0,141,12,4,37.62185514457567,1.4258075877797625,0.848528137423857,0,482.1672973632813
49111.0,8.0,141,13,4,41.62770562610617,1.350179976730308,0.848528137423857,0,482.1672973632813
49111.0,8.0,141,14,5,34.107838384659814,1.4149351235127305,0.682842712474619,0,482.1672973632813
49111.0,8.0,141,15,5,38.15503283249,1.3335254480011733,0.8513997106635237,0,482.1672973632813
49111.0,8.0,141,16,4,42.40599511416642,1.2680718867553389,0.682842712474619,0,482.1672973632813
49111.0,8.0,141,17,5,36.330383578031565,1.2532830335557712,0.613407053921902,0,482.1672973632813
49111.0,8.0,141,18,1,41.20269870612987,2.2738921343744978,0.37888543819998316,0,482.1672973632813
49111.0,8.0,141,19,1,37.09557654226548,2.540664536314571,0.3414213562373095,0,482.1672973632813
49111.0,8.0,141,20,2,36.207811054408,2.2680397097634284,0.482842712474619,0,482.1672973632813
49111.0,8.0,141,21,4,38.025377890302984,2.0022448891203033,0.3414213562373095,0,482.1672973632813
49111.0,8.0,141,22,2,31.335074451179903,2.4203120649938477,0.4242640687119285,0,482.1672973632813
49111.0,8.0,141,23,4,31.88746890566293,2.1031120282182574,0.4242640687119285,0,482.1672973632813
49111.0,8.0,141,24,1,29.330978660725734,2.7851465545245393,0.37888543819998316,0,482.1672973632813
49111.0,8.0,141,25,2,27.43662151887992,2.621850124358291,0.482842712474619,0,482.1672973632813
49111.0,8.0,141,26,2,26.223881915515438,2.2496482369414452,0.4242640687119285,0,482.1672973632813
49111.0,8.0,141,27,5,28.681278999855124,1.8943332845054468,0.482842712474619,0,482.1672973632813
49111.0,8.0,141,28,5,31.065699030310697,1.7469679208399023,0.3894427190999916,0,482.1672973632813
49111.0,8.0,141,29,4,21.414324463502812,2.4688216478362035,0.4242640687119285,0,482.1672973632813
49111.0,8.0,141,30,4,22.214794047589272,2.0077325697423674,0.4242640687119285,0,482.1672973632813
49111.0,8.0,141,31,4,18.150884323840874,2.788357985884095,0.3308640753373011,0,482.1672973632813
49111.0,8.0,141,33,5,19.982546545290916,1.6879207974996127,0.3308640753373011,0,482.1672973632813
49111.0,8.0,141,34,5,11.301397469768013,2.161152894949464,0.2683281572999748,0,482.1672973632813
49111.0,8.0,141,35,5,28.43912799025911,1.092270373217044,0.613407053921902,0,482.1672973632813
49111.0,8.0,141,36,5,22.603370327244082,1.0217672948682446,0.682842712474619,0,482.1672973632813
49111.0,8.0,141,37,5,27.447663676984508,0.9720564344150386,0.8513997106635237,0,482.1672973632813
49111.0,8.0,141,38,4,32.339389797879164,0.9373187293250345,0.682842712474619,0,482.1672973632813
49111.0,8.0,141,39,4,24.521722942719446,0.8955384288779883,0.848528137423857,0,482.1672973632813
49111.0,8.0,141,40,4,29.475019715918933,0.8701774497527823,0.848528137423857,0,482.1672973632813
49111.0,8.0,141,41,5,18.283386639572836,0.8092884689644142,0.613407053921902,1,482.1672973632813
49111.0,8.0,141,42,5,21.777409185532882,0.799041578131414,0.8513997106635237,0,482.1672973632813
49111.0,8.0,141,43,2,26.771578997295777,0.7890444246410915,0.848528137423857,0,482.1672973632813
49111.0,8.0,141,44,2,31.767583055416175,0.7821912063903175,0.8513997106635237,0,482.1672973632813
49111.0,8.0,141,45,1,35.26545982976525,0.7785494189065589,0.613407053921902,0,482.1672973632813
49111.0,8.0,141,46,4,24.282876616313132,0.6905122580948391,0.848528137423857,0,482.1672973632813
49111.0,8.0,141,47,2,29.27661161981358,0.6998968513097404,0.848528137423857,0,482.1672973632813
49111.0,8.0,141,48,4,22.081638334093913,0.5709613771592946,0.682842712474619,0,482.1672973632813
49111.0,8.0,141,49,2,27.019634392271893,0.6030996379302034,0.8513997106635237,0,482.1672973632813
49111.0,8.0,141,50,1,31.976906258522863,0.6252907005932783,0.682842712474619,0,482.1672973632813
49111.0,8.0,141,51,1,27.733569607437083,0.47784874522129217,0.613407053921902,0,482.1672973632813
49111.0,8.0,141,53,4,13.304973228605805,3.799356792785154,0.31213203435596426,0,482.1672973632813
49111.0,8.0,141,56,4,9.100956239419423,-1.9612148642620562,0.4242640687119285,0,482.1672973632813
49111.0,8.0,141,57,4,4.213215733909213,-0.3979632951226981,0.382842712474619,0,482.1672973632813
49111.0,8.0,141,58,2,15.92823637384581,-1.8081822599325759,0.382842712474619,0,482.1672973632813
49111.0,8.0,141,59,2,9.414483327816642,-1.1782042031478113,0.4242640687119285,0,482.1672973632813
49111.0,8.0,141,60,5,11.11558719449271,-0.17313730944829087,0.482842712474619,0,482.1672973632813
49111.0,8.0,141,61,5,14.697556594641394,0.10064459401988846,0.37888543819998316,0,482.1672973632813
49111.0,8.0,141,62,2,16.10943220101239,-1.3632367392807585,0.4242640687119285,0,482.1672973632813
49111.0,8.0,141,63,4,13.944087929572435,-0.6997498118454495,0.4242640687119285,0,482.1672973632813
49111.0,8.0,141,64,1,23.030308624686125,-1.4385157848664472,0.3414213562373095,0,482.1672973632813
49111.0,8.0,141,65,2,19.113317286565536,-0.9963784494592478,0.382842712474619,0,482.1672973632813
49111.0,8.0,141,66,4,20.006066081205415,-0.4813586231214,0.3414213562373095,0,482.1672973632813
49111.0,8.0,142,1,1,38.84727237360098,1.093648706716572,0.613407053921902,0,483.18798828125
49111.0,8.0,142,2,4,33.62966700019046,1.1812830121050732,0.682842712474619,0,483.18798828125
49111.0,8.0,142,3,2,35.73956090341538,1.0504364189659248,0.8513997106635237,0,483.18798828125
49111.0,8.0,142,4,1,38.38851292501671,0.935886724935275,0.682842712474619,0,483.18798828125
49111.0,8.0,142,5,4,32.36229225479909,1.0811933320057745,0.848528137423857,0,483.18798828125
49111.0,8.0,142,6,2,34.90959282217808,0.9531010669493805,0.848528137423857,0,483.18798828125
49111.0,8.0,142,7,5,27.741962956565537,1.233926614290169,0.613407053921902,0,483.18798828125
49111.0,8.0,142,8,5,29.022744639353476,1.1190714905499122,0.8513997106635237,0,483.18798828125
49111.0,8.0,142,9,2,31.443304810823545,0.9741182280994752,0.848528137423857,0,483.18798828125
49111.0,8.0,142,10,2,34.42445538351474,0.8520347702022613,0.8513997106635237,0,483.18798828125
49111.0,8.0,142,11,1,36.77290206346602,0.7790787522987637,0.613407053921902,0,483.18798828125
49111.0,8.0,142,12,4,27.994341639739467,1.0003281864583005,0.848528137423857,0,483.18798828125
49111.0,8.0,142,13,4,30.903800330504485,0.8619689525785303,0.848528137423857,0,483.18798828125
49111.0,8.0,142,14,5,24.570000208761556,1.0338726678193035,0.682842712474619,0,483.18798828125
49111.0,8.0,142,15,5,27.386979046323837,0.8744559844563978,0.8513997106635237,0,483.18798828125
49111.0,8.0,142,16,4,30.763750296558758,0.747331570744109,0.682842712474619,0,483.18798828125
49111.0,8.0,142,17,5,24.753833318982664,0.7858703283337163,0.613407053921902,0,483.18798828125
49111.0,8.0,142,18,1,43.317612349974524,1.8520040678005,0.37888543819998316,0,483.18798828125
49111.0,8.0,142,19,1,42.954130435961694,2.111788169386958,0.3414213562373095,0,483.18798828125
49111.0,8.0,142,20,2,38.57176096006101,1.8905087552375774,0.482842712474619,0,483.18798828125
49111.0,8.0,142,21,4,36.47607662030777,1.6290844430592182,0.3414213562373095,0,483.18798828125
49111.0,8.0,142,22,2,36.09410251540092,2.0682381205038105,0.4242640687119285,0,483.18798828125
49111.0,8.0,142,23,4,32.334310854613044,1.7961585449307913,0.4242640687119285,0,483.18798828125
49111.0,8.0,142,24,1,38.35917123973375,2.3635499190212843,0.37888543819998316,0,483.18798828125
49111.0,8.0,142,25,2,34.89681545964409,2.264916946746048,0.482842712474619,0,483.18798828125
49111.0,8.0,142,26,2,29.33447035954341,2.0044451771659735,0.4242640687119285,0,483.18798828125
49111.0,8.0,142,27,5,26.518570348444634,1.658695390818805,0.482842712474619,0,483.18798828125
49111.0,8.0,142,28,5,26.44988250164157,1.4696400033182022,0.4538461538461539,0,483.18798828125
49111.0,8.0,142,29,4,27.8480635611727,2.2469101120544113,0.4242640687119285,0,483.18798828125
49111.0,8.0,142,30,4,22.764842765931654,1.9031959059772787,0.4242640687119285,0,483.18798828125
49111.0,8.0,142,31,4,28.11615437678664,2.500106718675142,0.3308640753373011,0,483.18798828125
49111.0,8.0,142,33,5,16.61219374556686,1.7237497409866236,0.3308640753373011,0,483.18798828125
49111.0,8.0,142,34,5,17.16411264374586,2.3977382318690252,0.2683281572999748,0,483.18798828125
49111.0,8.0,142,35,5,15.638889958389415,0.662152230294363,0.613407053921902,0,483.18798828125
49111.0,8.0,142,36,5,9.5613184658587,0.7079173652732738,0.682842712474619,1,483.18798828125
49111.0,8.0,142,37,5,13.703303318207935,0.46262415029782056,0.8513997106635237,0,483.18798828125
49111.0,8.0,142,38,4,18.27955778611853,0.3352596169807814,0.682842712474619,0,483.18798828125
49111.0,8.0,142,39,4,10.38182393642372,0.3610069773930363,0.848528137423857,0,483.18798828125
49111.0,8.0,142,40,4,15.137502411961444,0.23777582927790417,0.848528137423857,0,483.18798828125
49111.0,8.0,142,42,5,7.265260811766666,0.16848530081284357,0.765685424949238,0,483.18798828125
49111.0,8.0,142,43,2,12.212523313723109,0.09157397637824519,0.848528137423857,0,483.18798828125
49111.0,8.0,142,44,2,17.190329744175024,0.05909477073136859,0.8513997106635237,0,483.18798828125
49111.0,8.0,142,45,1,20.681166176769025,0.04567112429671082,0.613407053921902,0,483.18798828125
49111.0,8.0,142,46,4,9.702962027356511,-0.13770607994831968,0.848528137423857,0,483.18798828125
49111.0,8.0,142,47,2,14.680231031205212,-0.09780126697382621,0.848528137423857,0,483.18798828125
49111.0,8.0,142,48,4,8.009320727778,-0.4915953216889621,0.682842712474619,0,483.18798828125
49111.0,8.0,142,49,2,12.669290806736276,-0.3114346607137228,0.8513997106635237,0,483.18798828125
49111.0,8.0,142,50,1,17.517780697648043,-0.22941618975762235,0.682842712474619,0,483.18798828125
49111.0,8.0,142,51,1,14.078940735930656,-0.5518821986568373,0.613407053921902,0,483.18798828125
49111.0,8.0,142,53,4,27.89716898694787,3.072392682262651,0.31213203435596426,0,483.18798828125
49111.0,8.0,142,56,4,23.1512192415213,-3.0041678992414695,0.4242640687119285,0,483.18798828125
49111.0,8.0,142,57,4,13.367960742740912,-2.886393345551778,0.382842712474619,0,483.18798828125
49111.0,8.0,142,58,2,29.171603404701116,-2.861333749784026,0.382842712474619,0,483.18798828125
49111.0,8.0,142,59,2,19.842022761090817,-2.711566335534227,0.4242640687119285,0,483.18798828125
49111.0,8.0,142,60,5,11.680294915031986,-2.329705175434368,0.482842712474619,0,483.18798828125
49111.0,8.0,142,61,5,9.098956002056505,-1.9112870616861908,0.37888543819998316,0,483.18798828125
49111.0,8.0,142,62,2,26.621595746382855,-2.624112522029247,0.4242640687119285,0,483.18798828125
49111.0,8.0,142,63,4,18.746540537771388,-2.3473502592350877,0.4242640687119285,0,483.18798828125
49111.0,8.0,142,64,1,33.521826515212645,-2.572390327797985,0.3414213562373095,0,483.18798828125
49111.0,8.0,142,65,2,25.815427073098938,-2.355333519649856,0.382842712474619,0,483.18798828125
49111.0,8.0,142,66,4,20.227696285463796,-1.99039285048757,0.3414213562373095,0,483.18798828125
49111.0,8.0,143,1,1,33.430415550521424,0.5441954349290947,0.613407053921902,0,483.6636047363281
49111.0,8.0,143,2,4,28.588594967826356,0.6644607983148956,0.682842712474619,0,483.6636047363281
49111.0,8.0,143,3,2,30.184484778924098,0.5029795201305736,0.8513997106635237,0,483.6636047363281
49111.0,8.0,143,4,1,32.47920073683733,0.36098191926735623,0.682842712474619,0,483.6636047363281
49111.0,8.0,143,5,4,26.934418448348428,0.5517963943131792,0.848528137423857,0,483.6636047363281
49111.0,8.0,143,6,2,29.0561225266794,0.3897788069961483,0.848528137423857,0,483.6636047363281
49111.0,8.0,143,7,5,22.998172134717393,0.7600030343517004,0.613407053921902,0,483.6636047363281
49111.0,8.0,143,8,5,23.76599825238493,0.6138123704099963,0.8513997106635237,0,483.6636047363281
49111.0,8.0,143,9,2,25.663554548562395,0.42622651408199164,0.848528137423857,0,483.6636047363281
49111.0,8.0,143,10,2,28.326902252129717,0.26911967055662944,0.8513997106635237,0,483.6636047363281
49111.0,8.0,143,11,1,30.54210442317267,0.17696064434568182,0.613407053921902,0,483.6636047363281
49111.0,8.0,143,12,4,22.31541637184189,0.47369111109741424,0.848528137423857,0,483.6636047363281
49111.0,8.0,143,13,4,24.834918300315447,0.2899776287505047,0.848528137423857,0,483.6636047363281
49111.0,8.0,143,14,5,19.035167023966473,0.5377034160804701,0.682842712474619,0,483.6636047363281
49111.0,8.0,143,15,5,21.357269084903496,0.3176438006178164,0.8513997106635237,0,483.6636047363281
49111.0,8.0,143,16,4,24.49343385276243,0.14717617974393538,0.682842712474619,0,483.6636047363281
49111.0,8.0,143,17,5,18.551101860901163,0.21250755290475976,0.613407053921902,0,483.6636047363281
49111.0,8.0,143,18,1,41.87243896843343,1.3550304984089463,0.37888543819998316,0,483.6636047363281
49111.0,8.0,143,19,1,43.16509397179359,1.616996389634775,0.3414213562373095,0,483.6636047363281
49111.0,8.0,143,20,2,37.42747728425093,1.412875085489011,0.482842712474619,0,483.6636047363281
49111.0,8.0,143,21,4,33.740284144216496,1.1505470023827298,0.3414213562373095,0,483.6636047363281
49111.0,8.0,143,22,2,36.11835554709519,1.60215334989212,0.4242640687119285,0,483.6636047363281
49111.0,8.0,143,23,4,30.694076394244707,1.3491654682224126,0.4242640687119285,0,483.6636047363281
49111.0,8.0,143,24,1,40.18034096240313,1.8764413974485663,0.37888543819998316,0,483.6636047363281
49111.0,8.0,143,25,2,36.16981004912308,1.7980970881197358,0.482842712474619,0,483.6636047363281
49111.0,8.0,143,26,2,29.083429599326713,1.580122608775898,0.4242640687119285,0,483.6636047363281
49111.0,8.0,143,27,5,24.154432212915733,1.2503529767220132,0.482842712474619,0,483.6636047363281
49111.0,8.0,143,28,5,22.961532062626294,1.043806598794076,0.4538461538461539,0,483.6636047363281
49111.0,8.0,143,29,4,29.147305687185842,1.8235773996941438,0.4242640687119285,0,483.6636047363281
49111.0,8.0,143,30,4,22.0716140572366,1.544066242527201,0.4242640687119285,0,483.6636047363281
49111.0,8.0,143,31,4,30.875313445947704,2.0526423073517397,0.3308640753373011,0,483.6636047363281
49111.0,8.0,143,33,5,15.115105587597307,1.4746483956539498,0.3308640753373011,0,483.6636047363281
49111.0,8.0,143,34,5,19.707628202115146,2.0742013801395824,0.2683281572999748,0,483.6636047363281
49111.0,8.0,143,35,5,9.293647197712838,0.07405683071380065,0.6034068236642477,0,483.6636047363281
49111.0,8.0,143,37,5,7.408259966018445,-0.28321909775791787,0.8513997106635237,0,483.6636047363281
49111.0,8.0,143,38,4,12.193345515435281,-0.43594677639252716,0.682842712474619,0,483.6636047363281
49111.0,8.0,143,39,4,4.38658084454659,-0.606628777015994,0.848528137423857,1,483.6636047363281
49111.0,8.0,143,40,4,9.382827433157724,-0.6368226016292495,0.848528137423857,0,483.6636047363281
49111.0,8.0,143,42,5,2.932894012298185,-1.5385066174626045,0.765685424949238,0,483.6636047363281
49111.0,8.0,143,43,2,7.238592848202517,-0.9795981979274155,0.848528137423857,0,483.6636047363281
49111.0,8.0,143,44,2,12.091012594349685,-0.8506164513616982,0.8513997106635237,0,483.6636047363281
49111.0,8.0,143,45,1,15.543466053329114,-0.808673878115175,0.613407053921902,0,483.6636047363281
49111.0,8.0,143,46,4,6.461965815731316,-1.4894221627274837,0.848528137423857,0,483.6636047363281
49111.0,8.0,143,47,2,10.514388300721738,-1.1322094364538784,0.848528137423857,0,483.6636047363281
49111.0,8.0,143,48,4,7.491113267419707,-1.980495498304794,0.682842712474619,0,483.6636047363281
49111.0,8.0,143,49,2,9.995605890589406,-1.4750251690217167,0.8513997106635237,0,483.6636047363281
49111.0,8.0,143,50,1,13.917884043728044,-1.211356326824721,0.682842712474619,0,483.6636047363281
49111.0,8.0,143,51,1,12.764112762293411,-1.664887935313502,0.613407053921902,0,483.6636047363281
49111.0,8.0,143,53,4,33.19690276734647,-3.7370294317211403,0.31213203435596426,0,483.6636047363281
49111.0,8.0,143,56,4,29.040396401861788,-3.5525297281211072,0.4242640687119285,0,483.6636047363281
49111.0,8.0,143,57,4,19.51756494664781,-3.4242402374045633,0.382842712474619,0,483.6636047363281
49111.0,8.0,143,58,2,35.313795813258736,-3.450605754896817,0.382842712474619,0,483.6636047363281
49111.0,8.0,143,59,2,26.165910895856047,-3.3176247993370125,0.4242640687119285,0,483.6636047363281
49111.0,8.0,143,60,5,17.95120083112064,-3.053741664560756,0.482842712474619,0,483.6636047363281
49111.0,8.0,143,61,5,14.698332232396314,-2.819438402616867,0.37888543819998316,0,483.6636047363281
49111.0,8.0,143,62,2,32.990520525950195,-3.2546276661383495,0.4242640687119285,0,483.6636047363281
49111.0,8.0,143,63,4,25.019295810283893,-3.0440674774704477,0.4242640687119285,0,483.6636047363281
49111.0,8.0,143,64,1,39.90105256927947,-3.2133316230813955,0.3414213562373095,0,483.6636047363281
49111.0,8.0,143,65,2,32.08870072791593,-3.0386555595592415,0.382842712474619,0,483.6636047363281
49111.0,8.0,143,66,4,25.831674987795513,-2.7668777216517224,0.3414213562373095,0,483.6636047363281
49111.0,8.0,144,1,1,32.698087268400684,0.9259507765630474,0.613407053921902,0,483.8345031738281
49111.0,8.0,144,2,4,27.978925432775057,1.0539976187426578,0.682842712474619,0,483.8345031738281
49111.0,8.0,144,3,2,29.41478657601867,0.8868547221229631,0.8513997106635237,0,483.8345031738281
49111.0,8.0,144,4,1,31.58542496552278,0.7389463102199479,0.682842712474619,0,483.8345031738281
49111.0,8.0,144,5,4,26.21272475454624,0.940842571346055,0.848528137423857,0,483.8345031738281
49111.0,8.0,144,6,2,28.187166228578967,0.7716451012657876,0.848528137423857,0,483.8345031738281
49111.0,8.0,144,7,5,22.495502398135397,1.1608706710466907,0.613407053921902,0,483.8345031738281
49111.0,8.0,144,8,5,23.108098338082133,1.0095855953370485,0.8513997106635237,0,483.8345031738281
49111.0,8.0,144,9,2,24.82727551992799,0.8132493090325842,0.848528137423857,0,483.8345031738281
49111.0,8.0,144,10,2,27.364265213638703,0.647759466281794,0.8513997106635237,0,483.8345031738281
49111.0,8.0,144,11,1,29.516767969076767,0.5506125925745744,0.613407053921902,0,483.8345031738281
49111.0,8.0,144,12,4,21.52372828966415,0.8677448361072125,0.848528137423857,0,483.8345031738281
49111.0,8.0,144,13,4,23.88891543011591,0.6731662046892859,0.848528137423857,0,483.8345031738281
49111.0,8.0,144,14,5,18.30705189898586,0.9416802102364664,0.682842712474619,0,483.8345031738281
49111.0,8.0,144,15,5,20.43422497116304,0.7071922611338878,0.8513997106635237,0,483.8345031738281
49111.0,8.0,144,16,4,23.45137418387342,0.5248052591722383,0.682842712474619,0,483.8345031738281
49111.0,8.0,144,17,5,17.553413014934858,0.6021923564246212,0.613407053921902,0,483.8345031738281
49111.0,8.0,144,18,1,42.05288792477521,1.7363663693177789,0.37888543819998316,0,483.8345031738281
49111.0,8.0,144,19,1,43.64390589032459,1.9954068866670132,0.3414213562373095,0,483.8345031738281
49111.0,8.0,144,20,2,37.67770326391183,1.7971788270271145,0.482842712474619,0,483.8345031738281
49111.0,8.0,144,21,4,33.681272617335516,1.5391415260871333,0.3414213562373095,0,483.8345031738281
49111.0,8.0,144,22,2,36.58365567754456,1.985622059637313,0.4242640687119285,0,483.8345031738281
49111.0,8.0,144,23,4,30.873656482720364,1.7407355227550383,0.4242640687119285,0,483.8345031738281
49111.0,8.0,144,24,1,40.92320858978366,2.2527139343896927,0.37888543819998316,0,483.8345031738281
49111.0,8.0,144,25,2,36.839087966762754,2.178408388553048,0.482842712474619,0,483.8345031738281
49111.0,8.0,144,26,2,29.528582832617744,1.9711595930416226,0.4242640687119285,0,483.8345031738281
49111.0,8.0,144,27,5,24.223047000380653,1.652874478566548,0.482842712474619,0,483.8345031738281
49111.0,8.0,144,28,5,22.78520148962022,1.4486816046335735,0.4538461538461539,0,483.8345031738281
49111.0,8.0,144,29,4,29.84445917741706,2.2096813918933487,0.4242640687119285,0,483.8345031738281
49111.0,8.0,144,30,4,22.483561672306195,1.9476259420528153,0.4242640687119285,0,483.8345031738281
49111.0,8.0,144,31,4,31.77178438618548,2.4310707391077138,0.3308640753373011,0,483.8345031738281
49111.0,8.0,144,33,5,15.462337690078597,1.9026724999363216,0.3308640753373011,0,483.8345031738281
49111.0,8.0,144,34,5,20.625930897582048,2.4653494866283414,0.2683281572999748,0,483.8345031738281
49111.0,8.0,144,35,5,8.220414358196493,0.4875274537792429,0.6034068236642477,0,483.8345031738281
49111.0,8.0,144,37,5,6.2161057360074174,0.08339305072994518,0.7685569981889047,0,483.8345031738281
49111.0,8.0,144,38,4,11.00224392845231,-0.09176406000515444,0.682842712474619,0,483.8345031738281
49111.0,8.0,144,40,4,8.241762020711272,-0.32426584526012703,0.848528137423857,1,483.8345031738281
49111.0,8.0,144,42,5,2.7192848344685054,-1.6049736733424655,0.682842712474619,0,483.8345031738281
49111.0,8.0,144,43,2,6.309034074318494,-0.7377625493499457,0.848528137423857,0,483.8345031738281
49111.0,8.0,144,44,2,11.055012975607637,-0.5490803299191936,0.8513997106635237,0,483.8345031738281
49111.0,8.0,144,45,1,14.479291852463373,-0.49184004319048824,0.613407053921902,0,483.8345031738281
49111.0,8.0,144,46,4,6.05649904613093,-1.3162921145036734,0.848528137423857,0,483.8345031738281
49111.0,8.0,144,47,2,9.70002998117667,-0.8657529423465951,0.848528137423857,0,483.8345031738281
49111.0,8.0,144,48,4,7.652349341258403,-1.783962119876609,0.682842712474619,0,483.8345031738281
49111.0,8.0,144,49,2,9.537706819807333,-1.2350354835074124,0.8513997106635237,0,483.8345031738281
49111.0,8.0,144,50,1,13.16727960971972,-0.926949770579543,0.682842712474619,0,483.8345031738281
49111.0,8.0,144,51,1,12.511299280305805,-1.4042270306460294,0.613407053921902,0,483.8345031738281
49111.0,8.0,144,53,4,34.35882278878862,-3.375512653992102,0.31213203435596426,0,483.8345031738281
49111.0,8.0,144,56,4,30.234120539566046,-3.197078170267054,0.4242640687119285,0,483.8345031738281
49111.0,8.0,144,57,4,20.710404309933022,-3.075139832036117,0.382842712474619,0,483.8345031738281
49111.0,8.0,144,58,2,36.50830842822981,-3.0988830596511585,0.382842712474619,0,483.8345031738281
49111.0,8.0,144,59,2,27.34365348980707,-2.9721616620120948,0.4242640687119285,0,483.8345031738281
49111.0,8.0,144,60,5,19.039280134777187,-2.7273828706619545,0.482842712474619,0,483.8345031738281
49111.0,8.0,144,61,5,15.649395802728698,-2.5140507110114987,0.37888543819998316,0,483.8345031738281
49111.0,8.0,144,62,2,34.15303684389405,-2.9097855602178613,0.4242640687119285,0,483.8345031738281
49111.0,8.0,144,63,4,26.100741896357416,-2.710854287205559,0.4242640687119285,0,483.8345031738281
49111.0,8.0,144,64,1,41.05099834535246,-2.8682524691278255,0.3414213562373095,0,483.8345031738281
49111.0,8.0,144,65,2,33.166297155848035,-2.7013662601851642,0.382842712474619,0,483.8345031738281
49111.0,8.0,144,66,4,26.736156584481176,-2.443465589460611,0.3414213562373095,0,483.8345031738281
49111.0,8.0,145,1,1,32.000765538403975,1.2734189727559975,0.613407053921902,0,484.3113098144531
49111.0,8.0,145,2,4,27.561970003307366,1.4145842724776339,0.682842712474619,0,484.3113098144531
49111.0,8.0,145,3,2,28.644430903918224,1.2406365377967734,0.8513997106635237,0,484.3113098144531
49111.0,8.0,145,4,1,30.51793985765546,1.0836848479118488,0.682842712474619,0,484.3113098144531
49111.0,8.0,145,5,4,25.56253334411006,1.3046764632209213,0.848528137423857,0,484.3113098144531
49111.0,8.0,145,6,2,27.189783785732264,1.1251048921762028,0.848528137423857,0,484.3113098144531
49111.0,8.0,145,7,5,22.328097504844443,1.5412246979148487,0.613407053921902,0,484.3113098144531
49111.0,8.0,145,8,5,22.61377456613849,1.3858282067667005,0.8513997106635237,0,484.3113098144531
49111.0,8.0,145,9,2,23.92120464095114,1.1779568091082415,0.848528137423857,0,484.3113098144531
49111.0,8.0,145,10,2,26.135517267128897,0.9984255824352475,0.8513997106635237,0,484.3113098144531
49111.0,8.0,145,11,1,28.114126782859252,0.8918682947951274,0.613407053921902,0,484.3113098144531
49111.0,8.0,145,12,4,20.74038863265719,1.2472666931281244,0.848528137423857,0,484.3113098144531
49111.0,8.0,145,13,4,22.71574238231685,1.0352538387557613,0.848528137423857,0,484.3113098144531
49111.0,8.0,145,14,5,17.69472830514922,1.3410278724106797,0.682842712474619,0,484.3113098144531
49111.0,8.0,145,15,5,19.337648283573145,1.0850378438901207,0.8513997106635237,0,484.3113098144531
49111.0,8.0,145,16,4,22.01785349404682,0.880118946031343,0.682842712474619,0,484.3113098144531
49111.0,8.0,145,17,5,16.275720196188594,0.9894325557200327,0.613407053921902,1,484.3113098144531
49111.0,8.0,145,18,1,43.035041703276285,2.065865939294512,0.37888543819998316,0,484.3113098144531
49111.0,8.0,145,19,1,45.07829811977583,2.3160831918050295,0.3414213562373095,0,484.3113098144531
49111.0,8.0,145,20,2,38.77802759382749,2.1300750095713123,0.482842712474619,0,484.3113098144531
49111.0,8.0,145,21,4,34.284367965005664,1.88445038277147,0.3414213562373095,0,484.3113098144531
49111.0,8.0,145,22,2,38.00808864421405,2.313421538918915,0.4242640687119285,0,484.3113098144531
49111.0,8.0,145,23,4,31.879417577469848,2.085925911577813,0.4242640687119285,0,484.3113098144531
49111.0,8.0,145,24,1,42.715956612946044,2.5657651721680463,0.37888543819998316,0,484.3113098144531
49111.0,8.0,145,25,2,38.54210918859033,2.497903209200317,0.482842712474619,0,484.3113098144531
49111.0,8.0,145,26,2,30.938271499834638,2.3095433991404506,0.4242640687119285,0,484.3113098144531
49111.0,8.0,145,27,5,25.077063346607012,2.0176248428055628,0.482842712474619,0,484.3113098144531
49111.0,8.0,145,28,5,23.231451470708222,1.8248012325172893,0.4538461538461539,0,484.3113098144531
49111.0,8.0,145,29,4,31.592024653641094,2.535230224977407,0.4242640687119285,0,484.3113098144531
49111.0,8.0,145,30,4,23.869195302911397,2.3033680234739013,0.4242640687119285,0,484.3113098144531
49111.0,8.0,145,31,4,33.74811698502678,2.741841466754404,0.3308640753373011,0,484.3113098144531
49111.0,8.0,145,33,5,16.80179530346608,2.2919967176876717,0.3308640753373011,0,484.3113098144531
49111.0,8.0,145,34,5,22.634895016152186,2.786103402940167,0.2683281572999748,0,484.3113098144531
49111.0,8.0,145,35,5,6.8418427358686085,0.9936237245901338,0.5672077286416233,0,484.3113098144531
49111.0,8.0,145,37,5,4.273785065699952,0.5502296361727007,0.6857142857142857,0,484.3113098144531
49111.0,8.0,145,38,4,8.89418181363133,0.23901777521775652,0.5638463841038082,0,484.3113098144531
49111.0,8.0,145,42,5,3.024006796716331,-2.0838667662710137,0.682842712474619,0,484.3113098144531
49111.0,8.0,145,43,2,4.470553483934281,-0.6664363376678122,0.765685424949238,0,484.3113098144531
49111.0,8.0,145,44,2,8.990388189552624,-0.3275765341764858,0.7685569981889047,0,484.3113098144531
49111.0,8.0,145,45,1,12.376022856359734,-0.24342392827671297,0.613407053921902,0,484.3113098144531
49111.0,8.0,145,46,4,5.28446190374292,-1.3899803413636955,0.848528137423857,0,484.3113098144531
49111.0,8.0,145,47,2,7.985409755187308,-0.7303511737740741,0.848528137423857,0,484.3113098144531
49111.0,8.0,145,48,4,7.801616933142998,-1.7790967284555652,0.682842712474619,0,484.3113098144531
49111.0,8.0,145,49,2,8.467966586946002,-1.1595635482824187,0.8513997106635237,0,484.3113098144531
49111.0,8.0,145,50,1,11.512935744794387,-0.7551554008089052,0.682842712474619,0,484.3113098144531
49111.0,8.0,145,51,1,11.732897548477776,-1.286161666791067,0.613407053921902,0,484.3113098144531
49111.0,8.0,145,53,4,36.513778189659774,-3.094151683547544,0.31213203435596426,0,484.3113098144531
49111.0,8.0,145,56,4,32.33910695573892,-2.927875121480104,0.4242640687119285,0,484.3113098144531
49111.0,8.0,145,57,4,22.748632956443384,-2.8233985079536783,0.382842712474619,0,484.3113098144531
49111.0,8.0,145,58,2,38.55771280837996,-2.8325209791967576,0.382842712474619,0,484.3113098144531
49111.0,8.0,145,59,2,29.298117340637585,-2.720109331776485,0.4242640687119285,0,484.3113098144531
49111.0,8.0,145,60,5,20.737939685466092,-2.5100016226653055,0.482842712474619,0,484.3113098144531
49111.0,8.0,145,61,5,17.05588970837229,-2.329895795351135,0.37888543819998316,0,484.3113098144531
49111.0,8.0,145,62,2,36.04523627366805,-2.6549919834668687,0.4242640687119285,0,484.3113098144531
49111.0,8.0,145,63,4,27.76583369389106,-2.477486552835744,0.4242640687119285,0,484.3113098144531
49111.0,8.0,145,64,1,42.89683480565136,-2.6105342537846075,0.3414213562373095,0,484.3113098144531
49111.0,8.0,145,65,2,34.811218005631495,-2.4581186898768235,0.382842712474619,0,484.3113098144531
49111.0,8.0,145,66,4,27.991130054498754,-2.2232905232154785,0.3414213562373095,0,484.3113098144531
49111.0,8.0,146,1,1,19.11897995119132,1.7477088497849782,0.613407053921902,0,485.751708984375
49111.0,8.0,146,2,4,17.455347032508428,2.0705503491756,0.682842712474619,0,485.751708984375
49111.0,8.0,146,3,2,15.685707862014977,1.7869883891029952,0.8513997106635237,0,485.751708984375
49111.0,8.0,146,4,1,15.407586515728418,1.4644646432676545,0.682842712474619,0,485.751708984375
49111.0,8.0,146,5,4,14.098313895358153,1.9998285625544774,0.848528137423857,0,485.751708984375
49111.0,8.0,146,6,2,12.849698276583249,1.6381461573932259,0.848528137423857,0,485.751708984375
49111.0,8.0,146,7,5,15.725357689941259,2.425687152544968,0.613407053921902,0,485.751708984375
49111.0,8.0,146,8,5,13.284708436831389,2.251904189187087,0.8513997106635237,0,485.751708984375
49111.0,8.0,146,9,2,10.855218531139611,1.8859557508787297,0.848528137423857,0,485.751708984375
49111.0,8.0,146,10,2,10.449309090364519,1.413658845507052,0.8513997106635237,0,485.751708984375
49111.0,8.0,146,11,1,11.52756107079893,1.109092665270214,0.613407053921902,0,485.751708984375
49111.0,8.0,146,12,4,9.775315489454401,2.2142439339906184,0.848528137423857,0,485.751708984375
49111.0,8.0,146,13,4,7.868232585882605,1.6809254323078668,0.848528137423857,0,485.751708984375
49111.0,8.0,146,14,5,9.913516857197422,2.575073624996836,0.682842712474619,0,485.751708984375
49111.0,8.0,146,15,5,6.295244839171483,2.134705321296152,0.765685424949238,1,485.751708984375
49111.0,8.0,146,16,4,5.566183494306752,1.272618182715071,0.682842712474619,0,485.751708984375
49111.0,8.0,146,18,1,41.88483028540017,2.492419045209456,0.37888543819998316,0,485.751708984375
49111.0,8.0,146,19,1,47.88975635821024,2.703382207786883,0.3414213562373095,0,485.751708984375
49111.0,8.0,146,20,2,39.065756696409885,2.594550713281544,0.482842712474619,0,485.751708984375
49111.0,8.0,146,21,4,30.96510824262446,2.4257668386539257,0.3414213562373095,0,485.751708984375
49111.0,8.0,146,22,2,41.310717657555095,2.7616558531997843,0.4242640687119285,0,485.751708984375
49111.0,8.0,146,23,4,32.23786555584271,2.6463614069008816,0.4242640687119285,0,485.751708984375
49111.0,8.0,146,24,1,49.45366669311991,2.9313557149731784,0.37888543819998316,0,485.751708984375
49111.0,8.0,146,25,2,44.57597380317535,2.907945044014322,0.482842712474619,0,485.751708984375
49111.0,8.0,146,26,2,34.924518933204084,2.8416026903990113,0.4242640687119285,0,485.751708984375
49111.0,8.0,146,27,5,25.542642872852564,2.7256499868103763,0.482842712474619,0,485.751708984375
49111.0,8.0,146,28,5,21.066060287516116,2.629601100262379,0.4538461538461539,0,485.751708984375
49111.0,8.0,146,29,4,38.731951536617295,3.0037879974775263,0.4242640687119285,0,485.751708984375
49111.0,8.0,146,30,4,28.85946382123595,2.956170743791039,0.4242640687119285,0,485.751708984375
49111.0,8.0,146,31,4,43.36595573666066,3.1342004702177375,0.3414213562373095,0,485.751708984375
49111.0,8.0,146,32,5,33.36631084145155,3.131985025384528,0.482842712474619,0,485.751708984375
49111.0,8.0,146,33,5,23.366969880211737,3.1278734492937326,0.3414213562373095,0,485.751708984375
49111.0,8.0,146,34,5,33.69131991173224,-3.002250800155502,0.37888543819998316,0,485.751708984375
49111.0,8.0,146,35,5,10.3997497276843,-2.505333655020286,0.5672077286416233,0,485.751708984375
49111.0,8.0,146,37,5,12.792999302622217,-2.283465093796872,0.6857142857142857,0,485.751708984375
49111.0,8.0,146,38,4,10.247591046878787,-1.905349870114768,0.5638463841038082,0,485.751708984375
49111.0,8.0,146,42,5,19.852024538470456,-2.3093505452963865,0.682842712474619,0,485.751708984375
49111.0,8.0,146,43,2,16.89541859153572,-2.0887359744947114,0.765685424949238,0,485.751708984375
49111.0,8.0,146,44,2,15.060128169786227,-1.796120610640219,0.7685569981889047,0,485.751708984375
49111.0,8.0,146,45,1,14.680056684679833,-1.5615844397970366,0.613407053921902,0,485.751708984375
49111.0,8.0,146,46,4,20.326735914621935,-2.134719963931137,0.848528137423857,0,485.751708984375
49111.0,8.0,146,47,2,18.152919436001444,-1.89977422294338,0.848528137423857,0,485.751708984375
49111.0,8.0,146,48,4,23.788594252337642,-2.1673735542379475,0.682842712474619,0,485.751708984375
49111.0,8.0,146,49,2,21.38339326696138,-1.9727105093379511,0.8513997106635237,0,485.751708984375
49111.0,8.0,146,50,1,19.96501436805661,-1.740137879447371,0.682842712474619,0,485.751708984375
49111.0,8.0,146,51,1,24.642555556758964,-1.9171222063604154,0.613407053921902,0,485.751708984375
49111.0,8.0,146,53,4,50.54341540226372,-2.8469142090329953,0.31213203435596426,0,485.751708984375
49111.0,8.0,146,56,4,47.62125019210736,-2.7155735658918805,0.4242640687119285,0,485.751708984375
49111.0,8.0,146,57,4,38.7361336748215,-2.608687079713697,0.382842712474619,0,485.751708984375
49111.0,8.0,146,58,2,54.29756455844429,-2.669757227040138,0.382842712474619,0,485.751708984375
49111.0,8.0,146,59,2,45.61721275124973,-2.569953370597355,0.4242640687119285,0,485.751708984375
49111.0,8.0,146,60,5,37.59833349241874,-2.425559738988054,0.482842712474619,0,485.751708984375
49111.0,8.0,146,61,5,33.98509927180314,-2.328837705683876,0.37888543819998316,0,485.751708984375
49111.0,8.0,146,62,2,52.54875970288853,-2.5414042139167314,0.4242640687119285,0,485.751708984375
49111.0,8.0,146,63,4,44.65508625594936,-2.414584438730228,0.4242640687119285,0,485.751708984375
49111.0,8.0,146,64,1,59.51314303102351,-2.5195223252348393,0.3414213562373095,0,485.751708984375
49111.0,8.0,146,65,2,51.71574978326639,-2.4066052622658196,0.382842712474619,0,485.751708984375
49111.0,8.0,146,66,4,44.802046357948576,-2.2563649840830244,0.3414213562373095,0,485.751708984375
49111.0,8.0,147,1,1,17.1086116817024,-0.6737995249828845,0.613407053921902,0,485.9255981445313
49111.0,8.0,147,2,4,15.126594649109153,-0.31301912262439613,0.682842712474619,0,485.9255981445313
49111.0,8.0,147,3,2,13.632896725375232,-0.6468484871034161,0.8513997106635237,0,485.9255981445313
49111.0,8.0,147,4,1,13.888768144476881,-1.01175947941476,0.682842712474619,0,485.9255981445313
49111.0,8.0,147,5,4,11.822197542024373,-0.407078223509006,0.848528137423857,0,485.9255981445313
49111.0,8.0,147,6,2,11.036591963506496,-0.8428072391495476,0.848528137423857,0,485.9255981445313
49111.0,8.0,147,7,5,13.360143379026482,0.10087971699423637,0.613407053921902,0,485.9255981445313
49111.0,8.0,147,8,5,10.893706271079072,-0.10532676633238935,0.8513997106635237,0,485.9255981445313
49111.0,8.0,147,9,2,8.701427685548882,-0.5710841718012918,0.848528137423857,0,485.9255981445313
49111.0,8.0,147,10,2,9.097079268266581,-1.1389031497667181,0.8513997106635237,0,485.9255981445313
49111.0,8.0,147,11,1,10.836801023619838,-1.445982741220208,0.613407053921902,0,485.9255981445313
49111.0,8.0,147,12,4,7.39075945791344,-0.15870712291835076,0.848528137423857,0,485.9255981445313
49111.0,8.0,147,13,4,6.055190567688685,-0.8955186711722205,0.848528137423857,0,485.9255981445313
49111.0,8.0,147,14,5,7.6506082740287615,0.3146051845748583,0.6466890965784271,0,485.9255981445313
49111.0,8.0,147,16,4,4.75560951458543,-1.5182606661011708,0.6466890965784271,0,485.9255981445313
49111.0,8.0,147,18,1,39.545997106696305,0.15506873113473496,0.37888543819998316,0,485.9255981445313
49111.0,8.0,147,19,1,45.71280830262285,0.37484968434211074,0.3414213562373095,0,485.9255981445313
49111.0,8.0,147,20,2,36.7932719094799,0.26454922084479593,0.482842712474619,0,485.9255981445313
49111.0,8.0,147,21,4,28.597707472759083,0.0876728113223928,0.3414213562373095,0,485.9255981445313
49111.0,8.0,147,22,2,39.19900280620316,0.43985930807376983,0.4242640687119285,0,485.9255981445313
49111.0,8.0,147,23,4,30.010762001210523,0.32472757106740735,0.4242640687119285,0,485.9255981445313
49111.0,8.0,147,24,1,47.564028180445725,0.6118654847287908,0.37888543819998316,0,485.9255981445313
49111.0,8.0,147,25,2,42.654176632500175,0.5908808900889126,0.482842712474619,0,485.9255981445313
49111.0,8.0,147,26,2,32.915996097476715,0.5302021059576822,0.4242640687119285,0,485.9255981445313
49111.0,8.0,147,27,5,23.39971824577553,0.41943528015493836,0.482842712474619,0,485.9255981445313
49111.0,8.0,147,28,5,18.830528973663203,0.32267130525438104,0.4538461538461539,1,485.9255981445313
49111.0,8.0,147,29,4,36.96322175196452,0.6966244036560787,0.4242640687119285,0,485.9255981445313
49111.0,8.0,147,30,4,27.025243332437935,0.6614388278181482,0.4242640687119285,0,485.9255981445313
49111.0,8.0,147,31,4,41.822203737736054,-5.455810466280115,0.3414213562373095,0,485.9255981445313
49111.0,8.0,147,32,5,31.83050015901858,-5.444648328810917,0.482842712474619,0,485.9255981445313
49111.0,8.0,147,33,5,21.846389982463005,-5.423278618505939,0.3414213562373095,0,485.9255981445313
49111.0,8.0,147,34,5,32.450573354185465,-5.29012157696359,0.4308640753373011,0,485.9255981445313
49111.0,8.0,147,35,5,10.486059290288415,-4.625610388609569,0.5672077286416233,0,485.9255981445313
49111.0,8.0,147,37,5,13.34573785479495,-4.454818544344052,0.6857142857142857,0,485.9255981445313
49111.0,8.0,147,38,4,11.625434457911496,-4.075643116206837,0.5638463841038082,0,485.9255981445313
49111.0,8.0,147,42,5,20.2713019336378,-4.54160921374163,0.682842712474619,0,485.9255981445313
49111.0,8.0,147,43,2,17.831648536548624,-4.3115459002674745,0.765685424949238,0,485.9255981445313
49111.0,8.0,147,44,2,16.58341632406561,-4.029052148722384,0.7685569981889047,0,485.9255981445313
49111.0,8.0,147,45,1,16.5737473792045,-3.817543146864132,0.613407053921902,0,485.9255981445313
49111.0,8.0,147,46,4,21.13944585671292,-4.375856488112678,0.848528137423857,0,485.9255981445313
49111.0,8.0,147,47,2,19.465820778358825,-4.143066441466235,0.848528137423857,0,485.9255981445313
49111.0,8.0,147,48,4,24.51090885150523,-4.422627148651149,0.682842712474619,0,485.9255981445313
49111.0,8.0,147,49,2,22.53500965549131,-4.226885519369958,0.8513997106635237,0,485.9255981445313
49111.0,8.0,147,50,1,21.560813241141336,-4.003937083674361,0.682842712474619,0,485.9255981445313
49111.0,8.0,147,51,1,25.89358877449299,-4.186111931181374,0.613407053921902,0,485.9255981445313
49111.0,8.0,147,52,5,38.54681146620525,-5.188778686571997,0.32030679443729265,0,485.9255981445313
49111.0,8.0,147,53,4,49.61483276159141,-5.152629503279535,0.3308640753373011,0,485.9255981445313
49111.0,8.0,147,56,4,46.99502748216095,-5.016508016419481,0.4242640687119285,0,485.9255981445313
49111.0,8.0,147,57,4,38.37468726832365,-4.89708458668494,0.382842712474619,0,485.9255981445313
49111.0,8.0,147,58,2,53.7712708725102,-4.976311113918085,0.382842712474619,0,485.9255981445313
49111.0,8.0,147,59,2,45.336889903669416,-4.867450500301057,0.4242640687119285,0,485.9255981445313
49111.0,8.0,147,60,5,37.67648604939187,-4.71176491770251,0.482842712474619,0,485.9255981445313
49111.0,8.0,147,61,5,34.30101468581227,-4.609112227339512,0.37888543819998316,0,485.9255981445313
49111.0,8.0,147,62,2,52.32829587644951,-4.845719965527644,0.4242640687119285,0,485.9255981445313
49111.0,8.0,147,63,4,44.74745315909969,-4.710845832022849,0.4242640687119285,0,485.9255981445313
49111.0,8.0,147,64,1,59.33858367478148,-4.8291175708702525,0.3414213562373095,0,485.9255981445313
49111.0,8.0,147,65,2,51.81844775195048,-4.710177577414841,0.382842712474619,0,485.9255981445313
49111.0,8.0,147,66,4,45.26848288063341,-4.554002553844358,0.3414213562373095,0,485.9255981445313
49111.0,8.0,148,1,1,14.84124111620021,-2.5582036839663145,0.613407053921902,0,487.5291137695313
49111.0,8.0,148,2,4,8.741835629940557,-2.5772883050623614,0.682842712474619,0,487.5291137695313
49111.0,8.0,148,3,2,13.239515836970856,-2.7806692722562727,0.8513997106635237,0,487.5291137695313
49111.0,8.0,148,4,1,18.004162546864155,-2.878898449861036,0.682842712474619,0,487.5291137695313
49111.0,8.0,148,5,4,10.123010230340883,-2.925008795034708,0.848528137423857,0,487.5291137695313
49111.0,8.0,148,6,2,15.044614502874113,-2.9964887448896858,0.848528137423857,0,487.5291137695313
49111.0,8.0,148,7,5,3.9000423149265377,-3.2249241218924087,0.613407053921902,0,487.5291137695313
49111.0,8.0,148,8,5,7.3936386610227505,-3.1855121154812025,0.8513997106635237,0,487.5291137695313
49111.0,8.0,148,9,2,12.390761964716868,-3.1677942216574277,0.848528137423857,0,487.5291137695313
49111.0,8.0,148,10,2,17.389539139459046,-3.1602612969082533,0.8513997106635237,0,487.5291137695313
49111.0,8.0,148,11,1,20.88903142977986,-3.157133504073326,0.613407053921902,0,487.5291137695313
49111.0,8.0,148,12,4,10.28209796648808,-3.4198832797064,0.848528137423857,0,487.5291137695313
49111.0,8.0,148,13,4,15.152116288128274,-3.3291071511163004,0.848528137423857,0,487.5291137695313
49111.0,8.0,148,14,5,9.105607893965255,-3.7661802052542286,0.6466890965784271,0,487.5291137695313
49111.0,8.0,148,16,4,18.183571540037182,-3.4387735830485213,0.6466890965784271,0,487.5291137695313
49111.0,8.0,148,18,1,22.92600789846838,-0.6946535171456536,0.37888543819998316,0,487.5291137695313
49111.0,8.0,148,19,1,29.259491823961994,-0.3370186234383228,0.3414213562373095,0,487.5291137695313
49111.0,8.0,148,20,2,20.095970756087066,-0.5023182336371304,0.482842712474619,0,487.5291137695313
49111.0,8.0,148,21,4,12.311710663531466,-0.9040985547644498,0.3414213562373095,0,487.5291137695313
49111.0,8.0,148,22,2,23.091755101807976,-0.20387915615334062,0.4242640687119285,0,487.5291137695313
49111.0,8.0,148,23,4,13.45211256698674,-0.3549647226809549,0.4242640687119285,0,487.5291137695313
49111.0,8.0,148,24,1,32.61510658142541,-6.273232078727472,0.37888543819998316,0,487.5291137695313
49111.0,8.0,148,25,2,27.61539908699932,-6.271429991879172,0.482842712474619,0,487.5291137695313
49111.0,8.0,148,26,2,17.616482213178962,-6.264757188730519,0.4242640687119285,0,487.5291137695313
49111.0,8.0,148,27,5,7.620408414268789,-6.240573613868936,0.382842712474619,1,487.5291137695313
49111.0,8.0,148,29,4,23.231908200137564,-6.051935469331528,0.4242640687119285,0,487.5291137695313
49111.0,8.0,148,30,4,13.6913015251519,-5.883742212727375,0.4242640687119285,0,487.5291137695313
49111.0,8.0,148,31,4,29.48054734349393,-5.925381404394875,0.3414213562373095,0,487.5291137695313
49111.0,8.0,148,32,5,20.416484773461736,-5.752991916179452,0.482842712474619,0,487.5291137695313
49111.0,8.0,148,33,5,12.828212242475674,-5.347784482715893,0.3414213562373095,0,487.5291137695313
49111.0,8.0,148,34,5,23.346928127140558,-5.567165658262164,0.4308640753373011,0,487.5291137695313
49111.0,8.0,148,35,5,18.374666277161285,-4.29869526745339,0.5672077286416233,0,487.5291137695313
49111.0,8.0,148,37,5,21.625233005109067,-4.363803198082129,0.6857142857142857,0,487.5291137695313
49111.0,8.0,148,38,4,23.801592214424698,-4.165061780406598,0.5638463841038082,0,487.5291137695313
49111.0,8.0,148,42,5,25.436820075977003,-4.618429749677924,0.682842712474619,0,487.5291137695313
49111.0,8.0,148,43,2,26.379857941128694,-4.428588998708955,0.765685424949238,0,487.5291137695313
49111.0,8.0,148,44,2,28.191523449622842,-4.257491775556156,0.7685569981889047,0,487.5291137695313
49111.0,8.0,148,45,1,29.89510924887526,-4.152126825318993,0.613407053921902,0,487.5291137695313
49111.0,8.0,148,46,4,28.25044179336519,-4.538543574018334,0.848528137423857,0,487.5291137695313
49111.0,8.0,148,47,2,29.52884269552091,-4.370986936001764,0.848528137423857,0,487.5291137695313
49111.0,8.0,148,48,4,30.418382896638324,-4.633852127773194,0.682842712474619,0,487.5291137695313
49111.0,8.0,148,49,2,31.211265713889315,-4.4734605565325065,0.8513997106635237,0,487.5291137695313
49111.0,8.0,148,50,1,32.75680382576277,-4.324607604361179,0.682842712474619,0,487.5291137695313
49111.0,8.0,148,51,1,34.621748211077,-4.497387561372973,0.613407053921902,0,487.5291137695313
49111.0,8.0,148,52,5,30.40493654040796,-5.551043014698365,0.4308640753373011,0,487.5291137695313
49111.0,8.0,148,53,4,41.29135732404663,-5.622934109546861,0.3414213562373095,0,487.5291137695313
49111.0,8.0,148,54,5,33.95152969300658,-5.441292547201639,0.482842712474619,0,487.5291137695313
49111.0,8.0,148,55,5,28.291987334369338,-5.174493215423169,0.3414213562373095,0,487.5291137695313
49111.0,8.0,148,56,4,41.01325982590844,-5.451027714995938,0.4242640687119285,0,487.5291137695313
49111.0,8.0,148,57,4,35.06875618524962,-5.238594654427923,0.4242640687119285,0,487.5291137695313
49111.0,8.0,148,58,2,48.07773491544546,-5.457902440307464,0.382842712474619,0,487.5291137695313
49111.0,8.0,148,59,2,41.94280359528737,-5.281817320410152,0.4242640687119285,0,487.5291137695313
49111.0,8.0,148,60,5,37.50905160445755,-5.055351540474658,0.482842712474619,0,487.5291137695313
49111.0,8.0,148,61,5,36.13577232718796,-4.924671009840173,0.37888543819998316,0,487.5291137695313
49111.0,8.0,148,62,2,48.87309982480362,-5.31282693722166,0.4242640687119285,0,487.5291137695313
49111.0,8.0,148,63,4,44.00352332845891,-5.124205418528178,0.4242640687119285,0,487.5291137695313
49111.0,8.0,148,64,1,55.83870521007438,-5.3361179395229055,0.3414213562373095,0,487.5291137695313
49111.0,8.0,148,65,2,50.65265223431637,-5.1751745396656625,0.382842712474619,0,487.5291137695313
49111.0,8.0,148,66,4,47.047012202727636,-4.983813396671822,0.3414213562373095,0,487.5291137695313
49111.0,8.0,149,1,1,18.599577330617855,-2.686498892071116,0.613407053921902,0,488.00201416015625
49111.0,8.0,149,2,4,12.605614965753126,-2.7616183545710165,0.682842712474619,0,488.00201416015625
49111.0,8.0,149,3,2,17.3483895104371,-2.868719542053905,0.8513997106635237,0,488.00201416015625
49111.0,8.0,149,4,1,22.2043173402577,-2.9294431039447746,0.682842712474619,0,488.00201416015625
49111.0,8.0,149,5,4,14.372097093666174,-2.989647326626781,0.848528137423857,0,488.00201416015625
49111.0,8.0,149,6,2,19.329311027835224,-3.028810654899911,0.848528137423857,0,488.00201416015625
49111.0,8.0,149,7,5,8.212926894534858,-3.181128477353645,0.613407053921902,0,488.00201416015625
49111.0,8.0,149,8,5,11.71100897163397,-3.1693154426948964,0.8513997106635237,0,488.00201416015625
49111.0,8.0,149,9,2,16.70966250630802,-3.161020973551551,0.848528137423857,0,488.00201416015625
49111.0,8.0,149,10,2,21.708936201844182,-3.156546511423523,0.8513997106635237,0,488.00201416015625
49111.0,8.0,149,11,1,25.208599206906722,-3.1544703710965187,0.613407053921902,0,488.00201416015625
49111.0,8.0,149,12,4,14.4845910311144,-3.3378589022352285,0.848528137423857,0,488.00201416015625
49111.0,8.0,149,13,4,19.413100403584806,-3.287611721556247,0.848528137423857,0,488.00201416015625
49111.0,8.0,149,14,5,12.860557281959574,-3.5684664726494773,0.6466890965784271,0,488.00201416015625
49111.0,8.0,149,16,4,22.35003609582349,-3.3821435095067596,0.6466890965784271,0,488.00201416015625
49111.0,8.0,149,18,1,19.801102848628183,-0.8347661172419039,0.37888543819998316,0,488.00201416015625
49111.0,8.0,149,19,1,25.22299935790297,-0.3936843823341212,0.3414213562373095,0,488.00201416015625
49111.0,8.0,149,20,2,16.441711483018526,-0.6291596039964324,0.482842712474619,0,488.00201416015625
49111.0,8.0,149,21,4,10.220570256735815,-1.242700077537222,0.3308640753373011,0,488.00201416015625
49111.0,8.0,149,22,2,18.881498590383934,-0.2502198668486484,0.4242640687119285,0,488.00201416015625
49111.0,8.0,149,23,4,9.520565576724952,-0.5133315723525365,0.4242640687119285,0,488.00201416015625
49111.0,8.0,149,24,1,28.29535318043394,-6.271712491614782,0.37888543819998316,0,488.00201416015625
49111.0,8.0,149,25,2,23.29575286498631,-6.269250116704493,0.482842712474619,0,488.00201416015625
49111.0,8.0,149,26,2,13.297453945344854,-6.258770671106856,0.4242640687119285,0,488.00201416015625
49111.0,8.0,149,29,4,19.052647951306263,-5.999944509259246,0.4242640687119285,0,488.00201416015625
49111.0,8.0,149,30,4,9.855636653127199,-5.712437568956276,0.4242640687119285,1,488.00201416015625
49111.0,8.0,149,31,4,25.479099404889922,-5.865966723264828,0.3414213562373095,0,488.00201416015625
49111.0,8.0,149,32,5,16.83195432403236,-5.62283440134086,0.482842712474619,0,488.00201416015625
49111.0,8.0,149,33,5,10.837198265620186,-5.0211790246233425,0.3308640753373011,0,488.00201416015625
49111.0,8.0,149,34,5,20.28696351934374,-5.4269323951602875,0.4308640753373011,0,488.00201416015625
49111.0,8.0,149,35,5,20.49658994274338,-4.1044898472546905,0.5672077286416233,0,488.00201416015625
49111.0,8.0,149,37,5,23.45490441270609,-4.18982094653555,0.6857142857142857,0,488.00201416015625
49111.0,8.0,149,38,4,26.309649008495047,-4.024386272343642,0.5638463841038082,0,488.00201416015625
49111.0,8.0,149,42,5,26.197588696997038,-4.453509857418364,0.682842712474619,0,488.00201416015625
49111.0,8.0,149,43,2,27.89943984165366,-4.279388164365074,0.765685424949238,0,488.00201416015625
49111.0,8.0,149,44,2,30.33881727126284,-4.129228908016391,0.7685569981889047,0,488.00201416015625
49111.0,8.0,149,45,1,32.39813877953167,-4.038929971048091,0.613407053921902,0,488.00201416015625
49111.0,8.0,149,46,4,29.308178035182863,-4.392851331810384,0.848528137423857,0,488.00201416015625
49111.0,8.0,149,47,2,31.24154909224253,-4.240318531015143,0.848528137423857,0,488.00201416015625
49111.0,8.0,149,48,4,31.057363957778175,-4.494735138681893,0.682842712474619,0,488.00201416015625
49111.0,8.0,149,49,2,32.50576788735999,-4.343974920909344,0.8513997106635237,0,488.00201416015625
49111.0,8.0,149,50,1,34.62210328515511,-4.2088379590667095,0.682842712474619,0,488.00201416015625
49111.0,8.0,149,51,1,35.793117881446626,-4.379197835694608,0.613407053921902,0,488.00201416015625
49111.0,8.0,149,52,5,27.344871573350474,-5.4452403101827,0.4308640753373011,0,488.00201416015625
49111.0,8.0,149,53,4,37.97180564510797,-5.553101330740983,0.3414213562373095,0,488.00201416015625
49111.0,8.0,149,54,5,31.240809909986375,-5.337964518890933,0.482842712474619,0,488.00201416015625
49111.0,8.0,149,55,5,26.648046527165036,-5.028868891914004,0.3414213562373095,0,488.00201416015625
49111.0,8.0,149,56,4,38.23832261435836,-5.367397664255041,0.4242640687119285,0,488.00201416015625
49111.0,8.0,149,57,4,33.11041371293629,-5.125531830958899,0.4242640687119285,0,488.00201416015625
49111.0,8.0,149,58,2,45.25870555912528,-5.387712999675083,0.382842712474619,0,488.00201416015625
49111.0,8.0,149,59,2,39.78040483415983,-5.190228609242354,0.4242640687119285,0,488.00201416015625
49111.0,8.0,149,60,5,36.285131784957,-4.942991818138455,0.482842712474619,0,488.00201416015625
49111.0,8.0,149,61,5,35.47782234851403,-4.805355225127698,0.37888543819998316,0,488.00201416015625
49111.0,8.0,149,62,2,46.568892206037006,-5.236212043701265,0.4242640687119285,0,488.00201416015625
49111.0,8.0,149,63,4,42.45929699346827,-5.030831615146262,0.4242640687119285,0,488.00201416015625
49111.0,8.0,149,64,1,53.43072930276492,-5.270442387009767,0.3414213562373095,0,488.00201416015625
49111.0,8.0,149,65,2,48.87712157755806,-5.096003946233713,0.382842712474619,0,488.00201416015625
49111.0,8.0,149,66,4,46.07714393915318,-4.893366718850795,0.3414213562373095,0,488.00201416015625
49111.0,8.0,150,1,1,25.581449513973197,3.126882974872466,0.613407053921902,0,488.6206970214844
49111.0,8.0,150,2,4,19.55109966827826,3.0848174587106914,0.682842712474619,0,488.6206970214844
49111.0,8.0,150,3,2,24.179926720371014,2.9978416121870097,0.8513997106635237,0,488.6206970214844
49111.0,8.0,150,4,1,28.932545933015888,2.939108200817583,0.682842712474619,0,488.6206970214844
49111.0,8.0,150,5,4,21.03310902016112,2.926360018921997,0.848528137423857,0,488.6206970214844
49111.0,8.0,150,6,2,25.880785015480985,2.873859878083664,0.848528137423857,0,488.6206970214844
49111.0,8.0,150,7,5,14.600278878533816,2.8731672138196687,0.613407053921902,0,488.6206970214844
49111.0,8.0,150,8,5,18.03093158728783,2.8304360025745585,0.8513997106635237,0,488.6206970214844
49111.0,8.0,150,9,2,22.96819217676951,2.7916336272318727,0.848528137423857,0,488.6206970214844
49111.0,8.0,150,10,2,27.927785623507248,2.766585434044569,0.8513997106635237,0,488.6206970214844
49111.0,8.0,150,11,1,31.4071259494891,2.753763913107293,0.613407053921902,0,488.6206970214844
49111.0,8.0,150,12,4,20.25489251318029,2.6864933939695392,0.848528137423857,0,488.6206970214844
49111.0,8.0,150,13,4,25.252406393927075,2.679522451328,0.848528137423857,0,488.6206970214844
49111.0,8.0,150,14,5,17.83209156470317,2.5509043675554692,0.6466890965784271,0,488.6206970214844
49111.0,8.0,150,16,4,27.799823839353408,2.586958072967776,0.6466890965784271,0,488.6206970214844
49111.0,8.0,150,18,1,19.605884756575826,4.601276573989093,0.37888543819998316,0,488.6206970214844
49111.0,8.0,150,19,1,21.735063764054438,5.139438746309318,0.3414213562373095,0,488.6206970214844
49111.0,8.0,150,20,2,15.075135579975266,4.724364768511636,0.482842712474619,0,488.6206970214844
49111.0,8.0,150,21,4,13.49468149612136,4.017434724799039,0.3308640753373011,0,488.6206970214844
49111.0,8.0,150,22,2,14.754841593781281,5.20253948818309,0.4242640687119285,0,488.6206970214844
49111.0,8.0,150,23,4,8.517750077614519,4.490336096278565,0.4242640687119285,0,488.6206970214844
49111.0,8.0,150,24,1,22.488388786148242,5.6495035995522205,0.37888543819998316,0,488.6206970214844
49111.0,8.0,150,25,2,17.554229922173175,5.608796127518017,0.482842712474619,0,488.6206970214844
49111.0,8.0,150,26,2,7.937109302992118,5.376090490817527,0.4242640687119285,0,488.6206970214844
49111.0,8.0,150,29,4,12.387224943084949,-0.34555440669861825,0.4242640687119285,0,488.6206970214844
49111.0,8.0,150,31,4,18.544243837199936,-0.11562274938731187,0.3414213562373095,0,488.6206970214844
49111.0,8.0,150,32,5,9.936583689611426,0.2615784924822022,0.4414213562373095,1,488.6206970214844
49111.0,8.0,150,33,5,7.320000775121261,1.4644876095863666,0.2601533972186464,0,488.6206970214844
49111.0,8.0,150,34,5,13.842134628992588,0.5285708322657587,0.4308640753373011,0,488.6206970214844
49111.0,8.0,150,35,5,22.166014066694917,2.0084951724316866,0.5672077286416233,0,488.6206970214844
49111.0,8.0,150,37,5,24.425201669003055,1.8935449205556765,0.6857142857142857,0,488.6206970214844
49111.0,8.0,150,38,4,28.266832764479144,2.0154160360568474,0.5638463841038082,0,488.6206970214844
49111.0,8.0,150,41,5,23.66621566072443,1.4816892585645844,0.6034068236642477,0,488.6206970214844
49111.0,8.0,150,42,5,25.239574367932825,1.6096979192268817,0.7685569981889047,0,488.6206970214844
49111.0,8.0,150,43,2,28.097321442407523,1.763918164952634,0.765685424949238,0,488.6206970214844
49111.0,8.0,150,44,2,31.494171368707825,1.887334712404527,0.7685569981889047,0,488.6206970214844
49111.0,8.0,150,45,1,34.107611771802915,1.9583819842006236,0.613407053921902,0,488.6206970214844
49111.0,8.0,150,46,4,28.673721263370133,1.6409466390620084,0.848528137423857,0,488.6206970214844
49111.0,8.0,150,47,2,31.616540750895037,1.7753007735719124,0.848528137423857,0,488.6206970214844
49111.0,8.0,150,48,4,29.663194533645825,1.5244969236215988,0.682842712474619,0,488.6206970214844
49111.0,8.0,150,49,2,32.129868781314336,1.6654924979982972,0.8513997106635237,0,488.6206970214844
49111.0,8.0,150,50,1,35.139035642260296,1.7844022846607337,0.682842712474619,0,488.6206970214844
49111.0,8.0,150,51,1,35.10109349964799,1.610402985000018,0.613407053921902,0,488.6206970214844
49111.0,8.0,150,52,5,20.78582037808702,0.4497802891093472,0.4308640753373011,0,488.6206970214844
49111.0,8.0,150,53,4,31.14598864267239,0.2843973326070426,0.3414213562373095,0,488.6206970214844
49111.0,8.0,150,54,5,24.998386437060322,0.5680056790625567,0.482842712474619,0,488.6206970214844
49111.0,8.0,150,55,5,21.90356227611677,0.9772271499108642,0.3414213562373095,0,488.6206970214844
49111.0,8.0,150,56,4,31.86479188947487,0.5081556589186866,0.4242640687119285,0,488.6206970214844
49111.0,8.0,150,57,4,27.752687763290016,0.8158949504029565,0.4242640687119285,0,488.6206970214844
49111.0,8.0,150,58,2,38.80477547754252,0.4696132080417841,0.382842712474619,0,488.6206970214844
49111.0,8.0,150,59,2,34.06842109328827,0.7124347664297603,0.4242640687119285,0,488.6206970214844
49111.0,8.0,150,60,5,31.866973996862857,1.009577540123553,0.482842712474619,0,488.6206970214844
49111.0,8.0,150,61,5,31.904974372036335,1.1665428860447893,0.37888543819998316,0,488.6206970214844
49111.0,8.0,150,62,2,40.63376617411375,0.6418392769214831,0.4242640687119285,0,488.6206970214844
49111.0,8.0,150,63,4,37.49599537843575,0.885695629520014,0.4242640687119285,0,488.6206970214844
49111.0,8.0,150,64,1,47.344995418687,0.5910606749824758,0.3414213562373095,0,488.6206970214844
49111.0,8.0,150,65,2,43.54762114194778,0.7951502131302703,0.382842712474619,0,488.6206970214844
49111.0,8.0,150,66,4,41.84784370848445,1.0265078997683854,0.3414213562373095,0,488.6206970214844
49111.0,8.0,151,1,1,31.84512179236438,2.888131199958887,0.613407053921902,0,489.1957092285156
49111.0,8.0,151,2,4,25.76525553647694,2.8694861994872936,0.682842712474619,0,489.1957092285156
49111.0,8.0,151,3,2,30.22081714635424,2.788153082443168,0.8513997106635237,0,489.1957092285156
49111.0,8.0,151,4,1,34.824519883650964,2.7280080613122095,0.682842712474619,0,489.1957092285156
49111.0,8.0,151,5,4,26.931637453801315,2.742698767249823,0.848528137423857,0,489.1957092285156
49111.0,8.0,151,6,2,31.61902104867285,2.6830546085727875,0.848528137423857,0,489.1957092285156
49111.0,8.0,151,7,5,20.431931519051577,2.7400630267405166,0.613407053921902,0,489.1957092285156
49111.0,8.0,151,8,5,23.713464590662607,2.684758596253511,0.8513997106635237,0,489.1957092285156
49111.0,8.0,151,9,2,28.491714568028936,2.6281002755636167,0.848528137423857,0,489.1957092285156
49111.0,8.0,151,10,2,33.335074548581034,2.587806086377228,0.8513997106635237,0,489.1957092285156
49111.0,8.0,151,11,1,36.75039826250664,2.5659428692647372,0.613407053921902,0,489.1957092285156
49111.0,8.0,151,12,4,25.47141743161632,2.5598639376215826,0.848528137423857,0,489.1957092285156
49111.0,8.0,151,13,4,30.38490582689159,2.5265738463725973,0.848528137423857,0,489.1957092285156
49111.0,8.0,151,14,5,22.60107105703761,2.4738033268332833,0.6466890965784271,0,489.1957092285156
49111.0,8.0,151,16,4,32.55314432112678,2.4377499887585645,0.6466890965784271,0,489.1957092285156
49111.0,8.0,151,18,1,22.795644148115965,4.039310671410624,0.37888543819998316,0,489.1957092285156
49111.0,8.0,151,19,1,21.661546802879563,4.545228504053257,0.3414213562373095,0,489.1957092285156
49111.0,8.0,151,20,2,17.835958122853604,4.070737050774838,0.482842712474619,0,489.1957092285156
49111.0,8.0,151,21,4,19.15777112367285,3.5278644733591946,0.3308640753373011,0,489.1957092285156
49111.0,8.0,151,22,2,14.736078720589765,4.465305746348783,0.4242640687119285,0,489.1957092285156
49111.0,8.0,151,23,4,12.886070321330088,3.736096857287232,0.4242640687119285,0,489.1957092285156
49111.0,8.0,151,24,1,19.15028025448261,5.086730857172474,0.37888543819998316,0,489.1957092285156
49111.0,8.0,151,25,2,14.703150341292488,4.950427998307193,0.482842712474619,0,489.1957092285156
49111.0,8.0,151,26,2,8.067305760010283,4.249256455804558,0.4242640687119285,0,489.1957092285156
49111.0,8.0,151,29,4,8.00699919599884,5.16019973139373,0.4242640687119285,0,489.1957092285156
49111.0,8.0,151,31,4,12.772730719151527,-0.6005191609269165,0.3308640753373011,0,489.1957092285156
49111.0,8.0,151,33,5,7.806422647900149,2.050684417741319,0.2308640753373011,0,489.1957092285156
49111.0,8.0,151,34,5,7.779553478410989,0.450752691222841,0.32030679443729265,1,489.1957092285156
49111.0,8.0,151,35,5,24.12597015666659,1.9806885159690917,0.613407053921902,0,489.1957092285156
49111.0,8.0,151,36,5,21.372857714629593,1.740233093468058,0.682842712474619,0,489.1957092285156
49111.0,8.0,151,37,5,25.617346525805996,1.8532373068702475,0.7685569981889047,0,489.1957092285156
49111.0,8.0,151,38,4,30.09481415720402,1.9334062498308093,0.5638463841038082,0,489.1957092285156
49111.0,8.0,151,39,4,24.86491001336703,1.7162535148486433,0.848528137423857,0,489.1957092285156
49111.0,8.0,151,41,5,22.257908249183245,1.4624718336894786,0.613407053921902,0,489.1957092285156
49111.0,8.0,151,42,5,24.602419737140806,1.573580837969182,0.8513997106635237,0,489.1957092285156
49111.0,8.0,151,43,2,28.367736128494258,1.698187537330647,0.848528137423857,0,489.1957092285156
49111.0,8.0,151,44,2,32.46810510623158,1.7925027786248164,0.7685569981889047,0,489.1957092285156
49111.0,8.0,151,45,1,35.475941516508016,1.8452412999663945,0.613407053921902,0,489.1957092285156
49111.0,8.0,151,46,4,28.137941644787983,1.57323075848717,0.848528137423857,0,489.1957092285156
49111.0,8.0,151,47,2,31.87778468054072,1.684096240195034,0.848528137423857,0,489.1957092285156
49111.0,8.0,151,48,4,28.35064491250789,1.4481982544199283,0.682842712474619,0,489.1957092285156
49111.0,8.0,151,49,2,31.67346623103528,1.5729588336455624,0.8513997106635237,0,489.1957092285156
49111.0,8.0,151,50,1,35.392906905507985,1.6728020713031413,0.682842712474619,0,489.1957092285156
49111.0,8.0,151,51,1,34.2329442220705,1.5004439218759253,0.613407053921902,0,489.1957092285156
49111.0,8.0,151,52,5,14.475913312212377,0.2363130940698368,0.4308640753373011,0,489.1957092285156
49111.0,8.0,151,53,4,24.680625680652742,-0.005933982692341466,0.3414213562373095,0,489.1957092285156
49111.0,8.0,151,54,5,18.921735550824646,0.3746657151879085,0.482842712474619,0,489.1957092285156
49111.0,8.0,151,55,5,17.519442585943967,0.9254093228190285,0.3414213562373095,0,489.1957092285156
49111.0,8.0,151,56,4,25.6332340947172,0.2735405580031611,0.4242640687119285,0,489.1957092285156
49111.0,8.0,151,57,4,22.493587584496563,0.6715602093966471,0.4242640687119285,0,489.1957092285156
49111.0,8.0,151,58,2,32.49758920372099,0.21472679313062804,0.382842712474619,0,489.1957092285156
49111.0,8.0,151,59,2,28.37238263383336,0.515862621182472,0.4242640687119285,0,489.1957092285156
49111.0,8.0,151,60,5,27.45707356197114,0.8745605151399329,0.482842712474619,0,489.1957092285156
49111.0,8.0,151,61,5,28.343258188163855,1.0511854408669303,0.37888543819998316,0,489.1957092285156
49111.0,8.0,151,62,2,34.69903039307986,0.4151691471516794,0.4242640687119285,0,489.1957092285156
49111.0,8.0,151,63,4,32.448751940355514,0.7065735205076327,0.4242640687119285,0,489.1957092285156
49111.0,8.0,151,64,1,41.26806663897778,0.3460027433806929,0.3414213562373095,0,489.1957092285156
49111.0,8.0,151,65,2,38.10448945184749,0.5858017308736443,0.382842712474619,0,489.1957092285156
49111.0,8.0,151,66,4,37.42794288566768,0.8507669833891156,0.3414213562373095,0,489.1957092285156
49111.0,8.0,152,1,1,40.38281961210562,0.6170684744606608,0.613407053921902,0,490.1007995605469
49111.0,8.0,152,2,4,34.27968641970187,0.6181977102764187,0.682842712474619,0,490.1007995605469
49111.0,8.0,152,3,2,38.46362444198416,0.5427865830615116,0.8513997106635237,0,490.1007995605469
49111.0,8.0,152,4,1,42.82293672081481,0.48244068671054247,0.682842712474619,0,490.1007995605469
49111.0,8.0,152,5,4,35.04192794519878,0.5185454883032523,0.848528137423857,0,490.1007995605469
49111.0,8.0,152,6,2,39.46251662397383,0.4557081793747743,0.848528137423857,0,490.1007995605469
49111.0,8.0,152,7,5,28.602894435570143,0.5466005850980429,0.613407053921902,0,490.1007995605469
49111.0,8.0,152,8,5,31.64526857239491,0.48907997851100793,0.8513997106635237,0,490.1007995605469
49111.0,8.0,152,9,2,36.13552998365893,0.42402690531965437,0.848528137423857,0,490.1007995605469
49111.0,8.0,152,10,2,40.74469329103879,0.3735161480044203,0.8513997106635237,0,490.1007995605469
49111.0,8.0,152,11,1,44.02189778175695,0.34450106356774846,0.613407053921902,0,490.1007995605469
49111.0,8.0,152,12,4,32.85213594429463,0.3859680255190074,0.848528137423857,0,490.1007995605469
49111.0,8.0,152,13,4,37.531537941887265,0.33579500618701347,0.848528137423857,0,490.1007995605469
49111.0,8.0,152,14,5,29.626831504649928,0.3395425466615036,0.6466890965784271,0,490.1007995605469
49111.0,8.0,152,16,4,39.19765494728905,0.25447167836590145,0.6466890965784271,0,490.1007995605469
49111.0,8.0,152,18,1,30.011283480663188,1.4728314786797225,0.37888543819998316,0,490.1007995605469
49111.0,8.0,152,19,1,25.851426455436133,1.847596374760553,0.3414213562373095,0,490.1007995605469
49111.0,8.0,152,20,2,25.0400331098551,1.453299865991074,0.482842712474619,0,490.1007995605469
49111.0,8.0,152,21,4,28.030523835712668,1.0911406547080926,0.3308640753373011,0,490.1007995605469
49111.0,8.0,152,22,2,19.974380489708402,1.6743461679893217,0.4242640687119285,0,490.1007995605469
49111.0,8.0,152,23,4,21.3935243545672,1.1907935925619135,0.4242640687119285,0,490.1007995605469
49111.0,8.0,152,24,1,19.146670456550392,2.2525006783244192,0.37888543819998316,0,490.1007995605469
49111.0,8.0,152,25,2,16.46051316796192,2.014389554959178,0.482842712474619,0,490.1007995605469
49111.0,8.0,152,26,2,15.154388873011811,1.3758678262959443,0.4242640687119285,0,490.1007995605469
49111.0,8.0,152,29,4,10.081077319387463,1.7770602537472235,0.4242640687119285,0,490.1007995605469
49111.0,8.0,152,31,4,8.579087231429252,2.538302403630792,0.3308640753373011,0,490.1007995605469
49111.0,8.0,152,33,5,13.820808747975107,0.3598974106538403,0.20703922772978817,0,490.1007995605469
49111.0,8.0,152,35,5,27.98301673466454,-0.05837611592275241,0.613407053921902,0,490.1007995605469
49111.0,8.0,152,36,5,23.502638294067037,-0.22015871733248432,0.682842712474619,0,490.1007995605469
49111.0,8.0,152,37,5,28.402948983558986,-0.1817052558085194,0.8513997106635237,0,490.1007995605469
49111.0,8.0,152,38,4,33.3328818907631,-0.1545955155349414,0.682842712474619,0,490.1007995605469
49111.0,8.0,152,39,4,26.555862250455295,-0.29152918630669855,0.848528137423857,0,490.1007995605469
49111.0,8.0,152,40,4,31.377815794699043,-0.2457137285105592,0.848528137423857,0,490.1007995605469
49111.0,8.0,152,41,5,21.91809015039912,-0.4805810489347065,0.613407053921902,0,490.1007995605469
49111.0,8.0,152,42,5,25.07389337074836,-0.41600568577889574,0.8513997106635237,0,490.1007995605469
49111.0,8.0,152,43,2,29.716218348716023,-0.34795831888563944,0.848528137423857,0,490.1007995605469
49111.0,8.0,152,44,2,34.458774457741164,-0.29846171489601775,0.8513997106635237,0,490.1007995605469
49111.0,8.0,152,45,1,37.81804582545363,-0.2712444691153781,0.613407053921902,0,490.1007995605469
49111.0,8.0,152,46,4,28.399646861379612,-0.46096860524846034,0.848528137423857,0,490.1007995605469
49111.0,8.0,152,47,2,32.952897384478604,-0.39342458668300384,0.848528137423857,0,490.1007995605469
49111.0,8.0,152,48,4,27.477741005285914,-0.5832296696518869,0.682842712474619,0,490.1007995605469
49111.0,8.0,152,49,2,31.77073739991691,-0.49644943475664166,0.8513997106635237,0,490.1007995605469
49111.0,8.0,152,50,1,36.24545846192854,-0.4306963696326673,0.682842712474619,0,490.1007995605469
49111.0,8.0,152,51,1,33.57913102396513,-0.5882267339946258,0.613407053921902,0,490.1007995605469
49111.0,8.0,152,52,5,5.5323128867775795,-1.9532502984816629,0.37888543819998316,0,490.1007995605469
49111.0,8.0,152,53,4,15.755176911139436,-2.443015130899894,0.3414213562373095,0,490.1007995605469
49111.0,8.0,152,54,5,10.34082239781332,-1.771807345731492,0.482842712474619,0,490.1007995605469
49111.0,8.0,152,55,5,12.870105525011596,-0.90641484978628,0.3414213562373095,1,490.1007995605469
49111.0,8.0,152,56,4,16.700455852105407,-2.0075734579538653,0.4242640687119285,0,490.1007995605469
49111.0,8.0,152,57,4,15.414675930097854,-1.3792005660578048,0.4242640687119285,0,490.1007995605469
49111.0,8.0,152,58,2,23.470787022874326,-2.110670815312082,0.382842712474619,0,490.1007995605469
49111.0,8.0,152,59,2,20.238202781742807,-1.6729915566871087,0.4242640687119285,0,490.1007995605469
49111.0,8.0,152,60,5,21.64005222259777,-1.1953397077565648,0.482842712474619,0,490.1007995605469
49111.0,8.0,152,61,5,23.93000970283269,-0.9997064246405918,0.37888543819998316,0,490.1007995605469
49111.0,8.0,152,62,2,26.106655657895868,-1.844820058728519,0.4242640687119285,0,490.1007995605469
49111.0,8.0,152,63,4,25.30344794690563,-1.4545286029789606,0.4242640687119285,0,490.1007995605469
49111.0,8.0,152,64,1,32.458128218443996,-1.951634660694046,0.3414213562373095,0,490.1007995605469
49111.0,8.0,152,65,2,30.203262999331162,-1.6392081719175116,0.382842712474619,0,490.1007995605469
49111.0,8.0,152,66,4,31.15997599756109,-1.3132952227498234,0.3414213562373095,0,490.1007995605469
49111.0,8.0,153,1,1,45.17915953334032,1.0368232542168065,0.613407053921902,0,491.4937133789063
49111.0,8.0,153,2,4,39.4302816922081,1.0853861049071538,0.682842712474619,0,491.4937133789063
49111.0,8.0,153,3,2,42.425730607282944,0.9874655404607104,0.8513997106635237,0,491.4937133789063
49111.0,8.0,153,4,1,45.7726787592403,0.90314800124181,0.682842712474619,0,491.4937133789063
49111.0,8.0,153,5,4,38.90757338823058,0.9960826440330276,0.848528137423857,0,491.4937133789063
49111.0,8.0,153,6,2,42.23736225423424,0.9040396934581965,0.848528137423857,0,491.4937133789063
49111.0,8.0,153,7,5,33.32820223316805,1.0887222597015407,0.613407053921902,0,491.4937133789063
49111.0,8.0,153,8,5,35.39287945843559,1.0064120915709407,0.8513997106635237,0,491.4937133789063
49111.0,8.0,153,9,2,38.702085468282135,0.9050942914995098,0.848528137423857,0,491.4937133789063
49111.0,8.0,153,10,2,42.344384785105554,0.8204532070262097,0.8513997106635237,0,491.4937133789063
49111.0,8.0,153,11,1,45.04923723098409,0.7695910503074627,0.613407053921902,0,491.4937133789063
49111.0,8.0,153,12,4,35.166860380093915,0.9063609227163998,0.848528137423857,0,491.4937133789063
49111.0,8.0,153,13,4,38.81885588509638,0.8138974143515978,0.848528137423857,0,491.4937133789063
49111.0,8.0,153,14,5,31.631704323223286,0.907910674055331,0.682842712474619,0,491.4937133789063
49111.0,8.0,153,15,5,35.29532860913305,0.8060322975748793,0.8513997106635237,0,491.4937133789063
49111.0,8.0,153,16,4,39.25500891429716,0.7239885814073023,0.682842712474619,0,491.4937133789063
49111.0,8.0,153,17,5,33.1518684699583,0.7251236662374461,0.613407053921902,0,491.4937133789063
49111.0,8.0,153,18,1,42.81298861429348,1.7475652378587392,0.37888543819998316,0,491.4937133789063
49111.0,8.0,153,19,1,39.8806944479452,2.009414816641719,0.3414213562373095,0,491.4937133789063
49111.0,8.0,153,20,2,37.826720663045776,1.7567672687989022,0.482842712474619,0,491.4937133789063
49111.0,8.0,153,21,4,38.356900325623556,1.4938499154786768,0.3308640753373011,0,491.4937133789063
49111.0,8.0,153,22,2,33.66859211368514,1.9172004101927929,0.4242640687119285,0,491.4937133789063
49111.0,8.0,153,23,4,32.771406765462906,1.6162288863792456,0.4242640687119285,0,491.4937133789063
49111.0,8.0,153,24,1,33.031680103810125,2.253494928796026,0.37888543819998316,0,491.4937133789063
49111.0,8.0,153,25,2,30.59881359980006,2.11598724102872,0.482842712474619,0,491.4937133789063
49111.0,8.0,153,26,2,27.86895046794973,1.785043424315741,0.4242640687119285,0,491.4937133789063
49111.0,8.0,153,29,4,24.070556682026343,2.015833052123763,0.4242640687119285,0,491.4937133789063
49111.0,8.0,153,31,4,21.956889528807363,2.310413063839794,0.3308640753373011,0,491.4937133789063
49111.0,8.0,153,33,5,19.049593452871996,1.3005110797549522,0.20703922772978817,0,491.4937133789063
49111.0,8.0,153,35,5,24.70839863419937,0.577960821419123,0.613407053921902,0,491.4937133789063
49111.0,8.0,153,36,5,18.684100761191893,0.5324070294710948,0.682842712474619,0,491.4937133789063
49111.0,8.0,153,37,5,23.330047674388382,0.44386395673758705,0.8513997106635237,0,491.4937133789063
49111.0,8.0,153,38,4,28.097804678018854,0.3850287383226245,0.682842712474619,0,491.4937133789063
49111.0,8.0,153,39,4,20.202667494369116,0.3678862322898485,0.848528137423857,0,491.4937133789063
49111.0,8.0,153,40,4,25.066776360810774,0.3164322731615551,0.848528137423857,0,491.4937133789063
49111.0,8.0,153,41,5,13.788312841767041,0.3048630691887596,0.613407053921902,1,491.4937133789063
49111.0,8.0,153,42,5,17.233816271703787,0.2649496453148483,0.8513997106635237,0,491.4937133789063
49111.0,8.0,153,43,2,22.18557924692762,0.22951428320308567,0.848528137423857,0,491.4937133789063
49111.0,8.0,153,44,2,27.15502586551095,0.20702819965126928,0.8513997106635237,0,491.4937133789063
49111.0,8.0,153,45,1,30.639554207282014,0.19563166035382884,0.613407053921902,0,491.4937133789063
49111.0,8.0,153,46,4,19.520670478252256,0.11780995115416333,0.848528137423857,0,491.4937133789063
49111.0,8.0,153,47,2,24.52044206688314,0.11562549932646914,0.848528137423857,0,491.4937133789063
49111.0,8.0,153,48,4,17.173037742907134,-0.026701669003962453,0.682842712474619,0,491.4937133789063
49111.0,8.0,153,49,2,22.138399412653484,0.0034314971584286647,0.8513997106635237,0,491.4937133789063
49111.0,8.0,153,50,1,27.116493722253978,0.02251328171592354,0.682842712474619,0,491.4937133789063
49111.0,8.0,153,51,1,22.76828693549222,-0.15006792207886158,0.613407053921902,0,491.4937133789063
49111.0,8.0,153,52,5,11.095859817069387,2.4805834235948407,0.37888543819998316,0,491.4937133789063
49111.0,8.0,153,53,4,18.183396290099363,3.0991442275580563,0.3414213562373095,0,491.4937133789063
49111.0,8.0,153,54,5,8.427746265314696,2.9214267022501605,0.482842712474619,0,491.4937133789063
49111.0,8.0,153,56,4,13.18105481022415,-2.8598075599471664,0.4242640687119285,0,491.4937133789063
49111.0,8.0,153,57,4,3.7591504864609755,-2.3791739409886774,0.4242640687119285,0,491.4937133789063
49111.0,8.0,153,58,2,19.40240976548379,-2.649266075007972,0.382842712474619,0,491.4937133789063
49111.0,8.0,153,59,2,10.809463963465866,-2.294221342487857,0.4242640687119285,0,491.4937133789063
49111.0,8.0,153,60,5,7.565415893868213,-1.1934776669640446,0.482842712474619,0,491.4937133789063
49111.0,8.0,153,61,5,10.120821156509834,-0.6972591696887753,0.37888543819998316,0,491.4937133789063
49111.0,8.0,153,62,2,17.876179960357153,-2.276377342963283,0.4242640687119285,0,491.4937133789063
49111.0,8.0,153,63,4,12.647087271178341,-1.701599974103048,0.4242640687119285,0,491.4937133789063
49111.0,8.0,153,64,1,24.94536247026052,-2.268645414593718,0.3414213562373095,0,491.4937133789063
49111.0,8.0,153,65,2,19.043689643617085,-1.8961091630918843,0.382842712474619,0,491.4937133789063
49111.0,8.0,153,66,4,17.40842099996824,-1.3474275461477254,0.3414213562373095,0,491.4937133789063
49111.0,8.0,154,1,1,38.10556454670997,1.5617456023834113,0.613407053921902,0,492.6247863769531
49111.0,8.0,154,2,4,32.88342152499181,1.6510164927905095,0.682842712474619,0,492.6247863769531
49111.0,8.0,154,3,2,35.00224651767564,1.517426013507016,0.8513997106635237,0,492.6247863769531
49111.0,8.0,154,4,1,37.669551515487655,1.400891938228316,0.682842712474619,0,492.6247863769531
49111.0,8.0,154,5,4,31.621724930279438,1.5485495638173408,0.848528137423857,0,492.6247863769531
49111.0,8.0,154,6,2,34.1872978993675,1.4179316026598696,0.848528137423857,0,492.6247863769531
49111.0,8.0,154,7,5,26.99580002116416,1.704995275033353,0.613407053921902,0,492.6247863769531
49111.0,8.0,154,8,5,28.27913919921142,1.5870757650017362,0.8513997106635237,0,492.6247863769531
49111.0,8.0,154,9,2,30.71721933935781,1.438828421624971,0.848528137423857,0,492.6247863769531
49111.0,8.0,154,10,2,33.725145129948054,1.3146563404978,0.8513997106635237,0,492.6247863769531
49111.0,8.0,154,11,1,36.094624379563065,1.2408081994216016,0.613407053921902,0,492.6247863769531
49111.0,8.0,154,12,4,27.263965049572985,1.4650328105175343,0.848528137423857,0,492.6247863769531
49111.0,8.0,154,13,4,30.202013845407375,1.3239273008786177,0.848528137423857,0,492.6247863769531
49111.0,8.0,154,14,5,23.834848782957632,1.4988063359185,0.682842712474619,0,492.6247863769531
49111.0,8.0,154,15,5,26.682163829050644,1.3356455094570898,0.8513997106635237,0,492.6247863769531
49111.0,8.0,154,16,4,30.096107999110785,1.206644076602092,0.682842712474619,0,492.6247863769531
49111.0,8.0,154,17,5,24.074074820456865,1.2435196183191277,0.613407053921902,0,492.6247863769531
49111.0,8.0,154,18,1,42.72410976726051,2.3328132549747793,0.37888543819998316,0,492.6247863769531
49111.0,8.0,154,19,1,42.49781356582151,2.595900279596886,0.3414213562373095,0,492.6247863769531
49111.0,8.0,154,20,2,37.99657692559958,2.373222360289462,0.482842712474619,0,492.6247863769531
49111.0,8.0,154,21,4,35.7968652014487,2.1079392478703642,0.3308640753373011,0,492.6247863769531
49111.0,8.0,154,22,2,35.61309184313046,2.5544449557501534,0.4242640687119285,0,492.6247863769531
49111.0,8.0,154,23,4,31.716998767457945,2.2795493935007967,0.4242640687119285,0,492.6247863769531
49111.0,8.0,154,24,1,38.065823425976795,2.851798557721543,0.37888543819998316,0,492.6247863769531
49111.0,8.0,154,25,2,34.537584790941665,2.7540506014485686,0.482842712474619,0,492.6247863769531
49111.0,8.0,154,26,2,28.818751939998513,2.4932919155453703,0.4242640687119285,0,492.6247863769531
49111.0,8.0,154,28,5,25.73002164127914,1.9474971191523,0.3432888729461454,0,492.6247863769531
49111.0,8.0,154,29,4,27.47859013747626,2.7406432640765517,0.4242640687119285,0,492.6247863769531
49111.0,8.0,154,31,4,27.921772302410304,2.996115246719491,0.3308640753373011,0,492.6247863769531
49111.0,8.0,154,33,5,15.967992011615408,2.2171904925675388,0.2308640753373011,0,492.6247863769531
49111.0,8.0,154,35,5,15.004922946154823,1.106710665072279,0.613407053921902,0,492.6247863769531
49111.0,8.0,154,36,5,8.912523457857414,1.1382087822368903,0.682842712474619,1,492.6247863769531
49111.0,8.0,154,37,5,13.163241412383966,0.89453792888597,0.8513997106635237,0,492.6247863769531
49111.0,8.0,154,38,4,17.807548247149064,0.7734906701583502,0.682842712474619,0,492.6247863769531
49111.0,8.0,154,39,4,9.90187612338288,0.7748960644932892,0.848528137423857,0,492.6247863769531
49111.0,8.0,154,40,4,14.727016020112885,0.6663005130512288,0.848528137423857,0,492.6247863769531
49111.0,8.0,154,42,5,6.915444819022108,0.5457047585816298,0.765685424949238,0,492.6247863769531
49111.0,8.0,154,43,2,11.902152206167642,0.5055420753449444,0.848528137423857,0,492.6247863769531
49111.0,8.0,154,44,2,16.896717942624917,0.48910807572240134,0.8513997106635237,0,492.6247863769531
49111.0,8.0,154,45,1,20.394498579232387,0.4823947534879103,0.613407053921902,0,492.6247863769531
49111.0,8.0,154,46,4,9.562293313891862,0.25645305840470756,0.848528137423857,0,492.6247863769531
49111.0,8.0,154,47,2,14.500872508740382,0.32281536939975697,0.848528137423857,0,492.6247863769531
49111.0,8.0,154,48,4,8.13717885406366,-0.11244038935305806,0.682842712474619,0,492.6247863769531
49111.0,8.0,154,49,2,12.651147370766903,0.09989743212549246,0.8513997106635237,0,492.6247863769531
49111.0,8.0,154,50,1,17.432423236334756,0.19842958361950785,0.682842712474619,0,492.6247863769531
49111.0,8.0,154,51,1,14.236387942786576,-0.13314294444117897,0.613407053921902,0,492.6247863769531
49111.0,8.0,154,52,5,18.98009019782706,3.2887051180264604,0.37888543819998316,0,492.6247863769531
49111.0,8.0,154,53,4,28.123983117404418,3.568068353741579,0.3414213562373095,0,492.6247863769531
49111.0,8.0,154,54,5,18.12826871424108,3.555103710179052,0.482842712474619,0,492.6247863769531
49111.0,8.0,154,56,4,23.51991877409383,-2.5060667658941265,0.4242640687119285,0,492.6247863769531
49111.0,8.0,154,57,4,13.815291503535297,-2.372131163323132,0.4242640687119285,0,492.6247863769531
49111.0,8.0,154,58,2,29.626660826090593,-2.3709202668414373,0.382842712474619,0,492.6247863769531
49111.0,8.0,154,59,2,20.38172543951797,-2.215636918694137,0.4242640687119285,0,492.6247863769531
49111.0,8.0,154,60,5,12.372971837015436,-1.836274577090068,0.482842712474619,0,492.6247863769531
49111.0,8.0,154,61,5,9.845216207550685,-1.442875844930714,0.37888543819998316,0,492.6247863769531
49111.0,8.0,154,62,2,27.202337849091823,-2.1363990795236787,0.4242640687119285,0,492.6247863769531
49111.0,8.0,154,63,4,19.43303590908576,-1.8617055511674774,0.4242640687119285,0,492.6247863769531
49111.0,8.0,154,64,1,34.12505878413066,-2.089104919430989,0.3414213562373095,0,492.6247863769531
49111.0,8.0,154,65,2,26.498968606495914,-1.8735788511332025,0.382842712474619,0,492.6247863769531
49111.0,8.0,154,66,4,20.97310271265888,-1.5181728843102489,0.3414213562373095,0,492.6247863769531
49111.0,8.0,155,1,1,34.123691766796,0.5101335953168752,0.613407053921902,0,493.1123962402344
49111.0,8.0,155,2,4,29.177842663107665,0.6235273698674472,0.682842712474619,0,493.1123962402344
49111.0,8.0,155,3,2,30.912986949554444,0.46723041493678064,0.8513997106635237,0,493.1123962402344
49111.0,8.0,155,4,1,33.314846867629164,0.33047302496638087,0.682842712474619,0,493.1123962402344
49111.0,8.0,155,5,4,27.623849783158327,0.5116098116256277,0.848528137423857,0,493.1123962402344
49111.0,8.0,155,6,2,29.87211637150528,0.3559833238162643,0.848528137423857,0,493.1123962402344
49111.0,8.0,155,7,5,23.50117039154623,0.7091613915364446,0.613407053921902,0,493.1123962402344
49111.0,8.0,155,8,5,24.40371675670879,0.5678378182873126,0.8513997106635237,0,493.1123962402344
49111.0,8.0,155,9,2,26.453877810482282,0.3881119116970634,0.848528137423857,0,493.1123962402344
49111.0,8.0,155,10,2,29.224542954205194,0.23827992763867922,0.8513997106635237,0,493.1123962402344
49111.0,8.0,155,11,1,31.493019744879415,0.1503957625393787,0.613407053921902,0,493.1123962402344
49111.0,8.0,155,12,4,23.071020044876644,0.4297165175296892,0.848528137423857,0,493.1123962402344
49111.0,8.0,155,13,4,25.72038540888059,0.2554222956285347,0.848528137423857,0,493.1123962402344
49111.0,8.0,155,14,5,19.741739553805104,0.485479389870891,0.682842712474619,0,493.1123962402344
49111.0,8.0,155,15,5,22.226167917131608,0.2779631024604712,0.8513997106635237,0,493.1123962402344
49111.0,8.0,155,16,4,25.461123304968066,0.117526568197999,0.682842712474619,0,493.1123962402344
49111.0,8.0,155,17,5,19.48560911617989,0.17330623096679265,0.613407053921902,0,493.1123962402344
49111.0,8.0,155,18,1,41.73278598397872,1.3201314504855755,0.37888543819998316,0,493.1123962402344
49111.0,8.0,155,19,1,42.746786963614696,1.5845163450561692,0.3414213562373095,0,493.1123962402344
49111.0,8.0,155,20,2,37.22660762214541,1.3751079787742966,0.482842712474619,0,493.1123962402344
49111.0,8.0,155,21,4,33.82828453223263,1.1093019067465626,0.3414213562373095,0,493.1123962402344
49111.0,8.0,155,22,2,35.71762792307911,1.5648429426537547,0.4242640687119285,0,493.1123962402344
49111.0,8.0,155,23,4,30.56601812130647,1.3047116354380117,0.4242640687119285,0,493.1123962402344
49111.0,8.0,155,24,1,39.514697445122984,1.8456772775128734,0.37888543819998316,0,493.1123962402344
49111.0,8.0,155,25,2,35.57636257193625,1.7634938572312113,0.482842712474619,0,493.1123962402344
49111.0,8.0,155,26,2,28.70905942712825,1.5355476329450726,0.4242640687119285,0,493.1123962402344
49111.0,8.0,155,27,5,24.140062396996754,1.1960286070317028,0.4414213562373095,0,493.1123962402344
49111.0,8.0,155,28,5,23.173451883592012,0.9882427785994755,0.4538461538461539,0,493.1123962402344
49111.0,8.0,155,29,4,28.533116243914325,1.7831623762643418,0.4242640687119285,0,493.1123962402344
49111.0,8.0,155,31,4,30.06771278276872,2.01937006212804,0.3308640753373011,0,493.1123962402344
49111.0,8.0,155,33,5,14.87052086068621,1.3943699598429546,0.2601533972186464,0,493.1123962402344
49111.0,8.0,155,35,5,10.302161203750453,0.02072795637289826,0.6034068236642477,0,493.1123962402344
49111.0,8.0,155,37,5,8.5041723769032,-0.30148040477897414,0.8513997106635237,0,493.1123962402344
49111.0,8.0,155,38,4,13.28861194731568,-0.43820132337284906,0.682842712474619,0,493.1123962402344
49111.0,8.0,155,39,4,5.457587609489784,-0.5655759955289744,0.848528137423857,1,493.1123962402344
49111.0,8.0,155,40,4,10.442773682576577,-0.6165268962604145,0.848528137423857,0,493.1123962402344
49111.0,8.0,155,42,5,3.499939601540203,-1.2526366582531656,0.765685424949238,0,493.1123962402344
49111.0,8.0,155,43,2,8.1557241790467,-0.9097289245822551,0.848528137423857,0,493.1123962402344
49111.0,8.0,155,44,2,13.068362428205935,-0.819559233703927,0.8513997106635237,0,493.1123962402344
49111.0,8.0,155,45,1,16.538394067264356,-0.7884700651676072,0.613407053921902,0,493.1123962402344
49111.0,8.0,155,46,4,6.998582112389618,-1.3556102250486828,0.848528137423857,0,493.1123962402344
49111.0,8.0,155,47,2,11.324593204796255,-1.0730547848531904,0.848528137423857,0,493.1123962402344
49111.0,8.0,155,48,4,7.512953233118978,-1.8428051881887626,0.682842712474619,0,493.1123962402344
49111.0,8.0,155,49,2,10.521916458197644,-1.3898088253945788,0.8513997106635237,0,493.1123962402344
49111.0,8.0,155,50,1,14.662093493889202,-1.1636244705287213,0.682842712474619,0,493.1123962402344
49111.0,8.0,155,51,1,13.091873368670846,-1.5925959654910118,0.613407053921902,0,493.1123962402344
49111.0,8.0,155,52,5,22.28729211444356,2.3307851480724056,0.37888543819998316,0,493.1123962402344
49111.0,8.0,155,53,4,32.13076033215875,-3.753962455777967,0.3414213562373095,0,493.1123962402344
49111.0,8.0,155,54,5,22.15667571778631,-3.7269966975270945,0.482842712474619,0,493.1123962402344
49111.0,8.0,155,56,4,27.94363806417281,-3.563511834735548,0.4242640687119285,0,493.1123962402344
49111.0,8.0,155,57,4,18.42225359726661,-3.428688573118354,0.4242640687119285,0,493.1123962402344
49111.0,8.0,155,58,2,34.21659740038208,-3.457923412293952,0.382842712474619,0,493.1123962402344
49111.0,8.0,155,59,2,25.08601317468259,-3.31860936639683,0.4242640687119285,0,493.1123962402344
49111.0,8.0,155,60,5,16.96586503367464,-3.034753498558613,0.482842712474619,0,493.1123962402344
49111.0,8.0,155,61,5,13.860261036904078,-2.7785157351412844,0.37888543819998316,0,493.1123962402344
49111.0,8.0,155,62,2,31.925486470822875,-3.2551750330300973,0.4242640687119285,0,493.1123962402344
49111.0,8.0,155,63,4,24.036830193251557,-3.0328667514045935,0.4242640687119285,0,493.1123962402344
49111.0,8.0,155,64,1,38.84797698461325,-3.214228448345154,0.3414213562373095,0,493.1123962402344
49111.0,8.0,155,65,2,31.107842019940176,-3.031837741285391,0.382842712474619,0,493.1123962402344
49111.0,8.0,155,66,4,25.024594991289483,-2.746403026715407,0.3414213562373095,0,493.1123962402344
49111.0,8.0,156,1,1,32.68649908597737,1.0995940233649732,0.613407053921902,0,493.3121032714844
49111.0,8.0,156,2,4,27.977360670929578,1.2280710970495499,0.682842712474619,0,493.3121032714844
49111.0,8.0,156,3,2,29.40018299586965,1.0607458107260936,0.8513997106635237,0,493.3121032714844
49111.0,8.0,156,4,1,31.559607257853646,0.9125626530976507,0.682842712474619,0,493.3121032714844
49111.0,8.0,156,5,4,26.202316785576066,1.1150796667243446,0.848528137423857,0,493.3121032714844
49111.0,8.0,156,6,2,28.163796885559073,0.9455731329633317,0.848528137423857,0,493.3121032714844
49111.0,8.0,156,7,5,22.502342425116492,1.3356145434092066,0.613407053921902,0,493.3121032714844
49111.0,8.0,156,8,5,23.1030744636453,1.1842441903880179,0.8513997106635237,0,493.3121032714844
49111.0,8.0,156,9,2,24.807057458555725,0.9875738778084144,0.848528137423857,0,493.3121032714844
49111.0,8.0,156,10,2,27.331815706817412,0.8216413343044031,0.8513997106635237,0,493.3121032714844
49111.0,8.0,156,11,1,29.477530169384494,0.7241857644838965,0.613407053921902,0,493.3121032714844
49111.0,8.0,156,12,4,21.50769035701285,1.042584402663349,0.848528137423857,0,493.3121032714844
49111.0,8.0,156,13,4,23.85830661577827,0.8474621593783467,0.848528137423857,0,493.3121032714844
49111.0,8.0,156,14,5,18.29675898169405,1.1172002158596634,0.682842712474619,0,493.3121032714844
49111.0,8.0,156,15,5,20.406112792826264,0.8820494585161369,0.8513997106635237,0,493.3121032714844
49111.0,8.0,156,16,4,23.410414122626992,0.698931277558656,0.682842712474619,0,493.3121032714844
49111.0,8.0,156,17,5,17.51779030033672,0.7774491719283756,0.613407053921902,0,493.3121032714844
49111.0,8.0,156,18,1,42.101113769015946,1.9091068167792764,0.37888543819998316,0,493.3121032714844
49111.0,8.0,156,19,1,43.70637276181123,2.1677636287161386,0.3414213562373095,0,493.3121032714844
49111.0,8.0,156,20,2,37.729605353794604,1.9700091147451746,0.482842712474619,0,493.3121032714844
49111.0,8.0,156,21,4,33.71645325819099,1.7124922775492353,0.3414213562373095,0,493.3121032714844
49111.0,8.0,156,22,2,36.64566017464009,2.1582049866521915,0.4242640687119285,0,493.3121032714844
49111.0,8.0,156,23,4,30.922168581680914,1.914001088215948,0.4242640687119285,0,493.3121032714844
49111.0,8.0,156,24,1,40.995702811855466,2.4247168230506295,0.37888543819998316,0,493.3121032714844
49111.0,8.0,156,25,2,36.90915467898608,2.35063606893839,0.482842712474619,0,493.3121032714844
49111.0,8.0,156,26,2,29.589893532691377,2.1440859398450964,0.4242640687119285,0,493.3121032714844
49111.0,8.0,156,27,5,24.265982350498454,1.826853084587591,0.4414213562373095,0,493.3121032714844
49111.0,8.0,156,28,5,22.81394199856851,1.623153624779546,0.4538461538461539,0,493.3121032714844
49111.0,8.0,156,29,4,29.915599421675104,2.382059386760577,0.4242640687119285,0,493.3121032714844
49111.0,8.0,156,31,4,31.8484595897548,2.602865645050411,0.3308640753373011,0,493.3121032714844
49111.0,8.0,156,33,5,15.5201990501935,2.077364027052501,0.2601533972186464,0,493.3121032714844
49111.0,8.0,156,35,5,8.177155387148117,0.6667830350338062,0.6034068236642477,0,493.3121032714844
49111.0,8.0,156,37,5,6.150561593756227,0.26164242785265607,0.7685569981889047,1,493.3121032714844
49111.0,8.0,156,38,4,10.930117016662486,0.08232541856653716,0.682842712474619,0,493.3121032714844
49111.0,8.0,156,40,4,8.164441361109356,-0.15135930777308682,0.848528137423857,0,493.3121032714844
49111.0,8.0,156,42,5,2.6852741760769683,-1.4598786862231794,0.682842712474619,0,493.3121032714844
49111.0,8.0,156,43,2,6.232876340827848,-0.5695146537945657,0.848528137423857,0,493.3121032714844
49111.0,8.0,156,44,2,10.976647828886433,-0.3781945030202307,0.8513997106635237,0,493.3121032714844
49111.0,8.0,156,45,1,14.400813609478432,-0.32055130229315965,0.613407053921902,0,493.3121032714844
49111.0,8.0,156,46,4,6.00328178758168,-1.1545886850160423,0.848528137423857,0,493.3121032714844
49111.0,8.0,156,47,2,9.626912397048994,-0.6974340622048334,0.848528137423857,0,493.3121032714844
49111.0,8.0,156,48,4,7.630860827073722,-1.6225705816250466,0.682842712474619,0,493.3121032714844
49111.0,8.0,156,49,2,9.479878007733747,-1.0693459686771156,0.8513997106635237,0,493.3121032714844
49111.0,8.0,156,50,1,13.096035167975828,-0.7581869943679671,0.682842712474619,0,493.3121032714844
49111.0,8.0,156,51,1,12.463210851724272,-1.237924636488385,0.613407053921902,0,493.3121032714844
49111.0,8.0,156,52,5,24.45406116461057,2.904496801344628,0.37888543819998316,0,493.3121032714844
49111.0,8.0,156,53,4,34.43463876455343,-3.2048329080006956,0.3414213562373095,0,493.3121032714844
49111.0,8.0,156,54,5,24.474894218443055,-3.173954924614279,0.482842712474619,0,493.3121032714844
49111.0,8.0,156,56,4,30.30514372983725,-3.0269120906497564,0.4242640687119285,0,493.3121032714844
49111.0,8.0,156,57,4,20.776858199563893,-2.9058833145358194,0.4242640687119285,0,493.3121032714844
49111.0,8.0,156,58,2,36.57571634251626,-2.9287138073645247,0.382842712474619,0,493.3121032714844
49111.0,8.0,156,59,2,27.405457962364032,-2.8026593983964228,0.4242640687119285,0,493.3121032714844
49111.0,8.0,156,60,5,19.087567322359167,-2.5593590554942542,0.482842712474619,0,493.3121032714844
49111.0,8.0,156,61,5,15.683535199850168,-2.3472922182809257,0.37888543819998316,0,493.3121032714844
49111.0,8.0,156,62,2,34.211699981278606,-2.740041587794643,0.4242640687119285,0,493.3121032714844
49111.0,8.0,156,63,4,26.147973454317835,-2.5419843398757753,0.4242640687119285,0,493.3121032714844
49111.0,8.0,156,64,1,41.10744099419393,-2.698310787746476,0.3414213562373095,0,493.3121032714844
49111.0,8.0,156,65,2,33.21291624127317,-2.5319993726888756,0.382842712474619,0,493.3121032714844
49111.0,8.0,156,66,4,26.76516215920461,-2.2749225403771742,0.3414213562373095,0,493.3121032714844
