subject,level,obj_ID,point_value,x,y,new_x,new_y,time
47835,1,31,2,10,-10,10,-10,1008.843994140625
47835,1,29,2,12.5,-12.5,12.5,-12.5,1008.9600219726564
47835,1,24,2,6.5,-15,6.5,-15,1009.3610229492188
47835,1,25,2,10,-15,10,-15,1009.7269897460938
47835,1,22,2,12.5,-17.5,12.5,-17.5,1009.9110107421876
47835,1,20,2,10,-20,10,-20,1010.010009765625
47835,1,18,2,15,-23.5,15,-23.5,1010.6439819335938
47835,1,19,2,15,-20,15,-20,1010.7269897460938
47835,1,23,2,17.5,-17.5,17.5,-17.5,1011.1110229492188
47835,1,21,2,20,-20,20,-20,1011.343994140625
47835,1,27,2,20,-15,20,-15,1011.9110107421876
47835,1,28,2,23.5,-15,23.5,-15,1011.9609985351564
47835,1,30,2,17.5,-12.5,17.5,-12.5,1012.3770141601564
47835,1,26,2,15,-15,15,-15,1012.5770263671876
47835,1,32,2,15,-10,15,-10,1012.9439697265624
47835,1,33,2,20,-10,20,-10,1013.3109741210938
47835,1,34,2,15,-6.5,15,-6.5,1013.8109741210938
47835,1,31,2,10,-10,10,-10,1014.7769775390624
47835,1,29,2,12.5,-12.5,12.5,-12.5,1014.9609985351564
47835,1,25,2,10,-15,10,-15,1015.2269897460938
47835,1,24,2,6.5,-15,6.5,-15,1015.8270263671876
47835,1,20,2,10,-20,10,-20,1016.2440185546876
47835,1,22,2,12.5,-17.5,12.5,-17.5,1016.4769897460938
47835,1,18,2,15,-23.5,15,-23.5,1017.4439697265624
47835,1,19,2,15,-20,15,-20,1017.6270141601564
47835,1,23,2,17.5,-17.5,17.5,-17.5,1017.927001953125
47835,1,21,2,20,-20,20,-20,1018.2269897460938
47835,1,27,2,20,-15,20,-15,1019.1270141601564
47835,1,28,2,23.5,-15,23.5,-15,1019.7440185546876
47835,1,30,2,17.5,-12.5,17.5,-12.5,1019.927001953125
47835,1,26,2,15,-15,15,-15,1020.1439819335938
47835,1,33,2,20,-10,20,-10,1020.427001953125
47835,1,32,2,15,-10,15,-10,1021.0269775390624
47835,1,34,2,15,-6.5,15,-6.5,1021.7269897460938
47835,1,31,2,10,-10,10,-10,1022.260009765625
47835,1,29,2,12.5,-12.5,12.5,-12.5,1022.8270263671876
47835,1,24,2,6.5,-15,6.5,-15,1023.510986328125
47835,1,25,2,10,-15,10,-15,1023.6270141601564
47835,1,20,2,10,-20,10,-20,1024.2440185546875
47835,1,22,2,12.5,-17.5,12.5,-17.5,1024.427001953125
47835,1,19,2,15,-20,15,-20,1024.927001953125
47835,1,18,2,15,-23.5,15,-23.5,1025.2440185546875
47835,1,21,2,20,-20,20,-20,1025.6109619140625
47835,1,23,2,17.5,-17.5,17.5,-17.5,1025.81103515625
47835,1,26,2,15,-15,15,-15,1026.126953125
47835,1,30,2,17.5,-12.5,17.5,-12.5,1026.260986328125
47835,1,27,2,20,-15,20,-15,1026.427001953125
47835,1,28,2,23.5,-15,23.5,-15,1026.7110595703125
47835,1,33,2,20,-10,20,-10,1027.2440185546875
47835,1,32,2,15,-10,15,-10,1027.7110595703125
47835,1,34,2,15,-6.5,15,-6.5,1027.876953125
47835,1,31,2,10,-10,10,-10,1028.1600341796875
47835,1,29,2,12.5,-12.5,12.5,-12.5,1028.427001953125
47835,1,25,2,10,-15,10,-15,1028.7110595703125
47835,1,24,2,6.5,-15,6.5,-15,1029.126953125
47835,1,22,2,12.5,-17.5,12.5,-17.5,1029.4599609375
47835,1,20,2,10,-20,10,-20,1029.56103515625
47835,1,19,2,15,-20,15,-20,1030.31103515625
47835,1,18,2,15,-23.5,15,-23.5,1030.47705078125
47835,1,23,2,17.5,-17.5,17.5,-17.5,1031.7769775390625
47835,1,21,2,20,-20,20,-20,1032.0770263671875
47835,1,26,2,15,-15,15,-15,1032.6099853515625
47835,1,27,2,20,-15,20,-15,1032.9110107421875
47835,1,28,2,23.5,-15,23.5,-15,1033.2110595703125
47835,1,33,2,20,-10,20,-10,1033.64404296875
47835,1,32,2,15,-10,15,-10,1034.4110107421875
47835,1,30,2,17.5,-12.5,17.5,-12.5,1034.4599609375
47835,1,34,2,15,-6.5,15,-6.5,1034.9100341796875
47835,1,31,2,10,-10,10,-10,1035.343994140625
47835,1,29,2,12.5,-12.5,12.5,-12.5,1035.56103515625
47835,1,24,2,6.5,-15,6.5,-15,1036.3599853515625
47835,1,25,2,10,-15,10,-15,1036.510009765625
47835,1,22,2,12.5,-17.5,12.5,-17.5,1036.7769775390625
47835,1,20,2,10,-20,10,-20,1037.1099853515625
47835,1,18,2,15,-23.5,15,-23.5,1037.72705078125
47835,1,23,2,17.5,-17.5,17.5,-17.5,1038.72705078125
47835,1,21,2,20,-20,20,-20,1038.97705078125
47835,1,28,2,23.5,-15,23.5,-15,1039.4599609375
47835,1,27,2,20,-15,20,-15,1039.843994140625
47835,1,33,2,20,-10,20,-10,1040.3270263671875
47835,1,30,2,17.5,-12.5,17.5,-12.5,1040.5770263671875
47835,1,32,2,15,-10,15,-10,1040.7769775390625
47835,1,34,2,15,-6.5,15,-6.5,1041.1099853515625
47835,1,31,2,10,-10,10,-10,1041.72705078125
47835,1,29,2,12.5,-12.5,12.5,-12.5,1041.9610595703125
47835,1,25,2,10,-15,10,-15,1042.1610107421875
47835,1,22,2,12.5,-17.5,12.5,-17.5,1042.510009765625
47835,1,20,2,10,-20,10,-20,1042.6600341796875
47835,1,26,2,15,-15,15,-15,1043.6600341796875
47835,1,23,2,17.5,-17.5,17.5,-17.5,1044.2440185546875
47835,1,19,2,15,-20,15,-20,1044.510009765625
47835,1,18,2,15,-23.5,15,-23.5,1044.81103515625
47835,1,21,2,20,-20,20,-20,1045.0269775390625
47835,1,27,2,20,-15,20,-15,1045.5439453125
47835,1,28,2,23.5,-15,23.5,-15,1045.72802734375
47835,1,30,2,17.5,-12.5,17.5,-12.5,1046.1099853515625
47835,1,33,2,20,-10,20,-10,1046.510009765625
47835,1,32,2,15,-10,15,-10,1047.06005859375
47835,1,34,2,15,-6.5,15,-6.5,1047.3270263671875
47835,1,31,2,10,-10,10,-10,1047.8599853515625
47835,1,29,2,12.5,-12.5,12.5,-12.5,1048.093994140625
47835,1,25,2,10,-15,10,-15,1048.31103515625
47835,1,24,2,6.5,-15,6.5,-15,1048.6099853515625
47835,1,22,2,12.5,-17.5,12.5,-17.5,1049.06005859375
47835,1,20,2,10,-20,10,-20,1049.510009765625
47835,1,26,2,15,-15,15,-15,1050.22705078125
47835,1,19,2,15,-20,15,-20,1050.56005859375
47835,1,18,2,15,-23.5,15,-23.5,1050.8599853515625
47835,1,21,2,20,-20,20,-20,1051.1600341796875
47835,1,23,2,17.5,-17.5,17.5,-17.5,1051.2769775390625
47835,1,27,2,20,-15,20,-15,1051.54296875
47835,1,28,2,23.5,-15,23.5,-15,1051.7769775390625
47835,1,30,2,17.5,-12.5,17.5,-12.5,1052.177001953125
47835,1,33,2,20,-10,20,-10,1052.72705078125
47835,1,32,2,15,-10,15,-10,1053.22705078125
47835,1,34,2,15,-6.5,15,-6.5,1053.510009765625
47835,1,31,2,10,-10,10,-10,1053.9610595703125
47835,1,29,2,12.5,-12.5,12.5,-12.5,1054.2110595703125
47835,1,25,2,10,-15,10,-15,1054.47705078125
47835,1,24,2,6.5,-15,6.5,-15,1054.9930419921875
47835,1,22,2,12.5,-17.5,12.5,-17.5,1055.4100341796875
47835,1,20,2,10,-20,10,-20,1055.7259521484375
47835,1,19,2,15,-20,15,-20,1056.06005859375
47835,1,26,2,15,-15,15,-15,1056.4100341796875
47835,1,18,2,15,-23.5,15,-23.5,1056.9100341796875
47835,1,21,2,20,-20,20,-20,1057.510009765625
47835,1,23,2,17.5,-17.5,17.5,-17.5,1057.7440185546875
47835,1,27,2,20,-15,20,-15,1058.0770263671875
47835,1,28,2,23.5,-15,23.5,-15,1058.4090576171875
47835,1,33,2,20,-10,20,-10,1058.876953125
47835,1,30,2,17.5,-12.5,17.5,-12.5,1058.927001953125
47835,1,34,2,15,-6.5,15,-6.5,1059.5269775390625
47835,1,31,2,10,-10,10,-10,1060.177001953125
47835,1,29,2,12.5,-12.5,12.5,-12.5,1060.3270263671875
47835,1,32,2,15,-10,15,-10,1060.5269775390625
47835,1,24,2,6.5,-15,6.5,-15,1061.22705078125
47835,1,25,2,10,-15,10,-15,1061.7110595703125
47835,1,22,2,12.5,-17.5,12.5,-17.5,1061.876953125
47835,1,20,2,10,-20,10,-20,1062.5269775390625
47835,1,19,2,15,-20,15,-20,1062.9599609375
47835,1,21,2,20,-20,20,-20,1063.427001953125
47835,1,19,2,15,-15,15,-20,1064.5269775390625
47835,1,26,2,15,-15,15,-15,1064.54296875
47835,1,27,2,20,-15,20,-15,1064.7769775390625
47835,1,28,2,23.5,-15,23.5,-15,1065.06103515625
47835,1,30,2,17.5,-12.5,17.5,-12.5,1065.5269775390625
47835,1,32,2,15,-10,15,-10,1065.81005859375
47835,1,33,2,20,-10,20,-10,1066.260009765625
47835,1,34,2,15,-6.5,15,-6.5,1066.5770263671875
47835,1,31,2,10,-10,10,-10,1067.177001953125
47835,1,29,2,12.5,-12.5,12.5,-12.5,1067.4599609375
47835,1,25,2,10,-15,10,-15,1067.7099609375
47835,1,24,2,6.5,-15,6.5,-15,1068.06005859375
47835,1,22,2,12.5,-17.5,12.5,-17.5,1068.4439697265625
47835,1,20,2,10,-20,10,-20,1069.1600341796875
47835,1,19,2,15,-20,15,-20,1069.510009765625
47835,1,18,2,15,-23.5,15,-23.5,1069.8599853515625
47835,1,21,2,20,-20,20,-20,1070.4100341796875
47835,1,23,2,17.5,-17.5,17.5,-17.5,1070.6600341796875
47835,1,26,2,15,-15,15,-15,1070.97705078125
47835,1,27,2,20,-15,20,-15,1071.260009765625
47835,1,28,2,23.5,-15,23.5,-15,1071.5770263671875
47835,1,33,2,20,-10,20,-10,1072.0439453125
47835,1,30,2,17.5,-12.5,17.5,-12.5,1072.2259521484375
47835,1,32,2,12.5,-12.5,15,-10,1072.6099853515625
47835,1,29,2,12.5,-12.5,12.5,-12.5,1072.626953125
47835,1,34,2,15,-6.5,15,-6.5,1072.876953125
47835,1,31,2,10,-10,10,-10,1073.3759765625
47835,1,24,2,6.5,-15,6.5,-15,1073.89404296875
47835,1,25,2,10,-15,10,-15,1074.010009765625
47835,1,20,2,10,-20,10,-20,1074.3599853515625
47835,1,19,2,12.5,-17.5,15,-20,1074.8599853515625
47835,1,22,2,12.5,-17.5,12.5,-17.5,1074.876953125
47835,1,18,2,15,-23.5,15,-23.5,1075.3270263671875
47835,1,21,2,20,-20,20,-20,1075.843994140625
47835,1,23,2,17.5,-17.5,17.5,-17.5,1076.260009765625
47835,1,27,2,20,-15,20,-15,1076.427001953125
47835,1,26,2,15,-15,15,-15,1077.126953125
47835,1,30,2,17.5,-12.5,17.5,-12.5,1077.3089599609375
47835,1,28,2,23.5,-15,23.5,-15,1077.6600341796875
47835,1,32,2,15,-10,15,-10,1078.14404296875
47835,1,34,2,15,-6.5,15,-6.5,1078.6600341796875
47835,1,31,2,10,-10,10,-10,1079.177001953125
47835,1,29,2,12.5,-12.5,12.5,-12.5,1079.426025390625
47835,1,25,2,10,-15,10,-15,1079.677001953125
47835,1,24,2,6.5,-15,6.5,-15,1080.1099853515625
47835,1,20,2,10,-20,10,-20,1080.5269775390625
47835,1,22,2,12.5,-17.5,12.5,-17.5,1080.81005859375
47835,1,19,2,15,-20,15,-20,1080.876953125
47835,1,18,2,15,-23.5,15,-23.5,1081.47705078125
47835,1,21,2,20,-20,20,-20,1081.927001953125
47835,1,23,2,17.5,-17.5,17.5,-17.5,1082.126953125
47835,1,27,2,20,-15,20,-15,1082.3270263671875
47835,1,30,2,17.5,-12.5,17.5,-12.5,1082.7099609375
47835,1,26,2,15,-15,15,-15,1082.843017578125
47835,1,28,2,23.5,-15,23.5,-15,1083.4439697265625
47835,1,33,2,20,-10,20,-10,1083.876953125
47835,1,32,2,15,-10,15,-10,1084.22705078125
47835,1,34,2,15,-6.5,15,-6.5,1084.2769775390625
47835,1,31,2,10,-10,10,-10,1085.06005859375
47835,1,29,2,12.5,-12.5,12.5,-12.5,1085.31005859375
47835,1,25,2,10,-15,10,-15,1085.47705078125
47835,1,24,2,6.5,-15,6.5,-15,1085.760009765625
47835,1,22,2,12.5,-17.5,12.5,-17.5,1086.2259521484375
47835,1,19,2,15,-20,15,-20,1086.5260009765625
47835,1,18,2,15,-23.5,15,-23.5,1086.9599609375
47835,1,20,2,10,-20,10,-20,1087.56005859375
47835,1,21,2,20,-20,20,-20,1088.3270263671875
47835,1,23,2,17.5,-17.5,17.5,-17.5,1088.4610595703125
47835,1,26,2,15,-15,15,-15,1088.7440185546875
47835,1,27,2,20,-15,20,-15,1088.9599609375
47835,1,28,2,23.5,-15,23.5,-15,1089.2769775390625
47835,1,30,2,17.5,-12.5,17.5,-12.5,1089.626953125
47835,1,33,2,20,-10,20,-10,1089.8599853515625
47835,1,34,2,15,-6.5,15,-6.5,1090.4429931640625
47835,1,32,2,15,-10,15,-10,1090.6600341796875
47835,1,29,2,12.5,-12.5,12.5,-12.5,1090.927001953125
47835,1,31,2,10,-10,10,-10,1091.06005859375
47835,1,25,2,10,-15,10,-15,1091.9100341796875
47835,1,24,2,6.5,-15,6.5,-15,1092.1600341796875
47835,1,22,2,12.5,-17.5,12.5,-17.5,1092.5770263671875
47835,1,20,2,10,-20,10,-20,1092.9439697265625
47835,1,19,2,15,-20,15,-20,1093.3260498046875
47835,1,18,2,15,-23.5,15,-23.5,1093.9439697265625
47835,1,21,2,20,-20,20,-20,1094.7099609375
47835,1,23,2,17.5,-17.5,17.5,-17.5,1094.9599609375
47835,1,26,2,15,-15,15,-15,1095.260009765625
47835,1,30,2,17.5,-12.5,17.5,-12.5,1095.5439453125
47835,1,27,2,20,-15,20,-15,1095.708984375
47835,1,28,2,23.5,-15,23.5,-15,1096.010009765625
47835,1,33,2,20,-10,20,-10,1096.6600341796875
47835,1,32,2,15,-10,15,-10,1097.1099853515625
47835,1,34,2,15,-6.5,15,-6.5,1097.2099609375
47835,1,31,2,10,-10,10,-10,1098.06005859375
47835,1,24,2,6.5,-15,6.5,-15,1098.6939697265625
47835,1,25,2,10,-15,10,-15,1098.760009765625
47835,1,29,2,12.5,-12.5,12.5,-12.5,1099.7099609375
47835,1,20,2,10,-20,10,-20,1100.3599853515625
47835,1,22,2,12.5,-17.5,12.5,-17.5,1100.9439697265625
47835,1,18,2,15,-23.5,15,-23.5,1101.5770263671875
47835,1,19,2,15,-20,15,-20,1101.81005859375
47835,1,23,2,17.5,-17.5,17.5,-17.5,1102.0260009765625
47835,1,21,2,20,-20,20,-20,1102.2099609375
47835,1,27,2,20,-15,20,-15,1102.3599853515625
47835,1,28,2,23.5,-15,23.5,-15,1103.2440185546875
47835,1,30,2,17.5,-12.5,17.5,-12.5,1103.81005859375
47835,1,33,2,20,-10,20,-10,1104.208984375
47835,1,34,2,15,-6.5,15,-6.5,1104.64404296875
47835,1,32,2,15,-10,15,-10,1105.010009765625
47835,1,29,2,12.5,-12.5,12.5,-12.5,1105.1429443359375
47835,1,31,2,10,-10,10,-10,1105.4439697265625
47835,1,25,2,10,-15,10,-15,1105.927001953125
47835,1,20,2,10,-20,10,-20,1106.7440185546875
47835,1,22,2,12.5,-17.5,12.5,-17.5,1107.0770263671875
47835,1,26,2,15,-15,15,-15,1107.3599853515625
47835,1,23,2,17.5,-17.5,17.5,-17.5,1107.5269775390625
47835,1,19,2,15,-20,15,-20,1107.64404296875
47835,1,18,2,15,-23.5,15,-23.5,1107.9759521484375
47835,1,21,2,20,-20,20,-20,1108.510009765625
47835,1,27,2,20,-15,20,-15,1108.97705078125
47835,1,28,2,23.5,-15,23.5,-15,1109.31005859375
47835,1,33,2,20,-10,20,-10,1109.5770263671875
47835,1,30,2,17.5,-12.5,17.5,-12.5,1109.7440185546875
47835,1,32,2,15,-10,15,-10,1110.176025390625
47835,1,34,2,15,-6.5,15,-6.5,1110.4599609375
47835,1,29,2,12.5,-12.5,12.5,-12.5,1111.010009765625
47835,1,31,2,10,-10,10,-10,1111.427001953125
47835,1,24,2,6.5,-15,6.5,-15,1112.093994140625
47835,1,25,2,10,-15,10,-15,1112.2760009765625
47835,1,22,2,12.5,-17.5,12.5,-17.5,1112.5260009765625
47835,1,20,2,10,-20,10,-20,1112.6099853515625
47835,1,19,2,15,-20,15,-20,1113.126953125
47835,1,26,2,15,-15,15,-15,1113.5260009765625
47835,1,18,2,15,-23.5,15,-23.5,1114.126953125
47835,1,21,2,20,-20,20,-20,1114.4429931640625
47835,1,23,2,17.5,-17.5,17.5,-17.5,1114.6259765625
47835,1,27,2,20,-15,20,-15,1114.926025390625
47835,1,28,2,23.5,-15,23.5,-15,1115.22705078125
47835,1,33,2,20,-10,20,-10,1115.5770263671875
47835,1,32,2,15,-10,15,-10,1115.9599609375
47835,1,34,2,15,-6.5,15,-6.5,1116.3270263671875
47835,1,30,2,17.5,-12.5,17.5,-12.5,1117.010009765625
47835,1,29,2,12.5,-12.5,12.5,-12.5,1117.260009765625
47835,1,31,2,10,-10,10,-10,1117.510009765625
47835,1,25,2,10,-15,10,-15,1118.0269775390625
47835,1,24,2,6.5,-15,6.5,-15,1118.72705078125
47835,1,22,2,12.5,-17.5,12.5,-17.5,1118.9439697265625
47835,1,20,2,10,-20,10,-20,1119.3089599609375
47835,1,18,2,15,-23.5,15,-23.5,1119.72705078125
47835,1,19,2,15,-20,15,-20,1120.010009765625
47835,1,23,2,17.5,-17.5,17.5,-17.5,1120.2099609375
47835,1,26,2,15,-15,15,-15,1120.4100341796875
47835,1,21,2,20,-20,20,-20,1120.927001953125
47835,1,28,2,23.5,-15,23.5,-15,1121.3599853515625
47835,1,33,2,20,-10,20,-10,1122.010009765625
47835,1,27,2,20,-15,20,-15,1122.5269775390625
47835,1,30,2,17.5,-12.5,17.5,-12.5,1122.6429443359375
47835,1,32,2,15,-10,15,-10,1123.0269775390625
47835,1,34,2,15,-6.5,15,-6.5,1123.3270263671875
47835,1,31,2,10,-10,10,-10,1123.7939453125
47835,1,29,2,12.5,-12.5,12.5,-12.5,1123.9599609375
47835,1,25,2,10,-15,10,-15,1124.177001953125
47835,1,24,2,6.5,-15,6.5,-15,1124.47705078125
47835,1,22,2,12.5,-17.5,12.5,-17.5,1124.8260498046875
47835,1,20,2,10,-20,10,-20,1125.843017578125
47835,1,18,2,15,-23.5,15,-23.5,1126.3260498046875
47835,1,19,2,15,-20,15,-20,1126.510009765625
47835,1,26,2,15,-15,15,-15,1126.927001953125
47835,1,23,2,17.5,-17.5,17.5,-17.5,1127.1939697265625
47835,1,21,2,20,-20,20,-20,1127.4599609375
47835,1,28,2,23.5,-15,23.5,-15,1128.1429443359375
47835,1,27,2,20,-15,20,-15,1128.3270263671875
47835,1,33,2,20,-10,20,-10,1128.6099853515625
47835,1,30,2,17.5,-12.5,17.5,-12.5,1129.0269775390625
47835,1,32,2,15,-10,15,-10,1129.4599609375
47835,1,34,2,15,-6.5,15,-6.5,1129.7769775390625
47835,1,26,2,10,-15,15,-15,1130.926025390625
47835,1,25,2,10,-15,10,-15,1130.9429931640625
47835,1,31,2,10,-10,10,-10,1131.1600341796875
47835,1,24,2,6.5,-15,6.5,-15,1131.8089599609375
47835,1,22,2,12.5,-17.5,12.5,-17.5,1132.343994140625
47835,1,20,2,10,-20,10,-20,1132.4599609375
47835,1,19,2,15,-20,15,-20,1133.260009765625
47835,1,26,2,15,-15,15,-15,1133.9940185546875
47835,1,23,2,17.5,-17.5,17.5,-17.5,1134.22705078125
47835,1,18,2,15,-23.5,15,-23.5,1134.760009765625
47835,1,21,2,20,-20,20,-20,1135.2259521484375
47835,1,27,2,20,-15,20,-15,1135.7099609375
47835,1,28,2,23.5,-15,23.5,-15,1136.06005859375
47835,1,33,2,20,-10,20,-10,1136.2259521484375
47835,1,30,2,17.5,-12.5,17.5,-12.5,1136.427001953125
47835,1,34,2,15,-6.5,15,-6.5,1137.4090576171875
47835,1,31,2,10,-10,10,-10,1137.876953125
47835,1,29,2,12.5,-12.5,12.5,-12.5,1138.22705078125
47835,1,25,2,10,-15,10,-15,1138.4599609375
47835,1,20,2,10,-20,10,-20,1139.2099609375
47835,1,19,2,15,-20,15,-20,1139.626953125
47835,1,22,2,12.5,-17.5,12.5,-17.5,1139.6929931640625
47835,1,23,2,17.5,-17.5,17.5,-17.5,1140.14404296875
47835,1,26,2,15,-15,15,-15,1140.5269775390625
47835,1,27,2,20,-15,20,-15,1141.010009765625
47835,1,21,2,20,-20,20,-20,1141.376953125
47835,1,28,2,23.5,-15,23.5,-15,1142.4930419921875
47835,1,30,2,17.5,-12.5,17.5,-12.5,1142.9599609375
47835,1,33,2,20,-10,20,-10,1143.0589599609375
47835,1,32,2,15,-10,15,-10,1143.677001953125
47835,1,34,2,15,-6.5,15,-6.5,1144.0770263671875
47835,1,31,2,10,-10,10,-10,1144.6590576171875
47835,1,29,2,12.5,-12.5,12.5,-12.5,1144.8759765625
47835,2,31,5,10,-10,10,-10,449.7127075195313
47835,2,32,5,15,-10,15,-10,450.0791015625
47835,2,33,4,20,-10,20,-10,450.5628051757813
47835,2,30,4,17.5,-12.5,17.5,-12.5,451.0125122070313
47835,2,27,2,20,-15,20,-15,451.0621948242187
47835,2,28,1,23.5,-15,23.5,-15,451.6293029785156
47835,2,23,2,17.5,-17.5,17.5,-17.5,452.0126037597656
47835,2,21,1,20,-20,20,-20,452.2127075195313
47835,2,18,1,15,-23.5,15,-23.5,452.64599609375
47835,2,19,2,15,-20,15,-20,453.0794067382813
47835,2,22,4,12.5,-17.5,12.5,-17.5,453.2793884277344
47835,2,20,4,10,-20,10,-20,453.4794006347656
47835,2,25,5,10,-15,10,-15,453.7792053222656
47835,2,24,5,6.5,-15,6.5,-15,453.8792114257813
47835,2,26,2,15,-15,15,-15,454.4627990722656
47835,2,29,4,12.5,-12.5,12.5,-12.5,454.6120910644531
47835,2,31,5,10,-10,10,-10,454.8458862304687
47835,2,32,5,15,-10,15,-10,455.1127014160156
47835,2,34,5,15,-6.5,15,-6.5,455.8293151855469
47835,2,33,4,20,-10,20,-10,456.3788146972656
47835,2,30,4,17.5,-12.5,17.5,-12.5,456.6626892089844
47835,2,26,2,20,-15,15,-15,457.14599609375
47835,2,27,2,20,-15,20,-15,457.16259765625
47835,2,28,1,23.5,-15,23.5,-15,457.4625854492187
47835,2,21,1,20,-20,20,-20,457.9460144042969
47835,2,19,2,15,-20,15,-20,458.5793151855469
47835,2,22,4,12.5,-17.5,12.5,-17.5,458.7626037597656
47835,2,25,5,10,-15,10,-15,459.3127136230469
47835,2,24,5,6.5,-15,6.5,-15,459.9294128417969
47835,2,20,4,10,-20,10,-20,460.1123962402344
47835,2,26,2,15,-15,15,-15,460.6456909179687
47835,2,29,4,12.5,-12.5,12.5,-12.5,460.8623962402344
47835,2,31,5,10,-10,10,-10,461.1453857421875
47835,2,34,5,15,-6.5,15,-6.5,461.64599609375
47835,2,32,5,15,-10,15,-10,461.6795043945313
47835,2,30,4,17.5,-12.5,17.5,-12.5,462.1124877929687
47835,2,33,4,20,-10,20,-10,462.3294067382813
47835,2,27,2,20,-15,20,-15,462.9621887207031
47835,2,23,2,17.5,-17.5,17.5,-17.5,463.6127014160156
47835,2,28,1,23.5,-15,23.5,-15,463.9790954589844
47835,2,21,1,20,-20,20,-20,464.46240234375
47835,2,20,4,10,-20,10,-20,465.3288879394531
47835,2,21,1,15,-23.5,20,-20,465.4454956054687
47835,2,18,1,15,-23.5,15,-23.5,465.4621887207031
47835,2,22,4,12.5,-17.5,12.5,-17.5,465.8793029785156
47835,2,25,5,10,-15,10,-15,466.16259765625
47835,2,24,5,6.5,-15,6.5,-15,466.4793090820313
47835,2,29,4,12.5,-12.5,12.5,-12.5,466.9627075195313
47835,2,31,5,10,-10,10,-10,467.2125854492187
47835,2,32,5,15,-10,15,-10,467.3789978027344
47835,2,30,4,17.5,-12.5,17.5,-12.5,467.5625915527344
47835,2,26,2,15,-15,15,-15,467.6625061035156
47835,2,34,5,15,-6.5,15,-6.5,468.3460083007813
47835,2,33,4,20,-10,20,-10,468.9129943847656
47835,2,27,2,20,-15,20,-15,469.3457946777344
47835,2,28,1,23.5,-15,23.5,-15,469.5126037597656
47835,2,23,2,17.5,-17.5,17.5,-17.5,470.2460021972656
47835,2,21,1,20,-20,20,-20,470.5126037597656
47835,2,19,2,15,-20,15,-20,470.9461059570313
47835,2,18,1,15,-23.5,15,-23.5,471.9294128417969
47835,2,20,4,10,-20,10,-20,472.24560546875
47835,2,22,4,12.5,-17.5,12.5,-17.5,472.5458068847656
47835,2,25,5,10,-15,10,-15,472.6458129882813
47835,2,24,5,6.5,-15,6.5,-15,472.9783020019531
47835,2,29,4,12.5,-12.5,12.5,-12.5,473.4289855957031
47835,2,31,5,10,-10,10,-10,473.6455078125
47835,2,34,5,15,-6.5,15,-6.5,474.0793151855469
47835,2,32,5,15,-10,15,-10,474.14599609375
47835,2,26,2,15,-15,15,-15,474.6286926269531
47835,2,30,4,17.5,-12.5,17.5,-12.5,474.8294067382813
47835,2,33,4,20,-10,20,-10,475.1127014160156
47835,2,27,2,20,-15,20,-15,475.5625915527344
47835,2,21,1,20,-20,20,-20,476.1293029785156
47835,2,23,2,17.5,-17.5,17.5,-17.5,476.2616882324219
47835,2,19,2,15,-20,15,-20,476.9625854492187
47835,2,22,4,12.5,-17.5,12.5,-17.5,477.5793151855469
47835,2,18,1,15,-23.5,15,-23.5,477.8125915527344
47835,2,20,4,10,-20,10,-20,478.529296875
47835,2,24,5,6.5,-15,6.5,-15,479.4793090820313
47835,2,25,5,10,-15,10,-15,479.6126098632813
47835,2,29,4,12.5,-12.5,12.5,-12.5,479.9624938964844
47835,2,31,5,10,-10,10,-10,480.17919921875
47835,2,34,5,15,-6.5,15,-6.5,480.6791076660156
47835,2,23,2,15,-15,17.5,-17.5,481.2626037597656
47835,2,26,2,15,-15,15,-15,481.2791137695313
47835,2,33,4,20,-10,20,-10,481.5292053222656
47835,2,27,2,20,-15,20,-15,482.4122924804687
47835,2,21,1,20,-20,20,-20,482.9125061035156
47835,2,23,2,17.5,-17.5,17.5,-17.5,483.2460021972656
47835,2,18,1,15,-23.5,15,-23.5,484.1459045410156
47835,2,19,2,15,-20,15,-20,484.3293151855469
47835,2,22,4,12.5,-17.5,12.5,-17.5,484.8127136230469
47835,2,20,4,10,-20,10,-20,485.0455017089844
47835,2,25,5,6.5,-15,10,-15,485.46240234375
47835,2,24,5,6.5,-15,6.5,-15,485.4793090820313
47835,2,29,4,12.5,-12.5,12.5,-12.5,485.8125
47835,2,31,5,10,-10,10,-10,486.0125122070313
47835,2,32,5,15,-10,15,-10,486.4790954589844
47835,2,34,5,15,-6.5,15,-6.5,486.7449035644531
47835,2,33,4,20,-10,20,-10,487.17919921875
47835,2,30,4,17.5,-12.5,17.5,-12.5,487.4124145507813
47835,2,26,2,15,-15,15,-15,487.7125854492187
47835,2,27,2,20,-15,20,-15,487.9281921386719
47835,2,28,1,23.5,-15,23.5,-15,488.3121948242187
47835,2,21,1,20,-20,20,-20,488.8792114257813
47835,2,23,2,17.5,-17.5,17.5,-17.5,489.0625
47835,2,18,1,15,-23.5,15,-23.5,490.0458068847656
47835,2,19,2,15,-20,15,-20,490.2286987304687
47835,2,22,4,12.5,-17.5,12.5,-17.5,490.7626953125
47835,2,25,5,10,-15,10,-15,490.9624938964844
47835,2,24,5,6.5,-15,6.5,-15,491.279296875
47835,2,29,4,12.5,-12.5,12.5,-12.5,491.7626037597656
47835,2,31,5,10,-10,10,-10,491.9458923339844
47835,2,32,5,15,-10,15,-10,492.3792114257813
47835,2,30,4,17.5,-12.5,17.5,-12.5,492.7125854492187
47835,2,33,4,20,-10,20,-10,492.9458923339844
47835,2,27,2,20,-15,20,-15,493.6460876464844
47835,2,28,1,23.5,-15,23.5,-15,494.0458068847656
47835,2,21,1,20,-20,20,-20,494.5461120605469
47835,2,23,2,17.5,-17.5,17.5,-17.5,494.8458862304687
47835,2,26,2,15,-15,15,-15,495.3291931152344
47835,2,19,2,15,-20,15,-20,495.7291870117187
47835,2,22,4,12.5,-17.5,12.5,-17.5,495.8125
47835,2,18,1,15,-23.5,15,-23.5,496.0125122070313
47835,2,20,4,10,-20,10,-20,496.6625061035156
47835,2,25,5,10,-15,10,-15,497.0791015625
47835,2,24,5,6.5,-15,6.5,-15,497.42919921875
47835,2,31,5,10,-10,10,-10,497.5625
47835,2,29,4,12.5,-12.5,12.5,-12.5,497.6618957519531
47835,2,34,5,15,-6.5,15,-6.5,498.6451110839844
47835,2,32,5,15,-10,15,-10,498.67919921875
47835,2,30,4,17.5,-12.5,17.5,-12.5,499.0125122070313
47835,2,33,4,20,-10,20,-10,499.3453979492187
47835,2,28,1,23.5,-15,23.5,-15,500.17919921875
47835,2,27,2,20,-15,20,-15,500.2623901367187
47835,2,21,1,20,-20,20,-20,500.71148681640625
47835,2,23,2,17.5,-17.5,17.5,-17.5,500.8458862304687
47835,2,26,2,15,-15,15,-15,501.6292114257813
47835,2,22,4,12.5,-17.5,12.5,-17.5,501.8792114257813
47835,2,19,2,15,-20,15,-20,502.0625
47835,2,20,4,10,-20,10,-20,502.5617065429687
47835,2,25,5,10,-15,10,-15,502.91259765625
47835,2,24,5,6.5,-15,6.5,-15,503.2291870117187
47835,2,29,4,12.5,-12.5,12.5,-12.5,503.42919921875
47835,2,31,5,10,-10,10,-10,503.7124938964844
47835,2,32,5,15,-10,15,-10,504.3291931152344
47835,2,34,5,15,-6.5,15,-6.5,504.4125061035156
47835,2,30,4,17.5,-12.5,17.5,-12.5,504.7616882324219
47835,2,33,4,20,-10,20,-10,505.2293090820313
47835,2,28,1,23.5,-15,23.5,-15,506.0125122070313
47835,2,27,2,20,-15,20,-15,506.1614074707031
47835,2,23,2,17.5,-17.5,17.5,-17.5,506.4453125
47835,2,21,1,20,-20,20,-20,506.6124877929687
47835,2,19,2,15,-20,15,-20,507.2291870117187
47835,2,18,1,15,-23.5,15,-23.5,507.2791137695313
47835,2,22,4,12.5,-17.5,12.5,-17.5,507.6290893554687
47835,2,26,2,15,-15,15,-15,507.9124145507813
47835,2,25,5,10,-15,10,-15,508.1292114257813
47835,2,20,4,10,-20,10,-20,508.3623962402344
47835,2,24,5,6.5,-15,6.5,-15,508.7459106445313
47835,2,29,4,12.5,-12.5,12.5,-12.5,509.3287963867187
47835,2,31,5,10,-10,10,-10,509.44580078125
47835,2,34,5,15,-6.5,15,-6.5,510.0115051269531
47835,2,32,5,15,-10,15,-10,510.5458068847656
47835,2,33,4,17.5,-12.5,20,-10,511.02880859375
47835,2,30,4,17.5,-12.5,17.5,-12.5,511.0451965332031
47835,2,28,1,23.5,-15,23.5,-15,511.6781921386719
47835,2,27,2,20,-15,20,-15,511.8792114257813
47835,2,21,1,20,-20,20,-20,512.46160888671875
47835,2,23,2,17.5,-17.5,17.5,-17.5,512.8289794921875
47835,2,18,1,15,-23.5,15,-23.5,513.74591064453125
47835,2,19,2,15,-20,15,-20,514.0623779296875
47835,2,26,2,15,-15,15,-15,514.52911376953125
47835,2,22,4,12.5,-17.5,12.5,-17.5,514.6455078125
47835,2,25,5,10,-15,10,-15,514.8126220703125
47835,2,20,4,10,-20,10,-20,514.9459228515625
47835,2,24,5,6.5,-15,6.5,-15,515.61248779296875
47835,2,29,4,12.5,-12.5,12.5,-12.5,515.9622802734375
47835,2,31,5,10,-10,10,-10,516.1124267578125
47835,2,34,5,15,-10,15,-6.5,516.51251220703125
47835,2,32,5,15,-10,15,-10,516.52911376953125
47835,2,30,4,17.5,-12.5,17.5,-12.5,516.9127197265625
47835,2,33,4,20,-10,20,-10,517.27862548828125
47835,2,28,1,23.5,-15,23.5,-15,518.3126220703125
47835,2,27,2,20,-15,20,-15,518.37921142578125
47835,2,21,1,20,-20,20,-20,518.8126220703125
47835,2,19,2,15,-20,15,-20,519.26251220703125
47835,2,23,2,17.5,-17.5,17.5,-17.5,519.32843017578125
47835,2,18,1,15,-23.5,15,-23.5,520.0789794921875
47835,2,20,4,10,-20,10,-20,520.5615234375
47835,2,22,4,12.5,-17.5,12.5,-17.5,520.72857666015625
47835,2,25,5,10,-15,10,-15,520.96197509765625
47835,2,24,5,6.5,-15,6.5,-15,521.3115234375
47835,2,29,4,12.5,-12.5,12.5,-12.5,521.5465087890625
47835,2,26,2,15,-15,15,-15,521.71148681640625
47835,2,31,5,10,-10,10,-10,522.378173828125
47835,2,32,5,15,-10,15,-10,522.6458740234375
47835,2,34,5,15,-6.5,15,-6.5,522.8624267578125
47835,2,30,4,17.5,-12.5,17.5,-12.5,523.36181640625
47835,2,33,4,20,-10,20,-10,523.62811279296875
47835,2,27,2,20,-15,20,-15,524.21142578125
47835,2,28,1,23.5,-15,23.5,-15,524.52880859375
47835,2,23,2,17.5,-17.5,17.5,-17.5,525.4127197265625
47835,2,21,1,20,-20,20,-20,525.61187744140625
47835,2,18,1,15,-23.5,15,-23.5,526.2125244140625
47835,2,19,2,15,-20,15,-20,526.64581298828125
47835,2,20,4,10,-20,10,-20,526.87811279296875
47835,2,22,4,12.5,-17.5,12.5,-17.5,527.41241455078125
47835,2,24,5,6.5,-15,6.5,-15,528.0623779296875
47835,2,25,5,10,-15,10,-15,528.42852783203125
47835,2,29,4,12.5,-12.5,12.5,-12.5,528.64581298828125
47835,2,26,2,15,-15,15,-15,528.91241455078125
47835,2,31,5,10,-10,10,-10,529.52911376953125
47835,2,32,5,15,-10,15,-10,529.77911376953125
47835,2,34,5,15,-6.5,15,-6.5,529.91241455078125
47835,2,30,4,17.5,-12.5,17.5,-12.5,530.27911376953125
47835,2,33,4,20,-10,20,-10,530.31231689453125
47835,2,28,1,23.5,-15,23.5,-15,530.77801513671875
47835,2,23,2,17.5,-17.5,17.5,-17.5,531.42822265625
47835,2,27,2,20,-15,20,-15,531.52911376953125
47835,2,21,1,20,-20,20,-20,532.144775390625
47835,2,19,2,15,-20,15,-20,532.5457763671875
47835,2,18,1,15,-23.5,15,-23.5,532.87921142578125
47835,2,20,4,10,-20,10,-20,533.8123779296875
47835,2,22,4,12.5,-17.5,12.5,-17.5,533.97857666015625
47835,2,25,5,10,-15,10,-15,534.3123779296875
47835,2,24,5,6.5,-15,6.5,-15,534.61260986328125
47835,2,29,4,12.5,-12.5,12.5,-12.5,535.04571533203125
47835,2,32,5,15,-10,15,-10,535.3292236328125
47835,2,31,5,10,-10,10,-10,535.4459228515625
47835,2,26,2,15,-15,15,-15,536.0294189453125
47835,2,30,4,17.5,-12.5,17.5,-12.5,536.17828369140625
47835,2,34,5,15,-6.5,15,-6.5,536.56201171875
47835,2,33,4,20,-10,20,-10,537.0623779296875
47835,2,28,1,23.5,-15,23.5,-15,537.6290283203125
47835,2,27,2,20,-15,20,-15,537.82891845703125
47835,2,23,2,17.5,-17.5,17.5,-17.5,538.0789794921875
47835,2,21,1,20,-20,20,-20,538.2122802734375
47835,2,19,2,15,-20,15,-20,538.62921142578125
47835,2,18,1,15,-23.5,15,-23.5,538.77886962890625
47835,2,22,4,12.5,-17.5,12.5,-17.5,539.412109375
47835,2,25,5,10,-15,10,-15,539.67901611328125
47835,2,20,4,10,-20,10,-20,539.8289794921875
47835,2,24,5,6.5,-15,6.5,-15,540.32830810546875
47835,2,29,4,12.5,-12.5,12.5,-12.5,540.828125
47835,2,31,5,10,-10,10,-10,541.078125
47835,2,32,5,15,-10,15,-10,541.7457275390625
47835,2,30,4,17.5,-12.5,17.5,-12.5,542.52911376953125
47835,2,33,4,20,-10,20,-10,542.74560546875
47835,2,34,5,15,-6.5,15,-6.5,543.9290771484375
47835,2,28,1,23.5,-15,23.5,-15,544.978515625
47835,2,27,2,20,-15,20,-15,545.4625244140625
47835,2,23,2,17.5,-17.5,17.5,-17.5,545.6124267578125
47835,2,26,2,15,-15,15,-15,545.8123779296875
47835,2,21,1,20,-20,20,-20,546.5789794921875
47835,2,19,2,15,-20,15,-20,546.8455810546875
47835,2,18,1,15,-23.5,15,-23.5,547.22900390625
47835,2,20,4,10,-20,10,-20,547.86151123046875
47835,2,22,4,12.5,-17.5,12.5,-17.5,548.04571533203125
47835,2,25,5,10,-15,10,-15,548.24560546875
47835,2,24,5,6.5,-15,6.5,-15,548.611328125
47835,2,29,4,12.5,-12.5,12.5,-12.5,549.0125732421875
47835,2,31,5,10,-10,10,-10,549.26251220703125
47835,2,34,5,15,-6.5,15,-6.5,549.6793212890625
47835,2,32,5,15,-10,15,-10,549.71221923828125
47835,2,33,4,17.5,-12.5,20,-10,551.01141357421875
47835,2,30,4,17.5,-12.5,17.5,-12.5,551.02886962890625
47835,2,28,1,23.5,-15,23.5,-15,552.0125732421875
47835,2,27,2,20,-15,20,-15,552.16162109375
47835,2,26,2,15,-15,15,-15,552.5623779296875
47835,2,23,2,17.5,-17.5,17.5,-17.5,552.67828369140625
47835,2,21,1,20,-20,20,-20,552.97857666015625
47835,2,19,2,15,-20,15,-20,553.3292236328125
47835,2,18,1,15,-23.5,15,-23.5,553.72857666015625
47835,2,20,4,10,-20,10,-20,554.51251220703125
47835,2,22,4,12.5,-17.5,12.5,-17.5,554.6456298828125
47835,2,25,5,10,-15,10,-15,554.845703125
47835,2,24,5,6.5,-15,6.5,-15,555.54498291015625
47835,2,31,5,10,-10,10,-10,556.0123291015625
47835,2,29,4,12.5,-12.5,12.5,-12.5,556.16192626953125
47835,2,32,5,15,-10,15,-10,556.3790283203125
47835,2,30,4,17.5,-12.5,17.5,-12.5,556.62921142578125
47835,2,34,5,15,-6.5,15,-6.5,556.828125
47835,2,33,4,20,-10,20,-10,557.345703125
47835,2,27,2,20,-15,20,-15,558.1619873046875
47835,2,28,1,23.5,-15,23.5,-15,558.47900390625
47835,2,26,2,15,-15,15,-15,558.8458251953125
47835,2,23,2,17.5,-17.5,17.5,-17.5,558.92901611328125
47835,2,21,1,20,-20,20,-20,559.26141357421875
47835,2,19,2,15,-20,15,-20,559.56231689453125
47835,2,22,4,12.5,-17.5,12.5,-17.5,559.7457275390625
47835,2,20,4,10,-20,10,-20,560.41241455078125
47835,2,18,1,15,-23.5,15,-23.5,560.6787109375
47835,2,25,5,10,-15,10,-15,561.5457763671875
47835,2,24,5,6.5,-15,6.5,-15,561.7291259765625
47835,2,31,5,10,-10,10,-10,562.3123779296875
47835,3,48,1,10,-10,10,-10,147.86279296875
47835,3,41,1,6.5,-15,6.5,-15,148.37950134277344
47835,3,37,2,10,-20,10,-20,148.94650268554688
47835,3,35,5,15,-23.5,15,-23.5,149.3970947265625
47835,3,36,4,15,-20,15,-20,149.58050537109375
47835,3,40,4,17.5,-17.5,17.5,-17.5,149.8636932373047
47835,3,44,4,20,-15,20,-15,150.16299438476565
47835,3,45,5,23.5,-15,23.5,-15,150.2803955078125
47835,3,47,2,17.5,-12.5,17.5,-12.5,150.59719848632813
47835,3,49,1,15,-10,15,-10,150.93040466308594
47835,3,51,1,15,-6.5,15,-6.5,151.36380004882813
47835,3,46,2,12.5,-12.5,12.5,-12.5,151.78050231933594
47835,3,39,2,12.5,-17.5,12.5,-17.5,152.19679260253906
47835,3,43,4,15,-15,15,-15,152.2303924560547
47835,3,50,2,20,-10,20,-10,153.1470947265625
47835,3,17,1,15,6.5,15,6.5,154.4304962158203
47835,3,15,1,15,10,15,10,154.69720458984375
47835,3,16,2,20,10,20,10,154.9304962158203
47835,3,6,4,20,15,17.5,17.5,155.32989501953125
47835,3,10,4,20,15,20,15,155.34620666503906
47835,3,4,5,20,20,20,20,155.76370239257813
47835,3,2,4,17.5,17.5,15,20,156.24710083007813
47835,3,6,4,17.5,17.5,17.5,17.5,156.2635955810547
47835,3,1,5,15,23.5,15,23.5,156.66319274902344
47835,3,3,2,10,20,10,20,157.29710388183594
47835,3,8,1,10,15,10,15,157.79690551757813
47835,3,14,1,10,10,10,10,158.29620361328125
47835,3,12,2,12.5,12.5,12.5,12.5,158.52980041503906
47835,3,9,4,15,15,15,15,158.7633056640625
47835,3,5,2,12.5,17.5,12.5,17.5,159.0635986328125
47835,3,7,1,6.5,15,6.5,15,159.68040466308594
47835,3,22,2,-12.5,17.5,-12.5,17.5,161.22950744628906
47835,3,20,2,-10,20,-10,20,161.2628936767578
47835,3,18,5,-15,23.5,-15,23.5,161.58030700683594
47835,3,21,5,-20,20,-20,20,162.1461944580078
47835,3,28,5,-23.5,15,-23.5,15,162.6461944580078
47835,3,27,4,-20,15,-20,15,162.7633056640625
47835,3,30,2,-17.5,12.5,-17.5,12.5,163.06289672851565
47835,3,33,2,-20,10,-20,10,163.14630126953125
47835,3,34,1,-15,6.5,-15,6.5,163.83030700683594
47835,3,32,1,-15,10,-15,10,164.07960510253906
47835,3,29,2,-12.5,12.5,-12.5,12.5,164.2794952392578
47835,3,24,1,-6.5,15,-6.5,15,164.9470977783203
47835,3,26,4,-15,15,-15,15,165.36239624023438
47835,3,23,4,-17.5,17.5,-17.5,17.5,165.68020629882813
47835,3,19,4,-15,20,-15,20,165.86380004882813
47835,3,20,2,-10,20,-10,20,166.29620361328125
47835,3,3,2,10,20,10,20,167.8636932373047
47835,3,1,5,15,23.5,15,23.5,168.2801971435547
47835,3,4,5,20,20,20,20,168.8135986328125
47835,3,11,5,23.5,15,23.5,15,169.2967987060547
47835,3,10,4,20,15,20,15,169.53050231933594
47835,3,13,2,17.5,12.5,17.5,12.5,169.7803955078125
47835,3,9,4,15,15,15,15,169.94619750976565
47835,3,2,4,15,20,15,20,170.17950439453125
47835,3,5,2,12.5,17.5,12.5,17.5,170.2803955078125
47835,3,8,1,10,15,10,15,170.5803985595703
47835,3,14,1,10,10,10,10,171.1461944580078
47835,3,12,2,12.5,12.5,12.5,12.5,171.18040466308594
47835,3,15,1,15,10,15,10,171.46279907226565
47835,3,17,1,15,6.5,15,6.5,171.6300048828125
47835,3,16,2,20,10,20,10,172.34710693359375
47835,3,7,1,6.5,15,6.5,15,173.52969360351565
47835,3,3,2,10,20,10,20,173.96299743652344
47835,3,1,5,15,23.5,15,23.5,174.43040466308594
47835,3,4,5,20,20,20,20,174.8802947998047
47835,3,11,5,23.5,15,23.5,15,175.36349487304688
47835,3,10,4,20,15,20,15,175.72950744628906
47835,3,9,4,15,15,15,15,176.14610290527344
47835,3,2,4,15,20,15,20,176.38040161132813
47835,3,5,2,12.5,17.5,12.5,17.5,176.5467071533203
47835,3,8,1,10,15,10,15,176.79620361328125
47835,3,12,2,12.5,12.5,12.5,12.5,177.01370239257813
47835,3,15,1,15,10,15,10,177.29690551757813
47835,3,17,1,15,6.5,15,6.5,177.58009338378906
47835,3,16,2,20,10,20,10,178.1470947265625
47835,3,13,2,17.5,12.5,17.5,12.5,178.34689331054688
47835,3,14,1,10,10,10,10,178.91360473632813
47835,3,31,1,-10,10,-10,10,180.84609985351565
47835,3,34,1,-15,6.5,-15,6.5,181.44720458984375
47835,3,33,2,-20,10,-20,10,181.94610595703125
47835,3,27,4,-20,15,-20,15,182.26370239257813
47835,3,28,5,-23.5,15,-23.5,15,182.34689331054688
47835,3,23,4,-17.5,17.5,-17.5,17.5,182.7801971435547
47835,3,26,4,-15,15,-15,15,182.9967041015625
47835,3,21,5,-20,20,-20,20,183.18020629882813
47835,3,18,5,-15,23.5,-15,23.5,183.5803070068359
47835,3,19,4,-15,20,-15,20,183.8303070068359
47835,3,22,2,-12.5,17.5,-12.5,17.5,184.0970001220703
47835,3,25,1,-10,15,-10,15,184.4636993408203
47835,3,24,1,-6.5,15,-6.5,15,184.59689331054688
47835,3,30,2,-17.5,12.5,-17.5,12.5,185.5637054443359
47835,3,32,1,-15,10,-15,10,185.7299041748047
47835,3,34,1,-10,10,-15,6.5,186.0803985595703
47835,3,31,1,-10,10,-10,10,186.09710693359375
47835,3,20,2,-10,20,-10,20,186.93020629882813
47835,3,3,2,10,20,10,20,188.58009338378903
47835,3,1,5,15,23.5,15,23.5,189.04690551757813
47835,3,2,4,15,20,15,20,189.2469024658203
47835,3,4,5,20,20,20,20,189.48049926757813
47835,3,6,4,17.5,17.5,17.5,17.5,189.54690551757813
47835,3,10,4,20,15,20,15,189.8303985595703
47835,3,11,5,23.5,15,23.5,15,189.93020629882813
47835,3,16,2,20,10,20,10,190.36289978027344
47835,3,17,1,15,6.5,15,6.5,190.86329650878903
47835,3,12,2,12.5,12.5,12.5,12.5,191.34689331054688
47835,3,9,4,15,15,15,15,191.56350708007813
47835,3,13,2,17.5,12.5,17.5,12.5,191.7303924560547
47835,3,15,1,15,10,15,10,192.04690551757813
47835,3,14,1,10,10,10,10,192.46359252929688
47835,3,8,1,10,15,10,15,193.0637054443359
47835,3,5,2,12.5,17.5,12.5,17.5,193.34689331054688
47835,3,7,1,6.5,15,6.5,15,193.5803985595703
47835,3,24,1,-6.5,15,-6.5,15,194.74639892578125
47835,3,25,1,-10,15,-10,15,195.06329345703125
47835,3,29,2,-12.5,12.5,-12.5,12.5,195.2803955078125
47835,3,31,1,-10,10,-10,10,195.3968963623047
47835,3,32,1,-15,10,-15,10,196.0635986328125
47835,3,33,2,-20,10,-20,10,196.44610595703125
47835,3,28,5,-23.5,15,-23.5,15,197.06350708007813
47835,3,27,4,-20,15,-20,15,197.1302947998047
47835,3,30,2,-17.5,12.5,-17.5,12.5,197.3303985595703
47835,3,26,4,-15,15,-15,15,197.73019409179688
47835,3,23,4,-17.5,17.5,-17.5,17.5,198.06350708007813
47835,3,19,4,-15,20,-15,20,198.16360473632813
47835,3,21,5,-20,20,-20,20,198.3303070068359
47835,3,18,5,-15,23.5,-15,23.5,198.7635955810547
47835,3,20,2,-10,20,-10,20,199.09689331054688
47835,3,22,2,-12.5,17.5,-12.5,17.5,199.26280212402344
47835,3,34,1,-15,6.5,-15,6.5,200.2969970703125
47835,3,31,1,-10,10,-10,10,200.7969970703125
47835,3,29,2,-12.5,12.5,-12.5,12.5,201.0803985595703
47835,3,25,1,-10,15,-10,15,201.2803955078125
47835,3,32,1,-15,10,-15,10,202.46339416503903
47835,3,33,2,-20,10,-20,10,202.8636932373047
47835,3,27,4,-20,15,-20,15,203.2803955078125
47835,3,26,4,-15,15,-15,15,203.64630126953125
47835,3,28,5,-23.5,15,-23.5,15,204.3302001953125
47835,3,21,5,-20,20,-20,20,204.7469940185547
47835,3,23,4,-17.5,17.5,-17.5,17.5,204.8802947998047
47835,3,19,4,-15,20,-15,20,205.18020629882813
47835,3,18,5,-15,23.5,-15,23.5,205.23049926757813
47835,3,20,2,-10,20,-10,20,205.6636962890625
47835,3,25,1,-10,15,-10,15,206.33050537109375
47835,3,24,1,-6.5,15,-6.5,15,207.44679260253903
47835,3,22,2,-12.5,17.5,-12.5,17.5,210.1302032470703
47835,3,19,4,-15,20,-15,20,210.2303009033203
47835,3,21,5,-20,20,-20,20,210.44610595703125
47835,3,28,5,-23.5,15,-23.5,15,210.88040161132813
47835,3,18,5,-15,23.5,-15,23.5,211.9803009033203
47835,3,20,2,-10,20,-10,20,212.7469940185547
47835,3,25,1,-10,15,-10,15,213.27940368652344
47835,3,24,1,-6.5,15,-6.5,15,213.89630126953125
47835,3,29,2,-12.5,12.5,-12.5,12.5,214.16360473632813
47835,3,31,1,-10,10,-10,10,214.56350708007813
47835,3,32,1,-15,10,-15,10,214.86380004882813
47835,3,33,2,-20,10,-20,10,215.2469024658203
47835,3,34,1,-15,6.5,-15,6.5,215.54690551757813
47835,3,30,2,-17.5,12.5,-17.5,12.5,215.8303070068359
47835,3,27,4,-20,15,-20,15,216.09689331054688
47835,3,28,5,-23.5,15,-23.5,15,216.43020629882813
47835,3,18,5,-20,20,-15,23.5,216.5126953125
47835,3,21,5,-20,20,-20,20,216.5301971435547
47835,3,26,4,-15,15,-15,15,216.69679260253903
47835,3,19,4,-15,20,-15,20,217.7631072998047
47835,3,22,2,-12.5,17.5,-12.5,17.5,218.2303924560547
47835,3,18,5,-15,23.5,-15,23.5,218.5803070068359
47835,3,20,2,-10,20,-10,20,220.2803955078125
47835,3,24,1,-6.5,15,-6.5,15,220.6634979248047
47835,3,31,1,-10,10,-10,10,221.0959930419922
47835,3,34,1,-15,6.5,-15,6.5,221.5970001220703
47835,3,33,2,-20,10,-20,10,222.1804046630859
47835,3,30,2,-17.5,12.5,-17.5,12.5,222.36349487304688
47835,3,27,4,-20,15,-20,15,222.5467987060547
47835,3,28,5,-23.5,15,-23.5,15,222.73019409179688
47835,3,23,4,-17.5,17.5,-17.5,17.5,223.26339721679688
47835,3,26,4,-15,15,-15,15,223.31350708007813
47835,3,21,5,-20,20,-20,20,223.4635009765625
47835,3,19,4,-15,20,-15,20,223.9803009033203
47835,3,18,5,-15,23.5,-15,23.5,224.2967987060547
47835,3,22,2,-12.5,17.5,-12.5,17.5,225.0803985595703
47835,3,29,2,-12.5,12.5,-12.5,12.5,225.43020629882813
47835,3,32,1,-15,10,-15,10,225.72999572753903
47835,3,25,1,-10,15,-10,15,227.04690551757813
47835,3,20,2,-10,20,-10,20,227.38009643554688
47835,3,24,1,-6.5,15,-6.5,15,228.04690551757813
47835,3,31,1,-10,10,-10,10,228.56350708007813
47835,3,34,1,-15,6.5,-15,6.5,229.23019409179688
47835,3,33,2,-20,10,-20,10,229.6802978515625
47835,3,30,2,-17.5,12.5,-17.5,12.5,229.93020629882813
47835,3,27,4,-20,15,-20,15,230.14649963378903
47835,3,28,5,-23.5,15,-23.5,15,230.3968963623047
47835,3,23,4,-17.5,17.5,-17.5,17.5,230.7801971435547
47835,3,19,4,-15,20,-15,20,231.0802001953125
47835,3,21,5,-20,20,-20,20,231.2301025390625
47835,3,22,2,-12.5,17.5,-12.5,17.5,231.87930297851565
47835,3,18,5,-15,23.5,-15,23.5,232.09689331054688
47835,3,20,2,-10,20,-10,20,233.19679260253903
47835,3,24,1,-6.5,15,-6.5,15,233.6302032470703
47835,3,25,1,-10,15,-10,15,233.9633026123047
47835,3,29,2,-12.5,12.5,-12.5,12.5,234.1468963623047
47835,3,31,1,-10,10,-10,10,234.56350708007813
47835,3,32,1,-15,10,-15,10,234.87989807128903
47835,3,34,1,-15,6.5,-15,6.5,235.2635955810547
47835,3,30,2,-17.5,12.5,-17.5,12.5,235.66360473632813
47835,3,26,4,-15,15,-15,15,235.8302001953125
47835,3,27,4,-20,15,-20,15,236.0301971435547
47835,3,33,2,-20,10,-20,10,236.2135009765625
47835,3,28,5,-23.5,15,-23.5,15,236.69679260253903
47835,3,23,4,-17.5,17.5,-17.5,17.5,237.2969970703125
47835,3,21,5,-20,20,-20,20,237.5467987060547
47835,3,19,4,-15,20,-15,20,238.18020629882813
47835,3,18,5,-15,23.5,-15,23.5,238.39669799804688
47835,3,20,2,-10,20,-10,20,238.7303009033203
47835,3,22,2,-12.5,17.5,-12.5,17.5,239.0803070068359
47835,3,25,1,-10,15,-10,15,239.1470947265625
47835,3,24,1,-6.5,15,-6.5,15,239.5803070068359
47835,3,29,2,-12.5,12.5,-12.5,12.5,240.0301055908203
47835,3,31,1,-10,10,-10,10,240.3802032470703
47835,3,34,1,-15,6.5,-15,6.5,241.0301055908203
47835,3,32,1,-15,10,-15,10,241.3468017578125
47835,3,30,2,-17.5,12.5,-17.5,12.5,241.72999572753903
47835,3,33,2,-20,10,-20,10,241.8968048095703
47835,3,28,5,-23.5,15,-23.5,15,242.71290588378903
47835,3,27,4,-20,15,-20,15,242.87950134277344
47835,3,23,4,-17.5,17.5,-17.5,17.5,243.1302032470703
47835,3,26,4,-15,15,-15,15,243.32960510253903
47835,3,21,5,-20,20,-20,20,243.6638031005859
47835,3,18,5,-15,23.5,-15,23.5,244.2967987060547
47835,3,19,4,-15,20,-15,20,244.49679565429688
47835,3,20,2,-10,20,-10,20,244.79690551757813
47835,3,25,1,-10,15,-10,15,245.56350708007813
47835,3,24,1,-6.5,15,-6.5,15,245.9635009765625
47835,3,29,2,-12.5,12.5,-12.5,12.5,246.68020629882813
47835,3,22,2,-12.5,17.5,-12.5,17.5,246.87989807128903
47835,3,31,1,-10,10,-10,10,247.5301055908203
47835,3,34,1,-15,6.5,-15,6.5,248.06350708007813
47835,3,32,1,-15,10,-15,10,248.6800994873047
47835,3,30,2,-17.5,12.5,-17.5,12.5,248.7301025390625
47835,3,27,4,-20,15,-20,15,248.99679565429688
47835,3,28,5,-23.5,15,-23.5,15,249.72950744628903
47835,3,21,5,-20,20,-20,20,250.2469024658203
47835,3,23,4,-17.5,17.5,-17.5,17.5,250.3634033203125
47835,3,18,5,-15,23.5,-15,23.5,250.69679260253903
47835,3,19,4,-15,20,-15,20,250.84669494628903
47835,3,26,4,-15,15,-15,15,251.3459930419922
47835,3,20,2,-10,20,-10,20,251.58009338378903
47835,3,24,1,-6.5,15,-6.5,15,252.44590759277344
47835,3,29,2,-12.5,12.5,-12.5,12.5,252.9969024658203
47835,3,25,1,-10,15,-10,15,253.0301055908203
47835,3,31,1,-10,10,-10,10,253.8625030517578
47835,3,34,1,-15,6.5,-15,6.5,254.36349487304688
47835,3,32,1,-15,10,-15,10,254.93020629882813
47835,3,33,2,-20,10,-20,10,255.3300018310547
47835,3,30,2,-17.5,12.5,-17.5,12.5,255.6468963623047
47835,3,27,4,-20,15,-20,15,255.96339416503903
47835,3,23,4,-17.5,17.5,-17.5,17.5,256.04681396484375
47835,3,28,5,-23.5,15,-23.5,15,256.2630920410156
47835,3,21,5,-20,20,-20,20,256.84649658203125
47835,3,19,4,-15,20,-15,20,257.0635986328125
47835,3,18,5,-15,23.5,-15,23.5,257.24688720703125
47835,3,20,2,-10,20,-10,20,257.5967102050781
47835,3,22,2,-12.5,17.5,-12.5,17.5,257.74700927734375
47835,3,26,4,-15,15,-15,15,257.9801940917969
47835,3,25,1,-10,15,-10,15,258.29681396484375
47835,3,24,1,-6.5,15,-6.5,15,258.5801086425781
47835,3,31,1,-10,10,-10,10,259.2301025390625
47835,3,29,2,-12.5,12.5,-12.5,12.5,259.3800964355469
47835,3,34,1,-15,6.5,-15,6.5,260.3299865722656
47835,3,32,1,-15,10,-15,10,260.62969970703125
47835,3,30,2,-17.5,12.5,-17.5,12.5,260.8800964355469
47835,3,33,2,-20,10,-20,10,261.04681396484375
47835,3,27,4,-20,15,-20,15,261.3299865722656
47835,3,28,5,-23.5,15,-23.5,15,261.9967041015625
47835,3,23,4,-17.5,17.5,-17.5,17.5,262.5303039550781
47835,3,21,5,-20,20,-20,20,262.7633056640625
47835,3,19,4,-15,20,-15,20,263.04681396484375
47835,3,18,5,-15,23.5,-15,23.5,263.0802917480469
47835,3,20,2,-10,20,-10,20,263.4800109863281
47835,3,22,2,-12.5,17.5,-12.5,17.5,263.6300964355469
47835,3,26,4,-15,15,-15,15,264.0793151855469
47835,3,29,2,-12.5,12.5,-12.5,12.5,264.39678955078125
47835,3,25,1,-10,15,-10,15,264.4800109863281
47835,3,24,1,-6.5,15,-6.5,15,264.78009033203125
47835,3,31,1,-10,10,-10,10,265.18011474609375
47835,3,34,1,-15,6.5,-15,6.5,266.1465148925781
47835,3,32,1,-15,10,-15,10,266.4796142578125
47835,3,30,2,-17.5,12.5,-17.5,12.5,266.6966857910156
47835,3,33,2,-20,10,-20,10,266.9801025390625
47835,3,27,4,-20,15,-20,15,267.529296875
47835,3,23,4,-17.5,17.5,-17.5,17.5,267.64678955078125
47835,3,28,5,-23.5,15,-23.5,15,267.8465881347656
47835,3,21,5,-20,20,-20,20,268.4466857910156
47835,3,19,4,-15,20,-15,20,268.8301086425781
47835,3,18,5,-15,23.5,-15,23.5,269.0633850097656
47835,3,20,2,-10,20,-10,20,269.5292053222656
47835,3,22,2,-12.5,17.5,-12.5,17.5,269.7461853027344
47835,3,26,4,-15,15,-15,15,269.9801025390625
47835,3,29,2,-12.5,12.5,-12.5,12.5,270.2627868652344
47835,3,25,1,-10,15,-10,15,270.53009033203125
47835,3,24,1,-6.5,15,-6.5,15,270.7799987792969
47835,3,31,1,-10,10,-10,10,271.4468078613281
47835,3,32,1,-15,10,-15,10,271.86358642578125
47835,3,34,1,-15,6.5,-15,6.5,272.03009033203125
47835,3,33,2,-20,10,-20,10,272.4967956542969
47835,3,30,2,-17.5,12.5,-17.5,12.5,272.66339111328125
47835,3,27,4,-20,15,-20,15,272.9466857910156
47835,3,28,5,-23.5,15,-23.5,15,273.1630859375
47835,3,23,4,-17.5,17.5,-17.5,17.5,273.7633972167969
47835,3,21,5,-20,20,-20,20,274.0799865722656
47835,3,23,4,-15,20,-17.5,17.5,274.66339111328125
47835,3,19,4,-15,20,-15,20,274.6799011230469
47835,3,20,2,-10,20,-10,20,275.1300964355469
47835,3,22,2,-12.5,17.5,-12.5,17.5,275.76348876953125
47835,3,25,1,-10,15,-10,15,276.39678955078125
47835,3,29,2,-12.5,12.5,-12.5,12.5,276.59698486328125
47835,3,26,4,-15,15,-15,15,276.68011474609375
47835,3,31,1,-10,10,-10,10,276.92999267578125
47835,3,24,1,-6.5,15,-6.5,15,277.3966979980469
47835,3,34,1,-15,6.5,-15,6.5,278.5967102050781
47835,3,33,2,-20,10,-20,10,279.06329345703125
47835,3,27,4,-20,15,-20,15,279.43011474609375
47835,3,28,5,-23.5,15,-23.5,15,279.6300964355469
47835,3,23,4,-17.5,17.5,-17.5,17.5,280.04669189453125
47835,3,19,4,-15,20,-15,20,280.29669189453125
47835,3,21,5,-20,20,-20,20,280.42999267578125
47835,3,18,5,-15,23.5,-15,23.5,280.8467102050781
47835,3,20,2,-10,20,-10,20,281.3464050292969
47835,3,22,2,-12.5,17.5,-12.5,17.5,281.5126953125
47835,3,26,4,-15,15,-15,15,281.7456970214844
47835,3,29,2,-12.5,12.5,-12.5,12.5,281.91259765625
47835,3,25,1,-10,15,-10,15,281.9468078613281
47835,3,31,1,-10,10,-10,10,283.2793884277344
47835,3,24,1,-6.5,15,-6.5,15,283.77978515625
47835,3,32,1,-15,10,-15,10,284.42919921875
47835,3,34,1,-15,6.5,-15,6.5,284.6625061035156
47835,3,33,2,-20,10,-20,10,285.19659423828125
47835,3,30,2,-17.5,12.5,-17.5,12.5,285.3793029785156
47835,3,27,4,-20,15,-20,15,285.61279296875
47835,3,28,5,-23.5,15,-23.5,15,285.9632873535156
47835,3,23,4,-17.5,17.5,-17.5,17.5,286.2467041015625
47835,3,21,5,-20,20,-20,20,286.3966979980469
47835,3,28,5,-15,23.5,-23.5,15,286.8467102050781
47835,3,18,5,-15,23.5,-15,23.5,286.8633117675781
47835,3,22,2,-12.5,17.5,-12.5,17.5,287.26348876953125
47835,3,20,2,-10,20,-10,20,287.41339111328125
47835,3,26,4,-15,15,-15,15,287.92919921875
47835,3,29,2,-12.5,12.5,-12.5,12.5,288.1632080078125
47835,3,25,1,-10,15,-10,15,288.53009033203125
47835,3,31,1,-10,10,-10,10,289.16339111328125
47835,3,24,1,-6.5,15,-6.5,15,289.7123107910156
47835,3,32,1,-15,10,-15,10,290.3131103515625
47835,3,34,1,-15,6.5,-15,6.5,290.5299072265625
47835,3,33,2,-20,10,-20,10,290.8800048828125
47835,4,12,2,12.5,12.5,12.5,12.5,891.127685546875
47835,4,8,1,10,15,10,15,891.4439697265625
47835,4,7,1,6.5,15,6.5,15,891.727783203125
47835,4,2,2,10,20,10,20,892.17791748046875
47835,4,5,2,12.5,17.5,12.5,17.5,892.3602294921875
47835,4,9,4,15,15,15,15,892.6273193359375
47835,4,3,4,15,20,15,20,892.97802734375
47835,4,1,5,15,23.5,15,23.5,893.2279052734375
47835,4,4,5,20,20,20,20,893.86102294921875
47835,4,6,4,17.5,17.5,17.5,17.5,894.11102294921875
47835,4,10,4,20,15,20,15,894.3441162109375
47835,4,11,5,23.5,15,23.5,15,894.4774780273436
47835,4,13,2,17.5,12.5,17.5,12.5,895.0772094726564
47835,4,16,2,20,10,20,10,895.244384765625
47835,4,17,1,15,6.5,15,6.5,895.760009765625
47835,4,15,1,15,10,15,10,895.9268798828125
47835,4,14,1,10,10,10,10,896.76123046875
47835,4,12,2,12.5,12.5,12.5,12.5,896.92791748046875
47835,4,8,1,10,15,10,15,897.2108764648436
47835,4,7,1,6.5,15,6.5,15,897.47772216796875
47835,4,2,2,10,20,10,20,897.76123046875
47835,4,3,4,15,20,15,20,898.1444091796875
47835,4,9,4,15,15,15,15,898.46112060546875
47835,4,5,2,12.5,17.5,12.5,17.5,898.744384765625
47835,4,1,5,15,23.5,15,23.5,899.1444091796875
47835,4,4,5,20,20,20,20,899.44451904296875
47835,4,6,4,17.5,17.5,17.5,17.5,899.5277099609375
47835,4,10,4,20,15,20,15,899.760986328125
47835,4,11,5,23.5,15,23.5,15,900.04437255859375
47835,4,16,2,20,10,20,10,900.6776733398436
47835,4,13,2,17.5,12.5,17.5,12.5,901.0277099609376
47835,4,15,1,15,10,15,10,901.1436157226564
47835,4,17,1,15,6.5,15,6.5,901.5277099609376
47835,4,12,2,12.5,12.5,12.5,12.5,902.54437255859375
47835,4,14,1,10,10,10,10,902.5770263671876
47835,4,8,1,10,15,10,15,902.9276123046876
47835,4,7,1,6.5,15,6.5,15,903.26123046875
47835,4,2,2,10,20,10,20,903.7113037109376
47835,4,3,4,15,20,15,20,904.11102294921875
47835,4,5,2,12.5,17.5,12.5,17.5,904.3438720703124
47835,4,9,4,15,15,15,15,904.7274169921876
47835,4,6,4,17.5,17.5,17.5,17.5,904.94451904296875
47835,4,1,5,15,23.5,15,23.5,905.410888671875
47835,4,4,5,20,20,20,20,905.6610717773436
47835,4,10,4,20,15,20,15,906.16131591796875
47835,4,11,5,23.5,15,23.5,15,906.4442749023436
47835,4,16,2,20,10,20,10,908.227783203125
47835,4,13,2,17.5,12.5,17.5,12.5,908.44451904296875
47835,4,15,1,15,10,15,10,908.6605224609376
47835,4,12,2,12.5,12.5,12.5,12.5,909.0277099609376
47835,4,14,1,10,10,10,10,909.4110107421876
47835,4,8,1,10,15,10,15,910.46112060546875
47835,4,9,4,15,15,15,15,910.7774047851564
47835,4,7,1,6.5,15,6.5,15,911.32781982421875
47835,4,2,2,10,20,10,20,911.72772216796875
47835,4,3,4,15,20,15,20,912.07647705078125
47835,4,5,2,12.5,17.5,12.5,17.5,912.1436767578124
47835,4,1,5,15,23.5,15,23.5,912.5443115234376
47835,4,4,5,20,20,20,20,913.0106201171876
47835,4,11,5,23.5,15,23.5,15,913.5111083984376
47835,4,10,4,20,15,20,15,913.94451904296875
47835,4,13,2,17.5,12.5,17.5,12.5,914.111083984375
47835,4,6,4,17.5,17.5,17.5,17.5,914.34417724609375
47835,4,16,2,20,10,20,10,914.86102294921875
47835,4,15,1,15,10,15,10,915.361083984375
47835,4,17,1,15,6.5,15,6.5,915.61102294921875
47835,4,14,1,10,10,10,10,915.8441162109376
47835,4,12,2,12.5,12.5,12.5,12.5,916.1768188476564
47835,4,9,4,15,15,15,15,916.4102172851564
47835,4,8,1,10,15,10,15,916.4605712890624
47835,4,7,1,6.5,15,6.5,15,916.7598876953124
47835,4,2,2,10,20,10,20,917.4608764648436
47835,4,3,4,15,20,15,20,917.77777099609375
47835,4,5,2,12.5,17.5,12.5,17.5,917.94451904296875
47835,4,1,5,15,23.5,15,23.5,918.97772216796875
47835,4,4,5,20,20,20,20,919.4442749023436
47835,4,10,4,20,15,20,15,919.91082763671875
47835,4,6,4,17.5,17.5,17.5,17.5,920.0443115234376
47835,4,11,5,23.5,15,23.5,15,920.3272094726564
47835,4,13,2,17.5,12.5,17.5,12.5,921.010986328125
47835,4,16,2,20,10,20,10,921.277587890625
47835,4,17,1,15,6.5,15,6.5,921.961181640625
47835,4,15,1,15,10,15,10,922.17791748046875
47835,4,12,2,12.5,12.5,12.5,12.5,922.3773193359376
47835,4,14,1,10,10,10,10,922.64471435546875
47835,4,9,4,15,15,15,15,923.1776123046876
47835,4,8,1,10,15,10,15,923.54351806640625
47835,4,7,1,6.5,15,6.5,15,923.82781982421875
47835,4,2,2,10,20,10,20,924.2611083984376
47835,4,5,2,12.5,17.5,12.5,17.5,924.6107177734376
47835,4,3,4,15,20,15,20,924.643310546875
47835,4,1,5,15,23.5,15,23.5,925.0443115234376
47835,4,4,5,20,20,20,20,925.6278076171876
47835,4,6,4,17.5,17.5,17.5,17.5,925.844482421875
47835,4,10,4,20,15,20,15,926.07757568359375
47835,4,11,5,23.5,15,23.5,15,926.26031494140625
47835,4,16,2,20,10,20,10,927.59442138671875
47835,4,13,2,17.5,12.5,17.5,12.5,927.9276733398436
47835,4,12,2,12.5,12.5,12.5,12.5,928.26031494140625
47835,4,15,1,15,10,15,10,928.4110107421876
47835,4,17,1,15,6.5,15,6.5,928.611083984375
47835,4,14,1,10,10,10,10,929.22772216796875
47835,4,8,1,10,15,10,15,929.6776123046876
47835,4,9,4,15,15,15,15,930.027587890625
47835,4,7,1,6.5,15,6.5,15,930.777587890625
47835,4,5,2,12.5,17.5,12.5,17.5,931.277587890625
47835,4,2,2,10,20,10,20,931.41082763671875
47835,4,1,5,15,23.5,15,23.5,931.92718505859375
47835,4,3,4,15,20,15,20,932.1278076171876
47835,4,9,4,17.5,17.5,15,15,932.4110717773436
47835,4,6,4,17.5,17.5,17.5,17.5,932.42791748046875
47835,4,10,4,20,15,20,15,933.0272216796876
47835,4,11,5,23.5,15,23.5,15,933.07781982421875
47835,4,13,2,17.5,12.5,17.5,12.5,933.6776123046876
47835,4,16,2,20,10,20,10,933.9434814453124
47835,4,17,1,15,6.5,15,6.5,934.62762451171875
47835,4,15,1,15,10,15,10,935.60992431640625
47835,4,17,1,10,10,15,6.5,936.0106811523436
47835,4,14,1,10,10,10,10,936.0277099609376
47835,4,8,1,10,15,10,15,936.32757568359375
47835,4,7,1,6.5,15,6.5,15,936.71112060546875
47835,4,5,2,12.5,17.5,12.5,17.5,936.92791748046875
47835,4,9,4,15,15,15,15,937.1102294921876
47835,4,2,2,10,20,10,20,937.86102294921875
47835,4,4,5,15,23.5,20,20,938.2435302734376
47835,4,1,5,15,23.5,15,23.5,938.2598876953124
47835,4,4,5,20,20,20,20,938.97772216796875
47835,4,11,5,23.5,15,23.5,15,939.67657470703125
47835,4,10,4,20,15,20,15,939.8109130859376
47835,4,16,2,20,10,20,10,940.4608764648436
47835,4,13,2,17.5,12.5,17.5,12.5,940.87762451171875
47835,4,15,1,15,10,15,10,941.2598266601564
47835,4,12,2,12.5,12.5,12.5,12.5,941.62652587890625
47835,4,17,1,15,6.5,15,6.5,942.14422607421875
47835,4,14,1,10,10,10,10,942.66082763671875
47835,4,7,1,6.5,15,6.5,15,943.20977783203125
47835,4,8,1,10,15,10,15,943.36077880859375
47835,4,9,4,15,15,15,15,943.7435302734376
47835,4,5,2,12.5,17.5,12.5,17.5,944.02752685546875
47835,4,3,4,15,20,15,20,944.0775146484376
47835,4,2,2,10,20,10,20,944.30987548828125
47835,4,1,5,15,23.5,15,23.5,945.010009765625
47835,4,4,5,20,20,20,20,945.660888671875
47835,4,6,4,17.5,17.5,17.5,17.5,945.9102172851564
47835,4,10,4,20,15,20,15,946.244384765625
47835,4,11,5,23.5,15,23.5,15,946.4774169921876
47835,4,13,2,17.5,12.5,17.5,12.5,947.34442138671875
47835,4,16,2,20,10,20,10,947.5443115234376
47835,4,17,1,15,6.5,15,6.5,947.97711181640625
47835,4,15,1,15,10,15,10,948.1776123046876
47835,4,12,2,12.5,12.5,12.5,12.5,948.4766235351564
47835,4,8,1,10,15,10,15,948.7603759765624
47835,4,14,1,10,10,10,10,949.0106811523436
47835,4,7,1,6.5,15,6.5,15,949.660888671875
47835,4,5,2,12.5,17.5,12.5,17.5,950.0609130859376
47835,4,2,2,10,20,10,20,950.576904296875
47835,4,3,4,15,20,15,20,950.9774169921876
47835,4,1,5,15,23.5,15,23.5,951.2108764648436
47835,4,4,5,20,20,20,20,951.6776733398436
47835,4,6,4,17.5,17.5,17.5,17.5,952.01092529296875
47835,4,9,4,15,15,15,15,952.3441162109376
47835,4,10,4,20,15,20,15,952.4442138671876
47835,4,11,5,23.5,15,23.5,15,952.72711181640625
47835,4,16,2,20,10,20,10,953.2274780273436
47835,4,13,2,17.5,12.5,17.5,12.5,954.12762451171875
47835,4,15,1,15,10,15,10,954.36077880859375
47835,4,17,1,15,6.5,15,6.5,954.660888671875
47835,4,14,1,10,10,10,10,955.26092529296875
47835,4,12,2,12.5,12.5,12.5,12.5,955.4268188476564
47835,4,8,1,10,15,10,15,955.8765869140624
47835,4,7,1,6.5,15,6.5,15,956.1942138671876
47835,4,12,2,10,20,12.5,12.5,956.4276123046876
47835,4,2,2,10,20,10,20,956.4442138671876
47835,4,3,4,15,20,15,20,956.659912109375
47835,4,1,5,15,23.5,15,23.5,957.2108154296876
47835,4,4,5,20,20,20,20,957.7274169921876
47835,4,9,4,15,15,15,15,958.5443115234376
47835,4,6,4,17.5,17.5,17.5,17.5,958.61102294921875
47835,4,10,4,20,15,20,15,958.82647705078125
47835,4,11,5,23.5,15,23.5,15,959.11077880859375
47835,4,16,2,20,10,20,10,959.52752685546875
47835,4,13,2,17.5,12.5,17.5,12.5,959.9268188476564
47835,4,15,1,15,10,15,10,960.3441162109376
47835,4,17,1,15,6.5,15,6.5,960.5435791015624
47835,4,14,1,10,10,10,10,961.2108154296876
47835,4,12,2,12.5,12.5,12.5,12.5,961.44378662109375
47835,4,8,1,10,15,10,15,961.70977783203125
47835,4,7,1,6.5,15,6.5,15,961.9774169921876
47835,4,5,2,12.5,17.5,12.5,17.5,962.3275146484376
47835,4,2,2,10,20,10,20,962.5609130859376
47835,4,1,5,15,23.5,15,23.5,962.94378662109375
47835,4,3,4,15,20,15,20,963.0775146484376
47835,4,4,5,20,20,20,20,963.559814453125
47835,4,6,4,17.5,17.5,17.5,17.5,963.62762451171875
47835,4,9,4,15,15,15,15,964.2608032226564
47835,4,10,4,20,15,20,15,964.5609130859376
47835,4,11,5,23.5,15,23.5,15,964.86077880859375
47835,4,16,2,20,10,20,10,965.12738037109375
47835,4,33,5,20,-5,20,-5,966.52691650390625
47835,4,35,4,20,-10,20,-10,966.95977783203125
47835,4,36,5,10,-10,10,-10,967.7269287109376
47835,4,41,4,10,-20,10,-20,968.42742919921875
47835,4,42,5,5,-20,5,-20,969.31072998046875
47835,4,38,4,15,-15,15,-15,970.42742919921875
47835,4,40,4,20,-20,20,-20,971.0435791015624
47835,4,44,2,15,-25,15,-25,971.6436157226564
47835,4,47,2,10,-30,10,-30,972.2440795898436
47835,4,46,1,20,-30,20,-30,973.2274169921876
47835,4,45,1,30,-30,30,-30,973.9439697265624
47835,4,43,2,25,-25,25,-25,974.8109130859376
47835,4,39,1,30,-20,30,-20,975.40972900390625
47835,4,37,2,25,-15,25,-15,975.7431030273436
47835,4,34,2,30,-10,30,-10,976.3275146484376
47835,4,33,5,20,-5,20,-5,977.0775146484376
47835,4,35,4,20,-10,20,-10,977.3602294921876
47835,4,36,5,10,-10,10,-10,978.41058349609375
47835,4,42,5,5,-20,5,-20,979.4442138671876
47835,4,41,4,10,-20,10,-20,979.7440795898436
47835,4,38,4,15,-15,15,-15,980.426513671875
47835,4,17,1,15,6.5,15,6.5,982.2108154296876
47835,4,15,1,15,10,15,10,982.4774169921876
47835,4,12,2,12.5,12.5,12.5,12.5,982.7274169921876
47835,4,14,1,10,10,10,10,982.926513671875
47835,4,7,1,6.5,15,6.5,15,983.7271728515624
47835,4,8,1,10,15,10,15,983.9608154296876
47835,4,2,2,10,20,10,20,984.5443115234376
47835,4,3,4,15,20,15,20,984.9774169921876
47835,4,1,5,15,23.5,15,23.5,985.14410400390625
47835,4,4,5,20,20,20,20,985.42730712890625
47835,4,6,4,17.5,17.5,17.5,17.5,985.7266235351564
47835,4,5,2,12.5,17.5,12.5,17.5,986.1265869140624
47835,4,9,4,15,15,15,15,986.26007080078125
47835,4,10,4,20,15,20,15,986.64422607421875
47835,4,11,5,23.5,15,23.5,15,986.92730712890625
47835,4,16,2,20,10,20,10,987.31011962890625
47835,4,13,2,17.5,12.5,17.5,12.5,987.4442749023436
47835,4,17,1,15,6.5,15,6.5,988.3275146484376
47835,4,15,1,15,10,15,10,988.543212890625
47835,4,12,2,12.5,12.5,12.5,12.5,988.8773193359376
47835,4,14,1,10,10,10,10,989.16058349609375
47835,4,7,1,6.5,15,6.5,15,989.62762451171875
47835,4,8,1,10,15,10,15,989.8106079101564
47835,4,2,2,10,20,10,20,990.6602172851564
47835,4,3,4,15,20,15,20,991.0601806640624
47835,4,1,5,15,23.5,15,23.5,991.24432373046875
47835,4,4,5,20,20,20,20,991.4940185546876
47835,4,6,4,17.5,17.5,17.5,17.5,991.52691650390625
47835,4,9,4,15,15,15,15,991.7440185546876
47835,4,10,4,20,15,20,15,991.92730712890625
47835,4,5,2,12.5,17.5,12.5,17.5,992.3106079101564
47835,4,11,5,23.5,15,23.5,15,993.010009765625
47835,4,13,2,17.5,12.5,17.5,12.5,993.526611328125
47835,4,16,2,20,10,20,10,993.7100219726564
47835,4,17,1,15,6.5,15,6.5,994.2108154296876
47835,4,15,1,15,10,15,10,994.3607177734376
47835,4,12,2,12.5,12.5,12.5,12.5,994.8275146484376
47835,4,14,1,10,10,10,10,995.1273193359376
47835,4,7,1,6.5,15,6.5,15,995.6270141601564
47835,4,8,1,10,15,10,15,995.7266845703124
47835,4,2,2,10,20,10,20,996.32757568359375
47835,4,3,4,15,20,15,20,996.7274169921876
47835,4,1,5,15,23.5,15,23.5,996.909912109375
47835,4,4,5,20,20,20,20,997.71051025390625
47835,4,6,4,17.5,17.5,17.5,17.5,997.92718505859375
47835,4,4,5,20,20,20,20,1002.7440185546876
47835,5,31,2,10,-10,10,-10,706.26171875
47835,5,34,2,15,-6.5,15,-6.5,706.72821044921875
47835,5,32,2,15,-10,15,-10,706.94512939453125
47835,5,26,2,15,-15,15,-15,707.36181640625
47835,5,30,2,17.5,-12.5,17.5,-12.5,707.42840576171875
47835,5,33,2,20,-10,20,-10,707.728515625
47835,5,28,2,23.5,-15,23.5,-15,708.2445068359375
47835,5,27,2,20,-15,20,-15,708.44500732421875
47835,5,23,2,17.5,-17.5,17.5,-17.5,708.7108154296875
47835,5,21,2,20,-20,20,-20,708.8109130859375
47835,5,19,2,15,-20,15,-20,709.327880859375
47835,5,18,2,15,-23.5,15,-23.5,710.02838134765625
47835,5,20,2,10,-20,10,-20,710.66070556640625
47835,5,22,2,12.5,-17.5,12.5,-17.5,710.9619140625
47835,5,25,2,10,-15,10,-15,711.14501953125
47835,5,24,2,6.5,-15,6.5,-15,711.37841796875
47835,5,29,2,12.5,-12.5,12.5,-12.5,711.97802734375
47835,5,31,2,10,-10,10,-10,712.2108154296875
47835,5,34,2,15,-6.5,15,-6.5,712.728515625
47835,5,32,2,15,-10,15,-10,712.978271484375
47835,5,26,2,15,-15,15,-15,713.42791748046875
47835,5,30,2,17.5,-12.5,17.5,-12.5,713.52777099609375
47835,5,33,2,20,-10,20,-10,713.92822265625
47835,5,27,2,20,-15,20,-15,714.34490966796875
47835,5,28,2,23.5,-15,23.5,-15,714.91168212890625
47835,5,23,2,17.5,-17.5,17.5,-17.5,715.32843017578125
47835,5,21,2,20,-20,20,-20,715.51068115234375
47835,5,19,2,15,-20,15,-20,715.978515625
47835,5,18,2,15,-23.5,15,-23.5,716.228515625
47835,5,20,2,10,-20,10,-20,717.14410400390625
47835,5,22,2,12.5,-17.5,12.5,-17.5,717.36151123046875
47835,5,25,2,10,-15,10,-15,717.61102294921875
47835,5,24,2,6.5,-15,6.5,-15,717.86181640625
47835,5,29,2,12.5,-12.5,12.5,-12.5,718.5283203125
47835,5,31,2,10,-10,10,-10,718.76171875
47835,5,32,2,15,-10,15,-10,719.06170654296875
47835,5,26,2,15,-15,15,-15,719.961669921875
47835,5,30,2,17.5,-12.5,17.5,-12.5,720.16168212890625
47835,5,34,2,15,-6.5,15,-6.5,720.56170654296875
47835,5,33,2,20,-10,20,-10,721.02850341796875
47835,5,28,2,23.5,-15,23.5,-15,721.56170654296875
47835,5,27,2,20,-15,20,-15,721.6279296875
47835,5,21,2,20,-20,20,-20,722.128173828125
47835,5,23,2,17.5,-17.5,17.5,-17.5,722.4608764648436
47835,5,19,2,15,-20,15,-20,722.67840576171875
47835,5,18,2,15,-23.5,15,-23.5,722.94482421875
47835,5,20,2,10,-20,10,-20,723.67822265625
47835,5,22,2,12.5,-17.5,12.5,-17.5,723.87841796875
47835,5,25,2,10,-15,10,-15,724.14398193359375
47835,5,24,2,6.5,-15,6.5,-15,724.37762451171875
47835,5,29,2,12.5,-12.5,12.5,-12.5,724.7783813476564
47835,5,31,2,10,-10,10,-10,725.17822265625
47835,5,34,2,15,-6.5,15,-6.5,725.61151123046875
47835,5,32,2,15,-10,15,-10,725.728515625
47835,5,30,2,17.5,-12.5,17.5,-12.5,725.94500732421875
47835,5,26,2,15,-15,15,-15,726.16192626953125
47835,5,33,2,20,-10,20,-10,726.7783203125
47835,5,27,2,20,-15,20,-15,727.2451171875
47835,5,21,2,20,-20,20,-20,728.0283813476564
47835,5,28,2,23.5,-15,23.5,-15,728.427978515625
47835,5,23,2,17.5,-17.5,17.5,-17.5,728.961669921875
47835,5,19,2,15,-20,15,-20,729.21160888671875
47835,5,18,2,15,-23.5,15,-23.5,730.044921875
47835,5,20,2,10,-20,10,-20,730.67828369140625
47835,5,22,2,12.5,-17.5,12.5,-17.5,730.92852783203125
47835,5,26,2,15,-15,15,-15,731.21160888671875
47835,5,25,2,10,-15,10,-15,731.32830810546875
47835,5,24,2,6.5,-15,6.5,-15,731.644775390625
47835,5,29,2,12.5,-12.5,12.5,-12.5,731.92822265625
47835,5,31,2,10,-10,10,-10,732.66162109375
47835,5,34,2,15,-6.5,15,-6.5,733.14501953125
47835,5,32,2,15,-10,15,-10,733.32843017578125
47835,5,30,2,17.5,-12.5,17.5,-12.5,733.828125
47835,5,28,2,23.5,-15,23.5,-15,734.44512939453125
47835,5,27,2,20,-15,20,-15,734.5272827148436
47835,5,23,2,17.5,-17.5,17.5,-17.5,734.81170654296875
47835,5,21,2,20,-20,20,-20,735.01171875
47835,5,19,2,15,-20,15,-20,735.56201171875
47835,5,18,2,15,-23.5,15,-23.5,735.861572265625
47835,5,20,2,10,-20,10,-20,736.62841796875
47835,5,22,2,12.5,-17.5,12.5,-17.5,736.86077880859375
47835,5,25,2,10,-15,10,-15,737.228515625
47835,5,26,2,15,-15,15,-15,737.86102294921875
47835,5,29,2,12.5,-12.5,12.5,-12.5,738.22772216796875
47835,5,24,2,6.5,-15,6.5,-15,738.66070556640625
47835,5,31,2,10,-10,10,-10,739.12738037109375
47835,5,32,2,15,-10,15,-10,739.544921875
47835,5,34,2,15,-6.5,15,-6.5,739.67828369140625
47835,5,33,2,20,-10,20,-10,740.01171875
47835,5,30,2,17.5,-12.5,17.5,-12.5,740.32781982421875
47835,5,27,2,20,-15,20,-15,740.4608764648436
47835,5,28,2,23.5,-15,23.5,-15,740.67828369140625
47835,5,23,2,17.5,-17.5,17.5,-17.5,741.3106079101564
47835,5,21,2,20,-20,20,-20,741.544921875
47835,5,19,2,15,-20,15,-20,741.961669921875
47835,5,18,2,15,-23.5,15,-23.5,742.0615844726564
47835,5,19,2,10,-20,15,-20,742.91058349609375
47835,5,20,2,10,-20,10,-20,742.92822265625
47835,5,25,2,10,-15,10,-15,743.244873046875
47835,5,26,2,15,-15,15,-15,743.61102294921875
47835,5,24,2,6.5,-15,6.5,-15,744.3115234375
47835,5,29,2,12.5,-12.5,12.5,-12.5,744.87847900390625
47835,5,31,2,10,-10,10,-10,745.128173828125
47835,5,34,2,15,-6.5,15,-6.5,745.5781860351564
47835,5,32,2,15,-10,15,-10,745.62762451171875
47835,5,30,2,17.5,-12.5,17.5,-12.5,746.111572265625
47835,5,28,2,23.5,-15,23.5,-15,746.66131591796875
47835,5,27,2,20,-15,20,-15,746.7606201171875
47835,5,23,2,17.5,-17.5,17.5,-17.5,747.11151123046875
47835,5,21,2,20,-20,20,-20,747.5283203125
47835,5,19,2,15,-20,15,-20,747.82781982421875
47835,5,18,2,15,-23.5,15,-23.5,748.244873046875
47835,5,22,2,12.5,-17.5,12.5,-17.5,748.87811279296875
47835,5,20,2,10,-20,10,-20,749.2440185546875
47835,5,29,2,12.5,-12.5,12.5,-12.5,750.16162109375
47835,5,25,2,10,-15,10,-15,750.41162109375
47835,5,24,2,6.5,-15,6.5,-15,750.6439208984375
47835,5,31,2,10,-10,10,-10,751.04437255859375
47835,5,32,2,15,-10,15,-10,751.461669921875
47835,5,34,2,15,-6.5,15,-6.5,752.1273193359375
47835,5,30,2,17.5,-12.5,17.5,-12.5,752.544921875
47835,5,26,2,15,-15,15,-15,752.7451171875
47835,5,33,2,20,-10,20,-10,753.24481201171875
47835,5,28,2,23.5,-15,23.5,-15,753.728271484375
47835,5,27,2,20,-15,20,-15,754.0283203125
47835,5,23,2,17.5,-17.5,17.5,-17.5,754.22821044921875
47835,5,21,2,20,-20,20,-20,754.311279296875
47835,5,19,2,15,-20,15,-20,754.761474609375
47835,5,18,2,15,-23.5,15,-23.5,755.044921875
47835,5,22,2,12.5,-17.5,12.5,-17.5,755.64501953125
47835,5,25,2,10,-15,10,-15,756.0615844726564
47835,5,24,2,6.5,-15,6.5,-15,756.378173828125
47835,5,29,2,12.5,-12.5,12.5,-12.5,756.711181640625
47835,5,31,2,10,-10,10,-10,757.11151123046875
47835,5,32,2,15,-10,15,-10,757.328125
47835,5,34,2,15,-6.5,15,-6.5,758.111572265625
47835,5,30,2,17.5,-12.5,17.5,-12.5,758.9608764648436
47835,5,33,2,20,-10,20,-10,759.2451171875
47835,5,28,2,23.5,-15,23.5,-15,759.8115844726564
47835,5,27,2,20,-15,20,-15,759.961669921875
47835,5,21,2,20,-20,20,-20,760.5443115234375
47835,5,23,2,17.5,-17.5,17.5,-17.5,760.8115234375
47835,5,18,2,15,-23.5,15,-23.5,761.67822265625
47835,5,20,2,10,-20,10,-20,762.11151123046875
47835,5,22,2,12.5,-17.5,12.5,-17.5,762.2611083984375
47835,5,25,2,10,-15,10,-15,762.57830810546875
47835,5,24,2,6.5,-15,6.5,-15,762.8441162109375
47835,5,29,2,12.5,-12.5,12.5,-12.5,763.4276123046875
47835,5,31,2,10,-10,10,-10,763.67822265625
47835,5,32,2,15,-10,15,-10,763.94512939453125
47835,5,33,2,20,-10,20,-10,765.16162109375
47835,5,30,2,17.5,-12.5,17.5,-12.5,765.3612060546875
47835,5,26,2,15,-15,15,-15,765.6279296875
47835,5,28,2,23.5,-15,23.5,-15,767.61151123046875
47835,5,27,2,20,-15,20,-15,767.910888671875
47835,5,23,2,17.5,-17.5,17.5,-17.5,768.2783203125
47835,5,21,2,20,-20,20,-20,768.42822265625
47835,5,19,2,15,-20,15,-20,768.92718505859375
47835,5,18,2,15,-23.5,15,-23.5,769.11151123046875
47835,5,20,2,10,-20,10,-20,769.6279296875
47835,5,22,2,12.5,-17.5,12.5,-17.5,769.8106079101564
47835,5,25,2,10,-15,10,-15,770.044921875
47835,5,24,2,6.5,-15,6.5,-15,770.3115234375
47835,5,26,2,15,-15,15,-15,770.761474609375
47835,5,29,2,12.5,-12.5,12.5,-12.5,770.92718505859375
47835,5,30,2,17.5,-12.5,17.5,-12.5,771.67822265625
47835,5,32,2,15,-10,15,-10,771.744873046875
47835,5,31,2,10,-10,10,-10,772.22821044921875
47835,5,33,2,20,-10,20,-10,772.7783203125
47835,5,28,2,23.5,-15,23.5,-15,773.278076171875
47835,5,27,2,20,-15,20,-15,773.41168212890625
47835,5,23,2,17.5,-17.5,17.5,-17.5,773.644775390625
47835,5,21,2,20,-20,20,-20,774.111572265625
47835,5,19,2,15,-20,15,-20,774.511474609375
47835,5,18,2,15,-23.5,15,-23.5,775.21160888671875
47835,5,22,2,12.5,-17.5,12.5,-17.5,775.7783203125
47835,5,20,2,10,-20,10,-20,775.97808837890625
47835,5,24,2,6.5,-15,6.5,-15,776.41162109375
47835,5,25,2,10,-15,10,-15,776.61151123046875
47835,5,29,2,12.5,-12.5,12.5,-12.5,776.828125
47835,5,26,2,15,-15,15,-15,777.028076171875
47835,5,30,2,17.5,-12.5,17.5,-12.5,777.2440185546875
47835,5,32,2,15,-10,15,-10,777.361572265625
47835,5,31,2,10,-10,10,-10,777.66162109375
47835,5,34,2,15,-6.5,15,-6.5,778.76123046875
47835,5,33,2,20,-10,20,-10,779.41058349609375
47835,5,28,2,23.5,-15,23.5,-15,779.9105224609375
47835,5,27,2,20,-15,20,-15,780.02801513671875
47835,5,23,2,17.5,-17.5,17.5,-17.5,780.278076171875
47835,5,21,2,20,-20,20,-20,780.661376953125
47835,5,19,2,15,-20,15,-20,781.0615234375
47835,5,22,2,12.5,-17.5,12.5,-17.5,781.12762451171875
47835,5,18,2,15,-23.5,15,-23.5,781.4276123046875
47835,5,20,2,10,-20,10,-20,781.97821044921875
47835,5,25,2,10,-15,10,-15,782.37811279296875
47835,5,24,2,6.5,-15,6.5,-15,782.5780029296875
47835,5,29,2,12.5,-12.5,12.5,-12.5,782.728515625
47835,5,26,2,15,-15,15,-15,782.91058349609375
47835,5,31,2,10,-10,10,-10,783.5615234375
47835,5,32,2,15,-10,15,-10,783.87811279296875
47835,5,30,2,17.5,-12.5,17.5,-12.5,784.0775146484375
47835,5,34,2,15,-6.5,15,-6.5,784.561279296875
47835,5,33,2,20,-10,20,-10,785.278076171875
47835,5,27,2,20,-15,20,-15,785.64501953125
47835,5,28,2,23.5,-15,23.5,-15,785.744873046875
47835,5,23,2,17.5,-17.5,17.5,-17.5,786.32830810546875
47835,5,19,2,15,-20,15,-20,787.14501953125
47835,5,18,2,15,-23.5,15,-23.5,787.71148681640625
47835,5,21,2,20,-20,20,-20,788.34417724609375
47835,5,20,2,10,-20,10,-20,788.96038818359375
47835,5,22,2,12.5,-17.5,12.5,-17.5,789.144775390625
47835,5,25,2,10,-15,10,-15,789.47808837890625
47835,5,24,2,6.5,-15,6.5,-15,789.81170654296875
47835,5,29,2,12.5,-12.5,12.5,-12.5,790.26141357421875
47835,5,26,2,15,-15,15,-15,790.62841796875
47835,5,30,2,17.5,-12.5,17.5,-12.5,790.67822265625
47835,5,32,2,15,-10,15,-10,791.24481201171875
47835,5,33,2,20,-10,20,-10,792.01141357421875
47835,5,34,2,15,-6.5,15,-6.5,792.3104248046875
47835,5,28,2,23.5,-15,23.5,-15,793.028076171875
47835,5,27,2,20,-15,20,-15,793.1610107421875
47835,5,23,2,17.5,-17.5,17.5,-17.5,793.44482421875
47835,5,19,2,15,-20,15,-20,793.77801513671875
47835,5,21,2,20,-20,20,-20,794.0780029296875
47835,5,18,2,15,-23.5,15,-23.5,794.22802734375
47835,5,22,2,12.5,-17.5,12.5,-17.5,794.778076171875
47835,5,20,2,10,-20,10,-20,795.161376953125
47835,5,24,2,6.5,-15,6.5,-15,795.578125
47835,5,25,2,10,-15,10,-15,795.8438720703125
47835,5,29,2,12.5,-12.5,12.5,-12.5,796.24481201171875
47835,5,31,2,10,-10,10,-10,796.41070556640625
47835,5,32,2,15,-10,15,-10,796.9605712890625
47835,5,30,2,17.5,-12.5,17.5,-12.5,797.326904296875
47835,5,26,2,15,-15,15,-15,797.5615234375
47835,5,33,2,20,-10,20,-10,798.21142578125
47835,5,34,2,15,-6.5,15,-6.5,798.561279296875
47835,5,28,2,23.5,-15,23.5,-15,799.411376953125
47835,5,23,2,17.5,-17.5,17.5,-17.5,799.9105224609375
47835,5,27,2,20,-15,20,-15,799.97808837890625
47835,5,19,2,15,-20,15,-20,800.97808837890625
47835,5,18,2,15,-23.5,15,-23.5,801.278076171875
47835,5,20,2,10,-20,10,-20,801.761474609375
47835,5,22,2,12.5,-17.5,12.5,-17.5,801.87811279296875
47835,5,25,2,10,-15,10,-15,802.144775390625
47835,5,24,2,6.5,-15,6.5,-15,802.42730712890625
47835,5,29,2,12.5,-12.5,12.5,-12.5,802.74481201171875
47835,5,26,2,15,-15,15,-15,802.91131591796875
47835,5,30,2,17.5,-12.5,17.5,-12.5,803.22802734375
47835,5,32,2,15,-10,15,-10,803.36151123046875
47835,5,31,2,10,-10,10,-10,803.67822265625
47835,5,34,2,15,-6.5,15,-6.5,804.278076171875
47835,5,33,2,20,-10,20,-10,804.811279296875
47835,5,28,2,23.5,-15,23.5,-15,805.52777099609375
47835,5,23,2,17.5,-17.5,17.5,-17.5,806.078125
47835,5,21,2,15,-20,20,-20,807.02801513671875
47835,5,19,2,15,-20,15,-20,807.044677734375
47835,6,65,5,-5,-5,-5,-5,1150.31005859375
47835,6,63,4,-7.5,-7.5,-7.5,-7.5,1150.54296875
47835,6,59,5,-5,-10,-5,-10,1150.72705078125
47835,6,58,5,-1.5,-10,-1.5,-10,1151.093017578125
47835,6,53,4,-5,-15,-5,-15,1151.4930419921875
47835,6,52,1,-10,-18.5,-10,-18.5,1152.0439453125
47835,6,54,2,-10,-15,-10,-15,1152.2440185546875
47835,6,56,4,-7.5,-12.5,-7.5,-12.5,1152.593994140625
47835,6,57,2,-12.5,-12.5,-12.5,-12.5,1152.958984375
47835,6,55,1,-15,-15,-15,-15,1153.1929931640625
47835,6,61,2,-15,-10,-15,-10,1153.56005859375
47835,6,64,4,-12.5,-7.5,-12.5,-7.5,1153.7760009765625
47835,6,60,2,-10,-10,-10,-10,1154.0269775390625
47835,6,62,1,-18.5,-10,-18.5,-10,1154.4599609375
47835,6,67,4,-15,-5,-15,-5,1154.708984375
47835,6,66,5,-10,-5,-10,-5,1155.126953125
47835,6,68,5,-10,-1.5,-10,-1.5,1155.427001953125
47835,6,65,5,-5,-5,-5,-5,1156.29296875
47835,6,63,4,-7.5,-7.5,-7.5,-7.5,1156.5269775390625
47835,6,59,5,-5,-10,-5,-10,1156.72705078125
47835,6,58,5,-1.5,-10,-1.5,-10,1157.010009765625
47835,6,53,4,-5,-15,-5,-15,1157.54296875
47835,6,56,4,-7.5,-12.5,-7.5,-12.5,1157.81005859375
47835,6,54,2,-10,-15,-10,-15,1158.009033203125
47835,6,61,2,-15,-10,-15,-10,1159.4759521484375
47835,6,57,2,-12.5,-12.5,-12.5,-12.5,1159.56005859375
47835,6,55,1,-15,-15,-15,-15,1159.8759765625
47835,6,62,1,-18.5,-10,-18.5,-10,1160.8599853515625
47835,6,64,4,-12.5,-7.5,-12.5,-7.5,1161.4100341796875
47835,6,60,2,-10,-10,-10,-10,1161.6600341796875
47835,6,67,4,-15,-5,-15,-5,1161.9930419921875
47835,6,66,5,-10,-5,-10,-5,1162.376953125
47835,6,63,4,-7.5,-7.5,-7.5,-7.5,1162.759033203125
47835,6,65,5,-5,-5,-5,-5,1162.8270263671875
47835,6,58,5,-1.5,-10,-1.5,-10,1163.47705078125
47835,6,59,5,-5,-10,-5,-10,1163.7769775390625
47835,6,56,4,-7.5,-12.5,-7.5,-12.5,1164.0260009765625
47835,6,53,4,-5,-15,-5,-15,1164.1090087890625
47835,6,54,2,-10,-15,-10,-15,1164.626953125
47835,6,52,1,-10,-18.5,-10,-18.5,1165.3270263671875
47835,6,57,2,-12.5,-12.5,-12.5,-12.5,1165.876953125
47835,6,55,1,-15,-15,-15,-15,1166.29296875
47835,6,61,2,-15,-10,-15,-10,1166.6929931640625
47835,6,62,1,-18.5,-10,-18.5,-10,1166.9100341796875
47835,6,64,4,-12.5,-7.5,-12.5,-7.5,1167.427001953125
47835,6,66,5,-10,-5,-10,-5,1167.6099853515625
47835,6,60,2,-10,-10,-10,-10,1167.741943359375
47835,6,67,4,-15,-5,-15,-5,1168.0260009765625
47835,6,68,5,-10,-1.5,-10,-1.5,1168.708984375
47835,6,66,5,-5,-5,-10,-5,1169.1600341796875
47835,6,65,5,-5,-5,-5,-5,1169.177001953125
47835,6,58,5,-1.5,-10,-1.5,-10,1169.7769775390625
47835,6,59,5,-5,-10,-5,-10,1169.9599609375
47835,6,56,4,-7.5,-12.5,-7.5,-12.5,1170.31005859375
47835,6,53,4,-5,-15,-5,-15,1170.47705078125
47835,6,54,2,-10,-15,-10,-15,1170.9429931640625
47835,6,52,1,-10,-18.5,-10,-18.5,1171.22705078125
47835,6,55,1,-15,-15,-15,-15,1171.9090576171875
47835,6,57,2,-12.5,-12.5,-12.5,-12.5,1172.29296875
47835,6,62,1,-18.5,-10,-18.5,-10,1172.8599853515625
47835,6,61,2,-15,-10,-15,-10,1172.9429931640625
47835,6,64,4,-12.5,-7.5,-12.5,-7.5,1173.1929931640625
47835,6,60,2,-10,-10,-10,-10,1173.4090576171875
47835,7,65,1,-5,-5,-5,-5,1276.8599853515625
47835,7,63,2,-7.5,-7.5,-7.5,-7.5,1277.06005859375
47835,7,66,1,-10,-5,-10,-5,1277.2430419921875
47835,7,68,1,-10,-1.5,-10,-1.5,1277.510009765625
47835,7,67,2,-15,-5,-15,-5,1278.0260009765625
47835,7,64,2,-12.5,-7.5,-12.5,-7.5,1278.3270263671875
47835,7,61,4,-15,-10,-15,-10,1278.4429931640625
47835,7,62,5,-18.5,-10,-18.5,-10,1278.6929931640625
47835,7,55,5,-15,-15,-15,-15,1278.8929443359375
47835,7,57,4,-12.5,-12.5,-12.5,-12.5,1279.04296875
47835,7,60,4,-10,-10,-10,-10,1279.3599853515625
47835,7,56,2,-7.5,-12.5,-7.5,-12.5,1279.7430419921875
47835,7,54,4,-10,-15,-10,-15,1279.927001953125
47835,7,52,5,-10,-18.5,-10,-18.5,1280.2099609375
47835,7,53,2,-5,-15,-5,-15,1280.626953125
47835,7,59,1,-5,-10,-5,-10,1281.093017578125
47835,7,58,1,-1.5,-10,-1.5,-10,1281.343017578125
47835,7,63,2,-7.5,-7.5,-7.5,-7.5,1282.093017578125
47835,7,66,1,-10,-5,-10,-5,1282.343017578125
47835,7,65,1,-5,-5,-5,-5,1282.81005859375
47835,7,68,1,-10,-1.5,-10,-1.5,1283.3270263671875
47835,7,67,2,-15,-5,-15,-5,1283.79296875
47835,7,64,2,-12.5,-7.5,-12.5,-7.5,1283.8590087890625
47835,7,61,4,-15,-10,-15,-10,1284.1099853515625
47835,7,62,5,-18.5,-10,-18.5,-10,1284.343017578125
47835,7,57,4,-12.5,-12.5,-12.5,-12.5,1284.7430419921875
47835,7,60,4,-10,-10,-10,-10,1284.81005859375
47835,7,55,5,-15,-15,-15,-15,1284.927001953125
47835,7,52,5,-10,-18.5,-10,-18.5,1285.426025390625
47835,7,54,4,-10,-15,-10,-15,1285.4599609375
47835,7,53,2,-5,-15,-5,-15,1285.9100341796875
47835,7,56,2,-7.5,-12.5,-7.5,-12.5,1286.4599609375
47835,7,58,1,-1.5,-10,-1.5,-10,1286.9599609375
47835,7,59,1,-5,-10,-5,-10,1287.3929443359375
47835,7,63,2,-7.5,-7.5,-7.5,-7.5,1287.760009765625
47835,7,66,1,-10,-5,-10,-5,1288.04296875
47835,7,65,1,-5,-5,-5,-5,1288.342041015625
47835,7,68,1,-10,-1.5,-10,-1.5,1289.0260009765625
47835,7,67,2,-15,-5,-15,-5,1289.56005859375
47835,7,64,2,-12.5,-7.5,-12.5,-7.5,1289.7430419921875
47835,7,61,4,-15,-10,-15,-10,1289.9429931640625
47835,7,62,5,-18.5,-10,-18.5,-10,1290.1600341796875
47835,7,55,5,-15,-15,-15,-15,1290.79296875
47835,7,57,4,-12.5,-12.5,-12.5,-12.5,1290.9429931640625
47835,7,52,5,-10,-18.5,-10,-18.5,1291.9429931640625
47835,7,54,4,-10,-15,-10,-15,1292.0260009765625
47835,7,60,4,-10,-10,-10,-10,1292.4930419921875
47835,7,56,2,-7.5,-12.5,-7.5,-12.5,1292.6929931640625
47835,7,53,2,-5,-15,-5,-15,1292.9429931640625
47835,7,59,1,-5,-10,-5,-10,1293.593017578125
47835,7,58,1,-1.5,-10,-1.5,-10,1294.010009765625
47835,7,63,2,-7.5,-7.5,-7.5,-7.5,1294.2430419921875
47835,7,65,1,-5,-5,-5,-5,1294.8260498046875
47835,7,66,1,-10,-5,-10,-5,1295.3089599609375
47835,7,64,2,-12.5,-7.5,-12.5,-7.5,1295.343017578125
47835,7,68,1,-10,-1.5,-10,-1.5,1295.6259765625
47835,7,67,2,-15,-5,-15,-5,1296.1920166015625
47835,7,62,5,-18.5,-10,-18.5,-10,1296.6600341796875
47835,7,61,4,-15,-10,-15,-10,1296.7430419921875
47835,7,55,5,-15,-15,-15,-15,1297.1429443359375
47835,7,57,4,-12.5,-12.5,-12.5,-12.5,1297.458984375
47835,7,54,4,-10,-15,-10,-15,1298.06005859375
47835,7,52,5,-10,-18.5,-10,-18.5,1298.1429443359375
47835,7,53,2,-5,-15,-5,-15,1298.6429443359375
47835,7,56,2,-7.5,-12.5,-7.5,-12.5,1298.8599853515625
47835,7,58,1,-1.5,-10,-1.5,-10,1299.6259765625
47835,7,59,1,-5,-10,-5,-10,1299.7430419921875
47835,7,62,5,-18.5,-10,-18.5,-10,1302.843017578125
47835,7,62,5,-18.5,-10,-18.5,-10,1352.3599853515625
47835,7,61,4,-15,-10,-15,-10,1352.4599609375
47835,7,57,4,-12.5,-12.5,-12.5,-12.5,1352.759033203125
47835,7,55,5,-15,-15,-15,-15,1352.926025390625
47835,7,54,4,-10,-15,-10,-15,1353.343017578125
47835,7,53,2,-5,-15,-5,-15,1354.510009765625
47835,7,56,2,-7.5,-12.5,-7.5,-12.5,1354.6929931640625
47835,7,59,1,-5,-10,-5,-10,1355.04296875
47835,7,60,4,-10,-10,-10,-10,1355.260009765625
47835,7,65,1,-5,-5,-5,-5,1356.1429443359375
47835,7,63,2,-7.5,-7.5,-7.5,-7.5,1356.510009765625
47835,7,66,1,-10,-5,-10,-5,1357.010009765625
47835,7,68,1,-10,-1.5,-10,-1.5,1357.1429443359375
47835,7,67,2,-15,-5,-15,-5,1357.54296875
47835,7,64,2,-12.5,-7.5,-12.5,-7.5,1357.708984375
47835,7,61,4,-15,-10,-15,-10,1357.9429931640625
47835,7,62,5,-18.5,-10,-18.5,-10,1358.1929931640625
47835,7,57,4,-12.5,-12.5,-12.5,-12.5,1358.6090087890625
47835,7,55,5,-15,-15,-15,-15,1358.81005859375
47835,7,52,5,-10,-18.5,-10,-18.5,1359.3260498046875
47835,7,54,4,-10,-15,-10,-15,1359.79296875
47835,7,56,2,-7.5,-12.5,-7.5,-12.5,1360.1090087890625
47835,7,53,2,-5,-15,-5,-15,1360.31005859375
47835,7,58,1,-1.5,-10,-1.5,-10,1361.0579833984375
47835,7,59,1,-5,-10,-5,-10,1361.3260498046875
47835,7,65,1,-5,-5,-5,-5,1361.8929443359375
47835,7,63,2,-7.5,-7.5,-7.5,-7.5,1362.2259521484375
47835,7,60,4,-10,-10,-10,-10,1362.4930419921875
47835,7,64,2,-12.5,-7.5,-12.5,-7.5,1362.760009765625
47835,7,66,1,-10,-5,-10,-5,1363.06005859375
47835,7,67,2,-15,-5,-15,-5,1363.56005859375
47835,7,61,4,-15,-10,-15,-10,1363.926025390625
47835,7,62,5,-18.5,-10,-18.5,-10,1364.0419921875
47835,7,55,5,-15,-15,-15,-15,1364.3590087890625
47835,7,57,4,-12.5,-12.5,-12.5,-12.5,1364.4100341796875
47835,7,54,4,-10,-15,-10,-15,1364.958984375
47835,7,52,5,-10,-18.5,-10,-18.5,1365.31005859375
47835,7,56,2,-7.5,-12.5,-7.5,-12.5,1366.010009765625
47835,7,53,2,-5,-15,-5,-15,1366.31005859375
47835,7,58,1,-1.5,-10,-1.5,-10,1366.79296875
47835,7,59,1,-5,-10,-5,-10,1367.010009765625
47835,7,65,1,-5,-5,-5,-5,1367.54296875
47835,7,63,2,-7.5,-7.5,-7.5,-7.5,1367.8590087890625
47835,7,68,1,-10,-1.5,-10,-1.5,1368.54296875
47835,7,66,1,-10,-5,-10,-5,1368.708984375
47835,7,64,2,-12.5,-7.5,-12.5,-7.5,1369.093017578125
47835,7,67,2,-15,-5,-15,-5,1369.29296875
47835,7,60,4,-10,-10,-10,-10,1369.6429443359375
47835,7,57,4,-12.5,-12.5,-12.5,-12.5,1369.7430419921875
47835,7,55,5,-15,-15,-15,-15,1369.9930419921875
47835,7,62,5,-18.5,-10,-18.5,-10,1370.2259521484375
47835,7,61,4,-15,-10,-15,-10,1370.29296875
47835,7,54,4,-10,-15,-10,-15,1371.3260498046875
47835,7,52,5,-10,-18.5,-10,-18.5,1371.4930419921875
47835,7,56,2,-7.5,-12.5,-7.5,-12.5,1372.31005859375
47835,7,59,1,-5,-10,-5,-10,1372.625
47835,7,53,2,-5,-15,-5,-15,1372.8260498046875
47835,7,58,1,-1.5,-10,-1.5,-10,1373.6419677734375
47835,7,63,2,-7.5,-7.5,-7.5,-7.5,1374.0260009765625
47835,7,65,1,-5,-5,-5,-5,1374.2099609375
47835,7,68,1,-10,-1.5,-10,-1.5,1374.81005859375
47835,7,66,1,-10,-5,-10,-5,1374.9429931640625
47835,7,64,2,-12.5,-7.5,-12.5,-7.5,1375.2430419921875
47835,7,67,2,-15,-5,-15,-5,1375.4100341796875
47835,7,68,1,-10,-1.5,-10,-1.5,1386.6929931640625
47835,7,67,2,-15,-5,-15,-5,1387.2259521484375
47835,7,64,2,-12.5,-7.5,-12.5,-7.5,1387.426025390625
47835,7,61,4,-15,-10,-15,-10,1387.6929931640625
47835,7,62,5,-18.5,-10,-18.5,-10,1387.926025390625
47835,7,55,5,-15,-15,-15,-15,1388.2430419921875
47835,7,57,4,-12.5,-12.5,-12.5,-12.5,1388.343017578125
47835,7,54,4,-10,-15,-10,-15,1388.593017578125
47835,7,56,2,-7.5,-12.5,-7.5,-12.5,1388.842041015625
47835,7,52,5,-10,-18.5,-10,-18.5,1389.1090087890625
47835,7,53,2,-5,-15,-5,-15,1389.741943359375
47835,7,58,1,-1.5,-10,-1.5,-10,1390.3590087890625
47835,7,59,1,-5,-10,-5,-10,1390.6090087890625
47835,7,63,2,-7.5,-7.5,-7.5,-7.5,1390.926025390625
47835,7,60,4,-10,-10,-10,-10,1390.9930419921875
47835,7,66,1,-10,-5,-10,-5,1392.1259765625
47835,7,65,1,-5,-5,-5,-5,1392.5260009765625
47835,7,68,1,-10,-1.5,-10,-1.5,1392.7249755859375
47835,7,67,2,-15,-5,-15,-5,1393.1929931640625
47835,7,64,2,-12.5,-7.5,-12.5,-7.5,1393.342041015625
47835,7,61,4,-15,-10,-15,-10,1393.592041015625
47835,7,62,5,-18.5,-10,-18.5,-10,1393.8260498046875
47835,7,57,4,-12.5,-12.5,-12.5,-12.5,1394.241943359375
47835,7,55,5,-15,-15,-15,-15,1394.509033203125
47835,7,52,5,-10,-18.5,-10,-18.5,1394.8929443359375
47835,7,54,4,-10,-15,-10,-15,1395.4090576171875
47835,7,56,2,-7.5,-12.5,-7.5,-12.5,1395.759033203125
47835,7,53,2,-5,-15,-5,-15,1395.9930419921875
47835,7,59,1,-5,-10,-5,-10,1396.6429443359375
47835,7,58,1,-1.5,-10,-1.5,-10,1396.8079833984375
47835,7,63,2,-7.5,-7.5,-7.5,-7.5,1397.093017578125
47835,7,60,4,-10,-10,-10,-10,1397.29296875
47835,7,65,1,-5,-5,-5,-5,1398.0419921875
47835,7,66,1,-10,-5,-10,-5,1398.259033203125
47835,7,68,1,-10,-1.5,-10,-1.5,1398.5260009765625
47835,7,67,2,-15,-5,-15,-5,1399.3089599609375
47835,7,64,2,-12.5,-7.5,-12.5,-7.5,1399.509033203125
47835,7,61,4,-15,-10,-15,-10,1399.6929931640625
47835,7,62,5,-18.5,-10,-18.5,-10,1399.9930419921875
47835,7,55,5,-15,-15,-15,-15,1400.1929931640625
47835,7,57,4,-12.5,-12.5,-12.5,-12.5,1400.2259521484375
47835,7,52,5,-10,-18.5,-10,-18.5,1400.8089599609375
47835,7,54,4,-10,-15,-10,-15,1401.009033203125
47835,7,53,2,-5,-15,-5,-15,1401.593017578125
47835,7,56,2,-7.5,-12.5,-7.5,-12.5,1402.009033203125
47835,7,59,1,-5,-10,-5,-10,1402.2259521484375
47835,7,58,1,-1.5,-10,-1.5,-10,1402.4429931640625
47835,7,65,1,-5,-5,-5,-5,1403.093017578125
47835,7,63,2,-7.5,-7.5,-7.5,-7.5,1403.125
47835,7,60,4,-10,-10,-10,-10,1403.3590087890625
47835,7,66,1,-10,-5,-10,-5,1403.7259521484375
47835,7,68,1,-10,-1.5,-10,-1.5,1404.208984375
47835,7,67,2,-15,-5,-15,-5,1404.6090087890625
47835,7,64,2,-12.5,-7.5,-12.5,-7.5,1404.843017578125
47835,7,61,4,-15,-10,-15,-10,1405.0260009765625
47835,7,62,5,-18.5,-10,-18.5,-10,1405.4090576171875
47835,7,57,4,-12.5,-12.5,-12.5,-12.5,1405.8929443359375
47835,7,55,5,-15,-15,-15,-15,1406.0589599609375
47835,7,54,4,-10,-15,-10,-15,1406.54296875
47835,7,56,2,-7.5,-12.5,-7.5,-12.5,1407.0260009765625
47835,7,53,2,-5,-15,-5,-15,1407.259033203125
47835,7,58,1,-1.5,-10,-1.5,-10,1407.925048828125
47835,7,59,1,-5,-10,-5,-10,1408.1080322265625
47835,7,65,1,-5,-5,-5,-5,1408.7430419921875
47835,7,63,2,-7.5,-7.5,-7.5,-7.5,1408.9429931640625
47835,8,36,5,5,-5,5,-5,48.38093185424805
47835,8,35,5,10,-1.5,10,-1.5,48.980831146240234
47835,8,38,4,15,-5,15,-5,49.59732818603515
47835,8,45,1,18.5,-10,18.5,-10,50.19752883911133
47835,8,44,2,15,-10,15,-10,50.24742889404297
47835,8,50,1,15,-15,15,-15,50.83073043823242
47835,8,49,2,10,-15,10,-15,51.230831146240234
47835,8,48,4,5,-15,5,-15,51.59722900390625
47835,8,46,4,7.5,-12.5,7.5,-12.5,51.64752960205078
47835,8,42,5,5,-10,5,-10,51.94752883911133
47835,8,43,2,10,-10,10,-10,52.19752883911133
47835,8,40,4,12.5,-7.5,12.5,-7.5,52.4476318359375
47835,8,37,5,10,-5,10,-5,52.73003005981445
47835,8,39,4,7.5,-7.5,7.5,-7.5,52.9310302734375
47835,8,41,5,1.5,-10,1.5,-10,53.53092956542969
47835,8,61,5,-5,-20,-5,-20,54.41373062133789
47835,8,60,5,-10,-20,-10,-20,54.84743118286133
47835,8,62,2,-25,-25,-25,-25,56.530738830566406
47835,8,56,4,-25,-15,-25,-15,57.26422882080078
47835,8,54,5,-20,-10,-20,-10,57.74742889404297
47835,8,52,5,-20,-5,-20,-5,58.16402816772461
47835,8,34,5,-15,0,-15,0,58.83063888549805
47835,8,32,5,-15,5,-15,5,59.09663009643555
47835,8,30,4,-10,10,-10,10,59.680931091308594
47835,8,27,5,-5,15,-5,15,60.33082962036133
47835,8,28,5,0,15,0,15,60.83002853393555
47835,8,7,5,6.5,15,6.5,15,61.36402893066406
47835,8,2,4,10,20,10,20,61.74753189086914
47835,8,1,1,15,23.5,15,23.5,62.3973388671875
47835,8,4,1,20,20,20,20,62.88072967529297
47835,8,11,1,23.5,15,23.5,15,63.380828857421875
47835,8,16,4,20,10,20,10,63.98093032836914
47835,8,13,4,17.5,12.5,17.5,12.5,64.23082733154297
47835,8,15,5,15,10,15,10,64.397430419921875
47835,8,17,5,15,6.5,15,6.5,64.57972717285156
47835,8,12,4,12.5,12.5,12.5,12.5,65.41313171386719
47835,8,9,2,15,15,15,15,65.6798324584961
47835,8,5,4,12.5,17.5,12.5,17.5,65.79683685302734
47835,8,6,2,17.5,17.5,17.5,17.5,65.98082733154297
47835,8,3,2,15,20,15,20,66.28092956542969
47835,8,8,5,10,15,10,15,66.67973327636719
47835,8,7,5,6.5,15,6.5,15,67.0631332397461
47835,8,14,5,10,10,10,10,67.24732971191406
47835,8,35,5,10,-1.5,10,-1.5,68.24664306640625
47835,8,37,5,10,-5,10,-5,68.530731201171875
47835,8,39,4,7.5,-7.5,7.5,-7.5,68.8137435913086
47835,8,36,5,5,-5,5,-5,68.89692687988281
47835,8,42,5,5,-10,5,-10,69.26403045654297
47835,8,41,5,1.5,-10,1.5,-10,69.3308334350586
47835,8,46,4,7.5,-12.5,7.5,-12.5,69.66423034667969
47835,8,48,4,5,-15,5,-15,69.8308334350586
47835,8,51,1,10,-18.5,10,-18.5,70.263031005859375
47835,8,50,1,15,-15,15,-15,70.66413116455078
47835,8,47,2,12.5,-12.5,12.5,-12.5,70.82972717285156
47835,8,40,4,12.5,-7.5,12.5,-7.5,71.16413116455078
47835,8,38,4,15,-5,15,-5,71.38072967529297
47835,8,17,5,15,6.5,15,6.5,72.34734344482422
47835,8,15,5,15,10,15,10,72.64723205566406
47835,8,13,4,17.5,12.5,17.5,12.5,72.9475326538086
47835,8,16,4,20,10,20,10,72.98082733154297
47835,8,10,2,20,15,20,15,73.24754333496094
47835,8,6,2,17.5,17.5,17.5,17.5,73.4475326538086
47835,8,1,1,15,23.5,15,23.5,74.030731201171875
47835,8,2,4,10,20,10,20,74.34883117675781
47835,8,8,5,10,15,10,15,74.730743408203125
47835,8,7,5,6.5,15,6.5,15,74.780731201171875
47835,8,12,4,12.5,12.5,12.5,12.5,75.0465316772461
47835,8,14,5,10,10,10,10,75.27973175048828
47835,8,35,5,10,-1.5,10,-1.5,76.34742736816406
47835,8,37,5,10,-5,10,-5,76.63072967529297
47835,8,39,4,7.5,-7.5,7.5,-7.5,76.89703369140625
47835,8,36,5,5,-5,5,-5,76.96394348144531
47835,8,42,5,5,-10,5,-10,77.19632720947266
47835,8,46,4,7.5,-12.5,7.5,-12.5,77.62983703613281
47835,8,48,4,5,-15,5,-15,77.66413116455078
47835,8,49,2,10,-15,10,-15,77.897430419921875
47835,8,47,2,12.5,-12.5,12.5,-12.5,78.16303253173828
47835,8,43,2,10,-10,10,-10,78.33072662353516
47835,8,40,4,12.5,-7.5,12.5,-7.5,78.51393127441406
47835,8,38,4,15,-5,15,-5,78.78083038330078
47835,8,17,5,15,6.5,15,6.5,79.73082733154297
47835,8,15,5,15,10,15,10,80.01344299316406
47835,8,13,4,17.5,12.5,17.5,12.5,80.28083038330078
47835,8,16,4,20,10,20,10,80.34644317626953
47835,8,10,2,20,15,20,15,80.596527099609375
47835,8,6,2,17.5,17.5,17.5,17.5,80.99754333496094
47835,8,5,4,12.5,17.5,12.5,17.5,81.412933349609375
47835,8,2,4,10,20,10,20,81.66393280029297
47835,8,7,5,6.5,15,6.5,15,82.16393280029297
47835,8,8,5,10,15,10,15,82.34742736816406
47835,8,14,5,10,10,10,10,82.59644317626953
47835,8,12,4,12.5,12.5,12.5,12.5,82.68013000488281
47835,8,35,5,10,-1.5,10,-1.5,83.647430419921875
47835,8,37,5,10,-5,10,-5,83.94743347167969
47835,8,39,4,7.5,-7.5,7.5,-7.5,84.21404266357422
47835,8,36,5,5,-5,5,-5,84.279632568359375
47835,8,42,5,5,-10,5,-10,84.530731201171875
47835,8,46,4,7.5,-12.5,7.5,-12.5,84.78063201904297
47835,8,48,4,5,-15,5,-15,84.980743408203125
47835,8,49,2,10,-15,10,-15,85.33072662353516
47835,8,47,2,12.5,-12.5,12.5,-12.5,85.647430419921875
47835,8,40,4,12.5,-7.5,12.5,-7.5,86.0631332397461
47835,8,38,4,15,-5,15,-5,86.31413269042969
47835,8,17,5,15,6.5,15,6.5,87.34734344482422
47835,8,15,5,15,10,15,10,87.63063049316406
47835,8,16,4,17.5,12.5,20,10,87.88063049316406
47835,8,13,4,17.5,12.5,17.5,12.5,87.89733123779297
47835,8,10,2,20,15,20,15,88.21412658691406
47835,8,6,2,17.5,17.5,17.5,17.5,88.44743347167969
47835,8,3,2,15,20,15,20,88.78003692626953
47835,8,2,4,10,20,10,20,89.2474365234375
47835,8,5,4,12.5,17.5,12.5,17.5,89.34703063964844
47835,8,8,5,10,15,10,15,89.54743194580078
47835,8,12,4,12.5,12.5,12.5,12.5,89.763031005859375
47835,8,14,5,10,10,10,10,89.963836669921875
47835,8,35,5,10,-1.5,10,-1.5,91.0631332397461
47835,8,37,5,10,-5,10,-5,91.36392974853516
47835,8,39,4,7.5,-7.5,7.5,-7.5,91.6801300048828
47835,8,36,5,5,-5,5,-5,91.88072967529295
47835,8,42,5,5,-10,5,-10,92.07964324951172
47835,8,48,4,7.5,-12.5,5,-15,92.530731201171875
47835,8,46,4,7.5,-12.5,7.5,-12.5,92.5467300415039
47835,8,49,2,10,-15,10,-15,93.13063049316406
47835,8,47,2,12.5,-12.5,12.5,-12.5,93.34734344482422
47835,8,44,2,15,-10,15,-10,93.647430419921875
47835,8,47,2,10,-10,12.5,-12.5,93.78053283691406
47835,8,43,2,10,-10,10,-10,93.79723358154295
47835,8,38,4,15,-5,15,-5,94.2474365234375
47835,8,17,5,15,6.5,15,6.5,95.26403045654295
47835,8,15,5,15,10,15,10,95.56392669677734
47835,8,13,4,17.5,12.5,17.5,12.5,95.78063201904295
47835,8,16,4,20,10,20,10,95.88063049316406
47835,8,10,2,20,15,20,15,96.180633544921875
47835,8,4,1,20,20,20,20,96.59742736816406
47835,8,6,2,17.5,17.5,17.5,17.5,96.6469268798828
47835,8,3,2,15,20,15,20,96.86414337158205
47835,8,2,4,10,20,10,20,97.28053283691406
47835,8,7,5,6.5,15,6.5,15,97.89643096923828
47835,8,12,4,12.5,12.5,12.5,12.5,98.28063201904295
47835,8,14,5,10,10,10,10,98.49732971191406
47835,8,35,5,10,-1.5,10,-1.5,99.53053283691406
47835,8,37,5,10,-5,10,-5,99.79743194580078
47835,8,36,5,5,-5,5,-5,100.1636962890625
47835,8,39,4,7.5,-7.5,7.5,-7.5,100.46389770507813
47835,8,42,5,5,-10,5,-10,100.49729919433594
47835,8,46,4,7.5,-12.5,7.5,-12.5,100.76370239257813
47835,8,41,5,1.5,-10,1.5,-10,100.99639892578124
47835,8,48,4,5,-15,5,-15,101.2135009765625
47835,8,49,2,10,-15,10,-15,101.66390228271484
47835,8,47,2,12.5,-12.5,12.5,-12.5,102.02980041503906
47835,8,43,2,10,-10,10,-10,102.26399993896484
47835,8,40,4,12.5,-7.5,12.5,-7.5,102.44640350341795
47835,8,44,2,15,-10,15,-10,102.84739685058594
47835,8,38,4,15,-5,15,-5,102.94740295410156
47835,8,17,5,15,6.5,15,6.5,103.91380310058594
47835,8,15,5,15,10,15,10,104.19719696044922
47835,8,13,4,17.5,12.5,17.5,12.5,104.53070068359376
47835,8,16,4,20,10,20,10,104.68070220947266
47835,8,10,2,20,15,20,15,105.17960357666016
47835,8,4,1,20,20,20,20,105.73049926757813
47835,8,3,2,17.5,17.5,15,20,106.13030242919922
47835,8,6,2,17.5,17.5,17.5,17.5,106.14689636230467
47835,8,5,4,12.5,17.5,12.5,17.5,106.34619903564452
47835,8,2,4,10,20,10,20,106.56310272216795
47835,8,8,5,10,15,10,15,106.96379852294922
47835,8,7,5,6.5,15,6.5,15,106.99720001220705
47835,8,12,4,12.5,12.5,12.5,12.5,107.31400299072266
47835,8,14,5,10,10,10,10,107.63040161132813
47835,8,35,5,10,-1.5,10,-1.5,108.64640045166016
47835,8,37,5,10,-5,10,-5,108.92960357666016
47835,8,39,4,7.5,-7.5,7.5,-7.5,109.23059844970705
47835,8,42,5,5,-10,5,-10,109.59700012207033
47835,8,36,5,5,-5,5,-5,109.63050079345705
47835,8,48,4,5,-15,5,-15,110.06400299072266
47835,8,46,4,7.5,-12.5,7.5,-12.5,110.09709930419922
47835,8,41,5,1.5,-10,1.5,-10,110.78070068359376
47835,8,49,2,10,-15,10,-15,111.56400299072266
47835,8,50,1,15,-15,15,-15,112.06390380859376
47835,8,47,2,12.5,-12.5,12.5,-12.5,112.37960052490234
47835,8,43,2,10,-10,10,-10,112.86389923095705
47835,8,44,2,15,-10,15,-10,113.23059844970705
47835,8,45,1,18.5,-10,18.5,-10,113.33049774169922
47835,8,38,4,15,-5,15,-5,113.69719696044922
47835,8,40,4,12.5,-7.5,12.5,-7.5,113.87950134277344
47835,8,37,5,10,-5,10,-5,114.06379699707033
47835,8,39,4,7.5,-7.5,7.5,-7.5,114.29730224609376
47835,8,35,5,10,-1.5,10,-1.5,114.48049926757813
47835,8,17,5,15,6.5,15,6.5,115.31340026855467
47835,8,15,5,15,10,15,10,115.59719848632813
47835,8,14,5,10,10,10,10,115.84729766845705
47835,8,12,4,12.5,12.5,12.5,12.5,116.58059692382813
47835,8,8,5,10,15,10,15,116.94730377197266
47835,8,7,5,6.5,15,6.5,15,117.26399993896484
47835,8,5,4,12.5,17.5,12.5,17.5,117.47969818115234
47835,8,3,2,15,20,15,20,117.84729766845705
47835,8,1,1,15,23.5,15,23.5,118.1635971069336
47835,8,4,1,20,20,20,20,118.74629974365234
47835,8,6,2,17.5,17.5,17.5,17.5,119.07990264892578
47835,8,10,2,20,15,20,15,119.14640045166016
47835,8,13,4,17.5,12.5,17.5,12.5,119.36299896240234
47835,8,16,4,20,10,20,10,119.66349792480467
47835,8,35,5,10,-1.5,10,-1.5,121.14720153808594
47835,8,37,5,10,-5,10,-5,121.44719696044922
47835,8,38,4,15,-5,15,-5,121.69709777832033
47835,8,40,4,12.5,-7.5,12.5,-7.5,121.76360321044922
47835,8,36,5,5,-5,5,-5,122.14720153808594
47835,8,42,5,5,-10,5,-10,122.63050079345705
47835,8,46,4,7.5,-12.5,7.5,-12.5,122.93060302734376
47835,8,41,5,1.5,-10,1.5,-10,123.02960205078124
47835,8,48,4,5,-15,5,-15,123.74629974365234
47835,8,49,2,10,-15,10,-15,123.99710083007813
47835,8,50,1,15,-15,15,-15,124.49639892578124
47835,8,47,2,12.5,-12.5,12.5,-12.5,124.53060150146484
47835,8,44,2,15,-10,15,-10,124.81390380859376
47835,8,43,2,10,-10,10,-10,125.04720306396484
47835,8,39,4,7.5,-7.5,7.5,-7.5,125.26329803466795
47835,8,17,5,15,6.5,15,6.5,126.63059997558594
47835,8,15,5,15,10,15,10,126.93049621582033
47835,8,12,4,12.5,12.5,12.5,12.5,127.16390228271484
47835,8,8,5,10,15,10,15,127.39700317382813
47835,8,7,5,6.5,15,6.5,15,127.6636962890625
47835,8,14,5,10,10,10,10,127.84609985351564
47835,8,35,5,10,-1.5,10,-1.5,128.8459930419922
47835,8,37,5,10,-5,10,-5,129.13059997558594
47835,8,36,5,5,-5,5,-5,129.58059692382813
47835,8,42,5,5,-10,5,-10,129.73049926757813
47835,8,41,5,1.5,-10,1.5,-10,129.97950744628906
47835,8,48,4,5,-15,5,-15,130.28050231933594
47835,8,46,4,7.5,-12.5,7.5,-12.5,130.3802947998047
47835,8,49,2,12.5,-12.5,10,-15,130.84719848632813
47835,8,47,2,12.5,-12.5,12.5,-12.5,130.86390686035156
47835,8,51,1,10,-18.5,10,-18.5,131.26390075683594
47835,8,50,1,15,-15,15,-15,131.94729614257813
47835,8,44,2,15,-10,15,-10,132.34719848632813
47835,8,45,1,18.5,-10,18.5,-10,132.5301971435547
47835,8,40,4,12.5,-7.5,12.5,-7.5,132.76390075683594
47835,8,43,2,10,-10,10,-10,133.0305938720703
47835,8,39,4,7.5,-7.5,7.5,-7.5,133.5471954345703
47835,8,35,5,10,-1.5,10,-1.5,134.0467071533203
47835,8,37,5,10,-5,10,-5,134.1466064453125
47835,8,17,5,15,6.5,15,6.5,134.79660034179688
47835,8,15,5,15,10,15,10,135.14630126953125
47835,8,13,4,17.5,12.5,17.5,12.5,135.44720458984375
47835,8,16,4,20,10,20,10,135.5137939453125
47835,8,10,2,20,15,20,15,135.76390075683594
47835,8,6,2,17.5,17.5,17.5,17.5,135.96389770507813
47835,8,9,2,15,15,15,15,136.02960205078125
47835,8,5,4,12.5,17.5,12.5,17.5,136.2471923828125
47835,8,3,2,15,20,15,20,136.28030395507813
47835,8,2,4,10,20,10,20,136.4971923828125
47835,8,8,5,10,15,10,15,136.6970977783203
47835,8,7,5,6.5,15,6.5,15,136.7971954345703
47835,8,14,5,10,10,10,10,137.14720153808594
47835,8,12,4,12.5,12.5,12.5,12.5,137.1970977783203
47835,8,36,5,5,-5,5,-5,138.56370544433594
47835,8,39,4,7.5,-7.5,7.5,-7.5,138.7803955078125
47835,8,42,5,5,-10,5,-10,138.98049926757813
47835,8,41,5,1.5,-10,1.5,-10,139.1136932373047
47835,8,48,4,5,-15,5,-15,139.5301055908203
47835,8,51,1,10,-18.5,10,-18.5,140.99710083007813
47835,8,49,2,10,-15,10,-15,141.36380004882813
47835,8,46,4,7.5,-12.5,7.5,-12.5,141.4803924560547
47835,8,47,2,12.5,-12.5,12.5,-12.5,141.6804962158203
47835,8,44,2,15,-10,15,-10,141.96380615234375
47835,8,40,4,12.5,-7.5,12.5,-7.5,142.06370544433594
47835,9,36,1,5,-5,5,-5,296.1466979980469
47835,9,35,1,10,-1.5,10,-1.5,296.6131896972656
47835,9,38,2,15,-5,15,-5,297.0299987792969
47835,9,45,5,18.5,-10,18.5,-10,297.4798889160156
47835,9,50,5,15,-15,15,-15,298.01220703125
47835,9,47,4,12.5,-12.5,12.5,-12.5,298.1632080078125
47835,9,44,4,15,-10,15,-10,298.2467956542969
47835,9,40,2,12.5,-7.5,12.5,-7.5,298.4621887207031
47835,9,37,1,10,-5,10,-5,298.77899169921875
47835,9,39,2,7.5,-7.5,7.5,-7.5,299.0132141113281
47835,9,43,4,10,-10,10,-10,299.1632080078125
47835,9,51,5,10,-18.5,10,-18.5,300.0299072265625
47835,9,43,4,10,-15,10,-10,300.7460021972656
47835,9,49,4,10,-15,10,-15,300.7632141113281
47835,9,48,2,5,-15,5,-15,301.1632995605469
47835,9,41,1,1.5,-10,1.5,-10,301.76220703125
47835,9,42,1,5,-10,5,-10,302.1965026855469
47835,9,36,1,5,-5,5,-5,302.24688720703125
47835,9,35,1,10,-1.5,10,-1.5,303.3465881347656
47835,9,38,2,15,-5,15,-5,303.81329345703125
47835,9,51,5,18.5,-10,10,-18.5,304.2298889160156
47835,9,45,5,18.5,-10,18.5,-10,304.2466125488281
47835,9,50,5,15,-15,15,-15,304.67919921875
47835,9,47,4,12.5,-12.5,12.5,-12.5,304.7466125488281
47835,9,43,4,10,-10,10,-10,305.5794982910156
47835,9,40,2,12.5,-7.5,12.5,-7.5,305.9299011230469
47835,9,39,2,7.5,-7.5,7.5,-7.5,306.2456970214844
47835,9,46,2,7.5,-12.5,7.5,-12.5,306.5133056640625
47835,9,49,4,10,-15,10,-15,306.6799011230469
47835,9,51,5,10,-18.5,10,-18.5,307.01220703125
47835,9,48,2,5,-15,5,-15,307.82989501953125
47835,9,41,1,1.5,-10,1.5,-10,308.32989501953125
47835,9,42,1,5,-10,5,-10,308.6465148925781
47835,9,36,1,5,-5,5,-5,308.84600830078125
47835,9,37,1,10,-5,10,-5,309.2467041015625
47835,9,35,1,10,-1.5,10,-1.5,309.54669189453125
47835,9,38,2,15,-5,15,-5,310.1799011230469
47835,9,45,5,18.5,-10,18.5,-10,310.6127014160156
47835,9,44,4,15,-10,15,-10,311.1120910644531
47835,9,50,5,15,-15,15,-15,311.6297912597656
47835,9,47,4,12.5,-12.5,12.5,-12.5,311.8631896972656
47835,9,49,4,10,-15,10,-15,312.0633850097656
47835,9,46,2,7.5,-12.5,7.5,-12.5,312.32989501953125
47835,9,51,5,10,-18.5,10,-18.5,312.62939453125
47835,9,48,2,5,-15,5,-15,313.6466064453125
47835,9,43,4,10,-10,10,-10,314.5289001464844
47835,9,39,2,7.5,-7.5,7.5,-7.5,314.82989501953125
47835,9,42,1,5,-10,5,-10,315.0466003417969
47835,9,41,1,1.5,-10,1.5,-10,315.37921142578125
47835,9,36,1,5,-5,5,-5,315.8131103515625
47835,9,37,1,10,-5,10,-5,316.2622985839844
47835,9,40,2,12.5,-7.5,12.5,-7.5,316.5299072265625
47835,9,38,2,15,-5,15,-5,316.67889404296875
47835,9,35,1,10,-1.5,10,-1.5,317.7633056640625
47835,9,45,5,18.5,-10,18.5,-10,318.7131042480469
47835,9,44,4,15,-10,15,-10,318.97979736328125
47835,9,47,4,12.5,-12.5,12.5,-12.5,319.2124938964844
47835,9,50,5,15,-15,15,-15,319.3797912597656
47835,9,51,5,10,-18.5,10,-18.5,320.1465148925781
47835,9,49,4,10,-15,10,-15,320.3633117675781
47835,9,46,2,7.5,-12.5,7.5,-12.5,320.8131103515625
47835,9,48,2,5,-15,5,-15,320.9964904785156
47835,9,41,1,1.5,-10,1.5,-10,321.77899169921875
47835,9,42,1,5,-10,5,-10,321.9298095703125
47835,9,43,4,10,-10,10,-10,322.29638671875
47835,9,36,1,5,-5,5,-5,323.17950439453125
47835,9,37,1,10,-5,10,-5,323.5963134765625
47835,9,35,1,10,-1.5,10,-1.5,324.2632141113281
47835,9,40,2,12.5,-7.5,12.5,-7.5,324.7460021972656
47835,9,39,2,7.5,-7.5,7.5,-7.5,324.9631042480469
47835,9,38,2,15,-5,15,-5,325.44659423828125
47835,9,45,5,18.5,-10,18.5,-10,325.8460998535156
47835,9,44,4,15,-10,15,-10,326.1465148925781
47835,9,47,4,12.5,-12.5,12.5,-12.5,326.3622131347656
47835,9,50,5,15,-15,15,-15,326.41241455078125
47835,9,49,4,10,-15,10,-15,327.0132141113281
47835,9,48,2,5,-15,5,-15,327.7290954589844
47835,9,46,2,7.5,-12.5,7.5,-12.5,328.12969970703125
47835,9,42,1,5,-10,5,-10,328.5798034667969
47835,9,41,1,1.5,-10,1.5,-10,328.8799133300781
47835,9,43,4,10,-10,10,-10,329.5793151855469
47835,9,39,2,7.5,-7.5,7.5,-7.5,329.9794921875
47835,9,36,1,5,-5,5,-5,330.22979736328125
47835,9,35,1,10,-1.5,10,-1.5,330.6789855957031
47835,9,38,2,15,-5,15,-5,331.06219482421875
47835,9,40,2,12.5,-7.5,12.5,-7.5,331.1129150390625
47835,9,44,4,15,-10,15,-10,331.5292053222656
47835,9,37,1,10,-5,10,-5,331.86309814453125
47835,9,45,5,18.5,-10,18.5,-10,332.61309814453125
47835,9,50,5,15,-15,15,-15,333.14599609375
47835,9,47,4,12.5,-12.5,12.5,-12.5,333.24639892578125
47835,9,49,4,10,-15,10,-15,333.54638671875
47835,9,51,5,10,-18.5,10,-18.5,333.6296081542969
47835,9,48,2,5,-15,5,-15,334.1622009277344
47835,9,46,2,7.5,-12.5,7.5,-12.5,334.46270751953125
47835,9,42,1,5,-10,5,-10,334.6798095703125
47835,9,41,1,1.5,-10,1.5,-10,335.11309814453125
47835,9,39,2,7.5,-7.5,7.5,-7.5,335.5132141113281
47835,9,43,4,10,-10,10,-10,335.62890625
47835,9,36,1,5,-5,5,-5,336.2290954589844
47835,9,35,1,10,-1.5,10,-1.5,336.7298889160156
47835,9,40,2,12.5,-7.5,12.5,-7.5,337.51220703125
47835,9,37,1,10,-5,10,-5,337.6632080078125
47835,9,44,4,15,-10,15,-10,338.2121887207031
47835,9,38,2,15,-5,15,-5,338.7626037597656
47835,9,45,5,18.5,-10,18.5,-10,339.41290283203125
47835,9,47,4,12.5,-12.5,12.5,-12.5,339.8797912597656
47835,9,49,4,10,-15,10,-15,340.16259765625
47835,9,50,5,15,-15,15,-15,340.26300048828125
47835,9,51,5,10,-18.5,10,-18.5,340.6463928222656
47835,9,48,2,5,-15,5,-15,341.12921142578125
47835,9,46,2,7.5,-12.5,7.5,-12.5,341.3464050292969
47835,9,42,1,5,-10,5,-10,341.6127014160156
47835,9,41,1,1.5,-10,1.5,-10,341.8620910644531
47835,9,43,4,10,-10,10,-10,342.37939453125
47835,9,39,2,7.5,-7.5,7.5,-7.5,342.6632080078125
47835,9,36,1,5,-5,5,-5,342.97979736328125
47835,9,37,1,10,-5,10,-5,343.52978515625
47835,9,40,2,12.5,-7.5,12.5,-7.5,343.8128967285156
47835,9,35,1,10,-1.5,10,-1.5,344.47918701171875
47835,9,38,2,15,-5,15,-5,345.22979736328125
47835,9,44,4,15,-10,15,-10,345.6460876464844
47835,9,45,5,18.5,-10,18.5,-10,345.77880859375
47835,9,47,4,12.5,-12.5,12.5,-12.5,346.4797058105469
47835,9,50,5,15,-15,15,-15,346.6465148925781
47835,9,45,5,10,-18.5,18.5,-10,347.1297912597656
47835,9,51,5,10,-18.5,10,-18.5,347.1466979980469
47835,9,46,2,7.5,-12.5,7.5,-12.5,347.4790954589844
47835,9,43,4,10,-10,10,-10,347.62969970703125
47835,9,48,2,5,-15,5,-15,347.9128112792969
47835,9,41,1,1.5,-10,1.5,-10,348.4128112792969
47835,9,42,1,5,-10,5,-10,348.6798095703125
47835,9,39,2,7.5,-7.5,7.5,-7.5,348.8623962402344
47835,9,36,1,5,-5,5,-5,349.09649658203125
47835,9,35,1,10,-1.5,10,-1.5,349.61309814453125
47835,9,38,2,15,-5,15,-5,350.2453918457031
47835,9,40,2,12.5,-7.5,12.5,-7.5,350.2799987792969
47835,9,37,1,10,-5,10,-5,350.4298095703125
47835,9,44,4,15,-10,15,-10,351.2630920410156
47835,9,47,4,12.5,-12.5,12.5,-12.5,351.5120849609375
47835,9,45,5,18.5,-10,18.5,-10,351.64581298828125
47835,9,50,5,15,-15,15,-15,352.4462890625
47835,9,49,4,10,-15,10,-15,352.9464111328125
47835,9,43,4,10,-10,10,-10,353.81298828125
47835,9,46,2,7.5,-12.5,7.5,-12.5,353.9797058105469
47835,9,48,2,5,-15,5,-15,354.3298034667969
47835,9,42,1,5,-10,5,-10,354.97918701171875
47835,9,41,1,1.5,-10,1.5,-10,355.2297058105469
47835,9,39,2,7.5,-7.5,7.5,-7.5,355.8797912597656
47835,9,36,1,5,-5,5,-5,356.3131103515625
47835,9,35,1,10,-1.5,10,-1.5,356.9631042480469
47835,9,38,2,15,-5,15,-5,357.4296875
47835,9,40,2,12.5,-7.5,12.5,-7.5,357.6463928222656
47835,9,37,1,10,-5,10,-5,357.9632873535156
47835,9,45,5,18.5,-10,18.5,-10,358.5793151855469
47835,9,44,4,15,-10,15,-10,358.9295959472656
47835,9,50,5,15,-15,15,-15,359.0797119140625
47835,9,47,4,12.5,-12.5,12.5,-12.5,359.1796875
47835,9,44,4,10,-15,15,-10,359.72979736328125
47835,9,49,4,10,-15,10,-15,359.7463073730469
47835,9,43,4,10,-10,10,-10,360.2796936035156
47835,9,46,2,7.5,-12.5,7.5,-12.5,360.4130859375
47835,9,48,2,5,-15,5,-15,361.0631103515625
47835,9,41,1,1.5,-10,1.5,-10,361.5797119140625
47835,9,36,1,5,-5,5,-5,362.0627136230469
47835,9,39,2,7.5,-7.5,7.5,-7.5,362.2120971679687
47835,9,42,1,5,-10,5,-10,362.4458923339844
47835,9,40,2,12.5,-7.5,12.5,-7.5,363.61279296875
47835,9,37,1,10,-5,10,-5,363.8298034667969
47835,9,35,1,10,-1.5,10,-1.5,364.3627014160156
47835,9,38,2,15,-5,15,-5,364.8623962402344
47835,9,45,5,18.5,-10,18.5,-10,365.4296875
47835,9,44,4,15,-10,15,-10,365.7453918457031
47835,9,50,5,15,-15,15,-15,365.9130859375
47835,9,47,4,12.5,-12.5,12.5,-12.5,366.0291137695313
47835,9,51,5,10,-18.5,10,-18.5,366.4631958007813
47835,9,49,4,10,-15,10,-15,366.6630859375
47835,9,48,2,5,-15,5,-15,367.2296142578125
47835,9,43,4,10,-10,10,-10,367.9119873046875
47835,9,42,1,5,-10,5,-10,368.3620910644531
47835,9,46,2,7.5,-12.5,7.5,-12.5,368.5790100097656
47835,9,41,1,1.5,-10,1.5,-10,369.4786987304687
47835,9,39,2,7.5,-7.5,7.5,-7.5,370.0628967285156
47835,9,37,1,10,-5,10,-5,370.6296081542969
47835,9,36,1,5,-5,5,-5,370.9130859375
47835,9,38,2,15,-5,15,-5,371.5628051757813
47835,9,40,2,12.5,-7.5,12.5,-7.5,371.662109375
47835,9,47,4,12.5,-12.5,12.5,-12.5,372.1462097167969
47835,9,44,4,15,-10,15,-10,372.3297119140625
47835,9,45,5,18.5,-10,18.5,-10,373.06201171875
47835,9,50,5,15,-15,15,-15,373.6286926269531
47835,9,51,5,10,-18.5,10,-18.5,374.11279296875
47835,9,49,4,10,-15,10,-15,374.1795959472656
47835,9,48,2,5,-15,5,-15,374.8630065917969
47835,9,42,1,5,-10,5,-10,375.3623046875
47835,9,43,4,10,-10,10,-10,375.5465087890625
47835,9,41,1,1.5,-10,1.5,-10,376.32958984375
47835,9,39,2,7.5,-7.5,7.5,-7.5,376.8788146972656
47835,9,37,1,10,-5,10,-5,377.2130126953125
47835,9,36,1,5,-5,5,-5,377.4464111328125
47835,9,35,1,10,-1.5,10,-1.5,378.4129028320313
47835,9,38,2,15,-5,15,-5,379.0296936035156
47835,9,40,2,12.5,-7.5,12.5,-7.5,379.4457092285156
47835,9,44,4,15,-10,15,-10,379.7130126953125
47835,9,45,5,18.5,-10,18.5,-10,379.9621887207031
47835,9,50,5,15,-15,15,-15,380.4292907714844
47835,9,51,5,10,-18.5,10,-18.5,381.2627868652344
47835,9,48,2,5,-15,5,-15,384.4288024902344
47835,9,46,2,7.5,-12.5,7.5,-12.5,384.5130004882813
47835,9,49,4,10,-15,10,-15,384.7294006347656
47835,9,43,4,10,-10,10,-10,385.4129943847656
47835,9,47,4,12.5,-12.5,12.5,-12.5,385.5790100097656
47835,9,40,2,12.5,-7.5,12.5,-7.5,385.712890625
47835,9,42,1,5,-10,5,-10,386.07958984375
47835,9,41,1,1.5,-10,1.5,-10,386.3796997070313
47835,9,39,2,7.5,-7.5,7.5,-7.5,386.94580078125
47835,9,36,1,5,-5,5,-5,387.4624938964844
47835,9,35,1,10,-1.5,10,-1.5,388.1296081542969
47835,9,37,1,10,-5,10,-5,388.5130004882813
47835,9,38,2,15,-5,15,-5,389.3463134765625
47835,9,44,4,15,-10,15,-10,389.5292053222656
47835,9,45,5,18.5,-10,18.5,-10,389.7296142578125
47835,9,50,5,15,-15,15,-15,390.279296875
47835,9,51,5,10,-18.5,10,-18.5,390.82958984375
47835,9,49,4,10,-15,10,-15,391.1129150390625
47835,9,47,4,12.5,-12.5,12.5,-12.5,391.3128967285156
47835,9,46,2,7.5,-12.5,7.5,-12.5,391.4627075195313
47835,9,48,2,5,-15,5,-15,391.9624938964844
47835,9,41,1,1.5,-10,1.5,-10,392.9122009277344
47835,9,39,2,7.5,-7.5,7.5,-7.5,393.2795104980469
47835,9,43,4,10,-10,10,-10,393.4797058105469
47835,9,36,1,5,-5,5,-5,394.4461975097656
47835,9,35,1,10,-1.5,10,-1.5,395.1629028320313
47835,9,37,1,10,-5,10,-5,395.32958984375
47835,9,40,2,12.5,-7.5,12.5,-7.5,395.61279296875
47835,9,38,2,15,-5,15,-5,395.7629089355469
47835,9,45,5,18.5,-10,18.5,-10,396.2785949707031
47835,9,44,4,15,-10,15,-10,396.5462036132813
47835,9,47,4,12.5,-12.5,12.5,-12.5,396.8128967285156
47835,9,50,5,15,-15,15,-15,396.962890625
47835,9,49,4,10,-15,10,-15,397.6795043945313
47835,9,51,5,10,-18.5,10,-18.5,397.7127990722656
47835,9,48,2,5,-15,5,-15,398.5129089355469
47835,9,46,2,7.5,-12.5,7.5,-12.5,398.7123107910156
47835,9,42,1,5,-10,5,-10,398.9627990722656
47835,9,41,1,1.5,-10,1.5,-10,399.212890625
47835,9,43,4,10,-10,10,-10,399.6785888671875
47835,9,39,2,7.5,-7.5,7.5,-7.5,399.84619140625
47835,9,36,1,5,-5,5,-5,400.1463012695313
47835,9,37,1,10,-5,10,-5,400.6294860839844
47835,9,35,1,10,-1.5,10,-1.5,400.9129943847656
47835,9,38,2,15,-5,15,-5,401.6131896972656
47835,9,40,2,12.5,-7.5,12.5,-7.5,401.82958984375
47835,9,44,4,15,-10,15,-10,402.0296936035156
47835,9,45,5,18.5,-10,18.5,-10,402.1795959472656
47835,9,47,4,12.5,-12.5,12.5,-12.5,402.7296142578125
47835,9,50,5,15,-15,15,-15,402.8453979492187
47835,9,49,4,10,-15,10,-15,403.4796142578125
47835,9,51,5,10,-18.5,10,-18.5,403.7296142578125
47835,9,46,2,7.5,-12.5,7.5,-12.5,405.0452880859375
47835,9,48,2,5,-15,5,-15,405.2457885742187
47835,9,41,1,1.5,-10,1.5,-10,405.9623107910156
47835,9,42,1,5,-10,5,-10,406.21240234375
47835,9,43,4,10,-10,10,-10,406.6129150390625
47835,9,36,1,5,-5,5,-5,407.279296875
47835,9,37,1,10,-5,10,-5,407.6796875
47835,9,39,2,7.5,-7.5,7.5,-7.5,407.8294067382813
47835,9,35,1,10,-1.5,10,-1.5,408.4454956054687
47835,9,38,2,15,-5,15,-5,409.0462036132813
47835,9,40,2,12.5,-7.5,12.5,-7.5,409.31298828125
47835,9,44,4,15,-10,15,-10,409.4790954589844
47835,9,45,5,18.5,-10,18.5,-10,409.6463012695313
47835,9,50,5,15,-15,15,-15,410.0462036132813
47835,9,47,4,12.5,-12.5,12.5,-12.5,410.11279296875
47835,9,51,5,10,-18.5,10,-18.5,410.7120971679687
47835,9,49,4,10,-15,10,-15,410.9128112792969
47835,9,46,2,7.5,-12.5,7.5,-12.5,411.212890625
47835,9,48,2,5,-15,5,-15,411.4461059570313
47835,9,41,1,1.5,-10,1.5,-10,412.0627136230469
47835,9,42,1,5,-10,5,-10,412.2629089355469
47835,9,39,2,7.5,-7.5,7.5,-7.5,413.0462951660156
47835,9,36,1,5,-5,5,-5,413.2294921875
47835,9,37,1,10,-5,10,-5,413.6129150390625
47835,9,35,1,10,-1.5,10,-1.5,414.3629150390625
47835,9,38,2,15,-5,15,-5,414.8294982910156
47835,9,40,2,12.5,-7.5,12.5,-7.5,415.1294860839844
47835,9,44,4,15,-10,15,-10,415.2294921875
47835,9,43,4,10,-10,10,-10,415.37939453125
47835,9,45,5,18.5,-10,18.5,-10,415.6629028320313
47835,9,50,5,15,-15,15,-15,416.0129089355469
47835,9,47,4,12.5,-12.5,12.5,-12.5,416.0462951660156
47835,9,49,4,10,-15,10,-15,416.2793884277344
47835,9,51,5,10,-18.5,10,-18.5,416.6462097167969
47835,9,48,2,5,-15,5,-15,417.24560546875
47835,9,46,2,7.5,-12.5,7.5,-12.5,417.3794860839844
47835,9,42,1,5,-10,5,-10,418.4461059570313
47835,9,41,1,1.5,-10,1.5,-10,418.7131042480469
47835,9,39,2,7.5,-7.5,7.5,-7.5,419.1129150390625
47835,9,36,1,5,-5,5,-5,419.3460998535156
47835,9,37,1,10,-5,10,-5,419.9294128417969
47835,9,35,1,10,-1.5,10,-1.5,420.5129089355469
47835,9,38,2,15,-5,15,-5,420.9794921875
47835,9,44,4,15,-10,15,-10,421.4122924804687
47835,9,45,5,18.5,-10,18.5,-10,421.462890625
47835,9,43,4,10,-10,10,-10,421.8460083007813
47835,9,40,2,12.5,-7.5,12.5,-7.5,422.0285034179687
47835,9,50,5,15,-15,15,-15,422.7117919921875
47835,9,49,4,10,-15,10,-15,423.11279296875
47835,9,47,4,12.5,-12.5,12.5,-12.5,423.16259765625
47835,9,51,5,10,-18.5,10,-18.5,423.5119934082031
47835,9,48,2,5,-15,5,-15,424.4461975097656
47835,9,46,2,7.5,-12.5,7.5,-12.5,424.6626892089844
47835,9,41,1,1.5,-10,1.5,-10,425.11279296875
47835,9,39,2,7.5,-7.5,7.5,-7.5,425.7795104980469
47835,9,36,1,5,-5,5,-5,426.12939453125
47835,9,37,1,10,-5,10,-5,426.7127990722656
47835,9,35,1,10,-1.5,10,-1.5,427.0624084472656
47835,9,38,2,15,-5,15,-5,427.5129089355469
47835,9,40,2,12.5,-7.5,12.5,-7.5,427.7289123535156
47835,9,44,4,15,-10,15,-10,428.0293884277344
47835,9,45,5,18.5,-10,18.5,-10,428.2793884277344
47835,9,47,4,12.5,-12.5,12.5,-12.5,428.4128112792969
47835,9,43,4,10,-10,10,-10,428.5126953125
47835,9,49,4,10,-15,10,-15,429.3794860839844
47835,9,50,5,15,-15,15,-15,429.6129150390625
47835,9,51,5,10,-18.5,10,-18.5,429.8128051757813
47835,9,48,2,5,-15,5,-15,430.3629150390625
47835,9,46,2,7.5,-12.5,7.5,-12.5,430.5291137695313
47835,9,42,1,5,-10,5,-10,430.86279296875
47835,9,41,1,1.5,-10,1.5,-10,431.12939453125
47835,9,39,2,7.5,-7.5,7.5,-7.5,431.5617980957031
47835,9,36,1,5,-5,5,-5,431.84619140625
47835,9,35,1,10,-1.5,10,-1.5,432.3788146972656
47835,9,37,1,10,-5,10,-5,433.0126953125
47835,9,38,2,15,-5,15,-5,433.6126098632813
47835,9,40,2,12.5,-7.5,12.5,-7.5,433.7627868652344
47835,9,44,4,15,-10,15,-10,434.0295104980469
47835,9,45,5,18.5,-10,18.5,-10,434.32861328125
47835,9,51,5,15,-15,10,-18.5,434.6289978027344
47835,9,50,5,15,-15,15,-15,434.6460876464844
47835,9,49,4,10,-15,10,-15,434.9126892089844
47835,9,43,4,10,-10,10,-10,435.2294006347656
47835,9,51,5,10,-18.5,10,-18.5,436.1294860839844
47835,9,48,2,5,-15,5,-15,436.7120971679687
47835,9,46,2,7.5,-12.5,7.5,-12.5,436.8460998535156
47835,9,42,1,5,-10,5,-10,437.2127990722656
47835,9,41,1,1.5,-10,1.5,-10,437.5293884277344
47835,9,39,2,7.5,-7.5,7.5,-7.5,437.9461059570313
47835,9,36,1,5,-5,5,-5,438.1127014160156
47835,9,35,1,10,-1.5,10,-1.5,438.7627868652344
47835,9,37,1,10,-5,10,-5,438.9125061035156
47835,9,40,2,12.5,-7.5,12.5,-7.5,439.1794128417969
47835,9,38,2,15,-5,15,-5,439.3460083007813
47835,9,44,4,15,-10,15,-10,439.7627868652344
47835,9,45,5,18.5,-10,18.5,-10,439.9461975097656
47835,9,47,4,12.5,-12.5,12.5,-12.5,440.4794006347656
47835,9,50,5,15,-15,15,-15,440.7293090820313
47835,9,47,4,10,-15,12.5,-12.5,441.2127075195313
47835,9,49,4,10,-15,10,-15,441.2293090820313
47835,9,46,2,7.5,-12.5,7.5,-12.5,442.0126953125
47835,9,48,2,5,-15,5,-15,442.2293090820313
47835,9,43,4,10,-10,10,-10,442.7461853027344
47835,9,41,1,1.5,-10,1.5,-10,443.3460998535156
47835,10,36,2,5,-5,5,-5,568.5123291015625
47835,10,37,2,10,-5,10,-5,568.74542236328125
47835,10,39,2,7.5,-7.5,7.5,-7.5,568.9124755859375
47835,10,35,2,10,-1.5,10,-1.5,569.16241455078125
47835,10,38,2,15,-5,15,-5,569.67901611328125
47835,10,40,2,12.5,-7.5,12.5,-7.5,569.94561767578125
47835,10,44,2,15,-10,15,-10,570.12890625
47835,10,50,2,15,-15,15,-15,570.578125
47835,10,47,2,12.5,-12.5,12.5,-12.5,570.6287841796875
47835,10,45,2,18.5,-10,18.5,-10,571.26202392578125
47835,10,49,2,10,-15,10,-15,572.11151123046875
47835,10,51,2,10,-18.5,10,-18.5,572.32891845703125
47835,10,48,2,5,-15,5,-15,573.12890625
47835,10,42,2,5,-10,5,-10,573.8115234375
47835,10,41,2,1.5,-10,1.5,-10,574.16168212890625
47835,10,39,2,7.5,-7.5,7.5,-7.5,574.57891845703125
47835,10,36,2,5,-5,5,-5,574.82891845703125
47835,10,37,2,10,-5,10,-5,575.1112060546875
47835,10,40,2,12.5,-7.5,12.5,-7.5,575.3458251953125
47835,10,43,2,10,-10,10,-10,575.42901611328125
47835,10,35,2,10,-1.5,10,-1.5,576.24542236328125
47835,10,38,2,15,-5,15,-5,576.74560546875
47835,10,44,2,15,-10,15,-10,577.24462890625
47835,10,45,2,18.5,-10,18.5,-10,577.5780029296875
47835,10,50,2,15,-15,15,-15,577.92822265625
47835,10,47,2,12.5,-12.5,12.5,-12.5,578.46221923828125
47835,10,49,2,10,-15,10,-15,578.66241455078125
47835,10,51,2,10,-18.5,10,-18.5,579.06231689453125
47835,10,48,2,5,-15,5,-15,579.5123291015625
47835,10,46,2,7.5,-12.5,7.5,-12.5,579.76171875
47835,10,42,2,5,-10,5,-10,580.11181640625
47835,10,41,2,1.5,-10,1.5,-10,580.41217041015625
47835,10,39,2,7.5,-7.5,7.5,-7.5,580.8787841796875
47835,10,36,2,5,-5,5,-5,581.06207275390625
47835,10,37,2,10,-5,10,-5,581.44561767578125
47835,10,43,2,10,-10,10,-10,581.92822265625
47835,10,40,2,12.5,-7.5,12.5,-7.5,582.1287841796875
47835,10,35,2,10,-1.5,10,-1.5,582.6121826171875
47835,10,38,2,15,-5,15,-5,582.94561767578125
47835,10,44,2,15,-10,15,-10,583.42877197265625
47835,10,45,2,18.5,-10,18.5,-10,583.67901611328125
47835,10,50,2,15,-15,15,-15,584.4285888671875
47835,10,47,2,12.5,-12.5,12.5,-12.5,584.64501953125
47835,10,49,2,10,-15,10,-15,584.91131591796875
47835,10,51,2,10,-18.5,10,-18.5,585.17901611328125
47835,10,48,2,5,-15,5,-15,585.74462890625
47835,10,46,2,7.5,-12.5,7.5,-12.5,585.845703125
47835,10,42,2,5,-10,5,-10,586.3115234375
47835,10,41,2,1.5,-10,1.5,-10,586.6279296875
47835,10,36,2,5,-5,5,-5,587.12872314453125
47835,10,37,2,10,-5,10,-5,587.56231689453125
47835,10,43,2,10,-10,10,-10,587.82867431640625
47835,10,40,2,12.5,-7.5,12.5,-7.5,588.37811279296875
47835,10,35,2,10,-1.5,10,-1.5,588.9453125
47835,10,38,2,15,-5,15,-5,589.24542236328125
47835,10,44,2,15,-10,15,-10,589.7113037109375
47835,10,45,2,18.5,-10,18.5,-10,589.91180419921875
47835,10,50,2,15,-15,15,-15,590.16217041015625
47835,10,49,2,10,-15,10,-15,590.54547119140625
47835,10,51,2,10,-18.5,10,-18.5,590.97808837890625
47835,10,48,2,5,-15,5,-15,591.878173828125
47835,10,46,2,7.5,-12.5,7.5,-12.5,592.12847900390625
47835,10,42,2,5,-10,5,-10,592.3455810546875
47835,10,41,2,1.5,-10,1.5,-10,592.54547119140625
47835,10,43,2,10,-10,10,-10,592.94488525390625
47835,10,39,2,7.5,-7.5,7.5,-7.5,593.0123291015625
47835,10,36,2,5,-5,5,-5,593.21142578125
47835,10,37,2,10,-5,10,-5,593.77886962890625
47835,10,40,2,12.5,-7.5,12.5,-7.5,594.06207275390625
47835,10,38,2,15,-5,15,-5,594.31231689453125
47835,10,35,2,10,-1.5,10,-1.5,594.62890625
47835,10,44,2,15,-10,15,-10,595.62872314453125
47835,10,45,2,18.5,-10,18.5,-10,595.82891845703125
47835,10,50,2,15,-15,15,-15,596.14471435546875
47835,10,47,2,12.5,-12.5,12.5,-12.5,596.54547119140625
47835,10,49,2,10,-15,10,-15,596.71221923828125
47835,10,51,2,10,-18.5,10,-18.5,597.1787109375
47835,10,48,2,5,-15,5,-15,597.66217041015625
47835,10,46,2,7.5,-12.5,7.5,-12.5,597.778076171875
47835,10,42,2,5,-10,5,-10,598.1121826171875
47835,10,41,2,1.5,-10,1.5,-10,598.37890625
47835,10,36,2,5,-5,5,-5,599.51220703125
47835,10,37,2,10,-5,10,-5,599.8787841796875
47835,10,39,2,7.5,-7.5,7.5,-7.5,599.9619140625
47835,10,35,2,10,-1.5,10,-1.5,600.37872314453125
47835,10,40,2,12.5,-7.5,12.5,-7.5,601.24542236328125
47835,10,44,2,15,-10,15,-10,601.51202392578125
47835,10,45,2,18.5,-10,18.5,-10,602.1619873046875
47835,10,50,2,15,-15,15,-15,602.92901611328125
47835,10,47,2,12.5,-12.5,12.5,-12.5,603.26171875
47835,10,49,2,10,-15,10,-15,603.56207275390625
47835,10,51,2,10,-18.5,10,-18.5,603.84552001953125
47835,10,48,2,5,-15,5,-15,604.44561767578125
47835,10,46,2,7.5,-12.5,7.5,-12.5,604.6121826171875
47835,10,42,2,5,-10,5,-10,604.97900390625
47835,10,41,2,1.5,-10,1.5,-10,605.31231689453125
47835,10,36,2,5,-5,5,-5,605.96221923828125
47835,10,39,2,7.5,-7.5,7.5,-7.5,606.1785888671875
47835,10,43,2,10,-10,10,-10,606.47882080078125
47835,10,39,2,10,-5,7.5,-7.5,606.6455078125
47835,10,37,2,10,-5,10,-5,606.662109375
47835,10,35,2,10,-1.5,10,-1.5,606.97882080078125
47835,10,38,2,15,-5,15,-5,607.46221923828125
47835,10,45,2,18.5,-10,18.5,-10,607.94561767578125
47835,10,44,2,15,-10,15,-10,608.1456298828125
47835,10,47,2,12.5,-12.5,12.5,-12.5,608.3621826171875
47835,10,50,2,15,-15,15,-15,608.54541015625
47835,10,49,2,10,-15,10,-15,608.96221923828125
47835,10,51,2,10,-18.5,10,-18.5,609.66168212890625
47835,10,48,2,5,-15,5,-15,610.2786865234375
47835,10,46,2,7.5,-12.5,7.5,-12.5,610.44561767578125
47835,10,42,2,5,-10,5,-10,610.7620849609375
47835,10,41,2,1.5,-10,1.5,-10,611.44561767578125
47835,10,36,2,5,-5,5,-5,611.94561767578125
47835,10,39,2,7.5,-7.5,7.5,-7.5,612.211669921875
47835,10,43,2,10,-10,10,-10,612.47882080078125
47835,10,35,2,10,-1.5,10,-1.5,613.24542236328125
47835,10,40,2,12.5,-7.5,12.5,-7.5,613.87872314453125
47835,10,44,2,15,-10,15,-10,614.32891845703125
47835,10,38,2,15,-5,15,-5,614.5120849609375
47835,10,45,2,18.5,-10,18.5,-10,615.1619873046875
47835,10,47,2,12.5,-12.5,12.5,-12.5,615.61212158203125
47835,10,50,2,15,-15,15,-15,615.64471435546875
47835,10,51,2,10,-18.5,10,-18.5,616.22882080078125
47835,10,49,2,10,-15,10,-15,616.32891845703125
47835,10,46,2,7.5,-12.5,7.5,-12.5,616.72882080078125
47835,10,48,2,5,-15,5,-15,617.04541015625
47835,10,41,2,1.5,-10,1.5,-10,617.5452880859375
47835,10,42,2,5,-10,5,-10,617.6287841796875
47835,10,36,2,5,-5,5,-5,618.26141357421875
47835,10,39,2,7.5,-7.5,7.5,-7.5,618.42877197265625
47835,10,37,2,10,-5,10,-5,618.8280029296875
47835,10,35,2,10,-1.5,10,-1.5,619.07861328125
47835,10,40,2,12.5,-7.5,12.5,-7.5,619.67822265625
47835,10,43,2,10,-10,10,-10,619.92877197265625
47835,10,44,2,15,-10,15,-10,620.1121826171875
47835,10,38,2,15,-5,15,-5,620.37872314453125
47835,10,45,2,18.5,-10,18.5,-10,620.84552001953125
47835,10,47,2,12.5,-12.5,12.5,-12.5,621.21221923828125
47835,10,50,2,15,-15,15,-15,621.3787841796875
47835,10,51,2,10,-18.5,10,-18.5,622.02862548828125
47835,10,49,2,10,-15,10,-15,622.12872314453125
47835,10,46,2,7.5,-12.5,7.5,-12.5,622.62872314453125
47835,10,48,2,5,-15,5,-15,622.82861328125
47835,10,42,2,5,-10,5,-10,623.27880859375
47835,10,41,2,1.5,-10,1.5,-10,623.5452880859375
47835,10,39,2,7.5,-7.5,7.5,-7.5,624.04541015625
47835,10,36,2,5,-5,5,-5,624.57891845703125
47835,10,37,2,10,-5,10,-5,625.02862548828125
47835,10,35,2,10,-1.5,10,-1.5,625.41168212890625
47835,10,38,2,15,-5,15,-5,625.827880859375
47835,10,40,2,12.5,-7.5,12.5,-7.5,625.97882080078125
47835,10,44,2,15,-10,15,-10,626.2786865234375
47835,10,47,2,12.5,-12.5,12.5,-12.5,626.64532470703125
47835,10,45,2,18.5,-10,18.5,-10,626.8621826171875
47835,10,50,2,15,-15,15,-15,627.46197509765625
47835,10,49,2,10,-15,10,-15,627.86151123046875
47835,10,46,2,7.5,-12.5,7.5,-12.5,628.07867431640625
47835,10,51,2,10,-18.5,10,-18.5,628.56207275390625
47835,10,48,2,5,-15,5,-15,628.96197509765625
47835,10,42,2,5,-10,5,-10,629.4453125
47835,10,41,2,1.5,-10,1.5,-10,629.74542236328125
47835,10,39,2,7.5,-7.5,7.5,-7.5,630.21142578125
47835,10,36,2,5,-5,5,-5,630.4453125
47835,10,37,2,10,-5,10,-5,630.82891845703125
47835,10,43,2,10,-10,10,-10,631.1455078125
47835,10,40,2,12.5,-7.5,12.5,-7.5,631.37872314453125
47835,10,35,2,10,-1.5,10,-1.5,631.86187744140625
47835,10,38,2,15,-5,15,-5,632.24542236328125
47835,10,44,2,15,-10,15,-10,632.76202392578125
47835,10,45,2,18.5,-10,18.5,-10,633.0452880859375
47835,10,50,2,15,-15,15,-15,633.9119873046875
47835,10,47,2,12.5,-12.5,12.5,-12.5,634.74542236328125
47835,10,49,2,10,-15,10,-15,635.0615234375
47835,10,51,2,10,-18.5,10,-18.5,635.31201171875
47835,10,48,2,5,-15,5,-15,635.96197509765625
47835,10,46,2,7.5,-12.5,7.5,-12.5,636.1453857421875
47835,10,42,2,5,-10,5,-10,636.3787841796875
47835,10,41,2,1.5,-10,1.5,-10,636.71197509765625
47835,10,39,2,7.5,-7.5,7.5,-7.5,637.02838134765625
47835,10,36,2,5,-5,5,-5,637.31207275390625
47835,10,37,2,10,-5,10,-5,637.62872314453125
47835,10,35,2,10,-1.5,10,-1.5,637.84552001953125
47835,10,40,2,12.5,-7.5,12.5,-7.5,638.5452880859375
47835,10,43,2,10,-10,10,-10,638.81170654296875
47835,10,44,2,15,-10,15,-10,639.01123046875
47835,10,38,2,15,-5,15,-5,639.37872314453125
47835,10,45,2,18.5,-10,18.5,-10,639.81207275390625
47835,10,50,2,15,-15,15,-15,640.26202392578125
47835,10,47,2,12.5,-12.5,12.5,-12.5,640.6619873046875
47835,10,49,2,10,-15,10,-15,641.2620849609375
47835,10,51,2,10,-18.5,10,-18.5,641.6123046875
47835,10,48,2,5,-15,5,-15,641.96221923828125
47835,10,46,2,7.5,-12.5,7.5,-12.5,642.14532470703125
47835,10,41,2,1.5,-10,1.5,-10,642.81201171875
47835,10,42,2,5,-10,5,-10,642.84442138671875
47835,10,39,2,7.5,-7.5,7.5,-7.5,643.8447265625
47835,10,36,2,5,-5,5,-5,644.07861328125
47835,10,35,2,10,-1.5,10,-1.5,644.578125
47835,10,37,2,10,-5,10,-5,644.728515625
47835,10,43,2,10,-10,10,-10,645.12872314453125
47835,10,40,2,12.5,-7.5,12.5,-7.5,645.1619873046875
47835,10,38,2,15,-5,15,-5,645.62872314453125
47835,10,44,2,15,-10,15,-10,646.01171875
47835,10,50,2,15,-15,15,-15,646.62872314453125
47835,10,47,2,12.5,-12.5,12.5,-12.5,647.061279296875
47835,10,51,2,10,-18.5,10,-18.5,647.9285888671875
47835,10,49,2,10,-15,10,-15,648.12872314453125
47835,10,46,2,7.5,-12.5,7.5,-12.5,648.47857666015625
47835,10,48,2,5,-15,5,-15,648.9287109375
47835,10,41,2,1.5,-10,1.5,-10,649.34442138671875
47835,10,42,2,5,-10,5,-10,649.7119140625
47835,10,39,2,7.5,-7.5,7.5,-7.5,649.9119873046875
47835,10,36,2,5,-5,5,-5,650.11212158203125
47835,10,35,2,10,-1.5,10,-1.5,650.67840576171875
47835,10,37,2,10,-5,10,-5,650.76202392578125
47835,10,43,2,10,-10,10,-10,651.2786865234375
47835,10,40,2,12.5,-7.5,12.5,-7.5,651.44482421875
47835,10,38,2,15,-5,15,-5,651.7451171875
47835,10,44,2,15,-10,15,-10,652.22857666015625
47835,10,45,2,18.5,-10,18.5,-10,652.91162109375
47835,10,47,2,12.5,-12.5,12.5,-12.5,653.16192626953125
47835,10,49,2,10,-15,10,-15,653.4285888671875
47835,10,50,2,15,-15,15,-15,653.74542236328125
47835,10,51,2,10,-18.5,10,-18.5,653.82861328125
47835,10,46,2,7.5,-12.5,7.5,-12.5,654.31201171875
47835,10,48,2,5,-15,5,-15,654.5286865234375
47835,10,42,2,5,-10,5,-10,654.97857666015625
47835,10,36,2,5,-5,5,-5,655.4285888671875
47835,10,39,2,7.5,-7.5,7.5,-7.5,655.478515625
47835,10,41,2,1.5,-10,1.5,-10,655.86212158203125
47835,10,37,2,10,-5,10,-5,656.52862548828125
47835,10,35,2,10,-1.5,10,-1.5,656.9287109375
47835,10,38,2,15,-5,15,-5,658.57781982421875
47835,10,40,2,12.5,-7.5,12.5,-7.5,658.911376953125
47835,10,43,2,10,-10,10,-10,659.1787109375
47835,10,44,2,15,-10,15,-10,659.34521484375
47835,10,45,2,18.5,-10,18.5,-10,659.62847900390625
47835,10,50,2,15,-15,15,-15,660.22808837890625
47835,10,47,2,12.5,-12.5,12.5,-12.5,660.62847900390625
47835,10,51,2,10,-18.5,10,-18.5,661.34527587890625
47835,10,49,2,10,-15,10,-15,661.61187744140625
47835,10,46,2,7.5,-12.5,7.5,-12.5,661.94537353515625
47835,10,48,2,5,-15,5,-15,662.32861328125
47835,10,41,2,1.5,-10,1.5,-10,662.6785888671875
47835,10,42,2,5,-10,5,-10,662.87811279296875
47835,10,39,2,7.5,-7.5,7.5,-7.5,663.26177978515625
47835,10,36,2,5,-5,5,-5,663.52862548828125
47835,10,37,2,10,-5,10,-5,663.9285888671875
47835,10,38,2,15,-5,15,-5,664.32818603515625
47835,10,35,2,10,-1.5,10,-1.5,664.84552001953125
47835,10,40,2,12.5,-7.5,12.5,-7.5,665.2786865234375
47835,10,43,2,10,-10,10,-10,665.51202392578125
47835,10,47,2,12.5,-12.5,12.5,-12.5,665.72857666015625
47835,10,44,2,15,-10,15,-10,665.86187744140625
47835,10,45,2,18.5,-10,18.5,-10,666.14532470703125
47835,10,50,2,15,-15,15,-15,666.46221923828125
47835,10,49,2,10,-15,10,-15,666.92791748046875
47835,10,51,2,10,-18.5,10,-18.5,667.14532470703125
47835,10,48,2,5,-15,5,-15,667.92822265625
47835,10,46,2,7.5,-12.5,7.5,-12.5,668.16162109375
47835,10,42,2,5,-10,5,-10,668.51141357421875
47835,10,41,2,1.5,-10,1.5,-10,668.978515625
47835,10,39,2,7.5,-7.5,7.5,-7.5,669.21112060546875
47835,10,36,2,5,-5,5,-5,669.4285888671875
47835,10,37,2,10,-5,10,-5,669.86187744140625
47835,10,38,2,15,-5,15,-5,670.2783203125
47835,10,35,2,10,-1.5,10,-1.5,670.66192626953125
47835,10,40,2,12.5,-7.5,12.5,-7.5,671.12872314453125
47835,10,43,2,10,-10,10,-10,671.478515625
47835,10,44,2,15,-10,15,-10,671.91168212890625
47835,10,45,2,18.5,-10,18.5,-10,672.2119140625
47835,10,47,2,12.5,-12.5,12.5,-12.5,672.61212158203125
47835,10,50,2,15,-15,15,-15,672.92840576171875
47835,10,49,2,10,-15,10,-15,673.34552001953125
47835,10,51,2,10,-18.5,10,-18.5,673.4285888671875
47835,10,46,2,7.5,-12.5,7.5,-12.5,673.727783203125
47835,10,41,2,1.5,-10,1.5,-10,674.3447265625
47835,10,42,2,5,-10,5,-10,674.461181640625
47835,10,39,2,7.5,-7.5,7.5,-7.5,674.94451904296875
47835,10,36,2,5,-5,5,-5,675.14532470703125
47835,10,35,2,10,-1.5,10,-1.5,675.67822265625
47835,10,37,2,10,-5,10,-5,675.76202392578125
47835,10,38,2,15,-5,15,-5,677.1444091796875
47835,10,44,2,12.5,-7.5,15,-10,677.56201171875
47835,10,40,2,12.5,-7.5,12.5,-7.5,677.57861328125
47835,10,43,2,10,-10,10,-10,677.81201171875
47835,10,45,2,18.5,-10,18.5,-10,678.06097412109375
47835,10,50,2,15,-15,15,-15,678.57861328125
47835,10,47,2,12.5,-12.5,12.5,-12.5,678.62811279296875
47835,10,51,2,10,-18.5,10,-18.5,679.17791748046875
47835,10,49,2,10,-15,10,-15,679.27850341796875
47835,10,46,2,7.5,-12.5,7.5,-12.5,679.7783203125
47835,10,48,2,5,-15,5,-15,680.06182861328125
47835,10,41,2,1.5,-10,1.5,-10,680.44512939453125
47835,10,42,2,5,-10,5,-10,680.52862548828125
47835,10,36,2,5,-5,5,-5,681.1776123046875
47835,10,37,2,10,-5,10,-5,681.52850341796875
47835,10,35,2,10,-1.5,10,-1.5,682.11181640625
47835,10,38,2,15,-5,15,-5,682.628173828125
47835,10,40,2,12.5,-7.5,12.5,-7.5,683.544677734375
47835,10,39,2,7.5,-7.5,7.5,-7.5,683.94512939453125
47835,10,43,2,10,-10,10,-10,684.02838134765625
47835,10,44,2,15,-10,15,-10,684.36181640625
47835,10,45,2,18.5,-10,18.5,-10,684.64532470703125
47835,10,50,2,15,-15,15,-15,685.01177978515625
47835,10,49,2,10,-15,10,-15,685.4110107421875
47835,10,46,2,7.5,-12.5,7.5,-12.5,685.67767333984375
47835,10,47,2,12.5,-12.5,12.5,-12.5,685.76177978515625
47835,10,51,2,10,-18.5,10,-18.5,686.27862548828125
47835,10,48,2,5,-15,5,-15,686.760986328125
47835,10,42,2,5,-10,5,-10,687.16180419921875
47835,10,41,2,1.5,-10,1.5,-10,687.42852783203125
47835,10,36,2,5,-5,5,-5,687.91180419921875
47835,10,37,2,10,-5,10,-5,688.26141357421875
47835,10,35,2,10,-1.5,10,-1.5,688.62847900390625
47835,10,38,2,15,-5,15,-5,689.06201171875
47835,10,40,2,12.5,-7.5,12.5,-7.5,689.2451171875
47835,10,39,2,7.5,-7.5,7.5,-7.5,689.54522705078125
47835,10,43,2,10,-10,10,-10,689.91168212890625
47835,10,44,2,15,-10,15,-10,690.21112060546875
47835,10,45,2,18.5,-10,18.5,-10,690.51177978515625
47835,10,50,2,15,-15,15,-15,690.6785888671875
47835,10,49,2,10,-15,10,-15,690.978515625
47835,10,46,2,7.5,-12.5,7.5,-12.5,691.26177978515625
47835,10,47,2,12.5,-12.5,12.5,-12.5,691.32781982421875
47835,10,48,2,5,-15,5,-15,692.07861328125
47835,10,42,2,5,-10,5,-10,692.6785888671875
47835,10,41,2,1.5,-10,1.5,-10,692.92877197265625
47835,10,36,2,5,-5,5,-5,693.8109130859375
47835,10,37,2,10,-5,10,-5,694.2451171875
47835,10,35,2,10,-1.5,10,-1.5,694.54522705078125
47835,10,38,2,15,-5,15,-5,694.9285888671875
47835,10,40,2,12.5,-7.5,12.5,-7.5,695.14532470703125
47835,10,39,2,7.5,-7.5,7.5,-7.5,695.51123046875
47835,10,43,2,10,-10,10,-10,695.61181640625
47835,10,44,2,15,-10,15,-10,695.978515625
47835,10,45,2,18.5,-10,18.5,-10,696.278076171875
47835,10,50,2,15,-15,15,-15,696.7119140625
47835,10,47,2,12.5,-12.5,12.5,-12.5,696.9453125
47835,10,49,2,10,-15,10,-15,697.26171875
47835,10,51,2,10,-18.5,10,-18.5,697.544677734375
47835,10,48,2,5,-15,5,-15,698.66168212890625
47835,10,46,2,7.5,-12.5,7.5,-12.5,698.96112060546875
47835,10,42,2,5,-10,5,-10,699.17840576171875
47835,10,41,2,1.5,-10,1.5,-10,699.52862548828125
47835,10,36,2,5,-5,5,-5,700.14501953125
