subject,level,obj_ID,point_value,x,y,new_x,new_y,time
48262,1,17,2,15,6.5,15,6.5,356.060302734375
48262,1,15,2,15,10,15,10,356.3262939453125
48262,1,9,2,15,15,15,15,356.77630615234375
48262,1,2,2,15,20,15,20,357.1763000488281
48262,1,1,2,15,23.5,15,23.5,357.4942932128906
48262,1,10,2,20,15,20,15,358.810302734375
48262,1,16,2,20,10,20,10,359.2262878417969
48262,1,13,2,17.5,12.5,17.5,12.5,359.7262878417969
48262,1,6,2,17.5,17.5,17.5,17.5,360.143310546875
48262,1,3,2,10,20,10,20,360.8432922363281
48262,1,8,2,10,15,10,15,361.2262878417969
48262,1,14,2,10,10,10,10,361.643310546875
48262,1,17,2,15,6.5,15,6.5,362.2262878417969
48262,1,15,2,15,10,15,10,362.4263000488281
48262,1,2,2,15,20,15,20,363.310302734375
48262,1,12,2,12.5,12.5,12.5,12.5,364.9592895507813
48262,1,16,2,20,10,20,10,365.60931396484375
48262,1,10,2,20,15,20,15,365.94329833984375
48262,1,6,2,17.5,17.5,17.5,17.5,366.27630615234375
48262,1,1,2,15,23.5,15,23.5,367.51031494140625
48262,1,5,2,12.5,17.5,12.5,17.5,367.9422912597656
48262,1,15,2,15,10,15,10,368.7442932128906
48262,1,31,2,10,-10,10,-10,371.0762939453125
48262,1,25,2,10,-15,10,-15,371.5093078613281
48262,1,20,2,10,-20,10,-20,371.92529296875
48262,1,18,2,15,-23.5,15,-23.5,372.4093017578125
48262,1,19,2,15,-20,15,-20,372.6922912597656
48262,1,23,2,17.5,-17.5,17.5,-17.5,372.8432922363281
48262,1,30,2,17.5,-12.5,17.5,-12.5,373.2593078613281
48262,1,32,2,15,-10,15,-10,373.52630615234375
48262,1,34,2,15,-6.5,15,-6.5,373.810302734375
48262,1,28,2,23.5,-15,23.5,-15,375.4602966308594
48262,1,21,2,20,-20,20,-20,376.2262878417969
48262,1,27,2,20,-15,20,-15,376.52630615234375
48262,1,26,2,15,-15,15,-15,376.9592895507813
48262,1,31,2,10,-10,10,-10,377.6423034667969
48262,1,25,2,10,-15,10,-15,378.3092956542969
48262,1,20,2,10,-20,10,-20,378.7262878417969
48262,1,18,2,15,-23.5,15,-23.5,379.3432922363281
48262,1,23,2,17.5,-17.5,17.5,-17.5,379.8262939453125
48262,1,22,2,12.5,-17.5,12.5,-17.5,380.26031494140625
48262,1,24,2,6.5,-15,6.5,-15,380.7102966308594
48262,1,58,2,-6.5,-15,-6.5,-15,381.77630615234375
48262,1,59,2,-10,-15,-10,-15,382.0762939453125
48262,1,63,2,-12.5,-12.5,-12.5,-12.5,382.3432922363281
48262,1,66,2,-15,-10,-15,-10,382.643310546875
48262,1,64,2,-17.5,-12.5,-17.5,-12.5,382.9103088378906
48262,1,67,2,-20,-10,-20,-10,383.0592956542969
48262,1,61,2,-20,-15,-20,-15,383.3273010253906
48262,1,55,2,-20,-20,-20,-20,383.76031494140625
48262,1,53,2,-15,-20,-15,-20,384.2432861328125
48262,1,56,2,-12.5,-17.5,-12.5,-17.5,384.5762939453125
48262,1,60,2,-15,-15,-15,-15,384.8262939453125
48262,1,57,2,-17.5,-17.5,-17.5,-17.5,385.36029052734375
48262,1,54,2,-10,-20,-10,-20,386.2262878417969
48262,1,58,2,-6.5,-15,-6.5,-15,386.810302734375
48262,1,63,2,-12.5,-12.5,-12.5,-12.5,387.36029052734375
48262,1,64,2,-17.5,-12.5,-17.5,-12.5,387.9263000488281
48262,1,68,2,-15,-6.5,-15,-6.5,388.3262939453125
48262,1,46,2,-12.5,12.5,-12.5,12.5,389.84228515625
48262,1,39,2,-12.5,17.5,-12.5,17.5,390.26031494140625
48262,1,40,2,-17.5,17.5,-17.5,17.5,390.7102966308594
48262,1,35,2,-15,23.5,-15,23.5,392.19329833984375
48262,1,36,2,-15,20,-15,20,392.34228515625
48262,1,43,2,-15,15,-15,15,392.8092956542969
48262,1,49,2,-15,10,-15,10,393.2092895507813
48262,1,51,2,-15,6.5,-15,6.5,393.5093078613281
48262,1,48,2,-10,10,-10,10,394.5762939453125
48262,1,42,2,-10,15,-10,15,395.01031494140625
48262,1,37,2,-10,20,-10,20,395.4263000488281
48262,1,50,2,-20,10,-20,10,397.9263000488281
48262,1,44,2,-20,15,-20,15,398.2262878417969
48262,1,38,2,-20,20,-20,20,398.6593017578125
48262,1,35,2,-15,23.5,-15,23.5,399.1603088378906
48262,1,41,2,-6.5,15,-6.5,15,400.143310546875
48262,1,14,2,10,10,10,10,401.5932922363281
48262,1,12,2,12.5,12.5,12.5,12.5,401.7933044433594
48262,1,15,2,15,10,15,10,402.0093078613281
48262,1,13,2,17.5,12.5,17.5,12.5,402.2102966308594
48262,1,16,2,20,10,20,10,402.4103088378906
48262,1,10,2,20,15,20,15,402.61029052734375
48262,1,6,2,17.5,17.5,17.5,17.5,402.85931396484375
48262,1,2,2,15,20,15,20,403.2262878417969
48262,1,1,2,15,23.5,15,23.5,403.8092956542969
48262,1,4,2,20,20,20,20,404.4762878417969
48262,1,8,2,10,15,10,15,406.0422973632813
48262,1,3,2,10,20,10,20,406.6423034667969
48262,1,5,2,12.5,17.5,12.5,17.5,406.810302734375
48262,1,10,2,20,15,20,15,407.6263122558594
48262,1,13,2,17.5,12.5,17.5,12.5,407.6603088378906
48262,1,16,2,20,10,20,10,407.893310546875
48262,1,33,2,20,-10,20,-10,409.5433044433594
48262,1,30,2,17.5,-12.5,17.5,-12.5,409.7593078613281
48262,1,27,2,20,-15,20,-15,409.9602966308594
48262,1,23,2,17.5,-17.5,17.5,-17.5,410.1763000488281
48262,1,19,2,15,-20,15,-20,410.51031494140625
48262,1,22,2,12.5,-17.5,12.5,-17.5,410.6763000488281
48262,1,25,2,10,-15,10,-15,411.01031494140625
48262,1,29,2,12.5,-12.5,12.5,-12.5,411.2092895507813
48262,1,26,2,15,-15,15,-15,411.643310546875
48262,1,18,2,15,-23.5,15,-23.5,412.3432922363281
48262,1,33,2,20,-10,20,-10,415.2262878417969
48262,1,30,2,17.5,-12.5,17.5,-12.5,415.4263000488281
48262,1,32,2,15,-10,15,-10,415.643310546875
48262,1,34,2,15,-6.5,15,-6.5,415.9093017578125
48262,1,28,2,23.5,-15,23.5,-15,417.44329833984375
48262,1,21,2,20,-20,20,-20,418.19329833984375
48262,1,19,2,15,-20,15,-20,418.60931396484375
48262,1,22,2,12.5,-17.5,12.5,-17.5,419.2432861328125
48262,1,29,2,12.5,-12.5,12.5,-12.5,419.6263122558594
48262,1,31,2,10,-10,10,-10,420.2432861328125
48262,1,25,2,10,-15,10,-15,420.7752990722656
48262,1,26,2,15,-15,15,-15,421.7092895507813
48262,1,23,2,17.5,-17.5,17.5,-17.5,421.9093017578125
48262,1,27,2,20,-15,20,-15,422.10931396484375
48262,1,30,2,17.5,-12.5,17.5,-12.5,422.3262939453125
48262,1,32,2,15,-10,15,-10,422.61029052734375
48262,1,34,2,15,-6.5,15,-6.5,423.0422973632813
48262,1,12,2,12.5,12.5,12.5,12.5,425.6593017578125
48262,1,5,2,12.5,17.5,12.5,17.5,426.0932922363281
48262,1,2,2,15,20,15,20,426.3432922363281
48262,1,6,2,17.5,17.5,17.5,17.5,426.5093078613281
48262,1,4,2,20,20,20,20,426.8092956542969
48262,1,13,2,17.5,12.5,17.5,12.5,427.2933044433594
48262,1,16,2,20,10,20,10,427.7262878417969
48262,1,17,2,15,6.5,15,6.5,427.85931396484375
48262,1,15,2,15,10,15,10,428.143310546875
48262,1,9,2,15,15,15,15,428.4932861328125
48262,1,1,2,15,23.5,15,23.5,429.1763000488281
48262,1,3,2,10,20,10,20,430.01031494140625
48262,1,8,2,10,15,10,15,430.4263000488281
48262,1,14,2,10,10,10,10,430.8432922363281
48262,1,49,2,-15,10,-15,10,433.02630615234375
48262,1,50,2,-20,10,-20,10,433.4263000488281
48262,1,45,2,-23.5,15,-23.5,15,434.2092895507813
48262,1,44,2,-20,15,-20,15,434.7092895507813
48262,1,40,2,-17.5,17.5,-17.5,17.5,434.8092956542969
48262,1,47,2,-17.5,12.5,-17.5,12.5,435.02630615234375
48262,1,51,2,-15,6.5,-15,6.5,435.560302734375
48262,1,46,2,-12.5,12.5,-12.5,12.5,435.7933044433594
48262,1,43,2,-15,15,-15,15,436.0093078613281
48262,1,39,2,-12.5,17.5,-12.5,17.5,436.2092895507813
48262,1,36,2,-15,20,-15,20,436.4263000488281
48262,1,35,2,-15,23.5,-15,23.5,436.7262878417969
48262,1,37,2,-10,20,-10,20,437.4932861328125
48262,1,42,2,-10,15,-10,15,437.85931396484375
48262,1,48,2,-10,10,-10,10,438.2922973632813
48262,1,64,2,-17.5,-12.5,-17.5,-12.5,440.7092895507813
48262,1,57,2,-17.5,-17.5,-17.5,-17.5,441.1263122558594
48262,1,52,2,-15,-23.5,-15,-23.5,441.69329833984375
48262,1,53,2,-15,-20,-15,-20,441.94329833984375
48262,1,56,2,-12.5,-17.5,-12.5,-17.5,442.143310546875
48262,1,60,2,-15,-15,-15,-15,442.3432922363281
48262,1,63,2,-12.5,-12.5,-12.5,-12.5,442.5592956542969
48262,1,66,2,-15,-10,-15,-10,442.7593078613281
48262,1,68,2,-15,-6.5,-15,-6.5,443.0592956542969
48262,1,58,2,-6.5,-15,-6.5,-15,444.1263122558594
48262,1,54,2,-10,-20,-10,-20,444.60931396484375
48262,1,59,2,-10,-15,-10,-15,445.02630615234375
48262,1,65,2,-10,-10,-10,-10,445.4263000488281
48262,1,67,2,-20,-10,-20,-10,446.2092895507813
48262,1,62,2,-23.5,-15,-23.5,-15,446.7092895507813
48262,1,61,2,-20,-15,-20,-15,446.7593078613281
48262,1,55,2,-20,-20,-20,-20,447.11029052734375
48262,1,53,2,-15,-20,-15,-20,447.7262878417969
48262,1,57,2,-17.5,-17.5,-17.5,-17.5,447.8092956542969
48262,1,60,2,-15,-15,-15,-15,448.0433044433594
48262,1,64,2,-17.5,-12.5,-17.5,-12.5,448.26031494140625
48262,1,66,2,-15,-10,-15,-10,448.4602966308594
48262,1,68,2,-15,-6.5,-15,-6.5,448.7593078613281
48262,1,51,2,-15,6.5,-15,6.5,449.8432922363281
48262,1,49,2,-15,10,-15,10,450.143310546875
48262,1,43,2,-15,15,-15,15,450.5592956542969
48262,1,36,2,-15,20,-15,20,450.9753112792969
48262,1,35,2,-15,23.5,-15,23.5,451.2593078613281
48262,1,37,2,-10,20,-10,20,451.7092895507813
48262,1,39,2,-12.5,17.5,-12.5,17.5,451.9093017578125
48262,1,42,2,-10,15,-10,15,452.10931396484375
48262,1,46,2,-12.5,12.5,-12.5,12.5,452.3262939453125
48262,1,48,2,-10,10,-10,10,452.52630615234375
48262,1,41,2,-6.5,15,-6.5,15,453.2593078613281
48262,1,40,2,-17.5,17.5,-17.5,17.5,454.2262878417969
48262,1,38,2,-20,20,-20,20,454.4932861328125
48262,1,44,2,-20,15,-20,15,454.8923034667969
48262,1,50,2,-20,10,-20,10,455.3092956542969
48262,1,49,2,-15,10,-15,10,455.6593017578125
48262,1,43,2,-15,15,-15,15,456.1603088378906
48262,1,36,2,-15,20,-15,20,457.4093017578125
48262,1,39,2,-12.5,17.5,-12.5,17.5,457.4592895507813
48262,1,35,2,-15,23.5,-15,23.5,458.02630615234375
48262,1,7,2,6.5,15,6.5,15,459.8432922363281
48262,1,5,2,12.5,17.5,12.5,17.5,460.3092956542969
48262,1,6,2,17.5,17.5,17.5,17.5,460.7262878417969
48262,1,10,2,20,15,20,15,460.94329833984375
48262,1,13,2,17.5,12.5,17.5,12.5,461.0762939453125
48262,1,16,2,20,10,20,10,461.27630615234375
48262,1,15,2,15,10,15,10,462.1593017578125
48262,1,12,2,12.5,12.5,12.5,12.5,462.4263000488281
48262,1,9,2,15,15,15,15,462.4592895507813
48262,1,2,2,15,20,15,20,462.9093017578125
48262,1,1,2,15,23.5,15,23.5,463.1763000488281
48262,1,4,2,20,20,20,20,463.5592956542969
48262,1,11,2,23.5,15,23.5,15,464.3092956542969
48262,1,7,2,6.5,15,6.5,15,465.4592895507813
48262,1,3,2,10,20,10,20,465.8262939453125
48262,1,14,2,10,10,10,10,466.7922973632813
48262,1,17,2,15,6.5,15,6.5,467.34228515625
48262,1,15,2,15,10,15,10,467.5433044433594
48262,1,16,2,20,10,20,10,467.77630615234375
48262,1,13,2,17.5,12.5,17.5,12.5,467.8262939453125
48262,1,9,2,15,15,15,15,468.0422973632813
48262,1,12,2,12.5,12.5,12.5,12.5,468.1593017578125
48262,1,5,2,12.5,17.5,12.5,17.5,468.44329833984375
48262,1,2,2,15,20,15,20,468.7092895507813
48262,1,6,2,17.5,17.5,17.5,17.5,468.8262939453125
48262,1,4,2,20,20,20,20,469.060302734375
48262,1,11,2,23.5,15,23.5,15,469.44329833984375
48262,1,32,2,15,-10,15,-10,471.9093017578125
48262,1,29,2,12.5,-12.5,12.5,-12.5,472.2092895507813
48262,1,22,2,12.5,-17.5,12.5,-17.5,472.60931396484375
48262,1,19,2,15,-20,15,-20,473.01031494140625
48262,1,21,2,20,-20,20,-20,473.4263000488281
48262,1,27,2,20,-15,20,-15,473.7933044433594
48262,1,30,2,17.5,-12.5,17.5,-12.5,474.02630615234375
48262,1,31,2,10,-10,10,-10,474.7092895507813
48262,1,17,2,15,6.5,15,6.5,476.7262878417969
48262,1,15,2,15,10,15,10,476.9762878417969
48262,1,13,2,17.5,12.5,17.5,12.5,477.2092895507813
48262,1,9,2,15,15,15,15,477.4093017578125
48262,1,6,2,17.5,17.5,17.5,17.5,477.6263122558594
48262,1,2,2,15,20,15,20,477.8262939453125
48262,1,1,2,15,23.5,15,23.5,478.1263122558594
48262,1,3,2,10,20,10,20,478.69329833984375
48262,1,14,2,10,10,10,10,479.9923095703125
48262,1,12,2,12.5,12.5,12.5,12.5,480.393310546875
48262,1,5,2,12.5,17.5,12.5,17.5,480.84228515625
48262,1,4,2,20,20,20,20,481.4592895507813
48262,1,10,2,20,15,20,15,481.77630615234375
48262,1,16,2,20,10,20,10,482.2262878417969
48262,1,33,2,20,-10,20,-10,483.893310546875
48262,1,27,2,20,-15,20,-15,484.3092956542969
48262,1,21,2,20,-20,20,-20,484.7262878417969
48262,1,19,2,15,-20,15,-20,485.2432861328125
48262,1,20,2,10,-20,10,-20,485.6593017578125
48262,1,22,2,12.5,-17.5,12.5,-17.5,485.8923034667969
48262,1,25,2,10,-15,10,-15,486.25830078125
48262,1,29,2,12.5,-12.5,12.5,-12.5,486.4592895507813
48262,1,31,2,10,-10,10,-10,486.6593017578125
48262,1,32,2,15,-10,15,-10,486.8432922363281
48262,1,30,2,17.5,-12.5,17.5,-12.5,487.3262939453125
48262,1,23,2,17.5,-17.5,17.5,-17.5,487.7453002929687
48262,1,18,2,15,-23.5,15,-23.5,488.5433044433594
48262,1,52,2,-15,-23.5,-15,-23.5,491.09228515625
48262,1,53,2,-15,-20,-15,-20,491.393310546875
48262,1,60,2,-15,-15,-15,-15,491.8092956542969
48262,1,66,2,-15,-10,-15,-10,492.2262878417969
48262,1,68,2,-15,-6.5,-15,-6.5,492.5252990722656
48262,1,51,2,-15,6.5,-15,6.5,493.60931396484375
48262,1,49,2,-15,10,-15,10,493.9103088378906
48262,1,43,2,-15,15,-15,15,494.3092956542969
48262,1,39,2,-12.5,17.5,-12.5,17.5,494.60931396484375
48262,1,12,2,12.5,12.5,12.5,12.5,497.4103088378906
48262,1,15,2,15,10,15,10,497.7262878417969
48262,1,17,2,15,6.5,15,6.5,498.02630615234375
48262,1,34,2,15,-6.5,15,-6.5,499.11029052734375
48262,1,32,2,15,-10,15,-10,499.4093017578125
48262,1,29,2,12.5,-12.5,12.5,-12.5,499.60931396484375
48262,1,26,2,15,-15,15,-15,499.8262939453125
48262,1,22,2,12.5,-17.5,12.5,-17.5,500.02630615234375
48262,1,19,2,15,-20,15,-20,500.2262878417969
48262,1,18,2,15,-23.5,15,-23.5,500.5252990722656
48262,1,28,2,23.5,-15,23.5,-15,502.25830078125
48262,1,27,2,20,-15,20,-15,502.4263000488281
48262,1,30,2,17.5,-12.5,17.5,-12.5,502.69329833984375
48262,1,25,2,10,-15,10,-15,503.4263000488281
48262,1,24,2,6.5,-15,6.5,-15,503.6263122558594
48262,1,58,2,-6.5,-15,-6.5,-15,504.7092895507813
48262,1,59,2,-10,-15,-10,-15,505.0093078613281
48262,1,60,2,-15,-15,-15,-15,505.4263000488281
48262,1,64,2,-17.5,-12.5,-17.5,-12.5,505.6593017578125
48262,1,68,2,-15,-6.5,-15,-6.5,506.2922973632813
48262,1,51,2,-15,6.5,-15,6.5,507.7092895507813
48262,1,49,2,-15,10,-15,10,507.8432922363281
48262,1,43,2,-15,15,-15,15,508.2593078613281
48262,1,39,2,-12.5,17.5,-12.5,17.5,508.4932861328125
48262,1,42,2,-10,15,-10,15,508.5932922363281
48262,1,41,2,-6.5,15,-6.5,15,508.893310546875
48262,1,7,2,6.5,15,6.5,15,509.9592895507813
48262,1,8,2,10,15,10,15,510.2593078613281
48262,1,9,2,15,15,15,15,510.69329833984375
48262,1,12,2,12.5,12.5,12.5,12.5,510.8092956542969
48262,1,15,2,15,10,15,10,510.9592895507813
48262,1,17,2,15,6.5,15,6.5,511.26031494140625
48262,1,34,2,15,-6.5,15,-6.5,512.34332275390625
48262,1,32,2,15,-10,15,-10,512.62628173828125
48262,1,29,2,12.5,-12.5,12.5,-12.5,512.84228515625
48262,1,26,2,15,-15,15,-15,513.04241943359375
48262,1,22,2,12.5,-17.5,12.5,-17.5,513.25927734375
48262,1,58,2,-6.5,-15,-6.5,-15,514.809326171875
48262,1,59,2,-10,-15,-10,-15,515.10931396484375
48262,1,56,2,-12.5,-17.5,-12.5,-17.5,515.309326171875
48262,1,60,2,-15,-15,-15,-15,515.52630615234375
48262,1,64,2,-17.5,-12.5,-17.5,-12.5,515.84332275390625
48262,1,68,2,-15,-6.5,-15,-6.5,516.409423828125
48262,1,51,2,-15,6.5,-15,6.5,517.45941162109375
48262,1,49,2,-15,10,-15,10,517.75927734375
48262,1,46,2,-12.5,12.5,-12.5,12.5,518.159423828125
48262,1,48,2,-10,10,-10,10,518.34332275390625
48262,1,41,2,-6.5,15,-6.5,15,518.7423095703125
48262,1,7,2,6.5,15,6.5,15,519.84332275390625
48262,1,8,2,10,15,10,15,520.14227294921875
48262,1,9,2,15,15,15,15,520.54327392578125
48262,1,5,2,12.5,17.5,12.5,17.5,520.69342041015625
48262,1,13,2,17.5,12.5,17.5,12.5,520.84228515625
48262,1,15,2,15,10,15,10,521.02630615234375
48262,1,17,2,15,6.5,15,6.5,521.326416015625
48262,1,34,2,15,-6.5,15,-6.5,522.42626953125
48262,1,32,2,15,-10,15,-10,522.70941162109375
48262,1,26,2,17.5,-12.5,15,-15,523.12628173828125
48262,1,30,2,17.5,-12.5,17.5,-12.5,523.143310546875
48262,1,25,2,10,-15,10,-15,523.4932861328125
48262,1,24,2,6.5,-15,6.5,-15,523.79241943359375
48262,1,58,2,-6.5,-15,-6.5,-15,524.893310546875
48262,1,59,2,-10,-15,-10,-15,525.159423828125
48262,1,60,2,-15,-15,-15,-15,525.59228515625
48262,1,64,2,-17.5,-12.5,-17.5,-12.5,525.84228515625
48262,1,66,2,-15,-10,-15,-10,525.9932861328125
48262,1,68,2,-15,-6.5,-15,-6.5,526.29241943359375
48262,1,51,2,-15,6.5,-15,6.5,527.35931396484375
48262,1,49,2,-15,10,-15,10,527.659423828125
48262,1,43,2,-15,15,-15,15,528.09332275390625
48262,1,47,2,-17.5,12.5,-17.5,12.5,528.14227294921875
48262,1,42,2,-10,15,-10,15,528.4923095703125
48262,1,41,2,-6.5,15,-6.5,15,528.79241943359375
48262,1,7,2,6.5,15,6.5,15,529.8582763671875
48262,1,8,2,10,15,10,15,530.143310546875
48262,1,9,2,15,15,15,15,530.559326171875
48262,1,13,2,17.5,12.5,17.5,12.5,530.8582763671875
48262,1,15,2,15,10,15,10,531.059326171875
48262,1,17,2,15,6.5,15,6.5,531.35931396484375
48262,1,34,2,15,-6.5,15,-6.5,532.44232177734375
48262,1,32,2,15,-10,15,-10,532.726318359375
48262,1,30,2,17.5,-12.5,17.5,-12.5,532.94232177734375
48262,1,26,2,15,-15,15,-15,533.14227294921875
48262,1,25,2,10,-15,10,-15,533.60931396484375
48262,1,24,2,6.5,-15,6.5,-15,533.89227294921875
48262,2,17,5,15,6.5,15,6.5,540.8582763671875
48262,2,15,5,15,10,15,10,541.19342041015625
48262,2,13,4,12.5,12.5,17.5,12.5,541.64227294921875
48262,2,12,4,12.5,12.5,12.5,12.5,541.6602783203125
48262,2,8,5,10,15,10,15,541.85931396484375
48262,2,7,5,6.5,15,6.5,15,542.19232177734375
48262,2,41,5,-6.5,15,-6.5,15,543.25927734375
48262,2,42,5,-10,15,-10,15,543.559326171875
48262,2,43,2,-15,15,-15,15,544.02630615234375
48262,2,47,4,-17.5,12.5,-17.5,12.5,544.226318359375
48262,2,49,5,-15,10,-15,10,544.326416015625
48262,2,51,5,-15,6.5,-15,6.5,544.64227294921875
48262,2,68,5,-15,-6.5,-15,-6.5,545.726318359375
48262,2,66,5,-15,-10,-15,-10,546.02630615234375
48262,2,64,4,-17.5,-12.5,-17.5,-12.5,546.2423095703125
48262,2,60,2,-15,-15,-15,-15,546.4923095703125
48262,2,56,4,-12.5,-17.5,-12.5,-17.5,546.72528076171875
48262,2,59,5,-10,-15,-10,-15,546.84228515625
48262,2,58,5,-6.5,-15,-6.5,-15,547.143310546875
48262,2,24,5,6.5,-15,6.5,-15,548.22528076171875
48262,2,25,5,10,-15,10,-15,548.52630615234375
48262,2,26,2,15,-15,15,-15,548.9932861328125
48262,2,30,4,17.5,-12.5,17.5,-12.5,549.20941162109375
48262,2,32,5,15,-10,15,-10,549.29241943359375
48262,2,34,5,15,-6.5,15,-6.5,549.60931396484375
48262,2,17,5,15,6.5,15,6.5,550.69342041015625
48262,2,15,5,15,10,15,10,550.95941162109375
48262,2,9,2,15,15,15,15,551.44232177734375
48262,2,5,4,12.5,17.5,12.5,17.5,551.659423828125
48262,2,8,5,10,15,10,15,551.826416015625
48262,2,7,5,6.5,15,6.5,15,552.143310546875
48262,2,41,5,-6.5,15,-6.5,15,553.226318359375
48262,2,42,5,-10,15,-10,15,553.50927734375
48262,2,39,4,-12.5,17.5,-12.5,17.5,553.7432861328125
48262,2,43,2,-15,15,-15,15,553.95941162109375
48262,2,47,4,-17.5,12.5,-17.5,12.5,554.2423095703125
48262,2,49,5,-15,10,-15,10,554.409423828125
48262,2,51,5,-15,6.5,-15,6.5,554.726318359375
48262,2,68,5,-15,-6.5,-15,-6.5,555.809326171875
48262,2,66,5,-15,-10,-15,-10,556.10931396484375
48262,2,64,4,-17.5,-12.5,-17.5,-12.5,556.326416015625
48262,2,60,2,-15,-15,-15,-15,556.70831298828125
48262,2,57,2,-17.5,-17.5,-17.5,-17.5,556.75927734375
48262,2,56,4,-12.5,-17.5,-12.5,-17.5,556.909423828125
48262,2,59,5,-10,-15,-10,-15,557.1082763671875
48262,2,58,5,-6.5,-15,-6.5,-15,557.39227294921875
48262,2,24,5,6.5,-15,6.5,-15,558.45831298828125
48262,2,25,5,10,-15,10,-15,558.75927734375
48262,2,22,4,12.5,-17.5,12.5,-17.5,559.00927734375
48262,2,26,2,15,-15,15,-15,559.226318359375
48262,2,32,5,15,-10,15,-10,559.559326171875
48262,2,34,5,15,-6.5,15,-6.5,559.8582763671875
48262,2,17,5,15,6.5,15,6.5,560.94232177734375
48262,2,15,5,15,10,15,10,561.226318359375
48262,2,9,2,15,15,15,15,561.70941162109375
48262,2,5,4,12.5,17.5,12.5,17.5,561.89227294921875
48262,2,8,5,10,15,10,15,561.9923095703125
48262,2,7,5,6.5,15,6.5,15,562.309326171875
48262,2,41,5,-6.5,15,-6.5,15,563.39227294921875
48262,2,42,5,-10,15,-10,15,563.69232177734375
48262,2,39,4,-12.5,17.5,-12.5,17.5,563.909423828125
48262,2,43,2,-15,15,-15,15,564.143310546875
48262,2,49,5,-15,10,-15,10,564.44232177734375
48262,2,51,5,-15,6.5,-15,6.5,564.7423095703125
48262,2,68,5,-15,-6.5,-15,-6.5,565.84228515625
48262,2,66,5,-15,-10,-15,-10,566.12628173828125
48262,2,60,2,-15,-15,-15,-15,566.59332275390625
48262,2,56,4,-12.5,-17.5,-12.5,-17.5,566.79241943359375
48262,2,59,5,-10,-15,-10,-15,566.85931396484375
48262,2,58,5,-6.5,-15,-6.5,-15,567.159423828125
48262,2,24,5,6.5,-15,6.5,-15,568.2432861328125
48262,2,25,5,10,-15,10,-15,568.54241943359375
48262,2,26,2,15,-15,15,-15,569.00927734375
48262,2,30,4,17.5,-12.5,17.5,-12.5,569.226318359375
48262,2,32,5,15,-10,15,-10,569.326416015625
48262,2,34,5,15,-6.5,15,-6.5,569.62628173828125
48262,2,17,5,15,6.5,15,6.5,570.70941162109375
48262,2,15,5,15,10,15,10,571.00927734375
48262,2,9,2,15,15,15,15,571.45831298828125
48262,2,13,4,12.5,12.5,17.5,12.5,571.4923095703125
48262,2,12,4,12.5,12.5,12.5,12.5,571.50927734375
48262,2,8,5,10,15,10,15,571.659423828125
48262,2,7,5,6.5,15,6.5,15,571.94232177734375
48262,2,41,5,-6.5,15,-6.5,15,573.04241943359375
48262,2,42,5,-10,15,-10,15,573.3253173828125
48262,2,46,4,-12.5,12.5,-12.5,12.5,573.54241943359375
48262,2,49,5,-15,10,-15,10,573.9254150390625
48262,2,47,4,-17.5,12.5,-17.5,12.5,573.95941162109375
48262,2,51,5,-15,6.5,-15,6.5,574.2423095703125
48262,2,68,5,-15,-6.5,-15,-6.5,575.3253173828125
48262,2,66,5,-15,-10,-15,-10,575.60931396484375
48262,2,64,4,-17.5,-12.5,-17.5,-12.5,575.84228515625
48262,2,60,2,-15,-15,-15,-15,576.09228515625
48262,2,56,4,-12.5,-17.5,-12.5,-17.5,576.326416015625
48262,2,59,5,-10,-15,-10,-15,576.45941162109375
48262,2,58,5,-6.5,-15,-6.5,-15,576.75927734375
48262,2,24,5,6.5,-15,6.5,-15,577.84228515625
48262,2,25,5,10,-15,10,-15,578.143310546875
48262,2,22,4,12.5,-17.5,12.5,-17.5,578.35931396484375
48262,2,26,2,15,-15,15,-15,578.60931396484375
48262,2,30,4,17.5,-12.5,17.5,-12.5,578.8253173828125
48262,2,32,5,15,-10,15,-10,578.94342041015625
48262,2,34,5,15,-6.5,15,-6.5,579.2423095703125
48262,2,17,5,15,6.5,15,6.5,580.326416015625
48262,2,15,5,15,10,15,10,580.60931396484375
48262,2,9,2,15,15,15,15,581.09332275390625
48262,2,5,4,12.5,17.5,12.5,17.5,581.29327392578125
48262,2,8,5,10,15,10,15,581.409423828125
48262,2,7,5,6.5,15,6.5,15,581.70941162109375
48262,2,41,5,-6.5,15,-6.5,15,582.809326171875
48262,2,42,5,-10,15,-10,15,583.09332275390625
48262,2,39,4,-12.5,17.5,-12.5,17.5,583.309326171875
48262,2,43,2,-15,15,-15,15,583.54241943359375
48262,2,47,4,-17.5,12.5,-17.5,12.5,583.809326171875
48262,2,49,5,-15,10,-15,10,583.94232177734375
48262,2,51,5,-15,6.5,-15,6.5,584.2423095703125
48262,2,68,5,-15,-6.5,-15,-6.5,585.326416015625
48262,2,66,5,-15,-10,-15,-10,585.62530517578125
48262,2,64,4,-17.5,-12.5,-17.5,-12.5,585.85931396484375
48262,2,60,2,-15,-15,-15,-15,586.09332275390625
48262,2,56,4,-12.5,-17.5,-12.5,-17.5,586.326416015625
48262,2,59,5,-10,-15,-10,-15,586.45941162109375
48262,2,58,5,-6.5,-15,-6.5,-15,586.75927734375
48262,2,24,5,6.5,-15,6.5,-15,587.84228515625
48262,2,25,5,10,-15,10,-15,588.14227294921875
48262,2,26,2,15,-15,15,-15,588.60931396484375
48262,2,30,4,17.5,-12.5,17.5,-12.5,588.809326171875
48262,2,32,5,15,-10,15,-10,588.9254150390625
48262,2,34,5,15,-6.5,15,-6.5,589.22528076171875
48262,2,17,5,15,6.5,15,6.5,590.309326171875
48262,2,15,5,15,10,15,10,590.60931396484375
48262,2,9,2,15,15,15,15,591.059326171875
48262,2,5,4,12.5,17.5,12.5,17.5,591.3253173828125
48262,2,8,5,10,15,10,15,591.52532958984375
48262,2,7,5,6.5,15,6.5,15,591.826416015625
48262,2,41,5,-6.5,15,-6.5,15,592.9254150390625
48262,2,42,5,-10,15,-10,15,593.20941162109375
48262,2,39,4,-12.5,17.5,-12.5,17.5,593.44232177734375
48262,2,43,2,-15,15,-15,15,593.6583251953125
48262,2,47,4,-17.5,12.5,-17.5,12.5,593.92626953125
48262,2,49,5,-15,10,-15,10,594.059326171875
48262,2,51,5,-15,6.5,-15,6.5,594.35931396484375
48262,2,68,5,-15,-6.5,-15,-6.5,595.44232177734375
48262,2,66,5,-15,-10,-15,-10,595.7423095703125
48262,2,60,2,-15,-15,-15,-15,596.20941162109375
48262,2,64,4,-17.5,-12.5,-17.5,-12.5,596.35931396484375
48262,2,56,4,-12.5,-17.5,-12.5,-17.5,596.42626953125
48262,2,59,5,-10,-15,-10,-15,596.62628173828125
48262,2,58,5,-6.5,-15,-6.5,-15,596.9254150390625
48262,2,24,5,6.5,-15,6.5,-15,598.00927734375
48262,2,25,5,10,-15,10,-15,598.309326171875
48262,2,22,4,12.5,-17.5,12.5,-17.5,598.52630615234375
48262,2,26,2,15,-15,15,-15,598.7584228515625
48262,2,30,4,17.5,-12.5,17.5,-12.5,599.04241943359375
48262,2,32,5,15,-10,15,-10,599.226318359375
48262,2,34,5,15,-6.5,15,-6.5,599.50927734375
48262,2,17,5,15,6.5,15,6.5,600.59228515625
48262,2,15,5,15,10,15,10,600.89227294921875
48262,2,13,4,17.5,12.5,17.5,12.5,601.10931396484375
48262,2,9,2,15,15,15,15,601.34228515625
48262,2,5,4,12.5,17.5,12.5,17.5,601.60931396484375
48262,2,8,5,10,15,10,15,601.809326171875
48262,2,7,5,6.5,15,6.5,15,602.10931396484375
48262,2,41,5,-6.5,15,-6.5,15,603.19232177734375
48262,2,42,5,-10,15,-10,15,603.45941162109375
48262,2,39,4,-12.5,17.5,-12.5,17.5,603.70941162109375
48262,2,43,2,-15,15,-15,15,603.9254150390625
48262,2,46,4,-12.5,12.5,-12.5,12.5,604.309326171875
48262,2,49,5,-15,10,-15,10,604.409423828125
48262,2,51,5,-15,6.5,-15,6.5,604.70831298828125
48262,2,68,5,-15,-6.5,-15,-6.5,605.79327392578125
48262,2,66,5,-15,-10,-15,-10,606.09228515625
48262,2,63,4,-12.5,-12.5,-12.5,-12.5,606.309326171875
48262,2,60,2,-15,-15,-15,-15,606.54327392578125
48262,2,56,4,-12.5,-17.5,-12.5,-17.5,606.726318359375
48262,2,59,5,-10,-15,-10,-15,606.75927734375
48262,2,58,5,-6.5,-15,-6.5,-15,607.09228515625
48262,2,24,5,6.5,-15,6.5,-15,608.159423828125
48262,2,25,5,10,-15,10,-15,608.45831298828125
48262,2,26,2,15,-15,15,-15,608.9254150390625
48262,2,30,4,17.5,-12.5,17.5,-12.5,609.143310546875
48262,2,32,5,15,-10,15,-10,609.25927734375
48262,2,34,5,15,-6.5,15,-6.5,609.59228515625
48262,2,17,5,15,6.5,15,6.5,610.659423828125
48262,2,15,5,15,10,15,10,610.94342041015625
48262,2,13,4,17.5,12.5,17.5,12.5,611.19232177734375
48262,2,9,2,15,15,15,15,611.4254150390625
48262,2,5,4,12.5,17.5,12.5,17.5,611.69232177734375
48262,2,8,5,10,15,10,15,611.85931396484375
48262,2,7,5,6.5,15,6.5,15,612.143310546875
48262,2,41,5,-6.5,15,-6.5,15,613.22528076171875
48262,2,42,5,-10,15,-10,15,613.52630615234375
48262,2,43,2,-15,15,-15,15,614.059326171875
48262,2,47,4,-17.5,12.5,-17.5,12.5,614.35931396484375
48262,2,49,5,-15,10,-15,10,614.59228515625
48262,2,51,5,-15,6.5,-15,6.5,614.8582763671875
48262,2,68,5,-15,-6.5,-15,-6.5,615.94232177734375
48262,2,66,5,-15,-10,-15,-10,616.22528076171875
48262,2,64,4,-17.5,-12.5,-17.5,-12.5,616.45831298828125
48262,2,57,2,-17.5,-17.5,-17.5,-17.5,616.909423828125
48262,2,56,4,-12.5,-17.5,-12.5,-17.5,617.19232177734375
48262,2,58,5,-6.5,-15,-6.5,-15,617.79327392578125
48262,2,24,5,6.5,-15,6.5,-15,618.75927734375
48262,2,25,5,10,-15,10,-15,619.04241943359375
48262,2,22,4,12.5,-17.5,12.5,-17.5,619.29241943359375
48262,2,26,2,15,-15,15,-15,619.52630615234375
48262,2,30,4,17.5,-12.5,17.5,-12.5,619.8253173828125
48262,2,32,5,15,-10,15,-10,620.04241943359375
48262,2,34,5,15,-6.5,15,-6.5,620.34332275390625
48262,2,17,5,15,6.5,15,6.5,621.42626953125
48262,2,15,5,15,10,15,10,621.70941162109375
48262,2,13,4,17.5,12.5,17.5,12.5,621.94232177734375
48262,2,9,2,15,15,15,15,622.19232177734375
48262,2,8,5,10,15,10,15,622.52532958984375
48262,2,7,5,6.5,15,6.5,15,622.826416015625
48262,2,41,5,-6.5,15,-6.5,15,623.909423828125
48262,2,42,5,-10,15,-10,15,624.19232177734375
48262,2,43,2,-15,15,-15,15,624.64227294921875
48262,2,47,4,-17.5,12.5,-17.5,12.5,624.84228515625
48262,2,49,5,-15,10,-15,10,624.92626953125
48262,2,51,5,-15,6.5,-15,6.5,625.24127197265625
48262,2,68,5,-15,-6.5,-15,-6.5,626.3253173828125
48262,2,66,5,-15,-10,-15,-10,626.60931396484375
48262,2,60,2,-15,-15,-15,-15,627.09228515625
48262,2,64,4,-17.5,-12.5,-17.5,-12.5,627.12530517578125
48262,2,56,4,-12.5,-17.5,-12.5,-17.5,627.309326171875
48262,2,59,5,-10,-15,-10,-15,627.409423828125
48262,2,58,5,-6.5,-15,-6.5,-15,627.70941162109375
48262,2,24,5,6.5,-15,6.5,-15,628.79241943359375
48262,2,25,5,10,-15,10,-15,629.09228515625
48262,2,26,2,15,-15,15,-15,629.54241943359375
48262,3,17,1,15,6.5,15,6.5,636.22528076171875
48262,3,15,1,15,10,15,10,636.34228515625
48262,3,12,2,12.5,12.5,12.5,12.5,636.52630615234375
48262,3,9,4,15,15,15,15,636.70941162109375
48262,3,5,2,12.5,17.5,12.5,17.5,636.9254150390625
48262,3,8,1,10,15,10,15,637.00927734375
48262,3,7,1,6.5,15,6.5,15,637.326416015625
48262,3,24,1,-6.5,15,-6.5,15,638.409423828125
48262,3,25,1,-10,15,-10,15,638.70941162109375
48262,3,22,2,-12.5,17.5,-12.5,17.5,638.89227294921875
48262,3,26,4,-15,15,-15,15,639.0604248046875
48262,3,30,2,-17.5,12.5,-17.5,12.5,639.39227294921875
48262,3,64,2,-17.5,-12.5,-17.5,-12.5,641.50927734375
48262,3,60,4,-15,-15,-15,-15,641.69232177734375
48262,3,59,1,-10,-15,-10,-15,642.20941162109375
48262,3,58,1,-6.5,-15,-6.5,-15,642.50927734375
48262,3,41,1,6.5,-15,6.5,-15,643.59228515625
48262,3,42,1,10,-15,10,-15,643.85931396484375
48262,3,43,4,15,-15,15,-15,644.2423095703125
48262,3,47,2,17.5,-12.5,17.5,-12.5,644.52630615234375
48262,3,51,1,15,-6.5,15,-6.5,645.12628173828125
48262,3,17,1,15,6.5,15,6.5,646.14227294921875
48262,3,15,1,15,10,15,10,646.4254150390625
48262,3,9,4,15,15,15,15,646.79241943359375
48262,3,12,2,12.5,12.5,12.5,12.5,646.95941162109375
48262,3,8,1,10,15,10,15,647.12628173828125
48262,3,7,1,6.5,15,6.5,15,647.4254150390625
48262,3,24,1,-6.5,15,-6.5,15,648.50927734375
48262,3,25,1,-10,15,-10,15,648.79241943359375
48262,3,29,2,-12.5,12.5,-12.5,12.5,648.9923095703125
48262,3,26,4,-15,15,-15,15,649.1583251953125
48262,3,32,1,-15,10,-15,10,649.35931396484375
48262,3,34,1,-15,6.5,-15,6.5,649.659423828125
48262,3,68,1,-15,-6.5,-15,-6.5,650.7423095703125
48262,3,66,1,-15,-10,-15,-10,651.02630615234375
48262,3,63,2,-12.5,-12.5,-12.5,-12.5,651.22528076171875
48262,3,60,4,-15,-15,-15,-15,651.409423828125
48262,3,59,1,-10,-15,-10,-15,651.64227294921875
48262,3,58,1,-6.5,-15,-6.5,-15,651.94232177734375
48262,3,41,1,6.5,-15,6.5,-15,653.02630615234375
48262,3,42,1,10,-15,10,-15,653.309326171875
48262,3,43,4,15,-15,15,-15,653.69232177734375
48262,3,47,2,17.5,-12.5,17.5,-12.5,653.9254150390625
48262,3,49,1,15,-10,15,-10,654.10931396484375
48262,3,51,1,15,-6.5,15,-6.5,654.39227294921875
48262,3,17,1,15,6.5,15,6.5,655.4923095703125
48262,3,15,1,15,10,15,10,655.75927734375
48262,3,9,4,15,15,15,15,656.14227294921875
48262,3,13,2,17.5,12.5,17.5,12.5,656.19232177734375
48262,3,8,1,10,15,10,15,656.52532958984375
48262,3,7,1,6.5,15,6.5,15,656.809326171875
48262,3,24,1,-6.5,15,-6.5,15,657.89227294921875
48262,3,25,1,-10,15,-10,15,658.19232177734375
48262,3,26,4,-15,15,-15,15,658.55828857421875
48262,3,30,2,-17.5,12.5,-17.5,12.5,658.809326171875
48262,3,34,1,-15,6.5,-15,6.5,659.59228515625
48262,3,63,2,-12.5,-12.5,-12.5,-12.5,661.0084228515625
48262,3,59,1,-10,-15,-10,-15,661.3253173828125
48262,3,58,1,-6.5,-15,-6.5,-15,661.643310546875
48262,3,41,1,6.5,-15,6.5,-15,662.72528076171875
48262,3,42,1,10,-15,10,-15,663.02532958984375
48262,3,43,4,15,-15,15,-15,663.39227294921875
48262,3,47,2,17.5,-12.5,17.5,-12.5,663.659423828125
48262,3,49,1,15,-10,15,-10,663.8253173828125
48262,3,51,1,15,-6.5,15,-6.5,664.12628173828125
48262,3,17,1,15,6.5,15,6.5,665.20941162109375
48262,3,15,1,15,10,15,10,665.50927734375
48262,3,9,4,15,15,15,15,665.85931396484375
48262,3,5,2,12.5,17.5,12.5,17.5,666.159423828125
48262,3,8,1,10,15,10,15,666.2584228515625
48262,3,7,1,6.5,15,6.5,15,666.559326171875
48262,3,24,1,-6.5,15,-6.5,15,667.64227294921875
48262,3,25,1,-10,15,-10,15,667.94232177734375
48262,3,26,4,-15,15,-15,15,668.3253173828125
48262,3,30,2,-17.5,12.5,-17.5,12.5,668.60931396484375
48262,3,32,1,-15,10,-15,10,668.79241943359375
48262,3,34,1,-15,6.5,-15,6.5,669.09228515625
48262,3,68,1,-15,-6.5,-15,-6.5,670.159423828125
48262,3,66,1,-15,-10,-15,-10,670.4412841796875
48262,3,60,4,-15,-15,-15,-15,670.8253173828125
48262,3,64,2,-17.5,-12.5,-17.5,-12.5,671.00927734375
48262,3,56,2,-12.5,-17.5,-12.5,-17.5,671.14227294921875
48262,3,59,1,-10,-15,-10,-15,671.35931396484375
48262,3,58,1,-6.5,-15,-6.5,-15,671.659423828125
48262,3,41,1,6.5,-15,6.5,-15,672.7423095703125
48262,3,42,1,10,-15,10,-15,673.04241943359375
48262,3,39,2,12.5,-17.5,12.5,-17.5,673.226318359375
48262,3,43,4,15,-15,15,-15,673.409423828125
48262,3,46,2,12.5,-12.5,12.5,-12.5,673.6082763671875
48262,3,49,1,15,-10,15,-10,673.809326171875
48262,3,51,1,15,-6.5,15,-6.5,674.09228515625
48262,3,17,1,15,6.5,15,6.5,675.19232177734375
48262,3,15,1,15,10,15,10,675.45941162109375
48262,3,9,4,15,15,15,15,675.84228515625
48262,3,12,2,12.5,12.5,12.5,12.5,675.909423828125
48262,3,8,1,10,15,10,15,676.14227294921875
48262,3,7,1,6.5,15,6.5,15,676.44232177734375
48262,3,24,1,-6.5,15,-6.5,15,677.52532958984375
48262,3,25,1,-10,15,-10,15,677.8253173828125
48262,3,26,4,-15,15,-15,15,678.20941162109375
48262,3,30,2,-17.5,12.5,-17.5,12.5,678.45941162109375
48262,3,32,1,-15,10,-15,10,678.70941162109375
48262,3,34,1,-15,6.5,-15,6.5,678.95941162109375
48262,3,68,1,-15,-6.5,-15,-6.5,680.04241943359375
48262,3,66,1,-15,-10,-15,-10,680.34228515625
48262,3,64,2,-17.5,-12.5,-17.5,-12.5,680.52532958984375
48262,3,60,4,-15,-15,-15,-15,680.726318359375
48262,3,57,4,-17.5,-17.5,-17.5,-17.5,680.909423828125
48262,3,56,2,-12.5,-17.5,-12.5,-17.5,681.09228515625
48262,3,59,1,-10,-15,-10,-15,681.309326171875
48262,3,58,1,-6.5,-15,-6.5,-15,681.59228515625
48262,3,41,1,6.5,-15,6.5,-15,682.659423828125
48262,3,42,1,10,-15,10,-15,682.95941162109375
48262,3,39,2,12.5,-17.5,12.5,-17.5,683.159423828125
48262,3,43,4,15,-15,15,-15,683.34228515625
48262,3,47,2,17.5,-12.5,17.5,-12.5,683.64141845703125
48262,3,49,1,15,-10,15,-10,683.8253173828125
48262,3,51,1,15,-6.5,15,-6.5,684.12530517578125
48262,3,17,1,15,6.5,15,6.5,685.20941162109375
48262,3,15,1,15,10,15,10,685.4923095703125
48262,3,9,4,15,15,15,15,686.409423828125
48262,3,5,2,12.5,17.5,12.5,17.5,686.70941162109375
48262,3,8,1,10,15,10,15,686.89227294921875
48262,3,7,1,6.5,15,6.5,15,687.1912841796875
48262,3,24,1,-6.5,15,-6.5,15,688.25927734375
48262,3,25,1,-10,15,-10,15,688.559326171875
48262,3,22,2,-12.5,17.5,-12.5,17.5,688.7423095703125
48262,3,26,4,-15,15,-15,15,688.9254150390625
48262,3,23,4,-17.5,17.5,-17.5,17.5,689.14227294921875
48262,3,30,2,-17.5,12.5,-17.5,12.5,689.29241943359375
48262,3,34,1,-15,6.5,-15,6.5,689.9923095703125
48262,3,68,1,-15,-6.5,-15,-6.5,690.99127197265625
48262,3,66,1,-15,-10,-15,-10,691.29241943359375
48262,3,60,4,-15,-15,-15,-15,691.659423828125
48262,3,56,2,-12.5,-17.5,-12.5,-17.5,691.9254150390625
48262,3,59,1,-10,-15,-10,-15,692.09228515625
48262,3,58,1,-6.5,-15,-6.5,-15,692.39227294921875
48262,3,41,1,6.5,-15,6.5,-15,693.45941162109375
48262,3,42,1,10,-15,10,-15,693.7584228515625
48262,3,39,2,12.5,-17.5,12.5,-17.5,693.95941162109375
48262,3,43,4,15,-15,15,-15,694.14227294921875
48262,3,47,2,17.5,-12.5,17.5,-12.5,694.45941162109375
48262,3,49,1,15,-10,15,-10,694.659423828125
48262,3,51,1,15,-6.5,15,-6.5,694.9412841796875
48262,3,17,1,15,6.5,15,6.5,696.02630615234375
48262,3,15,1,15,10,15,10,696.3253173828125
48262,3,9,4,15,15,15,15,696.6754150390625
48262,3,13,2,17.5,12.5,17.5,12.5,696.75927734375
48262,3,5,2,12.5,17.5,12.5,17.5,697.00927734375
48262,3,8,1,10,15,10,15,697.159423828125
48262,3,7,1,6.5,15,6.5,15,697.45941162109375
48262,3,24,1,-6.5,15,-6.5,15,698.54132080078125
48262,3,25,1,-10,15,-10,15,699.44232177734375
48262,3,26,4,-15,15,-15,15,699.809326171875
48262,3,30,2,-17.5,12.5,-17.5,12.5,700.12628173828125
48262,3,64,2,-17.5,-12.5,-17.5,-12.5,702.20941162109375
48262,3,60,4,-15,-15,-15,-15,702.39227294921875
48262,3,59,1,-10,-15,-10,-15,702.9254150390625
48262,3,58,1,-6.5,-15,-6.5,-15,703.22528076171875
48262,3,41,1,6.5,-15,6.5,-15,704.309326171875
48262,3,42,1,10,-15,10,-15,704.59228515625
48262,3,43,4,15,-15,15,-15,704.95831298828125
48262,3,49,1,15,-10,15,-10,705.35931396484375
48262,3,51,1,15,-6.5,15,-6.5,705.659423828125
48262,3,15,1,15,10,15,10,707.02630615234375
48262,3,9,4,15,15,15,15,707.409423828125
48262,3,5,2,12.5,17.5,12.5,17.5,707.6583251953125
48262,3,8,1,10,15,10,15,707.79241943359375
48262,3,7,1,6.5,15,6.5,15,708.09228515625
48262,3,24,1,-6.5,15,-6.5,15,709.19232177734375
48262,3,25,1,-10,15,-10,15,709.5084228515625
48262,3,26,4,-15,15,-15,15,709.89227294921875
48262,3,30,2,-17.5,12.5,-17.5,12.5,710.159423828125
48262,3,32,1,-15,10,-15,10,710.34228515625
48262,3,34,1,-15,6.5,-15,6.5,710.64141845703125
48262,3,68,1,-15,-6.5,-15,-6.5,711.72528076171875
48262,3,66,1,-15,-10,-15,-10,712.02532958984375
48262,3,64,2,-17.5,-12.5,-17.5,-12.5,712.20941162109375
48262,3,60,4,-15,-15,-15,-15,712.409423828125
48262,3,59,1,-10,-15,-10,-15,712.89227294921875
48262,3,58,1,-6.5,-15,-6.5,-15,713.1583251953125
48262,3,41,1,6.5,-15,6.5,-15,714.2423095703125
48262,3,42,1,10,-15,10,-15,714.54241943359375
48262,3,43,4,15,-15,15,-15,714.9254150390625
48262,3,47,2,17.5,-12.5,17.5,-12.5,715.20941162109375
48262,3,49,1,15,-10,15,-10,715.409423828125
48262,3,51,1,15,-6.5,15,-6.5,715.70941162109375
48262,3,17,1,15,6.5,15,6.5,716.79132080078125
48262,3,15,1,15,10,15,10,717.09332275390625
48262,3,13,2,17.5,12.5,17.5,12.5,717.25927734375
48262,3,9,4,15,15,15,15,717.44232177734375
48262,3,6,4,17.5,17.5,17.5,17.5,717.64227294921875
48262,3,5,2,12.5,17.5,12.5,17.5,717.809326171875
48262,3,8,1,10,15,10,15,718.02532958984375
48262,3,7,1,6.5,15,6.5,15,718.3253173828125
48262,3,24,1,-6.5,15,-6.5,15,719.409423828125
48262,3,25,1,-10,15,-10,15,719.70941162109375
48262,3,26,4,-15,15,-15,15,720.09228515625
48262,3,30,2,-17.5,12.5,-17.5,12.5,720.35931396484375
48262,3,32,1,-15,10,-15,10,720.54241943359375
48262,3,34,1,-15,6.5,-15,6.5,720.84228515625
48262,3,68,1,-15,-6.5,-15,-6.5,721.9254150390625
48262,3,66,1,-15,-10,-15,-10,722.22528076171875
48262,3,64,2,-17.5,-12.5,-17.5,-12.5,722.4083251953125
48262,3,60,4,-15,-15,-15,-15,722.59228515625
48262,3,63,2,-12.5,-12.5,-12.5,-12.5,722.8582763671875
48262,3,59,1,-10,-15,-10,-15,722.95831298828125
48262,3,58,1,-6.5,-15,-6.5,-15,723.2584228515625
48262,3,41,1,6.5,-15,6.5,-15,724.34228515625
48262,3,42,1,10,-15,10,-15,724.64227294921875
48262,3,46,2,12.5,-12.5,12.5,-12.5,724.8242797851564
48262,3,43,4,15,-15,15,-15,725.00927734375
48262,3,49,1,15,-10,15,-10,725.22528076171875
48262,3,51,1,15,-6.5,15,-6.5,725.50927734375
48262,3,17,1,15,6.5,15,6.5,726.59228515625
48262,3,14,1,10,10,10,10,727.0253295898436
48262,3,8,1,10,15,10,15,727.409423828125
48262,3,7,1,6.5,15,6.5,15,727.72528076171875
48262,3,24,1,-6.5,15,-6.5,15,728.8242797851564
48262,3,25,1,-10,15,-10,15,729.059326171875
48262,3,22,2,-12.5,17.5,-12.5,17.5,729.25927734375
48262,3,26,4,-15,15,-15,15,729.4423217773436
48262,3,30,2,-17.5,12.5,-17.5,12.5,729.75927734375
48262,3,32,1,-15,10,-15,10,729.95941162109375
48262,3,34,1,-15,6.5,-15,6.5,730.25927734375
48262,3,68,1,-15,-6.5,-15,-6.5,731.34228515625
48262,3,66,1,-15,-10,-15,-10,731.62530517578125
48262,3,60,4,-15,-15,-15,-15,732.00927734375
48262,3,64,2,-17.5,-12.5,-17.5,-12.5,732.05828857421875
48262,3,63,2,-12.5,-12.5,-12.5,-12.5,732.2423095703125
48262,3,59,1,-10,-15,-10,-15,732.3593139648436
48262,3,58,1,-6.5,-15,-6.5,-15,732.6583251953125
48262,3,41,1,6.5,-15,6.5,-15,733.7412719726564
48262,3,42,1,10,-15,10,-15,734.04241943359375
48262,3,46,2,12.5,-12.5,12.5,-12.5,734.22528076171875
48262,3,43,4,15,-15,15,-15,734.4083251953125
48262,3,47,2,17.5,-12.5,17.5,-12.5,734.64227294921875
48262,3,51,1,15,-6.5,15,-6.5,735.14227294921875
48262,3,17,1,15,6.5,15,6.5,736.2423095703125
48262,3,12,2,12.5,12.5,12.5,12.5,737.3253173828125
48262,3,9,4,15,15,15,15,737.5084228515625
48262,3,5,2,12.5,17.5,12.5,17.5,737.72528076171875
48262,3,7,1,6.5,15,6.5,15,738.309326171875
48262,3,29,2,-12.5,12.5,-12.5,12.5,739.809326171875
48262,3,26,4,-15,15,-15,15,739.9923095703125
48262,3,30,2,-17.5,12.5,-17.5,12.5,740.20941162109375
48262,3,32,1,-15,10,-15,10,740.2584228515625
48262,3,34,1,-15,6.5,-15,6.5,740.54241943359375
48262,3,68,1,-15,-6.5,-15,-6.5,741.64227294921875
48262,3,66,1,-15,-10,-15,-10,741.92730712890625
48262,3,64,2,-17.5,-12.5,-17.5,-12.5,742.12530517578125
48262,3,60,4,-15,-15,-15,-15,742.309326171875
48262,3,56,2,-12.5,-17.5,-12.5,-17.5,742.64227294921875
48262,3,59,1,-10,-15,-10,-15,742.84228515625
48262,3,58,1,-6.5,-15,-6.5,-15,743.14141845703125
48262,3,41,1,6.5,-15,6.5,-15,744.22528076171875
48262,3,42,1,10,-15,10,-15,744.5253295898436
48262,3,39,2,12.5,-17.5,12.5,-17.5,744.70941162109375
48262,3,43,4,15,-15,15,-15,744.87530517578125
48262,3,49,1,15,-10,15,-10,745.3604125976564
48262,3,51,1,15,-6.5,15,-6.5,745.6602783203125
48262,3,17,1,15,6.5,15,6.5,746.75927734375
48262,3,15,1,15,10,15,10,747.04241943359375
48262,3,9,4,15,15,15,15,747.4254150390625
48262,3,5,2,12.5,17.5,12.5,17.5,747.70941162109375
48262,3,29,2,-12.5,12.5,-12.5,12.5,749.8593139648436
48262,3,30,2,-17.5,12.5,-17.5,12.5,750.2584228515625
48262,3,63,2,-12.5,-12.5,-12.5,-12.5,752.42626953125
48262,3,60,4,-15,-15,-15,-15,752.6082763671875
48262,3,56,2,-12.5,-17.5,-12.5,-17.5,752.8253173828125
48262,3,59,1,-10,-15,-10,-15,752.95831298828125
48262,3,58,1,-6.5,-15,-6.5,-15,753.22528076171875
48262,3,41,1,6.5,-15,6.5,-15,754.30828857421875
48262,3,42,1,10,-15,10,-15,754.6093139648436
48262,3,39,2,12.5,-17.5,12.5,-17.5,754.79241943359375
48262,3,43,4,15,-15,15,-15,754.95831298828125
48262,3,49,1,15,-10,15,-10,755.4254150390625
48262,3,51,1,15,-6.5,15,-6.5,755.70941162109375
48262,3,17,1,15,6.5,15,6.5,756.80828857421875
48262,3,15,1,15,10,15,10,757.09130859375
48262,3,9,4,15,15,15,15,757.45831298828125
48262,3,8,1,10,15,10,15,757.8253173828125
48262,3,7,1,6.5,15,6.5,15,758.12530517578125
48262,3,24,1,-6.5,15,-6.5,15,759.20941162109375
48262,3,25,1,-10,15,-10,15,759.5084228515625
48262,3,26,4,-15,15,-15,15,759.8582763671875
48262,3,29,2,-12.5,12.5,-12.5,12.5,759.9254150390625
48262,3,32,1,-15,10,-15,10,760.159423828125
48262,3,34,1,-15,6.5,-15,6.5,760.4423217773436
48262,3,68,1,-15,-6.5,-15,-6.5,761.5253295898436
48262,3,66,1,-15,-10,-15,-10,761.8253173828125
48262,3,60,4,-15,-15,-15,-15,762.20941162109375
48262,3,56,2,-12.5,-17.5,-12.5,-17.5,762.4423217773436
48262,3,59,1,-10,-15,-10,-15,762.59228515625
48262,3,58,1,-6.5,-15,-6.5,-15,762.89227294921875
48262,3,41,1,6.5,-15,6.5,-15,763.9923095703125
48262,3,42,1,10,-15,10,-15,764.25927734375
48262,3,39,2,12.5,-17.5,12.5,-17.5,764.45831298828125
48262,3,43,4,15,-15,15,-15,764.64227294921875
48262,3,47,2,17.5,-12.5,17.5,-12.5,764.95831298828125
48262,3,49,1,15,-10,15,-10,765.1923217773436
48262,3,51,1,15,-6.5,15,-6.5,765.45831298828125
48262,3,17,1,15,6.5,15,6.5,766.559326171875
48262,3,15,1,15,10,15,10,766.84228515625
48262,3,9,4,15,15,15,15,767.20831298828125
48262,3,8,1,10,15,10,15,767.59228515625
48262,3,7,1,6.5,15,6.5,15,767.89227294921875
48262,3,24,1,-6.5,15,-6.5,15,768.9923095703125
48262,3,25,1,-10,15,-10,15,769.25927734375
48262,3,26,4,-15,15,-15,15,769.62530517578125
48262,3,29,2,-12.5,12.5,-12.5,12.5,769.7584228515625
48262,3,25,1,-15,10,-10,15,769.9423217773436
48262,3,32,1,-15,10,-15,10,769.95831298828125
48262,3,34,1,-15,6.5,-15,6.5,770.29241943359375
48262,3,68,1,-15,-6.5,-15,-6.5,771.3582763671875
48262,3,66,1,-15,-10,-15,-10,771.6583251953125
48262,3,60,4,-15,-15,-15,-15,772.0253295898436
48262,3,64,2,-17.5,-12.5,-17.5,-12.5,772.1093139648436
48262,3,59,1,-10,-15,-10,-15,772.4912719726564
48262,3,58,1,-6.5,-15,-6.5,-15,772.75927734375
48262,3,41,1,6.5,-15,6.5,-15,773.84228515625
48262,3,42,1,10,-15,10,-15,774.14141845703125
48262,3,43,4,15,-15,15,-15,774.5253295898436
48262,3,47,2,17.5,-12.5,17.5,-12.5,774.7584228515625
48262,3,49,1,15,-10,15,-10,774.909423828125
48262,3,51,1,15,-6.5,15,-6.5,775.20941162109375
48262,3,17,1,15,6.5,15,6.5,776.30828857421875
48262,3,15,1,15,10,15,10,776.59228515625
48262,3,9,4,15,15,15,15,776.95941162109375
48262,3,8,1,10,15,10,15,777.34228515625
48262,3,7,1,6.5,15,6.5,15,777.62530517578125
48262,3,24,1,-6.5,15,-6.5,15,778.72528076171875
48262,3,25,1,-10,15,-10,15,779.00927734375
48262,3,26,4,-15,15,-15,15,779.39227294921875
48262,3,30,2,-17.5,12.5,-17.5,12.5,779.62530517578125
48262,3,68,1,-15,-6.5,-15,-6.5,781.2423095703125
48262,3,66,1,-15,-10,-15,-10,781.54241943359375
48262,3,60,4,-15,-15,-15,-15,781.9254150390625
48262,3,56,2,-12.5,-17.5,-12.5,-17.5,782.2412719726564
48262,3,59,1,-10,-15,-10,-15,782.4412841796875
48262,3,58,1,-6.5,-15,-6.5,-15,782.7412719726564
48262,3,41,1,6.5,-15,6.5,-15,783.8253173828125
48262,3,42,1,10,-15,10,-15,784.1082763671875
48262,3,39,2,12.5,-17.5,12.5,-17.5,784.30828857421875
48262,3,43,4,15,-15,15,-15,784.4923095703125
48262,3,49,1,15,-10,15,-10,784.9254150390625
48262,3,51,1,15,-6.5,15,-6.5,785.22528076171875
48262,3,17,1,15,6.5,15,6.5,786.30828857421875
48262,3,15,1,15,10,15,10,786.6093139648436
48262,3,9,4,15,15,15,15,786.95831298828125
48262,3,8,1,10,15,10,15,787.30828857421875
48262,3,7,1,6.5,15,6.5,15,787.6093139648436
48262,3,24,1,-6.5,15,-6.5,15,788.6923217773436
48262,3,25,1,-10,15,-10,15,788.9912719726564
48262,3,26,4,-15,15,-15,15,789.3582763671875
48262,3,30,2,-17.5,12.5,-17.5,12.5,789.62530517578125
48262,3,32,1,-15,10,-15,10,789.7584228515625
48262,3,34,1,-15,6.5,-15,6.5,790.09228515625
48262,3,68,1,-15,-6.5,-15,-6.5,791.159423828125
48262,3,66,1,-15,-10,-15,-10,791.4423217773436
48262,3,60,4,-15,-15,-15,-15,791.8253173828125
48262,3,64,2,-17.5,-12.5,-17.5,-12.5,791.8582763671875
48262,3,59,1,-10,-15,-10,-15,792.2423095703125
48262,3,58,1,-6.5,-15,-6.5,-15,792.54241943359375
48262,3,41,1,6.5,-15,6.5,-15,793.62530517578125
48262,3,42,1,10,-15,10,-15,793.909423828125
48262,3,43,4,15,-15,15,-15,794.29241943359375
48262,3,47,2,17.5,-12.5,17.5,-12.5,794.54241943359375
48262,3,51,1,15,-6.5,15,-6.5,795.14227294921875
48262,3,17,1,15,6.5,15,6.5,796.12530517578125
48262,3,15,1,15,10,15,10,796.4254150390625
48262,3,13,2,17.5,12.5,17.5,12.5,796.6093139648436
48262,3,9,4,15,15,15,15,796.79241943359375
48262,3,8,1,10,15,10,15,797.2423095703125
48262,3,7,1,6.5,15,6.5,15,797.54241943359375
48262,3,24,1,-6.5,15,-6.5,15,798.62432861328125
48262,3,25,1,-10,15,-10,15,798.9254150390625
48262,3,26,4,-15,15,-15,15,799.29241943359375
48262,3,30,2,-17.5,12.5,-17.5,12.5,799.55828857421875
48262,3,32,1,-15,10,-15,10,799.7423095703125
48262,3,34,1,-15,6.5,-15,6.5,800.04241943359375
48262,3,68,1,-15,-6.5,-15,-6.5,801.12530517578125
48262,3,66,1,-15,-10,-15,-10,801.4083251953125
48262,3,64,2,-17.5,-12.5,-17.5,-12.5,801.6082763671875
48262,3,60,4,-15,-15,-15,-15,801.79241943359375
48262,3,57,4,-17.5,-17.5,-17.5,-17.5,802.0084228515625
48262,3,56,2,-12.5,-17.5,-12.5,-17.5,802.1923217773436
48262,3,58,1,-6.5,-15,-6.5,-15,802.79241943359375
48262,3,41,1,6.5,-15,6.5,-15,803.80828857421875
48262,3,42,1,10,-15,10,-15,804.1093139648436
48262,3,39,2,12.5,-17.5,12.5,-17.5,804.29241943359375
48262,3,43,4,15,-15,15,-15,804.4923095703125
48262,3,49,1,15,-10,15,-10,804.9423217773436
48262,3,51,1,15,-6.5,15,-6.5,805.2423095703125
48262,3,17,1,15,6.5,15,6.5,806.3253173828125
48262,3,15,1,15,10,15,10,806.6082763671875
48262,3,9,4,15,15,15,15,806.9912719726564
48262,3,5,2,12.5,17.5,12.5,17.5,807.4083251953125
48262,3,24,1,-6.5,15,-6.5,15,809.0084228515625
48262,3,25,1,-10,15,-10,15,809.29241943359375
48262,3,26,4,-15,15,-15,15,809.6923217773436
48262,3,30,2,-17.5,12.5,-17.5,12.5,809.9412841796875
48262,3,32,1,-15,10,-15,10,810.12530517578125
48262,3,34,1,-15,6.5,-15,6.5,810.4083251953125
48262,3,68,1,-15,-6.5,-15,-6.5,811.4923095703125
48262,3,66,1,-15,-10,-15,-10,811.79241943359375
48262,3,64,2,-17.5,-12.5,-17.5,-12.5,811.95831298828125
48262,3,60,4,-15,-15,-15,-15,812.1583251953125
48262,3,57,4,-17.5,-17.5,-17.5,-17.5,812.3582763671875
48262,3,56,2,-12.5,-17.5,-12.5,-17.5,812.5253295898436
48262,3,59,1,-10,-15,-10,-15,812.7412719726564
48262,3,58,1,-6.5,-15,-6.5,-15,813.0253295898436
48262,3,41,1,6.5,-15,6.5,-15,814.12530517578125
48262,3,42,1,10,-15,10,-15,814.4083251953125
48262,3,39,2,12.5,-17.5,12.5,-17.5,814.6093139648436
48262,3,43,4,15,-15,15,-15,814.79241943359375
48262,3,49,1,15,-10,15,-10,815.20831298828125
48262,3,51,1,15,-6.5,15,-6.5,815.5084228515625
48262,3,17,1,15,6.5,15,6.5,816.59228515625
48262,3,15,1,15,10,15,10,816.89227294921875
48262,3,9,4,15,15,15,15,817.2423095703125
48262,3,8,1,10,15,10,15,817.59130859375
48262,3,7,1,6.5,15,6.5,15,817.89227294921875
48262,3,24,1,-6.5,15,-6.5,15,818.95941162109375
48262,3,25,1,-10,15,-10,15,819.2584228515625
48262,3,26,4,-15,15,-15,15,819.62530517578125
48262,3,32,1,-15,10,-15,10,819.95831298828125
48262,3,34,1,-15,6.5,-15,6.5,820.2584228515625
48262,3,68,1,-15,-6.5,-15,-6.5,821.34228515625
48262,3,66,1,-15,-10,-15,-10,821.64227294921875
48262,3,60,4,-15,-15,-15,-15,822.0253295898436
48262,3,63,2,-12.5,-12.5,-12.5,-12.5,822.14227294921875
48262,3,59,1,-10,-15,-10,-15,822.3253173828125
48262,3,58,1,-6.5,-15,-6.5,-15,822.62530517578125
48262,3,41,1,6.5,-15,6.5,-15,823.70831298828125
48262,3,42,1,10,-15,10,-15,824.0084228515625
48262,3,46,2,12.5,-12.5,12.5,-12.5,824.1923217773436
48262,3,43,4,15,-15,15,-15,824.357421875
48262,3,49,1,15,-10,15,-10,824.6082763671875
48262,3,51,1,15,-6.5,15,-6.5,824.92431640625
48262,3,17,1,15,6.5,15,6.5,826.0084228515625
48262,3,15,1,15,10,15,10,826.29132080078125
48262,3,9,4,15,15,15,15,826.64227294921875
48262,3,12,2,12.5,12.5,12.5,12.5,826.7423095703125
48262,3,8,1,10,15,10,15,826.9423217773436
48262,3,7,1,6.5,15,6.5,15,827.2584228515625
48262,3,24,1,-6.5,15,-6.5,15,828.34130859375
48262,3,25,1,-10,15,-10,15,828.62530517578125
48262,3,26,4,-15,15,-15,15,829.0084228515625
48262,3,27,4,-20,15,-20,15,829.4083251953125
48262,3,30,2,-17.5,12.5,-17.5,12.5,829.4923095703125
48262,3,33,2,-20,10,-20,10,829.6583251953125
48262,3,67,2,-20,-10,-20,-10,831.3593139648436
48262,3,61,4,-20,-15,-20,-15,831.7412719726564
48262,3,57,4,-17.5,-17.5,-17.5,-17.5,831.95831298828125
48262,3,60,4,-15,-15,-15,-15,832.22528076171875
48262,3,56,2,-12.5,-17.5,-12.5,-17.5,832.4254150390625
48262,3,59,1,-10,-15,-10,-15,832.72528076171875
48262,3,41,1,6.5,-15,6.5,-15,834.09228515625
48262,3,42,1,10,-15,10,-15,834.3253173828125
48262,3,39,2,12.5,-17.5,12.5,-17.5,834.50732421875
48262,3,43,4,15,-15,15,-15,834.70831298828125
48262,3,47,2,17.5,-12.5,17.5,-12.5,835.0084228515625
48262,3,49,1,15,-10,15,-10,835.1912841796875
48262,3,51,1,15,-6.5,15,-6.5,835.4923095703125
48262,3,17,1,15,6.5,15,6.5,836.55828857421875
48262,3,15,1,15,10,15,10,836.84130859375
48262,3,9,4,15,15,15,15,837.22430419921875
48262,3,8,1,10,15,10,15,837.59228515625
48262,3,7,1,6.5,15,6.5,15,837.8582763671875
48262,3,24,1,-6.5,15,-6.5,15,838.9412841796875
48262,3,25,1,-10,15,-10,15,839.2412719726564
48262,3,26,4,-15,15,-15,15,839.62530517578125
48262,3,30,2,-17.5,12.5,-17.5,12.5,839.8582763671875
48262,3,32,1,-15,10,-15,10,839.95831298828125
48262,3,34,1,-15,6.5,-15,6.5,840.29241943359375
48262,3,68,1,-15,-6.5,-15,-6.5,841.3582763671875
48262,3,66,1,-15,-10,-15,-10,841.64227294921875
48262,3,60,4,-15,-15,-15,-15,842.0253295898436
48262,3,56,2,-12.5,-17.5,-12.5,-17.5,842.3253173828125
48262,3,59,1,-10,-15,-10,-15,842.5084228515625
48262,3,58,1,-6.5,-15,-6.5,-15,842.79132080078125
48262,3,41,1,6.5,-15,6.5,-15,843.8582763671875
48262,3,42,1,10,-15,10,-15,844.1583251953125
48262,3,36,4,15,-15,15,-20,844.5253295898436
48262,3,43,4,15,-15,15,-15,844.54132080078125
48262,3,51,1,15,-6.5,15,-6.5,845.1082763671875
48262,3,17,1,15,6.5,15,6.5,846.6923217773436
48262,3,15,1,15,10,15,10,846.9912719726564
48262,3,9,4,15,15,15,15,847.3582763671875
48262,3,12,2,12.5,12.5,12.5,12.5,847.4254150390625
48262,3,8,1,10,15,10,15,847.64227294921875
48262,3,7,1,6.5,15,6.5,15,847.95831298828125
48262,3,24,1,-6.5,15,-6.5,15,849.04241943359375
48262,3,25,1,-10,15,-10,15,849.34228515625
48262,3,26,4,-15,15,-15,15,849.70831298828125
48262,3,30,2,-17.5,12.5,-17.5,12.5,849.9912719726564
48262,3,32,1,-15,10,-15,10,850.20831298828125
48262,3,34,1,-15,6.5,-15,6.5,850.45831298828125
48262,3,68,1,-15,-6.5,-15,-6.5,851.54241943359375
48262,3,66,1,-15,-10,-15,-10,851.84130859375
48262,3,64,2,-17.5,-12.5,-17.5,-12.5,852.0253295898436
48262,3,60,4,-15,-15,-15,-15,852.207275390625
48262,3,57,4,-17.5,-17.5,-17.5,-17.5,852.4083251953125
48262,3,56,2,-12.5,-17.5,-12.5,-17.5,852.55828857421875
48262,3,59,1,-10,-15,-10,-15,852.79132080078125
48262,3,58,1,-6.5,-15,-6.5,-15,853.05828857421875
48262,3,41,1,6.5,-15,6.5,-15,854.14227294921875
48262,3,42,1,10,-15,10,-15,854.4412841796875
48262,3,39,2,12.5,-17.5,12.5,-17.5,854.62530517578125
48262,3,43,4,15,-15,15,-15,854.8253173828125
48262,3,47,2,17.5,-12.5,17.5,-12.5,855.1082763671875
48262,3,49,1,15,-10,15,-10,855.29327392578125
48262,3,51,1,15,-6.5,15,-6.5,855.59228515625
48262,3,17,1,15,6.5,15,6.5,857.1583251953125
48262,3,15,1,15,10,15,10,857.4412841796875
48262,3,9,4,15,15,15,15,857.80828857421875
48262,3,12,2,12.5,12.5,12.5,12.5,857.84228515625
48262,3,29,2,-12.5,12.5,-12.5,12.5,859.9412841796875
48262,3,26,4,-15,15,-15,15,860.12530517578125
48262,3,32,1,-15,10,-15,10,860.34228515625
48262,3,34,1,-15,6.5,-15,6.5,860.6572875976564
48262,3,68,1,-15,-6.5,-15,-6.5,861.7412719726564
48262,3,66,1,-15,-10,-15,-10,862.04132080078125
48262,3,60,4,-15,-15,-15,-15,862.4254150390625
48262,3,56,2,-12.5,-17.5,-12.5,-17.5,862.72528076171875
48262,3,59,1,-10,-15,-10,-15,862.9083251953125
48262,3,58,1,-6.5,-15,-6.5,-15,863.207275390625
48262,3,41,1,6.5,-15,6.5,-15,864.29132080078125
48262,3,42,1,10,-15,10,-15,864.55828857421875
48262,3,39,2,12.5,-17.5,12.5,-17.5,864.75927734375
48262,3,43,4,15,-15,15,-15,864.9412841796875
48262,3,47,2,17.5,-12.5,17.5,-12.5,865.2412719726564
48262,3,49,1,15,-10,15,-10,865.42431640625
48262,3,51,1,15,-6.5,15,-6.5,865.70831298828125
48262,3,17,1,15,6.5,15,6.5,866.79241943359375
48262,3,3,2,10,20,10,20,868.9254150390625
48262,3,5,2,12.5,17.5,12.5,17.5,869.14141845703125
48262,3,12,2,12.5,12.5,12.5,12.5,869.54132080078125
48262,3,14,1,10,10,10,10,870.1923217773436
48262,3,31,1,-10,10,-10,10,871.8242797851564
48262,3,29,2,-12.5,12.5,-12.5,12.5,872.0253295898436
48262,3,32,1,-15,10,-15,10,872.2423095703125
48262,3,30,2,-17.5,12.5,-17.5,12.5,872.4254150390625
48262,3,64,2,-17.5,-12.5,-17.5,-12.5,874.30828857421875
48262,3,60,4,-15,-15,-15,-15,874.5253295898436
48262,3,59,1,-10,-15,-10,-15,875.00732421875
48262,3,58,1,-6.5,-15,-6.5,-15,875.30828857421875
48262,3,41,1,6.5,-15,6.5,-15,876.39227294921875
48262,3,42,1,10,-15,10,-15,876.6583251953125
48262,3,43,4,15,-15,15,-15,877.04241943359375
48262,3,44,4,20,-15,20,-15,877.45831298828125
48262,3,50,2,20,-10,20,-10,877.6923217773436
48262,3,16,2,20,10,20,10,879.3582763671875
48262,3,10,4,20,15,20,15,879.7584228515625
48262,3,6,4,17.5,17.5,17.5,17.5,879.95831298828125
48262,3,4,5,20,20,20,20,880.14141845703125
48262,4,42,5,5,-20,5,-20,1302.1070556640625
48262,4,41,4,10,-20,10,-20,1302.5579833984375
48262,4,36,5,10,-10,10,-10,1303.5400390625
48262,4,33,5,20,-5,20,-5,1304.6400146484375
48262,4,35,4,20,-10,20,-10,1305.0389404296875
48262,4,40,4,20,-20,20,-20,1305.8900146484375
48262,4,46,1,20,-30,20,-30,1306.7569580078125
48262,4,43,2,25,-25,25,-25,1307.5069580078125
48262,4,37,2,25,-15,25,-15,1308.3399658203125
48262,4,11,5,23.5,15,23.5,15,1310.8070068359375
48262,4,10,4,20,15,20,15,1311.0570068359375
48262,4,4,5,20,20,20,20,1311.3070068359375
48262,4,6,4,17.5,17.5,17.5,17.5,1311.3399658203125
48262,4,3,4,15,20,15,20,1311.6400146484375
48262,4,1,5,15,23.5,15,23.5,1311.739990234375
48262,4,2,2,10,20,10,20,1312.1910400390625
48262,4,8,1,10,15,10,15,1312.5909423828125
48262,4,14,1,10,10,10,10,1313.0240478515625
48262,4,17,1,15,6.5,15,6.5,1313.5400390625
48262,4,42,5,5,-20,5,-20,1316.3070068359375
48262,4,50,2,-10,-20,-10,-20,1317.68994140625
48262,4,49,4,-15,-20,-15,-20,1318.0570068359375
48262,4,51,5,-20,-20,-20,-20,1318.45703125
48262,4,53,4,-17.5,-17.5,-17.5,-17.5,1318.489990234375
48262,4,57,4,-20,-15,-20,-15,1318.70703125
48262,4,60,2,-17.5,-12.5,-17.5,-12.5,1318.93994140625
48262,4,56,4,-15,-15,-15,-15,1319.0069580078125
48262,4,59,2,-12.5,-12.5,-12.5,-12.5,1319.2239990234375
48262,4,55,1,-10,-15,-10,-15,1319.45703125
48262,4,18,5,-20,5,-20,5,1322.0069580078125
48262,4,21,5,-10,10,-10,10,1322.989990234375
48262,4,23,4,-15,15,-15,15,1324.9239501953125
48262,4,26,4,-10,20,-10,20,1325.823974609375
48262,4,27,5,-5,20,-5,20,1326.7239990234375
48262,4,7,1,6.5,15,6.5,15,1327.906982421875
48262,4,8,1,10,15,10,15,1328.2239990234375
48262,4,5,2,12.5,17.5,12.5,17.5,1328.5069580078125
48262,4,3,4,15,20,15,20,1328.7900390625
48262,4,4,5,20,20,20,20,1329.3409423828125
48262,4,6,4,17.5,17.5,17.5,17.5,1331.0240478515625
48262,4,13,2,17.5,12.5,17.5,12.5,1331.5069580078125
48262,4,15,1,15,10,15,10,1331.739990234375
48262,4,36,5,10,-10,10,-10,1334.2569580078125
48262,4,41,4,10,-20,10,-20,1335.1400146484375
48262,4,47,2,10,-30,10,-30,1336.0069580078125
48262,4,44,2,15,-25,15,-25,1336.656982421875
48262,4,38,4,15,-15,15,-15,1337.489990234375
48262,4,17,1,15,6.5,15,6.5,1339.3070068359375
48262,4,15,1,15,10,15,10,1339.6070556640625
48262,4,9,4,15,15,15,15,1339.989990234375
48262,4,3,4,15,20,15,20,1340.3900146484375
48262,4,1,5,15,23.5,15,23.5,1340.656982421875
48262,4,4,5,20,20,20,20,1341.0059814453125
48262,4,10,4,20,15,20,15,1341.489990234375
48262,4,16,2,20,10,20,10,1341.9239501953125
48262,4,33,5,20,-5,20,-5,1343.1400146484375
48262,4,35,4,20,-10,20,-10,1343.5560302734375
48262,4,40,4,20,-20,20,-20,1344.406982421875
48262,4,46,1,20,-30,20,-30,1345.2889404296875
48262,4,47,2,10,-30,10,-30,1346.2900390625
48262,4,48,5,-15,-23.5,-15,-23.5,1348.5240478515625
48262,4,49,4,-15,-20,-15,-20,1348.906982421875
48262,4,53,4,-17.5,-17.5,-17.5,-17.5,1349.1240234375
48262,4,56,4,-15,-15,-15,-15,1349.3399658203125
48262,4,60,2,-17.5,-12.5,-17.5,-12.5,1349.5579833984375
48262,4,62,1,-15,-10,-15,-10,1349.8079833984375
48262,4,64,1,-15,-6.5,-15,-6.5,1350.0899658203125
48262,4,23,4,-15,15,-15,15,1352.323974609375
48262,4,29,2,-15,25,-15,25,1353.18994140625
48262,4,31,1,-20,30,-20,30,1353.7569580078125
48262,4,25,4,-20,20,-20,20,1354.70703125
48262,4,20,4,-20,10,-20,10,1355.43994140625
48262,4,18,5,-20,5,-20,5,1355.8399658203125
48262,4,63,2,-20,-10,-20,-10,1357.1240234375
48262,4,60,2,-17.5,-12.5,-17.5,-12.5,1357.3399658203125
48262,4,57,4,-20,-15,-20,-15,1357.5240478515625
48262,4,53,4,-17.5,-17.5,-17.5,-17.5,1357.7230224609375
48262,4,51,5,-20,-20,-20,-20,1357.9229736328125
48262,4,48,5,-15,-23.5,-15,-23.5,1358.5570068359375
48262,4,49,4,-15,-20,-15,-20,1358.95703125
48262,4,52,2,-12.5,-17.5,-12.5,-17.5,1359.2230224609375
48262,4,56,4,-15,-15,-15,-15,1359.406982421875
48262,4,59,2,-12.5,-12.5,-12.5,-12.5,1359.6400146484375
48262,4,62,1,-15,-10,-15,-10,1359.8570556640625
48262,4,64,1,-15,-6.5,-15,-6.5,1360.156005859375
48262,4,23,4,-15,15,-15,15,1361.906982421875
48262,4,29,2,-15,25,-15,25,1362.7569580078125
48262,4,32,2,-10,30,-10,30,1363.2900390625
48262,4,26,4,-10,20,-10,20,1363.906982421875
48262,4,21,5,-10,10,-10,10,1364.7060546875
48262,4,61,1,-10,-10,-10,-10,1366.43994140625
48262,4,55,1,-10,-15,-10,-15,1366.8570556640625
48262,4,50,2,-10,-20,-10,-20,1367.2569580078125
48262,4,48,5,-15,-23.5,-15,-23.5,1367.8570556640625
48262,4,51,5,-20,-20,-20,-20,1368.3399658203125
48262,4,53,4,-17.5,-17.5,-17.5,-17.5,1368.5069580078125
48262,4,60,2,-17.5,-12.5,-17.5,-12.5,1368.93994140625
48262,4,18,5,-20,5,-20,5,1370.3570556640625
48262,4,20,4,-20,10,-20,10,1370.8070068359375
48262,4,25,4,-20,20,-20,20,1371.6400146484375
48262,4,31,1,-20,30,-20,30,1372.8399658203125
48262,4,23,4,-15,15,-15,15,1374.3570556640625
48262,4,59,2,-12.5,-12.5,-12.5,-12.5,1377.7569580078125
48262,4,52,2,-12.5,-17.5,-12.5,-17.5,1378.18896484375
48262,4,48,5,-15,-23.5,-15,-23.5,1378.8409423828125
48262,4,49,4,-15,-20,-15,-20,1379.20703125
48262,4,53,4,-17.5,-17.5,-17.5,-17.5,1379.406005859375
48262,4,56,4,-15,-15,-15,-15,1379.6070556640625
48262,4,57,4,-20,-15,-20,-15,1379.7230224609375
48262,4,58,5,-23.5,-15,-23.5,-15,1380.0059814453125
48262,4,51,5,-20,-20,-20,-20,1380.5400390625
48262,4,60,2,-17.5,-12.5,-17.5,-12.5,1381.3070068359375
48262,4,63,2,-20,-10,-20,-10,1381.5240478515625
48262,4,18,5,-20,5,-20,5,1382.7230224609375
48262,4,20,4,-20,10,-20,10,1383.156005859375
48262,4,25,4,-20,20,-20,20,1383.989990234375
48262,4,31,1,-20,30,-20,30,1384.8570556640625
48262,4,29,2,-15,25,-15,25,1385.322998046875
48262,4,23,4,-15,15,-15,15,1386.1219482421875
48262,4,21,5,-10,10,-10,10,1387.3570556640625
48262,4,26,4,-10,20,-10,20,1388.2569580078125
48262,4,32,2,-10,30,-10,30,1389.1070556640625
48262,4,27,5,-5,20,-5,20,1390.02294921875
48262,4,2,2,10,20,10,20,1391.6240234375
48262,4,5,2,12.5,17.5,12.5,17.5,1391.8890380859375
48262,4,3,4,15,20,15,20,1392.0069580078125
48262,4,1,5,15,23.5,15,23.5,1392.20703125
48262,4,4,5,20,20,20,20,1392.43994140625
48262,4,6,4,17.5,17.5,17.5,17.5,1392.7569580078125
48262,4,10,4,20,15,20,15,1392.8900146484375
48262,4,13,2,17.5,12.5,17.5,12.5,1393.123046875
48262,4,9,4,15,15,15,15,1393.156982421875
48262,4,15,1,15,10,15,10,1393.45703125
48262,4,17,1,15,6.5,15,6.5,1393.7230224609375
48262,4,33,5,20,-5,20,-5,1395.0389404296875
48262,4,35,4,20,-10,20,-10,1395.823974609375
48262,4,38,4,15,-15,15,-15,1395.93994140625
48262,4,36,5,10,-10,10,-10,1396.7900390625
48262,4,41,4,10,-20,10,-20,1398.0899658203125
48262,4,42,5,5,-20,5,-20,1398.489990234375
48262,4,40,4,20,-20,20,-20,1399.43994140625
48262,4,45,1,30,-30,30,-30,1400.906982421875
48262,4,46,1,20,-30,20,-30,1401.6070556640625
48262,4,47,2,10,-30,10,-30,1402.406982421875
48262,4,48,5,-15,-23.5,-15,-23.5,1404.5570068359375
48262,4,49,4,-15,-20,-15,-20,1404.8570556640625
48262,4,53,4,-17.5,-17.5,-17.5,-17.5,1405.1070556640625
48262,4,56,4,-15,-15,-15,-15,1405.3070068359375
48262,4,62,1,-15,-10,-15,-10,1405.7569580078125
48262,4,63,2,-20,-10,-20,-10,1406.2900390625
48262,4,57,4,-20,-15,-20,-15,1406.7230224609375
48262,4,51,5,-20,-20,-20,-20,1407.10595703125
48262,4,50,2,-10,-20,-10,-20,1407.989990234375
48262,4,55,1,-10,-15,-10,-15,1408.322998046875
48262,4,59,2,-12.5,-12.5,-12.5,-12.5,1408.52294921875
48262,4,18,5,-20,5,-20,5,1410.1400146484375
48262,4,20,4,-20,10,-20,10,1410.5889892578125
48262,4,23,4,-15,15,-15,15,1411.0570068359375
48262,4,25,4,-20,20,-20,20,1412.1240234375
48262,4,31,1,-20,30,-20,30,1413.0889892578125
48262,4,32,2,-10,30,-10,30,1413.906982421875
48262,4,26,4,-10,20,-10,20,1414.656982421875
48262,4,21,5,-10,10,-10,10,1415.45703125
48262,4,27,5,-5,20,-5,20,1416.70703125
48262,4,6,4,15,20,17.5,17.5,1418.322998046875
48262,4,3,4,15,20,15,20,1418.3399658203125
48262,4,4,5,20,20,20,20,1418.7230224609375
48262,4,6,4,17.5,17.5,17.5,17.5,1418.822998046875
48262,4,13,2,17.5,12.5,17.5,12.5,1419.2900390625
48262,4,15,1,15,10,15,10,1419.7230224609375
48262,4,14,1,10,10,10,10,1420.123046875
48262,4,12,2,12.5,12.5,12.5,12.5,1420.20703125
48262,4,8,1,10,15,10,15,1420.4229736328125
48262,4,5,2,12.5,17.5,12.5,17.5,1420.60595703125
48262,4,2,2,10,20,10,20,1420.8070068359375
48262,4,9,4,15,15,15,15,1421.3070068359375
48262,4,10,4,20,15,20,15,1421.43994140625
48262,4,16,2,20,10,20,10,1422.0069580078125
48262,4,33,5,20,-5,20,-5,1423.123046875
48262,4,35,4,20,-10,20,-10,1423.573974609375
48262,4,40,4,20,-20,20,-20,1424.3900146484375
48262,4,50,2,-10,-20,-10,-20,1427.18994140625
48262,4,51,5,-15,-23.5,-20,-20,1427.5899658203125
48262,4,48,5,-15,-23.5,-15,-23.5,1427.60595703125
48262,4,56,4,-15,-15,-15,-15,1428.43994140625
48262,4,53,4,-17.5,-17.5,-17.5,-17.5,1428.5069580078125
48262,4,57,4,-20,-15,-20,-15,1428.7230224609375
48262,4,58,5,-23.5,-15,-23.5,-15,1429.02294921875
48262,4,51,5,-20,-20,-20,-20,1429.6400146484375
48262,4,52,2,-12.5,-17.5,-12.5,-17.5,1430.489990234375
48262,4,55,1,-10,-15,-10,-15,1430.77294921875
48262,4,59,2,-12.5,-12.5,-12.5,-12.5,1430.9560546875
48262,4,55,1,-15,-10,-10,-15,1431.2900390625
48262,4,62,1,-15,-10,-15,-10,1431.3070068359375
48262,4,18,5,-20,5,-20,5,1432.5899658203125
48262,4,20,4,-20,10,-20,10,1433.02294921875
48262,4,25,4,-20,20,-20,20,1433.8570556640625
48262,4,31,1,-20,30,-20,30,1434.739990234375
48262,4,21,5,-10,10,-10,10,1436.9229736328125
48262,4,59,2,-12.5,-12.5,-12.5,-12.5,1438.8399658203125
48262,4,52,2,-12.5,-17.5,-12.5,-17.5,1439.2559814453125
48262,4,48,5,-15,-23.5,-15,-23.5,1440.2230224609375
48262,4,56,4,-15,-15,-15,-15,1440.906982421875
48262,4,62,1,-15,-10,-15,-10,1441.3389892578125
48262,4,64,1,-15,-6.5,-15,-6.5,1441.6219482421875
48262,4,23,4,-15,15,-15,15,1443.3570556640625
48262,4,29,2,-15,25,-15,25,1444.239990234375
48262,4,25,4,-20,20,-20,20,1445.18994140625
48262,4,20,4,-20,10,-20,10,1446.0059814453125
48262,4,18,5,-20,5,-20,5,1446.406982421875
48262,4,63,2,-20,-10,-20,-10,1447.70703125
48262,4,57,4,-20,-15,-20,-15,1448.10595703125
48262,4,51,5,-20,-20,-20,-20,1448.489990234375
48262,4,48,5,-15,-23.5,-15,-23.5,1449.2569580078125
48262,4,49,4,-15,-20,-15,-20,1449.623046875
48262,4,52,2,-12.5,-17.5,-12.5,-17.5,1449.8900146484375
48262,4,56,4,-15,-15,-15,-15,1450.0560302734375
48262,4,59,2,-12.5,-12.5,-12.5,-12.5,1450.3070068359375
48262,4,26,4,-10,20,-10,20,1453.10595703125
48262,4,29,2,-15,25,-15,25,1453.93994140625
48262,4,25,4,-20,20,-20,20,1454.5069580078125
48262,4,20,4,-20,10,-20,10,1455.323974609375
48262,4,18,5,-20,5,-20,5,1455.7230224609375
48262,4,63,2,-20,-10,-20,-10,1457.02294921875
48262,4,60,2,-17.5,-12.5,-17.5,-12.5,1457.2220458984375
48262,4,57,4,-20,-15,-20,-15,1457.406005859375
48262,4,53,4,-17.5,-17.5,-17.5,-17.5,1457.623046875
48262,4,51,5,-20,-20,-20,-20,1457.8070068359375
48262,4,48,5,-15,-23.5,-15,-23.5,1458.3070068359375
48262,4,49,4,-15,-20,-15,-20,1458.5560302734375
48262,4,56,4,-15,-15,-15,-15,1458.989990234375
48262,4,62,1,-15,-10,-15,-10,1459.43994140625
48262,4,64,1,-15,-6.5,-15,-6.5,1459.739990234375
48262,4,23,4,-15,15,-15,15,1461.489990234375
48262,4,29,2,-15,25,-15,25,1462.3399658203125
48262,4,26,4,-10,20,-10,20,1463.072998046875
48262,4,21,5,-10,10,-10,10,1463.8719482421875
48262,4,58,5,-23.5,-15,-23.5,-15,1470.93994140625
48262,4,29,2,-15,25,-15,25,1475.3900146484375
48262,4,25,4,-20,20,-20,20,1476.0560302734375
48262,4,20,4,-20,10,-20,10,1478.8570556640625
48262,4,18,5,-20,5,-20,5,1479.2550048828125
48262,4,63,2,-20,-10,-20,-10,1480.5570068359375
48262,4,57,4,-20,-15,-20,-15,1480.93994140625
48262,4,51,5,-20,-20,-20,-20,1481.3399658203125
48262,4,48,5,-15,-23.5,-15,-23.5,1482.0889892578125
48262,4,49,4,-15,-20,-15,-20,1482.489990234375
48262,4,52,2,-12.5,-17.5,-12.5,-17.5,1482.7430419921875
48262,4,56,4,-15,-15,-15,-15,1482.9229736328125
48262,4,59,2,-12.5,-12.5,-12.5,-12.5,1483.156982421875
48262,4,62,1,-15,-10,-15,-10,1483.3890380859375
48262,4,64,1,-15,-6.5,-15,-6.5,1483.656005859375
48262,4,23,4,-15,15,-15,15,1485.4229736328125
48262,4,29,2,-15,25,-15,25,1486.2900390625
48262,4,32,2,-10,30,-10,30,1487.0899658203125
48262,4,26,4,-10,20,-10,20,1487.8399658203125
48262,4,21,5,-10,10,-10,10,1488.6400146484375
48262,4,61,1,-10,-10,-10,-10,1490.3900146484375
48262,4,55,1,-10,-15,-10,-15,1490.8060302734375
48262,4,50,2,-10,-20,-10,-20,1491.2060546875
48262,4,48,5,-15,-23.5,-15,-23.5,1491.822998046875
48262,4,49,4,-15,-20,-15,-20,1492.156982421875
48262,4,53,4,-17.5,-17.5,-17.5,-17.5,1492.3909912109375
48262,4,56,4,-15,-15,-15,-15,1492.60595703125
48262,4,62,1,-15,-10,-15,-10,1493.072998046875
48262,4,64,1,-15,-6.5,-15,-6.5,1493.3399658203125
48262,4,23,4,-15,15,-15,15,1495.10595703125
48262,4,25,4,-20,20,-20,20,1495.7559814453125
48262,4,18,5,-20,5,-20,5,1497.239990234375
48262,4,63,2,-20,-10,-20,-10,1498.623046875
48262,4,57,4,-20,-15,-20,-15,1499.02294921875
48262,4,53,4,-17.5,-17.5,-17.5,-17.5,1499.2230224609375
48262,4,51,5,-20,-20,-20,-20,1499.4229736328125
48262,4,48,5,-15,-23.5,-15,-23.5,1515.3060302734375
48262,4,49,4,-15,-20,-15,-20,1515.5560302734375
48262,4,52,2,-12.5,-17.5,-12.5,-17.5,1515.8900146484375
48262,4,56,4,-15,-15,-15,-15,1516.0560302734375
48262,4,60,2,-17.5,-12.5,-17.5,-12.5,1516.4229736328125
48262,4,18,5,-20,5,-20,5,1517.8060302734375
48262,4,20,4,-20,10,-20,10,1518.239013671875
48262,4,25,4,-20,20,-20,20,1519.0899658203125
48262,4,29,2,-15,25,-15,25,1520.322998046875
48262,4,23,4,-15,15,-15,15,1521.072998046875
48262,4,59,2,-12.5,-12.5,-12.5,-12.5,1523.3900146484375
48262,4,56,4,-15,-15,-15,-15,1523.5560302734375
48262,4,52,2,-12.5,-17.5,-12.5,-17.5,1523.7900390625
48262,4,49,4,-15,-20,-15,-20,1523.989990234375
48262,4,48,5,-15,-23.5,-15,-23.5,1524.239990234375
48262,4,51,5,-20,-20,-20,-20,1524.77197265625
48262,4,53,4,-17.5,-17.5,-17.5,-17.5,1524.989990234375
48262,4,57,4,-20,-15,-20,-15,1525.2060546875
48262,4,60,2,-17.5,-12.5,-17.5,-12.5,1525.43896484375
48262,4,63,2,-20,-10,-20,-10,1525.6400146484375
48262,4,18,5,-20,5,-20,5,1526.8399658203125
48262,4,20,4,-20,10,-20,10,1527.2900390625
48262,4,25,4,-20,20,-20,20,1528.123046875
48262,4,31,1,-20,30,-20,30,1529.0059814453125
48262,4,29,2,-15,25,-15,25,1529.7230224609375
48262,4,23,4,-15,15,-15,15,1530.5389404296875
48262,4,64,1,-15,-6.5,-15,-6.5,1532.373046875
48262,4,62,1,-15,-10,-15,-10,1532.6729736328125
48262,5,15,2,10,5,10,5,989.4254150390624
48262,5,13,2,12.5,7.5,12.5,7.5,989.72528076171875
48262,5,10,2,15,10,15,10,990.0084228515624
48262,5,6,2,12.5,12.5,12.5,12.5,990.3582763671876
48262,5,4,2,15,15,15,15,990.5084228515624
48262,5,3,2,10,15,10,15,990.70831298828125
48262,5,2,2,5,15,5,15,991.14141845703125
48262,5,8,2,5,10,5,10,991.4412841796876
48262,5,14,2,5,5,5,5,991.89141845703125
48262,5,17,2,10,1.5,10,1.5,992.59130859375
48262,5,31,2,10,-10,10,-10,993.5253295898436
48262,5,29,2,12.5,-12.5,12.5,-12.5,993.72528076171875
48262,5,26,2,15,-15,15,-15,993.9912719726564
48262,5,23,2,17.5,-17.5,17.5,-17.5,994.29241943359375
48262,5,21,2,20,-20,20,-20,994.59130859375
48262,5,19,2,15,-20,15,-20,994.8582763671876
48262,5,20,2,10,-20,10,-20,995.30731201171875
48262,5,25,2,10,-15,10,-15,995.64141845703125
48262,5,28,2,23.5,-15,23.5,-15,997.3582763671876
48262,5,30,2,17.5,-12.5,17.5,-12.5,997.95941162109375
48262,5,32,2,15,-10,15,-10,998.22528076171875
48262,5,34,2,15,-6.5,15,-6.5,998.5244140625
48262,5,16,2,15,5,15,5,999.50732421875
48262,5,13,2,12.5,7.5,12.5,7.5,999.72528076171875
48262,5,12,2,7.5,7.5,7.5,7.5,1000.1920166015624
48262,5,8,2,5,10,5,10,1000.4910278320313
48262,5,2,2,5,15,5,15,1000.9240112304688
48262,5,5,2,7.5,12.5,7.5,12.5,1001.0250244140624
48262,5,3,2,10,15,10,15,1001.2069702148438
48262,5,6,2,12.5,12.5,12.5,12.5,1001.4080200195313
48262,5,11,2,18.5,10,18.5,10,1002.5079956054688
48262,5,10,2,15,10,15,10,1003.0579833984376
48262,5,9,2,10,10,10,10,1003.4249877929688
48262,5,17,2,10,1.5,10,1.5,1004.6909790039064
48262,5,15,2,10,5,10,5,1005.1240234375
48262,5,12,2,7.5,7.5,7.5,7.5,1005.4409790039064
48262,5,14,2,5,5,5,5,1005.6409912109376
48262,5,51,2,-15,6.5,-15,6.5,1007.3079833984376
48262,5,49,2,-15,10,-15,10,1007.625
48262,5,47,2,-17.5,12.5,-17.5,12.5,1007.8079833984376
48262,5,43,2,-15,15,-15,15,1008.0239868164064
48262,5,40,2,-17.5,17.5,-17.5,17.5,1008.2249755859376
48262,5,36,2,-15,20,-15,20,1008.4240112304688
48262,5,35,2,-15,23.5,-15,23.5,1008.7239990234376
48262,5,41,2,-6.5,15,-6.5,15,1009.8250122070313
48262,5,42,2,-10,15,-10,15,1010.0079956054688
48262,5,37,2,-10,20,-10,20,1010.541015625
48262,5,46,2,-12.5,12.5,-12.5,12.5,1011.8250122070313
48262,5,64,2,-12.5,-7.5,-12.5,-7.5,1014.1409912109376
48262,5,57,2,-12.5,-12.5,-12.5,-12.5,1014.5579833984376
48262,5,55,2,-15,-15,-15,-15,1015.0079956054688
48262,5,52,2,-10,-18.5,-10,-18.5,1015.1409912109376
48262,5,54,2,-10,-15,-10,-15,1015.2579956054688
48262,5,56,2,-7.5,-12.5,-7.5,-12.5,1015.5070190429688
48262,5,60,2,-10,-10,-10,-10,1015.7080078125
48262,5,63,2,-7.5,-7.5,-7.5,-7.5,1015.9240112304688
48262,5,66,2,-10,-5,-10,-5,1016.1240234375
48262,5,68,2,-10,-1.5,-10,-1.5,1016.4240112304688
48262,5,65,2,-5,-5,-5,-5,1016.989990234375
48262,5,59,2,-5,-10,-5,-10,1017.4089965820313
48262,5,53,2,-5,-15,-5,-15,1017.8079833984376
48262,5,24,2,6.5,-15,6.5,-15,1018.7579956054688
48262,5,25,2,10,-15,10,-15,1019.0570068359376
48262,5,22,2,12.5,-17.5,12.5,-17.5,1019.2579956054688
48262,5,19,2,15,-20,15,-20,1019.6079711914064
48262,5,18,2,15,-23.5,15,-23.5,1019.9080200195313
48262,5,21,2,20,-20,20,-20,1020.4580078125
48262,5,23,2,17.5,-17.5,17.5,-17.5,1020.8070068359376
48262,5,26,2,15,-15,15,-15,1021.3079833984376
48262,5,29,2,12.5,-12.5,12.5,-12.5,1021.5079956054688
48262,5,32,2,15,-10,15,-10,1021.7080078125
48262,5,34,2,15,-6.5,15,-6.5,1022.0079956054688
48262,5,33,2,20,-10,20,-10,1022.3079833984376
48262,5,27,2,20,-15,20,-15,1022.8070068359376
48262,5,30,2,17.5,-12.5,17.5,-12.5,1023.406982421875
48262,5,17,2,10,1.5,10,1.5,1024.791015625
48262,5,15,2,10,5,10,5,1025.1409912109375
48262,5,12,2,7.5,7.5,7.5,7.5,1025.3570556640625
48262,5,9,2,10,10,10,10,1025.5579833984375
48262,5,5,2,7.5,12.5,7.5,12.5,1025.758056640625
48262,5,3,2,10,15,10,15,1025.990966796875
48262,5,1,2,10,18.5,10,18.5,1026.258056640625
48262,5,4,2,15,15,15,15,1026.6070556640625
48262,5,10,2,15,10,15,10,1026.990966796875
48262,5,16,2,12.5,7.5,15,5,1027.3909912109375
48262,5,13,2,12.5,7.5,12.5,7.5,1027.407958984375
48262,5,14,2,5,5,5,5,1028.0250244140625
48262,5,8,2,5,10,5,10,1028.4410400390625
48262,5,7,2,1.5,10,1.5,10,1028.5909423828125
48262,5,46,2,-12.5,12.5,-12.5,12.5,1029.823974609375
48262,5,47,2,-17.5,12.5,-17.5,12.5,1030.2239990234375
48262,5,44,2,-20,15,-20,15,1030.490966796875
48262,5,40,2,-17.5,17.5,-17.5,17.5,1030.5579833984375
48262,5,36,2,-15,20,-15,20,1030.907958984375
48262,5,39,2,-12.5,17.5,-12.5,17.5,1031.2239990234375
48262,5,42,2,-10,15,-10,15,1031.5240478515625
48262,5,48,2,-10,10,-10,10,1031.9239501953125
48262,5,49,2,-15,10,-15,10,1032.258056640625
48262,5,51,2,-15,6.5,-15,6.5,1032.508056640625
48262,5,67,2,-15,-5,-15,-5,1033.4410400390625
48262,5,61,2,-15,-10,-15,-10,1033.8580322265625
48262,5,62,2,-18.5,-10,-18.5,-10,1034.2080078125
48262,5,57,2,-12.5,-12.5,-12.5,-12.5,1034.324951171875
48262,5,56,2,-7.5,-12.5,-7.5,-12.5,1034.740966796875
48262,5,59,2,-5,-10,-5,-10,1034.990966796875
48262,5,53,2,-5,-15,-5,-15,1035.157958984375
48262,5,52,2,-10,-18.5,-10,-18.5,1035.758056640625
48262,5,54,2,-10,-15,-10,-15,1036.1910400390625
48262,5,60,2,-10,-10,-10,-10,1036.5909423828125
48262,5,66,2,-10,-5,-10,-5,1037.008056640625
48262,5,68,2,-10,-1.5,-10,-1.5,1037.291015625
48262,5,65,2,-5,-5,-5,-5,1037.6910400390625
48262,5,24,2,6.5,-15,6.5,-15,1039.258056640625
48262,5,25,2,10,-15,10,-15,1039.5570068359375
48262,5,29,2,12.5,-12.5,12.5,-12.5,1039.758056640625
48262,5,26,2,15,-15,15,-15,1039.990966796875
48262,5,19,2,15,-20,15,-20,1040.3580322265625
48262,5,18,2,15,-23.5,15,-23.5,1040.6409912109375
48262,5,22,2,12.5,-17.5,12.5,-17.5,1041.240966796875
48262,5,27,2,20,-15,20,-15,1041.8580322265625
48262,5,21,2,20,-20,20,-20,1042.20703125
48262,5,30,2,17.5,-12.5,17.5,-12.5,1043.2569580078125
48262,5,32,2,15,-10,15,-10,1043.740966796875
48262,5,34,2,15,-6.5,15,-6.5,1044.0240478515625
48262,5,17,2,10,1.5,10,1.5,1044.907958984375
48262,5,15,2,10,5,10,5,1045.1080322265625
48262,5,9,2,10,10,10,10,1045.541015625
48262,5,3,2,10,15,10,15,1045.9580078125
48262,5,1,2,10,18.5,10,18.5,1046.240966796875
48262,5,4,2,15,15,15,15,1046.508056640625
48262,5,10,2,15,10,15,10,1046.9239501953125
48262,5,16,2,15,5,15,5,1047.324951171875
48262,5,8,2,5,10,5,10,1049.3570556640625
48262,5,5,2,7.5,12.5,7.5,12.5,1049.6240234375
48262,5,12,2,7.5,7.5,7.5,7.5,1049.907958984375
48262,5,15,2,10,5,10,5,1050.1240234375
48262,5,17,2,10,1.5,10,1.5,1050.3909912109375
48262,5,31,2,10,-10,10,-10,1051.3409423828125
48262,5,25,2,10,-15,10,-15,1051.758056640625
48262,5,26,2,15,-15,15,-15,1052.18994140625
48262,5,30,2,17.5,-12.5,17.5,-12.5,1052.490966796875
48262,5,27,2,20,-15,20,-15,1052.6400146484375
48262,5,23,2,17.5,-17.5,17.5,-17.5,1052.822998046875
48262,5,21,2,20,-20,20,-20,1053.008056640625
48262,5,19,2,15,-20,15,-20,1053.291015625
48262,5,22,2,12.5,-17.5,12.5,-17.5,1053.6080322265625
48262,5,29,2,12.5,-12.5,12.5,-12.5,1054.0240478515625
48262,5,32,2,15,-10,15,-10,1054.2239990234375
48262,5,34,2,15,-6.5,15,-6.5,1054.5240478515625
48262,5,16,2,15,5,15,5,1055.490966796875
48262,5,13,2,12.5,7.5,12.5,7.5,1055.6910400390625
48262,5,10,2,15,10,15,10,1055.8909912109375
48262,5,9,2,10,10,10,10,1056.0909423828125
48262,5,8,2,5,10,5,10,1056.5250244140625
48262,5,7,2,1.5,10,1.5,10,1056.823974609375
48262,5,48,2,-10,10,-10,10,1057.791015625
48262,5,49,2,-15,10,-15,10,1058.20703125
48262,5,46,2,-12.5,12.5,-12.5,12.5,1058.4239501953125
48262,5,2,2,5,15,5,15,1060.3409423828125
48262,5,41,2,-6.5,15,-6.5,15,1063.657958984375
48262,5,42,2,-10,15,-10,15,1064.125
48262,5,35,2,-15,23.5,-15,23.5,1066.406982421875
48262,5,36,2,-15,20,-15,20,1066.6910400390625
48262,5,40,2,-17.5,17.5,-17.5,17.5,1066.8900146484375
48262,5,43,2,-15,15,-15,15,1067.0909423828125
48262,5,47,2,-17.5,12.5,-17.5,12.5,1067.3079833984375
48262,5,49,2,-15,10,-15,10,1067.508056640625
48262,5,51,2,-15,6.5,-15,6.5,1067.8070068359375
48262,5,64,2,-12.5,-7.5,-12.5,-7.5,1069.0579833984375
48262,5,57,2,-12.5,-12.5,-12.5,-12.5,1069.489990234375
48262,5,52,2,-10,-18.5,-10,-18.5,1070.0579833984375
48262,5,54,2,-10,-15,-10,-15,1070.4239501953125
48262,5,56,2,-7.5,-12.5,-7.5,-12.5,1070.5579833984375
48262,5,60,2,-10,-10,-10,-10,1070.791015625
48262,5,63,2,-7.5,-7.5,-7.5,-7.5,1070.990966796875
48262,5,66,2,-10,-5,-10,-5,1071.2080078125
48262,5,68,2,-10,-1.5,-10,-1.5,1071.490966796875
48262,5,48,2,-10,10,-10,10,1072.4410400390625
48262,5,42,2,-10,15,-10,15,1072.8580322265625
48262,5,37,2,-10,20,-10,20,1073.291015625
48262,5,39,2,-12.5,17.5,-12.5,17.5,1073.5240478515625
48262,5,36,2,-15,20,-15,20,1073.740966796875
48262,5,40,2,-17.5,17.5,-17.5,17.5,1073.9410400390625
48262,5,47,2,-17.5,12.5,-17.5,12.5,1074.323974609375
48262,5,67,2,-15,-5,-15,-5,1075.907958984375
48262,5,61,2,-15,-10,-15,-10,1076.324951171875
48262,5,55,2,-15,-15,-15,-15,1076.740966796875
48262,5,52,2,-10,-18.5,-10,-18.5,1077.3909912109375
48262,5,56,2,-7.5,-12.5,-7.5,-12.5,1077.9410400390625
48262,5,60,2,-10,-10,-10,-10,1078.240966796875
48262,5,63,2,-7.5,-7.5,-7.5,-7.5,1078.3580322265625
48262,5,66,2,-10,-5,-10,-5,1078.5909423828125
48262,5,68,2,-10,-1.5,-10,-1.5,1078.8909912109375
48262,5,48,2,-10,10,-10,10,1079.823974609375
48262,5,42,2,-10,15,-10,15,1080.239990234375
48262,5,41,2,-6.5,15,-6.5,15,1080.5570068359375
48262,5,39,2,-12.5,17.5,-12.5,17.5,1080.7080078125
48262,5,43,2,-15,15,-15,15,1080.9580078125
48262,5,49,2,-15,10,-15,10,1081.3909912109375
48262,5,51,2,-15,6.5,-15,6.5,1081.68994140625
48262,5,67,2,-15,-5,-15,-5,1082.6409912109375
48262,5,61,2,-15,-10,-15,-10,1083.041015625
48262,5,55,2,-15,-15,-15,-15,1083.4580078125
48262,5,52,2,-10,-18.5,-10,-18.5,1084.008056640625
48262,5,54,2,-10,-15,-10,-15,1084.157958984375
48262,5,60,2,-10,-10,-10,-10,1084.6080322265625
48262,5,66,2,-10,-5,-10,-5,1085.0240478515625
48262,5,68,2,-10,-1.5,-10,-1.5,1085.3070068359375
48262,5,48,2,-10,10,-10,10,1086.258056640625
48262,5,42,2,-10,15,-10,15,1086.6910400390625
48262,5,37,2,-10,20,-10,20,1087.1080322265625
48262,5,36,2,-15,20,-15,20,1087.6080322265625
48262,5,43,2,-15,15,-15,15,1088.0240478515625
48262,5,49,2,-15,10,-15,10,1088.4239501953125
48262,5,51,2,-15,6.5,-15,6.5,1088.7239990234375
48262,5,67,2,-15,-5,-15,-5,1089.6910400390625
48262,5,61,2,-15,-10,-15,-10,1090.1070556640625
48262,5,57,2,-12.5,-12.5,-12.5,-12.5,1090.323974609375
48262,5,60,2,-10,-10,-10,-10,1090.541015625
48262,5,56,2,-7.5,-12.5,-7.5,-12.5,1090.7239990234375
48262,5,63,2,-7.5,-7.5,-7.5,-7.5,1090.93994140625
48262,5,41,2,-6.5,15,-6.5,15,1092.8409423828125
48262,5,39,2,-12.5,17.5,-12.5,17.5,1093.3409423828125
48262,5,43,2,-15,15,-15,15,1093.656982421875
48262,5,49,2,-15,10,-15,10,1094.1080322265625
48262,5,51,2,-15,6.5,-15,6.5,1094.3909912109375
48262,5,67,2,-15,-5,-15,-5,1095.3409423828125
48262,5,61,2,-15,-10,-15,-10,1095.7569580078125
48262,5,55,2,-15,-15,-15,-15,1096.1910400390625
48262,5,52,2,-10,-18.5,-10,-18.5,1097.0579833984375
48262,5,54,2,-10,-15,-10,-15,1097.3900146484375
48262,5,56,2,-7.5,-12.5,-7.5,-12.5,1097.5909423828125
48262,5,60,2,-10,-10,-10,-10,1097.8079833984375
48262,5,63,2,-7.5,-7.5,-7.5,-7.5,1098.0069580078125
48262,5,66,2,-10,-5,-10,-5,1098.2239990234375
48262,5,68,2,-10,-1.5,-10,-1.5,1098.5069580078125
48262,5,48,2,-10,10,-10,10,1099.4580078125
48262,5,42,2,-10,15,-10,15,1099.8900146484375
48262,5,41,2,-6.5,15,-6.5,15,1100.0240478515625
48262,5,2,2,5,15,5,15,1101.008056640625
48262,5,3,2,10,15,10,15,1101.4239501953125
48262,5,9,2,10,10,10,10,1101.823974609375
48262,5,15,2,10,5,10,5,1102.240966796875
48262,5,17,2,10,1.5,10,1.5,1102.541015625
48262,5,31,2,10,-10,10,-10,1103.490966796875
48262,5,25,2,10,-15,10,-15,1103.907958984375
48262,5,20,2,10,-20,10,-20,1104.323974609375
48262,5,18,2,15,-23.5,15,-23.5,1104.740966796875
48262,5,19,2,15,-20,15,-20,1104.8570556640625
48262,5,23,2,17.5,-17.5,17.5,-17.5,1105.1080322265625
48262,5,26,2,15,-15,15,-15,1105.323974609375
48262,5,30,2,17.5,-12.5,17.5,-12.5,1105.5250244140625
48262,5,32,2,15,-10,15,-10,1105.7239990234375
48262,5,34,2,15,-6.5,15,-6.5,1106.0240478515625
48262,5,16,2,15,5,15,5,1106.990966796875
48262,5,10,2,15,10,15,10,1107.406982421875
48262,5,4,2,15,15,15,15,1107.823974609375
48262,5,6,2,12.5,12.5,12.5,12.5,1109.008056640625
48262,5,13,2,12.5,7.5,12.5,7.5,1109.407958984375
48262,5,29,2,12.5,-12.5,12.5,-12.5,1111.0909423828125
48262,5,22,2,12.5,-17.5,12.5,-17.5,1111.5069580078125
48262,5,18,2,15,-23.5,15,-23.5,1112.1409912109375
48262,5,19,2,15,-20,15,-20,1112.6409912109375
48262,5,23,2,17.5,-17.5,17.5,-17.5,1112.7239990234375
48262,5,26,2,15,-15,15,-15,1112.9239501953125
48262,5,30,2,17.5,-12.5,17.5,-12.5,1113.1400146484375
48262,5,32,2,15,-10,15,-10,1113.3409423828125
48262,5,34,2,15,-6.5,15,-6.5,1113.6400146484375
48262,5,16,2,15,5,15,5,1114.6070556640625
48262,5,10,2,15,10,15,10,1115.0240478515625
48262,5,9,2,10,10,10,10,1115.3909912109375
48262,5,12,2,7.5,7.5,7.5,7.5,1115.657958984375
48262,5,14,2,5,5,5,5,1115.95703125
48262,5,4,2,15,15,15,15,1118.490966796875
48262,5,6,2,12.5,12.5,12.5,12.5,1118.5240478515625
48262,5,3,2,10,15,10,15,1118.7239990234375
48262,5,2,2,5,15,5,15,1119.157958984375
48262,5,8,2,5,10,5,10,1120.323974609375
48262,5,14,2,5,5,5,5,1120.990966796875
48262,5,65,2,-5,-5,-5,-5,1122.20703125
48262,5,59,2,-5,-10,-5,-10,1122.6409912109375
48262,5,53,2,-5,-15,-5,-15,1123.0579833984375
48262,5,52,2,-10,-18.5,-10,-18.5,1124.3409423828125
48262,5,54,2,-10,-15,-10,-15,1124.5570068359375
48262,5,57,2,-12.5,-12.5,-12.5,-12.5,1124.758056640625
48262,5,60,2,-10,-10,-10,-10,1124.989990234375
48262,5,64,2,-12.5,-7.5,-12.5,-7.5,1125.1910400390625
48262,5,66,2,-10,-5,-10,-5,1125.3909912109375
48262,5,68,2,-10,-1.5,-10,-1.5,1125.68994140625
48262,5,48,2,-10,10,-10,10,1126.6409912109375
48262,5,46,2,-12.5,12.5,-12.5,12.5,1126.8409423828125
48262,5,42,2,-10,15,-10,15,1127.0579833984375
48262,5,39,2,-12.5,17.5,-12.5,17.5,1127.258056640625
48262,5,43,2,-15,15,-15,15,1128.0579833984375
48262,5,40,2,-17.5,17.5,-17.5,17.5,1128.258056640625
48262,5,44,2,-20,15,-20,15,1128.490966796875
48262,5,47,2,-17.5,12.5,-17.5,12.5,1128.6400146484375
48262,5,50,2,-20,10,-20,10,1128.8570556640625
48262,5,66,2,-10,-5,-10,-5,1130.657958984375
48262,5,68,2,-10,-1.5,-10,-1.5,1130.7239990234375
48262,5,60,2,-10,-10,-10,-10,1131.0909423828125
48262,5,54,2,-10,-15,-10,-15,1131.5069580078125
48262,5,52,2,-10,-18.5,-10,-18.5,1131.8089599609375
48262,5,53,2,-5,-15,-5,-15,1132.3580322265625
48262,5,59,2,-5,-10,-5,-10,1132.8070068359375
48262,5,65,2,-5,-5,-5,-5,1133.2239990234375
48262,5,51,2,-15,6.5,-15,6.5,1134.5240478515625
48262,5,49,2,-15,10,-15,10,1134.758056640625
48262,5,43,2,-15,15,-15,15,1135.20703125
48262,5,36,2,-15,20,-15,20,1135.6240234375
48262,5,35,2,-15,23.5,-15,23.5,1135.9239501953125
48262,5,37,2,-10,20,-10,20,1136.323974609375
48262,5,39,2,-12.5,17.5,-12.5,17.5,1136.541015625
48262,5,42,2,-10,15,-10,15,1136.740966796875
48262,5,46,2,-12.5,12.5,-12.5,12.5,1136.95703125
48262,5,48,2,-10,10,-10,10,1137.157958984375
48262,5,5,2,7.5,12.5,7.5,12.5,1138.5240478515625
48262,5,9,2,10,10,10,10,1138.906982421875
48262,5,15,2,10,5,10,5,1139.3079833984375
48262,5,17,2,10,1.5,10,1.5,1139.6070556640625
48262,5,31,2,10,-10,10,-10,1140.5570068359375
48262,5,25,2,10,-15,10,-15,1140.990966796875
48262,5,20,2,10,-20,10,-20,1141.3909912109375
48262,5,18,2,15,-23.5,15,-23.5,1141.95703125
48262,5,19,2,15,-20,15,-20,1142.406005859375
48262,5,23,2,17.5,-17.5,17.5,-17.5,1142.5579833984375
48262,5,26,2,15,-15,15,-15,1142.7569580078125
48262,5,30,2,17.5,-12.5,17.5,-12.5,1142.95703125
48262,5,32,2,15,-10,15,-10,1143.1929931640625
48262,5,34,2,15,-6.5,15,-6.5,1143.45703125
48262,5,16,2,15,5,15,5,1144.4239501953125
48262,5,10,2,15,10,15,10,1144.8409423828125
48262,5,4,2,15,15,15,15,1145.258056640625
48262,5,3,2,10,15,10,15,1145.740966796875
48262,5,5,2,7.5,12.5,7.5,12.5,1146.0240478515625
48262,5,12,2,7.5,7.5,7.5,7.5,1146.490966796875
48262,5,24,2,6.5,-15,6.5,-15,1148.3409423828125
48262,5,20,2,10,-20,10,-20,1148.8570556640625
48262,5,22,2,12.5,-17.5,12.5,-17.5,1149.041015625
48262,5,19,2,15,-20,15,-20,1149.240966796875
48262,5,26,2,15,-15,15,-15,1149.45703125
48262,5,32,2,15,-10,15,-10,1149.906982421875
48262,5,34,2,15,-6.5,15,-6.5,1150.1910400390625
48262,5,16,2,15,5,15,5,1151.1400146484375
48262,5,13,2,12.5,7.5,12.5,7.5,1151.3909912109375
48262,5,15,2,10,5,10,5,1151.489990234375
48262,5,14,2,7.5,7.5,5,5,1151.9239501953125
48262,5,12,2,7.5,7.5,7.5,7.5,1151.93994140625
48262,5,7,2,1.5,10,1.5,10,1152.3070068359375
48262,6,17,5,10,1.5,10,1.5,885.6912841796875
48262,6,15,5,10,5,10,5,886.4254150390625
48262,6,9,2,10,10,10,10,886.6583251953125
48262,6,5,4,7.5,12.5,7.5,12.5,886.9254150390625
48262,6,8,5,5,10,5,10,887.0244140625
48262,6,2,4,5,15,5,15,887.20831298828125
48262,6,41,5,-6.5,15,-6.5,15,888.1583251953125
48262,6,42,5,-10,15,-10,15,888.45831298828125
48262,6,39,4,-12.5,17.5,-12.5,17.5,888.6912841796875
48262,6,43,2,-15,15,-15,15,888.9083251953125
48262,6,46,4,-12.5,12.5,-12.5,12.5,889.0084228515625
48262,6,49,5,-15,10,-15,10,889.1912841796875
48262,6,51,5,-15,6.5,-15,6.5,889.4923095703125
48262,6,67,4,-15,-5,-15,-5,890.45831298828125
48262,6,64,4,-12.5,-7.5,-12.5,-7.5,890.6583251953125
48262,6,61,2,-15,-10,-15,-10,890.9083251953125
48262,6,60,2,-10,-10,-10,-10,891.05828857421875
48262,6,63,4,-7.5,-7.5,-7.5,-7.5,891.2584228515625
48262,6,59,5,-5,-10,-5,-10,891.4423217773436
48262,6,56,4,-7.5,-12.5,-7.5,-12.5,891.4923095703125
48262,6,66,5,-10,-5,-10,-5,893.2423095703125
48262,6,68,5,-10,-1.5,-10,-1.5,893.4923095703125
48262,6,48,5,-10,10,-10,10,894.4412841796875
48262,6,42,5,-10,15,-10,15,894.857421875
48262,6,37,4,-10,20,-10,20,895.30828857421875
48262,6,39,4,-12.5,17.5,-12.5,17.5,895.72528076171875
48262,6,36,2,-15,20,-15,20,895.790283203125
48262,6,43,2,-15,15,-15,15,896.0253295898436
48262,6,47,4,-17.5,12.5,-17.5,12.5,896.2412719726564
48262,6,49,5,-15,10,-15,10,896.42626953125
48262,6,51,5,-15,6.5,-15,6.5,896.72528076171875
48262,6,67,4,-15,-5,-15,-5,897.70831298828125
48262,6,61,2,-15,-10,-15,-10,898.14141845703125
48262,6,55,1,-15,-15,-15,-15,898.55828857421875
48262,6,57,2,-12.5,-12.5,-12.5,-12.5,898.6583251953125
48262,6,54,2,-10,-15,-10,-15,898.8253173828125
48262,6,56,4,-7.5,-12.5,-7.5,-12.5,899.00732421875
48262,6,53,4,-5,-15,-5,-15,899.22528076171875
48262,6,24,5,6.5,-15,6.5,-15,900.14141845703125
48262,6,25,5,10,-15,10,-15,900.4423217773436
48262,6,29,4,12.5,-12.5,12.5,-12.5,900.6572875976564
48262,6,22,4,12.5,-17.5,12.5,-17.5,900.79132080078125
48262,6,20,4,10,-20,10,-20,901.0084228515624
48262,6,18,1,15,-23.5,15,-23.5,901.50927734375
48262,6,21,1,20,-20,20,-20,901.9923095703124
48262,6,23,2,17.5,-17.5,17.5,-17.5,902.1093139648436
48262,6,26,2,15,-15,15,-15,902.3582763671876
48262,6,31,5,10,-10,10,-10,902.9412841796876
48262,6,32,5,15,-10,15,-10,903.12530517578125
48262,6,34,5,15,-6.5,15,-6.5,903.2423095703124
48262,6,17,5,10,1.5,10,1.5,904.75732421875
48262,6,13,4,12.5,7.5,12.5,7.5,905.1082763671876
48262,6,12,4,7.5,7.5,7.5,7.5,905.29241943359375
48262,6,8,5,5,10,5,10,905.4912719726564
48262,6,7,5,1.5,10,1.5,10,905.79132080078125
48262,6,48,5,-10,10,-10,10,906.7412719726564
48262,6,49,5,-15,10,-15,10,907.14141845703125
48262,6,46,4,-12.5,12.5,-12.5,12.5,907.20831298828125
48262,6,42,5,-10,15,-10,15,907.5084228515624
48262,6,41,5,-6.5,15,-6.5,15,907.80828857421875
48262,6,65,5,-5,-5,-5,-5,909.3242797851564
48262,6,63,4,-7.5,-7.5,-7.5,-7.5,909.55828857421875
48262,6,59,5,-5,-10,-5,-10,909.7412719726564
48262,6,56,4,-7.5,-12.5,-7.5,-12.5,909.957275390625
48262,6,60,2,-10,-10,-10,-10,910.09130859375
48262,6,64,4,-12.5,-7.5,-12.5,-7.5,910.3582763671876
48262,6,66,5,-10,-5,-10,-5,910.55828857421875
48262,6,68,5,-10,-1.5,-10,-1.5,910.8582763671876
48262,6,58,5,-1.5,-10,-1.5,-10,911.7412719726564
48262,6,24,5,6.5,-15,6.5,-15,912.84130859375
48262,6,22,4,12.5,-17.5,12.5,-17.5,913.1583251953124
48262,6,26,2,15,-15,15,-15,913.5253295898436
48262,6,29,4,12.5,-12.5,12.5,-12.5,913.6923217773436
48262,6,32,5,15,-10,15,-10,913.89141845703125
48262,6,34,5,15,-6.5,15,-6.5,914.1583251953124
48262,6,17,5,10,1.5,10,1.5,914.9083251953124
48262,6,15,5,10,5,10,5,915.1923217773436
48262,6,13,4,12.5,7.5,12.5,7.5,915.4254150390624
48262,6,12,4,7.5,7.5,7.5,7.5,915.62530517578125
48262,6,9,2,10,10,10,10,915.6923217773436
48262,6,8,5,5,10,5,10,915.8582763671876
48262,6,7,5,1.5,10,1.5,10,916.14227294921875
48262,6,48,5,-10,10,-10,10,917.12530517578125
48262,6,42,5,-10,15,-10,15,917.42431640625
48262,6,37,4,-10,20,-10,20,917.89227294921875
48262,6,35,1,-15,23.5,-15,23.5,918.4912719726564
48262,6,36,2,-15,20,-15,20,918.6082763671876
48262,6,40,2,-17.5,17.5,-17.5,17.5,918.8582763671876
48262,6,43,2,-15,15,-15,15,919.05828857421875
48262,6,47,4,-17.5,12.5,-17.5,12.5,919.2412719726564
48262,6,49,5,-15,10,-15,10,919.4412841796876
48262,6,51,5,-15,6.5,-15,6.5,919.72528076171875
48262,6,67,4,-15,-5,-15,-5,920.70831298828125
48262,6,61,2,-15,-10,-15,-10,921.14141845703125
48262,6,55,1,-15,-15,-15,-15,921.55828857421875
48262,6,57,2,-12.5,-12.5,-12.5,-12.5,921.62530517578125
48262,6,56,4,-7.5,-12.5,-7.5,-12.5,922.0253295898436
48262,6,59,5,-5,-10,-5,-10,922.2584228515624
48262,6,63,4,-7.5,-7.5,-7.5,-7.5,922.4423217773436
48262,6,65,5,-5,-5,-5,-5,922.6583251953124
48262,6,66,5,-10,-5,-10,-5,922.89141845703125
48262,6,68,5,-10,-1.5,-10,-1.5,922.9912719726564
48262,6,48,5,-10,10,-10,10,924.05828857421875
48262,6,46,4,-12.5,12.5,-12.5,12.5,924.29132080078125
48262,6,42,5,-10,15,-10,15,924.45831298828125
48262,6,39,4,-12.5,17.5,-12.5,17.5,924.70831298828125
48262,6,37,4,-10,20,-10,20,924.9083251953124
48262,6,41,5,-6.5,15,-6.5,15,925.25927734375
48262,6,7,5,1.5,10,1.5,10,925.9083251953124
48262,6,8,5,5,10,5,10,926.22430419921875
48262,6,14,5,5,5,5,5,926.4254150390624
48262,6,12,4,7.5,7.5,7.5,7.5,926.55828857421875
48262,6,15,5,10,5,10,5,926.8253173828124
48262,6,17,5,10,1.5,10,1.5,926.9083251953124
48262,6,34,5,15,-6.5,15,-6.5,927.72528076171875
48262,6,32,5,15,-10,15,-10,928.0244140625
48262,6,29,4,12.5,-12.5,12.5,-12.5,928.2412719726564
48262,6,25,5,10,-15,10,-15,928.55828857421875
48262,6,24,5,6.5,-15,6.5,-15,928.89227294921875
48262,6,20,4,10,-20,10,-20,929.05828857421875
48262,6,19,2,15,-20,15,-20,929.54132080078125
48262,6,22,4,12.5,-17.5,12.5,-17.5,929.6082763671876
48262,6,26,2,15,-15,15,-15,929.8582763671876
48262,6,31,5,10,-10,10,-10,930.5084228515624
48262,6,58,5,-1.5,-10,-1.5,-10,931.4923095703124
48262,6,59,5,-5,-10,-5,-10,931.79132080078125
48262,6,63,4,-7.5,-7.5,-7.5,-7.5,932.0244140625
48262,6,65,5,-5,-5,-5,-5,932.1572875976564
48262,6,68,5,-10,-1.5,-10,-1.5,932.70831298828125
48262,6,66,5,-10,-5,-10,-5,933.1583251953124
48262,6,64,4,-12.5,-7.5,-12.5,-7.5,933.34130859375
48262,6,57,2,-12.5,-12.5,-12.5,-12.5,933.809326171875
48262,6,54,2,-10,-15,-10,-15,934.0084228515624
48262,6,56,4,-7.5,-12.5,-7.5,-12.5,934.09130859375
48262,6,53,4,-5,-15,-5,-15,934.3253173828124
48262,6,24,5,6.5,-15,6.5,-15,935.2584228515624
48262,6,25,5,10,-15,10,-15,935.54132080078125
48262,6,29,4,12.5,-12.5,12.5,-12.5,935.79132080078125
48262,6,26,2,15,-15,15,-15,936.00732421875
48262,6,22,4,12.5,-17.5,12.5,-17.5,936.04241943359375
48262,6,19,2,15,-20,15,-20,936.30828857421875
48262,6,18,1,15,-23.5,15,-23.5,936.62530517578125
48262,6,32,5,15,-10,15,-10,937.30828857421875
48262,6,34,5,15,-6.5,15,-6.5,937.59332275390625
48262,6,17,5,10,1.5,10,1.5,938.3582763671876
48262,6,15,5,10,5,10,5,938.6912841796876
48262,6,13,4,12.5,7.5,12.5,7.5,939.0084228515624
48262,6,10,2,15,10,15,10,939.30828857421875
48262,6,4,1,15,15,15,15,939.7584228515624
48262,6,6,2,12.5,12.5,12.5,12.5,939.79132080078125
48262,6,3,2,10,15,10,15,939.9912719726564
48262,6,5,4,7.5,12.5,7.5,12.5,940.1583251953124
48262,6,8,5,5,10,5,10,940.4412841796876
48262,6,12,4,7.5,7.5,7.5,7.5,940.70831298828125
48262,6,14,5,5,5,5,5,940.9083251953124
48262,6,68,5,-10,-1.5,-10,-1.5,942.39141845703125
48262,6,66,5,-10,-5,-10,-5,942.70831298828125
48262,6,64,4,-12.5,-7.5,-12.5,-7.5,942.95831298828125
48262,6,60,2,-10,-10,-10,-10,943.20831298828125
48262,6,57,2,-12.5,-12.5,-12.5,-12.5,943.4072875976564
48262,6,54,2,-10,-15,-10,-15,943.6082763671876
48262,6,56,4,-7.5,-12.5,-7.5,-12.5,943.64141845703125
48262,6,53,4,-5,-15,-5,-15,943.8582763671876
48262,6,59,5,-5,-10,-5,-10,944.09130859375
48262,6,58,5,-1.5,-10,-1.5,-10,944.1583251953124
48262,6,65,5,-5,-5,-5,-5,944.54132080078125
48262,6,63,4,-7.5,-7.5,-7.5,-7.5,944.62530517578125
48262,6,67,4,-15,-5,-15,-5,945.29132080078125
48262,6,46,4,-12.5,12.5,-12.5,12.5,946.59130859375
48262,6,48,5,-10,10,-10,10,946.6912841796876
48262,6,42,5,-10,15,-10,15,946.79132080078125
48262,6,41,5,-6.5,15,-6.5,15,947.0084228515624
48262,6,37,4,-10,20,-10,20,947.4083251953124
48262,6,39,4,-12.5,17.5,-12.5,17.5,947.5084228515624
48262,6,43,2,-15,15,-15,15,947.8253173828124
48262,6,49,5,-15,10,-15,10,948.14141845703125
48262,6,51,5,-15,6.5,-15,6.5,948.4412841796876
48262,6,68,5,-10,-5,-10,-1.5,949.64031982421875
48262,6,66,5,-10,-5,-10,-5,949.6583251953124
48262,6,63,4,-7.5,-7.5,-7.5,-7.5,949.9083251953124
48262,6,65,5,-5,-5,-5,-5,950.1082763671876
48262,6,68,5,-10,-1.5,-10,-1.5,950.72430419921875
48262,6,59,5,-5,-10,-5,-10,951.30828857421875
48262,6,53,4,-5,-15,-5,-15,951.79241943359375
48262,6,25,5,10,-15,10,-15,952.84130859375
48262,6,31,5,10,-10,10,-10,953.1082763671876
48262,6,32,5,15,-10,15,-10,953.5084228515624
48262,6,30,4,17.5,-12.5,17.5,-12.5,953.80828857421875
48262,6,26,2,15,-15,15,-15,953.9912719726564
48262,6,19,2,15,-20,15,-20,954.4083251953124
48262,6,21,1,20,-20,20,-20,954.9912719726564
48262,6,27,2,20,-15,20,-15,955.39141845703125
48262,6,23,2,17.5,-17.5,17.5,-17.5,955.42431640625
48262,6,22,4,12.5,-17.5,12.5,-17.5,955.8253173828124
48262,6,29,4,12.5,-12.5,12.5,-12.5,956.14227294921875
48262,6,17,5,10,1.5,10,1.5,957.2584228515624
48262,6,15,5,10,5,10,5,957.54132080078125
48262,6,14,5,5,5,5,5,957.84130859375
48262,6,12,4,7.5,7.5,7.5,7.5,957.92431640625
48262,6,8,5,5,10,5,10,958.14141845703125
48262,6,7,5,1.5,10,1.5,10,958.4083251953124
48262,6,48,5,-10,10,-10,10,959.39141845703125
48262,6,46,4,-12.5,12.5,-12.5,12.5,959.62530517578125
48262,6,42,5,-10,15,-10,15,959.707275390625
48262,6,41,5,-6.5,15,-6.5,15,959.95831298828125
48262,6,49,5,-15,10,-15,10,960.84130859375
48262,6,51,5,-15,6.5,-15,6.5,961.00732421875
48262,6,64,4,-12.5,-7.5,-12.5,-7.5,962.1912841796876
48262,6,57,2,-12.5,-12.5,-12.5,-12.5,962.62530517578125
48262,6,54,2,-10,-15,-10,-15,962.9412841796876
48262,6,56,4,-7.5,-12.5,-7.5,-12.5,963.14141845703125
48262,6,59,5,-5,-10,-5,-10,963.4083251953124
48262,6,63,4,-7.5,-7.5,-7.5,-7.5,963.84130859375
48262,6,66,5,-10,-5,-10,-5,964.09228515625
48262,6,68,5,-10,-1.5,-10,-1.5,964.29132080078125
48262,6,58,5,-1.5,-10,-1.5,-10,965.457275390625
48262,6,53,4,-5,-15,-5,-15,965.9083251953124
48262,6,24,5,6.5,-15,6.5,-15,966.7412719726564
48262,6,25,5,10,-15,10,-15,967.040283203125
48262,6,31,5,10,-10,10,-10,967.2423095703124
48262,6,34,5,15,-6.5,15,-6.5,968.09130859375
48262,6,33,4,20,-10,20,-10,968.5253295898436
48262,6,30,4,17.5,-12.5,17.5,-12.5,968.55828857421875
48262,6,23,2,17.5,-17.5,17.5,-17.5,969.0253295898436
48262,6,18,1,15,-23.5,15,-23.5,970.34130859375
48262,6,20,4,10,-20,10,-20,970.9412841796876
48262,6,24,5,6.5,-15,6.5,-15,971.7584228515624
48262,6,31,5,10,-10,10,-10,972.39141845703125
48262,6,17,5,10,1.5,10,1.5,973.30828857421875
48262,6,14,5,5,5,5,5,973.80828857421875
48262,6,17,5,10,5,10,1.5,974.0084228515624
48262,6,15,5,10,5,10,5,974.0253295898436
48262,6,13,4,12.5,7.5,12.5,7.5,974.29132080078125
48262,6,16,4,15,5,15,5,974.5084228515624
48262,6,48,5,-10,10,-10,10,978.5253295898436
48262,6,46,4,-12.5,12.5,-12.5,12.5,978.80828857421875
48262,6,49,5,-15,10,-15,10,979.0084228515624
48262,6,48,5,-10,10,-10,10,983.54132080078125
48262,6,46,4,-12.5,12.5,-12.5,12.5,983.8253173828124
48262,7,7,1,1.5,10,1.5,10,1552.0889892578125
48262,7,8,1,5,10,5,10,1552.3399658203125
48262,7,9,4,10,10,10,10,1552.7230224609375
48262,7,2,2,5,15,5,15,1554.4229736328125
48262,7,14,1,5,5,5,5,1555.2919921875
48262,7,17,1,10,1.5,10,1.5,1555.77294921875
48262,7,16,2,15,5,15,5,1556.3060302734375
48262,7,10,4,15,10,15,10,1556.7249755859375
48262,7,3,4,10,15,10,15,1557.9229736328125
48262,7,5,2,7.5,12.5,7.5,12.5,1558.20703125
48262,7,12,2,7.5,7.5,7.5,7.5,1558.6400146484375
48262,7,15,1,10,5,10,5,1559.156005859375
48262,7,13,2,12.5,7.5,12.5,7.5,1559.5560302734375
48262,7,6,4,12.5,12.5,12.5,12.5,1559.9730224609375
48262,7,4,5,15,15,15,15,1560.156005859375
48262,7,1,5,10,18.5,10,18.5,1560.656005859375
48262,7,9,4,10,10,10,10,1561.52294921875
48262,7,17,1,10,1.5,10,1.5,1562.322998046875
48262,7,11,5,18.5,10,18.5,10,1563.5570068359375
48262,7,3,4,10,15,10,15,1564.656005859375
48262,7,5,2,7.5,12.5,7.5,12.5,1564.906005859375
48262,7,2,2,5,15,5,15,1565.10595703125
48262,7,41,1,-6.5,15,-6.5,15,1566.0889892578125
48262,7,42,1,-10,15,-10,15,1566.3900146484375
48262,7,46,2,-12.5,12.5,-12.5,12.5,1566.5560302734375
48262,7,43,4,-15,15,-15,15,1566.739990234375
48262,7,40,4,-17.5,17.5,-17.5,17.5,1567.10595703125
48262,7,38,5,-20,20,-20,20,1567.3389892578125
48262,7,35,5,-15,23.5,-15,23.5,1567.6729736328125
48262,7,36,4,-15,20,-15,20,1567.906005859375
48262,7,49,1,-15,10,-15,10,1568.7559814453125
48262,7,51,1,-15,6.5,-15,6.5,1569.0400390625
48262,7,67,2,-15,-5,-15,-5,1570.0059814453125
48262,7,61,4,-15,-10,-15,-10,1570.3890380859375
48262,7,55,5,-15,-15,-15,-15,1570.7889404296875
48262,7,52,5,-10,-18.5,-10,-18.5,1571.2230224609375
48262,7,54,4,-10,-15,-10,-15,1571.2900390625
48262,7,60,4,-10,-10,-10,-10,1571.7230224609375
48262,7,66,1,-10,-5,-10,-5,1572.18896484375
48262,7,68,1,-10,-1.5,-10,-1.5,1572.489990234375
48262,7,48,1,-10,10,-10,10,1573.43994140625
48262,7,42,1,-10,15,-10,15,1573.85595703125
48262,7,39,2,-12.5,17.5,-12.5,17.5,1574.1400146484375
48262,7,37,2,-10,20,-10,20,1574.4219970703125
48262,7,46,2,-12.5,12.5,-12.5,12.5,1574.8890380859375
48262,7,64,2,-12.5,-7.5,-12.5,-7.5,1576.5389404296875
48262,7,60,4,-10,-10,-10,-10,1576.739013671875
48262,7,57,4,-12.5,-12.5,-12.5,-12.5,1576.93994140625
48262,7,54,4,-10,-15,-10,-15,1577.1390380859375
48262,7,52,5,-10,-18.5,-10,-18.5,1577.4229736328125
48262,7,53,2,-5,-15,-5,-15,1578.406005859375
48262,7,56,2,-7.5,-12.5,-7.5,-12.5,1578.60498046875
48262,7,63,2,-7.5,-7.5,-7.5,-7.5,1579.02294921875
48262,7,41,1,-6.5,15,-6.5,15,1580.9229736328125
48262,7,37,2,-10,20,-10,20,1581.5059814453125
48262,7,36,4,-15,20,-15,20,1581.9229736328125
48262,7,38,5,-20,20,-20,20,1582.3060302734375
48262,7,40,4,-17.5,17.5,-17.5,17.5,1582.4560546875
48262,7,44,4,-20,15,-20,15,1582.623046875
48262,7,50,2,-20,10,-20,10,1583.0889892578125
48262,7,62,5,-18.5,-10,-18.5,-10,1584.70703125
48262,7,55,5,-15,-15,-15,-15,1585.4229736328125
48262,7,61,4,-15,-10,-15,-10,1585.656005859375
48262,7,67,2,-15,-5,-15,-5,1586.1400146484375
48262,7,51,1,-15,6.5,-15,6.5,1587.10595703125
48262,7,49,1,-15,10,-15,10,1587.406005859375
48262,7,43,4,-15,15,-15,15,1587.7889404296875
48262,7,40,4,-17.5,17.5,-17.5,17.5,1587.989990234375
48262,7,36,4,-15,20,-15,20,1588.18896484375
48262,7,35,5,-15,23.5,-15,23.5,1588.4549560546875
48262,7,37,2,-10,20,-10,20,1589.3060302734375
48262,7,42,1,-10,15,-10,15,1589.7230224609375
48262,7,48,1,-10,10,-10,10,1590.1400146484375
48262,7,68,1,-10,-1.5,-10,-1.5,1591.1070556640625
48262,7,66,1,-10,-5,-10,-5,1591.405029296875
48262,7,60,4,-10,-10,-10,-10,1591.77294921875
48262,7,54,4,-10,-15,-10,-15,1592.18896484375
48262,7,52,5,-10,-18.5,-10,-18.5,1592.4730224609375
48262,7,55,5,-15,-15,-15,-15,1593.0899658203125
48262,7,61,4,-15,-10,-15,-10,1593.52197265625
48262,7,67,2,-15,-5,-15,-5,1593.989013671875
48262,7,51,1,-15,6.5,-15,6.5,1594.93896484375
48262,7,49,1,-15,10,-15,10,1595.239990234375
48262,7,43,4,-15,15,-15,15,1595.623046875
48262,7,36,4,-15,20,-15,20,1596.02197265625
48262,7,35,5,-15,23.5,-15,23.5,1596.3060302734375
48262,7,37,2,-10,20,-10,20,1597.43896484375
48262,7,42,1,-10,15,-10,15,1597.85595703125
48262,7,48,1,-10,10,-10,10,1598.2900390625
48262,7,68,1,-10,-1.5,-10,-1.5,1599.239013671875
48262,7,66,1,-10,-5,-10,-5,1599.5400390625
48262,7,60,4,-10,-10,-10,-10,1599.9229736328125
48262,7,54,4,-10,-15,-10,-15,1600.322998046875
48262,7,52,5,-10,-18.5,-10,-18.5,1600.60595703125
48262,7,53,2,-5,-15,-5,-15,1601.2559814453125
48262,7,59,1,-5,-10,-5,-10,1601.7060546875
48262,7,65,1,-5,-5,-5,-5,1602.123046875
48262,7,41,1,-6.5,15,-6.5,15,1603.8060302734375
48262,7,37,2,-10,20,-10,20,1605.989990234375
48262,7,36,4,-15,20,-15,20,1606.373046875
48262,7,40,4,-17.5,17.5,-17.5,17.5,1606.623046875
48262,7,43,4,-15,15,-15,15,1606.906005859375
48262,7,47,2,-17.5,12.5,-17.5,12.5,1607.10595703125
48262,7,57,4,-15,-10,-12.5,-12.5,1608.9229736328125
48262,7,61,4,-15,-10,-15,-10,1608.93994140625
48262,7,55,5,-15,-15,-15,-15,1609.3389892578125
48262,7,57,4,-12.5,-12.5,-12.5,-12.5,1609.43994140625
48262,7,60,4,-10,-10,-10,-10,1609.7220458984375
48262,7,64,2,-12.5,-7.5,-12.5,-7.5,1609.93896484375
48262,7,66,1,-10,-5,-10,-5,1610.18896484375
48262,7,68,1,-10,-1.5,-10,-1.5,1610.489013671875
48262,7,65,1,-5,-5,-5,-5,1610.93896484375
48262,7,63,2,-7.5,-7.5,-7.5,-7.5,1611.10595703125
48262,7,59,1,-5,-10,-5,-10,1611.322998046875
48262,7,56,2,-7.5,-12.5,-7.5,-12.5,1611.52294921875
48262,7,53,2,-5,-15,-5,-15,1611.7230224609375
48262,7,52,5,-10,-18.5,-10,-18.5,1612.2889404296875
48262,7,54,4,-10,-15,-10,-15,1612.5059814453125
48262,7,48,1,-10,10,-10,10,1614.623046875
48262,7,46,2,-12.5,12.5,-12.5,12.5,1614.905029296875
48262,7,43,4,-15,15,-15,15,1615.1390380859375
48262,7,40,4,-17.5,17.5,-17.5,17.5,1615.4229736328125
48262,7,36,4,-15,20,-15,20,1615.6729736328125
48262,7,35,5,-15,23.5,-15,23.5,1615.93896484375
48262,7,38,5,-20,20,-20,20,1616.9229736328125
48262,7,40,4,-20,15,-17.5,17.5,1617.373046875
48262,7,44,4,-20,15,-20,15,1617.3890380859375
48262,7,50,2,-20,10,-20,10,1617.822998046875
48262,7,49,1,-15,10,-15,10,1618.5889892578125
48262,7,47,2,-17.5,12.5,-17.5,12.5,1619.1390380859375
48262,7,39,2,-12.5,17.5,-12.5,17.5,1619.2889404296875
48262,7,42,1,-10,15,-10,15,1619.52294921875
48262,7,41,1,-6.5,15,-6.5,15,1619.8060302734375
48262,7,2,2,5,15,5,15,1620.739990234375
48262,7,1,5,10,18.5,10,18.5,1621.123046875
48262,7,3,4,10,15,10,15,1621.4229736328125
48262,7,4,5,15,15,15,15,1621.5389404296875
48262,7,6,4,12.5,12.5,12.5,12.5,1621.656005859375
48262,7,10,4,15,10,15,10,1621.8900146484375
48262,7,13,2,12.5,7.5,12.5,7.5,1622.123046875
48262,7,11,5,18.5,10,18.5,10,1622.3389892578125
48262,7,5,2,7.5,12.5,7.5,12.5,1623.93994140625
48262,7,12,2,7.5,7.5,7.5,7.5,1624.2889404296875
48262,7,15,1,10,5,10,5,1624.906005859375
48262,7,17,1,10,1.5,10,1.5,1624.9730224609375
48262,7,31,1,10,-10,10,-10,1625.906005859375
48262,7,25,1,10,-15,10,-15,1626.322998046875
48262,7,22,2,12.5,-17.5,12.5,-17.5,1626.5889892578125
48262,7,23,4,17.5,-17.5,17.5,-17.5,1627.0059814453125
48262,7,28,5,23.5,-15,23.5,-15,1627.489990234375
48262,7,30,2,17.5,-12.5,17.5,-12.5,1628.27294921875
48262,7,26,4,15,-15,15,-15,1628.4730224609375
48262,7,18,5,15,-23.5,15,-23.5,1629.6219482421875
48262,7,17,1,10,1.5,10,1.5,1631.9219970703125
48262,7,14,1,5,5,5,5,1632.43896484375
48262,7,48,1,-10,10,-10,10,1633.8900146484375
48262,7,46,2,-12.5,12.5,-12.5,12.5,1634.156005859375
48262,7,43,4,-15,15,-15,15,1634.406005859375
48262,7,40,4,-17.5,17.5,-17.5,17.5,1634.7060546875
48262,7,36,4,-15,20,-15,20,1634.9730224609375
48262,7,39,2,-12.5,17.5,-12.5,17.5,1635.10595703125
48262,7,37,2,-10,20,-10,20,1635.322998046875
48262,7,1,5,10,18.5,10,18.5,1636.93896484375
48262,7,3,4,10,15,10,15,1637.156005859375
48262,7,9,4,10,10,10,10,1637.60595703125
48262,7,15,1,10,5,10,5,1638.072998046875
48262,7,17,1,10,1.5,10,1.5,1638.3389892578125
48262,7,31,1,10,-10,10,-10,1639.3060302734375
48262,7,56,2,-7.5,-12.5,-7.5,-12.5,1640.873046875
48262,7,60,4,-10,-10,-10,-10,1641.0560302734375
48262,7,64,2,-12.5,-7.5,-12.5,-7.5,1641.4229736328125
48262,7,66,1,-10,-5,-10,-5,1641.5050048828125
48262,7,68,1,-10,-1.5,-10,-1.5,1641.822021484375
48262,7,48,1,-10,10,-10,10,1642.7889404296875
48262,7,46,2,-12.5,12.5,-12.5,12.5,1642.9560546875
48262,7,42,1,-10,15,-10,15,1643.18896484375
48262,7,41,1,-6.5,15,-6.5,15,1643.3890380859375
48262,7,2,2,5,15,5,15,1644.93896484375
48262,7,5,2,7.5,12.5,7.5,12.5,1645.1390380859375
48262,7,3,4,10,15,10,15,1645.322998046875
48262,7,6,4,12.5,12.5,12.5,12.5,1645.5389404296875
48262,7,9,4,10,10,10,10,1645.68896484375
48262,7,13,2,12.5,7.5,12.5,7.5,1645.9229736328125
48262,7,29,2,12.5,-12.5,12.5,-12.5,1647.5889892578125
48262,7,25,1,10,-15,10,-15,1647.8890380859375
48262,7,24,1,6.5,-15,6.5,-15,1648.18896484375
48262,7,53,2,-5,-15,-5,-15,1649.123046875
48262,7,54,4,-10,-15,-10,-15,1649.52197265625
48262,7,56,2,-7.5,-12.5,-7.5,-12.5,1649.739013671875
48262,7,60,4,-10,-10,-10,-10,1649.822998046875
48262,7,63,2,-7.5,-7.5,-7.5,-7.5,1650.0560302734375
48262,7,66,1,-10,-5,-10,-5,1650.2900390625
48262,7,68,1,-10,-1.5,-10,-1.5,1650.5889892578125
48262,7,48,1,-10,10,-10,10,1651.5400390625
48262,7,42,1,-10,15,-10,15,1651.93896484375
48262,7,41,1,-6.5,15,-6.5,15,1652.02294921875
48262,7,2,2,5,15,5,15,1652.989013671875
48262,7,3,4,10,15,10,15,1653.3890380859375
48262,7,6,4,12.5,12.5,12.5,12.5,1653.60595703125
48262,7,9,4,10,10,10,10,1653.7060546875
48262,7,15,1,10,5,10,5,1654.18896484375
48262,7,17,1,10,1.5,10,1.5,1654.489013671875
48262,7,31,1,10,-10,10,-10,1655.43896484375
48262,7,25,1,10,-15,10,-15,1655.8389892578125
48262,7,56,2,-7.5,-12.5,-7.5,-12.5,1657.123046875
48262,7,60,4,-10,-10,-10,-10,1657.3399658203125
48262,7,63,2,-7.5,-7.5,-7.5,-7.5,1657.60595703125
48262,7,66,1,-10,-5,-10,-5,1657.822021484375
48262,7,68,1,-10,-1.5,-10,-1.5,1658.123046875
48262,7,48,1,-10,10,-10,10,1659.0889892578125
48262,7,42,1,-10,15,-10,15,1659.5059814453125
48262,7,46,2,-12.5,12.5,-12.5,12.5,1659.572998046875
48262,7,43,4,-15,15,-15,15,1659.7559814453125
48262,7,47,2,-17.5,12.5,-17.5,12.5,1659.989013671875
48262,7,62,5,-18.5,-10,-18.5,-10,1661.7889404296875
48262,7,55,5,-15,-15,-15,-15,1662.4560546875
48262,7,57,4,-12.5,-12.5,-12.5,-12.5,1662.8060302734375
48262,7,54,4,-10,-15,-10,-15,1663.02294921875
48262,7,56,2,-7.5,-12.5,-7.5,-12.5,1663.239990234375
48262,7,53,2,-5,-15,-5,-15,1663.4730224609375
48262,7,58,1,-1.5,-10,-1.5,-10,1663.8389892578125
48262,7,49,1,-15,10,-15,10,1665.822021484375
48262,7,46,2,-12.5,12.5,-12.5,12.5,1665.989013671875
48262,7,43,4,-15,15,-15,15,1666.156005859375
48262,7,39,2,-12.5,17.5,-12.5,17.5,1666.406005859375
48262,7,36,4,-15,20,-15,20,1666.5889892578125
48262,7,37,2,-10,20,-10,20,1666.77294921875
48262,7,2,2,5,15,5,15,1668.406005859375
48262,7,5,2,7.5,12.5,7.5,12.5,1668.60498046875
48262,7,9,4,10,10,10,10,1668.9229736328125
48262,7,6,4,12.5,12.5,12.5,12.5,1669.1219482421875
48262,7,10,4,15,10,15,10,1669.3399658203125
48262,7,11,5,18.5,10,18.5,10,1669.60595703125
48262,7,33,2,20,-10,20,-10,1671.322998046875
48262,7,30,2,17.5,-12.5,17.5,-12.5,1671.52197265625
48262,7,27,4,20,-15,20,-15,1671.7049560546875
48262,7,23,4,17.5,-17.5,17.5,-17.5,1671.9229736328125
48262,7,21,5,20,-20,20,-20,1672.10595703125
48262,7,19,4,15,-20,15,-20,1672.2230224609375
48262,7,22,2,12.5,-17.5,12.5,-17.5,1672.4229736328125
48262,7,52,5,-10,-18.5,-10,-18.5,1674.2559814453125
48262,7,54,4,-10,-15,-10,-15,1674.4560546875
48262,7,57,4,-12.5,-12.5,-12.5,-12.5,1674.7060546875
48262,7,60,4,-10,-10,-10,-10,1674.906005859375
48262,7,64,2,-12.5,-7.5,-12.5,-7.5,1675.137939453125
48262,7,66,1,-10,-5,-10,-5,1675.3719482421875
48262,7,68,1,-10,-1.5,-10,-1.5,1675.656005859375
48262,7,48,1,-10,10,-10,10,1676.6219482421875
48262,7,46,2,-12.5,12.5,-12.5,12.5,1676.8060302734375
48262,7,42,1,-10,15,-10,15,1677.02197265625
48262,7,39,2,-12.5,17.5,-12.5,17.5,1677.2239990234375
48262,7,5,2,7.5,12.5,7.5,12.5,1678.8050537109375
48262,7,6,4,12.5,12.5,12.5,12.5,1679.18896484375
48262,7,10,4,15,10,15,10,1679.406005859375
48262,7,13,2,12.5,7.5,12.5,7.5,1679.5389404296875
48262,7,29,2,12.5,-12.5,12.5,-12.5,1681.2220458984375
48262,7,26,4,15,-15,15,-15,1681.406005859375
48262,7,22,2,12.5,-17.5,12.5,-17.5,1681.6400146484375
48262,7,19,4,15,-20,15,-20,1681.822998046875
48262,7,20,2,10,-20,10,-20,1681.9720458984375
48262,7,52,5,-10,-18.5,-10,-18.5,1683.5880126953125
48262,7,56,2,-7.5,-12.5,-7.5,-12.5,1683.93994140625
48262,7,60,4,-10,-10,-10,-10,1684.1390380859375
48262,7,57,4,-12.5,-12.5,-12.5,-12.5,1684.3060302734375
48262,7,61,4,-15,-10,-15,-10,1684.5389404296875
48262,7,67,2,-15,-5,-15,-5,1684.9560546875
48262,7,51,1,-15,6.5,-15,6.5,1685.93896484375
48262,7,49,1,-15,10,-15,10,1686.2230224609375
48262,7,43,4,-15,15,-15,15,1686.60595703125
48262,7,36,4,-15,20,-15,20,1687.02197265625
48262,7,35,5,-15,23.5,-15,23.5,1687.2889404296875
48262,7,38,5,-20,20,-20,20,1687.5889892578125
48262,7,40,4,-20,15,-17.5,17.5,1688.123046875
48262,7,44,4,-20,15,-20,15,1688.1390380859375
48262,7,47,2,-17.5,12.5,-17.5,12.5,1688.52294921875
48262,7,46,2,-12.5,12.5,-12.5,12.5,1688.9229736328125
48262,7,42,1,-10,15,-10,15,1689.1729736328125
48262,7,41,1,-6.5,15,-6.5,15,1689.43896484375
48262,7,2,2,5,15,5,15,1690.3890380859375
48262,7,5,2,7.5,12.5,7.5,12.5,1690.60595703125
48262,7,3,4,10,15,10,15,1690.7889404296875
48262,7,6,4,12.5,12.5,12.5,12.5,1691.0059814453125
48262,7,4,5,15,15,15,15,1691.1729736328125
48262,7,10,4,15,10,15,10,1691.3900146484375
48262,7,16,2,15,5,15,5,1691.8389892578125
48262,7,34,1,15,-6.5,15,-6.5,1692.822021484375
48262,7,32,1,15,-10,15,-10,1693.123046875
48262,7,30,2,17.5,-12.5,17.5,-12.5,1693.4229736328125
48262,7,26,4,15,-15,15,-15,1693.489013671875
48262,7,23,4,17.5,-17.5,17.5,-17.5,1693.7060546875
48262,7,21,5,20,-20,20,-20,1694.0059814453125
48262,7,28,5,23.5,-15,23.5,-15,1694.52294921875
48262,7,29,2,12.5,-12.5,12.5,-12.5,1696.18896484375
48262,7,25,1,10,-15,10,-15,1696.5059814453125
48262,7,24,1,6.5,-15,6.5,-15,1696.7060546875
48262,7,52,5,-10,-18.5,-10,-18.5,1698.123046875
48262,7,54,4,-10,-15,-10,-15,1698.2889404296875
48262,7,57,4,-12.5,-12.5,-12.5,-12.5,1698.5389404296875
48262,7,64,2,-12.5,-7.5,-12.5,-7.5,1699.02197265625
48262,7,46,2,-12.5,12.5,-12.5,12.5,1700.68896484375
48262,7,39,2,-12.5,17.5,-12.5,17.5,1701.10595703125
48262,7,1,5,10,18.5,10,18.5,1703.739013671875
48262,7,3,4,10,15,10,15,1704.0059814453125
48262,7,9,4,10,10,10,10,1704.373046875
48262,7,15,1,10,5,10,5,1704.822998046875
48262,7,17,1,10,1.5,10,1.5,1705.10595703125
48262,7,31,1,10,-10,10,-10,1707.2060546875
48262,7,25,1,10,-15,10,-15,1707.6219482421875
48262,7,20,2,10,-20,10,-20,1708.02294921875
48262,7,18,5,15,-23.5,15,-23.5,1708.5889892578125
48262,7,19,4,15,-20,15,-20,1708.8389892578125
48262,7,23,4,17.5,-17.5,17.5,-17.5,1709.0889892578125
48262,7,26,4,15,-15,15,-15,1709.3060302734375
48262,7,30,2,17.5,-12.5,17.5,-12.5,1709.5379638671875
48262,7,32,1,15,-10,15,-10,1709.77197265625
48262,7,34,1,15,-6.5,15,-6.5,1710.0389404296875
48262,7,16,2,15,5,15,5,1711.0050048828125
48262,7,6,4,15,10,12.5,12.5,1711.373046875
48262,7,10,4,15,10,15,10,1711.3890380859375
48262,7,4,5,15,15,15,15,1711.7889404296875
48262,7,6,4,10,15,12.5,12.5,1712.322998046875
48262,7,3,4,10,15,10,15,1712.3399658203125
48262,7,2,2,5,15,5,15,1712.7889404296875
48262,7,41,1,-6.5,15,-6.5,15,1713.77294921875
48262,7,42,1,-10,15,-10,15,1714.072021484375
48262,7,39,2,-12.5,17.5,-12.5,17.5,1714.239013671875
48262,8,36,5,5,-5,5,-5,1162.489990234375
48262,8,42,5,5,-10,5,-10,1162.906982421875
48262,8,46,4,7.5,-12.5,7.5,-12.5,1163.156982421875
48262,8,47,2,12.5,-12.5,12.5,-12.5,1163.6240234375
48262,8,43,2,10,-10,10,-10,1163.7080078125
48262,8,40,4,12.5,-7.5,12.5,-7.5,1163.8409423828125
48262,8,37,5,10,-5,10,-5,1164.20703125
48262,8,35,5,10,-1.5,10,-1.5,1164.3580322265625
48262,8,14,5,10,10,10,10,1165.3580322265625
48262,8,8,5,10,15,10,15,1165.791015625
48262,8,2,4,10,20,10,20,1166.2239990234375
48262,8,11,1,23.5,15,23.5,15,1169.322998046875
48262,8,10,2,20,15,20,15,1169.6240234375
48262,8,13,4,17.5,12.5,17.5,12.5,1169.823974609375
48262,8,15,5,15,10,15,10,1170.0909423828125
48262,8,17,5,15,6.5,15,6.5,1170.3580322265625
48262,8,14,5,10,10,10,10,1170.6240234375
48262,8,12,4,12.5,12.5,12.5,12.5,1170.740966796875
48262,8,8,5,10,15,10,15,1170.95703125
48262,8,5,4,12.5,17.5,12.5,17.5,1171.156982421875
48262,8,7,5,6.5,15,6.5,15,1171.407958984375
48262,8,28,5,0,15,0,15,1171.95703125
48262,8,27,5,-5,15,-5,15,1172.3909912109375
48262,8,26,2,-15,15,-15,15,1173.2569580078125
48262,8,32,5,-15,5,-15,5,1173.9580078125
48262,8,34,5,-15,0,-15,0,1174.3900146484375
48262,8,57,4,-15,-15,-15,-15,1175.6400146484375
48262,8,60,5,-10,-20,-10,-20,1176.20703125
48262,8,61,5,-5,-20,-5,-20,1176.6240234375
48262,8,46,4,7.5,-12.5,7.5,-12.5,1178.1910400390625
48262,8,43,2,10,-10,10,-10,1178.5069580078125
48262,8,39,4,7.5,-7.5,7.5,-7.5,1178.6080322265625
48262,8,37,5,10,-5,10,-5,1178.823974609375
48262,8,35,5,10,-1.5,10,-1.5,1179.1240234375
48262,8,14,5,10,10,10,10,1180.0909423828125
48262,8,8,5,10,15,10,15,1180.5069580078125
48262,8,7,5,6.5,15,6.5,15,1180.6240234375
48262,8,28,5,0,15,0,15,1181.18994140625
48262,8,27,5,-5,15,-5,15,1181.6070556640625
48262,8,26,2,-15,15,-15,15,1182.490966796875
48262,8,32,5,-15,5,-15,5,1183.2239990234375
48262,8,34,5,-15,0,-15,0,1183.6409912109375
48262,8,57,4,-15,-15,-15,-15,1184.906982421875
48262,8,60,5,-10,-20,-10,-20,1185.70703125
48262,8,61,5,-5,-20,-5,-20,1186.1409912109375
48262,8,51,1,10,-18.5,10,-18.5,1187.656982421875
48262,8,47,2,12.5,-12.5,12.5,-12.5,1188.157958984375
48262,8,43,2,10,-10,10,-10,1188.3900146484375
48262,8,39,4,7.5,-7.5,7.5,-7.5,1188.6409912109375
48262,8,37,5,10,-5,10,-5,1188.8409423828125
48262,8,35,5,10,-1.5,10,-1.5,1189.1409912109375
48262,8,14,5,10,10,10,10,1191.52294921875
48262,8,15,5,15,10,15,10,1192.2569580078125
48262,8,16,4,20,10,20,10,1192.7080078125
48262,8,10,2,20,15,20,15,1193.240966796875
48262,8,9,2,15,15,15,15,1193.656982421875
48262,8,8,5,10,15,10,15,1194.041015625
48262,8,7,5,6.5,15,6.5,15,1194.3399658203125
48262,8,28,5,0,15,0,15,1194.8900146484375
48262,8,27,5,-5,15,-5,15,1195.3070068359375
48262,8,26,2,-15,15,-15,15,1196.1910400390625
48262,8,32,5,-15,5,-15,5,1196.8909912109375
48262,8,34,5,-15,0,-15,0,1197.3079833984375
48262,8,57,4,-15,-15,-15,-15,1198.5570068359375
48262,8,60,5,-10,-20,-10,-20,1199.1409912109375
48262,8,61,5,-5,-20,-5,-20,1199.5579833984375
48262,8,51,1,10,-18.5,10,-18.5,1200.8909912109375
48262,8,50,1,15,-15,15,-15,1201.406982421875
48262,8,44,2,15,-10,15,-10,1201.823974609375
48262,8,40,4,12.5,-7.5,12.5,-7.5,1202.0240478515625
48262,8,17,5,15,6.5,15,6.5,1203.20703125
48262,8,15,5,15,10,15,10,1203.5069580078125
48262,8,12,4,12.5,12.5,12.5,12.5,1203.7230224609375
48262,8,8,5,10,15,10,15,1203.9410400390625
48262,8,7,5,6.5,15,6.5,15,1204.2569580078125
48262,8,28,5,0,15,0,15,1204.9580078125
48262,8,27,5,-5,15,-5,15,1205.3409423828125
48262,8,26,2,-15,15,-15,15,1206.240966796875
48262,8,32,5,-15,5,-15,5,1206.989990234375
48262,8,34,5,-15,0,-15,0,1207.406982421875
48262,8,57,4,-15,-15,-15,-15,1208.656982421875
48262,8,60,5,-10,-20,-10,-20,1209.490966796875
48262,8,61,5,-5,-20,-5,-20,1209.906982421875
48262,8,51,1,10,-18.5,10,-18.5,1211.2239990234375
48262,8,49,2,10,-15,10,-15,1211.52294921875
48262,8,46,4,7.5,-12.5,7.5,-12.5,1211.70703125
48262,8,43,2,10,-10,10,-10,1211.93994140625
48262,8,39,4,7.5,-7.5,7.5,-7.5,1212.123046875
48262,8,37,5,10,-5,10,-5,1212.3079833984375
48262,8,35,5,10,-1.5,10,-1.5,1212.6070556640625
48262,8,14,5,10,10,10,10,1213.5570068359375
48262,8,30,4,-10,10,-10,10,1215.2230224609375
48262,8,32,5,-15,5,-15,5,1216.0899658203125
48262,8,34,5,-15,0,-15,0,1216.5069580078125
48262,8,57,4,-15,-15,-15,-15,1217.791015625
48262,8,60,5,-10,-20,-10,-20,1218.6240234375
48262,8,61,5,-5,-20,-5,-20,1219.0400390625
48262,8,51,1,10,-18.5,10,-18.5,1220.5069580078125
48262,8,49,2,10,-15,10,-15,1220.8060302734375
48262,8,47,2,12.5,-12.5,12.5,-12.5,1221.0069580078125
48262,8,43,2,10,-10,10,-10,1221.2239990234375
48262,8,40,4,12.5,-7.5,12.5,-7.5,1221.406982421875
48262,8,37,5,10,-5,10,-5,1221.5899658203125
48262,8,35,5,10,-1.5,10,-1.5,1221.8909912109375
48262,8,14,5,10,10,10,10,1222.8399658203125
48262,8,12,4,12.5,12.5,12.5,12.5,1223.0570068359375
48262,8,28,5,0,15,0,15,1224.0240478515625
48262,8,27,5,-5,15,-5,15,1224.3900146484375
48262,8,30,4,-10,10,-10,10,1225.4239501953125
48262,8,32,5,-15,5,-15,5,1225.989990234375
48262,8,34,5,-15,0,-15,0,1226.20703125
48262,8,55,5,-10,-10,-10,-10,1227.3570556640625
48262,8,41,5,1.5,-10,1.5,-10,1228.3399658203125
48262,8,42,5,5,-10,5,-10,1228.6240234375
48262,8,36,5,5,-5,5,-5,1228.8070068359375
48262,8,35,5,10,-1.5,10,-1.5,1229.3399658203125
48262,8,37,5,10,-5,10,-5,1229.3909912109375
48262,8,39,4,7.5,-7.5,7.5,-7.5,1229.70703125
48262,8,43,2,10,-10,10,-10,1229.8909912109375
48262,8,46,4,7.5,-12.5,7.5,-12.5,1230.0570068359375
48262,8,49,2,10,-15,10,-15,1230.3079833984375
48262,8,51,1,10,-18.5,10,-18.5,1230.6070556640625
48262,8,50,1,15,-15,15,-15,1230.989990234375
48262,8,44,2,15,-10,15,-10,1231.406982421875
48262,8,38,4,15,-5,15,-5,1231.7900390625
48262,8,17,5,15,6.5,15,6.5,1232.7239990234375
48262,8,15,5,15,10,15,10,1233.02294921875
48262,8,9,2,15,15,15,15,1233.489990234375
48262,8,5,4,12.5,17.5,12.5,17.5,1233.8070068359375
48262,8,3,2,15,20,15,20,1233.906005859375
48262,8,2,4,10,20,10,20,1234.0889892578125
48262,8,7,5,6.5,15,6.5,15,1235.156982421875
48262,8,14,5,10,10,10,10,1235.5570068359375
48262,8,27,5,-5,15,-5,15,1237.041015625
48262,8,32,5,-15,5,-15,5,1239.489990234375
48262,8,34,5,-15,0,-15,0,1239.906982421875
48262,8,52,5,-20,-5,-20,-5,1240.5069580078125
48262,8,54,5,-20,-10,-20,-10,1241.0400390625
48262,8,59,2,-20,-20,-20,-20,1241.9239501953125
48262,8,60,5,-10,-20,-10,-20,1242.7239990234375
48262,8,61,5,-5,-20,-5,-20,1243.1400146484375
48262,8,41,5,1.5,-10,1.5,-10,1244.2239990234375
48262,8,36,5,5,-5,5,-5,1244.8909912109375
48262,8,46,4,7.5,-7.5,7.5,-12.5,1245.1070556640625
48262,8,39,4,7.5,-7.5,7.5,-7.5,1245.1240234375
48262,8,46,4,7.5,-12.5,7.5,-12.5,1245.3570556640625
48262,8,48,4,5,-15,5,-15,1245.541015625
48262,8,49,2,10,-15,10,-15,1245.7239990234375
48262,8,50,1,15,-15,15,-15,1246.240966796875
48262,8,47,2,12.5,-12.5,12.5,-12.5,1246.2900390625
48262,8,44,2,15,-10,15,-10,1246.5069580078125
48262,8,40,4,12.5,-7.5,12.5,-7.5,1246.656982421875
48262,8,43,2,10,-10,10,-10,1246.8070068359375
48262,8,37,5,10,-5,10,-5,1246.906005859375
48262,8,35,5,10,-1.5,10,-1.5,1247.239990234375
48262,8,17,5,15,6.5,15,6.5,1248.0069580078125
48262,8,15,5,15,10,15,10,1248.3070068359375
48262,8,12,4,12.5,12.5,12.5,12.5,1248.5240478515625
48262,8,9,2,15,15,15,15,1248.7569580078125
48262,8,5,4,12.5,17.5,12.5,17.5,1248.9239501953125
48262,8,8,5,10,15,10,15,1248.990966796875
48262,8,7,5,6.5,15,6.5,15,1249.3070068359375
48262,8,28,5,0,15,0,15,1249.8409423828125
48262,8,27,5,-5,15,-5,15,1250.2569580078125
48262,8,33,5,-5,5,-5,5,1250.93994140625
48262,8,57,4,-15,-15,-15,-15,1253.20703125
48262,8,54,5,-20,-10,-20,-10,1254.489990234375
48262,8,52,5,-20,-5,-20,-5,1254.906005859375
48262,8,34,5,-15,0,-15,0,1255.490966796875
48262,8,32,5,-15,5,-15,5,1255.9239501953125
48262,8,26,2,-15,15,-15,15,1256.8070068359375
48262,8,27,5,-5,15,-5,15,1257.6409912109375
48262,8,28,5,0,15,0,15,1258.0570068359375
48262,8,7,5,6.5,15,6.5,15,1258.6070556640625
48262,8,14,5,10,10,10,10,1259.45703125
48262,8,15,5,15,10,15,10,1259.8909912109375
48262,8,12,4,12.5,12.5,12.5,12.5,1259.95703125
48262,8,13,4,17.5,12.5,17.5,12.5,1260.2099609375
48262,8,16,4,20,10,20,10,1260.489990234375
48262,8,38,4,15,-5,15,-5,1261.7569580078125
48262,8,44,2,15,-10,15,-10,1262.20703125
48262,8,50,1,15,-15,15,-15,1262.6240234375
48262,8,49,2,10,-15,10,-15,1262.989990234375
48262,8,46,4,7.5,-12.5,7.5,-12.5,1263.156982421875
48262,8,43,2,10,-10,10,-10,1263.3070068359375
48262,8,39,4,7.5,-7.5,7.5,-7.5,1263.5069580078125
48262,8,37,5,10,-5,10,-5,1263.6910400390625
48262,8,35,5,10,-1.5,10,-1.5,1263.989990234375
48262,8,41,5,1.5,-10,1.5,-10,1265.239990234375
48262,8,48,4,5,-15,5,-15,1266.240966796875
48262,8,42,5,5,-10,5,-10,1266.656982421875
48262,8,36,5,5,-5,5,-5,1267.0570068359375
48262,8,34,5,-15,0,-15,0,1268.9229736328125
48262,8,57,4,-15,-15,-15,-15,1270.2900390625
48262,8,55,5,-10,-10,-10,-10,1271.0240478515625
48262,8,54,5,-20,-10,-20,-10,1271.68994140625
48262,8,52,5,-20,-5,-20,-5,1271.989990234375
48262,8,32,5,-15,5,-15,5,1273.1400146484375
48262,8,33,5,-5,5,-5,5,1274.0069580078125
48262,8,27,5,-5,15,-5,15,1274.8909912109375
48262,8,28,5,0,15,0,15,1275.2239990234375
48262,8,7,5,6.5,15,6.5,15,1275.7569580078125
48262,8,8,5,10,15,10,15,1276.0570068359375
48262,8,5,4,12.5,17.5,12.5,17.5,1276.2900390625
48262,8,12,4,12.5,12.5,12.5,12.5,1276.5069580078125
48262,8,9,2,15,15,15,15,1276.5570068359375
48262,8,15,5,15,10,15,10,1276.7569580078125
48262,8,13,4,17.5,12.5,17.5,12.5,1276.823974609375
48262,8,17,5,15,6.5,15,6.5,1277.1070556640625
48262,8,35,5,10,-1.5,10,-1.5,1278.1070556640625
48262,8,37,5,10,-5,10,-5,1278.20703125
48262,8,39,4,7.5,-7.5,7.5,-7.5,1278.541015625
48262,8,42,5,5,-10,5,-10,1278.8070068359375
48262,8,41,5,1.5,-10,1.5,-10,1279.093017578125
48262,8,60,5,-10,-20,-10,-20,1280.3570556640625
48262,8,61,5,-5,-20,-5,-20,1280.9560546875
48262,8,48,4,5,-15,5,-15,1282.18994140625
48262,8,49,2,10,-15,10,-15,1282.656982421875
48262,8,47,2,12.5,-12.5,12.5,-12.5,1283.0240478515625
48262,8,40,4,12.5,-7.5,12.5,-7.5,1283.4239501953125
48262,8,37,5,10,-5,10,-5,1283.8900146484375
48262,8,35,5,10,-1.5,10,-1.5,1283.9239501953125
48262,8,14,5,10,10,10,10,1285.0240478515625
48262,8,15,5,15,10,15,10,1285.1910400390625
48262,8,12,4,12.5,12.5,12.5,12.5,1285.323974609375
48262,8,8,5,10,15,10,15,1285.5400390625
48262,8,7,5,6.5,15,6.5,15,1285.8070068359375
48262,8,28,5,0,15,0,15,1286.3570556640625
48262,8,27,5,-5,15,-5,15,1286.791015625
48262,8,30,4,-10,10,-10,10,1287.3909912109375
48262,8,32,5,-15,5,-15,5,1287.9410400390625
48262,8,34,5,-15,0,-15,0,1288.4239501953125
48262,8,52,5,-20,-5,-20,-5,1289.1400146484375
48262,8,54,5,-20,-10,-20,-10,1289.406982421875
48262,8,55,5,-10,-10,-10,-10,1290.5069580078125
48262,8,60,5,-10,-20,-10,-20,1291.2569580078125
48262,8,61,5,-5,-20,-5,-20,1291.6400146484375
48262,8,48,4,5,-15,5,-15,1292.656982421875
48262,9,14,1,10,10,10,10,1728.1729736328125
48262,9,30,2,-10,10,-10,10,1729.93896484375
48262,9,12,2,12.5,12.5,12.5,12.5,1732.43896484375
48262,9,40,2,12.5,-7.5,12.5,-7.5,1733.989013671875
48262,9,47,4,12.5,-12.5,12.5,-12.5,1734.3719482421875
48262,9,50,5,15,-15,15,-15,1734.5389404296875
48262,9,49,4,10,-15,10,-15,1734.6390380859375
48262,9,46,2,7.5,-12.5,7.5,-12.5,1734.8389892578125
48262,9,54,1,-20,-10,-20,-10,1737.6719970703125
48262,9,52,1,-20,-5,-20,-5,1738.072021484375
48262,9,29,2,-20,10,-20,10,1739.3060302734375
48262,9,22,4,-20,20,-20,20,1740.8060302734375
48262,9,23,2,-10,20,-10,20,1741.6719970703125
48262,9,2,2,10,20,10,20,1743.322021484375
48262,9,3,4,15,20,15,20,1744.7889404296875
48262,9,6,4,17.5,17.5,17.5,17.5,1745.0389404296875
48262,9,10,4,20,15,20,15,1745.3389892578125
48262,9,13,2,17.5,12.5,17.5,12.5,1745.68896484375
48262,9,15,1,15,10,15,10,1746.0059814453125
48262,9,17,1,15,6.5,15,6.5,1746.4720458984375
48262,9,38,2,15,-5,15,-5,1747.3060302734375
48262,9,40,2,12.5,-7.5,12.5,-7.5,1747.52197265625
48262,9,44,4,15,-10,15,-10,1747.7060546875
48262,9,47,4,12.5,-12.5,12.5,-12.5,1747.906005859375
48262,9,50,5,15,-15,15,-15,1748.10595703125
48262,9,51,5,10,-18.5,10,-18.5,1748.489013671875
48262,9,42,1,5,-10,5,-10,1750.60595703125
48262,9,48,2,5,-15,5,-15,1751.0050048828125
48262,9,49,4,10,-15,10,-15,1751.3389892578125
48262,9,43,4,10,-10,10,-10,1751.6219482421875
48262,9,37,1,10,-5,10,-5,1752.1070556640625
48262,9,35,1,10,-1.5,10,-1.5,1752.406005859375
48262,9,14,1,10,10,10,10,1753.373046875
48262,9,8,1,10,15,10,15,1753.7889404296875
48262,9,5,2,12.5,17.5,12.5,17.5,1754.0889892578125
48262,9,2,2,10,20,10,20,1754.1729736328125
48262,9,3,4,15,20,15,20,1754.3389892578125
48262,9,4,5,20,20,20,20,1754.77197265625
48262,9,1,5,23.5,15,15,23.5,1755.18896484375
48262,9,11,5,23.5,15,23.5,15,1755.2049560546875
48262,9,16,2,20,10,20,10,1755.6390380859375
48262,9,13,2,17.5,12.5,17.5,12.5,1755.7060546875
48262,9,15,1,15,10,15,10,1755.93896484375
48262,9,17,1,15,6.5,15,6.5,1756.239013671875
48262,9,45,5,18.5,-10,18.5,-10,1758.739013671875
48262,9,50,5,15,-15,15,-15,1759.2559814453125
48262,9,49,4,10,-15,10,-15,1759.7220458984375
48262,9,37,1,10,-5,10,-5,1760.43798828125
48262,9,35,1,10,-1.5,10,-1.5,1760.739013671875
48262,9,14,1,10,10,10,10,1761.7060546875
48262,9,12,2,12.5,12.5,12.5,12.5,1762.0889892578125
48262,9,9,4,15,15,15,15,1762.27294921875
48262,9,13,2,17.5,12.5,17.5,12.5,1762.489013671875
48262,9,10,4,20,15,20,15,1762.6719970703125
48262,9,11,5,23.5,15,23.5,15,1762.9229736328125
48262,9,4,5,20,20,20,20,1763.239013671875
48262,9,1,5,15,23.5,15,23.5,1763.8890380859375
48262,9,3,4,15,20,15,20,1764.322998046875
48262,9,5,2,12.5,17.5,12.5,17.5,1764.5050048828125
48262,9,26,4,-15,15,-15,15,1767.2220458984375
48262,9,22,4,-20,20,-20,20,1767.822021484375
48262,9,18,5,-15,30,-15,30,1768.8719482421875
48262,9,20,4,-15,25,-15,25,1769.2220458984375
48262,9,32,1,-15,5,-15,5,1770.93896484375
48262,9,34,1,-15,0,-15,0,1771.3719482421875
48262,9,54,1,-20,-10,-20,-10,1772.3060302734375
48262,9,59,4,-20,-20,-20,-20,1773.10595703125
48262,9,65,4,-20,-30,-20,-30,1773.9219970703125
48262,9,64,5,-30,-30,-30,-30,1774.6219482421875
48262,9,58,4,-30,-20,-30,-20,1775.239013671875
48262,9,53,2,-30,-10,-30,-10,1776.1219482421875
48262,9,24,5,-30,15,-30,15,1778.1390380859375
48262,9,19,5,-25,25,-25,25,1779.2060546875
48262,9,25,4,-25,15,-25,15,1780.1219482421875
48262,9,31,2,-25,5,-25,5,1780.989013671875
48262,9,56,2,-25,-15,-25,-15,1782.6719970703125
48262,9,62,4,-25,-25,-25,-25,1783.4720458984375
48262,9,65,4,-20,-30,-20,-30,1784.10595703125
48262,9,59,4,-20,-20,-20,-20,1785.072021484375
48262,9,54,1,-20,-10,-20,-10,1785.93896484375
48262,9,52,1,-20,-5,-20,-5,1786.3719482421875
48262,9,29,2,-20,10,-20,10,1787.60595703125
48262,9,22,4,-20,20,-20,20,1788.406005859375
48262,9,18,5,-15,30,-15,30,1789.489013671875
48262,9,26,4,-15,15,-15,15,1790.7220458984375
48262,9,32,1,-15,5,-15,5,1791.6219482421875
48262,9,34,1,-15,0,-15,0,1792.02197265625
48262,9,57,2,-15,-15,-15,-15,1793.27197265625
48262,9,63,2,-15,-25,-15,-25,1794.10595703125
48262,9,66,2,-10,-30,-10,-30,1795.10595703125
48262,9,60,1,-10,-20,-10,-20,1795.77197265625
48262,9,55,1,-10,-10,-10,-10,1796.60595703125
48262,9,30,2,-10,10,-10,10,1798.239013671875
48262,9,23,2,-10,20,-10,20,1799.0889892578125
48262,9,18,5,-15,30,-15,30,1799.9720458984375
48262,9,26,4,-15,15,-15,15,1801.2060546875
48262,9,32,1,-15,5,-15,5,1802.072021484375
48262,9,34,1,-15,0,-15,0,1802.5059814453125
48262,9,57,2,-15,-15,-15,-15,1803.739013671875
48262,9,63,2,-15,-25,-15,-25,1804.572021484375
48262,9,65,4,-20,-30,-20,-30,1805.6390380859375
48262,9,59,4,-20,-20,-20,-20,1806.5889892578125
48262,9,54,1,-20,-10,-20,-10,1807.489013671875
48262,9,52,1,-20,-5,-20,-5,1807.906005859375
48262,9,29,2,-20,10,-20,10,1809.1390380859375
48262,9,22,4,-20,20,-20,20,1809.93896484375
48262,9,20,4,-15,25,-15,25,1810.5059814453125
48262,9,19,5,-25,25,-25,25,1811.1390380859375
48262,9,25,4,-25,15,-25,15,1811.9720458984375
48262,9,31,2,-25,5,-25,5,1812.821044921875
48262,9,56,2,-25,-15,-25,-15,1814.5050048828125
48262,9,62,4,-25,-25,-25,-25,1815.3050537109375
48262,9,64,5,-30,-30,-30,-30,1816.572021484375
48262,9,58,4,-30,-20,-30,-20,1817.5389404296875
48262,9,53,2,-30,-10,-30,-10,1818.405029296875
48262,9,24,5,-30,15,-30,15,1820.43896484375
48262,9,19,5,-25,25,-25,25,1822.10595703125
48262,9,25,4,-25,15,-25,15,1822.989013671875
48262,9,31,2,-25,5,-25,5,1823.8719482421875
48262,9,56,2,-25,-15,-25,-15,1825.5389404296875
48262,9,62,4,-25,-25,-25,-25,1826.3389892578125
48262,9,65,4,-20,-30,-20,-30,1827.489013671875
48262,9,59,4,-20,-20,-20,-20,1828.27197265625
48262,9,54,1,-20,-10,-20,-10,1829.1390380859375
48262,9,52,1,-20,-5,-20,-5,1829.5400390625
48262,9,29,2,-20,10,-20,10,1830.7889404296875
48262,9,22,4,-20,20,-20,20,1831.5889892578125
48262,9,18,5,-15,30,-15,30,1833.3890380859375
48262,9,20,4,-15,25,-15,25,1833.7049560546875
48262,9,26,4,-15,15,-15,15,1834.572021484375
48262,9,32,1,-15,5,-15,5,1835.43896484375
48262,9,34,1,-15,0,-15,0,1835.8719482421875
48262,9,57,2,-15,-15,-15,-15,1837.0880126953125
48262,9,63,2,-15,-25,-15,-25,1837.9219970703125
48262,9,66,2,-10,-30,-10,-30,1839.18896484375
48262,9,60,1,-10,-20,-10,-20,1839.8890380859375
48262,9,55,1,-10,-10,-10,-10,1840.7220458984375
48262,9,30,2,-10,10,-10,10,1842.3890380859375
48262,9,23,2,-10,20,-10,20,1843.2049560546875
48262,9,18,5,-15,30,-15,30,1844.43798828125
48262,9,20,4,-15,25,-15,25,1844.7220458984375
48262,9,26,4,-15,15,-15,15,1845.572021484375
48262,9,57,2,-15,-15,-15,-15,1848.0889892578125
48262,9,63,2,-15,-25,-15,-25,1848.905029296875
48262,9,65,4,-20,-30,-20,-30,1849.822021484375
48262,9,59,4,-20,-20,-20,-20,1850.5379638671875
48262,9,54,1,-20,-10,-20,-10,1851.4219970703125
48262,9,52,1,-20,-5,-20,-5,1851.8389892578125
48262,9,29,2,-20,10,-20,10,1853.0889892578125
48262,9,22,4,-20,20,-20,20,1853.8890380859375
48262,9,19,5,-25,25,-25,25,1854.60595703125
48262,9,25,4,-25,15,-25,15,1855.4720458984375
48262,9,31,2,-25,5,-25,5,1856.322021484375
48262,9,56,2,-25,-15,-25,-15,1857.989990234375
48262,9,62,4,-25,-25,-25,-25,1858.7889404296875
48262,9,64,5,-30,-30,-30,-30,1859.4219970703125
48262,9,58,4,-30,-20,-30,-20,1860.3890380859375
48262,9,53,2,-30,-10,-30,-10,1861.239013671875
48262,9,24,5,-30,15,-30,15,1863.2879638671875
48262,9,19,5,-25,25,-25,25,1864.989013671875
48262,9,25,4,-25,15,-25,15,1865.905029296875
48262,9,62,4,-25,-25,-25,-25,1869.220947265625
48262,9,59,4,-20,-20,-20,-20,1870.822021484375
48262,9,54,1,-20,-10,-20,-10,1871.7060546875
48262,9,52,1,-20,-5,-20,-5,1872.1219482421875
48262,9,29,2,-20,10,-20,10,1873.3719482421875
48262,9,22,4,-20,20,-20,20,1874.1719970703125
48262,9,18,5,-15,30,-15,30,1875.3060302734375
48262,9,20,4,-15,25,-15,25,1875.7220458984375
48262,9,26,4,-15,15,-15,15,1876.572021484375
48262,9,57,2,-15,-15,-15,-15,1879.1219482421875
48262,9,63,2,-15,-25,-15,-25,1879.9720458984375
48262,9,66,2,-10,-30,-10,-30,1880.7889404296875
48262,9,60,1,-10,-20,-10,-20,1881.572021484375
48262,9,55,1,-10,-10,-10,-10,1882.3890380859375
48262,9,30,2,-10,10,-10,10,1884.0389404296875
48262,9,23,2,-10,20,-10,20,1884.8719482421875
48262,9,18,5,-15,30,-15,30,1885.9720458984375
48262,9,20,4,-15,25,-15,25,1886.2889404296875
48262,9,26,4,-15,15,-15,15,1887.137939453125
48262,9,32,1,-15,5,-15,5,1888.0059814453125
48262,9,34,1,-15,0,-15,0,1888.4219970703125
48262,9,57,2,-15,-15,-15,-15,1889.6719970703125
48262,9,63,2,-15,-25,-15,-25,1890.489013671875
48262,9,65,4,-20,-30,-20,-30,1891.405029296875
48262,9,59,4,-20,-20,-20,-20,1892.10498046875
48262,9,54,1,-20,-10,-20,-10,1892.989013671875
48262,9,52,1,-20,-5,-20,-5,1893.405029296875
48262,9,29,2,-20,10,-20,10,1894.6219482421875
48262,9,22,4,-20,20,-20,20,1895.43896484375
48262,9,19,5,-25,25,-25,25,1896.322021484375
48262,9,25,4,-25,15,-25,15,1897.0889892578125
48262,9,31,2,-25,5,-25,5,1897.9720458984375
48262,9,56,2,-25,-15,-25,-15,1899.6219482421875
48262,9,62,4,-25,-25,-25,-25,1900.4219970703125
48262,9,64,5,-30,-30,-30,-30,1901.5389404296875
48262,9,58,4,-30,-20,-30,-20,1902.2220458984375
48262,9,53,2,-30,-10,-30,-10,1903.10498046875
48262,9,24,5,-30,15,-30,15,1905.1219482421875
48262,9,19,5,-25,25,-25,25,1906.572021484375
48262,9,25,4,-25,15,-25,15,1907.4219970703125
48262,9,31,2,-25,5,-25,5,1908.2889404296875
48262,9,56,2,-25,-15,-25,-15,1909.93896484375
48262,9,62,4,-25,-25,-25,-25,1910.77099609375
48262,9,65,4,-20,-30,-20,-30,1911.8050537109375
48262,9,59,4,-20,-20,-20,-20,1912.77197265625
48262,9,54,1,-20,-10,-20,-10,1913.637939453125
48262,9,52,1,-20,-5,-20,-5,1914.072021484375
48262,9,29,2,-20,10,-20,10,1915.3050537109375
48262,9,22,4,-20,20,-20,20,1916.10498046875
48262,9,18,5,-15,30,-15,30,1917.1390380859375
48262,9,20,4,-15,25,-15,25,1917.405029296875
48262,9,26,4,-15,15,-15,15,1918.27197265625
48262,9,55,1,-10,-10,-10,-10,1920.822021484375
48262,9,60,1,-10,-20,-10,-20,1921.6719970703125
48262,9,66,2,-10,-30,-10,-30,1922.488037109375
48262,9,59,4,-20,-20,-20,-20,1924.6390380859375
48262,9,54,1,-20,-10,-20,-10,1925.52197265625
48262,9,52,1,-20,-5,-20,-5,1925.93798828125
48262,9,29,2,-20,10,-20,10,1927.1719970703125
48262,9,22,4,-20,20,-20,20,1927.989013671875
48262,9,19,5,-25,25,-25,25,1929.637939453125
48262,9,25,4,-25,15,-25,15,1930.739013671875
48262,9,31,2,-25,5,-25,5,1931.5389404296875
48262,9,56,2,-25,-15,-25,-15,1933.2049560546875
48262,9,62,4,-25,-25,-25,-25,1934.0050048828125
48262,9,64,5,-30,-30,-30,-30,1934.68896484375
48262,9,58,4,-30,-20,-30,-20,1935.4720458984375
48262,9,53,2,-30,-10,-30,-10,1936.2879638671875
48262,9,24,5,-30,15,-30,15,1938.3050537109375
48262,9,19,5,-25,25,-25,25,1939.52099609375
48262,9,25,4,-25,15,-25,15,1940.4219970703125
48262,9,31,2,-25,5,-25,5,1941.2879638671875
48262,9,56,2,-25,-15,-25,-15,1942.93798828125
48262,9,62,4,-25,-25,-25,-25,1943.738037109375
48262,9,65,4,-20,-30,-20,-30,1944.488037109375
48262,9,59,4,-20,-20,-20,-20,1945.2879638671875
48262,9,54,1,-20,-10,-20,-10,1946.1719970703125
48262,9,52,1,-20,-5,-20,-5,1946.5880126953125
48262,9,29,2,-20,10,-20,10,1947.821044921875
48262,9,22,4,-20,20,-20,20,1948.6390380859375
48262,9,18,5,-15,30,-15,30,1949.572021484375
48262,9,20,4,-15,25,-15,25,1949.905029296875
48262,9,26,4,-15,15,-15,15,1950.77197265625
48262,9,32,1,-15,5,-15,5,1951.6219482421875
48262,9,34,1,-15,0,-15,0,1952.0379638671875
48262,9,57,2,-15,-15,-15,-15,1953.2889404296875
48262,9,63,2,-15,-25,-15,-25,1954.1219482421875
48262,9,66,2,-10,-30,-10,-30,1955.0050048828125
48262,9,60,1,-10,-20,-10,-20,1955.7220458984375
48262,9,55,1,-10,-10,-10,-10,1956.5379638671875
48262,9,30,2,-10,10,-10,10,1958.2049560546875
48262,9,23,2,-10,20,-10,20,1959.0379638671875
48262,9,18,5,-15,30,-15,30,1960.02197265625
48262,9,20,4,-15,25,-15,25,1960.3909912109375
48262,9,26,4,-15,15,-15,15,1961.238037109375
48262,9,32,1,-15,5,-15,5,1962.1219482421875
48262,9,34,1,-15,0,-15,0,1962.5389404296875
48262,9,57,2,-15,-15,-15,-15,1963.7550048828125
48262,9,63,2,-15,-25,-15,-25,1964.60498046875
48262,9,65,4,-20,-30,-20,-30,1965.52197265625
48262,9,59,4,-20,-20,-20,-20,1966.2879638671875
48262,9,54,1,-20,-10,-20,-10,1967.1719970703125
48262,9,52,1,-20,-5,-20,-5,1967.5880126953125
48262,9,29,2,-20,10,-20,10,1968.822021484375
48262,9,22,4,-20,20,-20,20,1969.6219482421875
48262,9,19,5,-25,25,-25,25,1970.5050048828125
48262,9,25,4,-25,15,-25,15,1971.3719482421875
48262,9,31,2,-25,5,-25,5,1972.2220458984375
48262,9,56,2,-25,-15,-25,-15,1973.887939453125
48262,9,62,4,-25,-25,-25,-25,1974.7049560546875
48262,9,64,5,-30,-30,-30,-30,1975.822021484375
48262,9,58,4,-30,-20,-30,-20,1976.77099609375
48262,9,53,2,-30,-10,-30,-10,1977.6219482421875
48262,9,24,5,-30,15,-30,15,1979.6719970703125
48262,9,19,5,-25,25,-25,25,1980.7049560546875
48262,9,25,4,-25,15,-25,15,1981.405029296875
48262,9,31,2,-25,5,-25,5,1982.27197265625
48262,9,56,2,-25,-15,-25,-15,1983.93798828125
48262,9,62,4,-25,-25,-25,-25,1984.738037109375
48262,9,65,4,-20,-30,-20,-30,1985.60498046875
48262,9,59,4,-20,-20,-20,-20,1986.488037109375
48262,9,54,1,-20,-10,-20,-10,1987.387939453125
48262,9,52,1,-20,-5,-20,-5,1987.8050537109375
48262,9,29,2,-20,10,-20,10,1989.02197265625
48262,9,22,4,-20,20,-20,20,1989.822021484375
48262,9,18,5,-15,30,-15,30,1990.8050537109375
48262,9,20,4,-15,25,-15,25,1991.1710205078125
48262,9,26,4,-15,15,-15,15,1992.0050048828125
48262,9,32,1,-15,5,-15,5,1992.887939453125
48262,9,34,1,-15,0,-15,0,1993.303955078125
48262,9,57,2,-15,-15,-15,-15,1994.5379638671875
48262,9,63,2,-15,-25,-15,-25,1995.3709716796875
48262,9,66,2,-10,-30,-10,-30,1996.02099609375
48262,9,60,1,-10,-20,-10,-20,1996.9219970703125
48262,9,55,1,-10,-10,-10,-10,1997.77197265625
48262,9,30,2,-10,10,-10,10,1999.4219970703125
48262,9,23,2,-10,20,-10,20,2000.238037109375
48262,9,18,5,-15,30,-15,30,2001.321044921875
48262,9,20,4,-15,25,-15,25,2001.5880126953125
48262,9,26,4,-15,15,-15,15,2002.43798828125
48262,9,32,1,-15,5,-15,5,2003.303955078125
48262,9,34,1,-15,0,-15,0,2003.7220458984375
48262,9,57,2,-15,-15,-15,-15,2004.9720458984375
48262,9,63,2,-15,-25,-15,-25,2005.8050537109375
48262,9,65,4,-20,-30,-20,-30,2006.8719482421875
48262,9,59,4,-20,-20,-20,-20,2007.68896484375
48262,9,54,1,-20,-10,-20,-10,2008.571044921875
48262,9,52,1,-20,-5,-20,-5,2008.988037109375
48262,9,29,2,-20,10,-20,10,2010.220947265625
48262,9,22,4,-20,20,-20,20,2011.02197265625
48262,9,19,5,-25,25,-25,25,2012.238037109375
48262,9,25,4,-25,15,-25,15,2013.1209716796875
48262,9,31,2,-25,5,-25,5,2013.988037109375
48262,9,56,2,-25,-15,-25,-15,2015.637939453125
48262,9,62,4,-25,-25,-25,-25,2016.4720458984375
48262,9,64,5,-30,-30,-30,-30,2017.6219482421875
48262,9,58,4,-30,-20,-30,-20,2018.5379638671875
48262,9,53,2,-30,-10,-30,-10,2019.405029296875
48262,9,24,5,-30,15,-30,15,2021.43798828125
48262,9,19,5,-25,25,-25,25,2022.60498046875
48262,9,25,4,-25,15,-25,15,2023.3709716796875
48262,9,31,2,-25,5,-25,5,2024.238037109375
48262,9,56,2,-25,-15,-25,-15,2025.905029296875
48262,9,62,4,-25,-25,-25,-25,2026.7220458984375
48262,9,65,4,-20,-30,-20,-30,2027.7049560546875
48262,9,59,4,-20,-20,-20,-20,2028.4210205078125
48262,9,54,1,-20,-10,-20,-10,2029.3050537109375
48262,9,52,1,-20,-5,-20,-5,2029.720947265625
48262,9,29,2,-20,10,-20,10,2030.9720458984375
48262,9,22,4,-20,20,-20,20,2031.77197265625
48262,9,18,5,-15,30,-15,30,2032.9720458984375
48262,9,20,4,-15,25,-15,25,2033.3050537109375
48262,9,26,4,-15,15,-15,15,2034.1219482421875
48262,9,32,1,-15,5,-15,5,2035.0040283203125
48262,9,34,1,-15,0,-15,0,2035.4210205078125
48262,9,57,2,-15,-15,-15,-15,2036.6719970703125
48262,9,63,2,-15,-25,-15,-25,2037.488037109375
48262,9,66,2,-10,-30,-10,-30,2038.2220458984375
48262,9,55,1,-10,-10,-10,-10,2039.9210205078125
48262,9,30,2,-10,10,-10,10,2041.5880126953125
48262,9,23,2,-10,20,-10,20,2042.405029296875
48262,10,35,2,10,-1.5,10,-1.5,66.2613296508789
48262,10,40,2,12.5,-7.5,12.5,-7.5,66.92733001708984
48262,10,47,2,12.5,-12.5,12.5,-12.5,67.344329833984375
48262,10,50,2,15,-15,15,-15,67.61033630371094
48262,10,38,2,15,-5,15,-5,68.72733306884766
48262,10,39,2,7.5,-7.5,7.5,-7.5,69.32733154296875
48262,10,36,2,5,-5,5,-5,69.6263427734375
48262,10,41,2,1.5,-10,1.5,-10,69.91033172607422
48262,10,48,2,5,-15,5,-15,70.26033020019531
48262,10,49,2,10,-15,10,-15,70.74333190917969
48262,10,17,2,15,6.5,15,6.5,72.72733306884766
48262,10,15,2,15,10,15,10,73.01033020019531
48262,10,12,2,12.5,12.5,12.5,12.5,73.2103271484375
48262,10,9,2,15,15,15,15,73.42733001708984
48262,10,5,2,12.5,17.5,12.5,17.5,73.62732696533203
48262,10,3,2,15,20,15,20,73.844329833984375
48262,10,4,2,20,20,20,20,74.37732696533203
48262,10,10,2,20,15,20,15,74.91033172607422
48262,10,16,2,20,10,20,10,75.32633209228516
48262,10,14,2,10,10,10,10,76.24433135986328
48262,10,28,2,0,15,0,15,77.9603271484375
48262,10,27,2,-5,15,-5,15,78.344329833984375
48262,10,26,2,-15,15,-15,15,79.2113265991211
48262,10,25,2,-25,15,-25,15,80.02734375
48262,10,24,2,-30,15,-30,15,80.4433364868164
48262,10,19,2,-25,25,-25,25,81.94434356689453
48262,10,29,2,-20,10,-20,10,83.310333251953125
48262,10,32,2,-15,5,-15,5,83.91033172607422
48262,10,34,2,-15,0,-15,0,84.36134338378906
48262,10,57,2,-15,-15,-15,-15,85.62732696533203
48262,10,63,2,-15,-25,-15,-25,86.4603271484375
48262,10,65,2,-20,-30,-20,-30,87.35933685302734
48262,10,59,2,-20,-20,-20,-20,88.02734375
48262,10,54,2,-20,-10,-20,-10,88.84333038330078
48262,10,52,2,-20,-5,-20,-5,89.27734375
48262,10,29,2,-20,10,-20,10,90.52734375
48262,10,22,2,-20,20,-20,20,91.36134338378906
48262,10,19,2,-25,25,-25,25,92.2113265991211
48262,10,25,2,-25,15,-25,15,93.26033020019533
48262,10,31,2,-25,5,-25,5,94.07733154296876
48262,10,56,2,-25,-15,-25,-15,95.74333190917967
48262,10,62,2,-25,-25,-25,-25,96.57633209228516
48262,10,65,2,-20,-30,-20,-30,97.61033630371094
48262,10,59,2,-20,-20,-20,-20,98.310333251953125
48262,10,54,2,-20,-10,-20,-10,99.12732696533205
48262,10,52,2,-20,-5,-20,-5,99.54432678222656
48262,10,29,2,-20,10,-20,10,100.810302734375
48262,10,22,2,-20,20,-20,20,101.6272964477539
48262,10,18,2,-15,30,-15,30,102.67729949951172
48262,10,20,2,-15,25,-15,25,103.04429626464844
48262,10,26,2,-15,15,-15,15,103.8772964477539
48262,10,32,2,-15,5,-15,5,104.72730255126952
48262,10,34,2,-15,0,-15,0,105.14430236816406
48262,10,57,2,-15,-15,-15,-15,106.3772964477539
48262,10,63,2,-15,-25,-15,-25,107.22730255126952
48262,10,66,2,-10,-30,-10,-30,108.17729949951172
48262,10,60,2,-10,-20,-10,-20,108.96029663085938
48262,10,55,2,-10,-10,-10,-10,109.810302734375
48262,10,30,2,-10,10,-10,10,111.47730255126952
48262,10,23,2,-10,20,-10,20,112.310302734375
48262,10,21,2,-5,25,-5,25,112.8772964477539
48262,10,27,2,-5,15,-5,15,113.6272964477539
48262,10,33,2,-5,5,-5,5,114.46029663085938
48262,10,61,2,-5,-20,-5,-20,116.54329681396484
48262,10,63,2,-15,-25,-15,-25,118.04429626464844
48262,10,57,2,-15,-15,-15,-15,119.060302734375
48262,10,34,2,-15,0,-15,0,120.07830047607422
48262,10,32,2,-15,5,-15,5,120.5102996826172
48262,10,30,2,-10,10,-10,10,121.07630157470705
48262,10,27,2,-5,15,-5,15,121.71029663085938
48262,10,18,2,-15,30,-15,30,123.84429931640624
48262,10,23,2,-10,20,-10,20,124.8772964477539
48262,10,26,2,-15,15,-15,15,125.44329833984376
48262,10,29,2,-20,10,-20,10,126.060302734375
48262,10,34,2,-15,0,-15,0,128.52630615234375
48262,10,21,2,-5,25,-5,25,130.54429626464844
48262,10,1,2,15,23.5,15,23.5,134.727294921875
48262,10,3,2,15,20,15,20,135.0272979736328
48262,10,6,2,17.5,17.5,17.5,17.5,135.2613067626953
48262,10,9,2,15,15,15,15,135.477294921875
48262,10,13,2,17.5,12.5,17.5,12.5,135.67730712890625
48262,10,15,2,15,10,15,10,135.87730407714844
48262,10,17,2,15,6.5,15,6.5,136.17730712890625
48262,10,16,2,20,10,20,10,136.71029663085938
48262,10,10,2,20,15,20,15,137.14329528808594
48262,10,4,2,20,20,20,20,137.560302734375
48262,10,11,2,23.5,15,23.5,15,138.04330444335938
48262,10,12,2,12.5,12.5,12.5,12.5,139.62730407714844
48262,10,8,2,10,15,10,15,139.8262939453125
48262,10,5,2,12.5,17.5,12.5,17.5,139.94430541992188
48262,10,2,2,10,20,10,20,140.1613006591797
48262,10,1,2,15,23.5,15,23.5,140.6103057861328
48262,10,3,2,15,20,15,20,140.86129760742188
48262,10,6,2,17.5,17.5,17.5,17.5,141.04429626464844
48262,10,13,2,17.5,12.5,17.5,12.5,141.477294921875
48262,10,15,2,15,10,15,10,141.8603057861328
48262,10,17,2,15,6.5,15,6.5,141.977294921875
48262,10,35,2,10,-1.5,10,-1.5,142.977294921875
48262,10,37,2,10,-5,10,-5,143.21029663085938
48262,10,40,2,12.5,-7.5,12.5,-7.5,143.560302734375
48262,10,38,2,15,-5,15,-5,143.74429321289065
48262,10,45,2,18.5,-10,18.5,-10,144.310302734375
48262,10,47,2,12.5,-12.5,12.5,-12.5,144.977294921875
48262,10,46,2,7.5,-12.5,7.5,-12.5,145.41029357910156
48262,10,48,2,5,-15,5,-15,145.66329956054688
48262,10,49,2,10,-15,10,-15,145.94430541992188
48262,10,44,2,15,-10,15,-10,146.92730712890625
48262,10,43,2,10,-10,10,-10,147.3762969970703
48262,10,39,2,7.5,-7.5,7.5,-7.5,147.5762939453125
48262,10,36,2,5,-5,5,-5,147.94430541992188
48262,10,20,2,-15,25,-15,25,151.5272979736328
48262,10,18,2,-15,30,-15,30,152.82730102539065
48262,10,26,2,-15,15,-15,15,154.14430236816406
48262,10,30,2,-10,10,-10,10,154.7772979736328
48262,10,32,2,-15,5,-15,5,155.227294921875
48262,10,55,2,-10,-10,-10,-10,157.74330139160156
48262,10,54,2,-20,-10,-20,-10,158.57730102539065
48262,10,59,2,-20,-20,-20,-20,159.477294921875
48262,10,65,2,-20,-30,-20,-30,160.310302734375
48262,10,63,2,-15,-25,-15,-25,161.46029663085938
48262,10,57,2,-15,-15,-15,-15,162.310302734375
48262,10,34,2,-15,0,-15,0,163.560302734375
48262,10,32,2,-15,5,-15,5,163.977294921875
48262,10,26,2,-15,15,-15,15,164.810302734375
48262,10,20,2,-15,25,-15,25,165.64430236816406
48262,10,18,2,-15,30,-15,30,166.05929565429688
48262,10,23,2,-10,20,-10,20,167.16029357910156
48262,10,30,2,-10,10,-10,10,168.0272979736328
48262,10,57,2,-15,-15,-15,-15,170.5762939453125
48262,10,66,2,-10,-30,-10,-30,172.060302734375
48262,10,60,2,-10,-20,-10,-20,173.17730712890625
48262,10,58,2,-30,-20,-30,-20,174.94329833984375
48262,10,59,2,-20,-20,-20,-20,176.0102996826172
48262,10,63,2,-15,-25,-15,-25,176.71029663085938
48262,10,57,2,-15,-15,-15,-15,177.96029663085938
48262,10,32,2,-15,5,-15,5,180.1103057861328
48262,10,26,2,-15,15,-15,15,180.96029663085935
48262,10,20,2,-15,25,-15,25,181.810302734375
48262,10,18,2,-15,30,-15,30,182.227294921875
48262,10,19,2,-25,25,-25,25,183.41029357910156
48262,10,25,2,-25,15,-25,15,184.5272979736328
48262,10,31,2,-25,5,-25,5,185.3603057861328
48262,10,52,2,-20,-5,-20,-5,186.44430541992188
48262,10,59,2,-20,-20,-20,-20,187.94329833984375
48262,10,62,2,-25,-25,-25,-25,188.5272979736328
48262,10,56,2,-25,-15,-25,-15,190.0272979736328
48262,10,54,2,-20,-10,-20,-10,190.62730407714844
48262,10,34,2,-15,0,-15,0,191.5762939453125
48262,10,26,2,-15,15,-15,15,193.21029663085935
48262,10,20,2,-15,25,-15,25,194.04330444335935
48262,10,18,2,-15,30,-15,30,194.44329833984375
48262,10,21,2,-5,25,-5,25,195.67730712890625
48262,10,12,2,12.5,12.5,12.5,12.5,198.0102996826172
48262,10,13,2,17.5,12.5,17.5,12.5,198.44329833984375
48262,10,10,2,20,15,20,15,198.66029357910156
48262,10,6,2,17.5,17.5,17.5,17.5,198.7602996826172
48262,10,3,2,15,20,15,20,199.12730407714844
48262,10,5,2,12.5,17.5,12.5,17.5,199.32730102539065
48262,10,2,2,10,20,10,20,199.54330444335935
48262,10,7,2,6.5,15,6.5,15,199.94329833984375
48262,10,16,2,20,10,20,10,201.6432952880859
48262,10,15,2,15,10,15,10,202.04429626464844
48262,10,14,2,10,10,10,10,202.46029663085935
48262,10,36,2,5,-5,5,-5,203.71029663085935
48262,10,39,2,7.5,-7.5,7.5,-7.5,203.92730712890625
48262,10,42,2,5,-10,5,-10,204.12730407714844
48262,10,46,2,7.5,-12.5,7.5,-12.5,204.32730102539065
48262,10,48,2,5,-15,5,-15,204.54330444335935
48262,10,51,2,10,-15,10,-18.5,204.94329833984375
48262,10,49,2,10,-15,10,-15,204.96029663085935
48262,10,50,2,15,-15,15,-15,205.3433074951172
48262,10,47,2,12.5,-12.5,12.5,-12.5,205.42730712890625
48262,10,44,2,15,-10,15,-10,205.6432952880859
48262,10,40,2,12.5,-7.5,12.5,-7.5,205.8433074951172
48262,10,38,2,15,-5,15,-5,206.04330444335935
48262,10,37,2,10,-5,10,-5,206.24330139160156
48262,10,35,2,10,-1.5,10,-1.5,206.42730712890625
48262,10,15,2,15,10,15,10,207.61129760742188
48262,10,17,2,15,6.5,15,6.5,207.71029663085935
48262,10,9,2,15,15,15,15,208.04330444335935
48262,10,12,2,12.5,12.5,12.5,12.5,208.1432952880859
48262,10,9,2,10,15,15,15,208.32730102539065
48262,10,8,2,10,15,10,15,208.3433074951172
48262,10,2,2,10,20,10,20,208.6103057861328
48262,10,3,2,15,20,15,20,209.05929565429688
48262,10,4,2,20,20,20,20,209.477294921875
48262,10,11,2,23.5,15,23.5,15,209.977294921875
48262,10,16,2,20,10,20,10,210.5102996826172
48262,10,39,2,7.5,-7.5,7.5,-7.5,212.71029663085935
48262,10,46,2,7.5,-12.5,7.5,-12.5,213.1262969970703
48262,10,51,2,10,-18.5,10,-18.5,213.69329833984375
48262,10,50,2,15,-15,15,-15,214.0762939453125
48262,10,44,2,15,-10,15,-10,214.46029663085935
48262,10,38,2,15,-5,15,-5,214.8762969970703
48262,10,40,2,12.5,-7.5,12.5,-7.5,214.92730712890625
48262,10,37,2,10,-5,10,-5,215.21029663085935
48262,10,35,2,10,-1.5,10,-1.5,215.3262939453125
48262,10,36,2,5,-5,5,-5,215.71029663085935
48262,10,49,2,10,-15,10,-15,216.96029663085935
48262,10,43,2,10,-10,10,-10,217.3762969970703
48262,10,14,2,10,10,10,10,221.42730712890625
48262,10,8,2,10,15,10,15,221.82730102539065
48262,10,2,2,10,20,10,20,222.24330139160156
48262,10,5,2,12.5,17.5,12.5,17.5,222.5102996826172
48262,10,12,2,12.5,12.5,12.5,12.5,222.91029357910156
48262,10,17,2,15,6.5,15,6.5,223.477294921875
48262,10,15,2,17.5,12.5,15,10,223.96029663085935
48262,10,13,2,17.5,12.5,17.5,12.5,223.9763031005859
48262,10,6,2,17.5,17.5,17.5,17.5,224.42730712890625
48262,10,10,2,20,15,20,15,224.6103057861328
48262,10,3,2,15,20,15,20,224.7772979736328
48262,10,1,2,15,23.5,15,23.5,224.977294921875
48262,10,11,2,23.5,15,23.5,15,226.42730712890625
48262,10,14,2,10,10,10,10,227.71029663085935
48262,10,12,2,12.5,12.5,12.5,12.5,227.9763031005859
48262,10,9,2,15,15,15,15,228.21029663085935
48262,10,5,2,12.5,17.5,12.5,17.5,228.5272979736328
48262,10,2,2,10,20,10,20,228.7602996826172
48262,10,27,2,-5,15,-5,15,230.060302734375
48262,10,30,2,-10,10,-10,10,230.6432952880859
48262,10,32,2,-15,5,-15,5,231.24429321289065
48262,10,52,2,-20,-5,-20,-5,232.3603057861328
48262,10,54,2,-20,-10,-20,-10,232.727294921875
48262,10,59,2,-20,-20,-20,-20,233.55929565429688
48262,10,65,2,-20,-30,-20,-30,234.3762969970703
48262,10,66,2,-10,-30,-10,-30,235.6103057861328
48262,10,60,2,-10,-20,-10,-20,236.44329833984375
48262,10,55,2,-10,-10,-10,-10,237.2772979736328
48262,10,30,2,-10,10,-10,10,238.94329833984375
48262,10,23,2,-10,20,-10,20,239.79330444335935
48262,10,18,2,-15,30,-15,30,241.42730712890625
48262,10,26,2,-15,15,-15,15,242.8762969970703
48262,10,32,2,-15,5,-15,5,243.74330139160156
48262,10,34,2,-15,0,-15,0,244.16029357910156
48262,10,52,2,-20,-5,-20,-5,245.04330444335935
48262,10,56,2,-25,-15,-25,-15,245.8603057861328
48262,10,62,2,-25,-25,-25,-25,246.67730712890625
48262,10,65,2,-20,-30,-20,-30,247.21029663085935
48262,10,54,2,-20,-10,-20,-10,248.92630004882813
48262,10,29,2,-20,10,-20,10,250.5762939453125
48262,10,22,2,-20,20,-20,20,251.42730712890625
48262,10,18,2,-15,30,-15,30,252.3262939453125
48262,10,26,2,-15,15,-15,15,253.5272979736328
48262,10,32,2,-15,5,-15,5,254.37730407714844
48262,10,34,2,-15,0,-15,0,254.810302734375
48262,10,57,2,-15,-15,-15,-15,256.0433044433594
48262,10,63,2,-15,-25,-15,-25,256.8772888183594
48262,10,66,2,-10,-30,-10,-30,258.01031494140625
48262,10,60,2,-10,-20,-10,-20,259.2262878417969
48262,10,55,2,-10,-10,-10,-10,259.85931396484375
48262,10,30,2,-10,10,-10,10,261.52630615234375
48262,10,23,2,-10,20,-10,20,262.36029052734375
48262,10,21,2,-5,25,-5,25,263.01031494140625
48262,10,27,2,-5,15,-5,15,263.8763122558594
48262,10,33,2,-5,5,-5,5,264.727294921875
48262,10,61,2,-5,-20,-5,-20,266.8092956542969
48262,10,64,2,-30,-30,-30,-30,269.3262939453125
48262,10,58,2,-30,-20,-30,-20,270.2283020019531
48262,10,53,2,-30,-10,-30,-10,271.06329345703125
48262,10,24,2,-30,15,-30,15,273.143310546875
48262,10,19,2,-25,25,-25,25,274.42730712890625
48262,10,25,2,-25,15,-25,15,275.3763122558594
48262,10,31,2,-25,5,-25,5,276.227294921875
48262,10,56,2,-25,-15,-25,-15,277.8782958984375
48262,10,62,2,-25,-25,-25,-25,278.7262878417969
48262,10,65,2,-20,-30,-20,-30,279.35931396484375
48262,10,59,2,-20,-20,-20,-20,280.27630615234375
48262,10,54,2,-20,-10,-20,-10,281.1272888183594
48262,10,52,2,-20,-5,-20,-5,281.5433044433594
48262,10,29,2,-20,10,-20,10,282.77630615234375
48262,10,22,2,-20,20,-20,20,283.6263122558594
48262,10,18,2,-15,30,-15,30,284.6263122558594
48262,10,20,2,-15,25,-15,25,285.0592956542969
48262,10,26,2,-15,15,-15,15,285.9103088378906
48262,10,32,2,-15,5,-15,5,286.77630615234375
48262,10,34,2,-15,0,-15,0,287.2102966308594
48262,10,57,2,-15,-15,-15,-15,288.44329833984375
48262,10,63,2,-15,-25,-15,-25,289.27630615234375
48262,10,66,2,-10,-30,-10,-30,290.4103088378906
48262,10,60,2,-10,-20,-10,-20,291.4103088378906
48262,10,55,2,-10,-10,-10,-10,292.227294921875
48262,10,30,2,-10,10,-10,10,293.9103088378906
48262,10,23,2,-10,20,-10,20,294.7432861328125
48262,10,21,2,-5,25,-5,25,295.3763122558594
48262,10,27,2,-5,15,-5,15,296.2262878417969
48262,10,33,2,-5,5,-5,5,297.060302734375
48262,10,36,2,5,-5,5,-5,298.61029052734375
48262,10,39,2,7.5,-7.5,7.5,-7.5,298.810302734375
48262,10,37,2,10,-5,10,-5,299.02630615234375
48262,10,40,2,12.5,-7.5,12.5,-7.5,299.2262878417969
48262,10,44,2,15,-10,15,-10,299.5433044433594
48262,10,47,2,12.5,-12.5,12.5,-12.5,299.727294921875
48262,10,51,2,10,-18.5,10,-18.5,300.5592956542969
48262,10,46,2,7.5,-12.5,7.5,-12.5,301.2432861328125
48262,10,39,2,7.5,-7.5,7.5,-7.5,306.01031494140625
48262,10,37,2,10,-5,10,-5,306.3262939453125
48262,10,45,2,18.5,-10,18.5,-10,308.52630615234375
48262,10,47,2,12.5,-12.5,12.5,-12.5,309.2102966308594
48262,10,46,2,7.5,-12.5,7.5,-12.5,309.61029052734375
48262,10,48,2,5,-15,5,-15,309.8262939453125
48262,10,51,2,10,-18.5,10,-18.5,310.6603088378906
48262,10,49,2,10,-15,10,-15,310.9762878417969
48262,10,43,2,10,-10,10,-10,311.4263000488281
48262,10,40,2,12.5,-7.5,12.5,-7.5,311.6263122558594
48262,10,37,2,10,-5,10,-5,311.8432922363281
48262,10,35,2,10,-1.5,10,-1.5,312.1263122558594
48262,10,39,2,7.5,-7.5,7.5,-7.5,313.02630615234375
48262,10,42,2,5,-10,5,-10,313.36029052734375
48262,10,41,2,1.5,-10,1.5,-10,313.6603088378906
48262,10,48,2,5,-15,5,-15,315.8262939453125
48262,10,49,2,10,-15,10,-15,316.2432861328125
48262,10,47,2,12.5,-12.5,12.5,-12.5,316.52630615234375
48262,10,44,2,15,-10,15,-10,316.810302734375
48262,10,40,2,12.5,-7.5,12.5,-7.5,317.01031494140625
48262,10,38,2,15,-5,15,-5,317.227294921875
48262,10,17,2,15,6.5,15,6.5,318.1763000488281
48262,10,15,2,15,10,15,10,318.4602966308594
48262,10,12,2,12.5,12.5,12.5,12.5,318.67730712890625
48262,10,9,2,15,15,15,15,318.87530517578125
48262,10,5,2,12.5,17.5,12.5,17.5,319.0773010253906
48262,10,3,2,15,20,15,20,319.310302734375
48262,10,1,2,15,23.5,15,23.5,319.5762939453125
48262,10,11,2,23.5,15,23.5,15,320.7262878417969
48262,10,16,2,20,10,20,10,321.1763000488281
48262,10,10,2,20,15,20,15,321.61029052734375
48262,10,4,2,20,20,20,20,322.01031494140625
48262,10,14,2,10,10,10,10,323.34228515625
48262,10,8,2,10,15,10,15,323.62530517578125
48262,10,2,2,10,20,10,20,324.0592956542969
48262,10,23,2,-10,20,-10,20,325.6603088378906
48262,10,22,2,-20,20,-20,20,326.51031494140625
48262,10,25,2,-25,15,-25,15,327.2432861328125
48262,10,24,2,-30,15,-30,15,327.5093078613281
48262,10,29,2,-20,10,-20,10,328.70928955078125
48262,10,30,2,-10,10,-10,10,329.5433044433594
48262,10,33,2,-5,5,-5,5,330.2262878417969
48262,10,52,2,-20,-5,-20,-5,332.1272888183594
48262,10,54,2,-20,-10,-20,-10,332.5433044433594
48262,10,59,2,-20,-20,-20,-20,333.36029052734375
48262,10,65,2,-20,-30,-20,-30,334.2102966308594
48262,10,57,2,-15,-15,-15,-15,336.393310546875
48262,10,34,2,-15,0,-15,0,337.9602966308594
48262,10,32,2,-15,5,-15,5,338.3763122558594
48262,10,26,2,-15,15,-15,15,339.2262878417969
48262,10,20,2,-15,25,-15,25,340.0762939453125
48262,10,18,2,-15,30,-15,30,340.51031494140625
48262,10,29,2,-20,10,-20,10,343.5762939453125
48262,10,34,2,-15,0,-15,0,344.5433044433594
