subject,level,obj_ID,point_value,x,y,new_x,new_y,time
48484,1,63,2,-12.5,-12.5,-12.5,-12.5,1164.5789794921875
48484,1,64,2,-17.5,-12.5,-17.5,-12.5,1164.97900390625
48484,1,60,2,-15,-15,-15,-15,1165.0450439453125
48484,1,64,2,-17.5,-17.5,-17.5,-12.5,1165.261962890625
48484,1,57,2,-17.5,-17.5,-17.5,-17.5,1165.279052734375
48484,1,55,2,-20,-20,-20,-20,1165.5780029296875
48484,1,53,2,-15,-20,-15,-20,1165.927978515625
48484,1,54,2,-10,-20,-10,-20,1166.344970703125
48484,1,56,2,-12.5,-17.5,-12.5,-17.5,1166.4449462890625
48484,1,59,2,-10,-15,-10,-15,1166.6619873046875
48484,1,58,2,-6.5,-15,-6.5,-15,1166.779052734375
48484,1,24,2,6.5,-15,6.5,-15,1167.9110107421875
48484,1,20,2,10,-20,10,-20,1168.3609619140625
48484,1,19,2,15,-20,15,-20,1168.862060546875
48484,1,23,2,17.5,-17.5,17.5,-17.5,1169.178955078125
48484,1,27,2,20,-15,20,-15,1169.4620361328125
48484,1,28,2,23.5,-15,23.5,-15,1169.72900390625
48484,1,33,2,20,-10,20,-10,1169.97900390625
48484,1,30,2,17.5,-12.5,17.5,-12.5,1170.1109619140625
48484,1,34,2,15,-6.5,15,-6.5,1170.4620361328125
48484,1,31,2,10,-10,10,-10,1170.97802734375
48484,1,29,2,12.5,-12.5,12.5,-12.5,1171.31201171875
48484,1,26,2,15,-15,15,-15,1171.5780029296875
48484,1,22,2,12.5,-17.5,12.5,-17.5,1171.9620361328125
48484,1,18,2,15,-23.5,15,-23.5,1172.31201171875
48484,1,21,2,20,-20,20,-20,1173.0789794921875
48484,1,24,2,6.5,-15,6.5,-15,1174.8780517578125
48484,1,25,2,10,-15,10,-15,1175.010986328125
48484,1,20,2,10,-20,10,-20,1175.3780517578125
48484,1,19,2,15,-20,15,-20,1175.678955078125
48484,1,23,2,17.5,-17.5,17.5,-17.5,1175.9620361328125
48484,1,27,2,20,-15,20,-15,1176.260986328125
48484,1,33,2,20,-10,20,-10,1176.72802734375
48484,1,34,2,15,-6.5,15,-6.5,1177.177978515625
48484,1,31,2,10,-10,10,-10,1177.612060546875
48484,1,29,2,12.5,-12.5,12.5,-12.5,1177.81201171875
48484,1,26,2,15,-15,15,-15,1178.06103515625
48484,1,30,2,17.5,-12.5,17.5,-12.5,1178.279052734375
48484,1,32,2,15,-10,15,-10,1178.4620361328125
48484,1,28,2,23.5,-15,23.5,-15,1179.4110107421875
48484,1,21,2,20,-20,20,-20,1179.8609619140625
48484,1,18,2,15,-23.5,15,-23.5,1180.362060546875
48484,1,20,2,10,-20,10,-20,1181.011962890625
48484,1,22,2,12.5,-17.5,12.5,-17.5,1181.1619873046875
48484,1,25,2,10,-15,10,-15,1181.5460205078125
48484,1,24,2,6.5,-15,6.5,-15,1181.862060546875
48484,1,56,2,-12.5,-17.5,-12.5,-17.5,1183.56201171875
48484,1,53,2,-15,-20,-15,-20,1183.779052734375
48484,1,52,2,-15,-23.5,-15,-23.5,1184.1290283203125
48484,1,54,2,-10,-20,-10,-20,1185.1280517578125
48484,1,59,2,-10,-15,-10,-15,1185.3790283203125
48484,1,58,2,-6.5,-15,-6.5,-15,1185.511962890625
48484,1,65,2,-10,-10,-10,-10,1185.8280029296875
48484,1,68,2,-15,-6.5,-15,-6.5,1186.362060546875
48484,1,67,2,-20,-10,-20,-10,1186.862060546875
48484,1,62,2,-23.5,-15,-23.5,-15,1187.362060546875
48484,1,61,2,-20,-15,-20,-15,1187.6290283203125
48484,1,55,2,-20,-20,-20,-20,1187.81103515625
48484,1,57,2,-17.5,-17.5,-17.5,-17.5,1187.845947265625
48484,1,60,2,-15,-15,-15,-15,1188.1619873046875
48484,1,64,2,-17.5,-12.5,-17.5,-12.5,1188.363037109375
48484,1,66,2,-15,-10,-15,-10,1188.5789794921875
48484,1,63,2,-12.5,-12.5,-12.5,-12.5,1188.928955078125
48484,1,24,2,6.5,-15,6.5,-15,1190.56201171875
48484,1,25,2,10,-15,10,-15,1190.845947265625
48484,1,26,2,15,-15,15,-15,1191.261962890625
48484,1,23,2,17.5,-17.5,17.5,-17.5,1191.47802734375
48484,1,21,2,20,-20,20,-20,1191.761962890625
48484,1,18,2,15,-23.5,15,-23.5,1192.011962890625
48484,1,19,2,15,-20,15,-20,1192.56201171875
48484,1,27,2,20,-15,20,-15,1193.14599609375
48484,1,28,2,23.5,-15,23.5,-15,1193.428955078125
48484,1,33,2,20,-10,20,-10,1193.678955078125
48484,1,34,2,15,-6.5,15,-6.5,1194.14599609375
48484,1,29,2,12.5,-12.5,12.5,-12.5,1194.6290283203125
48484,1,32,2,15,-10,15,-10,1194.6619873046875
48484,1,30,2,17.5,-12.5,17.5,-12.5,1194.862060546875
48484,1,22,2,12.5,-17.5,12.5,-17.5,1195.779052734375
48484,1,20,2,10,-20,10,-20,1196.06298828125
48484,1,25,2,10,-15,10,-15,1196.56103515625
48484,1,31,2,10,-10,10,-10,1197.011962890625
48484,1,24,2,6.5,-15,6.5,-15,1197.56201171875
48484,1,26,2,15,-15,15,-15,1198.1290283203125
48484,1,23,2,17.5,-17.5,17.5,-17.5,1198.345947265625
48484,1,19,2,15,-20,15,-20,1198.7779541015625
48484,1,18,2,15,-23.5,15,-23.5,1199.012939453125
48484,1,21,2,20,-20,20,-20,1199.64501953125
48484,1,28,2,23.5,-15,23.5,-15,1200.178955078125
48484,1,27,2,20,-15,20,-15,1200.31201171875
48484,1,30,2,17.5,-12.5,17.5,-12.5,1200.5789794921875
48484,1,32,2,15,-10,15,-10,1200.8790283203125
48484,1,29,2,12.5,-12.5,12.5,-12.5,1201.261962890625
48484,1,22,2,12.5,-17.5,12.5,-17.5,1201.7130126953125
48484,1,20,2,10,-20,10,-20,1202.3289794921875
48484,1,25,2,10,-15,10,-15,1202.779052734375
48484,1,31,2,10,-10,10,-10,1203.2130126953125
48484,1,34,2,15,-6.5,15,-6.5,1203.64599609375
48484,1,33,2,20,-10,20,-10,1204.1290283203125
48484,1,26,2,15,-15,15,-15,1204.5789794921875
48484,1,23,2,17.5,-17.5,17.5,-17.5,1204.81201171875
48484,1,19,2,15,-20,15,-20,1205.112060546875
48484,1,18,2,15,-23.5,15,-23.5,1205.345947265625
48484,1,21,2,20,-20,20,-20,1205.8780517578125
48484,1,27,2,20,-15,20,-15,1206.31201171875
48484,1,30,2,17.5,-12.5,17.5,-12.5,1206.64599609375
48484,1,32,2,15,-10,15,-10,1206.9449462890625
48484,1,29,2,12.5,-12.5,12.5,-12.5,1207.14501953125
48484,1,25,2,10,-15,10,-15,1207.81201171875
48484,1,58,2,-6.5,-15,-6.5,-15,1209.0450439453125
48484,1,54,2,-10,-20,-10,-20,1209.5450439453125
48484,1,53,2,-15,-20,-15,-20,1210.0460205078125
48484,1,57,2,-17.5,-17.5,-17.5,-17.5,1210.345947265625
48484,1,61,2,-20,-15,-20,-15,1210.64599609375
48484,1,64,2,-17.5,-12.5,-17.5,-12.5,1210.928955078125
48484,1,60,2,-15,-15,-15,-15,1211.178955078125
48484,1,63,2,-12.5,-12.5,-12.5,-12.5,1211.3289794921875
48484,1,59,2,-10,-15,-10,-15,1211.529052734375
48484,1,56,2,-12.5,-17.5,-12.5,-17.5,1211.5789794921875
48484,1,52,2,-15,-23.5,-15,-23.5,1212.3289794921875
48484,1,55,2,-20,-20,-20,-20,1213.262939453125
48484,1,62,2,-23.5,-15,-23.5,-15,1213.5789794921875
48484,1,67,2,-20,-10,-20,-10,1214.0789794921875
48484,1,66,2,-15,-10,-15,-10,1214.362060546875
48484,1,65,2,-10,-10,-10,-10,1214.81298828125
48484,1,58,2,-6.5,-15,-6.5,-15,1215.262939453125
48484,1,54,2,-10,-20,-10,-20,1215.677978515625
48484,1,53,2,-15,-20,-15,-20,1216.112060546875
48484,1,57,2,-17.5,-17.5,-17.5,-17.5,1216.3790283203125
48484,1,61,2,-20,-15,-20,-15,1216.6619873046875
48484,1,64,2,-17.5,-12.5,-17.5,-12.5,1216.844970703125
48484,1,63,2,-12.5,-12.5,-12.5,-12.5,1217.2130126953125
48484,1,60,2,-15,-15,-15,-15,1217.2459716796875
48484,1,59,2,-10,-15,-10,-15,1217.4449462890625
48484,1,56,2,-12.5,-17.5,-12.5,-17.5,1217.47900390625
48484,1,52,2,-15,-23.5,-15,-23.5,1218.112060546875
48484,1,55,2,-20,-20,-20,-20,1219.2779541015625
48484,1,62,2,-23.5,-15,-23.5,-15,1220.012939453125
48484,1,67,2,-20,-10,-20,-10,1220.511962890625
48484,1,66,2,-15,-10,-15,-10,1220.97900390625
48484,1,65,2,-10,-10,-10,-10,1221.363037109375
48484,1,58,2,-6.5,-15,-6.5,-15,1221.845947265625
48484,1,54,2,-10,-20,-10,-20,1222.262939453125
48484,1,53,2,-15,-20,-15,-20,1222.6629638671875
48484,1,57,2,-17.5,-17.5,-17.5,-17.5,1222.9620361328125
48484,1,64,2,-17.5,-12.5,-17.5,-12.5,1223.428955078125
48484,1,63,2,-12.5,-12.5,-12.5,-12.5,1223.81298828125
48484,1,59,2,-10,-15,-10,-15,1224.06201171875
48484,1,56,2,-12.5,-17.5,-12.5,-17.5,1224.261962890625
48484,1,61,2,-20,-15,-20,-15,1224.97802734375
48484,1,55,2,-20,-20,-20,-20,1225.362060546875
48484,1,52,2,-15,-23.5,-15,-23.5,1226.2130126953125
48484,1,60,2,-15,-15,-15,-15,1227.011962890625
48484,1,66,2,-15,-10,-15,-10,1227.512939453125
48484,1,65,2,-10,-10,-10,-10,1227.845947265625
48484,1,58,2,-6.5,-15,-6.5,-15,1228.22900390625
48484,1,54,2,-10,-20,-10,-20,1228.64501953125
48484,1,53,2,-15,-20,-15,-20,1229.1300048828125
48484,1,57,2,-17.5,-17.5,-17.5,-17.5,1229.3790283203125
48484,1,64,2,-17.5,-12.5,-17.5,-12.5,1229.779052734375
48484,1,63,2,-12.5,-12.5,-12.5,-12.5,1230.029052734375
48484,1,59,2,-10,-15,-10,-15,1230.4129638671875
48484,1,56,2,-12.5,-17.5,-12.5,-17.5,1230.7130126953125
48484,1,55,2,-20,-20,-20,-20,1231.4129638671875
48484,1,61,2,-20,-15,-20,-15,1231.862060546875
48484,1,66,2,-15,-10,-15,-10,1232.529052734375
48484,1,22,2,12.5,-17.5,12.5,-17.5,1235.06201171875
48484,1,26,2,15,-15,15,-15,1235.428955078125
48484,1,23,2,17.5,-17.5,17.5,-17.5,1235.4620361328125
48484,1,27,2,20,-15,20,-15,1235.7130126953125
48484,1,28,2,23.5,-15,23.5,-15,1236.012939453125
48484,1,34,2,15,-6.5,15,-6.5,1237.14599609375
48484,1,32,2,15,-10,15,-10,1237.345947265625
48484,1,29,2,10,-10,12.5,-12.5,1237.6290283203125
48484,1,31,2,10,-10,10,-10,1237.64501953125
48484,1,24,2,6.5,-15,6.5,-15,1238.06298828125
48484,1,20,2,10,-20,10,-20,1238.4630126953125
48484,1,19,2,15,-20,15,-20,1238.863037109375
48484,1,18,2,15,-23.5,15,-23.5,1238.9630126953125
48484,1,21,2,20,-20,20,-20,1239.31298828125
48484,1,33,2,20,-10,20,-10,1240.0799560546875
48484,1,30,2,17.5,-12.5,17.5,-12.5,1240.4300537109375
48484,1,26,2,15,-15,15,-15,1240.64599609375
48484,1,22,2,12.5,-17.5,12.5,-17.5,1240.9630126953125
48484,1,27,2,20,-15,20,-15,1241.863037109375
48484,1,28,2,23.5,-15,23.5,-15,1242.14599609375
48484,1,25,2,10,-15,10,-15,1243.5460205078125
48484,1,29,2,12.5,-12.5,12.5,-12.5,1243.8800048828125
48484,1,31,2,10,-10,10,-10,1243.946044921875
48484,1,32,2,15,-10,15,-10,1244.14599609375
48484,1,23,2,17.5,-17.5,17.5,-17.5,1244.9630126953125
48484,1,21,2,20,-20,20,-20,1245.1629638671875
48484,1,19,2,15,-20,15,-20,1245.446044921875
48484,1,18,2,15,-23.5,15,-23.5,1245.512939453125
48484,1,20,2,10,-20,10,-20,1245.9630126953125
48484,1,26,2,15,-15,15,-15,1246.762939453125
48484,1,27,2,20,-15,20,-15,1247.345947265625
48484,1,33,2,20,-10,20,-10,1247.8289794921875
48484,1,30,2,17.5,-12.5,17.5,-12.5,1248.530029296875
48484,1,28,2,23.5,-15,23.5,-15,1249.06298828125
48484,1,23,2,17.5,-17.5,17.5,-17.5,1249.97998046875
48484,1,22,2,12.5,-17.5,12.5,-17.5,1250.4449462890625
48484,1,19,2,15,-20,15,-20,1250.47998046875
48484,1,25,2,10,-15,10,-15,1250.7459716796875
48484,1,29,2,12.5,-12.5,12.5,-12.5,1250.9129638671875
48484,1,32,2,15,-10,15,-10,1251.1629638671875
48484,1,34,2,15,-6.5,15,-6.5,1251.530029296875
48484,1,31,2,10,-10,10,-10,1251.8800048828125
48484,1,20,2,10,-20,10,-20,1252.761962890625
48484,1,18,2,15,-23.5,15,-23.5,1253.345947265625
48484,1,21,2,20,-20,20,-20,1253.7130126953125
48484,1,27,2,20,-15,20,-15,1254.14599609375
48484,1,33,2,20,-10,20,-10,1254.56298828125
48484,1,30,2,17.5,-12.5,17.5,-12.5,1255.0460205078125
48484,1,26,2,15,-15,15,-15,1255.22998046875
48484,1,22,2,12.5,-17.5,12.5,-17.5,1255.512939453125
48484,1,25,2,10,-15,10,-15,1255.762939453125
48484,1,24,2,6.5,-15,6.5,-15,1255.9630126953125
48484,1,58,2,-6.5,-15,-6.5,-15,1257.06201171875
48484,1,54,2,-10,-20,-10,-20,1257.4630126953125
48484,1,52,2,-15,-23.5,-15,-23.5,1257.9630126953125
48484,1,55,2,-20,-20,-20,-20,1258.446044921875
48484,1,62,2,-23.5,-15,-23.5,-15,1258.946044921875
48484,1,61,2,-20,-15,-20,-15,1259.113037109375
48484,1,57,2,-17.5,-17.5,-17.5,-17.5,1259.446044921875
48484,1,53,2,-15,-20,-15,-20,1259.72998046875
48484,1,56,2,-12.5,-17.5,-12.5,-17.5,1260.06298828125
48484,1,60,2,-15,-15,-15,-15,1260.428955078125
48484,1,64,2,-17.5,-12.5,-17.5,-12.5,1260.72998046875
48484,1,67,2,-20,-10,-20,-10,1261.012939453125
48484,1,68,2,-15,-6.5,-15,-6.5,1261.31298828125
48484,1,65,2,-10,-10,-10,-10,1261.762939453125
48484,1,63,2,-12.5,-12.5,-12.5,-12.5,1261.9129638671875
48484,1,59,2,-10,-15,-10,-15,1262.280029296875
48484,1,58,2,-6.5,-15,-6.5,-15,1262.8790283203125
48484,1,24,2,6.5,-15,6.5,-15,1263.8299560546875
48484,1,25,2,10,-15,10,-15,1264.1300048828125
48484,1,22,2,12.5,-17.5,12.5,-17.5,1264.3800048828125
48484,1,18,2,15,-23.5,15,-23.5,1264.97998046875
48484,1,21,2,20,-20,20,-20,1265.530029296875
48484,1,28,2,23.5,-15,23.5,-15,1266.029052734375
48484,1,27,2,20,-15,20,-15,1266.4620361328125
48484,1,33,2,20,-10,20,-10,1266.512939453125
48484,1,34,2,15,-6.5,15,-6.5,1267.1300048828125
48484,1,31,2,10,-10,10,-10,1267.6300048828125
48484,1,29,2,12.5,-12.5,12.5,-12.5,1267.7130126953125
48484,1,30,2,17.5,-12.5,17.5,-12.5,1268.030029296875
48484,1,26,2,17.5,-17.5,15,-15,1268.4129638671875
48484,1,23,2,17.5,-17.5,17.5,-17.5,1268.428955078125
48484,1,19,2,15,-20,15,-20,1268.8470458984375
48484,1,22,2,12.5,-17.5,12.5,-17.5,1269.762939453125
48484,1,20,2,10,-20,10,-20,1269.9630126953125
48484,1,24,2,6.5,-15,6.5,-15,1270.4630126953125
48484,1,25,2,10,-15,10,-15,1270.613037109375
48484,1,32,2,15,-10,15,-10,1271.280029296875
48484,1,33,2,20,-10,20,-10,1271.64599609375
48484,1,28,2,23.5,-15,23.5,-15,1272.114013671875
48484,1,21,2,20,-20,20,-20,1272.613037109375
48484,1,18,2,15,-23.5,15,-23.5,1273.113037109375
48484,1,19,2,15,-20,15,-20,1273.863037109375
48484,1,23,2,17.5,-17.5,17.5,-17.5,1273.9620361328125
48484,1,27,2,20,-15,20,-15,1274.2469482421875
48484,1,30,2,17.5,-12.5,17.5,-12.5,1274.4630126953125
48484,1,29,2,12.5,-12.5,12.5,-12.5,1274.9630126953125
48484,1,31,2,10,-10,10,-10,1275.1300048828125
48484,1,34,2,15,-6.5,15,-6.5,1275.4630126953125
48484,1,25,2,10,-15,10,-15,1276.2130126953125
48484,1,24,2,6.5,-15,6.5,-15,1276.8299560546875
48484,1,26,2,15,-15,15,-15,1277.345947265625
48484,1,22,2,12.5,-17.5,12.5,-17.5,1277.4630126953125
48484,1,20,2,10,-20,10,-20,1277.6800537109375
48484,1,21,2,20,-20,20,-20,1278.512939453125
48484,1,28,2,23.5,-15,23.5,-15,1279.0799560546875
48484,1,33,2,20,-10,20,-10,1279.530029296875
48484,1,32,2,15,-10,15,-10,1280.030029296875
48484,1,30,2,17.5,-12.5,17.5,-12.5,1280.31298828125
48484,1,27,2,20,-15,20,-15,1280.56298828125
48484,1,23,2,17.5,-17.5,17.5,-17.5,1280.97998046875
48484,1,19,2,15,-20,15,-20,1281.280029296875
48484,1,18,2,15,-23.5,15,-23.5,1281.56298828125
48484,1,25,2,10,-15,10,-15,1282.31298828125
48484,1,22,2,12.5,-17.5,12.5,-17.5,1282.47998046875
48484,1,31,2,10,-10,10,-10,1282.780029296875
48484,1,34,2,15,-6.5,15,-6.5,1283.22998046875
48484,1,26,2,15,-15,15,-15,1283.9300537109375
48484,1,20,2,10,-20,10,-20,1284.512939453125
48484,1,24,2,6.5,-15,6.5,-15,1285.0799560546875
48484,1,58,2,-6.5,-15,-6.5,-15,1285.9959716796875
48484,1,59,2,-10,-15,-10,-15,1286.280029296875
48484,1,56,2,-12.5,-17.5,-12.5,-17.5,1286.47998046875
48484,1,53,2,-15,-20,-15,-20,1286.779052734375
48484,1,52,2,-15,-23.5,-15,-23.5,1286.9630126953125
48484,1,54,2,-10,-20,-10,-20,1287.5799560546875
48484,1,63,2,-12.5,-12.5,-12.5,-12.5,1288.2469482421875
48484,1,60,2,-15,-15,-15,-15,1288.280029296875
48484,1,66,2,-15,-10,-15,-10,1288.5469970703125
48484,1,64,2,-17.5,-12.5,-17.5,-12.5,1288.5799560546875
48484,1,67,2,-20,-10,-20,-10,1288.8790283203125
48484,1,62,2,-23.5,-15,-23.5,-15,1289.512939453125
48484,1,61,2,-20,-15,-20,-15,1289.6629638671875
48484,1,57,2,-17.5,-17.5,-17.5,-17.5,1289.9300537109375
48484,1,55,2,-20,-20,-20,-20,1290.1629638671875
48484,1,68,2,-15,-6.5,-15,-6.5,1291.64599609375
48484,1,65,2,-10,-10,-10,-10,1292.1290283203125
48484,1,58,2,-6.5,-15,-6.5,-15,1292.6300048828125
48484,1,56,2,-12.5,-17.5,-12.5,-17.5,1293.113037109375
48484,1,53,2,-15,-20,-15,-20,1293.345947265625
48484,1,52,2,-15,-23.5,-15,-23.5,1293.6800537109375
48484,1,54,2,-10,-20,-10,-20,1294.113037109375
48484,1,59,2,-10,-15,-10,-15,1294.56298828125
48484,1,63,2,-12.5,-12.5,-12.5,-12.5,1294.8470458984375
48484,1,66,2,-15,-10,-15,-10,1295.1300048828125
48484,1,67,2,-20,-10,-20,-10,1295.56298828125
48484,1,62,2,-23.5,-15,-23.5,-15,1295.97998046875
48484,1,55,2,-20,-20,-20,-20,1296.4969482421875
48484,1,57,2,-17.5,-17.5,-17.5,-17.5,1296.6629638671875
48484,1,61,2,-20,-15,-20,-15,1296.97998046875
48484,1,64,2,-17.5,-12.5,-17.5,-12.5,1297.0469970703125
48484,1,65,2,-10,-10,-10,-10,1298.345947265625
48484,1,63,2,-12.5,-17.5,-12.5,-12.5,1298.9300537109375
48484,1,56,2,-12.5,-17.5,-12.5,-17.5,1298.946044921875
48484,1,53,2,-15,-20,-15,-20,1299.280029296875
48484,1,52,2,-15,-23.5,-15,-23.5,1299.4969482421875
48484,1,54,2,-10,-20,-10,-20,1300.364013671875
48484,1,59,2,-10,-15,-10,-15,1300.780029296875
48484,1,63,2,-12.5,-12.5,-12.5,-12.5,1301.0799560546875
48484,1,66,2,-15,-10,-15,-10,1301.595947265625
48484,1,68,2,-15,-6.5,-15,-6.5,1301.64697265625
48484,1,67,2,-20,-10,-20,-10,1302.22998046875
48484,1,61,2,-20,-15,-20,-15,1302.6800537109375
48484,1,55,2,-20,-20,-20,-20,1303.0799560546875
48484,1,57,2,-17.5,-17.5,-17.5,-17.5,1303.8299560546875
48484,1,64,2,-17.5,-12.5,-17.5,-12.5,1304.1800537109375
48484,1,58,2,-6.5,-15,-6.5,-15,1305.262939453125
48484,1,65,2,-10,-10,-10,-10,1305.72998046875
48484,1,63,2,-15,-15,-12.5,-12.5,1306.113037109375
48484,1,60,2,-15,-15,-15,-15,1306.1300048828125
48484,1,56,2,-12.5,-17.5,-12.5,-17.5,1306.363037109375
48484,1,53,2,-15,-20,-15,-20,1306.56298828125
48484,1,52,2,-15,-23.5,-15,-23.5,1306.863037109375
48484,1,54,2,-10,-20,-10,-20,1307.31298828125
48484,1,59,2,-10,-15,-10,-15,1307.72998046875
48484,1,24,2,6.5,-15,6.5,-15,1309.030029296875
48484,1,25,2,10,-15,10,-15,1309.3299560546875
48484,1,26,2,15,-15,15,-15,1309.72998046875
48484,1,27,2,20,-15,20,-15,1310.14697265625
48484,1,21,2,20,-20,20,-20,1310.5970458984375
48484,1,18,2,15,-23.5,15,-23.5,1311.095947265625
48484,1,20,2,10,-20,10,-20,1311.56298828125
48484,1,22,2,12.5,-17.5,12.5,-17.5,1311.72998046875
48484,1,23,2,17.5,-17.5,17.5,-17.5,1312.0970458984375
48484,1,26,2,15,-15,15,-15,1314.7469482421875
48484,2,34,5,15,-6.5,15,-6.5,1323.0799560546875
48484,2,32,5,15,-10,15,-10,1323.3800048828125
48484,2,31,5,10,-10,10,-10,1323.6800537109375
48484,2,24,5,6.5,-15,6.5,-15,1324.3800048828125
48484,2,25,5,10,-15,10,-15,1324.56396484375
48484,2,22,4,12.5,-17.5,12.5,-17.5,1324.864013671875
48484,2,20,4,10,-20,10,-20,1325.0970458984375
48484,2,18,1,15,-23.5,15,-23.5,1325.697021484375
48484,2,19,2,15,-20,15,-20,1325.8299560546875
48484,2,23,2,17.5,-17.5,17.5,-17.5,1326.0799560546875
48484,2,27,2,20,-15,20,-15,1326.47998046875
48484,2,33,4,20,-10,20,-10,1326.72900390625
48484,2,29,4,12.5,-12.5,12.5,-12.5,1327.262939453125
48484,2,58,5,-6.5,-15,-6.5,-15,1328.97998046875
48484,2,59,5,-10,-15,-10,-15,1329.2640380859375
48484,2,56,4,-12.5,-12.5,-12.5,-17.5,1329.5469970703125
48484,2,63,4,-12.5,-12.5,-12.5,-12.5,1329.56298828125
48484,2,66,5,-15,-10,-15,-10,1329.8470458984375
48484,2,68,5,-15,-6.5,-15,-6.5,1329.97998046875
48484,2,67,4,-20,-10,-20,-10,1330.3800048828125
48484,2,61,2,-20,-15,-20,-15,1330.8470458984375
48484,2,60,2,-15,-15,-15,-15,1331.197021484375
48484,2,56,4,-12.5,-17.5,-12.5,-17.5,1331.529052734375
48484,2,54,4,-10,-20,-10,-20,1331.7960205078125
48484,2,52,1,-15,-23.5,-15,-23.5,1332.3299560546875
48484,2,57,2,-17.5,-17.5,-17.5,-17.5,1332.89697265625
48484,2,64,4,-17.5,-12.5,-17.5,-12.5,1333.3289794921875
48484,2,55,1,-20,-20,-20,-20,1334.22998046875
48484,2,59,5,-10,-15,-10,-15,1335.2640380859375
48484,2,58,5,-6.5,-15,-6.5,-15,1335.6290283203125
48484,2,65,5,-10,-10,-10,-10,1335.780029296875
48484,2,68,5,-15,-6.5,-15,-6.5,1336.2469482421875
48484,2,66,5,-15,-10,-15,-10,1336.3299560546875
48484,2,67,4,-20,-10,-20,-10,1336.7139892578125
48484,2,63,4,-12.5,-12.5,-12.5,-12.5,1337.1639404296875
48484,2,60,2,-15,-15,-15,-15,1337.4639892578125
48484,2,56,4,-12.5,-17.5,-12.5,-17.5,1337.5469970703125
48484,2,53,2,-15,-20,-15,-20,1337.8470458984375
48484,2,54,4,-10,-20,-10,-20,1338.1800537109375
48484,2,24,5,6.5,-15,6.5,-15,1339.697021484375
48484,2,25,5,10,-15,10,-15,1339.9959716796875
48484,2,29,4,12.5,-12.5,12.5,-12.5,1340.2640380859375
48484,2,31,5,10,-10,10,-10,1340.364013671875
48484,2,32,5,15,-10,15,-10,1340.72998046875
48484,2,34,5,15,-6.5,15,-6.5,1340.762939453125
48484,2,33,4,20,-10,20,-10,1341.280029296875
48484,2,30,4,17.5,-12.5,17.5,-12.5,1341.447021484375
48484,2,26,2,15,-15,15,-15,1341.7469482421875
48484,2,22,4,12.5,-17.5,12.5,-17.5,1342.0140380859375
48484,2,20,4,10,-20,10,-20,1342.279052734375
48484,2,18,1,15,-23.5,15,-23.5,1342.8790283203125
48484,2,23,2,17.5,-17.5,17.5,-17.5,1343.3800048828125
48484,2,21,1,20,-20,20,-20,1343.4300537109375
48484,2,27,2,20,-15,20,-15,1343.6639404296875
48484,2,58,5,-6.5,-15,-6.5,-15,1345.780029296875
48484,2,65,5,-10,-10,-10,-10,1346.2640380859375
48484,2,68,5,-15,-6.5,-15,-6.5,1346.781005859375
48484,2,66,5,-15,-10,-15,-10,1346.8310546875
48484,2,67,4,-20,-10,-20,-10,1347.23095703125
48484,2,64,4,-17.5,-12.5,-17.5,-12.5,1347.281005859375
48484,2,60,2,-15,-15,-15,-15,1347.6300048828125
48484,2,63,4,-12.5,-12.5,-12.5,-12.5,1347.8800048828125
48484,2,59,5,-10,-15,-10,-15,1348.0140380859375
48484,2,56,4,-12.5,-17.5,-12.5,-17.5,1348.64697265625
48484,2,54,4,-10,-20,-10,-20,1348.697021484375
48484,2,53,2,-15,-20,-15,-20,1348.9630126953125
48484,2,57,2,-17.5,-17.5,-17.5,-17.5,1349.23095703125
48484,2,61,2,-20,-15,-20,-15,1349.5460205078125
48484,2,58,5,-6.5,-15,-6.5,-15,1350.7969970703125
48484,2,24,5,6.5,-15,6.5,-15,1351.697021484375
48484,2,25,5,10,-15,10,-15,1351.9969482421875
48484,2,29,4,12.5,-12.5,12.5,-12.5,1352.2640380859375
48484,2,32,5,15,-10,15,-10,1352.4969482421875
48484,2,31,5,10,-10,10,-10,1352.6300048828125
48484,2,34,5,15,-6.5,15,-6.5,1352.8790283203125
48484,2,33,4,20,-10,20,-10,1353.3800048828125
48484,2,30,4,17.5,-12.5,17.5,-12.5,1353.4630126953125
48484,2,26,2,15,-15,15,-15,1353.863037109375
48484,2,22,4,12.5,-17.5,12.5,-17.5,1354.0970458984375
48484,2,20,4,10,-20,10,-20,1354.3809814453125
48484,2,18,1,15,-23.5,15,-23.5,1354.7459716796875
48484,2,21,1,20,-20,20,-20,1355.22998046875
48484,2,23,2,17.5,-17.5,17.5,-17.5,1355.3470458984375
48484,2,27,2,20,-15,20,-15,1355.5810546875
48484,2,28,1,23.5,-15,23.5,-15,1355.7469482421875
48484,2,19,2,15,-20,15,-20,1356.9300537109375
48484,2,25,5,10,-15,10,-15,1357.4300537109375
48484,2,24,5,6.5,-15,6.5,-15,1357.5970458984375
48484,2,58,5,-6.5,-15,-6.5,-15,1358.781005859375
48484,2,59,5,-10,-15,-10,-15,1359.0799560546875
48484,2,56,4,-12.5,-12.5,-12.5,-17.5,1359.281005859375
48484,2,63,4,-12.5,-12.5,-12.5,-12.5,1359.2969970703125
48484,2,66,5,-15,-10,-15,-10,1359.56396484375
48484,2,68,5,-15,-6.5,-15,-6.5,1359.696044921875
48484,2,67,4,-20,-10,-20,-10,1360.22900390625
48484,2,64,4,-17.5,-12.5,-17.5,-12.5,1360.39599609375
48484,2,60,2,-15,-15,-15,-15,1360.72998046875
48484,2,56,4,-12.5,-17.5,-12.5,-17.5,1360.98095703125
48484,2,54,4,-10,-20,-10,-20,1361.281005859375
48484,2,52,1,-15,-23.5,-15,-23.5,1361.8310546875
48484,2,53,2,-15,-20,-15,-20,1361.947021484375
48484,2,57,2,-17.5,-17.5,-17.5,-17.5,1362.22998046875
48484,2,61,2,-20,-15,-20,-15,1362.47900390625
48484,2,62,1,-23.5,-15,-23.5,-15,1362.73095703125
48484,2,58,5,-6.5,-15,-6.5,-15,1365.2469482421875
48484,2,59,5,-10,-15,-10,-15,1365.5460205078125
48484,2,63,4,-12.5,-12.5,-12.5,-12.5,1365.9310302734375
48484,2,66,5,-15,-10,-15,-10,1366.1800537109375
48484,2,64,4,-17.5,-12.5,-17.5,-12.5,1366.281005859375
48484,2,68,5,-15,-6.5,-15,-6.5,1366.56396484375
48484,2,65,5,-10,-10,-10,-10,1366.9310302734375
48484,2,60,2,-15,-15,-15,-15,1367.6309814453125
48484,2,57,2,-17.5,-17.5,-17.5,-17.5,1367.8790283203125
48484,2,53,2,-15,-20,-15,-20,1367.98095703125
48484,2,54,4,-10,-20,-10,-20,1368.262939453125
48484,2,24,5,6.5,-15,6.5,-15,1369.73095703125
48484,2,25,5,10,-15,10,-15,1370.0469970703125
48484,2,31,5,10,-10,10,-10,1370.23095703125
48484,2,34,5,15,-6.5,15,-6.5,1370.8299560546875
48484,2,32,5,15,-10,15,-10,1371.1800537109375
48484,2,29,4,12.5,-12.5,12.5,-12.5,1371.4639892578125
48484,2,20,4,10,-20,10,-20,1372.280029296875
48484,2,19,2,15,-20,15,-20,1372.72998046875
48484,2,22,4,12.5,-17.5,12.5,-17.5,1372.780029296875
48484,2,26,2,15,-15,15,-15,1372.9969482421875
48484,2,30,4,17.5,-12.5,17.5,-12.5,1373.280029296875
48484,2,33,4,20,-10,20,-10,1373.6309814453125
48484,2,28,1,23.5,-15,23.5,-15,1374.14697265625
48484,2,27,2,20,-15,20,-15,1374.345947265625
48484,2,21,1,20,-20,20,-20,1374.56396484375
48484,2,25,5,10,-15,10,-15,1375.6800537109375
48484,2,24,5,6.5,-15,6.5,-15,1376.06396484375
48484,2,29,4,12.5,-12.5,12.5,-12.5,1376.47998046875
48484,2,31,5,10,-10,10,-10,1376.64599609375
48484,2,34,5,15,-6.5,15,-6.5,1377.1800537109375
48484,2,32,5,15,-10,15,-10,1377.447021484375
48484,2,22,4,12.5,-17.5,12.5,-17.5,1378.1300048828125
48484,2,26,2,15,-15,15,-15,1378.2469482421875
48484,2,20,4,10,-20,10,-20,1378.4129638671875
48484,2,58,5,-6.5,-15,-6.5,-15,1379.97998046875
48484,2,59,5,-10,-15,-10,-15,1380.281005859375
48484,2,56,4,-12.5,-17.5,-12.5,-17.5,1380.512939453125
48484,2,60,2,-15,-15,-15,-15,1380.7469482421875
48484,2,63,4,-12.5,-12.5,-12.5,-12.5,1380.81298828125
48484,2,65,5,-10,-10,-10,-10,1381.012939453125
48484,2,68,5,-15,-6.5,-15,-6.5,1381.447021484375
48484,2,67,4,-20,-10,-20,-10,1382.030029296875
48484,2,64,4,-17.5,-12.5,-17.5,-12.5,1382.3310546875
48484,2,66,5,-15,-10,-15,-10,1382.696044921875
48484,2,54,4,-10,-20,-10,-20,1383.8470458984375
48484,2,53,2,-15,-20,-15,-20,1384.23095703125
48484,2,57,2,-17.5,-17.5,-17.5,-17.5,1384.5970458984375
48484,2,61,2,-20,-15,-20,-15,1384.8809814453125
48484,2,59,5,-10,-15,-10,-15,1385.6639404296875
48484,2,63,4,-12.5,-12.5,-12.5,-12.5,1385.8299560546875
48484,2,58,5,-6.5,-15,-6.5,-15,1385.9639892578125
48484,2,24,5,6.5,-15,6.5,-15,1387.06396484375
48484,2,25,5,10,-15,10,-15,1387.3480224609375
48484,2,22,4,12.5,-17.5,12.5,-17.5,1387.6309814453125
48484,2,20,4,10,-20,10,-20,1387.7469482421875
48484,2,19,2,15,-20,15,-20,1388.280029296875
48484,2,23,2,17.5,-17.5,17.5,-17.5,1388.5980224609375
48484,2,26,2,15,-15,15,-15,1388.781005859375
48484,2,30,4,17.5,-12.5,17.5,-12.5,1388.9639892578125
48484,2,32,5,15,-10,15,-10,1389.1629638671875
48484,2,34,5,15,-6.5,15,-6.5,1389.4639892578125
48484,2,31,5,10,-10,10,-10,1389.8800048828125
48484,2,29,4,12.5,-12.5,12.5,-12.5,1390.14697265625
48484,2,33,4,20,-10,20,-10,1390.864013671875
48484,2,28,1,23.5,-15,23.5,-15,1391.3809814453125
48484,2,21,1,20,-20,20,-20,1391.8310546875
48484,2,18,1,15,-23.5,15,-23.5,1392.280029296875
48484,2,20,4,10,-20,10,-20,1392.864013671875
48484,2,22,4,12.5,-17.5,12.5,-17.5,1393.06396484375
48484,2,25,5,10,-15,10,-15,1393.3480224609375
48484,2,24,5,6.5,-15,6.5,-15,1393.697021484375
48484,2,58,5,-6.5,-15,-6.5,-15,1394.8800048828125
48484,2,59,5,-10,-15,-10,-15,1395.1810302734375
48484,2,63,4,-12.5,-12.5,-12.5,-12.5,1395.47998046875
48484,2,65,5,-10,-10,-10,-10,1395.6639404296875
48484,2,68,5,-15,-6.5,-15,-6.5,1396.2969970703125
48484,2,66,5,-15,-10,-15,-10,1396.4959716796875
48484,2,64,4,-20,-10,-17.5,-12.5,1396.8299560546875
48484,2,67,4,-20,-10,-20,-10,1396.8480224609375
48484,2,60,2,-15,-15,-15,-15,1397.2640380859375
48484,2,56,4,-12.5,-17.5,-12.5,-17.5,1397.530029296875
48484,2,54,4,-10,-20,-10,-20,1397.97998046875
48484,2,53,2,-15,-20,-15,-20,1398.447021484375
48484,2,57,2,-17.5,-17.5,-17.5,-17.5,1398.748046875
48484,2,61,2,-20,-15,-20,-15,1399.0479736328125
48484,2,59,5,-10,-15,-10,-15,1400.197021484375
48484,2,58,5,-6.5,-15,-6.5,-15,1400.531005859375
48484,2,24,5,6.5,-15,6.5,-15,1401.530029296875
48484,2,25,5,10,-15,10,-15,1401.8809814453125
48484,2,29,4,12.5,-12.5,12.5,-12.5,1402.197998046875
48484,2,32,5,15,-10,15,-10,1402.4630126953125
48484,2,34,5,15,-6.5,15,-6.5,1402.8310546875
48484,2,31,5,10,-10,10,-10,1403.4639892578125
48484,2,30,4,17.5,-12.5,17.5,-12.5,1404.0980224609375
48484,2,33,4,20,-10,20,-10,1404.364013671875
48484,2,26,2,15,-15,15,-15,1404.8310546875
48484,2,22,4,12.5,-17.5,12.5,-17.5,1405.0799560546875
48484,2,20,4,10,-20,10,-20,1405.3809814453125
48484,2,58,5,-6.5,-15,-6.5,-15,1406.8800048828125
48484,2,59,5,-10,-15,-10,-15,1407.14794921875
48484,2,63,4,-12.5,-12.5,-12.5,-12.5,1407.4310302734375
48484,2,68,5,-15,-6.5,-15,-6.5,1408.030029296875
48484,2,66,5,-15,-10,-15,-10,1408.281005859375
48484,2,64,4,-17.5,-12.5,-17.5,-12.5,1408.5469970703125
48484,2,60,2,-15,-15,-15,-15,1408.781005859375
48484,2,56,4,-12.5,-17.5,-12.5,-17.5,1409.06298828125
48484,2,54,4,-10,-20,-10,-20,1409.364013671875
48484,2,24,5,6.5,-15,6.5,-15,1410.8480224609375
48484,2,25,5,10,-15,10,-15,1411.1639404296875
48484,2,29,4,12.5,-12.5,12.5,-12.5,1411.39697265625
48484,2,31,5,10,-10,10,-10,1411.4969482421875
48484,2,32,5,15,-10,15,-10,1411.6810302734375
48484,2,34,5,15,-6.5,15,-6.5,1411.89794921875
48484,2,33,4,20,-10,20,-10,1412.23095703125
48484,2,30,4,17.5,-12.5,17.5,-12.5,1412.39794921875
48484,2,26,2,15,-15,15,-15,1412.697998046875
48484,2,22,4,12.5,-17.5,12.5,-17.5,1412.9639892578125
48484,2,20,4,10,-20,10,-20,1413.2640380859375
48484,2,58,5,-6.5,-15,-6.5,-15,1414.8310546875
48484,2,59,5,-10,-15,-10,-15,1415.0970458984375
48484,2,65,5,-10,-10,-10,-10,1415.262939453125
48484,2,66,5,-15,-10,-15,-10,1415.697021484375
48484,2,68,5,-15,-6.5,-15,-6.5,1415.762939453125
48484,2,63,4,-12.5,-12.5,-12.5,-12.5,1416.3470458984375
48484,2,56,4,-12.5,-17.5,-12.5,-17.5,1416.6810302734375
48484,2,53,2,-15,-20,-15,-20,1416.98095703125
48484,2,55,1,-20,-20,-20,-20,1417.39794921875
48484,2,57,2,-17.5,-17.5,-17.5,-17.5,1417.48095703125
48484,2,61,2,-20,-15,-20,-15,1417.6639404296875
48484,2,64,4,-17.5,-12.5,-17.5,-12.5,1417.8470458984375
48484,2,67,4,-20,-10,-20,-10,1418.0469970703125
48484,2,60,2,-15,-15,-15,-15,1418.5479736328125
48484,2,54,4,-10,-20,-10,-20,1419.14794921875
48484,2,24,5,6.5,-15,6.5,-15,1420.7969970703125
48484,2,25,5,10,-15,10,-15,1421.1300048828125
48484,2,22,4,12.5,-12.5,12.5,-17.5,1421.3310546875
48484,2,29,4,12.5,-12.5,12.5,-12.5,1421.3480224609375
48484,2,32,5,15,-10,15,-10,1421.5810546875
48484,2,34,5,15,-6.5,15,-6.5,1421.7469482421875
48484,2,33,4,20,-10,20,-10,1422.0980224609375
48484,2,26,2,15,-15,15,-15,1422.5469970703125
48484,2,22,4,12.5,-17.5,12.5,-17.5,1422.781005859375
48484,2,20,4,10,-20,10,-20,1423.0810546875
48484,2,58,5,-6.5,-15,-6.5,-15,1424.6650390625
48484,2,59,5,-10,-15,-10,-15,1424.9300537109375
48484,2,63,4,-12.5,-12.5,-12.5,-12.5,1425.23095703125
48484,2,66,5,-15,-10,-15,-10,1425.5479736328125
48484,2,68,5,-15,-6.5,-15,-6.5,1425.8809814453125
48484,2,65,5,-10,-10,-10,-10,1426.14794921875
48484,2,60,2,-15,-15,-15,-15,1426.8809814453125
48484,2,56,4,-12.5,-17.5,-12.5,-17.5,1427.1650390625
48484,2,53,2,-15,-20,-15,-20,1427.248046875
48484,3,65,1,-10,-10,-10,-10,755.62530517578125
48484,3,63,2,-12.5,-12.5,-12.5,-12.5,755.90838623046875
48484,3,60,4,-15,-15,-15,-15,756.15863037109375
48484,3,64,2,-17.5,-12.5,-17.5,-12.5,756.4586181640625
48484,3,61,4,-20,-15,-20,-15,756.5418701171875
48484,3,62,5,-23.5,-15,-23.5,-15,756.8253173828125
48484,3,55,5,-20,-20,-20,-20,757.15771484375
48484,3,57,4,-17.5,-17.5,-17.5,-17.5,757.29168701171875
48484,3,53,4,-15,-20,-15,-20,757.5244140625
48484,3,56,2,-12.5,-17.5,-12.5,-17.5,757.74188232421875
48484,3,52,5,-15,-23.5,-15,-23.5,757.9417724609375
48484,3,54,2,-10,-20,-10,-20,759.00811767578125
48484,3,37,2,10,-20,10,-20,760.65802001953125
48484,3,36,4,15,-20,15,-20,761.0587158203125
48484,3,35,5,15,-23.5,15,-23.5,761.12530517578125
48484,3,38,5,20,-20,20,-20,761.4583740234375
48484,3,40,4,17.5,-17.5,17.5,-17.5,761.5413818359375
48484,3,44,4,20,-15,20,-15,761.8253173828125
48484,3,45,5,23.5,-15,23.5,-15,761.90771484375
48484,3,50,2,20,-10,20,-10,762.35760498046875
48484,3,47,2,17.5,-12.5,17.5,-12.5,762.64190673828125
48484,3,43,4,15,-15,15,-15,762.9088134765625
48484,3,46,2,12.5,-12.5,12.5,-12.5,762.99090576171875
48484,3,39,2,12.5,-17.5,12.5,-17.5,763.22430419921875
48484,3,54,2,-10,-20,-10,-20,765.0418701171875
48484,3,55,5,-15,-23.5,-20,-20,765.49188232421875
48484,3,52,5,-15,-23.5,-15,-23.5,765.50860595703125
48484,3,55,5,-20,-20,-20,-20,765.89202880859375
48484,3,57,4,-17.5,-17.5,-17.5,-17.5,766.10870361328125
48484,3,61,4,-20,-15,-20,-15,766.2921142578125
48484,3,62,5,-23.5,-15,-23.5,-15,766.32452392578125
48484,3,64,2,-17.5,-12.5,-17.5,-12.5,766.8087158203125
48484,3,60,4,-15,-15,-15,-15,766.99200439453125
48484,3,63,2,-12.5,-12.5,-12.5,-12.5,767.22528076171875
48484,3,59,1,-10,-15,-10,-15,767.45867919921875
48484,3,58,1,-6.5,-15,-6.5,-15,767.7913818359375
48484,3,41,1,6.5,-15,6.5,-15,768.90771484375
48484,3,39,2,12.5,-17.5,12.5,-17.5,769.4254150390625
48484,3,36,4,15,-20,15,-20,769.69207763671875
48484,3,35,5,15,-23.5,15,-23.5,769.84130859375
48484,3,38,5,20,-20,20,-20,770.22540283203125
48484,3,40,4,17.5,-17.5,17.5,-17.5,770.5244140625
48484,3,44,4,20,-15,20,-15,770.6920166015625
48484,3,45,5,23.5,-15,23.5,-15,771.0253295898436
48484,3,43,4,15,-15,15,-15,771.7086181640625
48484,3,47,2,17.5,-12.5,17.5,-12.5,771.89111328125
48484,3,50,2,20,-10,20,-10,772.1920166015625
48484,3,51,1,15,-6.5,15,-6.5,772.6077880859375
48484,3,46,2,12.5,-12.5,12.5,-12.5,773.10772705078125
48484,3,37,2,10,-20,10,-20,773.7410888671875
48484,3,54,2,-10,-20,-10,-20,775.60882568359375
48484,3,53,4,-15,-20,-15,-20,775.9921264648436
48484,3,56,2,-12.5,-17.5,-12.5,-17.5,776.09222412109375
48484,3,53,4,-15,-15,-15,-20,776.2421264648436
48484,3,60,4,-15,-15,-15,-15,776.2589111328125
48484,3,61,4,-20,-15,-20,-15,776.5255126953125
48484,3,62,5,-23.5,-15,-23.5,-15,776.82537841796875
48484,3,55,5,-20,-20,-20,-20,777.10882568359375
48484,3,52,5,-15,-23.5,-15,-23.5,777.59222412109375
48484,3,63,2,-12.5,-12.5,-12.5,-12.5,778.7578125
48484,3,66,1,-15,-10,-15,-10,779.0255126953125
48484,3,64,2,-17.5,-12.5,-17.5,-12.5,779.12548828125
48484,3,67,2,-20,-10,-20,-10,779.34130859375
48484,3,65,1,-10,-10,-10,-10,780.04132080078125
48484,3,59,1,-10,-15,-10,-15,780.4589233398436
48484,3,39,2,12.5,-17.5,12.5,-17.5,782.2916259765625
48484,3,36,4,15,-20,15,-20,782.54132080078125
48484,3,35,5,15,-23.5,15,-23.5,782.62451171875
48484,3,38,5,20,-20,20,-20,783.0421142578125
48484,3,40,4,17.5,-17.5,17.5,-17.5,783.2081298828125
48484,3,44,4,20,-15,20,-15,783.4420166015625
48484,3,45,5,23.5,-15,23.5,-15,783.55877685546875
48484,3,50,2,20,-10,20,-10,783.94207763671875
48484,3,49,1,15,-10,15,-10,784.32562255859375
48484,3,46,2,17.5,-12.5,12.5,-12.5,784.62542724609375
48484,3,47,2,17.5,-12.5,17.5,-12.5,784.6417236328125
48484,3,42,1,10,-15,10,-15,785.42547607421875
48484,3,46,2,12.5,-12.5,12.5,-12.5,785.5255126953125
48484,3,48,1,10,-10,10,-10,785.79217529296875
48484,3,58,1,-6.5,-15,-6.5,-15,787.29241943359375
48484,3,54,2,-10,-20,-10,-20,787.6588134765625
48484,3,52,5,-15,-23.5,-15,-23.5,788.1256103515625
48484,3,53,4,-15,-20,-15,-20,788.30902099609375
48484,3,55,5,-20,-20,-20,-20,788.55902099609375
48484,3,57,4,-17.5,-17.5,-17.5,-17.5,788.60882568359375
48484,3,61,4,-20,-15,-20,-15,788.8922119140625
48484,3,62,5,-23.5,-15,-23.5,-15,789.0087280273436
48484,3,64,2,-17.5,-12.5,-17.5,-12.5,789.4088134765625
48484,3,67,2,-20,-10,-20,-10,789.4423217773436
48484,3,66,1,-15,-10,-15,-10,789.7089233398436
48484,3,63,2,-12.5,-12.5,-12.5,-12.5,789.9248046875
48484,3,60,4,-15,-15,-15,-15,790.00811767578125
48484,3,56,2,-12.5,-17.5,-12.5,-17.5,790.40802001953125
48484,3,59,1,-10,-15,-10,-15,790.80792236328125
48484,3,39,2,12.5,-17.5,12.5,-17.5,792.55792236328125
48484,3,36,4,15,-20,15,-20,792.79217529296875
48484,3,35,5,15,-23.5,15,-23.5,793.2255859375
48484,3,38,5,20,-20,20,-20,793.7421875
48484,3,40,4,17.5,-17.5,17.5,-17.5,793.9254150390625
48484,3,44,4,20,-15,20,-15,794.15887451171875
48484,3,45,5,23.5,-15,23.5,-15,794.4912109375
48484,3,43,4,15,-15,15,-15,795.04217529296875
48484,3,47,2,17.5,-12.5,17.5,-12.5,795.2589111328125
48484,3,50,2,20,-10,20,-10,795.52581787109375
48484,3,51,1,15,-6.5,15,-6.5,795.94140625
48484,3,48,1,10,-10,10,-10,796.4257202148436
48484,3,46,2,12.5,-12.5,12.5,-12.5,796.4921875
48484,3,42,1,10,-15,10,-15,796.9423217773436
48484,3,37,2,10,-20,10,-20,797.1591186523436
48484,3,54,2,-10,-20,-10,-20,798.84222412109375
48484,3,55,5,-15,-23.5,-20,-20,799.2257080078125
48484,3,52,5,-15,-23.5,-15,-23.5,799.24151611328125
48484,3,55,5,-20,-20,-20,-20,799.6591186523436
48484,3,57,4,-17.5,-17.5,-17.5,-17.5,799.8084716796875
48484,3,61,4,-20,-15,-20,-15,800.04132080078125
48484,3,62,5,-23.5,-15,-23.5,-15,800.29150390625
48484,3,64,2,-17.5,-12.5,-17.5,-12.5,800.5421142578125
48484,3,60,4,-15,-15,-15,-15,800.9586181640625
48484,3,63,2,-12.5,-12.5,-12.5,-12.5,800.99151611328125
48484,3,56,2,-12.5,-17.5,-12.5,-17.5,801.24237060546875
48484,3,58,1,-6.5,-15,-6.5,-15,801.80902099609375
48484,3,37,2,10,-20,10,-20,803.19171142578125
48484,3,36,4,15,-20,15,-20,803.55902099609375
48484,3,35,5,15,-23.5,15,-23.5,803.5924072265625
48484,3,38,5,20,-20,20,-20,804.00811767578125
48484,3,45,5,23.5,-15,23.5,-15,804.49237060546875
48484,3,44,4,20,-15,20,-15,804.7091064453125
48484,3,47,2,17.5,-12.5,17.5,-12.5,804.9923095703125
48484,3,43,4,15,-15,15,-15,805.1591186523436
48484,3,40,4,17.5,-17.5,17.5,-17.5,805.30902099609375
48484,3,42,1,10,-15,10,-15,806.2421875
48484,3,48,1,10,-10,10,-10,806.65887451171875
48484,3,54,2,-10,-20,-10,-20,808.4091186523436
48484,3,53,4,-15,-20,-15,-20,808.80902099609375
48484,3,52,5,-15,-23.5,-15,-23.5,808.8590087890625
48484,3,55,5,-20,-20,-20,-20,809.24237060546875
48484,3,57,4,-17.5,-17.5,-17.5,-17.5,809.32470703125
48484,3,61,4,-20,-15,-20,-15,809.62481689453125
48484,3,62,5,-23.5,-15,-23.5,-15,809.708984375
48484,3,67,2,-20,-10,-20,-10,810.15850830078125
48484,3,66,1,-15,-10,-15,-10,810.54248046875
48484,3,64,2,-17.5,-12.5,-17.5,-12.5,810.75897216796875
48484,3,60,4,-15,-15,-15,-15,810.79241943359375
48484,3,56,2,-12.5,-17.5,-12.5,-17.5,811.34228515625
48484,3,63,2,-12.5,-12.5,-12.5,-12.5,811.6425170898436
48484,3,65,1,-10,-10,-10,-10,811.9581298828125
48484,3,58,1,-6.5,-15,-6.5,-15,812.4083251953125
48484,3,37,2,10,-20,10,-20,813.89190673828125
48484,3,35,5,15,-23.5,15,-23.5,814.3585205078125
48484,3,36,4,15,-20,15,-20,814.6591796875
48484,3,40,4,17.5,-17.5,17.5,-17.5,814.89141845703125
48484,3,38,5,20,-20,20,-20,814.9254150390625
48484,3,45,5,23.5,-15,23.5,-15,815.6580810546875
48484,3,44,4,20,-15,20,-15,815.85906982421875
48484,3,50,2,17.5,-12.5,20,-10,816.3258056640625
48484,3,47,2,17.5,-12.5,17.5,-12.5,816.34136962890625
48484,3,50,2,20,-10,20,-10,816.5592041015625
48484,3,49,1,15,-10,15,-10,816.92578125
48484,3,46,2,12.5,-12.5,12.5,-12.5,817.1591796875
48484,3,39,2,12.5,-17.5,12.5,-17.5,817.725830078125
48484,3,42,1,10,-15,10,-15,818.042724609375
48484,3,41,1,6.5,-15,6.5,-15,818.30902099609375
48484,3,54,2,-10,-20,-10,-20,819.8092041015625
48484,3,53,4,-15,-20,-15,-20,820.2257080078125
48484,3,55,5,-20,-20,-20,-20,820.6259155273436
48484,3,52,5,-15,-23.5,-15,-23.5,820.92578125
48484,3,57,4,-17.5,-17.5,-17.5,-17.5,821.52508544921875
48484,3,61,4,-20,-15,-20,-15,821.8258056640625
48484,3,62,5,-23.5,-15,-23.5,-15,822.09222412109375
48484,3,67,2,-20,-10,-20,-10,822.4425048828125
48484,3,66,1,-15,-10,-15,-10,822.909423828125
48484,3,63,2,-12.5,-12.5,-12.5,-12.5,823.1591186523436
48484,3,60,4,-15,-15,-15,-15,823.3925170898436
48484,3,56,2,-12.5,-17.5,-12.5,-17.5,823.7255859375
48484,3,59,1,-10,-15,-10,-15,824.1093139648436
48484,3,65,1,-10,-10,-10,-10,824.5592041015625
48484,3,58,1,-6.5,-15,-6.5,-15,825.0250244140625
48484,3,39,2,12.5,-17.5,12.5,-17.5,826.6591796875
48484,3,36,4,15,-20,15,-20,826.85906982421875
48484,3,35,5,15,-23.5,15,-23.5,827.042724609375
48484,3,38,5,20,-20,20,-20,827.642578125
48484,3,40,4,17.5,-17.5,17.5,-17.5,827.9091796875
48484,3,44,4,20,-15,20,-15,828.10821533203125
48484,3,45,5,23.5,-15,23.5,-15,828.3427124023436
48484,3,47,2,17.5,-12.5,17.5,-12.5,828.8593139648436
48484,3,49,1,15,-10,15,-10,829.22528076171875
48484,3,51,1,15,-6.5,15,-6.5,829.342529296875
48484,3,46,2,12.5,-12.5,12.5,-12.5,829.6093139648436
48484,3,43,4,15,-15,15,-15,829.792724609375
48484,3,37,2,10,-20,10,-20,830.4091186523436
48484,3,54,2,-10,-20,-10,-20,832.1425170898436
48484,3,56,2,-12.5,-17.5,-12.5,-17.5,832.3593139648436
48484,3,53,4,-15,-20,-15,-20,832.52557373046875
48484,3,52,5,-15,-23.5,-15,-23.5,832.70941162109375
48484,3,55,5,-20,-20,-20,-20,833.6259155273436
48484,3,57,4,-17.5,-17.5,-17.5,-17.5,833.85906982421875
48484,3,61,4,-20,-15,-20,-15,834.159423828125
48484,3,62,5,-23.5,-15,-23.5,-15,834.49261474609375
48484,3,67,2,-20,-10,-20,-10,835.2091064453125
48484,3,66,1,-15,-10,-15,-10,835.75921630859375
48484,3,63,2,-12.5,-12.5,-12.5,-12.5,836.042724609375
48484,3,60,4,-15,-15,-15,-15,836.192626953125
48484,3,64,2,-17.5,-12.5,-17.5,-12.5,836.24261474609375
48484,3,59,1,-10,-15,-10,-15,837.142578125
48484,3,58,1,-6.5,-15,-6.5,-15,838.00921630859375
48484,3,54,2,-12.5,-17.5,-10,-20,838.52587890625
48484,3,56,2,-12.5,-17.5,-12.5,-17.5,838.54248046875
48484,3,53,4,-15,-20,-15,-20,838.75921630859375
48484,3,52,5,-15,-23.5,-15,-23.5,838.909423828125
48484,3,55,5,-20,-20,-20,-20,839.8593139648436
48484,3,57,4,-17.5,-17.5,-17.5,-17.5,840.0927124023436
48484,3,61,4,-20,-15,-20,-15,840.3593139648436
48484,3,62,5,-23.5,-15,-23.5,-15,840.642822265625
48484,3,64,2,-17.5,-12.5,-17.5,-12.5,841.49261474609375
48484,3,67,2,-20,-10,-20,-10,841.69268798828125
48484,3,66,1,-15,-10,-15,-10,841.99267578125
48484,3,63,2,-12.5,-12.5,-12.5,-12.5,842.24237060546875
48484,3,60,4,-15,-15,-15,-15,842.3590087890625
48484,3,39,2,12.5,-17.5,12.5,-17.5,844.825927734375
48484,3,36,4,15,-20,15,-20,845.05938720703125
48484,3,35,5,15,-23.5,15,-23.5,845.42608642578125
48484,3,38,5,20,-20,20,-20,845.92608642578125
48484,3,40,4,17.5,-17.5,17.5,-17.5,846.109375
48484,3,44,4,20,-15,20,-15,846.3427734375
48484,3,45,5,23.5,-15,23.5,-15,846.70941162109375
48484,3,43,4,15,-15,15,-15,847.3427124023436
48484,3,47,2,17.5,-12.5,17.5,-12.5,847.5927734375
48484,3,50,2,20,-10,20,-10,847.8427124023436
48484,3,51,1,15,-6.5,15,-6.5,848.19268798828125
48484,3,46,2,12.5,-12.5,12.5,-12.5,849.05938720703125
48484,3,49,1,15,-10,15,-10,849.0927734375
48484,3,39,2,12.5,-17.5,12.5,-17.5,849.8427734375
48484,3,37,2,10,-20,10,-20,849.892822265625
48484,3,54,2,-10,-20,-10,-20,851.492919921875
48484,3,52,5,-15,-23.5,-15,-23.5,851.8427124023436
48484,3,55,5,-20,-20,-20,-20,852.32598876953125
48484,3,62,5,-23.5,-15,-23.5,-15,852.8095092773436
48484,3,61,4,-20,-15,-20,-15,853.00921630859375
48484,3,57,4,-17.5,-17.5,-17.5,-17.5,853.24267578125
48484,3,53,4,-15,-20,-15,-20,853.542724609375
48484,3,56,2,-12.5,-17.5,-12.5,-17.5,854.99267578125
48484,3,60,4,-15,-15,-15,-15,855.24267578125
48484,3,64,2,-17.5,-12.5,-17.5,-12.5,855.5927124023436
48484,3,66,1,-15,-10,-15,-10,855.82598876953125
48484,3,63,2,-12.5,-12.5,-12.5,-12.5,856.20941162109375
48484,3,59,1,-10,-15,-10,-15,856.44268798828125
48484,3,58,1,-6.5,-15,-6.5,-15,856.69287109375
48484,3,37,2,10,-20,10,-20,858.24261474609375
48484,3,35,5,15,-23.5,15,-23.5,858.609619140625
48484,3,36,4,15,-20,15,-20,858.826171875
48484,3,38,5,20,-20,20,-20,859.109375
48484,3,44,4,20,-15,20,-15,859.40948486328125
48484,3,45,5,23.5,-15,23.5,-15,859.526123046875
48484,3,50,2,20,-10,20,-10,859.94287109375
48484,3,49,1,15,-10,15,-10,860.292724609375
48484,3,46,2,12.5,-12.5,12.5,-12.5,860.54278564453125
48484,3,43,4,15,-15,15,-15,860.69268798828125
48484,3,47,2,17.5,-12.5,17.5,-12.5,860.909423828125
48484,3,39,2,12.5,-17.5,12.5,-17.5,861.1259155273436
48484,3,42,1,10,-15,10,-15,861.45947265625
48484,3,41,1,6.5,-15,6.5,-15,861.82598876953125
48484,3,54,2,-10,-20,-10,-20,863.39288330078125
48484,3,53,4,-15,-20,-15,-20,863.759521484375
48484,3,52,5,-15,-23.5,-15,-23.5,864.04278564453125
48484,3,57,4,-17.5,-17.5,-17.5,-17.5,864.759521484375
48484,3,55,5,-20,-20,-20,-20,864.959716796875
48484,3,62,5,-23.5,-15,-23.5,-15,865.42626953125
48484,3,61,4,-20,-15,-20,-15,865.50921630859375
48484,3,64,2,-17.5,-12.5,-17.5,-12.5,865.85870361328125
48484,3,60,4,-15,-15,-15,-15,865.94281005859375
48484,3,67,2,-20,-10,-20,-10,866.14288330078125
48484,3,66,1,-15,-10,-15,-10,866.50897216796875
48484,3,63,2,-12.5,-12.5,-12.5,-12.5,866.7930297851564
48484,3,59,1,-10,-15,-10,-15,867.109619140625
48484,3,56,2,-12.5,-17.5,-12.5,-17.5,867.29241943359375
48484,3,37,2,10,-20,10,-20,869.3427734375
48484,3,35,5,15,-23.5,15,-23.5,869.759521484375
48484,3,38,5,20,-20,20,-20,870.226318359375
48484,3,45,5,23.5,-15,23.5,-15,870.726318359375
48484,3,44,4,20,-15,20,-15,870.8095703125
48484,3,40,4,17.5,-17.5,17.5,-17.5,871.109619140625
48484,3,36,4,15,-20,15,-20,871.40960693359375
48484,3,39,2,12.5,-17.5,12.5,-17.5,871.7929077148436
48484,3,43,4,15,-15,15,-15,871.90960693359375
48484,3,47,2,17.5,-12.5,17.5,-12.5,872.2086181640625
48484,3,50,2,20,-10,20,-10,872.5097045898436
48484,3,49,1,15,-10,15,-10,872.9589233398436
48484,3,46,2,12.5,-12.5,12.5,-12.5,873.242919921875
48484,3,42,1,10,-15,10,-15,873.5595703125
48484,3,41,1,6.5,-15,6.5,-15,873.826416015625
48484,3,54,2,-10,-20,-10,-20,875.2930297851564
48484,3,56,2,-12.5,-17.5,-12.5,-17.5,875.492919921875
48484,3,53,4,-15,-20,-15,-20,875.69287109375
48484,3,57,4,-17.5,-17.5,-17.5,-17.5,875.89300537109375
48484,3,55,5,-20,-20,-20,-20,876.093017578125
48484,3,52,5,-15,-23.5,-15,-23.5,876.40960693359375
48484,3,60,4,-15,-15,-15,-15,877.25958251953125
48484,3,64,2,-17.5,-12.5,-17.5,-12.5,877.543212890625
48484,3,61,4,-20,-15,-20,-15,877.62628173828125
48484,3,62,5,-23.5,-15,-23.5,-15,877.92578125
48484,3,67,2,-20,-10,-20,-10,878.39300537109375
48484,3,66,1,-15,-10,-15,-10,878.99298095703125
48484,3,63,2,-12.5,-12.5,-12.5,-12.5,879.293212890625
48484,3,59,1,-10,-15,-10,-15,879.5595703125
48484,3,58,1,-6.5,-15,-6.5,-15,879.859619140625
48484,3,35,5,15,-23.5,15,-23.5,881.809814453125
48484,3,36,4,15,-20,15,-20,882.159912109375
48484,3,38,5,20,-20,20,-20,882.24298095703125
48484,3,40,4,17.5,-17.5,17.5,-17.5,882.39300537109375
48484,3,44,4,20,-15,20,-15,882.692626953125
48484,3,45,5,23.5,-15,23.5,-15,882.72607421875
48484,3,47,2,17.5,-12.5,17.5,-12.5,883.193115234375
48484,3,50,2,20,-10,20,-10,883.22637939453125
48484,3,49,1,15,-10,15,-10,883.49188232421875
48484,3,46,2,12.5,-12.5,12.5,-12.5,883.65972900390625
48484,3,43,4,15,-15,15,-15,883.72637939453125
48484,3,39,2,12.5,-17.5,12.5,-17.5,884.05902099609375
48484,3,37,2,10,-20,10,-20,884.34307861328125
48484,3,54,2,-10,-20,-10,-20,886.10968017578125
48484,3,53,4,-15,-20,-15,-20,886.492919921875
48484,3,55,5,-20,-20,-20,-20,886.909912109375
48484,3,57,4,-17.5,-17.5,-17.5,-17.5,887.0430297851564
48484,3,55,5,-20,-20,-20,-20,891.9254150390625
48484,4,36,5,10,-10,10,-10,493.5390930175781
48484,4,42,5,5,-20,5,-20,494.6896057128906
48484,4,48,5,-15,-23.5,-15,-23.5,496.4388122558594
48484,4,51,5,-20,-20,-20,-20,496.9390869140625
48484,4,53,4,-17.5,-17.5,-17.5,-17.5,497.2231140136719
48484,4,57,4,-20,-15,-20,-15,497.33929443359375
48484,4,58,5,-23.5,-15,-23.5,-15,497.50628662109375
48484,4,63,2,-20,-10,-20,-10,497.83929443359375
48484,4,60,2,-17.5,-12.5,-17.5,-12.5,497.9219970703125
48484,4,62,1,-15,-10,-15,-10,498.206298828125
48484,4,61,1,-10,-10,-10,-10,498.6384887695313
48484,4,55,1,-10,-15,-10,-15,498.9064025878906
48484,4,52,2,-12.5,-17.5,-12.5,-17.5,499.089599609375
48484,4,50,2,-10,-20,-10,-20,499.28851318359375
48484,4,49,4,-15,-20,-15,-20,499.4895935058594
48484,4,56,4,-15,-15,-15,-15,499.9719848632813
48484,4,54,1,-6.5,-15,-6.5,-15,500.8230895996094
48484,4,42,5,5,-20,5,-20,501.8396911621094
48484,4,41,4,10,-20,10,-20,502.306396484375
48484,4,38,4,15,-15,15,-15,502.80621337890625
48484,4,36,5,10,-10,10,-10,503.2062072753906
48484,4,35,4,20,-10,20,-10,504.0051879882813
48484,4,33,5,20,-5,20,-5,504.2886047363281
48484,4,17,1,15,6.5,15,6.5,505.48968505859375
48484,4,15,1,15,10,15,10,505.722412109375
48484,4,13,2,17.5,12.5,17.5,12.5,505.923095703125
48484,4,16,2,20,10,20,10,505.9718933105469
48484,4,11,5,23.5,15,23.5,15,506.439697265625
48484,4,10,4,20,15,20,15,506.82220458984375
48484,4,4,5,20,20,20,20,506.9219970703125
48484,4,1,5,15,23.5,15,23.5,507.42279052734375
48484,4,3,4,15,20,15,20,507.6221008300781
48484,4,6,4,17.5,17.5,17.5,17.5,507.9064025878906
48484,4,9,4,15,15,15,15,508.1888122558594
48484,4,12,2,12.5,12.5,12.5,12.5,508.4888000488281
48484,4,8,1,10,15,10,15,508.706298828125
48484,4,27,5,-5,20,-5,20,510.0231018066406
48484,4,26,4,-10,20,-10,20,510.4729919433594
48484,4,23,4,-15,15,-15,15,510.989501953125
48484,4,21,5,-10,10,-10,10,511.4397888183594
48484,4,18,5,-20,5,-20,5,512.4730224609375
48484,4,63,2,-20,-10,-20,-10,513.8231201171875
48484,4,58,5,-23.5,-15,-23.5,-15,514.20538330078125
48484,4,51,5,-20,-20,-20,-20,514.6732177734375
48484,4,48,5,-15,-23.5,-15,-23.5,515.1397705078125
48484,4,49,4,-15,-20,-15,-20,515.5723876953125
48484,4,53,4,-17.5,-17.5,-17.5,-17.5,515.8065185546875
48484,4,57,4,-20,-15,-20,-15,516.10552978515625
48484,4,60,2,-17.5,-12.5,-17.5,-12.5,516.3231201171875
48484,4,56,4,-15,-15,-15,-15,516.4063720703125
48484,4,59,2,-12.5,-12.5,-12.5,-12.5,516.62310791015625
48484,4,54,1,-6.5,-15,-6.5,-15,517.23992919921875
48484,4,50,2,-10,-20,-10,-20,517.62310791015625
48484,4,52,2,-12.5,-17.5,-12.5,-17.5,518.0064697265625
48484,4,55,1,-10,-15,-10,-15,518.22210693359375
48484,4,61,1,-10,-10,-10,-10,518.8900146484375
48484,4,64,1,-15,-6.5,-15,-6.5,519.38970947265625
48484,4,63,2,-20,-10,-20,-10,519.73980712890625
48484,4,58,5,-23.5,-15,-23.5,-15,520.23992919921875
48484,4,51,5,-20,-20,-20,-20,520.87530517578125
48484,4,48,5,-15,-23.5,-15,-23.5,521.43988037109375
48484,4,49,4,-15,-20,-15,-20,522.005615234375
48484,4,53,4,-17.5,-17.5,-17.5,-17.5,522.2896728515625
48484,4,57,4,-20,-15,-20,-15,522.58990478515625
48484,4,60,2,-17.5,-12.5,-17.5,-12.5,522.73980712890625
48484,4,56,4,-15,-15,-15,-15,522.788818359375
48484,4,59,2,-12.5,-12.5,-12.5,-12.5,523.02227783203125
48484,4,55,1,-10,-15,-10,-15,523.2730712890625
48484,4,50,2,-10,-20,-10,-20,523.6400146484375
48484,4,42,5,5,-20,5,-20,525.1400146484375
48484,4,44,2,15,-25,15,-25,526.138916015625
48484,4,47,2,10,-30,10,-30,526.52288818359375
48484,4,41,4,10,-20,10,-20,527.57220458984375
48484,4,36,5,10,-10,10,-10,528.4066162109375
48484,4,33,5,20,-5,20,-5,529.2401123046875
48484,4,35,4,20,-10,20,-10,529.55657958984375
48484,4,40,4,20,-20,20,-20,530.7899169921875
48484,4,38,4,15,-15,15,-15,531.7896728515625
48484,4,42,5,5,-20,5,-20,532.72320556640625
48484,4,48,5,-15,-23.5,-15,-23.5,534.53997802734375
48484,4,49,4,-15,-20,-15,-20,534.78997802734375
48484,4,51,5,-20,-20,-20,-20,535.03912353515625
48484,4,53,4,-17.5,-17.5,-17.5,-17.5,535.07318115234375
48484,4,58,5,-23.5,-15,-23.5,-15,535.60552978515625
48484,4,57,4,-20,-15,-20,-15,535.6566162109375
48484,4,60,2,-17.5,-12.5,-17.5,-12.5,535.9901123046875
48484,4,56,4,-15,-15,-15,-15,536.1400146484375
48484,4,52,2,-12.5,-17.5,-12.5,-17.5,536.53912353515625
48484,4,50,2,-10,-20,-10,-20,536.80657958984375
48484,4,59,2,-12.5,-12.5,-12.5,-12.5,537.3734130859375
48484,4,62,1,-15,-10,-15,-10,537.63922119140625
48484,4,64,1,-15,-6.5,-15,-6.5,538.08941650390625
48484,4,21,5,-10,10,-10,10,539.622314453125
48484,4,27,5,-5,20,-5,20,540.45672607421875
48484,4,2,2,10,20,10,20,541.82342529296875
48484,4,1,5,15,23.5,15,23.5,542.20587158203125
48484,4,3,4,15,20,15,20,542.39007568359375
48484,4,6,4,17.5,17.5,17.5,17.5,542.64007568359375
48484,4,10,4,20,15,20,15,542.92352294921875
48484,4,4,5,20,20,20,20,543.19012451171875
48484,4,11,5,23.5,15,23.5,15,543.95648193359375
48484,4,16,2,20,10,20,10,544.49017333984375
48484,4,15,1,15,10,15,10,544.92352294921875
48484,4,9,4,15,15,15,15,545.14031982421875
48484,4,5,2,12.5,17.5,12.5,17.5,545.5064697265625
48484,4,7,1,6.5,15,6.5,15,546.17242431640625
48484,4,8,1,10,15,10,15,546.3734130859375
48484,4,12,2,12.5,12.5,12.5,12.5,546.556884765625
48484,4,13,2,17.5,12.5,17.5,12.5,547.0067138671875
48484,4,17,1,15,6.5,15,6.5,547.44012451171875
48484,4,33,5,20,-5,20,-5,548.3734130859375
48484,4,35,4,20,-10,20,-10,548.80682373046875
48484,4,38,4,15,-15,15,-15,549.2899169921875
48484,4,36,5,10,-10,10,-10,549.92352294921875
48484,4,41,4,10,-20,10,-20,551.2401123046875
48484,4,42,5,5,-20,5,-20,552.17242431640625
48484,4,47,2,10,-30,10,-30,553.22271728515625
48484,4,44,2,15,-25,15,-25,553.940185546875
48484,4,40,4,20,-20,20,-20,554.50677490234375
48484,4,37,2,25,-15,25,-15,555.12322998046875
48484,4,35,4,20,-10,20,-10,555.62310791015625
48484,4,33,5,20,-5,20,-5,556.0228271484375
48484,4,38,4,15,-15,15,-15,557.35577392578125
48484,4,41,4,10,-20,10,-20,557.87347412109375
48484,4,42,5,5,-20,5,-20,558.29022216796875
48484,4,36,5,10,-10,10,-10,558.95672607421875
48484,4,52,2,-12.5,-17.5,-12.5,-17.5,561.00701904296875
48484,4,49,4,-15,-20,-15,-20,561.222412109375
48484,4,48,5,-15,-23.5,-15,-23.5,561.4224853515625
48484,4,50,2,-10,-20,-10,-20,561.90692138671875
48484,4,53,4,-17.5,-17.5,-17.5,-17.5,562.4893798828125
48484,4,51,5,-20,-20,-20,-20,562.70721435546875
48484,4,58,5,-23.5,-15,-23.5,-15,563.14031982421875
48484,4,57,4,-20,-15,-20,-15,563.323486328125
48484,4,60,2,-17.5,-12.5,-17.5,-12.5,563.62261962890625
48484,4,56,4,-15,-15,-15,-15,563.7894287109375
48484,4,59,2,-12.5,-12.5,-12.5,-12.5,564.0228271484375
48484,4,55,1,-10,-15,-10,-15,564.24041748046875
48484,4,54,1,-6.5,-15,-6.5,-15,564.5391845703125
48484,4,42,5,5,-20,5,-20,565.53961181640625
48484,4,41,4,10,-20,10,-20,566.039306640625
48484,4,38,4,15,-15,15,-15,566.590087890625
48484,4,36,5,10,-10,10,-10,566.906982421875
48484,4,35,4,20,-10,20,-10,567.806884765625
48484,4,33,5,20,-5,20,-5,568.99041748046875
48484,4,34,2,30,-10,30,-10,570.156982421875
48484,4,37,2,25,-15,25,-15,570.75701904296875
48484,4,40,4,20,-20,20,-20,571.3070068359375
48484,4,44,2,15,-25,15,-25,571.90692138671875
48484,4,41,4,10,-20,10,-20,572.32373046875
48484,4,42,5,5,-20,5,-20,572.805908203125
48484,4,50,2,-10,-20,-10,-20,574.1068115234375
48484,4,49,4,-15,-20,-15,-20,574.5059814453125
48484,4,51,5,-20,-20,-20,-20,574.90667724609375
48484,4,58,5,-23.5,-15,-23.5,-15,575.35601806640625
48484,4,57,4,-20,-15,-20,-15,575.523681640625
48484,4,60,2,-17.5,-12.5,-17.5,-12.5,575.8060302734375
48484,4,56,4,-15,-15,-15,-15,576.00701904296875
48484,4,59,2,-12.5,-12.5,-12.5,-12.5,576.2393798828125
48484,4,55,1,-10,-15,-10,-15,576.49041748046875
48484,4,52,2,-12.5,-17.5,-12.5,-17.5,576.539306640625
48484,4,53,4,-17.5,-17.5,-17.5,-17.5,576.99041748046875
48484,4,54,1,-6.5,-15,-6.5,-15,578.35601806640625
48484,4,42,5,5,-20,5,-20,579.12347412109375
48484,4,41,4,10,-20,10,-20,579.5894775390625
48484,4,38,4,15,-15,15,-15,580.040283203125
48484,4,36,5,10,-10,10,-10,580.44012451171875
48484,4,33,5,20,-5,20,-5,581.34027099609375
48484,4,35,4,20,-10,20,-10,581.656982421875
48484,4,40,4,20,-20,20,-20,582.507080078125
48484,4,43,2,25,-25,25,-25,583.10711669921875
48484,4,46,1,20,-30,20,-30,583.7728271484375
48484,4,44,2,15,-25,15,-25,584.240478515625
48484,4,42,5,5,-20,5,-20,585.5067138671875
48484,4,50,2,-10,-20,-10,-20,586.99017333984375
48484,4,48,5,-15,-23.5,-15,-23.5,587.4237060546875
48484,4,51,5,-20,-20,-20,-20,587.97381591796875
48484,4,53,4,-17.5,-17.5,-17.5,-17.5,588.12371826171875
48484,4,57,4,-20,-15,-20,-15,588.34051513671875
48484,4,58,5,-23.5,-15,-23.5,-15,588.54052734375
48484,4,60,2,-17.5,-12.5,-17.5,-12.5,588.82391357421875
48484,4,62,1,-15,-10,-15,-10,589.123779296875
48484,4,64,1,-10,-10,-15,-6.5,589.50701904296875
48484,4,61,1,-10,-10,-10,-10,589.5238037109375
48484,4,55,1,-10,-15,-10,-15,589.75732421875
48484,4,56,4,-15,-15,-15,-15,589.95611572265625
48484,4,52,2,-12.5,-17.5,-12.5,-17.5,589.99041748046875
48484,4,49,4,-15,-20,-15,-20,590.24041748046875
48484,4,54,1,-6.5,-15,-6.5,-15,591.1063232421875
48484,4,42,5,5,-20,5,-20,592.10687255859375
48484,4,41,4,10,-20,10,-20,592.5404052734375
48484,4,38,4,15,-15,15,-15,593.10711669921875
48484,4,36,5,10,-10,10,-10,593.70721435546875
48484,4,35,4,20,-10,20,-10,594.68951416015625
48484,4,33,5,20,-5,20,-5,594.93951416015625
48484,4,34,2,30,-10,30,-10,595.80712890625
48484,4,37,2,25,-15,25,-15,596.22381591796875
48484,4,40,4,20,-20,20,-20,596.89068603515625
48484,4,44,2,15,-25,15,-25,597.5067138671875
48484,4,41,4,10,-20,10,-20,598.84051513671875
48484,4,42,5,5,-20,5,-20,599.24041748046875
48484,4,48,5,-15,-23.5,-15,-23.5,601.20660400390625
48484,4,51,5,-20,-20,-20,-20,601.640625
48484,4,58,5,-23.5,-15,-23.5,-15,602.12371826171875
48484,4,57,4,-20,-15,-20,-15,602.6240234375
48484,4,60,2,-17.5,-12.5,-17.5,-12.5,602.7235107421875
48484,4,56,4,-15,-15,-15,-15,602.9395751953125
48484,4,52,2,-12.5,-17.5,-12.5,-17.5,603.29058837890625
48484,4,49,4,-15,-20,-15,-20,603.457275390625
48484,4,53,4,-17.5,-17.5,-17.5,-17.5,604.04058837890625
48484,4,59,2,-12.5,-12.5,-12.5,-12.5,604.6397705078125
48484,4,55,1,-10,-15,-10,-15,604.8228759765625
48484,4,54,1,-6.5,-15,-6.5,-15,605.02301025390625
48484,4,50,2,-10,-20,-10,-20,605.35711669921875
48484,4,42,5,5,-20,5,-20,606.7064208984375
48484,4,41,4,10,-20,10,-20,607.1397705078125
48484,4,38,4,15,-15,15,-15,607.673828125
48484,4,36,5,10,-10,10,-10,608.1895751953125
48484,4,35,4,20,-10,20,-10,609.10711669921875
48484,4,33,5,20,-5,20,-5,609.50732421875
48484,4,40,4,20,-20,20,-20,610.990478515625
48484,4,44,2,15,-25,15,-25,611.57391357421875
48484,4,47,2,10,-30,10,-30,612.15728759765625
48484,4,42,5,5,-20,5,-20,613.00732421875
48484,4,48,5,-15,-23.5,-15,-23.5,614.90728759765625
48484,4,49,4,-15,-20,-15,-20,615.25732421875
48484,4,51,5,-20,-20,-20,-20,615.3408203125
48484,4,53,4,-17.5,-17.5,-17.5,-17.5,615.49072265625
48484,4,57,4,-20,-15,-20,-15,615.79022216796875
48484,4,58,5,-23.5,-15,-23.5,-15,615.84051513671875
48484,4,60,2,-17.5,-12.5,-17.5,-12.5,616.357421875
48484,4,56,4,-15,-15,-15,-15,616.55731201171875
48484,4,52,2,-12.5,-17.5,-12.5,-17.5,616.9229736328125
48484,4,50,2,-10,-20,-10,-20,617.20751953125
48484,4,54,1,-10,-15,-6.5,-15,617.52398681640625
48484,4,55,1,-10,-15,-10,-15,617.54058837890625
48484,4,59,2,-12.5,-12.5,-12.5,-12.5,617.80731201171875
48484,4,62,1,-15,-10,-15,-10,618.12408447265625
48484,4,63,2,-20,-10,-20,-10,618.60748291015625
48484,4,18,5,-20,5,-20,5,620.64068603515625
48484,4,20,4,-20,10,-20,10,621.12408447265625
48484,4,21,5,-10,10,-10,10,621.74072265625
48484,4,26,4,-10,20,-10,20,622.540771484375
48484,4,27,5,-5,20,-5,20,622.90740966796875
48484,4,1,5,15,23.5,15,23.5,624.6240234375
48484,4,3,4,15,20,15,20,624.89080810546875
48484,4,4,5,20,20,20,20,625.0399169921875
48484,4,6,4,17.5,17.5,17.5,17.5,625.14080810546875
48484,4,10,4,20,15,20,15,625.407470703125
48484,4,16,2,20,10,20,10,625.89080810546875
48484,4,15,1,15,10,15,10,626.20751953125
48484,4,12,2,12.5,12.5,12.5,12.5,626.424072265625
48484,4,9,4,15,15,15,15,626.45721435546875
48484,4,11,5,23.5,15,23.5,15,627.05682373046875
48484,4,13,2,17.5,12.5,17.5,12.5,628.040771484375
48484,4,33,5,20,-5,20,-5,629.62408447265625
48484,4,35,4,20,-10,20,-10,630.07421875
48484,4,37,2,25,-15,25,-15,630.62420654296875
48484,4,43,2,25,-25,25,-25,631.524169921875
48484,4,44,2,15,-25,15,-25,632.45751953125
48484,4,41,4,10,-20,10,-20,633.00750732421875
48484,4,42,5,5,-20,5,-20,633.39093017578125
48484,4,36,5,10,-10,10,-10,634.424072265625
48484,4,52,2,-12.5,-17.5,-12.5,-17.5,636.5908203125
48484,4,53,4,-17.5,-17.5,-17.5,-17.5,636.990478515625
48484,4,49,4,-15,-20,-15,-20,637.04052734375
48484,4,51,5,-20,-20,-20,-20,637.15728759765625
48484,4,48,5,-15,-23.5,-15,-23.5,637.407470703125
48484,4,50,2,-10,-20,-10,-20,638.09002685546875
48484,4,56,4,-15,-15,-15,-15,638.60760498046875
48484,4,60,2,-17.5,-12.5,-17.5,-12.5,638.92431640625
48484,4,57,4,-20,-15,-20,-15,639.0576171875
48484,4,58,5,-23.5,-15,-23.5,-15,639.34100341796875
48484,4,64,1,-15,-6.5,-15,-6.5,640.5233154296875
48484,4,18,5,-20,5,-20,5,641.4404296875
48484,4,21,5,-10,10,-10,10,642.42431640625
48484,4,27,5,-5,20,-5,20,643.19091796875
48484,4,2,2,10,20,10,20,644.524169921875
48484,4,3,4,15,20,15,20,644.94122314453125
48484,4,1,5,15,23.5,15,23.5,645.0576171875
48484,4,4,5,20,20,20,20,645.34100341796875
48484,4,11,5,23.5,15,23.5,15,645.84088134765625
48484,4,16,2,20,10,20,10,646.39068603515625
48484,4,13,2,17.5,12.5,17.5,12.5,646.50738525390625
48484,4,10,4,20,15,20,15,646.557373046875
48484,4,6,4,17.5,17.5,17.5,17.5,646.74072265625
48484,4,5,2,12.5,17.5,12.5,17.5,647.190673828125
48484,4,9,4,15,15,15,15,647.35772705078125
48484,4,15,1,15,10,15,10,647.823974609375
48484,4,17,1,15,6.5,15,6.5,648.15740966796875
48484,5,65,2,-5,-5,-5,-5,49.60223007202149
48484,5,63,2,-7.5,-7.5,-7.5,-7.5,49.90243148803711
48484,5,60,2,-10,-10,-10,-10,50.20212936401367
48484,5,57,2,-12.5,-12.5,-12.5,-12.5,50.50212860107422
48484,5,55,2,-15,-15,-15,-15,50.78562927246094
48484,5,52,2,-10,-18.5,-10,-18.5,51.2524299621582
48484,5,53,2,-5,-15,-5,-15,51.66893005371094
48484,5,56,2,-7.5,-12.5,-7.5,-12.5,51.78562927246094
48484,5,59,2,-5,-10,-5,-10,52.10232925415039
48484,5,58,2,-1.5,-10,-1.5,-10,52.46913146972656
48484,5,54,2,-10,-15,-10,-15,53.5023307800293
48484,5,61,2,-15,-10,-15,-10,54.20233154296875
48484,5,62,2,-18.5,-10,-18.5,-10,54.3524284362793
48484,5,64,2,-12.5,-7.5,-12.5,-7.5,54.81863021850586
48484,5,60,2,-10,-10,-10,-10,55.21913146972656
48484,5,66,2,-10,-5,-10,-5,55.25212860107422
48484,5,68,2,-10,-1.5,-10,-1.5,55.55213165283203
48484,5,67,2,-15,-5,-15,-5,56.26813888549805
48484,5,63,2,-7.5,-7.5,-7.5,-7.5,57.15243148803711
48484,5,65,2,-5,-5,-5,-5,57.65222930908203
48484,5,58,2,-1.5,-10,-1.5,-10,58.2523307800293
48484,5,59,2,-5,-10,-5,-10,58.5190315246582
48484,5,56,2,-7.5,-12.5,-7.5,-12.5,58.70222854614258
48484,5,53,2,-5,-15,-5,-15,58.90243148803711
48484,5,52,2,-10,-18.5,-10,-18.5,59.55233001708984
48484,5,54,2,-10,-15,-10,-15,59.88582992553711
48484,5,57,2,-12.5,-12.5,-12.5,-12.5,60.1025390625
48484,5,61,2,-15,-10,-15,-10,60.46913146972656
48484,5,55,2,-15,-15,-15,-15,60.81893157958984
48484,5,60,2,-10,-10,-10,-10,61.6191291809082
48484,5,64,2,-12.5,-7.5,-12.5,-7.5,61.819129943847656
48484,5,62,2,-18.5,-10,-18.5,-10,62.7690315246582
48484,5,67,2,-15,-5,-15,-5,63.6025390625
48484,5,68,2,-10,-1.5,-10,-1.5,64.06912994384766
48484,5,66,2,-10,-5,-10,-5,64.10243225097656
48484,5,65,2,-5,-5,-5,-5,65.21913146972656
48484,5,63,2,-7.5,-7.5,-7.5,-7.5,65.51923370361328
48484,5,59,2,-5,-10,-5,-10,65.65252685546875
48484,5,53,2,-5,-15,-5,-15,66.21923065185547
48484,5,52,2,-10,-18.5,-10,-18.5,66.78563690185547
48484,5,57,2,-12.5,-12.5,-12.5,-12.5,67.40144348144531
48484,5,61,2,-15,-10,-15,-10,67.66893005371094
48484,5,64,2,-12.5,-7.5,-12.5,-7.5,67.851531982421875
48484,5,60,2,-10,-10,-10,-10,68.15252685546875
48484,5,56,2,-7.5,-12.5,-7.5,-12.5,68.40252685546875
48484,5,54,2,-10,-15,-10,-15,68.801727294921875
48484,5,55,2,-15,-15,-15,-15,69.485931396484375
48484,5,62,2,-18.5,-10,-18.5,-10,69.985931396484375
48484,5,63,2,-7.5,-7.5,-7.5,-7.5,70.68583679199219
48484,5,66,2,-10,-5,-10,-5,70.752532958984375
48484,5,65,2,-5,-5,-5,-5,71.21923065185547
48484,5,58,2,-1.5,-10,-1.5,-10,71.70233154296875
48484,5,24,2,6.5,-15,6.5,-15,72.70252990722656
48484,5,25,2,10,-15,10,-15,72.85222625732422
48484,5,22,2,12.5,-17.5,12.5,-17.5,73.119232177734375
48484,5,19,2,15,-20,15,-20,73.41924285888672
48484,5,18,2,15,-23.5,15,-23.5,73.68572998046875
48484,5,20,2,10,-20,10,-20,74.61823272705078
48484,5,23,2,17.5,-17.5,17.5,-17.5,75.31912994384766
48484,5,27,2,20,-15,20,-15,75.66924285888672
48484,5,30,2,20,-10,17.5,-12.5,76.08524322509766
48484,5,33,2,20,-10,20,-10,76.10233306884766
48484,5,34,2,15,-6.5,15,-6.5,76.552642822265625
48484,5,31,2,10,-10,10,-10,77.08524322509766
48484,5,29,2,12.5,-12.5,12.5,-12.5,77.26904296875
48484,5,26,2,15,-15,15,-15,77.552642822265625
48484,5,28,2,23.5,-15,23.5,-15,79.16883087158203
48484,5,32,2,15,-10,15,-10,80.15203094482422
48484,5,25,2,10,-15,10,-15,80.75163269042969
48484,5,24,2,6.5,-15,6.5,-15,80.96893310546875
48484,5,22,2,12.5,-17.5,12.5,-17.5,81.28492736816406
48484,5,19,2,15,-20,15,-20,81.5860366821289
48484,5,20,2,10,-20,10,-20,82.252532958984375
48484,5,26,2,15,-15,15,-15,82.7683334350586
48484,5,30,2,17.5,-12.5,17.5,-12.5,83.06813049316406
48484,5,33,2,20,-10,20,-10,83.35243225097656
48484,5,34,2,15,-6.5,15,-6.5,83.75163269042969
48484,5,31,2,10,-10,10,-10,84.28492736816406
48484,5,29,2,12.5,-12.5,12.5,-12.5,84.5183334350586
48484,5,23,2,17.5,-17.5,17.5,-17.5,85.1018295288086
48484,5,28,2,23.5,-15,23.5,-15,85.602630615234375
48484,5,27,2,20,-15,20,-15,86.352630615234375
48484,5,21,2,20,-20,20,-20,86.81944274902344
48484,5,18,2,15,-23.5,15,-23.5,87.31934356689453
48484,5,22,2,12.5,-17.5,12.5,-17.5,87.91932678222656
48484,5,25,2,10,-15,10,-15,88.201629638671875
48484,5,24,2,6.5,-15,6.5,-15,88.5860366821289
48484,5,53,2,-5,-15,-5,-15,89.51863098144531
48484,5,56,2,-7.5,-12.5,-7.5,-12.5,89.7528305053711
48484,5,54,2,-10,-15,-10,-15,89.95284271240234
48484,5,52,2,-10,-18.5,-10,-18.5,90.15252685546876
48484,5,55,2,-15,-15,-15,-15,90.5027313232422
48484,5,61,2,-15,-10,-15,-10,90.951629638671875
48484,5,62,2,-18.5,-10,-18.5,-10,91.86873626708984
48484,5,57,2,-12.5,-12.5,-12.5,-12.5,92.41883087158205
48484,5,60,2,-10,-10,-10,-10,92.619232177734375
48484,5,63,2,-7.5,-7.5,-7.5,-7.5,92.95263671875
48484,5,66,2,-10,-5,-10,-5,93.1517333984375
48484,5,67,2,-15,-5,-15,-5,94.01863098144533
48484,5,64,2,-12.5,-7.5,-12.5,-7.5,94.3684310913086
48484,5,59,2,-5,-10,-5,-10,95.10283660888672
48484,5,58,2,-1.5,-10,-1.5,-10,95.38593292236328
48484,5,31,2,10,-10,10,-10,96.35272979736328
48484,5,32,2,15,-10,15,-10,96.7694320678711
48484,5,33,2,20,-10,20,-10,97.16943359375
48484,5,27,2,20,-15,20,-15,97.469329833984375
48484,5,23,2,17.5,-17.5,17.5,-17.5,97.71864318847656
48484,5,19,2,15,-20,15,-20,98.05213165283205
48484,5,22,2,12.5,-17.5,12.5,-17.5,98.15283203125
48484,5,26,2,15,-15,15,-15,98.3861312866211
48484,5,30,2,17.5,-12.5,17.5,-12.5,98.66943359375
48484,5,28,2,23.5,-15,23.5,-15,99.218536376953125
48484,5,21,2,20,-20,20,-20,99.65283203125
48484,5,20,2,10,-20,10,-20,100.56950378417967
48484,5,25,2,10,-15,10,-15,101.06929779052734
48484,5,29,2,12.5,-12.5,12.5,-12.5,101.40270233154295
48484,5,32,2,15,-10,15,-10,101.78500366210938
48484,5,34,2,15,-6.5,15,-6.5,101.90280151367188
48484,5,58,2,-1.5,-10,-1.5,-10,103.3018035888672
48484,5,59,2,-5,-10,-5,-10,103.61940002441406
48484,5,60,2,-10,-10,-10,-10,104.01950073242188
48484,5,61,2,-15,-10,-15,-10,104.45169830322266
48484,5,62,2,-18.5,-10,-18.5,-10,104.71949768066406
48484,5,55,2,-15,-15,-15,-15,105.16940307617188
48484,5,52,2,-10,-18.5,-10,-18.5,105.65280151367188
48484,5,53,2,-5,-15,-5,-15,106.06950378417967
48484,5,56,2,-7.5,-12.5,-7.5,-12.5,106.2853012084961
48484,5,57,2,-12.5,-12.5,-12.5,-12.5,106.65260314941406
48484,5,54,2,-10,-15,-10,-15,107.0696029663086
48484,5,63,2,-7.5,-7.5,-7.5,-7.5,107.85279846191406
48484,5,68,2,-10,-1.5,-10,-1.5,108.50189971923828
48484,5,67,2,-15,-5,-15,-5,109.11949920654295
48484,5,64,2,-12.5,-7.5,-12.5,-7.5,109.31929779052734
48484,5,60,2,-10,-10,-10,-10,109.60169982910156
48484,5,59,2,-5,-10,-5,-10,110.068603515625
48484,5,58,2,-1.5,-10,-1.5,-10,110.35279846191406
48484,5,66,2,-10,-5,-10,-5,111.35199737548828
48484,5,65,2,-5,-5,-5,-5,111.60269927978516
48484,5,53,2,-5,-15,-5,-15,112.6519012451172
48484,5,52,2,-10,-18.5,-10,-18.5,113.16950225830078
48484,5,54,2,-10,-15,-10,-15,113.3196029663086
48484,5,55,2,-12.5,-12.5,-15,-15,113.58609771728516
48484,5,57,2,-12.5,-12.5,-12.5,-12.5,113.60279846191406
48484,5,61,2,-15,-10,-15,-10,113.90290069580078
48484,5,64,2,-12.5,-7.5,-12.5,-7.5,114.3520965576172
48484,5,63,2,-7.5,-7.5,-7.5,-7.5,114.60279846191406
48484,5,51,2,-15,6.5,-15,6.5,115.76959991455078
48484,5,49,2,-15,10,-15,10,116.11859893798828
48484,5,43,2,-15,15,-15,15,116.55290222167967
48484,5,40,2,-17.5,17.5,-17.5,17.5,116.76930236816406
48484,5,45,2,-23.5,15,-23.5,15,117.2519989013672
48484,5,47,2,-17.5,12.5,-17.5,12.5,117.71959686279295
48484,5,46,2,-12.5,12.5,-12.5,12.5,118.1688003540039
48484,5,42,2,-10,15,-10,15,118.40290069580078
48484,5,39,2,-12.5,17.5,-12.5,17.5,118.7686004638672
48484,5,37,2,-10,20,-10,20,118.8187026977539
48484,5,36,2,-15,20,-15,20,119.0530014038086
48484,5,35,2,-15,23.5,-15,23.5,119.20269775390624
48484,5,38,2,-20,20,-20,20,119.76959991455078
48484,5,44,2,-20,15,-20,15,120.1697006225586
48484,5,50,2,-20,10,-20,10,120.568603515625
48484,5,49,2,-15,10,-15,10,121.15299987792967
48484,5,48,2,-10,10,-10,10,121.2519989013672
48484,5,41,2,-6.5,15,-6.5,15,121.7520980834961
48484,5,2,2,5,15,5,15,122.7029037475586
48484,5,3,2,10,15,10,15,123.11959838867188
48484,5,6,2,12.5,12.5,12.5,12.5,123.36949920654295
48484,5,4,2,15,15,15,15,123.86859893798828
48484,5,11,2,18.5,10,18.5,10,123.98529815673828
48484,5,10,2,15,10,15,10,124.11859893798828
48484,5,13,2,12.5,7.5,12.5,7.5,124.40299987792967
48484,5,15,2,10,5,10,5,124.7020034790039
48484,5,17,2,10,1.5,10,1.5,124.88619995117188
48484,5,34,2,15,-6.5,15,-6.5,125.6863021850586
48484,5,32,2,15,-10,15,-10,125.98600006103516
48484,5,30,2,17.5,-12.5,17.5,-12.5,126.318603515625
48484,5,27,2,20,-15,20,-15,126.60250091552734
48484,5,28,2,23.5,-15,23.5,-15,126.98639678955078
48484,5,23,2,17.5,-17.5,17.5,-17.5,127.25299835205078
48484,5,26,2,15,-15,15,-15,127.4530029296875
48484,5,22,2,12.5,-17.5,12.5,-17.5,127.65270233154295
48484,5,19,2,15,-20,15,-20,127.7686996459961
48484,5,18,2,15,-23.5,15,-23.5,128.018798828125
48484,5,21,2,20,-20,20,-20,128.71859741210938
48484,5,33,2,20,-10,20,-10,129.58639526367188
48484,5,29,2,12.5,-12.5,12.5,-12.5,130.2196044921875
48484,5,25,2,10,-15,10,-15,130.5186004638672
48484,5,20,2,10,-20,10,-20,130.96949768066406
48484,5,24,2,6.5,-15,6.5,-15,132.21969604492188
48484,5,32,2,15,-10,15,-10,133.00289916992188
48484,5,30,2,17.5,-12.5,17.5,-12.5,133.20199584960938
48484,5,27,2,20,-15,20,-15,133.7187042236328
48484,5,23,2,17.5,-17.5,17.5,-17.5,133.96890258789065
48484,5,19,2,15,-20,15,-20,134.2689971923828
48484,5,22,2,12.5,-17.5,12.5,-17.5,134.6197052001953
48484,5,26,2,15,-15,15,-15,134.8697052001953
48484,5,34,2,15,-6.5,15,-6.5,135.6197052001953
48484,5,31,2,10,-10,10,-10,136.1186981201172
48484,5,29,2,12.5,-12.5,12.5,-12.5,136.4196014404297
48484,5,25,2,10,-15,10,-15,136.768798828125
48484,5,20,2,10,-20,10,-20,137.08639526367188
48484,5,18,2,15,-23.5,15,-23.5,137.56869506835938
48484,5,21,2,20,-20,20,-20,138.21969604492188
48484,5,28,2,23.5,-15,23.5,-15,138.80230712890625
48484,5,27,2,20,-15,20,-15,139.00210571289065
48484,5,30,2,20,-10,17.5,-12.5,139.28640747070313
48484,5,33,2,20,-10,20,-10,139.30279541015625
48484,5,32,2,15,-10,15,-10,139.55299377441406
48484,5,26,2,15,-15,15,-15,139.88650512695313
48484,5,23,2,17.5,-17.5,17.5,-17.5,140.1197967529297
48484,5,19,2,15,-20,15,-20,140.4188995361328
48484,5,22,2,12.5,-17.5,12.5,-17.5,140.95309448242188
48484,5,24,2,6.5,-15,6.5,-15,141.35299682617188
48484,5,53,2,-5,-15,-5,-15,142.3697052001953
48484,5,52,2,-10,-18.5,-10,-18.5,142.8863983154297
48484,5,55,2,-15,-15,-15,-15,143.3531951904297
48484,5,57,2,-12.5,-12.5,-12.5,-12.5,143.40220642089844
48484,5,61,2,-15,-10,-15,-10,143.66990661621094
48484,5,67,2,-15,-5,-15,-5,144.11990356445313
48484,5,64,2,-12.5,-7.5,-12.5,-7.5,144.21949768066406
48484,5,66,2,-10,-5,-10,-5,144.41990661621094
48484,5,63,2,-7.5,-7.5,-7.5,-7.5,144.61959838867188
48484,5,65,2,-5,-5,-5,-5,144.85299682617188
48484,5,58,2,-1.5,-10,-1.5,-10,145.2021026611328
48484,5,56,2,-7.5,-12.5,-7.5,-12.5,145.885498046875
48484,5,54,2,-10,-15,-10,-15,146.01919555664065
48484,5,60,2,-10,-10,-10,-10,146.3697967529297
48484,5,59,2,-5,-10,-5,-10,146.8354949951172
48484,5,62,2,-18.5,-10,-18.5,-10,148.36990356445313
48484,5,61,2,-15,-10,-15,-10,148.68649291992188
48484,5,57,2,-12.5,-12.5,-12.5,-12.5,149.1688995361328
48484,5,55,2,-15,-15,-15,-15,149.41879272460938
48484,5,52,2,-10,-18.5,-10,-18.5,150.01980590820313
48484,5,53,2,-5,-15,-5,-15,150.4698944091797
48484,5,63,2,-7.5,-7.5,-7.5,-7.5,151.1522979736328
48484,5,65,2,-5,-5,-5,-5,151.18649291992188
48484,5,66,2,-10,-5,-10,-5,151.40310668945313
48484,5,64,2,-12.5,-7.5,-12.5,-7.5,151.78660583496094
48484,5,67,2,-15,-5,-15,-5,151.85299682617188
48484,5,60,2,-10,-10,-10,-10,152.0699005126953
48484,5,56,2,-7.5,-12.5,-7.5,-12.5,152.3697967529297
48484,5,54,2,-10,-15,-10,-15,152.66990661621094
48484,5,59,2,-5,-10,-5,-10,153.55230712890625
48484,5,58,2,-1.5,-10,-1.5,-10,153.86920166015625
48484,5,24,2,6.5,-15,6.5,-15,154.6855926513672
48484,5,25,2,10,-15,10,-15,154.98660278320313
48484,5,26,2,15,-15,15,-15,155.41900634765625
48484,5,27,2,20,-15,20,-15,155.835693359375
48484,5,28,2,23.5,-15,23.5,-15,156.118896484375
48484,5,21,2,20,-20,20,-20,156.5532989501953
48484,5,18,2,15,-23.5,15,-23.5,157.05209350585938
48484,5,20,2,10,-20,10,-20,157.48570251464844
48484,5,22,2,12.5,-17.5,12.5,-17.5,157.6199951171875
48484,5,19,2,15,-20,15,-20,157.66990661621094
48484,5,23,2,17.5,-17.5,17.5,-17.5,157.88650512695313
48484,5,33,2,20,-10,20,-10,158.58560180664065
48484,5,34,2,15,-6.5,15,-6.5,159.0030975341797
48484,5,31,2,10,-10,10,-10,159.52000427246094
48484,5,29,2,12.5,-12.5,12.5,-12.5,159.75320434570313
48484,5,30,2,17.5,-12.5,17.5,-12.5,160.2532958984375
48484,5,32,2,15,-10,15,-10,160.48590087890625
48484,5,26,2,15,-15,15,-15,161.1699981689453
48484,5,25,2,10,-15,10,-15,161.95249938964844
48484,5,24,2,6.5,-15,6.5,-15,162.1031036376953
48484,5,53,2,-5,-15,-5,-15,163.1365966796875
48484,5,54,2,-10,-15,-10,-15,163.6033935546875
48484,5,57,2,-12.5,-12.5,-12.5,-12.5,163.8365936279297
48484,5,61,2,-15,-10,-15,-10,164.16900634765625
48484,5,64,2,-12.5,-7.5,-12.5,-7.5,164.3865966796875
48484,5,66,2,-10,-5,-10,-5,164.70249938964844
48484,5,63,2,-7.5,-7.5,-7.5,-7.5,164.9029998779297
48484,5,59,2,-5,-10,-5,-10,165.18569946289065
48484,5,52,2,-10,-18.5,-10,-18.5,166.1033935546875
48484,5,55,2,-15,-15,-15,-15,166.60220336914065
48484,5,67,2,-15,-5,-15,-5,167.4866943359375
48484,5,65,2,-5,-5,-5,-5,168.3524932861328
48484,5,58,2,-1.5,-10,-1.5,-10,168.76919555664065
48484,5,53,2,-5,-15,-5,-15,169.20339965820313
48484,5,54,2,-10,-15,-10,-15,169.6531982421875
48484,5,60,2,-10,-10,-10,-10,169.86929321289065
48484,5,64,2,-12.5,-7.5,-12.5,-7.5,170.2698974609375
48484,5,66,2,-10,-5,-10,-5,170.30250549316406
48484,5,61,2,-15,-10,-15,-10,170.70350646972656
48484,5,57,2,-12.5,-12.5,-12.5,-12.5,171.2200927734375
48484,5,59,2,-5,-10,-5,-10,171.9866943359375
48484,5,63,2,-7.5,-7.5,-7.5,-7.5,172.202392578125
48484,5,68,2,-10,-1.5,-10,-1.5,172.7700958251953
48484,5,67,2,-15,-5,-15,-5,173.42010498046875
48484,5,62,2,-18.5,-10,-18.5,-10,173.9857940673828
48484,5,55,2,-15,-15,-15,-15,174.33670043945313
48484,5,52,2,-10,-18.5,-10,-18.5,175.08680725097656
48484,5,54,2,-10,-15,-10,-15,175.7700958251953
48484,5,56,2,-7.5,-12.5,-7.5,-12.5,175.82000732421875
48484,5,60,2,-10,-10,-10,-10,176.08680725097656
48484,5,64,2,-12.5,-7.5,-12.5,-7.5,176.38670349121094
48484,5,66,2,-10,-5,-10,-5,176.53590393066406
48484,5,65,2,-5,-5,-5,-5,176.88580322265625
48484,5,58,2,-1.5,-10,-1.5,-10,177.28579711914065
48484,5,59,2,-5,-10,-5,-10,177.52020263671875
48484,5,53,2,-5,-15,-5,-15,177.7032928466797
48484,5,57,2,-12.5,-12.5,-12.5,-12.5,178.25340270996094
48484,5,61,2,-15,-10,-15,-10,178.53619384765625
48484,5,68,2,-10,-1.5,-10,-1.5,179.3690948486328
48484,5,67,2,-15,-5,-15,-5,179.9700927734375
48484,5,62,2,-18.5,-10,-18.5,-10,180.58689880371097
48484,5,55,2,-15,-15,-15,-15,180.7534942626953
48484,5,54,2,-10,-15,-10,-15,181.0865936279297
48484,5,56,2,-7.5,-12.5,-7.5,-12.5,181.37010192871097
48484,5,63,2,-7.5,-7.5,-7.5,-7.5,181.80349731445313
48484,5,58,2,-1.5,-10,-1.5,-10,182.36920166015625
48484,5,24,2,6.5,-15,6.5,-15,183.1033935546875
48484,5,20,2,10,-20,10,-20,186.53700256347656
48484,5,26,2,15,-15,15,-15,187.00360107421875
48484,5,34,2,15,-6.5,15,-6.5,187.98599243164065
48484,5,17,2,10,1.5,10,1.5,188.81930541992188
48484,5,15,2,10,5,10,5,188.8867950439453
48484,5,12,2,7.5,7.5,7.5,7.5,189.16929626464844
48484,5,8,2,5,10,5,10,189.4703063964844
48484,5,5,2,7.5,12.5,7.5,12.5,189.72019958496097
48484,5,2,2,5,15,5,15,189.9192047119141
48484,5,1,2,10,18.5,10,18.5,190.3032989501953
48484,5,4,2,15,15,15,15,190.70249938964844
48484,5,11,2,18.5,10,18.5,10,191.18690490722656
48484,5,16,2,15,5,15,5,191.67039489746097
48484,5,13,2,12.5,7.5,12.5,7.5,192.17030334472656
48484,5,10,2,15,10,15,10,192.38670349121097
48484,5,6,2,12.5,12.5,12.5,12.5,192.6036071777344
48484,5,3,2,10,15,10,15,192.90370178222656
48484,5,7,2,1.5,10,1.5,10,193.73699951171875
48484,5,14,2,5,5,5,5,194.12030029296875
48484,5,17,2,10,1.5,10,1.5,194.6201934814453
48484,5,15,2,10,5,10,5,194.7203063964844
48484,5,34,2,15,-6.5,15,-6.5,195.8699951171875
48484,5,32,2,15,-10,15,-10,196.1367950439453
48484,5,30,2,17.5,-12.5,17.5,-12.5,196.3701934814453
48484,5,27,2,20,-15,20,-15,196.6696014404297
48484,5,21,2,20,-20,20,-20,197.10330200195313
48484,5,18,2,15,-23.5,15,-23.5,197.53700256347656
48484,5,20,2,10,-20,10,-20,198.07020568847656
48484,6,31,5,10,-10,10,-10,654.60772705078125
48484,6,29,4,12.5,-12.5,12.5,-12.5,654.92437744140625
48484,6,25,5,10,-15,10,-15,655.041015625
48484,6,24,5,6.5,-15,6.5,-15,655.12432861328125
48484,6,20,4,10,-20,10,-20,655.65771484375
48484,6,19,2,15,-20,15,-20,656.12432861328125
48484,6,23,2,17.5,-17.5,17.5,-17.5,656.3905029296875
48484,6,26,2,15,-15,15,-15,656.541015625
48484,6,32,5,15,-10,15,-10,656.95782470703125
48484,6,34,5,15,-6.5,15,-6.5,657.25701904296875
48484,6,33,4,20,-10,20,-10,657.69097900390625
48484,6,27,2,20,-15,20,-15,658.15771484375
48484,6,30,4,17.5,-12.5,17.5,-12.5,659.15771484375
48484,6,31,5,10,-10,10,-10,660.62420654296875
48484,6,29,4,12.5,-12.5,12.5,-12.5,660.94097900390625
48484,6,25,5,10,-15,10,-15,661.15771484375
48484,6,24,5,6.5,-15,6.5,-15,661.45782470703125
48484,6,58,5,-1.5,-10,-1.5,-10,662.2904052734375
48484,6,59,5,-5,-10,-5,-10,662.62451171875
48484,6,63,4,-7.5,-7.5,-7.5,-7.5,662.89111328125
48484,6,66,5,-10,-5,-10,-5,663.140625
48484,6,68,5,-10,-1.5,-10,-1.5,663.45782470703125
48484,6,65,5,-5,-5,-5,-5,663.95751953125
48484,6,64,4,-12.5,-7.5,-12.5,-7.5,664.6077880859375
48484,6,67,4,-15,-5,-15,-5,664.85791015625
48484,6,60,2,-10,-10,-10,-10,665.54132080078125
48484,6,57,2,-12.5,-12.5,-12.5,-12.5,665.74102783203125
48484,6,54,2,-10,-15,-10,-15,665.95758056640625
48484,6,56,4,-7.5,-12.5,-7.5,-12.5,665.99127197265625
48484,6,53,4,-5,-15,-5,-15,666.2244873046875
48484,6,24,5,6.5,-15,6.5,-15,667.140625
48484,6,25,5,10,-15,10,-15,667.44097900390625
48484,6,29,4,12.5,-12.5,12.5,-12.5,667.65802001953125
48484,6,31,5,10,-10,10,-10,667.70782470703125
48484,6,34,5,15,-6.5,15,-6.5,668.10791015625
48484,6,32,5,15,-10,15,-10,668.15771484375
48484,6,30,4,17.5,-12.5,17.5,-12.5,668.7578125
48484,6,26,2,15,-15,15,-15,669.0244140625
48484,6,22,4,12.5,-17.5,12.5,-17.5,669.2578125
48484,6,20,4,10,-20,10,-20,669.55792236328125
48484,6,58,5,-1.5,-10,-1.5,-10,670.9578857421875
48484,6,59,5,-5,-10,-5,-10,671.29107666015625
48484,6,65,5,-5,-5,-5,-5,671.52392578125
48484,6,68,5,-10,-1.5,-10,-1.5,672.00787353515625
48484,6,67,4,-15,-5,-15,-5,672.55792236328125
48484,6,64,4,-12.5,-7.5,-12.5,-7.5,672.7578125
48484,6,60,2,-10,-10,-10,-10,673.0911865234375
48484,6,53,4,-5,-15,-5,-15,673.8577880859375
48484,6,56,4,-7.5,-12.5,-7.5,-12.5,674.02447509765625
48484,6,54,2,-10,-15,-10,-15,674.2078857421875
48484,6,66,5,-10,-5,-10,-5,674.8577880859375
48484,6,58,5,-1.5,-10,-1.5,-10,675.9910888671875
48484,6,24,5,6.5,-15,6.5,-15,676.49090576171875
48484,6,25,5,10,-15,10,-15,676.82452392578125
48484,6,26,2,15,-15,15,-15,677.29107666015625
48484,6,29,4,12.5,-12.5,12.5,-12.5,677.3411865234375
48484,6,30,4,17.5,-12.5,17.5,-12.5,677.50787353515625
48484,6,32,5,15,-10,15,-10,677.55792236328125
48484,6,31,5,10,-10,10,-10,677.90771484375
48484,6,34,5,15,-6.5,15,-6.5,678.0238037109375
48484,6,33,4,20,-10,20,-10,678.62371826171875
48484,6,22,4,12.5,-17.5,12.5,-17.5,679.4578857421875
48484,6,20,4,10,-20,10,-20,679.75787353515625
48484,6,53,4,-5,-15,-5,-15,681.2244873046875
48484,6,59,5,-5,-10,-5,-10,681.3411865234375
48484,6,63,4,-7.5,-7.5,-7.5,-7.5,681.65777587890625
48484,6,65,5,-5,-5,-5,-5,681.82427978515625
48484,6,68,5,-10,-1.5,-10,-1.5,682.2578125
48484,6,66,5,-10,-5,-10,-5,682.44097900390625
48484,6,64,4,-12.5,-7.5,-12.5,-7.5,682.7578125
48484,6,67,4,-15,-5,-15,-5,682.7916259765625
48484,6,60,2,-10,-10,-10,-10,683.02471923828125
48484,6,56,4,-7.5,-12.5,-7.5,-12.5,683.25732421875
48484,6,58,5,-1.5,-10,-1.5,-10,683.70782470703125
48484,6,24,5,6.5,-15,6.5,-15,684.4578857421875
48484,6,25,5,10,-15,10,-15,684.82373046875
48484,6,29,4,12.5,-12.5,12.5,-12.5,685.0579833984375
48484,6,31,5,10,-10,10,-10,685.15777587890625
48484,6,34,5,15,-6.5,15,-6.5,685.79107666015625
48484,6,32,5,15,-10,15,-10,685.90802001953125
48484,6,30,4,17.5,-12.5,17.5,-12.5,686.20782470703125
48484,6,27,2,20,-15,20,-15,686.52471923828125
48484,6,33,4,20,-10,20,-10,686.64141845703125
48484,6,26,2,15,-15,15,-15,687.357177734375
48484,6,22,4,12.5,-17.5,12.5,-17.5,687.65802001953125
48484,6,20,4,10,-20,10,-20,688.02410888671875
48484,6,53,4,-5,-15,-5,-15,689.49151611328125
48484,6,58,5,-1.5,-10,-1.5,-10,689.75787353515625
48484,6,65,5,-5,-5,-5,-5,690.3079833984375
48484,6,63,4,-7.5,-7.5,-7.5,-7.5,690.4580078125
48484,6,66,5,-10,-5,-10,-5,690.70721435546875
48484,6,68,5,-10,-1.5,-10,-1.5,690.84136962890625
48484,6,67,4,-15,-5,-15,-5,691.24127197265625
48484,6,64,4,-12.5,-7.5,-12.5,-7.5,691.34136962890625
48484,6,60,2,-10,-10,-10,-10,691.65802001953125
48484,6,56,4,-7.5,-12.5,-7.5,-12.5,691.9248046875
48484,6,59,5,-5,-10,-5,-10,692.22467041015625
48484,6,24,5,6.5,-15,6.5,-15,693.2080078125
48484,6,25,5,10,-15,10,-15,693.52471923828125
48484,6,29,4,12.5,-12.5,12.5,-12.5,693.85797119140625
48484,6,26,2,15,-15,15,-15,693.9912109375
48484,6,32,5,15,-10,15,-10,694.10748291015625
48484,6,31,5,10,-10,10,-10,694.2913818359375
48484,6,34,5,15,-6.5,15,-6.5,694.9412841796875
48484,6,33,4,20,-10,20,-10,695.7081298828125
48484,6,30,4,17.5,-12.5,17.5,-12.5,696.05792236328125
48484,6,22,4,12.5,-17.5,12.5,-17.5,696.64117431640625
48484,6,20,4,10,-20,10,-20,696.9412841796875
48484,6,58,5,-1.5,-10,-1.5,-10,698.32470703125
48484,6,59,5,-5,-10,-5,-10,698.70721435546875
48484,6,65,5,-5,-5,-5,-5,698.82470703125
48484,6,63,4,-7.5,-7.5,-7.5,-7.5,698.95751953125
48484,6,66,5,-10,-5,-10,-5,699.19140625
48484,6,68,5,-10,-1.5,-10,-1.5,699.50811767578125
48484,6,51,5,-15,6.5,-15,6.5,700.49151611328125
48484,6,49,5,-15,10,-15,10,700.65802001953125
48484,6,46,4,-12.5,12.5,-12.5,12.5,700.89141845703125
48484,6,48,5,-10,10,-10,10,700.9412841796875
48484,6,42,5,-10,15,-10,15,701.12481689453125
48484,6,41,5,-6.5,15,-6.5,15,701.34136962890625
48484,6,7,5,1.5,10,1.5,10,702.1580810546875
48484,6,8,5,5,10,5,10,702.5247802734375
48484,6,12,4,7.5,7.5,7.5,7.5,702.89141845703125
48484,6,9,2,10,10,10,10,702.99151611328125
48484,6,15,5,10,5,10,5,703.14141845703125
48484,6,14,5,5,5,5,5,703.3248291015625
48484,6,17,5,10,1.5,10,1.5,703.85821533203125
48484,6,16,4,15,5,15,5,704.5250244140625
48484,6,13,4,12.5,7.5,12.5,7.5,704.70721435546875
48484,6,6,2,12.5,12.5,12.5,12.5,705.14141845703125
48484,6,3,2,10,15,10,15,705.4249267578125
48484,6,5,4,7.5,12.5,7.5,12.5,705.6904296875
48484,6,2,4,5,15,5,15,705.8079833984375
48484,6,34,5,15,-6.5,15,-6.5,707.6414794921875
48484,6,32,5,15,-10,15,-10,708.00811767578125
48484,6,29,4,12.5,-12.5,12.5,-12.5,708.24041748046875
48484,6,25,5,10,-15,10,-15,708.5078125
48484,6,24,5,6.5,-15,6.5,-15,708.85711669921875
48484,6,31,5,10,-10,10,-10,709.25732421875
48484,6,33,4,20,-10,20,-10,710.05810546875
48484,6,27,2,20,-15,20,-15,710.52471923828125
48484,6,23,2,17.5,-17.5,17.5,-17.5,710.79150390625
48484,6,19,2,15,-20,15,-20,711.09161376953125
48484,6,22,4,12.5,-17.5,12.5,-17.5,711.15777587890625
48484,6,20,4,10,-20,10,-20,711.390380859375
48484,6,18,1,15,-23.5,15,-23.5,711.79052734375
48484,6,21,1,20,-20,20,-20,712.290771484375
48484,6,30,4,17.5,-12.5,17.5,-12.5,713.0582275390625
48484,6,26,2,15,-15,15,-15,713.29150390625
48484,6,29,4,12.5,-12.5,12.5,-12.5,713.49127197265625
48484,6,32,5,15,-10,15,-10,713.54168701171875
48484,6,34,5,15,-6.5,15,-6.5,713.84130859375
48484,6,25,5,10,-15,10,-15,714.8408203125
48484,6,24,5,6.5,-15,6.5,-15,715.158203125
48484,6,31,5,10,-10,10,-10,715.5078125
48484,6,58,5,-1.5,-10,-1.5,-10,716.59136962890625
48484,6,59,5,-5,-10,-5,-10,716.89141845703125
48484,6,65,5,-5,-5,-5,-5,717.19171142578125
48484,6,68,5,-10,-1.5,-10,-1.5,717.80712890625
48484,6,66,5,-10,-5,-10,-5,718.00750732421875
48484,6,63,4,-7.5,-7.5,-7.5,-7.5,718.25762939453125
48484,6,53,4,-5,-15,-5,-15,719.05792236328125
48484,6,56,4,-7.5,-12.5,-7.5,-12.5,719.1248779296875
48484,6,60,2,-10,-10,-10,-10,719.4249267578125
48484,6,64,4,-12.5,-7.5,-12.5,-7.5,719.70831298828125
48484,6,67,4,-15,-5,-15,-5,720.00732421875
48484,6,61,2,-15,-10,-15,-10,720.29052734375
48484,6,57,2,-12.5,-12.5,-12.5,-12.5,720.52398681640625
48484,6,54,2,-10,-15,-10,-15,720.82421875
48484,6,24,5,6.5,-15,6.5,-15,722.30828857421875
48484,6,25,5,10,-15,10,-15,722.62481689453125
48484,6,29,4,12.5,-12.5,12.5,-12.5,722.90802001953125
48484,6,32,5,15,-10,15,-10,723.14141845703125
48484,6,34,5,15,-6.5,15,-6.5,723.44140625
48484,6,31,5,10,-10,10,-10,723.857421875
48484,6,22,4,12.5,-17.5,12.5,-17.5,724.54071044921875
48484,6,20,4,10,-20,10,-20,724.7584228515625
48484,6,19,2,15,-20,15,-20,725.00732421875
48484,6,23,2,17.5,-17.5,17.5,-17.5,725.2578735351564
48484,6,30,4,17.5,-12.5,17.5,-12.5,725.640625
48484,6,26,2,20,-15,15,-15,725.8917236328125
48484,6,27,2,20,-15,20,-15,725.9083251953125
48484,6,58,5,-1.5,-10,-1.5,-10,727.72412109375
48484,6,59,5,-5,-10,-5,-10,728.041015625
48484,6,65,5,-5,-5,-5,-5,728.20831298828125
48484,6,66,5,-10,-5,-10,-5,728.64178466796875
48484,6,68,5,-10,-1.5,-10,-1.5,728.70721435546875
48484,6,67,4,-15,-5,-15,-5,729.19122314453125
48484,6,60,2,-10,-10,-10,-10,729.557373046875
48484,6,63,4,-7.5,-7.5,-7.5,-7.5,729.72412109375
48484,6,56,4,-7.5,-12.5,-7.5,-12.5,730.1251220703125
48484,6,54,2,-10,-15,-10,-15,730.42498779296875
48484,6,53,4,-5,-15,-5,-15,731.1251220703125
48484,6,24,5,6.5,-15,6.5,-15,731.9072875976564
48484,6,25,5,10,-15,10,-15,732.20831298828125
48484,6,20,4,10,-20,10,-20,732.607421875
48484,6,22,4,12.5,-17.5,12.5,-17.5,733.3082275390625
48484,6,31,5,10,-10,10,-10,734.0250244140625
48484,6,29,4,12.5,-12.5,12.5,-12.5,734.05828857421875
48484,6,32,5,15,-10,15,-10,734.2581787109375
48484,6,30,4,17.5,-12.5,17.5,-12.5,734.52410888671875
48484,6,34,5,15,-6.5,15,-6.5,734.79168701171875
48484,6,33,4,20,-10,20,-10,735.44171142578125
48484,6,28,1,23.5,-15,23.5,-15,736.02410888671875
48484,6,27,2,20,-15,20,-15,736.1085205078125
48484,6,23,2,17.5,-17.5,17.5,-17.5,736.4072875976564
48484,6,26,2,15,-15,15,-15,736.92510986328125
48484,6,25,5,10,-15,10,-15,737.2249755859375
48484,6,24,5,6.5,-15,6.5,-15,737.65740966796875
48484,6,58,5,-1.5,-10,-1.5,-10,738.5244750976564
48484,6,59,5,-5,-10,-5,-10,738.8585205078125
48484,6,65,5,-5,-5,-5,-5,738.99072265625
48484,6,68,5,-10,-1.5,-10,-1.5,739.4912719726564
48484,6,66,5,-10,-5,-10,-5,739.5418701171875
48484,6,63,4,-7.5,-7.5,-7.5,-7.5,740.00738525390625
48484,6,56,4,-7.5,-12.5,-7.5,-12.5,740.40802001953125
48484,6,53,4,-5,-15,-5,-15,740.70831298828125
48484,6,54,2,-10,-15,-10,-15,741.14178466796875
48484,6,57,2,-12.5,-12.5,-12.5,-12.5,741.424072265625
48484,6,64,4,-12.5,-7.5,-12.5,-7.5,741.79071044921875
48484,6,60,2,-10,-10,-10,-10,741.9586181640625
48484,6,67,4,-15,-5,-15,-5,742.0584716796875
48484,6,61,2,-15,-10,-15,-10,742.4420166015625
48484,6,58,5,-1.5,-10,-1.5,-10,743.540771484375
48484,6,24,5,6.5,-15,6.5,-15,744.1917724609375
48484,6,25,5,10,-15,10,-15,744.49188232421875
48484,6,29,4,12.5,-12.5,12.5,-12.5,744.7252197265625
48484,6,31,5,10,-10,10,-10,744.90802001953125
48484,6,34,5,15,-10,15,-6.5,745.424072265625
48484,6,32,5,15,-10,15,-10,745.44171142578125
48484,6,30,4,17.5,-12.5,17.5,-12.5,745.791015625
48484,6,26,2,15,-15,15,-15,745.9918212890625
48484,6,22,4,12.5,-17.5,12.5,-17.5,746.1917724609375
48484,6,20,4,10,-20,10,-20,746.49188232421875
48484,6,19,2,15,-20,15,-20,746.8242797851564
48484,6,18,1,15,-23.5,15,-23.5,746.90777587890625
48484,6,21,1,20,-20,20,-20,747.25738525390625
48484,6,23,2,17.5,-17.5,17.5,-17.5,747.407470703125
48484,6,27,2,20,-15,20,-15,747.5919189453125
48484,6,33,4,20,-10,20,-10,747.95751953125
48484,6,17,5,10,1.5,10,1.5,749.39141845703125
48484,6,15,5,10,5,10,5,749.65863037109375
48484,6,12,4,7.5,7.5,7.5,7.5,749.94091796875
48484,7,31,1,10,-10,10,-10,897.6256103515625
48484,7,29,2,12.5,-12.5,12.5,-12.5,897.909423828125
48484,7,26,4,15,-15,15,-15,898.15960693359375
48484,7,30,2,17.5,-12.5,17.5,-12.5,898.293212890625
48484,7,27,4,20,-15,20,-15,898.4932250976564
48484,7,28,5,23.5,-15,23.5,-15,898.7598876953125
48484,7,21,5,20,-20,20,-20,899.12652587890625
48484,7,23,4,17.5,-17.5,17.5,-17.5,899.193115234375
48484,7,19,4,15,-20,15,-20,899.44317626953125
48484,7,20,2,10,-20,10,-20,899.909912109375
48484,7,25,1,10,-15,10,-15,900.309814453125
48484,7,22,2,12.5,-17.5,12.5,-17.5,900.6093139648436
48484,7,18,5,15,-23.5,15,-23.5,901.14300537109375
48484,7,52,5,-10,-18.5,-10,-18.5,903.4755859375
48484,7,54,4,-10,-15,-10,-15,903.626708984375
48484,7,57,4,-12.5,-12.5,-12.5,-12.5,903.92657470703125
48484,7,55,5,-15,-15,-15,-15,904.059814453125
48484,7,62,5,-18.5,-10,-18.5,-10,904.543212890625
48484,7,61,4,-15,-10,-15,-10,904.59332275390625
48484,7,60,4,-10,-10,-10,-10,904.9600219726564
48484,7,56,2,-7.5,-12.5,-7.5,-12.5,905.2100219726564
48484,7,59,1,-5,-10,-5,-10,905.426513671875
48484,7,58,1,-1.5,-10,-1.5,-10,905.7100219726564
48484,7,65,1,-5,-5,-5,-5,906.043212890625
48484,7,14,1,5,5,5,5,907.159912109375
48484,7,12,2,7.5,7.5,7.5,7.5,907.44317626953125
48484,7,9,4,10,10,10,10,907.6934204101564
48484,7,10,4,15,10,15,10,908.143310546875
48484,7,11,5,18.5,10,18.5,10,908.409912109375
48484,7,4,5,15,15,15,15,908.760009765625
48484,7,6,4,10,15,12.5,12.5,909.1934204101564
48484,7,3,4,10,15,10,15,909.209716796875
48484,7,5,2,7.5,12.5,7.5,12.5,909.45947265625
48484,7,1,5,10,18.5,10,18.5,909.7089233398436
48484,7,2,2,5,15,5,15,910.70977783203125
48484,7,7,1,1.5,10,1.5,10,911.159912109375
48484,7,37,2,-10,20,-10,20,912.4102172851564
48484,7,39,2,-12.5,17.5,-12.5,17.5,912.4423217773436
48484,7,36,4,-15,20,-15,20,912.6768188476564
48484,7,35,5,-15,23.5,-15,23.5,912.79241943359375
48484,7,38,5,-20,20,-20,20,913.15997314453125
48484,7,45,5,-23.5,15,-23.5,15,913.6425170898436
48484,7,44,4,-20,15,-20,15,914.02581787109375
48484,7,47,2,-17.5,12.5,-17.5,12.5,914.20977783203125
48484,7,40,4,-17.5,17.5,-17.5,17.5,914.409912109375
48484,7,43,4,-15,15,-15,15,914.4434204101564
48484,7,42,1,-10,15,-10,15,914.97607421875
48484,7,41,1,-6.5,15,-6.5,15,915.30938720703125
48484,7,2,2,5,15,5,15,916.225830078125
48484,7,1,5,10,18.5,10,18.5,916.659912109375
48484,7,3,4,10,15,10,15,916.69317626953125
48484,7,6,4,12.5,12.5,12.5,12.5,917.05902099609375
48484,7,4,5,15,15,15,15,917.0933837890624
48484,7,11,5,18.5,10,18.5,10,917.54351806640625
48484,7,10,4,15,10,15,10,917.6588134765624
48484,7,13,2,12.5,7.5,12.5,7.5,917.9600219726564
48484,7,9,4,10,10,10,10,918.1431884765624
48484,7,5,2,7.5,12.5,7.5,12.5,918.4766235351564
48484,7,8,1,5,10,5,10,918.825927734375
48484,7,7,1,1.5,10,1.5,10,919.01007080078125
48484,7,48,1,-10,10,-10,10,920.1099853515624
48484,7,46,2,-12.5,12.5,-12.5,12.5,920.37567138671875
48484,7,43,4,-15,15,-15,15,920.64337158203125
48484,7,44,4,-20,15,-20,15,920.9766845703124
48484,7,45,5,-23.5,15,-23.5,15,921.29351806640625
48484,7,38,5,-20,20,-20,20,921.62567138671875
48484,7,35,5,-15,23.5,-15,23.5,922.12567138671875
48484,7,36,4,-15,20,-15,20,922.34332275390625
48484,7,40,4,-17.5,17.5,-17.5,17.5,922.52667236328125
48484,7,39,2,-12.5,17.5,-12.5,17.5,923.1768188476564
48484,7,37,2,-10,20,-10,20,923.4600219726564
48484,7,1,5,10,18.5,10,18.5,925.159912109375
48484,7,4,5,15,15,15,15,925.6602172851564
48484,7,11,5,18.5,10,18.5,10,926.2435302734376
48484,7,10,4,15,10,15,10,926.4268188476564
48484,7,13,2,12.5,7.5,12.5,7.5,926.7100219726564
48484,7,10,4,12.5,12.5,15,10,926.8599853515624
48484,7,6,4,12.5,12.5,12.5,12.5,926.876708984375
48484,7,3,4,10,15,10,15,927.17657470703125
48484,7,5,2,7.5,12.5,7.5,12.5,927.643310546875
48484,7,2,2,5,15,5,15,927.6934204101564
48484,7,14,1,5,10,5,5,928.093017578125
48484,7,8,1,5,10,5,10,928.1099853515624
48484,7,7,1,1.5,10,1.5,10,928.4105224609376
48484,7,41,1,-6.5,15,-6.5,15,929.225830078125
48484,7,42,1,-10,15,-10,15,929.52691650390625
48484,7,39,2,-12.5,17.5,-12.5,17.5,929.76031494140625
48484,7,36,4,-15,20,-15,20,930.02691650390625
48484,7,35,5,-15,23.5,-15,23.5,930.25927734375
48484,7,38,5,-20,20,-20,20,930.72601318359375
48484,7,45,5,-23.5,15,-23.5,15,931.2100830078124
48484,7,44,4,-20,15,-20,15,931.725830078125
48484,7,40,4,-17.5,17.5,-17.5,17.5,932.00921630859375
48484,7,43,4,-15,15,-15,15,932.109375
48484,7,47,2,-17.5,12.5,-17.5,12.5,932.493408203125
48484,7,50,2,-20,10,-20,10,932.77667236328125
48484,7,51,1,-15,6.5,-15,6.5,933.29241943359375
48484,7,48,1,-10,10,-10,10,933.75921630859375
48484,7,2,2,5,15,5,15,935.1436157226564
48484,7,1,5,10,18.5,10,18.5,935.576904296875
48484,7,3,4,10,15,10,15,935.9423828125
48484,7,4,5,15,15,15,15,936.02581787109375
48484,7,6,4,12.5,12.5,12.5,12.5,936.1768188476564
48484,7,10,4,15,10,15,10,936.4603271484376
48484,7,11,5,18.5,10,18.5,10,936.52691650390625
48484,7,13,2,12.5,7.5,12.5,7.5,937.10906982421875
48484,7,9,4,10,10,10,10,937.4425048828124
48484,7,12,2,7.5,7.5,7.5,7.5,937.52691650390625
48484,7,5,2,7.5,12.5,7.5,12.5,937.76031494140625
48484,7,41,1,-6.5,15,-6.5,15,938.876708984375
48484,7,37,2,-10,20,-10,20,939.35992431640625
48484,7,40,4,-15,20,-17.5,17.5,939.8104248046876
48484,7,36,4,-15,20,-15,20,939.82647705078125
48484,7,38,5,-20,20,-20,20,940.20977783203125
48484,7,40,4,-17.5,17.5,-17.5,17.5,940.24371337890625
48484,7,44,4,-20,15,-20,15,940.52587890625
48484,7,45,5,-23.5,15,-23.5,15,940.642822265625
48484,7,50,2,-20,10,-20,10,941.12567138671875
48484,7,47,2,-17.5,12.5,-17.5,12.5,941.3593139648436
48484,7,43,4,-15,15,-15,15,941.626220703125
48484,7,39,2,-12.5,17.5,-12.5,17.5,941.943603515625
48484,7,42,1,-10,15,-10,15,942.20941162109375
48484,7,2,2,5,15,5,15,943.325927734375
48484,7,1,5,10,18.5,10,18.5,943.7103271484376
48484,7,4,5,15,15,15,15,944.1436157226564
48484,7,6,4,12.5,12.5,12.5,12.5,944.3427124023436
48484,7,10,4,15,10,15,10,944.5604248046876
48484,7,11,5,18.5,10,18.5,10,944.6259155273436
48484,7,13,2,12.5,7.5,12.5,7.5,945.2431030273436
48484,7,9,4,10,10,10,10,945.44268798828125
48484,7,3,4,10,15,10,15,945.9268798828124
48484,7,5,2,7.5,12.5,7.5,12.5,946.2772216796876
48484,7,8,1,5,10,5,10,946.59332275390625
48484,7,7,1,1.5,10,1.5,10,946.759521484375
48484,7,41,1,-6.5,15,-6.5,15,947.559326171875
48484,7,42,1,-10,15,-10,15,947.8258056640624
48484,7,39,2,-12.5,17.5,-12.5,17.5,948.076904296875
48484,7,37,2,-10,20,-10,20,948.126220703125
48484,7,36,4,-15,20,-15,20,948.3433837890624
48484,7,35,5,-15,23.5,-15,23.5,948.4603271484376
48484,7,38,5,-20,20,-20,20,948.8759765625
48484,7,45,5,-23.5,15,-23.5,15,949.3925170898436
48484,7,44,4,-20,15,-20,15,949.74371337890625
48484,7,40,4,-17.5,17.5,-17.5,17.5,950.1099853515624
48484,7,43,4,-15,15,-15,15,950.1768188476564
48484,7,47,2,-17.5,12.5,-17.5,12.5,950.6104125976564
48484,7,50,2,-20,10,-20,10,950.9102783203124
48484,7,62,5,-18.5,-10,-18.5,-10,952.760009765625
48484,7,55,5,-15,-15,-15,-15,953.27691650390625
48484,7,52,5,-10,-18.5,-10,-18.5,953.7929077148436
48484,7,54,4,-10,-15,-10,-15,953.892578125
48484,7,56,2,-7.5,-12.5,-7.5,-12.5,954.2100219726564
48484,7,60,4,-10,-10,-10,-10,954.40972900390625
48484,7,57,4,-12.5,-12.5,-12.5,-12.5,954.5604248046876
48484,7,61,4,-15,-10,-15,-10,954.76031494140625
48484,7,64,2,-12.5,-7.5,-12.5,-7.5,955.226318359375
48484,7,63,2,-7.5,-7.5,-7.5,-7.5,955.6436767578124
48484,7,59,1,-5,-10,-5,-10,955.9271240234376
48484,7,20,2,10,-20,10,-20,957.47711181640625
48484,7,18,5,15,-23.5,15,-23.5,957.9268188476564
48484,7,19,4,15,-20,15,-20,958.4105224609376
48484,7,23,4,17.5,-17.5,17.5,-17.5,958.576904296875
48484,7,27,4,20,-15,20,-15,958.8438110351564
48484,7,28,5,23.5,-15,23.5,-15,959.1270141601564
48484,7,21,5,20,-20,20,-20,959.6104125976564
48484,7,22,2,12.5,-17.5,12.5,-17.5,960.3438110351564
48484,7,26,4,15,-15,15,-15,960.57672119140625
48484,7,30,2,17.5,-12.5,17.5,-12.5,960.909423828125
48484,7,32,1,15,-10,15,-10,961.3104858398436
48484,7,31,1,10,-10,10,-10,961.7269287109376
48484,7,24,1,6.5,-15,6.5,-15,962.1768188476564
48484,7,53,2,-5,-15,-5,-15,963.1259765625
48484,7,54,4,-10,-15,-10,-15,963.5269775390624
48484,7,52,5,-10,-18.5,-10,-18.5,963.642822265625
48484,7,55,5,-15,-15,-15,-15,963.943603515625
48484,7,61,4,-15,-10,-15,-10,964.3770141601564
48484,7,62,5,-18.5,-10,-18.5,-10,964.5438232421876
48484,7,64,2,-12.5,-7.5,-12.5,-7.5,964.9105224609376
48484,7,60,4,-10,-10,-10,-10,965.159423828125
48484,7,57,4,-12.5,-12.5,-12.5,-12.5,965.3438110351564
48484,7,56,2,-7.5,-12.5,-7.5,-12.5,966.0438232421876
48484,7,24,1,6.5,-15,6.5,-15,967.2437744140624
48484,7,20,2,10,-20,10,-20,967.72711181640625
48484,7,21,5,15,-23.5,20,-20,968.1270751953124
48484,7,18,5,15,-23.5,15,-23.5,968.1436767578124
48484,7,23,4,17.5,-17.5,17.5,-17.5,968.5604248046876
48484,7,22,2,12.5,-17.5,12.5,-17.5,968.759521484375
48484,7,30,2,17.5,-12.5,17.5,-12.5,969.1439208984376
48484,7,27,4,20,-15,20,-15,969.2769775390624
48484,7,28,5,23.5,-15,23.5,-15,969.559814453125
48484,7,21,5,20,-20,20,-20,969.82672119140625
48484,7,25,1,10,-15,10,-15,970.90948486328125
48484,7,52,5,-10,-18.5,-10,-18.5,972.5103759765624
48484,7,54,4,-10,-15,-10,-15,972.65948486328125
48484,7,57,4,-12.5,-12.5,-12.5,-12.5,972.94287109375
48484,7,55,5,-15,-15,-15,-15,972.976318359375
48484,7,62,5,-18.5,-10,-18.5,-10,973.51031494140625
48484,7,61,4,-15,-10,-15,-10,973.5438842773436
48484,7,60,4,-10,-10,-10,-10,974.0272216796876
48484,7,56,2,-7.5,-12.5,-7.5,-12.5,974.242919921875
48484,7,20,2,10,-20,10,-20,976.226806640625
48484,7,18,5,15,-23.5,15,-23.5,976.610107421875
48484,7,19,4,15,-20,15,-20,976.76312255859375
48484,7,23,4,17.5,-17.5,17.5,-17.5,977.0272216796876
48484,7,28,5,23.5,-15,23.5,-15,977.5606079101564
48484,7,27,4,20,-15,20,-15,977.8104858398436
48484,7,21,5,20,-20,20,-20,978.20947265625
48484,7,22,2,12.5,-17.5,12.5,-17.5,979.0606079101564
48484,7,26,4,15,-15,15,-15,979.12640380859375
48484,7,30,2,17.5,-12.5,17.5,-12.5,979.4271240234376
48484,7,33,2,20,-10,20,-10,979.7274169921876
48484,7,34,1,15,-6.5,15,-6.5,980.17626953125
48484,7,16,2,15,5,15,5,981.11102294921875
48484,7,10,4,15,10,15,10,981.459716796875
48484,7,11,5,18.5,10,18.5,10,981.52667236328125
48484,7,4,5,15,15,15,15,981.94390869140625
48484,7,6,4,12.5,12.5,12.5,12.5,982.04278564453125
48484,7,1,5,10,18.5,10,18.5,982.4271240234376
48484,7,3,4,10,15,10,15,982.6270751953124
48484,7,5,2,7.5,12.5,7.5,12.5,982.89300537109375
48484,7,9,4,10,10,10,10,983.076171875
48484,7,13,2,12.5,7.5,12.5,7.5,983.4268188476564
48484,7,15,1,10,5,10,5,983.8095703125
48484,7,17,1,5,5,10,1.5,984.2274169921876
48484,7,14,1,5,5,5,5,984.2437744140624
48484,7,8,1,5,10,5,10,984.4931030273436
48484,7,2,2,5,15,5,15,984.87738037109375
48484,7,37,2,-10,20,-10,20,986.2440185546876
48484,7,35,5,-15,23.5,-15,23.5,986.709716796875
48484,7,38,5,-20,20,-20,20,987.12738037109375
48484,7,45,5,-23.5,15,-23.5,15,987.6273193359376
48484,7,44,4,-20,15,-20,15,987.91070556640625
48484,7,47,2,-17.5,12.5,-17.5,12.5,988.16058349609375
48484,7,43,4,-15,15,-15,15,988.32647705078125
48484,7,40,4,-17.5,17.5,-17.5,17.5,988.37628173828125
48484,7,36,4,-15,20,-15,20,988.6270751953124
48484,7,39,2,-12.5,17.5,-12.5,17.5,989.0438842773436
48484,7,46,2,-12.5,12.5,-12.5,12.5,989.4940185546876
48484,7,49,1,-15,10,-15,10,989.7597045898436
48484,7,50,2,-20,10,-20,10,990.10992431640625
48484,7,51,1,-15,6.5,-15,6.5,990.56072998046875
48484,7,67,2,-15,-5,-15,-5,991.443115234375
48484,7,64,2,-12.5,-7.5,-12.5,-7.5,991.7274169921876
48484,7,60,4,-10,-10,-10,-10,991.9940185546876
48484,7,63,2,-7.5,-7.5,-7.5,-7.5,992.2764282226564
48484,7,59,1,-5,-10,-5,-10,992.4271240234376
48484,7,58,1,-1.5,-10,-1.5,-10,992.94378662109375
48484,7,53,2,-5,-15,-5,-15,993.37628173828125
48484,7,56,2,-7.5,-12.5,-7.5,-12.5,993.40948486328125
48484,7,54,4,-10,-15,-10,-15,993.66070556640625
48484,7,52,5,-10,-18.5,-10,-18.5,993.7606811523436
48484,7,55,5,-15,-15,-15,-15,994.2431030273436
48484,7,57,4,-12.5,-12.5,-12.5,-12.5,994.5106201171876
48484,7,61,4,-15,-10,-15,-10,994.72711181640625
48484,7,62,5,-18.5,-10,-18.5,-10,995.0272827148436
48484,7,20,2,10,-20,10,-20,997.62640380859375
48484,7,22,2,12.5,-17.5,12.5,-17.5,997.7772827148436
48484,7,19,4,15,-20,15,-20,997.9271240234376
48484,7,18,5,15,-23.5,15,-23.5,998.12738037109375
48484,7,21,5,20,-20,20,-20,998.3765869140624
48484,7,23,4,17.5,-17.5,17.5,-17.5,999.12640380859375
48484,7,27,4,20,-15,20,-15,999.2274169921876
48484,7,28,5,23.5,-15,23.5,-15,999.60992431640625
48484,7,33,2,20,-10,20,-10,999.7274169921876
48484,7,30,2,17.5,-12.5,17.5,-12.5,999.926513671875
48484,7,26,4,15,-15,15,-15,1000.1610107421876
48484,7,25,1,10,-15,10,-15,1000.6439819335938
48484,7,29,2,12.5,-12.5,12.5,-12.5,1000.9099731445313
48484,7,31,1,10,-10,10,-10,1000.9439697265624
48484,7,32,1,15,-10,15,-10,1001.1599731445313
48484,7,53,2,-5,-15,-5,-15,1002.8610229492188
48484,7,54,4,-10,-15,-10,-15,1003.260986328125
48484,7,52,5,-10,-18.5,-10,-18.5,1003.3270263671876
48484,7,56,2,-7.5,-12.5,-7.5,-12.5,1004.010009765625
48484,7,57,4,-12.5,-12.5,-12.5,-12.5,1004.2769775390624
48484,7,55,5,-15,-15,-15,-15,1004.5440063476564
48484,7,57,4,-15,-10,-12.5,-12.5,1004.8610229492188
48484,7,61,4,-15,-10,-15,-10,1004.8770141601564
48484,7,64,2,-12.5,-7.5,-12.5,-7.5,1005.1439819335938
48484,7,68,1,-10,-1.5,-10,-1.5,1005.9110107421876
48484,7,50,2,-20,10,-20,10,1007.3109741210938
48484,7,47,2,-17.5,12.5,-17.5,12.5,1007.343994140625
48484,7,44,4,-20,15,-20,15,1007.5770263671876
48484,7,45,5,-23.5,15,-23.5,15,1007.677001953125
48484,7,38,5,-20,20,-20,20,1008.0609741210938
48484,7,44,4,-20,15,-20,15,1012.6099853515624
48484,8,36,5,5,-5,5,-5,203.08709716796875
48484,8,39,4,7.5,-7.5,7.5,-7.5,203.40280151367188
48484,8,37,5,10,-5,10,-5,203.53700256347656
48484,8,35,5,10,-1.5,10,-1.5,203.8701934814453
48484,8,42,5,5,-10,5,-10,204.77000427246097
48484,8,41,5,1.5,-10,1.5,-10,204.97039794921875
48484,8,48,4,5,-15,5,-15,205.3204040527344
48484,8,61,5,-5,-20,-5,-20,206.5704040527344
48484,8,60,5,-10,-20,-10,-20,206.98699951171875
48484,8,63,4,-15,-25,-15,-25,207.50369262695313
48484,8,66,4,-10,-30,-10,-30,207.9871063232422
48484,8,57,4,-15,-15,-15,-15,209.78709411621097
48484,8,54,5,-20,-10,-20,-10,210.3204040527344
48484,8,52,5,-20,-5,-20,-5,210.58689880371097
48484,8,34,5,-15,0,-15,0,211.08680725097656
48484,8,32,5,-15,5,-15,5,211.52049255371097
48484,8,33,5,-5,5,-5,5,212.27040100097656
48484,8,35,5,10,-1.5,10,-1.5,213.72039794921875
48484,8,37,5,10,-5,10,-5,214.08709716796875
48484,8,40,4,12.5,-7.5,12.5,-7.5,214.3038024902344
48484,8,39,4,7.5,-7.5,7.5,-7.5,214.57009887695313
48484,8,36,5,5,-5,5,-5,214.8204040527344
48484,8,41,5,1.5,-10,1.5,-10,215.6031951904297
48484,8,42,5,5,-10,5,-10,215.8195953369141
48484,8,48,4,7.5,-12.5,5,-15,216.1204071044922
48484,8,46,4,7.5,-12.5,7.5,-12.5,216.13699340820313
48484,8,61,5,-5,-20,-5,-20,217.63710021972656
48484,8,60,5,-10,-20,-10,-20,217.7872009277344
48484,8,57,4,-15,-15,-15,-15,218.38720703125
48484,8,55,5,-10,-10,-10,-10,218.88710021972656
48484,8,52,5,-20,-5,-20,-5,219.77049255371097
48484,8,54,5,-20,-10,-20,-10,220.0372009277344
48484,8,34,5,-15,0,-15,0,221.2037048339844
48484,8,32,5,-15,5,-15,5,221.60389709472656
48484,8,33,5,-5,5,-5,5,222.42010498046875
48484,8,41,5,1.5,-10,1.5,-10,223.8195953369141
48484,8,42,5,5,-10,5,-10,224.1372985839844
48484,8,39,4,7.5,-7.5,7.5,-7.5,224.47039794921875
48484,8,36,5,5,-5,5,-5,224.68719482421875
48484,8,35,5,10,-1.5,10,-1.5,225.08729553222656
48484,8,37,5,10,-5,10,-5,225.23719787597656
48484,8,40,4,12.5,-7.5,12.5,-7.5,225.52040100097656
48484,8,43,2,10,-10,10,-10,225.87049865722656
48484,8,46,4,7.5,-12.5,7.5,-12.5,226.12049865722656
48484,8,48,4,5,-15,5,-15,226.4033966064453
48484,8,61,5,-5,-20,-5,-20,227.47059631347656
48484,8,60,5,-10,-20,-10,-20,227.9040069580078
48484,8,63,4,-15,-25,-15,-25,228.4705047607422
48484,8,66,4,-10,-30,-10,-30,228.9197998046875
48484,8,57,4,-15,-15,-15,-15,230.77049255371097
48484,8,54,5,-20,-10,-20,-10,231.37060546875
48484,8,52,5,-20,-5,-20,-5,231.7039031982422
48484,8,34,5,-15,0,-15,0,232.20339965820313
48484,8,32,5,-15,5,-15,5,232.67059326171875
48484,8,33,5,-5,5,-5,5,233.470703125
48484,8,55,5,-10,-10,-10,-10,234.720703125
48484,8,60,5,-10,-20,-10,-20,235.7872009277344
48484,8,63,4,-15,-25,-15,-25,236.5373992919922
48484,8,61,5,-5,-20,-5,-20,237.38720703125
48484,8,41,5,1.5,-10,1.5,-10,238.47059631347656
48484,8,42,5,5,-10,5,-10,238.81979370117188
48484,8,39,4,7.5,-7.5,7.5,-7.5,239.08729553222656
48484,8,37,5,10,-5,10,-5,239.32049560546875
48484,8,35,5,10,-1.5,10,-1.5,239.58729553222656
48484,8,36,5,5,-5,5,-5,240.28660583496097
48484,8,46,4,7.5,-12.5,7.5,-12.5,241.0039978027344
48484,8,48,4,5,-15,5,-15,241.220703125
48484,8,61,5,-5,-20,-5,-20,242.42059326171875
48484,8,60,5,-10,-20,-10,-20,242.720703125
48484,8,55,5,-10,-10,-10,-10,243.6374053955078
48484,8,54,5,-20,-10,-20,-10,244.58729553222656
48484,8,59,2,-20,-20,-20,-20,245.48719787597656
48484,8,66,4,-10,-30,-10,-30,246.7041931152344
48484,8,60,5,-10,-20,-10,-20,247.7373962402344
48484,8,41,5,1.5,-10,1.5,-10,248.7707061767578
48484,8,42,5,5,-10,5,-10,249.08740234375
48484,8,36,5,5,-5,5,-5,249.30389404296875
48484,8,39,4,7.5,-7.5,7.5,-7.5,249.4039001464844
48484,8,37,5,10,-5,10,-5,249.67019653320313
48484,8,35,5,10,-1.5,10,-1.5,249.7707977294922
48484,8,38,4,15,-5,15,-5,250.18739318847656
48484,8,40,4,12.5,-7.5,12.5,-7.5,250.2209014892578
48484,8,44,2,15,-10,15,-10,250.5207061767578
48484,8,50,1,15,-15,15,-15,250.9707946777344
48484,8,47,2,12.5,-12.5,12.5,-12.5,251.07009887695313
48484,8,49,2,10,-15,10,-15,251.2707061767578
48484,8,51,1,10,-18.5,10,-18.5,251.40310668945313
48484,8,61,5,-5,-20,-5,-20,252.75340270996097
48484,8,60,5,-10,-20,-10,-20,253.1708984375
48484,8,57,4,-15,-15,-15,-15,253.6374969482422
48484,8,55,5,-10,-10,-10,-10,253.9875030517578
48484,8,54,5,-20,-10,-20,-10,254.8708038330078
48484,8,52,5,-20,-5,-20,-5,255.1707000732422
48484,8,34,5,-15,0,-15,0,255.63760375976565
48484,8,32,5,-15,5,-15,5,256.12078857421875
48484,8,30,4,-10,10,-10,10,256.68670654296875
48484,8,27,5,-5,15,-5,15,257.23748779296875
48484,8,28,5,0,15,0,15,257.6875
48484,8,7,5,6.5,15,6.5,15,258.22088623046875
48484,8,8,5,10,15,10,15,258.5209045410156
48484,8,12,4,12.5,12.5,12.5,12.5,258.87091064453125
48484,8,15,5,15,10,15,10,259.10418701171875
48484,8,14,5,10,10,10,10,259.2875061035156
48484,8,17,5,15,6.5,15,6.5,259.87078857421875
48484,8,16,4,20,10,20,10,260.3865966796875
48484,8,13,4,17.5,12.5,17.5,12.5,260.5209045410156
48484,8,9,2,15,15,15,15,260.82080078125
48484,8,5,4,12.5,17.5,12.5,17.5,261.0867004394531
48484,8,2,4,10,20,10,20,261.37091064453125
48484,8,1,1,15,23.5,15,23.5,261.8042907714844
48484,8,4,1,20,20,20,20,262.27081298828125
48484,8,6,2,17.5,17.5,17.5,17.5,262.4375915527344
48484,8,35,5,10,-1.5,10,-1.5,264.1875
48484,8,37,5,10,-5,10,-5,264.4209899902344
48484,8,40,4,12.5,-7.5,12.5,-7.5,264.6708984375
48484,8,43,2,10,-10,10,-10,264.9042053222656
48484,8,46,4,7.5,-12.5,7.5,-12.5,265.13751220703125
48484,8,48,4,5,-15,5,-15,265.4375
48484,8,42,5,5,-10,5,-10,265.7041015625
48484,8,39,4,7.5,-7.5,7.5,-7.5,265.9208984375
48484,8,36,5,5,-5,5,-5,266.22088623046875
48484,8,41,5,1.5,-10,1.5,-10,266.9375
48484,8,49,2,10,-15,10,-15,267.9208068847656
48484,8,47,2,12.5,-12.5,12.5,-12.5,268.21978759765625
48484,8,44,2,15,-10,15,-10,268.5209045410156
48484,8,38,4,15,-5,15,-5,268.9375915527344
48484,8,37,5,10,-5,10,-5,269.4707946777344
48484,8,43,2,10,-10,10,-10,269.9209899902344
48484,8,51,1,10,-18.5,10,-18.5,270.50408935546875
48484,8,61,5,-5,-20,-5,-20,271.970703125
48484,8,60,5,-10,-20,-10,-20,272.3876037597656
48484,8,57,4,-15,-15,-15,-15,273.0039978027344
48484,8,54,5,-20,-10,-20,-10,273.57080078125
48484,8,52,5,-20,-5,-20,-5,274.03741455078125
48484,8,34,5,-15,0,-15,0,274.60418701171875
48484,8,32,5,-15,5,-15,5,275.0369873046875
48484,8,33,5,-5,5,-5,5,275.8710021972656
48484,8,36,5,5,-5,5,-5,277.0703125
48484,8,42,5,5,-10,5,-10,277.22100830078125
48484,8,46,4,7.5,-12.5,7.5,-12.5,277.53759765625
48484,8,49,2,10,-15,10,-15,277.8876037597656
48484,8,50,1,15,-15,15,-15,278.3710021972656
48484,8,44,2,15,-10,15,-10,278.83709716796875
48484,8,38,4,15,-5,15,-5,279.2041931152344
48484,8,35,5,10,-1.5,10,-1.5,279.77099609375
48484,8,37,5,10,-5,10,-5,280.1711120605469
48484,8,39,4,7.5,-7.5,7.5,-7.5,280.404296875
48484,8,40,4,12.5,-7.5,12.5,-7.5,280.58770751953125
48484,8,45,1,18.5,-10,18.5,-10,282.1377868652344
48484,8,43,2,10,-10,10,-10,283.3208923339844
48484,8,46,4,7.5,-12.5,7.5,-12.5,283.7210998535156
48484,8,49,2,10,-15,10,-15,283.77099609375
48484,8,48,4,5,-15,5,-15,283.9877014160156
48484,8,42,5,5,-10,5,-10,284.3210144042969
48484,8,36,5,5,-5,5,-5,284.7377014160156
48484,8,41,5,1.5,-10,1.5,-10,285.5032958984375
48484,8,39,4,7.5,-7.5,7.5,-7.5,286.1211853027344
48484,8,37,5,10,-5,10,-5,286.3367004394531
48484,8,35,5,10,-1.5,10,-1.5,286.6875915527344
48484,8,17,5,15,6.5,15,6.5,287.5877990722656
48484,8,15,5,15,10,15,10,287.7041931152344
48484,8,12,4,12.5,12.5,12.5,12.5,287.9206848144531
48484,8,8,5,10,15,10,15,288.1700134277344
48484,8,7,5,6.5,15,6.5,15,288.42010498046875
48484,8,14,5,10,10,10,10,289.07110595703125
48484,8,33,5,-5,5,-5,5,290.5043029785156
48484,8,36,5,5,-5,5,-5,291.8212890625
48484,8,41,5,1.5,-10,1.5,-10,292.2878112792969
48484,8,42,5,5,-10,5,-10,292.5869140625
48484,8,46,4,7.5,-12.5,7.5,-12.5,292.8374938964844
48484,8,43,2,10,-10,10,-10,293.10418701171875
48484,8,39,4,7.5,-7.5,7.5,-7.5,293.2207946777344
48484,8,37,5,10,-5,10,-5,293.4035949707031
48484,8,35,5,10,-1.5,10,-1.5,293.70330810546875
48484,8,17,5,15,6.5,15,6.5,294.47021484375
48484,8,15,5,15,10,15,10,294.80450439453125
48484,8,12,4,12.5,12.5,12.5,12.5,295.0378112792969
48484,8,14,5,10,10,10,10,295.0873107910156
48484,8,8,5,10,15,10,15,295.3200988769531
48484,8,7,5,6.5,15,6.5,15,295.5212097167969
48484,8,28,5,0,15,0,15,296.1705017089844
48484,8,27,5,-5,15,-5,15,296.6203918457031
48484,8,33,5,-5,5,-5,5,297.40411376953125
48484,8,32,5,-15,5,-15,5,298.4713134765625
48484,8,34,5,-15,0,-15,0,298.6379089355469
48484,8,52,5,-20,-5,-20,-5,299.2034912109375
48484,8,54,5,-20,-10,-20,-10,299.53790283203125
48484,8,57,4,-15,-15,-15,-15,300.07110595703125
48484,8,55,5,-10,-10,-10,-10,301.0375061035156
48484,8,36,5,5,-5,5,-5,302.3200988769531
48484,8,39,4,7.5,-7.5,7.5,-7.5,302.5711975097656
48484,8,37,5,10,-5,10,-5,302.7379150390625
48484,8,35,5,10,-1.5,10,-1.5,302.9212951660156
48484,8,38,4,15,-5,15,-5,303.40460205078125
48484,8,40,4,12.5,-7.5,12.5,-7.5,303.7370910644531
48484,8,43,2,10,-10,10,-10,304.0704040527344
48484,8,46,4,7.5,-12.5,7.5,-12.5,304.3212890625
48484,8,42,5,5,-10,5,-10,304.4869079589844
48484,8,41,5,1.5,-10,1.5,-10,304.7880859375
48484,8,61,5,-5,-20,-5,-20,305.6211853027344
48484,8,60,5,-10,-20,-10,-20,306.3882141113281
48484,8,57,4,-15,-15,-15,-15,306.9879150390625
48484,8,55,5,-10,-10,-10,-10,307.47119140625
48484,8,54,5,-20,-10,-20,-10,308.4046936035156
48484,8,52,5,-20,-5,-20,-5,308.9869079589844
48484,8,34,5,-15,0,-15,0,309.5703125
48484,8,32,5,-15,5,-15,5,309.9202880859375
48484,8,33,5,-5,5,-5,5,310.92041015625
48484,8,27,5,-5,15,-5,15,311.6715087890625
48484,8,28,5,0,15,0,15,311.98809814453125
48484,8,7,5,6.5,15,6.5,15,312.5869140625
48484,8,14,5,10,10,10,10,313.0379943847656
48484,8,15,5,15,10,15,10,313.5046081542969
48484,8,12,4,12.5,12.5,12.5,12.5,313.80450439453125
48484,8,8,5,10,15,10,15,314.02081298828125
48484,8,5,4,12.5,17.5,12.5,17.5,314.37139892578125
48484,8,17,5,15,6.5,15,6.5,315.037109375
48484,8,35,5,10,-1.5,10,-1.5,315.8880920410156
48484,8,37,5,10,-5,10,-5,316.18798828125
48484,8,39,4,7.5,-7.5,7.5,-7.5,316.4713134765625
48484,8,42,5,5,-10,5,-10,316.7210998535156
48484,8,46,4,7.5,-12.5,7.5,-12.5,316.9879150390625
48484,8,48,4,5,-15,5,-15,317.18719482421875
48484,8,41,5,1.5,-10,1.5,-10,317.4881896972656
48484,8,36,5,5,-5,5,-5,317.93719482421875
48484,8,55,5,-10,-10,-10,-10,319.3214111328125
48484,8,60,5,-10,-20,-10,-20,320.00360107421875
48484,9,36,1,5,-5,5,-5,1018.0609741210938
48484,9,39,2,7.5,-7.5,7.5,-7.5,1018.3270263671876
48484,9,43,4,10,-10,10,-10,1018.5780029296876
48484,9,47,4,12.5,-12.5,12.5,-12.5,1018.8779907226564
48484,9,44,4,15,-10,15,-10,1019.1110229492188
48484,9,45,5,18.5,-10,18.5,-10,1019.3610229492188
48484,9,50,5,15,-15,15,-15,1019.8280029296876
48484,9,49,4,10,-15,10,-15,1020.2440185546876
48484,9,51,5,10,-18.5,10,-18.5,1020.3109741210938
48484,9,48,2,5,-15,5,-15,1020.8099975585938
48484,9,61,1,-5,-20,-5,-20,1021.7780151367188
48484,9,60,1,-10,-20,-10,-20,1022.1439819335938
48484,9,65,4,-20,-30,-20,-30,1023.3779907226564
48484,9,64,5,-30,-30,-30,-30,1024.4429931640625
48484,9,62,4,-25,-25,-25,-25,1024.843017578125
48484,9,58,4,-30,-20,-30,-20,1025.5439453125
48484,9,56,2,-25,-15,-25,-15,1025.876953125
48484,9,59,4,-20,-20,-20,-20,1026.427978515625
48484,9,57,2,-15,-15,-15,-15,1027.64404296875
48484,9,61,1,-5,-20,-5,-20,1028.56005859375
48484,9,51,5,10,-18.5,10,-18.5,1029.8280029296875
48484,9,50,5,15,-15,15,-15,1030.31005859375
48484,9,47,4,12.5,-12.5,12.5,-12.5,1030.4439697265625
48484,9,44,4,15,-10,15,-10,1030.8280029296875
48484,9,40,2,12.5,-7.5,12.5,-7.5,1030.9110107421875
48484,9,45,5,18.5,-10,18.5,-10,1031.177001953125
48484,9,49,4,10,-15,10,-15,1031.927978515625
48484,9,46,2,7.5,-12.5,7.5,-12.5,1032.1610107421875
48484,9,39,2,7.5,-7.5,7.5,-7.5,1032.5279541015625
48484,9,37,1,10,-5,10,-5,1032.81005859375
48484,9,43,4,10,-10,10,-10,1033.0439453125
48484,9,38,2,15,-5,15,-5,1034.0780029296875
48484,9,17,1,15,6.5,15,6.5,1034.97802734375
48484,9,16,2,20,10,20,10,1035.3780517578125
48484,9,10,4,20,15,20,15,1035.7440185546875
48484,9,11,5,23.5,15,23.5,15,1035.81103515625
48484,9,6,4,17.5,17.5,17.5,17.5,1036.177978515625
48484,9,4,5,20,20,20,20,1036.2110595703125
48484,9,3,4,15,20,15,20,1036.4610595703125
48484,9,1,5,15,23.5,15,23.5,1036.626953125
48484,9,9,4,15,15,15,15,1037.1109619140625
48484,9,13,2,17.5,12.5,17.5,12.5,1037.4110107421875
48484,9,15,1,15,10,15,10,1037.6280517578125
48484,9,12,2,12.5,12.5,12.5,12.5,1037.6610107421875
48484,9,8,1,10,15,10,15,1038.06103515625
48484,9,7,1,6.5,15,6.5,15,1038.260986328125
48484,9,20,4,-15,25,-15,25,1040.6109619140625
48484,9,19,5,-25,25,-25,25,1041.510986328125
48484,9,24,5,-30,15,-30,15,1042.760986328125
48484,9,25,4,-25,15,-25,15,1043.2779541015625
48484,9,22,4,-20,20,-20,20,1043.9110107421875
48484,9,18,5,-15,30,-15,30,1044.843994140625
48484,9,26,4,-15,15,-15,15,1047.3609619140625
48484,9,19,5,-25,25,-25,25,1048.677978515625
48484,9,24,5,-30,15,-30,15,1049.81103515625
48484,9,25,4,-25,15,-25,15,1050.22802734375
48484,9,22,4,-20,20,-20,20,1050.81103515625
48484,9,20,4,-15,25,-15,25,1051.376953125
48484,9,18,5,-15,30,-15,30,1051.7769775390625
48484,9,21,2,-5,25,-5,25,1052.7110595703125
48484,9,1,5,15,23.5,15,23.5,1054.362060546875
48484,9,3,4,15,20,15,20,1054.5450439453125
48484,9,6,4,17.5,17.5,17.5,17.5,1054.8280029296875
48484,9,4,5,20,20,20,20,1054.9119873046875
48484,9,11,5,23.5,15,23.5,15,1055.4610595703125
48484,9,10,4,20,15,20,15,1055.81103515625
48484,9,13,2,17.5,12.5,17.5,12.5,1056.0450439453125
48484,9,9,4,15,15,15,15,1056.2440185546875
48484,9,12,2,12.5,12.5,12.5,12.5,1056.4610595703125
48484,9,15,1,15,10,15,10,1056.5450439453125
48484,9,17,1,15,6.5,15,6.5,1056.9610595703125
48484,9,38,2,15,-5,15,-5,1057.97802734375
48484,9,45,5,18.5,-10,18.5,-10,1058.4449462890625
48484,9,44,4,15,-10,15,-10,1058.7110595703125
48484,9,50,5,15,-15,15,-15,1058.9449462890625
48484,9,47,4,12.5,-12.5,12.5,-12.5,1058.97802734375
48484,9,49,4,10,-15,10,-15,1059.260009765625
48484,9,51,5,10,-18.5,10,-18.5,1059.3780517578125
48484,9,48,2,5,-15,5,-15,1059.9449462890625
48484,9,46,2,7.5,-12.5,7.5,-12.5,1060.14404296875
48484,9,43,4,10,-10,10,-10,1060.4110107421875
48484,9,40,2,12.5,-7.5,12.5,-7.5,1060.7449951171875
48484,9,37,1,10,-5,10,-5,1061.010009765625
48484,9,39,2,7.5,-7.5,7.5,-7.5,1061.1610107421875
48484,9,42,1,5,-10,5,-10,1061.510986328125
48484,9,41,1,1.5,-10,1.5,-10,1061.7449951171875
48484,9,61,1,-5,-20,-5,-20,1062.677978515625
48484,9,65,4,-20,-30,-20,-30,1064.177978515625
48484,9,62,4,-25,-25,-25,-25,1064.760986328125
48484,9,64,5,-30,-30,-30,-30,1065.1610107421875
48484,9,58,4,-30,-20,-30,-20,1066.31103515625
48484,9,56,2,-25,-15,-25,-15,1066.5780029296875
48484,9,59,4,-20,-20,-20,-20,1067.0450439453125
48484,9,60,1,-10,-20,-10,-20,1067.9449462890625
48484,9,61,1,-5,-20,-5,-20,1068.3609619140625
48484,9,48,2,5,-15,5,-15,1069.4449462890625
48484,9,49,4,10,-15,10,-15,1069.6610107421875
48484,9,50,5,15,-15,15,-15,1070.06103515625
48484,9,44,4,15,-10,15,-10,1070.56103515625
48484,9,40,2,12.5,-7.5,12.5,-7.5,1070.9610595703125
48484,9,43,4,10,-10,10,-10,1071.1280517578125
48484,9,47,4,12.5,-12.5,12.5,-12.5,1071.31103515625
48484,9,51,5,10,-18.5,10,-18.5,1071.760986328125
48484,9,42,1,5,-10,5,-10,1072.8609619140625
48484,9,39,2,7.5,-7.5,7.5,-7.5,1073.0780029296875
48484,9,37,1,10,-5,10,-5,1073.427001953125
48484,9,38,2,15,-5,15,-5,1073.8280029296875
48484,9,17,1,15,6.5,15,6.5,1074.8280029296875
48484,9,15,1,15,10,15,10,1075.1280517578125
48484,9,16,2,20,10,20,10,1075.3609619140625
48484,9,10,4,20,15,20,15,1075.6280517578125
48484,9,11,5,23.5,15,23.5,15,1075.72802734375
48484,9,4,5,20,20,20,20,1076.1109619140625
48484,9,6,4,17.5,17.5,17.5,17.5,1076.22802734375
48484,9,3,4,15,20,15,20,1076.510986328125
48484,9,1,5,15,23.5,15,23.5,1076.56103515625
48484,9,5,2,12.5,17.5,12.5,17.5,1076.9449462890625
48484,9,9,4,15,15,15,15,1077.1610107421875
48484,9,12,2,12.5,12.5,12.5,12.5,1077.3780517578125
48484,9,14,1,10,10,10,10,1077.7779541015625
48484,9,35,1,10,-1.5,10,-1.5,1078.677978515625
48484,9,37,1,10,-5,10,-5,1078.97802734375
48484,9,40,2,12.5,-7.5,12.5,-7.5,1079.1610107421875
48484,9,43,4,10,-10,10,-10,1079.344970703125
48484,9,47,4,12.5,-12.5,12.5,-12.5,1079.56103515625
48484,9,46,2,7.5,-12.5,7.5,-12.5,1079.760986328125
48484,9,51,5,10,-18.5,10,-18.5,1080.0450439453125
48484,9,50,5,15,-15,15,-15,1080.927978515625
48484,9,44,4,15,-10,15,-10,1081.362060546875
48484,9,45,5,18.5,-10,18.5,-10,1081.427978515625
48484,9,38,2,15,-5,15,-5,1081.8780517578125
48484,9,17,1,15,6.5,15,6.5,1082.8609619140625
48484,9,15,1,15,10,15,10,1083.1610107421875
48484,9,13,2,17.5,12.5,17.5,12.5,1083.3609619140625
48484,9,9,4,15,15,15,15,1083.677978515625
48484,9,6,4,17.5,17.5,17.5,17.5,1083.761962890625
48484,9,4,5,20,20,20,20,1083.9620361328125
48484,9,11,5,23.5,15,23.5,15,1084.4610595703125
48484,9,10,4,20,15,20,15,1085.06103515625
48484,9,3,4,15,20,15,20,1085.64501953125
48484,9,1,5,15,23.5,15,23.5,1085.8780517578125
48484,9,2,2,10,20,10,20,1086.5279541015625
48484,9,5,2,12.5,17.5,12.5,17.5,1086.7120361328125
48484,9,8,1,10,15,10,15,1086.927978515625
48484,9,12,2,12.5,12.5,12.5,12.5,1087.14404296875
48484,9,14,1,10,10,10,10,1087.3780517578125
48484,9,28,1,0,15,0,15,1088.2449951171875
48484,9,35,1,10,-1.5,10,-1.5,1089.927978515625
48484,9,39,2,7.5,-7.5,7.5,-7.5,1090.427978515625
48484,9,46,2,7.5,-12.5,7.5,-12.5,1090.862060546875
48484,9,51,5,10,-18.5,10,-18.5,1091.3780517578125
48484,9,49,4,10,-15,10,-15,1091.7779541015625
48484,9,47,4,12.5,-12.5,12.5,-12.5,1091.9620361328125
48484,9,50,5,15,-15,15,-15,1092.1280517578125
48484,9,44,4,15,-10,15,-10,1092.22802734375
48484,9,45,5,18.5,-10,18.5,-10,1092.4439697265625
48484,9,48,2,5,-15,5,-15,1093.9449462890625
48484,9,43,4,10,-10,10,-10,1094.64501953125
48484,9,40,2,12.5,-7.5,12.5,-7.5,1094.9449462890625
48484,9,37,1,10,-5,10,-5,1095.1280517578125
48484,9,17,1,15,6.5,15,6.5,1096.177978515625
48484,9,15,1,15,10,15,10,1096.510986328125
48484,9,16,2,20,10,20,10,1096.7449951171875
48484,9,11,5,23.5,15,23.5,15,1097.1619873046875
48484,9,10,4,20,15,20,15,1097.4110107421875
48484,9,4,5,20,20,20,20,1097.6280517578125
48484,9,6,4,17.5,17.5,17.5,17.5,1097.677978515625
48484,9,3,4,15,20,15,20,1097.97802734375
48484,9,1,5,15,23.5,15,23.5,1098.0780029296875
48484,9,9,4,15,15,15,15,1098.4449462890625
48484,9,12,2,12.5,12.5,12.5,12.5,1098.9449462890625
48484,9,8,1,10,15,10,15,1099.2769775390625
48484,9,2,2,10,20,10,20,1099.7110595703125
48484,9,17,1,15,6.5,15,6.5,1101.362060546875
48484,9,38,2,15,-5,15,-5,1102.31201171875
48484,9,44,4,15,-10,15,-10,1102.677978515625
48484,9,47,4,12.5,-12.5,12.5,-12.5,1102.9620361328125
48484,9,43,4,10,-10,10,-10,1103.0279541015625
48484,9,49,4,10,-15,10,-15,1103.2440185546875
48484,9,51,5,10,-18.5,10,-18.5,1103.8280029296875
48484,9,50,5,15,-15,15,-15,1104.31201171875
48484,9,45,5,18.5,-10,18.5,-10,1104.81201171875
48484,9,40,2,12.5,-7.5,12.5,-7.5,1105.177978515625
48484,9,46,2,7.5,-12.5,7.5,-12.5,1105.761962890625
48484,9,48,2,5,-15,5,-15,1106.06103515625
48484,9,41,1,1.5,-10,1.5,-10,1106.4110107421875
48484,9,42,1,5,-10,5,-10,1106.47802734375
48484,9,39,2,7.5,-7.5,7.5,-7.5,1106.7449951171875
48484,9,37,1,10,-5,10,-5,1107.06201171875
48484,9,35,1,10,-1.5,10,-1.5,1107.4449462890625
48484,9,15,1,15,10,15,10,1108.428955078125
48484,9,13,2,17.5,12.5,17.5,12.5,1108.7120361328125
48484,9,10,4,20,15,20,15,1108.9620361328125
48484,9,11,5,23.5,15,23.5,15,1109.22802734375
48484,9,4,5,20,20,20,20,1109.4620361328125
48484,9,1,5,15,23.5,15,23.5,1110.011962890625
48484,9,3,4,15,20,15,20,1110.1619873046875
48484,9,6,4,17.5,17.5,17.5,17.5,1110.4449462890625
48484,9,9,4,15,15,15,15,1110.6280517578125
48484,9,12,2,12.5,12.5,12.5,12.5,1110.9449462890625
48484,9,14,1,10,10,10,10,1111.261962890625
48484,9,7,1,6.5,15,6.5,15,1111.6280517578125
48484,9,8,1,10,15,10,15,1111.72900390625
48484,9,2,2,10,20,10,20,1112.0279541015625
48484,9,5,2,12.5,17.5,12.5,17.5,1112.5789794921875
48484,9,16,2,20,10,20,10,1113.7449951171875
48484,9,15,1,15,10,15,10,1114.2449951171875
48484,9,13,2,17.5,12.5,17.5,12.5,1114.56201171875
48484,9,10,4,20,15,20,15,1114.81201171875
48484,9,11,5,23.5,15,23.5,15,1115.0450439453125
48484,9,4,5,20,20,20,20,1115.4449462890625
48484,9,1,5,15,23.5,15,23.5,1116.2120361328125
48484,9,3,4,15,20,15,20,1116.4449462890625
48484,9,6,4,17.5,17.5,17.5,17.5,1116.7120361328125
48484,9,9,4,15,15,15,15,1116.9110107421875
48484,9,12,2,12.5,12.5,12.5,12.5,1117.22900390625
48484,9,14,1,10,10,10,10,1117.5439453125
48484,9,17,1,15,6.5,15,6.5,1118.0450439453125
48484,9,38,2,15,-5,15,-5,1118.928955078125
48484,9,45,5,18.5,-10,18.5,-10,1119.3609619140625
48484,9,44,4,15,-10,15,-10,1119.511962890625
48484,9,47,4,12.5,-12.5,12.5,-12.5,1119.779052734375
48484,9,50,5,15,-15,15,-15,1119.81201171875
48484,9,51,5,10,-18.5,10,-18.5,1120.22900390625
48484,9,48,2,5,-15,5,-15,1120.81201171875
48484,9,46,2,7.5,-12.5,7.5,-12.5,1120.97802734375
48484,9,49,4,10,-15,10,-15,1121.1109619140625
48484,9,43,4,10,-10,10,-10,1121.927978515625
48484,9,40,2,12.5,-7.5,12.5,-7.5,1122.261962890625
48484,9,37,1,10,-5,10,-5,1122.4610595703125
48484,9,39,2,7.5,-7.5,7.5,-7.5,1122.7120361328125
48484,9,42,1,5,-10,5,-10,1123.029052734375
48484,9,35,1,10,-1.5,10,-1.5,1123.6109619140625
48484,9,17,1,15,6.5,15,6.5,1124.428955078125
48484,9,16,2,20,10,20,10,1124.928955078125
48484,9,13,2,17.5,12.5,17.5,12.5,1125.14501953125
48484,9,10,4,20,15,20,15,1125.22802734375
48484,9,11,5,23.5,15,23.5,15,1125.343994140625
48484,9,4,5,20,20,20,20,1125.678955078125
48484,9,6,4,17.5,17.5,17.5,17.5,1125.862060546875
48484,9,3,4,15,20,15,20,1126.1290283203125
48484,9,2,2,10,20,10,20,1126.612060546875
48484,9,5,2,12.5,17.5,12.5,17.5,1126.64501953125
48484,9,9,4,15,15,15,15,1127.011962890625
48484,9,12,2,12.5,12.5,12.5,12.5,1127.3280029296875
48484,9,15,1,15,10,15,10,1127.4119873046875
48484,9,14,1,10,10,10,10,1127.64404296875
48484,9,38,2,15,-5,15,-5,1128.81201171875
48484,9,44,4,15,-10,15,-10,1129.177978515625
48484,9,50,5,15,-15,15,-15,1129.6109619140625
48484,9,47,4,12.5,-12.5,12.5,-12.5,1129.761962890625
48484,9,49,4,10,-15,10,-15,1129.97900390625
48484,9,51,5,10,-18.5,10,-18.5,1130.0439453125
48484,9,45,5,18.5,-10,18.5,-10,1130.97900390625
48484,9,43,4,10,-10,10,-10,1131.678955078125
48484,9,40,2,12.5,-7.5,12.5,-7.5,1131.7449951171875
48484,9,37,1,10,-5,10,-5,1132.029052734375
48484,9,36,1,5,-5,5,-5,1132.4610595703125
48484,9,42,1,5,-10,5,-10,1132.9610595703125
48484,9,48,2,5,-15,5,-15,1133.3609619140625
48484,9,46,2,7.5,-12.5,7.5,-12.5,1133.6290283203125
48484,9,39,2,7.5,-7.5,7.5,-7.5,1134.0789794921875
48484,9,35,1,10,-1.5,10,-1.5,1134.6290283203125
48484,9,50,5,15,-15,15,-15,1135.9620361328125
48484,9,47,4,10,-15,12.5,-12.5,1136.4119873046875
48484,9,49,4,10,-15,10,-15,1136.428955078125
48484,9,47,4,12.5,-12.5,12.5,-12.5,1136.6619873046875
48484,9,45,5,18.5,-10,18.5,-10,1137.2449951171875
48484,9,40,2,12.5,-7.5,12.5,-7.5,1137.7440185546875
48484,9,37,1,10,-5,10,-5,1138.112060546875
48484,9,43,4,10,-10,10,-10,1138.529052734375
48484,9,46,2,7.5,-12.5,7.5,-12.5,1138.9119873046875
48484,9,48,2,5,-15,5,-15,1139.177978515625
48484,9,41,1,1.5,-10,1.5,-10,1139.81103515625
48484,9,36,1,5,-5,5,-5,1140.2449951171875
48484,9,35,1,10,-1.5,10,-1.5,1140.72802734375
48484,9,17,1,15,6.5,15,6.5,1141.5460205078125
48484,9,15,1,15,10,15,10,1141.8289794921875
48484,9,13,2,17.5,12.5,17.5,12.5,1142.0780029296875
48484,9,10,4,20,15,20,15,1142.343994140625
48484,9,11,5,23.5,15,23.5,15,1142.47900390625
48484,9,4,5,20,20,20,20,1142.862060546875
48484,9,1,5,15,23.5,15,23.5,1143.362060546875
48484,9,3,4,15,20,15,20,1143.47900390625
48484,9,6,4,17.5,17.5,17.5,17.5,1143.7449951171875
48484,9,9,4,15,15,15,15,1143.9449462890625
48484,9,12,2,12.5,12.5,12.5,12.5,1144.2449951171875
48484,9,8,1,10,15,10,15,1144.428955078125
48484,9,5,2,12.5,17.5,12.5,17.5,1144.612060546875
48484,9,38,2,15,-5,15,-5,1146.9449462890625
48484,9,44,4,15,-10,15,-10,1147.362060546875
48484,9,45,5,18.5,-10,18.5,-10,1147.428955078125
48484,9,50,5,15,-15,15,-15,1147.779052734375
48484,9,51,5,10,-18.5,10,-18.5,1148.260986328125
48484,9,49,4,10,-15,10,-15,1148.427978515625
48484,9,47,4,12.5,-12.5,12.5,-12.5,1148.844970703125
48484,9,43,4,10,-10,10,-10,1148.9119873046875
48484,9,39,2,7.5,-7.5,7.5,-7.5,1149.3289794921875
48484,9,37,1,10,-5,10,-5,1149.4620361328125
48484,9,17,1,15,6.5,15,6.5,1150.5279541015625
48484,9,15,1,15,10,15,10,1150.81103515625
48484,9,13,2,17.5,12.5,17.5,12.5,1151.06103515625
48484,9,10,4,20,15,20,15,1151.3280029296875
48484,9,11,5,23.5,15,23.5,15,1151.5780029296875
48484,9,4,5,20,20,20,20,1151.8289794921875
48484,9,1,5,15,23.5,15,23.5,1152.3280029296875
48484,9,3,4,15,20,15,20,1152.5279541015625
48484,9,6,4,17.5,17.5,17.5,17.5,1152.8280029296875
48484,9,9,4,15,15,15,15,1152.97900390625
48484,9,12,2,12.5,12.5,12.5,12.5,1153.2449951171875
48484,9,8,1,10,15,10,15,1153.4449462890625
48484,9,7,1,6.5,15,6.5,15,1153.7110595703125
48484,9,23,2,-10,20,-10,20,1155.22802734375
48484,9,20,4,-15,25,-15,25,1155.7449951171875
48484,9,18,5,-15,30,-15,30,1156.112060546875
48484,9,19,5,-25,25,-25,25,1157.2779541015625
48484,10,36,2,5,-5,5,-5,325.60479736328125
48484,10,39,2,7.5,-7.5,7.5,-7.5,325.9045104980469
48484,10,43,2,10,-10,10,-10,326.2044982910156
48484,10,47,2,12.5,-12.5,12.5,-12.5,326.5036926269531
48484,10,50,2,15,-15,15,-15,326.7882080078125
48484,10,51,2,10,-18.5,10,-18.5,327.1705017089844
48484,10,48,2,5,-15,5,-15,327.5715026855469
48484,10,41,2,1.5,-10,1.5,-10,328.03790283203125
48484,10,55,2,-10,-10,-10,-10,329.0216064453125
48484,10,57,2,-15,-15,-15,-15,329.6048889160156
48484,10,60,2,-10,-20,-10,-20,330.2716064453125
48484,10,61,2,-5,-20,-5,-20,330.7372131347656
48484,10,42,2,5,-10,5,-10,331.90399169921875
48484,10,39,2,7.5,-7.5,7.5,-7.5,332.2048034667969
48484,10,37,2,10,-5,10,-5,332.4881896972656
48484,10,38,2,15,-5,15,-5,332.92041015625
48484,10,44,2,15,-10,15,-10,333.2373046875
48484,10,47,2,12.5,-12.5,12.5,-12.5,333.48760986328125
48484,10,49,2,10,-15,10,-15,333.7715148925781
48484,10,46,2,7.5,-12.5,7.5,-12.5,333.9215087890625
48484,10,48,2,5,-15,5,-15,334.12139892578125
48484,10,51,2,10,-18.5,10,-18.5,334.4216003417969
48484,10,50,2,15,-15,15,-15,335.00390625
48484,10,43,2,10,-10,10,-10,335.6046142578125
48484,10,35,2,10,-1.5,10,-1.5,336.3048095703125
48484,10,15,2,15,10,15,10,337.3716125488281
48484,10,13,2,17.5,12.5,17.5,12.5,337.6715087890625
48484,10,11,2,23.5,15,23.5,15,338.20489501953125
48484,10,10,2,20,15,20,15,338.3382873535156
48484,10,6,2,17.5,17.5,17.5,17.5,338.6380920410156
48484,10,4,2,20,20,20,20,338.68829345703125
48484,10,3,2,15,20,15,20,338.92041015625
48484,10,1,2,15,23.5,15,23.5,339.1383056640625
48484,10,2,2,10,20,10,20,339.40478515625
48484,10,5,2,12.5,17.5,12.5,17.5,339.5372009277344
48484,10,8,2,10,15,10,15,339.7214050292969
48484,10,12,2,12.5,12.5,12.5,12.5,339.9216003417969
48484,10,14,2,10,10,10,10,340.1372985839844
48484,10,17,2,15,6.5,15,6.5,340.60479736328125
48484,10,16,2,20,10,20,10,341.1205139160156
48484,10,9,2,15,15,15,15,341.72149658203125
48484,10,7,2,6.5,15,6.5,15,342.5047912597656
48484,10,28,2,0,15,0,15,343.0382995605469
48484,10,15,2,15,10,15,10,344.60400390625
48484,10,13,2,17.5,12.5,17.5,12.5,345.0216064453125
48484,10,16,2,20,15,20,10,345.40460205078125
48484,10,10,2,20,15,20,15,345.4215087890625
48484,10,6,2,17.5,17.5,17.5,17.5,345.6881103515625
48484,10,3,2,15,20,15,20,345.97149658203125
48484,10,2,2,10,20,10,20,346.48809814453125
48484,10,5,2,12.5,17.5,12.5,17.5,346.68829345703125
48484,10,8,2,10,15,10,15,346.82110595703125
48484,10,12,2,12.5,12.5,12.5,12.5,347.0213928222656
48484,10,14,2,10,10,10,10,347.2206115722656
48484,10,17,2,15,6.5,15,6.5,347.6382141113281
48484,10,16,2,20,10,20,10,348.17169189453125
48484,10,9,2,15,15,15,15,348.5873107910156
48484,10,1,2,15,23.5,15,23.5,349.3385009765625
48484,10,4,2,20,20,20,20,349.7716979980469
48484,10,10,2,20,15,20,15,350.4377136230469
48484,10,13,2,17.5,12.5,17.5,12.5,350.5216979980469
48484,10,15,2,15,10,15,10,350.8216857910156
48484,10,35,2,10,-1.5,10,-1.5,351.97088623046875
48484,10,37,2,10,-5,10,-5,352.2716979980469
48484,10,39,2,7.5,-7.5,7.5,-7.5,352.4717102050781
48484,10,43,2,10,-10,10,-10,352.68829345703125
48484,10,46,2,7.5,-12.5,7.5,-12.5,352.8880920410156
48484,10,49,2,10,-15,10,-15,353.1046142578125
48484,10,51,2,10,-18.5,10,-18.5,353.4381103515625
48484,10,50,2,15,-15,15,-15,353.8717041015625
48484,10,47,2,15,-10,12.5,-12.5,354.28839111328125
48484,10,44,2,15,-10,15,-10,354.3049011230469
48484,10,40,2,12.5,-7.5,12.5,-7.5,354.57159423828125
48484,10,38,2,15,-5,15,-5,354.77069091796875
48484,10,45,2,18.5,-10,18.5,-10,355.4049987792969
48484,10,42,2,5,-10,5,-10,357.3716125488281
48484,10,39,2,7.5,-7.5,7.5,-7.5,357.5884094238281
48484,10,35,2,10,-1.5,10,-1.5,358.2207946777344
48484,10,37,2,10,-5,10,-5,358.7049865722656
48484,10,43,2,10,-10,10,-10,359.1217041015625
48484,10,46,2,7.5,-12.5,7.5,-12.5,359.3207092285156
48484,10,49,2,10,-15,10,-15,359.53851318359375
48484,10,51,2,10,-18.5,10,-18.5,359.8384094238281
48484,10,50,2,15,-15,15,-15,360.720703125
48484,10,47,2,12.5,-12.5,12.5,-12.5,361.0040893554687
48484,10,44,2,15,-10,15,-10,361.17181396484375
48484,10,40,2,12.5,-7.5,12.5,-7.5,361.3873901367187
48484,10,38,2,15,-5,15,-5,361.6040954589844
48484,10,45,2,18.5,-10,18.5,-10,362.0874938964844
48484,10,48,2,5,-15,5,-15,363.7051086425781
48484,10,42,2,5,-10,5,-10,364.1384887695313
48484,10,39,2,7.5,-7.5,7.5,-7.5,364.4375
48484,10,37,2,10,-5,10,-5,364.7208862304687
48484,10,35,2,10,-1.5,10,-1.5,364.9718017578125
48484,10,36,2,5,-5,5,-5,365.404296875
48484,10,43,2,10,-10,10,-10,366.0050964355469
48484,10,49,2,10,-15,10,-15,366.3876037597656
48484,10,51,2,10,-18.5,10,-18.5,366.6885070800781
48484,10,50,2,15,-15,15,-15,367.2207946777344
48484,10,44,2,15,-10,15,-10,367.6709899902344
48484,10,47,2,12.5,-12.5,12.5,-12.5,367.7041931152344
48484,10,40,2,12.5,-7.5,12.5,-7.5,367.9049072265625
48484,10,38,2,15,-5,15,-5,368.1051940917969
48484,10,45,2,18.5,-10,18.5,-10,368.7709045410156
48484,10,46,2,7.5,-12.5,7.5,-12.5,369.8218994140625
48484,10,42,2,5,-10,5,-10,370.1051940917969
48484,10,41,2,1.5,-10,1.5,-10,370.4718933105469
48484,10,48,2,5,-15,5,-15,370.8049011230469
48484,10,49,2,10,-15,10,-15,371.4042053222656
48484,10,43,2,10,-10,10,-10,371.5383911132813
48484,10,39,2,7.5,-7.5,7.5,-7.5,371.8218078613281
48484,10,37,2,10,-5,10,-5,372.17181396484375
48484,10,35,2,10,-1.5,10,-1.5,372.4884948730469
48484,10,36,2,5,-5,5,-5,373.2218933105469
48484,10,40,2,12.5,-7.5,12.5,-7.5,373.8884887695313
48484,10,38,2,15,-5,15,-5,374.1716003417969
48484,10,44,2,15,-10,15,-10,374.3876953125
48484,10,47,2,12.5,-12.5,12.5,-12.5,374.7376098632813
48484,10,50,2,15,-15,15,-15,374.80511474609375
48484,10,51,2,10,-18.5,10,-18.5,375.2052917480469
48484,10,61,2,-5,-20,-5,-20,376.7219848632813
48484,10,60,2,-10,-20,-10,-20,377.1719055175781
48484,10,63,2,-15,-25,-15,-25,377.7207946777344
48484,10,65,2,-20,-30,-20,-30,378.5042114257813
48484,10,62,2,-25,-25,-25,-25,380.2218933105469
48484,10,56,2,-25,-15,-25,-15,381.5043029785156
48484,10,54,2,-20,-10,-20,-10,382.0051879882813
48484,10,60,2,-10,-20,-10,-20,383.2876892089844
48484,10,61,2,-5,-20,-5,-20,383.7709045410156
48484,10,48,2,5,-15,5,-15,384.7210083007813
48484,10,49,2,10,-18.5,10,-15,385.2218933105469
48484,10,51,2,10,-18.5,10,-18.5,385.2384948730469
48484,10,50,2,15,-15,15,-15,385.6052856445313
48484,10,47,2,12.5,-12.5,12.5,-12.5,385.6380920410156
48484,10,44,2,15,-10,15,-10,385.9219970703125
48484,10,45,2,18.5,-10,18.5,-10,386.0721130371094
48484,10,38,2,15,-5,15,-5,386.42230224609375
48484,10,40,2,12.5,-7.5,12.5,-7.5,386.48870849609375
48484,10,37,2,10,-5,10,-5,386.77191162109375
48484,10,35,2,10,-1.5,10,-1.5,386.88861083984375
48484,10,36,2,5,-5,5,-5,387.2219848632813
48484,10,42,2,5,-10,5,-10,387.7052917480469
48484,10,46,2,7.5,-12.5,7.5,-12.5,387.9710083007813
48484,10,43,2,10,-10,10,-10,388.4045104980469
48484,10,39,2,7.5,-7.5,7.5,-7.5,388.6221008300781
48484,10,41,2,1.5,-10,1.5,-10,389.0877075195313
48484,10,55,2,-10,-10,-10,-10,390.0387878417969
48484,10,57,2,-15,-15,-15,-15,390.6210021972656
48484,10,60,2,-10,-20,-10,-20,391.0885925292969
48484,10,61,2,-5,-20,-5,-20,391.5210876464844
48484,10,48,2,5,-15,5,-15,392.5220031738281
48484,10,51,2,10,-18.5,10,-18.5,393.0044860839844
48484,10,49,2,10,-15,10,-15,393.3887023925781
48484,10,47,2,12.5,-12.5,12.5,-12.5,393.53851318359375
48484,10,44,2,15,-10,15,-10,393.8053894042969
48484,10,40,2,12.5,-7.5,12.5,-7.5,394.20550537109375
48484,10,37,2,10,-5,10,-5,394.4876098632813
48484,10,35,2,10,-1.5,10,-1.5,394.7052917480469
48484,10,36,2,5,-5,5,-5,395.0220031738281
48484,10,41,2,1.5,-10,1.5,-10,395.5382995605469
48484,10,42,2,5,-10,5,-10,395.8387145996094
48484,10,46,2,7.5,-12.5,7.5,-12.5,396.0386962890625
48484,10,42,2,7.5,-7.5,5,-10,396.27191162109375
48484,10,39,2,7.5,-7.5,7.5,-7.5,396.2886962890625
48484,10,38,2,15,-5,15,-5,396.8219909667969
48484,10,45,2,18.5,-10,18.5,-10,397.3221130371094
48484,10,50,2,15,-15,15,-15,397.7388000488281
48484,10,49,2,10,-15,10,-15,398.4220886230469
48484,10,48,2,5,-15,5,-15,398.6387023925781
48484,10,55,2,-10,-10,-10,-10,400.6380004882813
48484,10,41,2,1.5,-10,1.5,-10,401.6882019042969
48484,10,46,2,7.5,-12.5,7.5,-12.5,402.3055114746094
48484,10,43,2,10,-10,10,-10,402.6387939453125
48484,10,40,2,12.5,-7.5,12.5,-7.5,402.9209899902344
48484,10,37,2,10,-5,10,-5,403.22210693359375
48484,10,35,2,10,-1.5,10,-1.5,403.5387878417969
48484,10,36,2,5,-5,5,-5,403.9053955078125
48484,10,42,2,5,-10,5,-10,404.33880615234375
48484,10,48,2,5,-15,5,-15,404.7886962890625
48484,10,51,2,10,-18.5,10,-18.5,405.3221130371094
48484,10,49,2,10,-15,10,-15,405.8221130371094
48484,10,47,2,12.5,-12.5,12.5,-12.5,405.9049072265625
48484,10,44,2,15,-10,15,-10,406.2388000488281
48484,10,38,2,15,-5,15,-5,406.7221984863281
48484,10,17,2,15,6.5,15,6.5,407.9056091308594
48484,10,15,2,15,10,15,10,408.2055969238281
48484,10,13,2,17.5,12.5,17.5,12.5,408.4722900390625
48484,10,11,2,23.5,15,23.5,15,409.1054992675781
48484,10,10,2,20,15,20,15,409.3888854980469
48484,10,4,2,17.5,17.5,20,20,409.5722961425781
48484,10,6,2,17.5,17.5,17.5,17.5,409.58880615234375
48484,10,3,2,15,20,15,20,409.8888854980469
48484,10,1,2,15,23.5,15,23.5,410.0054016113281
48484,10,5,2,12.5,17.5,12.5,17.5,410.4222106933594
48484,10,8,2,10,15,10,15,410.68890380859375
48484,10,7,2,6.5,15,6.5,15,410.8887023925781
48484,10,14,2,10,10,10,10,411.2055969238281
48484,10,12,2,12.5,12.5,12.5,12.5,411.8888854980469
48484,10,9,2,15,15,15,15,412.2054138183594
48484,10,2,2,10,20,10,20,412.6055908203125
48484,10,21,2,-5,25,-5,25,414.0223083496094
48484,10,18,2,-15,30,-15,30,414.989013671875
48484,10,19,2,-25,25,-25,25,415.9389953613281
48484,10,24,2,-30,15,-30,15,416.8880920410156
48484,10,25,2,-25,15,-25,15,417.53900146484375
48484,10,32,2,-15,5,-15,5,418.7222900390625
48484,10,52,2,-20,-5,-20,-5,419.5723876953125
48484,10,54,2,-20,-10,-20,-10,420.0049133300781
48484,10,59,2,-20,-20,-20,-20,420.872314453125
48484,10,63,2,-15,-25,-15,-25,421.4388122558594
48484,10,66,2,-10,-30,-10,-30,422.122314453125
48484,10,64,2,-30,-30,-30,-30,424.2056884765625
48484,10,62,2,-25,-25,-25,-25,424.6048889160156
48484,10,65,2,-20,-30,-20,-30,425.505615234375
48484,10,63,2,-15,-25,-15,-25,426.4721984863281
48484,10,59,2,-20,-20,-20,-20,426.8724060058594
48484,10,58,2,-30,-20,-30,-20,427.77239990234375
48484,10,54,2,-20,-10,-20,-10,428.92230224609375
48484,10,57,2,-15,-15,-15,-15,429.4722900390625
48484,10,60,2,-10,-20,-10,-20,430.0892028808594
48484,10,61,2,-5,-20,-5,-20,430.5054931640625
48484,10,48,2,5,-15,5,-15,431.489013671875
48484,10,49,2,10,-15,10,-15,431.9390869140625
48484,10,50,2,15,-15,15,-15,432.3721008300781
48484,10,44,2,15,-10,15,-10,432.8389892578125
48484,10,40,2,12.5,-7.5,12.5,-7.5,433.2221984863281
48484,10,38,2,15,-5,15,-5,433.2554016113281
48484,10,37,2,10,-5,10,-5,433.505615234375
48484,10,35,2,10,-1.5,10,-1.5,433.7049865722656
48484,10,36,2,5,-5,5,-5,433.989013671875
48484,10,39,2,7.5,-7.5,7.5,-7.5,434.1391906738281
48484,10,42,2,5,-10,5,-10,434.322509765625
48484,10,46,2,7.5,-12.5,7.5,-12.5,434.5215148925781
48484,10,51,2,10,-18.5,10,-18.5,435.1058044433594
48484,10,61,2,-5,-20,-5,-20,436.472412109375
48484,10,60,2,-10,-20,-10,-20,436.88909912109375
48484,10,63,2,-15,-25,-15,-25,438.28900146484375
48484,10,66,2,-10,-30,-10,-30,438.8727111816406
48484,10,48,2,5,-15,5,-15,440.9714965820313
48484,10,49,2,10,-15,10,-15,441.37249755859375
48484,10,51,2,10,-18.5,10,-18.5,441.4725036621094
48484,10,50,2,15,-15,15,-15,441.8218994140625
48484,10,45,2,18.5,-10,18.5,-10,442.3057861328125
48484,10,38,2,15,-5,15,-5,442.7724914550781
48484,10,35,2,10,-1.5,10,-1.5,443.2720947265625
48484,10,36,2,5,-5,5,-5,443.705810546875
48484,10,41,2,1.5,-10,1.5,-10,444.205810546875
48484,10,42,2,5,-10,5,-10,444.4891052246094
48484,10,46,2,7.5,-12.5,7.5,-12.5,444.6724853515625
48484,10,47,2,12.5,-12.5,12.5,-12.5,445.10589599609375
48484,10,44,2,15,-10,15,-10,445.3392028808594
48484,10,40,2,12.5,-7.5,12.5,-7.5,445.47259521484375
48484,10,37,2,10,-5,10,-5,445.705810546875
48484,10,39,2,7.5,-7.5,7.5,-7.5,446.0390930175781
48484,10,43,2,10,-10,10,-10,446.2391052246094
48484,10,49,2,10,-15,10,-15,447.4057922363281
48484,10,51,2,10,-18.5,10,-18.5,447.722412109375
48484,10,48,2,5,-15,5,-15,448.2882995605469
48484,10,50,2,15,-15,15,-15,449.072509765625
48484,10,45,2,18.5,-10,18.5,-10,449.6391906738281
48484,10,38,2,15,-5,15,-5,450.205810546875
48484,10,35,2,10,-1.5,10,-1.5,450.7056884765625
48484,10,36,2,5,-5,5,-5,451.1393127441406
48484,10,42,2,5,-10,5,-10,451.6387939453125
48484,10,46,2,7.5,-12.5,7.5,-12.5,451.9725036621094
48484,10,47,2,12.5,-12.5,12.5,-12.5,452.4057922363281
48484,10,44,2,15,-10,15,-10,452.6719055175781
48484,10,40,2,12.5,-7.5,12.5,-7.5,452.8725891113281
48484,10,37,2,10,-5,10,-5,453.1225891113281
48484,10,39,2,7.5,-7.5,7.5,-7.5,453.3392028808594
48484,10,43,2,10,-10,10,-10,453.5722961425781
48484,10,49,2,10,-15,10,-15,454.0226135253906
48484,10,51,2,10,-18.5,10,-18.5,454.3057861328125
48484,10,48,2,5,-15,5,-15,455.08929443359375
48484,10,41,2,1.5,-10,1.5,-10,455.6719970703125
48484,10,38,2,15,-5,15,-5,456.889404296875
48484,10,45,2,18.5,-10,18.5,-10,457.0726013183594
48484,10,50,2,15,-15,15,-15,457.58929443359375
48484,10,46,2,7.5,-12.5,7.5,-12.5,458.3226013183594
48484,10,42,2,5,-10,5,-10,458.60589599609375
48484,10,39,2,7.5,-7.5,7.5,-7.5,458.8226013183594
48484,10,37,2,10,-5,10,-5,459.0889892578125
48484,10,35,2,10,-1.5,10,-1.5,459.3056945800781
48484,10,40,2,12.5,-7.5,12.5,-7.5,460.30609130859375
48484,10,47,2,12.5,-12.5,12.5,-12.5,460.7384948730469
48484,10,49,2,10,-15,10,-15,461.03851318359375
48484,10,51,2,10,-18.5,10,-18.5,461.289306640625
48484,10,48,2,5,-15,5,-15,461.7226867675781
48484,10,43,2,10,-10,10,-10,462.3226013183594
48484,10,44,2,15,-10,15,-10,462.805908203125
48484,10,45,2,18.5,-10,18.5,-10,463.1217956542969
48484,10,38,2,15,-5,15,-5,463.47259521484375
48484,10,17,2,15,6.5,15,6.5,464.4894104003906
48484,10,15,2,15,10,15,10,464.7892150878906
48484,10,13,2,17.5,12.5,17.5,12.5,465.0393981933594
48484,10,10,2,20,15,20,15,465.32269287109375
48484,10,6,2,17.5,17.5,17.5,17.5,465.7392883300781
48484,10,3,2,15,20,15,20,466.022705078125
48484,10,1,2,15,23.5,15,23.5,466.2394104003906
48484,10,2,2,10,20,10,20,466.5889892578125
48484,10,8,2,10,15,10,15,467.0058898925781
48484,10,14,2,10,10,10,10,467.422607421875
48484,10,12,2,12.5,12.5,12.5,12.5,467.68939208984375
48484,10,9,2,15,15,15,15,467.939208984375
48484,10,5,2,12.5,17.5,12.5,17.5,468.1394958496094
48484,10,7,2,6.5,15,6.5,15,468.7727966308594
48484,10,35,2,10,-1.5,10,-1.5,470.222412109375
48484,10,37,2,10,-5,10,-5,470.522705078125
48484,10,43,2,10,-10,10,-10,470.93939208984375
48484,10,47,2,12.5,-12.5,12.5,-12.5,471.18939208984375
48484,10,44,2,15,-10,15,-10,471.522705078125
48484,10,40,2,12.5,-7.5,12.5,-7.5,471.7889099121094
48484,10,37,2,5,-5,10,-5,472.489501953125
48484,10,36,2,5,-5,5,-5,472.5054016113281
48484,10,42,2,5,-10,5,-10,472.7726135253906
48484,10,41,2,1.5,-10,1.5,-10,472.906005859375
48484,10,48,2,5,-15,5,-15,473.2394104003906
48484,10,49,2,10,-15,10,-15,473.7726135253906
48484,10,38,2,15,-5,15,-5,474.9060974121094
48484,10,50,2,15,-15,15,-15,475.9894104003906
48484,10,51,2,10,-18.5,10,-18.5,476.5226135253906
48484,10,46,2,7.5,-12.5,7.5,-12.5,477.022705078125
48484,10,43,2,10,-10,10,-10,477.2228088378906
48484,10,40,2,12.5,-7.5,12.5,-7.5,477.4894104003906
48484,10,37,2,10,-5,10,-5,477.739501953125
48484,10,35,2,10,-1.5,10,-1.5,478.0726013183594
48484,10,36,2,5,-5,5,-5,478.43951416015625
48484,10,39,2,7.5,-7.5,7.5,-7.5,478.6890869140625
48484,10,42,2,5,-10,5,-10,479.0227966308594
48484,10,48,2,5,-15,5,-15,479.5895080566406
48484,10,49,2,10,-15,10,-15,479.9895935058594
48484,10,47,2,12.5,-12.5,12.5,-12.5,480.40521240234375
48484,10,44,2,15,-10,15,-10,480.672607421875
48484,10,45,2,18.5,-10,18.5,-10,480.93939208984375
48484,10,38,2,15,-5,15,-5,481.139404296875
48484,10,41,2,1.5,-10,1.5,-10,482.3894958496094
48484,10,50,2,15,-15,15,-15,483.4894104003906
48484,10,51,2,10,-18.5,10,-18.5,483.6228942871094
48484,10,46,2,7.5,-12.5,7.5,-12.5,484.33929443359375
48484,10,43,2,10,-10,10,-10,484.622802734375
48484,10,40,2,12.5,-7.5,12.5,-7.5,484.90618896484375
48484,10,37,2,10,-5,10,-5,485.0895080566406
48484,10,35,2,10,-1.5,10,-1.5,485.3894958496094
48484,10,36,2,5,-5,5,-5,485.8727111816406
48484,10,42,2,5,-10,5,-10,486.30609130859375
48484,10,48,2,5,-15,5,-15,486.739013671875
48484,10,49,2,10,-15,10,-15,487.239501953125
48484,10,47,2,12.5,-12.5,12.5,-12.5,487.52288818359375
48484,10,44,2,15,-10,15,-10,487.822998046875
