subject,level,obj_ID,point_value,x,y,new_x,new_y,time
48494,1,65,2,-10,-10,-10,-10,588.8253173828125
48494,1,66,2,-15,-10,-15,-10,589.25860595703125
48494,1,64,2,-17.5,-12.5,-17.5,-12.5,589.525390625
48494,1,61,2,-20,-15,-20,-15,589.841796875
48494,1,57,2,-17.5,-17.5,-17.5,-17.5,590.14208984375
48494,1,53,2,-15,-20,-15,-20,590.44207763671875
48494,1,52,2,-15,-23.5,-15,-23.5,590.72540283203125
48494,1,54,2,-10,-20,-10,-20,591.00872802734375
48494,1,59,2,-10,-15,-10,-15,591.59210205078125
48494,1,63,2,-12.5,-12.5,-12.5,-12.5,591.9088134765625
48494,1,68,2,-15,-6.5,-15,-6.5,592.49188232421875
48494,1,58,2,-6.5,-15,-6.5,-15,593.30877685546875
48494,1,56,2,-12.5,-17.5,-12.5,-17.5,593.74200439453125
48494,1,60,2,-15,-15,-15,-15,594.22552490234375
48494,1,64,2,-17.5,-12.5,-17.5,-12.5,594.5421142578125
48494,1,67,2,-20,-10,-20,-10,594.80902099609375
48494,1,62,2,-23.5,-15,-23.5,-15,595.22552490234375
48494,1,61,2,-20,-15,-20,-15,595.65863037109375
48494,1,57,2,-17.5,-17.5,-17.5,-17.5,595.82562255859375
48494,1,53,2,-15,-20,-15,-20,596.1256103515625
48494,1,52,2,-15,-23.5,-15,-23.5,596.44207763671875
48494,1,55,2,-20,-20,-20,-20,596.65899658203125
48494,1,54,2,-10,-20,-10,-20,597.62530517578125
48494,1,59,2,-10,-15,-10,-15,598.025390625
48494,1,63,2,-12.5,-12.5,-12.5,-12.5,598.32537841796875
48494,1,66,2,-15,-10,-15,-10,598.62530517578125
48494,1,68,2,-15,-6.5,-15,-6.5,598.90869140625
48494,1,65,2,-10,-10,-10,-10,599.0587158203125
48494,1,58,2,-6.5,-15,-6.5,-15,599.54217529296875
48494,1,56,2,-12.5,-17.5,-12.5,-17.5,599.95867919921875
48494,1,60,2,-15,-15,-15,-15,600.2589111328125
48494,1,64,2,-17.5,-12.5,-17.5,-12.5,600.5587158203125
48494,1,67,2,-20,-10,-20,-10,600.85882568359375
48494,1,62,2,-23.5,-15,-23.5,-15,601.2255859375
48494,1,55,2,-20,-20,-20,-20,601.70880126953125
48494,1,52,2,-15,-23.5,-15,-23.5,602.15899658203125
48494,1,53,2,-15,-20,-15,-20,602.50897216796875
48494,1,61,2,-20,-15,-20,-15,603.59210205078125
48494,1,57,2,-17.5,-17.5,-17.5,-17.5,604.04217529296875
48494,1,54,2,-10,-20,-10,-20,604.54217529296875
48494,1,59,2,-10,-15,-10,-15,605.0089111328125
48494,1,63,2,-12.5,-12.5,-12.5,-12.5,605.2921142578125
48494,1,66,2,-15,-10,-15,-10,605.5924072265625
48494,1,68,2,-15,-6.5,-15,-6.5,605.89208984375
48494,1,65,2,-10,-10,-10,-10,606.1422119140625
48494,1,58,2,-6.5,-15,-6.5,-15,606.72552490234375
48494,1,56,2,-12.5,-17.5,-12.5,-17.5,607.40869140625
48494,1,60,2,-15,-15,-15,-15,607.65899658203125
48494,1,64,2,-17.5,-12.5,-17.5,-12.5,607.958984375
48494,1,67,2,-20,-10,-20,-10,608.25909423828125
48494,1,62,2,-23.5,-15,-23.5,-15,608.54241943359375
48494,1,55,2,-20,-20,-20,-20,609.00897216796875
48494,1,52,2,-15,-23.5,-15,-23.5,609.5089111328125
48494,1,53,2,-15,-20,-15,-20,609.82550048828125
48494,1,57,2,-17.5,-17.5,-17.5,-17.5,610.04229736328125
48494,1,61,2,-20,-15,-20,-15,610.3424072265625
48494,1,66,2,-15,-10,-15,-10,610.82562255859375
48494,1,63,2,-12.5,-12.5,-12.5,-12.5,611.04229736328125
48494,1,59,2,-10,-15,-10,-15,611.34259033203125
48494,1,54,2,-10,-20,-10,-20,612.09222412109375
48494,1,58,2,-6.5,-15,-6.5,-15,612.60906982421875
48494,1,24,2,6.5,-15,6.5,-15,613.80902099609375
48494,1,25,2,10,-15,10,-15,614.0924072265625
48494,1,29,2,12.5,-12.5,12.5,-12.5,614.30889892578125
48494,1,31,2,10,-10,10,-10,614.40887451171875
48494,1,32,2,15,-10,15,-10,614.592529296875
48494,1,34,2,15,-6.5,15,-6.5,614.7589111328125
48494,1,30,2,17.5,-12.5,17.5,-12.5,615.05908203125
48494,1,23,2,17.5,-17.5,17.5,-17.5,615.49237060546875
48494,1,18,2,15,-23.5,15,-23.5,616.02569580078125
48494,1,20,2,10,-20,10,-20,616.52557373046875
48494,1,22,2,12.5,-17.5,12.5,-17.5,616.79241943359375
48494,1,21,2,20,-20,20,-20,617.40911865234375
48494,1,19,2,15,-20,15,-20,618.0087890625
48494,1,26,2,15,-15,15,-15,618.2255859375
48494,1,28,2,23.5,-15,23.5,-15,619.30889892578125
48494,1,27,2,20,-15,20,-15,619.50909423828125
48494,1,33,2,20,-10,20,-10,620.0426025390625
48494,1,30,2,17.5,-12.5,17.5,-12.5,620.092529296875
48494,1,34,2,15,-6.5,15,-6.5,620.8427734375
48494,1,31,2,10,-10,10,-10,621.359619140625
48494,1,24,2,6.5,-15,6.5,-15,621.8258056640625
48494,1,25,2,10,-15,10,-15,621.9091796875
48494,1,29,2,12.5,-12.5,12.5,-12.5,622.1925048828125
48494,1,32,2,15,-10,15,-10,622.5089111328125
48494,1,22,2,12.5,-17.5,12.5,-17.5,623.00921630859375
48494,1,20,2,10,-20,10,-20,623.30908203125
48494,1,18,2,15,-23.5,15,-23.5,623.85906982421875
48494,1,21,2,20,-20,20,-20,624.359375
48494,1,23,2,17.5,-17.5,17.5,-17.5,624.40887451171875
48494,1,26,2,15,-15,15,-15,624.64251708984375
48494,1,58,2,-6.5,-15,-6.5,-15,626.5924072265625
48494,1,59,2,-10,-15,-10,-15,626.80908203125
48494,1,56,2,-12.5,-17.5,-12.5,-17.5,627.10906982421875
48494,1,53,2,-15,-20,-15,-20,627.3927001953125
48494,1,52,2,-15,-23.5,-15,-23.5,627.59228515625
48494,1,57,2,-17.5,-17.5,-17.5,-17.5,627.8590087890625
48494,1,55,2,-20,-20,-20,-20,627.89239501953125
48494,1,61,2,-20,-15,-20,-15,628.14251708984375
48494,1,62,2,-23.5,-15,-23.5,-15,628.309326171875
48494,1,67,2,-20,-10,-20,-10,628.64251708984375
48494,1,64,2,-17.5,-12.5,-17.5,-12.5,628.7091064453125
48494,1,66,2,-15,-10,-15,-10,628.99237060546875
48494,1,68,2,-15,-6.5,-15,-6.5,629.09259033203125
48494,1,63,2,-12.5,-12.5,-12.5,-12.5,629.40899658203125
48494,1,65,2,-10,-10,-10,-10,629.6591796875
48494,1,60,2,-15,-15,-15,-15,629.94281005859375
48494,1,54,2,-10,-20,-10,-20,630.2926025390625
48494,1,18,2,15,-23.5,15,-23.5,632.442626953125
48494,1,19,2,15,-20,15,-20,632.54248046875
48494,1,23,2,17.5,-17.5,17.5,-17.5,632.82611083984375
48494,1,27,2,20,-15,20,-15,633.12591552734375
48494,1,28,2,23.5,-15,23.5,-15,633.392578125
48494,1,33,2,20,-10,20,-10,633.6593017578125
48494,1,34,2,15,-10,15,-6.5,634.14251708984375
48494,1,32,2,15,-10,15,-10,634.15911865234375
48494,1,29,2,12.5,-12.5,12.5,-12.5,634.442626953125
48494,1,25,2,10,-15,10,-15,634.74267578125
48494,1,24,2,6.5,-15,6.5,-15,635.00921630859375
48494,1,20,2,10,-20,10,-20,635.292724609375
48494,1,22,2,12.5,-17.5,12.5,-17.5,635.60919189453125
48494,1,26,2,15,-15,15,-15,635.85931396484375
48494,1,30,2,17.5,-12.5,17.5,-12.5,636.22601318359375
48494,1,21,2,20,-20,20,-20,636.909423828125
48494,1,18,2,15,-23.5,15,-23.5,637.45941162109375
48494,1,54,2,-10,-20,-10,-20,639.50927734375
48494,1,56,2,-12.5,-17.5,-12.5,-17.5,639.809326171875
48494,1,60,2,-15,-15,-15,-15,640.109375
48494,1,64,2,-17.5,-12.5,-17.5,-12.5,640.4091796875
48494,1,66,2,-15,-10,-15,-10,640.74261474609375
48494,1,68,2,-15,-6.5,-15,-6.5,640.99267578125
48494,1,65,2,-10,-10,-10,-10,641.24249267578125
48494,1,58,2,-6.5,-15,-6.5,-15,641.72607421875
48494,1,59,2,-10,-15,-10,-15,641.85931396484375
48494,1,67,2,-20,-10,-20,-10,642.95941162109375
48494,1,62,2,-23.5,-15,-23.5,-15,643.492919921875
48494,1,61,2,-20,-15,-20,-15,643.62591552734375
48494,1,57,2,-17.5,-17.5,-17.5,-17.5,643.9093017578125
48494,1,53,2,-15,-20,-15,-20,644.20928955078125
48494,1,52,2,-15,-23.5,-15,-23.5,644.409423828125
48494,1,24,2,6.5,-15,6.5,-15,646.40948486328125
48494,1,25,2,10,-15,10,-15,646.69268798828125
48494,1,29,2,12.5,-12.5,12.5,-12.5,646.95941162109375
48494,1,31,2,10,-10,10,-10,646.9927978515625
48494,1,32,2,15,-10,15,-10,647.25982666015625
48494,1,33,2,20,-10,20,-10,647.70947265625
48494,1,30,2,17.5,-12.5,17.5,-12.5,647.7427978515625
48494,1,27,2,20,-15,20,-15,648.009521484375
48494,1,28,2,23.5,-15,23.5,-15,648.1427001953125
48494,1,21,2,20,-20,20,-20,648.526123046875
48494,1,18,2,15,-23.5,15,-23.5,649.026123046875
48494,1,19,2,15,-20,15,-20,649.2593994140625
48494,1,20,2,10,-20,10,-20,649.45941162109375
48494,1,22,2,12.5,-17.5,12.5,-17.5,649.5093994140625
48494,1,26,2,15,-15,15,-15,649.825927734375
48494,1,23,2,17.5,-17.5,17.5,-17.5,649.99261474609375
48494,1,34,2,15,-6.5,15,-6.5,651.20947265625
48494,1,17,2,15,6.5,15,6.5,652.2095947265625
48494,1,15,2,15,10,15,10,652.50958251953125
48494,1,16,2,20,10,20,10,652.7427978515625
48494,1,10,2,20,15,20,15,653.04278564453125
48494,1,11,2,23.5,15,23.5,15,653.19281005859375
48494,1,6,2,17.5,17.5,17.5,17.5,653.50970458984375
48494,1,4,2,20,20,20,20,653.54278564453125
48494,1,2,2,15,20,15,20,653.79278564453125
48494,1,5,2,12.5,17.5,12.5,17.5,654.1259765625
48494,1,8,2,10,15,10,15,654.40948486328125
48494,1,7,2,6.5,15,6.5,15,654.659423828125
48494,1,14,2,10,10,10,10,655.026123046875
48494,1,12,2,12.5,12.5,12.5,12.5,655.4927978515625
48494,1,9,2,15,15,15,15,655.7593994140625
48494,1,3,2,10,20,10,20,656.859619140625
48494,1,41,2,-6.5,15,-6.5,15,658.40972900390625
48494,1,48,2,-10,10,-10,10,658.8594970703125
48494,1,49,2,-15,10,-15,10,659.343017578125
48494,1,47,2,-17.5,12.5,-17.5,12.5,659.726318359375
48494,1,44,2,-20,15,-20,15,660.00958251953125
48494,1,45,2,-23.5,15,-23.5,15,660.19281005859375
48494,1,38,2,-20,20,-20,20,660.54290771484375
48494,1,36,2,-15,20,-15,20,660.92626953125
48494,1,39,2,-10,20,-12.5,17.5,661.32611083984375
48494,1,37,2,-10,20,-10,20,661.34320068359375
48494,1,42,2,-10,15,-10,15,661.6094970703125
48494,1,46,2,-12.5,12.5,-12.5,12.5,661.94268798828125
48494,1,51,2,-15,6.5,-15,6.5,662.49298095703125
48494,1,68,2,-15,-6.5,-15,-6.5,663.609375
48494,1,67,2,-20,-10,-20,-10,664.0596923828125
48494,1,62,2,-23.5,-15,-23.5,-15,664.55950927734375
48494,1,61,2,-20,-15,-20,-15,664.609619140625
48494,1,57,2,-17.5,-17.5,-17.5,-17.5,664.859619140625
48494,1,53,2,-15,-20,-15,-20,665.14300537109375
48494,1,52,2,-15,-23.5,-15,-23.5,665.409912109375
48494,1,54,2,-10,-20,-10,-20,665.69287109375
48494,1,58,2,-6.5,-15,-6.5,-15,666.159912109375
48494,1,59,2,-10,-15,-10,-15,666.3095703125
48494,1,63,2,-12.5,-12.5,-12.5,-12.5,666.59307861328125
48494,1,65,2,-10,-10,-10,-10,666.62640380859375
48494,1,66,2,-15,-10,-15,-10,666.859619140625
48494,1,64,2,-17.5,-12.5,-17.5,-12.5,667.159912109375
48494,1,60,2,-15,-15,-15,-15,667.50970458984375
48494,1,56,2,-12.5,-17.5,-12.5,-17.5,667.79290771484375
48494,1,55,2,-20,-20,-20,-20,668.709716796875
48494,1,20,2,10,-20,10,-20,671.22637939453125
48494,1,18,2,15,-23.5,15,-23.5,671.742919921875
48494,1,19,2,15,-20,15,-20,671.9097900390625
48494,1,23,2,20,-20,17.5,-17.5,672.193115234375
48494,1,21,2,20,-20,20,-20,672.209716796875
48494,1,27,2,20,-15,20,-15,672.49298095703125
48494,1,28,2,23.5,-15,23.5,-15,672.626220703125
48494,1,33,2,20,-10,20,-10,673.04290771484375
48494,1,34,2,15,-6.5,15,-6.5,673.54302978515625
48494,1,32,2,15,-10,15,-10,673.62628173828125
48494,1,29,2,12.5,-12.5,12.5,-12.5,673.92626953125
48494,1,25,2,10,-15,10,-15,674.2261962890625
48494,1,24,2,6.5,-15,6.5,-15,674.4263916015625
48494,1,31,2,10,-10,10,-10,675.29290771484375
48494,1,30,2,17.5,-12.5,17.5,-12.5,676.22637939453125
48494,1,26,2,15,-15,15,-15,676.42669677734375
48494,1,22,2,12.5,-17.5,12.5,-17.5,676.72662353515625
48494,1,20,2,10,-20,10,-20,677.0264892578125
48494,1,18,2,15,-23.5,15,-23.5,677.593017578125
48494,1,21,2,20,-20,20,-20,678.1099853515625
48494,1,28,2,23.5,-15,23.5,-15,678.60980224609375
48494,1,27,2,20,-15,20,-15,678.90997314453125
48494,1,23,2,17.5,-17.5,17.5,-17.5,679.143310546875
48494,1,19,2,15,-20,15,-20,679.426513671875
48494,1,29,2,12.5,-12.5,12.5,-12.5,680.20977783203125
48494,1,24,2,6.5,-15,6.5,-15,680.99310302734375
48494,1,25,2,10,-15,10,-15,681.25970458984375
48494,1,31,2,10,-10,10,-10,682.043212890625
48494,1,34,2,15,-6.5,15,-6.5,682.143310546875
48494,1,33,2,20,-10,20,-10,682.60968017578125
48494,1,30,2,17.5,-12.5,17.5,-12.5,682.72650146484375
48494,1,26,2,15,-15,15,-15,683.0098876953125
48494,1,22,2,12.5,-17.5,12.5,-17.5,683.31011962890625
48494,1,20,2,10,-20,10,-20,683.59332275390625
48494,1,18,2,15,-23.5,15,-23.5,683.97637939453125
48494,1,21,2,20,-20,20,-20,684.443115234375
48494,1,28,2,23.5,-15,23.5,-15,684.94317626953125
48494,1,27,2,20,-15,20,-15,685.14312744140625
48494,1,23,2,17.5,-17.5,17.5,-17.5,685.34320068359375
48494,1,19,2,15,-20,15,-20,685.62689208984375
48494,1,24,2,6.5,-15,6.5,-15,686.57647705078125
48494,1,31,2,10,-10,10,-10,687.05987548828125
48494,1,32,2,15,-10,15,-10,687.3765869140625
48494,1,30,2,17.5,-12.5,17.5,-12.5,687.74310302734375
48494,1,26,2,15,-15,15,-15,688.026611328125
48494,1,22,2,12.5,-17.5,12.5,-17.5,688.343505859375
48494,1,20,2,10,-20,10,-20,688.60968017578125
48494,1,25,2,10,-15,10,-15,689.2269287109375
48494,1,33,2,20,-10,20,-10,690.30999755859375
48494,1,29,2,12.5,-12.5,12.5,-12.5,691.21002197265625
48494,1,23,2,17.5,-17.5,17.5,-17.5,691.943115234375
48494,1,18,2,15,-23.5,15,-23.5,692.51007080078125
48494,1,21,2,20,-20,20,-20,692.9766845703125
48494,1,27,2,20,-15,20,-15,693.24322509765625
48494,1,28,2,23.5,-15,23.5,-15,693.4097900390625
48494,1,30,2,17.5,-12.5,17.5,-12.5,693.7598876953125
48494,1,32,2,15,-10,15,-10,694.04327392578125
48494,1,34,2,15,-6.5,15,-6.5,695.11029052734375
48494,1,25,2,10,-15,10,-15,695.9766845703125
48494,1,20,2,10,-20,10,-20,696.49322509765625
48494,1,22,2,12.5,-17.5,12.5,-17.5,696.74310302734375
48494,1,26,2,15,-15,15,-15,697.04400634765625
48494,1,33,2,20,-10,20,-10,697.62652587890625
48494,1,31,2,10,-10,10,-10,698.30999755859375
48494,1,24,2,6.5,-15,6.5,-15,698.76007080078125
48494,1,19,2,15,-20,15,-20,699.876708984375
48494,1,18,2,15,-23.5,15,-23.5,699.976806640625
48494,1,21,2,20,-20,20,-20,700.32672119140625
48494,1,28,2,23.5,-15,23.5,-15,700.826904296875
48494,1,27,2,20,-15,20,-15,700.9600830078125
48494,1,23,2,17.5,-17.5,17.5,-17.5,701.30987548828125
48494,1,22,2,12.5,-17.5,12.5,-17.5,701.79339599609375
48494,1,29,2,12.5,-12.5,12.5,-12.5,701.8433837890625
48494,1,32,2,15,-10,15,-10,702.04327392578125
48494,1,34,2,15,-6.5,15,-6.5,702.42681884765625
48494,1,25,2,10,-15,10,-15,703.55999755859375
48494,1,20,2,10,-20,10,-20,703.9766845703125
48494,1,26,2,15,-15,15,-15,704.62689208984375
48494,1,30,2,17.5,-12.5,17.5,-12.5,704.92669677734375
48494,1,33,2,20,-10,20,-10,705.22662353515625
48494,1,31,2,10,-10,10,-10,706.2100830078125
48494,1,24,2,6.5,-15,6.5,-15,706.67669677734375
48494,1,22,2,12.5,-17.5,12.5,-17.5,707.16009521484375
48494,1,23,2,17.5,-17.5,17.5,-17.5,707.5767822265625
48494,1,27,2,20,-15,20,-15,707.77667236328125
48494,1,28,2,23.5,-15,23.5,-15,708.05999755859375
48494,1,21,2,20,-20,20,-20,708.31011962890625
48494,1,18,2,15,-23.5,15,-23.5,708.82672119140625
48494,1,25,2,10,-15,10,-15,709.64361572265625
48494,1,29,2,12.5,-12.5,12.5,-12.5,709.8770751953125
48494,1,32,2,15,-10,15,-10,710.17657470703125
48494,1,33,2,20,-10,20,-10,710.64349365234375
48494,1,19,2,15,-20,15,-20,711.61029052734375
48494,1,20,2,10,-20,10,-20,712.37689208984375
48494,1,26,2,15,-15,15,-15,713.27667236328125
48494,1,30,2,17.5,-12.5,17.5,-12.5,713.64361572265625
48494,1,34,2,15,-6.5,15,-6.5,714.2435302734375
48494,1,28,2,23.5,-15,23.5,-15,715.2269287109375
48494,1,21,2,20,-20,20,-20,715.7103271484375
48494,1,18,2,15,-23.5,15,-23.5,716.21038818359375
48494,1,24,2,6.5,-15,6.5,-15,717.07672119140625
48494,1,31,2,10,-10,10,-10,717.54351806640625
48494,1,32,2,15,-10,15,-10,718.0103759765625
48494,1,33,2,20,-10,20,-10,718.443603515625
48494,1,30,2,17.5,-12.5,17.5,-12.5,718.8270263671875
48494,1,26,2,15,-15,15,-15,719.12701416015625
48494,1,22,2,12.5,-17.5,12.5,-17.5,719.42669677734375
48494,1,20,2,10,-20,10,-20,719.7100830078125
48494,1,19,2,15,-20,15,-20,719.92681884765625
48494,1,23,2,17.5,-17.5,17.5,-17.5,720.16058349609375
48494,1,27,2,20,-15,20,-15,720.443603515625
48494,1,34,2,15,-6.5,15,-6.5,721.443603515625
48494,1,29,2,12.5,-12.5,12.5,-12.5,722.043701171875
48494,1,24,2,6.5,-15,6.5,-15,722.8602294921875
48494,1,25,2,10,-15,10,-15,722.9434814453125
48494,1,18,2,15,-23.5,15,-23.5,723.927001953125
48494,1,21,2,20,-20,20,-20,724.47698974609375
48494,1,28,2,23.5,-15,23.5,-15,725.0604248046875
48494,1,33,2,20,-10,20,-10,725.71038818359375
48494,1,30,2,17.5,-12.5,17.5,-12.5,725.943603515625
48494,1,26,2,15,-15,15,-15,726.22711181640625
48494,1,22,2,12.5,-17.5,12.5,-17.5,726.527099609375
48494,1,20,2,10,-20,10,-20,726.826904296875
48494,1,19,2,15,-20,15,-20,727.1605224609375
48494,1,23,2,17.5,-17.5,17.5,-17.5,727.46038818359375
48494,1,27,2,20,-15,20,-15,727.7437744140625
48494,1,32,2,15,-10,15,-10,728.277099609375
48494,1,34,2,15,-6.5,15,-6.5,728.6771240234375
48494,1,29,2,12.5,-12.5,12.5,-12.5,729.4276123046875
48494,1,25,2,10,-15,10,-15,729.72711181640625
48494,1,24,2,6.5,-15,6.5,-15,730.0435791015625
48494,1,31,2,10,-10,10,-10,730.527099609375
48494,1,26,2,15,-15,15,-15,731.24371337890625
48494,1,21,2,20,-20,20,-20,731.610595703125
48494,1,18,2,15,-23.5,15,-23.5,731.9437255859375
48494,1,20,2,10,-20,10,-20,732.5103759765625
48494,1,22,2,12.5,-17.5,12.5,-17.5,732.8438110351564
48494,1,30,2,17.5,-12.5,17.5,-12.5,733.42718505859375
48494,1,33,2,20,-10,20,-10,733.71038818359375
48494,1,28,2,23.5,-15,23.5,-15,734.71051025390625
48494,1,19,2,15,-20,15,-20,735.5772094726564
48494,1,23,2,17.5,-17.5,17.5,-17.5,735.82757568359375
48494,1,27,2,20,-15,20,-15,736.34429931640625
48494,1,32,2,15,-10,15,-10,736.8604125976564
48494,1,29,2,12.5,-12.5,12.5,-12.5,737.043701171875
48494,2,31,5,10,-10,10,-10,492.5227966308594
48494,2,32,5,15,-10,15,-10,492.9226989746094
48494,2,34,5,15,-6.5,15,-6.5,492.9726867675781
48494,2,33,4,20,-10,20,-10,493.42340087890625
48494,2,28,1,23.5,-15,23.5,-15,493.9731140136719
48494,2,23,2,17.5,-17.5,17.5,-17.5,494.6228942871094
48494,2,22,4,12.5,-17.5,12.5,-17.5,495.0227966308594
48494,2,25,5,10,-15,10,-15,495.3725891113281
48494,2,24,5,6.5,-15,6.5,-15,495.506103515625
48494,2,29,4,12.5,-12.5,12.5,-12.5,495.77288818359375
48494,2,26,2,15,-15,15,-15,496.0061950683594
48494,2,19,2,15,-20,15,-20,496.639404296875
48494,2,18,1,15,-23.5,15,-23.5,496.8066101074219
48494,2,20,4,10,-20,10,-20,497.106201171875
48494,2,58,5,-6.5,-15,-6.5,-15,498.60589599609375
48494,2,59,5,-10,-15,-10,-15,498.9399108886719
48494,2,65,5,-10,-10,-10,-10,499.1061096191406
48494,2,66,5,-15,-10,-15,-10,499.5232849121094
48494,2,68,5,-15,-6.5,-15,-6.5,499.6064147949219
48494,2,64,4,-20,-10,-17.5,-12.5,500.0231018066406
48494,2,67,4,-20,-10,-20,-10,500.0397033691406
48494,2,61,2,-20,-15,-20,-15,500.3728942871094
48494,2,62,1,-23.5,-15,-23.5,-15,500.52288818359375
48494,2,57,2,-17.5,-17.5,-17.5,-17.5,500.839599609375
48494,2,53,2,-15,-20,-15,-20,501.1405029296875
48494,2,52,1,-15,-23.5,-15,-23.5,501.305908203125
48494,2,54,4,-10,-20,-10,-20,501.5896911621094
48494,2,56,4,-12.5,-17.5,-12.5,-17.5,501.6723937988281
48494,2,60,2,-15,-15,-15,-15,502.0227966308594
48494,2,63,4,-12.5,-12.5,-12.5,-12.5,502.18951416015625
48494,2,24,5,6.5,-15,6.5,-15,503.93951416015625
48494,2,25,5,10,-15,10,-15,504.42291259765625
48494,2,29,4,12.5,-12.5,12.5,-12.5,504.5397033691406
48494,2,32,5,15,-10,15,-10,504.77288818359375
48494,2,34,5,15,-6.5,15,-6.5,504.93951416015625
48494,2,30,4,17.5,-12.5,17.5,-12.5,505.22320556640625
48494,2,33,4,20,-10,20,-10,505.2900085449219
48494,2,27,2,20,-15,20,-15,505.539794921875
48494,2,28,1,23.5,-15,23.5,-15,505.7732849121094
48494,2,21,1,20,-20,20,-20,506.039306640625
48494,2,23,2,17.5,-17.5,17.5,-17.5,506.08990478515625
48494,2,19,2,15,-20,15,-20,506.33990478515625
48494,2,18,1,15,-23.5,15,-23.5,506.506103515625
48494,2,20,4,10,-20,10,-20,506.8734130859375
48494,2,22,4,12.5,-17.5,12.5,-17.5,507.0234069824219
48494,2,26,2,15,-15,15,-15,507.3398132324219
48494,2,58,5,-6.5,-15,-6.5,-15,509.2065124511719
48494,2,54,4,-10,-20,-10,-20,509.556396484375
48494,2,53,2,-15,-20,-15,-20,510.1065979003906
48494,2,60,2,-15,-15,-15,-15,510.5563049316406
48494,2,66,5,-15,-10,-15,-10,510.9223937988281
48494,2,68,5,-15,-6.5,-15,-6.5,511.22320556640625
48494,2,65,5,-10,-10,-10,-10,511.5232849121094
48494,2,59,5,-10,-15,-10,-15,511.9895935058594
48494,2,63,4,-12.5,-12.5,-12.5,-12.5,512.03961181640625
48494,2,56,4,-12.5,-17.5,-12.5,-17.5,512.2730712890625
48494,2,55,1,-20,-20,-20,-20,512.989990234375
48494,2,57,2,-17.5,-17.5,-17.5,-17.5,513.322998046875
48494,2,61,2,-20,-15,-20,-15,513.38958740234375
48494,2,64,4,-17.5,-12.5,-17.5,-12.5,513.63970947265625
48494,2,67,4,-20,-10,-20,-10,513.923095703125
48494,2,58,5,-6.5,-15,-6.5,-15,515.47320556640625
48494,2,24,5,6.5,-15,6.5,-15,516.539794921875
48494,2,25,5,10,-15,10,-15,516.8406982421875
48494,2,31,5,10,-10,10,-10,517.039794921875
48494,2,29,4,12.5,-12.5,12.5,-12.5,517.0736083984375
48494,2,32,5,15,-10,15,-10,517.32269287109375
48494,2,34,5,15,-6.5,15,-6.5,517.4739990234375
48494,2,30,4,20,-10,17.5,-12.5,517.822998046875
48494,2,33,4,20,-10,20,-10,517.83990478515625
48494,2,27,2,20,-15,20,-15,518.1397705078125
48494,2,23,2,17.5,-17.5,17.5,-17.5,518.473388671875
48494,2,19,2,15,-20,15,-20,518.7730712890625
48494,2,20,4,10,-20,10,-20,519.2230224609375
48494,2,22,4,12.5,-17.5,12.5,-17.5,519.50640869140625
48494,2,26,2,15,-15,15,-15,519.8726806640625
48494,2,58,5,-6.5,-15,-6.5,-15,521.6729736328125
48494,2,59,5,-10,-15,-10,-15,521.906494140625
48494,2,65,5,-10,-10,-10,-10,522.0565185546875
48494,2,63,4,-12.5,-12.5,-12.5,-12.5,522.123291015625
48494,2,66,5,-15,-10,-15,-10,522.38970947265625
48494,2,68,5,-15,-6.5,-15,-6.5,522.50628662109375
48494,2,67,4,-20,-10,-20,-10,522.889892578125
48494,2,60,2,-15,-15,-15,-15,523.32318115234375
48494,2,56,4,-12.5,-17.5,-12.5,-17.5,523.5565185546875
48494,2,54,4,-10,-20,-10,-20,523.85638427734375
48494,2,53,2,-15,-20,-15,-20,524.43988037109375
48494,2,57,2,-17.5,-17.5,-17.5,-17.5,524.73992919921875
48494,2,61,2,-20,-15,-20,-15,525.0396728515625
48494,2,24,5,6.5,-15,6.5,-15,527.80670166015625
48494,2,25,5,10,-15,10,-15,527.989990234375
48494,2,29,4,12.5,-12.5,12.5,-12.5,528.32373046875
48494,2,31,5,10,-10,10,-10,528.406982421875
48494,2,32,5,15,-10,15,-10,528.59130859375
48494,2,34,5,15,-6.5,15,-6.5,528.80682373046875
48494,2,17,5,15,6.5,15,6.5,530.19049072265625
48494,2,15,5,15,10,15,10,530.340576171875
48494,2,12,4,12.5,12.5,12.5,12.5,530.67327880859375
48494,2,14,5,10,10,10,10,530.77301025390625
48494,2,8,5,10,15,10,15,530.9248046875
48494,2,7,5,6.5,15,6.5,15,531.17529296875
48494,2,41,5,-6.5,15,-6.5,15,532.34002685546875
48494,2,42,5,-10,15,-10,15,532.62347412109375
48494,2,48,4,-12.5,12.5,-10,10,532.923095703125
48494,2,46,4,-12.5,12.5,-12.5,12.5,532.9398193359375
48494,2,49,5,-15,10,-15,10,533.206787109375
48494,2,51,5,-15,6.5,-15,6.5,533.34222412109375
48494,2,68,5,-15,-6.5,-15,-6.5,534.54010009765625
48494,2,66,5,-15,-10,-15,-10,534.84002685546875
48494,2,65,5,-10,-10,-10,-10,535.15777587890625
48494,2,59,5,-10,-15,-10,-15,535.42352294921875
48494,2,58,5,-6.5,-15,-6.5,-15,535.58978271484375
48494,2,24,5,6.5,-15,6.5,-15,536.7401123046875
48494,2,25,5,10,-15,10,-15,537.0230712890625
48494,2,31,5,10,-10,10,-10,537.23968505859375
48494,2,29,4,12.5,-12.5,12.5,-12.5,537.34002685546875
48494,2,32,5,15,-10,15,-10,537.60662841796875
48494,2,34,5,15,-6.5,15,-6.5,537.70660400390625
48494,2,17,5,15,6.5,15,6.5,538.83978271484375
48494,2,15,5,15,10,15,10,539.12322998046875
48494,2,14,4,12.5,12.5,10,10,539.40667724609375
48494,2,12,4,12.5,12.5,12.5,12.5,539.42327880859375
48494,2,8,5,10,15,10,15,539.706787109375
48494,2,7,5,6.5,15,6.5,15,539.8397216796875
48494,2,41,5,-6.5,15,-6.5,15,540.97308349609375
48494,2,42,5,-10,15,-10,15,541.23992919921875
48494,2,48,5,-10,10,-10,10,541.472900390625
48494,2,46,4,-12.5,12.5,-12.5,12.5,541.52349853515625
48494,2,49,5,-15,10,-15,10,541.806396484375
48494,2,51,5,-15,6.5,-15,6.5,541.92388916015625
48494,2,68,5,-15,-6.5,-15,-6.5,543.05657958984375
48494,2,66,5,-15,-10,-15,-10,543.3402099609375
48494,2,63,4,-12.5,-12.5,-12.5,-12.5,543.60662841796875
48494,2,65,5,-10,-10,-10,-10,543.656982421875
48494,2,59,5,-10,-15,-10,-15,543.8914794921875
48494,2,58,5,-6.5,-15,-6.5,-15,544.05657958984375
48494,2,24,5,6.5,-15,6.5,-15,545.22357177734375
48494,2,25,5,10,-15,10,-15,545.5067138671875
48494,2,31,5,10,-10,10,-10,545.73992919921875
48494,2,29,4,12.5,-12.5,12.5,-12.5,545.82330322265625
48494,2,32,5,15,-10,15,-10,546.08990478515625
48494,2,34,5,15,-6.5,15,-6.5,546.206298828125
48494,2,17,5,15,6.5,15,6.5,547.40679931640625
48494,2,15,5,15,10,15,10,547.70697021484375
48494,2,14,5,10,10,10,10,547.99029541015625
48494,2,12,4,12.5,12.5,12.5,12.5,548.0238037109375
48494,2,8,5,10,15,10,15,548.30657958984375
48494,2,7,5,6.5,15,6.5,15,548.4232177734375
48494,2,41,5,-6.5,15,-6.5,15,549.58978271484375
48494,2,42,5,-10,15,-10,15,549.85650634765625
48494,2,48,5,-10,10,-10,10,550.1397705078125
48494,2,46,4,-12.5,12.5,-12.5,12.5,550.1737060546875
48494,2,49,5,-15,10,-15,10,550.440185546875
48494,2,51,5,-15,6.5,-15,6.5,550.5565185546875
48494,2,68,5,-15,-6.5,-15,-6.5,551.790283203125
48494,2,66,5,-15,-10,-15,-10,552.09027099609375
48494,2,63,4,-12.5,-12.5,-12.5,-12.5,552.389892578125
48494,2,65,5,-10,-10,-10,-10,552.50677490234375
48494,2,59,5,-10,-15,-10,-15,552.639892578125
48494,2,58,5,-6.5,-15,-6.5,-15,552.9232177734375
48494,2,24,5,6.5,-15,6.5,-15,554.05670166015625
48494,2,25,5,10,-15,10,-15,554.340087890625
48494,2,29,4,12.5,-12.5,12.5,-12.5,554.65692138671875
48494,2,31,5,10,-10,10,-10,554.723876953125
48494,2,32,5,15,-10,15,-10,554.90692138671875
48494,2,34,5,15,-6.5,15,-6.5,555.123291015625
48494,2,17,5,15,6.5,15,6.5,556.3236083984375
48494,2,15,5,15,10,15,10,556.6068115234375
48494,2,12,4,12.5,12.5,12.5,12.5,556.90667724609375
48494,2,14,5,10,10,10,10,556.99017333984375
48494,2,8,5,10,15,10,15,557.15692138671875
48494,2,7,5,6.5,15,6.5,15,557.39007568359375
48494,2,41,5,-6.5,15,-6.5,15,558.590087890625
48494,2,42,5,-10,15,-10,15,558.9066162109375
48494,2,48,5,-10,10,-10,10,559.1588134765625
48494,2,46,4,-12.5,12.5,-12.5,12.5,559.22308349609375
48494,2,49,5,-15,10,-15,10,559.4901123046875
48494,2,51,5,-15,6.5,-15,6.5,559.607177734375
48494,2,68,5,-15,-6.5,-15,-6.5,560.7567138671875
48494,2,66,5,-15,-10,-15,-10,561.04107666015625
48494,2,65,5,-10,-10,-10,-10,561.30712890625
48494,2,63,4,-12.5,-12.5,-12.5,-12.5,561.35699462890625
48494,2,59,5,-10,-15,-10,-15,561.62347412109375
48494,2,58,5,-6.5,-15,-6.5,-15,561.74017333984375
48494,2,24,5,6.5,-15,6.5,-15,562.92340087890625
48494,2,25,5,10,-15,10,-15,563.20758056640625
48494,2,31,5,10,-10,10,-10,563.42352294921875
48494,2,29,4,12.5,-12.5,12.5,-12.5,563.54010009765625
48494,2,32,5,15,-10,15,-10,563.7899169921875
48494,2,34,5,15,-6.5,15,-6.5,563.906982421875
48494,2,17,5,15,6.5,15,6.5,565.0731201171875
48494,2,15,5,15,10,15,10,565.35662841796875
48494,2,14,5,10,10,10,10,565.65728759765625
48494,2,12,4,12.5,12.5,12.5,12.5,565.69012451171875
48494,2,8,5,10,15,10,15,565.94061279296875
48494,2,7,5,6.5,15,6.5,15,566.09051513671875
48494,2,41,5,-6.5,15,-6.5,15,567.25689697265625
48494,2,42,5,-10,15,-10,15,567.55731201171875
48494,2,48,5,-10,10,-10,10,567.75689697265625
48494,2,46,4,-12.5,12.5,-12.5,12.5,567.90692138671875
48494,2,49,5,-15,10,-15,10,568.15740966796875
48494,2,51,5,-15,6.5,-15,6.5,568.24029541015625
48494,2,68,5,-15,-6.5,-15,-6.5,569.42352294921875
48494,2,66,5,-15,-10,-15,-10,569.70648193359375
48494,2,65,5,-10,-10,-10,-10,570.00689697265625
48494,2,63,4,-12.5,-12.5,-12.5,-12.5,570.04010009765625
48494,2,59,5,-10,-15,-10,-15,570.30670166015625
48494,2,58,5,-6.5,-15,-6.5,-15,570.44049072265625
48494,2,24,5,6.5,-15,6.5,-15,571.556884765625
48494,2,25,5,10,-15,10,-15,571.8402099609375
48494,2,31,5,10,-10,10,-10,572.007080078125
48494,2,32,5,15,-10,15,-10,572.440185546875
48494,2,34,5,15,-6.5,15,-6.5,572.50689697265625
48494,2,17,5,15,6.5,15,6.5,574.0242919921875
48494,2,15,5,15,10,15,10,574.14031982421875
48494,2,12,4,12.5,12.5,12.5,12.5,574.4569091796875
48494,2,8,5,10,15,10,15,574.7235107421875
48494,2,7,5,6.5,15,6.5,15,575.0238037109375
48494,2,41,5,-6.5,15,-6.5,15,576.35699462890625
48494,2,42,5,-10,15,-10,15,576.523681640625
48494,2,46,4,-12.5,12.5,-12.5,12.5,576.85748291015625
48494,2,48,5,-10,10,-10,10,576.94049072265625
48494,2,49,5,-15,10,-15,10,577.1239013671875
48494,2,51,5,-15,6.5,-15,6.5,577.35699462890625
48494,2,68,5,-15,-6.5,-15,-6.5,578.540283203125
48494,2,66,5,-15,-10,-15,-10,578.84039306640625
48494,3,35,5,15,-23.5,15,-23.5,970.646728515625
48494,3,36,4,15,-20,15,-20,970.8466796875
48494,3,40,4,17.5,-17.5,17.5,-17.5,971.1466064453124
48494,3,38,5,20,-20,20,-20,971.19671630859375
48494,3,44,4,20,-15,20,-15,971.42987060546875
48494,3,45,5,23.5,-15,23.5,-15,971.630126953125
48494,3,50,2,20,-10,20,-10,971.96337890625
48494,3,47,2,17.5,-12.5,17.5,-12.5,971.99658203125
48494,3,49,1,15,-10,15,-10,972.2802124023436
48494,3,46,2,12.5,-12.5,12.5,-12.5,972.46337890625
48494,3,43,4,15,-15,15,-15,972.546875
48494,3,42,1,10,-15,10,-15,972.78009033203125
48494,3,52,5,-15,-23.5,-15,-23.5,975.080078125
48494,3,53,4,-15,-20,-15,-20,975.18011474609375
48494,3,57,4,-17.5,-17.5,-17.5,-17.5,975.4635009765624
48494,3,55,5,-20,-20,-20,-20,975.580078125
48494,3,61,4,-20,-15,-20,-15,975.763427734375
48494,3,62,5,-23.5,-15,-23.5,-15,975.9805297851564
48494,3,67,2,-20,-10,-20,-10,976.4801025390624
48494,3,64,2,-17.5,-12.5,-17.5,-12.5,976.763427734375
48494,3,60,4,-15,-15,-15,-15,977.04669189453125
48494,3,56,2,-12.5,-17.5,-12.5,-17.5,977.363525390625
48494,3,54,2,-10,-20,-10,-20,977.66339111328125
48494,3,37,2,10,-20,10,-20,979.34710693359375
48494,3,35,5,15,-23.5,15,-23.5,979.69677734375
48494,3,36,4,15,-20,15,-20,979.7304077148436
48494,3,38,5,20,-20,20,-20,980.146728515625
48494,3,45,5,23.5,-15,23.5,-15,980.6300048828124
48494,3,44,4,20,-15,20,-15,980.9307861328124
48494,3,40,4,17.5,-17.5,17.5,-17.5,981.28057861328125
48494,3,43,4,15,-15,15,-15,981.346923828125
48494,3,39,2,12.5,-17.5,12.5,-17.5,981.84747314453125
48494,3,47,2,17.5,-12.5,17.5,-12.5,982.36376953125
48494,3,50,2,20,-10,20,-10,982.66357421875
48494,3,49,1,15,-10,15,-10,983.0303955078124
48494,3,46,2,12.5,-12.5,12.5,-12.5,983.2636108398436
48494,3,42,1,10,-15,10,-15,983.5802001953124
48494,3,51,1,15,-6.5,15,-6.5,984.84722900390625
48494,3,41,1,6.5,-15,6.5,-15,985.680419921875
48494,3,37,2,10,-20,10,-20,985.9638061523436
48494,3,36,4,15,-20,15,-20,986.230224609375
48494,3,35,5,15,-23.5,15,-23.5,986.330078125
48494,3,40,5,20,-20,17.5,-17.5,986.663818359375
48494,3,38,5,20,-20,20,-20,986.6812744140624
48494,3,44,4,20,-15,20,-15,986.9468994140624
48494,3,45,5,23.5,-15,23.5,-15,987.080322265625
48494,3,47,2,17.5,-12.5,17.5,-12.5,987.5802001953124
48494,3,43,4,15,-15,15,-15,987.79669189453125
48494,3,39,2,12.5,-17.5,12.5,-17.5,988.14697265625
48494,3,48,1,10,-10,10,-10,989.14691162109375
48494,3,49,1,15,-10,15,-10,989.6470947265624
48494,3,36,4,15,-20,15,-20,991.246826171875
48494,3,37,2,10,-20,10,-20,991.5303955078124
48494,3,42,1,10,-15,10,-15,991.88037109375
48494,3,46,2,12.5,-12.5,12.5,-12.5,992.14697265625
48494,3,50,2,20,-10,20,-10,992.963623046875
48494,3,45,5,23.5,-15,23.5,-15,993.480224609375
48494,3,44,4,20,-15,20,-15,993.6470947265624
48494,3,40,4,17.5,-17.5,17.5,-17.5,993.9302978515624
48494,3,38,5,20,-20,20,-20,993.980224609375
48494,3,35,5,15,-23.5,15,-23.5,994.39697265625
48494,3,39,2,12.5,-17.5,12.5,-17.5,994.99688720703125
48494,3,43,4,15,-15,15,-15,995.26348876953125
48494,3,47,2,17.5,-12.5,17.5,-12.5,995.596923828125
48494,3,49,1,15,-10,15,-10,996.063720703125
48494,3,51,1,15,-6.5,15,-6.5,996.14691162109375
48494,3,48,1,10,-10,10,-10,996.5303955078124
48494,3,41,1,6.5,-15,6.5,-15,997.0303955078124
48494,3,37,2,10,-20,10,-20,997.48028564453125
48494,3,36,4,15,-20,15,-20,997.88018798828125
48494,3,44,4,20,-15,20,-15,998.66351318359375
48494,3,45,5,23.5,-15,23.5,-15,998.763671875
48494,3,50,2,20,-10,20,-10,999.1972045898436
48494,3,46,2,12.5,-12.5,12.5,-12.5,1000.0809936523438
48494,3,42,1,10,-15,10,-15,1000.39697265625
48494,3,39,2,12.5,-17.5,12.5,-17.5,1000.7639770507813
48494,3,35,5,15,-23.5,15,-23.5,1001.197021484375
48494,3,38,5,20,-20,20,-20,1001.5469970703124
48494,3,47,2,17.5,-12.5,17.5,-12.5,1002.5969848632813
48494,3,49,1,15,-10,15,-10,1002.9299926757813
48494,3,41,1,6.5,-15,6.5,-15,1003.8469848632813
48494,3,37,2,10,-20,10,-20,1004.1640014648438
48494,3,36,4,15,-20,15,-20,1004.4970092773438
48494,3,40,4,17.5,-17.5,17.5,-17.5,1004.781005859375
48494,3,44,4,20,-15,20,-15,1005.0809936523438
48494,3,45,5,23.5,-15,23.5,-15,1005.364013671875
48494,3,50,2,20,-10,20,-10,1005.89697265625
48494,3,48,1,10,-10,10,-10,1006.7470092773438
48494,3,46,2,12.5,-12.5,12.5,-12.5,1006.9639892578124
48494,3,43,4,15,-15,15,-15,1007.197021484375
48494,3,35,5,15,-23.5,15,-23.5,1007.864013671875
48494,3,38,5,20,-20,20,-20,1008.5469970703124
48494,3,49,1,15,-10,15,-10,1010.1640014648438
48494,3,42,1,10,-15,10,-15,1010.7470092773438
48494,3,37,2,10,-20,10,-20,1011.1810302734376
48494,3,36,4,15,-20,15,-20,1011.4970092773438
48494,3,40,4,17.5,-17.5,17.5,-17.5,1011.7639770507813
48494,3,44,4,20,-15,20,-15,1012.0640258789064
48494,3,45,5,23.5,-15,23.5,-15,1012.3469848632813
48494,3,50,2,20,-10,20,-10,1012.947021484375
48494,3,47,2,17.5,-12.5,17.5,-12.5,1013.2310180664064
48494,3,43,4,15,-15,15,-15,1013.4810180664064
48494,3,39,2,12.5,-17.5,12.5,-17.5,1013.7969970703124
48494,3,35,5,15,-23.5,15,-23.5,1014.281005859375
48494,3,38,5,20,-20,20,-20,1014.4970092773438
48494,3,49,1,15,-10,15,-10,1015.9310302734376
48494,3,46,2,12.5,-12.5,12.5,-12.5,1016.3300170898438
48494,3,42,1,10,-15,10,-15,1016.6309814453124
48494,3,41,1,6.5,-15,6.5,-15,1016.8300170898438
48494,3,37,2,10,-20,10,-20,1017.0969848632813
48494,3,36,4,15,-20,15,-20,1017.2969970703124
48494,3,40,4,17.5,-17.5,17.5,-17.5,1017.697021484375
48494,3,44,4,20,-15,20,-15,1017.9810180664064
48494,3,45,5,23.5,-15,23.5,-15,1018.1640014648438
48494,3,50,2,20,-10,20,-10,1018.864013671875
48494,3,35,5,15,-23.5,15,-23.5,1020.6640014648438
48494,3,38,5,20,-20,20,-20,1021.0469970703124
48494,3,40,4,17.5,-17.5,17.5,-17.5,1022.7310180664064
48494,3,39,2,12.5,-17.5,12.5,-17.5,1022.947021484375
48494,3,37,2,10,-20,10,-20,1023.2969970703124
48494,3,36,4,15,-20,15,-20,1023.6810302734376
48494,3,44,4,20,-15,20,-15,1024.280029296875
48494,3,45,5,23.5,-15,23.5,-15,1024.5469970703125
48494,3,35,5,15,-23.5,15,-23.5,1025.6810302734375
48494,3,43,4,15,-15,15,-15,1026.781005859375
48494,3,47,2,17.5,-12.5,17.5,-12.5,1027.1309814453125
48494,3,50,2,20,-10,20,-10,1027.39697265625
48494,3,49,1,15,-10,15,-10,1027.64697265625
48494,3,46,2,12.5,-12.5,12.5,-12.5,1027.864013671875
48494,3,42,1,10,-15,10,-15,1028.1810302734375
48494,3,52,5,-15,-23.5,-15,-23.5,1030.498046875
48494,3,55,5,-20,-20,-20,-20,1030.9639892578125
48494,3,62,5,-23.5,-15,-23.5,-15,1031.447021484375
48494,3,61,4,-20,-15,-20,-15,1031.7969970703125
48494,3,57,4,-17.5,-17.5,-17.5,-17.5,1032.031005859375
48494,3,53,4,-15,-20,-15,-20,1032.3310546875
48494,3,54,2,-10,-20,-10,-20,1032.947021484375
48494,3,56,2,-12.5,-17.5,-12.5,-17.5,1033.1810302734375
48494,3,60,4,-15,-15,-15,-15,1033.447998046875
48494,3,64,2,-17.5,-12.5,-17.5,-12.5,1033.781005859375
48494,3,67,2,-20,-10,-20,-10,1034.0810546875
48494,3,66,1,-15,-10,-15,-10,1034.531005859375
48494,3,63,2,-12.5,-12.5,-12.5,-12.5,1034.781005859375
48494,3,59,1,-10,-15,-10,-15,1035.0970458984375
48494,3,35,5,15,-23.5,15,-23.5,1037.4310302734375
48494,3,36,4,15,-20,15,-20,1037.6639404296875
48494,3,38,4,17.5,-17.5,20,-20,1037.9310302734375
48494,3,40,4,17.5,-17.5,17.5,-17.5,1037.947021484375
48494,3,44,4,20,-15,20,-15,1038.248046875
48494,3,45,5,23.5,-15,23.5,-15,1038.364013671875
48494,3,50,2,20,-10,20,-10,1038.947998046875
48494,3,47,2,17.5,-12.5,17.5,-12.5,1039.0980224609375
48494,3,43,4,15,-15,15,-15,1039.3480224609375
48494,3,39,2,12.5,-17.5,12.5,-17.5,1039.6810302734375
48494,3,37,2,10,-20,10,-20,1039.98095703125
48494,3,52,5,-15,-23.5,-15,-23.5,1042.0980224609375
48494,3,53,4,-15,-20,-15,-20,1042.2979736328125
48494,3,55,5,-20,-20,-20,-20,1042.5810546875
48494,3,61,4,-20,-15,-20,-15,1042.8809814453125
48494,3,62,5,-23.5,-15,-23.5,-15,1042.9969482421875
48494,3,67,2,-20,-10,-20,-10,1043.5469970703125
48494,3,64,2,-17.5,-12.5,-17.5,-12.5,1043.73095703125
48494,3,60,4,-15,-15,-15,-15,1043.998046875
48494,3,56,2,-12.5,-17.5,-12.5,-17.5,1044.3480224609375
48494,3,54,2,-10,-20,-10,-20,1044.6309814453125
48494,3,58,1,-10,-15,-6.5,-15,1044.9310302734375
48494,3,59,1,-10,-15,-10,-15,1044.947998046875
48494,3,63,2,-12.5,-12.5,-12.5,-12.5,1045.1810302734375
48494,3,66,1,-15,-10,-15,-10,1045.498046875
48494,3,68,1,-15,-6.5,-15,-6.5,1045.781005859375
48494,3,65,1,-10,-10,-10,-10,1046.1810302734375
48494,3,35,5,15,-23.5,15,-23.5,1048.7979736328125
48494,3,36,4,15,-20,15,-20,1048.98095703125
48494,3,40,4,17.5,-17.5,17.5,-17.5,1049.2640380859375
48494,3,38,5,20,-20,20,-20,1049.2979736328125
48494,3,44,4,20,-15,20,-15,1049.56396484375
48494,3,45,5,23.5,-15,23.5,-15,1049.73095703125
48494,3,50,2,20,-10,20,-10,1050.2640380859375
48494,3,47,2,17.5,-12.5,17.5,-12.5,1050.48095703125
48494,3,49,1,15,-10,15,-10,1050.697998046875
48494,3,46,2,12.5,-12.5,12.5,-12.5,1050.89794921875
48494,3,39,1,10,-15,12.5,-17.5,1051.23095703125
48494,3,42,1,10,-15,10,-15,1051.248046875
48494,3,37,2,10,-20,10,-20,1051.531005859375
48494,3,52,5,-15,-23.5,-15,-23.5,1053.531005859375
48494,3,53,4,-15,-20,-15,-20,1053.6810302734375
48494,3,57,4,-17.5,-17.5,-17.5,-17.5,1053.9639892578125
48494,3,55,5,-20,-20,-20,-20,1054.06396484375
48494,3,61,4,-20,-15,-20,-15,1054.2640380859375
48494,3,62,5,-23.5,-15,-23.5,-15,1054.4639892578125
48494,3,67,2,-20,-10,-20,-10,1054.9639892578125
48494,3,64,2,-17.5,-12.5,-17.5,-12.5,1055.23095703125
48494,3,60,4,-15,-15,-15,-15,1055.48095703125
48494,3,56,2,-12.5,-17.5,-12.5,-17.5,1055.7979736328125
48494,3,54,2,-10,-20,-10,-20,1056.0980224609375
48494,3,35,5,15,-23.5,15,-23.5,1058.197998046875
48494,3,36,4,15,-20,15,-20,1058.39794921875
48494,3,38,5,20,-20,20,-20,1058.6309814453125
48494,3,40,4,17.5,-17.5,17.5,-17.5,1058.6810302734375
48494,3,44,4,20,-15,20,-15,1058.98095703125
48494,3,45,5,23.5,-15,23.5,-15,1059.0810546875
48494,3,50,2,20,-10,20,-10,1059.56396484375
48494,3,47,2,17.5,-12.5,17.5,-12.5,1059.781005859375
48494,3,43,4,15,-15,15,-15,1060.0479736328125
48494,3,39,2,12.5,-17.5,12.5,-17.5,1060.364990234375
48494,3,37,2,10,-20,10,-20,1060.6639404296875
48494,3,52,5,-15,-23.5,-15,-23.5,1062.7979736328125
48494,3,53,4,-15,-20,-15,-20,1062.9639892578125
48494,3,57,4,-17.5,-17.5,-17.5,-17.5,1063.248046875
48494,3,55,5,-20,-20,-20,-20,1063.3480224609375
48494,3,61,4,-20,-15,-20,-15,1063.5479736328125
48494,3,62,5,-23.5,-15,-23.5,-15,1063.748046875
48494,3,67,2,-20,-10,-20,-10,1064.1650390625
48494,3,64,2,-17.5,-12.5,-17.5,-12.5,1064.48095703125
48494,3,60,4,-15,-15,-15,-15,1064.73095703125
48494,3,56,2,-12.5,-17.5,-12.5,-17.5,1065.06494140625
48494,3,54,2,-10,-20,-10,-20,1065.364990234375
48494,3,35,5,15,-23.5,15,-23.5,1067.4310302734375
48494,3,36,4,15,-20,15,-20,1067.56494140625
48494,3,40,4,17.5,-17.5,17.5,-17.5,1067.8480224609375
48494,3,38,5,20,-20,20,-20,1067.89794921875
48494,3,44,4,20,-15,20,-15,1068.14794921875
48494,3,45,5,23.5,-15,23.5,-15,1068.3310546875
48494,3,50,2,20,-10,20,-10,1068.73095703125
48494,3,49,1,15,-10,15,-10,1069.1309814453125
48494,3,46,2,12.5,-12.5,12.5,-12.5,1069.3480224609375
48494,3,43,4,15,-15,15,-15,1069.4310302734375
48494,3,42,1,10,-15,10,-15,1069.6810302734375
48494,3,52,5,-15,-23.5,-15,-23.5,1072.197998046875
48494,3,53,4,-15,-20,-15,-20,1072.281005859375
48494,3,57,4,-17.5,-17.5,-17.5,-17.5,1072.5810546875
48494,3,61,4,-20,-15,-20,-15,1072.8809814453125
48494,3,62,5,-23.5,-15,-23.5,-15,1073.1810302734375
48494,3,55,5,-20,-20,-20,-20,1073.64794921875
48494,3,60,4,-15,-15,-15,-15,1074.06494140625
48494,3,64,2,-17.5,-12.5,-17.5,-12.5,1074.364990234375
48494,3,67,2,-20,-10,-20,-10,1074.6650390625
48494,3,66,1,-15,-10,-15,-10,1074.98095703125
48494,3,63,2,-12.5,-12.5,-12.5,-12.5,1075.23095703125
48494,3,59,1,-10,-15,-10,-15,1075.5479736328125
48494,3,56,2,-12.5,-17.5,-12.5,-17.5,1075.73095703125
48494,3,54,2,-10,-20,-10,-20,1075.89794921875
48494,3,35,5,15,-23.5,15,-23.5,1078.197998046875
48494,3,36,4,15,-20,15,-20,1078.48095703125
48494,3,38,4,17.5,-17.5,20,-20,1078.7650146484375
48494,3,40,4,17.5,-17.5,17.5,-17.5,1078.781005859375
48494,3,44,4,20,-15,20,-15,1079.0810546875
48494,3,45,5,23.5,-15,23.5,-15,1079.1810302734375
48494,3,50,2,20,-10,20,-10,1079.748046875
48494,3,47,2,17.5,-12.5,17.5,-12.5,1080.1820068359375
48494,3,43,4,15,-15,15,-15,1080.4310302734375
48494,3,39,2,12.5,-17.5,12.5,-17.5,1080.7650146484375
48494,3,37,2,10,-20,10,-20,1081.0479736328125
48494,3,52,5,-15,-23.5,-15,-23.5,1083.14794921875
48494,3,53,4,-15,-20,-15,-20,1083.281005859375
48494,3,57,4,-17.5,-17.5,-17.5,-17.5,1083.58203125
48494,3,61,4,-20,-15,-20,-15,1083.8809814453125
48494,3,62,5,-23.5,-15,-23.5,-15,1084.14794921875
48494,3,55,5,-20,-20,-20,-20,1084.7650146484375
48494,3,56,2,-12.5,-17.5,-12.5,-17.5,1085.4649658203125
48494,3,54,2,-10,-20,-10,-20,1085.6820068359375
48494,3,60,4,-15,-15,-15,-15,1085.864990234375
48494,3,64,2,-17.5,-12.5,-17.5,-12.5,1086.197998046875
48494,3,67,2,-20,-10,-20,-10,1086.48095703125
48494,3,68,1,-15,-6.5,-15,-6.5,1086.998046875
48494,3,66,1,-15,-10,-15,-10,1087.1319580078125
48494,3,63,2,-12.5,-12.5,-12.5,-12.5,1087.3819580078125
48494,3,59,1,-10,-15,-10,-15,1087.697998046875
48494,3,58,1,-6.5,-15,-6.5,-15,1087.9310302734375
48494,3,35,5,15,-23.5,15,-23.5,1089.998046875
48494,3,36,4,15,-20,15,-20,1090.248046875
48494,3,40,4,17.5,-17.5,17.5,-17.5,1090.531982421875
48494,3,38,5,20,-20,20,-20,1090.5980224609375
48494,3,44,4,20,-15,20,-15,1090.8310546875
48494,3,45,5,23.5,-15,23.5,-15,1090.998046875
48494,3,50,2,20,-10,20,-10,1091.6319580078125
48494,3,47,2,17.5,-12.5,17.5,-12.5,1091.8809814453125
48494,3,43,4,15,-15,15,-15,1092.14794921875
48494,3,39,2,12.5,-17.5,12.5,-17.5,1092.4820556640625
48494,3,37,2,10,-20,10,-20,1092.781982421875
48494,3,52,5,-15,-23.5,-15,-23.5,1094.9320068359375
48494,3,53,4,-15,-20,-15,-20,1095.06494140625
48494,3,57,4,-17.5,-17.5,-17.5,-17.5,1095.3489990234375
48494,3,55,5,-20,-20,-20,-20,1095.4649658203125
48494,3,61,4,-20,-15,-20,-15,1095.64794921875
48494,3,62,5,-23.5,-15,-23.5,-15,1095.864990234375
48494,3,67,2,-20,-10,-20,-10,1096.2979736328125
48494,3,66,1,-15,-10,-15,-10,1096.7979736328125
48494,3,64,2,-12.5,-12.5,-17.5,-12.5,1097.0479736328125
48494,3,63,2,-12.5,-12.5,-12.5,-12.5,1097.06494140625
48494,3,56,2,-12.5,-17.5,-12.5,-17.5,1097.364990234375
48494,3,54,2,-10,-20,-10,-20,1097.6650390625
48494,3,35,5,15,-23.5,15,-23.5,1099.781982421875
48494,3,36,4,15,-20,15,-20,1100.0479736328125
48494,3,40,4,17.5,-17.5,17.5,-17.5,1100.3480224609375
48494,3,38,5,20,-20,20,-20,1100.3819580078125
48494,3,44,4,20,-15,20,-15,1100.6319580078125
48494,3,45,5,23.5,-15,23.5,-15,1100.781982421875
48494,3,50,2,20,-10,20,-10,1101.447998046875
48494,3,49,1,15,-10,15,-10,1101.9320068359375
48494,3,43,4,15,-15,15,-15,1102.1650390625
48494,3,46,2,12.5,-12.5,12.5,-12.5,1102.197998046875
48494,3,39,2,12.5,-17.5,12.5,-17.5,1102.48095703125
48494,3,37,2,10,-20,10,-20,1102.781982421875
48494,3,52,5,-15,-23.5,-15,-23.5,1104.864990234375
48494,3,53,4,-15,-20,-15,-20,1105.0479736328125
48494,3,57,4,-17.5,-17.5,-17.5,-17.5,1105.3489990234375
48494,3,55,5,-20,-20,-20,-20,1105.4320068359375
48494,3,61,4,-20,-15,-20,-15,1105.6490478515625
48494,3,62,5,-23.5,-15,-23.5,-15,1105.8480224609375
48494,4,18,5,-20,5,-20,5,55.317901611328125
48494,4,20,4,-20,10,-20,10,55.7843017578125
48494,4,21,5,-10,10,-10,10,56.60049819946289
48494,4,23,4,-15,15,-15,15,57.10060119628906
48494,4,26,4,-10,20,-10,20,57.667598724365234
48494,4,27,5,-5,20,-5,20,58.08390045166016
48494,4,29,2,-15,25,-15,25,59.167999267578125
48494,4,25,4,-20,20,-20,20,59.784698486328125
48494,4,22,2,-25,15,-25,15,60.40060043334961
48494,4,19,2,-30,10,-30,10,60.98460006713867
48494,4,18,5,-20,5,-20,5,61.867401123046875
48494,4,64,1,-15,-6.5,-15,-6.5,62.85089874267578
48494,4,63,2,-20,-10,-20,-10,63.2505989074707
48494,4,58,5,-23.5,-15,-23.5,-15,63.70050048828125
48494,4,57,4,-20,-15,-20,-15,63.85060119628906
48494,4,53,4,-17.5,-17.5,-17.5,-17.5,64.10060119628906
48494,4,56,4,-15,-15,-15,-15,64.28389739990234
48494,4,60,2,-17.5,-12.5,-17.5,-12.5,64.3510971069336
48494,4,59,2,-12.5,-12.5,-12.5,-12.5,64.60070037841797
48494,4,62,1,-15,-10,-15,-10,64.81749725341797
48494,4,61,1,-10,-10,-10,-10,64.8843002319336
48494,4,55,1,-10,-15,-10,-15,65.200897216796875
48494,4,52,2,-12.5,-17.5,-12.5,-17.5,65.48429870605469
48494,4,49,4,-15,-20,-15,-20,65.750701904296875
48494,4,48,5,-15,-23.5,-15,-23.5,66.018402099609375
48494,4,51,5,-20,-20,-20,-20,66.268402099609375
48494,4,50,2,-10,-20,-10,-20,67.10070037841797
48494,4,42,5,5,-20,5,-20,68.30110168457031
48494,4,41,4,10,-20,10,-20,68.75080108642578
48494,4,38,4,15,-15,15,-15,69.2509994506836
48494,4,35,4,20,-10,20,-10,69.81749725341797
48494,4,34,2,30,-10,30,-10,70.76750183105469
48494,4,37,2,25,-15,25,-15,71.20110321044922
48494,4,40,4,20,-20,20,-20,71.76750183105469
48494,4,44,2,15,-25,15,-25,72.3844985961914
48494,4,47,2,10,-30,10,-30,72.9845962524414
48494,4,46,1,20,-30,20,-30,73.86830139160156
48494,4,45,1,30,-30,30,-30,74.684600830078125
48494,4,43,2,25,-25,25,-25,75.2677993774414
48494,4,39,1,30,-20,30,-20,76.11730194091797
48494,4,40,4,20,-20,20,-20,76.85140228271484
48494,4,41,4,10,-20,10,-20,77.6677017211914
48494,4,42,5,5,-20,5,-20,78.06770324707031
48494,4,38,4,15,-15,15,-15,79.01740264892578
48494,4,36,5,10,-10,10,-10,79.4177017211914
48494,4,33,5,20,-5,20,-5,80.7677001953125
48494,4,13,2,17.5,12.5,17.5,12.5,82.20099639892578
48494,4,10,4,20,15,20,15,82.41819763183594
48494,4,11,5,23.5,15,23.5,15,82.66790008544922
48494,4,4,5,20,20,20,20,82.95079803466797
48494,4,3,4,15,20,15,20,83.46790313720703
48494,4,2,2,10,20,10,20,83.88480377197266
48494,4,1,5,15,23.5,15,23.5,84.10099792480469
48494,4,6,4,17.5,17.5,17.5,17.5,84.667999267578125
48494,4,9,4,15,15,15,15,84.8676986694336
48494,4,12,2,12.5,12.5,12.5,12.5,85.25090026855469
48494,4,14,1,10,10,10,10,85.567596435546875
48494,4,17,1,15,6.5,15,6.5,85.96800231933594
48494,4,15,1,15,10,15,10,86.56780242919922
48494,4,13,2,17.5,12.5,17.5,12.5,87.38410186767578
48494,4,5,2,12.5,17.5,12.5,17.5,88.6010971069336
48494,4,3,4,15,20,15,20,88.85099792480469
48494,4,1,5,15,23.5,15,23.5,89.1177978515625
48494,4,4,5,20,20,20,20,89.567596435546875
48494,4,11,5,23.5,15,23.5,15,90.05159759521484
48494,4,10,4,20,15,20,15,90.2510986328125
48494,4,16,2,20,10,20,10,90.5365982055664
48494,4,33,5,20,-5,20,-5,91.951202392578125
48494,4,35,4,20,-10,20,-10,92.36799621582033
48494,4,38,4,15,-15,15,-15,93.1011962890625
48494,4,41,4,10,-20,10,-20,93.76789855957033
48494,4,42,5,5,-20,5,-20,94.18470001220705
48494,4,50,2,-10,-20,-10,-20,95.48429870605467
48494,4,48,5,-15,-23.5,-15,-23.5,95.88500213623048
48494,4,49,4,-15,-20,-15,-20,96.00090026855467
48494,4,51,5,-20,-20,-20,-20,96.3010025024414
48494,4,53,4,-17.5,-17.5,-17.5,-17.5,96.3676986694336
48494,4,57,4,-20,-15,-20,-15,96.618499755859375
48494,4,58,5,-23.5,-15,-23.5,-15,96.85099792480467
48494,4,63,2,-20,-10,-20,-10,97.151702880859375
48494,4,60,2,-17.5,-12.5,-17.5,-12.5,97.45149993896484
48494,4,62,1,-15,-10,-15,-10,97.48490142822266
48494,4,56,4,-15,-15,-15,-15,97.6676025390625
48494,4,52,2,-12.5,-17.5,-12.5,-17.5,98.20130157470705
48494,4,55,1,-10,-15,-10,-15,98.5011978149414
48494,4,36,5,10,-10,10,-10,100.2177963256836
48494,4,33,5,20,-5,20,-5,101.25140380859376
48494,4,35,4,20,-10,20,-10,101.76789855957033
48494,4,42,5,5,-20,5,-20,103.28469848632813
48494,4,41,4,10,-20,10,-20,103.88459777832033
48494,4,38,4,15,-15,15,-15,104.46769714355467
48494,4,37,2,25,-15,25,-15,105.3511962890625
48494,4,44,2,15,-25,15,-25,106.95140075683594
48494,4,48,5,-15,-23.5,-15,-23.5,109.40180206298828
48494,4,49,4,-15,-20,-15,-20,109.66790008544922
48494,4,51,5,-20,-20,-20,-20,109.91829681396484
48494,4,53,4,-17.5,-17.5,-17.5,-17.5,109.96790313720705
48494,4,57,4,-20,-15,-20,-15,110.2677001953125
48494,4,58,5,-23.5,-15,-23.5,-15,110.3677978515625
48494,4,60,2,-17.5,-12.5,-17.5,-12.5,110.70120239257813
48494,4,56,4,-15,-15,-15,-15,110.96820068359376
48494,4,52,2,-12.5,-17.5,-12.5,-17.5,111.30130004882813
48494,4,50,2,-10,-20,-10,-20,111.60150146484376
48494,4,42,5,5,-20,5,-20,112.80130004882813
48494,4,41,4,10,-20,10,-20,113.25180053710938
48494,4,38,4,15,-15,15,-15,113.8510971069336
48494,4,35,4,20,-10,20,-10,114.41790008544922
48494,4,33,5,20,-5,20,-5,114.65129852294922
48494,4,36,5,10,-10,10,-10,115.80159759521484
48494,4,48,5,-15,-23.5,-15,-23.5,118.60140228271484
48494,4,49,4,-15,-20,-15,-20,118.86810302734376
48494,4,51,5,-20,-20,-20,-20,119.10179901123048
48494,4,53,4,-17.5,-17.5,-17.5,-17.5,119.15290069580078
48494,4,57,4,-20,-15,-20,-15,119.45140075683594
48494,4,58,5,-23.5,-15,-23.5,-15,119.55110168457033
48494,4,60,2,-20,-10,-17.5,-12.5,119.95140075683594
48494,4,63,2,-20,-10,-20,-10,119.96810150146484
48494,4,62,1,-15,-10,-15,-10,120.25150299072266
48494,4,59,2,-12.5,-12.5,-12.5,-12.5,120.6685028076172
48494,4,55,1,-10,-15,-10,-15,120.9845962524414
48494,4,54,1,-6.5,-15,-6.5,-15,121.1519012451172
48494,4,50,2,-10,-20,-10,-20,121.55130004882813
48494,4,52,2,-12.5,-17.5,-12.5,-17.5,121.75170135498048
48494,4,56,4,-15,-15,-15,-15,122.00150299072266
48494,4,64,1,-15,-6.5,-15,-6.5,122.75189971923828
48494,4,18,5,-20,5,-20,5,123.71839904785156
48494,4,21,5,-10,10,-10,10,124.56829833984376
48494,4,27,5,-5,20,-5,20,125.56809997558594
48494,4,1,5,15,23.5,15,23.5,127.40139770507813
48494,4,3,4,15,20,15,20,127.552001953125
48494,4,6,4,17.5,17.5,17.5,17.5,127.85169982910156
48494,4,10,4,20,15,20,15,128.1522979736328
48494,4,11,5,23.5,15,23.5,15,128.40170288085938
48494,4,4,5,20,20,20,20,129.11830139160156
48494,4,2,2,10,20,10,20,130.0178985595703
48494,4,5,2,12.5,17.5,12.5,17.5,130.1011962890625
48494,4,9,4,15,15,15,15,130.3018035888672
48494,4,13,2,17.5,12.5,17.5,12.5,130.6186065673828
48494,4,16,2,20,10,20,10,130.91810607910156
48494,4,17,1,15,6.5,15,6.5,131.4683074951172
48494,4,15,1,15,10,15,10,131.58489990234375
48494,4,12,2,12.5,12.5,12.5,12.5,131.85189819335938
48494,4,8,1,10,15,10,15,132.16920471191406
48494,4,7,1,6.5,15,6.5,15,132.3520965576172
48494,4,27,5,-5,20,-5,20,133.48500061035156
48494,4,21,5,-10,10,-10,10,134.4853057861328
48494,4,18,5,-20,5,-20,5,135.5684051513672
48494,4,63,2,-20,-10,-20,-10,136.8513946533203
48494,4,58,5,-23.5,-15,-23.5,-15,137.21839904785156
48494,4,57,4,-20,-15,-20,-15,137.4680938720703
48494,4,51,5,-20,-20,-20,-20,137.66839599609375
48494,4,48,5,-15,-23.5,-15,-23.5,138.28480529785156
48494,4,49,4,-15,-20,-15,-20,138.6186981201172
48494,4,53,4,-17.5,-17.5,-17.5,-17.5,138.91810607910156
48494,4,42,5,5,-20,5,-20,141.65159606933594
48494,4,41,4,10,-20,10,-20,142.08509826660156
48494,4,36,5,10,-10,10,-10,142.76820373535156
48494,4,35,4,20,-10,20,-10,143.66819763183594
48494,4,33,5,20,-5,20,-5,143.81869506835938
48494,4,34,2,30,-10,30,-10,144.585205078125
48494,4,38,4,15,-15,15,-15,145.71859741210938
48494,4,44,2,15,-25,15,-25,146.58489990234375
48494,4,46,1,20,-30,20,-30,147.818603515625
48494,4,45,1,30,-30,30,-30,148.66839599609375
48494,4,43,2,25,-25,25,-25,149.11900329589844
48494,4,40,4,20,-20,20,-20,149.6685028076172
48494,4,41,4,10,-20,10,-20,150.5854034423828
48494,4,42,5,5,-20,5,-20,150.985595703125
48494,4,36,5,10,-10,10,-10,151.71839904785156
48494,4,33,5,20,-5,20,-5,153.18539428710938
48494,4,35,4,20,-10,20,-10,153.65179443359375
48494,4,38,4,15,-15,15,-15,154.285400390625
48494,4,49,4,-15,-20,-15,-20,157.2021942138672
48494,4,53,4,-17.5,-17.5,-17.5,-17.5,157.5019989013672
48494,4,57,4,-20,-15,-20,-15,157.80189514160156
48494,4,63,2,-20,-10,-20,-10,158.31849670410156
48494,4,60,2,-17.5,-12.5,-17.5,-12.5,158.518798828125
48494,4,56,4,-15,-15,-15,-15,158.80209350585938
48494,4,52,2,-12.5,-17.5,-12.5,-17.5,159.1519012451172
48494,4,50,2,-10,-20,-10,-20,159.45309448242188
48494,4,54,1,-6.5,-15,-6.5,-15,159.81849670410156
48494,4,55,1,-10,-15,-10,-15,159.88600158691406
48494,4,59,2,-12.5,-12.5,-12.5,-12.5,160.17010498046875
48494,4,62,1,-15,-10,-15,-10,160.48519897460938
48494,4,51,5,-20,-20,-20,-20,161.76849365234375
48494,4,48,5,-15,-23.5,-15,-23.5,162.25210571289065
48494,4,42,5,5,-20,5,-20,164.4022979736328
48494,4,41,4,10,-20,10,-20,164.6020965576172
48494,4,38,4,15,-15,15,-15,165.20179748535156
48494,4,35,4,20,-10,20,-10,165.802001953125
48494,4,33,5,20,-5,20,-5,166.16879272460938
48494,4,36,5,10,-10,10,-10,167.085205078125
48494,4,48,5,-15,-23.5,-15,-23.5,169.66949462890625
48494,4,49,4,-15,-20,-15,-20,169.86940002441406
48494,4,53,4,-17.5,-17.5,-17.5,-17.5,170.15280151367188
48494,4,51,5,-20,-20,-20,-20,170.218994140625
48494,4,57,4,-20,-15,-20,-15,170.451904296875
48494,4,58,5,-23.5,-15,-23.5,-15,170.65179443359375
48494,4,63,2,-20,-10,-20,-10,170.98570251464844
48494,4,60,2,-17.5,-12.5,-17.5,-12.5,171.0688934326172
48494,4,56,4,-15,-15,-15,-15,171.30230712890625
48494,4,52,2,-12.5,-17.5,-12.5,-17.5,171.6519012451172
48494,4,50,2,-10,-20,-10,-20,171.9521026611328
48494,4,42,5,5,-20,5,-20,173.18539428710938
48494,4,41,4,10,-20,10,-20,173.652099609375
48494,4,47,2,10,-30,10,-30,174.4019012451172
48494,4,48,5,-15,-23.5,-15,-23.5,176.56910705566406
48494,4,49,4,-15,-20,-15,-20,176.8531036376953
48494,4,51,5,-20,-20,-20,-20,177.11880493164065
48494,4,53,4,-17.5,-17.5,-17.5,-17.5,177.152099609375
48494,4,57,4,-20,-15,-20,-15,177.41879272460938
48494,4,58,5,-23.5,-15,-23.5,-15,177.5522003173828
48494,4,60,2,-17.5,-12.5,-17.5,-12.5,177.8188018798828
48494,4,56,4,-15,-15,-15,-15,178.16929626464844
48494,4,52,2,-12.5,-17.5,-12.5,-17.5,178.48550415039065
48494,4,50,2,-10,-20,-10,-20,178.78570556640625
48494,4,55,1,-10,-15,-10,-15,179.35189819335938
48494,4,59,2,-12.5,-12.5,-12.5,-12.5,179.6190948486328
48494,4,62,1,-15,-10,-15,-10,179.95249938964844
48494,4,63,2,-20,-10,-20,-10,180.652099609375
48494,4,54,1,-6.5,-15,-6.5,-15,182.1697998046875
48494,4,48,5,-15,-23.5,-15,-23.5,183.26910400390625
48494,4,49,4,-15,-20,-15,-20,183.38580322265625
48494,4,53,4,-17.5,-17.5,-17.5,-17.5,183.685302734375
48494,4,57,4,-20,-15,-20,-15,183.98590087890625
48494,4,58,5,-23.5,-15,-23.5,-15,184.26939392089844
48494,4,51,5,-20,-20,-20,-20,184.8188018798828
48494,4,50,2,-10,-20,-10,-20,185.76870727539065
48494,4,52,2,-12.5,-17.5,-12.5,-17.5,185.91879272460935
48494,4,56,4,-15,-15,-15,-15,186.15199279785156
48494,4,60,2,-17.5,-12.5,-17.5,-12.5,186.48550415039065
48494,4,63,2,-20,-10,-20,-10,186.78570556640625
48494,4,62,1,-15,-10,-15,-10,187.20230102539065
48494,4,59,2,-12.5,-12.5,-12.5,-12.5,187.468994140625
48494,4,55,1,-10,-15,-10,-15,187.78579711914065
48494,4,54,1,-6.5,-15,-6.5,-15,188.1529998779297
48494,4,42,5,5,-20,5,-20,189.102294921875
48494,4,48,5,-15,-23.5,-15,-23.5,190.70249938964844
48494,4,49,4,-15,-20,-15,-20,190.9857940673828
48494,4,51,5,-20,-20,-20,-20,191.252197265625
48494,4,53,4,-17.5,-17.5,-17.5,-17.5,191.28550720214844
48494,4,57,4,-20,-15,-20,-15,191.5691070556641
48494,4,58,5,-23.5,-15,-23.5,-15,191.6858062744141
48494,4,60,2,-17.5,-12.5,-17.5,-12.5,192.11900329589844
48494,4,56,4,-15,-15,-15,-15,192.35220336914065
48494,4,50,2,-10,-20,-10,-20,193.3022003173828
48494,4,55,1,-10,-15,-10,-15,193.7689971923828
48494,4,59,2,-12.5,-12.5,-12.5,-12.5,194.05239868164065
48494,4,62,1,-15,-10,-15,-10,194.3524932861328
48494,4,63,2,-20,-10,-20,-10,194.8520050048828
48494,4,52,2,-12.5,-17.5,-12.5,-17.5,195.76939392089844
48494,4,49,4,-15,-20,-15,-20,196.0019989013672
48494,4,48,5,-15,-23.5,-15,-23.5,196.51980590820313
48494,4,51,5,-20,-20,-20,-20,197.0193023681641
48494,4,58,5,-23.5,-15,-23.5,-15,197.51910400390625
48494,4,57,4,-20,-15,-20,-15,197.8690948486328
48494,4,53,4,-17.5,-17.5,-17.5,-17.5,198.085693359375
48494,4,56,4,-15,-15,-15,-15,198.4192047119141
48494,4,60,2,-17.5,-12.5,-17.5,-12.5,198.70230102539065
48494,4,50,2,-10,-20,-10,-20,199.78570556640625
48494,4,55,1,-10,-15,-10,-15,200.3527069091797
48494,4,59,2,-12.5,-12.5,-12.5,-12.5,200.602294921875
48494,4,62,1,-15,-10,-15,-10,200.9188995361328
48494,4,63,2,-20,-10,-20,-10,201.41909790039065
48494,4,52,2,-12.5,-17.5,-12.5,-17.5,202.25210571289065
48494,4,49,4,-15,-20,-15,-20,202.3694000244141
48494,4,48,5,-15,-23.5,-15,-23.5,202.71929931640625
48494,4,51,5,-20,-20,-20,-20,203.2528076171875
48494,4,58,5,-23.5,-15,-23.5,-15,203.752197265625
48494,4,57,4,-20,-15,-20,-15,204.085693359375
48494,4,53,4,-17.5,-17.5,-17.5,-17.5,204.28570556640625
48494,4,56,4,-15,-15,-15,-15,204.88580322265625
48494,4,60,2,-17.5,-12.5,-17.5,-12.5,205.202392578125
48494,4,64,1,-15,-6.5,-15,-6.5,205.91929626464844
48494,4,62,1,-15,-10,-15,-10,206.0691070556641
48494,4,59,2,-12.5,-12.5,-12.5,-12.5,206.30270385742188
48494,4,55,1,-10,-15,-10,-15,206.78610229492188
48494,4,54,1,-6.5,-15,-6.5,-15,207.96910095214844
48494,4,52,2,-12.5,-17.5,-12.5,-17.5,208.5189971923828
48494,4,49,4,-15,-20,-15,-20,208.77000427246097
48494,4,50,2,-10,-20,-10,-20,208.96929931640625
48494,4,48,5,-15,-23.5,-15,-23.5,209.70269775390625
48494,4,51,5,-20,-20,-20,-20,210.2198028564453
48494,4,53,4,-17.5,-17.5,-17.5,-17.5,210.3524932861328
48494,4,57,4,-20,-15,-20,-15,210.6526031494141
48494,4,58,5,-23.5,-15,-23.5,-15,210.7021942138672
48494,4,63,2,-20,-10,-20,-10,211.3195953369141
48494,4,60,2,-17.5,-12.5,-17.5,-12.5,211.4857940673828
48494,4,56,4,-15,-15,-15,-15,211.718994140625
48494,4,59,2,-12.5,-12.5,-12.5,-12.5,212.08599853515625
48494,4,61,1,-10,-10,-10,-10,212.4026031494141
48494,4,64,1,-15,-6.5,-15,-6.5,212.8524932861328
48494,4,62,1,-15,-10,-15,-10,213.20260620117188
48494,4,55,1,-10,-15,-10,-15,213.76910400390625
48494,4,50,2,-10,-20,-10,-20,214.16990661621097
48494,4,49,4,-15,-20,-15,-20,214.46969604492188
48494,4,48,5,-15,-23.5,-15,-23.5,215.11929321289065
48494,5,65,2,-5,-5,-5,-5,338.47100830078125
48494,5,63,2,-7.5,-7.5,-7.5,-7.5,338.7372131347656
48494,5,60,2,-10,-10,-10,-10,339.0372009277344
48494,5,57,2,-12.5,-12.5,-12.5,-12.5,339.3374938964844
48494,5,54,2,-10,-15,-10,-15,339.7878112792969
48494,5,52,2,-10,-18.5,-10,-18.5,339.8876037597656
48494,5,53,2,-5,-15,-5,-15,340.30450439453125
48494,5,56,2,-7.5,-12.5,-7.5,-12.5,340.60430908203125
48494,5,59,2,-5,-10,-5,-10,340.70379638671875
48494,5,58,2,-1.5,-10,-1.5,-10,340.9872131347656
48494,5,31,2,10,-10,10,-10,341.97088623046875
48494,5,34,2,15,-6.5,15,-6.5,342.42120361328125
48494,5,32,2,15,-10,15,-10,342.5874938964844
48494,5,33,2,20,-10,20,-10,342.8377990722656
48494,5,30,2,17.5,-12.5,17.5,-12.5,342.87109375
48494,5,27,2,20,-15,20,-15,343.1708984375
48494,5,28,2,23.5,-15,23.5,-15,343.2875061035156
48494,5,21,2,20,-20,20,-20,343.70458984375
48494,5,18,2,15,-23.5,15,-23.5,344.2043151855469
48494,5,20,2,10,-20,10,-20,344.6708984375
48494,5,24,2,6.5,-15,6.5,-15,345.1376037597656
48494,5,25,2,10,-15,10,-15,345.27069091796875
48494,5,29,2,12.5,-12.5,12.5,-12.5,345.5375061035156
48494,5,26,2,15,-15,15,-15,345.8208923339844
48494,5,23,2,17.5,-17.5,17.5,-17.5,346.12078857421875
48494,5,19,2,15,-20,15,-20,346.33770751953125
48494,5,22,2,12.5,-17.5,12.5,-17.5,346.6039123535156
48494,5,68,2,-10,-1.5,-10,-1.5,349.0707092285156
48494,5,62,2,-18.5,-10,-18.5,-10,350.38751220703125
48494,5,61,2,-15,-10,-15,-10,350.6377868652344
48494,5,55,2,-12.5,-12.5,-15,-15,350.9212951660156
48494,5,57,2,-12.5,-12.5,-12.5,-12.5,350.9375915527344
48494,5,54,2,-10,-15,-10,-15,351.2379150390625
48494,5,52,2,-10,-18.5,-10,-18.5,351.37091064453125
48494,5,53,2,-5,-15,-5,-15,351.7878112792969
48494,5,58,2,-1.5,-10,-1.5,-10,352.2882080078125
48494,5,65,2,-5,-5,-5,-5,352.90399169921875
48494,5,66,2,-10,-5,-10,-5,353.5378112792969
48494,5,64,2,-12.5,-7.5,-12.5,-7.5,353.8210144042969
48494,5,60,2,-10,-10,-10,-10,354.1040954589844
48494,5,56,2,-7.5,-12.5,-7.5,-12.5,354.42138671875
48494,5,59,2,-5,-10,-5,-10,354.63739013671875
48494,5,63,2,-7.5,-7.5,-7.5,-7.5,354.83770751953125
48494,5,67,2,-15,-5,-15,-5,355.53790283203125
48494,5,68,2,-10,-1.5,-10,-1.5,355.9211120605469
48494,5,49,2,-15,10,-15,10,356.9877014160156
48494,5,47,2,-17.5,12.5,-17.5,12.5,357.28759765625
48494,5,44,2,-20,15,-20,15,357.5880126953125
48494,5,40,2,-17.5,17.5,-17.5,17.5,357.9378967285156
48494,5,38,2,-20,20,-20,20,358.0044860839844
48494,5,36,2,-15,20,-15,20,358.2210998535156
48494,5,35,2,-15,23.5,-15,23.5,358.4043884277344
48494,5,37,2,-10,20,-10,20,358.7379150390625
48494,5,41,2,-6.5,15,-6.5,15,359.22088623046875
48494,5,48,2,-10,10,-10,10,359.67120361328125
48494,5,51,2,-15,6.5,-15,6.5,360.1376953125
48494,5,50,2,-20,10,-20,10,360.5881958007813
48494,5,45,2,-23.5,15,-23.5,15,361.0873107910156
48494,5,43,2,-15,15,-15,15,361.5877990722656
48494,5,39,2,-12.5,17.5,-12.5,17.5,361.9209899902344
48494,5,47,2,-17.5,12.5,-17.5,12.5,362.4377136230469
48494,5,49,2,-15,10,-15,10,362.7377014160156
48494,5,46,2,-12.5,12.5,-12.5,12.5,363.0216979980469
48494,5,40,2,-17.5,17.5,-17.5,17.5,363.8211059570313
48494,5,38,2,-20,20,-20,20,364.0718078613281
48494,5,36,2,-15,20,-15,20,364.2379150390625
48494,5,35,2,-15,23.5,-15,23.5,364.2879028320313
48494,5,37,2,-10,20,-10,20,364.6210021972656
48494,5,42,2,-10,15,-10,15,365.2218933105469
48494,5,41,2,-6.5,15,-6.5,15,365.5216979980469
48494,5,48,2,-10,10,-10,10,365.9216003417969
48494,5,44,2,-20,15,-20,15,366.8877868652344
48494,5,45,2,-23.5,15,-23.5,15,367.1044006347656
48494,5,39,2,-12.5,17.5,-12.5,17.5,367.8879089355469
48494,5,43,2,-15,15,-15,15,368.1881103515625
48494,5,49,2,-15,10,-15,10,368.4378051757813
48494,5,47,2,-17.5,12.5,-17.5,12.5,368.4707946777344
48494,5,50,2,-20,10,-20,10,368.77099609375
48494,5,51,2,-15,6.5,-15,6.5,368.9216918945313
48494,5,42,2,-10,15,-10,15,370.3048095703125
48494,5,37,2,-10,20,-10,20,370.7048034667969
48494,5,36,2,-15,20,-15,20,371.0708923339844
48494,5,40,2,-17.5,17.5,-17.5,17.5,371.4717102050781
48494,5,38,2,-20,20,-20,20,371.50439453125
48494,5,41,2,-6.5,15,-6.5,15,372.4378967285156
48494,5,48,2,-10,10,-10,10,372.8381958007813
48494,5,43,2,-15,15,-15,15,373.2210083007813
48494,5,44,2,-20,15,-20,15,373.6213989257813
48494,5,45,2,-23.5,15,-23.5,15,373.90478515625
48494,5,35,2,-15,23.5,-15,23.5,374.6043090820313
48494,5,39,2,-12.5,17.5,-12.5,17.5,374.9714050292969
48494,5,47,2,-17.5,12.5,-17.5,12.5,375.4378967285156
48494,5,50,2,-20,10,-20,10,375.7381896972656
48494,5,51,2,-15,6.5,-15,6.5,376.2210998535156
48494,5,49,2,-15,10,-15,10,376.7214050292969
48494,5,42,2,-10,15,-10,15,377.2383117675781
48494,5,37,2,-10,20,-10,20,377.50439453125
48494,5,36,2,-15,20,-15,20,377.6878051757813
48494,5,40,2,-17.5,17.5,-17.5,17.5,378.0382995605469
48494,5,43,2,-15,15,-15,15,378.4212951660156
48494,5,46,2,-12.5,12.5,-12.5,12.5,378.7047119140625
48494,5,48,2,-10,10,-10,10,379.0046081542969
48494,5,41,2,-6.5,15,-6.5,15,379.47119140625
48494,5,1,2,10,18.5,10,18.5,381.1218872070313
48494,5,4,2,15,15,15,15,381.5714111328125
48494,5,11,2,18.5,10,18.5,10,382.0875854492187
48494,5,10,2,15,10,15,10,382.2379150390625
48494,5,13,2,12.5,7.5,12.5,7.5,382.5215148925781
48494,5,15,2,10,5,10,5,382.8212890625
48494,5,17,2,10,1.5,10,1.5,382.9883117675781
48494,5,14,2,5,5,5,5,383.3377075195313
48494,5,7,2,1.5,10,1.5,10,383.8218994140625
48494,5,2,2,5,15,5,15,384.28759765625
48494,5,3,2,10,15,10,15,384.7381896972656
48494,5,6,2,12.5,12.5,12.5,12.5,385.0046997070313
48494,5,16,2,15,5,15,5,385.90521240234375
48494,5,9,2,10,10,10,10,386.5049133300781
48494,5,5,2,7.5,12.5,7.5,12.5,386.8049926757813
48494,5,8,2,5,10,5,10,387.0047912597656
48494,5,12,2,7.5,7.5,7.5,7.5,387.4378051757813
48494,5,68,2,-10,-1.5,-10,-1.5,389.20458984375
48494,5,67,2,-15,-5,-15,-5,389.70458984375
48494,5,62,2,-18.5,-10,-18.5,-10,390.2052001953125
48494,5,61,2,-15,-10,-15,-10,390.3219909667969
48494,5,57,2,-12.5,-12.5,-12.5,-12.5,390.6044006347656
48494,5,54,2,-10,-15,-10,-15,390.9043884277344
48494,5,52,2,-10,-18.5,-10,-18.5,391.1047973632813
48494,5,53,2,-5,-15,-5,-15,391.4046936035156
48494,5,58,2,-1.5,-10,-1.5,-10,391.8887939453125
48494,5,65,2,-5,-5,-5,-5,392.4212951660156
48494,5,63,2,-7.5,-7.5,-7.5,-7.5,392.6048889160156
48494,5,66,2,-10,-5,-10,-5,392.8045043945313
48494,5,64,2,-12.5,-7.5,-12.5,-7.5,393.0047912597656
48494,5,60,2,-10,-10,-10,-10,393.1217041015625
48494,5,56,2,-7.5,-12.5,-7.5,-12.5,393.3711853027344
48494,5,59,2,-5,-10,-5,-10,393.8717956542969
48494,5,55,2,-15,-15,-15,-15,394.837890625
48494,5,61,2,-15,-10,-15,-10,396.0215148925781
48494,5,62,2,-18.5,-10,-18.5,-10,396.3052978515625
48494,5,57,2,-12.5,-12.5,-12.5,-12.5,396.7052001953125
48494,5,54,2,-10,-15,-10,-15,396.9385070800781
48494,5,52,2,-10,-18.5,-10,-18.5,397.6213989257813
48494,5,53,2,-5,-15,-5,-15,398.087890625
48494,5,58,2,-1.5,-10,-1.5,-10,398.5884094238281
48494,5,65,2,-5,-5,-5,-5,399.1382141113281
48494,5,68,2,-10,-1.5,-10,-1.5,399.6716918945313
48494,5,67,2,-15,-5,-15,-5,400.2217102050781
48494,5,64,2,-12.5,-7.5,-12.5,-7.5,400.4881896972656
48494,5,60,2,-10,-10,-10,-10,400.7882080078125
48494,5,56,2,-7.5,-12.5,-7.5,-12.5,401.0881042480469
48494,5,59,2,-5,-10,-5,-10,401.3380126953125
48494,5,63,2,-7.5,-7.5,-7.5,-7.5,401.5213928222656
48494,5,61,2,-15,-10,-15,-10,402.1383972167969
48494,5,62,2,-18.5,-10,-18.5,-10,402.4045104980469
48494,5,55,2,-15,-15,-15,-15,402.7048950195313
48494,5,57,2,-12.5,-12.5,-12.5,-12.5,402.9884033203125
48494,5,54,2,-10,-15,-10,-15,403.0716857910156
48494,5,66,2,-10,-5,-10,-5,403.6716003417969
48494,5,58,2,-1.5,-10,-1.5,-10,404.3380126953125
48494,5,53,2,-5,-15,-5,-15,404.7049865722656
48494,5,52,2,-10,-18.5,-10,-18.5,405.2716064453125
48494,5,60,2,-10,-10,-10,-10,405.9219055175781
48494,5,64,2,-12.5,-7.5,-12.5,-7.5,406.12200927734375
48494,5,67,2,-15,-5,-15,-5,406.4382019042969
48494,5,68,2,-10,-1.5,-10,-1.5,406.77191162109375
48494,5,59,2,-5,-10,-5,-10,407.8716125488281
48494,5,63,2,-7.5,-7.5,-7.5,-7.5,408.1719970703125
48494,5,65,2,-5,-5,-5,-5,408.40521240234375
48494,5,51,2,-15,6.5,-15,6.5,409.6050109863281
48494,5,49,2,-15,10,-15,10,409.8387145996094
48494,5,47,2,-17.5,12.5,-17.5,12.5,410.1213073730469
48494,5,44,2,-20,15,-20,15,410.42138671875
48494,5,45,2,-23.5,15,-23.5,15,410.6047973632813
48494,5,38,2,-20,20,-20,20,411.0050048828125
48494,5,35,2,-15,23.5,-15,23.5,411.5382080078125
48494,5,36,2,-15,20,-15,20,411.67181396484375
48494,5,39,2,-12.5,17.5,-12.5,17.5,411.9385070800781
48494,5,42,2,-10,15,-10,15,412.23870849609375
48494,5,41,2,-6.5,15,-6.5,15,412.4388122558594
48494,5,48,2,-10,10,-10,10,412.8045959472656
48494,5,40,2,-17.5,17.5,-17.5,17.5,413.97210693359375
48494,5,37,2,-10,20,-10,20,414.5888977050781
48494,5,1,2,10,18.5,10,18.5,416.30511474609375
48494,5,3,2,10,15,10,15,416.3884887695313
48494,5,6,2,12.5,12.5,12.5,12.5,416.6715087890625
48494,5,10,2,15,10,15,10,416.9715881347656
48494,5,11,2,18.5,10,18.5,10,417.2383117675781
48494,5,16,2,15,5,15,5,417.50531005859375
48494,5,17,2,10,1.5,10,1.5,417.9888916015625
48494,5,14,2,5,5,5,5,418.4717102050781
48494,5,7,2,1.5,10,1.5,10,418.9718017578125
48494,5,2,2,5,15,5,15,419.4386901855469
48494,5,4,2,15,15,15,15,420.4050903320313
48494,5,13,2,12.5,7.5,12.5,7.5,421.1217956542969
48494,5,15,2,10,5,10,5,421.4224853515625
48494,5,12,2,7.5,7.5,7.5,7.5,421.6216125488281
48494,5,5,2,7.5,12.5,7.5,12.5,422.03851318359375
48494,5,6,2,12.5,12.5,12.5,12.5,422.37200927734375
48494,5,10,2,15,10,15,10,422.6047973632813
48494,5,11,2,18.5,10,18.5,10,422.9219055175781
48494,5,3,2,10,15,10,15,423.7720031738281
48494,5,1,2,10,18.5,10,18.5,424.0885925292969
48494,5,9,2,10,10,10,10,424.7889099121094
48494,5,7,2,1.5,10,1.5,10,425.4385986328125
48494,5,2,2,5,15,5,15,426.03851318359375
48494,5,12,2,7.5,7.5,7.5,7.5,426.6719970703125
48494,5,17,2,10,1.5,10,1.5,427.3883972167969
48494,5,16,2,15,5,15,5,427.8887939453125
48494,5,13,2,12.5,7.5,12.5,7.5,428.2218933105469
48494,5,6,2,12.5,12.5,12.5,12.5,428.6052856445313
48494,5,4,2,15,15,15,15,428.8382873535156
48494,5,11,2,18.5,10,18.5,10,429.3218078613281
48494,5,10,2,15,10,15,10,429.7385864257813
48494,5,15,2,10,5,10,5,430.1720886230469
48494,5,14,2,5,5,5,5,430.5884094238281
48494,5,8,2,5,10,5,10,430.82281494140625
48494,5,9,2,10,10,10,10,431.0386047363281
48494,5,3,2,10,15,10,15,431.4390869140625
48494,5,1,2,10,18.5,10,18.5,431.73870849609375
48494,5,2,2,5,15,5,15,432.2723083496094
48494,5,7,2,1.5,10,1.5,10,432.9726867675781
48494,5,12,2,7.5,7.5,7.5,7.5,433.6888122558594
48494,5,13,2,12.5,7.5,12.5,7.5,434.1055908203125
48494,5,16,2,15,5,15,5,434.3385925292969
48494,5,15,2,10,5,10,5,435.20550537109375
48494,5,17,2,10,1.5,10,1.5,435.38909912109375
48494,5,10,2,15,10,15,10,436.48919677734375
48494,5,4,2,15,15,15,15,436.88909912109375
48494,5,1,2,10,18.5,10,18.5,437.3388977050781
48494,5,2,2,5,15,5,15,437.8890075683594
48494,5,8,2,5,10,5,10,438.3226013183594
48494,5,14,2,5,5,5,5,438.7384033203125
48494,5,12,2,7.5,7.5,7.5,7.5,438.7883911132813
48494,5,7,2,1.5,10,1.5,10,439.1889953613281
48494,5,5,2,7.5,12.5,7.5,12.5,439.7054138183594
48494,5,9,2,10,10,10,10,439.906494140625
48494,5,13,2,12.5,7.5,12.5,7.5,440.23980712890625
48494,5,16,2,15,5,15,5,440.53900146484375
48494,5,11,2,18.5,10,18.5,10,440.939208984375
48494,5,6,2,12.5,12.5,12.5,12.5,441.5221862792969
48494,5,3,2,10,15,10,15,441.72210693359375
48494,5,32,2,15,-10,15,-10,445.6064147949219
48494,5,30,2,17.5,-12.5,17.5,-12.5,445.9057922363281
48494,5,27,2,20,-15,20,-15,446.1883850097656
48494,5,21,2,20,-20,20,-20,446.722412109375
48494,5,18,2,15,-23.5,15,-23.5,447.2231140136719
48494,5,20,2,10,-20,10,-20,447.67279052734375
48494,5,24,2,6.5,-15,6.5,-15,448.1387939453125
48494,5,31,2,10,-10,10,-10,448.6055908203125
48494,5,34,2,15,-6.5,15,-6.5,449.1055908203125
48494,5,28,2,23.5,-15,23.5,-15,449.9386901855469
48494,5,23,2,17.5,-17.5,17.5,-17.5,450.3219909667969
48494,5,22,2,12.5,-17.5,12.5,-17.5,450.739501953125
48494,5,26,2,15,-15,15,-15,450.78961181640625
48494,5,29,2,12.5,-12.5,12.5,-12.5,451.0054016113281
48494,5,65,2,-5,-5,-5,-5,452.97259521484375
48494,5,66,2,-10,-5,-10,-5,453.3887939453125
48494,5,64,2,-12.5,-7.5,-12.5,-7.5,453.73919677734375
48494,5,61,2,-15,-10,-15,-10,454.03900146484375
48494,5,62,2,-18.5,-10,-18.5,-10,454.2717895507813
48494,5,55,2,-15,-15,-15,-15,454.5721130371094
48494,5,52,2,-10,-18.5,-10,-18.5,455.0392150878906
48494,5,54,2,-10,-15,-10,-15,455.18890380859375
48494,5,53,2,-5,-15,-5,-15,455.47210693359375
48494,5,59,2,-5,-10,-5,-10,455.73919677734375
48494,5,58,2,-1.5,-10,-1.5,-10,455.8887023925781
48494,5,68,2,-10,-1.5,-10,-1.5,456.7720947265625
48494,5,51,2,-15,6.5,-15,6.5,457.6055908203125
48494,5,50,2,-20,10,-20,10,458.0390930175781
48494,5,45,2,-23.5,15,-23.5,15,458.6059875488281
48494,5,44,2,-20,15,-20,15,458.9396057128906
48494,5,38,2,-17.5,17.5,-20,20,459.12200927734375
48494,5,40,2,-17.5,17.5,-17.5,17.5,459.13958740234375
48494,5,36,2,-15,20,-15,20,459.43890380859375
48494,5,35,2,-15,23.5,-15,23.5,459.5721130371094
48494,5,37,2,-10,20,-10,20,459.9388122558594
48494,5,41,2,-6.5,15,-6.5,15,460.4053955078125
48494,5,48,2,-10,10,-10,10,460.93890380859375
48494,5,46,2,-12.5,12.5,-12.5,12.5,461.1227111816406
48494,5,49,2,-15,10,-15,10,461.322509765625
48494,5,47,2,-17.5,12.5,-17.5,12.5,461.52239990234375
48494,5,43,2,-15,15,-15,15,461.5723876953125
48494,5,39,2,-12.5,17.5,-12.5,17.5,461.97210693359375
48494,5,42,2,-10,15,-10,15,462.2228088378906
48494,5,7,2,1.5,10,1.5,10,463.30560302734375
48494,5,2,2,5,15,5,15,463.6388854980469
48494,5,1,2,10,18.5,10,18.5,464.1730041503906
48494,5,3,2,10,15,10,15,464.3226013183594
48494,5,6,2,12.5,12.5,12.5,12.5,464.6058044433594
48494,5,10,2,15,10,15,10,464.9057922363281
48494,5,11,2,18.5,10,18.5,10,465.0730895996094
48494,5,16,2,15,5,15,5,465.6055908203125
48494,5,17,2,10,1.5,10,1.5,466.1745910644531
48494,5,14,2,5,5,5,5,466.6889953613281
48494,5,8,2,5,10,5,10,467.22259521484375
48494,5,5,2,7.5,12.5,7.5,12.5,467.5227966308594
48494,5,9,2,10,10,10,10,467.7392883300781
48494,5,13,2,12.5,7.5,12.5,7.5,468.0223083496094
48494,5,15,2,10,5,10,5,468.322998046875
48494,5,12,2,7.5,7.5,7.5,7.5,468.6058044433594
48494,5,2,2,5,15,5,15,469.305908203125
48494,5,37,2,-10,20,-10,20,470.6225891113281
48494,5,35,2,-15,23.5,-15,23.5,471.1893005371094
48494,5,38,2,-20,20,-20,20,471.7062072753906
48494,5,45,2,-23.5,15,-23.5,15,472.2055969238281
48494,5,44,2,-20,15,-20,15,472.322998046875
48494,5,47,2,-17.5,12.5,-17.5,12.5,472.6225891113281
48494,5,49,2,-15,10,-15,10,472.9059143066406
48494,5,51,2,-15,6.5,-15,6.5,473.106201171875
48494,5,48,2,-10,10,-10,10,473.4725036621094
48494,5,41,2,-6.5,15,-6.5,15,473.9722900390625
48494,5,42,2,-10,15,-10,15,474.0723876953125
48494,5,39,2,-12.5,17.5,-12.5,17.5,474.339111328125
48494,5,36,2,-15,20,-15,20,474.6224060058594
48494,5,40,2,-17.5,17.5,-17.5,17.5,474.8724060058594
48494,5,43,2,-15,15,-15,15,474.989013671875
48494,5,46,2,-12.5,12.5,-12.5,12.5,475.272705078125
48494,5,7,2,1.5,10,1.5,10,476.539794921875
48494,5,2,2,5,15,5,15,476.9892883300781
48494,5,1,2,10,18.5,10,18.5,477.5223083496094
48494,5,3,2,10,15,10,15,477.772705078125
48494,5,4,2,15,15,15,15,478.0221862792969
48494,5,10,2,15,10,15,10,478.322509765625
48494,5,11,2,18.5,10,18.5,10,478.4728088378906
48494,5,16,2,15,5,15,5,478.8403015136719
48494,5,17,2,10,1.5,10,1.5,479.3233947753906
48494,5,15,2,10,5,10,5,479.62249755859375
48494,5,14,2,5,5,5,5,479.77239990234375
48494,5,8,2,5,10,5,10,480.189208984375
48494,5,5,2,7.5,12.5,7.5,12.5,480.42279052734375
48494,5,9,2,10,10,10,10,480.6393127441406
48494,5,13,2,12.5,7.5,12.5,7.5,480.9390869140625
48494,5,7,2,1.5,10,1.5,10,481.97259521484375
48494,5,41,2,-6.5,15,-6.5,15,482.839599609375
48494,5,39,2,-12.5,17.5,-12.5,17.5,483.3561096191406
48494,5,36,2,-15,20,-15,20,483.639404296875
48494,5,40,2,-17.5,17.5,-17.5,17.5,484.00628662109375
48494,5,43,2,-15,15,-15,15,484.4059143066406
48494,5,46,2,-12.5,12.5,-12.5,12.5,484.69000244140625
48494,5,49,2,-15,10,-15,10,484.789306640625
48494,5,51,2,-15,6.5,-15,6.5,485.10589599609375
48494,5,68,2,-10,-1.5,-10,-1.5,485.9224853515625
48494,5,65,2,-5,-5,-5,-5,486.422607421875
48494,6,65,5,-5,-5,-5,-5,1363.4510498046875
48494,6,63,4,-7.5,-7.5,-7.5,-7.5,1363.7679443359375
48494,6,66,5,-10,-5,-10,-5,1363.8680419921875
48494,6,68,5,-10,-1.5,-10,-1.5,1364.10205078125
48494,6,51,5,-15,6.5,-15,6.5,1364.91796875
48494,6,49,5,-15,10,-15,10,1365.2679443359375
48494,6,48,5,-10,10,-10,10,1365.4510498046875
48494,6,46,4,-12.5,12.5,-12.5,12.5,1365.5849609375
48494,6,42,5,-10,15,-10,15,1365.8509521484375
48494,6,41,5,-6.5,15,-6.5,15,1365.91796875
48494,6,7,5,1.5,10,1.5,10,1366.7010498046875
48494,6,8,5,5,10,5,10,1367.052001953125
48494,6,12,4,7.5,7.5,7.5,7.5,1367.301025390625
48494,6,15,5,10,5,10,5,1367.552001953125
48494,6,17,5,10,1.5,10,1.5,1367.8509521484375
48494,6,34,5,15,-6.5,15,-6.5,1368.8680419921875
48494,6,32,5,15,-10,15,-10,1369.1180419921875
48494,6,31,5,10,-10,10,-10,1369.4520263671875
48494,6,25,5,10,-15,10,-15,1369.7020263671875
48494,6,24,5,6.5,-15,6.5,-15,1369.8680419921875
48494,6,58,5,-1.5,-10,-1.5,-10,1370.7020263671875
48494,6,59,5,-5,-10,-5,-10,1371.001953125
48494,6,65,5,-5,-5,-5,-5,1371.2679443359375
48494,6,63,4,-7.5,-7.5,-7.5,-7.5,1371.302001953125
48494,6,66,5,-10,-5,-10,-5,1371.5849609375
48494,6,68,5,-10,-1.5,-10,-1.5,1371.7020263671875
48494,6,51,5,-15,6.5,-15,6.5,1372.6180419921875
48494,6,49,5,-15,10,-15,10,1372.9520263671875
48494,6,48,5,-10,10,-10,10,1373.2020263671875
48494,6,46,4,-12.5,12.5,-12.5,12.5,1373.2679443359375
48494,6,42,5,-10,15,-10,15,1373.552001953125
48494,6,41,5,-6.5,15,-6.5,15,1373.6519775390625
48494,6,14,5,5,5,5,5,1374.885009765625
48494,6,34,5,15,-6.5,15,-6.5,1376.0849609375
48494,6,32,5,15,-10,15,-10,1376.35205078125
48494,6,31,5,10,-10,10,-10,1376.4849853515625
48494,6,29,4,12.5,-12.5,12.5,-12.5,1376.5849609375
48494,6,25,5,10,-15,10,-15,1376.85205078125
48494,6,24,5,6.5,-15,6.5,-15,1376.9520263671875
48494,6,58,5,-1.5,-10,-1.5,-10,1377.7020263671875
48494,6,59,5,-5,-5,-5,-10,1378.16796875
48494,6,65,5,-5,-5,-5,-5,1378.18505859375
48494,6,63,4,-7.5,-7.5,-7.5,-7.5,1378.3179931640625
48494,6,66,5,-10,-5,-10,-5,1378.552001953125
48494,6,68,5,-10,-1.5,-10,-1.5,1378.8680419921875
48494,6,51,5,-15,6.5,-15,6.5,1379.802001953125
48494,6,49,5,-15,10,-15,10,1380.1519775390625
48494,6,48,5,-10,10,-10,10,1380.385009765625
48494,6,46,4,-12.5,12.5,-12.5,12.5,1380.468017578125
48494,6,42,5,-10,15,-10,15,1380.718994140625
48494,6,41,5,-6.5,15,-6.5,15,1380.85205078125
48494,6,7,5,1.5,10,1.5,10,1381.802001953125
48494,6,8,5,5,10,5,10,1382.0179443359375
48494,6,12,4,7.5,7.5,7.5,7.5,1382.35205078125
48494,6,14,5,5,5,5,5,1382.385009765625
48494,6,15,5,10,5,10,5,1382.60205078125
48494,6,17,5,10,1.5,10,1.5,1382.802001953125
48494,6,34,5,15,-6.5,15,-6.5,1383.718994140625
48494,6,32,5,15,-10,15,-10,1384.052001953125
48494,6,29,4,12.5,-12.5,12.5,-12.5,1384.2850341796875
48494,6,31,5,10,-10,10,-10,1384.3690185546875
48494,6,25,5,10,-15,10,-15,1384.552001953125
48494,6,24,5,6.5,-15,6.5,-15,1384.7679443359375
48494,6,58,5,-1.5,-10,-1.5,-10,1385.802001953125
48494,6,59,5,-5,-10,-5,-10,1385.968017578125
48494,6,63,4,-7.5,-7.5,-7.5,-7.5,1386.2850341796875
48494,6,65,5,-5,-5,-5,-5,1386.4019775390625
48494,6,66,5,-10,-5,-10,-5,1386.552001953125
48494,6,68,5,-10,-1.5,-10,-1.5,1386.802001953125
48494,6,51,5,-15,6.5,-15,6.5,1387.76904296875
48494,6,49,5,-15,10,-15,10,1388.0849609375
48494,6,48,5,-10,10,-10,10,1388.2850341796875
48494,6,46,4,-12.5,12.5,-12.5,12.5,1388.4019775390625
48494,6,42,5,-10,15,-10,15,1388.66796875
48494,6,41,5,-6.5,15,-6.5,15,1388.76904296875
48494,6,7,5,1.5,10,1.5,10,1389.501953125
48494,6,8,5,5,10,5,10,1389.85205078125
48494,6,14,5,5,5,5,5,1389.9849853515625
48494,6,15,5,10,5,10,5,1390.41796875
48494,6,17,5,10,1.5,10,1.5,1390.4849853515625
48494,6,34,5,15,-6.5,15,-6.5,1391.66796875
48494,6,32,5,15,-10,15,-10,1391.9849853515625
48494,6,29,4,12.5,-12.5,12.5,-12.5,1392.2679443359375
48494,6,31,5,10,-10,10,-10,1392.3690185546875
48494,6,25,5,10,-15,10,-15,1392.501953125
48494,6,24,5,6.5,-15,6.5,-15,1392.802001953125
48494,6,58,5,-1.5,-10,-1.5,-10,1393.9520263671875
48494,6,59,5,-5,-10,-5,-10,1394.01904296875
48494,6,63,4,-7.5,-7.5,-7.5,-7.5,1394.35205078125
48494,6,66,5,-10,-5,-10,-5,1394.60205078125
48494,6,68,5,-10,-1.5,-10,-1.5,1394.9520263671875
48494,6,51,5,-15,6.5,-15,6.5,1395.885009765625
48494,6,49,5,-15,10,-15,10,1396.218994140625
48494,6,48,5,-10,10,-10,10,1396.41796875
48494,6,46,4,-12.5,12.5,-12.5,12.5,1396.552001953125
48494,6,42,5,-10,15,-10,15,1396.802001953125
48494,6,41,5,-6.5,15,-6.5,15,1396.9019775390625
48494,6,7,5,1.5,10,1.5,10,1397.718994140625
48494,6,8,5,5,10,5,10,1398.0849609375
48494,6,14,5,5,5,5,5,1398.218994140625
48494,6,15,5,10,5,10,5,1398.66796875
48494,6,17,5,10,1.5,10,1.5,1398.718994140625
48494,6,34,5,15,-6.5,15,-6.5,1399.5679931640625
48494,6,32,5,15,-10,15,-10,1399.9520263671875
48494,6,29,4,12.5,-12.5,12.5,-12.5,1400.2679443359375
48494,6,25,5,10,-15,10,-15,1400.51904296875
48494,6,24,5,6.5,-15,6.5,-15,1400.85205078125
48494,6,58,5,-1.5,-10,-1.5,-10,1401.8690185546875
48494,6,59,5,-5,-10,-5,-10,1401.968994140625
48494,6,63,4,-7.5,-7.5,-7.5,-7.5,1402.2850341796875
48494,6,66,5,-10,-5,-10,-5,1402.552001953125
48494,6,68,5,-10,-1.5,-10,-1.5,1402.8690185546875
48494,6,51,5,-15,6.5,-15,6.5,1403.8690185546875
48494,6,49,5,-15,10,-15,10,1404.1190185546875
48494,6,48,5,-10,10,-10,10,1404.4520263671875
48494,6,42,5,-10,15,-10,15,1404.7020263671875
48494,6,41,5,-6.5,15,-6.5,15,1404.8690185546875
48494,6,7,5,1.5,10,1.5,10,1405.68505859375
48494,6,8,5,5,10,5,10,1405.9849853515625
48494,6,14,5,5,5,5,5,1406.251953125
48494,6,12,4,7.5,7.5,7.5,7.5,1406.302001953125
48494,6,15,5,10,5,10,5,1406.5689697265625
48494,6,17,5,10,1.5,10,1.5,1406.68505859375
48494,6,34,5,15,-6.5,15,-6.5,1407.60205078125
48494,6,32,5,15,-10,15,-10,1407.9520263671875
48494,6,29,4,12.5,-12.5,12.5,-12.5,1408.251953125
48494,6,31,5,10,-10,10,-10,1408.35205078125
48494,6,25,5,10,-15,10,-15,1408.51904296875
48494,6,24,5,6.5,-15,6.5,-15,1408.751953125
48494,6,58,5,-1.5,-10,-1.5,-10,1409.5689697265625
48494,6,59,5,-5,-10,-5,-10,1409.9189453125
48494,6,65,5,-5,-5,-5,-5,1410.0689697265625
48494,6,63,4,-7.5,-7.5,-7.5,-7.5,1410.2020263671875
48494,6,66,5,-10,-5,-10,-5,1410.4849853515625
48494,6,68,5,-10,-1.5,-10,-1.5,1410.5689697265625
48494,6,51,5,-15,6.5,-15,6.5,1411.4520263671875
48494,6,49,5,-15,10,-15,10,1411.7850341796875
48494,6,46,4,-12.5,12.5,-12.5,12.5,1412.0849609375
48494,6,48,5,-10,10,-10,10,1412.1519775390625
48494,6,42,5,-10,15,-10,15,1412.35205078125
48494,6,41,5,-6.5,15,-6.5,15,1412.552001953125
48494,6,7,5,1.5,10,1.5,10,1413.4520263671875
48494,6,8,5,5,10,5,10,1413.751953125
48494,6,14,5,5,5,5,5,1413.9859619140625
48494,6,12,4,7.5,7.5,7.5,7.5,1414.0689697265625
48494,6,15,5,10,5,10,5,1414.3189697265625
48494,6,17,5,10,1.5,10,1.5,1414.4520263671875
48494,6,34,5,15,-6.5,15,-6.5,1415.3189697265625
48494,6,32,5,15,-10,15,-10,1415.6689453125
48494,6,29,4,12.5,-12.5,12.5,-12.5,1415.9849853515625
48494,6,31,5,10,-10,10,-10,1416.052001953125
48494,6,25,5,10,-15,10,-15,1416.251953125
48494,6,24,5,6.5,-15,6.5,-15,1416.468994140625
48494,6,58,5,-1.5,-10,-1.5,-10,1417.3690185546875
48494,6,59,5,-5,-10,-5,-10,1417.6689453125
48494,6,65,5,-5,-5,-5,-5,1417.9019775390625
48494,6,63,4,-7.5,-7.5,-7.5,-7.5,1417.9849853515625
48494,6,66,5,-10,-5,-10,-5,1418.26904296875
48494,6,68,5,-10,-1.5,-10,-1.5,1418.3690185546875
48494,6,51,5,-15,6.5,-15,6.5,1419.26904296875
48494,6,49,5,-15,10,-15,10,1419.60205078125
48494,6,46,5,-10,10,-12.5,12.5,1419.9019775390625
48494,6,48,5,-10,10,-10,10,1419.9189453125
48494,6,42,5,-10,15,-10,15,1420.18505859375
48494,6,41,5,-6.5,15,-6.5,15,1420.35302734375
48494,6,7,5,1.5,10,1.5,10,1421.35302734375
48494,6,8,5,5,10,5,10,1421.4189453125
48494,6,12,4,7.5,7.5,7.5,7.5,1421.76904296875
48494,6,15,5,10,5,10,5,1422.01904296875
48494,6,17,5,10,1.5,10,1.5,1422.35302734375
48494,6,34,5,15,-6.5,15,-6.5,1423.35302734375
48494,6,32,5,15,-10,15,-10,1423.6190185546875
48494,6,31,5,10,-10,10,-10,1423.9019775390625
48494,6,29,4,12.5,-12.5,12.5,-12.5,1423.9520263671875
48494,6,25,5,10,-15,10,-15,1424.2020263671875
48494,6,24,5,6.5,-15,6.5,-15,1424.35302734375
48494,6,58,5,-1.5,-10,-1.5,-10,1425.1190185546875
48494,6,59,5,-5,-10,-5,-10,1425.4520263671875
48494,6,65,5,-5,-5,-5,-5,1425.6689453125
48494,6,63,4,-7.5,-7.5,-7.5,-7.5,1425.76904296875
48494,6,66,5,-10,-5,-10,-5,1426.052001953125
48494,6,68,5,-10,-1.5,-10,-1.5,1426.1519775390625
48494,6,51,5,-15,6.5,-15,6.5,1427.01904296875
48494,6,48,5,-10,10,-10,10,1427.4189453125
48494,6,41,5,-6.5,15,-6.5,15,1427.9189453125
48494,6,7,5,1.5,10,1.5,10,1428.885009765625
48494,6,8,5,5,10,5,10,1428.9520263671875
48494,6,14,5,5,5,5,5,1429.385986328125
48494,6,17,5,10,1.5,10,1.5,1429.8189697265625
48494,6,34,5,15,-6.5,15,-6.5,1430.6190185546875
48494,6,32,5,15,-10,15,-10,1430.968994140625
48494,6,31,5,10,-10,10,-10,1431.18603515625
48494,6,29,4,12.5,-12.5,12.5,-12.5,1431.26904296875
48494,6,25,5,10,-15,10,-15,1431.51904296875
48494,6,24,5,6.5,-15,6.5,-15,1431.6519775390625
48494,6,58,5,-1.5,-10,-1.5,-10,1432.60205078125
48494,6,59,5,-5,-10,-5,-10,1432.7860107421875
48494,6,63,4,-7.5,-7.5,-7.5,-7.5,1433.10205078125
48494,6,65,5,-5,-5,-5,-5,1433.2020263671875
48494,6,66,5,-10,-5,-10,-5,1433.3690185546875
48494,6,68,5,-10,-1.5,-10,-1.5,1433.60205078125
48494,6,51,5,-15,6.5,-15,6.5,1434.6689453125
48494,6,49,5,-15,10,-15,10,1434.885009765625
48494,6,46,4,-12.5,12.5,-12.5,12.5,1435.2020263671875
48494,7,68,1,-10,-1.5,-10,-1.5,1112.06494140625
48494,7,67,2,-15,-5,-15,-5,1112.56494140625
48494,7,62,5,-18.5,-10,-18.5,-10,1112.9820556640625
48494,7,61,4,-15,-10,-15,-10,1113.06494140625
48494,7,57,4,-12.5,-12.5,-12.5,-12.5,1113.2979736328125
48494,7,55,5,-15,-15,-15,-15,1113.39794921875
48494,7,54,4,-10,-15,-10,-15,1113.5980224609375
48494,7,52,5,-10,-18.5,-10,-18.5,1113.83203125
48494,7,53,2,-5,-15,-5,-15,1114.1319580078125
48494,7,56,2,-7.5,-12.5,-7.5,-12.5,1114.248046875
48494,7,60,4,-10,-10,-10,-10,1114.4320068359375
48494,7,64,2,-12.5,-7.5,-12.5,-7.5,1114.7650146484375
48494,7,66,1,-10,-5,-10,-5,1114.98095703125
48494,7,63,2,-7.5,-7.5,-7.5,-7.5,1115.0989990234375
48494,7,59,1,-5,-10,-5,-10,1115.3819580078125
48494,7,24,1,6.5,-15,6.5,-15,1116.56494140625
48494,7,20,2,10,-20,10,-20,1116.947998046875
48494,7,19,2,12.5,-17.5,15,-20,1117.3489990234375
48494,7,22,2,12.5,-17.5,12.5,-17.5,1117.364990234375
48494,7,18,5,15,-23.5,15,-23.5,1117.5660400390625
48494,7,21,5,20,-20,20,-20,1117.748046875
48494,7,23,4,17.5,-17.5,17.5,-17.5,1117.83203125
48494,7,27,4,20,-15,20,-15,1118.0980224609375
48494,7,28,5,23.5,-15,23.5,-15,1118.1820068359375
48494,7,30,2,17.5,-12.5,17.5,-12.5,1118.6820068359375
48494,7,26,4,15,-15,15,-15,1118.89794921875
48494,7,25,1,10,-15,10,-15,1119.447998046875
48494,7,31,1,10,-10,10,-10,1119.7490234375
48494,7,34,1,15,-6.5,15,-6.5,1120.1820068359375
48494,7,33,2,20,-10,20,-10,1120.58203125
48494,7,52,5,-10,-18.5,-10,-18.5,1123.1319580078125
48494,7,54,4,-10,-15,-10,-15,1123.2650146484375
48494,7,57,4,-12.5,-12.5,-12.5,-12.5,1123.5489501953125
48494,7,55,5,-15,-15,-15,-15,1123.5989990234375
48494,7,61,4,-15,-10,-15,-10,1123.8480224609375
48494,7,62,5,-18.5,-10,-18.5,-10,1124.031982421875
48494,7,67,2,-15,-5,-15,-5,1124.4820556640625
48494,7,64,2,-12.5,-7.5,-12.5,-7.5,1124.7490234375
48494,7,60,4,-10,-10,-10,-10,1125.031982421875
48494,7,56,2,-7.5,-12.5,-7.5,-12.5,1125.3489990234375
48494,7,53,2,-5,-15,-5,-15,1125.6490478515625
48494,7,18,5,15,-23.5,15,-23.5,1127.531982421875
48494,7,19,4,15,-20,15,-20,1127.6490478515625
48494,7,23,4,17.5,-17.5,17.5,-17.5,1127.9320068359375
48494,7,21,5,20,-20,20,-20,1128.031982421875
48494,7,27,4,20,-15,20,-15,1128.2320556640625
48494,7,28,5,23.5,-15,23.5,-15,1128.448974609375
48494,7,33,2,20,-10,20,-10,1128.83203125
48494,7,30,2,17.5,-12.5,17.5,-12.5,1129.2320556640625
48494,7,32,1,15,-10,15,-10,1129.2650146484375
48494,7,26,4,15,-15,15,-15,1129.4659423828125
48494,7,29,2,12.5,-12.5,12.5,-12.5,1129.531982421875
48494,7,22,2,12.5,-17.5,12.5,-17.5,1129.781982421875
48494,7,20,2,10,-20,10,-20,1130.08203125
48494,7,52,5,-10,-18.5,-10,-18.5,1131.56494140625
48494,7,54,4,-10,-15,-10,-15,1131.7320556640625
48494,7,57,4,-12.5,-12.5,-12.5,-12.5,1132.031982421875
48494,7,55,5,-15,-15,-15,-15,1132.1490478515625
48494,7,61,4,-15,-10,-15,-10,1132.33203125
48494,7,62,5,-18.5,-10,-18.5,-10,1132.5489501953125
48494,7,67,2,-15,-5,-15,-5,1132.948974609375
48494,7,64,2,-12.5,-7.5,-12.5,-7.5,1133.2490234375
48494,7,60,4,-10,-10,-10,-10,1133.4820556640625
48494,7,56,2,-7.5,-12.5,-7.5,-12.5,1133.83203125
48494,7,53,2,-5,-15,-5,-15,1134.0989990234375
48494,7,18,5,15,-23.5,15,-23.5,1135.9820556640625
48494,7,19,4,15,-20,15,-20,1136.166015625
48494,7,23,5,20,-20,17.5,-17.5,1136.448974609375
48494,7,21,5,20,-20,20,-20,1136.4649658203125
48494,7,27,4,20,-15,20,-15,1136.7490234375
48494,7,28,5,23.5,-15,23.5,-15,1136.8819580078125
48494,7,33,2,20,-10,20,-10,1137.281982421875
48494,7,30,2,17.5,-12.5,17.5,-12.5,1137.364990234375
48494,7,26,4,15,-15,15,-15,1137.7490234375
48494,7,29,2,12.5,-12.5,12.5,-12.5,1137.7989501953125
48494,7,22,2,12.5,-17.5,12.5,-17.5,1138.06494140625
48494,7,20,2,10,-20,10,-20,1138.3489990234375
48494,7,52,5,-10,-18.5,-10,-18.5,1139.9659423828125
48494,7,54,4,-10,-15,-10,-15,1140.1319580078125
48494,7,57,4,-12.5,-12.5,-12.5,-12.5,1140.4320068359375
48494,7,55,5,-15,-15,-15,-15,1140.5489501953125
48494,7,61,4,-15,-10,-15,-10,1140.7320556640625
48494,7,62,5,-18.5,-10,-18.5,-10,1140.9649658203125
48494,7,67,2,-15,-5,-15,-5,1141.2989501953125
48494,7,64,2,-12.5,-7.5,-12.5,-7.5,1141.6820068359375
48494,7,60,4,-10,-10,-10,-10,1141.9320068359375
48494,7,63,2,-7.5,-7.5,-7.5,-7.5,1141.9990234375
48494,7,56,2,-7.5,-12.5,-7.5,-12.5,1142.2650146484375
48494,7,53,2,-5,-15,-5,-15,1142.56494140625
48494,7,20,2,10,-20,10,-20,1143.948974609375
48494,7,18,5,15,-23.5,15,-23.5,1144.2989501953125
48494,7,19,4,15,-20,15,-20,1144.33203125
48494,7,23,5,20,-20,17.5,-17.5,1144.7320556640625
48494,7,21,5,20,-20,20,-20,1144.7490234375
48494,7,27,4,20,-15,20,-15,1144.9990234375
48494,7,28,5,23.5,-15,23.5,-15,1145.1490478515625
48494,7,33,2,20,-10,20,-10,1145.6319580078125
48494,7,32,1,15,-10,15,-10,1146.0989990234375
48494,7,30,2,17.5,-12.5,17.5,-12.5,1146.1820068359375
48494,7,29,2,12.5,-12.5,12.5,-12.5,1146.365966796875
48494,7,25,1,10,-15,10,-15,1146.6820068359375
48494,7,52,5,-10,-18.5,-10,-18.5,1148.4820556640625
48494,7,54,4,-10,-15,-10,-15,1148.6319580078125
48494,7,57,4,-12.5,-12.5,-12.5,-12.5,1148.9320068359375
48494,7,61,4,-15,-10,-15,-10,1149.198974609375
48494,7,62,5,-18.5,-10,-18.5,-10,1149.4320068359375
48494,7,67,2,-15,-5,-15,-5,1150.0660400390625
48494,7,64,2,-12.5,-7.5,-12.5,-7.5,1150.2989501953125
48494,7,60,4,-10,-10,-10,-10,1150.58203125
48494,7,56,2,-7.5,-12.5,-7.5,-12.5,1150.9320068359375
48494,7,53,2,-5,-15,-5,-15,1151.198974609375
48494,7,55,5,-15,-15,-15,-15,1152.0489501953125
48494,7,18,5,15,-23.5,15,-23.5,1154.5660400390625
48494,7,19,4,15,-20,15,-20,1154.7989501953125
48494,7,23,4,17.5,-17.5,17.5,-17.5,1155.08203125
48494,7,21,5,20,-20,20,-20,1155.1490478515625
48494,7,27,4,20,-15,20,-15,1155.3819580078125
48494,7,28,5,23.5,-15,23.5,-15,1155.5660400390625
48494,7,33,2,20,-10,20,-10,1155.9990234375
48494,7,30,2,17.5,-12.5,17.5,-12.5,1156.1490478515625
48494,7,26,4,15,-15,15,-15,1156.3990478515625
48494,7,22,2,12.5,-17.5,12.5,-17.5,1156.7490234375
48494,7,20,2,10,-20,10,-20,1157.031982421875
48494,7,52,5,-10,-18.5,-10,-18.5,1158.6820068359375
48494,7,54,4,-10,-15,-10,-15,1158.9659423828125
48494,7,55,5,-15,-15,-15,-15,1159.2320556640625
48494,7,57,4,-12.5,-12.5,-12.5,-12.5,1159.2659912109375
48494,7,61,4,-15,-10,-15,-10,1159.5489501953125
48494,7,62,5,-18.5,-10,-18.5,-10,1159.666015625
48494,7,67,2,-15,-5,-15,-5,1160.1319580078125
48494,7,64,2,-12.5,-7.5,-12.5,-7.5,1160.3990478515625
48494,7,60,4,-10,-10,-10,-10,1160.666015625
48494,7,56,2,-7.5,-12.5,-7.5,-12.5,1160.9820556640625
48494,7,53,2,-5,-15,-5,-15,1161.281982421875
48494,7,18,5,15,-23.5,15,-23.5,1163.166015625
48494,7,19,4,15,-20,15,-20,1163.448974609375
48494,7,21,5,20,-20,20,-20,1163.698974609375
48494,7,23,4,17.5,-17.5,17.5,-17.5,1163.7330322265625
48494,7,27,4,20,-15,20,-15,1164.031982421875
48494,7,28,5,23.5,-15,23.5,-15,1164.1490478515625
48494,7,33,2,20,-10,20,-10,1164.6319580078125
48494,7,32,1,15,-10,15,-10,1165.0489501953125
48494,7,26,4,15,-15,15,-15,1165.2659912109375
48494,7,29,2,12.5,-12.5,12.5,-12.5,1165.2989501953125
48494,7,22,2,12.5,-17.5,12.5,-17.5,1165.5830078125
48494,7,20,2,10,-20,10,-20,1165.8819580078125
48494,7,52,5,-10,-18.5,-10,-18.5,1167.4820556640625
48494,7,54,4,-10,-15,-10,-15,1167.7659912109375
48494,7,57,5,-15,-15,-12.5,-12.5,1168.0489501953125
48494,7,55,5,-15,-15,-15,-15,1168.0660400390625
48494,7,61,4,-15,-10,-15,-10,1168.3489990234375
48494,7,62,5,-18.5,-10,-18.5,-10,1168.4830322265625
48494,7,67,2,-15,-5,-15,-5,1168.9320068359375
48494,7,66,1,-10,-5,-10,-5,1169.3330078125
48494,7,63,2,-7.5,-7.5,-7.5,-7.5,1169.5660400390625
48494,7,60,4,-10,-10,-10,-10,1169.5989990234375
48494,7,59,1,-5,-10,-5,-10,1169.883056640625
48494,7,18,5,15,-23.5,15,-23.5,1172.031982421875
48494,7,19,4,15,-20,15,-20,1172.281982421875
48494,7,21,4,17.5,-17.5,20,-20,1172.5660400390625
48494,7,23,4,17.5,-17.5,17.5,-17.5,1172.5830078125
48494,7,27,4,20,-15,20,-15,1172.865966796875
48494,7,28,5,23.5,-15,23.5,-15,1172.9830322265625
48494,7,33,2,20,-10,20,-10,1173.4830322265625
48494,7,30,2,17.5,-12.5,17.5,-12.5,1173.7659912109375
48494,7,26,4,15,-15,15,-15,1174.031982421875
48494,7,22,2,12.5,-17.5,12.5,-17.5,1174.3499755859375
48494,7,20,2,10,-20,10,-20,1174.6500244140625
48494,7,52,5,-10,-18.5,-10,-18.5,1176.33203125
48494,7,54,4,-10,-15,-10,-15,1176.6490478515625
48494,7,55,5,-15,-15,-15,-15,1176.865966796875
48494,7,57,4,-12.5,-12.5,-12.5,-12.5,1176.9329833984375
48494,7,61,4,-15,-10,-15,-10,1177.2330322265625
48494,7,62,5,-18.5,-10,-18.5,-10,1177.3330078125
48494,7,67,2,-15,-5,-15,-5,1177.7989501953125
48494,7,64,2,-12.5,-7.5,-12.5,-7.5,1178.0489501953125
48494,7,60,4,-10,-10,-10,-10,1178.2989501953125
48494,7,56,2,-7.5,-12.5,-7.5,-12.5,1178.633056640625
48494,7,53,2,-5,-15,-5,-15,1178.8990478515625
48494,7,18,5,15,-23.5,15,-23.5,1180.781982421875
48494,7,19,4,15,-20,15,-20,1180.8819580078125
48494,7,23,4,17.5,-17.5,17.5,-17.5,1181.1820068359375
48494,7,21,5,20,-20,20,-20,1181.2989501953125
48494,7,27,4,20,-15,20,-15,1181.4830322265625
48494,7,28,5,23.5,-15,23.5,-15,1181.6820068359375
48494,7,33,2,20,-10,20,-10,1182.2659912109375
48494,7,30,2,17.5,-12.5,17.5,-12.5,1182.698974609375
48494,7,26,4,15,-15,15,-15,1182.948974609375
48494,7,22,2,12.5,-17.5,12.5,-17.5,1183.282958984375
48494,7,20,2,10,-20,10,-20,1183.5660400390625
48494,7,52,5,-10,-18.5,-10,-18.5,1185.2659912109375
48494,7,54,4,-10,-15,-10,-15,1185.5660400390625
48494,7,55,4,-12.5,-12.5,-15,-15,1185.8489990234375
48494,7,57,4,-12.5,-12.5,-12.5,-12.5,1185.865966796875
48494,7,61,4,-15,-10,-15,-10,1186.166015625
48494,7,62,5,-18.5,-10,-18.5,-10,1186.282958984375
48494,7,67,2,-15,-5,-15,-5,1186.8489990234375
48494,7,64,2,-12.5,-7.5,-12.5,-7.5,1187.1829833984375
48494,7,60,4,-10,-10,-10,-10,1187.448974609375
48494,7,56,2,-7.5,-12.5,-7.5,-12.5,1187.7659912109375
48494,7,53,2,-5,-15,-5,-15,1188.0660400390625
48494,7,18,5,15,-23.5,15,-23.5,1189.9329833984375
48494,7,19,4,15,-20,15,-20,1190.0660400390625
48494,7,23,4,17.5,-17.5,17.5,-17.5,1190.3489990234375
48494,7,21,5,20,-20,20,-20,1190.4329833984375
48494,7,27,4,20,-15,20,-15,1190.6490478515625
48494,7,28,5,23.5,-15,23.5,-15,1190.8330078125
48494,7,33,2,20,-10,20,-10,1191.2330322265625
48494,7,30,2,17.5,-12.5,17.5,-12.5,1191.5489501953125
48494,7,26,4,15,-15,15,-15,1191.800048828125
48494,7,29,2,12.5,-12.5,12.5,-12.5,1191.865966796875
48494,7,22,2,12.5,-17.5,12.5,-17.5,1192.133056640625
48494,7,20,2,10,-20,10,-20,1192.4329833984375
48494,7,52,5,-10,-18.5,-10,-18.5,1193.9830322265625
48494,7,54,4,-10,-15,-10,-15,1194.282958984375
48494,7,55,4,-12.5,-12.5,-15,-15,1194.5489501953125
48494,7,57,4,-12.5,-12.5,-12.5,-12.5,1194.5660400390625
48494,7,61,4,-15,-10,-15,-10,1194.865966796875
48494,7,62,5,-18.5,-10,-18.5,-10,1194.9830322265625
48494,7,67,2,-15,-5,-15,-5,1195.4000244140625
48494,7,64,2,-12.5,-7.5,-12.5,-7.5,1195.5660400390625
48494,7,60,4,-10,-10,-10,-10,1195.782958984375
48494,7,56,2,-7.5,-12.5,-7.5,-12.5,1196.133056640625
48494,7,53,2,-5,-15,-5,-15,1196.4329833984375
48494,7,18,5,15,-23.5,15,-23.5,1198.282958984375
48494,7,19,4,15,-20,15,-20,1198.4329833984375
48494,7,23,4,17.5,-17.5,17.5,-17.5,1198.698974609375
48494,7,21,5,20,-20,20,-20,1198.782958984375
48494,7,27,4,20,-15,20,-15,1198.9990234375
48494,7,28,5,23.5,-15,23.5,-15,1199.198974609375
48494,7,33,2,20,-10,20,-10,1199.5999755859375
48494,7,30,2,17.5,-12.5,17.5,-12.5,1199.948974609375
48494,7,26,4,15,-15,15,-15,1200.199951171875
48494,7,22,2,12.5,-17.5,12.5,-17.5,1200.532958984375
48494,7,20,2,10,-20,10,-20,1200.8330078125
48494,7,52,5,-10,-18.5,-10,-18.5,1202.4000244140625
48494,7,54,4,-10,-15,-10,-15,1202.7330322265625
48494,7,55,5,-15,-15,-15,-15,1202.948974609375
48494,7,57,4,-12.5,-12.5,-12.5,-12.5,1203.032958984375
48494,7,61,4,-15,-10,-15,-10,1203.2989501953125
48494,7,62,5,-18.5,-10,-18.5,-10,1203.3990478515625
48494,7,67,2,-15,-5,-15,-5,1203.8489990234375
48494,7,64,2,-12.5,-7.5,-12.5,-7.5,1203.948974609375
48494,7,60,4,-10,-10,-10,-10,1204.1829833984375
48494,7,56,2,-7.5,-12.5,-7.5,-12.5,1204.532958984375
48494,7,53,2,-5,-15,-5,-15,1204.8330078125
48494,7,18,5,15,-23.5,15,-23.5,1206.7330322265625
48494,7,19,4,15,-20,15,-20,1206.883056640625
48494,7,23,4,17.5,-17.5,17.5,-17.5,1207.166015625
48494,7,21,5,20,-20,20,-20,1207.282958984375
48494,7,27,4,20,-15,20,-15,1207.4659423828125
48494,7,28,5,23.5,-15,23.5,-15,1207.6829833984375
48494,7,33,2,20,-10,20,-10,1208.0989990234375
48494,7,30,2,17.5,-12.5,17.5,-12.5,1208.449951171875
48494,7,26,4,15,-15,15,-15,1208.6829833984375
48494,7,22,2,12.5,-17.5,12.5,-17.5,1209
48494,7,20,2,10,-20,10,-20,1209.300048828125
48494,7,52,5,-10,-18.5,-10,-18.5,1210.948974609375
48494,7,54,4,-10,-15,-10,-15,1211.2330322265625
48494,7,55,5,-15,-15,-15,-15,1211.5
48494,7,57,4,-12.5,-12.5,-12.5,-12.5,1211.532958984375
48494,7,61,4,-15,-10,-15,-10,1211.800048828125
48494,7,62,5,-18.5,-10,-18.5,-10,1211.9329833984375
48494,7,67,2,-15,-5,-15,-5,1212.4659423828125
48494,7,64,2,-12.5,-7.5,-12.5,-7.5,1212.633056640625
48494,7,60,4,-10,-10,-10,-10,1212.865966796875
48494,7,56,2,-7.5,-12.5,-7.5,-12.5,1213.1829833984375
48494,7,53,2,-5,-15,-5,-15,1213.4830322265625
48494,7,18,5,15,-23.5,15,-23.5,1215.4000244140625
48494,7,19,4,15,-20,15,-20,1215.6500244140625
48494,7,21,5,20,-20,20,-20,1215.9000244140625
48494,7,23,4,17.5,-17.5,17.5,-17.5,1215.9329833984375
48494,7,27,4,20,-15,20,-15,1216.2330322265625
48494,7,28,5,23.5,-15,23.5,-15,1216.3330078125
48494,7,33,2,20,-10,20,-10,1216.8499755859375
48494,7,30,2,17.5,-12.5,17.5,-12.5,1217.0830078125
48494,7,26,4,15,-15,15,-15,1217.3499755859375
48494,7,22,2,12.5,-17.5,12.5,-17.5,1217.6829833984375
48494,7,20,2,10,-20,10,-20,1217.9659423828125
48494,7,52,5,-10,-18.5,-10,-18.5,1219.7330322265625
48494,7,54,4,-10,-15,-10,-15,1220.0660400390625
48494,7,55,5,-15,-15,-15,-15,1220.25
48494,7,57,4,-12.5,-12.5,-12.5,-12.5,1220.366943359375
48494,7,61,4,-15,-10,-15,-10,1220.6500244140625
48494,7,62,5,-18.5,-10,-18.5,-10,1220.7330322265625
48494,7,67,2,-15,-5,-15,-5,1221.282958984375
48494,7,64,2,-12.5,-7.5,-12.5,-7.5,1221.449951171875
48494,7,60,4,-10,-10,-10,-10,1221.6669921875
48494,7,56,2,-7.5,-12.5,-7.5,-12.5,1221.9830322265625
48494,8,35,5,10,-1.5,10,-1.5,220.66940307617188
48494,8,37,5,10,-5,10,-5,221.18600463867188
48494,8,39,4,7.5,-7.5,7.5,-7.5,221.48599243164065
48494,8,36,5,5,-5,5,-5,221.58599853515625
48494,8,42,5,5,-10,5,-10,221.75259399414065
48494,8,41,5,1.5,-10,1.5,-10,221.989501953125
48494,8,48,4,5,-15,5,-15,222.3025054931641
48494,8,46,4,7.5,-12.5,7.5,-12.5,222.4862060546875
48494,8,49,2,10,-15,10,-15,222.66909790039065
48494,8,43,2,10,-10,10,-10,222.86929321289065
48494,8,40,4,12.5,-7.5,12.5,-7.5,223.11920166015625
48494,8,38,4,15,-5,15,-5,223.40280151367188
48494,8,45,1,18.5,-10,18.5,-10,223.75259399414065
48494,8,50,1,15,-15,15,-15,224.2198028564453
48494,8,51,1,10,-18.5,10,-18.5,224.68649291992188
48494,8,61,5,-5,-20,-5,-20,225.95359802246097
48494,8,60,5,-10,-20,-10,-20,226.3694000244141
48494,8,63,4,-15,-25,-15,-25,226.8860015869141
48494,8,66,4,-10,-30,-10,-30,227.6027984619141
48494,8,48,4,5,-15,5,-15,229.28660583496097
48494,8,46,4,7.5,-12.5,7.5,-12.5,229.58599853515625
48494,8,43,2,10,-10,10,-10,229.90269470214844
48494,8,40,4,12.5,-7.5,12.5,-7.5,230.1696929931641
48494,8,38,4,15,-5,15,-5,230.46969604492188
48494,8,35,5,10,-1.5,10,-1.5,230.98629760742188
48494,8,37,5,10,-5,10,-5,231.03599548339844
48494,8,39,4,7.5,-7.5,7.5,-7.5,231.38619995117188
48494,8,36,5,5,-5,5,-5,231.4694061279297
48494,8,42,5,5,-10,5,-10,231.6363983154297
48494,8,41,5,1.5,-10,1.5,-10,231.88650512695313
48494,8,61,5,-5,-20,-5,-20,232.82080078125
48494,8,60,5,-10,-20,-10,-20,233.2198028564453
48494,8,37,5,10,-5,10,-5,236.06930541992188
48494,8,35,5,10,-1.5,10,-1.5,236.2528076171875
48494,8,38,4,15,-5,15,-5,236.71929931640625
48494,8,40,4,12.5,-7.5,12.5,-7.5,236.90310668945313
48494,8,39,2,10,-10,7.5,-7.5,237.2028961181641
48494,8,43,2,10,-10,10,-10,237.2196044921875
48494,8,42,5,5,-10,5,-10,237.4860992431641
48494,8,48,4,5,-15,5,-15,237.78640747070313
48494,8,41,5,1.5,-10,1.5,-10,238.0531005859375
48494,8,36,5,5,-5,5,-5,238.5028076171875
48494,8,44,2,15,-10,15,-10,239.20260620117188
48494,8,45,1,18.5,-10,18.5,-10,239.50289916992188
48494,8,50,1,15,-15,15,-15,239.8695068359375
48494,8,51,1,10,-18.5,10,-18.5,240.35330200195313
48494,8,49,2,10,-15,10,-15,240.6862945556641
48494,8,47,2,12.5,-12.5,12.5,-12.5,240.92010498046875
48494,8,37,5,10,-5,10,-5,241.8527984619141
48494,8,35,5,10,-1.5,10,-1.5,242.1029052734375
48494,8,38,4,15,-5,15,-5,242.43600463867188
48494,8,40,4,12.5,-7.5,12.5,-7.5,242.68589782714844
48494,8,39,4,7.5,-7.5,7.5,-7.5,243.0863037109375
48494,8,42,5,5,-10,5,-10,243.45269775390625
48494,8,36,5,5,-5,5,-5,243.51950073242188
48494,8,46,4,7.5,-12.5,7.5,-12.5,243.72000122070313
48494,8,43,2,10,-10,10,-10,243.8863067626953
48494,8,48,4,5,-15,5,-15,244.5030059814453
48494,8,41,5,1.5,-10,1.5,-10,245.66949462890625
48494,8,61,5,-5,-20,-5,-20,246.61959838867188
48494,8,60,5,-10,-20,-10,-20,247.1707000732422
48494,8,63,4,-15,-25,-15,-25,247.78619384765625
48494,8,65,2,-20,-30,-20,-30,248.4026031494141
48494,8,64,1,-30,-30,-30,-30,249.0872039794922
48494,8,62,2,-25,-25,-25,-25,249.3195953369141
48494,8,59,2,-20,-20,-20,-20,249.9530029296875
48494,8,57,4,-15,-15,-15,-15,250.48660278320313
48494,8,55,5,-10,-10,-10,-10,251.0532989501953
48494,8,54,5,-20,-10,-20,-10,251.73680114746097
48494,8,52,5,-20,-5,-20,-5,251.93649291992188
48494,8,34,5,-15,0,-15,0,252.41990661621097
48494,8,32,5,-15,5,-15,5,252.92019653320313
48494,8,30,4,-10,10,-10,10,253.6031036376953
48494,8,33,5,-5,5,-5,5,253.9866943359375
48494,8,27,5,-5,15,-5,15,254.7698974609375
48494,8,28,5,0,15,0,15,255.10299682617188
48494,8,7,5,6.5,15,6.5,15,255.66949462890625
48494,8,8,5,10,15,10,15,255.95339965820313
48494,8,14,5,10,10,10,10,256.1535949707031
48494,8,12,4,12.5,12.5,12.5,12.5,256.2864074707031
48494,8,15,5,15,10,15,10,256.5533142089844
48494,8,17,5,15,6.5,15,6.5,256.6199951171875
48494,8,37,5,10,-5,10,-5,258.0198974609375
48494,8,39,4,7.5,-7.5,7.5,-7.5,258.3367919921875
48494,8,42,5,5,-10,5,-10,258.60308837890625
48494,8,46,4,7.5,-12.5,7.5,-12.5,258.8865051269531
48494,8,49,2,10,-15,10,-15,259.2033996582031
48494,8,47,2,12.5,-12.5,12.5,-12.5,259.3868103027344
48494,8,44,2,15,-10,15,-10,259.67010498046875
48494,8,38,4,15,-5,15,-5,260.08648681640625
48494,8,35,5,10,-1.5,10,-1.5,260.5032043457031
48494,8,36,5,5,-5,5,-5,260.9872131347656
48494,8,41,5,1.5,-10,1.5,-10,261.4200134277344
48494,8,61,5,-5,-20,-5,-20,262.82000732421875
48494,8,60,5,-10,-20,-10,-20,263.22021484375
48494,8,66,4,-10,-30,-10,-30,263.8197937011719
48494,8,65,2,-20,-30,-20,-30,264.70330810546875
48494,8,64,1,-30,-30,-30,-30,265.5696105957031
48494,8,57,4,-15,-15,-15,-15,267.20330810546875
48494,8,55,5,-10,-10,-10,-10,267.7705078125
48494,8,54,5,-20,-10,-20,-10,268.4197998046875
48494,8,52,5,-20,-5,-20,-5,268.8200988769531
48494,8,34,5,-15,0,-15,0,269.52130126953125
48494,8,32,5,-15,5,-15,5,269.8030090332031
48494,8,33,5,-5,5,-5,5,270.6202087402344
48494,8,27,5,-5,15,-5,15,271.3035888671875
48494,8,28,5,0,15,0,15,271.6200866699219
48494,8,7,5,6.5,15,6.5,15,272.1881103515625
48494,8,8,5,10,15,10,15,272.4866943359375
48494,8,12,4,12.5,12.5,12.5,12.5,272.7532958984375
48494,8,14,5,10,10,10,10,272.7864074707031
48494,8,15,5,15,10,15,10,273.1033020019531
48494,8,17,5,15,6.5,15,6.5,273.4200134277344
48494,8,38,4,15,-5,15,-5,274.4867858886719
48494,8,37,5,10,-5,10,-5,274.7196960449219
48494,8,40,4,12.5,-7.5,12.5,-7.5,274.7705078125
48494,8,39,4,7.5,-7.5,7.5,-7.5,275.0531921386719
48494,8,43,2,10,-10,10,-10,275.1029968261719
48494,8,42,4,7.5,-12.5,5,-10,275.3200988769531
48494,8,46,4,7.5,-12.5,7.5,-12.5,275.3367004394531
48494,8,48,4,5,-15,5,-15,275.6365051269531
48494,8,49,2,10,-15,10,-15,276.10308837890625
48494,8,47,2,12.5,-12.5,12.5,-12.5,276.3865966796875
48494,8,44,2,15,-10,15,-10,276.6866149902344
48494,8,35,5,10,-1.5,10,-1.5,277.5032958984375
48494,8,36,5,5,-5,5,-5,277.8038024902344
48494,8,41,5,1.5,-10,1.5,-10,278.27020263671875
48494,8,61,5,-5,-20,-5,-20,279.3370056152344
48494,8,66,4,-10,-30,-10,-30,280.3033142089844
48494,8,65,2,-20,-30,-20,-30,281.3700866699219
48494,8,64,1,-30,-30,-30,-30,282.21990966796875
48494,8,62,2,-25,-25,-25,-25,282.5869140625
48494,8,59,2,-20,-20,-20,-20,283.1701965332031
48494,8,57,4,-15,-15,-15,-15,283.7204895019531
48494,8,55,5,-10,-10,-10,-10,284.2869873046875
48494,8,54,5,-20,-10,-20,-10,285.0368957519531
48494,8,52,5,-20,-5,-20,-5,285.3031921386719
48494,8,34,5,-15,0,-15,0,285.9869079589844
48494,8,32,5,-15,5,-15,5,286.3038024902344
48494,8,33,5,-5,5,-5,5,287.02020263671875
48494,8,27,5,-5,15,-5,15,287.7366943359375
48494,8,28,5,0,15,0,15,288.0205078125
48494,8,7,5,6.5,15,6.5,15,288.5870056152344
48494,8,8,5,10,15,10,15,288.8702087402344
48494,8,14,5,10,10,10,10,289.10369873046875
48494,8,12,4,12.5,12.5,12.5,12.5,289.17120361328125
48494,8,15,5,15,10,15,10,289.42010498046875
48494,8,17,5,15,6.5,15,6.5,289.5533142089844
48494,8,37,5,10,-5,10,-5,290.9043884277344
48494,8,39,4,7.5,-7.5,7.5,-7.5,291.2366943359375
48494,8,42,5,5,-10,5,-10,291.5033874511719
48494,8,41,5,1.5,-10,1.5,-10,291.8702087402344
48494,8,36,5,5,-5,5,-5,292.3035888671875
48494,8,35,5,10,-1.5,10,-1.5,292.82000732421875
48494,8,40,4,12.5,-7.5,12.5,-7.5,293.3702087402344
48494,8,43,2,10,-10,10,-10,293.6365966796875
48494,8,46,4,7.5,-12.5,7.5,-12.5,293.9208984375
48494,8,48,4,5,-15,5,-15,294.22088623046875
48494,8,61,5,-5,-20,-5,-20,295.2370910644531
48494,8,60,5,-10,-20,-10,-20,295.6365966796875
48494,8,66,4,-10,-30,-10,-30,296.3369140625
48494,8,65,2,-20,-30,-20,-30,297.1372985839844
48494,8,64,1,-30,-30,-30,-30,298.00299072265625
48494,8,62,2,-25,-25,-25,-25,298.30340576171875
48494,8,59,2,-20,-20,-20,-20,298.90380859375
48494,8,57,4,-15,-15,-15,-15,299.43670654296875
48494,8,55,5,-10,-10,-10,-10,300.0035095214844
48494,8,54,5,-20,-10,-20,-10,300.7372131347656
48494,8,52,5,-20,-5,-20,-5,301.0202941894531
48494,8,34,5,-15,0,-15,0,301.77081298828125
48494,8,32,5,-15,5,-15,5,302.2037048339844
48494,8,33,5,-5,5,-5,5,302.97021484375
48494,8,27,5,-5,15,-5,15,303.6877136230469
48494,8,28,5,0,15,0,15,303.88720703125
48494,8,7,5,6.5,15,6.5,15,304.4397888183594
48494,8,8,5,10,15,10,15,304.7377014160156
48494,8,14,4,12.5,12.5,10,10,304.98699951171875
48494,8,12,4,12.5,12.5,12.5,12.5,305.00390625
48494,8,15,5,15,10,15,10,305.2702941894531
48494,8,17,5,15,6.5,15,6.5,305.4035949707031
48494,8,35,5,10,-1.5,10,-1.5,306.2204895019531
48494,8,37,5,10,-5,10,-5,306.3869934082031
48494,8,39,4,7.5,-7.5,7.5,-7.5,306.72039794921875
48494,8,36,5,5,-5,5,-5,306.8034973144531
48494,8,42,5,5,-10,5,-10,306.9870910644531
48494,8,41,5,1.5,-10,1.5,-10,307.2203063964844
48494,8,61,5,-5,-20,-5,-20,308.17120361328125
48494,8,60,5,-10,-20,-10,-20,308.537109375
48494,8,66,4,-10,-30,-10,-30,309.3208923339844
48494,8,65,2,-20,-30,-20,-30,310.1205139160156
48494,8,64,1,-30,-30,-30,-30,310.98699951171875
48494,8,62,2,-25,-25,-25,-25,311.3037109375
48494,8,59,2,-20,-20,-20,-20,311.9039001464844
48494,8,57,4,-15,-15,-15,-15,312.4371032714844
48494,8,55,5,-10,-10,-10,-10,313.0035095214844
48494,8,54,5,-20,-10,-20,-10,313.720703125
48494,8,52,5,-20,-5,-20,-5,313.9872131347656
48494,8,34,5,-15,0,-15,0,314.7705078125
48494,8,32,5,-15,5,-15,5,315.220703125
48494,8,33,5,-5,5,-5,5,315.8041076660156
48494,8,27,5,-5,15,-5,15,316.5704040527344
48494,8,28,5,0,15,0,15,316.8702087402344
48494,8,7,5,6.5,15,6.5,15,317.42059326171875
48494,8,8,5,10,15,10,15,317.7204895019531
48494,8,12,4,12.5,12.5,12.5,12.5,317.9375915527344
48494,8,15,5,15,10,15,10,318.20379638671875
48494,8,17,5,15,6.5,15,6.5,318.3710021972656
48494,8,35,5,10,-1.5,10,-1.5,319.52130126953125
48494,8,37,5,10,-5,10,-5,319.63720703125
48494,8,39,4,7.5,-7.5,7.5,-7.5,319.9704895019531
48494,8,42,5,5,-10,5,-10,320.2373046875
48494,8,41,5,1.5,-10,1.5,-10,320.5201110839844
48494,8,61,5,-5,-20,-5,-20,321.4208984375
48494,8,60,5,-10,-20,-10,-20,321.82080078125
48494,8,66,4,-10,-30,-10,-30,322.6370849609375
48494,8,65,2,-20,-30,-20,-30,323.3046875
48494,8,64,1,-30,-30,-30,-30,324.1709899902344
48494,8,62,2,-25,-25,-25,-25,324.33740234375
48494,8,59,2,-20,-20,-20,-20,324.9374084472656
48494,8,57,4,-15,-15,-15,-15,325.4873962402344
48494,8,55,5,-10,-10,-10,-10,326.0376892089844
48494,8,54,5,-20,-10,-20,-10,326.9039001464844
48494,8,52,5,-20,-5,-20,-5,327.2038879394531
48494,8,34,5,-15,0,-15,0,328.0036926269531
48494,8,33,5,-5,5,-5,5,329.00421142578125
48494,8,27,5,-5,15,-5,15,329.9039001464844
48494,8,28,5,0,15,0,15,330.0873107910156
48494,8,7,5,6.5,15,6.5,15,330.6370849609375
48494,8,8,5,10,15,10,15,330.9201965332031
48494,8,14,5,10,10,10,10,331.1044921875
48494,8,12,4,12.5,12.5,12.5,12.5,331.22100830078125
48494,8,15,5,15,10,15,10,331.4870910644531
48494,8,17,5,15,6.5,15,6.5,331.5874938964844
48494,8,35,5,10,-1.5,10,-1.5,332.5039978027344
48494,8,37,5,10,-5,10,-5,332.78729248046875
48494,8,36,4,7.5,-7.5,5,-5,333.0871887207031
48494,8,39,4,7.5,-7.5,7.5,-7.5,333.1037902832031
48494,9,41,1,1.5,-10,1.5,-10,1230.050048828125
48494,9,48,2,5,-15,5,-15,1230.550048828125
48494,9,49,4,10,-15,10,-15,1230.9000244140625
48494,9,51,5,10,-18.5,10,-18.5,1230.9659423828125
48494,9,47,4,12.5,-12.5,12.5,-12.5,1231.2659912109375
48494,9,50,5,15,-15,15,-15,1231.3499755859375
48494,9,44,4,15,-10,15,-10,1231.550048828125
48494,9,45,5,18.5,-10,18.5,-10,1231.7659912109375
48494,9,38,2,15,-5,15,-5,1232.116943359375
48494,9,35,1,10,-1.5,10,-1.5,1232.6500244140625
48494,9,36,1,5,-5,5,-5,1233.0999755859375
48494,9,42,1,5,-10,5,-10,1233.5
48494,9,46,4,10,-10,7.5,-12.5,1233.75
48494,9,43,4,10,-10,10,-10,1233.7669677734375
48494,9,40,2,12.5,-7.5,12.5,-7.5,1234.25
48494,9,37,1,10,-5,10,-5,1234.550048828125
48494,9,39,2,7.5,-7.5,7.5,-7.5,1234.6669921875
48494,9,61,1,-5,-20,-5,-20,1236.133056640625
48494,9,66,2,-10,-30,-10,-30,1237.4169921875
48494,9,48,2,5,-15,5,-15,1239.2330322265625
48494,9,51,5,10,-18.5,10,-18.5,1239.532958984375
48494,9,49,4,10,-15,10,-15,1239.5670166015625
48494,9,50,4,12.5,-12.5,15,-15,1239.949951171875
48494,9,47,4,12.5,-12.5,12.5,-12.5,1239.967041015625
48494,9,44,4,15,-10,15,-10,1240.25
48494,9,45,5,18.5,-10,18.5,-10,1240.366943359375
48494,9,38,2,15,-5,15,-5,1240.800048828125
48494,9,35,1,10,-1.5,10,-1.5,1241.282958984375
48494,9,37,1,10,-5,10,-5,1241.383056640625
48494,9,36,1,5,-5,5,-5,1241.6669921875
48494,9,41,1,5,-10,1.5,-10,1242.0999755859375
48494,9,42,1,5,-10,5,-10,1242.116943359375
48494,9,46,2,7.5,-12.5,7.5,-12.5,1242.366943359375
48494,9,43,4,10,-10,10,-10,1242.699951171875
48494,9,40,2,12.5,-7.5,12.5,-7.5,1243.032958984375
48494,9,17,1,15,6.5,15,6.5,1244.282958984375
48494,9,15,1,15,10,15,10,1244.583984375
48494,9,13,2,17.5,12.5,17.5,12.5,1244.8499755859375
48494,9,10,4,20,15,20,15,1245.0999755859375
48494,9,11,5,23.5,15,23.5,15,1245.25
48494,9,6,4,17.5,17.5,17.5,17.5,1245.5830078125
48494,9,3,4,15,20,15,20,1245.866943359375
48494,9,1,5,15,23.5,15,23.5,1245.9830322265625
48494,9,5,2,12.5,17.5,12.5,17.5,1246.300048828125
48494,9,8,1,10,15,10,15,1246.5999755859375
48494,9,12,2,12.5,12.5,12.5,12.5,1246.782958984375
48494,9,9,4,15,15,15,15,1246.8170166015625
48494,9,40,2,12.5,-7.5,12.5,-7.5,1248.717041015625
48494,9,44,4,15,-10,15,-10,1248.9169921875
48494,9,45,5,18.5,-10,18.5,-10,1249.116943359375
48494,9,47,4,12.5,-12.5,12.5,-12.5,1249.282958984375
48494,9,50,5,15,-15,15,-15,1249.384033203125
48494,9,49,4,10,-15,10,-15,1249.5830078125
48494,9,51,5,10,-18.5,10,-18.5,1249.800048828125
48494,9,48,2,5,-15,5,-15,1250.116943359375
48494,9,46,2,7.5,-12.5,7.5,-12.5,1250.4169921875
48494,9,43,4,10,-10,10,-10,1250.6829833984375
48494,9,38,2,15,-5,15,-5,1251.282958984375
48494,9,17,1,15,6.5,15,6.5,1252.4840087890625
48494,9,15,1,15,10,15,10,1252.6500244140625
48494,9,13,2,17.5,12.5,17.5,12.5,1252.9000244140625
48494,9,10,4,20,15,20,15,1253.1669921875
48494,9,11,5,23.5,15,23.5,15,1253.383056640625
48494,9,4,5,20,20,20,20,1253.6669921875
48494,9,6,4,17.5,17.5,17.5,17.5,1253.75
48494,9,3,4,15,20,15,20,1254.0169677734375
48494,9,1,5,15,23.5,15,23.5,1254.0999755859375
48494,9,5,2,12.5,17.5,12.5,17.5,1254.5670166015625
48494,9,9,4,15,15,15,15,1254.967041015625
48494,9,12,2,12.5,12.5,12.5,12.5,1255.050048828125
48494,9,14,1,10,10,10,10,1255.366943359375
48494,9,41,1,1.5,-10,1.5,-10,1258.282958984375
48494,9,42,2,7.5,-12.5,5,-10,1258.800048828125
48494,9,46,2,7.5,-12.5,7.5,-12.5,1258.8170166015625
48494,9,49,4,10,-15,10,-15,1259.083984375
48494,9,51,5,10,-18.5,10,-18.5,1259.1839599609375
48494,9,50,5,15,-15,15,-15,1259.5670166015625
48494,9,45,5,18.5,-10,18.5,-10,1260.050048828125
48494,9,44,4,15,-10,15,-10,1260.25
48494,9,40,2,12.5,-7.5,12.5,-7.5,1260.5169677734375
48494,9,43,4,12.5,-12.5,10,-10,1260.699951171875
48494,9,47,4,12.5,-12.5,12.5,-12.5,1260.717041015625
48494,9,39,2,7.5,-7.5,7.5,-7.5,1261.050048828125
48494,9,35,1,10,-1.5,10,-1.5,1261.699951171875
48494,9,17,1,15,6.5,15,6.5,1262.5169677734375
48494,9,12,2,12.5,12.5,12.5,12.5,1262.967041015625
48494,9,15,1,15,10,15,10,1263
48494,9,8,1,10,15,10,15,1263.2840576171875
48494,9,2,2,10,20,10,20,1263.699951171875
48494,9,3,4,15,20,15,20,1264.0169677734375
48494,9,1,5,15,23.5,15,23.5,1264.0830078125
48494,9,6,4,17.5,17.5,17.5,17.5,1264.4169921875
48494,9,4,5,20,20,20,20,1264.467041015625
48494,9,10,4,20,15,20,15,1264.699951171875
48494,9,11,5,23.5,15,23.5,15,1264.884033203125
48494,9,16,2,20,10,20,10,1265.2669677734375
48494,9,13,2,17.5,12.5,17.5,12.5,1265.4840087890625
48494,9,9,4,15,15,15,15,1265.75
48494,9,36,1,5,-5,5,-5,1267.884033203125
48494,9,42,1,5,-10,5,-10,1268.282958984375
48494,9,46,2,7.5,-12.5,7.5,-12.5,1268.699951171875
48494,9,49,4,10,-15,10,-15,1268.967041015625
48494,9,51,5,10,-18.5,10,-18.5,1269.0670166015625
48494,9,50,5,15,-15,15,-15,1269.4169921875
48494,9,47,4,12.5,-12.5,12.5,-12.5,1269.550048828125
48494,9,44,4,15,-10,15,-10,1269.782958984375
48494,9,45,5,18.5,-10,18.5,-10,1270.2840576171875
48494,9,40,2,12.5,-7.5,12.5,-7.5,1270.8499755859375
48494,9,43,4,10,-10,10,-10,1270.9010009765625
48494,9,37,1,10,-5,10,-5,1271.1500244140625
48494,9,17,1,15,6.5,15,6.5,1272.2840576171875
48494,9,15,1,15,10,15,10,1272.5670166015625
48494,9,9,4,15,15,15,15,1272.9169921875
48494,9,3,4,15,20,15,20,1273.3509521484375
48494,9,1,5,15,23.5,15,23.5,1273.616943359375
48494,9,4,5,20,20,20,20,1274.0169677734375
48494,9,11,5,23.5,15,23.5,15,1274.5169677734375
48494,9,10,4,20,15,20,15,1274.6669921875
48494,9,13,2,17.5,12.5,17.5,12.5,1274.9840087890625
48494,9,14,1,10,10,10,10,1275.7840576171875
48494,9,7,1,6.5,15,6.5,15,1276.2840576171875
48494,9,5,2,12.5,17.5,12.5,17.5,1277
48494,9,6,4,17.5,17.5,17.5,17.5,1277.4000244140625
48494,9,16,2,20,10,20,10,1278.050048828125
48494,9,15,1,15,10,15,10,1278.3170166015625
48494,9,12,2,12.5,12.5,12.5,12.5,1278.5999755859375
48494,9,9,4,15,15,15,15,1278.75
48494,9,3,4,15,20,15,20,1279.199951171875
48494,9,1,5,15,23.5,15,23.5,1279.5
48494,9,4,5,20,20,20,20,1280.051025390625
48494,9,10,4,20,15,20,15,1280.3509521484375
48494,9,11,5,23.5,15,23.5,15,1280.467041015625
48494,9,13,2,17.5,12.5,17.5,12.5,1280.9010009765625
48494,9,17,1,15,6.5,15,6.5,1281.3499755859375
48494,9,40,2,12.5,-7.5,12.5,-7.5,1282.5670166015625
48494,9,44,4,15,-10,15,-10,1282.801025390625
48494,9,47,4,12.5,-12.5,12.5,-12.5,1282.949951171875
48494,9,50,5,15,-15,15,-15,1283.2010498046875
48494,9,51,5,10,-18.5,10,-18.5,1283.6669921875
48494,9,49,4,10,-15,10,-15,1283.8499755859375
48494,9,46,2,7.5,-12.5,7.5,-12.5,1284.1669921875
48494,9,48,2,5,-15,5,-15,1284.199951171875
48494,9,42,1,5,-10,5,-10,1284.4840087890625
48494,9,41,1,1.5,-10,1.5,-10,1284.6510009765625
48494,9,39,2,7.5,-7.5,7.5,-7.5,1284.9510498046875
48494,9,37,1,10,-5,10,-5,1285.2679443359375
48494,9,35,1,10,-1.5,10,-1.5,1285.4010009765625
48494,9,38,2,15,-5,15,-5,1285.75
48494,9,45,5,18.5,-10,18.5,-10,1286.1839599609375
48494,9,43,4,10,-10,10,-10,1286.8499755859375
48494,9,17,1,15,6.5,15,6.5,1288.2669677734375
48494,9,16,2,20,10,20,10,1288.800048828125
48494,9,13,2,17.5,12.5,17.5,12.5,1288.8499755859375
48494,9,10,4,20,15,20,15,1289.083984375
48494,9,11,5,23.5,15,23.5,15,1289.1839599609375
48494,9,6,5,20,20,17.5,17.5,1289.551025390625
48494,9,4,5,20,20,20,20,1289.5670166015625
48494,9,3,4,15,20,15,20,1289.8170166015625
48494,9,5,2,12.5,17.5,12.5,17.5,1290.050048828125
48494,9,1,5,15,23.5,15,23.5,1290.3170166015625
48494,9,15,1,15,10,15,10,1291.6510009765625
48494,9,14,1,10,10,10,10,1292.0670166015625
48494,9,8,1,10,15,10,15,1292.5169677734375
48494,9,2,2,10,20,10,20,1292.9169921875
48494,9,9,4,15,15,15,15,1293.583984375
48494,9,17,1,15,6.5,15,6.5,1294.3680419921875
48494,9,38,2,15,-5,15,-5,1295.300048828125
48494,9,44,4,15,-10,15,-10,1295.6839599609375
48494,9,45,5,18.5,-10,18.5,-10,1295.8499755859375
48494,9,50,5,15,-15,15,-15,1296.083984375
48494,9,47,4,12.5,-12.5,12.5,-12.5,1296.217041015625
48494,9,49,4,10,-15,10,-15,1296.467041015625
48494,9,51,5,10,-18.5,10,-18.5,1296.5169677734375
48494,9,46,2,7.5,-12.5,7.5,-12.5,1296.866943359375
48494,9,43,4,10,-10,10,-10,1297.2010498046875
48494,9,40,2,12.5,-7.5,12.5,-7.5,1297.5169677734375
48494,9,37,1,10,-5,10,-5,1297.7509765625
48494,9,35,1,10,-1.5,10,-1.5,1297.9840087890625
48494,9,15,1,15,10,15,10,1299.0169677734375
48494,9,9,4,15,15,15,15,1299.384033203125
48494,9,3,4,15,20,15,20,1299.8170166015625
48494,9,1,5,15,23.5,15,23.5,1300.083984375
48494,9,4,5,20,20,20,20,1300.2840576171875
48494,9,11,5,23.5,15,23.5,15,1300.7840576171875
48494,9,10,4,20,15,20,15,1301.083984375
48494,9,16,2,20,10,20,10,1301.3509521484375
48494,9,17,1,15,6.5,15,6.5,1301.801025390625
48494,9,12,2,12.5,12.5,12.5,12.5,1302.1510009765625
48494,9,8,1,10,15,10,15,1302.468017578125
48494,9,5,2,12.5,17.5,12.5,17.5,1302.7010498046875
48494,9,6,4,17.5,17.5,17.5,17.5,1303.1510009765625
48494,9,45,5,18.5,-10,18.5,-10,1305.4840087890625
48494,9,44,4,15,-10,15,-10,1305.718017578125
48494,9,50,5,15,-15,15,-15,1305.9510498046875
48494,9,47,4,12.5,-12.5,12.5,-12.5,1306.0009765625
48494,9,49,4,10,-15,10,-15,1306.301025390625
48494,9,51,5,10,-18.5,10,-18.5,1306.4510498046875
48494,9,46,2,7.5,-12.5,7.5,-12.5,1306.6510009765625
48494,9,42,1,5,-10,5,-10,1306.967041015625
48494,9,39,2,7.5,-7.5,7.5,-7.5,1307.3509521484375
48494,9,37,1,10,-5,10,-5,1307.6510009765625
48494,9,40,2,12.5,-7.5,12.5,-7.5,1308.0679931640625
48494,9,38,2,15,-5,15,-5,1308.1009521484375
48494,9,43,4,10,-10,10,-10,1308.4840087890625
48494,9,48,2,5,-15,5,-15,1309.083984375
48494,9,41,1,1.5,-10,1.5,-10,1309.6009521484375
48494,9,36,1,5,-5,5,-5,1310.1510009765625
48494,9,35,1,10,-1.5,10,-1.5,1310.6510009765625
48494,9,17,1,15,6.5,15,6.5,1311.468017578125
48494,9,14,1,10,10,10,10,1311.8509521484375
48494,9,7,1,6.5,15,6.5,15,1312.384033203125
48494,9,2,2,10,20,10,20,1312.8680419921875
48494,9,3,4,15,20,15,20,1313.218017578125
48494,9,1,5,15,23.5,15,23.5,1313.2840576171875
48494,9,4,5,20,20,20,20,1313.7010498046875
48494,9,6,4,17.5,17.5,17.5,17.5,1313.7840576171875
48494,9,10,4,20,15,20,15,1314.083984375
48494,9,11,5,23.5,15,23.5,15,1314.16796875
48494,9,16,2,20,10,20,10,1314.6180419921875
48494,9,15,1,15,10,15,10,1315.0679931640625
48494,9,12,2,12.5,12.5,12.5,12.5,1315.3179931640625
48494,9,8,1,10,15,10,15,1315.6510009765625
48494,9,5,2,12.5,17.5,12.5,17.5,1315.8179931640625
48494,9,9,4,15,15,15,15,1316.0009765625
48494,9,13,2,17.5,12.5,17.5,12.5,1316.3179931640625
48494,9,37,1,10,-5,10,-5,1317.9169921875
48494,9,40,2,12.5,-7.5,12.5,-7.5,1318.051025390625
48494,9,43,4,10,-10,10,-10,1318.2509765625
48494,9,47,4,12.5,-12.5,12.5,-12.5,1318.468017578125
48494,9,49,4,10,-15,10,-15,1318.6669921875
48494,9,51,5,10,-18.5,10,-18.5,1318.91796875
48494,9,50,5,15,-15,15,-15,1319.1009521484375
48494,9,45,5,18.5,-10,18.5,-10,1319.6180419921875
48494,9,44,4,15,-10,15,-10,1319.884033203125
48494,9,39,2,7.5,-7.5,7.5,-7.5,1320.583984375
48494,9,46,2,7.5,-12.5,7.5,-12.5,1320.801025390625
48494,9,48,2,5,-15,5,-15,1321.1009521484375
48494,9,41,1,1.5,-10,1.5,-10,1321.3680419921875
48494,9,38,2,15,-5,15,-5,1322.583984375
48494,9,40,2,12.5,-7.5,12.5,-7.5,1323.0679931640625
48494,9,42,1,5,-10,5,-10,1323.968017578125
48494,9,49,4,10,-15,10,-15,1324.4840087890625
48494,9,51,5,10,-18.5,10,-18.5,1324.718017578125
48494,9,50,5,15,-15,15,-15,1325.1180419921875
48494,9,44,4,15,-10,15,-10,1325.6180419921875
48494,9,45,5,18.5,-10,18.5,-10,1325.8509521484375
48494,9,37,1,10,-5,10,-5,1326.5179443359375
48494,9,39,2,7.5,-7.5,7.5,-7.5,1326.7010498046875
48494,9,43,4,10,-10,10,-10,1326.8509521484375
48494,9,46,2,7.5,-12.5,7.5,-12.5,1327.0679931640625
48494,9,47,4,12.5,-12.5,12.5,-12.5,1327.41796875
48494,9,40,2,12.5,-7.5,12.5,-7.5,1328.083984375
48494,9,35,1,10,-1.5,10,-1.5,1328.6510009765625
48494,9,17,1,15,6.5,15,6.5,1329.41796875
48494,9,15,1,15,10,15,10,1329.7010498046875
48494,9,13,2,17.5,12.5,17.5,12.5,1329.968017578125
48494,9,10,4,20,15,20,15,1330.2010498046875
48494,9,11,5,23.5,15,23.5,15,1330.4010009765625
48494,9,4,5,20,20,20,20,1330.7010498046875
48494,9,6,4,17.5,17.5,17.5,17.5,1330.7679443359375
48494,9,3,4,15,20,15,20,1331.051025390625
48494,9,1,5,15,23.5,15,23.5,1331.1510009765625
48494,9,5,2,12.5,17.5,12.5,17.5,1331.5009765625
48494,9,8,1,10,15,10,15,1331.801025390625
48494,9,7,1,6.5,15,6.5,15,1332.0179443359375
48494,9,14,1,10,10,10,10,1332.301025390625
48494,9,12,2,12.5,12.5,12.5,12.5,1332.583984375
48494,9,9,4,15,15,15,15,1332.8179931640625
48494,9,16,2,20,10,20,10,1333.6510009765625
48494,9,17,1,15,6.5,15,6.5,1334.4510498046875
48494,9,38,2,15,-5,15,-5,1335.0849609375
48494,9,45,4,15,-10,18.5,-10,1335.468017578125
48494,9,44,4,15,-10,15,-10,1335.4840087890625
48494,9,47,5,15,-15,12.5,-12.5,1335.8680419921875
48494,9,50,5,15,-15,15,-15,1335.885009765625
48494,9,49,4,10,-15,10,-15,1336.16796875
48494,9,51,5,10,-18.5,10,-18.5,1336.301025390625
48494,9,48,2,5,-15,5,-15,1336.6839599609375
48494,9,46,2,7.5,-12.5,7.5,-12.5,1336.7679443359375
48494,9,41,1,1.5,-10,1.5,-10,1337.1510009765625
48494,9,42,1,5,-10,5,-10,1337.218017578125
48494,9,39,2,7.5,-7.5,7.5,-7.5,1337.4840087890625
48494,9,40,2,12.5,-7.5,12.5,-7.5,1337.9510498046875
48494,9,37,1,10,-5,10,-5,1337.9840087890625
48494,9,43,4,10,-10,10,-10,1338.1009521484375
48494,9,36,1,5,-5,5,-5,1338.801025390625
48494,9,35,1,10,-1.5,10,-1.5,1339.2679443359375
48494,9,17,1,15,6.5,15,6.5,1340.0009765625
48494,9,15,1,15,10,15,10,1340.3179931640625
48494,9,12,2,12.5,12.5,12.5,12.5,1340.583984375
48494,9,8,1,10,15,10,15,1340.9010009765625
48494,9,5,2,12.5,17.5,12.5,17.5,1341.051025390625
48494,9,3,4,15,20,15,20,1341.2679443359375
48494,9,4,5,20,20,20,20,1341.6510009765625
48494,9,1,5,15,23.5,15,23.5,1341.718017578125
48494,9,6,4,15,15,17.5,17.5,1342.18505859375
48494,9,9,4,15,15,15,15,1342.2010498046875
48494,9,13,2,17.5,12.5,17.5,12.5,1342.4840087890625
48494,9,11,5,23.5,15,23.5,15,1342.8509521484375
48494,9,16,2,20,10,20,10,1343.6839599609375
48494,9,45,5,18.5,-10,18.5,-10,1345.301025390625
48494,9,44,4,15,-10,15,-10,1345.4840087890625
48494,9,47,4,12.5,-12.5,12.5,-12.5,1345.7679443359375
48494,9,50,5,15,-15,15,-15,1345.8509521484375
48494,9,49,4,10,-15,10,-15,1346.0679931640625
48494,9,51,5,10,-18.5,10,-18.5,1346.2679443359375
48494,9,48,2,5,-15,5,-15,1346.5849609375
48494,9,42,1,5,-10,5,-10,1346.9520263671875
48494,9,39,2,7.5,-7.5,7.5,-7.5,1347.18505859375
48494,9,37,1,10,-5,10,-5,1347.5009765625
48494,9,38,2,15,-5,15,-5,1347.91796875
48494,9,40,2,12.5,-7.5,12.5,-7.5,1348.0849609375
48494,9,43,4,10,-10,10,-10,1348.3509521484375
48494,9,46,2,7.5,-12.5,7.5,-12.5,1348.66796875
48494,9,41,1,1.5,-10,1.5,-10,1349.18505859375
48494,9,36,1,5,-5,5,-5,1349.5009765625
48494,9,35,1,10,-1.5,10,-1.5,1350.0009765625
48494,9,17,1,15,6.5,15,6.5,1350.7850341796875
48494,9,16,2,20,10,20,10,1351.2509765625
48494,9,11,5,23.5,15,23.5,15,1351.68505859375
48494,9,10,4,20,15,20,15,1351.8680419921875
48494,9,6,4,17.5,17.5,17.5,17.5,1352.1510009765625
48494,9,4,5,20,20,20,20,1352.18505859375
48494,9,3,4,15,20,15,20,1352.41796875
48494,9,1,5,15,23.5,15,23.5,1352.6009521484375
48494,9,2,2,10,20,10,20,1352.9849853515625
48494,9,7,1,6.5,15,6.5,15,1353.4849853515625
48494,9,14,1,10,10,10,10,1354.2509765625
48494,9,12,2,12.5,12.5,12.5,12.5,1354.41796875
48494,9,9,4,15,15,15,15,1354.7850341796875
48494,9,5,2,12.5,17.5,12.5,17.5,1355.0679931640625
48494,9,8,1,10,15,10,15,1355.2509765625
48494,9,15,1,15,10,15,10,1355.8680419921875
48494,9,13,2,17.5,12.5,17.5,12.5,1356.0679931640625
48494,9,16,2,20,10,20,10,1356.2679443359375
48494,9,17,1,15,6.5,15,6.5,1356.6009521484375
48494,9,38,2,15,-5,15,-5,1357.8179931640625
48494,9,44,4,15,-10,15,-10,1358.1180419921875
48494,9,45,5,18.5,-10,18.5,-10,1358.35205078125
48494,10,35,2,10,-1.5,10,-1.5,743.0440063476564
48494,10,38,2,15,-5,15,-5,743.56072998046875
48494,10,45,2,18.5,-10,18.5,-10,744.0604858398436
48494,10,44,2,15,-10,15,-10,744.2606811523436
48494,10,47,2,12.5,-12.5,12.5,-12.5,744.544189453125
48494,10,49,2,10,-15,10,-15,744.843994140625
48494,10,51,2,10,-18.5,10,-18.5,744.9774780273436
48494,10,48,2,5,-15,5,-15,745.3270263671875
48494,10,41,2,1.5,-10,1.5,-10,745.810791015625
48494,10,42,2,5,-10,5,-10,746.06072998046875
48494,10,36,2,5,-5,5,-5,746.227294921875
48494,10,37,2,10,-5,10,-5,746.5606079101564
48494,10,40,2,12.5,-7.5,12.5,-7.5,746.8604736328125
48494,10,43,2,10,-10,10,-10,747.110595703125
48494,10,46,2,7.5,-12.5,7.5,-12.5,747.42730712890625
48494,10,61,2,-5,-20,-5,-20,748.7772216796875
48494,10,60,2,-10,-20,-10,-20,749.177490234375
48494,10,63,2,-15,-25,-15,-25,749.71038818359375
48494,10,65,2,-20,-30,-20,-30,750.3104858398436
48494,10,64,2,-30,-30,-30,-30,751.37738037109375
48494,10,62,2,-25,-25,-25,-25,751.7108154296875
48494,10,59,2,-20,-20,-20,-20,752.31109619140625
48494,10,56,2,-25,-15,-25,-15,753.1273193359375
48494,10,58,2,-30,-20,-30,-20,753.727783203125
48494,10,57,2,-15,-15,-15,-15,755.0106201171875
48494,10,55,2,-10,-10,-10,-10,755.5772094726564
48494,10,54,2,-20,-10,-20,-10,756.21112060546875
48494,10,52,2,-20,-5,-20,-5,756.5108032226564
48494,10,34,2,-15,0,-15,0,757.060791015625
48494,10,32,2,-15,5,-15,5,757.5440063476564
48494,10,30,2,-10,10,-10,10,758.060791015625
48494,10,27,2,-5,15,-5,15,758.66070556640625
48494,10,7,2,6.5,15,6.5,15,759.7445068359375
48494,10,14,2,10,10,10,10,760.14410400390625
48494,10,17,2,15,6.5,15,6.5,760.66070556640625
48494,10,16,2,20,10,20,10,761.14398193359375
48494,10,11,2,23.5,15,23.5,15,761.64410400390625
48494,10,4,2,20,20,20,20,762.06097412109375
48494,10,1,2,15,23.5,15,23.5,762.560791015625
48494,10,3,2,15,20,15,20,762.62738037109375
48494,10,5,2,12.5,17.5,12.5,17.5,762.92742919921875
48494,10,8,2,10,15,10,15,763.2108154296875
48494,10,12,2,12.5,12.5,12.5,12.5,763.4439697265625
48494,10,15,2,15,10,15,10,763.7276000976564
48494,10,13,2,17.5,12.5,17.5,12.5,763.8607177734375
48494,10,10,2,20,15,20,15,764.144287109375
48494,10,6,2,17.5,17.5,17.5,17.5,764.4442749023436
48494,10,9,2,15,15,15,15,764.67742919921875
48494,10,28,2,0,15,0,15,766.04412841796875
48494,10,30,2,-10,10,-10,10,766.9608154296875
48494,10,32,2,-15,5,-15,5,767.54412841796875
48494,10,52,2,-20,-5,-20,-5,768.8275146484375
48494,10,54,2,-20,-10,-20,-10,769.12762451171875
48494,10,56,2,-25,-15,-25,-15,769.644287109375
48494,10,58,2,-30,-20,-30,-20,770.24432373046875
48494,10,64,2,-30,-30,-30,-30,771.2274169921875
48494,10,65,2,-20,-30,-20,-30,771.910888671875
48494,10,66,2,-10,-30,-10,-30,772.7440795898436
48494,10,63,2,-15,-25,-15,-25,773.52789306640625
48494,10,62,2,-25,-25,-25,-25,774.34442138671875
48494,10,59,2,-20,-20,-20,-20,774.544189453125
48494,10,60,2,-10,-20,-10,-20,775.57757568359375
48494,10,61,2,-5,-20,-5,-20,775.9442749023436
48494,10,58,2,-30,-20,-30,-20,778.1278076171875
48494,10,56,2,-25,-15,-25,-15,778.54449462890625
48494,10,57,2,-15,-15,-15,-15,779.411376953125
48494,10,41,2,1.5,-10,1.5,-10,780.9114990234375
48494,10,36,2,5,-5,5,-5,781.41162109375
48494,10,35,2,10,-1.5,10,-1.5,781.91180419921875
48494,10,37,2,10,-5,10,-5,781.97802734375
48494,10,40,2,12.5,-7.5,12.5,-7.5,782.26171875
48494,10,44,2,15,-10,15,-10,782.56170654296875
48494,10,45,2,18.5,-10,18.5,-10,782.72802734375
48494,10,50,2,15,-15,15,-15,783.04559326171875
48494,10,51,2,10,-18.5,10,-18.5,783.51129150390625
48494,10,48,2,5,-15,5,-15,783.87860107421875
48494,10,42,2,5,-10,5,-10,784.26202392578125
48494,10,39,2,7.5,-7.5,7.5,-7.5,784.51190185546875
48494,10,43,2,10,-10,10,-10,784.628173828125
48494,10,47,2,12.5,-12.5,12.5,-12.5,785.06170654296875
48494,10,49,2,10,-15,10,-15,785.2783203125
48494,10,46,2,7.5,-12.5,7.5,-12.5,785.37841796875
48494,10,41,2,1.5,-10,1.5,-10,785.9617919921875
48494,10,55,2,-10,-10,-10,-10,786.94451904296875
48494,10,48,2,5,-15,5,-15,788.9114990234375
48494,10,51,2,10,-18.5,10,-18.5,789.244873046875
48494,10,50,2,15,-15,15,-15,789.76141357421875
48494,10,44,2,15,-10,15,-10,790.3280029296875
48494,10,40,2,12.5,-7.5,12.5,-7.5,790.6278076171875
48494,10,37,2,10,-5,10,-5,790.9276733398436
48494,10,39,2,7.5,-7.5,7.5,-7.5,791.2445068359375
48494,10,42,2,5,-10,5,-10,791.5115966796875
48494,10,46,2,7.5,-12.5,7.5,-12.5,791.72821044921875
48494,10,49,2,10,-15,10,-15,792.04449462890625
48494,10,47,2,12.5,-12.5,12.5,-12.5,792.41131591796875
48494,10,45,2,18.5,-10,18.5,-10,792.97802734375
48494,10,35,2,10,-1.5,10,-1.5,793.9281005859375
48494,10,41,2,1.5,-10,1.5,-10,795.21240234375
48494,10,48,2,5,-15,5,-15,795.67822265625
48494,10,51,2,10,-18.5,10,-18.5,796.2113037109375
48494,10,50,2,15,-15,15,-15,796.74530029296875
48494,10,38,2,15,-5,15,-5,797.6610717773436
48494,10,37,2,10,-5,10,-5,798.1279296875
48494,10,36,2,5,-5,5,-5,798.544677734375
48494,10,42,2,5,-10,5,-10,798.9110717773436
48494,10,46,2,7.5,-12.5,7.5,-12.5,799.16131591796875
48494,10,47,2,12.5,-12.5,12.5,-12.5,799.5614013671875
48494,10,44,2,15,-10,15,-10,799.811279296875
48494,10,40,2,12.5,-7.5,12.5,-7.5,800.06121826171875
48494,10,39,2,7.5,-7.5,7.5,-7.5,800.52801513671875
48494,10,43,2,10,-10,10,-10,800.77801513671875
48494,10,35,2,10,-1.5,10,-1.5,802.078125
48494,10,41,2,1.5,-10,1.5,-10,803.3779296875
48494,10,48,2,5,-15,5,-15,803.8612060546875
48494,10,51,2,10,-18.5,10,-18.5,804.46112060546875
48494,10,49,2,10,-15,10,-15,804.8114013671875
48494,10,46,2,7.5,-12.5,7.5,-12.5,805.078125
48494,10,42,2,5,-10,5,-10,805.3621826171875
48494,10,36,2,5,-5,5,-5,805.828125
48494,10,39,2,7.5,-7.5,7.5,-7.5,805.9619750976564
48494,10,43,2,10,-10,10,-10,806.24462890625
48494,10,47,2,12.5,-12.5,12.5,-12.5,806.54510498046875
48494,10,50,2,15,-15,15,-15,806.827880859375
48494,10,44,2,15,-10,15,-10,807.2113037109375
48494,10,40,2,12.5,-7.5,12.5,-7.5,807.51141357421875
48494,10,37,2,10,-5,10,-5,807.77801513671875
48494,10,35,2,10,-1.5,10,-1.5,808.14520263671875
48494,10,38,2,15,-5,15,-5,808.47821044921875
48494,10,45,2,18.5,-10,18.5,-10,808.91131591796875
48494,10,49,2,10,-15,10,-15,809.82830810546875
48494,10,51,2,10,-18.5,10,-18.5,810.36212158203125
48494,10,46,2,7.5,-12.5,7.5,-12.5,810.878173828125
48494,10,44,2,15,-10,15,-10,812.528076171875
48494,10,50,2,15,-15,15,-15,812.811279296875
48494,10,48,2,5,-15,5,-15,814.27801513671875
48494,10,40,2,12.5,-7.5,12.5,-7.5,815.12811279296875
48494,10,38,2,15,-5,15,-5,815.42822265625
48494,10,37,2,10,-5,10,-5,816.1116943359375
48494,10,46,2,7.5,-12.5,7.5,-12.5,816.8284912109375
48494,10,49,2,10,-15,10,-15,817.028076171875
48494,10,51,2,10,-18.5,10,-18.5,817.3280029296875
48494,10,41,2,1.5,-10,1.5,-10,818.42852783203125
48494,10,42,2,5,-10,5,-10,818.72821044921875
48494,10,43,2,10,-10,10,-10,819.12860107421875
48494,10,47,2,12.5,-12.5,12.5,-12.5,819.37811279296875
48494,10,50,2,15,-15,15,-15,819.66192626953125
48494,10,45,2,18.5,-10,18.5,-10,820.21160888671875
48494,10,44,2,15,-10,15,-10,820.41162109375
48494,10,39,2,7.5,-7.5,7.5,-7.5,821.12811279296875
48494,10,36,2,5,-5,5,-5,821.41162109375
48494,10,35,2,10,-1.5,10,-1.5,822.0447998046875
48494,10,38,2,15,-5,15,-5,822.761474609375
48494,10,40,2,12.5,-7.5,12.5,-7.5,823.044921875
48494,10,46,2,7.5,-12.5,7.5,-12.5,823.62811279296875
48494,10,49,2,10,-15,10,-15,824.011474609375
48494,10,51,2,10,-18.5,10,-18.5,824.17828369140625
48494,10,48,2,5,-15,5,-15,824.9617919921875
48494,10,41,2,1.5,-10,1.5,-10,825.62847900390625
48494,10,42,2,5,-10,5,-10,825.87847900390625
48494,10,43,2,10,-10,10,-10,826.31170654296875
48494,10,44,2,15,-10,15,-10,826.7283935546875
48494,10,45,2,18.5,-10,18.5,-10,827.028076171875
48494,10,50,2,15,-15,15,-15,827.42828369140625
48494,10,36,2,5,-5,5,-5,828.82830810546875
48494,10,37,2,10,-5,10,-5,829.211669921875
48494,10,38,2,15,-5,15,-5,829.62811279296875
48494,10,40,2,12.5,-7.5,12.5,-7.5,829.8281860351564
48494,10,46,2,7.5,-12.5,7.5,-12.5,830.36181640625
48494,10,48,2,5,-15,5,-15,830.66168212890625
48494,10,51,2,10,-18.5,10,-18.5,830.96160888671875
48494,10,49,2,10,-15,10,-15,831.611572265625
48494,10,47,2,12.5,-12.5,12.5,-12.5,831.64520263671875
48494,10,42,2,5,-10,5,-10,832.1614990234375
48494,10,39,2,7.5,-7.5,7.5,-7.5,832.34527587890625
48494,10,35,2,10,-1.5,10,-1.5,832.844970703125
48494,10,44,2,15,-10,15,-10,833.66180419921875
48494,10,45,2,18.5,-10,18.5,-10,834.0615844726564
48494,10,43,2,10,-10,10,-10,834.51171875
48494,10,37,2,10,-5,10,-5,834.94512939453125
48494,10,36,2,5,-5,5,-5,835.3284912109375
48494,10,41,2,1.5,-10,1.5,-10,835.92840576171875
48494,10,46,2,7.5,-12.5,7.5,-12.5,836.41180419921875
48494,10,48,2,5,-15,5,-15,836.61187744140625
48494,10,51,2,10,-18.5,10,-18.5,837.02850341796875
48494,10,49,2,10,-15,10,-15,837.51190185546875
48494,10,42,2,5,-10,5,-10,838.06170654296875
48494,10,39,2,7.5,-7.5,7.5,-7.5,838.34527587890625
48494,10,40,2,12.5,-7.5,12.5,-7.5,838.82861328125
48494,10,38,2,15,-5,15,-5,839.1787109375
48494,10,35,2,10,-1.5,10,-1.5,839.8284912109375
48494,10,37,2,10,-5,10,-5,839.9783935546875
48494,10,43,2,10,-10,10,-10,840.56170654296875
48494,10,47,2,12.5,-12.5,12.5,-12.5,840.8450927734375
48494,10,50,2,15,-15,15,-15,841.14501953125
48494,10,45,2,18.5,-10,18.5,-10,841.7783813476564
48494,10,44,2,15,-10,15,-10,842.12872314453125
48494,10,46,2,7.5,-12.5,7.5,-12.5,842.861572265625
48494,10,48,2,5,-15,5,-15,843.16180419921875
48494,10,51,2,10,-18.5,10,-18.5,843.6787109375
48494,10,49,2,10,-15,10,-15,844.0286865234375
48494,10,42,2,5,-10,5,-10,844.57830810546875
48494,10,36,2,5,-5,5,-5,845.11199951171875
48494,10,39,2,7.5,-7.5,7.5,-7.5,845.2617797851564
48494,10,43,2,10,-10,10,-10,845.57843017578125
48494,10,40,2,12.5,-7.5,12.5,-7.5,845.81170654296875
48494,10,38,2,15,-5,15,-5,846.11181640625
48494,10,37,2,10,-5,10,-5,846.64508056640625
48494,10,35,2,10,-1.5,10,-1.5,846.76171875
48494,10,41,2,1.5,-10,1.5,-10,847.67852783203125
48494,10,46,2,7.5,-12.5,7.5,-12.5,848.8118896484375
48494,10,48,2,5,-15,5,-15,849.07861328125
48494,10,51,2,10,-18.5,10,-18.5,849.54510498046875
48494,10,49,2,10,-15,10,-15,849.7117919921875
48494,10,47,2,12.5,-12.5,12.5,-12.5,849.9453125
48494,10,44,2,15,-10,15,-10,850.2285766601564
48494,10,45,2,18.5,-10,18.5,-10,850.52880859375
48494,10,50,2,15,-15,15,-15,851.34527587890625
48494,10,43,2,10,-10,10,-10,851.91192626953125
48494,10,39,2,7.5,-7.5,7.5,-7.5,852.2119140625
48494,10,36,2,5,-5,5,-5,852.51202392578125
48494,10,41,2,1.5,-10,1.5,-10,852.86187744140625
48494,10,42,2,5,-10,5,-10,852.9619140625
48494,10,40,2,12.5,-7.5,12.5,-7.5,853.72869873046875
48494,10,38,2,15,-5,15,-5,854.0286865234375
48494,10,35,2,10,-1.5,10,-1.5,854.14520263671875
48494,10,48,2,5,-15,5,-15,855.9619140625
48494,10,51,2,10,-18.5,10,-18.5,856.5452880859375
48494,10,49,2,10,-15,10,-15,856.7119140625
48494,10,46,2,7.5,-12.5,7.5,-12.5,856.912109375
48494,10,43,2,10,-10,10,-10,857.26202392578125
48494,10,47,2,12.5,-12.5,12.5,-12.5,857.5784912109375
48494,10,50,2,15,-15,15,-15,857.86187744140625
48494,10,45,2,18.5,-10,18.5,-10,858.52862548828125
48494,10,44,2,15,-10,15,-10,858.82867431640625
48494,10,42,2,5,-10,5,-10,859.6785888671875
48494,10,41,2,1.5,-10,1.5,-10,859.9619140625
48494,10,36,2,5,-5,5,-5,860.1287841796875
48494,10,35,2,10,-1.5,10,-1.5,860.5784912109375
48494,10,38,2,15,-5,15,-5,861.0286865234375
48494,10,40,2,12.5,-7.5,12.5,-7.5,861.2119140625
48494,10,39,2,7.5,-7.5,7.5,-7.5,861.6456298828125
48494,10,37,2,10,-5,10,-5,861.76190185546875
48494,10,47,2,12.5,-12.5,12.5,-12.5,862.61187744140625
48494,10,49,2,10,-15,10,-15,862.74542236328125
48494,10,51,2,10,-18.5,10,-18.5,863.12860107421875
48494,10,48,2,5,-15,5,-15,863.6787109375
48494,10,46,2,7.5,-12.5,7.5,-12.5,863.84527587890625
48494,10,43,2,10,-10,10,-10,864.1287841796875
48494,10,44,2,15,-10,15,-10,864.56207275390625
48494,10,45,2,18.5,-10,18.5,-10,864.86212158203125
48494,10,45,2,18.5,-10,18.5,-10,869.8790283203125
48494,10,45,2,18.5,-10,18.5,-10,874.91229248046875
48494,10,45,2,18.5,-10,18.5,-10,879.9287719726564
48494,10,45,2,18.5,-10,18.5,-10,884.9456787109375
48494,10,45,2,18.5,-10,18.5,-10,889.97900390625
48494,10,45,2,18.5,-10,18.5,-10,895.01239013671875
48494,10,45,2,18.5,-10,18.5,-10,900.0457763671875
48494,10,45,2,18.5,-10,18.5,-10,905.0625
48494,10,45,2,18.5,-10,18.5,-10,910.07940673828125
48494,10,45,2,18.5,-10,18.5,-10,915.1132202148436
48494,10,45,2,18.5,-10,18.5,-10,920.12939453125
48494,10,50,2,15,-15,15,-15,923.9296264648436
48494,10,51,2,10,-18.5,10,-18.5,924.4293212890624
48494,10,48,2,5,-15,5,-15,924.8626708984376
48494,10,41,2,1.5,-10,1.5,-10,925.3463134765624
48494,10,42,2,5,-10,5,-10,925.462890625
48494,10,39,2,7.5,-7.5,7.5,-7.5,925.76287841796875
48494,10,37,2,10,-5,10,-5,926.04620361328125
48494,10,35,2,10,-1.5,10,-1.5,926.17938232421875
48494,10,38,2,15,-5,15,-5,926.56292724609375
48494,10,45,2,15,-10,18.5,-10,927.04632568359375
48494,10,44,2,15,-10,15,-10,927.06268310546875
48494,10,47,2,12.5,-12.5,12.5,-12.5,927.32928466796875
48494,10,49,2,10,-15,10,-15,927.6300048828124
48494,10,46,2,7.5,-12.5,7.5,-12.5,927.84637451171875
48494,10,43,2,10,-10,10,-10,927.94610595703125
48494,10,40,2,12.5,-7.5,12.5,-7.5,928.3131103515624
48494,10,61,2,-5,-20,-5,-20,930.212890625
48494,10,60,2,-10,-20,-10,-20,930.6796875
48494,10,63,2,-15,-25,-15,-25,931.17950439453125
48494,10,65,2,-20,-30,-20,-30,931.76287841796875
48494,10,62,2,-25,-25,-25,-25,932.74627685546875
48494,10,59,2,-20,-20,-20,-20,933.34619140625
48494,10,57,2,-15,-15,-15,-15,934.04620361328125
48494,10,55,2,-10,-10,-10,-10,934.61297607421875
48494,10,41,2,1.5,-10,1.5,-10,935.57952880859375
48494,10,48,2,5,-15,5,-15,936.04638671875
48494,10,51,2,10,-18.5,10,-18.5,936.54632568359375
48494,10,49,2,10,-15,10,-15,936.72998046875
48494,10,50,2,15,-15,15,-15,936.9462280273436
48494,10,47,2,12.5,-12.5,12.5,-12.5,936.9793701171876
48494,10,44,2,15,-10,15,-10,937.27960205078125
48494,10,45,2,18.5,-10,18.5,-10,937.4130249023436
48494,10,38,2,15,-5,15,-5,937.82952880859375
48494,10,35,2,10,-1.5,10,-1.5,938.32952880859375
48494,10,37,2,10,-5,10,-5,938.4130859375
48494,10,39,2,7.5,-7.5,7.5,-7.5,938.6796875
48494,10,42,2,5,-10,5,-10,938.97967529296875
48494,10,46,2,7.5,-12.5,7.5,-12.5,939.2462158203124
48494,10,43,2,10,-10,10,-10,939.52947998046875
48494,10,40,2,12.5,-7.5,12.5,-7.5,939.8131103515624
48494,10,36,2,5,-5,5,-5,940.61279296875
48494,10,41,2,1.5,-10,1.5,-10,940.97979736328125
48494,10,61,2,-5,-20,-5,-20,942.01287841796875
48494,10,60,2,-10,-20,-10,-20,942.27978515625
48494,10,66,2,-10,-30,-10,-30,943.04632568359375
48494,10,64,2,-30,-30,-30,-30,944.72979736328125
48494,10,59,2,-20,-20,-20,-20,945.62969970703125
48494,10,63,2,-15,-25,-15,-25,946.76318359375
48494,10,62,2,-25,-25,-25,-25,947.56298828125
48494,10,57,2,-15,-15,-15,-15,948.6798095703124
48494,10,55,2,-10,-10,-10,-10,949.27972412109375
48494,10,41,2,1.5,-10,1.5,-10,950.24627685546875
48494,10,48,2,5,-15,5,-15,950.6464233398436
48494,10,51,2,10,-18.5,10,-18.5,951.163330078125
48494,10,50,2,15,-15,15,-15,951.6132202148436
48494,10,45,2,18.5,-10,18.5,-10,952.0797119140624
48494,10,38,2,15,-5,15,-5,952.52972412109375
48494,10,35,2,10,-1.5,10,-1.5,953.02972412109375
48494,10,37,2,10,-5,10,-5,953.1132202148436
48494,10,39,2,7.5,-7.5,7.5,-7.5,953.41339111328125
48494,10,42,2,5,-10,5,-10,953.6796875
48494,10,46,2,7.5,-12.5,7.5,-12.5,953.9462890625
48494,10,49,2,10,-15,10,-15,954.22998046875
48494,10,47,2,12.5,-12.5,12.5,-12.5,954.396728515625
48494,10,44,2,15,-10,15,-10,954.6964111328124
48494,10,40,2,12.5,-7.5,12.5,-7.5,954.94647216796875
48494,10,43,2,10,-10,10,-10,955.1298828125
48494,10,48,2,5,-15,5,-15,956.24658203125
48494,10,36,2,5,-5,5,-5,957.1134033203124
48494,10,13,2,17.5,12.5,17.5,12.5,959.0465087890624
48494,10,6,2,17.5,17.5,17.5,17.5,959.4464111328124
48494,10,1,2,15,23.5,15,23.5,959.96319580078125
48494,10,3,2,15,20,15,20,960.22991943359375
48494,10,5,2,12.5,17.5,12.5,17.5,960.396484375
48494,10,9,2,15,15,15,15,960.6298217773436
48494,10,12,2,12.5,12.5,12.5,12.5,960.8300170898436
48494,10,15,2,15,10,15,10,961.02978515625
48494,10,17,2,15,6.5,15,6.5,961.32977294921875
48494,10,16,2,20,10,20,10,961.72991943359375
