subject,level,obj_ID,point_value,x,y,new_x,new_y,time
48545,1,29,2,12.5,-12.5,12.5,-12.5,738.38818359375
48545,1,22,2,12.5,-17.5,12.5,-17.5,738.7880859375
48545,1,20,2,10,-20,10,-20,739.0214233398436
48545,1,54,2,-10,-20,-10,-20,740.92138671875
48545,1,53,2,-15,-20,-15,-20,741.3214111328125
48545,1,57,2,-17.5,-17.5,-17.5,-17.5,741.57147216796875
48545,1,60,2,-15,-15,-15,-15,741.72137451171875
48545,1,64,2,-17.5,-12.5,-17.5,-12.5,741.90478515625
48545,1,66,2,-15,-10,-15,-10,742.12127685546875
48545,1,68,2,-15,-6.5,-15,-6.5,742.42120361328125
48545,1,51,2,-15,6.5,-15,6.5,743.5048217773436
48545,1,49,2,-15,10,-15,10,743.80401611328125
48545,1,43,2,-15,15,-15,15,744.2213134765625
48545,1,36,2,-15,20,-15,20,744.63812255859375
48545,1,35,2,-15,23.5,-15,23.5,744.92138671875
48545,1,1,2,15,23.5,15,23.5,747.37127685546875
48545,1,2,2,15,20,15,20,747.6043701171875
48545,1,9,2,15,15,15,15,748.0380249023436
48545,1,15,2,15,10,15,10,748.4705810546875
48545,1,17,2,15,6.5,15,6.5,748.7714233398436
48545,1,34,2,15,-6.5,15,-6.5,749.8380126953125
48545,1,32,2,15,-10,15,-10,750.12127685546875
48545,1,26,2,15,-15,15,-15,750.53851318359375
48545,1,19,2,15,-20,15,-20,750.97137451171875
48545,1,18,2,15,-23.5,15,-23.5,751.271484375
48545,1,52,2,-15,-23.5,-15,-23.5,753.7382202148436
48545,1,53,2,-15,-20,-15,-20,754.0214233398436
48545,1,60,2,-15,-15,-15,-15,754.47137451171875
48545,1,66,2,-15,-10,-15,-10,754.88812255859375
48545,1,68,2,-15,-6.5,-15,-6.5,755.17132568359375
48545,1,51,2,-15,6.5,-15,6.5,756.2714233398436
48545,1,49,2,-15,10,-15,10,756.5380249023436
48545,1,43,2,-15,15,-15,15,756.97137451171875
48545,1,36,2,-15,20,-15,20,757.38812255859375
48545,1,35,2,-15,23.5,-15,23.5,757.67138671875
48545,1,1,2,15,23.5,15,23.5,760.2714233398436
48545,1,5,2,12.5,17.5,12.5,17.5,760.67138671875
48545,1,12,2,12.5,12.5,12.5,12.5,761.08807373046875
48545,1,15,2,15,10,15,10,761.3214111328125
48545,1,32,2,15,-10,15,-10,764.42138671875
48545,1,34,2,15,-6.5,15,-6.5,764.48797607421875
48545,1,29,2,12.5,-12.5,12.5,-12.5,764.60498046875
48545,1,26,2,15,-15,15,-15,764.8214111328125
48545,1,22,2,12.5,-17.5,12.5,-17.5,765.021484375
48545,1,19,2,15,-20,15,-20,765.2373046875
48545,1,18,2,15,-23.5,15,-23.5,765.5216064453125
48545,1,52,2,-15,-23.5,-15,-23.5,767.8709716796875
48545,1,53,2,-15,-20,-15,-20,768.17041015625
48545,1,60,2,-15,-15,-15,-15,768.60467529296875
48545,1,66,2,-15,-10,-15,-10,769.021728515625
48545,1,68,2,-15,-6.5,-15,-6.5,769.3048095703125
48545,1,51,2,-15,6.5,-15,6.5,770.3883056640625
48545,1,49,2,-15,10,-15,10,770.68817138671875
48545,1,43,2,-15,15,-15,15,771.10491943359375
48545,1,36,2,-15,20,-15,20,771.5216064453125
48545,1,35,2,-15,23.5,-15,23.5,771.80487060546875
48545,1,1,2,15,23.5,15,23.5,774.4044189453125
48545,1,6,2,17.5,17.5,17.5,17.5,775.10467529296875
48545,1,13,2,17.5,12.5,17.5,12.5,775.5048217773436
48545,1,17,2,15,6.5,15,6.5,776.2213134765625
48545,1,34,2,15,-6.5,15,-6.5,777.13787841796875
48545,1,32,2,15,-10,15,-10,777.42138671875
48545,1,26,2,15,-15,15,-15,777.8380126953125
48545,1,19,2,15,-20,15,-20,778.2714233398436
48545,1,20,2,10,-20,10,-20,778.538330078125
48545,1,24,2,6.5,-15,6.5,-15,779.13818359375
48545,1,25,2,10,-15,10,-15,779.3048095703125
48545,1,29,2,12.5,-12.5,12.5,-12.5,779.57171630859375
48545,1,30,2,17.5,-12.5,17.5,-12.5,779.9716186523436
48545,1,27,2,20,-15,20,-15,780.17138671875
48545,1,21,2,20,-20,20,-20,780.63812255859375
48545,1,18,2,15,-23.5,15,-23.5,781.47137451171875
48545,1,54,2,-10,-20,-10,-20,783.521484375
48545,1,53,2,-15,-20,-15,-20,783.9381103515625
48545,1,57,2,-17.5,-17.5,-17.5,-17.5,784.2714233398436
48545,1,64,2,-17.5,-12.5,-17.5,-12.5,784.7042236328125
48545,1,66,2,-15,-10,-15,-10,785.08831787109375
48545,1,65,2,-10,-10,-10,-10,785.521484375
48545,1,59,2,-10,-15,-10,-15,786.0214233398436
48545,1,55,2,-20,-20,-20,-20,787.271728515625
48545,1,62,2,-23.5,-15,-23.5,-15,788.6715087890625
48545,1,61,2,-20,-15,-20,-15,788.9716186523436
48545,1,60,2,-15,-15,-15,-15,789.38787841796875
48545,1,63,2,-12.5,-12.5,-12.5,-12.5,789.58807373046875
48545,1,51,2,-15,6.5,-15,6.5,791.2714233398436
48545,1,50,2,-20,10,-20,10,791.771484375
48545,1,44,2,-20,15,-20,15,792.17138671875
48545,1,40,2,-17.5,17.5,-17.5,17.5,792.5048217773436
48545,1,43,2,-15,15,-15,15,792.7047119140625
48545,1,39,2,-12.5,17.5,-12.5,17.5,792.9218139648436
48545,1,37,2,-10,15,-10,20,793.5048217773436
48545,1,42,2,-10,15,-10,15,793.52081298828125
48545,1,36,2,-15,20,-15,20,793.87152099609375
48545,1,35,2,-15,23.5,-15,23.5,794.4716186523436
48545,1,48,2,-10,10,-10,10,796.30487060546875
48545,1,49,2,-15,10,-15,10,796.78778076171875
48545,1,47,2,-17.5,12.5,-17.5,12.5,797.20477294921875
48545,1,40,2,-17.5,17.5,-17.5,17.5,797.63751220703125
48545,1,43,2,-15,15,-15,15,797.7216186523436
48545,1,39,2,-12.5,17.5,-12.5,17.5,797.9716186523436
48545,1,41,2,-6.5,15,-6.5,15,798.5216064453125
48545,1,7,2,6.5,15,6.5,15,799.43817138671875
48545,1,8,2,10,15,10,15,799.7216796875
48545,1,5,2,12.5,17.5,12.5,17.5,799.93792724609375
48545,1,9,2,15,15,15,15,800.13818359375
48545,1,6,2,17.5,17.5,17.5,17.5,800.33831787109375
48545,1,1,2,15,23.5,15,23.5,800.93798828125
48545,1,14,2,10,10,10,10,803.7882080078125
48545,1,15,2,15,10,15,10,804.205078125
48545,1,13,2,17.5,12.5,17.5,12.5,804.5216064453125
48545,1,10,2,20,15,20,15,804.8040771484375
48545,1,4,2,20,20,20,20,805.2877197265625
48545,1,6,2,17.5,17.5,17.5,17.5,805.3717041015625
48545,1,5,2,12.5,17.5,12.5,17.5,805.7047119140625
48545,1,8,2,10,15,10,15,805.9879150390625
48545,1,34,2,15,-6.5,15,-6.5,807.92047119140625
48545,1,32,2,15,-10,15,-10,808.2216186523436
48545,1,26,2,15,-15,15,-15,808.63818359375
48545,1,23,2,17.5,-17.5,17.5,-17.5,808.88818359375
48545,1,21,2,20,-20,20,-20,809.1884155273436
48545,1,18,2,15,-23.5,15,-23.5,810.0380249023436
48545,1,22,2,12.5,-17.5,12.5,-17.5,810.63787841796875
48545,1,29,2,12.5,-12.5,12.5,-12.5,811.07171630859375
48545,1,31,2,10,-10,10,-10,811.3046264648436
48545,1,24,2,6.5,-15,6.5,-15,811.7882080078125
48545,1,27,2,20,-15,20,-15,814.02117919921875
48545,1,30,2,17.5,-12.5,17.5,-12.5,814.33831787109375
48545,1,26,2,15,-15,15,-15,814.5380859375
48545,1,32,2,15,-10,15,-10,814.7880859375
48545,1,34,2,15,-6.5,15,-6.5,815.10418701171875
48545,1,17,2,15,6.5,15,6.5,816.1881103515625
48545,1,15,2,15,10,15,10,816.48828125
48545,1,12,2,12.5,12.5,12.5,12.5,816.68817138671875
48545,1,9,2,15,15,15,15,816.905029296875
48545,1,5,2,12.5,17.5,12.5,17.5,817.10498046875
48545,1,2,2,15,20,15,20,817.32147216796875
48545,1,1,2,15,23.5,15,23.5,817.60467529296875
48545,1,37,2,-10,20,-10,20,819.87158203125
48545,1,39,2,-12.5,17.5,-12.5,17.5,820.08807373046875
48545,1,36,2,-15,20,-15,20,820.288330078125
48545,1,40,2,-17.5,17.5,-17.5,17.5,820.50390625
48545,1,44,2,-20,15,-20,15,820.7880859375
48545,1,50,2,-20,10,-20,10,821.2880859375
48545,1,51,2,-15,6.5,-15,6.5,822.0214233398436
48545,1,48,2,-10,10,-10,10,822.63818359375
48545,1,42,2,-10,15,-10,15,823.08831787109375
48545,1,38,2,-20,20,-20,20,824.0050048828125
48545,1,49,2,-15,10,-15,10,825.12158203125
48545,1,46,2,-12.5,12.5,-12.5,12.5,825.4882202148436
48545,1,39,2,-12.5,17.5,-12.5,17.5,825.9381103515625
48545,1,36,2,-15,20,-15,20,826.37127685546875
48545,1,40,2,-17.5,17.5,-17.5,17.5,826.87158203125
48545,1,47,2,-17.5,12.5,-17.5,12.5,827.287109375
48545,1,50,2,-20,10,-20,10,827.5216064453125
48545,1,45,2,-23.5,15,-23.5,15,828.00390625
48545,1,44,2,-20,15,-20,15,828.4716186523436
48545,1,43,2,-15,15,-15,15,828.80487060546875
48545,1,42,2,-10,15,-10,15,829.2050170898436
48545,1,41,2,-6.5,15,-6.5,15,829.5050048828125
48545,1,35,2,-15,23.5,-15,23.5,830.4218139648436
48545,1,38,2,-20,20,-20,20,830.87152099609375
48545,1,51,2,-15,6.5,-15,6.5,832.1876220703125
48545,1,49,2,-15,10,-15,10,832.5875244140625
48545,1,46,2,-12.5,12.5,-12.5,12.5,832.77081298828125
48545,1,39,2,-12.5,17.5,-12.5,17.5,833.18817138671875
48545,1,45,2,-23.5,15,-23.5,15,835.6715087890625
48545,1,50,2,-20,10,-20,10,836.10491943359375
48545,1,47,2,-17.5,12.5,-17.5,12.5,836.2216186523436
48545,1,43,2,-15,15,-15,15,836.57147216796875
48545,1,40,2,-17.5,17.5,-17.5,17.5,836.73748779296875
48545,1,36,2,-15,20,-15,20,837.0048828125
48545,1,37,2,-10,20,-10,20,837.4376220703125
48545,1,41,2,-6.5,15,-6.5,15,838.17071533203125
48545,1,48,2,-10,10,-10,10,839.2882080078125
48545,1,46,2,-12.5,12.5,-12.5,12.5,839.98828125
48545,1,49,2,-15,10,-15,10,840.53741455078125
48545,1,51,2,-15,6.5,-15,6.5,840.80548095703125
48545,1,7,2,6.5,15,6.5,15,843.9384155273436
48545,1,3,2,10,20,10,20,844.6204833984375
48545,1,5,2,12.5,17.5,12.5,17.5,844.8214111328125
48545,1,2,2,15,20,15,20,845.038330078125
48545,1,6,2,17.5,17.5,17.5,17.5,845.2382202148436
48545,1,13,2,17.5,12.5,17.5,12.5,845.58758544921875
48545,1,15,2,15,10,15,10,845.82177734375
48545,1,12,2,12.5,12.5,12.5,12.5,846.0040283203125
48545,1,14,2,10,10,10,10,846.2213134765625
48545,1,8,2,10,15,10,15,846.638427734375
48545,1,9,2,15,15,15,15,846.70477294921875
48545,1,10,2,20,15,20,15,847.10491943359375
48545,1,11,2,23.5,15,23.5,15,847.38818359375
48545,1,1,2,15,23.5,15,23.5,848.93792724609375
48545,1,7,2,6.5,15,6.5,15,849.9708251953125
48545,1,13,2,17.5,12.5,17.5,12.5,851.02081298828125
48545,1,6,2,17.5,17.5,17.5,17.5,851.2382202148436
48545,1,2,2,15,20,15,20,851.58807373046875
48545,1,3,2,10,20,10,20,852.0206298828125
48545,1,8,2,10,15,10,15,852.38818359375
48545,1,14,2,10,10,10,10,852.8212280273436
48545,1,17,2,15,6.5,15,6.5,853.3209228515625
48545,1,9,2,15,15,15,15,854.28851318359375
48545,1,5,2,12.5,17.5,12.5,17.5,854.5205078125
48545,1,12,2,12.5,12.5,12.5,12.5,854.73748779296875
48545,1,11,2,23.5,15,23.5,15,857.87060546875
48545,1,10,2,20,15,20,15,857.9716186523436
48545,1,13,2,17.5,12.5,17.5,12.5,858.30511474609375
48545,1,8,2,10,15,10,15,858.80487060546875
48545,1,7,2,6.5,15,6.5,15,859.1884155273436
48545,1,41,2,-6.5,15,-6.5,15,860.1884155273436
48545,1,42,2,-10,15,-10,15,860.48797607421875
48545,1,46,2,-12.5,12.5,-12.5,12.5,860.6884155273436
48545,1,43,2,-15,15,-15,15,860.9052124023436
48545,1,47,2,-17.5,12.5,-17.5,12.5,861.10491943359375
48545,1,44,2,-20,15,-20,15,861.3206787109375
48545,1,38,2,-20,20,-20,20,861.70428466796875
48545,1,40,2,-17.5,17.5,-17.5,17.5,861.9384155273436
48545,1,39,2,-12.5,17.5,-12.5,17.5,862.37158203125
48545,1,37,2,-10,20,-10,20,862.83721923828125
48545,1,48,2,-10,10,-10,10,863.30401611328125
48545,1,51,2,-15,6.5,-15,6.5,863.7882080078125
48545,1,50,2,-20,10,-20,10,865.73828125
48545,1,49,2,-15,10,-15,10,866.17071533203125
48545,1,46,2,-12.5,12.5,-12.5,12.5,866.58770751953125
48545,1,36,2,-15,20,-15,20,867.33837890625
48545,1,39,2,-12.5,17.5,-12.5,17.5,867.388427734375
48545,1,40,2,-17.5,17.5,-17.5,17.5,867.7042236328125
48545,1,43,2,-15,15,-15,15,867.9218139648436
48545,1,47,2,-17.5,12.5,-17.5,12.5,868.12152099609375
48545,1,48,2,-10,10,-10,10,868.7877197265625
48545,1,14,2,10,10,10,10,870.4384155273436
48545,1,15,2,12.5,12.5,15,10,870.87152099609375
48545,1,12,2,12.5,12.5,12.5,12.5,870.88751220703125
48545,1,5,2,12.5,17.5,12.5,17.5,871.2382202148436
48545,1,1,2,15,23.5,15,23.5,871.9873046875
48545,1,2,2,15,20,15,20,872.32177734375
48545,1,9,2,15,15,15,15,872.7382202148436
48545,1,16,2,20,10,20,10,873.62152099609375
48545,1,10,2,20,15,20,15,874.08831787109375
48545,1,13,2,17.5,12.5,17.5,12.5,874.7714233398436
48545,1,46,2,-12.5,12.5,-12.5,12.5,877.2373046875
48545,1,49,2,-15,10,-15,10,877.52117919921875
48545,1,50,2,-20,10,-20,10,877.905029296875
48545,1,38,2,-20,20,-20,20,880.1884765625
48545,1,40,2,-17.5,17.5,-17.5,17.5,880.40411376953125
48545,1,36,2,-15,20,-15,20,880.605224609375
48545,1,39,2,-12.5,17.5,-12.5,17.5,880.82171630859375
48545,1,37,2,-10,20,-10,20,881.0042724609375
48545,1,42,2,-10,15,-10,15,881.1873779296875
48545,1,47,2,-17.5,12.5,-17.5,12.5,881.9210205078125
48545,1,45,2,-23.5,15,-23.5,15,882.4882202148436
48545,1,44,2,-20,15,-20,15,882.9716796875
48545,1,43,2,-15,15,-15,15,883.3883056640625
48545,1,46,2,-12.5,12.5,-12.5,12.5,883.82171630859375
48545,1,48,2,-10,10,-10,10,884.07147216796875
48545,1,68,2,-15,-6.5,-15,-6.5,885.471923828125
48545,1,66,2,-15,-10,-15,-10,885.788330078125
48545,1,64,2,-17.5,-12.5,-17.5,-12.5,886.02081298828125
48545,1,60,2,-15,-15,-15,-15,886.22088623046875
48545,1,57,2,-17.5,-17.5,-17.5,-17.5,886.4210205078125
48545,1,53,2,-15,-20,-15,-20,886.63818359375
48545,1,52,2,-15,-23.5,-15,-23.5,886.92071533203125
48545,1,54,2,-10,-20,-10,-20,887.5382080078125
48545,1,56,2,-12.5,-17.5,-12.5,-17.5,887.7373046875
48545,1,59,2,-10,-15,-10,-15,887.9716186523436
48545,1,63,2,-12.5,-12.5,-12.5,-12.5,888.1724853515625
48545,1,65,2,-10,-10,-10,-10,888.37127685546875
48545,1,67,2,-20,-10,-20,-10,888.9713134765625
48545,1,62,2,-23.5,-15,-23.5,-15,889.47052001953125
48545,1,18,2,15,-23.5,15,-23.5,893.4052124023436
48545,1,19,2,15,-20,15,-20,893.7216796875
48545,1,20,2,10,-20,10,-20,894.1873779296875
48545,1,24,2,6.5,-15,6.5,-15,894.60418701171875
48545,1,25,2,10,-15,10,-15,894.78741455078125
48545,1,26,2,15,-15,15,-15,895.17108154296875
48545,1,27,2,20,-15,20,-15,895.588623046875
48545,1,28,2,23.5,-15,23.5,-15,895.87158203125
48545,1,33,2,20,-10,20,-10,896.0382080078125
48545,1,32,2,15,-10,15,-10,896.5714111328125
48545,1,29,2,12.5,-12.5,12.5,-12.5,896.98760986328125
48545,1,16,2,20,10,20,10,899.73828125
48545,1,10,2,20,15,20,15,900.17156982421875
48545,1,4,2,17.5,17.5,20,20,900.5880126953125
48545,1,6,2,17.5,17.5,17.5,17.5,900.60491943359375
48545,1,2,2,15,20,15,20,900.83770751953125
48545,1,3,2,10,20,10,20,901.2716064453124
48545,1,5,2,12.5,17.5,12.5,17.5,901.30450439453125
48545,1,8,2,10,15,10,15,901.52191162109375
48545,1,12,2,12.5,12.5,12.5,12.5,901.7216796875
48545,1,14,2,10,10,10,10,901.938720703125
48545,1,17,2,15,6.5,15,6.5,902.4210205078124
48545,1,15,2,15,10,15,10,902.7874755859376
48545,1,13,2,17.5,12.5,17.5,12.5,902.9708251953124
48545,1,9,2,15,15,15,15,903.1718139648436
48545,1,39,2,-12.5,17.5,-12.5,17.5,905.6383056640624
48545,1,36,2,-15,20,-15,20,905.88848876953125
48545,1,35,2,-15,23.5,-15,23.5,906.18878173828125
48545,1,38,2,-20,20,-20,20,906.9384155273436
48545,1,44,2,-20,15,-20,15,907.33831787109375
48545,1,43,2,-15,15,-15,15,907.7216186523436
48545,1,42,2,-10,15,-10,15,908.1375732421876
48545,1,48,2,-10,10,-10,10,908.5048217773436
48545,1,51,2,-15,6.5,-15,6.5,908.9218139648436
48545,1,50,2,-20,10,-20,10,909.48748779296875
48545,1,47,2,-17.5,12.5,-17.5,12.5,909.8375244140624
48545,1,46,2,-12.5,12.5,-12.5,12.5,910.30511474609375
48545,1,41,2,-6.5,15,-6.5,15,910.80438232421875
48545,1,7,2,6.5,15,6.5,15,911.88848876953125
48545,1,8,2,10,15,10,15,912.1884155273436
48545,1,12,2,12.5,12.5,12.5,12.5,912.38848876953125
48545,1,9,2,15,15,15,15,912.58837890625
48545,1,2,2,15,20,15,20,912.92156982421875
48545,1,3,2,10,20,10,20,913.4049072265624
48545,1,14,2,10,10,10,10,914.4207763671876
48545,1,15,2,15,10,15,10,914.905029296875
48545,1,13,2,17.5,12.5,17.5,12.5,915.17108154296875
48545,1,6,2,17.5,17.5,17.5,17.5,915.57177734375
48545,1,10,2,20,15,20,15,915.671875
48545,1,11,2,23.5,15,23.5,15,915.922119140625
48545,1,12,2,12.5,12.5,12.5,12.5,917.42108154296875
48545,1,51,2,-15,6.5,-15,6.5,919.80511474609375
48545,1,49,2,-15,10,-15,10,920.10498046875
48545,1,43,2,-15,15,-15,15,920.53851318359375
48545,1,36,2,-15,20,-15,20,920.93792724609375
48545,1,38,2,-20,20,-20,20,921.30511474609375
48545,1,44,2,-20,15,-20,15,921.8707275390624
48545,1,45,2,-23.5,15,-23.5,15,922.18798828125
48545,1,50,2,-20,10,-20,10,922.28851318359375
48545,1,47,2,-17.5,12.5,-17.5,12.5,922.37188720703125
48545,1,46,2,-12.5,12.5,-12.5,12.5,922.80517578125
48545,1,42,2,-10,15,-10,15,923.12078857421875
48545,1,39,2,-12.5,17.5,-12.5,17.5,923.421875
48545,1,40,2,-17.5,17.5,-17.5,17.5,923.87078857421875
48545,1,37,2,-10,20,-10,20,924.7213134765624
48545,1,41,2,-6.5,15,-6.5,15,925.2216186523436
48545,1,49,2,-15,10,-15,10,926.088623046875
48545,1,51,2,-15,6.5,-15,6.5,926.388671875
48545,1,65,2,-10,-10,-10,-10,928.171875
48545,1,63,2,-12.5,-12.5,-12.5,-12.5,928.3717041015624
48545,1,60,2,-15,-15,-15,-15,928.6710205078124
48545,1,64,2,-17.5,-12.5,-17.5,-12.5,928.70452880859375
48545,1,61,2,-20,-15,-20,-15,928.9716186523436
48545,1,62,2,-23.5,-15,-23.5,-15,929.23828125
48545,1,55,2,-17.5,-17.5,-20,-20,929.4882202148436
48545,1,57,2,-17.5,-17.5,-17.5,-17.5,929.50518798828125
48545,1,56,2,-12.5,-17.5,-12.5,-17.5,929.93780517578125
48545,1,22,2,12.5,-17.5,12.5,-17.5,932.0216064453124
48545,1,23,2,17.5,-17.5,17.5,-17.5,932.4384765625
48545,1,27,2,20,-15,20,-15,932.82177734375
48545,1,33,2,20,-10,20,-10,933.238525390625
48545,1,30,2,17.5,-12.5,17.5,-12.5,933.28851318359375
48545,1,32,2,15,-10,15,-10,933.50531005859375
48545,1,30,2,17.5,-12.5,17.5,-12.5,938.3206787109376
48545,2,31,5,10,-10,10,-10,1375.3389892578125
48545,2,34,5,15,-6.5,15,-6.5,1376.072998046875
48545,2,33,4,20,-10,20,-10,1376.822021484375
48545,2,30,4,17.5,-12.5,17.5,-12.5,1377.0389404296875
48545,2,27,2,20,-15,20,-15,1377.27197265625
48545,2,23,2,17.5,-17.5,17.5,-17.5,1377.489013671875
48545,2,26,2,15,-15,15,-15,1377.7220458984375
48545,2,22,4,12.5,-17.5,12.5,-17.5,1377.8060302734375
48545,2,25,5,10,-15,10,-15,1377.989013671875
48545,2,24,5,6.5,-15,6.5,-15,1378.2889404296875
48545,2,29,4,12.5,-12.5,12.5,-12.5,1378.7889404296875
48545,2,32,5,15,-10,15,-10,1378.989013671875
48545,2,17,5,15,6.5,15,6.5,1380.5379638671875
48545,2,15,5,15,10,15,10,1380.822021484375
48545,2,14,5,10,10,10,10,1381.1390380859375
48545,2,41,5,-6.5,15,-6.5,15,1382.6390380859375
48545,2,48,5,-10,10,-10,10,1383.0059814453125
48545,2,51,5,-15,6.5,-15,6.5,1383.52197265625
48545,2,68,5,-15,-6.5,-15,-6.5,1384.739013671875
48545,2,66,5,-15,-10,-15,-10,1385.0389404296875
48545,2,63,4,-12.5,-12.5,-12.5,-12.5,1385.3890380859375
48545,2,59,5,-10,-15,-10,-15,1385.6719970703125
48545,2,58,5,-6.5,-15,-6.5,-15,1386.0889892578125
48545,2,24,5,6.5,-15,6.5,-15,1387.1719970703125
48545,2,31,5,10,-10,10,-10,1387.77294921875
48545,2,34,5,15,-6.5,15,-6.5,1388.239013671875
48545,2,17,5,15,6.5,15,6.5,1389.489013671875
48545,2,15,5,15,10,15,10,1389.77197265625
48545,2,14,5,10,10,10,10,1390.0389404296875
48545,2,12,4,12.5,12.5,12.5,12.5,1390.072998046875
48545,2,8,5,10,15,10,15,1390.322021484375
48545,2,41,5,-6.5,15,-6.5,15,1391.8890380859375
48545,2,42,5,-10,15,-10,15,1392.2060546875
48545,2,46,4,-12.5,12.5,-12.5,12.5,1392.489013671875
48545,2,49,5,-15,10,-15,10,1392.739013671875
48545,2,51,5,-15,6.5,-15,6.5,1393.0889892578125
48545,2,68,5,-15,-6.5,-15,-6.5,1394.2049560546875
48545,2,66,5,-15,-10,-15,-10,1394.5059814453125
48545,2,65,5,-10,-10,-10,-10,1394.7889404296875
48545,2,63,4,-12.5,-12.5,-12.5,-12.5,1394.8389892578125
48545,2,59,5,-10,-15,-10,-15,1395.10498046875
48545,2,58,5,-6.5,-15,-6.5,-15,1395.2230224609375
48545,2,24,5,6.5,-15,6.5,-15,1396.4219970703125
48545,2,25,5,10,-15,10,-15,1396.7230224609375
48545,2,29,4,12.5,-12.5,12.5,-12.5,1397.0389404296875
48545,2,32,5,15,-10,15,-10,1397.3060302734375
48545,2,34,5,15,-6.5,15,-6.5,1397.6219482421875
48545,2,17,5,15,6.5,15,6.5,1398.739013671875
48545,2,15,5,15,10,15,10,1399.02197265625
48545,2,14,5,10,10,10,10,1399.27197265625
48545,2,7,5,6.5,15,6.5,15,1399.77294921875
48545,2,41,5,-6.5,15,-6.5,15,1401.2889404296875
48545,2,42,5,-10,15,-10,15,1401.572998046875
48545,2,46,4,-12.5,12.5,-12.5,12.5,1401.8890380859375
48545,2,49,5,-15,10,-15,10,1402.137939453125
48545,2,51,5,-15,6.5,-15,6.5,1402.3050537109375
48545,2,68,5,-15,-6.5,-15,-6.5,1403.3890380859375
48545,2,65,5,-10,-10,-10,-10,1403.905029296875
48545,2,59,5,-10,-15,-10,-15,1404.3389892578125
48545,2,58,5,-6.5,-15,-6.5,-15,1404.5389404296875
48545,2,24,5,6.5,-15,6.5,-15,1405.6729736328125
48545,2,25,5,10,-15,10,-15,1405.93896484375
48545,2,31,5,10,-10,10,-10,1406.2230224609375
48545,2,32,5,15,-10,15,-10,1406.8389892578125
48545,2,17,5,15,6.5,15,6.5,1407.989013671875
48545,2,15,5,15,10,15,10,1408.27294921875
48545,2,14,5,10,10,10,10,1408.4720458984375
48545,2,12,4,12.5,12.5,12.5,12.5,1408.52294921875
48545,2,8,5,10,15,10,15,1408.7879638671875
48545,2,5,4,12.5,17.5,12.5,17.5,1408.9720458984375
48545,2,41,5,-6.5,15,-6.5,15,1410.406005859375
48545,2,42,5,-10,15,-10,15,1410.7230224609375
48545,2,48,5,-10,10,-10,10,1410.9219970703125
48545,2,46,4,-12.5,12.5,-12.5,12.5,1411.0389404296875
48545,2,49,5,-15,10,-15,10,1411.2889404296875
48545,2,68,5,-15,-6.5,-15,-6.5,1413.072998046875
48545,2,66,5,-15,-10,-15,-10,1413.123046875
48545,2,65,5,-10,-10,-10,-10,1413.52197265625
48545,2,58,5,-6.5,-15,-6.5,-15,1414.3890380859375
48545,2,24,5,6.5,-15,6.5,-15,1415.3389892578125
48545,2,25,5,10,-15,10,-15,1415.6719970703125
48545,2,31,5,10,-10,10,-10,1415.873046875
48545,2,29,4,12.5,-12.5,12.5,-12.5,1416.0059814453125
48545,2,32,5,15,-10,15,-10,1416.27294921875
48545,2,34,5,15,-6.5,15,-6.5,1416.3389892578125
48545,2,17,5,15,6.5,15,6.5,1417.7060546875
48545,2,14,5,10,10,10,10,1418.18896484375
48545,2,7,5,6.5,15,6.5,15,1418.7049560546875
48545,2,48,5,-10,10,-10,10,1420.18896484375
48545,2,49,5,-15,10,-15,10,1420.6219482421875
48545,2,51,5,-15,6.5,-15,6.5,1420.7049560546875
48545,2,68,5,-15,-6.5,-15,-6.5,1422.18896484375
48545,2,66,5,-15,-10,-15,-10,1422.3060302734375
48545,2,63,4,-12.5,-12.5,-12.5,-12.5,1422.6219482421875
48545,2,59,5,-10,-15,-10,-15,1422.8890380859375
48545,2,58,5,-6.5,-15,-6.5,-15,1423.18896484375
48545,2,24,5,6.5,-15,6.5,-15,1424.405029296875
48545,2,25,5,10,-15,10,-15,1424.77197265625
48545,2,29,4,12.5,-12.5,12.5,-12.5,1425.0059814453125
48545,2,32,5,15,-10,15,-10,1425.322021484375
48545,2,33,4,20,-10,20,-10,1425.77294921875
48545,2,17,5,15,6.5,15,6.5,1427.2889404296875
48545,2,14,5,10,10,10,10,1427.7900390625
48545,2,7,5,6.5,15,6.5,15,1428.2889404296875
48545,2,37,4,-10,20,-10,20,1429.9730224609375
48545,2,39,4,-12.5,17.5,-12.5,17.5,1430.27197265625
48545,2,42,5,-10,15,-10,15,1430.3050537109375
48545,2,43,2,-15,15,-15,15,1430.5889892578125
48545,2,46,4,-12.5,12.5,-12.5,12.5,1430.623046875
48545,2,47,4,-17.5,12.5,-17.5,12.5,1430.8389892578125
48545,2,49,5,-15,10,-15,10,1430.8890380859375
48545,2,51,5,-15,6.5,-15,6.5,1431.239013671875
48545,2,65,5,-10,-10,-10,-10,1432.988037109375
48545,2,63,4,-12.5,-12.5,-12.5,-12.5,1433.2060546875
48545,2,59,5,-10,-15,-10,-15,1433.406005859375
48545,2,58,5,-6.5,-15,-6.5,-15,1433.68896484375
48545,2,29,4,12.5,-12.5,12.5,-12.5,1435.5059814453125
48545,2,31,5,10,-10,10,-10,1435.5889892578125
48545,2,32,5,15,-10,15,-10,1435.7060546875
48545,2,34,5,15,-6.5,15,-6.5,1435.9730224609375
48545,2,17,5,15,6.5,15,6.5,1437.27294921875
48545,2,14,5,10,10,10,10,1437.68896484375
48545,2,12,4,12.5,12.5,12.5,12.5,1437.906005859375
48545,2,8,5,10,15,10,15,1438.10595703125
48545,2,7,5,6.5,15,6.5,15,1438.4219970703125
48545,2,42,5,-10,10,-10,15,1440.18896484375
48545,2,48,5,-10,10,-10,10,1440.2060546875
48545,2,46,4,-12.5,12.5,-12.5,12.5,1440.239013671875
48545,2,49,5,-15,10,-15,10,1440.4730224609375
48545,2,51,5,-15,6.5,-15,6.5,1440.623046875
48545,2,68,5,-15,-6.5,-15,-6.5,1442.0889892578125
48545,2,65,5,-10,-10,-10,-10,1442.77294921875
48545,2,59,5,-10,-15,-10,-15,1443.18896484375
48545,2,54,4,-10,-20,-10,-20,1443.6390380859375
48545,2,58,5,-6.5,-15,-6.5,-15,1443.68896484375
48545,2,24,5,6.5,-15,6.5,-15,1444.7220458984375
48545,2,25,5,10,-15,10,-15,1445.3389892578125
48545,2,29,4,12.5,-12.5,12.5,-12.5,1445.6719970703125
48545,2,32,5,15,-10,15,-10,1445.9219970703125
48545,2,34,5,15,-6.5,15,-6.5,1446.27294921875
48545,2,17,5,15,6.5,15,6.5,1448.1729736328125
48545,2,15,5,15,10,15,10,1448.489013671875
48545,2,14,5,10,10,10,10,1448.7060546875
48545,2,12,4,12.5,12.5,12.5,12.5,1448.8060302734375
48545,2,8,5,10,15,10,15,1449.072998046875
48545,2,7,5,6.5,15,6.5,15,1449.1719970703125
48545,2,68,5,-15,-6.5,-15,-6.5,1454.02197265625
48545,2,66,5,-15,-10,-15,-10,1454.10595703125
48545,2,63,4,-12.5,-12.5,-12.5,-12.5,1454.8890380859375
48545,2,65,5,-10,-10,-10,-10,1454.9219970703125
48545,2,59,5,-10,-15,-10,-15,1455.0889892578125
48545,2,58,5,-6.5,-15,-6.5,-15,1455.322998046875
48545,2,31,5,10,-10,10,-10,1457.906005859375
48545,2,29,4,12.5,-12.5,12.5,-12.5,1458.1390380859375
48545,2,32,5,15,-10,15,-10,1458.322998046875
48545,2,34,5,15,-6.5,15,-6.5,1458.5889892578125
48545,2,17,5,15,6.5,15,6.5,1460.489013671875
48545,2,14,5,10,10,10,10,1460.989013671875
48545,2,7,5,6.5,15,6.5,15,1461.489990234375
48545,2,41,5,-6.5,15,-6.5,15,1462.9229736328125
48545,2,42,5,-10,15,-10,15,1463.1729736328125
48545,2,46,5,-10,10,-12.5,12.5,1463.489990234375
48545,2,48,5,-10,10,-10,10,1463.5059814453125
48545,2,49,5,-15,10,-15,10,1463.77294921875
48545,2,51,5,-15,6.5,-15,6.5,1463.9229736328125
48545,2,68,5,-15,-6.5,-15,-6.5,1465.6719970703125
48545,2,66,5,-15,-10,-15,-10,1465.8050537109375
48545,2,63,4,-12.5,-12.5,-12.5,-12.5,1466.123046875
48545,2,59,5,-10,-15,-10,-15,1466.3890380859375
48545,2,58,5,-6.5,-15,-6.5,-15,1466.68896484375
48545,2,24,5,6.5,-15,6.5,-15,1468.77294921875
48545,2,31,5,10,-10,10,-10,1469.0889892578125
48545,2,32,5,15,-6.5,15,-10,1469.5889892578125
48545,2,34,5,15,-6.5,15,-6.5,1469.60595703125
48545,2,17,5,15,6.5,15,6.5,1471.3060302734375
48545,2,14,5,10,10,10,10,1471.77294921875
48545,2,8,5,10,15,10,15,1472.2230224609375
48545,2,7,5,6.5,15,6.5,15,1472.572998046875
48545,2,41,5,-6.5,15,-6.5,15,1473.8389892578125
48545,2,42,5,-10,15,-10,15,1474.27294921875
48545,2,46,4,-12.5,12.5,-12.5,12.5,1474.4730224609375
48545,2,49,5,-15,10,-15,10,1474.7060546875
48545,2,51,5,-15,6.5,-15,6.5,1475.0389404296875
48545,2,58,5,-6.5,-15,-6.5,-15,1478.0889892578125
48545,2,24,5,6.5,-15,6.5,-15,1479.489013671875
48545,2,25,5,10,-15,10,-15,1479.60595703125
48545,2,29,4,12.5,-12.5,12.5,-12.5,1479.9219970703125
48545,2,30,4,17.5,-12.5,17.5,-12.5,1480.3389892578125
48545,2,26,2,15,-15,15,-15,1480.5059814453125
48545,2,33,4,20,-10,20,-10,1480.6390380859375
48545,2,17,5,15,6.5,15,6.5,1482.2889404296875
48545,2,15,5,15,10,15,10,1482.5059814453125
48545,2,14,5,10,10,10,10,1482.8389892578125
48545,2,12,4,12.5,12.5,12.5,12.5,1482.8719482421875
48545,2,7,5,6.5,15,6.5,15,1483.68896484375
48545,2,41,5,-6.5,15,-6.5,15,1484.9229736328125
48545,2,42,5,-10,15,-10,15,1485.1390380859375
48545,2,46,4,-12.5,12.5,-12.5,12.5,1485.4730224609375
48545,2,48,5,-10,10,-10,10,1485.5059814453125
48545,2,49,5,-15,10,-15,10,1485.739013671875
48545,2,51,5,-15,6.5,-15,6.5,1485.9219970703125
48545,2,65,5,-10,-10,-10,-10,1488.43896484375
48545,2,59,5,-10,-15,-10,-15,1488.8389892578125
48545,2,58,5,-6.5,-15,-6.5,-15,1488.93896484375
48545,2,24,5,6.5,-15,6.5,-15,1490.3060302734375
48545,3,41,1,6.5,-15,6.5,-15,1497.0389404296875
48545,3,42,1,10,-15,10,-15,1497.3389892578125
48545,3,43,4,15,-15,15,-15,1497.7060546875
48545,3,44,4,20,-15,20,-15,1498.123046875
48545,3,45,5,23.5,-15,23.5,-15,1498.3890380859375
48545,3,11,5,23.5,15,23.5,15,1500.8060302734375
48545,3,4,5,20,20,20,20,1501.27197265625
48545,3,1,5,15,23.5,15,23.5,1501.77294921875
48545,3,20,2,-10,20,-10,20,1504.02197265625
48545,3,22,2,-12.5,17.5,-12.5,17.5,1504.322998046875
48545,3,19,4,-15,20,-15,20,1504.52197265625
48545,3,23,4,-17.5,17.5,-17.5,17.5,1504.68896484375
48545,3,21,5,-20,20,-20,20,1504.873046875
48545,3,18,5,-15,23.5,-15,23.5,1505.123046875
48545,3,25,1,-10,15,-10,15,1506.0059814453125
48545,3,29,2,-12.5,12.5,-12.5,12.5,1506.2060546875
48545,3,30,2,-17.5,12.5,-17.5,12.5,1506.623046875
48545,3,28,5,-23.5,15,-23.5,15,1507.0889892578125
48545,3,27,4,-20,15,-20,15,1507.18896484375
48545,3,33,2,-20,10,-20,10,1507.239013671875
48545,3,32,1,-15,10,-15,10,1507.7049560546875
48545,3,34,1,-15,6.5,-15,6.5,1508.0059814453125
48545,3,68,1,-15,-6.5,-15,-6.5,1509.0899658203125
48545,3,66,1,-15,-10,-15,-10,1509.3890380859375
48545,3,67,2,-20,-10,-20,-10,1509.7230224609375
48545,3,62,5,-23.5,-15,-23.5,-15,1510.2900390625
48545,3,55,5,-20,-20,-20,-20,1510.8389892578125
48545,3,53,4,-15,-20,-15,-20,1511.3389892578125
48545,3,56,2,-12.5,-17.5,-12.5,-17.5,1511.6390380859375
48545,3,59,1,-10,-15,-10,-15,1511.989013671875
48545,3,63,2,-12.5,-12.5,-12.5,-12.5,1512.1219482421875
48545,3,65,1,-10,-10,-10,-10,1512.489013671875
48545,3,42,1,10,-15,10,-15,1514.3389892578125
48545,3,46,2,12.5,-12.5,12.5,-12.5,1514.52294921875
48545,3,43,4,15,-15,15,-15,1514.7060546875
48545,3,47,2,17.5,-12.5,17.5,-12.5,1514.93994140625
48545,3,45,5,23.5,-15,23.5,-15,1516.3389892578125
48545,3,38,5,20,-20,20,-20,1516.9730224609375
48545,3,35,5,15,-23.5,15,-23.5,1517.52294921875
48545,3,44,4,20,-15,20,-15,1520.2220458984375
48545,3,50,2,17.5,-12.5,20,-10,1520.6729736328125
48545,3,47,2,17.5,-12.5,17.5,-12.5,1520.68798828125
48545,3,51,1,15,-6.5,15,-6.5,1521.1390380859375
48545,3,17,1,15,6.5,15,6.5,1522.2049560546875
48545,3,15,1,15,10,15,10,1522.5050048828125
48545,3,13,2,17.5,12.5,17.5,12.5,1522.68896484375
48545,3,9,4,15,15,15,15,1522.8719482421875
48545,3,6,4,17.5,17.5,17.5,17.5,1523.0889892578125
48545,3,2,4,15,20,15,20,1523.2889404296875
48545,3,1,5,15,23.5,15,23.5,1523.572998046875
48545,3,11,5,23.5,15,23.5,15,1525.3389892578125
48545,3,16,2,20,10,20,10,1525.8050537109375
48545,3,14,1,10,10,10,10,1526.7060546875
48545,3,31,1,-10,10,-10,10,1528.373046875
48545,3,32,1,-15,10,-15,10,1528.7889404296875
48545,3,33,2,-20,10,-20,10,1529.18896484375
48545,3,28,4,-20,15,-23.5,15,1529.7220458984375
48545,3,27,4,-20,15,-20,15,1529.738037109375
48545,3,21,5,-20,20,-20,20,1530.1390380859375
48545,3,23,4,-17.5,17.5,-17.5,17.5,1530.3389892578125
48545,3,22,2,-12.5,17.5,-12.5,17.5,1530.7889404296875
48545,3,19,4,-15,20,-15,20,1530.906005859375
48545,3,18,5,-15,23.5,-15,23.5,1531.10595703125
48545,3,20,2,-10,20,-10,20,1531.7230224609375
48545,3,25,1,-10,15,-10,15,1532.52197265625
48545,3,29,2,-12.5,12.5,-12.5,12.5,1532.739013671875
48545,3,67,2,-20,-10,-20,-10,1534.8389892578125
48545,3,64,2,-17.5,-12.5,-17.5,-12.5,1535.0389404296875
48545,3,62,5,-23.5,-15,-23.5,-15,1535.373046875
48545,3,61,4,-20,-15,-20,-15,1535.4219970703125
48545,3,55,5,-20,-20,-20,-20,1535.7900390625
48545,3,57,4,-17.5,-17.5,-17.5,-17.5,1536.02197265625
48545,3,53,4,-15,-20,-15,-20,1536.239990234375
48545,3,56,2,-12.5,-17.5,-12.5,-17.5,1539.0050048828125
48545,3,52,5,-15,-23.5,-15,-23.5,1539.406005859375
48545,3,59,1,-10,-15,-10,-15,1541.5050048828125
48545,3,60,4,-15,-15,-15,-15,1541.8050537109375
48545,3,57,4,-17.5,-17.5,-17.5,-17.5,1542.02197265625
48545,3,61,4,-20,-15,-20,-15,1542.2220458984375
48545,3,62,5,-23.5,-15,-23.5,-15,1542.5050048828125
48545,3,53,4,-15,-20,-15,-20,1544.1400146484375
48545,3,56,2,-12.5,-17.5,-12.5,-17.5,1544.373046875
48545,3,63,2,-12.5,-12.5,-12.5,-12.5,1544.7889404296875
48545,3,66,1,-15,-10,-15,-10,1545.1719970703125
48545,3,67,2,-20,-10,-20,-10,1545.5059814453125
48545,3,55,5,-20,-20,-20,-20,1546.072021484375
48545,3,52,5,-15,-23.5,-15,-23.5,1546.7230224609375
48545,3,54,2,-10,-20,-10,-20,1548.2230224609375
48545,3,35,4,15,-20,15,-23.5,1551.3050537109375
48545,3,36,4,15,-20,15,-20,1551.322021484375
48545,3,38,5,20,-20,20,-20,1552.8719482421875
48545,3,44,4,20,-15,20,-15,1553.0059814453125
48545,3,47,2,17.5,-12.5,17.5,-12.5,1553.322998046875
48545,3,46,2,12.5,-12.5,12.5,-12.5,1553.7220458984375
48545,3,42,1,10,-15,10,-15,1554.0400390625
48545,3,39,2,12.5,-17.5,12.5,-17.5,1554.2049560546875
48545,3,37,2,10,-20,10,-20,1554.406005859375
48545,3,40,4,17.5,-17.5,17.5,-17.5,1554.7230224609375
48545,3,45,5,23.5,-15,23.5,-15,1555.373046875
48545,3,11,5,23.5,15,23.5,15,1557.8389892578125
48545,3,10,4,20,15,20,15,1557.8900146484375
48545,3,6,4,17.5,17.5,17.5,17.5,1558.2060546875
48545,3,2,4,15,20,15,20,1558.5059814453125
48545,3,1,5,15,23.5,15,23.5,1558.7889404296875
48545,3,18,5,-15,23.5,-15,23.5,1561.10498046875
48545,3,19,4,-15,20,-15,20,1561.2060546875
48545,3,23,4,-17.5,17.5,-17.5,17.5,1561.5059814453125
48545,3,21,5,-20,20,-20,20,1561.572998046875
48545,3,27,4,-20,15,-20,15,1561.8060302734375
48545,3,28,5,-23.5,15,-23.5,15,1561.989013671875
48545,3,62,5,-23.5,-15,-23.5,-15,1564.3890380859375
48545,3,61,4,-20,-15,-20,-15,1564.43896484375
48545,3,57,4,-17.5,-17.5,-17.5,-17.5,1564.739013671875
48545,3,53,4,-15,-20,-15,-20,1565.0400390625
48545,3,52,5,-15,-23.5,-15,-23.5,1565.3389892578125
48545,3,35,5,15,-23.5,15,-23.5,1567.739013671875
48545,3,36,4,15,-20,15,-20,1568.10498046875
48545,3,38,5,20,-20,20,-20,1568.239013671875
48545,3,40,4,17.5,-17.5,17.5,-17.5,1568.406005859375
48545,3,44,4,20,-15,20,-15,1568.68896484375
48545,3,45,5,23.5,-15,23.5,-15,1568.738037109375
48545,3,11,5,23.5,15,23.5,15,1571.489990234375
48545,3,4,5,20,20,20,20,1572.0059814453125
48545,3,2,4,15,20,15,20,1572.4229736328125
48545,3,3,2,10,20,10,20,1572.8719482421875
48545,3,18,5,-15,23.5,-15,23.5,1575.2889404296875
48545,3,19,4,-15,20,-15,20,1575.3399658203125
48545,3,23,4,-17.5,17.5,-17.5,17.5,1575.6390380859375
48545,3,21,5,-20,20,-20,20,1576.072021484375
48545,3,28,5,-23.5,15,-23.5,15,1576.1729736328125
48545,3,67,2,-20,-10,-20,-10,1578.572998046875
48545,3,66,1,-15,-10,-15,-10,1579.02197265625
48545,3,63,2,-12.5,-12.5,-12.5,-12.5,1579.239013671875
48545,3,60,4,-15,-15,-15,-15,1579.2889404296875
48545,3,59,1,-10,-15,-10,-15,1579.572998046875
48545,3,58,1,-6.5,-15,-6.5,-15,1579.873046875
48545,3,35,5,15,-23.5,15,-23.5,1582.0889892578125
48545,3,36,4,15,-20,15,-20,1582.3389892578125
48545,3,40,4,17.5,-17.5,17.5,-17.5,1582.5400390625
48545,3,43,4,15,-15,15,-15,1582.77197265625
48545,3,47,2,17.5,-12.5,17.5,-12.5,1583.0059814453125
48545,3,44,4,20,-15,20,-15,1583.239990234375
48545,3,45,5,23.5,-15,23.5,-15,1583.406005859375
48545,3,39,2,12.5,-17.5,12.5,-17.5,1584.52294921875
48545,3,38,5,20,-20,20,-20,1584.906005859375
48545,3,50,2,20,-10,20,-10,1585.905029296875
48545,3,16,2,20,10,20,10,1587.5889892578125
48545,3,10,4,20,15,20,15,1587.9730224609375
48545,3,6,4,17.5,17.5,17.5,17.5,1588.1729736328125
48545,3,4,5,20,20,20,20,1588.3719482421875
48545,3,2,4,15,20,15,20,1588.60595703125
48545,3,3,2,10,20,10,20,1589.072021484375
48545,3,18,5,-15,23.5,-15,23.5,1591.2060546875
48545,3,19,4,-15,20,-15,20,1591.406005859375
48545,3,23,5,-20,20,-17.5,17.5,1591.7060546875
48545,3,21,5,-20,20,-20,20,1591.7230224609375
48545,3,27,4,-20,15,-20,15,1591.988037109375
48545,3,28,5,-23.5,15,-23.5,15,1592.1400146484375
48545,3,61,4,-20,-15,-20,-15,1594.6729736328125
48545,3,55,5,-20,-20,-20,-20,1595.0889892578125
48545,3,52,5,-15,-23.5,-15,-23.5,1595.5059814453125
48545,3,35,5,15,-23.5,15,-23.5,1598.77197265625
48545,3,36,4,15,-20,15,-20,1599.0889892578125
48545,3,40,4,17.5,-17.5,17.5,-17.5,1599.3399658203125
48545,3,38,5,20,-20,20,-20,1599.52294921875
48545,3,44,4,20,-15,20,-15,1599.906005859375
48545,3,50,2,20,-10,20,-10,1600.3399658203125
48545,3,11,5,23.5,15,23.5,15,1604.5400390625
48545,3,4,5,20,20,20,20,1604.989990234375
48545,3,6,4,17.5,17.5,17.5,17.5,1605.2060546875
48545,3,2,4,15,20,15,20,1605.406005859375
48545,3,5,2,12.5,17.5,12.5,17.5,1605.6400146484375
48545,3,3,2,10,20,10,20,1605.873046875
48545,3,18,5,-15,23.5,-15,23.5,1608.0059814453125
48545,3,19,4,-15,20,-15,20,1608.18896484375
48545,3,23,4,-17.5,17.5,-17.5,17.5,1608.4720458984375
48545,3,21,5,-20,20,-20,20,1608.5059814453125
48545,3,27,4,-20,15,-20,15,1608.77197265625
48545,3,28,5,-23.5,15,-23.5,15,1608.9229736328125
48545,3,62,5,-23.5,-15,-23.5,-15,1611.322998046875
48545,3,61,4,-20,-15,-20,-15,1611.3890380859375
48545,3,57,4,-17.5,-17.5,-17.5,-17.5,1611.68896484375
48545,3,55,5,-20,-20,-20,-20,1611.8389892578125
48545,3,52,5,-15,-23.5,-15,-23.5,1612.239990234375
48545,3,35,5,15,-23.5,15,-23.5,1615.1390380859375
48545,3,38,5,20,-20,20,-20,1615.6390380859375
48545,3,45,5,23.5,-15,23.5,-15,1616.1390380859375
48545,3,11,5,23.5,15,23.5,15,1618.68896484375
48545,3,10,4,20,15,20,15,1618.822998046875
48545,3,13,2,17.5,12.5,17.5,12.5,1619.02294921875
48545,3,9,4,15,15,15,15,1619.2220458984375
48545,3,6,4,17.5,17.5,17.5,17.5,1619.4219970703125
48545,3,2,4,15,20,15,20,1619.5889892578125
48545,3,1,5,15,23.5,15,23.5,1619.8389892578125
48545,3,3,2,10,20,10,20,1620.1219482421875
48545,3,20,2,-10,20,-10,20,1621.7889404296875
48545,3,18,4,-15,20,-15,23.5,1622.1729736328125
48545,3,19,4,-15,20,-15,20,1622.18896484375
48545,3,23,4,-17.5,17.5,-17.5,17.5,1622.7230224609375
48545,3,27,4,-20,15,-20,15,1623.0400390625
48545,3,28,5,-23.5,15,-23.5,15,1623.3890380859375
48545,3,62,5,-23.5,-15,-23.5,-15,1625.989990234375
48545,3,61,4,-20,-15,-20,-15,1626.322998046875
48545,3,55,5,-20,-20,-20,-20,1626.52197265625
48545,3,57,4,-17.5,-17.5,-17.5,-17.5,1626.60595703125
48545,3,53,4,-15,-20,-15,-20,1626.906005859375
48545,3,52,5,-15,-23.5,-15,-23.5,1626.989013671875
48545,3,35,5,15,-23.5,15,-23.5,1629.52294921875
48545,3,36,4,15,-20,15,-20,1629.7900390625
48545,3,38,5,20,-20,20,-20,1630.0400390625
48545,3,40,4,17.5,-17.5,17.5,-17.5,1630.0889892578125
48545,3,44,4,20,-15,20,-15,1630.373046875
48545,3,45,5,23.5,-15,23.5,-15,1630.489013671875
48545,3,11,5,23.5,15,23.5,15,1632.93994140625
48545,3,4,5,20,20,20,20,1633.3389892578125
48545,3,1,5,15,23.5,15,23.5,1634.43994140625
48545,3,18,5,-15,23.5,-15,23.5,1636.9229736328125
48545,3,19,4,-15,20,-15,20,1637.1219482421875
48545,3,23,4,-17.5,17.5,-17.5,17.5,1637.405029296875
48545,3,21,5,-20,20,-20,20,1637.43994140625
48545,3,28,5,-23.5,15,-23.5,15,1638.1219482421875
48545,3,62,5,-23.5,-15,-23.5,-15,1640.7230224609375
48545,3,55,5,-20,-20,-20,-20,1641.2060546875
48545,3,52,5,-15,-23.5,-15,-23.5,1641.7230224609375
48545,3,35,5,15,-23.5,15,-23.5,1644.3060302734375
48545,3,36,4,15,-20,15,-20,1644.60498046875
48545,3,38,5,20,-20,20,-20,1644.7889404296875
48545,3,40,4,17.5,-17.5,17.5,-17.5,1644.8900146484375
48545,3,45,5,23.5,-15,23.5,-15,1645.322021484375
48545,3,4,5,20,20,20,20,1648.68896484375
48545,3,2,4,15,20,15,20,1649.1400146484375
48545,3,3,2,10,20,10,20,1649.5889892578125
48545,3,20,2,-10,20,-10,20,1651.239013671875
48545,3,19,4,-15,20,-15,20,1651.6729736328125
48545,3,18,5,-15,23.5,-15,23.5,1651.8900146484375
48545,3,23,4,-17.5,17.5,-17.5,17.5,1652.02294921875
48545,3,30,2,-17.5,12.5,-17.5,12.5,1652.5050048828125
48545,3,67,2,-20,-10,-20,-10,1654.406005859375
48545,3,61,4,-20,-15,-20,-15,1654.822998046875
48545,3,55,5,-20,-20,-20,-20,1655.2230224609375
48545,3,52,5,-15,-23.5,-15,-23.5,1655.68896484375
48545,3,35,5,15,-23.5,15,-23.5,1658.373046875
48545,3,38,5,20,-20,20,-20,1658.8389892578125
48545,3,44,4,20,-15,20,-15,1660.60595703125
48545,3,47,2,17.5,-12.5,17.5,-12.5,1660.93994140625
48545,3,49,1,15,-10,15,-10,1661.239013671875
48545,3,13,2,17.5,12.5,17.5,12.5,1663.0889892578125
48545,3,9,4,15,15,15,15,1663.27294921875
48545,3,6,4,17.5,17.5,17.5,17.5,1663.4730224609375
48545,3,2,4,15,20,15,20,1663.68994140625
48545,3,1,5,15,23.5,15,23.5,1663.93994140625
48545,3,18,5,-15,23.5,-15,23.5,1666.3070068359375
48545,3,19,4,-15,20,-15,20,1666.5889892578125
48545,3,21,5,-20,20,-20,20,1666.7230224609375
48545,3,28,5,-23.5,15,-23.5,15,1667.2060546875
48545,3,67,2,-20,-10,-20,-10,1669.6729736328125
48545,3,61,4,-20,-15,-20,-15,1670.072998046875
48545,3,55,5,-20,-20,-20,-20,1670.4730224609375
48545,3,53,4,-15,-20,-15,-20,1670.739990234375
48545,3,52,5,-15,-23.5,-15,-23.5,1670.8389892578125
48545,3,35,5,15,-23.5,15,-23.5,1673.52294921875
48545,3,36,4,15,-20,15,-20,1673.8900146484375
48545,3,38,5,20,-20,20,-20,1674.0400390625
48545,3,40,4,17.5,-17.5,17.5,-17.5,1674.18896484375
48545,3,44,4,20,-15,20,-15,1674.43896484375
48545,3,50,2,20,-10,20,-10,1674.9229736328125
48545,3,50,2,20,-10,20,-10,1679.93994140625
48545,4,60,2,-17.5,-12.5,-17.5,-12.5,1692.9730224609375
48545,4,53,4,-17.5,-17.5,-17.5,-17.5,1693.3399658203125
48545,4,51,5,-20,-20,-20,-20,1693.5400390625
48545,4,48,5,-15,-23.5,-15,-23.5,1693.8900146484375
48545,4,49,4,-15,-20,-15,-20,1693.989990234375
48545,4,42,5,5,-20,5,-20,1695.5400390625
48545,4,41,4,10,-20,10,-20,1695.989990234375
48545,4,38,4,15,-15,15,-15,1696.77294921875
48545,4,35,4,20,-10,20,-10,1697.60595703125
48545,4,33,5,20,-5,20,-5,1698.0400390625
48545,4,16,2,20,10,20,10,1700.072998046875
48545,4,10,4,20,15,20,15,1700.4730224609375
48545,4,4,5,20,20,20,20,1700.873046875
48545,4,1,5,15,23.5,15,23.5,1702.322998046875
48545,4,27,5,-5,20,-5,20,1704.0400390625
48545,4,20,4,-20,10,-20,10,1705.6070556640625
48545,4,58,5,-23.5,-15,-23.5,-15,1708.27294921875
48545,4,51,5,-20,-20,-20,-20,1708.7230224609375
48545,4,48,5,-15,-23.5,-15,-23.5,1709.2060546875
48545,4,47,2,10,-30,10,-30,1711.7900390625
48545,4,44,2,15,-25,15,-25,1712.0400390625
48545,4,40,4,20,-20,20,-20,1712.8070068359375
48545,4,37,2,25,-15,25,-15,1713.4229736328125
48545,4,34,2,30,-10,30,-10,1714.0059814453125
48545,4,35,4,20,-10,20,-10,1714.8399658203125
48545,4,33,5,20,-5,20,-5,1715.0069580078125
48545,4,16,2,20,10,20,10,1716.3900146484375
48545,4,13,2,17.5,12.5,17.5,12.5,1716.6070556640625
48545,4,9,4,15,15,15,15,1716.8389892578125
48545,4,5,2,12.5,17.5,12.5,17.5,1717.18994140625
48545,4,2,2,10,20,10,20,1717.4730224609375
48545,4,27,5,-5,20,-5,20,1718.6729736328125
48545,4,26,4,-10,20,-10,20,1719.1070556640625
48545,4,25,4,-20,20,-20,20,1719.9229736328125
48545,4,28,2,-25,25,-25,25,1720.52294921875
48545,4,31,1,-20,30,-20,30,1721.2900390625
48545,4,32,2,-10,30,-10,30,1722.0899658203125
48545,4,21,5,-10,10,-10,10,1723.5400390625
48545,4,20,4,-20,10,-20,10,1724.406005859375
48545,4,18,5,-20,5,-20,5,1724.6400146484375
48545,4,63,2,-20,-10,-20,-10,1725.9730224609375
48545,4,57,4,-20,-15,-20,-15,1726.373046875
48545,4,51,4,-17.5,-17.5,-20,-20,1726.77294921875
48545,4,53,4,-17.5,-17.5,-17.5,-17.5,1726.7900390625
48545,4,49,4,-15,-20,-15,-20,1727.0059814453125
48545,4,50,2,-10,-20,-10,-20,1727.4730224609375
48545,4,42,5,5,-20,5,-20,1728.7230224609375
48545,4,41,4,10,-20,10,-20,1729.18994140625
48545,4,38,4,15,-15,15,-15,1729.8399658203125
48545,4,35,4,20,-10,20,-10,1730.406005859375
48545,4,33,5,20,-5,20,-5,1730.8399658203125
48545,4,16,2,20,10,20,10,1732.1390380859375
48545,4,10,4,20,15,20,15,1732.52294921875
48545,4,6,4,17.5,17.5,17.5,17.5,1732.77294921875
48545,4,4,5,20,20,20,20,1732.9229736328125
48545,4,3,4,15,20,15,20,1733.0899658203125
48545,4,1,5,15,23.5,15,23.5,1733.3060302734375
48545,4,27,5,-5,20,-5,20,1735.489990234375
48545,4,21,5,-10,10,-10,10,1736.406005859375
48545,4,18,5,-20,5,-20,5,1737.3070068359375
48545,4,63,2,-20,-10,-20,-10,1738.5059814453125
48545,4,60,2,-17.5,-12.5,-17.5,-12.5,1738.7060546875
48545,4,57,4,-20,-15,-20,-15,1738.8900146484375
48545,4,58,5,-23.5,-15,-23.5,-15,1739.1729736328125
48545,4,48,5,-15,-23.5,-15,-23.5,1740.373046875
48545,4,42,5,5,-20,5,-20,1742.27294921875
48545,4,41,4,10,-20,10,-20,1742.7060546875
48545,4,38,4,15,-15,15,-15,1743.3060302734375
48545,4,35,4,20,-10,20,-10,1743.8900146484375
48545,4,33,5,20,-5,20,-5,1744.0889892578125
48545,4,16,2,20,10,20,10,1745.43994140625
48545,4,10,4,20,15,20,15,1745.822998046875
48545,4,6,4,17.5,17.5,17.5,17.5,1746.123046875
48545,4,4,5,20,20,20,20,1746.2230224609375
48545,4,3,4,15,20,15,20,1746.406982421875
48545,4,1,5,15,23.5,15,23.5,1746.6400146484375
48545,4,2,2,10,20,10,20,1747.1070556640625
48545,4,8,1,10,15,10,15,1747.5889892578125
48545,4,14,1,10,10,10,10,1748.0059814453125
48545,4,12,2,12.5,12.5,12.5,12.5,1748.072998046875
48545,4,13,2,17.5,12.5,17.5,12.5,1748.489990234375
48545,4,11,5,23.5,15,23.5,15,1749.70703125
48545,4,9,4,15,15,15,15,1750.5069580078125
48545,4,5,2,12.5,17.5,12.5,17.5,1751.2230224609375
48545,4,7,1,6.5,15,6.5,15,1751.9219970703125
48545,4,17,1,15,6.5,15,6.5,1753.3060302734375
48545,4,16,2,20,10,20,10,1753.8570556640625
48545,4,10,4,20,15,20,15,1754.27294921875
48545,4,13,2,17.5,12.5,17.5,12.5,1754.4229736328125
48545,4,12,2,12.5,12.5,12.5,12.5,1754.7900390625
48545,4,3,4,15,20,15,20,1755.10595703125
48545,4,1,5,15,23.5,15,23.5,1755.3900146484375
48545,4,4,5,20,20,20,20,1756.3070068359375
48545,4,15,1,15,10,15,10,1757.572998046875
48545,4,14,1,10,10,10,10,1757.989013671875
48545,4,21,5,-10,10,-10,10,1759.60595703125
48545,4,23,4,-15,15,-15,15,1760.10595703125
48545,4,25,4,-20,20,-20,20,1760.68994140625
48545,4,28,2,-25,25,-25,25,1761.322998046875
48545,4,29,2,-15,25,-15,25,1762.6400146484375
48545,4,26,4,-10,20,-10,20,1763.18994140625
48545,4,27,5,-5,20,-5,20,1763.489013671875
48545,4,2,2,10,20,10,20,1764.8060302734375
48545,4,1,5,15,23.5,15,23.5,1765.2220458984375
48545,4,3,4,15,20,15,20,1765.572998046875
48545,4,4,5,20,20,20,20,1765.6400146484375
48545,4,11,5,23.5,15,23.5,15,1766.1400146484375
48545,4,10,4,20,15,20,15,1767.3389892578125
48545,4,13,2,17.5,12.5,17.5,12.5,1767.572998046875
48545,4,9,4,15,15,15,15,1767.739013671875
48545,4,5,2,12.5,17.5,12.5,17.5,1768.0389404296875
48545,4,8,1,10,15,10,15,1768.873046875
48545,4,14,1,10,10,10,10,1769.3060302734375
48545,4,15,1,15,10,15,10,1769.6719970703125
48545,4,16,2,20,10,20,10,1770.0570068359375
48545,4,33,5,20,-5,20,-5,1771.0899658203125
48545,4,35,4,20,-10,20,-10,1771.52294921875
48545,4,38,4,15,-15,15,-15,1772.2889404296875
48545,4,42,5,5,-20,5,-20,1773.1729736328125
48545,4,50,2,-10,-20,-10,-20,1774.5069580078125
48545,4,48,5,-15,-23.5,-15,-23.5,1774.93994140625
48545,4,51,5,-20,-20,-20,-20,1777.4229736328125
48545,4,53,4,-17.5,-17.5,-17.5,-17.5,1777.7060546875
48545,4,57,4,-20,-15,-20,-15,1777.822021484375
48545,4,58,5,-23.5,-15,-23.5,-15,1777.93994140625
48545,4,56,4,-15,-15,-15,-15,1778.7900390625
48545,4,62,1,-15,-10,-15,-10,1779.123046875
48545,4,63,2,-20,-10,-20,-10,1779.3900146484375
48545,4,60,2,-17.5,-12.5,-17.5,-12.5,1780.18994140625
48545,4,59,2,-12.5,-12.5,-12.5,-12.5,1780.60595703125
48545,4,55,1,-10,-15,-10,-15,1780.822021484375
48545,4,61,1,-10,-10,-10,-10,1781.27294921875
48545,4,49,4,-15,-20,-15,-20,1782.6719970703125
48545,4,53,4,-17.5,-17.5,-17.5,-17.5,1782.7230224609375
48545,4,48,5,-15,-23.5,-15,-23.5,1782.9219970703125
48545,4,50,2,-10,-20,-10,-20,1783.9730224609375
48545,4,52,2,-12.5,-17.5,-12.5,-17.5,1784.322998046875
48545,4,56,4,-15,-15,-15,-15,1784.5899658203125
48545,4,57,4,-20,-15,-20,-15,1785.0889892578125
48545,4,60,2,-17.5,-12.5,-17.5,-12.5,1785.2230224609375
48545,4,58,5,-23.5,-15,-23.5,-15,1785.3719482421875
48545,4,62,1,-15,-10,-15,-10,1786.5389404296875
48545,4,64,1,-15,-6.5,-15,-6.5,1786.8399658203125
48545,4,36,5,10,-10,10,-10,1788.906005859375
48545,4,35,4,20,-10,20,-10,1789.7889404296875
48545,4,33,5,20,-5,20,-5,1790.02294921875
48545,4,17,1,15,6.5,15,6.5,1792.70703125
48545,4,15,1,15,10,15,10,1792.9219970703125
48545,4,13,2,17.5,12.5,17.5,12.5,1793.10595703125
48545,4,9,4,15,15,15,15,1793.2900390625
48545,4,6,4,17.5,17.5,17.5,17.5,1793.5069580078125
48545,4,3,4,15,20,15,20,1793.7060546875
48545,4,1,5,15,23.5,15,23.5,1793.9730224609375
48545,4,2,2,10,20,10,20,1794.3399658203125
48545,4,8,1,10,15,10,15,1794.739013671875
48545,4,5,2,12.5,17.5,12.5,17.5,1794.8900146484375
48545,4,10,4,20,15,20,15,1795.406005859375
48545,4,11,5,23.5,15,23.5,15,1795.656005859375
48545,4,4,5,20,20,20,20,1796.6400146484375
48545,4,15,1,15,10,15,10,1797.93994140625
48545,4,17,1,15,6.5,15,6.5,1798.0059814453125
48545,4,33,5,20,-5,20,-5,1799.2060546875
48545,4,35,4,20,-10,20,-10,1799.70703125
48545,4,41,4,10,-20,10,-20,1801.0069580078125
48545,4,42,5,5,-20,5,-20,1801.406005859375
48545,4,49,4,-15,-20,-15,-20,1803.2060546875
48545,4,53,4,-17.5,-17.5,-17.5,-17.5,1803.5059814453125
48545,4,51,5,-20,-20,-20,-20,1803.68896484375
48545,4,56,4,-15,-15,-15,-15,1804.68994140625
48545,4,60,2,-17.5,-12.5,-17.5,-12.5,1804.93896484375
48545,4,63,2,-20,-10,-20,-10,1805.322021484375
48545,4,58,5,-23.5,-15,-23.5,-15,1805.6400146484375
48545,4,57,4,-20,-15,-20,-15,1806.02294921875
48545,4,52,2,-12.5,-17.5,-12.5,-17.5,1806.6729736328125
48545,4,48,5,-15,-23.5,-15,-23.5,1807.02294921875
48545,4,41,4,10,-20,10,-20,1809.2900390625
48545,4,38,4,15,-15,15,-15,1810.27294921875
48545,4,35,4,20,-10,20,-10,1811.3900146484375
48545,4,33,5,20,-5,20,-5,1811.739990234375
48545,4,16,2,20,10,20,10,1813.0400390625
48545,4,13,4,20,15,17.5,12.5,1813.406005859375
48545,4,10,4,20,15,20,15,1813.4219970703125
48545,4,9,4,15,15,15,15,1813.8399658203125
48545,4,12,2,12.5,17.5,12.5,12.5,1814.2889404296875
48545,4,5,2,12.5,17.5,12.5,17.5,1814.3060302734375
48545,4,2,2,10,20,10,20,1814.52294921875
48545,4,27,5,-5,20,-5,20,1816.02294921875
48545,4,26,4,-10,20,-10,20,1816.52294921875
48545,4,25,4,-20,20,-20,20,1817.3399658203125
48545,4,28,2,-25,25,-25,25,1818.70703125
48545,4,22,2,-25,15,-25,15,1819.5389404296875
48545,4,64,1,-15,-6.5,-15,-6.5,1821.623046875
48545,4,62,1,-15,-10,-15,-10,1821.906005859375
48545,4,56,4,-15,-15,-15,-15,1822.3070068359375
48545,4,53,4,-17.5,-17.5,-17.5,-17.5,1822.5889892578125
48545,4,49,4,-15,-20,-15,-20,1822.7060546875
48545,4,51,5,-20,-20,-20,-20,1822.822021484375
48545,4,48,5,-15,-23.5,-15,-23.5,1823.3389892578125
48545,4,41,4,10,-20,10,-20,1825.822998046875
48545,4,38,4,15,-15,15,-15,1826.572021484375
48545,4,33,5,20,-5,20,-5,1828.0389404296875
48545,4,16,2,20,10,20,10,1829.3890380859375
48545,4,10,4,20,15,20,15,1829.77294921875
48545,4,6,4,17.5,17.5,17.5,17.5,1830.123046875
48545,4,4,5,20,20,20,20,1830.156005859375
48545,4,3,4,15,20,15,20,1830.406005859375
48545,4,1,5,15,23.5,15,23.5,1830.5400390625
48545,4,27,5,-5,20,-5,20,1832.3570556640625
48545,4,26,4,-10,20,-10,20,1832.7900390625
48545,4,23,4,-15,15,-15,15,1833.3399658203125
48545,4,20,4,-20,10,-20,10,1833.9229736328125
48545,4,18,5,-20,5,-20,5,1834.18994140625
48545,4,63,2,-20,-10,-20,-10,1835.5059814453125
48545,4,57,4,-20,-15,-20,-15,1835.906005859375
48545,4,51,5,-20,-20,-20,-20,1836.2900390625
48545,4,53,4,-17.5,-17.5,-17.5,-17.5,1836.43994140625
48545,4,49,4,-15,-20,-15,-20,1836.7060546875
48545,4,50,2,-10,-20,-10,-20,1837.1400146484375
48545,4,42,5,5,-20,5,-20,1838.3399658203125
48545,4,41,4,10,-20,10,-20,1838.7889404296875
48545,4,38,4,15,-15,15,-15,1839.4730224609375
48545,4,35,4,20,-10,20,-10,1840.0400390625
48545,4,33,5,20,-5,20,-5,1840.5899658203125
48545,4,16,2,20,10,20,10,1841.8389892578125
48545,4,10,4,20,15,20,15,1842.239990234375
48545,4,4,5,20,20,20,20,1842.623046875
48545,4,3,4,15,20,15,20,1842.989990234375
48545,4,5,2,12.5,17.5,12.5,17.5,1843.4229736328125
48545,4,12,2,12.5,12.5,12.5,12.5,1843.8719482421875
48545,4,15,1,15,10,15,10,1844.20703125
48545,4,13,2,17.5,12.5,17.5,12.5,1844.6400146484375
48545,4,6,4,17.5,17.5,17.5,17.5,1845.02294921875
48545,4,1,5,15,23.5,15,23.5,1845.5889892578125
48545,4,9,4,15,15,15,15,1846.239013671875
48545,4,17,1,15,6.5,15,6.5,1846.989990234375
48545,4,33,5,20,-5,20,-5,1848.02294921875
48545,4,35,4,20,-10,20,-10,1848.52197265625
48545,4,38,4,15,-15,15,-15,1849.072998046875
48545,4,41,4,10,-20,10,-20,1849.6719970703125
48545,4,42,5,5,-20,5,-20,1849.9720458984375
48545,4,36,5,10,-10,10,-10,1851.77294921875
48545,4,54,1,-6.5,-15,-6.5,-15,1853.52294921875
48545,4,55,1,-10,-15,-10,-15,1853.822998046875
48545,4,56,4,-15,-15,-15,-15,1854.18994140625
48545,4,57,4,-20,-15,-20,-15,1854.6070556640625
48545,4,53,4,-17.5,-17.5,-17.5,-17.5,1854.70703125
48545,4,51,5,-20,-20,-20,-20,1854.8389892578125
48545,4,48,5,-15,-23.5,-15,-23.5,1855.489990234375
48545,4,49,4,-15,-20,-15,-20,1855.8890380859375
48545,4,52,2,-12.5,-17.5,-12.5,-17.5,1856.43994140625
48545,4,60,2,-17.5,-12.5,-17.5,-12.5,1856.6400146484375
48545,4,58,5,-23.5,-15,-23.5,-15,1857.0899658203125
48545,4,50,2,-10,-20,-10,-20,1858.4730224609375
48545,4,42,5,5,-20,5,-20,1859.68896484375
48545,4,41,4,10,-20,10,-20,1860.123046875
48545,4,40,4,20,-20,20,-20,1860.93994140625
48545,4,37,2,25,-15,25,-15,1861.52294921875
48545,4,34,2,30,-10,30,-10,1862.123046875
48545,4,35,4,20,-10,20,-10,1863.0389404296875
48545,4,33,5,20,-5,20,-5,1863.5069580078125
48545,4,11,5,23.5,15,23.5,15,1865.8399658203125
48545,4,4,5,20,20,20,20,1866.3399658203125
48545,4,3,4,15,20,15,20,1866.7900390625
48545,4,2,2,10,20,10,20,1867.239990234375
48545,4,7,1,6.5,15,6.5,15,1867.7060546875
48545,4,14,1,10,10,10,10,1868.10595703125
48545,4,12,2,12.5,12.5,12.5,12.5,1868.239013671875
48545,4,15,1,15,10,15,10,1868.489990234375
48545,4,13,2,17.5,12.5,17.5,12.5,1868.68994140625
48545,4,10,4,20,15,20,15,1868.9730224609375
48545,4,6,4,17.5,17.5,17.5,17.5,1869.18994140625
48545,4,1,5,15,23.5,15,23.5,1869.739990234375
48545,4,27,5,-5,20,-5,20,1871.4229736328125
48545,4,26,4,-10,20,-10,20,1871.9239501953125
48545,4,25,4,-20,20,-20,20,1872.7559814453125
48545,4,21,5,-10,10,-10,10,1873.70703125
48545,4,22,2,-25,15,-25,15,1876.8570556640625
48545,4,28,2,-25,25,-25,25,1877.68994140625
48545,4,29,2,-15,25,-15,25,1878.4560546875
48545,4,27,5,-5,20,-5,20,1879.3070068359375
48545,4,5,2,12.5,17.5,12.5,17.5,1880.93994140625
48545,4,9,4,15,15,15,15,1881.18994140625
48545,4,13,2,17.5,12.5,17.5,12.5,1881.52197265625
48545,4,16,2,20,10,20,10,1881.822998046875
48545,4,11,5,23.5,15,23.5,15,1882.4730224609375
48545,5,68,2,-10,-1.5,-10,-1.5,943.8709716796876
48545,5,66,2,-10,-5,-10,-5,944.10491943359375
48545,5,60,2,-10,-10,-10,-10,944.5382080078124
48545,5,54,2,-10,-15,-10,-15,944.9716186523436
48545,5,55,2,-15,-15,-15,-15,945.33837890625
48545,5,67,2,-15,-5,-15,-5,946.80517578125
48545,5,64,2,-12.5,-7.5,-12.5,-7.5,947.0050048828124
48545,5,63,2,-7.5,-7.5,-7.5,-7.5,947.42156982421875
48545,5,59,2,-5,-10,-5,-10,947.78851318359375
48545,5,58,2,-1.5,-10,-1.5,-10,947.98828125
48545,5,31,2,10,-10,10,-10,949.0050048828124
48545,5,29,2,12.5,-12.5,12.5,-12.5,949.205078125
48545,5,26,2,15,-15,15,-15,949.488525390625
48545,5,23,2,17.5,-17.5,17.5,-17.5,949.78851318359375
48545,5,27,2,20,-15,20,-15,950.1386108398436
48545,5,30,2,17.5,-12.5,17.5,-12.5,950.588623046875
48545,5,32,2,15,-10,15,-10,950.8043212890624
48545,5,25,2,10,-15,10,-15,951.28857421875
48545,5,20,2,10,-20,10,-20,951.92108154296875
48545,5,19,2,15,-20,15,-20,952.3378295898436
48545,5,21,2,20,-20,20,-20,952.77191162109375
48545,5,28,2,23.5,-15,23.5,-15,953.28851318359375
48545,5,34,2,15,-6.5,15,-6.5,954.1710205078124
48545,5,16,2,15,5,15,5,955.205078125
48545,5,13,2,12.5,7.5,12.5,7.5,955.405029296875
48545,5,10,2,15,10,15,10,955.62091064453125
48545,5,6,2,12.5,12.5,12.5,12.5,955.82171630859375
48545,5,4,2,15,15,15,15,956.021728515625
48545,5,3,2,10,15,10,15,956.205078125
48545,5,2,2,5,15,5,15,956.6386108398436
48545,5,7,2,1.5,10,1.5,10,957.08837890625
48545,5,8,2,5,10,5,10,957.3886108398436
48545,5,12,2,7.5,7.5,7.5,7.5,957.53851318359375
48545,5,9,2,10,10,10,10,957.77191162109375
48545,5,15,2,10,5,10,5,958.0214233398436
48545,5,17,2,10,1.5,10,1.5,958.3214111328124
48545,5,65,2,-5,-5,-5,-5,959.971923828125
48545,5,66,2,-10,-5,-10,-5,960.38848876953125
48545,5,67,2,-15,-5,-15,-5,960.78778076171875
48545,5,61,2,-15,-10,-15,-10,961.221923828125
48545,5,55,2,-15,-15,-15,-15,961.63848876953125
48545,5,54,2,-10,-15,-10,-15,962.0712280273436
48545,5,53,2,-5,-15,-5,-15,962.48870849609375
48545,5,58,2,-1.5,-10,-1.5,-10,963.08837890625
48545,5,63,2,-7.5,-7.5,-7.5,-7.5,963.588623046875
48545,5,64,2,-12.5,-7.5,-12.5,-7.5,964.0045166015624
48545,5,68,2,-10,-1.5,-10,-1.5,964.2714233398436
48545,5,48,2,-10,10,-10,10,965.221923828125
48545,5,46,2,-12.5,12.5,-12.5,12.5,965.42138671875
48545,5,42,2,-10,15,-10,15,965.63848876953125
48545,5,39,2,-12.5,17.5,-12.5,17.5,965.838623046875
48545,5,37,2,-10,20,-10,20,966.07098388671875
48545,5,36,2,-15,20,-15,20,966.2877197265624
48545,5,40,2,-17.5,17.5,-17.5,17.5,966.671875
48545,5,47,2,-17.5,12.5,-17.5,12.5,967.08837890625
48545,5,64,2,-12.5,-7.5,-12.5,-7.5,969.0374755859376
48545,5,57,2,-12.5,-12.5,-12.5,-12.5,969.28851318359375
48545,5,56,2,-7.5,-12.5,-7.5,-12.5,969.60467529296875
48545,5,58,2,-1.5,-10,-1.5,-10,970.22198486328125
48545,5,12,2,7.5,7.5,7.5,7.5,972.1212158203124
48545,5,9,2,10,10,10,10,973.03851318359375
48545,5,13,2,12.5,7.5,12.5,7.5,973.2384033203124
48545,5,10,2,15,10,15,10,973.471923828125
48545,5,11,2,18.5,10,18.5,10,973.738525390625
48545,5,4,2,15,15,15,15,974.22198486328125
48545,5,3,2,10,15,10,15,974.7216796875
48545,5,5,2,7.5,12.5,7.5,12.5,975.00531005859375
48545,5,8,2,5,10,5,10,975.30517578125
48545,5,7,2,1.5,10,1.5,10,975.6718139648436
48545,5,48,2,-10,10,-10,10,976.60528564453125
48545,5,49,2,-15,10,-15,10,977.02191162109375
48545,5,47,2,-17.5,12.5,-17.5,12.5,977.305419921875
48545,5,44,2,-20,15,-20,15,977.5880126953124
48545,5,45,2,-23.5,15,-23.5,15,977.9218139648436
48545,5,43,2,-15,15,-15,15,978.38848876953125
48545,5,42,2,-10,15,-10,15,978.80487060546875
48545,5,39,2,-12.5,17.5,-12.5,17.5,979.48870849609375
48545,5,37,2,-10,20,-10,20,979.9384155273436
48545,5,35,2,-15,23.5,-15,23.5,980.03857421875
48545,5,40,2,-17.5,17.5,-17.5,17.5,980.58831787109375
48545,5,51,2,-15,6.5,-15,6.5,981.572021484375
48545,5,67,2,-15,-5,-15,-5,982.50531005859375
48545,5,61,2,-15,-10,-15,-10,982.922119140625
48545,5,57,2,-12.5,-12.5,-12.5,-12.5,983.188720703125
48545,5,54,2,-10,-15,-10,-15,983.471923828125
48545,5,56,2,-7.5,-12.5,-7.5,-12.5,983.6718139648436
48545,5,53,2,-5,-15,-5,-15,983.871826171875
48545,5,24,2,6.5,-15,6.5,-15,984.822021484375
48545,5,25,2,10,-15,10,-15,985.105224609375
48545,5,29,2,12.5,-12.5,12.5,-12.5,985.32177734375
48545,5,26,2,15,-15,15,-15,985.52191162109375
48545,5,30,2,17.5,-12.5,17.5,-12.5,985.721923828125
48545,5,27,2,20,-15,20,-15,985.9381103515624
48545,5,33,2,20,-10,20,-10,986.32177734375
48545,5,32,2,15,-10,15,-10,986.63848876953125
48545,5,34,2,15,-6.5,15,-6.5,986.83837890625
48545,5,17,2,10,1.5,10,1.5,987.6884155273436
48545,5,14,2,5,5,5,5,988.221923828125
48545,5,41,2,-6.5,15,-6.5,15,989.8886108398436
48545,5,37,2,-10,20,-10,20,990.43780517578125
48545,5,39,2,-12.5,17.5,-12.5,17.5,990.671875
48545,5,43,2,-15,15,-15,15,991.02191162109375
48545,5,47,2,-17.5,12.5,-17.5,12.5,991.305419921875
48545,5,50,2,-20,10,-20,10,991.6386108398436
48545,5,67,2,-15,-5,-15,-5,993.1884765625
48545,5,64,2,-12.5,-7.5,-12.5,-7.5,993.4884033203124
48545,5,61,2,-15,-10,-15,-10,993.63848876953125
48545,5,57,2,-12.5,-12.5,-12.5,-12.5,993.8712158203124
48545,5,55,2,-15,-15,-15,-15,994.072021484375
48545,5,54,2,-10,-15,-10,-15,994.27191162109375
48545,5,52,2,-10,-18.5,-10,-18.5,994.43798828125
48545,5,53,2,-5,-15,-5,-15,994.77197265625
48545,5,56,2,-7.5,-12.5,-7.5,-12.5,994.871826171875
48545,5,63,2,-7.5,-7.5,-7.5,-7.5,995.28857421875
48545,5,41,2,-6.5,15,-6.5,15,997.1718139648436
48545,5,42,2,-10,15,-10,15,997.32171630859375
48545,5,43,2,-15,15,-15,15,997.771728515625
48545,5,44,2,-20,15,-20,15,998.1884155273436
48545,5,38,2,-20,20,-20,20,998.4882202148436
48545,5,40,2,-17.5,17.5,-17.5,17.5,998.57208251953125
48545,5,36,2,-15,20,-15,20,998.7384033203124
48545,5,39,2,-12.5,17.5,-12.5,17.5,998.9384765625
48545,5,65,2,-5,-5,-5,-5,1001.0889892578124
48545,5,59,2,-5,-10,-5,-10,1001.5050048828124
48545,5,53,2,-5,-15,-5,-15,1001.905029296875
48545,5,24,2,6.5,-15,6.5,-15,1003.322021484375
48545,5,25,2,10,-15,10,-15,1003.6220092773438
48545,5,26,2,15,-15,15,-15,1004.0380249023438
48545,5,27,2,20,-15,20,-15,1004.43798828125
48545,5,33,2,20,-10,20,-10,1004.9719848632813
48545,5,34,2,15,-6.5,15,-6.5,1005.5050048828124
48545,5,32,2,15,-10,15,-10,1005.739013671875
48545,5,29,2,12.5,-12.5,12.5,-12.5,1005.9390258789064
48545,5,22,2,12.5,-17.5,12.5,-17.5,1006.3889770507813
48545,5,18,2,15,-23.5,15,-23.5,1006.9719848632813
48545,5,21,2,20,-20,20,-20,1007.5050048828124
48545,5,23,2,17.5,-17.5,17.5,-17.5,1007.7210083007813
48545,5,30,2,17.5,-12.5,17.5,-12.5,1008.1380004882813
48545,5,16,2,15,5,15,5,1009.6890258789064
48545,5,15,2,10,5,10,5,1010.0380249023438
48545,5,12,2,7.5,7.5,7.5,7.5,1010.3209838867188
48545,5,9,2,10,10,10,10,1010.4719848632813
48545,5,6,2,12.5,12.5,12.5,12.5,1010.8389892578124
48545,5,3,2,10,15,10,15,1010.905029296875
48545,5,1,2,10,18.5,10,18.5,1011.2050170898438
48545,5,37,2,-10,20,-10,20,1012.9390258789064
48545,5,39,2,-12.5,17.5,-12.5,17.5,1013.2050170898438
48545,5,43,2,-15,15,-15,15,1013.5050048828124
48545,5,47,2,-17.5,12.5,-17.5,12.5,1013.8049926757813
48545,5,50,2,-20,10,-20,10,1014.0889892578124
48545,5,45,2,-23.5,15,-23.5,15,1015.8389892578124
48545,5,44,2,-20,15,-20,15,1016.1380004882813
48545,5,40,2,-17.5,17.5,-17.5,17.5,1016.52099609375
48545,5,36,2,-15,20,-15,20,1016.9719848632813
48545,5,2,2,5,15,5,15,1018.9719848632813
48545,5,8,2,5,10,5,10,1019.405029296875
48545,5,12,2,7.5,7.5,7.5,7.5,1019.6389770507813
48545,5,13,2,12.5,7.5,12.5,7.5,1020.072021484375
48545,5,10,2,15,10,15,10,1020.322021484375
48545,5,4,2,15,15,15,15,1020.8049926757813
48545,5,3,2,10,15,10,15,1021.2219848632813
48545,5,7,2,1.5,10,1.5,10,1022.10498046875
48545,5,53,2,-5,-15,-5,-15,1024.6390380859375
48545,5,56,2,-7.5,-12.5,-7.5,-12.5,1024.8719482421875
48545,5,54,2,-10,-15,-10,-15,1025.072021484375
48545,5,60,2,-10,-10,-10,-10,1025.3050537109375
48545,5,66,2,-10,-5,-10,-5,1025.739013671875
48545,5,68,2,-10,-1.5,-10,-1.5,1026.02197265625
48545,5,51,2,-15,6.5,-15,6.5,1027.18896484375
48545,5,49,2,-15,10,-15,10,1027.387939453125
48545,5,47,2,-17.5,12.5,-17.5,12.5,1027.5880126953125
48545,5,46,2,-12.5,12.5,-12.5,12.5,1027.8050537109375
48545,5,8,2,5,10,5,10,1029.3050537109375
48545,5,5,2,7.5,12.5,7.5,12.5,1029.52197265625
48545,5,9,2,10,10,10,10,1029.7220458984375
48545,5,6,2,12.5,12.5,12.5,12.5,1029.9219970703125
48545,5,10,2,15,10,15,10,1030.137939453125
48545,5,16,2,15,5,15,5,1030.5880126953125
48545,5,34,2,15,-6.5,15,-6.5,1031.572021484375
48545,5,32,2,15,-10,15,-10,1031.8389892578125
48545,5,30,2,17.5,-12.5,17.5,-12.5,1032.072021484375
48545,5,26,2,15,-15,15,-15,1032.27197265625
48545,5,23,2,17.5,-17.5,17.5,-17.5,1032.488037109375
48545,5,19,2,15,-20,15,-20,1032.68798828125
48545,5,18,2,15,-23.5,15,-23.5,1032.989013671875
48545,5,20,2,10,-20,10,-20,1033.5889892578125
48545,5,22,2,12.5,-17.5,12.5,-17.5,1033.8890380859375
48545,5,29,2,12.5,-12.5,12.5,-12.5,1035.0050048828125
48545,5,65,2,-5,-5,-5,-5,1036.905029296875
48545,5,63,2,-7.5,-7.5,-7.5,-7.5,1037.2220458984375
48545,5,66,2,-10,-5,-10,-5,1037.3050537109375
48545,5,60,2,-10,-10,-10,-10,1037.52197265625
48545,5,54,2,-10,-15,-10,-15,1037.989013671875
48545,5,64,2,-12.5,-7.5,-12.5,-7.5,1039.2049560546875
48545,5,67,2,-15,-5,-15,-5,1039.3890380859375
48545,5,17,2,10,1.5,10,1.5,1041.68798828125
48545,5,16,2,15,5,15,5,1042.137939453125
48545,5,11,2,18.5,10,18.5,10,1042.6719970703125
48545,5,10,2,15,10,15,10,1042.7220458984375
48545,5,9,2,10,10,10,10,1043.1719970703125
48545,5,5,2,7.5,12.5,7.5,12.5,1043.405029296875
48545,5,2,2,5,15,5,15,1043.7049560546875
48545,5,6,2,12.5,12.5,12.5,12.5,1044.2049560546875
48545,5,4,2,15,15,15,15,1044.6390380859375
48545,5,3,2,10,15,10,15,1044.7889404296875
48545,5,8,2,5,10,5,10,1045.7889404296875
48545,5,14,2,5,5,5,5,1046.2049560546875
48545,5,15,2,10,5,10,5,1046.6719970703125
48545,5,13,2,12.5,7.5,12.5,7.5,1047.0040283203125
48545,5,12,2,7.5,7.5,7.5,7.5,1047.238037109375
48545,5,7,2,1.5,10,1.5,10,1047.93798828125
48545,5,41,2,-6.5,15,-6.5,15,1048.6219482421875
48545,5,42,2,-10,15,-10,15,1048.9219970703125
48545,5,39,2,-12.5,17.5,-12.5,17.5,1049.3389892578125
48545,5,43,2,-15,15,-15,15,1049.3719482421875
48545,5,40,2,-17.5,17.5,-17.5,17.5,1049.5880126953125
48545,5,38,2,-20,20,-20,20,1049.8719482421875
48545,5,44,2,-20,15,-20,15,1050.1219482421875
48545,5,37,2,-10,20,-10,20,1050.989013671875
48545,5,36,2,-15,20,-15,20,1051.68798828125
48545,5,35,2,-15,23.5,-15,23.5,1051.77197265625
48545,5,47,2,-17.5,12.5,-17.5,12.5,1052.3719482421875
48545,5,49,2,-15,10,-15,10,1052.887939453125
48545,5,50,2,-20,10,-20,10,1053.3389892578125
48545,5,46,2,-12.5,12.5,-12.5,12.5,1054.238037109375
48545,5,43,2,-15,15,-15,15,1054.3890380859375
48545,5,42,2,-10,15,-10,15,1054.43896484375
48545,5,48,2,-10,10,-10,10,1054.7889404296875
48545,5,51,2,-15,6.5,-15,6.5,1055.5050048828125
48545,5,68,2,-10,-1.5,-10,-1.5,1056.387939453125
48545,5,66,2,-10,-5,-10,-5,1056.93896484375
48545,5,63,2,-7.5,-7.5,-7.5,-7.5,1056.988037109375
48545,5,64,2,-12.5,-7.5,-12.5,-7.5,1057.2220458984375
48545,5,60,2,-10,-10,-10,-10,1057.27197265625
48545,5,61,2,-12.5,-12.5,-15,-10,1057.52099609375
48545,5,57,2,-12.5,-12.5,-12.5,-12.5,1057.5389404296875
48545,5,54,2,-10,-15,-10,-15,1057.9219970703125
48545,5,52,2,-10,-18.5,-10,-18.5,1058.2879638671875
48545,5,53,2,-5,-15,-5,-15,1058.93896484375
48545,5,59,2,-5,-10,-5,-10,1059.387939453125
48545,5,65,2,-5,-5,-5,-5,1059.7879638671875
48545,5,15,2,10,5,10,5,1061.5050048828125
48545,5,9,2,10,10,10,10,1061.93798828125
48545,5,3,2,10,15,10,15,1062.3719482421875
48545,5,5,2,7.5,12.5,7.5,12.5,1062.5389404296875
48545,5,2,2,5,15,5,15,1062.7220458984375
48545,5,7,2,1.5,10,1.5,10,1063.1219482421875
48545,5,14,2,5,5,5,5,1063.77197265625
48545,5,12,2,7.5,7.5,7.5,7.5,1064.220947265625
48545,5,13,2,12.5,7.5,12.5,7.5,1064.470947265625
48545,5,10,2,18.5,10,15,10,1065.0050048828125
48545,5,11,2,18.5,10,18.5,10,1065.02197265625
48545,5,4,2,15,15,15,15,1065.3890380859375
48545,5,6,2,12.5,12.5,12.5,12.5,1065.489013671875
48545,5,8,2,5,10,5,10,1066.18798828125
48545,5,41,2,-6.5,15,-6.5,15,1067.4210205078125
48545,5,46,2,-12.5,12.5,-12.5,12.5,1067.8890380859375
48545,5,43,2,-15,15,-15,15,1068.1390380859375
48545,5,40,2,-17.5,17.5,-17.5,17.5,1068.43896484375
48545,5,44,2,-20,15,-20,15,1068.68896484375
48545,5,39,2,-12.5,17.5,-12.5,17.5,1069.18798828125
48545,5,42,2,-10,15,-10,15,1069.404052734375
48545,5,49,2,-15,10,-15,10,1071.27197265625
48545,5,51,2,-15,6.5,-15,6.5,1071.572021484375
48545,5,67,2,-15,-5,-15,-5,1072.52197265625
48545,5,61,2,-15,-10,-15,-10,1072.93896484375
48545,5,55,2,-15,-15,-15,-15,1073.3389892578125
48545,5,57,2,-12.5,-12.5,-12.5,-12.5,1073.3890380859375
48545,5,54,2,-10,-15,-10,-15,1073.5889892578125
48545,5,56,2,-7.5,-12.5,-7.5,-12.5,1073.7889404296875
48545,5,59,2,-5,-10,-5,-10,1074.1219482421875
48545,5,63,2,-7.5,-7.5,-7.5,-7.5,1074.3060302734375
48545,5,64,2,-12.5,-7.5,-12.5,-7.5,1074.6390380859375
48545,5,66,2,-10,-5,-10,-5,1074.7889404296875
48545,5,31,2,10,-10,10,-10,1076.405029296875
48545,5,29,2,12.5,-12.5,12.5,-12.5,1076.6710205078125
48545,5,26,2,15,-15,15,-15,1077.02099609375
48545,5,23,2,17.5,-17.5,17.5,-17.5,1077.3050537109375
48545,5,27,2,20,-15,20,-15,1077.5050048828125
48545,5,28,2,23.5,-15,23.5,-15,1077.8050537109375
48545,5,30,2,17.5,-12.5,17.5,-12.5,1079.10498046875
48545,5,32,2,15,-10,15,-10,1079.3719482421875
48545,5,34,2,15,-6.5,15,-6.5,1079.7049560546875
48545,5,16,2,15,5,15,5,1080.68896484375
48545,5,13,2,12.5,7.5,12.5,7.5,1080.905029296875
48545,5,12,2,7.5,7.5,7.5,7.5,1081.3050537109375
48545,5,7,2,1.5,10,1.5,10,1081.8719482421875
48545,5,8,2,5,10,5,10,1082.5389404296875
48545,5,9,2,10,10,10,10,1082.93896484375
48545,5,3,2,10,15,10,15,1083.239013671875
48545,5,1,2,10,18.5,10,18.5,1083.572021484375
48545,5,2,2,5,15,5,15,1083.7889404296875
48545,5,41,2,-6.5,15,-6.5,15,1084.7220458984375
48545,5,42,2,-10,15,-10,15,1085.02197265625
48545,5,39,2,-12.5,17.5,-12.5,17.5,1085.2220458984375
48545,5,43,2,-15,15,-15,15,1085.43798828125
48545,5,40,2,-17.5,17.5,-17.5,17.5,1085.6390380859375
48545,5,44,2,-20,15,-20,15,1085.8389892578125
48545,5,47,2,-17.5,12.5,-17.5,12.5,1085.93896484375
48545,5,50,2,-20,10,-20,10,1086.1710205078125
48545,5,62,2,-18.5,-10,-18.5,-10,1087.8389892578125
48545,5,61,2,-15,-10,-15,-10,1088.072021484375
48545,5,60,2,-10,-10,-10,-10,1088.488037109375
48545,5,59,2,-5,-10,-5,-10,1088.905029296875
48545,5,58,2,-1.5,-10,-1.5,-10,1089.2049560546875
48545,5,31,2,10,-10,10,-10,1090.1719970703125
48545,5,32,2,15,-10,15,-10,1090.572021484375
48545,5,13,2,12.5,7.5,12.5,7.5,1091.8719482421875
48545,5,9,2,10,10,10,10,1092.10498046875
48545,5,3,2,10,15,10,15,1092.5389404296875
48545,5,2,2,5,15,5,15,1092.989013671875
48545,5,7,2,1.5,10,1.5,10,1093.60400390625
48545,5,17,2,10,1.5,10,1.5,1094.8050537109375
48545,5,15,2,10,5,10,5,1095.02099609375
48545,5,6,2,12.5,12.5,12.5,12.5,1095.68798828125
48545,5,10,2,15,10,15,10,1095.9210205078125
48545,5,4,2,15,15,15,15,1096.387939453125
48545,5,5,2,7.5,12.5,7.5,12.5,1096.989013671875
48545,5,8,2,5,10,5,10,1097.3380126953125
48545,5,12,2,7.5,7.5,7.5,7.5,1097.5389404296875
48545,5,65,2,-5,-5,-5,-5,1099.5050048828125
48545,5,63,2,-7.5,-7.5,-7.5,-7.5,1099.7889404296875
48545,5,60,2,-10,-10,-10,-10,1100.0889892578125
48545,5,57,2,-12.5,-12.5,-12.5,-12.5,1100.387939453125
48545,5,55,2,-15,-15,-15,-15,1100.68896484375
48545,5,62,2,-18.5,-10,-18.5,-10,1101.072021484375
48545,5,61,2,-15,-10,-15,-10,1101.3050537109375
48545,5,59,2,-5,-10,-5,-10,1102.1390380859375
48545,5,56,2,-7.5,-12.5,-7.5,-12.5,1102.321044921875
48545,5,54,2,-10,-15,-10,-15,1103.988037109375
48545,5,52,2,-10,-18.5,-10,-18.5,1104.4219970703125
48545,5,63,2,-7.5,-7.5,-7.5,-7.5,1106.071044921875
48545,5,66,2,-10,-5,-10,-5,1106.7889404296875
48545,5,68,2,-10,-1.5,-10,-1.5,1107.43896484375
48545,5,51,2,-15,6.5,-15,6.5,1109.60498046875
48545,5,49,2,-15,10,-15,10,1109.905029296875
48545,5,47,2,-17.5,12.5,-17.5,12.5,1110.2060546875
48545,5,43,2,-15,15,-15,15,1110.3709716796875
48545,5,36,2,-15,20,-15,20,1110.93896484375
48545,5,38,2,-20,20,-20,20,1111.238037109375
48545,5,45,2,-23.5,15,-23.5,15,1111.7889404296875
48545,5,44,2,-20,15,-20,15,1112.0389404296875
48545,5,42,2,-10,15,-10,15,1112.905029296875
48545,5,41,2,-6.5,15,-6.5,15,1113.2049560546875
48545,5,2,2,5,15,5,15,1114.137939453125
48545,5,3,2,10,15,10,15,1114.572021484375
48545,5,1,2,10,18.5,10,18.5,1114.7220458984375
48545,5,6,2,12.5,12.5,12.5,12.5,1115.1209716796875
48545,5,9,2,10,10,10,10,1115.3380126953125
48545,5,6,2,12.5,12.5,12.5,12.5,1120.1719970703125
48545,6,68,5,-10,-1.5,-10,-1.5,647.8712158203125
48545,6,66,5,-10,-5,-10,-5,648.32012939453125
48545,6,64,4,-12.5,-7.5,-12.5,-7.5,648.52032470703125
48545,6,57,2,-12.5,-12.5,-12.5,-12.5,648.98687744140625
48545,6,54,2,-10,-15,-10,-15,649.20440673828125
48545,6,56,4,-7.5,-12.5,-7.5,-12.5,649.30462646484375
48545,6,53,4,-5,-15,-5,-15,649.53692626953125
48545,6,24,5,6.5,-15,6.5,-15,650.4879150390625
48545,6,25,5,10,-15,10,-15,650.77032470703125
48545,6,29,4,12.5,-12.5,12.5,-12.5,651.0045166015625
48545,6,26,2,15,-15,15,-15,651.22100830078125
48545,6,32,5,15,-10,15,-10,651.47137451171875
48545,6,34,5,15,-6.5,15,-6.5,651.7379150390625
48545,6,17,5,10,1.5,10,1.5,652.5045166015625
48545,6,15,5,10,5,10,5,652.87127685546875
48545,6,12,4,7.5,7.5,7.5,7.5,653.12127685546875
48545,6,9,4,7.5,12.5,10,10,653.5045166015625
48545,6,5,4,7.5,12.5,7.5,12.5,653.5205078125
48545,6,2,4,5,15,5,15,653.80438232421875
48545,6,41,5,-6.5,15,-6.5,15,654.7047119140625
48545,6,42,5,-10,15,-10,15,655.037109375
48545,6,48,5,-10,10,-10,10,655.18792724609375
48545,6,49,5,-15,10,-15,10,655.63812255859375
48545,6,51,5,-15,6.5,-15,6.5,655.68792724609375
48545,6,67,4,-15,-5,-15,-5,656.70361328125
48545,6,64,4,-12.5,-7.5,-12.5,-7.5,656.93792724609375
48545,6,60,2,-10,-10,-10,-10,657.28790283203125
48545,6,63,4,-7.5,-7.5,-7.5,-7.5,657.43707275390625
48545,6,59,5,-5,-10,-5,-10,657.6204833984375
48545,6,58,5,-1.5,-10,-1.5,-10,657.9044189453125
48545,6,25,5,10,-15,10,-15,659.0380859375
48545,6,29,4,12.5,-12.5,12.5,-12.5,659.22113037109375
48545,6,32,5,15,-10,15,-10,659.52142333984375
48545,6,34,5,15,-6.5,15,-6.5,659.80450439453125
48545,6,17,5,10,1.5,10,1.5,660.5045166015625
48545,6,15,5,10,5,10,5,660.87127685546875
48545,6,12,4,7.5,7.5,7.5,7.5,661.10357666015625
48545,6,9,2,10,10,10,10,661.33782958984375
48545,6,8,5,5,10,5,10,661.48822021484375
48545,6,5,4,7.5,12.5,7.5,12.5,661.537109375
48545,6,7,5,1.5,10,1.5,10,661.8214111328125
48545,6,48,5,-10,10,-10,10,662.8035888671875
48545,6,68,5,-10,-1.5,-10,-1.5,663.7047119140625
48545,6,66,5,-10,-5,-10,-5,664.00482177734375
48545,6,63,4,-7.5,-7.5,-7.5,-7.5,664.38720703125
48545,6,60,2,-10,-10,-10,-10,664.4376220703125
48545,6,59,5,-5,-10,-5,-10,664.58807373046875
48545,6,56,4,-7.5,-12.5,-7.5,-12.5,664.7213134765625
48545,6,53,4,-5,-15,-5,-15,665.00457763671875
48545,6,24,5,6.5,-15,6.5,-15,665.72161865234375
48545,6,25,5,10,-15,10,-15,666.02142333984375
48545,6,29,4,12.5,-12.5,12.5,-12.5,666.27142333984375
48545,6,26,2,15,-15,15,-15,666.4879150390625
48545,6,30,4,17.5,-12.5,17.5,-12.5,666.6881103515625
48545,6,32,5,15,-10,15,-10,666.77117919921875
48545,6,34,5,15,-6.5,15,-6.5,667.07110595703125
48545,6,17,5,10,1.5,10,1.5,667.93780517578125
48545,6,15,5,10,5,10,5,668.2208251953125
48545,6,13,4,12.5,7.5,12.5,7.5,668.28790283203125
48545,6,12,4,7.5,7.5,7.5,7.5,668.53790283203125
48545,6,9,2,10,10,10,10,668.58697509765625
48545,6,8,5,5,10,5,10,668.7869873046875
48545,6,7,5,1.5,10,1.5,10,669.12127685546875
48545,6,41,5,-6.5,15,-6.5,15,669.87078857421875
48545,6,42,5,-10,15,-10,15,670.18701171875
48545,6,48,5,-10,10,-10,10,670.3046875
48545,6,51,5,-15,6.5,-15,6.5,671.08697509765625
48545,6,67,4,-15,-5,-15,-5,671.90472412109375
48545,6,64,4,-12.5,-7.5,-12.5,-7.5,672.18768310546875
48545,6,66,5,-10,-5,-10,-5,672.38702392578125
48545,6,63,4,-7.5,-7.5,-7.5,-7.5,672.62152099609375
48545,6,65,5,-5,-5,-5,-5,672.8037109375
48545,6,59,5,-5,-10,-5,-10,673.00482177734375
48545,6,58,5,-1.5,-10,-1.5,-10,673.30401611328125
48545,6,31,5,10,-10,10,-10,674.30462646484375
48545,6,29,4,12.5,-12.5,12.5,-12.5,674.53790283203125
48545,6,32,5,15,-10,15,-10,674.72161865234375
48545,6,34,5,15,-6.5,15,-6.5,675.02117919921875
48545,6,17,5,10,1.5,10,1.5,675.72137451171875
48545,6,15,5,10,5,10,5,676.0880126953125
48545,6,14,5,5,5,5,5,676.22052001953125
48545,6,12,4,7.5,7.5,7.5,7.5,676.37127685546875
48545,6,8,5,5,10,5,10,676.5880126953125
48545,6,5,4,7.5,12.5,7.5,12.5,676.80438232421875
48545,6,41,5,-6.5,15,-6.5,15,677.8380126953125
48545,6,42,5,-10,15,-10,15,678.13812255859375
48545,6,46,4,-12.5,12.5,-12.5,12.5,678.42047119140625
48545,6,49,5,-15,10,-15,10,678.68792724609375
48545,6,51,5,-15,6.5,-15,6.5,679.00372314453125
48545,6,67,4,-15,-5,-15,-5,680.02142333984375
48545,6,61,4,-12.5,-7.5,-15,-10,680.47052001953125
48545,6,64,4,-12.5,-7.5,-12.5,-7.5,680.48822021484375
48545,6,60,2,-10,-10,-10,-10,680.73797607421875
48545,6,63,4,-7.5,-7.5,-7.5,-7.5,680.93798828125
48545,6,59,5,-5,-10,-5,-10,681.12042236328125
48545,6,58,5,-1.5,-10,-1.5,-10,681.42047119140625
48545,6,31,5,10,-10,10,-10,682.38812255859375
48545,6,17,5,10,1.5,10,1.5,683.2705078125
48545,6,15,5,10,5,10,5,683.57061767578125
48545,6,12,4,7.5,7.5,7.5,7.5,683.8048095703125
48545,6,8,5,5,10,5,10,684.0714111328125
48545,6,7,5,1.5,10,1.5,10,684.37152099609375
48545,6,41,5,-6.5,15,-6.5,15,685.13812255859375
48545,6,42,5,-10,15,-10,15,685.4202880859375
48545,6,46,4,-12.5,12.5,-12.5,12.5,685.63751220703125
48545,6,49,5,-15,10,-15,10,685.87127685546875
48545,6,51,5,-15,6.5,-15,6.5,686.1212158203125
48545,6,67,4,-15,-5,-15,-5,687.1212158203125
48545,6,64,4,-12.5,-7.5,-12.5,-7.5,687.40380859375
48545,6,63,4,-7.5,-7.5,-7.5,-7.5,687.8380126953125
48545,6,59,5,-5,-10,-5,-10,688.03802490234375
48545,6,58,5,-1.5,-10,-1.5,-10,688.3380126953125
48545,6,31,5,10,-10,10,-10,689.32037353515625
48545,6,25,5,10,-15,10,-15,689.50457763671875
48545,6,29,4,12.5,-12.5,12.5,-12.5,689.8043212890625
48545,6,17,5,10,1.5,10,1.5,690.80438232421875
48545,6,15,5,10,5,10,5,691.1046142578125
48545,6,12,4,7.5,7.5,7.5,7.5,691.3380126953125
48545,6,8,5,5,10,5,10,691.60430908203125
48545,6,7,5,1.5,10,1.5,10,691.92041015625
48545,6,41,5,-6.5,15,-6.5,15,692.8214111328125
48545,6,48,5,-10,10,-10,10,693.28802490234375
48545,6,51,5,-15,6.5,-15,6.5,693.78802490234375
48545,6,68,5,-10,-1.5,-10,-1.5,694.6204833984375
48545,6,66,5,-10,-5,-10,-5,694.77142333984375
48545,6,63,4,-7.5,-7.5,-7.5,-7.5,695.08807373046875
48545,6,65,5,-5,-5,-5,-5,695.20428466796875
48545,6,59,5,-5,-10,-5,-10,695.3380126953125
48545,6,58,5,-1.5,-10,-1.5,-10,695.62127685546875
48545,6,24,5,6.5,-15,6.5,-15,696.4713134765625
48545,6,25,5,10,-15,10,-15,696.7379150390625
48545,6,31,5,10,-10,10,-10,696.90362548828125
48545,6,32,5,15,-10,15,-10,697.3214111328125
48545,6,34,5,15,-6.5,15,-6.5,697.40447998046875
48545,6,14,5,5,5,5,5,698.7379150390625
48545,6,15,5,10,1.5,10,5,698.97052001953125
48545,6,17,5,10,1.5,10,1.5,698.9879150390625
48545,6,12,4,7.5,7.5,7.5,7.5,699.18792724609375
48545,6,5,4,7.5,12.5,7.5,12.5,699.6046142578125
48545,6,8,5,5,10,5,10,699.70452880859375
48545,6,7,5,1.5,10,1.5,10,700.00421142578125
48545,6,48,5,-10,10,-10,10,700.93780517578125
48545,6,68,5,-10,-1.5,-10,-1.5,702.00457763671875
48545,6,66,5,-10,-5,-10,-5,702.30487060546875
48545,6,63,4,-7.5,-7.5,-7.5,-7.5,702.537109375
48545,6,65,5,-5,-5,-5,-5,702.63720703125
48545,6,59,5,-5,-10,-5,-10,702.80462646484375
48545,6,58,5,-1.5,-10,-1.5,-10,703.0706787109375
48545,6,31,5,10,-10,10,-10,704.1041259765625
48545,6,29,4,12.5,-12.5,12.5,-12.5,704.80462646484375
48545,6,32,5,15,-10,15,-10,705.38812255859375
48545,6,34,5,15,-6.5,15,-6.5,705.92138671875
48545,6,17,5,10,1.5,10,1.5,706.7880859375
48545,6,14,5,5,5,5,5,707.3870849609375
48545,6,12,4,7.5,7.5,7.5,7.5,707.62042236328125
48545,6,8,5,5,10,5,10,707.82110595703125
48545,6,5,4,7.5,12.5,7.5,12.5,708.02142333984375
48545,6,41,5,-6.5,15,-6.5,15,708.98712158203125
48545,6,42,5,-10,15,-10,15,709.28802490234375
48545,6,46,4,-12.5,12.5,-12.5,12.5,709.5048828125
48545,6,48,5,-10,10,-10,10,709.5714111328125
48545,6,49,5,-15,10,-15,10,709.77142333984375
48545,6,51,5,-15,6.5,-15,6.5,709.9708251953125
48545,6,67,4,-15,-5,-15,-5,711.00482177734375
48545,6,64,4,-12.5,-7.5,-12.5,-7.5,711.28802490234375
48545,6,66,5,-10,-5,-10,-5,711.3380126953125
48545,6,60,2,-10,-10,-10,-10,711.6046142578125
48545,6,63,4,-7.5,-7.5,-7.5,-7.5,711.6876220703125
48545,6,56,4,-7.5,-12.5,-7.5,-12.5,711.8712158203125
48545,6,59,5,-5,-10,-5,-10,711.93798828125
48545,6,53,4,-5,-15,-5,-15,712.17071533203125
48545,6,24,5,6.5,-15,6.5,-15,713.12152099609375
48545,6,25,5,10,-15,10,-15,713.42047119140625
48545,6,22,4,12.5,-17.5,12.5,-17.5,713.63818359375
48545,6,26,2,15,-15,15,-15,713.9044189453125
48545,6,30,4,17.5,-12.5,17.5,-12.5,714.13812255859375
48545,6,32,5,15,-10,15,-10,714.30377197265625
48545,6,34,5,15,-6.5,15,-6.5,714.60491943359375
48545,6,17,5,10,1.5,10,1.5,715.62127685546875
48545,6,15,5,10,5,10,5,715.73797607421875
48545,6,9,2,10,10,10,10,716.23797607421875
48545,6,5,4,7.5,12.5,7.5,12.5,716.43792724609375
48545,6,2,4,5,15,5,15,716.73748779296875
48545,6,37,4,-10,20,-10,20,718.08831787109375
48545,6,42,5,-10,15,-10,15,718.18701171875
48545,6,39,4,-12.5,17.5,-12.5,17.5,718.30462646484375
48545,6,48,5,-10,10,-10,10,718.67132568359375
48545,6,49,5,-15,6.5,-15,10,719.08721923828125
48545,6,51,5,-15,6.5,-15,6.5,719.1038818359375
48545,6,67,4,-15,-5,-15,-5,720.27142333984375
48545,6,68,5,-10,-1.5,-10,-1.5,720.57122802734375
48545,6,65,5,-5,-5,-5,-5,720.9879150390625
48545,6,63,4,-7.5,-7.5,-7.5,-7.5,721.08721923828125
48545,6,59,5,-5,-10,-5,-10,721.3380126953125
48545,6,58,5,-1.5,-10,-1.5,-10,721.43792724609375
48545,6,31,5,10,-10,10,-10,722.43731689453125
48545,6,17,5,10,1.5,10,1.5,723.68798828125
48545,6,15,5,10,5,10,5,723.9713134765625
48545,6,12,4,7.5,7.5,7.5,7.5,724.2208251953125
48545,6,14,5,5,5,5,5,724.3046875
48545,6,8,5,5,10,5,10,724.5048217773436
48545,6,7,5,1.5,10,1.5,10,724.72137451171875
48545,6,48,5,-10,10,-10,10,725.8048095703125
48545,6,46,4,-12.5,12.5,-12.5,12.5,726.0214233398436
48545,6,49,5,-15,10,-15,10,726.22052001953125
48545,6,51,5,-15,6.5,-15,6.5,726.4373779296875
48545,6,66,5,-10,-5,-10,-5,727.470703125
48545,6,63,4,-7.5,-7.5,-7.5,-7.5,727.82147216796875
48545,6,59,5,-5,-10,-5,-10,728.0880126953125
48545,6,24,5,6.5,-15,6.5,-15,729.2880859375
48545,6,25,5,10,-15,10,-15,729.67071533203125
48545,6,22,4,12.5,-17.5,12.5,-17.5,729.9049072265625
48545,6,26,2,15,-15,15,-15,730.13812255859375
48545,6,29,4,12.5,-12.5,12.5,-12.5,730.2714233398436
48545,6,32,5,15,-10,15,-10,730.4381103515625
48545,6,34,5,15,-6.5,15,-6.5,730.7376708984375
48545,6,17,5,10,1.5,10,1.5,731.4879150390625
48545,6,15,5,10,5,10,5,731.8048095703125
48545,7,68,1,-10,-1.5,-10,-1.5,81.60353088378906
48545,7,67,2,-15,-5,-15,-5,82.120330810546875
48545,7,62,5,-18.5,-10,-18.5,-10,82.58653259277344
48545,7,52,5,-10,-18.5,-10,-18.5,83.98693084716797
48545,7,56,2,-7.5,-12.5,-7.5,-12.5,84.68683624267578
48545,7,60,4,-10,-10,-10,-10,84.97023010253906
48545,7,64,2,-12.5,-7.5,-12.5,-7.5,85.27033233642578
48545,7,61,4,-15,-10,-15,-10,85.58722686767578
48545,7,55,5,-15,-15,-15,-15,86.52033233642578
48545,7,57,4,-12.5,-12.5,-12.5,-12.5,86.73683166503906
48545,7,54,4,-10,-15,-10,-15,86.97044372558594
48545,7,53,2,-5,-15,-5,-15,87.40342712402344
48545,7,24,1,6.5,-15,6.5,-15,88.38603210449219
48545,7,25,1,10,-15,10,-15,88.66963195800781
48545,7,29,2,12.5,-12.5,12.5,-12.5,88.86963653564453
48545,7,26,4,15,-15,15,-15,89.05354309082031
48545,7,30,2,17.5,-12.5,17.5,-12.5,89.270233154296875
48545,7,27,4,20,-15,20,-15,89.46993255615234
48545,7,28,5,23.5,-15,23.5,-15,89.71943664550781
48545,7,20,2,10,-20,10,-20,92.520233154296875
48545,7,19,4,15,-20,15,-20,92.68702697753906
48545,7,18,5,15,-23.5,15,-23.5,93.05272674560548
48545,7,21,5,20,-20,20,-20,93.85363006591795
48545,7,22,2,12.5,-17.5,12.5,-17.5,95.20333099365234
48545,7,26,4,15,-15,15,-15,95.38713073730467
48545,7,29,2,12.5,-12.5,12.5,-12.5,95.620330810546875
48545,7,32,1,15,-10,15,-10,95.8369369506836
48545,7,34,1,15,-6.5,15,-6.5,96.137542724609375
48545,7,16,2,15,5,15,5,97.0869369506836
48545,7,11,5,18.5,10,18.5,10,97.56944274902344
48545,7,4,5,15,15,15,15,98.020233154296875
48545,7,1,5,10,18.5,10,18.5,98.520233154296875
48545,7,37,2,-10,20,-10,20,100.37030029296876
48545,7,36,4,-15,20,-15,20,100.7699966430664
48545,7,35,5,-15,23.5,-15,23.5,100.88680267333984
48545,7,38,5,-20,20,-20,20,101.17019653320313
48545,7,47,2,-17.5,12.5,-17.5,12.5,104.38680267333984
48545,7,43,4,-15,15,-15,15,104.7031021118164
48545,7,40,4,-17.5,17.5,-17.5,17.5,104.76959991455078
48545,7,42,1,-10,15,-10,15,105.18609619140624
48545,7,41,1,-6.5,15,-6.5,15,105.47000122070313
48545,7,2,2,5,15,5,15,106.40270233154295
48545,7,5,2,7.5,12.5,7.5,12.5,106.65270233154295
48545,7,8,1,5,10,5,10,106.88590240478516
48545,7,12,2,7.5,7.5,7.5,7.5,107.03600311279295
48545,7,15,1,10,5,10,5,107.38680267333984
48545,7,34,1,15,-6.5,15,-6.5,108.68710327148438
48545,7,65,1,-5,-5,-5,-5,110.40280151367188
48545,7,63,2,-7.5,-7.5,-7.5,-7.5,110.67030334472656
48545,7,59,1,-5,-10,-5,-10,110.82009887695313
48545,7,56,2,-7.5,-12.5,-7.5,-12.5,111.02030181884766
48545,7,53,2,-5,-15,-5,-15,111.21990203857422
48545,7,52,5,-10,-18.5,-10,-18.5,113.13700103759766
48545,7,54,4,-10,-15,-10,-15,113.43669891357422
48545,7,57,4,-12.5,-12.5,-12.5,-12.5,113.63700103759766
48545,7,55,5,-15,-15,-15,-15,113.97039794921876
48545,7,62,5,-18.5,-10,-18.5,-10,114.61969757080078
48545,7,61,4,-15,-10,-15,-10,115.12030029296876
48545,7,60,4,-10,-10,-10,-10,115.52010345458984
48545,7,63,2,-7.5,-7.5,-7.5,-7.5,116.02040100097656
48545,7,66,1,-10,-5,-10,-5,116.25370025634766
48545,7,68,1,-10,-1.5,-10,-1.5,116.88710021972656
48545,7,31,1,10,-10,10,-10,119.42009735107422
48545,7,29,2,12.5,-12.5,12.5,-12.5,119.71949768066406
48545,7,26,4,15,-15,15,-15,119.98609924316406
48545,7,23,4,17.5,-17.5,17.5,-17.5,120.28700256347656
48545,7,21,5,20,-20,20,-20,120.55269622802734
48545,7,28,4,20,-15,23.5,-15,121.26930236816406
48545,7,27,4,20,-15,20,-15,121.28700256347656
48545,7,33,2,20,-10,20,-10,121.72039794921876
48545,7,30,2,17.5,-12.5,17.5,-12.5,122.05280303955078
48545,7,25,1,10,-15,10,-15,122.78630065917967
48545,7,24,1,6.5,-15,6.5,-15,123.02030181884766
48545,7,18,5,15,-23.5,15,-23.5,124.75379943847656
48545,7,19,4,15,-20,15,-20,125.08699798583984
48545,7,23,4,17.5,-17.5,17.5,-17.5,125.30359649658205
48545,7,26,4,15,-15,15,-15,125.50289916992188
48545,7,32,1,15,-10,15,-10,125.97029876708984
48545,7,34,1,15,-6.5,15,-6.5,126.25330352783205
48545,7,11,5,18.5,10,18.5,10,127.67019653320313
48545,7,10,4,15,10,15,10,127.77030181884766
48545,7,6,4,12.5,12.5,12.5,12.5,128.0366973876953
48545,7,3,4,10,15,10,15,128.3531036376953
48545,7,1,5,10,18.5,10,18.5,128.66940307617188
48545,7,4,5,15,15,15,15,129.0529022216797
48545,7,9,4,10,10,10,10,129.37030029296875
48545,7,13,2,12.5,7.5,12.5,7.5,129.60360717773438
48545,7,8,1,5,10,5,10,130.70379638671875
48545,7,7,1,1.5,10,1.5,10,130.98699951171875
48545,7,48,1,-10,10,-10,10,131.93699645996094
48545,7,46,2,-12.5,12.5,-12.5,12.5,132.18710327148438
48545,7,43,4,-15,15,-15,15,132.43719482421875
48545,7,40,4,-17.5,17.5,-17.5,17.5,132.75360107421875
48545,7,38,5,-20,20,-20,20,133.00289916992188
48545,7,45,5,-23.5,15,-23.5,15,134.28720092773438
48545,7,39,2,-12.5,17.5,-12.5,17.5,135.2368927001953
48545,7,36,4,-15,20,-15,20,135.30380249023438
48545,7,35,5,-15,23.5,-15,23.5,135.57029724121094
48545,7,1,5,10,18.5,10,18.5,138.03680419921875
48545,7,4,5,15,15,15,15,138.53720092773438
48545,7,11,5,18.5,10,18.5,10,139.03700256347656
48545,7,10,4,15,10,15,10,139.58700561523438
48545,7,13,2,12.5,7.5,12.5,7.5,139.80369567871094
48545,7,6,4,12.5,12.5,12.5,12.5,139.9864959716797
48545,7,9,4,10,10,10,10,140.0364990234375
48545,7,3,4,10,15,10,15,140.28689575195313
48545,7,2,2,5,15,5,15,142.17039489746094
48545,7,5,2,7.5,12.5,7.5,12.5,142.4029998779297
48545,7,15,1,10,5,10,5,143.2696075439453
48545,7,17,1,10,1.5,10,1.5,143.53689575195313
48545,7,31,1,10,-10,10,-10,144.5030975341797
48545,7,25,1,10,-15,10,-15,144.92010498046875
48545,7,20,2,10,-20,10,-20,145.32049560546875
48545,7,18,5,15,-23.5,15,-23.5,145.87030029296875
48545,7,21,5,20,-20,20,-20,146.3695068359375
48545,7,23,4,17.5,-17.5,17.5,-17.5,146.58729553222656
48545,7,27,4,20,-15,20,-15,146.78689575195313
48545,7,30,2,17.5,-12.5,17.5,-12.5,147.02029418945313
48545,7,33,2,20,-10,20,-10,147.2534942626953
48545,7,32,1,15,-10,15,-10,147.62030029296875
48545,7,29,2,12.5,-12.5,12.5,-12.5,147.80369567871094
48545,7,58,1,-1.5,-10,-1.5,-10,149.00270080566406
48545,7,59,1,-5,-10,-5,-10,149.28709411621094
48545,7,56,2,-7.5,-12.5,-7.5,-12.5,151.02029418945313
48545,7,60,4,-10,-10,-10,-10,151.2030029296875
48545,7,57,4,-12.5,-12.5,-12.5,-12.5,151.4029998779297
48545,7,61,4,-15,-10,-15,-10,151.6195068359375
48545,7,62,5,-18.5,-10,-18.5,-10,151.88619995117188
48545,7,52,5,-10,-18.5,-10,-18.5,152.98699951171875
48545,7,54,4,-10,-15,-10,-15,153.68710327148438
48545,7,63,2,-7.5,-7.5,-7.5,-7.5,154.27029418945313
48545,7,66,1,-10,-5,-10,-5,154.48660278320313
48545,7,68,1,-10,-1.5,-10,-1.5,154.78700256347656
48545,7,2,2,5,15,5,15,156.88699340820313
48545,7,3,4,10,15,10,15,157.28619384765625
48545,7,6,4,12.5,12.5,12.5,12.5,157.60350036621094
48545,7,9,4,10,10,10,10,157.85360717773438
48545,7,13,2,12.5,7.5,12.5,7.5,158.06959533691406
48545,7,16,2,15,5,15,5,158.4197998046875
48545,7,33,2,20,-10,20,-10,160.5872039794922
48545,7,27,4,20,-15,20,-15,160.98629760742188
48545,7,21,5,20,-20,20,-20,161.3704071044922
48545,7,23,4,17.5,-17.5,17.5,-17.5,161.48699951171875
48545,7,19,4,15,-20,15,-20,161.67039489746094
48545,7,20,2,10,-20,10,-20,162.11959838867188
48545,7,22,2,12.5,-17.5,12.5,-17.5,162.17050170898438
48545,7,18,5,15,-23.5,15,-23.5,162.92050170898438
48545,7,28,5,23.5,-15,23.5,-15,164.93649291992188
48545,7,26,4,15,-15,15,-15,165.70359802246094
48545,7,25,1,10,-15,10,-15,166.16929626464844
48545,7,24,1,6.5,-15,6.5,-15,166.45370483398438
48545,7,52,5,-10,-18.5,-10,-18.5,167.87030029296875
48545,7,62,5,-18.5,-10,-18.5,-10,170.82029724121094
48545,7,47,2,-17.5,12.5,-17.5,12.5,172.7198028564453
48545,7,49,4,-15,15,-15,10,172.96949768066406
48545,7,43,4,-15,15,-15,15,172.9866943359375
48545,7,42,1,-10,15,-10,15,173.2864990234375
48545,7,1,5,10,18.5,10,18.5,175.11959838867188
48545,7,3,4,10,15,10,15,175.48699951171875
48545,7,4,5,15,15,15,15,175.58709716796875
48545,7,6,4,12.5,12.5,12.5,12.5,175.72030639648438
48545,7,10,4,15,10,15,10,176.02020263671875
48545,7,11,5,18.5,10,18.5,10,176.07029724121094
48545,7,13,2,12.5,7.5,12.5,7.5,176.98699951171875
48545,7,9,4,10,10,10,10,177.16990661621094
48545,7,12,2,7.5,7.5,7.5,7.5,177.40359497070313
48545,7,41,1,-6.5,15,-6.5,15,179.0531005859375
48545,7,42,1,-10,15,-10,15,179.11959838867188
48545,7,39,2,-12.5,17.5,-12.5,17.5,179.40390014648438
48545,7,40,4,-17.5,17.5,-17.5,17.5,179.87049865722656
48545,7,38,5,-20,20,-20,20,180.05369567871094
48545,7,45,5,-23.5,15,-23.5,15,180.47039794921875
48545,7,44,4,-20,15,-20,15,180.5030975341797
48545,7,37,2,-10,20,-10,20,181.40280151367188
48545,7,35,5,-15,23.5,-15,23.5,181.8697052001953
48545,7,36,4,-15,20,-15,20,182.3863983154297
48545,7,43,4,-15,15,-15,15,182.80369567871097
48545,7,49,1,-15,10,-15,10,183.27029418945313
48545,7,51,1,-15,6.5,-15,6.5,183.53689575195313
48545,7,67,2,-15,-5,-15,-5,184.5028076171875
48545,7,61,4,-15,-10,-15,-10,184.88720703125
48545,7,57,4,-12.5,-12.5,-12.5,-12.5,185.12060546875
48545,7,54,4,-10,-15,-10,-15,185.42039489746097
48545,7,52,5,-10,-18.5,-10,-18.5,186.32049560546875
48545,7,62,5,-18.5,-10,-18.5,-10,188.72000122070313
48545,7,64,2,-12.5,-7.5,-12.5,-7.5,189.37010192871097
48545,7,63,2,-7.5,-7.5,-7.5,-7.5,189.7873992919922
48545,7,32,1,15,-10,15,-10,191.7032928466797
48545,7,26,4,15,-15,15,-15,192.11959838867188
48545,7,19,4,15,-20,15,-20,192.5196990966797
48545,7,18,5,15,-23.5,15,-23.5,192.8038024902344
48545,7,21,5,20,-20,20,-20,193.38720703125
48545,7,23,4,17.5,-17.5,17.5,-17.5,193.61959838867188
48545,7,27,4,20,-15,20,-15,193.8204040527344
48545,7,30,2,17.5,-12.5,17.5,-12.5,194.0706024169922
48545,7,33,2,20,-10,20,-10,194.2705993652344
48545,7,11,5,18.5,10,18.5,10,196.03700256347656
48545,7,10,4,15,10,15,10,196.2534942626953
48545,7,6,5,15,15,12.5,12.5,196.52040100097656
48545,7,4,5,15,15,15,15,196.53709411621097
48545,7,3,4,10,15,10,15,196.8204040527344
48545,7,1,5,10,18.5,10,18.5,196.9705047607422
48545,7,37,2,-10,20,-10,20,198.67059326171875
48545,7,36,4,-15,20,-15,20,199.07049560546875
48545,7,40,4,-17.5,17.5,-17.5,17.5,199.38710021972656
48545,7,38,5,-20,20,-20,20,199.4700927734375
48545,7,44,4,-20,15,-20,15,199.6864013671875
48545,7,45,5,-23.5,15,-23.5,15,199.8863983154297
48545,7,47,2,-17.5,12.5,-17.5,12.5,200.67030334472656
48545,7,46,2,-12.5,12.5,-12.5,12.5,201.08709716796875
48545,7,7,1,1.5,10,1.5,10,202.31979370117188
48545,7,12,2,7.5,7.5,7.5,7.5,202.88710021972656
48545,7,13,2,12.5,7.5,12.5,7.5,203.3204040527344
48545,7,11,5,18.5,10,18.5,10,204.67039489746097
48545,7,4,5,15,15,15,15,205.1029052734375
48545,7,1,5,10,18.5,10,18.5,205.6029052734375
48545,7,3,4,10,15,10,15,205.9694976806641
48545,7,5,2,7.5,12.5,7.5,12.5,206.13619995117188
48545,7,9,4,10,10,10,10,206.33709716796875
48545,7,15,1,10,5,10,5,206.7863006591797
48545,7,17,1,10,1.5,10,1.5,207.08709716796875
48545,7,31,1,10,-10,10,-10,208.05340576171875
48545,7,29,2,12.5,-12.5,12.5,-12.5,208.3204040527344
48545,7,26,4,15,-15,15,-15,208.60369873046875
48545,7,23,4,17.5,-17.5,17.5,-17.5,208.88670349121097
48545,7,19,4,15,-20,15,-20,209.02049255371097
48545,7,22,2,12.5,-17.5,12.5,-17.5,209.08680725097656
48545,7,20,2,10,-20,10,-20,209.28729248046875
48545,7,18,5,15,-23.5,15,-23.5,209.8533935546875
48545,7,21,5,20,-20,20,-20,212.88699340820313
48545,7,27,4,20,-15,20,-15,213.01950073242188
48545,7,30,2,17.5,-12.5,17.5,-12.5,213.35369873046875
48545,7,32,1,15,-10,15,-10,213.67039489746097
48545,7,31,1,10,-10,10,-10,214.02040100097656
48545,7,58,1,-1.5,-10,-1.5,-10,215.0034942626953
48545,7,59,1,-5,-10,-5,-10,215.2872009277344
48545,7,56,2,-7.5,-12.5,-7.5,-12.5,215.53700256347656
48545,7,54,4,-10,-15,-10,-15,215.8032989501953
48545,7,52,5,-10,-18.5,-10,-18.5,215.9039001464844
48545,7,55,5,-15,-15,-15,-15,216.2696990966797
48545,7,57,4,-12.5,-12.5,-12.5,-12.5,216.38710021972656
48545,7,61,4,-15,-10,-15,-10,216.63699340820313
48545,7,62,5,-18.5,-10,-18.5,-10,216.7205047607422
48545,7,64,2,-12.5,-7.5,-12.5,-7.5,217.5704040527344
48545,7,66,1,-10,-5,-10,-5,217.8372039794922
48545,7,67,2,-15,-5,-15,-5,218.08689880371097
48545,7,47,2,-17.5,12.5,-17.5,12.5,219.3874053955078
48545,7,40,4,-17.5,17.5,-17.5,17.5,219.7705993652344
48545,7,36,4,-15,20,-15,20,220.20379638671875
48545,7,35,5,-15,23.5,-15,23.5,220.26980590820313
48545,7,37,2,-10,20,-10,20,220.67059326171875
48545,7,39,2,-12.5,17.5,-12.5,17.5,220.8029937744141
48545,7,46,2,-12.5,12.5,-12.5,12.5,221.2037048339844
48545,7,12,2,7.5,7.5,7.5,7.5,223.1696929931641
48545,7,13,2,12.5,7.5,12.5,7.5,223.58639526367188
48545,7,11,5,18.5,10,18.5,10,224.13650512695313
48545,7,10,4,15,10,15,10,224.1697998046875
48545,7,6,4,12.5,12.5,12.5,12.5,224.37060546875
48545,7,3,4,10,15,10,15,224.67059326171875
48545,7,2,2,5,15,5,15,225.28729248046875
48545,7,1,5,10,18.5,10,18.5,225.4871063232422
48545,7,4,5,15,15,15,15,225.9039001464844
48545,7,5,2,7.5,12.5,7.5,12.5,226.6862945556641
48545,7,41,1,-6.5,15,-6.5,15,227.86959838867188
48545,7,42,1,-10,15,-10,15,228.17039489746097
48545,7,46,2,-12.5,12.5,-12.5,12.5,228.33709716796875
48545,7,43,4,-15,15,-15,15,228.52049255371097
48545,7,47,2,-17.5,12.5,-17.5,12.5,228.77049255371097
48545,7,44,4,-20,15,-20,15,228.9371032714844
48545,7,45,5,-23.5,15,-23.5,15,229.2205047607422
48545,7,40,4,-17.5,17.5,-17.5,17.5,230.0863037109375
48545,7,36,4,-15,20,-15,20,230.52000427246097
48545,7,35,5,-15,23.5,-15,23.5,230.78709411621097
48545,7,50,2,-20,10,-20,10,232.83709716796875
48545,7,49,1,-15,10,-15,10,233.30369567871097
48545,7,48,1,-10,10,-10,10,233.72039794921875
48545,7,7,1,1.5,10,1.5,10,234.6871032714844
48545,7,8,1,5,10,5,10,234.9873046875
48545,7,12,2,7.5,7.5,7.5,7.5,235.18739318847656
48545,7,9,4,10,10,10,10,235.37049865722656
48545,7,13,2,12.5,7.5,12.5,7.5,235.58709716796875
48545,7,10,4,15,10,15,10,235.77040100097656
48545,7,6,4,12.5,12.5,12.5,12.5,235.80389404296875
48545,7,4,5,15,15,15,15,236.00379943847656
48545,7,3,4,10,15,10,15,236.12049865722656
48545,7,1,5,10,18.5,10,18.5,236.3701934814453
48545,7,35,5,-15,23.5,-15,23.5,238.53729248046875
48545,7,36,4,-15,20,-15,20,238.82049560546875
48545,7,38,5,-20,20,-20,20,239.03660583496097
48545,7,40,4,-17.5,17.5,-17.5,17.5,239.10350036621097
48545,7,44,4,-20,15,-20,15,239.4040985107422
48545,7,45,5,-23.5,15,-23.5,15,239.4871063232422
48545,7,38,5,-20,20,-20,20,244.07049560546875
48545,7,44,4,-20,15,-20,15,244.42059326171875
48545,8,36,5,5,-5,5,-5,249.02049255371097
48545,8,39,4,7.5,-7.5,7.5,-7.5,249.33709716796875
48545,8,42,5,5,-10,5,-10,249.37060546875
48545,8,43,4,7.5,-12.5,10,-10,249.68719482421875
48545,8,46,4,7.5,-12.5,7.5,-12.5,249.70399475097656
48545,8,47,2,12.5,-12.5,12.5,-12.5,249.9707946777344
48545,8,44,2,15,-10,15,-10,250.220703125
48545,8,38,4,15,-5,15,-5,250.68719482421875
48545,8,35,5,10,-1.5,10,-1.5,251.1204071044922
48545,8,33,5,-5,5,-5,5,252.7373962402344
48545,8,14,5,10,10,10,10,254.22059631347656
48545,8,8,4,12.5,12.5,10,15,254.52040100097656
48545,8,12,4,12.5,12.5,12.5,12.5,254.5373992919922
48545,8,9,2,15,15,15,15,254.83740234375
48545,8,6,2,17.5,17.5,17.5,17.5,255.12030029296875
48545,8,3,2,15,20,15,20,255.2866973876953
48545,8,2,4,10,20,10,20,255.62060546875
48545,8,27,5,-5,15,-5,15,257.0707092285156
48545,8,30,4,-10,10,-10,10,257.68701171875
48545,8,32,5,-15,5,-15,5,258.537109375
48545,8,34,5,-15,0,-15,0,258.6206970214844
48545,8,52,5,-20,-5,-20,-5,259.2040100097656
48545,8,53,4,-30,-10,-30,-10,260.4039001464844
48545,8,58,2,-30,-20,-30,-20,261.3371887207031
48545,8,59,2,-20,-20,-20,-20,262.1370849609375
48545,8,60,5,-10,-20,-10,-20,262.9371032714844
48545,8,61,5,-5,-20,-5,-20,263.3373107910156
48545,8,46,4,7.5,-12.5,7.5,-12.5,264.9873046875
48545,8,42,5,5,-10,5,-10,265.1871032714844
48545,8,39,4,7.5,-7.5,7.5,-7.5,265.40399169921875
48545,8,37,5,10,-5,10,-5,265.6871032714844
48545,8,35,5,10,-1.5,10,-1.5,266.0205078125
48545,8,14,5,10,10,10,10,267.037109375
48545,8,12,4,12.5,12.5,12.5,12.5,267.2698059082031
48545,8,8,5,10,15,10,15,267.46990966796875
48545,8,7,5,6.5,15,6.5,15,267.60369873046875
48545,8,28,5,0,15,0,15,268.2206115722656
48545,8,27,5,-5,15,-5,15,268.6372985839844
48545,8,30,4,-10,10,-10,10,269.22021484375
48545,8,32,5,-15,5,-15,5,269.7872009277344
48545,8,34,5,-15,0,-15,0,270.2705993652344
48545,8,52,5,-20,-5,-20,-5,271.0205993652344
48545,8,54,5,-20,-10,-20,-10,271.2373046875
48545,8,57,4,-15,-15,-15,-15,272.0871887207031
48545,8,60,5,-10,-20,-10,-20,272.8205871582031
48545,8,61,5,-5,-20,-5,-20,273.2034912109375
48545,8,48,4,5,-15,5,-15,274.37060546875
48545,8,42,5,5,-10,5,-10,274.7705993652344
48545,8,41,5,1.5,-10,1.5,-10,275.0205078125
48545,8,36,4,7.5,-7.5,5,-5,275.1872863769531
48545,8,39,4,7.5,-7.5,7.5,-7.5,275.2040100097656
48545,8,37,5,10,-5,10,-5,275.4205017089844
48545,8,40,4,12.5,-7.5,12.5,-7.5,275.67059326171875
48545,8,35,5,10,-1.5,10,-1.5,275.9872131347656
48545,8,14,5,10,10,10,10,276.8869934082031
48545,8,7,5,6.5,15,6.5,15,277.6370849609375
48545,8,8,5,10,15,10,15,277.70379638671875
48545,8,32,5,-15,5,-15,5,280.4873046875
48545,8,52,5,-20,-5,-20,-5,281.5707092285156
48545,8,54,5,-20,-10,-20,-10,281.9870910644531
48545,8,57,4,-15,-15,-15,-15,282.50421142578125
48545,8,41,5,1.5,-10,1.5,-10,283.9873046875
48545,8,36,5,5,-5,5,-5,284.6200866699219
48545,8,37,5,10,-5,10,-5,285.0707092285156
48545,8,35,5,10,-1.5,10,-1.5,285.42059326171875
48545,8,14,5,10,10,10,10,286.38720703125
48545,8,12,4,12.5,12.5,12.5,12.5,286.6039123535156
48545,8,8,5,10,15,10,15,286.8205871582031
48545,8,7,5,6.5,15,6.5,15,286.92059326171875
48545,8,28,5,0,15,0,15,287.5705871582031
48545,8,27,5,-5,15,-5,15,288.0039978027344
48545,8,32,5,-15,5,-15,5,289.5203857421875
48545,8,34,5,-15,0,-15,0,289.93719482421875
48545,8,52,5,-20,-5,-20,-5,290.4866943359375
48545,8,54,5,-20,-10,-20,-10,291.08740234375
48545,8,57,4,-15,-15,-15,-15,292.10400390625
48545,8,60,5,-10,-20,-10,-20,292.5873107910156
48545,8,61,5,-5,-20,-5,-20,293.12060546875
48545,8,48,4,5,-15,5,-15,294.3705139160156
48545,8,41,5,1.5,-10,1.5,-10,294.8374938964844
48545,8,42,5,5,-10,5,-10,294.88751220703125
48545,8,46,4,7.5,-12.5,7.5,-12.5,295.0873107910156
48545,8,43,2,10,-10,10,-10,295.3201904296875
48545,8,47,2,12.5,-12.5,12.5,-12.5,295.537109375
48545,8,44,2,15,-10,15,-10,295.7373962402344
48545,8,40,4,12.5,-7.5,12.5,-7.5,295.8201904296875
48545,8,38,4,15,-5,15,-5,296.0201110839844
48545,8,17,5,15,6.5,15,6.5,296.9873046875
48545,8,15,5,15,10,15,10,297.2705993652344
48545,8,14,5,10,10,10,10,297.4873046875
48545,8,12,4,12.5,12.5,12.5,12.5,297.5198974609375
48545,8,8,5,10,15,10,15,297.7372131347656
48545,8,26,2,-15,15,-15,15,300.1372985839844
48545,8,32,5,-15,5,-15,5,300.87078857421875
48545,8,33,5,-5,5,-5,5,301.6872863769531
48545,8,41,5,1.5,-10,1.5,-10,303.3374938964844
48545,8,42,5,5,-10,5,-10,303.6206970214844
48545,8,46,4,7.5,-12.5,7.5,-12.5,303.87060546875
48545,8,43,4,7.5,-7.5,10,-10,304.1039123535156
48545,8,39,4,7.5,-7.5,7.5,-7.5,304.1206970214844
48545,8,43,5,10,-5,10,-10,304.37060546875
48545,8,37,5,10,-5,10,-5,304.3865966796875
48545,8,38,4,15,-5,15,-5,304.7040100097656
48545,8,17,5,15,6.5,15,6.5,305.43719482421875
48545,8,14,5,10,10,10,10,305.7698974609375
48545,8,30,4,-10,10,-10,10,307.6039123535156
48545,8,55,5,-10,-10,-10,-10,309.32080078125
48545,8,52,5,-20,-5,-20,-5,310.30340576171875
48545,8,53,4,-30,-10,-30,-10,311.21978759765625
48545,8,60,5,-10,-20,-10,-20,313.17059326171875
48545,8,61,5,-5,-20,-5,-20,313.5198974609375
48545,8,48,4,5,-15,5,-15,314.470703125
48545,8,46,4,7.5,-12.5,7.5,-12.5,314.77069091796875
48545,8,43,2,10,-10,10,-10,315.0873107910156
48545,8,39,4,7.5,-7.5,7.5,-7.5,315.3207092285156
48545,8,42,5,5,-10,5,-10,315.51971435546875
48545,8,37,5,10,-5,10,-5,316.7200012207031
48545,8,35,5,10,-1.5,10,-1.5,317.0032043457031
48545,8,14,5,10,10,10,10,318.6372985839844
48545,8,15,5,15,10,15,10,318.9206848144531
48545,8,13,4,17.5,12.5,17.5,12.5,319.2373046875
48545,8,6,2,17.5,17.5,17.5,17.5,319.720703125
48545,8,3,1,15,23.5,15,20,320.28729248046875
48545,8,1,1,15,23.5,15,23.5,320.3039855957031
48545,8,2,4,10,20,10,20,320.60400390625
48545,8,28,5,0,15,0,15,321.6700134277344
48545,8,27,5,-5,15,-5,15,322.0205993652344
48545,8,29,4,-20,10,-20,10,323.42041015625
48545,8,31,4,-25,5,-25,5,324.0873107910156
48545,8,53,4,-30,-10,-30,-10,326.8876037597656
48545,8,56,4,-25,-15,-25,-15,327.5032043457031
48545,8,57,4,-15,-15,-15,-15,328.33660888671875
48545,8,55,5,-10,-10,-10,-10,328.8041076660156
48545,8,41,5,1.5,-10,1.5,-10,329.8207092285156
48545,8,42,5,5,-10,5,-10,330.0039978027344
48545,8,39,4,7.5,-7.5,7.5,-7.5,330.3207092285156
48545,8,37,5,10,-5,10,-5,330.6039123535156
48545,8,17,5,15,6.5,15,6.5,331.73748779296875
48545,8,15,5,15,10,15,10,332.00360107421875
48545,8,12,4,12.5,12.5,12.5,12.5,332.21978759765625
48545,8,14,5,10,10,10,10,332.38739013671875
48545,8,8,5,10,15,10,15,332.4707946777344
48545,8,7,5,6.5,15,6.5,15,332.70330810546875
48545,8,28,5,0,15,0,15,333.2705993652344
48545,8,27,5,-5,15,-5,15,333.6864013671875
48545,8,34,5,-15,0,-15,0,335.3207092285156
48545,8,52,5,-20,-5,-20,-5,335.970703125
48545,8,54,5,-20,-10,-20,-10,336.4372863769531
48545,8,57,4,-15,-15,-15,-15,337.4031982421875
48545,8,60,5,-10,-20,-10,-20,337.93670654296875
48545,8,61,5,-5,-20,-5,-20,338.4541015625
48545,8,41,5,1.5,-10,1.5,-10,339.8204040527344
48545,8,42,5,5,-10,5,-10,340.10400390625
48545,8,36,5,5,-5,5,-5,340.2539978027344
48545,8,35,5,10,-1.5,10,-1.5,341.0867004394531
48545,8,17,5,15,6.5,15,6.5,341.90399169921875
48545,8,15,5,15,10,15,10,342.2206115722656
48545,8,14,5,10,10,10,10,342.5707092285156
48545,8,7,5,6.5,15,6.5,15,343.32000732421875
48545,8,27,5,-5,15,-5,15,344.71978759765625
48545,8,30,4,-10,10,-10,10,345.3207092285156
48545,8,32,5,-15,5,-15,5,345.90411376953125
48545,8,52,5,-20,-5,-20,-5,347.3872985839844
48545,8,54,5,-20,-10,-20,-10,347.8039855957031
48545,8,60,5,-10,-20,-10,-20,349.4374084472656
48545,8,61,5,-5,-20,-5,-20,349.8699951171875
48545,8,51,1,10,-18.5,10,-18.5,351.2038879394531
48545,8,49,2,10,-15,10,-15,351.4364013671875
48545,8,46,4,7.5,-12.5,7.5,-12.5,351.62060546875
48545,8,43,2,10,-10,10,-10,351.87091064453125
48545,8,39,4,7.5,-7.5,7.5,-7.5,352.0365905761719
48545,8,37,5,10,-5,10,-5,352.2200012207031
48545,8,35,5,10,-1.5,10,-1.5,352.87078857421875
48545,8,14,5,10,10,10,10,353.8197937011719
48545,8,8,5,10,15,10,15,354.2373962402344
48545,8,2,4,10,20,10,20,354.6708984375
48545,8,27,5,-5,15,-5,15,356.23748779296875
48545,8,30,4,-10,10,-10,10,356.8705139160156
48545,8,32,5,-15,5,-15,5,357.42059326171875
48545,8,34,5,-15,0,-15,0,357.85400390625
48545,8,48,4,5,-15,5,-15,360.43701171875
48545,8,46,4,7.5,-12.5,7.5,-12.5,360.6701965332031
48545,8,43,2,10,-10,10,-10,360.9874877929687
48545,8,40,4,12.5,-7.5,12.5,-7.5,361.2373046875
48545,8,38,4,15,-5,15,-5,361.5197143554687
48545,8,17,5,15,6.5,15,6.5,362.4197998046875
48545,8,15,5,15,10,15,10,362.720703125
48545,8,12,4,12.5,12.5,12.5,12.5,362.9366149902344
48545,8,9,4,12.5,17.5,15,15,363.3200988769531
48545,8,5,4,12.5,17.5,12.5,17.5,363.3366088867187
48545,8,2,4,10,20,10,20,363.82080078125
48545,8,27,5,-5,15,-5,15,365.2874145507813
48545,8,34,5,-15,0,-15,0,367.4041137695313
48545,8,57,4,-15,-15,-15,-15,368.5873107910156
48545,8,63,4,-15,-25,-15,-25,369.3875122070313
48545,8,46,4,7.5,-12.5,7.5,-12.5,371.9865112304687
48545,8,39,4,7.5,-7.5,7.5,-7.5,372.4041137695313
48545,8,37,5,10,-5,10,-5,372.60400390625
48545,8,35,5,10,-1.5,10,-1.5,372.88720703125
48545,8,14,5,10,10,10,10,373.8375854492187
48545,8,7,5,6.5,15,6.5,15,374.2698974609375
48545,8,28,5,0,15,0,15,374.7868041992187
48545,8,27,5,-5,15,-5,15,375.2041931152344
48545,8,26,2,-15,15,-15,15,376.0875854492187
48545,8,32,5,-15,5,-15,5,376.9031982421875
48545,8,34,5,-15,0,-15,0,377.3208923339844
48545,8,52,5,-20,-5,-20,-5,377.9866027832031
48545,8,60,5,-10,-20,-10,-20,379.5375061035156
48545,8,61,5,-5,-20,-5,-20,379.9368896484375
48545,8,48,4,5,-15,5,-15,381.3699951171875
48545,8,46,4,7.5,-12.5,7.5,-12.5,381.5042114257813
48545,8,42,5,5,-10,5,-10,381.7041015625
48545,8,39,4,7.5,-7.5,7.5,-7.5,381.9209899902344
48545,8,36,5,5,-5,5,-5,382.1206970214844
48545,8,7,5,6.5,15,6.5,15,383.7874145507813
48545,8,28,5,0,15,0,15,384.2867126464844
48545,8,27,5,-5,15,-5,15,384.7038879394531
48545,8,26,2,-15,15,-15,15,385.5704956054687
48545,8,32,5,-15,5,-15,5,386.4374084472656
48545,8,34,5,-15,0,-15,0,386.8699951171875
48545,8,52,5,-20,-5,-20,-5,387.4041137695313
48545,8,54,5,-20,-10,-20,-10,387.71978759765625
48545,8,41,5,1.5,-10,1.5,-10,391.1041870117187
48545,8,46,4,7.5,-12.5,7.5,-12.5,391.6037902832031
48545,8,43,2,10,-10,10,-10,392.3875122070313
48545,9,41,1,1.5,-10,1.5,-10,398.8200073242187
48545,9,42,1,5,-10,5,-10,399.12060546875
48545,9,48,2,5,-15,5,-15,399.3700866699219
48545,9,51,4,10,-15,10,-18.5,399.9208068847656
48545,9,49,4,10,-15,10,-15,399.9367065429687
48545,9,50,5,15,-15,15,-15,400.3373107910156
48545,9,44,4,15,-10,15,-10,400.9205932617187
48545,9,38,2,15,-5,15,-5,401.3707885742187
48545,9,11,5,23.5,15,23.5,15,403.6207885742187
48545,9,13,2,17.5,12.5,17.5,12.5,404.0873107910156
48545,9,10,4,20,15,20,15,404.1373901367187
48545,9,9,4,15,15,15,15,404.2875061035156
48545,9,6,4,17.5,17.5,17.5,17.5,404.4042053222656
48545,9,3,4,15,20,15,20,404.6199035644531
48545,9,1,5,15,23.5,15,23.5,404.9042053222656
48545,9,21,2,-5,25,-5,25,406.9708862304687
48545,9,20,4,-15,25,-15,25,407.78759765625
48545,9,19,5,-25,25,-25,25,408.6040954589844
48545,9,25,4,-25,15,-25,15,409.3705139160156
48545,9,64,5,-30,-30,-30,-30,413.4374084472656
48545,9,65,4,-20,-30,-20,-30,414.6708068847656
48545,9,66,2,-10,-30,-10,-30,415.50439453125
48545,9,51,5,10,-18.5,10,-18.5,418.3709106445313
48545,9,49,4,10,-15,10,-15,418.4874877929687
48545,9,50,5,15,-15,15,-15,418.8540954589844
48545,9,45,5,18.5,-10,18.5,-10,419.52099609375
48545,9,35,1,10,-1.5,10,-1.5,421.3367004394531
48545,9,39,2,7.5,-7.5,7.5,-7.5,421.8709106445313
48545,9,41,1,1.5,-10,1.5,-10,422.3208923339844
48545,9,48,2,5,-15,5,-15,422.7203063964844
48545,9,47,4,12.5,-12.5,12.5,-12.5,423.31988525390625
48545,9,49,4,10,-15,10,-15,423.5040893554687
48545,9,44,4,15,-10,15,-10,423.6040954589844
48545,9,16,2,20,10,20,10,425.5042114257813
48545,9,10,4,20,15,20,15,425.8865966796875
48545,9,6,4,17.5,17.5,17.5,17.5,426.2698974609375
48545,9,9,4,15,15,15,15,426.3207092285156
48545,9,5,2,12.5,17.5,12.5,17.5,426.6039123535156
48545,9,2,2,10,20,10,20,426.8706970214844
48545,9,23,2,-10,20,-10,20,428.52099609375
48545,9,18,5,-15,30,-15,30,429.47021484375
48545,9,19,5,-25,25,-25,25,430.3033142089844
48545,9,25,4,-25,15,-25,15,431.1375122070313
48545,9,24,5,-30,15,-30,15,431.6373901367187
48545,9,53,2,-30,-10,-30,-10,433.7876892089844
48545,9,58,4,-30,-20,-30,-20,434.5700073242187
48545,9,64,5,-30,-30,-30,-30,435.3873901367187
48545,9,65,4,-20,-30,-20,-30,436.2373962402344
48545,9,63,2,-15,-25,-15,-25,437.0704956054687
48545,9,59,4,-20,-20,-20,-20,437.6875
48545,9,57,2,-15,-15,-15,-15,438.4039916992187
48545,9,51,5,10,-18.5,10,-18.5,440.6040954589844
48545,9,50,5,15,-15,15,-15,441.1199035644531
48545,9,45,5,18.5,-10,18.5,-10,441.6207885742187
48545,9,44,4,15,-10,15,-10,441.8865966796875
48545,9,43,4,10,-10,10,-10,442.3042907714844
48545,9,46,2,7.5,-12.5,7.5,-12.5,442.5869140625
48545,9,48,2,5,-15,5,-15,442.8875122070313
48545,9,49,4,10,-15,10,-15,443.9377136230469
48545,9,11,5,23.5,15,23.5,15,447.1875
48545,9,10,4,20,15,20,15,447.470703125
48545,9,6,4,17.5,17.5,17.5,17.5,447.7376098632813
48545,9,4,5,20,20,20,20,447.7872009277344
48545,9,3,4,15,20,15,20,448.03759765625
48545,9,1,5,15,23.5,15,23.5,448.1875
48545,9,19,5,-25,25,-25,25,451.8374938964844
48545,9,24,5,-30,15,-30,15,452.7376098632813
48545,9,22,4,-20,20,-20,20,454.2377014160156
48545,9,18,5,-15,30,-15,30,455.3374938964844
48545,9,23,2,-10,20,-10,20,456.5201110839844
48545,9,26,4,-15,15,-15,15,457.0874938964844
48545,9,29,2,-20,10,-20,10,457.7041931152344
48545,9,31,2,-25,5,-25,5,458.2874145507813
48545,9,56,2,-25,-15,-25,-15,460.0871887207031
48545,9,59,4,-20,-20,-20,-20,460.6542053222656
48545,9,63,2,-15,-25,-15,-25,461.2709045410156
48545,9,66,2,-10,-30,-10,-30,461.8366088867187
48545,9,51,5,10,-18.5,10,-18.5,463.9378051757813
48545,9,49,4,10,-15,10,-15,464.2203979492187
48545,9,50,5,15,-15,15,-15,464.5208129882813
48545,9,44,4,15,-10,15,-10,464.8208923339844
48545,9,45,5,18.5,-10,18.5,-10,464.9375
48545,9,11,5,23.5,15,23.5,15,469.7376098632813
48545,9,10,4,20,15,20,15,469.8035888671875
48545,9,6,4,17.5,17.5,17.5,17.5,470.0875854492187
48545,9,3,4,15,20,15,20,470.3869018554687
48545,9,2,2,10,20,10,20,471.0033874511719
48545,9,21,2,-5,25,-5,25,472.2376098632813
48545,9,20,4,-15,25,-15,25,473.0708923339844
48545,9,19,5,-25,25,-25,25,473.9876098632813
48545,9,25,4,-25,15,-25,15,474.8703002929687
48545,9,31,2,-25,5,-25,5,475.7210083007813
48545,9,56,2,-25,-15,-25,-15,477.3868103027344
48545,9,62,4,-25,-25,-25,-25,478.2043151855469
48545,9,65,4,-20,-30,-20,-30,478.7208862304687
48545,9,66,2,-10,-30,-10,-30,479.6036071777344
48545,9,51,5,10,-18.5,10,-18.5,481.7044067382813
48545,9,50,5,15,-15,15,-15,482.1041870117187
48545,9,45,5,18.5,-10,18.5,-10,482.7041015625
48545,9,11,5,23.5,15,23.5,15,485.3034973144531
48545,9,4,5,20,20,20,20,485.9209899902344
48545,9,1,5,15,23.5,15,23.5,486.5042114257813
48545,9,18,5,-15,30,-15,30,489.1711120605469
48545,9,19,5,-25,25,-25,25,490.1209106445313
48545,9,24,5,-30,15,-30,15,491.404296875
48545,9,31,2,-25,5,-25,5,492.53759765625
48545,9,26,4,-15,15,-15,15,493.7708129882813
48545,9,23,2,-10,20,-10,20,494.6875915527344
48545,9,21,2,-5,25,-5,25,495.2208862304687
48545,9,3,4,15,20,15,20,496.9876098632813
48545,9,6,4,17.5,17.5,17.5,17.5,497.2878112792969
48545,9,10,4,20,15,20,15,497.5877075195313
48545,9,16,2,20,10,20,10,498.6376953125
48545,9,13,2,17.5,12.5,17.5,12.5,498.9375915527344
48545,9,9,4,15,15,15,15,499.2044067382813
48545,9,12,2,12.5,12.5,12.5,12.5,499.2376098632813
48545,9,5,2,12.5,17.5,12.5,17.5,499.5376892089844
48545,9,2,2,10,20,10,20,499.8201904296875
48545,9,4,5,20,20,20,20,500.8377075195313
48545,9,11,5,23.5,15,23.5,15,502.7207946777344
48545,9,10,4,20,15,20,15,503.0209045410156
48545,9,6,4,17.5,17.5,17.5,17.5,503.3211059570313
48545,9,3,4,15,20,15,20,503.6044921875
48545,9,1,5,15,23.5,15,23.5,503.7210998535156
48545,9,5,2,12.5,17.5,12.5,17.5,505.4873046875
48545,9,9,4,15,15,15,15,505.9043884277344
48545,9,15,1,15,10,15,10,507.62060546875
48545,9,12,2,12.5,12.5,12.5,12.5,507.9042053222656
48545,9,8,1,10,15,10,15,508.2210998535156
48545,9,2,2,10,20,10,20,508.6708068847656
48545,9,3,4,15,20,15,20,508.9703063964844
48545,9,6,4,17.5,17.5,17.5,17.5,509.1709899902344
48545,9,10,4,20,15,20,15,509.4208984375
48545,9,16,2,20,10,20,10,510.6044006347656
48545,9,13,2,17.5,12.5,17.5,12.5,510.8876037597656
48545,9,9,4,15,15,15,15,511.1372985839844
48545,9,5,2,12.5,17.5,12.5,17.5,511.4866943359375
48545,9,4,5,20,20,20,20,513.4376220703125
48545,9,3,4,15,20,15,20,513.9871826171875
48545,9,2,2,10,20,10,20,514.33770751953125
48545,9,10,4,20,15,20,15,518.1876220703125
48545,9,6,4,17.5,17.5,17.5,17.5,518.4713134765625
48545,9,5,2,12.5,17.5,12.5,17.5,518.9044189453125
48545,9,3,4,15,20,15,20,519.0205078125
48545,9,2,2,10,20,10,20,519.3712158203125
48545,9,7,1,6.5,15,6.5,15,519.97088623046875
48545,9,9,4,15,15,15,15,520.7877197265625
48545,9,4,5,20,20,20,20,521.1876220703125
48545,9,11,5,23.5,15,23.5,15,521.2877197265625
48545,9,16,2,20,10,20,10,522.32037353515625
48545,9,13,2,17.5,12.5,17.5,12.5,522.52081298828125
48545,9,15,1,15,10,15,10,522.7711181640625
48545,9,12,2,12.5,12.5,12.5,12.5,522.93768310546875
48545,9,14,1,10,10,10,10,523.17120361328125
48545,9,27,1,-5,15,-5,15,524.5211181640625
48545,9,23,2,-10,20,-10,20,525.08758544921875
48545,9,20,4,-15,25,-15,25,525.63812255859375
48545,9,22,4,-20,20,-20,20,528.8878173828125
48545,9,26,4,-15,15,-15,15,529.3878173828125
48545,9,30,2,-10,10,-10,10,530.0042724609375
48545,9,33,1,-5,5,-5,5,530.6207275390625
48545,9,36,1,5,-5,5,-5,531.8043212890625
48545,9,39,2,7.5,-7.5,7.5,-7.5,532.08697509765625
48545,9,43,4,10,-10,10,-10,532.33758544921875
48545,9,47,4,12.5,-12.5,12.5,-12.5,532.6212158203125
48545,9,50,5,15,-15,15,-15,532.8878173828125
48545,9,51,5,10,-18.5,10,-18.5,533.9044189453125
48545,9,48,2,5,-15,5,-15,534.47100830078125
48545,9,41,1,1.5,-10,1.5,-10,534.98760986328125
48545,9,32,1,-15,5,-15,5,536.8380126953125
48545,9,29,2,-20,10,-20,10,537.4044189453125
48545,9,25,4,-25,15,-25,15,537.97100830078125
48545,9,23,2,-10,20,-10,20,540.6378173828125
48545,9,33,1,-5,5,-5,5,541.90447998046875
48545,9,36,1,5,-5,5,-5,543.08770751953125
48545,9,39,2,7.5,-7.5,7.5,-7.5,543.3375244140625
48545,9,43,4,10,-10,10,-10,543.60418701171875
48545,9,47,4,12.5,-12.5,12.5,-12.5,543.90472412109375
48545,9,50,5,15,-15,15,-15,544.1707763671875
48545,9,45,5,18.5,-10,18.5,-10,545.30462646484375
48545,9,13,2,17.5,12.5,17.5,12.5,547.8709716796875
48545,9,9,4,15,15,15,15,548.08758544921875
48545,9,12,2,12.5,12.5,12.5,12.5,548.2711181640625
48545,9,8,1,10,15,10,15,548.58782958984375
48545,9,7,1,6.5,15,6.5,15,548.82098388671875
48545,9,23,2,-10,20,-10,20,550.4044189453125
48545,9,20,4,-15,25,-15,25,551.00372314453125
48545,9,26,4,-15,15,-15,15,554.3875732421875
48545,9,30,2,-10,10,-10,10,554.97100830078125
48545,9,33,1,-5,5,-5,5,555.5709228515625
48545,9,36,1,5,-5,5,-5,556.7379150390625
48545,9,39,2,7.5,-7.5,7.5,-7.5,557.02032470703125
48545,9,43,4,10,-10,10,-10,557.2877197265625
48545,9,47,4,12.5,-12.5,12.5,-12.5,557.58721923828125
48545,9,50,5,15,-15,15,-15,557.83770751953125
48545,9,49,4,10,-15,10,-15,558.9876708984375
48545,9,46,2,7.5,-12.5,7.5,-12.5,559.4874267578125
48545,9,32,1,-15,5,-15,5,562.2047119140625
48545,9,29,2,-20,10,-20,10,562.82061767578125
48545,9,25,4,-25,15,-25,15,563.37078857421875
48545,9,24,5,-30,15,-30,15,563.73797607421875
48545,9,26,4,-15,15,-15,15,565.18768310546875
48545,9,30,2,-10,10,-10,10,565.7869873046875
48545,9,33,1,-5,5,-5,5,566.40386962890625
48545,9,36,1,5,-5,5,-5,567.58721923828125
48545,9,39,2,7.5,-7.5,7.5,-7.5,567.83721923828125
48545,9,43,4,10,-10,10,-10,568.1046142578125
48545,9,47,4,12.5,-12.5,12.5,-12.5,568.40411376953125
48545,9,50,5,15,-15,15,-15,568.67041015625
48545,9,45,5,18.5,-10,18.5,-10,570.00457763671875
48545,9,16,2,20,10,20,10,572.6876220703125
48545,9,10,4,20,15,20,15,573.07098388671875
48545,9,9,4,15,15,15,15,573.30377197265625
48545,9,6,4,17.5,17.5,17.5,17.5,573.37042236328125
48545,9,5,2,12.5,17.5,12.5,17.5,573.6201171875
48545,9,3,4,15,20,15,20,573.67010498046875
48545,9,2,2,10,20,10,20,573.9207763671875
48545,9,21,2,-5,25,-5,25,575.32122802734375
48545,9,20,4,-15,25,-15,25,576.13671875
48545,9,18,5,-15,30,-15,30,576.5880126953125
48545,9,19,5,-25,25,-25,25,577.9879150390625
48545,9,26,4,-15,15,-15,15,579.98651123046875
48545,9,30,2,-10,10,-10,10,580.60382080078125
48545,9,33,1,-5,5,-5,5,581.2213134765625
48545,9,36,1,5,-5,5,-5,582.40362548828125
48545,9,43,4,10,-10,10,-10,582.9376220703125
48545,9,47,4,12.5,-12.5,12.5,-12.5,583.22113037109375
48545,9,50,5,15,-15,15,-15,583.4871826171875
48545,9,45,5,18.5,-10,18.5,-10,584.3712158203125
48545,9,13,2,17.5,12.5,17.5,12.5,586.28802490234375
48545,9,9,4,15,15,15,15,586.57110595703125
48545,9,6,4,17.5,17.5,17.5,17.5,586.68780517578125
48545,9,5,2,12.5,17.5,12.5,17.5,586.8878173828125
48545,9,2,2,10,20,10,20,587.18798828125
48545,9,21,2,-5,25,-5,25,588.6710205078125
48545,9,20,4,-15,25,-15,25,589.4879150390625
48545,9,19,5,-25,25,-25,25,590.30352783203125
48545,9,22,4,-20,20,-20,20,591.08782958984375
48545,9,26,4,-15,15,-15,15,591.87078857421875
48545,9,36,1,5,-5,5,-5,594.30450439453125
48545,9,39,2,7.5,-7.5,7.5,-7.5,594.48687744140625
48545,9,43,4,10,-10,10,-10,594.78790283203125
48545,9,47,4,12.5,-12.5,12.5,-12.5,595.0880126953125
48545,9,50,5,15,-15,15,-15,595.32012939453125
48545,9,51,5,10,-18.5,10,-18.5,595.90411376953125
48545,9,48,2,5,-15,5,-15,596.40472412109375
48545,9,46,2,7.5,-12.5,7.5,-12.5,596.537109375
48545,9,42,1,5,-10,5,-10,596.78692626953125
48545,9,7,1,6.5,15,6.5,15,599.3380126953125
48545,9,1,5,15,23.5,15,23.5,600.8712158203125
48545,9,3,4,15,20,15,20,600.9713134765625
48545,9,6,4,17.5,17.5,17.5,17.5,601.2711181640625
48545,9,10,4,20,15,20,15,601.5377197265625
48545,9,16,2,20,10,20,10,602.0045166015625
48545,9,17,1,15,6.5,15,6.5,604.7042236328125
48545,9,13,2,17.5,12.5,17.5,12.5,606.63702392578125
48545,9,9,4,15,15,15,15,606.92022705078125
48545,9,5,2,12.5,17.5,12.5,17.5,607.27117919921875
48545,9,2,2,10,20,10,20,607.53778076171875
48545,9,1,5,15,23.5,15,23.5,608.57122802734375
48545,9,3,4,15,20,15,20,608.6038818359375
48545,9,4,5,20,20,20,20,609.3369140625
48545,9,11,5,23.5,15,23.5,15,610.57098388671875
48545,9,10,4,20,15,20,15,610.8712158203125
48545,9,8,1,10,15,10,15,611.73681640625
48545,9,7,1,6.5,15,6.5,15,612.03778076171875
48545,9,28,1,0,15,0,15,612.5880126953125
48545,9,27,1,-5,15,-5,15,613.00372314453125
48545,9,26,4,-15,15,-15,15,613.78790283203125
48545,9,25,4,-25,15,-25,15,614.62078857421875
48545,9,24,5,-30,15,-30,15,615.0211181640625
48545,9,19,5,-25,25,-25,25,616.70361328125
48545,9,22,4,-20,20,-20,20,617.27117919921875
48545,9,30,2,-10,10,-10,10,618.4879150390625
48545,9,33,1,-5,5,-5,5,619.10382080078125
48545,9,36,1,5,-5,5,-5,620.28790283203125
48545,9,39,2,7.5,-7.5,7.5,-7.5,620.53717041015625
48545,9,43,4,10,-10,10,-10,620.8037109375
48545,9,47,4,12.5,-12.5,12.5,-12.5,621.1046142578125
48545,9,44,4,15,-10,15,-10,621.18682861328125
48545,9,50,5,15,-15,15,-15,621.37017822265625
48545,9,45,5,18.5,-10,18.5,-10,623.33782958984375
48545,9,40,2,12.5,-7.5,12.5,-7.5,623.97100830078125
48545,9,37,1,10,-5,10,-5,624.2869873046875
48545,9,35,1,10,-1.5,10,-1.5,624.5211181640625
48545,9,33,1,-5,5,-5,5,625.88787841796875
48545,9,30,2,-10,10,-10,10,626.43768310546875
48545,9,26,4,-15,15,-15,15,626.9876708984375
48545,9,22,4,-20,20,-20,20,627.5880126953125
48545,9,19,5,-25,25,-25,25,628.13787841796875
48545,9,24,5,-30,15,-30,15,629.92071533203125
48545,9,53,2,-30,-10,-30,-10,632.037109375
48545,9,58,4,-30,-20,-30,-20,632.87127685546875
48545,9,64,5,-30,-30,-30,-30,633.6710205078125
48545,9,65,4,-20,-30,-20,-30,634.67041015625
48545,9,66,2,-10,-30,-10,-30,635.52142333984375
48545,9,51,5,10,-18.5,10,-18.5,637.5714111328125
48545,9,50,5,15,-15,15,-15,638.0045166015625
48545,9,45,5,18.5,-10,18.5,-10,638.57122802734375
48545,9,11,5,23.5,15,23.5,15,642.2213134765625
48545,10,41,2,1.5,-10,1.5,-10,1125.739013671875
48545,10,42,2,5,-10,5,-10,1127.27099609375
48545,10,39,2,7.5,-7.5,7.5,-7.5,1127.489013671875
48545,10,43,2,10,-10,10,-10,1127.68798828125
48545,10,40,2,12.5,-7.5,12.5,-7.5,1127.8890380859375
48545,10,17,2,15,6.5,15,6.5,1129.18896484375
48545,10,13,2,17.5,12.5,17.5,12.5,1130.02099609375
48545,10,16,2,20,10,20,10,1130.072021484375
48545,10,15,2,15,10,15,10,1130.1719970703125
48545,10,9,2,15,15,15,15,1130.470947265625
48545,10,3,2,15,20,15,20,1130.887939453125
48545,10,1,2,15,23.5,15,23.5,1131.1719970703125
48545,10,2,2,10,20,10,20,1131.5050048828125
48545,10,7,2,6.5,15,6.5,15,1132.0379638671875
48545,10,8,2,10,15,10,15,1132.2220458984375
48545,10,12,2,12.5,12.5,12.5,12.5,1132.5059814453125
48545,10,14,2,10,10,10,10,1132.7049560546875
48545,10,35,2,10,-1.5,10,-1.5,1133.738037109375
48545,10,37,2,10,-5,10,-5,1134.072021484375
48545,10,36,2,5,-5,5,-5,1134.322021484375
48545,10,42,2,5,-10,5,-10,1134.6719970703125
48545,10,46,2,7.5,-12.5,7.5,-12.5,1134.9219970703125
48545,10,49,2,10,-15,10,-15,1135.2049560546875
48545,10,50,2,15,-15,15,-15,1136.52197265625
48545,10,47,2,12.5,-12.5,12.5,-12.5,1136.8050537109375
48545,10,43,2,10,-10,10,-10,1137.10498046875
48545,10,39,2,7.5,-7.5,7.5,-7.5,1137.405029296875
48545,10,33,2,-5,5,-5,5,1138.8719482421875
48545,10,30,2,-10,10,-10,10,1139.4720458984375
48545,10,26,2,-15,15,-15,15,1140.0379638671875
48545,10,22,2,-20,20,-20,20,1140.637939453125
48545,10,24,2,-30,15,-30,15,1142.071044921875
48545,10,29,2,-20,10,-20,10,1143.0050048828125
48545,10,32,2,-15,5,-15,5,1143.637939453125
48545,10,52,2,-20,-5,-20,-5,1144.6719970703125
48545,10,54,2,-20,-10,-20,-10,1145.137939453125
48545,10,57,2,-15,-15,-15,-15,1145.77197265625
48545,10,66,2,-10,-30,-10,-30,1149.488037109375
48545,10,65,2,-20,-30,-20,-30,1150.321044921875
48545,10,64,2,-30,-30,-30,-30,1151.1390380859375
48545,10,58,2,-30,-20,-30,-20,1152.0880126953125
48545,10,53,2,-30,-10,-30,-10,1152.9219970703125
48545,10,31,2,-25,5,-25,5,1154.2889404296875
48545,10,29,2,-20,10,-20,10,1154.8709716796875
48545,10,26,2,-15,15,-15,15,1155.4720458984375
48545,10,23,2,-10,20,-10,20,1156.0379638671875
48545,10,2,2,10,20,10,20,1157.822021484375
48545,10,5,2,12.5,17.5,12.5,17.5,1158.10498046875
48545,10,9,2,15,15,15,15,1158.406005859375
48545,10,13,2,17.5,12.5,17.5,12.5,1158.68896484375
48545,10,16,2,20,10,20,10,1158.989013671875
48545,10,15,2,15,10,15,10,1159.52197265625
48545,10,12,2,12.5,12.5,12.5,12.5,1159.8709716796875
48545,10,28,2,0,15,0,15,1161.5379638671875
48545,10,27,2,-5,15,-5,15,1161.8890380859375
48545,10,23,2,-10,20,-10,20,1162.489013671875
48545,10,25,2,-25,15,-25,15,1163.822021484375
48545,10,24,2,-30,15,-30,15,1164.322021484375
48545,10,29,2,-20,10,-20,10,1164.8890380859375
48545,10,34,2,-15,0,-15,0,1165.9219970703125
48545,10,48,2,5,-15,5,-15,1168.43798828125
48545,10,49,2,10,-15,10,-15,1168.8719482421875
48545,10,47,2,12.5,-12.5,12.5,-12.5,1169.1209716796875
48545,10,43,2,10,-10,10,-10,1169.3050537109375
48545,10,40,2,12.5,-7.5,12.5,-7.5,1169.52197265625
48545,10,37,2,10,-5,10,-5,1169.7220458984375
48545,10,36,2,5,-5,5,-5,1170.0889892578125
48545,10,41,2,1.5,-10,1.5,-10,1170.572021484375
48545,10,46,2,7.5,-12.5,7.5,-12.5,1171.239013671875
48545,10,50,2,15,-15,15,-15,1171.8890380859375
48545,10,44,2,15,-10,15,-10,1172.2049560546875
48545,10,39,2,7.5,-7.5,7.5,-7.5,1173.02099609375
48545,10,17,2,15,6.5,15,6.5,1174.720947265625
48545,10,15,2,15,10,15,10,1175.02197265625
48545,10,9,2,15,15,15,15,1175.43798828125
48545,10,3,2,15,20,15,20,1175.8389892578125
48545,10,1,2,15,23.5,15,23.5,1176.1219482421875
48545,10,2,2,10,20,10,20,1176.5889892578125
48545,10,8,2,10,15,10,15,1177.02099609375
48545,10,14,2,10,10,10,10,1177.43798828125
48545,10,27,2,-5,15,-5,15,1178.887939453125
48545,10,19,2,-25,25,-25,25,1181.1219482421875
48545,10,22,2,-20,20,-20,20,1181.52197265625
48545,10,30,2,-10,10,-10,10,1183.0389404296875
48545,10,33,2,-5,5,-5,5,1183.7220458984375
48545,10,36,2,5,-5,5,-5,1185.18896484375
48545,10,39,2,7.5,-7.5,7.5,-7.5,1185.406005859375
48545,10,42,2,5,-10,5,-10,1185.60595703125
48545,10,46,2,7.5,-12.5,7.5,-12.5,1185.821044921875
48545,10,48,2,5,-15,5,-15,1186.02099609375
48545,10,49,2,10,-15,10,-15,1186.18798828125
48545,10,47,2,12.5,-12.5,12.5,-12.5,1186.43896484375
48545,10,40,2,12.5,-7.5,12.5,-7.5,1186.905029296875
48545,10,37,2,10,-5,10,-5,1187.3389892578125
48545,10,35,2,10,-1.5,10,-1.5,1187.4210205078125
48545,10,17,2,15,6.5,15,6.5,1188.2220458984375
48545,10,15,2,15,10,15,10,1188.52099609375
48545,10,9,2,15,15,15,15,1188.93896484375
48545,10,3,2,15,20,15,20,1189.3719482421875
48545,10,1,2,15,23.5,15,23.5,1189.6390380859375
48545,10,14,2,10,10,10,10,1191.322021484375
48545,10,13,2,17.5,12.5,17.5,12.5,1192.02099609375
48545,10,6,2,17.5,17.5,17.5,17.5,1192.406005859375
48545,10,2,2,10,20,10,20,1193.0389404296875
48545,10,8,2,10,15,10,15,1193.4720458984375
48545,10,12,2,12.5,12.5,12.5,12.5,1193.7889404296875
48545,10,9,2,15,15,15,15,1193.9720458984375
48545,10,10,2,20,15,20,15,1194.3719482421875
48545,10,11,2,23.5,15,23.5,15,1194.6390380859375
48545,10,4,2,20,20,20,20,1194.93798828125
48545,10,3,2,15,20,15,20,1195.406005859375
48545,10,5,2,12.5,17.5,12.5,17.5,1195.720947265625
48545,10,17,2,15,6.5,15,6.5,1197.7889404296875
48545,10,15,2,15,10,15,10,1198.0389404296875
48545,10,1,2,15,23.5,15,23.5,1199.18896484375
48545,10,22,2,-20,20,-20,20,1202.1219482421875
48545,10,30,2,-10,10,-10,10,1204.5889892578125
48545,10,33,2,-5,5,-5,5,1205.1219482421875
48545,10,42,2,5,-10,5,-10,1206.68896484375
48545,10,46,2,7.5,-12.5,7.5,-12.5,1206.988037109375
48545,10,49,2,10,-15,10,-15,1207.2889404296875
48545,10,47,2,12.5,-12.5,12.5,-12.5,1207.4219970703125
48545,10,50,2,15,-15,15,-15,1207.6390380859375
48545,10,43,2,10,-10,10,-10,1208.1219482421875
48545,10,39,2,7.5,-7.5,7.5,-7.5,1208.4219970703125
48545,10,36,2,5,-5,5,-5,1208.7220458984375
48545,10,33,2,-5,5,-5,5,1210.1719970703125
48545,10,30,2,-10,10,-10,10,1210.489013671875
48545,10,26,2,-15,15,-15,15,1211.0889892578125
48545,10,22,2,-20,20,-20,20,1211.6719970703125
48545,10,19,2,-25,25,-25,25,1212.27197265625
48545,10,33,2,-5,5,-5,5,1215.60595703125
48545,10,36,2,5,-5,5,-5,1216.7889404296875
48545,10,39,2,7.5,-7.5,7.5,-7.5,1217.072021484375
48545,10,43,2,10,-10,10,-10,1217.3719482421875
48545,10,47,2,12.5,-12.5,12.5,-12.5,1217.6719970703125
48545,10,50,2,15,-15,15,-15,1217.9720458984375
48545,10,33,2,-5,5,-5,5,1221.3389892578125
48545,10,30,2,-10,10,-10,10,1221.93896484375
48545,10,26,2,-15,15,-15,15,1222.52197265625
48545,10,22,2,-20,20,-20,20,1223.1219482421875
48545,10,19,2,-25,25,-25,25,1223.7060546875
48545,10,30,2,-10,10,-10,10,1226.9720458984375
48545,10,33,2,-5,5,-5,5,1227.1719970703125
48545,10,36,2,5,-5,5,-5,1228.3389892578125
48545,10,39,2,7.5,-7.5,7.5,-7.5,1228.6390380859375
48545,10,43,2,10,-10,10,-10,1228.9219970703125
48545,10,47,2,12.5,-12.5,12.5,-12.5,1229.2220458984375
48545,10,50,2,15,-15,15,-15,1229.52197265625
48545,10,33,2,-5,5,-5,5,1232.8890380859375
48545,10,30,2,-10,10,-10,10,1233.4720458984375
48545,10,26,2,-15,15,-15,15,1234.0389404296875
48545,10,22,2,-20,20,-20,20,1234.6390380859375
48545,10,19,2,-25,25,-25,25,1235.2220458984375
48545,10,15,2,15,10,15,10,1243.60595703125
48545,10,50,2,15,-15,15,-15,1255.406005859375
48545,10,33,2,-5,5,-5,5,1264.77197265625
48545,10,36,2,5,-5,5,-5,1265.93896484375
48545,10,39,2,7.5,-7.5,7.5,-7.5,1266.238037109375
48545,10,43,2,10,-10,10,-10,1266.5389404296875
48545,10,47,2,12.5,-12.5,12.5,-12.5,1266.8389892578125
48545,10,50,2,15,-15,15,-15,1267.1219482421875
48545,10,33,2,-5,5,-5,5,1270.572021484375
48545,10,30,2,-10,10,-10,10,1271.1390380859375
48545,10,26,2,-15,15,-15,15,1271.739013671875
48545,10,22,2,-20,20,-20,20,1272.322021484375
48545,10,19,2,-25,25,-25,25,1272.9219970703125
48545,10,30,2,-10,10,-10,10,1276.1719970703125
48545,10,33,2,-5,5,-5,5,1276.5050048828125
48545,10,36,2,5,-5,5,-5,1277.68896484375
48545,10,39,2,7.5,-7.5,7.5,-7.5,1277.9720458984375
48545,10,43,2,10,-10,10,-10,1278.27294921875
48545,10,47,2,12.5,-12.5,12.5,-12.5,1278.572021484375
48545,10,50,2,15,-15,15,-15,1278.8719482421875
48545,10,33,2,-5,5,-5,5,1282.1719970703125
48545,10,30,2,-10,10,-10,10,1282.77197265625
48545,10,26,2,-15,15,-15,15,1283.3389892578125
48545,10,22,2,-20,20,-20,20,1283.93896484375
48545,10,19,2,-25,25,-25,25,1284.52099609375
48545,10,33,2,-5,5,-5,5,1287.5379638671875
48545,10,36,2,5,-5,5,-5,1288.7220458984375
48545,10,39,2,7.5,-7.5,7.5,-7.5,1289.02197265625
48545,10,43,2,10,-10,10,-10,1289.3060302734375
48545,10,47,2,12.5,-12.5,12.5,-12.5,1289.60595703125
48545,10,50,2,15,-15,15,-15,1289.906005859375
48545,10,33,2,-5,5,-5,5,1292.989013671875
48545,10,30,2,-10,10,-10,10,1293.572021484375
48545,10,26,2,-15,15,-15,15,1294.1719970703125
48545,10,22,2,-20,20,-20,20,1294.738037109375
48545,10,19,2,-25,25,-25,25,1295.3380126953125
48545,10,7,2,6.5,15,6.5,15,1299.5389404296875
48545,10,8,2,10,15,10,15,1299.77197265625
48545,10,9,2,15,15,15,15,1300.2889404296875
48545,10,10,2,20,15,20,15,1300.7049560546875
48545,10,13,2,17.5,12.5,17.5,12.5,1301.0059814453125
48545,10,6,2,17.5,17.5,17.5,17.5,1301.3389892578125
48545,10,4,2,20,20,20,20,1301.5389404296875
48545,10,1,2,15,23.5,15,23.5,1301.93896484375
48545,10,2,2,10,20,10,20,1302.43896484375
48545,10,14,2,10,10,10,10,1303.322021484375
48545,10,17,2,15,6.5,15,6.5,1303.9219970703125
48545,10,38,2,15,-5,15,-5,1304.77197265625
48545,10,40,2,12.5,-7.5,12.5,-7.5,1305.0389404296875
48545,10,43,2,10,-10,10,-10,1305.322021484375
48545,10,46,2,7.5,-12.5,7.5,-12.5,1305.6219482421875
48545,10,48,2,5,-15,5,-15,1305.9219970703125
48545,10,41,2,1.5,-10,1.5,-10,1306.3060302734375
48545,10,54,2,-20,-10,-20,-10,1308.238037109375
48545,10,52,2,-20,-5,-20,-5,1308.5389404296875
48545,10,34,2,-15,0,-15,0,1309.2060546875
48545,10,32,2,-15,5,-15,5,1309.60595703125
48545,10,26,2,-15,15,-15,15,1310.43798828125
48545,10,20,2,-15,25,-15,25,1311.2889404296875
48545,10,22,2,-20,20,-20,20,1312.6219482421875
48545,10,23,2,-10,20,-10,20,1313.5050048828125
48545,10,28,2,0,15,0,15,1314.5050048828125
48545,10,14,2,10,10,10,10,1315.5059814453125
48545,10,12,2,12.5,12.5,12.5,12.5,1315.7220458984375
48545,10,9,2,15,15,15,15,1316.072998046875
48545,10,3,2,15,20,15,20,1316.5059814453125
48545,10,1,2,15,23.5,15,23.5,1316.7879638671875
48545,10,4,2,20,20,20,20,1317.4219970703125
48545,10,10,2,20,15,20,15,1317.873046875
48545,10,13,2,17.5,12.5,17.5,12.5,1318.239013671875
48545,10,16,2,20,10,20,10,1318.2879638671875
48545,10,15,2,15,10,15,10,1318.5379638671875
48545,10,17,2,15,6.5,15,6.5,1318.7049560546875
48545,10,38,2,15,-5,15,-5,1319.6390380859375
48545,10,44,2,15,-10,15,-10,1320.072021484375
48545,10,47,2,12.5,-12.5,12.5,-12.5,1320.4720458984375
48545,10,49,2,10,-15,10,-15,1320.7230224609375
48545,10,46,2,7.5,-12.5,7.5,-12.5,1320.9219970703125
48545,10,42,2,5,-10,5,-10,1321.27099609375
48545,10,43,2,10,-10,10,-10,1321.77197265625
48545,10,40,2,12.5,-7.5,12.5,-7.5,1322.1710205078125
48545,10,35,2,10,-1.5,10,-1.5,1322.739013671875
48545,10,14,2,10,10,10,10,1323.6719970703125
48545,10,12,2,12.5,12.5,12.5,12.5,1323.887939453125
48545,10,15,2,15,10,15,10,1324.0389404296875
48545,10,13,2,17.5,12.5,17.5,12.5,1324.2060546875
48545,10,10,2,20,15,20,15,1324.4720458984375
48545,10,4,2,20,20,20,20,1324.887939453125
48545,10,3,2,15,20,15,20,1325.239013671875
48545,10,6,2,17.5,17.5,17.5,17.5,1325.27197265625
48545,10,17,2,15,6.5,15,6.5,1326.1719970703125
48545,10,37,2,10,-5,10,-5,1327.3060302734375
48545,10,39,2,7.5,-7.5,7.5,-7.5,1327.5389404296875
48545,10,42,2,5,-10,5,-10,1327.8389892578125
48545,10,41,2,1.5,-10,1.5,-10,1328.1390380859375
48545,10,33,2,-5,5,-5,5,1330.905029296875
48545,10,30,2,-10,10,-10,10,1331.489013671875
48545,10,26,2,-15,15,-15,15,1332.072998046875
48545,10,27,2,-5,15,-5,15,1332.7879638671875
48545,10,28,2,0,15,0,15,1333.18798828125
48545,10,2,2,10,20,10,20,1334.123046875
48545,10,3,2,15,20,15,20,1334.5389404296875
48545,10,6,2,17.5,17.5,17.5,17.5,1334.77197265625
48545,10,13,2,17.5,12.5,17.5,12.5,1335.18798828125
48545,10,15,2,15,10,15,10,1335.405029296875
48545,10,14,2,10,10,10,10,1335.9720458984375
48545,10,7,2,6.5,15,6.5,15,1336.739013671875
48545,10,12,2,12.5,12.5,12.5,12.5,1337.1219482421875
48545,10,11,2,23.5,15,23.5,15,1338.2220458984375
48545,10,10,2,20,15,20,15,1338.52294921875
48545,10,9,2,15,15,15,15,1338.93798828125
48545,10,8,2,10,15,10,15,1339.3719482421875
48545,10,28,2,0,15,0,15,1340.2060546875
48545,10,27,2,-5,15,-5,15,1340.6219482421875
48545,10,23,2,-10,20,-10,20,1341.2049560546875
48545,10,20,2,-15,25,-15,25,1342.0389404296875
48545,10,19,2,-25,25,-25,25,1342.8890380859375
48545,10,22,2,-20,20,-20,20,1343.6219482421875
48545,10,26,2,-15,15,-15,15,1344.072021484375
48545,10,28,2,0,15,0,15,1345.489013671875
48545,10,7,2,6.5,15,6.5,15,1346.02294921875
48545,10,8,2,10,15,10,15,1346.322021484375
48545,10,9,2,15,15,15,15,1346.7220458984375
48545,10,13,2,17.5,12.5,17.5,12.5,1347.02197265625
48545,10,16,2,20,10,20,10,1347.3060302734375
48545,10,15,2,15,10,15,10,1347.4720458984375
48545,10,12,2,12.5,12.5,12.5,12.5,1347.68896484375
48545,10,14,2,10,10,10,10,1347.8890380859375
48545,10,2,2,10,20,10,20,1348.60498046875
48545,10,3,2,15,20,15,20,1349.0889892578125
48545,10,4,2,20,20,20,20,1349.489013671875
48545,10,10,2,20,15,20,15,1349.7220458984375
48545,10,38,2,15,-5,15,-5,1352.7049560546875
48545,10,40,2,12.5,-7.5,12.5,-7.5,1353.02197265625
48545,10,43,2,10,-10,10,-10,1353.322998046875
48545,10,46,2,7.5,-12.5,7.5,-12.5,1353.60595703125
48545,10,41,2,5,-10,1.5,-10,1354.18896484375
48545,10,42,2,5,-10,5,-10,1354.2049560546875
48545,10,39,2,7.5,-7.5,7.5,-7.5,1354.572021484375
48545,10,44,2,15,-10,15,-10,1355.239013671875
48545,10,45,2,18.5,-10,18.5,-10,1355.5389404296875
48545,10,17,2,15,6.5,15,6.5,1357.52294921875
48545,10,16,2,20,10,20,10,1357.93896484375
48545,10,13,2,17.5,12.5,17.5,12.5,1358.10595703125
48545,10,9,2,15,15,15,15,1358.3389892578125
48545,10,6,2,17.5,17.5,17.5,17.5,1358.623046875
48545,10,3,2,15,20,15,20,1358.8050537109375
48545,10,2,2,10,20,10,20,1359.18896484375
48545,10,7,2,6.5,15,6.5,15,1359.7049560546875
48545,10,26,2,-15,15,-15,15,1361.623046875
48545,10,22,2,-20,20,-20,20,1362.2049560546875
48545,10,19,2,-25,25,-25,25,1362.7889404296875
48545,10,20,2,-15,25,-15,25,1363.5389404296875
48545,10,27,2,-5,15,-5,15,1365.0389404296875
48545,10,28,2,0,15,0,15,1365.4720458984375
48545,10,7,2,6.5,15,6.5,15,1366.0059814453125
48545,10,8,2,10,15,10,15,1366.3050537109375
48545,10,9,2,15,15,15,15,1366.7220458984375
48545,10,10,2,20,15,20,15,1367.1390380859375
48545,10,4,2,20,20,20,20,1367.60595703125
48545,10,3,2,15,20,15,20,1368.10595703125
48545,10,5,2,12.5,17.5,12.5,17.5,1368.4730224609375
