subject,level,obj_ID,point_value,x,y,new_x,new_y,time
48588,1,68,2,-15,-6.5,-15,-6.5,54.44752883911133
48588,1,66,2,-15,-10,-15,-10,54.796730041503906
48588,1,64,2,-17.5,-12.5,-17.5,-12.5,55.03123092651367
48588,1,67,2,-20,-10,-20,-10,55.446929931640625
48588,1,62,2,-23.5,-15,-23.5,-15,56.24763107299805
48588,1,57,2,-17.5,-17.5,-17.5,-17.5,56.79803085327149
48588,1,55,2,-20,-20,-20,-20,57.0643310546875
48588,1,52,2,-15,-23.5,-15,-23.5,57.6810302734375
48588,1,56,2,-12.5,-17.5,-12.5,-17.5,58.19792938232422
48588,1,63,2,-12.5,-12.5,-12.5,-12.5,58.630130767822266
48588,1,65,2,-10,-10,-10,-10,58.86343002319336
48588,1,58,2,-6.5,-15,-6.5,-15,59.397830963134766
48588,1,59,2,-10,-15,-10,-15,59.78083038330078
48588,1,60,2,-15,-15,-15,-15,60.180328369140625
48588,1,61,2,-20,-15,-20,-15,60.59663009643555
48588,1,64,2,-17.5,-12.5,-17.5,-12.5,60.881229400634766
48588,1,66,2,-15,-10,-15,-10,61.19783020019531
48588,1,68,2,-15,-6.5,-15,-6.5,61.53092956542969
48588,1,62,2,-23.5,-15,-23.5,-15,62.99773025512695
48588,1,57,2,-17.5,-17.5,-17.5,-17.5,63.531028747558594
48588,1,56,2,-12.5,-17.5,-12.5,-17.5,63.9310302734375
48588,1,54,2,-10,-20,-10,-20,64.1800308227539
48588,1,52,2,-15,-23.5,-15,-23.5,64.54773712158203
48588,1,55,2,-20,-20,-20,-20,64.99762725830078
48588,1,53,2,-15,-20,-15,-20,66.4476318359375
48588,1,60,2,-15,-15,-15,-15,66.89774322509766
48588,1,64,2,-17.5,-12.5,-17.5,-12.5,67.19673156738281
48588,1,66,2,-15,-10,-15,-10,67.34693145751953
48588,1,67,2,-20,-10,-20,-10,67.5642318725586
48588,1,68,2,-15,-6.5,-15,-6.5,68.49772644042969
48588,1,63,2,-12.5,-12.5,-12.5,-12.5,69.13102722167969
48588,1,66,2,-15,-10,-15,-10,73.0643310546875
48588,1,60,2,-15,-15,-15,-15,73.480133056640625
48588,1,53,2,-15,-20,-15,-20,73.89803314208984
48588,1,52,2,-15,-23.5,-15,-23.5,74.1977310180664
48588,1,55,2,-20,-20,-20,-20,75.031036376953125
48588,1,57,2,-17.5,-17.5,-17.5,-17.5,75.281036376953125
48588,1,63,2,-12.5,-12.5,-12.5,-12.5,75.88072967529297
48588,1,65,2,-10,-10,-10,-10,76.163330078125
48588,1,68,2,-15,-6.5,-15,-6.5,76.74693298339844
48588,1,67,2,-20,-10,-20,-10,77.6311264038086
48588,1,64,2,-17.5,-12.5,-17.5,-12.5,77.9309310913086
48588,1,56,2,-12.5,-17.5,-12.5,-17.5,78.49713134765625
48588,1,60,2,-15,-15,-15,-15,78.531036376953125
48588,1,54,2,-10,-20,-10,-20,78.81352996826172
48588,1,58,2,-6.5,-15,-6.5,-15,79.49664306640625
48588,1,57,2,-17.5,-17.5,-17.5,-17.5,80.597930908203125
48588,1,61,2,-20,-15,-20,-15,80.79783630371094
48588,1,68,2,-15,-6.5,-15,-6.5,83.0312271118164
48588,1,66,2,-15,-10,-15,-10,83.33003234863281
48588,1,60,2,-15,-15,-15,-15,83.74762725830078
48588,1,53,2,-15,-20,-15,-20,84.1478271484375
48588,1,52,2,-15,-23.5,-15,-23.5,84.4476318359375
48588,1,55,2,-20,-20,-20,-20,85.0633316040039
48588,1,57,2,-17.5,-17.5,-17.5,-17.5,85.62993621826172
48588,1,56,2,-12.5,-17.5,-12.5,-17.5,85.69683074951172
48588,1,59,2,-10,-15,-10,-15,85.980926513671875
48588,1,65,2,-10,-10,-10,-10,86.39774322509766
48588,1,67,2,-20,-10,-20,-10,87.3309326171875
48588,1,62,2,-23.5,-15,-23.5,-15,87.89774322509766
48588,1,61,2,-20,-15,-20,-15,88.03083038330078
48588,1,64,2,-17.5,-12.5,-17.5,-12.5,88.5633316040039
48588,1,66,2,-15,-10,-15,-10,88.780731201171875
48588,1,68,2,-15,-6.5,-15,-6.5,89.164337158203125
48588,1,63,2,-12.5,-12.5,-12.5,-12.5,89.99683380126953
48588,1,60,2,-15,-15,-15,-15,90.281036376953125
48588,1,53,2,-15,-20,-15,-20,90.6801300048828
48588,1,52,2,-15,-23.5,-15,-23.5,90.98043060302734
48588,1,54,2,-10,-20,-10,-20,91.4466323852539
48588,1,59,2,-10,-15,-10,-15,91.86353302001952
48588,1,58,2,-6.5,-15,-6.5,-15,91.963531494140625
48588,1,65,2,-10,-10,-10,-10,92.346832275390625
48588,1,57,2,-17.5,-17.5,-17.5,-17.5,92.980743408203125
48588,1,55,2,-20,-20,-20,-20,93.36443328857422
48588,1,62,2,-23.5,-15,-23.5,-15,94.0467300415039
48588,1,61,2,-20,-15,-20,-15,94.1966323852539
48588,1,67,2,-20,-10,-20,-10,94.531036376953125
48588,1,68,2,-15,-6.5,-15,-6.5,95.163726806640625
48588,1,66,2,-15,-10,-15,-10,95.280242919921875
48588,1,63,2,-12.5,-12.5,-12.5,-12.5,95.547332763671875
48588,1,60,2,-15,-15,-15,-15,95.7465362548828
48588,1,65,2,-10,-10,-10,-10,99.78003692626952
48588,1,56,2,-12.5,-17.5,-12.5,-17.5,100.26439666748048
48588,1,53,2,-15,-20,-15,-20,100.56430053710938
48588,1,52,2,-15,-23.5,-15,-23.5,100.84729766845705
48588,1,55,2,-20,-20,-20,-20,101.24759674072266
48588,1,57,2,-17.5,-17.5,-17.5,-17.5,101.5478973388672
48588,1,60,2,-15,-15,-15,-15,101.8477020263672
48588,1,64,2,-17.5,-12.5,-17.5,-12.5,101.9644012451172
48588,1,66,2,-15,-10,-15,-10,102.18000030517578
48588,1,68,2,-15,-6.5,-15,-6.5,102.48090362548828
48588,1,51,2,-15,6.5,-15,6.5,103.5644989013672
48588,1,49,2,-15,10,-15,10,103.8644027709961
48588,1,43,2,-15,15,-15,15,104.28070068359376
48588,1,36,2,-15,20,-15,20,104.69760131835938
48588,1,35,2,-15,23.5,-15,23.5,104.9977035522461
48588,1,38,2,-20,20,-20,20,106.43009948730467
48588,1,44,2,-20,15,-20,15,106.56420135498048
48588,1,40,2,-17.5,17.5,-17.5,17.5,106.59750366210938
48588,1,47,2,-17.5,12.5,-17.5,12.5,106.8643035888672
48588,1,46,2,-12.5,12.5,-12.5,12.5,107.19770050048828
48588,1,48,2,-10,10,-10,10,107.48090362548828
48588,1,41,2,-6.5,15,-6.5,15,108.14769744873048
48588,1,37,2,-10,20,-10,20,108.6479034423828
48588,1,39,2,-12.5,17.5,-12.5,17.5,108.74749755859376
48588,1,45,2,-23.5,15,-23.5,15,109.8644027709961
48588,1,50,2,-20,10,-20,10,110.33090209960938
48588,1,49,2,-15,10,-15,10,110.63099670410156
48588,1,51,2,-15,6.5,-15,6.5,110.79769897460938
48588,1,43,2,-15,15,-15,15,111.4644012451172
48588,1,36,2,-15,20,-15,20,111.9802017211914
48588,1,35,2,-15,23.5,-15,23.5,112.08090209960938
48588,1,38,2,-20,20,-20,20,112.44740295410156
48588,1,40,2,-17.5,17.5,-17.5,17.5,112.64739990234376
48588,1,47,2,-17.5,12.5,-17.5,12.5,113.06439971923828
48588,1,46,2,-12.5,12.5,-12.5,12.5,113.99669647216795
48588,1,48,2,-10,10,-10,10,114.14679718017578
48588,1,41,2,-6.5,15,-6.5,15,114.53109741210938
48588,1,37,2,-10,20,-10,20,114.94670104980467
48588,1,45,2,-23.5,15,-23.5,15,116.34760284423828
48588,1,44,2,-20,15,-20,15,116.5978012084961
48588,1,50,2,-20,10,-20,10,116.84760284423828
48588,1,51,2,-15,6.5,-15,6.5,117.28070068359376
48588,1,39,2,-15,15,-12.5,17.5,118.33090209960938
48588,1,43,2,-15,15,-15,15,118.34760284423828
48588,1,35,2,-15,23.5,-15,23.5,118.93090057373048
48588,1,38,2,-20,20,-20,20,119.3467025756836
48588,1,40,2,-17.5,17.5,-17.5,17.5,119.74690246582033
48588,1,42,2,-10,15,-10,15,120.3643035888672
48588,1,41,2,-6.5,15,-6.5,15,120.66429901123048
48588,1,48,2,-10,10,-10,10,120.96330261230467
48588,1,49,2,-15,10,-15,10,121.33100128173828
48588,1,46,2,-12.5,12.5,-12.5,12.5,121.4977035522461
48588,1,47,2,-17.5,12.5,-17.5,12.5,121.54769897460938
48588,1,50,2,-20,10,-20,10,121.87969970703124
48588,1,44,2,-20,15,-20,15,122.63089752197266
48588,1,36,2,-15,20,-15,20,123.1635971069336
48588,1,39,2,-12.5,17.5,-12.5,17.5,123.38020324707033
48588,1,37,2,-10,20,-10,20,123.5977020263672
48588,1,1,2,15,23.5,15,23.5,126.19760131835938
48588,1,2,2,15,20,15,20,126.53089904785156
48588,1,3,2,10,20,10,20,126.82969665527344
48588,1,8,2,10,15,10,15,127.26439666748048
48588,1,12,2,10,10,12.5,12.5,127.66320037841795
48588,1,14,2,10,10,10,10,127.68099975585938
48588,1,15,2,15,10,15,10,127.93109893798828
48588,1,13,2,17.5,12.5,17.5,12.5,128.19769287109375
48588,1,10,2,20,15,20,15,128.481201171875
48588,1,6,2,17.5,17.5,17.5,17.5,128.66419982910156
48588,1,5,2,12.5,17.5,12.5,17.5,129.06350708007813
48588,1,7,2,6.5,15,6.5,15,129.6466064453125
48588,1,17,2,15,6.5,15,6.5,130.89759826660156
48588,1,16,2,20,10,20,10,131.43069458007813
48588,1,11,2,23.5,15,23.5,15,131.94740295410156
48588,1,4,2,20,20,20,20,132.4300994873047
48588,1,1,2,15,23.5,15,23.5,132.8975067138672
48588,1,3,2,10,20,10,20,133.3804931640625
48588,1,9,2,15,15,15,15,133.84759521484375
48588,1,12,2,12.5,12.5,12.5,12.5,134.0312042236328
48588,1,14,2,10,10,10,10,134.3300018310547
48588,1,8,2,10,15,10,15,134.67999267578125
48588,1,5,2,12.5,17.5,12.5,17.5,134.93099975585938
48588,1,2,2,15,20,15,20,135.23109436035156
48588,1,6,2,17.5,17.5,17.5,17.5,135.46449279785156
48588,1,10,2,20,15,20,15,135.7476043701172
48588,1,13,2,17.5,12.5,17.5,12.5,135.9311065673828
48588,1,15,2,15,10,15,10,136.19679260253906
48588,1,16,2,20,10,20,10,136.82980346679688
48588,1,7,2,6.5,15,6.5,15,138.39759826660156
48588,1,17,2,15,6.5,15,6.5,139.38099670410156
48588,1,34,2,15,-6.5,15,-6.5,140.36419677734375
48588,1,32,2,15,-10,15,-10,140.66439819335938
48588,1,26,2,15,-15,15,-15,141.08099365234375
48588,1,19,2,15,-20,15,-20,141.49769592285156
48588,1,18,2,15,-23.5,15,-23.5,141.797607421875
48588,1,20,2,10,-20,10,-20,142.74659729003906
48588,1,22,2,12.5,-17.5,12.5,-17.5,142.99769592285156
48588,1,30,2,17.5,-12.5,17.5,-12.5,143.58090209960938
48588,1,33,2,20,-10,20,-10,143.87969970703125
48588,1,29,2,12.5,-12.5,12.5,-12.5,144.68099975585938
48588,1,23,2,17.5,-17.5,17.5,-17.5,145.33120727539065
48588,1,21,2,20,-20,20,-20,145.6304931640625
48588,1,28,2,23.5,-15,23.5,-15,146.31430053710938
48588,1,27,2,20,-15,20,-15,146.5469970703125
48588,1,26,2,15,-15,15,-15,146.98080444335938
48588,1,25,2,10,-15,10,-15,147.4134979248047
48588,1,24,2,6.5,-15,6.5,-15,147.68099975585938
48588,1,31,2,10,-10,10,-10,148.2469024658203
48588,1,34,2,15,-6.5,15,-6.5,149.23109436035156
48588,1,32,2,15,-10,15,-10,149.4967041015625
48588,1,19,2,15,-20,15,-20,150.3477020263672
48588,1,18,2,15,-23.5,15,-23.5,150.6304931640625
48588,1,20,2,10,-20,10,-20,151.59759521484375
48588,1,22,2,12.5,-17.5,12.5,-17.5,151.88150024414065
48588,1,26,2,15,-15,15,-15,152.1645050048828
48588,1,30,2,17.5,-12.5,17.5,-12.5,152.46429443359375
48588,1,33,2,20,-10,20,-10,152.764404296875
48588,1,31,2,10,-10,10,-10,153.66409301757813
48588,1,29,2,12.5,-12.5,12.5,-12.5,153.864501953125
48588,1,23,2,17.5,-17.5,17.5,-17.5,154.44729614257813
48588,1,21,2,20,-20,20,-20,154.74769592285156
48588,1,28,2,23.5,-15,23.5,-15,155.6309051513672
48588,1,27,2,20,-15,20,-15,155.94679260253906
48588,1,25,2,10,-15,10,-15,156.79769897460938
48588,1,24,2,6.5,-15,6.5,-15,157.09710693359375
48588,1,34,2,15,-6.5,15,-6.5,158.2642059326172
48588,1,32,2,15,-10,15,-10,158.49769592285156
48588,1,26,2,15,-15,15,-15,158.94679260253906
48588,1,19,2,15,-20,15,-20,159.38099670410156
48588,1,18,2,15,-23.5,15,-23.5,159.66360473632813
48588,1,20,2,10,-20,10,-20,160.26429748535156
48588,1,22,2,12.5,-17.5,12.5,-17.5,160.4969940185547
48588,1,30,2,17.5,-12.5,17.5,-12.5,161.0968017578125
48588,1,33,2,20,-10,20,-10,161.3804931640625
48588,1,31,2,10,-10,10,-10,162.0966033935547
48588,1,29,2,12.5,-12.5,12.5,-12.5,162.33120727539065
48588,1,23,2,17.5,-17.5,17.5,-17.5,162.89759826660156
48588,1,21,2,20,-20,20,-20,163.1800994873047
48588,1,28,2,23.5,-15,23.5,-15,163.864501953125
48588,1,27,2,20,-15,20,-15,164.06399536132813
48588,1,26,2,15,-15,15,-15,164.4967041015625
48588,1,25,2,10,-15,10,-15,164.9302978515625
48588,1,24,2,6.5,-15,6.5,-15,165.19760131835938
48588,1,34,2,15,-6.5,15,-6.5,166.58009338378906
48588,1,32,2,15,-10,15,-10,166.83090209960938
48588,1,19,2,15,-20,15,-20,167.6634063720703
48588,1,18,2,15,-23.5,15,-23.5,167.96409606933594
48588,1,20,2,10,-20,10,-20,168.8466033935547
48588,1,22,2,12.5,-17.5,12.5,-17.5,169.131103515625
48588,1,26,2,15,-15,15,-15,169.5308074951172
48588,1,30,2,17.5,-12.5,17.5,-12.5,169.69769287109375
48588,1,33,2,20,-10,20,-10,169.9976043701172
48588,1,31,2,10,-10,10,-10,170.8802032470703
48588,1,25,2,10,-15,10,-15,171.36439514160156
48588,1,23,2,17.5,-17.5,17.5,-17.5,172.147705078125
48588,1,27,2,20,-15,20,-15,172.24740600585938
48588,1,21,2,20,-20,20,-20,172.4468994140625
48588,1,28,2,23.5,-15,23.5,-15,172.78089904785156
48588,1,34,2,15,-6.5,15,-6.5,173.797607421875
48588,1,32,2,15,-10,15,-10,174.19769287109375
48588,1,29,2,12.5,-12.5,12.5,-12.5,174.2967987060547
48588,1,22,2,12.5,-17.5,12.5,-17.5,174.7476043701172
48588,1,19,2,15,-20,15,-20,175.26319885253906
48588,1,26,2,15,-15,15,-15,176.19720458984375
48588,1,30,2,17.5,-12.5,17.5,-12.5,176.22999572753906
48588,1,33,2,20,-10,20,-10,176.49679565429688
48588,1,31,2,10,-10,10,-10,177.3966064453125
48588,1,24,2,6.5,-15,6.5,-15,177.9311065673828
48588,1,20,2,10,-20,10,-20,178.33079528808594
48588,1,21,2,20,-20,20,-20,179.19650268554688
48588,1,23,2,17.5,-17.5,17.5,-17.5,179.46429443359375
48588,1,27,2,20,-15,20,-15,179.56430053710938
48588,1,32,2,15,-10,15,-10,180.07989501953125
48588,1,34,2,15,-6.5,15,-6.5,180.44760131835935
48588,1,29,2,12.5,-12.5,12.5,-12.5,180.9801025390625
48588,1,25,2,10,-15,10,-15,181.23089599609375
48588,1,22,2,12.5,-17.5,12.5,-17.5,181.42979431152344
48588,1,19,2,15,-20,15,-20,181.68069458007813
48588,1,18,2,15,-23.5,15,-23.5,181.9967041015625
48588,1,33,2,20,-10,20,-10,183.281005859375
48588,1,30,2,17.5,-12.5,17.5,-12.5,183.4633026123047
48588,1,26,2,15,-15,15,-15,183.7310028076172
48588,1,31,2,10,-10,10,-10,184.46310424804688
48588,1,24,2,6.5,-15,6.5,-15,185.24769592285156
48588,1,20,2,10,-20,10,-20,185.94769287109375
48588,1,19,2,15,-20,15,-20,186.71429443359375
48588,1,21,2,20,-20,20,-20,186.7808074951172
48588,1,27,2,20,-15,20,-15,187.2799072265625
48588,1,29,2,12.5,-12.5,12.5,-12.5,188.0135040283203
48588,1,32,2,15,-10,15,-10,188.04750061035156
48588,1,33,2,20,-10,20,-10,188.43130493164065
48588,1,34,2,15,-6.5,15,-6.5,188.56410217285156
48588,1,68,2,-15,-6.5,-15,-6.5,191.19760131835935
48588,1,66,2,-15,-10,-15,-10,191.47999572753903
48588,1,63,2,-12.5,-12.5,-12.5,-12.5,191.69760131835935
48588,1,60,2,-15,-15,-15,-15,191.8979034423828
48588,1,53,2,-15,-20,-15,-20,192.33120727539065
48588,1,52,2,-15,-23.5,-15,-23.5,192.631103515625
48588,1,55,2,-20,-20,-20,-20,193.164306640625
48588,1,57,2,-17.5,-17.5,-17.5,-17.5,193.4311981201172
48588,1,65,2,-10,-10,-10,-10,194.29769897460935
48588,1,67,2,-20,-10,-20,-10,195.24769592285156
48588,1,64,2,-17.5,-12.5,-17.5,-12.5,195.4304962158203
48588,1,56,2,-12.5,-17.5,-12.5,-17.5,195.9976043701172
48588,1,54,2,-10,-20,-10,-20,196.2978057861328
48588,1,58,2,-6.5,-15,-6.5,-15,196.96449279785156
48588,1,59,2,-10,-15,-10,-15,197.164306640625
48588,1,63,2,-12.5,-12.5,-12.5,-12.5,197.39669799804688
48588,1,60,2,-15,-15,-15,-15,197.63099670410156
48588,1,61,2,-20,-15,-20,-15,198.03070068359375
48588,1,62,2,-23.5,-15,-23.5,-15,198.33099365234375
48588,1,68,2,-15,-6.5,-15,-6.5,199.48089599609375
48588,1,66,2,-15,-10,-15,-10,199.664306640625
48588,1,53,2,-15,-20,-15,-20,200.531005859375
48588,1,52,2,-15,-23.5,-15,-23.5,200.79769897460935
48588,1,55,2,-20,-20,-20,-20,201.397705078125
48588,1,57,2,-17.5,-17.5,-17.5,-17.5,201.62989807128903
48588,1,63,2,-12.5,-12.5,-12.5,-12.5,202.4308929443359
48588,1,65,2,-10,-10,-10,-10,202.4976043701172
48588,1,58,2,-6.5,-15,-6.5,-15,202.9633026123047
48588,1,54,2,-10,-20,-10,-20,203.46420288085935
48588,1,56,2,-12.5,-17.5,-12.5,-17.5,203.64669799804688
48588,1,60,2,-15,-15,-15,-15,203.9300994873047
48588,1,64,2,-17.5,-12.5,-17.5,-12.5,204.23109436035156
48588,1,67,2,-20,-10,-20,-10,204.531005859375
48588,1,62,2,-23.5,-15,-23.5,-15,205.0467071533203
48588,1,61,2,-20,-15,-20,-15,205.43099975585935
48588,1,68,2,-15,-6.5,-15,-6.5,207.38070678710935
48588,1,52,2,-15,-23.5,-15,-23.5,208.6802978515625
48588,1,55,2,-20,-20,-20,-20,209.397705078125
48588,1,57,2,-17.5,-17.5,-17.5,-17.5,209.6808929443359
48588,1,60,2,-15,-15,-15,-15,209.96429443359375
48588,1,63,2,-12.5,-12.5,-12.5,-12.5,210.264404296875
48588,1,67,2,-20,-10,-20,-10,211.44769287109375
48588,1,54,2,-10,-20,-10,-20,212.66319274902344
48588,1,56,2,-12.5,-17.5,-12.5,-17.5,213.147705078125
48588,1,61,2,-20,-15,-20,-15,214.6634063720703
48588,1,57,2,-17.5,-17.5,-17.5,-17.5,214.73109436035156
48588,1,62,2,-23.5,-15,-23.5,-15,214.9633026123047
48588,1,68,2,-15,-6.5,-15,-6.5,216.64700317382813
48588,1,66,2,-15,-10,-15,-10,216.9468994140625
48588,1,64,2,-17.5,-12.5,-17.5,-12.5,217.1475067138672
48588,1,53,2,-15,-20,-15,-20,217.7633056640625
48588,1,52,2,-15,-23.5,-15,-23.5,218.06430053710935
48588,1,55,2,-20,-20,-20,-20,218.5644073486328
48588,1,63,2,-12.5,-12.5,-12.5,-12.5,219.3809051513672
48588,1,65,2,-10,-10,-10,-10,219.6808929443359
48588,1,58,2,-6.5,-15,-6.5,-15,220.26429748535156
48588,1,59,2,-10,-15,-10,-15,220.69760131835935
48588,1,56,2,-12.5,-17.5,-12.5,-17.5,220.7801971435547
48588,1,57,2,-17.5,-17.5,-17.5,-17.5,221.1968994140625
48588,1,61,2,-20,-15,-20,-15,221.47999572753903
48588,1,62,2,-23.5,-15,-23.5,-15,221.69720458984375
48588,1,67,2,-20,-10,-20,-10,222.06430053710935
48588,1,64,2,-17.5,-12.5,-17.5,-12.5,222.24679565429688
48588,1,60,2,-15,-15,-15,-15,222.54750061035156
48588,1,54,2,-10,-20,-10,-20,223.1466064453125
48588,1,52,2,-15,-23.5,-15,-23.5,223.83099365234375
48588,1,53,2,-15,-20,-15,-20,224.06430053710935
48588,1,66,2,-15,-10,-15,-10,224.89669799804688
48588,1,68,2,-15,-6.5,-15,-6.5,225.1977996826172
48588,2,31,5,10,-10,10,-10,708.297607421875
48588,2,29,4,12.5,-12.5,12.5,-12.5,708.33087158203125
48588,2,25,5,10,-15,10,-15,708.71417236328125
48588,2,22,4,12.5,-17.5,12.5,-17.5,708.96392822265625
48588,2,24,5,6.5,-15,6.5,-15,709.24761962890625
48588,2,59,5,-10,-15,-10,-15,710.6298828125
48588,2,63,4,-12.5,-12.5,-12.5,-12.5,710.89752197265625
48588,2,65,5,-10,-10,-10,-10,711.09771728515625
48588,2,66,5,-15,-10,-15,-10,711.74761962890625
48588,2,68,5,-15,-6.5,-15,-6.5,712.080810546875
48588,2,51,5,-15,6.5,-15,6.5,713.1807861328125
48588,2,14,5,15,6.5,10,10,716.864013671875
48588,2,17,5,15,6.5,15,6.5,716.8798828125
48588,2,34,5,15,-6.5,15,-6.5,718.01348876953125
48588,2,32,5,15,-10,15,-10,718.3134765625
48588,2,29,4,12.5,-12.5,12.5,-12.5,718.5474853515625
48588,2,31,5,10,-10,10,-10,718.64752197265625
48588,2,25,5,10,-15,10,-15,718.83050537109375
48588,2,24,5,6.5,-15,6.5,-15,719.0308837890625
48588,2,58,5,-6.5,-15,-6.5,-15,720.43011474609375
48588,2,59,5,-10,-15,-10,-15,720.53082275390625
48588,2,63,4,-12.5,-12.5,-12.5,-12.5,720.84747314453125
48588,2,66,5,-15,-10,-15,-10,721.09637451171875
48588,2,68,5,-15,-6.5,-15,-6.5,721.3809204101564
48588,2,51,5,-15,6.5,-15,6.5,722.564208984375
48588,2,49,5,-15,10,-15,10,722.847412109375
48588,2,46,4,-12.5,12.5,-12.5,12.5,723.080810546875
48588,2,48,5,-10,10,-10,10,723.3477172851564
48588,2,42,5,-10,15,-10,15,723.8809204101564
48588,2,37,4,-10,20,-10,20,724.76397705078125
48588,2,39,4,-12.5,17.5,-12.5,17.5,725.36407470703125
48588,2,43,2,-15,15,-15,15,726.2802124023436
48588,2,47,4,-17.5,12.5,-17.5,12.5,727.046875
48588,2,50,4,-20,10,-20,10,727.4307861328125
48588,2,51,5,-15,6.5,-15,6.5,728.1300048828125
48588,2,46,4,-12.5,12.5,-12.5,12.5,728.49761962890625
48588,2,42,5,-10,15,-10,15,728.9141845703125
48588,2,41,5,-6.5,15,-6.5,15,729.0299072265625
48588,2,7,5,6.5,15,6.5,15,730.19757080078125
48588,2,3,4,10,20,10,20,730.58087158203125
48588,2,5,4,12.5,17.5,12.5,17.5,730.76422119140625
48588,2,9,2,15,15,15,15,731.8466186523436
48588,2,17,5,15,6.5,15,6.5,732.78082275390625
48588,2,34,5,15,-6.5,15,-6.5,733.96417236328125
48588,2,20,4,10,-20,10,-20,735.54742431640625
48588,2,25,5,10,-15,10,-15,735.93017578125
48588,2,24,5,6.5,-15,6.5,-15,735.964111328125
48588,2,58,5,-6.5,-15,-6.5,-15,737.17987060546875
48588,2,59,5,-10,-15,-10,-15,737.480712890625
48588,2,63,4,-12.5,-12.5,-12.5,-12.5,737.69677734375
48588,2,65,5,-10,-10,-10,-10,737.74737548828125
48588,2,66,5,-15,-10,-15,-10,738.0806884765625
48588,2,68,5,-15,-6.5,-15,-6.5,738.16351318359375
48588,2,64,4,-17.5,-12.5,-17.5,-12.5,738.6312255859375
48588,2,60,2,-15,-15,-15,-15,738.9141845703125
48588,2,56,4,-12.5,-17.5,-12.5,-17.5,739.1806030273436
48588,2,54,4,-10,-20,-10,-20,739.5640869140625
48588,2,51,5,-15,6.5,-15,6.5,742.3798217773436
48588,2,49,5,-15,10,-15,10,742.69781494140625
48588,2,46,4,-12.5,12.5,-12.5,12.5,743.03082275390625
48588,2,48,5,-10,10,-10,10,743.1630859375
48588,2,47,4,-17.5,12.5,-17.5,12.5,743.98077392578125
48588,2,43,2,-15,15,-15,15,744.1632080078125
48588,2,39,4,-12.5,17.5,-12.5,17.5,744.3975219726564
48588,2,42,5,-10,15,-10,15,744.6475219726564
48588,2,37,4,-10,20,-10,20,744.73101806640625
48588,2,41,5,-6.5,15,-6.5,15,745.3306884765625
48588,2,7,5,6.5,15,6.5,15,746.6300048828125
48588,2,8,5,10,15,10,15,746.8975219726564
48588,2,3,4,10,20,10,20,747.0474853515625
48588,2,5,4,12.5,17.5,12.5,17.5,747.29632568359375
48588,2,12,4,12.5,12.5,12.5,12.5,747.76318359375
48588,2,14,5,10,10,10,10,747.99737548828125
48588,2,15,5,15,10,15,10,748.1309204101564
48588,2,13,4,17.5,12.5,17.5,12.5,748.380615234375
48588,2,9,2,15,15,15,15,748.51397705078125
48588,2,17,5,15,6.5,15,6.5,749.1973876953125
48588,2,34,5,15,-6.5,15,-6.5,750.3800048828125
48588,2,32,5,15,-10,15,-10,750.697509765625
48588,2,29,4,12.5,-12.5,12.5,-12.5,750.997314453125
48588,2,31,5,10,-10,10,-10,751.0966186523436
48588,2,24,5,6.5,-15,6.5,-15,751.5474853515625
48588,2,25,5,10,-15,10,-15,752.0634155273436
48588,2,22,4,12.5,-17.5,12.5,-17.5,752.2642822265625
48588,2,26,2,15,-15,15,-15,752.497314453125
48588,2,30,4,17.5,-12.5,17.5,-12.5,752.76422119140625
48588,2,20,4,10,-20,10,-20,754.1298217773436
48588,2,58,5,-6.5,-15,-6.5,-15,755.79656982421875
48588,2,59,5,-10,-15,-10,-15,755.96417236328125
48588,2,60,2,-15,-15,-15,-15,756.4638061523436
48588,2,63,4,-12.5,-12.5,-12.5,-12.5,756.5477294921875
48588,2,66,5,-15,-10,-15,-10,756.69781494140625
48588,2,65,5,-10,-10,-10,-10,756.8643188476564
48588,2,68,5,-15,-6.5,-15,-6.5,757.1466064453125
48588,2,49,5,-15,10,-15,10,758.54742431640625
48588,2,47,4,-17.5,12.5,-17.5,12.5,758.781005859375
48588,2,48,5,-10,10,-10,10,759.74761962890625
48588,2,46,4,-12.5,12.5,-12.5,12.5,759.94677734375
48588,2,43,2,-15,15,-15,15,760.26397705078125
48588,2,39,4,-12.5,17.5,-12.5,17.5,760.430908203125
48588,2,42,5,-10,15,-10,15,760.480712890625
48588,2,37,4,-10,20,-10,20,760.697509765625
48588,2,41,5,-6.5,15,-6.5,15,761.180908203125
48588,2,7,5,6.5,15,6.5,15,762.4306030273436
48588,2,2,2,15,20,15,20,763.66387939453125
48588,2,5,4,12.5,17.5,12.5,17.5,763.730712890625
48588,2,12,4,12.5,12.5,12.5,12.5,764.180908203125
48588,2,9,2,15,15,15,15,764.28057861328125
48588,2,15,5,15,10,15,10,764.47991943359375
48588,2,14,5,10,10,10,10,764.664306640625
48588,2,17,5,15,6.5,15,6.5,764.7974853515625
48588,2,34,5,15,-6.5,15,-6.5,766.04742431640625
48588,2,32,5,15,-10,15,-10,766.3800048828125
48588,2,29,4,12.5,-12.5,12.5,-12.5,766.6298828125
48588,2,31,5,10,-10,10,-10,766.72967529296875
48588,2,26,2,15,-15,15,-15,766.98101806640625
48588,2,30,4,17.5,-12.5,17.5,-12.5,767.14727783203125
48588,2,22,4,12.5,-17.5,12.5,-17.5,767.280517578125
48588,2,25,5,10,-15,10,-15,767.464111328125
48588,2,20,4,10,-20,10,-20,767.6475219726564
48588,2,19,2,15,-20,15,-20,767.947509765625
48588,2,24,5,6.5,-15,6.5,-15,768.8466796875
48588,2,58,5,-6.5,-15,-6.5,-15,770.0308837890625
48588,2,54,4,-10,-20,-10,-20,770.49761962890625
48588,2,59,5,-10,-15,-10,-15,770.547607421875
48588,2,56,4,-12.5,-17.5,-12.5,-17.5,771.29742431640625
48588,2,53,2,-15,-20,-15,-20,771.580322265625
48588,2,57,2,-17.5,-17.5,-17.5,-17.5,771.78082275390625
48588,2,60,2,-15,-15,-15,-15,771.93048095703125
48588,2,63,4,-12.5,-12.5,-12.5,-12.5,772.1632080078125
48588,2,66,4,-17.5,-12.5,-15,-10,772.364013671875
48588,2,64,4,-17.5,-12.5,-17.5,-12.5,772.38037109375
48588,2,65,5,-10,-10,-10,-10,773.0299072265625
48588,2,68,5,-15,-6.5,-15,-6.5,773.57977294921875
48588,2,67,4,-20,-10,-20,-10,774.0966186523436
48588,2,51,5,-15,6.5,-15,6.5,775.54742431640625
48588,2,49,5,-15,10,-15,10,775.864013671875
48588,2,48,5,-10,10,-10,10,776.24652099609375
48588,2,46,4,-12.5,12.5,-12.5,12.5,776.42987060546875
48588,2,47,4,-17.5,12.5,-17.5,12.5,776.74761962890625
48588,2,43,2,-15,15,-15,15,777.097412109375
48588,2,40,2,-17.5,17.5,-17.5,17.5,777.1466064453125
48588,2,39,4,-12.5,17.5,-12.5,17.5,777.29656982421875
48588,2,37,4,-10,20,-10,20,777.5800170898436
48588,2,42,5,-10,15,-10,15,777.98077392578125
48588,2,41,5,-6.5,15,-6.5,15,778.42987060546875
48588,2,7,5,6.5,15,6.5,15,779.4976806640625
48588,2,3,4,10,20,10,20,780.2633056640625
48588,2,8,5,10,15,10,15,780.76422119140625
48588,2,5,4,12.5,17.5,12.5,17.5,780.84710693359375
48588,2,12,4,12.5,12.5,12.5,12.5,781.031005859375
48588,2,15,5,15,10,15,10,781.28082275390625
48588,2,34,5,15,-6.5,15,-6.5,782.6632080078125
48588,2,31,5,10,-10,10,-10,783.0640869140625
48588,2,29,4,12.5,-12.5,12.5,-12.5,783.2808837890625
48588,2,32,5,15,-10,15,-10,783.33087158203125
48588,2,30,4,17.5,-12.5,17.5,-12.5,783.5640869140625
48588,2,33,4,20,-10,20,-10,783.7968139648436
48588,2,25,5,10,-15,10,-15,784.6475219726564
48588,2,19,2,15,-20,15,-20,785.1475219726564
48588,2,20,4,10,-20,10,-20,785.24761962890625
48588,2,24,5,6.5,-15,6.5,-15,785.74737548828125
48588,2,58,5,-6.5,-15,-6.5,-15,786.8477172851564
48588,2,54,4,-10,-20,-10,-20,787.36407470703125
48588,2,56,4,-12.5,-17.5,-12.5,-17.5,787.48077392578125
48588,2,59,5,-10,-15,-10,-15,787.83050537109375
48588,2,63,4,-12.5,-12.5,-12.5,-12.5,788.013671875
48588,2,65,5,-10,-10,-10,-10,788.23101806640625
48588,2,66,5,-15,-10,-15,-10,788.32977294921875
48588,2,68,5,-15,-6.5,-15,-6.5,788.76422119140625
48588,2,51,5,-15,6.5,-15,6.5,789.9473876953125
48588,2,49,5,-15,10,-15,10,790.230712890625
48588,2,39,4,-12.5,17.5,-12.5,17.5,791.4298095703125
48588,2,42,5,-10,15,-10,15,791.4967041015625
48588,2,41,5,-6.5,15,-6.5,15,791.830810546875
48588,2,3,4,10,20,10,20,793.26422119140625
48588,2,5,4,12.5,17.5,12.5,17.5,793.5465087890625
48588,2,8,5,10,15,10,15,793.8306884765625
48588,2,14,5,10,10,10,10,794.34747314453125
48588,2,12,4,12.5,12.5,12.5,12.5,794.46417236328125
48588,2,7,5,6.5,15,6.5,15,795.6309204101564
48588,2,15,5,15,10,15,10,796.37957763671875
48588,2,13,4,17.5,12.5,17.5,12.5,796.63067626953125
48588,2,17,5,15,6.5,15,6.5,797.06402587890625
48588,2,34,5,15,-6.5,15,-6.5,798.29742431640625
48588,2,32,5,15,-10,15,-10,798.63067626953125
48588,2,31,5,10,-10,10,-10,798.7808837890625
48588,2,29,4,12.5,-12.5,12.5,-12.5,798.9464111328125
48588,2,30,4,17.5,-12.5,17.5,-12.5,799.26318359375
48588,2,26,2,15,-15,15,-15,799.3798828125
48588,3,42,1,10,-15,10,-15,887.047119140625
48588,3,43,4,15,-15,15,-15,887.4132080078125
48588,3,40,4,17.5,-17.5,17.5,-17.5,887.6475219726564
48588,3,35,5,15,-23.5,15,-23.5,888.047119140625
48588,3,38,5,20,-20,20,-20,888.21331787109375
48588,3,47,2,17.5,-12.5,17.5,-12.5,889.197509765625
48588,3,50,2,20,-10,20,-10,889.597412109375
48588,3,51,1,15,-6.5,15,-6.5,889.847412109375
48588,3,48,1,10,-10,10,-10,890.34747314453125
48588,3,41,1,6.5,-15,6.5,-15,890.86328125
48588,3,39,2,12.5,-17.5,12.5,-17.5,891.28082275390625
48588,3,43,2,12.5,-12.5,15,-15,892.44677734375
48588,3,46,2,12.5,-12.5,12.5,-12.5,892.4630126953125
48588,3,49,1,15,-10,15,-10,892.6641235351564
48588,3,42,1,10,-15,10,-15,893.4473876953125
48588,3,40,4,17.5,-17.5,17.5,-17.5,894.08087158203125
48588,3,36,4,15,-20,15,-20,894.247314453125
48588,3,35,5,15,-23.5,15,-23.5,894.5640869140625
48588,3,38,5,20,-20,20,-20,895.2467041015625
48588,3,45,5,23.5,-15,23.5,-15,895.68048095703125
48588,3,44,4,20,-15,20,-15,895.74737548828125
48588,3,47,2,17.5,-12.5,17.5,-12.5,896.09637451171875
48588,3,50,2,20,-10,20,-10,896.26422119140625
48588,3,51,1,15,-6.5,15,-6.5,896.74761962890625
48588,3,37,2,12.5,-17.5,10,-20,898.36328125
48588,3,39,2,12.5,-17.5,12.5,-17.5,898.3809204101564
48588,3,36,4,15,-20,15,-20,899.94708251953125
48588,3,40,4,17.5,-17.5,17.5,-17.5,901.1964111328124
48588,3,45,5,23.5,-15,23.5,-15,901.580810546875
48588,3,47,2,17.5,-12.5,17.5,-12.5,902.030517578125
48588,3,43,4,15,-15,15,-15,902.247314453125
48588,3,50,2,20,-10,20,-10,902.46417236328125
48588,3,51,1,15,-6.5,15,-6.5,903.6298828125
48588,3,46,2,12.5,-12.5,12.5,-12.5,904.314208984375
48588,3,41,1,6.5,-15,6.5,-15,905.080810546875
48588,3,42,1,10,-15,10,-15,905.1641845703124
48588,3,35,5,15,-23.5,15,-23.5,906.27978515625
48588,3,36,4,15,-20,15,-20,906.54742431640625
48588,3,38,5,20,-20,20,-20,907.53082275390625
48588,3,44,4,20,-15,20,-15,907.964111328125
48588,3,45,5,23.5,-15,23.5,-15,908.2467041015624
48588,3,43,4,15,-15,15,-15,909.06402587890625
48588,3,50,2,20,-10,20,-10,909.4967041015624
48588,3,49,1,15,-10,15,-10,909.8798217773436
48588,3,51,1,15,-6.5,15,-6.5,910.34747314453125
48588,3,46,2,12.5,-12.5,12.5,-12.5,911.0966186523436
48588,3,35,5,15,-23.5,15,-23.5,913.130615234375
48588,3,36,4,15,-20,15,-20,913.347412109375
48588,3,40,4,17.5,-17.5,17.5,-17.5,913.5806884765624
48588,3,38,5,20,-20,20,-20,913.6807861328124
48588,3,45,5,23.5,-15,23.5,-15,914.6309204101564
48588,3,44,4,20,-15,20,-15,914.69671630859375
48588,3,43,4,15,-15,15,-15,915.1309204101564
48588,3,47,2,17.5,-12.5,17.5,-12.5,915.480712890625
48588,3,50,2,20,-10,20,-10,915.996826171875
48588,3,51,1,15,-6.5,15,-6.5,916.847412109375
48588,3,46,2,12.5,-12.5,12.5,-12.5,917.46307373046875
48588,3,48,1,10,-10,10,-10,917.69781494140625
48588,3,41,1,6.5,-15,6.5,-15,918.3643188476564
48588,3,40,4,17.5,-17.5,17.5,-17.5,920.66351318359375
48588,3,44,4,20,-15,20,-15,920.97991943359375
48588,3,38,5,20,-20,20,-20,921.1475219726564
48588,3,43,4,15,-15,15,-15,921.8975219726564
48588,3,47,2,17.5,-12.5,17.5,-12.5,922.114013671875
48588,3,50,2,20,-10,20,-10,922.3798828125
48588,3,46,2,12.5,-12.5,12.5,-12.5,925.080810546875
48588,3,48,1,10,-10,10,-10,925.430908203125
48588,3,41,1,6.5,-15,6.5,-15,925.9473876953124
48588,3,42,1,10,-15,10,-15,926.0977172851564
48588,3,39,2,12.5,-17.5,12.5,-17.5,926.3643798828124
48588,3,37,2,10,-20,10,-20,926.49737548828125
48588,3,43,4,15,-15,15,-15,928.5640869140624
48588,3,44,4,20,-15,20,-15,929.01422119140625
48588,3,45,5,23.5,-15,23.5,-15,929.26397705078125
48588,3,47,2,17.5,-12.5,17.5,-12.5,929.646484375
48588,3,50,2,20,-10,20,-10,930.6475830078124
48588,3,49,1,15,-10,15,-10,931.0806884765624
48588,3,42,1,10,-15,10,-15,933.347412109375
48588,3,41,1,6.5,-15,6.5,-15,933.7467041015624
48588,3,39,2,12.5,-17.5,12.5,-17.5,934.79656982421875
48588,3,37,2,10,-20,10,-20,935.1298217773436
48588,3,35,5,15,-23.5,15,-23.5,935.5308837890624
48588,3,36,4,15,-20,15,-20,935.76312255859375
48588,3,38,5,20,-20,20,-20,935.99761962890625
48588,3,40,4,17.5,-17.5,17.5,-17.5,936.03082275390625
48588,3,45,5,23.5,-15,23.5,-15,936.49652099609375
48588,3,44,4,20,-15,20,-15,936.930419921875
48588,3,47,2,17.5,-12.5,17.5,-12.5,937.097412109375
48588,3,51,1,15,-6.5,15,-6.5,937.980712890625
48588,3,46,2,12.5,-12.5,12.5,-12.5,938.74652099609375
48588,3,48,1,10,-10,10,-10,939.04742431640625
48588,3,43,4,15,-15,15,-15,939.74737548828125
48588,3,42,1,10,-15,10,-15,939.99761962890625
48588,3,41,1,6.5,-15,6.5,-15,940.68011474609375
48588,3,39,2,12.5,-17.5,12.5,-17.5,941.347412109375
48588,3,37,2,10,-20,10,-20,941.5634155273436
48588,3,36,4,15,-20,15,-20,941.980712890625
48588,3,40,4,17.5,-17.5,17.5,-17.5,942.3306884765624
48588,3,38,5,20,-20,20,-20,942.4307250976564
48588,3,45,5,23.5,-15,23.5,-15,942.9307861328124
48588,3,44,4,20,-15,20,-15,943.19647216796875
48588,3,50,2,20,-10,20,-10,943.46417236328125
48588,3,51,1,15,-6.5,15,-6.5,944.13067626953125
48588,3,49,1,15,-10,15,-10,944.34698486328125
48588,3,47,2,17.5,-12.5,17.5,-12.5,944.5806884765624
48588,3,43,4,15,-15,15,-15,944.8300170898436
48588,3,46,2,12.5,-12.5,12.5,-12.5,944.99688720703125
48588,3,48,1,10,-10,10,-10,945.3643188476564
48588,3,42,1,10,-15,10,-15,946.1973876953124
48588,3,39,2,12.5,-17.5,12.5,-17.5,947.26422119140625
48588,3,38,5,20,-20,20,-20,948.46417236328125
48588,3,45,5,23.5,-15,23.5,-15,948.9818115234376
48588,3,44,4,20,-15,20,-15,949.230712890625
48588,3,47,2,17.5,-12.5,17.5,-12.5,949.980712890625
48588,3,51,1,15,-6.5,15,-6.5,951.2642822265624
48588,3,49,1,15,-10,15,-10,951.96331787109375
48588,3,48,1,10,-10,10,-10,952.3975219726564
48588,3,46,2,12.5,-12.5,12.5,-12.5,952.72991943359375
48588,3,41,1,6.5,-15,6.5,-15,953.8632202148436
48588,3,42,1,10,-15,10,-15,954.3634033203124
48588,3,35,5,15,-23.5,15,-23.5,955.36358642578125
48588,3,36,4,15,-20,15,-20,955.76397705078125
48588,3,45,5,23.5,-15,23.5,-15,957.29742431640625
48588,3,47,2,17.5,-12.5,17.5,-12.5,958.28082275390625
48588,3,50,2,20,-10,20,-10,958.49737548828125
48588,3,39,2,12.5,-17.5,12.5,-17.5,962.580810546875
48588,3,35,5,15,-23.5,15,-23.5,963.1973876953124
48588,3,38,4,15,-20,20,-20,963.66387939453125
48588,3,36,4,15,-20,15,-20,963.6807250976564
48588,3,40,4,17.5,-17.5,17.5,-17.5,963.7965087890624
48588,3,44,4,20,-15,20,-15,964.4804077148436
48588,3,45,5,23.5,-15,23.5,-15,964.8140869140624
48588,3,47,2,17.5,-12.5,17.5,-12.5,965.4796142578124
48588,3,50,2,20,-10,20,-10,965.74652099609375
48588,3,51,1,15,-6.5,15,-6.5,966.247314453125
48588,3,49,1,15,-10,15,-10,966.4473266601564
48588,3,43,4,15,-15,15,-15,966.7977294921876
48588,3,48,1,10,-10,10,-10,967.59613037109375
48588,3,46,2,12.5,-12.5,12.5,-12.5,968.1807861328124
48588,3,41,1,6.5,-15,6.5,-15,969.74658203125
48588,3,37,2,10,-20,10,-20,970.83038330078125
48588,3,36,4,15,-20,15,-20,971.33062744140625
48588,3,40,4,17.5,-17.5,17.5,-17.5,972.64727783203125
48588,3,44,4,20,-15,20,-15,973.03082275390625
48588,3,47,2,17.5,-12.5,17.5,-12.5,974.0474853515624
48588,3,50,2,20,-10,20,-10,974.3300170898436
48588,3,46,2,12.5,-12.5,12.5,-12.5,975.23077392578125
48588,3,48,1,10,-10,10,-10,975.34722900390625
48588,3,42,1,10,-15,10,-15,976.23077392578125
48588,3,41,1,6.5,-15,6.5,-15,976.480712890625
48588,3,37,2,10,-20,10,-20,977.6641235351564
48588,3,36,4,15,-20,15,-20,978.1300048828124
48588,3,35,5,15,-23.5,15,-23.5,978.3466796875
48588,3,38,5,20,-20,20,-20,978.94647216796875
48588,3,40,4,17.5,-17.5,17.5,-17.5,979.29638671875
48588,3,44,4,20,-15,20,-15,979.364013671875
48588,3,45,5,23.5,-15,23.5,-15,979.77978515625
48588,3,47,2,17.5,-12.5,17.5,-12.5,979.8975219726564
48588,3,43,4,15,-15,15,-15,980.0800170898436
48588,3,50,2,20,-10,20,-10,981.16357421875
48588,3,49,1,15,-10,15,-10,981.64697265625
48588,3,51,1,15,-6.5,15,-6.5,981.83062744140625
48588,3,48,1,10,-10,10,-10,982.3306884765624
48588,3,46,2,12.5,-12.5,12.5,-12.5,982.5634155273436
48588,3,42,1,10,-15,10,-15,982.9298095703124
48588,3,41,1,6.5,-15,6.5,-15,983.83087158203125
48588,3,39,2,12.5,-17.5,12.5,-17.5,984.464111328125
48588,3,37,2,10,-20,10,-20,984.7808837890624
48588,3,36,4,15,-20,15,-20,985.14727783203125
48588,3,40,4,17.5,-17.5,17.5,-17.5,985.24658203125
48588,3,35,5,15,-23.5,15,-23.5,985.464111328125
48588,3,43,4,15,-15,15,-15,986.23077392578125
48588,3,38,5,20,-20,20,-20,986.58062744140625
48588,3,47,2,17.5,-12.5,17.5,-12.5,987.59710693359375
48588,3,44,4,20,-15,20,-15,987.74737548828125
48588,3,45,5,23.5,-15,23.5,-15,987.98028564453125
48588,3,49,2,12.5,-12.5,15,-10,989.04742431640625
48588,3,46,2,12.5,-12.5,12.5,-12.5,989.06427001953125
48588,3,51,1,15,-6.5,15,-6.5,989.347412109375
48588,3,41,1,6.5,-15,6.5,-15,991.47967529296875
48588,3,37,2,12.5,-17.5,10,-20,991.96331787109375
48588,3,39,2,12.5,-17.5,12.5,-17.5,991.980712890625
48588,3,36,4,15,-20,15,-20,992.1973876953124
48588,3,43,4,15,-15,15,-15,992.28082275390625
48588,3,42,1,10,-15,10,-15,992.714111328125
48588,3,35,5,15,-23.5,15,-23.5,993.396484375
48588,3,38,5,20,-20,20,-20,993.74737548828125
48588,3,45,5,23.5,-15,23.5,-15,994.46307373046875
48588,3,40,4,17.5,-17.5,17.5,-17.5,994.76422119140625
48588,3,51,1,15,-6.5,15,-6.5,996.763916015625
48588,3,43,4,15,-15,15,-15,998.39691162109375
48588,3,39,2,12.5,-17.5,12.5,-17.5,998.646484375
48588,3,49,1,15,-10,15,-10,1000.1300048828124
48588,3,50,2,20,-10,20,-10,1000.4810180664064
48588,3,44,4,20,-15,20,-15,1000.8309936523438
48588,3,45,5,23.5,-15,23.5,-15,1000.947021484375
48588,3,47,2,17.5,-12.5,17.5,-12.5,1001.8300170898438
48588,3,46,2,12.5,-12.5,12.5,-12.5,1002.447021484375
48588,3,42,1,10,-15,10,-15,1002.5469970703124
48588,3,37,2,10,-20,10,-20,1002.8809814453124
48588,3,40,4,17.5,-17.5,17.5,-17.5,1003.697998046875
48588,3,39,2,12.5,-17.5,12.5,-17.5,1004.4810180664064
48588,3,41,1,6.5,-15,6.5,-15,1004.97998046875
48588,3,48,1,10,-10,10,-10,1005.4970092773438
48588,3,51,1,15,-6.5,15,-6.5,1006.031005859375
48588,3,49,1,15,-10,15,-10,1006.9639892578124
48588,3,50,2,20,-10,20,-10,1007.4639892578124
48588,3,47,2,17.5,-12.5,17.5,-12.5,1007.781005859375
48588,3,44,4,20,-15,20,-15,1007.8309936523438
48588,3,45,5,23.5,-15,23.5,-15,1008.1799926757813
48588,3,46,2,12.5,-12.5,12.5,-12.5,1009.197021484375
48588,3,43,4,15,-15,15,-15,1009.864013671875
48588,3,38,5,20,-20,20,-20,1010.3629760742188
48588,3,35,5,15,-23.5,15,-23.5,1010.781005859375
48588,3,36,4,15,-20,15,-20,1011.0640258789064
48588,3,37,2,10,-20,10,-20,1011.280029296875
48588,3,41,1,6.5,-15,6.5,-15,1012.0980224609376
48588,3,51,1,15,-6.5,15,-6.5,1013.2969970703124
48588,3,48,1,10,-10,10,-10,1013.8809814453124
48588,3,50,2,20,-10,20,-10,1014.89697265625
48588,3,47,2,17.5,-12.5,17.5,-12.5,1015.3469848632813
48588,3,44,4,20,-15,20,-15,1015.5469970703124
48588,3,45,5,23.5,-15,23.5,-15,1015.8309936523438
48588,3,36,4,15,-20,15,-20,1016.531005859375
48588,3,39,2,12.5,-17.5,12.5,-17.5,1018.947021484375
48588,3,41,1,6.5,-15,6.5,-15,1019.6480102539064
48588,3,48,1,10,-10,10,-10,1020.0469970703124
48588,3,49,1,15,-10,15,-10,1020.4630126953124
48588,3,51,1,15,-6.5,15,-6.5,1020.614013671875
48588,3,50,2,20,-10,20,-10,1021.3309936523438
48588,3,47,2,17.5,-12.5,17.5,-12.5,1021.531005859375
48588,3,44,4,20,-15,20,-15,1021.7470092773438
48588,3,45,5,23.5,-15,23.5,-15,1021.9639892578124
48588,3,38,5,20,-20,20,-20,1022.4310302734376
48588,3,40,4,17.5,-17.5,17.5,-17.5,1022.5640258789064
48588,3,36,4,15,-20,15,-20,1023.0469970703124
48588,3,43,4,15,-15,15,-15,1023.8309936523438
48588,3,46,2,12.5,-12.5,12.5,-12.5,1024.0980224609375
48588,3,42,1,10,-15,10,-15,1024.3800048828125
48588,3,39,2,12.5,-17.5,12.5,-17.5,1024.5799560546875
48588,3,35,5,15,-23.5,15,-23.5,1025.2969970703125
48588,3,37,2,10,-20,10,-20,1025.81396484375
48588,3,41,1,6.5,-15,6.5,-15,1026.4969482421875
48588,3,47,2,17.5,-12.5,17.5,-12.5,1028.2469482421875
48588,3,44,4,20,-15,20,-15,1028.947021484375
48588,3,40,4,17.5,-17.5,17.5,-17.5,1029.262939453125
48588,3,43,4,15,-15,15,-15,1029.363037109375
48588,3,45,5,23.5,-15,23.5,-15,1029.863037109375
48588,3,35,5,15,-23.5,15,-23.5,1031.98095703125
48588,3,37,2,10,-20,10,-20,1032.3470458984375
48588,3,49,1,15,-10,15,-10,1033.614013671875
48588,3,51,1,15,-6.5,15,-6.5,1033.8470458984375
48588,3,50,2,20,-10,20,-10,1034.6309814453125
48588,3,47,2,17.5,-12.5,17.5,-12.5,1034.8310546875
48588,3,43,4,15,-15,15,-15,1035.1639404296875
48588,3,40,4,17.5,-17.5,17.5,-17.5,1035.23095703125
48588,3,38,5,20,-20,20,-20,1035.5469970703125
48588,3,45,5,23.5,-15,23.5,-15,1036.6800537109375
48588,3,46,2,12.5,-12.5,12.5,-12.5,1037.8480224609375
48588,3,42,1,10,-15,10,-15,1037.9630126953125
48588,3,41,1,6.5,-15,6.5,-15,1038.2640380859375
48588,4,17,1,15,6.5,15,6.5,1044.5810546875
48588,4,15,1,15,10,15,10,1044.8800048828125
48588,4,9,4,15,15,15,15,1045.281005859375
48588,4,3,4,15,20,15,20,1045.697998046875
48588,4,1,5,15,23.5,15,23.5,1045.9639892578125
48588,4,4,5,20,20,20,20,1046.531005859375
48588,4,6,4,17.5,17.5,17.5,17.5,1046.7969970703125
48588,4,12,2,12.5,12.5,12.5,12.5,1047.4639892578125
48588,4,14,1,10,10,10,10,1047.781005859375
48588,4,7,1,6.5,15,6.5,15,1048.22998046875
48588,4,8,1,10,15,10,15,1048.2969970703125
48588,4,10,4,20,15,20,15,1049.0980224609375
48588,4,11,5,23.5,15,23.5,15,1049.364013671875
48588,4,5,2,12.5,17.5,12.5,17.5,1050.697021484375
48588,4,2,2,10,20,10,20,1051.0140380859375
48588,4,1,5,15,23.5,15,23.5,1051.4639892578125
48588,4,3,4,15,20,15,20,1051.73095703125
48588,4,6,4,17.5,17.5,17.5,17.5,1051.947998046875
48588,4,15,1,15,10,15,10,1052.64697265625
48588,4,17,1,15,6.5,15,6.5,1052.9310302734375
48588,4,14,1,10,10,10,10,1053.781005859375
48588,4,12,2,12.5,12.5,12.5,12.5,1054.0460205078125
48588,4,10,4,20,15,20,15,1055.39697265625
48588,4,13,2,17.5,12.5,17.5,12.5,1055.73095703125
48588,4,7,1,6.5,15,6.5,15,1056.73095703125
48588,4,2,2,10,20,10,20,1057.5980224609375
48588,4,16,2,20,10,20,10,1058.6800537109375
48588,4,15,1,15,10,15,10,1059.4310302734375
48588,4,3,4,15,20,15,20,1060.2139892578125
48588,4,1,5,15,23.5,15,23.5,1060.4630126953125
48588,4,4,5,20,20,20,20,1060.8310546875
48588,4,6,4,17.5,17.5,17.5,17.5,1061.0980224609375
48588,4,9,4,15,15,15,15,1061.4300537109375
48588,4,12,2,12.5,12.5,12.5,12.5,1061.7640380859375
48588,4,14,1,10,10,10,10,1062.0810546875
48588,4,7,1,6.5,15,6.5,15,1062.5469970703125
48588,4,8,1,10,15,10,15,1062.7469482421875
48588,4,5,2,12.5,17.5,12.5,17.5,1062.947021484375
48588,4,10,4,20,15,20,15,1063.5469970703125
48588,4,11,5,23.5,15,23.5,15,1063.7969970703125
48588,4,16,2,20,10,20,10,1064.364013671875
48588,4,13,2,17.5,12.5,17.5,12.5,1064.5980224609375
48588,4,2,2,10,20,10,20,1065.48095703125
48588,4,1,5,15,23.5,15,23.5,1065.89697265625
48588,4,3,4,15,20,15,20,1066.0970458984375
48588,4,9,4,15,15,15,15,1066.5469970703125
48588,4,15,1,15,10,15,10,1067.031005859375
48588,4,17,1,15,6.5,15,6.5,1067.2969970703125
48588,4,14,1,10,10,10,10,1067.864013671875
48588,4,12,2,12.5,12.5,12.5,12.5,1068.1800537109375
48588,4,4,5,20,20,20,20,1068.97998046875
48588,4,11,5,23.5,15,23.5,15,1069.7640380859375
48588,4,10,4,20,15,20,15,1069.864013671875
48588,4,13,2,17.5,12.5,17.5,12.5,1070.197021484375
48588,4,8,1,10,15,10,15,1070.8470458984375
48588,4,7,1,6.5,15,6.5,15,1071.14697265625
48588,4,2,2,10,20,10,20,1071.8470458984375
48588,4,5,2,12.5,17.5,12.5,17.5,1072.1309814453125
48588,4,9,4,15,15,15,15,1072.3809814453125
48588,4,16,2,20,10,20,10,1073.0140380859375
48588,4,17,1,15,6.5,15,6.5,1073.4639892578125
48588,4,15,1,15,10,15,10,1073.6800537109375
48588,4,12,2,12.5,12.5,12.5,12.5,1073.8470458984375
48588,4,3,4,15,20,15,20,1074.4639892578125
48588,4,1,5,15,23.5,15,23.5,1074.73095703125
48588,4,4,5,20,20,20,20,1075.1629638671875
48588,4,6,4,17.5,17.5,17.5,17.5,1075.4139404296875
48588,4,14,1,10,10,10,10,1076.364013671875
48588,4,7,1,6.5,15,6.5,15,1076.8299560546875
48588,4,8,1,10,15,10,15,1077.0469970703125
48588,4,5,2,12.5,17.5,12.5,17.5,1077.2469482421875
48588,4,9,4,15,15,15,15,1077.4310302734375
48588,4,10,4,20,15,20,15,1077.8480224609375
48588,4,11,5,23.5,15,23.5,15,1078.0970458984375
48588,4,16,2,20,10,20,10,1078.6309814453125
48588,4,13,2,17.5,12.5,17.5,12.5,1078.89697265625
48588,4,2,2,10,20,10,20,1079.780029296875
48588,4,1,5,15,23.5,15,23.5,1080.3480224609375
48588,4,3,4,15,20,15,20,1080.5469970703125
48588,4,15,1,15,10,15,10,1081.447021484375
48588,4,17,1,15,6.5,15,6.5,1081.73095703125
48588,4,14,1,10,10,10,10,1082.3299560546875
48588,4,12,2,12.5,12.5,12.5,12.5,1082.5810546875
48588,4,9,4,15,15,15,15,1082.8470458984375
48588,4,6,4,17.5,17.5,17.5,17.5,1083.14697265625
48588,4,4,5,20,20,20,20,1083.39697265625
48588,4,11,5,23.5,15,23.5,15,1083.8299560546875
48588,4,10,4,20,15,20,15,1083.8809814453125
48588,4,13,2,17.5,12.5,17.5,12.5,1084.2469482421875
48588,4,8,1,10,15,10,15,1084.89697265625
48588,4,7,1,6.5,15,6.5,15,1085.2139892578125
48588,4,2,2,10,20,10,20,1085.9300537109375
48588,4,5,2,12.5,17.5,12.5,17.5,1086.1309814453125
48588,4,16,2,20,10,20,10,1086.9969482421875
48588,4,17,1,15,6.5,15,6.5,1087.447998046875
48588,4,15,1,15,10,15,10,1087.6309814453125
48588,4,9,4,15,15,15,15,1087.9969482421875
48588,4,3,4,15,20,15,20,1088.4310302734375
48588,4,1,5,15,23.5,15,23.5,1088.697021484375
48588,4,4,5,20,20,20,20,1089.14697265625
48588,4,6,4,17.5,17.5,17.5,17.5,1089.530029296875
48588,4,10,4,20,15,20,15,1089.5980224609375
48588,4,12,2,12.5,12.5,12.5,12.5,1090.1300048828125
48588,4,14,1,10,10,10,10,1090.447021484375
48588,4,7,1,6.5,15,6.5,15,1090.863037109375
48588,4,8,1,10,15,10,15,1091.0810546875
48588,4,5,2,12.5,17.5,12.5,17.5,1091.262939453125
48588,4,11,5,23.5,15,23.5,15,1092.14599609375
48588,4,16,2,20,10,20,10,1092.5970458984375
48588,4,13,2,17.5,12.5,17.5,12.5,1092.98095703125
48588,4,9,4,15,15,15,15,1093.197021484375
48588,4,2,2,10,20,10,20,1093.8470458984375
48588,4,1,4,15,20,15,23.5,1094.364013671875
48588,4,3,4,15,20,15,20,1094.3809814453125
48588,4,6,4,17.5,17.5,17.5,17.5,1094.72998046875
48588,4,15,1,15,10,15,10,1095.3809814453125
48588,4,17,1,15,6.5,15,6.5,1095.6629638671875
48588,4,14,1,10,10,10,10,1096.1300048828125
48588,4,12,2,12.5,12.5,12.5,12.5,1096.447021484375
48588,4,4,5,20,20,20,20,1097.2469482421875
48588,4,11,5,23.5,15,23.5,15,1097.7130126953125
48588,4,10,4,20,15,20,15,1097.9310302734375
48588,4,13,2,17.5,12.5,17.5,12.5,1098.1810302734375
48588,4,9,4,15,15,15,15,1098.364013671875
48588,4,8,1,10,15,10,15,1098.8310546875
48588,4,7,1,6.5,15,6.5,15,1099.1309814453125
48588,4,2,2,10,20,10,20,1099.947021484375
48588,4,5,2,12.5,17.5,12.5,17.5,1100.1629638671875
48588,4,16,2,20,10,20,10,1101.0469970703125
48588,4,17,1,15,6.5,15,6.5,1101.48095703125
48588,4,15,1,15,10,15,10,1101.7640380859375
48588,4,3,4,15,20,15,20,1102.56396484375
48588,4,1,5,15,23.5,15,23.5,1102.8299560546875
48588,4,4,5,20,20,20,20,1103.14697265625
48588,4,6,4,17.5,17.5,17.5,17.5,1103.4310302734375
48588,4,9,4,15,15,15,15,1103.7469482421875
48588,4,12,2,12.5,12.5,12.5,12.5,1104.06396484375
48588,4,14,1,10,10,10,10,1104.3809814453125
48588,4,7,1,6.5,15,6.5,15,1104.9639892578125
48588,4,8,1,10,15,10,15,1105.1639404296875
48588,4,10,4,20,15,20,15,1105.9639892578125
48588,4,11,5,23.5,15,23.5,15,1106.22998046875
48588,4,16,2,20,10,20,10,1106.64697265625
48588,4,13,2,17.5,12.5,17.5,12.5,1107.06396484375
48588,4,5,2,12.5,17.5,12.5,17.5,1107.64697265625
48588,4,2,2,10,20,10,20,1107.9300537109375
48588,4,1,5,15,23.5,15,23.5,1108.6810302734375
48588,4,3,4,15,20,15,20,1108.7969970703125
48588,4,6,4,17.5,17.5,17.5,17.5,1109.06396484375
48588,4,9,4,15,15,15,15,1109.2640380859375
48588,4,15,1,15,10,15,10,1109.72998046875
48588,4,17,1,15,6.5,15,6.5,1109.9959716796875
48588,4,14,1,10,10,10,10,1110.56396484375
48588,4,12,2,12.5,12.5,12.5,12.5,1110.8480224609375
48588,4,4,5,20,20,20,20,1111.6629638671875
48588,4,11,5,23.5,15,23.5,15,1112.4310302734375
48588,4,10,4,20,15,20,15,1112.6300048828125
48588,4,8,1,10,15,10,15,1113.531005859375
48588,4,7,1,6.5,15,6.5,15,1113.8310546875
48588,4,2,2,10,20,10,20,1114.3310546875
48588,4,5,2,12.5,17.5,12.5,17.5,1114.6300048828125
48588,4,9,4,15,15,15,15,1114.8800048828125
48588,4,13,2,17.5,12.5,17.5,12.5,1115.23095703125
48588,4,16,2,20,10,20,10,1115.530029296875
48588,4,17,1,15,6.5,15,6.5,1116.0479736328125
48588,4,15,1,15,10,15,10,1116.2640380859375
48588,4,3,4,15,20,15,20,1117.0469970703125
48588,4,1,5,15,23.5,15,23.5,1117.3299560546875
48588,4,4,5,20,20,20,20,1117.6639404296875
48588,4,6,4,17.5,17.5,17.5,17.5,1118.095947265625
48588,4,10,4,20,15,20,15,1118.14697265625
48588,4,12,2,12.5,12.5,12.5,12.5,1118.697021484375
48588,4,14,1,10,10,10,10,1118.9959716796875
48588,4,8,1,10,15,10,15,1119.5810546875
48588,4,5,2,12.5,17.5,12.5,17.5,1119.7969970703125
48588,4,9,4,15,15,15,15,1119.98095703125
48588,4,11,5,23.5,15,23.5,15,1120.6810302734375
48588,4,16,2,20,10,20,10,1121.23095703125
48588,4,13,2,17.5,12.5,17.5,12.5,1121.56298828125
48588,4,2,2,10,20,10,20,1122.447021484375
48588,4,1,5,15,23.5,15,23.5,1122.864013671875
48588,4,3,4,15,20,15,20,1123.197021484375
48588,4,6,4,17.5,17.5,17.5,17.5,1123.4300537109375
48588,4,12,2,12.5,12.5,12.5,12.5,1123.9310302734375
48588,4,15,1,15,10,15,10,1124.1639404296875
48588,4,17,1,15,6.5,15,6.5,1124.447021484375
48588,4,14,1,10,10,10,10,1124.9639892578125
48588,4,9,4,15,15,15,15,1125.447021484375
48588,4,4,5,20,20,20,20,1125.9969482421875
48588,4,11,5,23.5,15,23.5,15,1126.447021484375
48588,4,10,4,20,15,20,15,1126.6800537109375
48588,4,13,2,17.5,12.5,17.5,12.5,1127.2469482421875
48588,4,8,1,10,15,10,15,1127.5799560546875
48588,4,7,1,6.5,15,6.5,15,1127.864013671875
48588,4,2,2,10,20,10,20,1128.447021484375
48588,4,5,2,12.5,17.5,12.5,17.5,1128.6800537109375
48588,4,16,2,20,10,20,10,1129.5810546875
48588,4,17,1,15,6.5,15,6.5,1130.031005859375
48588,4,15,1,15,10,15,10,1130.281005859375
48588,4,9,4,15,15,15,15,1130.6300048828125
48588,4,3,4,15,20,15,20,1131.0469970703125
48588,4,1,5,15,23.5,15,23.5,1131.2969970703125
48588,4,4,5,20,20,20,20,1131.863037109375
48588,4,6,4,17.5,17.5,17.5,17.5,1132.1309814453125
48588,4,12,2,12.5,12.5,12.5,12.5,1132.748046875
48588,4,14,1,10,10,10,10,1133.06396484375
48588,4,7,1,6.5,15,6.5,15,1133.6309814453125
48588,4,8,1,10,15,10,15,1133.89697265625
48588,4,10,4,20,15,20,15,1134.7139892578125
48588,4,11,5,23.5,15,23.5,15,1134.9639892578125
48588,4,16,2,20,10,20,10,1135.3809814453125
48588,4,13,2,17.5,12.5,17.5,12.5,1135.6639404296875
48588,4,9,4,15,15,15,15,1135.9300537109375
48588,4,5,2,12.5,17.5,12.5,17.5,1136.2640380859375
48588,4,2,2,10,20,10,20,1136.5469970703125
48588,4,1,5,15,23.5,15,23.5,1137.031005859375
48588,4,3,4,15,20,15,20,1137.0970458984375
48588,4,6,4,17.5,17.5,17.5,17.5,1137.4139404296875
48588,4,15,1,15,10,15,10,1138.0810546875
48588,4,17,1,15,6.5,15,6.5,1138.364013671875
48588,4,14,1,10,10,10,10,1138.9639892578125
48588,4,12,2,12.5,12.5,12.5,12.5,1139.23095703125
48588,4,4,5,20,20,20,20,1140.06396484375
48588,4,11,5,23.5,15,23.5,15,1140.5469970703125
48588,4,10,4,20,15,20,15,1140.697021484375
48588,4,9,4,15,15,15,15,1141.1639404296875
48588,4,8,1,10,15,10,15,1141.6300048828125
48588,4,7,1,6.5,15,6.5,15,1141.89697265625
48588,4,2,2,10,20,10,20,1142.39697265625
48588,4,5,2,12.5,17.5,12.5,17.5,1142.64697265625
48588,4,13,2,17.5,12.5,17.5,12.5,1143.23095703125
48588,4,16,2,20,10,20,10,1143.531005859375
48588,4,17,1,15,6.5,15,6.5,1143.9310302734375
48588,4,15,1,15,10,15,10,1144.14697265625
48588,4,12,2,12.5,12.5,12.5,12.5,1144.3310546875
48588,4,3,4,15,20,15,20,1144.9300537109375
48588,4,1,5,15,23.5,15,23.5,1145.1800537109375
48588,4,4,5,20,20,20,20,1145.4639892578125
48588,4,6,4,17.5,17.5,17.5,17.5,1145.7640380859375
48588,4,9,4,15,15,15,15,1146.1810302734375
48588,4,14,1,10,10,10,10,1146.73095703125
48588,4,7,1,6.5,15,6.5,15,1147.2469482421875
48588,4,8,1,10,15,10,15,1147.4969482421875
48588,4,10,4,20,15,20,15,1148.281005859375
48588,4,11,5,23.5,15,23.5,15,1148.5469970703125
48588,4,16,2,20,10,20,10,1149.0469970703125
48588,4,13,2,17.5,12.5,17.5,12.5,1149.281005859375
48588,4,5,2,12.5,17.5,12.5,17.5,1149.8800048828125
48588,4,2,2,10,20,10,20,1150.1800537109375
48588,4,1,5,15,23.5,15,23.5,1150.6309814453125
48588,4,3,4,15,20,15,20,1150.89697265625
48588,4,6,4,17.5,17.5,17.5,17.5,1151.1309814453125
48588,4,9,4,15,15,15,15,1151.364013671875
48588,4,15,1,15,10,15,10,1151.8310546875
48588,4,14,1,10,10,10,10,1152.5469970703125
48588,4,12,2,12.5,12.5,12.5,12.5,1152.7469482421875
48588,4,4,5,20,20,20,20,1153.5810546875
48588,4,11,5,23.5,15,23.5,15,1154.0469970703125
48588,4,10,4,20,15,20,15,1154.0810546875
48588,4,13,2,17.5,12.5,17.5,12.5,1154.4310302734375
48588,4,8,1,10,15,10,15,1155.0469970703125
48588,4,7,1,6.5,15,6.5,15,1155.3310546875
48588,4,2,2,10,20,10,20,1155.781005859375
48588,4,5,2,12.5,17.5,12.5,17.5,1155.9969482421875
48588,4,9,4,15,15,15,15,1156.39794921875
48588,4,16,2,20,10,20,10,1156.89697265625
48588,4,17,1,15,6.5,15,6.5,1157.447021484375
48588,4,15,1,15,10,15,10,1157.7969970703125
48588,4,12,2,12.5,12.5,12.5,12.5,1157.98095703125
48588,4,3,4,15,20,15,20,1158.4969482421875
48588,4,1,5,15,23.5,15,23.5,1158.7640380859375
48588,4,4,5,20,20,20,20,1159.197021484375
48588,4,6,4,17.5,17.5,17.5,17.5,1159.4639892578125
48588,4,14,1,10,10,10,10,1160.39794921875
48588,4,7,1,6.5,15,6.5,15,1160.89697265625
48588,4,8,1,10,15,10,15,1161.1810302734375
48588,4,9,4,15,15,15,15,1161.5810546875
48588,4,10,4,20,15,20,15,1161.9969482421875
48588,4,11,5,23.5,15,23.5,15,1162.248046875
48588,4,16,2,20,10,20,10,1162.64697265625
48588,4,13,2,17.5,12.5,17.5,12.5,1162.7969970703125
48588,4,5,2,12.5,17.5,12.5,17.5,1163.39697265625
48588,4,2,2,10,20,10,20,1163.697998046875
48588,4,1,5,15,23.5,15,23.5,1164.197021484375
48588,4,3,4,15,20,15,20,1164.39697265625
48588,4,15,1,15,10,15,10,1165.3299560546875
48588,4,17,1,15,6.5,15,6.5,1165.5970458984375
48588,4,14,1,10,10,10,10,1165.9310302734375
48588,4,12,2,12.5,12.5,12.5,12.5,1166.1639404296875
48588,4,9,4,15,15,15,15,1166.6309814453125
48588,4,6,4,17.5,17.5,17.5,17.5,1166.73095703125
48588,4,4,5,20,20,20,20,1166.98095703125
48588,4,11,5,23.5,15,23.5,15,1167.447021484375
48588,4,10,4,20,15,20,15,1167.64697265625
48588,4,5,2,12.5,17.5,12.5,17.5,1168.4310302734375
48588,4,8,1,10,15,10,15,1168.697021484375
48588,4,7,1,6.5,15,6.5,15,1168.9969482421875
48588,4,2,2,10,20,10,20,1169.64697265625
48588,4,13,2,17.5,12.5,17.5,12.5,1170.498046875
48588,4,16,2,20,10,20,10,1170.7969970703125
48588,4,17,1,15,6.5,15,6.5,1171.14794921875
48588,4,12,2,12.5,12.5,12.5,12.5,1171.5810546875
48588,4,15,1,15,10,15,10,1171.64599609375
48588,4,9,4,15,15,15,15,1171.781005859375
48588,4,3,4,15,20,15,20,1172.23095703125
48588,4,1,5,15,23.5,15,23.5,1172.4969482421875
48588,4,4,5,20,20,20,20,1173.0469970703125
48588,4,6,4,17.5,17.5,17.5,17.5,1173.3480224609375
48588,4,14,1,10,10,10,10,1174.2969970703125
48588,4,7,1,6.5,15,6.5,15,1174.864013671875
48588,4,8,1,10,15,10,15,1175.1309814453125
48588,4,13,2,17.5,12.5,17.5,12.5,1175.781005859375
48588,4,10,4,20,15,20,15,1175.9969482421875
48588,4,11,5,23.5,15,23.5,15,1176.2640380859375
48588,4,16,2,20,10,20,10,1176.9969482421875
48588,4,9,4,15,15,15,15,1177.530029296875
48588,4,5,2,12.5,17.5,12.5,17.5,1177.864013671875
48588,4,2,2,10,20,10,20,1178.1639404296875
48588,4,1,5,15,23.5,15,23.5,1178.5810546875
48588,4,3,4,15,20,15,20,1178.8310546875
48588,4,6,4,17.5,17.5,17.5,17.5,1179.0469970703125
48588,4,15,1,15,10,15,10,1179.72998046875
48588,4,17,1,15,6.5,15,6.5,1180.031005859375
48588,4,14,1,10,10,10,10,1180.4639892578125
48588,4,12,2,12.5,12.5,12.5,12.5,1180.781005859375
48588,4,4,5,20,20,20,20,1181.5810546875
48588,4,11,5,23.5,15,23.5,15,1182.1810302734375
48588,4,10,4,20,15,20,15,1182.23095703125
48588,4,9,4,15,15,15,15,1182.6800537109375
48588,4,8,1,10,15,10,15,1183.14697265625
48588,4,7,1,6.5,15,6.5,15,1183.447998046875
48588,4,2,2,10,20,10,20,1184.0469970703125
48588,4,5,2,12.5,17.5,12.5,17.5,1184.281005859375
48588,4,13,2,17.5,12.5,17.5,12.5,1184.864013671875
48588,4,16,2,20,10,20,10,1185.1639404296875
48588,4,17,1,15,6.5,15,6.5,1185.4310302734375
48588,4,15,1,15,10,15,10,1185.89697265625
48588,4,12,2,12.5,12.5,12.5,12.5,1185.9310302734375
48588,4,3,4,15,20,15,20,1186.56396484375
48588,4,1,5,15,23.5,15,23.5,1186.8470458984375
48588,4,4,5,20,20,20,20,1187.7640380859375
48588,4,6,4,17.5,17.5,17.5,17.5,1188.0469970703125
48588,4,9,4,15,15,15,15,1188.3470458984375
48588,4,14,1,10,10,10,10,1188.9969482421875
48588,4,7,1,6.5,15,6.5,15,1189.4639892578125
48588,4,8,1,10,15,10,15,1189.762939453125
48588,4,5,2,12.5,17.5,12.5,17.5,1189.89697265625
48588,4,10,4,20,15,20,15,1190.4969482421875
48588,4,11,5,23.5,15,23.5,15,1190.7640380859375
48588,4,16,2,20,10,20,10,1191.1810302734375
48588,4,13,2,17.5,12.5,17.5,12.5,1191.281005859375
48588,4,2,2,10,20,10,20,1192.1639404296875
48588,4,1,5,15,23.5,15,23.5,1192.8310546875
48588,5,68,2,-10,-1.5,-10,-1.5,231.29769897460935
48588,5,66,2,-10,-5,-10,-5,231.6804046630859
48588,5,54,2,-10,-15,-10,-15,232.52999877929688
48588,5,52,2,-10,-18.5,-10,-18.5,232.8303070068359
48588,5,63,2,-7.5,-7.5,-7.5,-7.5,234.2967071533203
48588,5,65,2,-5,-5,-5,-5,234.58090209960935
48588,5,58,2,-1.5,-10,-1.5,-10,235.047607421875
48588,5,59,2,-5,-10,-5,-10,235.264404296875
48588,5,56,2,-7.5,-12.5,-7.5,-12.5,235.49659729003903
48588,5,61,2,-15,-10,-15,-10,236.13119506835935
48588,5,62,2,-18.5,-10,-18.5,-10,236.3975067138672
48588,5,67,2,-15,-5,-15,-5,236.99789428710935
48588,5,64,2,-12.5,-7.5,-12.5,-7.5,237.19760131835935
48588,5,60,2,-10,-10,-10,-10,237.48089599609375
48588,5,53,2,-5,-15,-5,-15,238.0800018310547
48588,5,52,2,-10,-18.5,-10,-18.5,238.7469024658203
48588,5,54,2,-10,-15,-10,-15,238.9810028076172
48588,5,66,2,-10,-5,-10,-5,239.84689331054688
48588,5,68,2,-10,-1.5,-10,-1.5,240.147705078125
48588,5,65,2,-5,-5,-5,-5,241.0303955078125
48588,5,63,2,-7.5,-7.5,-7.5,-7.5,241.2971038818359
48588,5,57,2,-12.5,-12.5,-12.5,-12.5,241.8975067138672
48588,5,55,2,-15,-15,-15,-15,242.19769287109375
48588,5,62,2,-18.5,-10,-18.5,-10,242.66439819335935
48588,5,61,2,-15,-10,-15,-10,242.79769897460935
48588,5,60,2,-10,-10,-10,-10,243.24749755859375
48588,5,59,2,-5,-10,-5,-10,243.66329956054688
48588,5,58,2,-1.5,-10,-1.5,-10,243.9474945068359
48588,5,53,2,-5,-15,-5,-15,244.397705078125
48588,5,56,2,-7.5,-12.5,-7.5,-12.5,244.64759826660156
48588,5,66,2,-10,-5,-10,-5,245.2971954345703
48588,5,67,2,-15,-5,-15,-5,245.7476043701172
48588,5,51,2,-15,6.5,-15,6.5,247.08070373535156
48588,5,49,2,-15,10,-15,10,247.24769592285156
48588,5,47,2,-17.5,12.5,-17.5,12.5,247.44729614257813
48588,5,43,2,-15,15,-15,15,247.6466064453125
48588,5,40,2,-17.5,17.5,-17.5,17.5,247.86419677734375
48588,5,36,2,-15,20,-15,20,248.0641937255859
48588,5,37,2,-10,20,-10,20,248.48089599609375
48588,5,42,2,-10,15,-10,15,248.7967071533203
48588,5,46,2,-12.5,12.5,-12.5,12.5,249.0301055908203
48588,5,48,2,-10,10,-10,10,249.281005859375
48588,5,41,2,-6.5,15,-6.5,15,249.84759521484375
48588,5,44,2,-20,15,-20,15,251.29769897460935
48588,5,50,2,-20,10,-20,10,251.7469024658203
48588,5,45,2,-23.5,15,-23.5,15,252.66439819335935
48588,5,38,2,-20,20,-20,20,253.164306640625
48588,5,35,2,-15,23.5,-15,23.5,253.664306640625
48588,5,36,2,-15,20,-15,20,253.94760131835935
48588,5,39,2,-12.5,17.5,-12.5,17.5,254.09759521484375
48588,5,43,2,-15,15,-15,15,254.33070373535156
48588,5,49,2,-15,10,-15,10,254.781005859375
48588,5,51,2,-15,6.5,-15,6.5,255.4633026123047
48588,5,42,2,-10,15,-10,15,256.59759521484375
48588,5,41,2,-6.5,15,-6.5,15,256.930908203125
48588,5,3,2,10,15,10,15,258.29669189453125
48588,5,6,2,12.5,12.5,12.5,12.5,258.5801086425781
48588,5,13,2,12.5,7.5,12.5,7.5,259.031005859375
48588,5,12,2,7.5,7.5,7.5,7.5,259.2643127441406
48588,5,8,2,5,10,5,10,259.5643005371094
48588,5,14,2,5,5,5,5,261.6642150878906
48588,5,16,2,15,5,15,5,262.68109130859375
48588,5,11,2,18.5,10,18.5,10,263.1968994140625
48588,5,10,2,15,10,15,10,263.3467102050781
48588,5,4,2,15,15,15,15,263.73089599609375
48588,5,9,2,10,10,10,10,264.6639099121094
48588,5,13,2,12.5,7.5,12.5,7.5,264.9632873535156
48588,5,15,2,10,5,10,5,265.42999267578125
48588,5,2,2,5,15,5,15,266.5810852050781
48588,5,6,2,12.5,12.5,12.5,12.5,267.3642883300781
48588,5,14,2,5,5,5,5,268.9977111816406
48588,5,17,2,10,1.5,10,1.5,269.48089599609375
48588,5,34,2,15,-6.5,15,-6.5,270.397705078125
48588,5,32,2,15,-10,15,-10,270.6476135253906
48588,5,26,2,15,-15,15,-15,271.09710693359375
48588,5,19,2,15,-20,15,-20,271.4977111816406
48588,5,18,2,15,-23.5,15,-23.5,271.79669189453125
48588,5,24,2,6.5,-15,6.5,-15,273.130615234375
48588,5,29,2,12.5,-12.5,12.5,-12.5,273.38079833984375
48588,5,27,2,20,-15,20,-15,274.1799011230469
48588,5,28,2,23.5,-15,23.5,-15,274.3468017578125
48588,5,21,2,20,-20,20,-20,274.664306640625
48588,5,33,2,20,-10,20,-10,275.631103515625
48588,5,34,2,15,-6.5,15,-6.5,276.1310119628906
48588,5,32,2,15,-10,15,-10,276.397705078125
48588,5,31,2,10,-10,10,-10,276.5806884765625
48588,5,19,2,15,-20,15,-20,277.68011474609375
48588,5,30,2,17.5,-12.5,17.5,-12.5,278.1809997558594
48588,5,29,2,12.5,-12.5,12.5,-12.5,278.9466857910156
48588,5,25,2,10,-15,10,-15,279.297607421875
48588,5,20,2,10,-20,10,-20,279.6639099121094
48588,5,21,2,20,-20,20,-20,280.4634094238281
48588,5,18,2,15,-23.5,15,-23.5,280.6976013183594
48588,5,23,2,17.5,-17.5,17.5,-17.5,281.2810974121094
48588,5,27,2,20,-15,20,-15,281.5809020996094
48588,5,33,2,20,-10,20,-10,282.3465881347656
48588,5,32,2,15,-10,15,-10,282.6966857910156
48588,5,34,2,15,-6.5,15,-6.5,283.0802001953125
48588,5,19,2,15,-20,15,-20,284.1979064941406
48588,5,25,2,10,-15,10,-15,285.3800964355469
48588,5,24,2,6.5,-15,6.5,-15,285.6809997558594
48588,5,22,2,12.5,-17.5,12.5,-17.5,286.63079833984375
48588,5,20,2,10,-20,10,-20,286.93121337890625
48588,5,18,2,15,-23.5,15,-23.5,287.4811096191406
48588,5,21,2,20,-20,20,-20,287.9469909667969
48588,5,28,2,23.5,-15,23.5,-15,288.7474060058594
48588,5,26,2,15,-15,15,-15,289.1976013183594
48588,5,30,2,17.5,-12.5,17.5,-12.5,289.3642883300781
48588,5,33,2,20,-10,20,-10,289.64678955078125
48588,5,34,2,15,-6.5,15,-6.5,289.98089599609375
48588,5,32,2,15,-10,15,-10,290.1474914550781
48588,5,25,2,10,-15,10,-15,291.231201171875
48588,5,24,2,6.5,-15,6.5,-15,291.7475891113281
48588,5,29,2,12.5,-12.5,12.5,-12.5,292.3800964355469
48588,5,22,2,12.5,-17.5,12.5,-17.5,292.797607421875
48588,5,19,2,15,-20,15,-20,293.14691162109375
48588,5,18,2,15,-23.5,15,-23.5,293.4473876953125
48588,5,20,2,10,-20,10,-20,293.9801940917969
48588,5,23,2,17.5,-17.5,17.5,-17.5,294.5968017578125
48588,5,21,2,20,-20,20,-20,294.8309020996094
48588,5,28,2,23.5,-15,23.5,-15,295.6476135253906
48588,5,27,2,20,-15,20,-15,296.0643005371094
48588,5,30,2,17.5,-12.5,17.5,-12.5,296.2466125488281
48588,5,26,2,15,-15,15,-15,296.4476013183594
48588,5,32,2,15,-10,15,-10,296.7640075683594
48588,5,33,2,20,-10,20,-10,297.0639953613281
48588,5,29,2,12.5,-12.5,12.5,-12.5,297.5976867675781
48588,5,34,2,15,-6.5,15,-6.5,297.8642883300781
48588,5,31,2,10,-10,10,-10,298.46429443359375
48588,5,24,2,6.5,-15,6.5,-15,299.2311096191406
48588,5,22,2,12.5,-17.5,12.5,-17.5,299.94769287109375
48588,5,20,2,10,-20,10,-20,300.18011474609375
48588,5,18,2,15,-23.5,15,-23.5,300.6300048828125
48588,5,21,2,20,-20,20,-20,301.0976867675781
48588,5,28,2,23.5,-15,23.5,-15,301.6976013183594
48588,5,27,2,20,-15,20,-15,301.8305969238281
48588,5,23,2,17.5,-17.5,17.5,-17.5,302.1476135253906
48588,5,19,2,15,-20,15,-20,302.4309997558594
48588,5,25,2,10,-15,10,-15,302.9975891113281
48588,5,29,2,12.5,-12.5,12.5,-12.5,303.23028564453125
48588,5,26,2,15,-15,15,-15,303.36419677734375
48588,5,30,2,17.5,-12.5,17.5,-12.5,303.5968017578125
48588,5,33,2,20,-10,20,-10,303.9303894042969
48588,5,34,2,15,-6.5,15,-6.5,304.33099365234375
48588,5,31,2,10,-10,10,-10,304.96319580078125
48588,5,22,2,12.5,-17.5,12.5,-17.5,305.74688720703125
48588,5,20,2,10,-20,10,-20,306.0967102050781
48588,5,24,2,6.5,-15,6.5,-15,306.764404296875
48588,5,32,2,15,-10,15,-10,307.497314453125
48588,5,27,2,20,-15,20,-15,308.131103515625
48588,5,23,2,17.5,-17.5,17.5,-17.5,308.2807922363281
48588,5,30,2,17.5,-12.5,17.5,-12.5,308.8976135253906
48588,5,25,2,10,-15,10,-15,309.5975036621094
48588,5,33,2,20,-10,20,-10,310.2809143066406
48588,5,34,2,15,-6.5,15,-6.5,310.8299865722656
48588,5,31,2,10,-10,10,-10,311.29681396484375
48588,5,22,2,12.5,-17.5,12.5,-17.5,311.88031005859375
48588,5,19,2,15,-20,15,-20,312.1470031738281
48588,5,18,2,15,-23.5,15,-23.5,312.4808044433594
48588,5,20,2,10,-20,10,-20,312.9801940917969
48588,5,32,2,15,-10,15,-10,314.06390380859375
48588,5,30,2,17.5,-12.5,17.5,-12.5,314.2973937988281
48588,5,26,2,15,-15,15,-15,314.56439208984375
48588,5,23,2,17.5,-17.5,17.5,-17.5,314.680908203125
48588,5,21,2,20,-20,20,-20,314.9805908203125
48588,5,27,2,20,-15,20,-15,315.5141906738281
48588,5,29,2,12.5,-12.5,12.5,-12.5,316.197509765625
48588,5,25,2,10,-15,10,-15,316.4307861328125
48588,5,24,2,6.5,-15,6.5,-15,316.8810119628906
48588,5,53,2,-5,-15,-5,-15,317.7809143066406
48588,5,56,2,-7.5,-12.5,-7.5,-12.5,319.1976013183594
48588,5,60,2,-10,-10,-10,-10,319.5639953613281
48588,5,66,2,-10,-5,-10,-5,321.080810546875
48588,5,54,2,-10,-15,-10,-15,321.7301940917969
48588,5,55,2,-15,-15,-15,-15,322.5810852050781
48588,5,57,2,-12.5,-12.5,-12.5,-12.5,322.8475036621094
48588,5,65,2,-5,-5,-5,-5,323.7311096191406
48588,5,58,2,-1.5,-10,-1.5,-10,324.23028564453125
48588,5,56,2,-7.5,-12.5,-7.5,-12.5,324.747802734375
48588,5,60,2,-10,-10,-10,-10,325.0474853515625
48588,5,61,2,-15,-10,-15,-10,325.43011474609375
48588,5,62,2,-18.5,-10,-18.5,-10,325.7301025390625
48588,5,67,2,-15,-5,-15,-5,326.3800964355469
48588,5,64,2,-12.5,-7.5,-12.5,-7.5,326.64691162109375
48588,5,53,2,-5,-15,-5,-15,327.5309143066406
48588,5,54,2,-10,-15,-10,-15,328.4643859863281
48588,5,66,2,-10,-5,-10,-5,329.2807922363281
48588,5,68,2,-10,-1.5,-10,-1.5,329.5805969238281
48588,5,65,2,-5,-5,-5,-5,330.1799011230469
48588,5,63,2,-7.5,-7.5,-7.5,-7.5,330.447509765625
48588,5,60,2,-10,-10,-10,-10,330.7301025390625
48588,5,57,2,-12.5,-12.5,-12.5,-12.5,331.0309143066406
48588,5,55,2,-15,-15,-15,-15,331.3305969238281
48588,5,62,2,-18.5,-10,-18.5,-10,331.9468078613281
48588,5,61,2,-15,-10,-15,-10,332.0809020996094
48588,5,56,2,-7.5,-12.5,-7.5,-12.5,332.7803039550781
48588,5,59,2,-5,-10,-5,-10,333.0309143066406
48588,5,58,2,-1.5,-10,-1.5,-10,333.2972106933594
48588,5,53,2,-5,-15,-5,-15,333.6976013183594
48588,5,66,2,-10,-5,-10,-5,334.6476135253906
48588,5,67,2,-15,-5,-15,-5,335.0310974121094
48588,5,68,2,-10,-1.5,-10,-1.5,335.5476989746094
48588,5,60,2,-10,-10,-10,-10,336.314208984375
48588,5,52,2,-10,-18.5,-10,-18.5,337.0306091308594
48588,5,63,2,-7.5,-7.5,-7.5,-7.5,338.44659423828125
48588,5,65,2,-5,-5,-5,-5,338.74749755859375
48588,5,58,2,-1.5,-10,-1.5,-10,339.2309875488281
48588,5,59,2,-5,-10,-5,-10,339.2966003417969
48588,5,56,2,-7.5,-12.5,-7.5,-12.5,339.5965881347656
48588,5,67,2,-15,-5,-15,-5,341.1310119628906
48588,5,64,2,-12.5,-7.5,-12.5,-7.5,341.3644104003906
48588,5,53,2,-5,-15,-5,-15,342.2475891113281
48588,5,52,2,-10,-18.5,-10,-18.5,342.8971862792969
48588,5,54,2,-10,-15,-10,-15,343.047607421875
48588,5,57,2,-12.5,-12.5,-12.5,-12.5,343.3309020996094
48588,5,66,2,-10,-5,-10,-5,344.0306091308594
48588,5,68,2,-10,-1.5,-10,-1.5,344.33099365234375
48588,5,63,2,-7.5,-7.5,-7.5,-7.5,344.9975891113281
48588,5,55,2,-15,-15,-15,-15,345.8974914550781
48588,5,62,2,-18.5,-10,-18.5,-10,346.6308898925781
48588,5,61,2,-15,-10,-15,-10,346.8309020996094
48588,5,56,2,-7.5,-12.5,-7.5,-12.5,347.5635986328125
48588,5,59,2,-5,-10,-5,-10,347.83099365234375
48588,5,54,2,-10,-15,-10,-15,348.7799987792969
48588,5,60,2,-10,-10,-10,-10,349.031005859375
48588,5,64,2,-12.5,-7.5,-12.5,-7.5,349.39739990234375
48588,5,67,2,-15,-5,-15,-5,349.68060302734375
48588,5,57,2,-12.5,-12.5,-12.5,-12.5,351.06439208984375
48588,5,52,2,-10,-18.5,-10,-18.5,351.5633850097656
48588,5,55,2,-15,-15,-15,-15,352.1642150878906
48588,5,63,2,-7.5,-7.5,-7.5,-7.5,353.0303955078125
48588,5,65,2,-5,-5,-5,-5,353.330810546875
48588,5,58,2,-1.5,-10,-1.5,-10,353.7643127441406
48588,5,59,2,-5,-10,-5,-10,353.947509765625
48588,5,56,2,-7.5,-12.5,-7.5,-12.5,354.1968078613281
48588,5,60,2,-10,-10,-10,-10,354.397705078125
48588,5,61,2,-15,-10,-15,-10,354.797607421875
48588,5,62,2,-18.5,-10,-18.5,-10,355.09759521484375
48588,5,64,2,-12.5,-7.5,-12.5,-7.5,355.8475036621094
48588,5,53,2,-5,-15,-5,-15,356.6976013183594
48588,5,52,2,-10,-18.5,-10,-18.5,357.0802001953125
48588,5,54,2,-10,-15,-10,-15,357.39739990234375
48588,5,66,2,-10,-5,-10,-5,358.2311096191406
48588,5,60,2,-10,-10,-10,-10,359.6474914550781
48588,5,55,2,-15,-15,-15,-15,360.2309875488281
48588,5,62,2,-18.5,-10,-18.5,-10,360.74749755859375
48588,5,61,2,-15,-10,-15,-10,360.8642883300781
48588,5,64,2,-12.5,-7.5,-12.5,-7.5,361.1310119628906
48588,5,59,2,-5,-10,-5,-10,361.7467956542969
48588,5,58,2,-1.5,-10,-1.5,-10,362.0474853515625
48588,5,53,2,-5,-15,-5,-15,362.4642028808594
48588,5,56,2,-7.5,-12.5,-7.5,-12.5,362.6632080078125
48588,5,67,2,-15,-5,-15,-5,363.5640869140625
48588,5,66,2,-10,-5,-10,-5,364.0466003417969
48588,5,54,2,-10,-15,-10,-15,365.2637939453125
48588,5,52,2,-10,-18.5,-10,-18.5,365.38031005859375
48588,5,55,2,-15,-15,-15,-15,366.0799865722656
48588,5,63,2,-7.5,-7.5,-7.5,-7.5,366.9476013183594
48588,5,59,2,-5,-10,-5,-10,367.9801940917969
48588,5,56,2,-7.5,-12.5,-7.5,-12.5,368.164306640625
48588,5,61,2,-15,-10,-15,-10,368.7807922363281
48588,5,62,2,-18.5,-10,-18.5,-10,369.080810546875
48588,5,67,2,-15,-5,-15,-5,369.5309143066406
48588,5,64,2,-12.5,-7.5,-12.5,-7.5,369.6976013183594
48588,5,60,2,-10,-10,-10,-10,369.9805908203125
48588,5,54,2,-10,-15,-10,-15,370.4299926757813
48588,5,52,2,-10,-18.5,-10,-18.5,370.9476013183594
48588,5,57,2,-12.5,-12.5,-12.5,-12.5,371.59759521484375
48588,5,66,2,-10,-5,-10,-5,372.24749755859375
48588,5,68,2,-10,-1.5,-10,-1.5,372.5299072265625
48588,5,65,2,-5,-5,-5,-5,372.9466857910156
48588,5,59,2,-5,-10,-5,-10,373.3799133300781
48588,5,53,2,-5,-15,-5,-15,373.7966918945313
48588,5,63,2,-7.5,-7.5,-7.5,-7.5,374.547607421875
48588,5,64,2,-12.5,-7.5,-12.5,-7.5,375.0474853515625
48588,5,67,2,-15,-5,-15,-5,375.2474060058594
48588,5,61,2,-15,-10,-15,-10,375.4808044433594
48588,5,55,2,-15,-15,-15,-15,375.9307861328125
48588,5,52,2,-10,-18.5,-10,-18.5,376.46429443359375
48588,5,54,2,-10,-15,-10,-15,376.7640075683594
48588,5,60,2,-10,-10,-10,-10,377.1642150878906
48588,5,58,2,-1.5,-10,-1.5,-10,381.0466918945313
48588,6,68,5,-10,-1.5,-10,-1.5,804.73077392578125
48588,6,66,5,-10,-5,-10,-5,805.0465087890625
48588,6,65,5,-5,-5,-5,-5,805.28082275390625
48588,6,59,5,-5,-10,-5,-10,805.96417236328125
48588,6,63,4,-7.5,-7.5,-7.5,-7.5,805.99652099609375
48588,6,56,4,-7.5,-12.5,-7.5,-12.5,806.34747314453125
48588,6,58,5,-1.5,-10,-1.5,-10,806.54742431640625
48588,6,24,5,6.5,-15,6.5,-15,807.47998046875
48588,6,25,5,10,-15,10,-15,807.780029296875
48588,6,31,5,10,-10,10,-10,807.98077392578125
48588,6,32,5,15,-10,15,-10,808.397216796875
48588,6,34,5,15,-6.5,15,-6.5,808.480712890625
48588,6,17,5,10,1.5,10,1.5,809.330078125
48588,6,15,5,10,5,10,5,809.63067626953125
48588,6,14,5,5,5,5,5,809.880615234375
48588,6,12,4,7.5,7.5,7.5,7.5,810.1641845703125
48588,6,8,5,5,10,5,10,810.2808837890625
48588,6,5,4,7.5,12.5,7.5,12.5,810.54742431640625
48588,6,7,5,1.5,10,1.5,10,810.76318359375
48588,6,41,5,-6.5,15,-6.5,15,811.56402587890625
48588,6,42,5,-10,15,-10,15,811.8809204101564
48588,6,39,4,-12.5,17.5,-12.5,17.5,812.1298828125
48588,6,43,2,-15,15,-15,15,812.34747314453125
48588,6,36,2,-15,20,-15,20,812.49761962890625
48588,6,37,4,-10,20,-10,20,812.64727783203125
48588,6,46,4,-12.5,12.5,-12.5,12.5,813.6309204101564
48588,6,49,5,-15,10,-15,10,813.897216796875
48588,6,48,5,-10,10,-10,10,814.0474853515625
48588,6,68,5,-10,-1.5,-10,-1.5,815.664306640625
48588,6,66,5,-10,-5,-10,-5,815.99761962890625
48588,6,63,5,-5,-5,-7.5,-7.5,816.3643188476564
48588,6,65,5,-5,-5,-5,-5,816.38031005859375
48588,6,60,2,-10,-10,-10,-10,816.59747314453125
48588,6,56,4,-7.5,-12.5,-7.5,-12.5,816.7979125976564
48588,6,59,5,-5,-10,-5,-10,816.88067626953125
48588,6,58,5,-1.5,-10,-1.5,-10,817.26318359375
48588,6,24,5,6.5,-15,6.5,-15,818.09637451171875
48588,6,25,5,10,-15,10,-15,818.364013671875
48588,6,29,4,12.5,-12.5,12.5,-12.5,818.580322265625
48588,6,31,5,10,-10,10,-10,818.6641235351564
48588,6,32,5,15,-10,15,-10,818.847412109375
48588,6,34,5,15,-6.5,15,-6.5,819.064208984375
48588,6,17,5,10,1.5,10,1.5,820.04742431640625
48588,6,41,5,-6.5,15,-6.5,15,821.980712890625
48588,6,42,5,-10,15,-10,15,822.2811279296875
48588,6,46,4,-12.5,12.5,-12.5,12.5,822.5634155273436
48588,6,48,5,-10,10,-10,10,822.6309204101564
48588,6,49,5,-15,10,-15,10,822.8466186523436
48588,6,51,5,-15,6.5,-15,6.5,822.997314453125
48588,6,68,5,-10,-1.5,-10,-1.5,823.697509765625
48588,6,66,5,-10,-5,-10,-5,824.02978515625
48588,6,63,4,-7.5,-7.5,-7.5,-7.5,824.330810546875
48588,6,65,5,-5,-5,-5,-5,824.3975830078125
48588,6,59,5,-5,-10,-5,-10,824.59637451171875
48588,6,24,5,6.5,-15,6.5,-15,825.6972045898436
48588,6,29,4,12.5,-12.5,12.5,-12.5,826.32977294921875
48588,6,17,5,10,1.5,10,1.5,827.563720703125
48588,6,15,5,10,5,10,5,827.8466186523436
48588,6,12,4,7.5,7.5,7.5,7.5,828.1309204101564
48588,6,14,5,5,5,5,5,828.214111328125
48588,6,7,5,1.5,10,1.5,10,828.61407470703125
48588,6,41,5,-6.5,15,-6.5,15,829.4472045898436
48588,6,49,5,-15,10,-15,10,830.347412109375
48588,6,51,5,-15,6.5,-15,6.5,830.380615234375
48588,6,46,4,-12.5,12.5,-12.5,12.5,830.580810546875
48588,6,68,5,-10,-1.5,-10,-1.5,832.19757080078125
48588,6,24,5,6.5,-15,6.5,-15,834.080322265625
48588,6,25,5,10,-15,10,-15,834.430908203125
48588,6,14,5,5,5,5,5,837.38067626953125
48588,6,41,5,-6.5,15,-6.5,15,838.49737548828125
48588,6,42,5,-10,15,-10,15,838.7968139648436
48588,6,46,4,-12.5,12.5,-12.5,12.5,839.08087158203125
48588,6,48,5,-10,10,-10,10,839.24761962890625
48588,6,51,5,-15,6.5,-15,6.5,839.7310791015625
48588,6,49,5,-15,10,-15,10,839.8809204101564
48588,6,68,5,-10,-1.5,-10,-1.5,841.06390380859375
48588,6,66,5,-10,-5,-10,-5,841.38067626953125
48588,6,63,4,-7.5,-7.5,-7.5,-7.5,841.680908203125
48588,6,59,5,-5,-10,-5,-10,841.9472045898436
48588,6,58,5,-1.5,-10,-1.5,-10,842.23101806640625
48588,6,65,5,-5,-5,-5,-5,842.3643188476564
48588,6,24,5,6.5,-15,6.5,-15,843.99761962890625
48588,6,25,5,10,-15,10,-15,844.28082275390625
48588,6,29,4,12.5,-12.5,12.5,-12.5,844.531005859375
48588,6,32,5,15,-10,15,-10,844.764404296875
48588,6,34,5,15,-6.5,15,-6.5,844.99761962890625
48588,6,31,5,10,-10,10,-10,845.54742431640625
48588,6,17,5,10,1.5,10,1.5,846.73101806640625
48588,6,15,5,10,5,10,5,847.01318359375
48588,6,14,5,5,5,5,5,847.29718017578125
48588,6,12,4,7.5,7.5,7.5,7.5,847.330810546875
48588,6,42,5,-10,15,-10,15,849.0806884765625
48588,6,38,1,-20,20,-20,20,850.34747314453125
48588,6,44,2,-20,15,-20,15,850.78082275390625
48588,6,51,5,-15,6.5,-15,6.5,852.1632080078125
48588,6,68,5,-10,-1.5,-10,-1.5,853.513916015625
48588,6,65,5,-5,-5,-5,-5,853.9805297851564
48588,6,66,5,-10,-5,-10,-5,854.3466796875
48588,6,59,5,-5,-10,-5,-10,855.13018798828125
48588,6,56,4,-7.5,-12.5,-7.5,-12.5,855.3632202148436
48588,6,24,5,6.5,-15,6.5,-15,856.5477294921875
48588,6,25,5,10,-15,10,-15,856.8643188476564
48588,6,31,5,10,-10,10,-10,857.0800170898436
48588,6,29,4,12.5,-12.5,12.5,-12.5,857.1475219726564
48588,6,32,5,15,-10,15,-10,857.397216796875
48588,6,34,5,15,-6.5,15,-6.5,857.53082275390625
48588,6,17,5,10,1.5,10,1.5,858.29742431640625
48588,6,41,5,-6.5,15,-6.5,15,860.22998046875
48588,6,42,5,-10,15,-10,15,860.54656982421875
48588,6,46,4,-12.5,12.5,-12.5,12.5,860.8466186523436
48588,6,48,5,-10,10,-10,10,861.06402587890625
48588,6,51,5,-15,6.5,-15,6.5,861.44757080078125
48588,6,49,5,-15,10,-15,10,861.53082275390625
48588,6,68,5,-10,-1.5,-10,-1.5,862.6807250976564
48588,6,66,5,-10,-5,-10,-5,863.01422119140625
48588,6,65,5,-5,-5,-5,-5,863.1475219726564
48588,6,63,4,-7.5,-7.5,-7.5,-7.5,863.330810546875
48588,6,59,5,-5,-10,-5,-10,863.5308837890625
48588,6,58,5,-1.5,-10,-1.5,-10,863.8643188476564
48588,6,24,5,6.5,-15,6.5,-15,864.646484375
48588,6,25,5,10,-15,10,-15,864.947509765625
48588,6,31,5,10,-10,10,-10,865.164306640625
48588,6,29,4,12.5,-12.5,12.5,-12.5,865.23077392578125
48588,6,34,5,15,-6.5,15,-6.5,865.5977172851564
48588,6,17,5,10,1.5,10,1.5,866.4141845703125
48588,6,15,5,10,5,10,5,866.72998046875
48588,6,12,4,7.5,7.5,7.5,7.5,866.97991943359375
48588,6,8,5,5,10,5,10,867.230712890625
48588,6,42,5,-10,15,-10,15,868.59747314453125
48588,6,46,4,-12.5,12.5,-12.5,12.5,868.847412109375
48588,6,48,5,-10,10,-10,10,868.8798828125
48588,6,49,5,-15,10,-15,10,869.1309204101564
48588,6,68,5,-10,-1.5,-10,-1.5,870.24737548828125
48588,6,66,5,-10,-5,-10,-5,870.3809814453125
48588,6,63,4,-7.5,-7.5,-7.5,-7.5,870.697021484375
48588,6,58,5,-1.5,-10,-1.5,-10,871.230712890625
48588,6,65,5,-5,-5,-5,-5,871.5465087890625
48588,6,24,5,6.5,-15,6.5,-15,873.0977172851564
48588,6,25,5,10,-15,10,-15,873.397705078125
48588,6,31,5,10,-10,10,-10,874.08087158203125
48588,6,29,4,12.5,-12.5,12.5,-12.5,874.49737548828125
48588,6,32,5,15,-10,15,-10,874.56427001953125
48588,6,26,2,15,-15,15,-15,874.7974853515625
48588,6,30,4,17.5,-12.5,17.5,-12.5,874.97991943359375
48588,6,34,5,15,-6.5,15,-6.5,875.23077392578125
48588,6,17,5,10,1.5,10,1.5,876.14697265625
48588,6,15,5,10,5,10,5,876.26422119140625
48588,6,14,5,5,5,5,5,876.6298828125
48588,6,12,4,7.5,7.5,7.5,7.5,876.664306640625
48588,6,8,5,5,10,5,10,876.9473876953125
48588,6,7,5,1.5,10,1.5,10,877.0640869140625
48588,6,41,5,-6.5,15,-6.5,15,877.9473266601564
48588,6,42,5,-10,15,-10,15,878.26422119140625
48588,6,48,5,-10,10,-10,10,878.430908203125
48588,6,46,4,-12.5,12.5,-12.5,12.5,878.563720703125
48588,6,49,5,-15,10,-15,10,878.76318359375
48588,6,68,5,-10,-1.5,-10,-1.5,879.880615234375
48588,6,67,4,-15,-5,-15,-5,880.1806030273436
48588,6,64,4,-12.5,-7.5,-12.5,-7.5,880.3809814453125
48588,6,60,2,-10,-10,-10,-10,880.6807861328125
48588,7,65,1,-5,-5,-5,-5,542.99652099609375
48588,7,63,2,-7.5,-7.5,-7.5,-7.5,543.26422119140625
48588,7,60,4,-10,-10,-10,-10,543.5308837890625
48588,7,57,4,-12.5,-12.5,-12.5,-12.5,543.83062744140625
48588,7,55,5,-15,-15,-15,-15,544.08001708984375
48588,7,61,4,-15,-10,-15,-10,544.99761962890625
48588,7,56,2,-7.5,-12.5,-7.5,-12.5,545.34771728515625
48588,7,54,4,-10,-15,-10,-15,545.39801025390625
48588,7,52,5,-10,-18.5,-10,-18.5,545.697509765625
48588,7,53,2,-5,-15,-5,-15,547.480224609375
48588,7,60,4,-10,-10,-10,-10,548.6641845703125
48588,7,63,2,-7.5,-7.5,-7.5,-7.5,548.92987060546875
48588,7,65,1,-5,-5,-5,-5,549.23101806640625
48588,7,68,1,-10,-1.5,-10,-1.5,549.73101806640625
48588,7,66,1,-10,-5,-10,-5,550.7642822265625
48588,7,64,2,-12.5,-7.5,-12.5,-7.5,551.59771728515625
48588,7,67,2,-15,-5,-15,-5,551.74761962890625
48588,7,57,4,-12.5,-12.5,-12.5,-12.5,553.6143798828125
48588,7,61,4,-15,-10,-15,-10,554.44671630859375
48588,7,62,5,-18.5,-10,-18.5,-10,554.980712890625
48588,7,55,5,-15,-15,-15,-15,555.28082275390625
48588,7,54,4,-10,-15,-10,-15,555.83087158203125
48588,7,56,2,-7.5,-12.5,-7.5,-12.5,556.13092041015625
48588,7,60,4,-10,-10,-10,-10,556.33001708984375
48588,7,64,2,-12.5,-7.5,-12.5,-7.5,556.630615234375
48588,7,68,1,-10,-1.5,-10,-1.5,557.09698486328125
48588,7,65,1,-5,-5,-5,-5,557.63092041015625
48588,7,63,2,-7.5,-7.5,-7.5,-7.5,557.7974853515625
48588,7,52,5,-10,-18.5,-10,-18.5,558.74761962890625
48588,7,57,4,-12.5,-12.5,-12.5,-12.5,559.28082275390625
48588,7,58,1,-1.5,-10,-1.5,-10,560.64752197265625
48588,7,59,1,-5,-10,-5,-10,560.88092041015625
48588,7,56,2,-7.5,-12.5,-7.5,-12.5,561.14752197265625
48588,7,60,4,-10,-10,-10,-10,561.34747314453125
48588,7,67,2,-15,-5,-15,-5,562.797607421875
48588,7,64,2,-12.5,-7.5,-12.5,-7.5,563.046875
48588,7,53,2,-5,-15,-5,-15,563.896484375
48588,7,52,5,-10,-18.5,-10,-18.5,564.33062744140625
48588,7,54,4,-10,-15,-10,-15,564.54681396484375
48588,7,57,4,-12.5,-12.5,-12.5,-12.5,564.780517578125
48588,7,66,1,-10,-5,-10,-5,565.46417236328125
48588,7,65,1,-5,-5,-5,-5,566.36407470703125
48588,7,60,4,-10,-10,-10,-10,566.880615234375
48588,7,55,5,-15,-15,-15,-15,567.44720458984375
48588,7,62,5,-18.5,-10,-18.5,-10,567.88092041015625
48588,7,61,4,-15,-10,-15,-10,568.030517578125
48588,7,59,1,-5,-10,-5,-10,568.930419921875
48588,7,53,2,-5,-15,-5,-15,569.64752197265625
48588,7,56,2,-7.5,-12.5,-7.5,-12.5,569.86407470703125
48588,7,64,2,-12.5,-7.5,-12.5,-7.5,570.47991943359375
48588,7,68,1,-10,-1.5,-10,-1.5,571.447509765625
48588,7,66,1,-10,-5,-10,-5,571.6630859375
48588,7,63,2,-7.5,-7.5,-7.5,-7.5,571.84747314453125
48588,7,54,4,-10,-15,-10,-15,572.46441650390625
48588,7,52,5,-10,-18.5,-10,-18.5,572.72991943359375
48588,7,55,5,-15,-15,-15,-15,573.13092041015625
48588,7,57,4,-12.5,-12.5,-12.5,-12.5,573.380126953125
48588,7,53,2,-5,-15,-5,-15,577.9296875
48588,7,52,5,-10,-18.5,-10,-18.5,578.33087158203125
48588,7,54,4,-10,-15,-10,-15,578.4310302734375
48588,7,57,4,-12.5,-12.5,-12.5,-12.5,578.697509765625
48588,7,66,1,-10,-5,-10,-5,579.36407470703125
48588,7,68,1,-10,-1.5,-10,-1.5,579.6475830078125
48588,7,65,1,-5,-5,-5,-5,580.347412109375
48588,7,63,2,-7.5,-7.5,-7.5,-7.5,580.5474853515625
48588,7,55,5,-15,-15,-15,-15,581.36328125
48588,7,62,5,-18.5,-10,-18.5,-10,581.9298095703125
48588,7,60,4,-10,-10,-10,-10,582.664306640625
48588,7,59,1,-5,-10,-5,-10,583.1309814453125
48588,7,56,2,-7.5,-12.5,-7.5,-12.5,584.36407470703125
48588,7,67,2,-15,-5,-15,-5,585.23101806640625
48588,7,68,1,-10,-1.5,-10,-1.5,585.73077392578125
48588,7,66,1,-10,-5,-10,-5,586.04742431640625
48588,7,63,2,-7.5,-7.5,-7.5,-7.5,586.214111328125
48588,7,54,4,-10,-15,-10,-15,586.83087158203125
48588,7,52,5,-10,-18.5,-10,-18.5,587.080810546875
48588,7,55,5,-15,-15,-15,-15,587.5308837890625
48588,7,57,4,-12.5,-12.5,-12.5,-12.5,587.7642822265625
48588,7,60,4,-10,-10,-10,-10,588.0299072265625
48588,7,65,1,-5,-5,-5,-5,588.6807861328125
48588,7,58,1,-1.5,-10,-1.5,-10,589.58111572265625
48588,7,59,1,-5,-10,-5,-10,589.847412109375
48588,7,67,2,-15,-5,-15,-5,591.49761962890625
48588,7,64,2,-12.5,-7.5,-12.5,-7.5,591.714111328125
48588,7,66,1,-10,-5,-10,-5,594.1309814453125
48588,7,68,1,-10,-1.5,-10,-1.5,594.4298095703125
48588,7,65,1,-5,-5,-5,-5,594.9473876953125
48588,7,63,2,-7.5,-7.5,-7.5,-7.5,595.1641845703125
48588,7,57,4,-12.5,-12.5,-12.5,-12.5,595.69781494140625
48588,7,62,5,-18.5,-10,-18.5,-10,596.4298095703125
48588,7,61,4,-15,-10,-15,-10,596.63092041015625
48588,7,56,1,-5,-10,-7.5,-12.5,597.531005859375
48588,7,59,1,-5,-10,-5,-10,597.5474853515625
48588,7,58,1,-1.5,-10,-1.5,-10,597.83087158203125
48588,7,68,1,-10,-1.5,-10,-1.5,599.92987060546875
48588,7,66,1,-10,-5,-10,-5,600.080810546875
48588,7,63,2,-7.5,-7.5,-7.5,-7.5,600.28082275390625
48588,7,57,4,-12.5,-12.5,-12.5,-12.5,600.73077392578125
48588,7,52,5,-10,-18.5,-10,-18.5,601.197509765625
48588,7,55,5,-15,-15,-15,-15,601.69757080078125
48588,7,65,1,-5,-5,-5,-5,602.94671630859375
48588,7,58,1,-1.5,-10,-1.5,-10,603.36407470703125
48588,7,59,1,-5,-10,-5,-10,603.56341552734375
48588,7,56,2,-7.5,-12.5,-7.5,-12.5,603.780029296875
48588,7,53,2,-5,-15,-5,-15,603.83087158203125
48588,7,54,4,-10,-15,-10,-15,604.047607421875
48588,7,61,4,-15,-10,-15,-10,604.73052978515625
48588,7,68,1,-10,-1.5,-10,-1.5,605.8306884765625
48588,7,66,1,-10,-5,-10,-5,606.14752197265625
48588,7,60,4,-10,-10,-10,-10,606.49761962890625
48588,7,57,4,-12.5,-12.5,-12.5,-12.5,607.797607421875
48588,7,65,1,-5,-5,-5,-5,608.781005859375
48588,7,58,1,-1.5,-10,-1.5,-10,609.2974853515625
48588,7,59,1,-5,-10,-5,-10,609.44677734375
48588,7,60,4,-10,-10,-10,-10,611.680908203125
48588,7,56,2,-7.5,-12.5,-7.5,-12.5,611.99761962890625
48588,7,53,2,-5,-15,-5,-15,612.297607421875
48588,7,52,5,-10,-18.5,-10,-18.5,612.66412353515625
48588,7,54,4,-10,-15,-10,-15,612.9298095703125
48588,7,57,4,-12.5,-12.5,-12.5,-12.5,613.13092041015625
48588,7,66,1,-10,-5,-10,-5,613.797607421875
48588,7,68,1,-10,-1.5,-10,-1.5,614.09747314453125
48588,7,65,1,-5,-5,-5,-5,614.59747314453125
48588,7,63,2,-7.5,-7.5,-7.5,-7.5,614.86431884765625
48588,7,55,5,-15,-15,-15,-15,615.6807861328125
48588,7,62,5,-18.5,-10,-18.5,-10,616.24737548828125
48588,7,61,4,-15,-10,-15,-10,616.39752197265625
48588,7,60,4,-10,-10,-10,-10,616.830322265625
48588,7,59,1,-5,-10,-5,-10,617.28082275390625
48588,7,58,1,-1.5,-10,-1.5,-10,617.58001708984375
48588,7,56,2,-7.5,-12.5,-7.5,-12.5,618.34747314453125
48588,7,64,2,-12.5,-7.5,-12.5,-7.5,618.94757080078125
48588,7,68,1,-10,-1.5,-10,-1.5,619.780517578125
48588,7,66,1,-10,-5,-10,-5,619.9473876953125
48588,7,63,2,-7.5,-7.5,-7.5,-7.5,620.16412353515625
48588,7,54,4,-10,-15,-10,-15,620.76422119140625
48588,7,52,5,-10,-18.5,-10,-18.5,621.03082275390625
48588,7,55,5,-15,-15,-15,-15,621.5299072265625
48588,7,57,4,-12.5,-12.5,-12.5,-12.5,621.76422119140625
48588,7,65,1,-5,-5,-5,-5,622.6807861328125
48588,7,59,1,-5,-10,-5,-10,623.11328125
48588,7,56,2,-7.5,-12.5,-7.5,-12.5,623.3798828125
48588,7,67,2,-15,-5,-15,-5,625.080078125
48588,7,64,2,-12.5,-7.5,-12.5,-7.5,625.34747314453125
48588,7,53,2,-5,-15,-5,-15,626.24761962890625
48588,7,52,5,-10,-18.5,-10,-18.5,627.04742431640625
48588,7,54,4,-10,-15,-10,-15,627.347412109375
48588,7,60,4,-10,-10,-10,-10,627.84698486328125
48588,7,63,2,-7.5,-7.5,-7.5,-7.5,628.14727783203125
48588,7,66,1,-10,-5,-10,-5,628.36322021484375
48588,7,68,1,-10,-1.5,-10,-1.5,628.6641845703125
48588,7,65,1,-5,-5,-5,-5,629.46331787109375
48588,7,61,4,-15,-10,-15,-10,631.49761962890625
48588,7,59,1,-5,-10,-5,-10,632.41412353515625
48588,7,58,1,-1.5,-10,-1.5,-10,632.6810302734375
48588,7,53,2,-5,-15,-5,-15,633.0806884765625
48588,7,67,2,-15,-5,-15,-5,634.36322021484375
48588,7,68,1,-10,-1.5,-10,-1.5,634.564208984375
48588,7,65,1,-5,-5,-5,-5,635.14752197265625
48588,7,57,4,-12.5,-12.5,-12.5,-12.5,636.22991943359375
48588,7,52,5,-10,-18.5,-10,-18.5,636.46441650390625
48588,7,55,5,-15,-15,-15,-15,637.22991943359375
48588,7,58,1,-1.5,-10,-1.5,-10,638.7808837890625
48588,7,59,1,-5,-10,-5,-10,638.96417236328125
48588,7,60,4,-10,-10,-10,-10,639.347412109375
48588,7,67,2,-15,-5,-15,-5,640.564208984375
48588,7,64,2,-12.5,-7.5,-12.5,-7.5,640.797607421875
48588,7,56,2,-7.5,-12.5,-7.5,-12.5,641.36322021484375
48588,7,53,2,-5,-15,-5,-15,641.6641845703125
48588,7,52,5,-10,-18.5,-10,-18.5,642.1641845703125
48588,7,54,4,-10,-15,-10,-15,642.38092041015625
48588,7,57,4,-12.5,-12.5,-12.5,-12.5,642.64727783203125
48588,7,68,1,-10,-1.5,-10,-1.5,643.664306640625
48588,7,65,1,-5,-5,-5,-5,644.39752197265625
48588,7,60,4,-10,-10,-10,-10,644.8966064453125
48588,7,55,5,-15,-15,-15,-15,645.46331787109375
48588,7,62,5,-18.5,-10,-18.5,-10,645.84747314453125
48588,7,61,4,-15,-10,-15,-10,645.96417236328125
48588,7,56,2,-7.5,-12.5,-7.5,-12.5,646.680908203125
48588,7,53,2,-5,-15,-5,-15,647.78082275390625
48588,7,54,4,-10,-15,-10,-15,648.17987060546875
48588,7,52,5,-10,-18.5,-10,-18.5,648.24761962890625
48588,7,57,4,-12.5,-12.5,-12.5,-12.5,648.73077392578125
48588,7,64,2,-12.5,-7.5,-12.5,-7.5,649.23101806640625
48588,7,67,2,-15,-5,-15,-5,649.49761962890625
48588,7,68,1,-10,-1.5,-10,-1.5,650.0308837890625
48588,7,66,1,-10,-5,-10,-5,650.36322021484375
48588,7,63,2,-7.5,-7.5,-7.5,-7.5,652.84747314453125
48588,7,65,1,-5,-5,-5,-5,653.22998046875
48588,7,58,1,-1.5,-10,-1.5,-10,653.83087158203125
48588,7,53,2,-5,-15,-5,-15,654.24652099609375
48588,7,54,4,-10,-15,-10,-15,654.63092041015625
48588,7,52,5,-10,-18.5,-10,-18.5,655.1807861328125
48588,7,60,4,-10,-10,-10,-10,656.197509765625
48588,7,61,4,-15,-10,-15,-10,657.180908203125
48588,7,55,5,-15,-15,-15,-15,657.497314453125
48588,7,62,5,-18.5,-10,-18.5,-10,658.6475830078125
48588,7,63,2,-7.5,-7.5,-7.5,-7.5,659.76397705078125
48588,7,65,1,-5,-5,-5,-5,660.08001708984375
48588,7,58,1,-1.5,-10,-1.5,-10,660.64691162109375
48588,7,56,2,-7.5,-12.5,-7.5,-12.5,661.24761962890625
48588,7,54,4,-10,-15,-10,-15,661.48077392578125
48588,7,55,5,-15,-15,-15,-15,662.6973876953125
48588,7,57,4,-12.5,-12.5,-12.5,-12.5,662.96417236328125
48588,7,60,4,-10,-10,-10,-10,663.26318359375
48588,7,66,1,-10,-5,-10,-5,664.22991943359375
48588,7,64,2,-12.5,-7.5,-12.5,-7.5,664.53082275390625
48588,7,53,2,-5,-15,-5,-15,665.98101806640625
48588,7,56,2,-7.5,-12.5,-7.5,-12.5,666.281005859375
48588,7,67,2,-15,-5,-15,-5,667.17962646484375
48588,7,62,5,-18.5,-10,-18.5,-10,667.86407470703125
48588,7,61,4,-15,-10,-15,-10,668.09747314453125
48588,7,59,1,-5,-10,-5,-10,668.99737548828125
48588,7,58,1,-1.5,-10,-1.5,-10,669.28057861328125
48588,7,65,1,-5,-5,-5,-5,669.947509765625
48588,7,63,2,-7.5,-7.5,-7.5,-7.5,670.18011474609375
48588,7,57,4,-12.5,-12.5,-12.5,-12.5,670.74761962890625
48588,7,55,5,-15,-15,-15,-15,670.99737548828125
48588,7,52,5,-10,-18.5,-10,-18.5,671.7310791015625
48588,7,54,4,-10,-15,-10,-15,672.04742431640625
48588,7,56,2,-7.5,-12.5,-7.5,-12.5,672.2799072265625
48588,7,66,1,-10,-5,-10,-5,672.96441650390625
48588,7,68,1,-10,-1.5,-10,-1.5,673.24761962890625
48588,7,67,2,-15,-5,-15,-5,673.91412353515625
48588,7,64,2,-12.5,-7.5,-12.5,-7.5,674.1641845703125
48588,7,60,4,-10,-10,-10,-10,674.4307861328125
48588,7,53,2,-5,-15,-5,-15,675.047119140625
48588,7,58,1,-1.5,-10,-1.5,-10,675.51318359375
48588,7,63,2,-7.5,-7.5,-7.5,-7.5,675.980224609375
48588,7,61,4,-15,-10,-15,-10,676.6475830078125
48588,7,62,5,-18.5,-10,-18.5,-10,676.9141845703125
48588,7,55,5,-15,-15,-15,-15,677.54681396484375
48588,7,57,4,-12.5,-12.5,-12.5,-12.5,677.84747314453125
48588,7,65,1,-5,-5,-5,-5,678.780517578125
48588,7,68,1,-10,-1.5,-10,-1.5,679.163330078125
48588,7,64,2,-12.5,-7.5,-12.5,-7.5,679.63092041015625
48588,7,60,4,-10,-10,-10,-10,679.84698486328125
48588,7,52,5,-10,-18.5,-10,-18.5,680.56427001953125
48588,7,67,2,-15,-5,-15,-5,682.68072509765625
48588,7,62,5,-18.5,-10,-18.5,-10,683.2808837890625
48588,7,61,4,-15,-10,-15,-10,683.48101806640625
48588,7,55,5,-15,-15,-15,-15,683.76422119140625
48588,7,57,4,-12.5,-12.5,-12.5,-12.5,684.7645263671875
48588,7,64,2,-12.5,-7.5,-12.5,-7.5,685.32977294921875
48588,7,66,1,-10,-5,-10,-5,685.49761962890625
48588,7,68,1,-10,-1.5,-10,-1.5,685.78021240234375
48588,7,65,1,-5,-5,-5,-5,686.88092041015625
48588,7,59,1,-5,-10,-5,-10,687.33087158203125
48588,7,58,1,-1.5,-10,-1.5,-10,687.47991943359375
48588,7,53,2,-5,-15,-5,-15,687.7642822265625
48588,7,56,2,-7.5,-12.5,-7.5,-12.5,687.7977294921875
48588,7,61,4,-15,-10,-15,-10,689.19732666015625
48588,7,62,5,-18.5,-10,-18.5,-10,689.513916015625
48588,7,67,2,-15,-5,-15,-5,690.7467041015625
48588,7,59,1,-5,-10,-5,-10,692.764404296875
48588,7,63,2,-7.5,-7.5,-7.5,-7.5,693.04656982421875
48588,7,68,1,-10,-1.5,-10,-1.5,694.0308837890625
48588,7,56,2,-7.5,-12.5,-7.5,-12.5,695.99652099609375
48588,7,54,4,-10,-15,-10,-15,696.24761962890625
48588,7,53,2,-5,-15,-5,-15,696.76422119140625
48588,7,55,5,-15,-15,-15,-15,697.84661865234375
48588,7,60,4,-10,-10,-10,-10,698.36322021484375
48588,7,61,4,-15,-10,-15,-10,698.6309814453125
48588,7,62,5,-18.5,-10,-18.5,-10,699.96417236328125
48588,7,67,2,-15,-5,-15,-5,700.663330078125
48588,7,66,1,-10,-5,-10,-5,701.13092041015625
48588,7,68,1,-10,-1.5,-10,-1.5,701.34771728515625
48588,7,65,1,-5,-5,-5,-5,701.8643798828125
48588,8,36,5,5,-5,5,-5,1197.863037109375
48588,8,41,5,1.5,-10,1.5,-10,1198.2960205078125
48588,8,42,4,5,-15,5,-10,1198.7459716796875
48588,8,48,4,5,-15,5,-15,1198.762939453125
48588,8,43,2,10,-10,10,-10,1199.031005859375
48588,8,39,4,7.5,-7.5,7.5,-7.5,1199.14599609375
48588,8,37,5,10,-5,10,-5,1199.3470458984375
48588,8,40,4,12.5,-7.5,12.5,-7.5,1199.3809814453125
48588,8,35,5,10,-1.5,10,-1.5,1199.7459716796875
48588,8,17,5,15,6.5,15,6.5,1200.447021484375
48588,8,15,5,15,10,15,10,1200.73095703125
48588,8,14,4,12.5,12.5,10,10,1200.947021484375
48588,8,12,4,12.5,12.5,12.5,12.5,1200.9630126953125
48588,8,8,5,10,15,10,15,1201.2969970703125
48588,8,5,4,12.5,17.5,12.5,17.5,1201.39697265625
48588,8,7,5,6.5,15,6.5,15,1201.6309814453125
48588,8,28,5,0,15,0,15,1202.1810302734375
48588,8,27,5,-5,15,-5,15,1202.5970458984375
48588,8,30,4,-10,10,-10,10,1203.2139892578125
48588,8,33,5,-5,5,-5,5,1203.6309814453125
48588,8,32,5,-15,5,-15,5,1204.2640380859375
48588,8,34,5,-15,0,-15,0,1204.5469970703125
48588,8,52,5,-20,-5,-20,-5,1205.0469970703125
48588,8,54,5,-20,-10,-20,-10,1205.4639892578125
48588,8,57,4,-15,-15,-15,-15,1205.9639892578125
48588,8,55,5,-10,-10,-10,-10,1206.5140380859375
48588,8,60,5,-10,-20,-10,-20,1207.14697265625
48588,8,61,5,-5,-20,-5,-20,1207.4969482421875
48588,8,48,4,5,-15,5,-15,1208.56298828125
48588,8,42,5,5,-10,5,-10,1208.98095703125
48588,8,36,5,5,-5,5,-5,1209.4129638671875
48588,8,37,5,10,-5,10,-5,1209.7640380859375
48588,8,40,4,12.5,-7.5,12.5,-7.5,1210.06298828125
48588,8,38,4,15,-5,15,-5,1210.22998046875
48588,8,35,5,10,-1.5,10,-1.5,1210.8310546875
48588,8,39,4,7.5,-7.5,7.5,-7.5,1211.3800048828125
48588,8,41,5,1.5,-10,1.5,-10,1211.8310546875
48588,8,46,4,7.5,-12.5,7.5,-12.5,1212.197021484375
48588,8,49,2,10,-15,10,-15,1212.4639892578125
48588,8,51,1,10,-18.5,10,-18.5,1212.89697265625
48588,8,50,1,15,-15,15,-15,1214.06298828125
48588,8,47,2,12.5,-12.5,12.5,-12.5,1214.31298828125
48588,8,43,2,10,-10,10,-10,1214.9300537109375
48588,8,40,4,12.5,-7.5,12.5,-7.5,1215.0799560546875
48588,8,37,5,10,-5,10,-5,1215.2640380859375
48588,8,42,5,5,-10,5,-10,1216.364013671875
48588,8,39,4,7.5,-7.5,7.5,-7.5,1216.39697265625
48588,8,15,5,15,10,15,10,1218.613037109375
48588,8,12,4,12.5,12.5,12.5,12.5,1218.8470458984375
48588,8,8,5,10,15,10,15,1219.1639404296875
48588,8,7,5,6.5,15,6.5,15,1219.4639892578125
48588,8,14,5,10,10,10,10,1219.5810546875
48588,8,28,5,0,15,0,15,1220.9310302734375
48588,8,27,5,-5,15,-5,15,1221.39599609375
48588,8,30,4,-10,10,-10,10,1221.9300537109375
48588,8,34,5,-15,0,-15,0,1223.06396484375
48588,8,32,5,-15,5,-15,5,1223.1810302734375
48588,8,52,5,-20,-5,-20,-5,1224.1309814453125
48588,8,54,5,-20,-10,-20,-10,1224.5469970703125
48588,8,55,5,-10,-10,-10,-10,1225.3310546875
48588,8,57,4,-15,-15,-15,-15,1225.89697265625
48588,8,60,5,-10,-20,-10,-20,1226.1639404296875
48588,8,61,5,-5,-20,-5,-20,1226.56298828125
48588,8,48,4,5,-15,5,-15,1227.47998046875
48588,8,42,5,1.5,-10,5,-10,1227.73095703125
48588,8,41,5,1.5,-10,1.5,-10,1227.748046875
48588,8,39,4,7.5,-7.5,7.5,-7.5,1228.2969970703125
48588,8,46,4,7.5,-12.5,7.5,-12.5,1228.5469970703125
48588,8,43,2,10,-10,10,-10,1228.8299560546875
48588,8,36,5,5,-5,5,-5,1229.14794921875
48588,8,37,5,10,-5,10,-5,1229.4969482421875
48588,8,35,5,10,-1.5,10,-1.5,1229.530029296875
48588,8,38,4,15,-5,15,-5,1229.9639892578125
48588,8,17,5,15,6.5,15,6.5,1230.8480224609375
48588,8,15,5,15,10,15,10,1231.1300048828125
48588,8,14,5,10,10,10,10,1231.4300537109375
48588,8,8,5,10,15,10,15,1231.6810302734375
48588,8,7,5,6.5,15,6.5,15,1231.864013671875
48588,8,28,5,0,15,0,15,1232.4630126953125
48588,8,27,5,-5,15,-5,15,1232.864013671875
48588,8,30,4,-10,10,-10,10,1233.4139404296875
48588,8,33,5,-5,5,-5,5,1233.73095703125
48588,8,32,5,-15,5,-15,5,1234.363037109375
48588,8,34,5,-15,0,-15,0,1234.6309814453125
48588,8,52,5,-20,-5,-20,-5,1235.23095703125
48588,8,54,5,-20,-10,-20,-10,1235.56396484375
48588,8,55,5,-10,-10,-10,-10,1236.2969970703125
48588,8,57,4,-15,-15,-15,-15,1237.197021484375
48588,8,60,5,-10,-20,-10,-20,1237.3800048828125
48588,8,61,5,-5,-20,-5,-20,1237.7640380859375
48588,8,48,4,5,-15,5,-15,1238.7469482421875
48588,8,41,5,1.5,-10,1.5,-10,1239.0469970703125
48588,8,39,4,7.5,-7.5,7.5,-7.5,1239.4310302734375
48588,8,46,4,7.5,-12.5,7.5,-12.5,1239.6309814453125
48588,8,36,5,5,-5,5,-5,1240.1629638671875
48588,8,37,5,10,-5,10,-5,1240.613037109375
48588,8,35,5,10,-1.5,10,-1.5,1240.863037109375
48588,8,17,5,15,6.5,15,6.5,1241.6800537109375
48588,8,15,5,15,10,15,10,1241.9639892578125
48588,8,12,4,12.5,12.5,12.5,12.5,1242.248046875
48588,8,8,5,10,15,10,15,1242.4969482421875
48588,8,7,5,6.5,15,6.5,15,1242.6810302734375
48588,8,28,5,0,15,0,15,1243.364013671875
48588,8,27,5,-5,15,-5,15,1243.781005859375
48588,8,30,4,-10,10,-10,10,1244.48095703125
48588,8,33,5,-5,5,-5,5,1244.7640380859375
48588,8,32,5,-15,5,-15,5,1245.447021484375
48588,8,34,5,-15,0,-15,0,1245.8480224609375
48588,8,52,5,-20,-5,-20,-5,1246.4639892578125
48588,8,54,5,-20,-10,-20,-10,1247.4139404296875
48588,8,55,5,-10,-10,-10,-10,1248.3299560546875
48588,8,57,4,-15,-15,-15,-15,1248.7969970703125
48588,8,60,5,-10,-20,-10,-20,1249.5140380859375
48588,8,61,5,-5,-20,-5,-20,1249.947998046875
48588,8,66,4,-10,-30,-10,-30,1250.595947265625
48588,8,63,4,-15,-25,-15,-25,1251.1639404296875
48588,8,41,5,1.5,-10,1.5,-10,1253.0469970703125
48588,8,42,5,5,-10,5,-10,1253.280029296875
48588,8,46,4,7.5,-12.5,7.5,-12.5,1253.6639404296875
48588,8,39,4,7.5,-7.5,7.5,-7.5,1254.4300537109375
48588,8,36,5,5,-5,5,-5,1254.4630126953125
48588,8,37,5,10,-5,10,-5,1254.6639404296875
48588,8,40,4,12.5,-7.5,12.5,-7.5,1254.9969482421875
48588,8,38,4,15,-5,15,-5,1255.1309814453125
48588,8,43,2,10,-10,10,-10,1255.39697265625
48588,8,35,5,10,-1.5,10,-1.5,1256.14697265625
48588,8,17,5,15,6.5,15,6.5,1256.9310302734375
48588,8,15,5,15,10,15,10,1257.23095703125
48588,8,14,5,10,10,10,10,1257.47998046875
48588,8,8,5,10,15,10,15,1257.7640380859375
48588,8,7,5,6.5,15,6.5,15,1257.9139404296875
48588,8,28,5,0,15,0,15,1258.56396484375
48588,8,27,5,-5,15,-5,15,1259.0469970703125
48588,8,30,4,-10,10,-10,10,1259.5479736328125
48588,8,33,5,-5,5,-5,5,1259.98095703125
48588,8,32,5,-15,5,-15,5,1260.863037109375
48588,8,34,5,-15,0,-15,0,1261.030029296875
48588,8,52,5,-20,-5,-20,-5,1261.6300048828125
48588,8,54,5,-20,-10,-20,-10,1263.1639404296875
48588,8,57,4,-15,-15,-15,-15,1263.697021484375
48588,8,55,5,-10,-10,-10,-10,1264.23095703125
48588,8,60,5,-10,-20,-10,-20,1264.98095703125
48588,8,61,5,-5,-20,-5,-20,1265.0810546875
48588,8,66,4,-10,-30,-10,-30,1266.23095703125
48588,8,63,4,-15,-25,-15,-25,1266.8310546875
48588,8,41,5,1.5,-10,1.5,-10,1268.48095703125
48588,8,42,5,5,-10,5,-10,1268.72900390625
48588,8,46,4,7.5,-12.5,7.5,-12.5,1268.947021484375
48588,8,48,4,5,-15,5,-15,1269.0469970703125
48588,8,39,4,7.5,-7.5,7.5,-7.5,1269.8310546875
48588,8,36,5,5,-5,5,-5,1270.0469970703125
48588,8,37,5,10,-5,10,-5,1270.447998046875
48588,8,35,5,10,-1.5,10,-1.5,1270.5970458984375
48588,8,38,4,15,-5,15,-5,1270.9310302734375
48588,8,44,2,15,-10,15,-10,1271.5479736328125
48588,8,40,4,12.5,-7.5,12.5,-7.5,1271.6300048828125
48588,8,47,2,12.5,-12.5,12.5,-12.5,1271.8470458984375
48588,8,49,2,10,-15,10,-15,1272.1300048828125
48588,8,17,5,15,6.5,15,6.5,1273.6639404296875
48588,8,15,5,15,10,15,10,1273.946044921875
48588,8,12,4,12.5,12.5,12.5,12.5,1274.2459716796875
48588,8,14,5,10,10,10,10,1274.364013671875
48588,8,13,4,17.5,12.5,17.5,12.5,1274.98095703125
48588,8,9,2,15,15,15,15,1275.2469482421875
48588,8,8,5,10,15,10,15,1275.5810546875
48588,8,7,5,6.5,15,6.5,15,1275.8800048828125
48588,8,28,5,0,15,0,15,1276.4300537109375
48588,8,27,5,-5,15,-5,15,1276.8470458984375
48588,8,30,4,-10,10,-10,10,1277.39697265625
48588,8,33,5,-5,5,-5,5,1277.8800048828125
48588,8,32,5,-15,5,-15,5,1278.7640380859375
48588,8,34,5,-15,0,-15,0,1279.06298828125
48588,8,52,5,-20,-5,-20,-5,1279.6639404296875
48588,8,54,5,-20,-10,-20,-10,1280.031005859375
48588,8,55,5,-10,-10,-10,-10,1280.6800537109375
48588,8,57,4,-15,-15,-15,-15,1281.2979736328125
48588,8,60,5,-10,-20,-10,-20,1281.7640380859375
48588,8,61,5,-5,-20,-5,-20,1282.197021484375
48588,8,66,4,-10,-30,-10,-30,1283.1309814453125
48588,8,63,4,-15,-25,-15,-25,1284.696044921875
48588,8,48,4,5,-15,5,-15,1286.8310546875
48588,8,41,5,5,-10,1.5,-10,1287.0140380859375
48588,8,42,5,5,-10,5,-10,1287.031005859375
48588,8,39,4,7.5,-7.5,7.5,-7.5,1287.3800048828125
48588,8,43,2,10,-10,10,-10,1287.5980224609375
48588,8,46,4,7.5,-12.5,7.5,-12.5,1287.748046875
48588,8,36,5,5,-5,5,-5,1288.4969482421875
48588,8,37,5,10,-5,10,-5,1288.7969970703125
48588,8,40,4,12.5,-7.5,12.5,-7.5,1289.029052734375
48588,8,35,5,10,-1.5,10,-1.5,1289.281005859375
48588,8,17,5,15,6.5,15,6.5,1289.98095703125
48588,8,15,5,15,10,15,10,1290.3470458984375
48588,8,14,5,10,10,10,10,1290.5970458984375
48588,8,12,4,12.5,12.5,12.5,12.5,1290.8299560546875
48588,8,9,2,15,15,15,15,1291.0970458984375
48588,8,8,5,10,15,10,15,1291.281005859375
48588,8,7,5,6.5,15,6.5,15,1291.614013671875
48588,8,28,5,0,15,0,15,1292.14697265625
48588,8,27,5,-5,15,-5,15,1292.56298828125
48588,8,30,4,-10,10,-10,10,1293.280029296875
48588,8,33,5,-5,5,-5,5,1293.7640380859375
48588,8,32,5,-15,5,-15,5,1294.47998046875
48588,8,52,5,-20,-5,-20,-5,1295.4139404296875
48588,8,34,5,-15,0,-15,0,1295.64794921875
48588,8,55,5,-10,-10,-10,-10,1296.4639892578125
48588,8,54,5,-20,-10,-20,-10,1297.1309814453125
48588,8,57,4,-15,-15,-15,-15,1297.6300048828125
48588,8,60,5,-10,-20,-10,-20,1298.1300048828125
48588,8,61,5,-5,-20,-5,-20,1298.6309814453125
48588,9,35,1,10,-1.5,10,-1.5,1305.1300048828125
48588,9,37,1,10,-5,10,-5,1305.4630126953125
48588,9,43,4,10,-10,10,-10,1305.864013671875
48588,9,47,4,12.5,-12.5,12.5,-12.5,1306.06396484375
48588,9,49,4,10,-15,10,-15,1306.2640380859375
48588,9,48,2,5,-15,5,-15,1306.780029296875
48588,9,46,2,7.5,-12.5,7.5,-12.5,1307.06396484375
48588,9,40,2,12.5,-7.5,12.5,-7.5,1307.6639404296875
48588,9,38,2,15,-5,15,-5,1307.947021484375
48588,9,45,5,18.5,-10,18.5,-10,1308.447021484375
48588,9,44,4,15,-10,15,-10,1308.5980224609375
48588,9,42,1,5,-10,5,-10,1309.498046875
48588,9,41,1,1.5,-10,1.5,-10,1309.81396484375
48588,9,36,1,5,-5,5,-5,1310.4310302734375
48588,9,39,2,7.5,-7.5,7.5,-7.5,1310.64794921875
48588,9,43,4,10,-10,10,-10,1310.89697265625
48588,9,47,4,12.5,-12.5,12.5,-12.5,1311.1810302734375
48588,9,50,5,15,-15,15,-15,1311.446044921875
48588,9,51,5,10,-18.5,10,-18.5,1312.0469970703125
48588,9,49,4,10,-15,10,-15,1312.2640380859375
48588,9,37,1,10,-5,10,-5,1313.1639404296875
48588,9,35,1,10,-1.5,10,-1.5,1313.4630126953125
48588,9,38,2,15,-5,15,-5,1314.0140380859375
48588,9,40,2,12.5,-7.5,12.5,-7.5,1314.2640380859375
48588,9,46,2,7.5,-12.5,7.5,-12.5,1314.864013671875
48588,9,48,2,5,-15,5,-15,1315.14794921875
48588,9,41,1,1.5,-10,1.5,-10,1315.6629638671875
48588,9,42,1,5,-10,5,-10,1315.8809814453125
48588,9,43,4,10,-10,10,-10,1316.280029296875
48588,9,44,4,15,-10,15,-10,1316.6800537109375
48588,9,45,5,18.5,-10,18.5,-10,1316.947021484375
48588,9,50,5,15,-15,15,-15,1317.197021484375
48588,9,47,4,12.5,-12.5,12.5,-12.5,1317.3299560546875
48588,9,39,2,7.5,-7.5,7.5,-7.5,1317.947021484375
48588,9,36,1,5,-5,5,-5,1318.2640380859375
48588,9,35,1,10,-1.5,10,-1.5,1318.9300537109375
48588,9,37,1,10,-5,10,-5,1319.1810302734375
48588,9,49,4,10,-15,10,-15,1319.9639892578125
48588,9,51,5,10,-18.5,10,-18.5,1320.2469482421875
48588,9,48,2,5,-15,5,-15,1320.7139892578125
48588,9,46,2,7.5,-12.5,7.5,-12.5,1321.030029296875
48588,9,43,4,10,-10,10,-10,1321.31298828125
48588,9,40,2,12.5,-7.5,12.5,-7.5,1321.5799560546875
48588,9,38,2,15,-5,15,-5,1321.8809814453125
48588,9,45,5,18.5,-10,18.5,-10,1322.39599609375
48588,9,44,4,15,-10,15,-10,1322.56396484375
48588,9,47,4,12.5,-12.5,12.5,-12.5,1322.8310546875
48588,9,42,1,5,-10,5,-10,1323.47998046875
48588,9,41,1,1.5,-10,1.5,-10,1323.7640380859375
48588,9,36,1,5,-5,5,-5,1324.281005859375
48588,9,39,2,7.5,-7.5,7.5,-7.5,1324.531005859375
48588,9,50,5,15,-15,15,-15,1325.3470458984375
48588,9,51,5,10,-18.5,10,-18.5,1325.7459716796875
48588,9,49,4,10,-15,10,-15,1326.012939453125
48588,9,43,4,10,-10,10,-10,1326.4300537109375
48588,9,37,1,10,-5,10,-5,1326.89697265625
48588,9,35,1,10,-1.5,10,-1.5,1327.1810302734375
48588,9,38,2,15,-5,15,-5,1327.863037109375
48588,9,40,2,12.5,-7.5,12.5,-7.5,1328.0970458984375
48588,9,46,2,7.5,-12.5,7.5,-12.5,1328.6800537109375
48588,9,48,2,5,-15,5,-15,1328.98095703125
48588,9,41,1,1.5,-10,1.5,-10,1329.345947265625
48588,9,39,2,7.5,-7.5,7.5,-7.5,1329.8310546875
48588,9,44,4,15,-10,15,-10,1330.4300537109375
48588,9,45,5,18.5,-10,18.5,-10,1330.6810302734375
48588,9,47,4,12.5,-12.5,12.5,-12.5,1331.531005859375
48588,9,49,4,10,-15,10,-15,1331.781005859375
48588,9,50,5,15,-15,15,-15,1331.947998046875
48588,9,43,4,10,-10,10,-10,1332.8470458984375
48588,9,36,1,5,-5,5,-5,1333.47998046875
48588,9,35,1,10,-1.5,10,-1.5,1334.031005859375
48588,9,37,1,10,-5,10,-5,1334.345947265625
48588,9,51,5,10,-18.5,10,-18.5,1335.447021484375
48588,9,48,2,5,-15,5,-15,1335.98095703125
48588,9,46,2,7.5,-12.5,7.5,-12.5,1336.281005859375
48588,9,40,2,12.5,-7.5,12.5,-7.5,1336.8809814453125
48588,9,38,2,15,-5,15,-5,1337.1810302734375
48588,9,45,5,18.5,-10,18.5,-10,1337.7969970703125
48588,9,44,4,15,-10,15,-10,1337.9639892578125
48588,9,43,4,10,-10,10,-10,1338.4139404296875
48588,9,42,1,5,-10,5,-10,1338.864013671875
48588,9,41,1,1.5,-10,1.5,-10,1339.14697265625
48588,9,36,1,5,-5,5,-5,1339.863037109375
48588,9,39,2,7.5,-7.5,7.5,-7.5,1340.14599609375
48588,9,47,4,12.5,-12.5,12.5,-12.5,1340.72998046875
48588,9,50,5,15,-15,15,-15,1340.97900390625
48588,9,51,5,10,-18.5,10,-18.5,1341.5810546875
48588,9,49,4,10,-15,10,-15,1341.7640380859375
48588,9,37,1,10,-5,10,-5,1342.6639404296875
48588,9,35,1,10,-1.5,10,-1.5,1342.947021484375
48588,9,38,2,15,-5,15,-5,1343.531005859375
48588,9,40,2,12.5,-7.5,12.5,-7.5,1343.7969970703125
48588,9,43,4,10,-10,10,-10,1344.0799560546875
48588,9,46,2,7.5,-12.5,7.5,-12.5,1344.39697265625
48588,9,48,2,5,-15,5,-15,1344.697021484375
48588,9,41,1,1.5,-10,1.5,-10,1345.14697265625
48588,9,42,1,5,-10,5,-10,1345.2969970703125
48588,9,44,4,15,-10,15,-10,1346.0970458984375
48588,9,45,5,18.5,-10,18.5,-10,1346.364013671875
48588,9,50,5,15,-15,15,-15,1346.498046875
48588,9,47,4,12.5,-12.5,12.5,-12.5,1347.0469970703125
48588,9,49,4,10,-15,10,-15,1347.0810546875
48588,9,39,2,7.5,-7.5,7.5,-7.5,1347.6629638671875
48588,9,36,1,5,-5,5,-5,1347.9639892578125
48588,9,35,1,10,-1.5,10,-1.5,1348.5970458984375
48588,9,37,1,10,-5,10,-5,1348.9639892578125
48588,9,43,4,10,-10,10,-10,1349.2969970703125
48588,9,51,5,10,-18.5,10,-18.5,1349.97998046875
48588,9,48,2,5,-15,5,-15,1350.5799560546875
48588,9,46,2,7.5,-12.5,7.5,-12.5,1350.947998046875
48588,9,40,2,12.5,-7.5,12.5,-7.5,1351.530029296875
48588,9,38,2,15,-5,15,-5,1351.7969970703125
48588,9,45,5,18.5,-10,18.5,-10,1352.2469482421875
48588,9,44,4,15,-10,15,-10,1352.48095703125
48588,9,47,4,12.5,-12.5,12.5,-12.5,1352.73095703125
48588,9,42,1,5,-10,5,-10,1353.39697265625
48588,9,41,1,1.5,-10,1.5,-10,1353.697021484375
48588,9,36,1,5,-5,5,-5,1354.6639404296875
48588,9,39,2,7.5,-7.5,7.5,-7.5,1354.9300537109375
48588,9,43,4,10,-10,10,-10,1355.1810302734375
48588,9,50,5,15,-15,15,-15,1355.7459716796875
48588,9,51,5,10,-18.5,10,-18.5,1356.031005859375
48588,9,49,4,10,-15,10,-15,1356.196044921875
48588,9,37,1,10,-5,10,-5,1357.0970458984375
48588,9,35,1,10,-1.5,10,-1.5,1357.39697265625
48588,9,38,2,15,-5,15,-5,1358.1639404296875
48588,9,40,2,12.5,-7.5,12.5,-7.5,1358.39697265625
48588,9,46,2,7.5,-12.5,7.5,-12.5,1358.9639892578125
48588,9,48,2,5,-15,5,-15,1359.281005859375
48588,9,41,1,1.5,-10,1.5,-10,1359.947021484375
48588,9,42,1,5,-10,5,-10,1360.1810302734375
48588,9,43,4,10,-10,10,-10,1360.5810546875
48588,9,44,4,15,-10,15,-10,1360.9969482421875
48588,9,45,5,18.5,-10,18.5,-10,1361.2640380859375
48588,9,50,5,15,-15,15,-15,1361.7469482421875
48588,9,47,4,12.5,-12.5,12.5,-12.5,1361.97998046875
48588,9,39,2,7.5,-7.5,7.5,-7.5,1362.6300048828125
48588,9,36,1,5,-5,5,-5,1362.947021484375
48588,9,35,1,10,-1.5,10,-1.5,1363.5970458984375
48588,9,37,1,10,-5,10,-5,1363.89599609375
48588,9,40,2,12.5,-7.5,12.5,-7.5,1364.0810546875
48588,9,49,4,10,-15,10,-15,1364.6810302734375
48588,9,51,5,10,-18.5,10,-18.5,1364.9630126953125
48588,9,48,2,5,-15,5,-15,1365.73095703125
48588,9,46,2,7.5,-12.5,7.5,-12.5,1365.97998046875
48588,9,43,4,10,-10,10,-10,1366.2469482421875
48588,9,38,2,15,-5,15,-5,1366.8809814453125
48588,9,45,5,18.5,-10,18.5,-10,1367.363037109375
48588,9,44,4,15,-10,15,-10,1367.5799560546875
48588,9,47,4,12.5,-12.5,12.5,-12.5,1367.8310546875
48588,9,42,1,5,-10,5,-10,1368.4969482421875
48588,9,41,1,1.5,-10,1.5,-10,1368.781005859375
48588,9,36,1,5,-5,5,-5,1369.280029296875
48588,9,39,2,7.5,-7.5,7.5,-7.5,1369.5479736328125
48588,9,50,5,15,-15,15,-15,1370.364013671875
48588,9,51,5,10,-18.5,10,-18.5,1370.7469482421875
48588,9,49,4,10,-15,10,-15,1370.8299560546875
48588,9,43,4,10,-10,10,-10,1371.3800048828125
48588,9,37,1,10,-5,10,-5,1371.8470458984375
48588,9,35,1,10,-1.5,10,-1.5,1372.1309814453125
48588,9,38,2,15,-5,15,-5,1372.56396484375
48588,9,40,2,12.5,-7.5,12.5,-7.5,1372.8310546875
48588,9,46,2,7.5,-12.5,7.5,-12.5,1373.4310302734375
48588,9,48,2,5,-15,5,-15,1373.72998046875
48588,9,41,1,1.5,-10,1.5,-10,1374.2640380859375
48588,9,42,1,5,-10,5,-10,1374.64697265625
48588,9,39,2,7.5,-7.5,7.5,-7.5,1374.73095703125
48588,9,44,4,15,-10,15,-10,1375.3299560546875
48588,9,45,5,18.5,-10,18.5,-10,1375.5810546875
48588,9,50,5,15,-15,15,-15,1375.9969482421875
48588,9,47,4,12.5,-12.5,12.5,-12.5,1376.1309814453125
48588,9,43,4,10,-10,10,-10,1376.4310302734375
48588,9,36,1,5,-5,5,-5,1377.0810546875
48588,9,35,1,10,-1.5,10,-1.5,1377.5810546875
48588,9,37,1,10,-5,10,-5,1377.9310302734375
48588,9,40,2,12.5,-7.5,12.5,-7.5,1377.98095703125
48588,9,49,4,10,-15,10,-15,1378.5970458984375
48588,9,51,5,10,-18.5,10,-18.5,1378.8809814453125
48588,9,48,2,5,-15,5,-15,1379.31298828125
48588,9,46,2,7.5,-12.5,7.5,-12.5,1379.6639404296875
48588,9,38,2,15,-5,15,-5,1380.530029296875
48588,9,45,5,18.5,-10,18.5,-10,1380.8800048828125
48588,9,44,4,15,-10,15,-10,1381.0810546875
48588,9,43,4,10,-10,10,-10,1381.512939453125
48588,9,42,1,5,-10,5,-10,1381.9630126953125
48588,9,41,1,1.5,-10,1.5,-10,1382.2640380859375
48588,9,36,1,5,-5,5,-5,1382.8299560546875
48588,9,39,2,7.5,-7.5,7.5,-7.5,1383.1639404296875
48588,9,47,4,12.5,-12.5,12.5,-12.5,1383.697021484375
48588,9,50,5,15,-15,15,-15,1383.98095703125
48588,9,51,5,10,-18.5,10,-18.5,1384.39697265625
48588,9,49,4,10,-15,10,-15,1384.6639404296875
48588,9,37,1,10,-5,10,-5,1385.6639404296875
48588,9,35,1,10,-1.5,10,-1.5,1385.9639892578125
48588,9,38,2,15,-5,15,-5,1386.6800537109375
48588,9,40,2,12.5,-7.5,12.5,-7.5,1386.9300537109375
48588,9,43,4,10,-10,10,-10,1387.1810302734375
48588,9,46,2,7.5,-12.5,7.5,-12.5,1387.4959716796875
48588,9,48,2,5,-15,5,-15,1387.7969970703125
48588,9,41,1,1.5,-10,1.5,-10,1388.48095703125
48588,9,42,1,5,-10,5,-10,1388.845947265625
48588,9,39,2,7.5,-7.5,7.5,-7.5,1389.0140380859375
48588,9,44,4,15,-10,15,-10,1389.6309814453125
48588,9,45,5,18.5,-10,18.5,-10,1389.8809814453125
48588,9,50,5,15,-15,15,-15,1390.196044921875
48588,9,47,4,12.5,-12.5,12.5,-12.5,1390.4630126953125
48588,9,36,1,5,-5,5,-5,1391.3800048828125
48588,9,37,1,10,-5,10,-5,1391.845947265625
48588,9,35,1,10,-1.5,10,-1.5,1393.031005859375
48588,9,40,2,12.5,-7.5,12.5,-7.5,1393.5799560546875
48588,9,43,4,10,-10,10,-10,1393.781005859375
48588,9,46,2,7.5,-12.5,7.5,-12.5,1394.197021484375
48588,9,51,5,10,-18.5,10,-18.5,1394.5140380859375
48588,9,48,2,5,-15,5,-15,1395.39794921875
48588,9,38,2,15,-5,15,-5,1396.5810546875
48588,9,45,5,18.5,-10,18.5,-10,1397.1629638671875
48588,9,44,4,15,-10,15,-10,1397.4310302734375
48588,9,47,4,12.5,-12.5,12.5,-12.5,1397.64697265625
48588,9,42,1,5,-10,5,-10,1398.2969970703125
48588,9,41,1,1.5,-10,1.5,-10,1398.614013671875
48588,9,36,1,5,-5,5,-5,1399.5469970703125
48588,9,39,2,7.5,-7.5,7.5,-7.5,1399.7969970703125
48588,9,46,2,7.5,-12.5,7.5,-12.5,1400.197021484375
48588,9,49,4,10,-15,10,-15,1400.4630126953125
48588,9,43,4,10,-10,10,-10,1400.7459716796875
48588,9,40,2,12.5,-7.5,12.5,-7.5,1400.9639892578125
48588,9,50,5,15,-15,15,-15,1401.9639892578125
48588,9,51,5,10,-18.5,10,-18.5,1402.5469970703125
48588,9,48,2,5,-15,5,-15,1403.14697265625
48588,9,38,2,15,-5,15,-5,1404.3800048828125
48588,9,45,5,18.5,-10,18.5,-10,1404.7640380859375
48588,9,44,4,15,-10,15,-10,1404.8470458984375
48588,9,47,4,12.5,-12.5,12.5,-12.5,1405.14794921875
48588,9,43,4,10,-10,10,-10,1405.7640380859375
48588,9,42,1,5,-10,5,-10,1405.7969970703125
48588,9,41,1,1.5,-10,1.5,-10,1406.0810546875
48588,9,36,1,5,-5,5,-5,1406.73095703125
48588,9,39,2,7.5,-7.5,7.5,-7.5,1406.98095703125
48588,9,50,5,15,-15,15,-15,1407.7969970703125
48588,9,51,5,10,-18.5,10,-18.5,1408.2459716796875
48588,9,49,4,10,-15,10,-15,1408.4310302734375
48588,9,46,2,7.5,-12.5,7.5,-12.5,1408.72998046875
48588,9,37,1,10,-5,10,-5,1409.345947265625
48588,9,35,1,10,-1.5,10,-1.5,1409.64697265625
48588,9,38,2,15,-5,15,-5,1410.363037109375
48588,9,40,2,12.5,-7.5,12.5,-7.5,1410.6309814453125
48588,9,43,4,10,-10,10,-10,1410.864013671875
48588,9,48,2,5,-15,5,-15,1411.4959716796875
48588,9,41,1,1.5,-10,1.5,-10,1412.1810302734375
48588,9,42,1,5,-10,5,-10,1412.5469970703125
48588,9,39,2,7.5,-7.5,7.5,-7.5,1412.73095703125
48588,9,44,4,15,-10,15,-10,1413.3310546875
48588,9,45,5,18.5,-10,18.5,-10,1413.5799560546875
48588,9,50,5,15,-15,15,-15,1413.8809814453125
48588,9,47,4,12.5,-12.5,12.5,-12.5,1413.9969482421875
48588,9,36,1,5,-5,5,-5,1414.9639892578125
48588,9,35,1,10,-1.5,10,-1.5,1415.6629638671875
48588,9,37,1,10,-5,10,-5,1415.8809814453125
48588,9,43,4,10,-10,10,-10,1416.31396484375
48588,9,49,4,10,-15,10,-15,1416.697021484375
48588,9,51,5,10,-18.5,10,-18.5,1416.97998046875
48588,9,48,2,5,-15,5,-15,1417.3809814453125
48588,9,46,2,7.5,-12.5,7.5,-12.5,1417.6300048828125
48588,9,40,2,12.5,-7.5,12.5,-7.5,1418.197021484375
48588,9,38,2,15,-5,15,-5,1418.4969482421875
48588,9,45,5,18.5,-10,18.5,-10,1418.97998046875
48588,9,44,4,15,-10,15,-10,1419.1800537109375
48588,9,47,4,12.5,-12.5,12.5,-12.5,1419.4310302734375
48588,9,42,1,5,-10,5,-10,1420.0810546875
48588,9,41,1,1.5,-10,1.5,-10,1420.3800048828125
48588,9,36,1,5,-5,5,-5,1420.9300537109375
48588,9,39,2,7.5,-7.5,7.5,-7.5,1421.114013671875
48588,9,43,4,10,-10,10,-10,1421.3470458984375
48588,9,50,5,15,-15,15,-15,1421.89697265625
48588,9,51,5,10,-18.5,10,-18.5,1422.2469482421875
48588,9,49,4,10,-15,10,-15,1422.4310302734375
48588,9,37,1,10,-5,10,-5,1423.3470458984375
48588,9,35,1,10,-1.5,10,-1.5,1423.64599609375
48588,9,38,2,15,-5,15,-5,1424.2139892578125
48588,9,40,2,12.5,-7.5,12.5,-7.5,1424.48095703125
48588,9,46,2,7.5,-12.5,7.5,-12.5,1425.0799560546875
48588,9,48,2,5,-15,5,-15,1425.364013671875
48588,9,41,1,1.5,-10,1.5,-10,1425.7960205078125
48588,9,42,1,5,-10,5,-10,1426.031005859375
48588,9,43,4,10,-10,10,-10,1426.39697265625
48588,9,44,4,15,-10,15,-10,1426.7969970703125
48588,9,45,5,18.5,-10,18.5,-10,1427.0799560546875
48588,9,50,5,15,-15,15,-15,1427.446044921875
48588,9,47,4,12.5,-12.5,12.5,-12.5,1427.7139892578125
48588,9,39,2,7.5,-7.5,7.5,-7.5,1428.3299560546875
48588,9,36,1,5,-5,5,-5,1428.64697265625
48588,9,35,1,10,-1.5,10,-1.5,1429.0469970703125
48588,9,40,2,12.5,-7.5,12.5,-7.5,1429.530029296875
48588,9,49,4,10,-15,10,-15,1430.1810302734375
48588,9,51,5,10,-18.5,10,-18.5,1430.4639892578125
48588,9,48,2,5,-15,5,-15,1430.947021484375
48588,9,46,2,7.5,-12.5,7.5,-12.5,1431.2459716796875
48588,9,43,4,10,-10,10,-10,1431.4969482421875
48588,9,38,2,15,-5,15,-5,1432.14599609375
48588,9,45,5,18.5,-10,18.5,-10,1432.6810302734375
48588,9,44,4,15,-10,15,-10,1432.8310546875
48588,9,47,4,12.5,-12.5,12.5,-12.5,1433.0970458984375
48588,9,42,1,5,-10,5,-10,1433.7469482421875
48588,9,41,1,1.5,-10,1.5,-10,1434.0469970703125
48588,9,36,1,5,-5,5,-5,1434.6629638671875
48588,9,39,2,7.5,-7.5,7.5,-7.5,1434.8809814453125
48588,9,50,5,15,-15,15,-15,1435.73095703125
48588,9,51,5,10,-18.5,10,-18.5,1436.14697265625
48588,9,49,4,10,-15,10,-15,1436.2130126953125
48588,9,46,2,7.5,-12.5,7.5,-12.5,1436.530029296875
48588,9,43,4,10,-10,10,-10,1436.6800537109375
48588,9,37,1,10,-5,10,-5,1437.14794921875
48588,9,35,1,10,-1.5,10,-1.5,1437.4300537109375
48588,9,38,2,15,-5,15,-5,1438.1810302734375
48588,9,40,2,12.5,-7.5,12.5,-7.5,1438.4310302734375
48588,9,48,2,5,-15,5,-15,1439.280029296875
48588,9,41,1,1.5,-10,1.5,-10,1439.72998046875
48588,9,42,1,5,-10,5,-10,1439.9300537109375
48588,9,44,4,15,-10,15,-10,1440.73095703125
48588,9,45,5,18.5,-10,18.5,-10,1440.98095703125
48588,9,50,5,15,-15,15,-15,1441.2640380859375
48588,9,47,4,12.5,-12.5,12.5,-12.5,1441.4300537109375
48588,9,43,4,10,-10,10,-10,1441.73095703125
48588,9,39,2,7.5,-7.5,7.5,-7.5,1442.06298828125
48588,9,36,1,5,-5,5,-5,1442.3809814453125
48588,9,35,1,10,-1.5,10,-1.5,1442.9310302734375
48588,9,37,1,10,-5,10,-5,1443.14599609375
48588,9,46,2,7.5,-12.5,7.5,-12.5,1443.7640380859375
48588,9,49,4,10,-15,10,-15,1443.946044921875
48588,9,51,5,10,-18.5,10,-18.5,1444.22998046875
48588,9,48,2,5,-15,5,-15,1444.6300048828125
48588,9,40,2,12.5,-7.5,12.5,-7.5,1445.47998046875
48588,9,38,2,15,-5,15,-5,1445.7640380859375
48588,9,45,5,18.5,-10,18.5,-10,1446.2640380859375
48588,9,44,4,15,-10,15,-10,1446.3299560546875
48588,9,47,4,12.5,-12.5,12.5,-12.5,1446.6300048828125
48588,9,43,4,10,-10,10,-10,1446.781005859375
48588,9,42,1,5,-10,5,-10,1447.2469482421875
48588,9,41,1,1.5,-10,1.5,-10,1447.5469970703125
48588,9,36,1,5,-5,5,-5,1448.14697265625
48588,9,39,2,7.5,-7.5,7.5,-7.5,1448.3470458984375
48588,9,50,5,15,-15,15,-15,1449.1810302734375
48588,9,51,5,10,-18.5,10,-18.5,1449.64697265625
48588,9,49,4,10,-15,10,-15,1449.697021484375
48588,9,46,2,7.5,-12.5,7.5,-12.5,1450.031005859375
48588,9,37,1,10,-5,10,-5,1450.6300048828125
48588,9,35,1,10,-1.5,10,-1.5,1450.9310302734375
48588,9,38,2,15,-5,15,-5,1451.697021484375
48588,9,40,2,12.5,-7.5,12.5,-7.5,1451.947021484375
48588,9,43,4,10,-10,10,-10,1452.197998046875
48588,9,48,2,5,-15,5,-15,1452.8299560546875
48588,9,41,1,1.5,-10,1.5,-10,1453.14599609375
48588,9,42,1,5,-10,5,-10,1453.4639892578125
48588,9,39,2,7.5,-7.5,7.5,-7.5,1453.5970458984375
48588,9,44,4,15,-10,15,-10,1454.197021484375
48588,9,45,5,18.5,-10,18.5,-10,1454.4639892578125
48588,9,50,5,15,-15,15,-15,1454.8809814453125
48588,9,47,4,12.5,-12.5,12.5,-12.5,1455.1629638671875
48588,9,49,4,10,-15,10,-15,1455.3310546875
48588,9,36,1,5,-5,5,-5,1456.14697265625
48588,9,35,1,10,-1.5,10,-1.5,1456.6810302734375
48588,9,37,1,10,-5,10,-5,1457.06396484375
48588,9,43,4,10,-10,10,-10,1457.48095703125
48588,10,36,2,5,-5,5,-5,387.0809020996094
48588,10,39,2,7.5,-7.5,7.5,-7.5,387.3800048828125
48588,10,50,2,15,-15,15,-15,388.26409912109375
48588,10,51,2,10,-18.5,10,-18.5,388.6310119628906
48588,10,46,2,7.5,-12.5,7.5,-12.5,389.080810546875
48588,10,49,2,10,-15,10,-15,389.1632995605469
48588,10,37,2,10,-5,10,-5,389.7309875488281
48588,10,35,2,10,-1.5,10,-1.5,390.0300903320313
48588,10,41,2,1.5,-10,1.5,-10,392.2309875488281
48588,10,42,2,5,-10,5,-10,392.4468078613281
48588,10,43,2,10,-10,10,-10,392.8808898925781
48588,10,47,2,12.5,-12.5,12.5,-12.5,393.1310119628906
48588,10,44,2,15,-10,15,-10,393.330810546875
48588,10,45,2,18.5,-10,18.5,-10,393.6308898925781
48588,10,50,2,15,-15,15,-15,394.08099365234375
48588,10,39,2,7.5,-7.5,7.5,-7.5,394.947509765625
48588,10,35,2,10,-1.5,10,-1.5,395.730712890625
48588,10,37,2,10,-5,10,-5,395.89739990234375
48588,10,40,2,12.5,-7.5,12.5,-7.5,396.1300048828125
48588,10,49,2,10,-15,10,-15,396.7643127441406
48588,10,51,2,10,-18.5,10,-18.5,397.0473937988281
48588,10,46,2,7.5,-12.5,7.5,-12.5,398.03070068359375
48588,10,43,2,10,-10,10,-10,398.314208984375
48588,10,38,2,15,-5,15,-5,398.89788818359375
48588,10,45,2,18.5,-10,18.5,-10,399.3807067871094
48588,10,44,2,15,-10,15,-10,399.58099365234375
48588,10,47,2,12.5,-12.5,12.5,-12.5,399.8309020996094
48588,10,42,2,5,-10,5,-10,400.4473876953125
48588,10,41,2,1.5,-10,1.5,-10,400.7309875488281
48588,10,36,2,5,-5,5,-5,401.2311096191406
48588,10,39,2,7.5,-7.5,7.5,-7.5,401.4643859863281
48588,10,50,2,15,-15,15,-15,402.34759521484375
48588,10,51,2,10,-18.5,10,-18.5,402.8800964355469
48588,10,49,2,10,-15,10,-15,403.1308898925781
48588,10,46,2,7.5,-12.5,7.5,-12.5,403.3642883300781
48588,10,43,2,10,-10,10,-10,403.5635070800781
48588,10,37,2,10,-5,10,-5,403.9808044433594
48588,10,35,2,10,-1.5,10,-1.5,404.2807922363281
48588,10,38,2,15,-5,15,-5,404.73089599609375
48588,10,40,2,12.5,-7.5,12.5,-7.5,404.9299926757813
48588,10,48,2,5,-15,5,-15,405.7809143066406
48588,10,41,2,1.5,-10,1.5,-10,406.4642028808594
48588,10,42,2,5,-10,5,-10,406.7475891113281
48588,10,44,2,15,-10,15,-10,407.5967102050781
48588,10,45,2,18.5,-10,18.5,-10,407.8800048828125
48588,10,50,2,15,-15,15,-15,408.23089599609375
48588,10,36,2,5,-5,5,-5,409.5809020996094
48588,10,46,2,7.5,-12.5,7.5,-12.5,410.1976013183594
48588,10,49,2,10,-15,10,-15,410.4977111816406
48588,10,51,2,10,-18.5,10,-18.5,410.7638854980469
48588,10,42,2,5,-10,5,-10,411.8977966308594
48588,10,35,2,10,-1.5,10,-1.5,412.7807922363281
48588,10,5,2,12.5,17.5,12.5,17.5,414.4472961425781
48588,10,1,2,15,23.5,15,23.5,414.947509765625
48588,10,4,2,20,20,20,20,415.2641906738281
48588,10,6,2,17.5,17.5,17.5,17.5,415.6311950683594
48588,10,10,2,20,15,20,15,415.6803894042969
48588,10,16,2,20,10,20,10,416.147705078125
48588,10,13,2,17.5,12.5,17.5,12.5,416.197509765625
48588,10,17,2,15,6.5,15,6.5,416.547607421875
48588,10,15,2,15,10,15,10,416.8976135253906
48588,10,8,2,10,15,10,15,417.580810546875
48588,10,7,2,6.5,15,6.5,15,417.8974914550781
48588,10,2,2,10,20,10,20,418.2641906738281
48588,10,14,2,10,10,10,10,419.330810546875
48588,10,12,2,12.5,12.5,12.5,12.5,419.7809143066406
48588,10,9,2,15,15,15,15,420.0300903320313
48588,10,6,2,17.5,17.5,17.5,17.5,420.6642150878906
48588,10,10,2,20,15,20,15,420.730712890625
48588,10,11,2,23.5,15,23.5,15,420.8642883300781
48588,10,1,2,15,23.5,15,23.5,421.8298950195313
48588,10,3,2,15,20,15,20,421.8808898925781
48588,10,15,2,15,10,15,10,422.7475891113281
48588,10,17,2,15,6.5,15,6.5,423.0474853515625
48588,10,4,2,20,20,20,20,424.880615234375
48588,10,10,2,20,15,20,15,425.7475891113281
48588,10,13,2,17.5,12.5,17.5,12.5,425.7974853515625
48588,10,12,2,12.5,12.5,12.5,12.5,426.2308044433594
48588,10,8,2,10,15,10,15,426.547607421875
48588,10,7,2,6.5,15,6.5,15,426.7301940917969
48588,10,2,2,10,20,10,20,427.064208984375
48588,10,5,2,12.5,17.5,12.5,17.5,427.2308044433594
48588,10,3,2,15,20,15,20,427.3976135253906
48588,10,6,2,17.5,17.5,17.5,17.5,427.5978088378906
48588,10,9,2,15,15,15,15,427.9642028808594
48588,10,14,2,10,10,10,10,428.5466918945313
48588,10,17,2,15,6.5,15,6.5,428.7308044433594
48588,10,16,2,20,10,20,10,429.23089599609375
48588,10,11,2,23.5,15,23.5,15,429.7309875488281
48588,10,4,2,20,20,20,20,430.2298889160156
48588,10,1,2,15,23.5,15,23.5,430.6640930175781
48588,10,13,2,12.5,12.5,17.5,12.5,431.9465942382813
48588,10,12,2,12.5,12.5,12.5,12.5,431.9642028808594
48588,10,35,2,10,-1.5,10,-1.5,432.9974060058594
48588,10,37,2,10,-5,10,-5,433.3800964355469
48588,10,49,2,10,-15,10,-15,434.0975036621094
48588,10,48,2,5,-15,5,-15,434.9643859863281
48588,10,46,2,7.5,-12.5,7.5,-12.5,435.2311096191406
48588,10,38,2,15,-5,15,-5,436.1310119628906
48588,10,45,2,18.5,-10,18.5,-10,436.547607421875
48588,10,44,2,15,-10,15,-10,436.8472900390625
48588,10,42,2,5,-10,5,-10,437.6632995605469
48588,10,41,2,1.5,-10,1.5,-10,437.98089599609375
48588,10,36,2,5,-5,5,-5,438.4142150878906
48588,10,51,2,10,-18.5,10,-18.5,439.86419677734375
48588,10,49,2,10,-15,10,-15,440.0972900390625
48588,10,46,2,7.5,-12.5,7.5,-12.5,440.3309020996094
48588,10,37,2,10,-5,10,-5,440.9635009765625
48588,10,35,2,10,-1.5,10,-1.5,441.24749755859375
48588,10,38,2,15,-5,15,-5,441.86419677734375
48588,10,40,2,12.5,-7.5,12.5,-7.5,442.0971984863281
48588,10,48,2,5,-15,5,-15,442.98089599609375
48588,10,41,2,1.5,-10,1.5,-10,443.4968872070313
48588,10,42,2,5,-10,5,-10,443.73089599609375
48588,10,43,2,10,-10,10,-10,444.180908203125
48588,10,44,2,15,-10,15,-10,444.5967102050781
48588,10,39,2,7.5,-7.5,7.5,-7.5,446.0809020996094
48588,10,37,2,10,-5,10,-5,446.6807861328125
48588,10,46,2,7.5,-12.5,7.5,-12.5,447.46429443359375
48588,10,49,2,10,-15,10,-15,447.73089599609375
48588,10,51,2,10,-18.5,10,-18.5,447.99749755859375
48588,10,48,2,5,-15,5,-15,448.4476013183594
48588,10,43,2,12.5,-7.5,10,-10,449.23089599609375
48588,10,40,2,12.5,-7.5,12.5,-7.5,449.24749755859375
48588,10,38,2,15,-5,15,-5,449.5474853515625
48588,10,45,2,18.5,-10,18.5,-10,450.1300048828125
48588,10,44,2,15,-10,15,-10,450.3475036621094
48588,10,42,2,5,-10,5,-10,451.1809997558594
48588,10,41,2,1.5,-10,1.5,-10,451.48089599609375
48588,10,49,2,10,-15,10,-15,453.3634948730469
48588,10,51,2,10,-18.5,10,-18.5,453.6467895507813
48588,10,50,2,15,-15,15,-15,454.0633850097656
48588,10,47,2,12.5,-12.5,12.5,-12.5,454.330810546875
48588,10,43,2,10,-10,10,-10,454.5972900390625
48588,10,36,2,5,-5,5,-5,455.1976013183594
48588,10,35,2,10,-1.5,10,-1.5,456.064208984375
48588,10,40,2,12.5,-7.5,12.5,-7.5,456.5802001953125
48588,10,48,2,5,-15,5,-15,457.8973083496094
48588,10,46,2,7.5,-12.5,7.5,-12.5,458.1807861328125
48588,10,38,2,15,-5,15,-5,459.0473937988281
48588,10,45,2,18.5,-10,18.5,-10,459.580810546875
48588,10,44,2,15,-10,15,-10,459.7809143066406
48588,10,47,2,12.5,-12.5,12.5,-12.5,459.9975891113281
48588,10,43,2,10,-10,10,-10,460.2634887695313
48588,10,36,2,5,-5,5,-5,461.19720458984375
48588,10,37,2,10,-5,10,-5,461.88079833984375
48588,10,39,2,7.5,-7.5,7.5,-7.5,461.9804992675781
48588,10,41,2,1.5,-10,1.5,-10,464.0798950195313
48588,10,35,2,10,-1.5,10,-1.5,465.080810546875
48588,10,17,2,15,6.5,15,6.5,465.8310852050781
48588,10,15,2,15,10,15,10,466.14691162109375
48588,10,12,2,12.5,12.5,12.5,12.5,466.2969970703125
48588,10,9,2,15,15,15,15,466.5307922363281
48588,10,3,2,15,20,15,20,466.9634094238281
48588,10,1,2,15,23.5,15,23.5,467.2640075683594
48588,10,4,2,20,20,20,20,467.8299865722656
48588,10,14,2,10,10,10,10,468.8799133300781
48588,10,10,2,20,15,20,15,470.664306640625
48588,10,9,2,15,15,15,15,471.89788818359375
48588,10,2,2,10,20,10,20,472.4808044433594
48588,10,1,2,15,23.5,15,23.5,473.1297912597656
48588,10,3,2,15,20,15,20,473.2641906738281
48588,10,6,2,17.5,17.5,17.5,17.5,473.5309143066406
48588,10,15,2,15,10,15,10,474.1640930175781
48588,10,17,2,15,6.5,15,6.5,474.447509765625
48588,10,14,2,10,10,10,10,475.0466918945313
48588,10,12,2,12.5,12.5,12.5,12.5,475.297607421875
48588,10,4,2,20,20,20,20,476.1976013183594
48588,10,11,2,23.5,15,23.5,15,476.847412109375
48588,10,10,2,20,15,20,15,477.1470031738281
48588,10,13,2,17.5,12.5,17.5,12.5,477.3301086425781
48588,10,9,2,15,15,15,15,477.564208984375
48588,10,8,2,10,15,10,15,477.99749755859375
48588,10,7,2,6.5,15,6.5,15,478.2807922363281
48588,10,2,2,10,20,10,20,479.0635986328125
48588,10,5,2,12.5,17.5,12.5,17.5,479.2809143066406
48588,10,16,2,20,10,20,10,480.1643981933594
48588,10,17,2,15,6.5,15,6.5,480.73089599609375
48588,10,15,2,15,10,15,10,480.9309997558594
48588,10,12,2,12.5,12.5,12.5,12.5,481.164306640625
48588,10,3,2,15,20,15,20,481.7807922363281
48588,10,4,2,20,20,20,20,482.4974060058594
48588,10,6,2,17.5,17.5,17.5,17.5,482.7305908203125
48588,10,9,2,15,15,15,15,483.0473937988281
48588,10,14,2,10,10,10,10,483.6311950683594
48588,10,7,2,6.5,15,6.5,15,484.1642150878906
48588,10,8,2,10,15,10,15,484.5474853515625
48588,10,5,2,12.5,17.5,12.5,17.5,484.6642150878906
48588,10,10,2,20,15,20,15,485.2807922363281
48588,10,11,2,23.5,15,23.5,15,485.564208984375
48588,10,16,2,20,10,20,10,485.947509765625
48588,10,13,2,15,10,17.5,12.5,486.34759521484375
48588,10,15,2,15,10,15,10,486.36419677734375
48588,10,12,2,12.5,12.5,12.5,12.5,486.6476135253906
48588,10,2,2,10,20,10,20,487.1976013183594
48588,10,3,2,15,20,15,20,487.8475036621094
48588,10,6,2,17.5,17.5,17.5,17.5,488.13079833984375
48588,10,9,2,15,15,15,15,488.3475036621094
48588,10,17,2,15,6.5,15,6.5,489.0474853515625
48588,10,14,2,10,10,10,10,489.7305908203125
48588,10,5,2,12.5,17.5,12.5,17.5,490.4473876953125
48588,10,4,2,20,20,20,20,491.0975036621094
48588,10,11,2,23.5,15,23.5,15,491.93011474609375
48588,10,10,2,20,15,20,15,492.1642150878906
48588,10,7,2,6.5,15,6.5,15,493.3302001953125
48588,10,2,2,10,20,10,20,493.8807067871094
48588,10,9,2,15,15,15,15,494.38079833984375
48588,10,13,2,17.5,12.5,17.5,12.5,494.680908203125
48588,10,16,2,20,10,20,10,494.98089599609375
48588,10,6,2,17.5,17.5,17.5,17.5,497.98089599609375
48588,10,12,2,12.5,12.5,12.5,12.5,498.5643005371094
48588,10,14,2,10,10,10,10,498.8638000488281
48588,10,7,2,6.5,15,6.5,15,499.3309020996094
48588,10,8,2,10,15,10,15,499.564208984375
48588,10,9,2,15,15,15,15,499.9808044433594
48588,10,10,2,20,15,20,15,500.3976135253906
48588,10,11,2,23.5,15,23.5,15,500.6973876953125
48588,10,16,2,20,10,20,10,501.1642150878906
48588,10,13,2,17.5,12.5,17.5,12.5,501.33099365234375
48588,10,2,2,10,20,10,20,502.1807861328125
48588,10,1,2,15,23.5,15,23.5,502.7643127441406
48588,10,3,2,15,20,15,20,503.0473937988281
48588,10,6,2,17.5,17.5,17.5,17.5,503.2477111816406
48588,10,15,2,15,10,15,10,503.86419677734375
48588,10,17,2,15,6.5,15,6.5,504.1642150878906
48588,10,14,2,10,10,10,10,504.7966918945313
48588,10,12,2,12.5,12.5,12.5,12.5,505.0643005371094
48588,10,9,2,15,15,15,15,505.3644104003906
48588,10,4,2,20,20,20,20,505.947509765625
48588,10,11,2,23.5,15,23.5,15,506.5473937988281
48588,10,13,2,17.5,12.5,17.5,12.5,507.0643005371094
48588,10,10,2,20,15,20,15,507.1301879882813
48588,10,8,2,10,15,10,15,507.697509765625
48588,10,7,2,6.5,15,6.5,15,507.99749755859375
48588,10,2,2,10,20,10,20,508.5799865722656
48588,10,5,2,12.5,17.5,12.5,17.5,508.8309020996094
48588,10,16,2,20,10,20,10,509.697509765625
48588,10,17,2,15,6.5,15,6.5,510.2468872070313
48588,10,15,2,15,10,15,10,510.5474853515625
48588,10,3,2,15,20,15,20,511.38079833984375
48588,10,1,2,15,23.5,15,23.5,511.6642150878906
48588,10,12,2,12.5,12.5,12.5,12.5,513.43072509765625
48588,10,14,2,10,10,10,10,513.69757080078125
48588,10,8,2,10,15,10,15,514.46441650390625
48588,10,5,2,12.5,17.5,12.5,17.5,514.68011474609375
48588,10,10,2,20,15,20,15,515.2974853515625
48588,10,11,2,23.5,15,23.5,15,515.58001708984375
48588,10,16,2,20,10,20,10,515.9976806640625
48588,10,13,2,17.5,12.5,17.5,12.5,516.2974853515625
48588,10,1,2,15,23.5,15,23.5,517.8306884765625
48588,10,3,2,15,20,15,20,517.96441650390625
48588,10,6,2,17.5,17.5,17.5,17.5,518.19757080078125
48588,10,15,2,15,10,15,10,518.83001708984375
48588,10,17,2,15,6.5,15,6.5,519.1309814453125
48588,10,14,2,10,10,10,10,519.697509765625
48588,10,12,2,12.5,12.5,12.5,12.5,519.94781494140625
48588,10,4,2,20,20,20,20,520.830810546875
48588,10,11,2,23.5,15,23.5,15,521.48101806640625
48588,10,10,2,20,15,20,15,521.86328125
48588,10,8,2,10,15,10,15,522.66357421875
48588,10,7,2,6.5,15,6.5,15,522.94757080078125
48588,10,3,2,15,20,15,20,525.89752197265625
48588,10,1,2,15,23.5,15,23.5,526.19757080078125
48588,10,4,2,20,20,20,20,526.76422119140625
48588,10,6,2,17.5,17.5,17.5,17.5,526.96417236328125
48588,10,9,2,15,15,15,15,527.26422119140625
48588,10,14,2,10,10,10,10,527.7974853515625
48588,10,7,2,6.5,15,6.5,15,528.59747314453125
48588,10,2,2,10,20,10,20,529.130615234375
48588,10,13,2,17.5,12.5,17.5,12.5,530.28082275390625
48588,10,10,2,20,15,20,15,530.56427001953125
48588,10,17,2,15,6.5,15,6.5,532.180908203125
48588,10,12,2,12.5,12.5,12.5,12.5,532.83001708984375
48588,10,9,2,15,15,15,15,532.98101806640625
48588,10,6,2,17.5,17.5,17.5,17.5,533.24761962890625
48588,10,4,2,20,20,20,20,533.54742431640625
48588,10,1,2,15,23.5,15,23.5,533.86431884765625
48588,10,3,2,15,20,15,20,533.947509765625
48588,10,2,2,10,20,10,20,534.26422119140625
48588,10,5,2,12.5,17.5,12.5,17.5,534.38092041015625
48588,10,8,2,10,15,10,15,534.49761962890625
48588,10,7,2,6.5,15,6.5,15,534.74761962890625
48588,10,14,2,10,10,10,10,535.0308837890625
48588,10,15,2,15,10,15,10,535.46417236328125
48588,10,16,2,20,10,20,10,535.88092041015625
48588,10,10,2,20,15,20,15,536.27978515625
48588,10,9,2,15,15,15,15,538.04742431640625
