subject,level,obj_ID,point_value,x,y,new_x,new_y,time
48615,1,52,2,-15,-23.5,-15,-23.5,778.1829833984375
48615,1,55,2,-20,-20,-20,-20,778.6834716796875
48615,1,61,2,-20,-15,-20,-15,779.09912109375
48615,1,57,2,-17.5,-17.5,-17.5,-17.5,779.23358154296875
48615,1,60,2,-15,-15,-15,-15,779.36572265625
48615,1,56,2,-12.5,-17.5,-12.5,-17.5,779.5836181640625
48615,1,59,2,-10,-15,-10,-15,779.78338623046875
48615,1,54,2,-10,-20,-10,-20,779.99957275390625
48615,1,53,2,-15,-20,-15,-20,780.2667236328125
48615,1,64,2,-17.5,-12.5,-17.5,-12.5,780.8834228515625
48615,1,66,2,-15,-10,-15,-10,781.09912109375
48615,1,68,2,-15,-6.5,-15,-6.5,781.4000244140625
48615,1,65,2,-10,-10,-10,-10,781.665771484375
48615,1,24,2,6.5,-15,6.5,-15,783.38360595703125
48615,1,22,2,12.5,-17.5,12.5,-17.5,784.04998779296875
48615,1,23,2,17.5,-17.5,17.5,-17.5,784.4669189453125
48615,1,27,2,20,-15,20,-15,784.6834716796875
48615,1,30,2,17.5,-12.5,17.5,-12.5,784.8839111328125
48615,1,33,2,20,-10,20,-10,785.0667724609375
48615,1,34,2,15,-6.5,15,-6.5,785.46630859375
48615,1,31,2,10,-10,10,-10,785.88348388671875
48615,1,29,2,12.5,-12.5,12.5,-12.5,786.03363037109375
48615,1,25,2,10,-15,10,-15,786.2501220703125
48615,1,20,2,10,-20,10,-20,786.6663818359375
48615,1,19,2,15,-20,15,-20,786.9669189453125
48615,1,18,2,15,-23.5,15,-23.5,787.3496704101564
48615,1,24,2,6.5,-15,6.5,-15,788.40008544921875
48615,1,32,2,15,-10,15,-10,788.9835205078125
48615,1,27,2,20,-15,20,-15,789.70001220703125
48615,1,21,2,20,-20,20,-20,789.8502197265625
48615,1,26,2,15,-15,15,-15,790.95001220703125
48615,1,34,2,15,-6.5,15,-6.5,791.66680908203125
48615,1,17,2,15,6.5,15,6.5,792.75030517578125
48615,1,15,2,15,10,15,10,793.01678466796875
48615,1,13,2,17.5,12.5,17.5,12.5,793.28350830078125
48615,1,16,2,20,10,20,10,793.9498291015625
48615,1,12,2,12.5,12.5,12.5,12.5,794.4835205078125
48615,1,8,2,10,15,10,15,794.76678466796875
48615,1,3,2,10,20,10,20,795.23321533203125
48615,1,2,2,15,20,15,20,795.73291015625
48615,1,6,2,17.5,17.5,17.5,17.5,796.15008544921875
48615,1,9,2,15,15,15,15,796.6837158203125
48615,1,5,2,12.5,17.5,12.5,17.5,797.6002197265625
48615,1,4,2,20,20,20,20,798.20037841796875
48615,1,1,2,15,23.5,15,23.5,798.76690673828125
48615,1,8,2,10,15,10,15,799.9003295898436
48615,1,14,2,10,10,10,10,800.3167724609375
48615,1,15,2,15,10,15,10,800.74981689453125
48615,1,16,2,20,10,20,10,801.1834716796875
48615,1,13,2,17.5,12.5,17.5,12.5,801.40020751953125
48615,1,10,2,20,15,20,15,801.51690673828125
48615,1,6,2,17.5,17.5,17.5,17.5,801.75018310546875
48615,1,37,2,-10,20,-10,20,804.04962158203125
48615,1,36,2,-15,20,-15,20,804.50042724609375
48615,1,40,2,-20,20,-17.5,17.5,804.88360595703125
48615,1,38,2,-20,20,-20,20,804.9005126953125
48615,1,44,2,-20,15,-20,15,805.1168212890625
48615,1,47,2,-17.5,12.5,-17.5,12.5,805.31597900390625
48615,1,50,2,-20,10,-20,10,805.5501708984375
48615,1,51,2,-15,6.5,-15,6.5,805.91680908203125
48615,1,48,2,-10,10,-10,10,806.40008544921875
48615,1,42,2,-10,15,-10,15,806.86688232421875
48615,1,39,2,-12.5,17.5,-12.5,17.5,807.1834716796875
48615,1,35,2,-15,23.5,-15,23.5,809.4160766601564
48615,1,38,2,-20,20,-20,20,810.0001220703125
48615,1,44,2,-20,15,-20,15,810.3834228515625
48615,1,50,2,-20,10,-20,10,810.98291015625
48615,1,63,2,-12.5,-12.5,-12.5,-12.5,813.36700439453125
48615,1,56,2,-12.5,-17.5,-12.5,-17.5,813.78363037109375
48615,1,52,2,-15,-23.5,-15,-23.5,814.29931640625
48615,1,55,2,-20,-20,-20,-20,814.8668212890625
48615,1,61,2,-20,-15,-20,-15,815.30010986328125
48615,1,67,2,-20,-10,-20,-10,815.7169189453125
48615,1,68,2,-15,-6.5,-15,-6.5,816.23272705078125
48615,1,66,2,-15,-10,-15,-10,816.4005126953125
48615,1,60,2,-15,-15,-15,-15,816.85040283203125
48615,1,53,2,-15,-20,-15,-20,817.26678466796875
48615,1,54,2,-10,-20,-10,-20,817.66680908203125
48615,1,20,2,10,-20,10,-20,819.26678466796875
48615,1,19,2,15,-20,15,-20,819.6837158203125
48615,1,21,2,20,-20,20,-20,820.1002197265625
48615,1,27,2,20,-15,20,-15,820.56622314453125
48615,1,30,2,17.5,-12.5,17.5,-12.5,820.86688232421875
48615,1,32,2,15,-10,15,-10,821.15020751953125
48615,1,31,2,10,-10,10,-10,821.6168212890625
48615,1,25,2,10,-15,10,-15,822.0670166015625
48615,1,22,2,12.5,-17.5,12.5,-17.5,822.4503173828125
48615,1,26,2,15,-15,15,-15,822.78350830078125
48615,1,34,2,15,-6.5,15,-6.5,823.50042724609375
48615,1,13,2,17.5,12.5,17.5,12.5,825.8004150390625
48615,1,6,2,17.5,17.5,17.5,17.5,826.2169189453125
48615,1,2,2,15,20,15,20,826.7166748046875
48615,1,1,2,15,23.5,15,23.5,826.7672119140625
48615,1,3,2,10,20,10,20,827.1168212890625
48615,1,8,2,10,15,10,15,827.51641845703125
48615,1,14,2,10,10,10,10,827.9503173828125
48615,1,17,2,15,6.5,15,6.5,828.4503173828125
48615,1,15,2,15,10,15,10,828.65020751953125
48615,1,9,2,15,15,15,15,829.0670166015625
48615,1,5,2,12.5,17.5,12.5,17.5,829.3502197265625
48615,1,7,2,6.5,15,6.5,15,829.78363037109375
48615,1,41,2,-6.5,15,-6.5,15,830.86700439453125
48615,1,42,2,-10,15,-10,15,831.1671142578125
48615,1,39,2,-12.5,17.5,-12.5,17.5,831.36700439453125
48615,1,35,2,-15,23.5,-15,23.5,832.16668701171875
48615,1,38,2,-20,20,-20,20,832.7161865234375
48615,1,40,2,-17.5,17.5,-17.5,17.5,832.9168701171875
48615,1,44,2,-20,15,-20,15,833.11688232421875
48615,1,47,2,-17.5,12.5,-17.5,12.5,833.3170166015625
48615,1,50,2,-20,10,-20,10,833.5504150390625
48615,1,49,2,-15,10,-15,10,833.8170166015625
48615,1,46,2,-12.5,12.5,-12.5,12.5,834.14971923828125
48615,1,43,2,-15,15,-15,15,834.61700439453125
48615,1,5,2,12.5,17.5,12.5,17.5,837.26702880859375
48615,1,6,2,17.5,17.5,17.5,17.5,837.68292236328125
48615,1,4,2,20,20,20,20,837.9168701171875
48615,1,1,2,15,23.5,15,23.5,838.29998779296875
48615,1,3,2,10,20,10,20,838.76641845703125
48615,1,12,2,12.5,12.5,12.5,12.5,839.3170166015625
48615,1,15,2,15,10,15,10,839.8170166015625
48615,1,17,2,15,6.5,15,6.5,839.8671264648436
48615,1,16,2,20,10,20,10,840.31707763671875
48615,1,13,2,17.5,12.5,17.5,12.5,840.5670166015625
48615,1,10,2,20,15,20,15,840.7672119140625
48615,1,2,2,15,20,15,20,841.36700439453125
48615,1,34,2,15,-6.5,15,-6.5,844.39971923828125
48615,1,32,2,15,-10,15,-10,844.66650390625
48615,1,29,2,12.5,-12.5,12.5,-12.5,844.8837280273436
48615,1,26,2,15,-15,15,-15,845.0828857421875
48615,1,22,2,12.5,-17.5,12.5,-17.5,845.3004150390625
48615,1,19,2,15,-20,15,-20,845.50030517578125
48615,1,21,2,20,-20,20,-20,845.8828125
48615,1,28,2,23.5,-15,23.5,-15,846.41717529296875
48615,1,27,2,20,-15,20,-15,846.5670166015625
48615,1,30,2,20,-10,17.5,-12.5,846.85028076171875
48615,1,33,2,20,-10,20,-10,846.86651611328125
48615,1,31,2,10,-10,10,-10,847.5670166015625
48615,1,25,2,10,-15,10,-15,847.85040283203125
48615,1,20,2,10,-20,10,-20,848.26690673828125
48615,1,52,2,-15,-23.5,-15,-23.5,850.4503173828125
48615,1,55,2,-20,-20,-20,-20,850.9005126953125
48615,1,61,2,-20,-15,-20,-15,851.3828125
48615,1,67,2,-20,-10,-20,-10,851.8007202148436
48615,1,68,2,-15,-6.5,-15,-6.5,852.4337158203125
48615,1,65,2,-10,-10,-10,-10,852.9171142578125
48615,1,58,2,-6.5,-15,-6.5,-15,853.4168701171875
48615,1,54,2,-10,-20,-10,-20,853.85040283203125
48615,1,53,2,-15,-20,-15,-20,854.66680908203125
48615,1,57,2,-17.5,-17.5,-17.5,-17.5,854.7996826171875
48615,1,64,2,-17.5,-12.5,-17.5,-12.5,855.2158813476564
48615,1,66,2,-15,-10,-15,-10,855.66717529296875
48615,1,59,2,-10,-15,-10,-15,856.98388671875
48615,1,31,2,10,-10,10,-10,859.0830078125
48615,1,32,2,15,-10,15,-10,859.50042724609375
48615,1,30,2,17.5,-12.5,17.5,-12.5,859.85040283203125
48615,1,23,2,17.5,-17.5,17.5,-17.5,860.2838134765625
48615,1,18,2,15,-23.5,15,-23.5,860.86688232421875
48615,1,20,2,10,-20,10,-20,861.36700439453125
48615,1,25,2,10,-15,10,-15,861.85028076171875
48615,1,29,2,12.5,-12.5,12.5,-12.5,862.1505126953125
48615,1,33,2,20,-10,20,-10,862.95037841796875
48615,1,16,2,20,10,20,10,864.6505126953125
48615,1,10,2,20,15,20,15,865.06707763671875
48615,1,4,2,20,20,20,20,865.48382568359375
48615,1,1,2,15,23.5,15,23.5,866.0839233398436
48615,1,2,2,15,20,15,20,866.2672119140625
48615,1,5,2,12.5,17.5,12.5,17.5,866.50030517578125
48615,1,9,2,15,15,15,15,866.70037841796875
48615,1,12,2,12.5,12.5,12.5,12.5,866.9171142578125
48615,1,15,2,15,10,15,10,867.11688232421875
48615,1,17,2,15,6.5,15,6.5,867.4171142578125
48615,1,13,2,17.5,12.5,17.5,12.5,868.25030517578125
48615,1,6,2,17.5,17.5,17.5,17.5,868.6494140625
48615,1,3,2,10,20,10,20,869.26678466796875
48615,1,8,2,10,15,10,15,869.6505126953125
48615,1,14,2,10,10,10,10,870.01678466796875
48615,1,51,2,-15,6.5,-15,6.5,872.21697998046875
48615,1,50,2,-20,10,-20,10,872.74951171875
48615,1,44,2,-20,15,-20,15,873.0839233398436
48615,1,38,2,-20,20,-20,20,873.5001220703125
48615,1,35,2,-15,23.5,-15,23.5,874.01690673828125
48615,1,37,2,-10,20,-10,20,874.50042724609375
48615,1,39,2,-12.5,17.5,-12.5,17.5,874.60040283203125
48615,1,42,2,-10,15,-10,15,874.85028076171875
48615,1,46,2,-12.5,12.5,-12.5,12.5,875.0504150390625
48615,1,49,2,-15,10,-15,10,875.35028076171875
48615,1,47,2,-17.5,12.5,-17.5,12.5,875.50030517578125
48615,1,45,2,-23.5,15,-23.5,15,876.0828857421875
48615,1,40,2,-17.5,17.5,-17.5,17.5,876.5670166015625
48615,1,36,2,-15,20,-15,20,876.76702880859375
48615,1,43,2,-15,15,-15,15,876.98321533203125
48615,1,51,2,-15,6.5,-15,6.5,877.71722412109375
48615,1,48,2,-10,10,-10,10,878.00048828125
48615,1,41,2,-6.5,15,-6.5,15,878.5670166015625
48615,1,7,2,6.5,15,6.5,15,879.5504150390625
48615,1,8,2,10,15,10,15,879.8170166015625
48615,1,5,2,12.5,17.5,12.5,17.5,880.1171264648436
48615,1,3,2,10,20,10,20,880.3004150390625
48615,1,1,2,15,23.5,15,23.5,880.75048828125
48615,1,2,2,15,20,15,20,880.9661865234375
48615,1,6,2,17.5,17.5,17.5,17.5,881.18377685546875
48615,1,13,2,17.5,12.5,17.5,12.5,881.6171264648436
48615,1,17,2,15,6.5,15,6.5,882.20062255859375
48615,1,14,2,10,10,10,10,882.7672119140625
48615,1,12,2,12.5,12.5,12.5,12.5,882.9503173828125
48615,1,9,2,15,15,15,15,883.2838134765625
48615,1,10,2,20,15,20,15,883.71630859375
48615,1,11,2,23.5,15,23.5,15,884.0172119140625
48615,1,5,2,12.5,17.5,12.5,17.5,885.1505126953125
48615,1,3,2,10,20,10,20,885.3170166015625
48615,1,1,2,15,23.5,15,23.5,885.7672119140625
48615,1,4,2,20,20,20,20,886.59991455078125
48615,1,13,2,17.5,12.5,17.5,12.5,887.21722412109375
48615,1,15,2,15,10,15,10,887.51641845703125
48615,1,17,2,15,6.5,15,6.5,887.8007202148436
48615,1,34,2,15,-6.5,15,-6.5,888.8837280273436
48615,1,32,2,15,-10,15,-10,889.1671142578125
48615,1,30,2,17.5,-12.5,17.5,-12.5,889.3837280273436
48615,1,33,2,20,-10,20,-10,889.5839233398436
48615,1,28,2,23.5,-15,23.5,-15,890.05047607421875
48615,1,27,2,20,-15,20,-15,890.41717529296875
48615,1,23,2,17.5,-17.5,17.5,-17.5,890.6505126953125
48615,1,26,2,15,-15,15,-15,890.85040283203125
48615,1,22,2,12.5,-17.5,12.5,-17.5,891.0670166015625
48615,1,25,2,10,-15,10,-15,891.2672119140625
48615,1,24,2,6.5,-15,6.5,-15,891.5670166015625
48615,1,20,2,10,-20,10,-20,891.75030517578125
48615,1,21,2,20,-20,20,-20,892.65057373046875
48615,1,18,2,15,-23.5,15,-23.5,893.85040283203125
48615,1,19,2,15,-20,15,-20,894.35040283203125
48615,1,29,2,12.5,-12.5,12.5,-12.5,894.8505249023436
48615,1,32,2,15,-10,15,-10,895.06707763671875
48615,1,34,2,15,-6.5,15,-6.5,895.35040283203125
48615,1,33,2,20,-10,20,-10,895.6671142578125
48615,1,28,2,23.5,-15,23.5,-15,896.6503295898436
48615,1,22,2,10,-20,12.5,-17.5,898.0006103515625
48615,1,20,2,10,-20,10,-20,898.0164794921875
48615,1,56,2,-12.5,-17.5,-12.5,-17.5,899.98382568359375
48615,1,57,2,-17.5,-17.5,-17.5,-17.5,900.40057373046875
48615,1,58,2,-6.5,-15,-6.5,-15,901.40020751953125
48615,1,65,2,-10,-10,-10,-10,901.81707763671875
48615,1,66,2,-15,-10,-15,-10,902.25042724609375
48615,1,64,2,-17.5,-12.5,-17.5,-12.5,902.46722412109375
48615,1,52,2,-15,-23.5,-15,-23.5,903.4835205078124
48615,1,54,2,-10,-20,-10,-20,903.98321533203125
48615,1,59,2,-10,-15,-10,-15,904.36700439453125
48615,1,63,2,-12.5,-12.5,-12.5,-12.5,904.56671142578125
48615,1,68,2,-15,-6.5,-15,-6.5,905.1671142578124
48615,1,47,2,-17.5,12.5,-17.5,12.5,907.05047607421875
48615,1,40,2,-17.5,17.5,-17.5,17.5,907.45062255859375
48615,1,38,2,-20,20,-20,20,907.8673095703124
48615,1,36,2,-15,20,-15,20,909.1007080078124
48615,1,39,2,-10,20,-12.5,17.5,909.5001220703124
48615,1,37,2,-10,20,-10,20,909.5167236328124
48615,1,42,2,-10,15,-10,15,909.7506103515624
48615,1,46,2,-12.5,12.5,-12.5,12.5,909.95062255859375
48615,1,48,2,-10,10,-10,10,910.1505126953124
48615,1,51,2,-15,6.5,-15,6.5,910.5172119140624
48615,1,50,2,-20,10,-20,10,911.0167236328124
48615,1,44,2,-20,15,-20,15,911.38397216796875
48615,1,35,2,-15,23.5,-15,23.5,912.20062255859375
48615,1,7,2,6.5,15,6.5,15,914.3671875
48615,1,14,2,10,10,10,10,915.00042724609375
48615,1,15,2,15,10,15,10,915.4171142578124
48615,1,16,2,20,10,20,10,915.8502197265624
48615,1,12,2,12.5,12.5,12.5,12.5,916.6002197265624
48615,1,8,2,10,15,10,15,916.8671875
48615,1,5,2,12.5,17.5,12.5,17.5,917.0662841796876
48615,1,3,2,10,20,10,20,917.2675170898436
48615,1,1,2,15,23.5,15,23.5,917.66717529296875
48615,1,4,2,20,20,20,20,918.1500244140624
48615,1,6,2,17.5,17.5,17.5,17.5,918.25067138671875
48615,1,13,2,17.5,12.5,17.5,12.5,918.66748046875
48615,1,9,2,15,15,15,15,921.01727294921875
48615,1,2,2,15,20,15,20,921.3502197265624
48615,1,10,2,20,15,20,15,922.20068359375
48615,1,16,2,20,10,20,10,922.6171875
48615,1,33,2,20,-10,20,-10,924.28387451171875
48615,1,27,2,20,-15,20,-15,924.70062255859375
48615,1,21,2,20,-20,20,-20,925.1168212890624
48615,1,19,2,15,-20,15,-20,925.5338134765624
48615,1,20,2,10,-20,10,-20,925.95037841796875
48615,1,25,2,10,-15,10,-15,926.3671875
48615,1,31,2,10,-10,10,-10,926.78363037109375
48615,1,32,2,15,-10,15,-10,927.3173217773436
48615,1,30,2,17.5,-12.5,17.5,-12.5,927.76702880859375
48615,1,23,2,17.5,-17.5,17.5,-17.5,928.20062255859375
48615,1,18,2,15,-23.5,15,-23.5,928.91717529296875
48615,1,22,2,12.5,-17.5,12.5,-17.5,929.7672119140624
48615,1,29,2,12.5,-12.5,12.5,-12.5,930.18377685546875
48615,1,34,2,15,-6.5,15,-6.5,930.8004150390624
48615,1,33,2,20,-10,20,-10,931.45062255859375
48615,1,27,2,20,-15,20,-15,931.8671875
48615,1,26,2,15,-15,15,-15,932.1002197265624
48615,1,25,2,10,-15,10,-15,932.5175170898436
48615,1,24,2,6.5,-15,6.5,-15,932.8173217773436
48615,1,58,2,-6.5,-15,-6.5,-15,933.90087890625
48615,1,59,2,-10,-15,-10,-15,934.18402099609375
48615,1,63,2,-12.5,-12.5,-12.5,-12.5,934.4005126953124
48615,1,60,2,-15,-15,-15,-15,934.6005859375
48615,1,64,2,-17.5,-12.5,-17.5,-12.5,934.83367919921875
48615,1,61,2,-20,-15,-20,-15,935.0172119140624
48615,1,62,2,-23.5,-15,-23.5,-15,935.3173217773436
48615,1,66,2,-15,-10,-15,-10,936.46722412109375
48615,1,68,2,-15,-6.5,-15,-6.5,936.76727294921875
48615,1,51,2,-15,6.5,-15,6.5,937.8671875
48615,1,49,2,-15,10,-15,10,938.1503295898436
48615,1,43,2,-15,15,-15,15,938.5670166015624
48615,1,36,2,-15,20,-15,20,938.98388671875
48615,1,38,2,-20,20,-20,20,939.41680908203125
48615,1,45,2,-23.5,15,-23.5,15,940.25048828125
48615,1,44,2,-20,15,-20,15,940.5673217773436
48615,1,47,2,-17.5,12.5,-17.5,12.5,940.8004150390624
48615,1,46,2,-12.5,12.5,-12.5,12.5,941.21722412109375
48615,1,42,2,-10,15,-10,15,941.4168701171876
48615,1,41,2,-6.5,15,-6.5,15,941.7174072265624
48615,1,7,2,6.5,15,6.5,15,942.80047607421875
48615,1,8,2,10,15,10,15,943.1005249023436
48615,1,1,2,15,23.5,15,23.5,944.1505126953124
48615,1,2,2,15,20,15,20,944.28387451171875
48615,1,5,2,12.5,17.5,12.5,17.5,944.66741943359375
48615,1,9,2,15,15,15,15,944.71722412109375
48615,1,12,2,12.5,12.5,12.5,12.5,944.96728515625
48615,1,14,2,10,10,10,10,945.25048828125
48615,1,15,2,15,10,15,10,945.51727294921875
48615,1,16,2,20,10,20,10,945.95062255859375
48615,1,6,2,17.5,17.5,17.5,17.5,947.4669189453124
48615,1,4,2,20,20,20,20,947.60107421875
48615,1,11,2,23.5,15,23.5,15,948.0507202148436
48615,1,13,2,17.5,12.5,17.5,12.5,948.96722412109375
48615,1,17,2,15,6.5,15,6.5,949.2672119140624
48615,1,34,2,15,-6.5,15,-6.5,950.2841186523436
48615,1,32,2,15,-10,15,-10,950.5667724609376
48615,1,29,2,12.5,-12.5,12.5,-12.5,950.7841186523436
48615,1,26,2,15,-15,15,-15,950.9840087890624
48615,1,22,2,12.5,-17.5,12.5,-17.5,951.20068359375
48615,1,19,2,15,-20,15,-20,951.4003295898436
48615,1,18,2,15,-23.5,15,-23.5,951.70037841796875
48615,1,21,2,20,-20,20,-20,952.41741943359375
48615,1,27,2,20,-15,20,-15,952.90057373046875
48615,1,30,2,17.5,-12.5,17.5,-12.5,953.25030517578125
48615,1,25,2,10,-15,10,-15,953.8673095703124
48615,1,24,2,6.5,-15,6.5,-15,954.16717529296875
48615,1,58,2,-6.5,-15,-6.5,-15,955.2498779296876
48615,1,59,2,-10,-15,-10,-15,955.5507202148436
48615,1,63,2,-12.5,-12.5,-12.5,-12.5,955.71722412109375
48615,1,65,2,-10,-10,-10,-10,955.7998046875
48615,1,68,2,-15,-6.5,-15,-6.5,956.3173217773436
48615,1,67,2,-20,-10,-20,-10,956.8673095703124
48615,2,34,5,15,-6.5,15,-6.5,1094.91796875
48615,2,32,5,15,-10,15,-10,1095.218017578125
48615,2,30,4,17.5,-12.5,17.5,-12.5,1095.4510498046875
48615,2,29,4,12.5,-12.5,12.5,-12.5,1095.7010498046875
48615,2,25,5,10,-15,10,-15,1095.91796875
48615,2,24,5,6.5,-15,6.5,-15,1096.218017578125
48615,2,19,2,15,-20,15,-20,1097.583984375
48615,2,20,4,10,-20,10,-20,1097.9840087890625
48615,2,31,5,10,-10,10,-10,1099.218017578125
48615,2,34,5,15,-6.5,15,-6.5,1099.9510498046875
48615,2,17,5,15,6.5,15,6.5,1100.718017578125
48615,2,15,5,15,10,15,10,1101.051025390625
48615,2,12,4,12.5,12.5,12.5,12.5,1101.3509521484375
48615,2,8,5,10,15,10,15,1101.6180419921875
48615,2,7,5,6.5,15,6.5,15,1102.1500244140625
48615,2,41,5,-6.5,15,-6.5,15,1103.301025390625
48615,2,48,5,-10,10,-10,10,1103.7840576171875
48615,2,51,5,-15,6.5,-15,6.5,1104.301025390625
48615,2,42,5,-10,15,-10,15,1105.551025390625
48615,2,43,2,-15,15,-15,15,1106.0179443359375
48615,2,47,4,-17.5,12.5,-17.5,12.5,1106.218017578125
48615,2,49,5,-15,10,-15,10,1106.4010009765625
48615,2,65,5,-10,-10,-10,-10,1108.6009521484375
48615,2,63,4,-12.5,-12.5,-12.5,-12.5,1109.051025390625
48615,2,60,2,-15,-15,-15,-15,1109.3509521484375
48615,2,64,4,-17.5,-12.5,-17.5,-12.5,1109.5670166015625
48615,2,67,4,-20,-10,-20,-10,1109.8509521484375
48615,2,68,5,-15,-6.5,-15,-6.5,1111.2679443359375
48615,2,66,5,-15,-10,-15,-10,1112.7509765625
48615,2,56,4,-12.5,-17.5,-12.5,-17.5,1113.5179443359375
48615,2,58,5,-6.5,-15,-6.5,-15,1113.968017578125
48615,2,59,5,-10,-15,-10,-15,1114.0670166015625
48615,2,24,5,6.5,-15,6.5,-15,1115.1669921875
48615,2,22,4,12.5,-17.5,12.5,-17.5,1115.9010009765625
48615,2,26,2,15,-15,15,-15,1116.1669921875
48615,2,29,4,12.5,-12.5,12.5,-12.5,1116.2669677734375
48615,2,32,5,15,-10,15,-10,1116.468017578125
48615,2,34,5,15,-6.5,15,-6.5,1116.7669677734375
48615,2,31,5,10,-10,10,-10,1117.41796875
48615,2,25,5,10,-15,10,-15,1117.8509521484375
48615,2,20,4,10,-20,10,-20,1118.2840576171875
48615,2,18,1,15,-23.5,15,-23.5,1118.9010009765625
48615,2,23,2,17.5,-17.5,17.5,-17.5,1119.467041015625
48615,2,30,4,17.5,-12.5,17.5,-12.5,1119.8509521484375
48615,2,28,1,23.5,-15,23.5,-15,1120.4010009765625
48615,2,27,2,20,-15,20,-15,1121.050048828125
48615,2,26,2,15,-15,15,-15,1121.468017578125
48615,2,24,5,6.5,-15,6.5,-15,1122.1180419921875
48615,2,58,5,-6.5,-15,-6.5,-15,1123.2010498046875
48615,2,59,5,-10,-15,-10,-15,1123.5009765625
48615,2,65,5,-10,-10,-10,-10,1123.68505859375
48615,2,63,4,-12.5,-12.5,-12.5,-12.5,1123.801025390625
48615,2,66,5,-15,-10,-15,-10,1124.0169677734375
48615,2,64,4,-17.5,-12.5,-17.5,-12.5,1124.25
48615,2,67,4,-20,-10,-20,-10,1124.468017578125
48615,2,68,5,-15,-6.5,-15,-6.5,1125.468017578125
48615,2,31,5,10,-10,10,-10,1127.7679443359375
48615,2,32,5,15,-10,15,-10,1128.18505859375
48615,2,30,4,17.5,-12.5,17.5,-12.5,1128.468017578125
48615,2,26,2,15,-15,15,-15,1128.75
48615,2,23,2,17.5,-17.5,17.5,-17.5,1128.9169921875
48615,2,19,4,12.5,-17.5,15,-20,1129.1510009765625
48615,2,22,4,12.5,-17.5,12.5,-17.5,1129.1669921875
48615,2,20,4,10,-20,10,-20,1129.7010498046875
48615,2,24,5,6.5,-15,6.5,-15,1129.7679443359375
48615,2,29,4,12.5,-12.5,12.5,-12.5,1130.6180419921875
48615,2,25,5,10,-15,10,-15,1131.2010498046875
48615,2,34,5,15,-6.5,15,-6.5,1133.4510498046875
48615,2,32,5,15,-10,15,-10,1133.7679443359375
48615,2,30,4,17.5,-12.5,17.5,-12.5,1134.0679931640625
48615,2,33,4,20,-10,20,-10,1134.25
48615,2,31,5,10,-10,10,-10,1135.2679443359375
48615,2,29,4,12.5,-12.5,12.5,-12.5,1135.9840087890625
48615,2,24,5,6.5,-15,6.5,-15,1136.5999755859375
48615,2,20,4,10,-20,10,-20,1137.1009521484375
48615,2,22,4,12.5,-17.5,12.5,-17.5,1137.3179931640625
48615,2,25,5,10,-15,10,-15,1137.7010498046875
48615,2,63,4,-12.5,-12.5,-12.5,-12.5,1139.66796875
48615,2,59,5,-10,-15,-10,-15,1139.8170166015625
48615,2,66,5,-15,-10,-15,-10,1139.884033203125
48615,2,68,5,-15,-6.5,-15,-6.5,1140.1839599609375
48615,2,58,5,-6.5,-15,-6.5,-15,1142.9010009765625
48615,2,65,5,-10,-10,-10,-10,1143.3509521484375
48615,2,67,4,-20,-10,-20,-10,1144.3680419921875
48615,2,62,1,-23.5,-15,-23.5,-15,1145.0679931640625
48615,2,55,1,-20,-20,-20,-20,1145.6839599609375
48615,2,53,2,-15,-20,-15,-20,1146.083984375
48615,2,56,4,-12.5,-17.5,-12.5,-17.5,1146.4010009765625
48615,2,59,5,-10,-15,-10,-15,1146.6510009765625
48615,2,60,2,-15,-15,-15,-15,1146.800048828125
48615,2,63,4,-12.5,-12.5,-12.5,-12.5,1146.8509521484375
48615,2,64,4,-17.5,-12.5,-17.5,-12.5,1147.050048828125
48615,2,66,5,-15,-10,-15,-10,1147.1009521484375
48615,2,68,5,-15,-6.5,-15,-6.5,1147.4510498046875
48615,2,48,5,-10,10,-10,10,1149.2509765625
48615,2,46,4,-12.5,12.5,-12.5,12.5,1149.4840087890625
48615,2,49,5,-15,10,-15,10,1149.5670166015625
48615,2,43,2,-15,15,-15,15,1149.801025390625
48615,2,40,2,-17.5,17.5,-17.5,17.5,1150.0999755859375
48615,2,38,1,-20,20,-20,20,1150.41796875
48615,2,36,2,-15,20,-15,20,1150.801025390625
48615,2,35,1,-15,23.5,-15,23.5,1151.884033203125
48615,2,42,5,-10,15,-10,15,1152.9010009765625
48615,2,41,5,-6.5,15,-6.5,15,1153.199951171875
48615,2,47,4,-17.5,12.5,-17.5,12.5,1154.1510009765625
48615,2,50,4,-20,10,-20,10,1154.41796875
48615,2,51,5,-15,6.5,-15,6.5,1154.9510498046875
48615,2,48,5,-10,10,-10,10,1155.68505859375
48615,2,49,5,-15,10,-15,10,1155.866943359375
48615,2,46,4,-12.5,12.5,-12.5,12.5,1155.91796875
48615,2,44,2,-20,15,-20,15,1156.6510009765625
48615,2,40,2,-17.5,17.5,-17.5,17.5,1156.885009765625
48615,2,39,4,-12.5,17.5,-12.5,17.5,1157.2669677734375
48615,2,42,5,-10,15,-10,15,1157.91796875
48615,2,7,5,6.5,15,6.5,15,1158.8179931640625
48615,2,8,5,10,15,10,15,1159.1180419921875
48615,2,5,4,12.5,17.5,12.5,17.5,1159.3509521484375
48615,2,9,2,15,15,15,15,1159.6009521484375
48615,2,15,5,15,10,15,10,1160.0009765625
48615,2,17,5,15,6.5,15,6.5,1160.2850341796875
48615,2,14,5,10,10,10,10,1161.41796875
48615,2,13,4,17.5,12.5,17.5,12.5,1162.1510009765625
48615,2,10,2,20,15,20,15,1162.5679931640625
48615,2,7,5,6.5,15,6.5,15,1163.8509521484375
48615,2,41,5,-6.5,15,-6.5,15,1164.66796875
48615,2,42,5,-10,15,-10,15,1164.968017578125
48615,2,46,4,-12.5,12.5,-12.5,12.5,1165.2010498046875
48615,2,48,5,-10,10,-10,10,1165.3170166015625
48615,2,37,4,-10,20,-10,20,1167.301025390625
48615,2,39,4,-12.5,17.5,-12.5,17.5,1167.551025390625
48615,2,43,2,-15,15,-15,15,1167.866943359375
48615,2,47,4,-17.5,12.5,-17.5,12.5,1168.1180419921875
48615,2,49,5,-15,10,-15,10,1168.218017578125
48615,2,50,4,-20,10,-20,10,1168.41796875
48615,2,48,5,-10,10,-10,10,1171.051025390625
48615,2,46,4,-12.5,12.5,-12.5,12.5,1171.2679443359375
48615,2,42,5,-10,15,-10,15,1171.468017578125
48615,2,37,4,-10,20,-10,20,1172.3179931640625
48615,2,39,4,-12.5,17.5,-12.5,17.5,1172.5849609375
48615,2,51,5,-15,6.5,-15,6.5,1175.3179931640625
48615,2,67,4,-20,-10,-20,-10,1176.8179931640625
48615,2,64,4,-17.5,-12.5,-17.5,-12.5,1177.0679931640625
48615,2,66,5,-15,-10,-15,-10,1177.18505859375
48615,2,63,4,-12.5,-12.5,-12.5,-12.5,1177.4510498046875
48615,2,65,5,-10,-10,-10,-10,1177.6180419921875
48615,2,58,5,-6.5,-15,-6.5,-15,1178.0679931640625
48615,2,59,5,-10,-15,-10,-15,1178.1510009765625
48615,2,56,4,-12.5,-17.5,-12.5,-17.5,1178.4520263671875
48615,2,60,2,-15,-15,-15,-15,1178.7010498046875
48615,2,68,5,-15,-6.5,-15,-6.5,1179.4010009765625
48615,2,34,5,15,-6.5,15,-6.5,1181.9849853515625
48615,2,32,5,15,-10,15,-10,1182.2679443359375
48615,2,29,4,12.5,-12.5,12.5,-12.5,1182.5009765625
48615,2,26,2,15,-15,15,-15,1182.7509765625
48615,2,22,4,12.5,-17.5,12.5,-17.5,1182.9510498046875
48615,2,25,5,6.5,-15,10,-15,1183.4010009765625
48615,2,24,5,6.5,-15,6.5,-15,1183.4169921875
48615,2,31,5,10,-10,10,-10,1183.9010009765625
48615,2,30,4,17.5,-12.5,17.5,-12.5,1184.551025390625
48615,2,17,5,15,6.5,15,6.5,1185.8179931640625
48615,2,15,5,15,10,15,10,1186.1009521484375
48615,2,12,4,12.5,12.5,12.5,12.5,1186.4510498046875
48615,2,14,5,10,10,10,10,1186.5009765625
48615,2,7,5,6.5,15,6.5,15,1187.1009521484375
48615,2,8,5,10,15,10,15,1187.3509521484375
48615,2,5,4,12.5,17.5,12.5,17.5,1187.5849609375
48615,2,9,2,15,15,15,15,1187.8179931640625
48615,2,10,2,20,15,20,15,1188.2509765625
48615,2,4,1,20,20,20,20,1188.5849609375
48615,2,1,1,15,23.5,15,23.5,1189.0009765625
48615,2,3,4,10,20,10,20,1189.385009765625
48615,2,16,4,20,10,20,10,1190.7509765625
48615,2,13,4,17.5,12.5,17.5,12.5,1190.968017578125
48615,2,15,5,15,10,15,10,1191.116943359375
48615,2,14,5,10,10,10,10,1191.5179443359375
48615,2,12,4,12.5,12.5,12.5,12.5,1191.583984375
48615,2,11,1,23.5,15,23.5,15,1192.91796875
48615,2,17,5,15,6.5,15,6.5,1194.5179443359375
48615,2,7,5,6.5,15,6.5,15,1195.4849853515625
48615,2,8,5,10,15,10,15,1195.5179443359375
48615,2,5,4,12.5,17.5,12.5,17.5,1195.885009765625
48615,2,3,4,10,20,10,20,1196.1510009765625
48615,2,41,5,-6.5,15,-6.5,15,1197.5009765625
48615,2,42,5,-10,15,-10,15,1197.801025390625
48615,2,48,4,-12.5,12.5,-10,10,1198.083984375
48615,2,46,4,-12.5,12.5,-12.5,12.5,1198.1009521484375
48615,2,43,5,-15,10,-15,15,1198.551025390625
48615,2,49,5,-15,10,-15,10,1198.5679931640625
48615,2,50,4,-20,10,-20,10,1198.7679443359375
48615,2,51,5,-15,6.5,-15,6.5,1199.16796875
48615,2,14,5,10,10,10,10,1201.3509521484375
48615,2,15,5,15,10,15,10,1202.16796875
48615,2,17,5,15,6.5,15,6.5,1202.5679931640625
48615,2,7,5,6.5,15,6.5,15,1204.301025390625
48615,2,8,5,10,15,10,15,1204.6510009765625
48615,2,5,4,12.5,17.5,12.5,17.5,1204.9010009765625
48615,2,9,2,15,15,15,15,1205.1180419921875
48615,2,6,2,17.5,17.5,17.5,17.5,1205.3509521484375
48615,2,41,5,-6.5,15,-6.5,15,1206.9849853515625
48615,2,42,5,-10,15,-10,15,1207.2679443359375
48615,2,48,5,-10,10,-10,10,1207.552001953125
48615,2,49,5,-15,10,-15,10,1208.16796875
48615,2,68,5,-15,-6.5,-15,-6.5,1209.41796875
48615,2,66,5,-15,-10,-15,-10,1209.718017578125
48615,2,64,4,-17.5,-12.5,-17.5,-12.5,1209.9520263671875
48615,2,63,4,-12.5,-12.5,-12.5,-12.5,1210.18505859375
48615,2,59,5,-10,-15,-10,-15,1210.385009765625
48615,2,58,5,-6.5,-15,-6.5,-15,1210.68505859375
48615,2,67,4,-20,-10,-20,-10,1212.2010498046875
48615,2,61,2,-20,-15,-20,-15,1212.6510009765625
48615,2,60,2,-15,-15,-15,-15,1212.91796875
48615,2,65,5,-10,-10,-10,-10,1213.3680419921875
48615,2,34,5,15,-6.5,15,-6.5,1215.885009765625
48615,2,32,5,15,-10,15,-10,1216.2010498046875
48615,2,26,2,15,-15,15,-15,1216.6839599609375
48615,2,22,4,12.5,-17.5,12.5,-17.5,1216.885009765625
48615,2,25,5,10,-15,10,-15,1216.9849853515625
48615,2,24,5,6.5,-15,6.5,-15,1217.3179931640625
48615,2,31,5,10,-10,10,-10,1218.0849609375
48615,2,29,4,12.5,-12.5,12.5,-12.5,1218.551025390625
48615,2,30,4,17.5,-12.5,17.5,-12.5,1218.7840576171875
48615,2,33,4,20,-10,20,-10,1218.968017578125
48615,2,27,2,20,-15,20,-15,1219.1180419921875
48615,2,28,1,23.5,-15,23.5,-15,1219.4010009765625
48615,2,23,2,17.5,-17.5,17.5,-17.5,1219.6180419921875
48615,2,20,4,10,-20,10,-20,1220.2679443359375
48615,2,54,4,-10,-20,-10,-20,1222.385009765625
48615,2,56,4,-12.5,-17.5,-12.5,-17.5,1222.68505859375
48615,2,59,2,-15,-15,-10,-15,1223.0009765625
48615,2,60,2,-15,-15,-15,-15,1223.0179443359375
48615,2,64,4,-17.5,-12.5,-17.5,-12.5,1223.2840576171875
48615,2,67,4,-20,-10,-20,-10,1223.5679931640625
48615,2,68,5,-15,-6.5,-15,-6.5,1224.051025390625
48615,2,65,5,-10,-10,-10,-10,1224.5179443359375
48615,2,58,5,-6.5,-15,-6.5,-15,1224.9849853515625
48615,2,24,5,6.5,-15,6.5,-15,1226.1180419921875
48615,3,35,5,15,-23.5,15,-23.5,1234.8179931640625
48615,3,38,5,20,-20,20,-20,1235.2509765625
48615,3,45,5,23.5,-15,23.5,-15,1235.7850341796875
48615,3,50,2,20,-10,20,-10,1236.3179931640625
48615,3,47,2,17.5,-12.5,17.5,-12.5,1236.468017578125
48615,3,43,4,15,-15,15,-15,1236.68505859375
48615,3,40,4,17.5,-17.5,17.5,-17.5,1237.0849609375
48615,3,36,4,15,-20,15,-20,1237.1180419921875
48615,3,44,4,20,-15,20,-15,1237.718017578125
48615,3,16,2,20,10,20,10,1239.8509521484375
48615,3,10,4,20,15,20,15,1240.2509765625
48615,3,6,4,17.5,17.5,17.5,17.5,1240.501953125
48615,3,2,4,15,20,15,20,1240.7850341796875
48615,3,1,5,15,23.5,15,23.5,1241.1009521484375
48615,3,4,5,20,20,20,20,1241.66796875
48615,3,11,5,23.5,15,23.5,15,1242.16796875
48615,3,15,1,15,10,15,10,1243.16796875
48615,3,12,2,12.5,12.5,12.5,12.5,1243.3680419921875
48615,3,9,4,15,15,15,15,1243.41796875
48615,3,8,1,10,15,10,15,1243.7020263671875
48615,3,20,2,-10,20,-10,20,1245.5009765625
48615,3,18,5,-15,23.5,-15,23.5,1245.968017578125
48615,3,19,4,-15,20,-15,20,1246.0179443359375
48615,3,22,2,-12.5,17.5,-12.5,17.5,1246.2679443359375
48615,3,26,4,-15,15,-15,15,1246.4510498046875
48615,3,30,2,-17.5,12.5,-17.5,12.5,1246.801025390625
48615,3,27,4,-20,15,-20,15,1246.968017578125
48615,3,21,5,-20,20,-20,20,1247.5679931640625
48615,3,23,4,-17.5,17.5,-17.5,17.5,1247.718017578125
48615,3,28,5,-23.5,15,-23.5,15,1249.251953125
48615,3,33,2,-20,10,-20,10,1251.10205078125
48615,3,32,1,-15,10,-15,10,1251.5679931640625
48615,3,31,1,-10,10,-10,10,1251.9849853515625
48615,3,3,2,10,20,10,20,1254.2850341796875
48615,3,2,4,15,20,15,20,1254.6839599609375
48615,3,1,5,15,23.5,15,23.5,1254.968017578125
48615,3,6,4,17.5,17.5,17.5,17.5,1256.302001953125
48615,3,10,4,20,15,20,15,1256.5679931640625
48615,3,13,2,17.5,12.5,17.5,12.5,1256.7679443359375
48615,3,11,5,23.5,15,23.5,15,1257.001953125
48615,3,4,5,20,20,20,20,1257.5849609375
48615,3,9,4,15,15,15,15,1258.4010009765625
48615,3,15,1,15,10,15,10,1258.85205078125
48615,3,17,1,15,6.5,15,6.5,1259.1510009765625
48615,3,51,1,15,-6.5,15,-6.5,1260.218017578125
48615,3,49,1,15,-10,15,-10,1260.5179443359375
48615,3,47,2,17.5,-12.5,17.5,-12.5,1260.7020263671875
48615,3,43,4,15,-15,15,-15,1260.9010009765625
48615,3,40,4,17.5,-17.5,17.5,-17.5,1261.10205078125
48615,3,36,4,15,-20,15,-20,1261.302001953125
48615,3,35,5,15,-23.5,15,-23.5,1261.583984375
48615,3,37,2,10,-20,10,-20,1262.35205078125
48615,3,42,1,10,-15,10,-15,1262.885009765625
48615,3,48,1,10,-10,10,-10,1263.301025390625
48615,3,50,2,20,-10,20,-10,1264.051025390625
48615,3,44,4,20,-15,20,-15,1264.302001953125
48615,3,45,5,23.5,-15,23.5,-15,1264.4010009765625
48615,3,38,5,20,-20,20,-20,1265.0179443359375
48615,3,39,2,12.5,-17.5,12.5,-17.5,1265.7020263671875
48615,3,52,5,-15,-23.5,-15,-23.5,1268.0849609375
48615,3,53,4,-15,-20,-15,-20,1268.385009765625
48615,3,55,5,-20,-20,-20,-20,1268.5679931640625
48615,3,57,4,-17.5,-17.5,-17.5,-17.5,1268.66796875
48615,3,61,4,-20,-15,-20,-15,1268.968017578125
48615,3,62,5,-23.5,-15,-23.5,-15,1269.0179443359375
48615,3,64,2,-17.5,-12.5,-17.5,-12.5,1269.4510498046875
48615,3,60,4,-15,-15,-15,-15,1269.6180419921875
48615,3,63,2,-12.5,-12.5,-12.5,-12.5,1269.8680419921875
48615,3,65,1,-10,-10,-10,-10,1270.2679443359375
48615,3,66,1,-15,-10,-15,-10,1270.718017578125
48615,3,67,2,-20,-10,-20,-10,1271.16796875
48615,3,33,2,-20,10,-20,10,1273.18505859375
48615,3,28,5,-23.5,15,-23.5,15,1273.583984375
48615,3,27,4,-20,15,-20,15,1274.001953125
48615,3,21,5,-20,20,-20,20,1274.1009521484375
48615,3,23,4,-17.5,17.5,-17.5,17.5,1274.218017578125
48615,3,19,4,-15,20,-15,20,1274.5179443359375
48615,3,18,5,-15,23.5,-15,23.5,1274.5679931640625
48615,3,26,4,-15,15,-15,15,1275.1839599609375
48615,3,30,2,-17.5,12.5,-17.5,12.5,1275.41796875
48615,3,24,1,-6.5,15,-6.5,15,1278.16796875
48615,3,25,1,-10,15,-10,15,1278.385009765625
48615,3,29,2,-12.5,12.5,-12.5,12.5,1278.6009521484375
48615,3,3,2,10,20,10,20,1281.18505859375
48615,3,5,2,12.5,17.5,12.5,17.5,1281.385009765625
48615,3,2,4,15,20,15,20,1281.5849609375
48615,3,4,5,20,20,20,20,1281.9849853515625
48615,3,10,4,20,15,20,15,1282.4520263671875
48615,3,6,4,17.5,17.5,17.5,17.5,1282.5679931640625
48615,3,9,4,15,15,15,15,1282.751953125
48615,3,8,1,10,15,10,15,1283.218017578125
48615,3,12,2,12.5,12.5,12.5,12.5,1283.4019775390625
48615,3,11,5,23.5,15,23.5,15,1284.1180419921875
48615,3,1,5,15,23.5,15,23.5,1285.35205078125
48615,3,13,2,17.5,12.5,17.5,12.5,1286.885009765625
48615,3,15,1,15,10,15,10,1287.2020263671875
48615,3,17,1,15,6.5,15,6.5,1287.4520263671875
48615,3,51,1,15,-6.5,15,-6.5,1288.8680419921875
48615,3,47,2,17.5,-12.5,17.5,-12.5,1289.001953125
48615,3,44,4,20,-15,20,-15,1289.251953125
48615,3,38,5,20,-20,20,-20,1289.66796875
48615,3,35,5,15,-23.5,15,-23.5,1290.3179931640625
48615,3,36,4,15,-20,15,-20,1290.35205078125
48615,3,39,2,12.5,-17.5,12.5,-17.5,1290.7679443359375
48615,3,43,4,15,-15,15,-15,1291.0009765625
48615,3,45,5,23.5,-15,23.5,-15,1291.7679443359375
48615,3,40,4,17.5,-17.5,17.5,-17.5,1293.9019775390625
48615,3,42,1,10,-15,10,-15,1294.6009521484375
48615,3,41,1,6.5,-15,6.5,-15,1294.9019775390625
48615,3,52,5,-15,-23.5,-15,-23.5,1296.85205078125
48615,3,53,4,-15,-20,-15,-20,1296.885009765625
48615,3,57,4,-17.5,-17.5,-17.5,-17.5,1297.16796875
48615,3,55,5,-20,-20,-20,-20,1297.3179931640625
48615,3,61,4,-20,-15,-20,-15,1297.468017578125
48615,3,64,2,-17.5,-12.5,-17.5,-12.5,1297.7010498046875
48615,3,66,1,-15,-10,-15,-10,1298.051025390625
48615,3,63,2,-12.5,-12.5,-12.5,-12.5,1298.2020263671875
48615,3,56,2,-12.5,-17.5,-12.5,-17.5,1298.5849609375
48615,3,62,5,-23.5,-15,-23.5,-15,1300.1510009765625
48615,3,28,5,-23.5,15,-23.5,15,1302.66796875
48615,3,27,4,-20,15,-20,15,1302.91796875
48615,3,21,5,-20,20,-20,20,1303.1180419921875
48615,3,23,4,-17.5,17.5,-17.5,17.5,1303.2020263671875
48615,3,19,4,-15,20,-15,20,1303.5009765625
48615,3,18,5,-15,23.5,-15,23.5,1303.5849609375
48615,3,20,2,-10,20,-10,20,1304.0179443359375
48615,3,22,2,-12.5,17.5,-12.5,17.5,1304.0679931640625
48615,3,25,1,-10,15,-10,15,1304.384033203125
48615,3,24,1,-6.5,15,-6.5,15,1304.5179443359375
48615,3,3,2,10,20,10,20,1306.10205078125
48615,3,2,4,15,20,15,20,1306.4840087890625
48615,3,1,5,15,23.5,15,23.5,1306.60205078125
48615,3,4,5,20,20,20,20,1306.91796875
48615,3,6,4,17.5,17.5,17.5,17.5,1307.552001953125
48615,3,9,4,15,15,15,15,1308.001953125
48615,3,10,4,20,15,20,15,1308.218017578125
48615,3,11,5,23.5,15,23.5,15,1308.5179443359375
48615,3,5,2,12.5,17.5,12.5,17.5,1309.501953125
48615,3,8,1,10,15,10,15,1309.718017578125
48615,3,20,2,-10,20,-10,20,1311.4840087890625
48615,3,19,4,-15,20,-15,20,1311.885009765625
48615,3,21,5,-20,20,-20,20,1312.2850341796875
48615,3,18,5,-15,23.5,-15,23.5,1313.468017578125
48615,3,28,5,-23.5,15,-23.5,15,1314.60205078125
48615,3,27,4,-20,15,-20,15,1315.0179443359375
48615,3,26,4,-15,15,-15,15,1315.468017578125
48615,3,25,1,-10,15,-10,15,1317.6839599609375
48615,3,24,1,-6.5,15,-6.5,15,1317.968017578125
48615,3,7,1,6.5,15,6.5,15,1319.0679931640625
48615,3,8,1,10,15,10,15,1319.35205078125
48615,3,3,2,12.5,17.5,10,20,1319.5849609375
48615,3,5,2,12.5,17.5,12.5,17.5,1319.6009521484375
48615,3,2,4,15,20,15,20,1319.8680419921875
48615,3,6,4,17.5,17.5,17.5,17.5,1320.16796875
48615,3,13,2,17.5,12.5,17.5,12.5,1320.6180419921875
48615,3,16,2,20,10,20,10,1320.9520263671875
48615,3,11,5,23.5,15,23.5,15,1321.501953125
48615,3,4,5,20,20,20,20,1322.1519775390625
48615,3,1,5,15,23.5,15,23.5,1322.6180419921875
48615,3,9,4,15,15,15,15,1323.2020263671875
48615,3,15,1,15,10,15,10,1323.66796875
48615,3,17,1,15,6.5,15,6.5,1323.968017578125
48615,3,51,1,15,-6.5,15,-6.5,1325.051025390625
48615,3,49,1,15,-10,15,-10,1325.35205078125
48615,3,43,4,15,-15,15,-15,1325.7010498046875
48615,3,46,2,12.5,-12.5,12.5,-12.5,1325.802001953125
48615,3,40,4,17.5,-17.5,17.5,-17.5,1325.968017578125
48615,3,44,4,20,-15,20,-15,1326.10205078125
48615,3,42,1,10,-15,10,-15,1326.5179443359375
48615,3,41,1,6.5,-15,6.5,-15,1326.802001953125
48615,3,47,2,17.5,-12.5,17.5,-12.5,1327.8680419921875
48615,3,45,5,23.5,-15,23.5,-15,1328.3179931640625
48615,3,38,5,20,-20,20,-20,1328.8680419921875
48615,3,35,5,15,-23.5,15,-23.5,1330.9520263671875
48615,3,36,4,15,-20,15,-20,1331.2850341796875
48615,3,39,2,12.5,-17.5,12.5,-17.5,1331.51904296875
48615,3,43,4,15,-15,15,-15,1331.68505859375
48615,3,46,2,12.5,-12.5,12.5,-12.5,1331.9189453125
48615,3,42,1,10,-15,10,-15,1332.10205078125
48615,3,41,1,6.5,-15,6.5,-15,1332.35205078125
48615,3,52,5,-15,-23.5,-15,-23.5,1334.8179931640625
48615,3,55,5,-20,-20,-20,-20,1335.35205078125
48615,3,62,5,-23.5,-15,-23.5,-15,1335.85205078125
48615,3,56,2,-12.5,-17.5,-12.5,-17.5,1337.5849609375
48615,3,63,2,-12.5,-12.5,-12.5,-12.5,1338.0179443359375
48615,3,66,1,-15,-10,-15,-10,1338.35205078125
48615,3,67,2,-20,-10,-20,-10,1338.7679443359375
48615,3,61,4,-20,-15,-20,-15,1339.1519775390625
48615,3,60,4,-15,-15,-15,-15,1339.51904296875
48615,3,59,1,-10,-15,-10,-15,1339.9849853515625
48615,3,65,1,-10,-10,-10,-10,1340.3680419921875
48615,3,31,1,-10,10,-10,10,1342.01904296875
48615,3,25,1,-10,15,-10,15,1342.468994140625
48615,3,20,2,-10,20,-10,20,1342.85205078125
48615,3,22,2,-12.5,17.5,-12.5,17.5,1342.9849853515625
48615,3,19,4,-15,20,-15,20,1343.0849609375
48615,3,21,5,-20,20,-20,20,1343.501953125
48615,3,23,4,-17.5,17.5,-17.5,17.5,1343.552001953125
48615,3,27,4,-20,15,-20,15,1343.802001953125
48615,3,30,2,-17.5,12.5,-17.5,12.5,1344.10205078125
48615,3,33,2,-20,10,-20,10,1344.3680419921875
48615,3,32,1,-15,10,-15,10,1344.5679931640625
48615,3,29,2,-12.5,12.5,-12.5,12.5,1344.9189453125
48615,3,18,5,-15,23.5,-15,23.5,1345.8690185546875
48615,3,28,5,-23.5,15,-23.5,15,1347.301025390625
48615,3,7,1,6.5,15,6.5,15,1350.083984375
48615,3,1,5,15,23.5,15,23.5,1351.5849609375
48615,3,2,4,15,20,15,20,1351.85205078125
48615,3,5,2,12.5,17.5,12.5,17.5,1352.0849609375
48615,3,9,4,15,15,15,15,1352.2679443359375
48615,3,12,2,12.5,12.5,12.5,12.5,1352.501953125
48615,3,15,1,15,10,15,10,1352.718994140625
48615,3,11,5,23.5,15,23.5,15,1353.968994140625
48615,3,13,2,17.5,12.5,17.5,12.5,1354.3690185546875
48615,3,10,4,20,15,20,15,1354.66796875
48615,3,4,5,20,20,20,20,1355.4849853515625
48615,3,6,4,17.5,17.5,17.5,17.5,1355.7020263671875
48615,3,3,2,10,20,10,20,1356.385009765625
48615,3,20,2,-10,20,-10,20,1358.0679931640625
48615,3,19,4,-15,20,-15,20,1358.4520263671875
48615,3,18,5,-15,23.5,-15,23.5,1358.4849853515625
48615,3,28,5,-23.5,15,-23.5,15,1359.8179931640625
48615,3,27,4,-20,15,-20,15,1360.001953125
48615,3,30,2,-17.5,12.5,-17.5,12.5,1360.2850341796875
48615,3,26,4,-15,15,-15,15,1360.468994140625
48615,3,22,2,-12.5,17.5,-12.5,17.5,1360.801025390625
48615,3,21,5,-20,20,-20,20,1362.1190185546875
48615,3,1,5,15,23.5,15,23.5,1365.6190185546875
48615,3,2,4,15,20,15,20,1365.8690185546875
48615,3,5,2,12.5,17.5,12.5,17.5,1366.10205078125
48615,3,6,4,17.5,17.5,17.5,17.5,1366.3179931640625
48615,3,11,4,20,15,23.5,15,1366.85205078125
48615,3,10,4,20,15,20,15,1366.8690185546875
48615,3,16,2,20,10,20,10,1367.3690185546875
48615,3,15,1,15,10,15,10,1367.85205078125
48615,3,12,2,12.5,12.5,12.5,12.5,1368.218017578125
48615,3,3,2,10,20,10,20,1368.8680419921875
48615,3,4,5,20,20,20,20,1369.51904296875
48615,3,14,1,10,10,10,10,1371.18505859375
48615,3,22,2,-12.5,17.5,-12.5,17.5,1373.5849609375
48615,3,19,4,-15,20,-15,20,1373.7679443359375
48615,3,23,4,-17.5,17.5,-17.5,17.5,1373.9849853515625
48615,3,21,5,-20,20,-20,20,1374.16796875
48615,3,27,4,-20,15,-20,15,1374.3509521484375
48615,3,28,5,-23.5,15,-23.5,15,1374.4849853515625
48615,3,33,2,-20,10,-20,10,1375.0679931640625
48615,3,32,1,-15,10,-15,10,1375.51904296875
48615,3,34,1,-15,6.5,-15,6.5,1375.718017578125
48615,3,68,1,-15,-6.5,-15,-6.5,1377.1190185546875
48615,3,66,1,-15,-10,-15,-10,1377.468017578125
48615,3,60,4,-15,-15,-15,-15,1377.85205078125
48615,3,57,4,-17.5,-17.5,-17.5,-17.5,1378.0849609375
48615,3,53,4,-15,-20,-15,-20,1378.2850341796875
48615,3,55,5,-20,-20,-20,-20,1378.501953125
48615,3,62,5,-23.5,-15,-23.5,-15,1379.3179931640625
48615,3,67,2,-20,-10,-20,-10,1379.9520263671875
48615,3,64,2,-17.5,-12.5,-17.5,-12.5,1380.1519775390625
48615,3,61,4,-20,-15,-20,-15,1380.26904296875
48615,3,52,5,-15,-23.5,-15,-23.5,1380.9849853515625
48615,3,58,1,-6.5,-15,-6.5,-15,1382.501953125
48615,3,41,1,6.5,-15,6.5,-15,1383.4520263671875
48615,3,35,5,15,-23.5,15,-23.5,1384.6190185546875
48615,3,36,4,15,-20,15,-20,1385.0679931640625
48615,3,38,5,20,-20,20,-20,1385.1009521484375
48615,3,40,4,17.5,-17.5,17.5,-17.5,1385.18505859375
48615,3,44,4,20,-15,20,-15,1385.5179443359375
48615,3,45,5,23.5,-15,23.5,-15,1385.8179931640625
48615,3,43,4,15,-15,15,-15,1387.10205078125
48615,3,47,2,17.5,-12.5,17.5,-12.5,1387.2850341796875
48615,3,16,2,20,10,20,10,1389.2020263671875
48615,3,10,4,20,15,20,15,1389.6009521484375
48615,3,6,4,17.5,17.5,17.5,17.5,1389.802001953125
48615,3,4,5,20,20,20,20,1390.001953125
48615,3,2,4,15,20,15,20,1390.302001953125
48615,3,1,5,15,23.5,15,23.5,1390.3680419921875
48615,3,3,2,10,20,10,20,1390.7850341796875
48615,3,5,2,12.5,17.5,12.5,17.5,1392.26904296875
48615,3,9,4,15,15,15,15,1392.4189453125
48615,3,12,2,12.5,12.5,12.5,12.5,1392.66796875
48615,3,14,1,10,10,10,10,1393.0849609375
48615,3,4,5,20,20,20,20,1395.052001953125
48615,3,11,5,23.5,15,23.5,15,1395.76904296875
48615,3,16,2,20,10,20,10,1396.6190185546875
48615,3,13,2,17.5,12.5,17.5,12.5,1396.9849853515625
48615,3,6,4,17.5,17.5,17.5,17.5,1397.4010009765625
48615,3,9,4,15,15,15,15,1397.4520263671875
48615,3,2,4,15,20,15,20,1397.60205078125
48615,3,1,5,15,23.5,15,23.5,1397.885009765625
48615,3,3,2,10,20,10,20,1398.5689697265625
48615,3,8,1,10,15,10,15,1399.01904296875
48615,3,14,1,10,10,10,10,1399.4520263671875
48615,3,51,1,15,-6.5,15,-6.5,1400.9849853515625
48615,3,50,2,20,-10,20,-10,1401.3179931640625
48615,3,44,4,20,-15,20,-15,1401.718017578125
48615,3,45,5,23.5,-15,23.5,-15,1401.885009765625
48615,3,38,5,20,-20,20,-20,1402.301025390625
48615,3,35,5,15,-23.5,15,-23.5,1402.885009765625
48615,3,36,4,15,-20,15,-20,1403.4520263671875
48615,3,39,2,12.5,-17.5,12.5,-17.5,1403.60205078125
48615,3,43,4,15,-15,15,-15,1403.7850341796875
48615,3,40,4,17.5,-17.5,17.5,-17.5,1404.052001953125
48615,3,46,2,12.5,-12.5,12.5,-12.5,1405.718994140625
48615,3,51,1,15,-6.5,15,-6.5,1406.4849853515625
48615,3,59,1,-10,-15,-10,-15,1408.718994140625
48615,3,56,2,-12.5,-17.5,-12.5,-17.5,1409.001953125
48615,3,53,4,-15,-20,-15,-20,1409.26904296875
48615,3,52,5,-15,-23.5,-15,-23.5,1409.5689697265625
48615,3,55,5,-20,-20,-20,-20,1409.7010498046875
48615,3,61,4,-20,-15,-20,-15,1410.1190185546875
48615,3,64,2,-17.5,-12.5,-17.5,-12.5,1410.385009765625
48615,4,33,5,20,-5,20,-5,213.1638031005859
48615,4,35,4,20,-10,20,-10,213.6313018798828
48615,4,36,5,10,-10,10,-10,214.66439819335935
48615,4,59,2,-12.5,-12.5,-12.5,-12.5,216.56460571289065
48615,4,60,2,-17.5,-12.5,-17.5,-12.5,216.9810028076172
48615,4,57,4,-20,-15,-20,-15,217.231201171875
48615,4,51,5,-20,-20,-20,-20,217.6811981201172
48615,4,49,4,-15,-20,-15,-20,218.1305999755859
48615,4,48,5,-15,-23.5,-15,-23.5,218.64739990234375
48615,4,53,4,-17.5,-17.5,-17.5,-17.5,219.53070068359375
48615,4,56,4,-15,-15,-15,-15,220.764892578125
48615,4,52,2,-12.5,-17.5,-12.5,-17.5,221.564697265625
48615,4,50,2,-10,-20,-10,-20,221.7803955078125
48615,4,42,5,5,-20,5,-20,222.98129272460935
48615,4,41,4,10,-20,10,-20,223.431396484375
48615,4,40,4,20,-20,20,-20,224.264892578125
48615,4,33,5,20,-5,20,-5,225.6479949951172
48615,4,16,2,20,10,20,10,226.83120727539065
48615,4,11,4,20,15,23.5,15,227.181396484375
48615,4,10,4,20,15,20,15,227.19740295410156
48615,4,4,5,20,20,20,20,227.5980987548828
48615,4,1,5,15,23.5,15,23.5,228.1811065673828
48615,4,17,1,15,6.5,15,6.5,232.73150634765625
48615,4,16,2,20,10,20,10,233.19769287109375
48615,4,10,4,20,15,20,15,233.6313018798828
48615,4,9,4,15,15,15,15,233.98129272460935
48615,4,12,2,12.5,12.5,12.5,12.5,234.28140258789065
48615,4,15,1,15,10,15,10,234.66490173339844
48615,4,13,2,17.5,12.5,17.5,12.5,234.84779357910156
48615,4,6,4,17.5,17.5,17.5,17.5,235.18130493164065
48615,4,3,4,15,20,15,20,235.6479949951172
48615,4,1,5,15,23.5,15,23.5,235.68130493164065
48615,4,2,2,10,20,10,20,236.3979949951172
48615,4,8,1,10,15,10,15,236.831298828125
48615,4,14,1,10,10,10,10,237.24789428710935
48615,4,36,5,10,-10,10,-10,238.8647003173828
48615,4,35,4,20,-10,20,-10,239.79820251464844
48615,4,33,5,20,-5,20,-5,240.2313995361328
48615,4,38,4,15,-15,15,-15,242.29800415039065
48615,4,41,4,10,-20,10,-20,243.031005859375
48615,4,42,5,5,-20,5,-20,243.4311981201172
48615,4,50,2,-10,-20,-10,-20,244.69810485839844
48615,4,49,4,-15,-20,-15,-20,245.09820556640625
48615,4,51,5,-20,-20,-20,-20,245.4980010986328
48615,4,58,5,-23.5,-15,-23.5,-15,246.19830322265625
48615,4,62,1,-15,-10,-15,-10,247.58140563964844
48615,4,60,2,-17.5,-12.5,-17.5,-12.5,247.781494140625
48615,4,56,4,-15,-15,-15,-15,247.94810485839844
48615,4,53,4,-17.5,-17.5,-17.5,-17.5,248.14779663085935
48615,4,48,5,-15,-23.5,-15,-23.5,248.63150024414065
48615,4,59,2,-12.5,-12.5,-12.5,-12.5,249.94810485839844
48615,4,61,1,-10,-10,-10,-10,250.2483062744141
48615,4,42,5,5,-20,5,-20,251.8480987548828
48615,4,41,4,10,-20,10,-20,252.29800415039065
48615,4,38,4,15,-15,15,-15,252.86489868164065
48615,4,36,5,10,-10,10,-10,253.49819946289065
48615,4,33,5,20,-5,20,-5,254.49819946289065
48615,4,15,2,12.5,12.5,15,10,257.4480895996094
48615,4,12,2,12.5,12.5,12.5,12.5,257.4648132324219
48615,4,13,2,17.5,12.5,17.5,12.5,257.6806945800781
48615,4,9,4,15,15,15,15,257.7308044433594
48615,4,6,4,17.5,17.5,17.5,17.5,257.9648132324219
48615,4,3,4,15,20,15,20,258.1814880371094
48615,4,1,5,15,23.5,15,23.5,258.4648132324219
48615,4,11,5,23.5,15,23.5,15,262.24810791015625
48615,4,4,5,20,20,20,20,262.7814025878906
48615,4,6,4,17.5,17.5,17.5,17.5,263.0481872558594
48615,4,3,4,15,20,15,20,263.2474060058594
48615,4,5,2,12.5,17.5,12.5,17.5,263.48150634765625
48615,4,2,2,10,20,10,20,263.681396484375
48615,4,27,5,-5,20,-5,20,264.897705078125
48615,4,26,4,-10,20,-10,20,265.3313903808594
48615,4,23,4,-15,15,-15,15,265.98150634765625
48615,4,18,5,-20,5,-20,5,267.297607421875
48615,4,63,2,-20,-10,-20,-10,268.998291015625
48615,4,60,2,-17.5,-12.5,-17.5,-12.5,269.2319030761719
48615,4,57,4,-20,-15,-20,-15,269.3984069824219
48615,4,53,4,-17.5,-17.5,-17.5,-17.5,269.59820556640625
48615,4,51,5,-20,-20,-20,-20,269.79730224609375
48615,4,48,5,-15,-23.5,-15,-23.5,270.34759521484375
48615,4,55,1,-10,-15,-10,-15,271.7814025878906
48615,4,59,2,-12.5,-12.5,-12.5,-12.5,272.08160400390625
48615,4,62,1,-15,-10,-15,-10,272.3982849121094
48615,4,58,5,-23.5,-15,-23.5,-15,274.04779052734375
48615,4,57,4,-20,-15,-20,-15,274.4314880371094
48615,4,53,4,-17.5,-17.5,-17.5,-17.5,274.63140869140625
48615,4,56,4,-15,-15,-15,-15,274.7983093261719
48615,4,49,4,-15,-20,-15,-20,275.0646057128906
48615,4,51,5,-20,-20,-20,-20,275.2648010253906
48615,4,48,5,-15,-23.5,-15,-23.5,275.7972106933594
48615,4,42,5,5,-20,5,-20,277.547607421875
48615,4,41,4,10,-20,10,-20,278.147705078125
48615,4,38,4,15,-15,15,-15,278.7315979003906
48615,4,35,4,20,-10,20,-10,279.2981872558594
48615,4,36,5,10,-10,10,-10,280.36419677734375
48615,4,33,5,20,-5,20,-5,281.3481140136719
48615,4,16,2,20,10,20,10,282.6814880371094
48615,4,10,4,20,15,20,15,283.0647888183594
48615,4,4,5,20,20,20,20,283.4648132324219
48615,4,1,5,15,23.5,15,23.5,283.965087890625
48615,4,3,4,15,20,15,20,284.1647033691406
48615,4,5,2,12.5,17.5,12.5,17.5,284.4482116699219
48615,4,12,2,12.5,12.5,12.5,12.5,284.8815002441406
48615,4,17,1,15,6.5,15,6.5,285.59820556640625
48615,4,13,2,17.5,12.5,17.5,12.5,286.380615234375
48615,4,11,5,23.5,15,23.5,15,286.6980895996094
48615,4,6,4,17.5,17.5,17.5,17.5,287.6980895996094
48615,4,9,4,15,15,15,15,287.898193359375
48615,4,8,1,10,15,10,15,288.647705078125
48615,4,2,2,10,20,10,20,288.898193359375
48615,4,3,4,15,20,15,20,289.2974853515625
48615,4,4,5,20,20,20,20,289.6816101074219
48615,4,1,5,15,23.5,15,23.5,290.0816955566406
48615,4,14,1,10,10,10,10,291.5309143066406
48615,4,17,1,15,6.5,15,6.5,292.0483093261719
48615,4,33,5,20,-5,20,-5,293.4476013183594
48615,4,35,4,20,-10,20,-10,293.8817138671875
48615,4,36,5,10,-10,10,-10,295.9317932128906
48615,4,41,4,10,-20,10,-20,297.49810791015625
48615,4,42,5,5,-20,5,-20,298.031494140625
48615,4,40,4,20,-20,20,-20,299.58160400390625
48615,4,37,2,25,-15,25,-15,300.23150634765625
48615,4,33,5,20,-5,20,-5,301.081787109375
48615,4,16,2,20,10,20,10,302.3482971191406
48615,4,11,4,20,15,23.5,15,302.7314147949219
48615,4,10,4,20,15,20,15,302.7477111816406
48615,4,4,5,20,20,20,20,303.148193359375
48615,4,1,5,15,23.5,15,23.5,303.648193359375
48615,4,2,2,10,20,10,20,304.1972961425781
48615,4,7,1,6.5,15,6.5,15,304.7481994628906
48615,4,14,1,10,10,10,10,305.464599609375
48615,4,17,1,15,6.5,15,6.5,306.03118896484375
48615,4,15,1,15,10,15,10,306.498291015625
48615,4,13,2,17.5,12.5,17.5,12.5,306.63128662109375
48615,4,9,4,15,15,15,15,306.7983093261719
48615,4,6,4,17.5,17.5,17.5,17.5,306.9981994628906
48615,4,3,4,15,20,15,20,307.1982116699219
48615,4,8,1,10,15,10,15,308.2983093261719
48615,4,12,2,12.5,12.5,12.5,12.5,308.5649108886719
48615,4,2,2,10,20,10,20,310.0985107421875
48615,4,1,5,15,23.5,15,23.5,310.464599609375
48615,4,4,5,20,20,20,20,311.19830322265625
48615,4,11,5,23.5,15,23.5,15,311.781494140625
48615,4,10,4,20,15,20,15,312.08160400390625
48615,4,13,2,17.5,12.5,17.5,12.5,312.4649963378906
48615,4,9,4,15,15,15,15,312.5315856933594
48615,4,15,1,15,10,15,10,312.7815856933594
48615,4,14,1,10,10,10,10,313.164794921875
48615,4,12,2,12.5,12.5,12.5,12.5,313.5813903808594
48615,4,5,2,12.5,17.5,12.5,17.5,313.648193359375
48615,4,3,4,15,20,15,20,313.998291015625
48615,4,6,4,17.5,17.5,17.5,17.5,314.347900390625
48615,4,17,1,15,6.5,15,6.5,315.547607421875
48615,4,8,1,10,15,10,15,316.5975036621094
48615,4,2,2,10,20,10,20,316.998291015625
48615,4,1,5,15,23.5,15,23.5,317.5483093261719
48615,4,4,5,20,20,20,20,318.08160400390625
48615,4,11,5,23.5,15,23.5,15,318.93170166015625
48615,4,10,4,20,15,20,15,319.2484130859375
48615,4,13,2,17.5,12.5,17.5,12.5,319.5315856933594
48615,4,15,1,15,10,15,10,319.84820556640625
48615,4,16,2,20,10,20,10,320.2983093261719
48615,4,6,4,17.5,17.5,17.5,17.5,321.0982971191406
48615,4,3,4,15,20,15,20,321.39801025390625
48615,4,5,2,12.5,17.5,12.5,17.5,321.598388671875
48615,4,2,2,10,20,10,20,322.0317077636719
48615,4,41,4,10,-20,10,-20,326.1474914550781
48615,4,42,5,5,-20,5,-20,326.598388671875
48615,4,36,5,10,-10,10,-10,328.1814880371094
48615,4,33,5,20,-5,20,-5,329.297607421875
48615,4,35,4,20,-10,20,-10,329.6650085449219
48615,4,40,4,20,-20,20,-20,330.5307922363281
48615,4,46,1,20,-30,20,-30,331.3984069824219
48615,4,39,1,30,-20,30,-20,332.9649963378906
48615,4,41,4,10,-20,10,-20,335.98150634765625
48615,4,42,5,5,-20,5,-20,336.3817138671875
48615,4,36,5,10,-10,10,-10,338.0816955566406
48615,4,35,4,20,-10,20,-10,338.948486328125
48615,4,33,5,20,-5,20,-5,339.348388671875
48615,4,11,5,23.5,15,23.5,15,340.9984130859375
48615,4,10,4,20,15,20,15,341.0317077636719
48615,4,4,5,20,20,20,20,341.43170166015625
48615,4,3,4,15,20,15,20,341.8984069824219
48615,4,2,2,10,20,10,20,342.348388671875
48615,4,5,2,12.5,17.5,12.5,17.5,342.7308044433594
48615,4,6,4,17.5,17.5,17.5,17.5,343.14788818359375
48615,4,1,5,15,23.5,15,23.5,343.965087890625
48615,4,7,1,6.5,15,6.5,15,345.6317138671875
48615,4,12,2,12.5,12.5,12.5,12.5,346.264404296875
48615,4,13,2,17.5,12.5,17.5,12.5,346.6814880371094
48615,4,11,5,23.5,15,23.5,15,347.2484130859375
48615,4,10,4,20,15,20,15,347.4317932128906
48615,4,9,4,15,15,15,15,347.8316955566406
48615,4,3,4,15,20,15,20,348.0317077636719
48615,4,6,4,17.5,17.5,17.5,17.5,348.1817932128906
48615,4,4,5,20,20,20,20,348.4483947753906
48615,4,16,2,20,10,20,10,349.931396484375
48615,4,17,1,15,6.5,15,6.5,350.69830322265625
48615,4,12,2,12.5,12.5,12.5,12.5,351.2817077636719
48615,4,5,2,12.5,17.5,12.5,17.5,351.66510009765625
48615,4,1,5,15,23.5,15,23.5,352.0985107421875
48615,4,8,1,10,15,10,15,353.6317138671875
48615,4,15,1,15,10,15,10,354.2318115234375
48615,4,13,2,17.5,12.5,17.5,12.5,354.3819885253906
48615,4,10,4,20,15,20,15,354.66510009765625
48615,4,6,4,17.5,17.5,17.5,17.5,354.8485107421875
48615,4,4,5,20,20,20,20,355.0317077636719
48615,4,35,4,20,-10,20,-10,358.06500244140625
48615,4,37,2,25,-15,25,-15,359.0486145019531
48615,4,34,2,30,-10,30,-10,359.6651916503906
48615,4,33,5,20,-5,20,-5,360.9317932128906
48615,4,16,2,20,10,20,10,362.3984069824219
48615,4,13,2,17.5,12.5,17.5,12.5,362.597412109375
48615,4,10,4,20,15,20,15,362.7817077636719
48615,4,6,4,17.5,17.5,17.5,17.5,362.9984130859375
48615,4,4,5,20,20,20,20,363.181396484375
48615,4,1,5,15,23.5,15,23.5,363.598388671875
48615,4,2,2,10,20,10,20,364.2312927246094
48615,4,5,2,12.5,17.5,12.5,17.5,364.3976135253906
48615,4,12,2,12.5,12.5,12.5,12.5,364.8313903808594
48615,4,14,1,10,10,10,10,365.29840087890625
48615,4,17,1,15,6.5,15,6.5,365.481689453125
48615,4,13,2,17.5,12.5,17.5,12.5,368.16510009765625
48615,4,9,4,15,15,15,15,368.6484069824219
48615,4,10,4,20,15,20,15,368.8651123046875
48615,4,11,5,23.5,15,23.5,15,369.1310119628906
48615,4,6,4,17.5,17.5,17.5,17.5,370.3486022949219
48615,4,3,4,15,20,15,20,370.4811096191406
48615,4,1,5,15,23.5,15,23.5,370.7651062011719
48615,4,4,5,20,20,20,20,371.348388671875
48615,4,16,2,20,10,20,10,372.2485046386719
48615,4,17,1,15,6.5,15,6.5,372.6817932128906
48615,4,14,1,10,10,10,10,373.1642150878906
48615,4,7,1,6.5,15,6.5,15,373.6485900878906
48615,4,8,1,10,15,10,15,374.0640869140625
48615,4,5,2,12.5,17.5,12.5,17.5,374.2641906738281
48615,4,9,4,15,15,15,15,374.4483947753906
48615,4,10,4,20,15,20,15,374.864501953125
48615,4,11,5,23.5,15,23.5,15,375.1318054199219
48615,4,6,4,17.5,17.5,17.5,17.5,375.36419677734375
48615,4,12,2,12.5,12.5,12.5,12.5,376.13079833984375
48615,4,36,5,10,-10,10,-10,377.930908203125
48615,4,35,4,20,-10,20,-10,378.73089599609375
48615,4,33,5,20,-5,20,-5,379.2484130859375
48615,4,42,5,5,-20,5,-20,382.23089599609375
48615,4,44,2,15,-25,15,-25,383.2477111816406
48615,4,40,4,20,-20,20,-20,383.8808898925781
48615,4,33,5,20,-5,20,-5,385.8808898925781
48615,4,36,5,10,-10,10,-10,387.04840087890625
48615,4,41,4,10,-20,10,-20,387.948486328125
48615,4,42,5,5,-20,5,-20,388.6986083984375
48615,4,50,2,-10,-20,-10,-20,389.9819030761719
48615,4,49,4,-15,-20,-15,-20,390.3818054199219
48615,4,51,5,-20,-20,-20,-20,390.7818908691406
48615,4,48,5,-15,-23.5,-15,-23.5,390.9977111816406
48615,4,55,1,-10,-15,-10,-15,391.9316101074219
48615,4,59,2,-12.5,-12.5,-12.5,-12.5,392.2986145019531
48615,4,60,2,-17.5,-12.5,-17.5,-12.5,392.7475891113281
48615,4,63,2,-20,-10,-20,-10,392.9984130859375
48615,4,58,5,-23.5,-15,-23.5,-15,393.7986145019531
48615,4,57,4,-20,-15,-20,-15,394.1651916503906
48615,4,53,4,-17.5,-17.5,-17.5,-17.5,394.3652038574219
48615,4,56,4,-15,-15,-15,-15,394.565185546875
48615,4,52,2,-12.5,-17.5,-12.5,-17.5,394.7986145019531
48615,4,54,1,-6.5,-15,-6.5,-15,395.3319091796875
48615,4,42,5,5,-20,5,-20,396.2643127441406
48615,4,41,4,10,-20,10,-20,396.74798583984375
48615,4,35,4,20,-10,20,-10,398.24859619140625
48615,4,36,5,10,-10,10,-10,399.6653137207031
48615,4,38,4,15,-15,15,-15,400.4977111816406
48615,4,33,5,20,-5,20,-5,401.3819885253906
48615,4,40,4,20,-20,20,-20,404.0810852050781
48615,4,41,4,10,-20,10,-20,405.264404296875
48615,4,42,5,5,-20,5,-20,405.6651916503906
48615,4,38,4,15,-15,15,-15,406.93121337890625
48615,4,35,4,20,-10,20,-10,407.4811096191406
48615,4,33,5,20,-5,20,-5,408.0476989746094
48615,4,16,2,20,10,20,10,409.3486022949219
48615,4,11,4,20,15,23.5,15,409.7318115234375
48615,4,10,4,20,15,20,15,409.74859619140625
48615,4,4,5,20,20,20,20,410.14788818359375
48615,4,3,4,15,20,15,20,410.5978088378906
48615,4,2,2,10,20,10,20,411.0487060546875
48615,4,5,2,12.5,17.5,12.5,17.5,411.1986999511719
48615,4,8,1,10,15,10,15,411.3644104003906
48615,4,12,2,12.5,12.5,12.5,12.5,411.5653076171875
48615,4,9,4,15,15,15,15,411.59820556640625
48615,4,13,2,17.5,12.5,17.5,12.5,411.8652038574219
48615,4,6,4,17.5,17.5,17.5,17.5,412.1476135253906
48615,4,1,5,15,23.5,15,23.5,414.64849853515625
48615,4,10,4,20,15,20,15,416.38189697265625
48615,5,24,2,6.5,-15,6.5,-15,1634.0030517578125
48615,5,20,2,10,-20,10,-20,1634.4849853515625
48615,5,19,2,15,-20,15,-20,1634.968994140625
48615,5,21,2,20,-20,20,-20,1635.385986328125
48615,5,23,2,17.5,-17.5,17.5,-17.5,1635.5030517578125
48615,5,27,2,20,-15,20,-15,1635.68603515625
48615,5,30,2,17.5,-12.5,17.5,-12.5,1635.9029541015625
48615,5,33,2,20,-10,20,-10,1636.10302734375
48615,5,34,2,15,-6.5,15,-6.5,1636.5030517578125
48615,5,31,2,10,-10,10,-10,1636.9530029296875
48615,5,25,2,10,-15,10,-15,1637.4189453125
48615,5,26,2,15,-15,15,-15,1637.7530517578125
48615,5,32,2,15,-10,15,-10,1638.0860595703125
48615,5,13,2,12.5,7.5,12.5,7.5,1639.6529541015625
48615,5,6,2,12.5,12.5,12.5,12.5,1640.0689697265625
48615,5,3,2,10,15,10,15,1640.302978515625
48615,5,5,2,7.5,12.5,7.5,12.5,1640.4530029296875
48615,5,2,2,5,15,5,15,1640.6689453125
48615,5,8,2,5,10,5,10,1640.9029541015625
48615,5,14,2,5,5,5,5,1641.35302734375
48615,5,17,2,10,1.5,10,1.5,1641.9029541015625
48615,5,34,2,15,-6.5,15,-6.5,1642.6190185546875
48615,5,32,2,15,-10,15,-10,1643.10302734375
48615,5,30,2,17.5,-12.5,17.5,-12.5,1643.1689453125
48615,5,26,2,15,-15,15,-15,1643.3690185546875
48615,5,22,2,12.5,-17.5,12.5,-17.5,1643.6529541015625
48615,5,20,2,10,-20,10,-20,1643.9189453125
48615,5,52,2,-10,-18.5,-10,-18.5,1645.718994140625
48615,5,54,2,-10,-15,-10,-15,1646.0689697265625
48615,5,55,2,-15,-15,-15,-15,1646.1529541015625
48615,5,62,2,-18.5,-10,-18.5,-10,1646.6190185546875
48615,5,61,2,-15,-10,-15,-10,1646.8690185546875
48615,5,67,2,-15,-5,-15,-5,1647.01904296875
48615,5,68,2,-10,-1.5,-10,-1.5,1647.4859619140625
48615,5,47,2,-17.5,12.5,-17.5,12.5,1648.8690185546875
48615,5,40,2,-17.5,17.5,-17.5,17.5,1649.2860107421875
48615,5,36,2,-15,20,-15,20,1649.5030517578125
48615,5,37,2,-10,20,-10,20,1649.968994140625
48615,5,41,2,-6.5,15,-6.5,15,1650.6190185546875
48615,5,48,2,-10,10,-10,10,1651.1190185546875
48615,5,46,2,-12.5,12.5,-12.5,12.5,1651.2860107421875
48615,5,43,2,-15,15,-15,15,1651.8690185546875
48615,5,39,2,-12.5,17.5,-12.5,17.5,1652.4029541015625
48615,5,1,2,10,18.5,10,18.5,1654.2850341796875
48615,5,3,2,10,15,10,15,1654.4019775390625
48615,5,6,2,12.5,12.5,12.5,12.5,1654.7020263671875
48615,5,13,2,12.5,7.5,12.5,7.5,1655.1180419921875
48615,5,16,2,15,5,15,5,1655.7530517578125
48615,5,10,2,15,10,15,10,1656.218994140625
48615,5,9,2,10,10,10,10,1656.7530517578125
48615,5,5,2,7.5,12.5,7.5,12.5,1656.968994140625
48615,5,8,2,5,10,5,10,1657.1689453125
48615,5,2,2,5,15,5,15,1657.4029541015625
48615,5,15,2,10,5,10,5,1658.802978515625
48615,5,17,2,10,1.5,10,1.5,1659.10302734375
48615,5,31,2,10,-10,10,-10,1660.0679931640625
48615,5,25,2,10,-15,10,-15,1660.4859619140625
48615,5,22,2,12.5,-17.5,12.5,-17.5,1660.751953125
48615,5,23,2,17.5,-17.5,17.5,-17.5,1661.1529541015625
48615,5,27,2,20,-15,20,-15,1661.3690185546875
48615,5,33,2,20,-10,20,-10,1661.8189697265625
48615,5,34,2,15,-6.5,15,-6.5,1662.385986328125
48615,5,32,2,15,-10,15,-10,1662.68603515625
48615,5,29,2,12.5,-12.5,12.5,-12.5,1662.8690185546875
48615,5,26,2,15,-15,15,-15,1663.0679931640625
48615,5,19,2,15,-20,15,-20,1663.4859619140625
48615,5,18,2,15,-23.5,15,-23.5,1663.7860107421875
48615,5,21,2,20,-20,20,-20,1664.6529541015625
48615,5,22,2,12.5,-17.5,12.5,-17.5,1665.76904296875
48615,5,52,2,-10,-18.5,-10,-18.5,1667.3189697265625
48615,5,54,2,-10,-15,-10,-15,1667.5030517578125
48615,5,57,2,-12.5,-12.5,-12.5,-12.5,1667.718994140625
48615,5,60,2,-10,-10,-10,-10,1667.9520263671875
48615,5,64,2,-12.5,-7.5,-12.5,-7.5,1668.1529541015625
48615,5,66,2,-10,-5,-10,-5,1668.3690185546875
48615,5,63,2,-7.5,-7.5,-7.5,-7.5,1668.5689697265625
48615,5,65,2,-5,-5,-5,-5,1668.7530517578125
48615,5,59,2,-1.5,-10,-5,-10,1669.0860595703125
48615,5,58,2,-1.5,-10,-1.5,-10,1669.10302734375
48615,5,56,2,-7.5,-12.5,-7.5,-12.5,1669.4859619140625
48615,5,61,2,-15,-10,-15,-10,1670.1689453125
48615,5,67,2,-15,-5,-15,-5,1670.51904296875
48615,5,50,2,-20,10,-20,10,1672.35302734375
48615,5,44,2,-20,15,-20,15,1672.7530517578125
48615,5,40,2,-17.5,17.5,-17.5,17.5,1673.0689697265625
48615,5,36,2,-15,20,-15,20,1673.3199462890625
48615,5,39,2,-12.5,17.5,-12.5,17.5,1673.552978515625
48615,5,37,2,-10,20,-10,20,1673.7530517578125
48615,5,42,2,-10,15,-10,15,1674.1689453125
48615,5,46,2,-12.5,12.5,-12.5,12.5,1674.5030517578125
48615,5,49,2,-15,10,-15,10,1674.7860107421875
48615,5,47,2,-17.5,12.5,-17.5,12.5,1674.9859619140625
48615,5,38,2,-20,20,-20,20,1675.9029541015625
48615,5,35,2,-15,23.5,-15,23.5,1676.52001953125
48615,5,1,2,10,18.5,10,18.5,1678.968994140625
48615,5,3,2,10,15,10,15,1679.27001953125
48615,5,9,2,10,10,10,10,1679.6689453125
48615,5,15,2,10,5,10,5,1680.0860595703125
48615,5,17,2,10,1.5,10,1.5,1680.3690185546875
48615,5,14,2,5,5,5,5,1681.052978515625
48615,5,8,2,5,10,5,10,1681.4189453125
48615,5,10,2,15,10,15,10,1682.2860107421875
48615,5,11,2,18.5,10,18.5,10,1682.5860595703125
48615,5,6,2,12.5,12.5,12.5,12.5,1683.1529541015625
48615,5,5,2,7.5,12.5,7.5,12.5,1683.4530029296875
48615,5,2,2,5,15,5,15,1683.718994140625
48615,5,39,2,-12.5,17.5,-12.5,17.5,1685.2530517578125
48615,5,36,2,-15,20,-15,20,1685.552001953125
48615,5,35,2,-15,23.5,-15,23.5,1685.6689453125
48615,5,42,2,-10,15,-10,15,1686.68603515625
48615,5,46,2,-12.5,12.5,-12.5,12.5,1686.9849853515625
48615,5,43,2,-15,15,-15,15,1687.1529541015625
48615,5,44,2,-20,15,-20,15,1687.5689697265625
48615,5,50,2,-20,10,-20,10,1688.302978515625
48615,5,51,2,-15,6.5,-15,6.5,1688.7030029296875
48615,5,49,2,-15,10,-15,10,1688.802978515625
48615,5,47,2,-17.5,12.5,-17.5,12.5,1689.18603515625
48615,5,45,2,-23.5,15,-23.5,15,1689.718994140625
48615,5,40,2,-17.5,17.5,-17.5,17.5,1690.0860595703125
48615,5,48,2,-10,10,-10,10,1690.9530029296875
48615,5,68,2,-10,-1.5,-10,-1.5,1692.052978515625
48615,5,67,2,-15,-5,-15,-5,1692.5030517578125
48615,5,64,2,-12.5,-7.5,-12.5,-7.5,1692.60302734375
48615,5,61,2,-15,-10,-15,-10,1692.85302734375
48615,5,57,2,-12.5,-12.5,-12.5,-12.5,1693.052978515625
48615,5,60,2,-10,-10,-10,-10,1693.2530517578125
48615,5,56,2,-7.5,-12.5,-7.5,-12.5,1693.3690185546875
48615,5,59,2,-5,-10,-5,-10,1693.5860595703125
48615,5,65,2,-5,-5,-5,-5,1693.968994140625
48615,5,63,2,-7.5,-7.5,-7.5,-7.5,1694.0689697265625
48615,5,66,2,-10,-5,-10,-5,1694.218994140625
48615,5,54,2,-10,-15,-10,-15,1695.218994140625
48615,5,52,2,-10,-18.5,-10,-18.5,1695.51904296875
48615,5,20,2,10,-20,10,-20,1697.1529541015625
48615,5,19,2,15,-20,15,-20,1697.5860595703125
48615,5,23,2,17.5,-17.5,17.5,-17.5,1697.885986328125
48615,5,27,2,20,-15,20,-15,1698.1529541015625
48615,5,30,2,17.5,-12.5,17.5,-12.5,1698.35302734375
48615,5,32,2,15,-10,15,-10,1698.5860595703125
48615,5,29,2,12.5,-12.5,12.5,-12.5,1698.718994140625
48615,5,31,2,10,-10,10,-10,1699.1190185546875
48615,5,34,2,15,-6.5,15,-6.5,1699.6700439453125
48615,5,16,2,15,5,15,5,1701.218994140625
48615,5,13,2,12.5,7.5,12.5,7.5,1701.5030517578125
48615,5,9,2,10,10,10,10,1701.802978515625
48615,5,5,2,7.5,12.5,7.5,12.5,1702.10302734375
48615,5,3,2,10,15,10,15,1702.218994140625
48615,5,6,2,12.5,12.5,12.5,12.5,1702.27001953125
48615,5,10,2,15,10,15,10,1702.76904296875
48615,5,11,2,18.5,10,18.5,10,1702.802978515625
48615,5,12,2,7.5,7.5,7.5,7.5,1703.552978515625
48615,5,7,2,1.5,10,1.5,10,1704.0689697265625
48615,5,2,2,5,15,5,15,1704.7530517578125
48615,5,1,2,10,18.5,10,18.5,1705.5030517578125
48615,5,4,2,15,15,15,15,1705.9530029296875
48615,5,16,2,15,5,15,5,1706.76904296875
48615,5,15,2,10,5,10,5,1707.10302734375
48615,5,14,2,5,5,5,5,1707.5699462890625
48615,5,68,2,-10,-1.5,-10,-1.5,1709.4029541015625
48615,5,66,2,-10,-5,-10,-5,1709.7030029296875
48615,5,64,2,-12.5,-7.5,-12.5,-7.5,1709.9029541015625
48615,5,60,2,-10,-10,-10,-10,1710.1190185546875
48615,5,57,2,-12.5,-12.5,-12.5,-12.5,1710.3189697265625
48615,5,54,2,-10,-15,-10,-15,1710.51904296875
48615,5,52,2,-10,-18.5,-10,-18.5,1710.8189697265625
48615,5,22,2,12.5,-17.5,12.5,-17.5,1712.5860595703125
48615,5,23,2,17.5,-17.5,17.5,-17.5,1713.0030517578125
48615,5,28,2,23.5,-15,23.5,-15,1713.5699462890625
48615,5,30,2,17.5,-12.5,17.5,-12.5,1714.1529541015625
48615,5,29,2,12.5,-12.5,12.5,-12.5,1714.5689697265625
48615,5,31,2,10,-10,10,-10,1714.8189697265625
48615,5,34,2,15,-6.5,15,-6.5,1715.18505859375
48615,5,32,2,15,-10,15,-10,1715.2530517578125
48615,5,19,2,15,-20,15,-20,1716.4019775390625
48615,5,18,2,15,-23.5,15,-23.5,1716.51904296875
48615,5,20,2,10,-20,10,-20,1716.8199462890625
48615,5,24,2,6.5,-15,6.5,-15,1717.4029541015625
48615,5,17,2,10,1.5,10,1.5,1718.968994140625
48615,5,15,2,10,5,10,5,1719.0860595703125
48615,5,16,2,15,5,15,5,1719.4029541015625
48615,5,14,2,5,5,5,5,1720.468994140625
48615,5,8,2,5,10,5,10,1721.0030517578125
48615,5,2,2,5,15,5,15,1721.4029541015625
48615,5,3,2,10,15,10,15,1721.7530517578125
48615,5,6,2,12.5,12.5,12.5,12.5,1721.9530029296875
48615,5,13,2,12.5,7.5,12.5,7.5,1722.385986328125
48615,5,12,2,7.5,7.5,7.5,7.5,1722.7030029296875
48615,5,41,2,-6.5,15,-6.5,15,1724.3189697265625
48615,5,42,2,-10,15,-10,15,1724.6190185546875
48615,5,39,2,-12.5,17.5,-12.5,17.5,1724.9859619140625
48615,5,43,2,-15,15,-15,15,1725.052978515625
48615,5,36,2,-15,20,-15,20,1725.26904296875
48615,5,35,2,-15,23.5,-15,23.5,1725.5860595703125
48615,5,37,2,-10,20,-10,20,1726.0860595703125
48615,5,47,2,-17.5,12.5,-17.5,12.5,1727.0030517578125
48615,5,44,2,-20,15,-20,15,1727.3199462890625
48615,5,45,2,-23.5,15,-23.5,15,1727.552978515625
48615,5,38,2,-20,20,-20,20,1727.802978515625
48615,5,40,2,-17.5,17.5,-17.5,17.5,1728.1700439453125
48615,5,46,2,-12.5,12.5,-12.5,12.5,1728.68603515625
48615,5,49,2,-15,10,-15,10,1728.9029541015625
48615,5,51,2,-15,6.5,-15,6.5,1729.18603515625
48615,5,67,2,-15,-5,-15,-5,1730.1529541015625
48615,5,64,2,-12.5,-7.5,-12.5,-7.5,1730.3699951171875
48615,5,61,2,-15,-10,-15,-10,1730.5699462890625
48615,5,57,2,-12.5,-12.5,-12.5,-12.5,1730.77001953125
48615,5,55,2,-15,-15,-15,-15,1730.9859619140625
48615,5,54,2,-10,-15,-10,-15,1731.18603515625
48615,5,53,2,-5,-15,-5,-15,1731.6199951171875
48615,5,59,2,-5,-10,-5,-10,1732.0030517578125
48615,5,65,2,-5,-5,-5,-5,1732.4019775390625
48615,5,24,2,6.5,-15,6.5,-15,1734.385986328125
48615,5,25,2,10,-15,10,-15,1734.7530517578125
48615,5,22,2,12.5,-17.5,12.5,-17.5,1734.9029541015625
48615,5,26,2,15,-15,15,-15,1735.1190185546875
48615,5,23,2,17.5,-17.5,17.5,-17.5,1735.3199462890625
48615,5,27,2,20,-15,20,-15,1735.51904296875
48615,5,18,2,15,-23.5,15,-23.5,1736.6700439453125
48615,5,19,2,15,-20,15,-20,1736.76904296875
48615,5,29,2,12.5,-12.5,12.5,-12.5,1737.468994140625
48615,5,32,2,15,-10,15,-10,1737.68603515625
48615,5,34,2,15,-6.5,15,-6.5,1737.968994140625
48615,5,16,2,15,5,15,5,1738.9200439453125
48615,5,13,2,12.5,7.5,12.5,7.5,1739.1529541015625
48615,5,9,2,10,10,10,10,1739.4530029296875
48615,5,8,2,5,10,5,10,1739.9029541015625
48615,5,7,2,1.5,10,1.5,10,1740.18603515625
48615,5,48,2,-10,10,-10,10,1741.1529541015625
48615,5,49,2,-15,10,-15,10,1741.5699462890625
48615,5,47,2,-17.5,12.5,-17.5,12.5,1741.9200439453125
48615,5,50,2,-20,10,-20,10,1741.969970703125
48615,5,44,2,-20,15,-20,15,1742.1689453125
48615,5,45,2,-23.5,15,-23.5,15,1742.5860595703125
48615,5,38,2,-20,20,-20,20,1743.218994140625
48615,5,40,2,-17.5,17.5,-17.5,17.5,1743.5689697265625
48615,5,43,2,-15,15,-15,15,1743.85302734375
48615,5,46,2,-12.5,12.5,-12.5,12.5,1744.1529541015625
48615,5,42,2,-10,15,-10,15,1744.218994140625
48615,5,41,2,-6.5,15,-6.5,15,1744.552001953125
48615,5,41,2,-6.5,15,-6.5,15,1749.5860595703125
48615,5,2,2,5,15,5,15,1753.969970703125
48615,5,3,2,10,15,10,15,1754.385986328125
48615,5,6,2,12.5,12.5,12.5,12.5,1754.6190185546875
48615,5,10,2,15,10,15,10,1754.9200439453125
48615,5,16,2,15,5,15,5,1755.385986328125
48615,5,15,2,10,5,10,5,1755.719970703125
48615,5,12,2,7.5,7.5,7.5,7.5,1756.001953125
48615,5,5,2,7.5,12.5,7.5,12.5,1756.4200439453125
48615,5,9,2,10,10,10,10,1756.552978515625
48615,5,13,2,12.5,7.5,12.5,7.5,1757.02001953125
48615,5,29,2,12.5,-12.5,12.5,-12.5,1758.7030029296875
48615,5,22,2,12.5,-17.5,12.5,-17.5,1759.1199951171875
48615,5,19,2,15,-20,15,-20,1759.35302734375
48615,5,21,2,20,-20,20,-20,1759.68603515625
48615,5,23,2,17.5,-17.5,17.5,-17.5,1760.885986328125
48615,5,25,2,10,-15,10,-15,1762.4530029296875
48615,5,24,2,6.5,-15,6.5,-15,1762.77001953125
48615,5,27,2,20,-15,20,-15,1763.5860595703125
48615,5,30,2,17.5,-12.5,17.5,-12.5,1763.68603515625
48615,5,32,2,15,-10,15,-10,1764.02001953125
48615,5,31,2,10,-10,10,-10,1764.468994140625
48615,5,58,2,-1.5,-10,-1.5,-10,1765.4189453125
48615,5,59,2,-5,-10,-5,-10,1765.7030029296875
48615,5,60,2,-10,-10,-10,-10,1766.1199951171875
48615,5,61,2,-15,-10,-15,-10,1766.552001953125
48615,5,62,2,-18.5,-10,-18.5,-10,1766.8199462890625
48615,5,55,2,-15,-15,-15,-15,1767.27001953125
48615,5,54,2,-10,-15,-10,-15,1767.68603515625
48615,5,57,2,-12.5,-12.5,-12.5,-12.5,1767.718994140625
48615,5,64,2,-12.5,-7.5,-12.5,-7.5,1768.1529541015625
48615,5,66,2,-10,-5,-10,-5,1768.35302734375
48615,5,67,2,-15,-5,-15,-5,1768.60302734375
48615,5,51,2,-15,6.5,-15,6.5,1769.6199951171875
48615,5,49,2,-15,10,-15,10,1769.9200439453125
48615,5,43,2,-15,15,-15,15,1770.35302734375
48615,5,36,2,-15,20,-15,20,1770.76904296875
48615,5,35,2,-15,23.5,-15,23.5,1771.052978515625
48615,5,37,2,-10,20,-10,20,1771.3699951171875
48615,5,39,2,-12.5,17.5,-12.5,17.5,1771.6689453125
48615,5,40,2,-17.5,17.5,-17.5,17.5,1772.1529541015625
48615,5,44,2,-20,15,-20,15,1772.3360595703125
48615,5,45,2,-23.5,15,-23.5,15,1772.6689453125
48615,5,50,2,-20,10,-20,10,1773.219970703125
48615,5,46,2,-12.5,12.5,-12.5,12.5,1773.9530029296875
48615,5,42,2,-10,15,-10,15,1774.219970703125
48615,5,41,2,-6.5,15,-6.5,15,1774.501953125
48615,5,2,2,5,15,5,15,1775.469970703125
48615,5,3,2,10,15,10,15,1775.9029541015625
48615,5,1,2,10,18.5,10,18.5,1776.0860595703125
48615,5,7,2,1.5,10,1.5,10,1777.7030029296875
48615,5,12,2,7.5,7.5,7.5,7.5,1778.2860107421875
48615,5,13,2,12.5,7.5,12.5,7.5,1778.68603515625
48615,5,16,2,15,5,15,5,1779.1700439453125
48615,5,17,2,10,1.5,10,1.5,1779.9029541015625
48615,5,15,2,10,5,10,5,1780.27001953125
48615,5,9,2,10,10,10,10,1780.68603515625
48615,5,5,2,7.5,12.5,7.5,12.5,1780.9019775390625
48615,5,6,2,12.5,12.5,12.5,12.5,1781.0870361328125
48615,5,11,2,18.5,10,18.5,10,1781.6700439453125
48615,5,10,2,15,10,15,10,1781.8199462890625
48615,5,14,2,5,5,5,5,1782.718994140625
48615,5,31,2,10,-10,10,-10,1790.6700439453125
48615,5,29,2,12.5,-12.5,12.5,-12.5,1790.885986328125
48615,5,30,2,17.5,-12.5,17.5,-12.5,1791.302978515625
48615,5,27,2,20,-15,20,-15,1791.5860595703125
48615,5,23,2,17.5,-17.5,17.5,-17.5,1791.7530517578125
48615,5,21,2,20,-20,20,-20,1791.9530029296875
48615,5,19,2,15,-20,15,-20,1792.18603515625
48615,5,20,2,10,-20,10,-20,1792.60302734375
48615,5,22,2,12.5,-17.5,12.5,-17.5,1792.6700439453125
48615,5,25,2,10,-15,10,-15,1793.1199951171875
48615,5,59,2,-7.5,-12.5,-5,-10,1794.77001953125
48615,5,56,2,-7.5,-12.5,-7.5,-12.5,1794.7860107421875
48615,5,57,2,-12.5,-12.5,-12.5,-12.5,1795.2530517578125
48615,5,64,2,-12.5,-7.5,-12.5,-7.5,1795.77001953125
48615,5,67,2,-15,-5,-15,-5,1795.9200439453125
48615,5,66,2,-10,-5,-10,-5,1796.1700439453125
48615,5,63,2,-7.5,-7.5,-7.5,-7.5,1796.5860595703125
48615,5,60,2,-10,-10,-10,-10,1796.9530029296875
48615,5,50,2,-20,10,-20,10,1799.1199951171875
48615,5,47,2,-17.5,12.5,-17.5,12.5,1799.4200439453125
48615,5,40,2,-17.5,17.5,-17.5,17.5,1799.8189697265625
48615,5,36,2,-15,20,-15,20,1800.3189697265625
48615,5,35,2,-15,23.5,-15,23.5,1800.3699951171875
48615,5,42,2,-10,15,-10,15,1801.469970703125
48615,5,39,2,-12.5,17.5,-12.5,17.5,1801.5860595703125
48615,5,44,2,-20,15,-20,15,1802.2530517578125
48615,5,46,2,-12.5,12.5,-12.5,12.5,1802.9200439453125
48615,5,41,2,-6.5,15,-6.5,15,1803.4200439453125
48615,5,2,2,5,15,5,15,1804.385986328125
48615,5,5,2,7.5,12.5,7.5,12.5,1804.60302734375
48615,5,3,2,10,15,10,15,1804.802978515625
48615,5,1,2,10,18.5,10,18.5,1805.02001953125
48615,5,9,2,10,10,10,10,1805.5699462890625
48615,5,12,2,7.5,7.5,7.5,7.5,1805.77001953125
48615,5,15,2,10,5,10,5,1805.969970703125
48615,5,14,2,5,5,5,5,1806.18603515625
48615,5,16,2,15,5,15,5,1807.5870361328125
48615,5,10,2,15,10,15,10,1808.01904296875
48615,5,4,2,15,15,15,15,1808.4530029296875
48615,5,6,2,12.5,12.5,12.5,12.5,1808.552978515625
48615,5,41,2,-6.5,15,-6.5,15,1810.219970703125
48615,5,42,2,-10,15,-10,15,1810.52001953125
48615,5,39,2,-12.5,17.5,-12.5,17.5,1810.719970703125
48615,5,36,2,-15,20,-15,20,1810.987060546875
48615,5,38,2,-20,20,-20,20,1811.4859619140625
48615,6,17,5,10,1.5,10,1.5,967.48388671875
48615,6,34,5,15,-6.5,15,-6.5,968.26727294921875
48615,6,32,5,15,-10,15,-10,968.5507202148436
48615,6,29,4,12.5,-12.5,12.5,-12.5,968.7841186523436
48615,6,25,5,10,-15,10,-15,969.0673828125
48615,6,24,5,6.5,-15,6.5,-15,969.3173217773436
48615,6,26,2,15,-15,15,-15,970.2838134765624
48615,6,27,2,20,-15,20,-15,970.70068359375
48615,6,28,1,23.5,-15,23.5,-15,971.0001220703124
48615,6,33,4,20,-10,20,-10,971.98388671875
48615,6,30,4,17.5,-12.5,17.5,-12.5,972.2008056640624
48615,6,21,1,20,-20,20,-20,972.98406982421875
48615,6,23,2,17.5,-17.5,17.5,-17.5,973.1995849609376
48615,6,19,2,15,-20,15,-20,973.350830078125
48615,6,22,4,12.5,-17.5,12.5,-17.5,973.51727294921875
48615,6,20,4,10,-20,10,-20,973.71728515625
48615,6,25,5,10,-15,10,-15,974.1007080078124
48615,6,31,5,10,-10,10,-10,974.41668701171875
48615,6,34,5,15,-6.5,15,-6.5,975.0673828125
48615,6,32,5,15,-10,15,-10,975.4005126953124
48615,6,26,2,15,-15,15,-15,975.86767578125
48615,6,29,4,12.5,-12.5,12.5,-12.5,975.9674072265624
48615,6,24,5,6.5,-15,6.5,-15,976.4669189453124
48615,6,58,5,-1.5,-10,-1.5,-10,977.3507080078124
48615,6,59,5,-5,-10,-5,-10,977.46728515625
48615,6,63,4,-7.5,-7.5,-7.5,-7.5,977.7841186523436
48615,6,66,5,-10,-5,-10,-5,978.0507202148436
48615,6,68,5,-10,-1.5,-10,-1.5,978.36737060546875
48615,6,65,5,-5,-5,-5,-5,979.38421630859375
48615,6,53,4,-5,-15,-5,-15,980.2675170898436
48615,6,20,4,10,-20,10,-20,981.8499755859376
48615,6,24,5,6.5,-15,6.5,-15,981.88427734375
48615,6,31,5,10,-10,10,-10,982.8007202148436
48615,6,29,4,12.5,-12.5,12.5,-12.5,983.0673217773436
48615,6,32,5,15,-10,15,-10,983.25067138671875
48615,6,30,4,17.5,-12.5,17.5,-12.5,983.46722412109375
48615,6,23,2,17.5,-17.5,17.5,-17.5,984.00067138671875
48615,6,18,1,15,-23.5,15,-23.5,984.5673828125
48615,6,22,4,12.5,-17.5,12.5,-17.5,984.7999267578124
48615,6,58,5,-1.5,-10,-1.5,-10,986.4005126953124
48615,6,59,5,-5,-10,-5,-10,986.70068359375
48615,6,65,5,-5,-5,-5,-5,987.26727294921875
48615,6,68,5,-10,-1.5,-10,-1.5,987.68377685546875
48615,6,48,5,-10,10,-10,10,988.86737060546875
48615,6,7,5,1.5,10,1.5,10,989.90081787109375
48615,6,8,5,5,10,5,10,990.20062255859375
48615,6,12,4,7.5,7.5,7.5,7.5,990.4840087890624
48615,6,14,5,5,5,5,5,990.66741943359375
48615,6,17,5,10,1.5,10,1.5,991.083984375
48615,6,15,5,10,5,10,5,991.4674072265624
48615,6,13,4,12.5,7.5,12.5,7.5,991.6671142578124
48615,6,9,2,10,10,10,10,991.96722412109375
48615,6,5,4,7.5,12.5,7.5,12.5,992.2177124023436
48615,6,2,4,5,15,5,15,992.5001220703124
48615,6,41,5,-6.5,15,-6.5,15,993.5839233398436
48615,6,42,5,-10,15,-10,15,993.88421630859375
48615,6,46,4,-12.5,12.5,-12.5,12.5,994.2008056640624
48615,6,48,5,-10,10,-10,10,994.350830078125
48615,6,49,5,-15,10,-15,10,994.85040283203125
48615,6,43,2,-15,15,-15,15,995.2841186523436
48615,6,39,4,-12.5,17.5,-12.5,17.5,995.4677124023436
48615,6,37,4,-10,20,-10,20,995.7174072265624
48615,6,36,2,-15,20,-15,20,995.7841186523436
48615,6,40,2,-17.5,17.5,-17.5,17.5,996.0009155273436
48615,6,47,4,-17.5,12.5,-17.5,12.5,996.45062255859375
48615,6,67,4,-15,-5,-15,-5,997.95037841796875
48615,6,66,5,-10,-5,-10,-5,998.15087890625
48615,6,64,4,-12.5,-7.5,-12.5,-7.5,998.2509155273436
48615,6,63,4,-7.5,-7.5,-7.5,-7.5,998.45068359375
48615,6,65,5,-5,-5,-5,-5,998.667724609375
48615,6,68,5,-10,-1.5,-10,-1.5,998.8173828125
48615,6,59,5,-5,-10,-5,-10,1000.9010009765624
48615,6,58,5,-1.5,-10,-1.5,-10,1001.2009887695313
48615,6,31,5,10,-10,10,-10,1002.2009887695313
48615,6,29,4,12.5,-12.5,12.5,-12.5,1002.4169921875
48615,6,32,5,15,-10,15,-10,1002.6010131835938
48615,6,30,4,17.5,-12.5,17.5,-12.5,1002.8510131835938
48615,6,26,2,15,-15,15,-15,1003.0670166015624
48615,6,24,5,6.5,-15,6.5,-15,1003.7509765625
48615,6,25,5,10,-15,10,-15,1003.8839721679688
48615,6,33,4,20,-10,20,-10,1004.7839965820313
48615,6,16,4,15,5,15,5,1006.2009887695313
48615,6,15,5,10,5,10,5,1006.3839721679688
48615,6,13,4,12.5,7.5,12.5,7.5,1006.4509887695313
48615,6,12,4,7.5,7.5,7.5,7.5,1006.6829833984376
48615,6,8,5,5,10,5,10,1006.9669799804688
48615,6,5,4,7.5,12.5,7.5,12.5,1007.051025390625
48615,6,2,4,5,15,5,15,1007.3179931640624
48615,6,42,5,-10,15,-10,15,1008.6179809570313
48615,6,39,4,-12.5,17.5,-12.5,17.5,1008.7000122070313
48615,6,46,4,-12.5,12.5,-12.5,12.5,1008.9010009765624
48615,6,48,5,-10,10,-10,10,1009.083984375
48615,6,7,5,1.5,10,1.5,10,1010.4180297851564
48615,6,14,5,5,5,5,5,1011.1170043945313
48615,6,17,5,10,1.5,10,1.5,1011.9509887695313
48615,6,32,5,15,-10,15,-10,1013.0670166015624
48615,6,29,4,12.5,-12.5,12.5,-12.5,1013.1500244140624
48615,6,30,4,17.5,-12.5,17.5,-12.5,1013.3670043945313
48615,6,33,4,20,-10,20,-10,1013.5830078125
48615,6,31,5,10,-10,10,-10,1014.8170166015624
48615,6,34,5,15,-6.5,15,-6.5,1015.968017578125
48615,6,26,2,15,-15,15,-15,1016.7009887695313
48615,6,22,4,12.5,-17.5,12.5,-17.5,1016.9509887695313
48615,6,20,4,10,-20,10,-20,1017.218017578125
48615,6,25,5,10,-15,10,-15,1017.4669799804688
48615,6,24,5,6.5,-15,6.5,-15,1017.5009765625
48615,6,58,5,-1.5,-10,-1.5,-10,1018.6840209960938
48615,6,59,5,-5,-10,-5,-10,1018.968017578125
48615,6,63,4,-7.5,-7.5,-7.5,-7.5,1019.25
48615,6,65,5,-5,-5,-5,-5,1019.4010009765624
48615,6,68,5,-10,-1.5,-10,-1.5,1019.8170166015624
48615,6,66,5,-10,-5,-10,-5,1019.8679809570313
48615,6,67,4,-15,-5,-15,-5,1020.2670288085938
48615,6,64,4,-12.5,-7.5,-12.5,-7.5,1020.3510131835938
48615,6,57,2,-12.5,-12.5,-12.5,-12.5,1020.7999877929688
48615,6,54,2,-10,-15,-10,-15,1021.1680297851564
48615,6,53,4,-5,-15,-5,-15,1021.5670166015624
48615,6,24,5,6.5,-15,6.5,-15,1022.5180053710938
48615,6,25,5,10,-15,10,-15,1022.7839965820313
48615,6,34,5,15,-6.5,15,-6.5,1024.884033203125
48615,6,32,5,15,-10,15,-10,1027.0179443359375
48615,6,29,4,12.5,-12.5,12.5,-12.5,1027.2840576171875
48615,6,26,2,15,-15,15,-15,1027.5009765625
48615,6,22,4,12.5,-17.5,12.5,-17.5,1027.7010498046875
48615,6,19,2,15,-20,15,-20,1027.9169921875
48615,6,21,1,20,-20,20,-20,1028.4010009765625
48615,6,23,2,17.5,-17.5,17.5,-17.5,1028.4840087890625
48615,6,27,2,20,-15,20,-15,1028.6669921875
48615,6,30,4,17.5,-12.5,17.5,-12.5,1028.8499755859375
48615,6,33,4,20,-10,20,-10,1029.050048828125
48615,6,34,5,15,-6.5,15,-6.5,1029.9010009765625
48615,6,31,5,10,-10,10,-10,1030.251953125
48615,6,25,5,10,-15,10,-15,1030.718017578125
48615,6,20,4,10,-20,10,-20,1031.1669921875
48615,6,58,5,-1.5,-10,-1.5,-10,1032.6510009765625
48615,6,59,5,-5,-10,-5,-10,1032.9339599609375
48615,6,63,4,-7.5,-7.5,-7.5,-7.5,1033.2840576171875
48615,6,60,2,-10,-10,-10,-10,1033.383056640625
48615,6,66,5,-10,-5,-10,-5,1033.551025390625
48615,6,64,4,-12.5,-7.5,-12.5,-7.5,1033.616943359375
48615,6,68,5,-10,-1.5,-10,-1.5,1033.9010009765625
48615,6,48,5,-10,10,-10,10,1034.8680419921875
48615,6,46,4,-12.5,12.5,-12.5,12.5,1035.083984375
48615,6,42,5,-10,15,-10,15,1035.2679443359375
48615,6,41,5,-6.5,15,-6.5,15,1035.4510498046875
48615,6,2,4,5,15,5,15,1036.4510498046875
48615,6,14,5,5,5,5,5,1037.9840087890625
48615,6,12,4,7.5,7.5,7.5,7.5,1038.217041015625
48615,6,5,4,7.5,12.5,7.5,12.5,1038.6510009765625
48615,6,3,2,10,15,10,15,1039.0670166015625
48615,6,4,1,15,15,15,15,1039.4840087890625
48615,6,10,2,15,10,15,10,1039.91796875
48615,6,13,4,12.5,7.5,12.5,7.5,1040.1839599609375
48615,6,9,2,10,10,10,10,1040.384033203125
48615,6,15,5,10,5,10,5,1040.7840576171875
48615,6,17,5,10,1.5,10,1.5,1041.0679931640625
48615,6,6,2,12.5,12.5,12.5,12.5,1042.583984375
48615,6,8,5,5,10,5,10,1043
48615,6,7,5,1.5,10,1.5,10,1043.2840576171875
48615,6,41,5,-6.5,15,-6.5,15,1044.1510009765625
48615,6,42,5,-10,15,-10,15,1044.2840576171875
48615,6,39,4,-12.5,17.5,-12.5,17.5,1044.6510009765625
48615,6,40,2,-17.5,17.5,-17.5,17.5,1045.1009521484375
48615,6,43,2,-15,15,-15,15,1045.449951171875
48615,6,48,5,-10,10,-10,10,1046.3179931640625
48615,6,49,5,-15,10,-15,10,1046.717041015625
48615,6,51,5,-15,6.5,-15,6.5,1046.7840576171875
48615,6,67,4,-15,-5,-15,-5,1048.2669677734375
48615,6,64,4,-12.5,-7.5,-12.5,-7.5,1048.5179443359375
48615,6,66,5,-10,-5,-10,-5,1048.718017578125
48615,6,63,4,-7.5,-7.5,-7.5,-7.5,1048.9510498046875
48615,6,59,5,-5,-10,-5,-10,1049.2010498046875
48615,6,58,5,-1.5,-10,-1.5,-10,1049.4840087890625
48615,6,56,4,-7.5,-12.5,-7.5,-12.5,1050.5009765625
48615,6,60,2,-10,-10,-10,-10,1050.801025390625
48615,6,57,2,-12.5,-12.5,-12.5,-12.5,1050.91796875
48615,6,61,2,-15,-10,-15,-10,1051.16796875
48615,6,55,1,-15,-15,-15,-15,1052.2010498046875
48615,6,67,4,-15,-5,-15,-5,1053.2840576171875
48615,6,68,5,-10,-1.5,-10,-1.5,1053.384033203125
48615,6,65,5,-5,-5,-5,-5,1054.217041015625
48615,6,59,5,-5,-10,-5,-10,1054.66796875
48615,6,53,4,-5,-15,-5,-15,1055.1009521484375
48615,6,54,2,-10,-15,-10,-15,1055.4010009765625
48615,6,56,4,-7.5,-12.5,-7.5,-12.5,1055.5169677734375
48615,6,58,5,-1.5,-10,-1.5,-10,1055.866943359375
48615,6,34,5,15,-6.5,15,-6.5,1057.3509521484375
48615,6,32,5,15,-10,15,-10,1057.6009521484375
48615,6,29,4,12.5,-12.5,12.5,-12.5,1058.0009765625
48615,6,26,2,15,-15,15,-15,1058.0670166015625
48615,6,25,5,10,-15,10,-15,1058.2669677734375
48615,6,22,4,12.5,-17.5,12.5,-17.5,1058.300048828125
48615,6,20,4,10,-20,10,-20,1058.6180419921875
48615,6,24,5,6.5,-15,6.5,-15,1058.8179931640625
48615,6,31,5,10,-10,10,-10,1059.583984375
48615,6,30,4,17.5,-12.5,17.5,-12.5,1060.3170166015625
48615,6,33,4,20,-10,20,-10,1060.583984375
48615,6,58,5,-1.5,-10,-1.5,-10,1062.384033203125
48615,6,59,5,-5,-10,-5,-10,1062.6510009765625
48615,6,63,4,-7.5,-7.5,-7.5,-7.5,1062.8680419921875
48615,6,66,5,-10,-5,-10,-5,1063.0679931640625
48615,6,67,4,-15,-5,-15,-5,1064.6669921875
48615,6,64,4,-12.5,-7.5,-12.5,-7.5,1065.0009765625
48615,6,61,2,-15,-10,-15,-10,1065.0679931640625
48615,6,60,2,-10,-10,-10,-10,1065.2840576171875
48615,6,68,5,-10,-1.5,-10,-1.5,1066.8680419921875
48615,6,53,4,-5,-15,-5,-15,1069.1839599609375
48615,6,54,2,-10,-15,-10,-15,1069.66796875
48615,6,52,1,-10,-18.5,-10,-18.5,1070.1180419921875
48615,6,58,5,-1.5,-10,-1.5,-10,1071.1510009765625
48615,6,59,5,-5,-10,-5,-10,1071.3170166015625
48615,6,63,4,-7.5,-7.5,-7.5,-7.5,1071.6180419921875
48615,6,65,5,-5,-5,-5,-5,1071.718017578125
48615,6,66,5,-10,-5,-10,-5,1071.884033203125
48615,6,68,5,-10,-1.5,-10,-1.5,1072.116943359375
48615,6,24,5,6.5,-15,6.5,-15,1074.218017578125
48615,6,25,5,10,-15,10,-15,1074.6009521484375
48615,6,22,4,12.5,-17.5,12.5,-17.5,1074.866943359375
48615,6,26,2,15,-15,15,-15,1075.083984375
48615,6,30,4,17.5,-12.5,17.5,-12.5,1075.384033203125
48615,6,29,4,12.5,-12.5,12.5,-12.5,1075.616943359375
48615,6,31,5,10,-10,10,-10,1076.0999755859375
48615,6,33,4,20,-10,20,-10,1076.8179931640625
48615,6,34,5,15,-6.5,15,-6.5,1077.583984375
48615,6,32,5,15,-10,15,-10,1077.9510498046875
48615,6,27,2,20,-15,20,-15,1078.7509765625
48615,6,25,5,10,-15,10,-15,1079.616943359375
48615,6,24,5,6.5,-15,6.5,-15,1079.7509765625
48615,6,58,5,-1.5,-10,-1.5,-10,1080.5679931640625
48615,6,59,5,-5,-10,-5,-10,1080.7509765625
48615,6,63,4,-7.5,-7.5,-7.5,-7.5,1081.0679931640625
48615,6,65,5,-5,-5,-5,-5,1081.1510009765625
48615,6,66,5,-10,-5,-10,-5,1081.3509521484375
48615,6,68,5,-10,-1.5,-10,-1.5,1081.5679931640625
48615,6,51,5,-15,6.5,-15,6.5,1082.9010009765625
48615,6,49,5,-15,10,-15,10,1082.968017578125
48615,6,46,4,-12.5,12.5,-12.5,12.5,1083.301025390625
48615,6,42,5,-10,15,-10,15,1083.5679931640625
48615,6,46,4,-12.5,12.5,-12.5,12.5,1088.3179931640625
48615,7,68,1,-10,-1.5,-10,-1.5,421.5815124511719
48615,7,67,2,-15,-5,-15,-5,422.13189697265625
48615,7,61,4,-15,-10,-15,-10,422.5820007324219
48615,7,55,5,-15,-15,-15,-15,422.9820861816406
48615,7,52,5,-10,-18.5,-10,-18.5,423.5650939941406
48615,7,56,2,-7.5,-12.5,-7.5,-12.5,424.1485900878906
48615,7,63,2,-7.5,-7.5,-7.5,-7.5,424.5819091796875
48615,7,66,1,-10,-5,-10,-5,424.8656005859375
48615,7,54,4,-10,-15,-10,-15,426.6485900878906
48615,7,60,4,-10,-10,-10,-10,427.0986022949219
48615,7,67,2,-15,-5,-15,-5,427.8323974609375
48615,7,65,1,-5,-5,-5,-5,428.2486877441406
48615,7,31,1,10,-10,10,-10,429.681884765625
48615,7,29,2,12.5,-12.5,12.5,-12.5,429.948486328125
48615,7,26,4,15,-15,15,-15,430.1986083984375
48615,7,23,4,17.5,-17.5,17.5,-17.5,430.4986877441406
48615,7,21,5,20,-20,20,-20,430.7648010253906
48615,7,27,4,20,-15,20,-15,431.6487121582031
48615,7,30,2,17.5,-12.5,17.5,-12.5,431.8817138671875
48615,7,33,2,20,-10,20,-10,432.0986022949219
48615,7,28,5,23.5,-15,23.5,-15,432.9320068359375
48615,7,19,4,15,-20,15,-20,433.8486022949219
48615,7,18,5,15,-23.5,15,-23.5,434.1653137207031
48615,7,52,5,-10,-18.5,-10,-18.5,436.6485900878906
48615,7,54,4,-10,-15,-10,-15,436.9819030761719
48615,7,55,5,-15,-15,-15,-15,437.19769287109375
48615,7,57,4,-12.5,-12.5,-12.5,-12.5,437.28179931640625
48615,7,61,4,-15,-10,-15,-10,437.5653991699219
48615,7,62,5,-18.5,-10,-18.5,-10,437.66461181640625
48615,7,64,2,-12.5,-7.5,-12.5,-7.5,437.9985046386719
48615,7,60,4,-10,-10,-10,-10,438.16558837890625
48615,7,56,2,-7.5,-12.5,-7.5,-12.5,438.481201171875
48615,7,67,2,-15,-5,-15,-5,439.73199462890625
48615,7,50,2,-20,10,-20,10,441.181884765625
48615,7,44,4,-20,15,-20,15,441.5658874511719
48615,7,40,4,-17.5,17.5,-17.5,17.5,441.96539306640625
48615,7,36,4,-15,20,-15,20,442.2652893066406
48615,7,35,5,-15,23.5,-15,23.5,442.36529541015625
48615,7,2,2,5,15,5,15,444.6648864746094
48615,7,1,5,10,18.5,10,18.5,445.065185546875
48615,7,4,5,15,15,15,15,445.9981994628906
48615,7,10,4,15,10,15,10,446.4655151367187
48615,7,11,5,18.5,10,18.5,10,446.7312927246094
48615,7,6,4,12.5,12.5,12.5,12.5,448.0649108886719
48615,7,9,4,10,10,10,10,448.2654113769531
48615,7,5,2,7.5,12.5,7.5,12.5,448.4988098144531
48615,7,8,1,5,10,5,10,448.7320861816406
48615,7,7,1,1.5,10,1.5,10,449.0321960449219
48615,7,41,1,-6.5,15,-6.5,15,449.7820129394531
48615,7,37,2,-10,20,-10,20,450.2987060546875
48615,7,36,4,-15,20,-15,20,450.6321105957031
48615,7,35,5,-15,23.5,-15,23.5,450.6986999511719
48615,7,40,4,-17.5,17.5,-17.5,17.5,451.9320068359375
48615,7,43,4,-15,15,-15,15,452.1488037109375
48615,7,47,2,-17.5,12.5,-17.5,12.5,452.3819885253906
48615,7,44,4,-20,15,-20,15,452.5321044921875
48615,7,45,5,-23.5,15,-23.5,15,452.7987060546875
48615,7,38,5,-20,20,-20,20,453.9988098144531
48615,7,37,2,-10,20,-10,20,455.5321960449219
48615,7,1,5,10,18.5,10,18.5,457.1648864746094
48615,7,3,4,10,15,10,15,457.4652099609375
48615,7,4,4,12.5,12.5,15,15,457.7486877441406
48615,7,6,4,12.5,12.5,12.5,12.5,457.7643127441406
48615,7,10,4,15,10,15,10,458.0487976074219
48615,7,11,5,18.5,10,18.5,10,458.1654052734375
48615,7,16,2,15,5,15,5,458.89849853515625
48615,7,15,1,10,5,10,5,459.3486022949219
48615,7,17,1,10,1.5,10,1.5,459.5321044921875
48615,7,31,1,10,-10,10,-10,460.498291015625
48615,7,29,2,12.5,-12.5,12.5,-12.5,460.8487854003906
48615,7,25,1,10,-15,10,-15,460.8987121582031
48615,7,26,4,15,-15,15,-15,461.0987854003906
48615,7,22,2,12.5,-17.5,12.5,-17.5,461.1485900878906
48615,7,23,4,15,-20,17.5,-17.5,461.3821105957031
48615,7,19,4,15,-20,15,-20,461.3988037109375
48615,7,21,5,20,-20,20,-20,461.6487121582031
48615,7,18,5,15,-23.5,15,-23.5,461.8819885253906
48615,7,20,2,10,-20,10,-20,462.3653869628906
48615,7,28,5,23.5,-15,23.5,-15,463.6986083984375
48615,7,27,4,20,-15,20,-15,464.2488098144531
48615,7,30,2,17.5,-12.5,17.5,-12.5,464.4820861816406
48615,7,24,1,6.5,-15,6.5,-15,465.4320983886719
48615,7,52,5,-10,-18.5,-10,-18.5,466.8821105957031
48615,7,55,5,-15,-15,-15,-15,467.5487060546875
48615,7,61,4,-15,-10,-15,-10,467.9977111816406
48615,7,64,2,-12.5,-7.5,-12.5,-7.5,468.2821044921875
48615,7,60,4,-10,-10,-10,-10,468.398193359375
48615,7,63,2,-7.5,-7.5,-7.5,-7.5,468.6650085449219
48615,7,59,1,-5,-10,-5,-10,468.8821105957031
48615,7,58,1,-1.5,-10,-1.5,-10,469.1820983886719
48615,7,62,5,-18.5,-10,-18.5,-10,470.2320861816406
48615,7,56,2,-7.5,-12.5,-7.5,-12.5,471.1654968261719
48615,7,53,2,-5,-15,-5,-15,471.4653015136719
48615,7,52,5,-10,-18.5,-10,-18.5,471.8988037109375
48615,7,54,4,-10,-15,-10,-15,472.0979919433594
48615,7,57,4,-12.5,-12.5,-12.5,-12.5,472.38128662109375
48615,7,55,5,-15,-15,-15,-15,472.5653991699219
48615,7,64,2,-12.5,-7.5,-12.5,-7.5,473.3655090332031
48615,7,66,1,-10,-5,-10,-5,473.6487121582031
48615,7,65,1,-5,-5,-5,-5,475.1488037109375
48615,7,1,5,10,18.5,10,18.5,477.648193359375
48615,7,3,4,10,15,10,15,477.8487854003906
48615,7,6,4,12.5,12.5,12.5,12.5,478.14898681640625
48615,7,4,5,15,15,15,15,478.1980895996094
48615,7,10,4,15,10,15,10,478.4323120117187
48615,7,11,5,18.5,10,18.5,10,478.63140869140625
48615,7,34,1,15,-6.5,15,-6.5,480.5321960449219
48615,7,33,2,20,-10,20,-10,480.9483947753906
48615,7,30,2,17.5,-12.5,17.5,-12.5,481.2489929199219
48615,7,29,2,12.5,-12.5,12.5,-12.5,481.6820983886719
48615,7,26,4,15,-15,15,-15,481.8821105957031
48615,7,27,4,20,-15,20,-15,482.1647033691406
48615,7,28,5,23.5,-15,23.5,-15,482.4655151367187
48615,7,21,5,20,-20,20,-20,483.29888916015625
48615,7,23,4,17.5,-17.5,17.5,-17.5,483.5487060546875
48615,7,19,4,15,-20,15,-20,483.7489013671875
48615,7,22,2,12.5,-17.5,12.5,-17.5,483.9820861816406
48615,7,18,5,15,-23.5,15,-23.5,484.4978942871094
48615,7,33,2,20,-10,20,-10,485.99859619140625
48615,7,15,1,10,5,10,5,487.58209228515625
48615,7,13,2,7.5,7.5,12.5,7.5,487.88189697265625
48615,7,12,2,7.5,7.5,7.5,7.5,487.89801025390625
48615,7,3,4,10,15,10,15,488.3489074707031
48615,7,1,5,10,18.5,10,18.5,488.5986022949219
48615,7,4,5,15,15,15,15,488.8485107421875
48615,7,11,5,18.5,10,18.5,10,489.5487976074219
48615,7,10,4,15,10,15,10,489.6820983886719
48615,7,6,4,12.5,12.5,12.5,12.5,489.89898681640625
48615,7,5,2,7.5,12.5,7.5,12.5,490.3487854003906
48615,7,2,2,5,15,5,15,490.5989074707031
48615,7,41,1,-6.5,15,-6.5,15,491.5990905761719
48615,7,42,1,-10,15,-10,15,491.8988037109375
48615,7,39,2,-12.5,17.5,-12.5,17.5,492.2322082519531
48615,7,43,4,-15,15,-15,15,492.2821960449219
48615,7,36,4,-15,20,-15,20,492.4655151367187
48615,7,35,5,-15,23.5,-15,23.5,492.7320861816406
48615,7,38,5,-20,20,-20,20,493.7478942871094
48615,7,44,4,-20,15,-20,15,494.1986083984375
48615,7,50,2,-20,10,-20,10,494.6321105957031
48615,7,45,5,-23.5,15,-23.5,15,496.2323913574219
48615,7,47,2,-17.5,12.5,-17.5,12.5,497.24798583984375
48615,7,43,4,-15,15,-15,15,497.48199462890625
48615,7,39,2,-12.5,17.5,-12.5,17.5,497.8320007324219
48615,7,36,4,-15,20,-15,20,498.04888916015625
48615,7,40,4,-17.5,17.5,-17.5,17.5,498.1487121582031
48615,7,35,5,-15,23.5,-15,23.5,499.2320861816406
48615,7,38,5,-20,20,-20,20,500.1654052734375
48615,7,44,4,-20,15,-20,15,500.5979919433594
48615,7,46,2,-12.5,12.5,-12.5,12.5,501.33209228515625
48615,7,5,2,7.5,12.5,7.5,12.5,502.98199462890625
48615,7,2,2,5,15,5,15,503.0487976074219
48615,7,1,5,10,18.5,10,18.5,503.5490112304687
48615,7,4,5,15,15,15,15,504.1322021484375
48615,7,6,4,12.5,12.5,12.5,12.5,504.2987976074219
48615,7,13,2,12.5,7.5,12.5,7.5,504.7486877441406
48615,7,10,4,15,10,15,10,504.8487854003906
48615,7,11,5,18.5,10,18.5,10,505.0823059082031
48615,7,37,2,-10,20,-10,20,507.8656005859375
48615,7,35,5,-15,23.5,-15,23.5,508.3656921386719
48615,7,38,5,-20,20,-20,20,508.8987121582031
48615,7,40,4,-17.5,17.5,-17.5,17.5,509.1317138671875
48615,7,44,4,-20,15,-20,15,509.3322143554687
48615,7,47,2,-17.5,12.5,-17.5,12.5,509.54888916015625
48615,7,45,5,-23.5,15,-23.5,15,509.7655029296875
48615,7,43,4,-15,15,-15,15,510.9989013671875
48615,7,46,2,-12.5,12.5,-12.5,12.5,511.3322143554687
48615,7,68,1,-10,-1.5,-10,-1.5,513.63238525390625
48615,7,66,1,-10,-5,-10,-5,513.89892578125
48615,7,63,2,-7.5,-7.5,-7.5,-7.5,514.09918212890625
48615,7,60,4,-10,-10,-10,-10,514.2822265625
48615,7,56,2,-7.5,-12.5,-7.5,-12.5,514.531982421875
48615,7,54,4,-10,-15,-10,-15,514.6986083984375
48615,7,55,5,-15,-15,-15,-15,515.06561279296875
48615,7,52,5,-10,-18.5,-10,-18.5,515.94891357421875
48615,7,64,2,-12.5,-7.5,-12.5,-7.5,517.19891357421875
48615,7,67,2,-15,-5,-15,-5,517.4315185546875
48615,7,61,4,-15,-10,-15,-10,517.698974609375
48615,7,62,5,-18.5,-10,-18.5,-10,517.748779296875
48615,7,57,4,-12.5,-12.5,-12.5,-12.5,518.081787109375
48615,7,18,5,15,-23.5,15,-23.5,520.9990234375
48615,7,19,4,15,-20,15,-20,521.08221435546875
48615,7,23,4,17.5,-17.5,17.5,-17.5,521.3983154296875
48615,7,21,5,20,-20,20,-20,521.4990234375
48615,7,28,5,23.5,-15,23.5,-15,522.265625
48615,7,27,4,20,-15,20,-15,522.498779296875
48615,7,26,4,15,-15,15,-15,522.89898681640625
48615,7,22,2,12.5,-17.5,12.5,-17.5,523.14862060546875
48615,7,25,1,10,-15,10,-15,523.38232421875
48615,7,29,2,12.5,-12.5,12.5,-12.5,523.49822998046875
48615,7,16,2,15,5,15,5,525.04791259765625
48615,7,11,5,18.5,10,18.5,10,525.54901123046875
48615,7,10,4,15,10,15,10,525.7650146484375
48615,7,6,5,15,15,12.5,12.5,526.04901123046875
48615,7,4,5,15,15,15,15,526.065185546875
48615,7,3,4,10,15,10,15,526.348876953125
48615,7,1,5,10,18.5,10,18.5,526.482421875
48615,7,46,2,-12.5,12.5,-12.5,12.5,529.56561279296875
48615,7,43,4,-15,15,-15,15,529.748779296875
48615,7,47,2,-17.5,12.5,-17.5,12.5,529.982421875
48615,7,44,4,-20,15,-20,15,530.16571044921875
48615,7,45,5,-23.5,15,-23.5,15,530.431884765625
48615,7,40,4,-17.5,17.5,-17.5,17.5,530.86590576171875
48615,7,36,4,-15,20,-15,20,531.16552734375
48615,7,35,5,-15,23.5,-15,23.5,531.48248291015625
48615,7,38,5,-20,20,-20,20,532.36572265625
48615,7,42,1,-10,15,-10,15,533.732421875
48615,7,41,1,-6.5,15,-6.5,15,533.99908447265625
48615,7,1,5,10,18.5,10,18.5,535.4658203125
48615,7,3,4,10,15,10,15,535.7822265625
48615,7,4,5,15,15,15,15,535.9658203125
48615,7,6,4,12.5,12.5,12.5,12.5,536.08221435546875
48615,7,10,4,15,10,15,10,536.36572265625
48615,7,11,5,18.5,10,18.5,10,536.44873046875
48615,7,16,2,15,5,15,5,537.19891357421875
48615,7,15,1,10,5,10,5,537.64892578125
48615,7,12,2,7.5,7.5,7.5,7.5,537.84832763671875
48615,7,8,1,5,10,5,10,538.14898681640625
48615,7,41,1,-6.5,15,-6.5,15,539.43231201171875
48615,7,42,1,-10,15,-10,15,539.54901123046875
48615,7,37,2,-10,20,-10,20,539.848876953125
48615,7,35,5,-15,23.5,-15,23.5,540.53240966796875
48615,7,36,4,-15,20,-15,20,540.982421875
48615,7,40,4,-17.5,17.5,-17.5,17.5,541.198974609375
48615,7,44,4,-20,15,-20,15,541.482421875
48615,7,45,5,-23.5,15,-23.5,15,541.78302001953125
48615,7,38,5,-20,20,-20,20,542.38232421875
48615,7,39,2,-12.5,17.5,-12.5,17.5,543.06561279296875
48615,7,46,2,-12.5,12.5,-12.5,12.5,543.46551513671875
48615,7,43,4,-15,15,-15,15,543.53192138671875
48615,7,49,1,-15,10,-15,10,543.732421875
48615,7,47,2,-17.5,12.5,-17.5,12.5,543.78192138671875
48615,7,50,2,-20,10,-20,10,544.0316162109375
48615,7,62,5,-18.5,-10,-18.5,-10,545.698974609375
48615,7,61,4,-15,-10,-15,-10,546.14910888671875
48615,7,57,4,-12.5,-12.5,-12.5,-12.5,546.36572265625
48615,7,54,4,-10,-15,-10,-15,546.66571044921875
48615,7,52,5,-10,-18.5,-10,-18.5,546.89910888671875
48615,7,55,5,-15,-15,-15,-15,548.04901123046875
48615,7,56,2,-7.5,-12.5,-7.5,-12.5,548.76568603515625
48615,7,60,4,-10,-10,-10,-10,548.99908447265625
48615,7,64,2,-12.5,-7.5,-12.5,-7.5,549.29852294921875
48615,7,67,2,-15,-5,-15,-5,549.59912109375
48615,7,66,1,-10,-5,-10,-5,549.7490234375
48615,7,68,1,-10,-1.5,-10,-1.5,550.29852294921875
48615,7,24,1,6.5,-15,6.5,-15,552.232421875
48615,7,25,1,10,-15,10,-15,552.465576171875
48615,7,22,2,12.5,-17.5,12.5,-17.5,552.73211669921875
48615,7,19,4,15,-20,15,-20,552.982421875
48615,7,18,5,15,-23.5,15,-23.5,553.13232421875
48615,7,21,5,20,-20,20,-20,553.69921875
48615,7,27,4,20,-15,20,-15,554.14910888671875
48615,7,33,2,20,-10,20,-10,554.66571044921875
48615,7,30,2,17.5,-12.5,17.5,-12.5,554.84918212890625
48615,7,26,4,15,-15,15,-15,555.14910888671875
48615,7,23,4,17.5,-17.5,17.5,-17.5,555.36578369140625
48615,7,27,4,20,-15,20,-15,559.16571044921875
48615,7,28,5,23.5,-15,23.5,-15,559.2490234375
48615,7,26,4,15,-15,15,-15,560.23150634765625
48615,7,23,4,17.5,-17.5,17.5,-17.5,560.38177490234375
48615,7,19,4,15,-20,15,-20,560.43231201171875
48615,7,18,5,15,-23.5,15,-23.5,560.66571044921875
48615,7,21,5,20,-20,20,-20,562.66571044921875
48615,7,28,5,23.5,-15,23.5,-15,564.26568603515625
48615,7,32,1,15,-10,15,-10,565.232421875
48615,7,29,2,12.5,-12.5,12.5,-12.5,565.48248291015625
48615,7,26,4,15,-15,15,-15,565.582275390625
48615,7,22,2,12.5,-17.5,12.5,-17.5,565.86572265625
48615,7,19,4,17.5,-17.5,15,-20,566.08251953125
48615,7,23,4,17.5,-17.5,17.5,-17.5,566.09912109375
48615,7,18,5,15,-23.5,15,-23.5,567.331787109375
48615,7,30,2,17.5,-12.5,17.5,-12.5,569.09912109375
48615,7,27,4,20,-15,20,-15,569.165771484375
48615,7,31,1,10,-10,10,-10,569.965576171875
48615,7,24,1,6.5,-15,6.5,-15,570.58251953125
48615,7,22,2,12.5,-17.5,12.5,-17.5,571.18182373046875
48615,7,26,4,15,-15,15,-15,571.3817138671875
48615,8,41,5,1.5,-10,1.5,-10,66.78083038330078
48615,8,42,5,5,-10,5,-10,67.1800308227539
48615,8,46,4,7.5,-12.5,7.5,-12.5,67.44732666015625
48615,8,43,2,10,-10,10,-10,67.6643295288086
48615,8,37,5,10,-5,10,-5,67.88072967529297
48615,8,35,5,10,-1.5,10,-1.5,68.1809310913086
48615,8,38,4,15,-5,15,-5,68.64752960205078
48615,8,40,4,12.5,-7.5,12.5,-7.5,68.84734344482422
48615,8,44,2,15,-10,15,-10,69.09712982177734
48615,8,47,2,12.5,-12.5,12.5,-12.5,69.29712677001953
48615,8,50,1,15,-15,15,-15,69.53063201904297
48615,8,49,2,10,-15,10,-15,69.680633544921875
48615,8,48,4,5,-15,5,-15,70.08013153076172
48615,8,36,5,5,-5,5,-5,71.29773712158203
48615,8,52,5,-20,-5,-20,-5,73.429931640625
48615,8,54,5,-20,-10,-20,-10,73.9309310913086
48615,8,57,4,-15,-15,-15,-15,74.66423034667969
48615,8,55,5,-10,-10,-10,-10,75.163543701171875
48615,8,32,5,-15,5,-15,5,76.46333312988281
48615,8,29,4,-20,10,-20,10,77.39774322509766
48615,8,26,2,-15,15,-15,15,78.06343078613281
48615,8,23,4,-10,20,-10,20,78.59752655029297
48615,8,30,4,-10,10,-10,10,79.7645263671875
48615,8,27,5,-5,15,-5,15,80.6643295288086
48615,8,28,5,0,15,0,15,81.13094329833984
48615,8,7,5,6.5,15,6.5,15,81.663543701171875
48615,8,8,5,10,15,10,15,81.96443176269531
48615,8,12,4,12.5,12.5,12.5,12.5,82.28092956542969
48615,8,15,5,15,10,15,10,82.54773712158203
48615,8,17,5,15,6.5,15,6.5,82.8309326171875
48615,8,14,5,10,10,10,10,84.1643295288086
48615,8,9,2,15,15,15,15,84.78003692626953
48615,8,5,4,12.5,17.5,12.5,17.5,84.9475326538086
48615,8,3,2,15,20,15,20,85.16393280029297
48615,8,2,4,10,20,10,20,85.43034362792969
48615,8,6,2,17.5,17.5,17.5,17.5,86.06352996826172
48615,8,11,1,23.5,15,23.5,15,86.88102722167969
48615,8,37,5,10,-5,10,-5,88.94673156738281
48615,8,39,4,7.5,-7.5,7.5,-7.5,89.26344299316406
48615,8,42,5,5,-10,5,-10,89.54773712158203
48615,8,41,5,1.5,-10,1.5,-10,89.89763641357422
48615,8,36,5,5,-5,5,-5,90.24762725830078
48615,8,38,4,15,-5,15,-5,91.16423034667967
48615,8,45,1,18.5,-10,18.5,-10,91.6976318359375
48615,8,50,1,15,-15,15,-15,92.1479263305664
48615,8,49,2,10,-15,10,-15,92.5631332397461
48615,8,48,4,5,-15,5,-15,92.9472427368164
48615,8,35,5,10,-1.5,10,-1.5,94.0634307861328
48615,8,17,5,15,6.5,15,6.5,95.1479263305664
48615,8,15,5,15,10,15,10,95.4310302734375
48615,8,13,4,17.5,12.5,17.5,12.5,95.6643295288086
48615,8,9,2,15,15,15,15,95.88094329833984
48615,8,12,4,12.5,12.5,12.5,12.5,96.031036376953125
48615,8,5,4,12.5,17.5,12.5,17.5,96.12993621826172
48615,8,8,5,10,15,10,15,96.19743347167967
48615,8,7,5,6.5,15,6.5,15,96.54743194580078
48615,8,28,5,0,15,0,15,97.0808334350586
48615,8,27,5,-5,15,-5,15,97.4967269897461
48615,8,23,4,-10,20,-10,20,98.14774322509766
48615,8,30,4,-10,10,-10,10,98.99762725830078
48615,8,32,5,-15,5,-15,5,99.7644271850586
48615,8,34,5,-15,0,-15,0,99.9476318359375
48615,8,54,5,-20,-10,-20,-10,100.96420288085938
48615,8,57,4,-15,-15,-15,-15,102.08080291748048
48615,8,61,5,-5,-20,-5,-20,103.18090057373048
48615,8,55,5,-10,-10,-10,-10,105.04769897460938
48615,8,36,5,5,-5,5,-5,106.48030090332033
48615,8,42,5,5,-10,5,-10,106.7645034790039
48615,8,41,5,1.5,-10,1.5,-10,107.1978988647461
48615,8,46,4,7.5,-12.5,7.5,-12.5,108.29769897460938
48615,8,47,2,12.5,-12.5,12.5,-12.5,108.747802734375
48615,8,44,2,15,-10,15,-10,108.99669647216795
48615,8,40,4,12.5,-7.5,12.5,-7.5,109.14779663085938
48615,8,38,4,15,-5,15,-5,109.364501953125
48615,8,35,5,10,-1.5,10,-1.5,109.9802017211914
48615,8,39,4,7.5,-7.5,7.5,-7.5,111.0801010131836
48615,8,43,2,10,-10,10,-10,111.38099670410156
48615,8,51,1,10,-18.5,10,-18.5,112.44760131835938
48615,8,48,4,5,-15,5,-15,113.06330108642578
48615,8,42,5,5,-10,5,-10,113.497802734375
48615,8,36,5,5,-5,5,-5,113.93070220947266
48615,8,37,5,10,-5,10,-5,114.8643035888672
48615,8,17,5,15,6.5,15,6.5,115.464599609375
48615,8,15,5,15,10,15,10,115.76439666748048
48615,8,12,4,12.5,12.5,12.5,12.5,115.9810028076172
48615,8,8,5,10,15,10,15,116.28019714355467
48615,8,7,5,6.5,15,6.5,15,116.5978012084961
48615,8,28,5,0,15,0,15,117.14769744873048
48615,8,27,5,-5,15,-5,15,117.56439971923828
48615,8,35,5,10,-1.5,10,-1.5,120.26439666748048
48615,8,37,5,10,-5,10,-5,120.5636978149414
48615,8,40,4,12.5,-7.5,12.5,-7.5,120.79759979248048
48615,8,43,4,7.5,-7.5,10,-10,121.03119659423828
48615,8,39,4,7.5,-7.5,7.5,-7.5,121.04769897460938
48615,8,42,5,5,-10,5,-10,121.2477035522461
48615,8,41,5,1.5,-10,1.5,-10,121.56439971923828
48615,8,36,5,5,-5,5,-5,123.94730377197266
48615,8,55,5,-10,-10,-10,-10,125.7313003540039
48615,8,60,5,-10,-20,-10,-20,126.56379699707033
48615,8,61,5,-5,-20,-5,-20,126.9811019897461
48615,8,59,2,-20,-20,-20,-20,129.1479034423828
48615,8,54,5,-20,-10,-20,-10,129.8979034423828
48615,8,52,5,-20,-5,-20,-5,130.33059692382813
48615,8,34,5,-15,0,-15,0,130.9810028076172
48615,8,41,5,1.5,-10,1.5,-10,132.98049926757813
48615,8,42,5,5,-10,5,-10,133.1811065673828
48615,8,46,4,7.5,-12.5,7.5,-12.5,133.4470977783203
48615,8,39,4,7.5,-7.5,7.5,-7.5,133.631103515625
48615,8,37,5,10,-5,10,-5,133.83099365234375
48615,8,35,5,10,-1.5,10,-1.5,134.13099670410156
48615,8,36,5,5,-5,5,-5,134.381103515625
48615,8,33,5,-5,5,-5,5,135.56430053710938
48615,8,27,5,-5,15,-5,15,136.4311981201172
48615,8,28,5,0,15,0,15,136.94769287109375
48615,8,7,5,6.5,15,6.5,15,137.48129272460938
48615,8,8,5,10,15,10,15,137.781005859375
48615,8,12,4,12.5,12.5,12.5,12.5,138.08030700683594
48615,8,14,5,10,10,10,10,138.24769592285156
48615,8,17,5,15,6.5,15,6.5,138.6645050048828
48615,8,38,4,15,-5,15,-5,140.231201171875
48615,8,40,4,12.5,-7.5,12.5,-7.5,140.43099975585938
48615,8,37,5,10,-5,10,-5,140.5977020263672
48615,8,39,4,7.5,-7.5,7.5,-7.5,140.8477020263672
48615,8,36,5,5,-5,5,-5,141.031005859375
48615,8,41,5,1.5,-10,1.5,-10,141.53030395507813
48615,8,48,4,5,-15,5,-15,142.0644073486328
48615,8,46,4,7.5,-12.5,7.5,-12.5,142.2476043701172
48615,8,47,2,12.5,-12.5,12.5,-12.5,142.6811065673828
48615,8,43,2,10,-10,10,-10,142.74769592285156
48615,8,35,5,10,-1.5,10,-1.5,143.43130493164065
48615,8,14,5,10,10,10,10,144.38079833984375
48615,8,12,4,12.5,12.5,12.5,12.5,144.5977020263672
48615,8,8,5,10,15,10,15,144.7978057861328
48615,8,7,5,6.5,15,6.5,15,145.1804962158203
48615,8,28,5,0,15,0,15,145.74769592285156
48615,8,27,5,-5,15,-5,15,146.16439819335938
48615,8,30,4,-10,10,-10,10,146.8802032470703
48615,8,33,5,-5,5,-5,5,147.59710693359375
48615,8,17,5,15,6.5,15,6.5,149.4477996826172
48615,8,15,5,15,10,15,10,149.76449584960938
48615,8,9,2,15,15,15,15,150.23129272460938
48615,8,6,2,17.5,17.5,17.5,17.5,150.46449279785156
48615,8,10,2,20,15,20,15,150.6811065673828
48615,8,11,1,23.5,15,23.5,15,150.9810028076172
48615,8,16,4,20,10,20,10,151.2635955810547
48615,8,13,4,17.5,12.5,17.5,12.5,151.364501953125
48615,8,12,4,12.5,12.5,12.5,12.5,151.7978057861328
48615,8,14,5,10,10,10,10,151.981201171875
48615,8,7,5,10,15,6.5,15,152.33120727539065
48615,8,8,5,10,15,10,15,152.34800720214844
48615,8,27,5,-5,15,-5,15,153.7971954345703
48615,8,33,5,-5,5,-5,5,154.6645050048828
48615,8,35,5,10,-1.5,10,-1.5,156.1645050048828
48615,8,37,5,10,-5,10,-5,156.48109436035156
48615,8,39,4,7.5,-7.5,7.5,-7.5,156.881103515625
48615,8,43,2,10,-10,10,-10,156.94700622558594
48615,8,42,5,5,-10,5,-10,157.09779357910156
48615,8,41,5,1.5,-10,1.5,-10,157.397705078125
48615,8,36,5,5,-5,5,-5,158.731201171875
48615,8,38,4,15,-5,15,-5,160.08070373535156
48615,8,40,4,12.5,-7.5,12.5,-7.5,160.19769287109375
48615,8,44,2,15,-10,15,-10,160.44740295410156
48615,8,47,2,12.5,-12.5,12.5,-12.5,160.6645050048828
48615,8,49,2,10,-15,10,-15,160.99789428710938
48615,8,46,4,7.5,-12.5,7.5,-12.5,161.1811065673828
48615,8,48,4,5,-15,5,-15,161.38079833984375
48615,8,55,5,-10,-10,-10,-10,163.64739990234375
48615,8,54,5,-20,-10,-20,-10,164.3647003173828
48615,8,52,5,-20,-5,-20,-5,164.84800720214844
48615,8,32,5,-15,5,-15,5,166.14759826660156
48615,8,33,5,-5,5,-5,5,166.981201171875
48615,8,36,5,5,-5,5,-5,168.6313934326172
48615,8,42,5,5,-10,5,-10,169.04750061035156
48615,8,39,4,7.5,-7.5,7.5,-7.5,169.08120727539065
48615,8,46,4,7.5,-12.5,7.5,-12.5,169.29769897460938
48615,8,43,2,10,-10,10,-10,169.34779357910156
48615,8,40,4,12.5,-7.5,12.5,-7.5,169.6479034423828
48615,8,35,5,10,-1.5,10,-1.5,170.4311981201172
48615,8,17,5,15,6.5,15,6.5,172.06370544433594
48615,8,15,5,15,10,15,10,172.38119506835938
48615,8,12,4,12.5,12.5,12.5,12.5,172.731201171875
48615,8,9,2,15,15,15,15,172.831298828125
48615,8,8,5,10,15,10,15,172.94760131835938
48615,8,7,5,6.5,15,6.5,15,173.24789428710938
48615,8,28,5,0,15,0,15,173.78089904785156
48615,8,27,5,-5,15,-5,15,174.19790649414065
48615,8,23,4,-10,20,-10,20,174.981201171875
48615,8,30,4,-10,10,-10,10,175.38119506835938
48615,8,32,5,-15,5,-15,5,176.0478057861328
48615,8,34,5,-15,0,-15,0,176.33120727539065
48615,8,54,5,-20,-10,-20,-10,177.2978057861328
48615,8,59,2,-20,-20,-20,-20,178.2978057861328
48615,8,60,5,-10,-20,-10,-20,178.93069458007813
48615,8,48,4,5,-15,5,-15,183.0312957763672
48615,8,42,5,5,-10,5,-10,183.431396484375
48615,8,41,5,1.5,-10,1.5,-10,183.64739990234375
48615,8,39,4,7.5,-7.5,7.5,-7.5,183.76449584960935
48615,8,43,2,10,-10,10,-10,183.997802734375
48615,8,35,5,10,-1.5,10,-1.5,185.6479949951172
48615,8,37,5,10,-5,10,-5,185.847900390625
48615,8,40,4,12.5,-7.5,12.5,-7.5,186.097900390625
48615,8,46,4,7.5,-12.5,7.5,-12.5,186.68130493164065
48615,8,55,5,-10,-10,-10,-10,188.0977020263672
48615,8,54,5,-20,-10,-20,-10,188.94790649414065
48615,8,52,5,-20,-5,-20,-5,189.398193359375
48615,8,34,5,-15,0,-15,0,190.2483062744141
48615,8,32,5,-15,5,-15,5,190.5980987548828
48615,8,30,4,-10,10,-10,10,191.26429748535156
48615,8,28,5,0,15,0,15,192.19790649414065
48615,8,7,5,6.5,15,6.5,15,192.79769897460935
48615,8,8,5,10,15,10,15,193.08120727539065
48615,8,12,4,12.5,12.5,12.5,12.5,193.347900390625
48615,8,15,5,15,10,15,10,193.59800720214844
48615,8,17,5,15,6.5,15,6.5,193.86380004882813
48615,8,14,5,10,10,10,10,194.73129272460935
48615,8,35,5,10,-1.5,10,-1.5,196.28140258789065
48615,8,37,5,10,-5,10,-5,196.56460571289065
48615,8,39,4,7.5,-7.5,7.5,-7.5,196.79800415039065
48615,8,43,2,10,-10,10,-10,197.0312957763672
48615,8,46,4,7.5,-12.5,7.5,-12.5,197.197998046875
48615,8,42,5,5,-10,5,-10,197.34800720214844
48615,8,41,5,1.5,-10,1.5,-10,197.6313934326172
48615,8,36,5,5,-5,5,-5,198.3647003173828
48615,8,40,4,12.5,-7.5,12.5,-7.5,198.9980010986328
48615,8,44,2,15,-10,15,-10,199.3311004638672
48615,8,50,1,15,-15,15,-15,199.76480102539065
48615,8,51,1,10,-18.5,10,-18.5,200.197998046875
48615,8,61,5,-5,-20,-5,-20,201.3636932373047
48615,8,60,5,-10,-20,-10,-20,201.99789428710935
48615,8,59,2,-20,-20,-20,-20,202.89810180664065
48615,8,54,5,-20,-10,-20,-10,203.6475067138672
48615,8,41,5,1.5,-10,1.5,-10,205.43099975585935
48615,8,42,5,5,-10,5,-10,205.7978973388672
48615,8,39,4,7.5,-7.5,7.5,-7.5,206.197998046875
48615,8,43,2,10,-10,10,-10,206.247802734375
48615,8,37,5,10,-5,10,-5,206.4308929443359
48615,9,41,1,1.5,-10,1.5,-10,1415.8690185546875
48615,9,51,5,10,-18.5,10,-18.5,1417.468994140625
48615,9,49,4,10,-15,10,-15,1417.802001953125
48615,9,47,4,12.5,-12.5,12.5,-12.5,1418.001953125
48615,9,43,4,10,-10,10,-10,1418.2010498046875
48615,9,44,4,15,-10,15,-10,1418.35205078125
48615,9,45,5,18.5,-10,18.5,-10,1418.60205078125
48615,9,50,5,15,-15,15,-15,1419.10205078125
48615,9,46,2,7.5,-12.5,7.5,-12.5,1419.8690185546875
48615,9,39,2,7.5,-7.5,7.5,-7.5,1420.218994140625
48615,9,40,2,12.5,-7.5,12.5,-7.5,1420.5179443359375
48615,9,42,1,5,-10,5,-10,1422.0009765625
48615,9,41,1,1.5,-10,1.5,-10,1422.302001953125
48615,9,60,1,-10,-20,-10,-20,1423.8189697265625
48615,9,66,2,-10,-30,-10,-30,1424.6510009765625
48615,9,65,4,-20,-30,-20,-30,1425.7020263671875
48615,9,64,5,-30,-30,-30,-30,1426.51904296875
48615,9,58,4,-30,-20,-30,-20,1427.4510498046875
48615,9,59,4,-20,-20,-20,-20,1428.302001953125
48615,9,57,2,-15,-15,-15,-15,1428.9520263671875
48615,9,55,1,-10,-10,-10,-10,1429.6519775390625
48615,9,41,1,1.5,-10,1.5,-10,1430.60205078125
48615,9,48,2,5,-15,5,-15,1431.052001953125
48615,9,51,5,10,-18.5,10,-18.5,1432.0860595703125
48615,9,50,5,15,-15,15,-15,1432.4849853515625
48615,9,45,5,18.5,-10,18.5,-10,1433.218994140625
48615,9,40,2,12.5,-7.5,12.5,-7.5,1434.001953125
48615,9,39,2,7.5,-7.5,7.5,-7.5,1434.4189453125
48615,9,43,4,10,-10,10,-10,1434.6519775390625
48615,9,44,4,15,-10,15,-10,1434.968994140625
48615,9,46,2,7.5,-12.5,7.5,-12.5,1435.8189697265625
48615,9,49,4,10,-15,10,-15,1436.1510009765625
48615,9,47,4,12.5,-12.5,12.5,-12.5,1436.385009765625
48615,9,15,1,15,10,15,10,1438.468994140625
48615,9,12,2,12.5,12.5,12.5,12.5,1438.552001953125
48615,9,13,2,17.5,12.5,17.5,12.5,1438.7020263671875
48615,9,16,2,20,10,20,10,1439.251953125
48615,9,11,5,23.5,15,23.5,15,1439.35205078125
48615,9,4,5,20,20,20,20,1439.802001953125
48615,9,6,4,17.5,17.5,17.5,17.5,1440.052001953125
48615,9,3,4,15,20,15,20,1440.2020263671875
48615,9,5,2,12.5,17.5,12.5,17.5,1440.501953125
48615,9,9,4,15,15,15,15,1441.01904296875
48615,9,17,1,15,6.5,15,6.5,1441.7850341796875
48615,9,1,5,15,23.5,15,23.5,1443.218994140625
48615,9,21,2,-5,25,-5,25,1444.802001953125
48615,9,18,5,-15,30,-15,30,1445.66796875
48615,9,23,2,-10,20,-10,20,1447.01904296875
48615,9,20,4,-15,25,-15,25,1447.8680419921875
48615,9,22,4,-20,20,-20,20,1448.4520263671875
48615,9,19,5,-25,25,-25,25,1448.9520263671875
48615,9,26,4,-15,15,-15,15,1450.8690185546875
48615,9,29,2,-20,10,-20,10,1451.68603515625
48615,9,25,4,-25,15,-25,15,1452.4189453125
48615,9,24,5,-30,15,-30,15,1452.6510009765625
48615,9,20,4,-15,25,-15,25,1455.251953125
48615,9,18,5,-15,30,-15,30,1455.6519775390625
48615,9,1,5,15,23.5,15,23.5,1457.9019775390625
48615,9,4,5,20,20,20,20,1458.4189453125
48615,9,11,5,23.5,15,23.5,15,1458.9189453125
48615,9,10,4,20,15,20,15,1459.2020263671875
48615,9,6,4,17.5,17.5,17.5,17.5,1459.4849853515625
48615,9,2,2,10,20,10,20,1460.6519775390625
48615,9,5,2,12.5,17.5,12.5,17.5,1460.7860107421875
48615,9,9,4,15,15,15,15,1461.0689697265625
48615,9,12,2,12.5,12.5,12.5,12.5,1461.218994140625
48615,9,15,1,15,10,15,10,1461.468994140625
48615,9,16,2,20,10,20,10,1461.885009765625
48615,9,13,2,17.5,12.5,17.5,12.5,1461.9520263671875
48615,9,6,4,17.5,17.5,17.5,17.5,1464.501953125
48615,9,4,5,20,20,20,20,1464.60205078125
48615,9,11,4,20,15,23.5,15,1465.1839599609375
48615,9,10,4,20,15,20,15,1465.2020263671875
48615,9,45,5,18.5,-10,18.5,-10,1467.3189697265625
48615,9,44,4,15,-10,15,-10,1467.552001953125
48615,9,47,4,12.5,-12.5,12.5,-12.5,1467.802001953125
48615,9,46,2,7.5,-12.5,7.5,-12.5,1468.9019775390625
48615,9,39,2,7.5,-7.5,7.5,-7.5,1469.3179931640625
48615,9,43,4,10,-10,10,-10,1469.385009765625
48615,9,37,1,10,-5,10,-5,1469.5689697265625
48615,9,17,1,15,6.5,15,6.5,1470.751953125
48615,9,15,1,15,10,15,10,1471.01904296875
48615,9,13,2,17.5,12.5,17.5,12.5,1471.26904296875
48615,9,10,4,20,15,20,15,1471.51904296875
48615,9,4,5,20,20,20,20,1471.91796875
48615,9,6,4,17.5,17.5,17.5,17.5,1471.9849853515625
48615,9,3,4,15,20,15,20,1472.251953125
48615,9,1,5,15,23.5,15,23.5,1472.3189697265625
48615,9,11,5,23.5,15,23.5,15,1474.1009521484375
48615,9,16,2,20,10,20,10,1474.68505859375
48615,9,38,2,15,-5,15,-5,1476.2020263671875
48615,9,44,4,15,-10,15,-10,1476.60205078125
48615,9,40,2,12.5,-7.5,12.5,-7.5,1476.76904296875
48615,9,50,5,15,-15,15,-15,1477.001953125
48615,9,49,4,10,-15,10,-15,1477.5849609375
48615,9,46,2,7.5,-12.5,7.5,-12.5,1477.885009765625
48615,9,43,4,10,-10,10,-10,1478.18505859375
48615,9,45,5,18.5,-10,18.5,-10,1478.9189453125
48615,9,47,4,12.5,-12.5,12.5,-12.5,1479.9520263671875
48615,9,51,5,10,-18.5,10,-18.5,1480.385009765625
48615,9,61,1,-5,-20,-5,-20,1481.9520263671875
48615,9,60,1,-10,-20,-10,-20,1482.3690185546875
48615,9,63,2,-15,-25,-15,-25,1482.9189453125
48615,9,65,4,-20,-30,-20,-30,1483.85205078125
48615,9,64,5,-30,-30,-30,-30,1484.6689453125
48615,9,58,4,-30,-20,-30,-20,1485.802001953125
48615,9,51,5,10,-18.5,10,-18.5,1489.4859619140625
48615,9,50,5,15,-15,15,-15,1489.9520263671875
48615,9,47,4,12.5,-12.5,12.5,-12.5,1490.1519775390625
48615,9,44,4,15,-10,15,-10,1490.3690185546875
48615,9,45,5,18.5,-10,18.5,-10,1490.85205078125
48615,9,35,1,10,-1.5,10,-1.5,1492.6689453125
48615,9,37,1,10,-5,10,-5,1492.802001953125
48615,9,40,2,12.5,-7.5,12.5,-7.5,1492.968994140625
48615,9,43,4,10,-10,10,-10,1493.1689453125
48615,9,49,4,10,-15,10,-15,1493.5689697265625
48615,9,38,2,15,-5,15,-5,1494.60205078125
48615,9,17,1,15,6.5,15,6.5,1495.6190185546875
48615,9,13,2,17.5,12.5,17.5,12.5,1496.2020263671875
48615,9,10,4,20,15,20,15,1496.4189453125
48615,9,4,5,20,20,20,20,1496.8690185546875
48615,9,6,4,17.5,17.5,17.5,17.5,1496.9859619140625
48615,9,3,4,15,20,15,20,1497.18603515625
48615,9,5,2,12.5,17.5,12.5,17.5,1497.4189453125
48615,9,2,2,10,20,10,20,1497.6190185546875
48615,9,1,5,15,23.5,15,23.5,1498.001953125
48615,9,11,5,23.5,15,23.5,15,1499.0009765625
48615,9,12,2,12.5,12.5,12.5,12.5,1500.18505859375
48615,9,8,1,10,15,10,15,1500.5679931640625
48615,9,21,2,-5,25,-5,25,1502.18603515625
48615,9,18,5,-15,30,-15,30,1503.5860595703125
48615,9,20,4,-15,25,-15,25,1503.802001953125
48615,9,26,4,-15,15,-15,15,1504.6190185546875
48615,9,5,2,12.5,17.5,12.5,17.5,1510.1190185546875
48615,9,3,4,15,20,15,20,1510.385009765625
48615,9,6,4,17.5,17.5,17.5,17.5,1510.5679931640625
48615,9,4,5,20,20,20,20,1510.718994140625
48615,9,11,5,23.5,15,23.5,15,1511.2860107421875
48615,9,16,2,20,10,20,10,1511.85205078125
48615,9,13,2,17.5,12.5,17.5,12.5,1511.9189453125
48615,9,9,4,15,15,15,15,1512.2860107421875
48615,9,12,2,12.5,12.5,12.5,12.5,1512.35205078125
48615,9,2,2,10,20,10,20,1512.8690185546875
48615,9,1,5,15,23.5,15,23.5,1513.1519775390625
48615,9,18,5,-15,30,-15,30,1516.0849609375
48615,9,20,4,-15,25,-15,25,1516.4859619140625
48615,9,22,4,-20,20,-20,20,1517.01904296875
48615,9,19,5,-25,25,-25,25,1517.468994140625
48615,9,24,5,-30,15,-30,15,1519.302001953125
48615,9,25,4,-25,15,-25,15,1519.68603515625
48615,9,26,4,-15,15,-15,15,1520.552001953125
48615,9,27,1,-5,15,-5,15,1521.4019775390625
48615,9,28,1,0,15,0,15,1521.8189697265625
48615,9,7,1,6.5,15,6.5,15,1522.3680419921875
48615,9,8,1,10,15,10,15,1522.66796875
48615,9,9,4,15,15,15,15,1523.052001953125
48615,9,10,4,20,15,20,15,1523.4520263671875
48615,9,11,5,23.5,15,23.5,15,1523.718994140625
48615,9,5,2,12.5,17.5,12.5,17.5,1524.718994140625
48615,9,1,5,15,23.5,15,23.5,1525.218017578125
48615,9,4,5,20,20,20,20,1525.68505859375
48615,9,6,4,17.5,17.5,17.5,17.5,1525.8690185546875
48615,9,3,4,15,20,15,20,1526.8509521484375
48615,9,16,2,20,10,20,10,1528.85205078125
48615,9,15,1,15,10,15,10,1529.3189697265625
48615,9,9,4,15,15,15,15,1529.60205078125
48615,9,10,4,20,15,20,15,1529.9859619140625
48615,9,11,5,23.5,15,23.5,15,1530.2860107421875
48615,9,13,2,17.5,12.5,17.5,12.5,1530.76904296875
48615,9,12,2,12.5,12.5,12.5,12.5,1531.18603515625
48615,9,8,1,10,15,10,15,1531.41796875
48615,9,2,2,10,20,10,20,1531.802001953125
48615,9,1,5,15,23.5,15,23.5,1532.4189453125
48615,9,4,5,20,20,20,20,1533.18603515625
48615,9,6,4,17.5,17.5,17.5,17.5,1533.8680419921875
48615,9,5,2,12.5,17.5,12.5,17.5,1534.26904296875
48615,9,3,4,15,20,15,20,1534.3509521484375
48615,9,10,4,20,15,20,15,1535.6009521484375
48615,9,13,2,17.5,12.5,17.5,12.5,1535.9019775390625
48615,9,9,4,15,15,15,15,1536.10205078125
48615,9,12,2,12.5,12.5,12.5,12.5,1536.3179931640625
48615,9,8,1,10,15,10,15,1536.5679931640625
48615,9,2,2,10,20,10,20,1536.91796875
48615,9,1,5,15,23.5,15,23.5,1537.4510498046875
48615,9,4,5,20,20,20,20,1538.218994140625
48615,9,11,5,23.5,15,23.5,15,1538.302001953125
48615,9,16,2,20,10,20,10,1538.7850341796875
48615,9,15,1,15,10,15,10,1539.18505859375
48615,9,5,2,12.5,17.5,12.5,17.5,1539.968994140625
48615,9,3,4,15,20,15,20,1540.2020263671875
48615,9,6,4,17.5,17.5,17.5,17.5,1540.385986328125
48615,9,10,4,20,15,20,15,1540.76904296875
48615,9,13,2,17.5,12.5,17.5,12.5,1541.552001953125
48615,9,12,2,12.5,12.5,12.5,12.5,1541.968994140625
48615,9,14,1,10,10,10,10,1542.468017578125
48615,9,4,5,20,20,20,20,1544.0860595703125
48615,9,1,5,15,23.5,15,23.5,1544.51904296875
48615,9,2,2,10,20,10,20,1545.01904296875
48615,9,5,2,12.5,17.5,12.5,17.5,1545.1519775390625
48615,9,9,4,15,15,15,15,1545.4859619140625
48615,9,10,4,20,15,20,15,1545.9189453125
48615,9,11,5,23.5,15,23.5,15,1546.18505859375
48615,9,3,4,15,20,15,20,1547.10205078125
48615,9,12,2,12.5,12.5,12.5,12.5,1547.7020263671875
48615,9,15,1,15,10,15,10,1547.9189453125
48615,9,17,1,15,6.5,15,6.5,1548.218994140625
48615,9,16,2,20,10,20,10,1548.468994140625
48615,9,4,5,20,20,20,20,1549.301025390625
48615,9,6,4,17.5,17.5,17.5,17.5,1549.4520263671875
48615,9,2,2,10,20,10,20,1550.0679931640625
48615,9,23,2,-10,20,-10,20,1551.76904296875
48615,9,20,4,-15,25,-15,25,1552.2860107421875
48615,9,18,5,-15,30,-15,30,1553.2509765625
48615,9,19,5,-25,25,-25,25,1554.718994140625
48615,9,22,4,-20,20,-20,20,1556.35205078125
48615,9,26,4,-15,15,-15,15,1558.302001953125
48615,9,25,4,-25,15,-25,15,1559.10205078125
48615,9,24,5,-30,15,-30,15,1560.10205078125
48615,9,22,4,-20,20,-20,20,1562.1519775390625
48615,9,19,5,-25,25,-25,25,1563.3680419921875
48615,9,20,4,-15,25,-15,25,1564.218994140625
48615,9,18,5,-15,30,-15,30,1565.01904296875
48615,9,21,2,-5,25,-5,25,1566.3179931640625
48615,9,2,2,10,20,10,20,1568.0860595703125
48615,9,5,2,12.5,17.5,12.5,17.5,1568.2860107421875
48615,9,8,1,10,15,10,15,1568.501953125
48615,9,12,2,12.5,12.5,12.5,12.5,1568.7020263671875
48615,9,9,4,15,15,15,15,1568.7860107421875
48615,9,3,4,15,20,15,20,1569.0689697265625
48615,9,1,5,15,23.5,15,23.5,1569.3189697265625
48615,9,4,5,20,20,20,20,1570.218994140625
48615,9,11,5,23.5,15,23.5,15,1570.6519775390625
48615,9,10,4,20,15,20,15,1570.885986328125
48615,9,13,2,17.5,12.5,17.5,12.5,1571.1519775390625
48615,9,6,4,17.5,17.5,17.5,17.5,1572.4019775390625
48615,9,26,4,-15,15,-15,15,1575.10205078125
48615,9,22,4,-20,20,-20,20,1575.68603515625
48615,9,20,4,-15,25,-15,25,1576.501953125
48615,9,18,5,-15,30,-15,30,1577.968994140625
48615,9,23,2,-10,20,-10,20,1579.6529541015625
48615,9,30,2,-10,10,-10,10,1580.4859619140625
48615,9,27,1,-5,15,-5,15,1583.8690185546875
48615,9,1,5,15,23.5,15,23.5,1585.885986328125
48615,9,6,4,17.5,17.5,17.5,17.5,1586.468994140625
48615,9,13,2,17.5,12.5,17.5,12.5,1586.9189453125
48615,9,9,4,15,15,15,15,1587.01904296875
48615,9,16,2,20,10,20,10,1587.18603515625
48615,9,11,5,23.5,15,23.5,15,1587.468994140625
48615,9,4,5,20,20,20,20,1587.9520263671875
48615,9,3,4,15,20,15,20,1588.4029541015625
48615,9,5,2,12.5,17.5,12.5,17.5,1588.8189697265625
48615,9,2,2,10,20,10,20,1588.85205078125
48615,9,8,1,10,15,10,15,1589.0860595703125
48615,9,14,2,12.5,12.5,10,10,1589.501953125
48615,9,12,2,12.5,12.5,12.5,12.5,1589.51904296875
48615,9,15,1,15,10,15,10,1589.751953125
48615,9,13,2,17.5,12.5,17.5,12.5,1591.9520263671875
48615,9,10,4,20,15,20,15,1592.0679931640625
48615,9,6,4,17.5,17.5,17.5,17.5,1592.2860107421875
48615,9,1,5,15,23.5,15,23.5,1592.8690185546875
48615,9,5,2,12.5,17.5,12.5,17.5,1593.85205078125
48615,9,9,4,15,15,15,15,1594.4189453125
48615,9,4,5,20,20,20,20,1594.85205078125
48615,9,3,4,15,20,15,20,1595.10205078125
48615,9,4,5,20,20,20,20,1599.885986328125
48615,9,4,5,20,20,20,20,1604.9189453125
48615,9,3,4,15,20,15,20,1605.01904296875
48615,9,1,5,15,23.5,15,23.5,1605.0849609375
48615,9,10,4,20,15,20,15,1606.68603515625
48615,9,16,2,20,10,20,10,1607.1190185546875
48615,9,11,5,23.5,15,23.5,15,1608.60302734375
48615,9,6,4,17.5,17.5,17.5,17.5,1609.01904296875
48615,9,5,2,12.5,17.5,12.5,17.5,1609.4859619140625
48615,9,2,2,10,20,10,20,1609.85205078125
48615,9,8,1,10,15,10,15,1609.968994140625
48615,9,1,5,15,23.5,15,23.5,1611.1190185546875
48615,9,3,4,15,20,15,20,1611.1689453125
48615,9,4,5,20,20,20,20,1611.552001953125
48615,9,10,4,20,15,20,15,1611.8690185546875
48615,9,9,4,15,15,15,15,1612.01904296875
48615,9,7,1,6.5,15,6.5,15,1612.7850341796875
48615,9,28,1,0,15,0,15,1613.3189697265625
48615,9,27,1,-5,15,-5,15,1613.7530517578125
48615,9,20,4,-15,25,-15,25,1615.01904296875
48615,9,18,5,-15,30,-15,30,1616.052978515625
48615,9,22,4,-20,20,-20,20,1617.3189697265625
48615,9,24,5,-30,15,-30,15,1620.68603515625
48615,9,25,4,-25,15,-25,15,1621.2860107421875
48615,9,19,5,-25,25,-25,25,1622.7850341796875
48615,9,20,4,-15,25,-15,25,1624.0849609375
48615,9,18,5,-15,30,-15,30,1624.51904296875
48615,10,35,2,10,-1.5,10,-1.5,576.79931640625
48615,10,39,2,7.5,-7.5,7.5,-7.5,577.1826171875
48615,10,46,2,7.5,-12.5,7.5,-12.5,577.89910888671875
48615,10,49,2,10,-15,10,-15,578.16571044921875
48615,10,50,2,15,-15,15,-15,578.59918212890625
48615,10,45,2,18.5,-10,18.5,-10,579.06591796875
48615,10,44,2,15,-10,15,-10,579.1826171875
48615,10,43,2,10,-10,10,-10,579.63238525390625
48615,10,42,2,5,-10,5,-10,580.04901123046875
48615,10,41,2,1.5,-10,1.5,-10,580.33251953125
48615,10,40,2,12.5,-7.5,12.5,-7.5,581.198974609375
48615,10,35,2,10,-1.5,10,-1.5,581.83251953125
48615,10,14,2,10,10,10,10,583.13238525390625
48615,10,15,2,15,10,15,10,583.48248291015625
48615,10,13,2,17.5,12.5,17.5,12.5,583.86541748046875
48615,10,9,2,15,15,15,15,584.08251953125
48615,10,5,2,12.5,17.5,12.5,17.5,584.36572265625
48615,10,2,2,10,20,10,20,584.665771484375
48615,10,3,2,15,20,15,20,584.9818115234375
48615,10,6,2,17.5,17.5,17.5,17.5,585.2490234375
48615,10,16,2,20,10,20,10,586.04931640625
48615,10,11,2,23.5,15,23.5,15,586.79931640625
48615,10,4,2,20,20,20,20,587.29901123046875
48615,10,1,2,15,23.5,15,23.5,587.76593017578125
48615,10,21,2,-5,25,-5,25,589.4326171875
48615,10,23,2,-10,20,-10,20,589.98248291015625
48615,10,30,2,-10,10,-10,10,591.09912109375
48615,10,32,2,-15,5,-15,5,591.799072265625
48615,10,52,2,-20,-5,-20,-5,592.83221435546875
48615,10,54,2,-20,-10,-20,-10,593.24920654296875
48615,10,59,2,-20,-20,-20,-20,594.08172607421875
48615,10,65,2,-20,-30,-20,-30,594.899169921875
48615,10,66,2,-10,-30,-10,-30,595.86572265625
48615,10,60,2,-10,-20,-10,-20,597.198974609375
48615,10,51,2,10,-18.5,10,-18.5,599.79852294921875
48615,10,50,2,15,-15,15,-15,600.26531982421875
48615,10,47,2,12.5,-12.5,12.5,-12.5,600.44921875
48615,10,44,2,15,-10,15,-10,600.665771484375
48615,10,40,2,12.5,-7.5,12.5,-7.5,600.86541748046875
48615,10,37,2,10,-5,10,-5,601.23272705078125
48615,10,36,2,5,-5,5,-5,601.665771484375
48615,10,48,2,5,-15,5,-15,603.08172607421875
48615,10,41,2,1.5,-10,1.5,-10,604.198974609375
48615,10,39,2,7.5,-7.5,7.5,-7.5,604.782470703125
48615,10,42,2,5,-10,5,-10,604.86578369140625
48615,10,43,2,10,-10,10,-10,605.032470703125
48615,10,49,2,12.5,-12.5,10,-15,605.4658203125
48615,10,47,2,12.5,-12.5,12.5,-12.5,605.48248291015625
48615,10,46,2,7.5,-12.5,7.5,-12.5,606.36578369140625
48615,10,44,2,15,-10,15,-10,607.149169921875
48615,10,45,2,18.5,-10,18.5,-10,607.29931640625
48615,10,40,2,12.5,-7.5,12.5,-7.5,607.48272705078125
48615,10,37,2,10,-5,10,-5,607.94927978515625
48615,10,35,2,10,-1.5,10,-1.5,608.44921875
48615,10,17,2,15,6.5,15,6.5,609.64837646484375
48615,10,15,2,15,10,15,10,609.9326171875
48615,10,13,2,17.5,12.5,17.5,12.5,610.149169921875
48615,10,9,2,15,15,15,15,610.34942626953125
48615,10,6,2,17.5,17.5,17.5,17.5,610.54901123046875
48615,10,3,2,15,20,15,20,610.76593017578125
48615,10,2,2,10,20,10,20,611.23248291015625
48615,10,7,2,6.5,15,6.5,15,611.73272705078125
48615,10,8,2,10,15,10,15,611.76580810546875
48615,10,14,2,10,10,10,10,612.14898681640625
48615,10,12,2,12.5,12.5,12.5,12.5,612.33221435546875
48615,10,16,2,20,10,20,10,613.19921875
48615,10,4,2,20,20,20,20,614.69927978515625
48615,10,11,2,23.5,15,23.5,15,615.149169921875
48615,10,13,2,17.5,12.5,17.5,12.5,615.98260498046875
48615,10,15,2,15,10,15,10,616.1826171875
48615,10,17,2,15,6.5,15,6.5,616.83251953125
48615,10,9,2,15,15,15,15,618.382080078125
48615,10,3,2,15,20,15,20,618.79931640625
48615,10,1,2,15,23.5,15,23.5,619.08251953125
48615,10,5,2,12.5,17.5,12.5,17.5,620.69921875
48615,10,12,2,12.5,12.5,12.5,12.5,621.23248291015625
48615,10,14,2,10,10,10,10,621.54931640625
48615,10,17,2,15,6.5,15,6.5,622.798583984375
48615,10,45,2,18.5,-10,18.5,-10,624.3828125
48615,10,44,2,15,-10,15,-10,624.73272705078125
48615,10,50,2,15,-15,15,-15,624.86602783203125
48615,10,47,2,12.5,-12.5,12.5,-12.5,624.8994140625
48615,10,49,2,10,-15,10,-15,625.165771484375
48615,10,41,2,1.5,-10,1.5,-10,626.4658203125
48615,10,36,2,5,-5,5,-5,627.1826171875
48615,10,39,2,7.5,-7.5,7.5,-7.5,627.58282470703125
48615,10,46,2,7.5,-12.5,7.5,-12.5,628.03271484375
48615,10,37,2,10,-5,10,-5,628.58258056640625
48615,10,35,2,10,-1.5,10,-1.5,628.86602783203125
48615,10,38,2,15,-5,15,-5,629.59912109375
48615,10,42,2,5,-10,5,-10,630.89898681640625
48615,10,48,2,5,-15,5,-15,631.33282470703125
48615,10,49,2,10,-15,10,-15,631.56591796875
48615,10,50,2,15,-15,15,-15,631.99920654296875
48615,10,45,2,18.5,-10,18.5,-10,632.732421875
48615,10,15,2,15,10,15,10,634.59912109375
48615,10,13,2,17.5,12.5,17.5,12.5,634.6494140625
48615,10,9,2,15,15,15,15,634.88262939453125
48615,10,6,2,17.5,17.5,17.5,17.5,635.08282470703125
48615,10,3,2,15,20,15,20,635.29901123046875
48615,10,1,2,15,23.5,15,23.5,635.58258056640625
48615,10,2,2,10,20,10,20,636.1986083984375
48615,10,7,2,6.5,15,6.5,15,636.7318115234375
48615,10,14,2,10,10,10,10,637.19891357421875
48615,10,12,2,12.5,12.5,12.5,12.5,637.33258056640625
48615,10,10,2,20,15,20,15,638.06597900390625
48615,10,4,2,20,20,20,20,638.33258056640625
48615,10,23,2,-10,20,-10,20,640.6328125
48615,10,18,2,-15,30,-15,30,641.64910888671875
48615,10,22,2,-20,20,-20,20,642.64898681640625
48615,10,28,2,0,15,0,15,645.9000244140625
48615,10,7,2,6.5,15,6.5,15,646.46661376953125
48615,10,8,2,10,15,10,15,646.74981689453125
48615,10,12,2,12.5,12.5,12.5,12.5,647.0496826171875
48615,10,16,2,20,10,20,10,648.5330810546875
48615,10,13,2,17.5,12.5,17.5,12.5,648.73321533203125
48615,10,10,2,20,15,20,15,648.93310546875
48615,10,6,2,17.5,17.5,17.5,17.5,649.14971923828125
48615,10,4,2,20,20,20,20,649.34967041015625
48615,10,5,2,12.5,17.5,12.5,17.5,651.08331298828125
48615,10,15,2,15,10,15,10,651.9500732421875
48615,10,9,2,15,15,15,15,652.64971923828125
48615,10,12,2,12.5,12.5,12.5,12.5,652.84967041015625
48615,10,8,2,10,15,10,15,653.0496826171875
48615,10,3,2,17.5,17.5,15,20,655.3331298828125
48615,10,6,2,17.5,17.5,17.5,17.5,655.34991455078125
48615,10,4,2,20,20,20,20,655.76641845703125
48615,10,13,2,17.5,12.5,17.5,12.5,656.19952392578125
48615,10,38,2,15,-5,15,-5,657.69970703125
48615,10,44,2,15,-10,15,-10,658.09967041015625
48615,10,40,2,12.5,-7.5,12.5,-7.5,658.18310546875
48615,10,47,2,10,-10,12.5,-12.5,658.38311767578125
48615,10,43,2,10,-10,10,-10,658.3997802734375
48615,10,47,2,7.5,-12.5,12.5,-12.5,658.6832275390625
48615,10,46,2,7.5,-12.5,7.5,-12.5,658.69921875
48615,10,48,2,5,-15,5,-15,658.98297119140625
48615,10,39,2,7.5,-7.5,7.5,-7.5,659.5831298828125
48615,10,37,2,10,-5,10,-5,659.7830810546875
48615,10,35,2,10,-1.5,10,-1.5,660.0828857421875
48615,10,41,2,1.5,-10,1.5,-10,661.18292236328125
48615,10,33,2,-5,5,-5,5,664.03240966796875
48615,10,30,2,-10,10,-10,10,664.598876953125
48615,10,26,2,-15,15,-15,15,665.19970703125
48615,10,22,2,-20,20,-20,20,665.7830810546875
48615,10,19,2,-25,25,-25,25,666.38311767578125
48615,10,20,2,-15,25,-15,25,667.36602783203125
48615,10,21,2,-5,25,-5,25,668.18310546875
48615,10,27,2,-5,15,-5,15,668.88287353515625
48615,10,28,2,0,15,0,15,669.3831787109375
48615,10,7,2,6.5,15,6.5,15,669.9326171875
48615,10,8,2,10,15,10,15,670.23297119140625
48615,10,9,2,15,15,15,15,670.64971923828125
48615,10,10,2,20,15,20,15,671.06640625
48615,10,11,2,23.5,15,23.5,15,671.34991455078125
48615,10,4,2,20,20,20,20,672.09942626953125
48615,10,1,2,15,23.5,15,23.5,672.73321533203125
48615,10,2,2,10,20,10,20,673.24951171875
48615,10,12,2,12.5,12.5,12.5,12.5,674.3331298828125
48615,10,15,2,15,10,15,10,674.59967041015625
48615,10,17,2,15,6.5,15,6.5,674.74957275390625
48615,10,8,2,10,15,10,15,676.1832275390625
48615,10,5,2,12.5,17.5,12.5,17.5,676.48321533203125
48615,10,3,2,15,20,15,20,676.782470703125
48615,10,6,2,17.5,17.5,17.5,17.5,676.91650390625
48615,10,10,2,20,15,20,15,677.26641845703125
48615,10,11,2,23.5,15,23.5,15,677.48321533203125
48615,10,16,2,20,10,20,10,677.8831787109375
48615,10,23,2,-10,20,-10,20,680.7667236328125
48615,10,26,2,-15,15,-15,15,681.26593017578125
48615,10,29,2,-20,10,-20,10,681.86651611328125
48615,10,34,2,-15,0,-15,0,682.89971923828125
48615,10,41,2,1.5,-10,1.5,-10,684.63238525390625
48615,10,42,2,5,-10,5,-10,684.89947509765625
48615,10,46,2,7.5,-12.5,7.5,-12.5,685.09991455078125
48615,10,43,2,10,-10,10,-10,685.33331298828125
48615,10,48,2,5,-15,5,-15,685.8831787109375
48615,10,51,2,10,-18.5,10,-18.5,686.59991455078125
48615,10,50,2,15,-15,15,-15,687.09991455078125
48615,10,45,2,18.5,-10,18.5,-10,687.59991455078125
48615,10,44,2,15,-10,15,-10,687.666015625
48615,10,40,2,12.5,-7.5,12.5,-7.5,687.9332275390625
48615,10,37,2,10,-5,10,-5,688.2335205078125
48615,10,36,2,5,-5,5,-5,688.9332275390625
48615,10,49,2,10,-15,10,-15,689.9005126953125
48615,10,47,2,12.5,-12.5,12.5,-12.5,689.96661376953125
48615,10,46,2,7.5,-12.5,7.5,-12.5,690.18377685546875
48615,10,42,2,5,-10,5,-10,690.4498291015625
48615,10,39,2,7.5,-7.5,7.5,-7.5,690.64947509765625
48615,10,35,2,10,-1.5,10,-1.5,691.1998291015625
48615,10,8,2,10,15,10,15,693.0994873046875
48615,10,5,2,12.5,17.5,12.5,17.5,693.4658203125
48615,10,9,2,15,15,15,15,693.49981689453125
48615,10,10,2,20,15,20,15,693.9332275390625
48615,10,11,2,23.5,15,23.5,15,694.2327880859375
48615,10,12,2,12.5,12.5,12.5,12.5,694.7996826171875
48615,10,15,2,15,10,15,10,694.916015625
48615,10,17,2,15,6.5,15,6.5,695.23321533203125
48615,10,13,2,17.5,12.5,17.5,12.5,695.96661376953125
48615,10,6,2,17.5,17.5,17.5,17.5,696.3828125
48615,10,1,2,15,23.5,15,23.5,696.89898681640625
48615,10,2,2,10,20,10,20,697.5499267578125
48615,10,8,2,10,15,10,15,698.13311767578125
48615,10,14,2,10,10,10,10,698.36651611328125
48615,10,35,2,10,-1.5,10,-1.5,699.33331298828125
48615,10,37,2,10,-5,10,-5,699.6334228515625
48615,10,40,2,12.5,-7.5,12.5,-7.5,699.8331298828125
48615,10,43,2,10,-10,10,-10,700.0164794921875
48615,10,47,2,12.5,-12.5,12.5,-12.5,700.24957275390625
48615,10,49,2,10,-15,10,-15,700.45001220703125
48615,10,51,2,10,-18.5,10,-18.5,700.7498779296875
48615,10,39,2,7.5,-7.5,7.5,-7.5,701.9166259765625
48615,10,36,2,5,-5,5,-5,702.20001220703125
48615,10,41,2,1.5,-10,1.5,-10,702.7999267578125
48615,10,48,2,5,-15,5,-15,703.21588134765625
48615,10,46,2,7.5,-12.5,7.5,-12.5,703.4000244140625
48615,10,44,2,15,-10,15,-10,704.06671142578125
48615,10,45,2,18.5,-10,18.5,-10,704.48297119140625
48615,10,15,2,15,10,15,10,706.6331787109375
48615,10,12,2,12.5,12.5,12.5,12.5,706.93328857421875
48615,10,8,2,10,15,10,15,707.23321533203125
48615,10,2,2,10,20,10,20,707.84991455078125
48615,10,3,2,15,20,15,20,708.283203125
48615,10,6,2,17.5,17.5,17.5,17.5,708.5499267578125
48615,10,9,2,15,15,15,15,708.7498779296875
48615,10,13,2,17.5,12.5,17.5,12.5,708.89898681640625
48615,10,5,2,12.5,17.5,12.5,17.5,709.86651611328125
48615,10,1,2,15,23.5,15,23.5,710.4495849609375
48615,10,4,2,20,20,20,20,712.45001220703125
48615,10,15,2,15,10,15,10,713.4329833984375
48615,10,17,2,15,6.5,15,6.5,713.70001220703125
48615,10,38,2,15,-5,15,-5,714.665771484375
48615,10,44,2,15,-10,15,-10,715.08331298828125
48615,10,50,2,15,-15,15,-15,715.5001220703125
48615,10,49,2,10,-15,10,-15,716.0167236328125
48615,10,46,2,7.5,-12.5,7.5,-12.5,716.34991455078125
48615,10,43,2,10,-10,10,-10,716.5665283203125
48615,10,39,2,7.5,-7.5,7.5,-7.5,716.7664794921875
48615,10,37,2,10,-5,10,-5,716.9832763671875
48615,10,35,2,10,-1.5,10,-1.5,717.2667236328125
48615,10,14,2,10,10,10,10,718.23321533203125
48615,10,8,2,10,15,10,15,718.64862060546875
48615,10,2,2,10,20,10,20,719.08331298828125
48615,10,5,2,12.5,17.5,12.5,17.5,719.315673828125
48615,10,3,2,15,20,15,20,719.45001220703125
48615,10,6,2,17.5,17.5,17.5,17.5,719.66650390625
48615,10,13,2,17.5,12.5,17.5,12.5,720.09991455078125
48615,10,38,2,15,-5,15,-5,721.58331298828125
48615,10,44,2,15,-10,15,-10,721.9998779296875
48615,10,50,2,15,-15,15,-15,722.3997802734375
48615,10,49,2,10,-15,10,-15,722.70001220703125
48615,10,46,2,7.5,-12.5,7.5,-12.5,723.0665283203125
48615,10,48,2,5,-15,5,-15,723.13311767578125
48615,10,42,2,5,-10,5,-10,723.33282470703125
48615,10,39,2,7.5,-7.5,7.5,-7.5,723.5333251953125
48615,10,37,2,10,-5,10,-5,723.83331298828125
48615,10,40,2,12.5,-7.5,12.5,-7.5,724.04931640625
48615,10,17,2,15,6.5,15,6.5,725.06561279296875
48615,10,15,2,15,10,15,10,725.3668212890625
48615,10,12,2,12.5,12.5,12.5,12.5,725.56671142578125
48615,10,9,2,15,15,15,15,725.78338623046875
48615,10,5,2,12.5,17.5,12.5,17.5,725.98321533203125
48615,10,3,2,15,20,15,20,726.1992797851564
48615,10,4,2,20,20,20,20,726.66632080078125
48615,10,6,2,17.5,17.5,17.5,17.5,727.3831787109375
48615,10,7,2,6.5,15,6.5,15,728.3665771484375
48615,10,39,2,7.5,-7.5,7.5,-7.5,730.19891357421875
48615,10,46,2,7.5,-12.5,7.5,-12.5,730.6168212890625
48615,10,49,2,10,-15,10,-15,731.04998779296875
48615,10,51,2,10,-18.5,10,-18.5,731.15008544921875
48615,10,50,2,15,-15,15,-15,731.48291015625
48615,10,45,2,18.5,-10,18.5,-10,731.9832763671875
48615,10,44,2,15,-10,15,-10,732.49981689453125
48615,10,40,2,12.5,-7.5,12.5,-7.5,732.59912109375
48615,10,43,2,10,-10,10,-10,732.81671142578125
48615,10,37,2,10,-5,10,-5,733.033203125
48615,10,35,2,10,-1.5,10,-1.5,733.31671142578125
48615,10,17,2,15,6.5,15,6.5,734.3333740234375
48615,10,15,2,15,10,15,10,734.53338623046875
48615,10,13,2,17.5,12.5,17.5,12.5,734.7664794921875
48615,10,9,2,15,15,15,15,734.9658203125
48615,10,6,2,17.5,17.5,17.5,17.5,735.18231201171875
48615,10,3,2,15,20,15,20,735.38232421875
48615,10,1,2,15,23.5,15,23.5,735.68231201171875
48615,10,2,2,10,20,10,20,736.2833251953125
48615,10,8,2,10,15,10,15,736.73297119140625
48615,10,12,2,10,10,12.5,12.5,737.0999755859375
48615,10,14,2,10,10,10,10,737.11651611328125
48615,10,16,2,20,10,20,10,737.76641845703125
48615,10,10,2,20,15,20,15,738.08331298828125
48615,10,4,2,20,20,20,20,738.4998779296875
48615,10,5,2,12.5,17.5,12.5,17.5,739.66668701171875
48615,10,9,2,15,15,15,15,739.9832763671875
48615,10,15,2,15,10,15,10,740.28302001953125
48615,10,17,2,15,6.5,15,6.5,740.56671142578125
48615,10,38,2,15,-5,15,-5,741.532470703125
48615,10,40,2,12.5,-7.5,12.5,-7.5,741.7490844726564
48615,10,44,2,15,-10,15,-10,741.9500732421875
48615,10,47,2,12.5,-12.5,12.5,-12.5,742.1500244140625
48615,10,50,2,15,-15,15,-15,742.3668212890625
48615,10,49,2,10,-15,10,-15,742.6663818359375
48615,10,48,2,5,-15,5,-15,743.06671142578125
48615,10,41,2,5,-10,1.5,-10,743.5333251953125
48615,10,42,2,5,-10,5,-10,743.54901123046875
48615,10,36,2,5,-5,5,-5,743.9000244140625
48615,10,35,2,10,-1.5,10,-1.5,744.46600341796875
48615,10,37,2,10,-5,10,-5,744.9666748046875
48615,10,43,2,10,-10,10,-10,745.33331298828125
48615,10,51,2,10,-18.5,10,-18.5,746.0167236328125
48615,10,46,2,7.5,-12.5,7.5,-12.5,747.1500244140625
48615,10,39,2,7.5,-7.5,7.5,-7.5,747.54998779296875
48615,10,40,2,12.5,-7.5,12.5,-7.5,747.93292236328125
48615,10,38,2,15,-5,15,-5,748.1500244140625
48615,10,44,2,15,-10,15,-10,748.34912109375
48615,10,50,2,15,-15,15,-15,748.78350830078125
48615,10,17,2,15,6.5,15,6.5,751.0999755859375
48615,10,15,2,15,10,15,10,752.16650390625
48615,10,9,2,15,15,15,15,752.7667236328125
48615,10,3,2,15,20,15,20,753.16680908203125
48615,10,1,2,15,23.5,15,23.5,753.4658203125
48615,10,13,2,17.5,12.5,17.5,12.5,754.5333251953125
48615,10,16,2,20,10,20,10,754.7166748046875
48615,10,11,2,23.5,15,23.5,15,755.6165771484375
48615,10,4,2,20,20,20,20,755.9998779296875
48615,10,6,2,17.5,17.5,17.5,17.5,756.1992797851564
48615,10,5,2,12.5,17.5,12.5,17.5,756.6334228515625
48615,10,2,2,10,20,10,20,756.81671142578125
48615,10,7,2,6.5,15,6.5,15,757.34912109375
48615,10,39,2,7.5,-7.5,7.5,-7.5,759.26641845703125
48615,10,43,2,10,-10,10,-10,759.4827880859375
48615,10,49,2,10,-15,10,-15,759.916015625
48615,10,51,2,10,-18.5,10,-18.5,760.2332763671875
48615,10,41,2,1.5,-10,1.5,-10,761.782470703125
48615,10,36,2,5,-5,5,-5,762.20001220703125
48615,10,37,2,10,-5,10,-5,762.6826171875
48615,10,38,2,12.5,-7.5,15,-5,763.08251953125
48615,10,40,2,12.5,-7.5,12.5,-7.5,763.0999755859375
48615,10,44,2,15,-10,15,-10,763.34942626953125
48615,10,47,2,12.5,-12.5,12.5,-12.5,763.549072265625
48615,10,50,2,15,-15,15,-15,763.7490234375
48615,10,48,2,5,-15,5,-15,764.8333740234375
48615,10,35,2,10,-1.5,10,-1.5,766.4334716796875
48615,10,12,2,12.5,12.5,12.5,12.5,767.68341064453125
48615,10,9,2,15,15,15,15,767.94952392578125
48615,10,10,2,20,15,20,15,768.416015625
48615,10,8,2,10,15,10,15,769.2667236328125
48615,10,2,2,10,20,10,20,769.53350830078125
48615,10,1,2,15,23.5,15,23.5,770.0333251953125
