subject,level,obj_ID,point_value,x,y,new_x,new_y,time
48813,1,31,2,10,-10,10,-10,1665.041015625
48813,1,25,2,10,-15,10,-15,1665.4410400390625
48813,1,20,2,10,-20,10,-20,1668.4410400390625
48813,1,19,2,15,-20,15,-20,1668.9410400390625
48813,1,23,2,17.5,-17.5,17.5,-17.5,1669.2740478515625
48813,1,26,2,15,-15,15,-15,1669.4410400390625
48813,1,30,2,17.5,-12.5,17.5,-12.5,1669.8740234375
48813,1,33,2,20,-10,20,-10,1670.3740234375
48813,1,22,2,12.5,-17.5,12.5,-17.5,1671.740966796875
48813,1,32,2,15,-10,15,-10,1672.6409912109375
48813,1,31,2,10,-10,10,-10,1673.3409423828125
48813,1,29,2,12.5,-12.5,12.5,-12.5,1673.573974609375
48813,1,25,2,10,-15,10,-15,1673.8409423828125
48813,1,19,2,15,-20,15,-20,1674.740966796875
48813,1,26,2,15,-15,15,-15,1675.073974609375
48813,1,30,2,17.5,-12.5,17.5,-12.5,1676.4410400390625
48813,1,23,2,17.5,-17.5,17.5,-17.5,1676.8409423828125
48813,1,27,2,20,-15,20,-15,1676.9749755859375
48813,1,21,2,20,-20,20,-20,1679.1409912109375
48813,1,19,2,15,-20,15,-20,1679.9410400390625
48813,1,20,2,12.5,-17.5,10,-20,1680.6409912109375
48813,1,22,2,12.5,-17.5,12.5,-17.5,1680.675048828125
48813,1,25,2,10,-15,10,-15,1681.3409423828125
48813,1,29,2,12.5,-12.5,12.5,-12.5,1681.740966796875
48813,1,32,2,15,-10,15,-10,1682.175048828125
48813,1,30,2,17.5,-12.5,17.5,-12.5,1682.6409912109375
48813,1,33,2,20,-10,20,-10,1682.9410400390625
48813,1,27,2,20,-15,20,-15,1683.2750244140625
48813,1,23,2,17.5,-17.5,17.5,-17.5,1683.7750244140625
48813,1,26,2,15,-15,15,-15,1685.0419921875
48813,1,31,2,10,-10,10,-10,1685.9420166015625
48813,1,25,2,10,-15,10,-15,1686.375
48813,1,19,2,12.5,-17.5,15,-20,1687.342041015625
48813,1,22,2,12.5,-17.5,12.5,-17.5,1687.375
48813,1,26,2,17.5,-12.5,15,-15,1688.5419921875
48813,1,30,2,17.5,-12.5,17.5,-12.5,1688.574951171875
48813,1,29,2,12.5,-12.5,12.5,-12.5,1689.342041015625
48813,1,26,2,15,-15,15,-15,1690.074951171875
48813,1,23,2,17.5,-17.5,17.5,-17.5,1690.574951171875
48813,1,27,2,20,-15,20,-15,1691.175048828125
48813,1,34,2,15,-6.5,15,-6.5,1692.6419677734375
48813,1,31,2,10,-10,10,-10,1693.175048828125
48813,1,25,2,10,-15,10,-15,1693.741943359375
48813,1,22,2,12.5,-17.5,12.5,-17.5,1694.074951171875
48813,1,20,2,10,-20,10,-20,1694.4420166015625
48813,1,19,2,15,-20,15,-20,1694.741943359375
48813,1,18,2,15,-23.5,15,-23.5,1695.0419921875
48813,1,23,2,17.5,-17.5,17.5,-17.5,1695.7750244140625
48813,1,21,2,20,-20,20,-20,1695.8409423828125
48813,1,27,2,20,-15,20,-15,1696.208984375
48813,1,28,2,23.5,-15,23.5,-15,1696.741943359375
48813,1,33,2,20,-10,20,-10,1697.4749755859375
48813,1,30,2,17.5,-12.5,17.5,-12.5,1697.6419677734375
48813,1,26,2,15,-15,15,-15,1698.175048828125
48813,1,29,2,12.5,-12.5,12.5,-12.5,1698.4420166015625
48813,1,31,2,10,-10,10,-10,1698.9420166015625
48813,1,32,2,15,-10,15,-10,1699.342041015625
48813,1,22,2,12.5,-17.5,12.5,-17.5,1700.842041015625
48813,1,19,2,15,-20,15,-20,1701.241943359375
48813,1,23,2,17.5,-17.5,17.5,-17.5,1701.6419677734375
48813,1,27,2,20,-15,20,-15,1702.1419677734375
48813,1,21,2,20,-20,20,-20,1702.741943359375
48813,1,26,2,15,-15,15,-15,1703.741943359375
48813,1,25,2,10,-15,10,-15,1704.4749755859375
48813,1,29,2,12.5,-12.5,12.5,-12.5,1704.842041015625
48813,1,32,2,15,-10,15,-10,1705.5419921875
48813,1,30,2,17.5,-12.5,17.5,-12.5,1705.842041015625
48813,1,33,2,20,-10,20,-10,1706.0419921875
48813,1,23,2,17.5,-17.5,17.5,-17.5,1707.3759765625
48813,1,19,2,15,-20,15,-20,1707.6419677734375
48813,1,22,2,12.5,-17.5,12.5,-17.5,1708.4420166015625
48813,1,20,2,10,-20,10,-20,1708.842041015625
48813,1,25,2,10,-15,10,-15,1709.508056640625
48813,1,31,2,10,-10,10,-10,1709.741943359375
48813,1,29,2,12.5,-12.5,12.5,-12.5,1713.343017578125
48813,1,32,2,15,-10,15,-10,1713.6419677734375
48813,1,26,2,15,-15,15,-15,1714.04296875
48813,1,30,2,17.5,-12.5,17.5,-12.5,1714.2430419921875
48813,1,28,2,23.5,-15,23.5,-15,1716.4759521484375
48813,1,27,2,20,-15,20,-15,1716.54296875
48813,1,22,2,12.5,-17.5,12.5,-17.5,1717.6419677734375
48813,1,19,2,15,-20,15,-20,1717.9429931640625
48813,1,18,2,15,-23.5,15,-23.5,1718.375
48813,1,23,2,17.5,-17.5,17.5,-17.5,1719.6429443359375
48813,1,26,2,15,-15,15,-15,1719.9759521484375
48813,1,32,2,15,-10,15,-10,1720.6419677734375
48813,1,19,2,15,-20,15,-20,1722.9759521484375
48813,1,18,2,15,-23.5,15,-23.5,1723.4100341796875
48813,1,26,2,15,-15,15,-15,1725.010009765625
48813,1,32,2,15,-10,15,-10,1725.676025390625
48813,1,31,2,10,-10,10,-10,1725.8759765625
48813,1,25,2,10,-15,10,-15,1726.54296875
48813,1,20,2,10,-20,10,-20,1727.2430419921875
48813,1,19,2,15,-20,15,-20,1728.010009765625
48813,1,23,2,17.5,-17.5,17.5,-17.5,1728.2430419921875
48813,1,27,2,20,-15,20,-15,1728.843017578125
48813,1,30,2,17.5,-12.5,17.5,-12.5,1729.3759765625
48813,1,33,2,20,-10,20,-10,1729.4759521484375
48813,1,29,2,12.5,-12.5,12.5,-12.5,1730.0760498046875
48813,1,22,2,12.5,-17.5,12.5,-17.5,1731.04296875
48813,1,18,2,15,-23.5,15,-23.5,1732.1429443359375
48813,1,21,2,20,-20,20,-20,1732.7430419921875
48813,1,27,2,20,-15,20,-15,1733.876953125
48813,1,26,2,15,-15,15,-15,1734.2430419921875
48813,1,19,2,15,-20,15,-20,1734.7430419921875
48813,1,23,2,17.5,-17.5,17.5,-17.5,1734.876953125
48813,1,28,2,23.5,-15,23.5,-15,1735.7430419921875
48813,1,30,2,17.5,-12.5,17.5,-12.5,1736.4429931640625
48813,1,34,2,15,-6.5,15,-6.5,1737.4429931640625
48813,1,32,2,15,-10,15,-10,1737.7430419921875
48813,1,29,2,12.5,-12.5,12.5,-12.5,1738.0770263671875
48813,1,25,2,10,-15,10,-15,1738.6429443359375
48813,1,24,2,6.5,-15,6.5,-15,1739.1419677734375
48813,1,22,2,12.5,-17.5,12.5,-17.5,1740.04296875
48813,1,20,2,10,-20,10,-20,1740.6429443359375
48813,1,19,2,15,-20,15,-20,1741.4429931640625
48813,1,18,2,15,-23.5,15,-23.5,1742.47705078125
48813,1,23,2,17.5,-17.5,17.5,-17.5,1743.54296875
48813,1,21,2,20,-20,20,-20,1743.876953125
48813,1,27,2,20,-15,20,-15,1745.04296875
48813,1,30,2,17.5,-12.5,17.5,-12.5,1745.4759521484375
48813,1,26,2,15,-15,15,-15,1745.843994140625
48813,1,29,2,12.5,-12.5,12.5,-12.5,1746.1429443359375
48813,1,25,2,10,-15,10,-15,1746.4439697265625
48813,1,20,2,10,-20,10,-20,1747.14404296875
48813,1,19,2,15,-20,15,-20,1747.5439453125
48813,1,18,2,15,-23.5,15,-23.5,1747.7440185546875
48813,1,23,2,17.5,-17.5,17.5,-17.5,1748.5770263671875
48813,1,28,2,23.5,-15,23.5,-15,1749.0439453125
48813,1,32,2,15,-10,15,-10,1750.177001953125
48813,1,31,2,10,-10,10,-10,1750.97705078125
48813,1,24,2,6.5,-15,6.5,-15,1751.177001953125
48813,1,25,2,10,-15,10,-15,1751.47705078125
48813,1,26,2,15,-15,15,-15,1752.0439453125
48813,1,27,2,20,-15,20,-15,1752.7440185546875
48813,1,33,2,20,-10,20,-10,1753.8759765625
48813,1,30,2,17.5,-12.5,17.5,-12.5,1754.2440185546875
48813,1,22,2,12.5,-17.5,12.5,-17.5,1755.2769775390625
48813,1,20,2,10,-20,10,-20,1755.7769775390625
48813,1,19,2,15,-20,15,-20,1756.0439453125
48813,1,21,2,20,-20,20,-20,1756.7440185546875
48813,1,23,2,17.5,-17.5,17.5,-17.5,1756.876953125
48813,1,26,2,15,-15,15,-15,1757.7440185546875
48813,1,29,2,12.5,-12.5,12.5,-12.5,1758.0439453125
48813,1,32,2,15,-10,15,-10,1758.343994140625
48813,1,31,2,10,-10,10,-10,1758.9439697265625
48813,1,24,2,6.5,-15,6.5,-15,1760.5439453125
48813,1,25,2,10,-15,10,-15,1760.97705078125
48813,1,22,2,12.5,-17.5,12.5,-17.5,1761.5439453125
48813,1,20,2,10,-20,10,-20,1761.9439697265625
48813,1,29,2,12.5,-12.5,12.5,-12.5,1763.0780029296875
48813,1,19,2,15,-20,15,-20,1764.2440185546875
48813,1,23,2,17.5,-17.5,17.5,-17.5,1764.64404296875
48813,1,27,2,20,-15,20,-15,1765.14404296875
48813,1,30,2,17.5,-12.5,17.5,-12.5,1765.5439453125
48813,1,26,2,15,-15,15,-15,1765.7779541015625
48813,1,32,2,15,-10,15,-10,1766.2440185546875
48813,1,31,2,10,-10,10,-10,1767.0770263671875
48813,1,25,2,10,-15,10,-15,1767.5780029296875
48813,1,22,2,12.5,-17.5,12.5,-17.5,1767.97802734375
48813,1,21,2,20,-20,20,-20,1768.8780517578125
48813,1,23,2,17.5,-17.5,17.5,-17.5,1773.1180419921875
48813,1,26,2,15,-15,15,-15,1773.51904296875
48813,1,30,2,17.5,-12.5,17.5,-12.5,1773.8499755859375
48813,1,32,2,15,-10,15,-10,1774.115966796875
48813,1,29,2,12.5,-12.5,12.5,-12.5,1774.31396484375
48813,1,33,2,20,-10,20,-10,1775.1519775390625
48813,1,27,2,20,-15,20,-15,1776.1510009765625
48813,1,19,2,15,-20,15,-20,1777.3189697265625
48813,1,22,2,12.5,-17.5,12.5,-17.5,1777.6500244140625
48813,1,20,2,10,-20,10,-20,1778.1190185546875
48813,1,31,2,10,-10,10,-10,1781.8189697265625
48813,1,29,2,12.5,-12.5,12.5,-12.5,1782.115966796875
48813,1,26,2,15,-15,15,-15,1782.75
48813,1,23,2,17.5,-17.5,17.5,-17.5,1783.31494140625
48813,1,30,2,17.5,-12.5,17.5,-12.5,1783.8170166015625
48813,1,27,2,20,-15,20,-15,1783.9169921875
48813,1,33,2,20,-10,20,-10,1784.4189453125
48813,1,32,2,15,-10,15,-10,1784.91796875
48813,1,34,2,15,-6.5,15,-6.5,1786.4189453125
48813,1,30,2,17.5,-12.5,17.5,-12.5,1788.85302734375
48813,1,26,2,15,-15,15,-15,1789.0169677734375
48813,1,29,2,12.5,-12.5,12.5,-12.5,1789.1180419921875
48813,1,32,2,15,-10,15,-10,1789.9849853515625
48813,1,25,2,10,-15,10,-15,1790.41796875
48813,1,19,2,15,-20,15,-20,1791.8509521484375
48813,1,20,2,10,-20,10,-20,1792.616943359375
48813,1,22,2,12.5,-17.5,12.5,-17.5,1793.4530029296875
48813,1,23,2,17.5,-17.5,17.5,-17.5,1794.1510009765625
48813,1,27,2,20,-15,20,-15,1794.7509765625
48813,1,21,2,20,-20,20,-20,1794.8189697265625
48813,1,25,2,10,-15,10,-15,1796.41796875
48813,1,26,2,15,-15,15,-15,1797.116943359375
48813,1,30,2,17.5,-12.5,17.5,-12.5,1797.51904296875
48813,1,32,2,15,-10,15,-10,1797.7159423828125
48813,1,29,2,12.5,-12.5,12.5,-12.5,1797.9189453125
48813,1,31,2,10,-10,10,-10,1798.1519775390625
48813,1,25,2,10,-15,10,-15,1801.6180419921875
48813,1,26,2,15,-15,15,-15,1802.3199462890625
48813,1,23,2,17.5,-17.5,17.5,-17.5,1802.718994140625
48813,1,19,2,15,-20,15,-20,1802.91796875
48813,1,22,2,12.5,-17.5,12.5,-17.5,1802.9840087890625
48813,1,27,2,20,-15,20,-15,1803.718994140625
48813,1,30,2,17.5,-12.5,17.5,-12.5,1804.0179443359375
48813,1,32,2,15,-10,15,-10,1804.52001953125
48813,1,29,2,12.5,-12.5,12.5,-12.5,1805.01904296875
48813,1,31,2,10,-10,10,-10,1805.719970703125
48813,1,24,2,6.5,-15,6.5,-15,1806.4520263671875
48813,1,25,2,10,-15,10,-15,1806.9200439453125
48813,1,20,2,10,-20,10,-20,1808.6190185546875
48813,1,22,2,12.5,-17.5,12.5,-17.5,1808.9520263671875
48813,1,19,2,15,-20,15,-20,1810.35302734375
48813,1,21,2,20,-20,20,-20,1811.1190185546875
48813,1,27,2,20,-15,20,-15,1811.616943359375
48813,1,30,2,17.5,-12.5,17.5,-12.5,1812.052978515625
48813,1,26,2,15,-15,15,-15,1812.4520263671875
48813,1,25,2,10,-15,10,-15,1813.1190185546875
48813,1,32,2,15,-10,15,-10,1814.02099609375
48813,1,31,2,10,-10,10,-10,1815.052978515625
48813,1,22,2,12.5,-17.5,12.5,-17.5,1816.219970703125
48813,1,19,2,15,-20,15,-20,1816.91796875
48813,1,18,2,15,-23.5,15,-23.5,1817.051025390625
48813,1,21,2,20,-20,20,-20,1817.7869873046875
48813,1,23,2,17.5,-17.5,17.5,-17.5,1818.720947265625
48813,1,27,2,20,-15,20,-15,1819.2530517578125
48813,1,28,2,23.5,-15,23.5,-15,1819.720947265625
48813,1,30,2,17.5,-12.5,17.5,-12.5,1821.5489501953125
48813,1,29,2,12.5,-12.5,12.5,-12.5,1822.2540283203125
48813,1,22,2,12.5,-17.5,12.5,-17.5,1822.7540283203125
48813,1,19,2,15,-20,15,-20,1823.18505859375
48813,1,23,2,17.5,-17.5,17.5,-17.5,1823.7530517578125
48813,1,26,2,15,-15,15,-15,1824.154052734375
48813,1,32,2,15,-10,15,-10,1824.7540283203125
48813,1,34,2,15,-6.5,15,-6.5,1825.35302734375
48813,1,33,2,20,-10,20,-10,1825.9539794921875
48813,1,27,2,20,-15,20,-15,1826.553955078125
48813,1,30,2,17.5,-12.5,17.5,-12.5,1826.5770263671875
48813,1,21,2,20,-20,20,-20,1827.6529541015625
48813,1,19,2,15,-20,15,-20,1828.35498046875
48813,1,22,2,12.5,-17.5,12.5,-17.5,1828.7530517578125
48813,1,20,2,10,-20,10,-20,1828.9849853515625
48813,1,26,2,15,-15,15,-15,1830.387939453125
48813,1,25,2,10,-15,10,-15,1830.85400390625
48813,1,24,2,6.5,-15,6.5,-15,1831.5860595703125
48813,1,29,2,12.5,-12.5,12.5,-12.5,1833.052978515625
48813,1,32,2,15,-10,15,-10,1833.9530029296875
48813,1,33,2,20,-10,20,-10,1834.552978515625
48813,1,27,2,20,-15,20,-15,1835.052978515625
48813,1,30,2,17.5,-12.5,17.5,-12.5,1835.1190185546875
48813,1,26,2,15,-15,15,-15,1835.4530029296875
48813,1,23,2,17.5,-17.5,17.5,-17.5,1835.552978515625
48813,1,22,2,12.5,-17.5,12.5,-17.5,1837.052001953125
48813,1,19,2,15,-20,15,-20,1837.552001953125
48813,1,18,2,15,-23.5,15,-23.5,1837.85205078125
48813,1,21,2,20,-20,20,-20,1838.487060546875
48813,1,28,2,23.5,-15,23.5,-15,1839.4530029296875
48813,1,27,2,20,-15,20,-15,1840.0880126953125
48813,1,33,2,20,-10,20,-10,1840.2860107421875
48813,1,30,2,17.5,-12.5,17.5,-12.5,1840.35302734375
48813,1,32,2,15,-10,15,-10,1840.7540283203125
48813,1,34,2,15,-6.5,15,-6.5,1840.9530029296875
48813,1,31,2,10,-10,10,-10,1841.6529541015625
48813,1,29,2,12.5,-12.5,12.5,-12.5,1841.886962890625
48813,1,25,2,10,-15,10,-15,1842.251953125
48813,1,22,2,12.5,-17.5,12.5,-17.5,1842.552001953125
48813,1,23,2,17.5,-17.5,17.5,-17.5,1843.35498046875
48813,1,21,2,20,-20,20,-20,1844.2540283203125
48813,1,19,2,15,-20,15,-20,1844.886962890625
48813,1,18,2,15,-23.5,15,-23.5,1846.052978515625
48813,1,30,2,17.5,-12.5,17.5,-12.5,1847.655029296875
48813,1,26,2,15,-15,15,-15,1847.85302734375
48813,1,29,2,12.5,-12.5,12.5,-12.5,1848.052978515625
48813,1,25,2,10,-15,10,-15,1848.35400390625
48813,1,24,2,6.5,-15,6.5,-15,1848.85302734375
48813,1,22,2,12.5,-17.5,12.5,-17.5,1850.154052734375
48813,1,19,2,15,-20,15,-20,1850.5860595703125
48813,1,23,2,17.5,-17.5,17.5,-17.5,1851.155029296875
48813,1,27,2,20,-15,20,-15,1851.6529541015625
48813,1,26,2,15,-15,15,-15,1852.886962890625
48813,1,32,2,15,-10,15,-10,1853.35205078125
48813,1,30,2,17.5,-12.5,17.5,-12.5,1853.383056640625
48813,1,33,2,20,-10,20,-10,1853.7869873046875
48813,1,28,2,23.5,-15,23.5,-15,1854.85302734375
48813,1,23,2,17.5,-17.5,17.5,-17.5,1856.18603515625
48813,1,19,2,15,-20,15,-20,1856.655029296875
48813,1,22,2,12.5,-17.5,12.5,-17.5,1857.18896484375
48813,1,25,2,10,-15,10,-15,1857.656005859375
48813,1,26,2,15,-15,15,-15,1858.2550048828125
48813,1,29,2,12.5,-12.5,12.5,-12.5,1858.4549560546875
48813,1,30,2,17.5,-12.5,17.5,-12.5,1859.4539794921875
48813,1,32,2,15,-10,15,-10,1859.7530517578125
48813,1,27,2,20,-15,20,-15,1861.053955078125
48813,1,22,2,12.5,-17.5,12.5,-17.5,1862.4530029296875
48813,1,20,2,10,-20,10,-20,1862.85302734375
48813,1,59,2,-10,-15,-10,-15,1865.7889404296875
48813,1,63,2,-12.5,-12.5,-12.5,-12.5,1866.2530517578125
48813,1,60,2,-15,-15,-15,-15,1866.322021484375
48813,1,57,2,-17.5,-17.5,-17.5,-17.5,1866.7869873046875
48813,1,55,2,-20,-20,-20,-20,1867.2550048828125
48813,1,61,2,-20,-15,-20,-15,1867.488037109375
48813,1,62,2,-23.5,-15,-23.5,-15,1867.68603515625
48813,1,64,2,-17.5,-12.5,-17.5,-12.5,1868.35400390625
48813,1,67,2,-20,-10,-20,-10,1868.68798828125
48813,1,66,2,-15,-10,-15,-10,1869.35400390625
48813,1,68,2,-15,-6.5,-15,-6.5,1869.383056640625
48813,1,65,2,-10,-10,-10,-10,1869.9549560546875
48813,1,58,2,-6.5,-15,-6.5,-15,1870.85400390625
48813,1,59,2,-10,-15,-10,-15,1871.656005859375
48813,1,56,2,-12.5,-17.5,-12.5,-17.5,1871.9530029296875
48813,1,60,2,-15,-15,-15,-15,1872.2550048828125
48813,1,53,2,-15,-20,-15,-20,1872.4859619140625
48813,1,57,2,-17.5,-17.5,-17.5,-17.5,1872.7540283203125
48813,1,55,2,-20,-20,-20,-20,1872.987060546875
48813,1,61,2,-20,-15,-20,-15,1873.386962890625
48813,1,64,2,-17.5,-12.5,-17.5,-12.5,1873.85498046875
48813,1,52,2,-15,-23.5,-15,-23.5,1875.35498046875
48813,1,54,2,-10,-20,-10,-20,1876.053955078125
48813,1,59,2,-10,-15,-10,-15,1876.7550048828125
48813,1,58,2,-6.5,-15,-6.5,-15,1877.053955078125
48813,1,63,2,-12.5,-12.5,-12.5,-12.5,1877.553955078125
48813,1,60,2,-15,-15,-15,-15,1878.154052734375
48813,1,56,2,-12.5,-17.5,-12.5,-17.5,1878.5550537109375
48813,1,53,2,-15,-20,-15,-20,1879.2559814453125
48813,1,57,2,-17.5,-17.5,-17.5,-17.5,1879.487060546875
48813,1,61,2,-20,-15,-20,-15,1879.9539794921875
48813,1,64,2,-17.5,-12.5,-17.5,-12.5,1880.18701171875
48813,1,66,2,-15,-10,-15,-10,1880.85400390625
48813,1,65,2,-10,-10,-10,-10,1881.5870361328125
48813,1,59,2,-10,-15,-10,-15,1882.2550048828125
48813,1,63,2,-12.5,-12.5,-12.5,-12.5,1882.5870361328125
48813,1,54,2,-10,-20,-10,-20,1883.053955078125
48813,1,52,2,-15,-23.5,-15,-23.5,1883.7869873046875
48813,1,55,2,-20,-20,-20,-20,1884.7540283203125
48813,1,57,2,-17.5,-17.5,-17.5,-17.5,1885.35595703125
48813,1,53,2,-15,-20,-15,-20,1885.9549560546875
48813,1,56,2,-12.5,-17.5,-12.5,-17.5,1886.02197265625
48813,1,61,2,-20,-15,-20,-15,1887.2540283203125
48813,1,60,2,-15,-15,-15,-15,1887.7879638671875
48813,1,64,2,-17.5,-12.5,-17.5,-12.5,1887.85498046875
48813,1,66,2,-15,-10,-15,-10,1888.35400390625
48813,1,68,2,-15,-6.5,-15,-6.5,1888.655029296875
48813,1,65,2,-10,-10,-10,-10,1889.35498046875
48813,1,63,2,-12.5,-12.5,-12.5,-12.5,1889.384033203125
48813,1,59,2,-10,-15,-10,-15,1890.0550537109375
48813,1,54,2,-10,-20,-10,-20,1890.68798828125
48813,1,53,2,-15,-20,-15,-20,1891.2550048828125
48813,1,52,2,-15,-23.5,-15,-23.5,1891.7540283203125
48813,1,55,2,-20,-20,-20,-20,1892.85498046875
48813,1,55,2,-20,-20,-20,-20,1897.9229736328125
48813,1,55,2,-20,-20,-20,-20,1902.95703125
48813,2,24,5,6.5,-15,6.5,-15,319.8612976074219
48813,2,25,5,10,-15,10,-15,320.3612976074219
48813,2,22,4,12.5,-17.5,12.5,-17.5,320.8612976074219
48813,2,29,4,12.5,-12.5,12.5,-12.5,321.1603088378906
48813,2,31,5,10,-10,10,-10,321.4942932128906
48813,2,32,5,15,-10,15,-10,321.8612976074219
48813,2,30,4,17.5,-12.5,17.5,-12.5,322.26129150390625
48813,2,34,5,15,-6.5,15,-6.5,322.6943054199219
48813,2,58,5,-6.5,-15,-6.5,-15,326.1612854003906
48813,2,59,5,-10,-15,-10,-15,326.6612854003906
48813,2,56,4,-12.5,-17.5,-12.5,-17.5,327.0613098144531
48813,2,60,2,-15,-15,-15,-15,327.4613037109375
48813,2,63,4,-12.5,-12.5,-12.5,-12.5,327.6953125
48813,2,65,5,-10,-10,-10,-10,328.5953063964844
48813,2,66,5,-15,-10,-15,-10,329.26129150390625
48813,2,68,5,-15,-6.5,-15,-6.5,329.3952941894531
48813,2,64,4,-17.5,-12.5,-17.5,-12.5,329.8952941894531
48813,2,58,5,-6.5,-15,-6.5,-15,331.2952880859375
48813,2,24,5,6.5,-15,6.5,-15,333.1612854003906
48813,2,25,5,10,-15,10,-15,333.5953063964844
48813,2,29,4,12.5,-12.5,12.5,-12.5,333.99530029296875
48813,2,32,5,15,-10,15,-10,334.3612976074219
48813,2,34,5,15,-6.5,15,-6.5,334.76129150390625
48813,2,17,5,15,6.5,15,6.5,336.5953063964844
48813,2,15,5,15,10,15,10,337.0953063964844
48813,2,14,5,10,10,10,10,337.3623046875
48813,2,12,4,12.5,12.5,12.5,12.5,337.5622863769531
48813,2,8,5,10,15,10,15,337.894287109375
48813,2,7,5,6.5,15,6.5,15,338.4623107910156
48813,2,41,5,-6.5,15,-6.5,15,340.3952941894531
48813,2,48,5,-10,10,-10,10,341.1953125
48813,2,46,4,-12.5,12.5,-12.5,12.5,341.66229248046875
48813,2,49,5,-15,10,-15,10,341.8623046875
48813,2,51,5,-15,6.5,-15,6.5,342.7622985839844
48813,2,68,5,-15,-6.5,-15,-6.5,344.7622985839844
48813,2,66,5,-15,-10,-15,-10,345.2952880859375
48813,2,63,4,-12.5,-12.5,-12.5,-12.5,345.66229248046875
48813,2,65,5,-10,-10,-10,-10,345.7952880859375
48813,2,59,5,-10,-15,-10,-15,346.0953063964844
48813,2,56,4,-12.5,-17.5,-12.5,-17.5,346.4623107910156
48813,2,54,4,-10,-20,-10,-20,347.2622985839844
48813,2,58,5,-6.5,-15,-6.5,-15,347.7622985839844
48813,2,20,4,10,-20,10,-20,350.0953063964844
48813,2,25,5,10,-15,10,-15,350.3623046875
48813,2,22,4,12.5,-17.5,12.5,-17.5,350.5622863769531
48813,2,26,2,15,-15,15,-15,350.99530029296875
48813,2,29,4,12.5,-12.5,12.5,-12.5,351.3623046875
48813,2,31,5,10,-10,10,-10,351.8623046875
48813,2,24,5,6.5,-15,6.5,-15,352.5622863769531
48813,2,32,5,15,-10,15,-10,354.4623107910156
48813,2,34,5,15,-6.5,15,-6.5,354.9623107910156
48813,2,17,5,15,6.5,15,6.5,356.7622985839844
48813,2,15,5,15,10,15,10,357.2622985839844
48813,2,14,5,10,10,10,10,357.3623046875
48813,2,12,4,12.5,12.5,12.5,12.5,357.6962890625
48813,2,8,5,10,15,10,15,358.0622863769531
48813,2,7,5,6.5,15,6.5,15,358.4623107910156
48813,2,41,5,-6.5,15,-6.5,15,360.3633117675781
48813,2,42,5,-10,15,-10,15,360.9623107910156
48813,2,46,4,-12.5,12.5,-12.5,12.5,361.3623046875
48813,2,48,5,-10,10,-10,10,361.4953002929687
48813,2,49,5,-15,10,-15,10,361.6622924804687
48813,2,51,5,-15,6.5,-15,6.5,362.3963012695313
48813,2,68,5,-15,-6.5,-15,-6.5,364.6632995605469
48813,2,66,5,-15,-10,-15,-10,364.9632873535156
48813,2,64,4,-17.5,-12.5,-17.5,-12.5,365.2962951660156
48813,2,63,4,-12.5,-12.5,-12.5,-12.5,365.4963073730469
48813,2,59,5,-10,-15,-10,-15,365.9623107910156
48813,2,56,4,-12.5,-17.5,-12.5,-17.5,366.1962890625
48813,2,54,4,-10,-20,-10,-20,366.5953063964844
48813,2,58,5,-6.5,-15,-6.5,-15,367.0963134765625
48813,2,65,5,-10,-10,-10,-10,369.1962890625
48813,2,63,4,-12.5,-12.5,-12.5,-12.5,370.5963134765625
48813,2,66,5,-15,-10,-15,-10,370.8963012695313
48813,2,68,5,-15,-6.5,-15,-6.5,371.5632934570313
48813,2,64,4,-17.5,-12.5,-17.5,-12.5,372.2962951660156
48813,2,60,2,-15,-15,-15,-15,372.6962890625
48813,2,59,5,-10,-15,-10,-15,373.0632934570313
48813,2,56,4,-12.5,-17.5,-12.5,-17.5,373.1632995605469
48813,2,58,5,-6.5,-15,-6.5,-15,373.5963134765625
48813,2,65,5,-10,-10,-10,-10,374.2302856445313
48813,2,67,4,-20,-10,-20,-10,376.0632934570313
48813,2,66,5,-15,-10,-15,-10,376.5632934570313
48813,2,63,4,-12.5,-12.5,-12.5,-12.5,377.3633117675781
48813,2,54,4,-10,-20,-10,-20,377.7633056640625
48813,2,59,5,-10,-15,-10,-15,378.0963134765625
48813,2,60,2,-15,-15,-15,-15,378.5632934570313
48813,2,64,4,-17.5,-12.5,-17.5,-12.5,378.8633117675781
48813,2,68,5,-15,-6.5,-15,-6.5,380.2962951660156
48813,2,65,5,-10,-10,-10,-10,381.3963012695313
48813,2,58,5,-6.5,-15,-6.5,-15,382.3633117675781
48813,2,65,5,-10,-15,-10,-10,383.0972900390625
48813,2,59,5,-10,-15,-10,-15,383.13031005859375
48813,2,56,4,-12.5,-17.5,-12.5,-17.5,383.2633056640625
48813,2,60,2,-15,-15,-15,-15,383.8633117675781
48813,2,63,4,-12.5,-12.5,-12.5,-12.5,384.0963134765625
48813,2,66,5,-15,-10,-15,-10,384.4632873535156
48813,2,64,4,-17.5,-12.5,-17.5,-12.5,384.7633056640625
48813,2,57,2,-17.5,-17.5,-17.5,-17.5,385.5632934570313
48813,2,67,4,-20,-10,-20,-10,387.1972961425781
48813,2,59,5,-10,-15,-10,-15,388.9632873535156
48813,2,56,4,-12.5,-12.5,-12.5,-17.5,389.1632995605469
48813,2,63,4,-12.5,-12.5,-12.5,-12.5,389.1972961425781
48813,2,56,4,-12.5,-17.5,-12.5,-17.5,389.5972900390625
48813,2,58,5,-6.5,-15,-6.5,-15,390.4632873535156
48813,2,66,5,-15,-10,-15,-10,391.8633117675781
48813,2,68,5,-15,-6.5,-15,-6.5,392.29730224609375
48813,2,59,5,-10,-15,-10,-15,393.9963073730469
48813,2,54,4,-10,-20,-10,-20,394.3973083496094
48813,2,56,4,-12.5,-17.5,-12.5,-17.5,394.6293029785156
48813,2,58,5,-6.5,-15,-6.5,-15,395.497314453125
48813,2,65,5,-10,-10,-10,-10,395.9963073730469
48813,2,66,5,-15,-10,-15,-10,396.8973083496094
48813,2,63,4,-12.5,-12.5,-12.5,-12.5,397.164306640625
48813,2,60,2,-15,-15,-15,-15,397.46429443359375
48813,2,64,4,-17.5,-12.5,-17.5,-12.5,398.164306640625
48813,2,68,5,-15,-6.5,-15,-6.5,398.96429443359375
48813,2,59,5,-10,-15,-10,-15,400.2643127441406
48813,2,58,5,-6.5,-15,-6.5,-15,400.7643127441406
48813,2,65,5,-10,-10,-10,-10,401.2643127441406
48813,2,66,5,-15,-10,-15,-10,401.9313049316406
48813,2,63,4,-12.5,-12.5,-12.5,-12.5,402.1972961425781
48813,2,60,2,-15,-15,-15,-15,402.497314453125
48813,2,67,4,-20,-10,-20,-10,403.3642883300781
48813,2,64,4,-17.5,-12.5,-17.5,-12.5,403.6972961425781
48813,2,65,5,-10,-10,-10,-10,406.29730224609375
48813,2,68,5,-15,-6.5,-15,-6.5,406.5972900390625
48813,2,66,5,-15,-10,-15,-10,406.96429443359375
48813,2,60,2,-15,-15,-15,-15,407.664306640625
48813,2,59,5,-10,-15,-10,-15,408.29730224609375
48813,2,58,5,-6.5,-15,-6.5,-15,408.79730224609375
48813,2,64,4,-17.5,-12.5,-17.5,-12.5,410.164306640625
48813,2,63,4,-12.5,-12.5,-12.5,-12.5,410.3642883300781
48813,2,54,4,-10,-20,-10,-20,411.8982849121094
48813,2,56,4,-12.5,-17.5,-12.5,-17.5,412.2643127441406
48813,2,65,5,-10,-10,-10,-10,412.998291015625
48813,2,68,5,-15,-6.5,-15,-6.5,413.8982849121094
48813,2,66,5,-15,-10,-15,-10,414.3982849121094
48813,2,59,5,-10,-15,-10,-15,415.3982849121094
48813,2,58,5,-6.5,-15,-6.5,-15,415.8642883300781
48813,2,68,5,-15,-6.5,-15,-6.5,418.9313049316406
48813,2,66,5,-15,-10,-15,-10,419.4313049316406
48813,2,65,5,-10,-10,-10,-10,419.96429443359375
48813,2,58,5,-6.5,-15,-6.5,-15,420.9313049316406
48813,2,54,4,-10,-20,-10,-20,421.7643127441406
48813,2,56,4,-12.5,-17.5,-12.5,-17.5,422.1653137207031
48813,2,59,5,-10,-15,-10,-15,422.2983093261719
48813,2,63,4,-12.5,-12.5,-12.5,-12.5,422.69830322265625
48813,2,60,2,-15,-15,-15,-15,422.9653015136719
48813,2,64,4,-17.5,-12.5,-17.5,-12.5,423.2652893066406
48813,2,61,2,-20,-15,-20,-15,423.664306640625
48813,2,67,4,-20,-10,-20,-10,424.0653076171875
48813,2,66,5,-15,-10,-15,-10,424.86529541015625
48813,2,65,5,-10,-10,-10,-10,425.5653076171875
48813,2,58,5,-6.5,-15,-6.5,-15,426.5653076171875
48813,2,59,5,-10,-15,-10,-15,427.331298828125
48813,2,56,4,-12.5,-17.5,-12.5,-17.5,427.3982849121094
48813,2,63,4,-12.5,-12.5,-12.5,-12.5,427.7312927246094
48813,2,68,5,-15,-6.5,-15,-6.5,428.5653076171875
48813,2,67,4,-20,-10,-20,-10,429.2983093261719
48813,2,64,4,-17.5,-12.5,-17.5,-12.5,429.498291015625
48813,2,61,2,-20,-15,-20,-15,429.9653015136719
48813,2,57,2,-17.5,-17.5,-17.5,-17.5,430.2983093261719
48813,2,60,2,-15,-15,-15,-15,430.36529541015625
48813,2,53,2,-15,-20,-15,-20,430.79730224609375
48813,2,54,4,-10,-20,-10,-20,431.2652893066406
48813,2,24,5,6.5,-15,6.5,-15,433.6653137207031
48813,2,25,5,10,-15,10,-15,434.19830322265625
48813,2,29,4,12.5,-12.5,12.5,-12.5,434.6653137207031
48813,2,26,2,15,-15,15,-15,434.998291015625
48813,2,31,5,10,-10,10,-10,435.2652893066406
48813,2,32,5,15,-10,15,-10,435.9653015136719
48813,2,30,4,17.5,-12.5,17.5,-12.5,436.36529541015625
48813,2,34,5,15,-6.5,15,-6.5,436.6653137207031
48813,2,33,4,20,-10,20,-10,437.7983093261719
48813,2,22,4,12.5,-17.5,12.5,-17.5,439.2992858886719
48813,2,20,4,10,-20,10,-20,439.7992858886719
48813,2,25,5,10,-15,10,-15,440.1653137207031
48813,2,24,5,6.5,-15,6.5,-15,440.2652893066406
48813,2,29,4,12.5,-12.5,12.5,-12.5,441.0993041992187
48813,2,31,5,10,-10,10,-10,441.5653076171875
48813,2,32,5,15,-10,15,-10,442.0653076171875
48813,2,34,5,15,-6.5,15,-6.5,442.69830322265625
48813,2,33,4,20,-10,20,-10,444.0982971191406
48813,2,30,4,17.5,-12.5,17.5,-12.5,444.2992858886719
48813,2,26,2,15,-15,15,-15,444.86529541015625
48813,2,23,2,17.5,-17.5,17.5,-17.5,445.1993103027344
48813,2,27,2,20,-15,20,-15,445.4653015136719
48813,2,29,4,12.5,-12.5,12.5,-12.5,446.5993041992187
48813,2,25,5,10,-15,10,-15,446.9653015136719
48813,2,24,5,6.5,-15,6.5,-15,447.3992919921875
48813,2,22,4,12.5,-17.5,12.5,-17.5,448.1993103027344
48813,2,31,5,10,-10,10,-10,448.8663024902344
48813,2,32,5,15,-10,15,-10,449.3642883300781
48813,2,34,5,15,-6.5,15,-6.5,451.5993041992187
48813,2,30,4,17.5,-12.5,17.5,-12.5,452.6662902832031
48813,2,26,2,15,-15,15,-15,453.0663146972656
48813,2,22,4,12.5,-17.5,12.5,-17.5,453.5993041992187
48813,2,20,4,10,-20,10,-20,454.0663146972656
48813,2,25,5,10,-15,10,-15,454.4653015136719
48813,2,31,5,10,-10,10,-10,455.1662902832031
48813,2,24,5,6.5,-15,6.5,-15,455.5663146972656
48813,2,29,4,12.5,-12.5,12.5,-12.5,456.96630859375
48813,2,32,5,15,-10,15,-10,457.5663146972656
48813,2,30,4,17.5,-12.5,17.5,-12.5,457.9992980957031
48813,2,33,4,20,-10,20,-10,458.3663024902344
48813,2,34,5,15,-6.5,15,-6.5,459.1662902832031
48813,2,31,5,10,-10,10,-10,460.6662902832031
48813,2,25,5,10,-15,10,-15,460.9992980957031
48813,2,22,4,12.5,-17.5,12.5,-17.5,461.3663024902344
48813,2,20,4,10,-20,10,-20,461.7662963867187
48813,2,24,5,6.5,-15,6.5,-15,462.0993041992187
48813,2,26,2,15,-15,15,-15,463.1653137207031
48813,2,29,4,12.5,-12.5,12.5,-12.5,463.2662963867187
48813,2,32,5,15,-10,15,-10,463.46630859375
48813,2,30,4,17.5,-12.5,17.5,-12.5,464.0663146972656
48813,2,33,4,20,-10,20,-10,464.46630859375
48813,2,34,5,15,-6.5,15,-6.5,465.7333068847656
48813,2,31,5,10,-10,10,-10,466.9002990722656
48813,2,25,5,10,-15,10,-15,467.5993041992187
48813,2,22,4,12.5,-17.5,12.5,-17.5,468.0332946777344
48813,2,20,4,10,-20,10,-20,468.3992919921875
48813,2,24,5,6.5,-15,6.5,-15,469.63330078125
48813,2,29,4,12.5,-12.5,12.5,-12.5,470.4992980957031
48813,2,26,2,15,-15,15,-15,470.9002990722656
48813,2,31,5,10,-10,10,-10,471.9332885742187
48813,2,32,5,15,-10,15,-10,472.1003112792969
48813,2,30,4,17.5,-12.5,17.5,-12.5,472.4332885742187
48813,2,34,5,15,-6.5,15,-6.5,472.7333068847656
48813,2,32,5,15,-10,15,-10,477.13330078125
48813,3,42,1,10,-15,10,-15,1102.1209716796875
48813,3,39,2,12.5,-17.5,12.5,-17.5,1102.5550537109375
48813,3,36,4,15,-20,15,-20,1103.02197265625
48813,3,38,5,20,-20,20,-20,1103.655029296875
48813,3,35,5,15,-23.5,15,-23.5,1103.7220458984375
48813,3,40,4,17.5,-17.5,17.5,-17.5,1104.7550048828125
48813,3,43,4,15,-15,15,-15,1105.2220458984375
48813,3,44,4,20,-15,20,-15,1105.52197265625
48813,3,50,2,20,-10,20,-10,1106.02197265625
48813,3,45,5,23.5,-15,23.5,-15,1106.822021484375
48813,3,39,2,12.5,-17.5,12.5,-17.5,1108.322021484375
48813,3,37,2,10,-20,10,-20,1108.822021484375
48813,3,36,4,15,-20,15,-20,1109.02197265625
48813,3,38,5,20,-20,20,-20,1109.7220458984375
48813,3,40,4,17.5,-17.5,17.5,-17.5,1109.7889404296875
48813,3,45,5,23.5,-15,23.5,-15,1112.655029296875
48813,3,44,4,20,-15,20,-15,1113.156005859375
48813,3,43,4,15,-15,15,-15,1113.9219970703125
48813,3,36,4,15,-20,15,-20,1114.52197265625
48813,3,35,5,15,-23.5,15,-23.5,1114.9219970703125
48813,3,38,5,20,-20,20,-20,1115.822021484375
48813,3,40,4,17.5,-17.5,17.5,-17.5,1116.35595703125
48813,3,47,2,17.5,-12.5,17.5,-12.5,1117.4560546875
48813,3,49,1,15,-10,15,-10,1118.0550537109375
48813,3,46,2,12.5,-12.5,12.5,-12.5,1118.322021484375
48813,3,42,1,10,-15,10,-15,1118.822021484375
48813,3,39,2,12.5,-17.5,12.5,-17.5,1119.2220458984375
48813,3,37,2,10,-20,10,-20,1119.4549560546875
48813,3,35,5,15,-23.5,15,-23.5,1120.02197265625
48813,3,38,5,20,-20,20,-20,1120.9219970703125
48813,3,45,5,23.5,-15,23.5,-15,1121.4560546875
48813,3,44,4,20,-15,20,-15,1121.9549560546875
48813,3,47,2,17.5,-12.5,17.5,-12.5,1122.489013671875
48813,3,43,4,15,-15,15,-15,1122.7220458984375
48813,3,40,4,17.5,-17.5,17.5,-17.5,1123.0560302734375
48813,3,37,2,10,-20,10,-20,1124.656005859375
48813,3,39,2,12.5,-17.5,12.5,-17.5,1125.322998046875
48813,3,42,1,10,-15,10,-15,1125.7230224609375
48813,3,35,5,15,-23.5,15,-23.5,1127.322021484375
48813,3,36,4,15,-20,15,-20,1127.7559814453125
48813,3,40,4,17.5,-17.5,17.5,-17.5,1128.156005859375
48813,3,38,5,20,-20,20,-20,1128.322021484375
48813,3,44,4,20,-15,20,-15,1129.85498046875
48813,3,45,5,23.5,-15,23.5,-15,1130.322998046875
48813,3,43,4,15,-15,15,-15,1131.9219970703125
48813,3,46,2,12.5,-12.5,12.5,-12.5,1132.4229736328125
48813,3,42,1,10,-15,10,-15,1133.02294921875
48813,3,39,2,12.5,-17.5,12.5,-17.5,1133.52197265625
48813,3,40,4,17.5,-17.5,17.5,-17.5,1134.2230224609375
48813,3,35,5,15,-23.5,15,-23.5,1134.656005859375
48813,3,38,5,20,-20,20,-20,1135.7559814453125
48813,3,45,5,23.5,-15,23.5,-15,1137.02294921875
48813,3,44,4,20,-15,20,-15,1137.2230224609375
48813,3,47,2,17.5,-12.5,17.5,-12.5,1137.85595703125
48813,3,36,4,15,-20,15,-20,1139.2889404296875
48813,3,35,5,15,-23.5,15,-23.5,1139.68994140625
48813,3,38,5,20,-20,20,-20,1142.822998046875
48813,3,40,4,17.5,-17.5,17.5,-17.5,1143.156982421875
48813,3,44,4,20,-15,20,-15,1143.623046875
48813,3,45,5,23.5,-15,23.5,-15,1144.02294921875
48813,3,36,4,15,-20,15,-20,1146.2230224609375
48813,3,43,4,15,-15,15,-15,1147.7569580078125
48813,3,47,2,17.5,-12.5,17.5,-12.5,1148.323974609375
48813,3,40,4,17.5,-17.5,17.5,-17.5,1148.52294921875
48813,3,38,5,20,-20,20,-20,1149.45703125
48813,3,44,4,20,-15,20,-15,1150.02294921875
48813,3,45,5,23.5,-15,23.5,-15,1150.2230224609375
48813,3,35,5,15,-23.5,15,-23.5,1152.123046875
48813,3,36,4,15,-20,15,-20,1152.8570556640625
48813,3,40,4,17.5,-17.5,17.5,-17.5,1153.5570068359375
48813,3,39,2,12.5,-17.5,12.5,-17.5,1154.0560302734375
48813,3,43,4,15,-15,15,-15,1154.323974609375
48813,3,47,2,17.5,-12.5,17.5,-12.5,1155.02294921875
48813,3,44,4,20,-15,20,-15,1155.822998046875
48813,3,45,5,23.5,-15,23.5,-15,1156.322998046875
48813,3,38,5,20,-20,20,-20,1157.0240478515625
48813,3,45,5,15,-23.5,23.5,-15,1157.8900146484375
48813,3,35,5,15,-23.5,15,-23.5,1157.9229736328125
48813,3,40,4,17.5,-17.5,17.5,-17.5,1159.4239501953125
48813,3,47,2,17.5,-12.5,17.5,-12.5,1160.3570556640625
48813,3,50,2,20,-10,20,-10,1160.823974609375
48813,3,49,1,15,-10,15,-10,1161.123046875
48813,3,43,4,15,-15,15,-15,1161.6240234375
48813,3,44,4,20,-15,20,-15,1162.323974609375
48813,3,40,4,17.5,-17.5,17.5,-17.5,1164.8570556640625
48813,3,36,4,15,-20,15,-20,1165.2239990234375
48813,3,35,5,15,-23.5,15,-23.5,1165.6240234375
48813,3,38,5,20,-20,20,-20,1166.2239990234375
48813,3,45,5,23.5,-15,23.5,-15,1167.1240234375
48813,3,44,4,20,-15,20,-15,1167.656982421875
48813,3,47,2,17.5,-12.5,17.5,-12.5,1168.2239990234375
48813,3,50,2,12.5,-12.5,20,-10,1168.823974609375
48813,3,46,2,12.5,-12.5,12.5,-12.5,1168.8570556640625
48813,3,39,2,12.5,-17.5,12.5,-17.5,1169.4239501953125
48813,3,42,1,10,-15,10,-15,1170.0240478515625
48813,3,41,1,6.5,-15,6.5,-15,1170.322998046875
48813,3,37,2,10,-20,10,-20,1170.822998046875
48813,3,36,4,15,-20,15,-20,1171.45703125
48813,3,35,5,15,-23.5,15,-23.5,1171.8570556640625
48813,3,38,5,20,-20,20,-20,1174.258056640625
48813,3,44,4,20,-15,20,-15,1175.1240234375
48813,3,45,5,23.5,-15,23.5,-15,1175.323974609375
48813,3,47,2,17.5,-12.5,17.5,-12.5,1176.52294921875
48813,3,43,4,15,-15,15,-15,1176.758056640625
48813,3,46,2,12.5,-12.5,12.5,-12.5,1177.0570068359375
48813,3,39,2,12.5,-17.5,12.5,-17.5,1177.4239501953125
48813,3,36,4,15,-20,15,-20,1177.7569580078125
48813,3,35,5,15,-23.5,15,-23.5,1178.2239990234375
48813,3,38,5,20,-20,20,-20,1179.5579833984375
48813,3,44,4,20,-15,20,-15,1180.425048828125
48813,3,40,4,17.5,-17.5,17.5,-17.5,1180.823974609375
48813,3,45,5,23.5,-15,23.5,-15,1181.0240478515625
48813,3,36,4,15,-20,15,-20,1182.791015625
48813,3,39,2,12.5,-17.5,12.5,-17.5,1183.0240478515625
48813,3,43,4,15,-15,15,-15,1184.324951171875
48813,3,47,2,17.5,-12.5,17.5,-12.5,1185.0250244140625
48813,3,44,4,20,-15,20,-15,1185.45703125
48813,3,45,5,23.5,-15,23.5,-15,1186.0579833984375
48813,3,38,5,20,-20,20,-20,1187.425048828125
48813,3,36,4,15,-20,15,-20,1188.5250244140625
48813,3,40,4,17.5,-17.5,17.5,-17.5,1189.425048828125
48813,3,47,2,17.5,-12.5,17.5,-12.5,1190.125
48813,3,43,4,15,-15,15,-15,1190.2249755859375
48813,3,44,4,20,-15,20,-15,1190.5579833984375
48813,3,45,5,23.5,-15,23.5,-15,1191.0909423828125
48813,3,39,2,12.5,-17.5,12.5,-17.5,1192.324951171875
48813,3,38,5,20,-20,20,-20,1193.425048828125
48813,3,36,4,15,-20,15,-20,1193.5579833984375
48813,3,40,4,17.5,-17.5,17.5,-17.5,1194.4580078125
48813,3,47,2,17.5,-12.5,17.5,-12.5,1196.625
48813,3,45,5,23.5,-15,23.5,-15,1197.2249755859375
48813,3,38,5,20,-20,20,-20,1198.4580078125
48813,3,35,5,15,-23.5,15,-23.5,1199.125
48813,3,36,4,15,-20,15,-20,1199.758056640625
48813,3,44,4,20,-15,20,-15,1201.6590576171875
48813,3,47,2,17.5,-12.5,17.5,-12.5,1204.0250244140625
48813,3,39,2,12.5,-17.5,12.5,-17.5,1209.625
48813,3,37,2,10,-20,10,-20,1210.125
48813,3,35,5,15,-23.5,15,-23.5,1212.324951171875
48813,3,44,4,20,-15,20,-15,1214.0260009765625
48813,3,45,5,23.5,-15,23.5,-15,1214.426025390625
48813,3,36,4,15,-20,15,-20,1215.8590087890625
48813,3,40,4,17.5,-17.5,17.5,-17.5,1217.5260009765625
48813,3,38,5,20,-20,20,-20,1217.8590087890625
48813,3,35,5,15,-23.5,15,-23.5,1218.3590087890625
48813,3,37,2,10,-20,10,-20,1219.1590576171875
48813,3,39,2,12.5,-17.5,12.5,-17.5,1219.6259765625
48813,3,43,4,15,-15,15,-15,1220.0589599609375
48813,3,47,2,17.5,-12.5,17.5,-12.5,1220.6259765625
48813,3,44,4,20,-15,20,-15,1220.958984375
48813,3,45,5,23.5,-15,23.5,-15,1221.458984375
48813,3,36,4,17.5,-17.5,15,-20,1222.5260009765625
48813,3,40,4,17.5,-17.5,17.5,-17.5,1222.5589599609375
48813,3,35,5,15,-23.5,15,-23.5,1223.3929443359375
48813,3,37,2,10,-20,10,-20,1224.1929931640625
48813,3,42,1,10,-15,10,-15,1224.426025390625
48813,3,43,4,15,-15,15,-15,1225.1590576171875
48813,3,38,5,20,-20,20,-20,1226.3590087890625
48813,3,45,5,23.5,-15,23.5,-15,1227.1259765625
48813,3,44,4,20,-15,20,-15,1227.2259521484375
48813,3,40,4,17.5,-17.5,17.5,-17.5,1227.6259765625
48813,3,47,2,17.5,-12.5,17.5,-12.5,1228.1590576171875
48813,3,50,2,20,-10,20,-10,1228.6259765625
48813,3,39,2,12.5,-17.5,12.5,-17.5,1229.926025390625
48813,3,36,4,15,-20,15,-20,1230.5250244140625
48813,3,35,5,15,-23.5,15,-23.5,1230.759033203125
48813,3,37,2,10,-20,10,-20,1231.4599609375
48813,3,40,4,17.5,-17.5,17.5,-17.5,1232.926025390625
48813,3,38,5,20,-20,20,-20,1233.260009765625
48813,3,45,5,23.5,-15,23.5,-15,1234.760009765625
48813,3,44,4,20,-15,20,-15,1234.9930419921875
48813,3,47,2,17.5,-12.5,17.5,-12.5,1235.56005859375
48813,3,49,1,15,-10,15,-10,1236.0589599609375
48813,3,43,4,15,-15,15,-15,1236.3599853515625
48813,3,36,4,15,-20,15,-20,1237.06005859375
48813,3,35,5,15,-23.5,15,-23.5,1237.4930419921875
48813,3,38,5,20,-20,20,-20,1239.29296875
48813,3,40,4,17.5,-17.5,17.5,-17.5,1239.9930419921875
48813,3,45,5,23.5,-15,23.5,-15,1240.8929443359375
48813,3,44,4,20,-15,20,-15,1241.29296875
48813,3,43,4,15,-15,15,-15,1241.9930419921875
48813,3,39,2,12.5,-17.5,12.5,-17.5,1242.760009765625
48813,3,36,4,15,-20,15,-20,1243.260009765625
48813,3,35,5,15,-23.5,15,-23.5,1243.56005859375
48813,3,38,5,20,-20,20,-20,1244.9930419921875
48813,3,40,4,17.5,-17.5,17.5,-17.5,1246.3599853515625
48813,3,47,2,17.5,-12.5,17.5,-12.5,1246.9599609375
48813,3,43,4,15,-15,15,-15,1247.0269775390625
48813,3,44,4,20,-15,20,-15,1247.093017578125
48813,3,45,5,23.5,-15,23.5,-15,1247.56005859375
48813,3,39,2,12.5,-17.5,12.5,-17.5,1249.0589599609375
48813,3,37,2,10,-20,10,-20,1249.56005859375
48813,3,36,4,15,-20,15,-20,1249.89404296875
48813,3,35,5,15,-23.5,15,-23.5,1249.9599609375
48813,3,38,5,20,-20,20,-20,1250.56005859375
48813,3,40,4,17.5,-17.5,17.5,-17.5,1251.427001953125
48813,3,43,4,15,-15,15,-15,1252.9940185546875
48813,3,47,2,17.5,-12.5,17.5,-12.5,1253.3599853515625
48813,3,44,4,20,-15,20,-15,1253.4940185546875
48813,3,45,5,23.5,-15,23.5,-15,1253.9599609375
48813,3,46,2,12.5,-12.5,12.5,-12.5,1254.760009765625
48813,3,48,1,10,-10,10,-10,1255.260009765625
48813,3,42,1,10,-15,10,-15,1256.06005859375
48813,3,37,2,10,-20,10,-20,1256.6600341796875
48813,3,35,5,15,-23.5,15,-23.5,1257.3599853515625
48813,3,36,4,15,-20,15,-20,1257.4610595703125
48813,3,40,4,17.5,-17.5,17.5,-17.5,1258.06005859375
48813,3,38,5,20,-20,20,-20,1258.4599609375
48813,3,43,4,15,-15,15,-15,1259.4940185546875
48813,3,47,2,17.5,-12.5,17.5,-12.5,1259.89404296875
48813,3,44,4,20,-15,20,-15,1259.9599609375
48813,3,50,2,20,-10,20,-10,1260.39404296875
48813,3,45,5,23.5,-15,23.5,-15,1260.89404296875
48813,3,36,4,15,-20,15,-20,1262.4940185546875
48813,3,40,4,17.5,-17.5,17.5,-17.5,1263.093994140625
48813,3,39,2,12.5,-17.5,12.5,-17.5,1263.4610595703125
48813,3,35,5,15,-23.5,15,-23.5,1264.56103515625
48813,3,38,5,20,-20,20,-20,1265.4610595703125
48813,3,45,5,23.5,-15,23.5,-15,1266.6610107421875
48813,3,44,4,20,-15,20,-15,1266.9610595703125
48813,3,47,2,17.5,-12.5,17.5,-12.5,1267.593994140625
48813,3,43,4,15,-15,15,-15,1267.6610107421875
48813,3,46,2,12.5,-12.5,12.5,-12.5,1268.093994140625
48813,3,39,2,12.5,-17.5,12.5,-17.5,1268.4940185546875
48813,3,36,4,15,-20,15,-20,1268.760986328125
48813,3,40,4,17.5,-17.5,17.5,-17.5,1269.3609619140625
48813,3,35,5,15,-23.5,15,-23.5,1271.3609619140625
48813,3,38,5,20,-20,20,-20,1272.6939697265625
48813,3,45,5,23.5,-15,23.5,-15,1273.39404296875
48813,3,44,4,20,-15,20,-15,1273.4610595703125
48813,3,50,2,20,-10,20,-10,1274.3609619140625
48813,3,47,2,17.5,-12.5,17.5,-12.5,1274.593994140625
48813,3,43,4,15,-15,15,-15,1275.06103515625
48813,3,40,4,17.5,-17.5,17.5,-17.5,1275.1610107421875
48813,3,36,4,15,-20,15,-20,1275.56103515625
48813,3,35,5,15,-23.5,15,-23.5,1276.39404296875
48813,3,38,5,20,-20,20,-20,1278.06103515625
48813,3,44,4,20,-15,20,-15,1278.7939453125
48813,3,50,2,20,-10,20,-10,1279.56103515625
48813,3,47,2,17.5,-12.5,17.5,-12.5,1279.6280517578125
48813,3,40,4,17.5,-17.5,17.5,-17.5,1280.1939697265625
48813,3,35,5,15,-23.5,15,-23.5,1281.6949462890625
48813,3,36,4,15,-20,15,-20,1281.760986328125
48813,3,38,5,20,-20,20,-20,1283.4610595703125
48813,3,44,4,20,-15,20,-15,1284.1949462890625
48813,3,45,5,23.5,-15,23.5,-15,1284.56103515625
48813,3,47,2,17.5,-12.5,17.5,-12.5,1284.7950439453125
48813,4,50,2,-10,-20,-10,-20,1293.1619873046875
48813,4,52,2,-12.5,-17.5,-12.5,-17.5,1293.56201171875
48813,4,56,4,-15,-15,-15,-15,1293.9949951171875
48813,4,53,4,-17.5,-17.5,-17.5,-17.5,1294.362060546875
48813,4,57,4,-20,-15,-20,-15,1294.6949462890625
48813,4,51,5,-20,-20,-20,-20,1295.06201171875
48813,4,48,5,-15,-23.5,-15,-23.5,1296.06201171875
48813,4,49,4,-15,-20,-15,-20,1296.9620361328125
48813,4,60,2,-17.5,-12.5,-17.5,-12.5,1298.1619873046875
48813,4,58,5,-23.5,-15,-23.5,-15,1298.9620361328125
48813,4,53,4,-17.5,-17.5,-17.5,-17.5,1299.6619873046875
48813,4,57,4,-20,-15,-20,-15,1299.72802734375
48813,4,51,5,-20,-20,-20,-20,1300.094970703125
48813,4,56,4,-15,-15,-15,-15,1300.362060546875
48813,4,59,2,-12.5,-12.5,-12.5,-12.5,1300.89501953125
48813,4,55,1,-10,-15,-10,-15,1301.261962890625
48813,4,52,2,-12.5,-17.5,-12.5,-17.5,1301.4620361328125
48813,4,50,2,-10,-20,-10,-20,1301.7950439453125
48813,4,48,5,-15,-23.5,-15,-23.5,1302.362060546875
48813,4,49,4,-15,-20,-15,-20,1302.862060546875
48813,4,58,5,-23.5,-15,-23.5,-15,1304.261962890625
48813,4,53,4,-17.5,-17.5,-17.5,-17.5,1304.6949462890625
48813,4,57,4,-20,-15,-20,-15,1304.761962890625
48813,4,60,2,-17.5,-12.5,-17.5,-12.5,1304.9949951171875
48813,4,63,2,-20,-10,-20,-10,1305.362060546875
48813,4,51,5,-20,-20,-20,-20,1306.4610595703125
48813,4,56,4,-15,-15,-15,-15,1307.1619873046875
48813,4,52,2,-12.5,-17.5,-12.5,-17.5,1307.4949951171875
48813,4,49,4,-15,-20,-15,-20,1307.9949951171875
48813,4,48,5,-15,-23.5,-15,-23.5,1308.39599609375
48813,4,53,4,-17.5,-17.5,-17.5,-17.5,1309.72802734375
48813,4,57,4,-20,-15,-20,-15,1309.862060546875
48813,4,58,5,-23.5,-15,-23.5,-15,1310.362060546875
48813,4,49,4,-15,-15,-15,-20,1312.1619873046875
48813,4,56,4,-15,-15,-15,-15,1312.1949462890625
48813,4,59,2,-12.5,-12.5,-12.5,-12.5,1312.261962890625
48813,4,51,5,-20,-20,-20,-20,1313.4620361328125
48813,4,49,4,-15,-20,-15,-20,1313.9959716796875
48813,4,48,5,-15,-23.5,-15,-23.5,1314.095947265625
48813,4,52,2,-12.5,-17.5,-12.5,-17.5,1314.761962890625
48813,4,60,2,-17.5,-12.5,-17.5,-12.5,1315.6619873046875
48813,4,57,4,-20,-15,-20,-15,1316.261962890625
48813,4,58,5,-23.5,-15,-23.5,-15,1316.362060546875
48813,4,53,4,-17.5,-17.5,-17.5,-17.5,1316.89599609375
48813,4,56,4,-15,-15,-15,-15,1317.56201171875
48813,4,59,2,-12.5,-12.5,-12.5,-12.5,1318.06201171875
48813,4,62,1,-15,-10,-15,-10,1318.863037109375
48813,4,63,2,-20,-10,-20,-10,1319.4620361328125
48813,4,51,5,-20,-20,-20,-20,1320.595947265625
48813,4,48,5,-15,-23.5,-15,-23.5,1321.4630126953125
48813,4,49,4,-15,-20,-15,-20,1321.762939453125
48813,4,50,2,-10,-20,-10,-20,1322.2960205078125
48813,4,53,4,-17.5,-17.5,-17.5,-17.5,1323.363037109375
48813,4,58,5,-23.5,-15,-23.5,-15,1324.262939453125
48813,4,57,4,-20,-15,-20,-15,1324.762939453125
48813,4,56,4,-15,-15,-15,-15,1325.4959716796875
48813,4,51,5,-20,-20,-20,-20,1325.863037109375
48813,4,60,2,-17.5,-12.5,-17.5,-12.5,1327.196044921875
48813,4,52,2,-12.5,-17.5,-12.5,-17.5,1328.06201171875
48813,4,49,4,-15,-20,-15,-20,1328.1629638671875
48813,4,48,5,-15,-23.5,-15,-23.5,1328.862060546875
48813,4,53,4,-17.5,-17.5,-17.5,-17.5,1330.196044921875
48813,4,51,5,-20,-20,-20,-20,1331.262939453125
48813,4,56,4,-15,-15,-15,-15,1331.863037109375
48813,4,57,4,-20,-15,-20,-15,1332.095947265625
48813,4,60,2,-17.5,-12.5,-17.5,-12.5,1332.22998046875
48813,4,58,5,-23.5,-15,-23.5,-15,1332.594970703125
48813,4,63,2,-20,-10,-20,-10,1333.2950439453125
48813,4,59,2,-12.5,-12.5,-12.5,-12.5,1333.9630126953125
48813,4,55,1,-10,-15,-10,-15,1334.39599609375
48813,4,50,2,-10,-20,-10,-20,1335.06298828125
48813,4,48,5,-15,-23.5,-15,-23.5,1337.762939453125
48813,4,49,4,-15,-20,-15,-20,1337.9959716796875
48813,4,52,2,-12.5,-17.5,-12.5,-17.5,1338.4630126953125
48813,4,56,4,-15,-15,-15,-15,1338.762939453125
48813,4,59,2,-12.5,-12.5,-12.5,-12.5,1339.1629638671875
48813,4,61,1,-10,-10,-10,-10,1339.6619873046875
48813,4,62,1,-15,-10,-15,-10,1340.06201171875
48813,4,60,2,-17.5,-12.5,-17.5,-12.5,1340.39697265625
48813,4,57,4,-20,-15,-20,-15,1340.863037109375
48813,4,58,5,-23.5,-15,-23.5,-15,1341.4630126953125
48813,4,63,2,-20,-10,-20,-10,1342.0970458984375
48813,4,51,5,-20,-20,-20,-20,1344.9959716796875
48813,4,53,4,-17.5,-17.5,-17.5,-17.5,1345.39697265625
48813,4,49,4,-15,-20,-15,-20,1345.762939453125
48813,4,50,2,-10,-20,-10,-20,1346.4969482421875
48813,4,52,2,-12.5,-17.5,-12.5,-17.5,1346.697021484375
48813,4,57,4,-20,-15,-20,-15,1347.762939453125
48813,4,58,5,-23.5,-15,-23.5,-15,1348.095947265625
48813,4,48,5,-15,-23.5,-15,-23.5,1349.863037109375
48813,4,49,4,-15,-20,-15,-20,1350.7969970703125
48813,4,53,4,-17.5,-17.5,-17.5,-17.5,1351.4639892578125
48813,4,51,5,-20,-20,-20,-20,1351.7969970703125
48813,4,57,4,-20,-15,-20,-15,1352.7969970703125
48813,4,60,2,-17.5,-12.5,-17.5,-12.5,1353.0970458984375
48813,4,56,4,-15,-15,-15,-15,1353.2640380859375
48813,4,52,2,-12.5,-17.5,-12.5,-17.5,1353.7640380859375
48813,4,50,2,-10,-20,-10,-20,1354.7640380859375
48813,4,53,4,-17.5,-17.5,-17.5,-17.5,1356.4969482421875
48813,4,51,5,-20,-20,-20,-20,1356.8299560546875
48813,4,48,5,-15,-23.5,-15,-23.5,1356.89697265625
48813,4,49,4,-15,-20,-15,-20,1356.9639892578125
48813,4,53,4,-20,-15,-17.5,-17.5,1358.56298828125
48813,4,57,4,-20,-15,-20,-15,1358.5970458984375
48813,4,56,4,-15,-15,-15,-15,1359.1639404296875
48813,4,62,1,-15,-10,-15,-10,1359.9639892578125
48813,4,60,2,-17.5,-12.5,-17.5,-12.5,1360.1639404296875
48813,4,59,2,-12.5,-12.5,-12.5,-12.5,1360.4639892578125
48813,4,55,1,-10,-15,-10,-15,1360.7960205078125
48813,4,50,2,-10,-20,-10,-20,1361.697021484375
48813,4,52,2,-12.5,-17.5,-12.5,-17.5,1361.89697265625
48813,4,53,4,-17.5,-17.5,-17.5,-17.5,1362.56396484375
48813,4,51,5,-20,-20,-20,-20,1362.9639892578125
48813,4,49,4,-15,-20,-15,-20,1363.363037109375
48813,4,48,5,-15,-23.5,-15,-23.5,1363.7969970703125
48813,4,57,4,-20,-15,-20,-15,1366.4630126953125
48813,4,58,5,-23.5,-15,-23.5,-15,1366.7640380859375
48813,4,56,4,-15,-15,-15,-15,1367.56396484375
48813,4,53,4,-17.5,-17.5,-17.5,-17.5,1367.6309814453125
48813,4,55,1,-10,-15,-10,-15,1368.2969970703125
48813,4,50,2,-10,-20,-10,-20,1368.864013671875
48813,4,52,2,-12.5,-17.5,-12.5,-17.5,1368.9969482421875
48813,4,49,4,-15,-20,-15,-20,1369.2979736328125
48813,4,48,5,-15,-23.5,-15,-23.5,1369.9639892578125
48813,4,51,5,-20,-20,-20,-20,1370.89794921875
48813,4,57,4,-20,-15,-20,-15,1372.4630126953125
48813,4,60,2,-17.5,-12.5,-17.5,-12.5,1372.56396484375
48813,4,58,5,-23.5,-15,-23.5,-15,1372.864013671875
48813,4,53,4,-17.5,-17.5,-17.5,-17.5,1373.56396484375
48813,4,56,4,-15,-15,-15,-15,1373.864013671875
48813,4,49,4,-15,-20,-15,-20,1374.3310546875
48813,4,48,5,-15,-23.5,-15,-23.5,1374.998046875
48813,4,51,5,-20,-20,-20,-20,1375.9310302734375
48813,4,52,2,-12.5,-17.5,-12.5,-17.5,1377.7640380859375
48813,4,53,4,-17.5,-17.5,-17.5,-17.5,1378.7650146484375
48813,4,56,4,-15,-15,-15,-15,1378.89794921875
48813,4,60,2,-17.5,-12.5,-17.5,-12.5,1379.1639404296875
48813,4,62,1,-15,-10,-15,-10,1379.4969482421875
48813,4,57,4,-20,-15,-20,-15,1380.56494140625
48813,4,58,5,-23.5,-15,-23.5,-15,1380.9649658203125
48813,4,51,5,-20,-20,-20,-20,1381.7650146484375
48813,4,49,4,-15,-20,-15,-20,1382.56494140625
48813,4,48,5,-15,-23.5,-15,-23.5,1382.6639404296875
48813,4,53,4,-17.5,-17.5,-17.5,-17.5,1384.0980224609375
48813,4,60,2,-17.5,-12.5,-17.5,-12.5,1385.1650390625
48813,4,56,4,-15,-15,-15,-15,1385.39794921875
48813,4,59,2,-12.5,-12.5,-12.5,-12.5,1385.7650146484375
48813,4,52,2,-12.5,-17.5,-12.5,-17.5,1386.06494140625
48813,4,50,2,-10,-20,-10,-20,1386.56494140625
48813,4,48,5,-15,-23.5,-15,-23.5,1388.498046875
48813,4,49,4,-15,-20,-15,-20,1389.498046875
48813,4,53,4,-17.5,-17.5,-17.5,-17.5,1389.998046875
48813,4,51,5,-20,-20,-20,-20,1390.2979736328125
48813,4,58,5,-23.5,-15,-23.5,-15,1391.0980224609375
48813,4,57,4,-20,-15,-20,-15,1391.998046875
48813,4,56,4,-15,-15,-15,-15,1392.697998046875
48813,4,52,2,-12.5,-17.5,-12.5,-17.5,1393.06494140625
48813,4,55,1,-10,-15,-10,-15,1393.697998046875
48813,4,59,2,-12.5,-12.5,-12.5,-12.5,1394.1639404296875
48813,4,60,2,-17.5,-12.5,-17.5,-12.5,1394.864990234375
48813,4,51,5,-20,-20,-20,-20,1395.9649658203125
48813,4,53,4,-17.5,-17.5,-17.5,-17.5,1396.06494140625
48813,4,49,4,-15,-20,-15,-20,1396.39794921875
48813,4,48,5,-15,-23.5,-15,-23.5,1399.1650390625
48813,4,56,4,-15,-15,-15,-15,1400.4649658203125
48813,4,60,2,-17.5,-12.5,-17.5,-12.5,1400.8990478515625
48813,4,57,4,-20,-15,-20,-15,1400.9649658203125
48813,4,58,5,-23.5,-15,-23.5,-15,1401.5989990234375
48813,4,51,5,-20,-20,-20,-20,1402.364990234375
48813,4,53,4,-17.5,-17.5,-17.5,-17.5,1402.698974609375
48813,4,52,2,-12.5,-17.5,-12.5,-17.5,1403.4639892578125
48813,4,59,2,-12.5,-12.5,-12.5,-12.5,1404.1650390625
48813,4,56,4,-15,-15,-15,-15,1405.4990234375
48813,4,55,1,-10,-15,-10,-15,1405.56494140625
48813,4,49,4,-15,-20,-15,-20,1406.0660400390625
48813,4,48,5,-15,-23.5,-15,-23.5,1406.4649658203125
48813,4,51,5,-20,-20,-20,-20,1407.3990478515625
48813,4,58,5,-23.5,-15,-23.5,-15,1408.698974609375
48813,4,53,4,-17.5,-17.5,-17.5,-17.5,1409.365966796875
48813,4,52,2,-12.5,-17.5,-12.5,-17.5,1410.5660400390625
48813,4,56,4,-15,-15,-15,-15,1410.7659912109375
48813,4,57,4,-20,-15,-20,-15,1411.365966796875
48813,4,53,4,-15,-20,-17.5,-17.5,1412.4320068359375
48813,4,49,4,-15,-20,-15,-20,1412.4659423828125
48813,4,48,5,-15,-23.5,-15,-23.5,1412.9659423828125
48813,4,50,2,-10,-20,-10,-20,1414.0660400390625
48813,4,54,1,-6.5,-15,-6.5,-15,1414.9990234375
48813,4,55,1,-10,-15,-10,-15,1415.166015625
48813,4,59,2,-12.5,-12.5,-12.5,-12.5,1415.666015625
48813,4,61,1,-10,-10,-10,-10,1416.2659912109375
48813,4,62,1,-15,-10,-15,-10,1416.865966796875
48813,4,60,2,-17.5,-12.5,-17.5,-12.5,1417.39794921875
48813,4,57,4,-20,-15,-20,-15,1417.865966796875
48813,4,58,5,-23.5,-15,-23.5,-15,1418.198974609375
48813,4,51,5,-20,-20,-20,-20,1418.666015625
48813,4,53,4,-17.5,-17.5,-17.5,-17.5,1418.865966796875
48813,4,49,4,-15,-20,-15,-20,1419.2659912109375
48813,4,48,5,-15,-23.5,-15,-23.5,1419.666015625
48813,4,57,4,-20,-15,-20,-15,1422.8990478515625
48813,4,56,4,-15,-15,-15,-15,1423.166015625
48813,4,52,2,-12.5,-17.5,-12.5,-17.5,1423.5660400390625
48813,4,55,1,-10,-15,-10,-15,1423.9659423828125
48813,4,59,2,-12.5,-12.5,-12.5,-12.5,1424.0660400390625
48813,4,62,1,-15,-10,-15,-10,1424.4659423828125
48813,4,60,2,-17.5,-12.5,-17.5,-12.5,1424.5989990234375
48813,4,63,2,-20,-10,-20,-10,1424.9659423828125
48813,4,58,5,-23.5,-15,-23.5,-15,1425.5660400390625
48813,4,53,4,-17.5,-17.5,-17.5,-17.5,1427.0999755859375
48813,4,49,4,-15,-20,-15,-20,1427.4000244140625
48813,4,48,5,-15,-23.5,-15,-23.5,1427.8330078125
48813,4,51,5,-20,-20,-20,-20,1428.300048828125
48813,4,57,4,-20,-15,-20,-15,1430.032958984375
48813,4,56,4,-15,-15,-15,-15,1430.800048828125
48813,4,52,2,-12.5,-17.5,-12.5,-17.5,1431.4659423828125
48813,4,49,4,-15,-20,-15,-20,1432.4329833984375
48813,4,51,5,-20,-20,-20,-20,1433.3330078125
48813,4,58,5,-23.5,-15,-23.5,-15,1433.9000244140625
48813,4,53,4,-17.5,-17.5,-17.5,-17.5,1434.5999755859375
48813,4,48,5,-15,-23.5,-15,-23.5,1435.633056640625
48813,4,51,5,-20,-20,-20,-20,1441.300048828125
48813,4,53,4,-17.5,-17.5,-17.5,-17.5,1441.699951171875
48813,4,58,5,-23.5,-15,-23.5,-15,1443.8330078125
48813,4,57,4,-20,-15,-20,-15,1444.300048828125
48813,4,60,2,-17.5,-12.5,-17.5,-12.5,1444.8330078125
48813,4,51,5,-20,-20,-20,-20,1446.3330078125
48813,4,48,5,-15,-23.5,-15,-23.5,1446.866943359375
48813,4,49,4,-15,-20,-15,-20,1447.5
48813,4,53,4,-17.5,-17.5,-17.5,-17.5,1448.032958984375
48813,4,56,4,-15,-15,-15,-15,1448.300048828125
48813,4,52,2,-12.5,-17.5,-12.5,-17.5,1448.4000244140625
48813,4,57,4,-20,-15,-20,-15,1449.333984375
48813,4,58,5,-23.5,-15,-23.5,-15,1449.634033203125
48813,4,48,5,-15,-23.5,-15,-23.5,1451.9000244140625
48813,4,49,4,-15,-20,-15,-20,1452.5340576171875
48813,4,53,4,-17.5,-17.5,-17.5,-17.5,1453.0670166015625
48813,4,51,5,-20,-20,-20,-20,1453.134033203125
48813,4,57,4,-20,-15,-20,-15,1455.7340087890625
48813,4,58,5,-23.5,-15,-23.5,-15,1456.0999755859375
48813,4,56,4,-15,-15,-15,-15,1457.300048828125
48813,4,49,4,-15,-20,-15,-20,1457.6009521484375
48813,4,48,5,-15,-23.5,-15,-23.5,1458.0999755859375
48813,4,50,2,-10,-20,-10,-20,1458.5999755859375
48813,4,53,4,-17.5,-17.5,-17.5,-17.5,1459.0009765625
48813,4,51,5,-20,-20,-20,-20,1459.301025390625
48813,4,55,1,-10,-15,-10,-15,1461.134033203125
48813,4,56,4,-15,-15,-15,-15,1462.333984375
48813,4,57,4,-20,-15,-20,-15,1462.801025390625
48813,4,58,5,-23.5,-15,-23.5,-15,1463.2010498046875
48813,4,63,2,-20,-10,-20,-10,1463.7340087890625
48813,4,64,1,-15,-10,-15,-6.5,1464.4010009765625
48813,4,62,1,-15,-10,-15,-10,1464.4339599609375
48813,4,53,4,-17.5,-17.5,-17.5,-17.5,1465.0999755859375
48813,4,49,4,-15,-20,-15,-20,1465.4339599609375
48813,4,48,5,-15,-23.5,-15,-23.5,1465.9010009765625
48813,4,51,5,-20,-20,-20,-20,1466.6009521484375
48813,4,50,2,-10,-20,-10,-20,1468.6009521484375
48813,4,52,2,-12.5,-17.5,-12.5,-17.5,1468.833984375
48813,4,56,4,-15,-15,-15,-15,1469.2010498046875
48813,4,53,4,-17.5,-17.5,-17.5,-17.5,1470.134033203125
48813,4,57,4,-20,-15,-20,-15,1470.4010009765625
48813,4,58,5,-23.5,-15,-23.5,-15,1470.5340576171875
48813,4,51,5,-20,-20,-20,-20,1471.634033203125
48813,4,48,5,-15,-23.5,-15,-23.5,1473.5340576171875
48813,4,49,4,-15,-20,-15,-20,1474.2340087890625
48813,4,52,2,-12.5,-17.5,-12.5,-17.5,1474.7010498046875
48813,4,50,2,-10,-20,-10,-20,1474.9010009765625
48813,4,55,1,-10,-15,-10,-15,1475.4339599609375
48813,4,56,4,-15,-15,-15,-15,1475.9010009765625
48813,4,60,2,-17.5,-12.5,-17.5,-12.5,1476.4010009765625
48813,4,57,4,-20,-15,-20,-15,1476.9010009765625
48813,4,51,5,-20,-20,-20,-20,1477.6009521484375
48813,4,58,5,-23.5,-15,-23.5,-15,1478.801025390625
48813,4,53,4,-17.5,-17.5,-17.5,-17.5,1479.6009521484375
48813,4,52,2,-12.5,-17.5,-12.5,-17.5,1480.301025390625
48813,4,50,2,-10,-20,-10,-20,1480.801025390625
48813,4,48,5,-15,-23.5,-15,-23.5,1481.93505859375
48813,4,51,5,-20,-20,-20,-20,1484.5009765625
48813,4,49,4,-15,-20,-15,-20,1486.801025390625
48813,5,8,2,5,10,5,10,81.185333251953125
48813,5,15,2,10,5,10,5,83.5853271484375
48813,5,17,2,10,1.5,10,1.5,84.0863265991211
48813,5,20,2,10,-20,10,-20,87.0863265991211
48813,5,22,2,12.5,-17.5,12.5,-17.5,87.219329833984375
48813,5,19,2,15,-20,15,-20,87.5863265991211
48813,5,18,2,15,-23.5,15,-23.5,87.78633117675781
48813,5,21,2,20,-20,20,-20,88.78633117675781
48813,5,27,2,20,-15,20,-15,89.48533630371094
48813,5,33,2,20,-10,20,-10,90.18633270263672
48813,5,34,2,15,-6.5,15,-6.5,90.98634338378906
48813,5,32,2,15,-10,15,-10,91.219329833984375
48813,5,29,2,12.5,-12.5,12.5,-12.5,91.5863265991211
48813,5,26,2,15,-15,15,-15,91.91932678222656
48813,5,22,2,12.5,-17.5,12.5,-17.5,92.2863311767578
48813,5,25,2,10,-15,10,-15,92.3863296508789
48813,5,24,2,6.5,-15,6.5,-15,92.8863296508789
48813,5,31,2,10,-10,10,-10,93.5863265991211
48813,5,30,2,17.5,-12.5,17.5,-12.5,94.753326416015625
48813,5,27,2,20,-15,20,-15,95.45333099365234
48813,5,33,2,20,-10,20,-10,96.18633270263672
48813,5,26,2,15,-15,15,-15,96.95333099365234
48813,5,29,2,12.5,-12.5,12.5,-12.5,97.0863265991211
48813,5,25,2,10,-15,10,-15,97.42032623291016
48813,5,24,2,6.5,-15,6.5,-15,97.92032623291016
48813,5,53,2,-5,-15,-5,-15,99.48634338378906
48813,5,54,2,-10,-15,-10,-15,100.21929931640624
48813,5,57,2,-12.5,-12.5,-12.5,-12.5,100.88629913330078
48813,5,62,2,-18.5,-10,-18.5,-10,109.55329895019533
48813,5,61,2,-15,-10,-15,-10,110.05329895019533
48813,5,57,2,-12.5,-12.5,-12.5,-12.5,110.6863021850586
48813,5,54,2,-10,-15,-10,-15,111.42030334472656
48813,5,52,2,-10,-18.5,-10,-18.5,111.55329895019533
48813,5,53,2,-5,-15,-5,-15,112.1532974243164
48813,5,56,2,-7.5,-12.5,-7.5,-12.5,112.35330200195313
48813,5,29,2,12.5,-12.5,12.5,-12.5,115.01930236816406
48813,5,30,2,17.5,-12.5,17.5,-12.5,115.72029876708984
48813,5,32,2,15,-10,15,-10,116.02030181884766
48813,5,22,2,12.5,-17.5,12.5,-17.5,116.85330200195313
48813,5,19,2,15,-20,15,-20,117.22029876708984
48813,5,21,2,20,-20,20,-20,117.92030334472656
48813,5,18,2,15,-23.5,15,-23.5,118.02030181884766
48813,5,20,2,10,-20,10,-20,118.62030029296876
48813,5,25,2,10,-15,10,-15,119.32029724121094
48813,5,29,2,12.5,-12.5,12.5,-12.5,120.0542984008789
48813,5,30,2,17.5,-12.5,17.5,-12.5,120.75430297851564
48813,5,27,2,20,-15,20,-15,120.82029724121094
48813,5,23,2,17.5,-17.5,17.5,-17.5,121.32029724121094
48813,5,26,2,15,-15,15,-15,121.92030334472656
48813,5,32,2,15,-10,15,-10,122.92030334472656
48813,5,34,2,15,-6.5,15,-6.5,123.22029876708984
48813,5,58,2,-1.5,-10,-1.5,-10,131.05430603027344
48813,5,59,2,-5,-10,-5,-10,134.22129821777344
48813,5,32,2,15,-10,15,-10,137.42129516601565
48813,5,30,2,17.5,-12.5,17.5,-12.5,137.92129516601565
48813,5,29,2,12.5,-12.5,12.5,-12.5,138.12130737304688
48813,5,25,2,10,-15,10,-15,138.92129516601565
48813,5,26,2,15,-15,15,-15,139.22030639648438
48813,5,23,2,17.5,-17.5,17.5,-17.5,139.72129821777344
48813,5,27,2,20,-15,20,-15,139.92129516601565
48813,5,33,2,20,-10,20,-10,140.72129821777344
48813,5,24,2,6.5,-15,6.5,-15,142.82130432128906
48813,5,53,2,-5,-15,-5,-15,144.42129516601565
48813,5,56,2,-7.5,-12.5,-7.5,-12.5,144.92129516601565
48813,5,63,2,-7.5,-7.5,-7.5,-7.5,145.62130737304688
48813,5,66,2,-10,-5,-10,-5,146.22129821777344
48813,5,52,2,-10,-18.5,-10,-18.5,148.8553009033203
48813,5,54,2,-10,-15,-10,-15,149.32229614257813
48813,5,60,2,-10,-10,-10,-10,150.42129516601565
48813,5,59,2,-5,-10,-5,-10,150.92129516601565
48813,5,65,2,-5,-5,-5,-5,155.72230529785156
48813,5,66,2,-10,-5,-10,-5,156.65530395507813
48813,5,64,2,-12.5,-7.5,-12.5,-7.5,157.32229614257813
48813,5,60,2,-10,-10,-10,-10,157.82229614257813
48813,5,57,2,-12.5,-12.5,-12.5,-12.5,158.12229919433594
48813,5,54,2,-10,-15,-10,-15,158.42230224609375
48813,5,52,2,-10,-18.5,-10,-18.5,158.92230224609375
48813,5,53,2,-5,-15,-5,-15,159.65530395507813
48813,5,59,2,-5,-10,-5,-10,160.32229614257813
48813,5,63,2,-7.5,-7.5,-7.5,-7.5,160.7552947998047
48813,5,61,2,-15,-10,-15,-10,161.62229919433594
48813,5,55,2,-15,-15,-15,-15,162.154296875
48813,5,56,2,-7.5,-12.5,-7.5,-12.5,163.22230529785156
48813,5,66,2,-10,-5,-10,-5,164.5222930908203
48813,5,64,2,-12.5,-7.5,-12.5,-7.5,165.12229919433594
48813,5,67,2,-15,-5,-15,-5,165.22230529785156
48813,5,57,2,-12.5,-12.5,-12.5,-12.5,165.8553009033203
48813,5,54,2,-10,-15,-10,-15,166.42230224609375
48813,5,59,2,-5,-10,-5,-10,167.0222930908203
48813,5,63,2,-7.5,-7.5,-7.5,-7.5,167.45530700683594
48813,5,60,2,-10,-10,-10,-10,167.65530395507813
48813,5,56,2,-7.5,-12.5,-7.5,-12.5,169.2552947998047
48813,5,64,2,-12.5,-7.5,-12.5,-7.5,170.32229614257813
48813,5,57,2,-12.5,-12.5,-12.5,-12.5,170.88929748535156
48813,5,61,2,-15,-10,-15,-10,170.95530700683594
48813,5,66,2,-10,-5,-10,-5,171.7563018798828
48813,5,63,2,-7.5,-7.5,-7.5,-7.5,172.4893035888672
48813,5,60,2,-10,-10,-10,-10,172.68930053710938
48813,5,59,2,-5,-10,-5,-10,172.7552947998047
48813,5,53,2,-5,-15,-5,-15,173.45530700683594
48813,5,54,2,-10,-15,-10,-15,174.12229919433594
48813,5,55,2,-15,-15,-15,-15,174.82229614257813
48813,5,56,2,-7.5,-12.5,-7.5,-12.5,175.92230224609375
48813,5,57,2,-12.5,-12.5,-12.5,-12.5,176.42230224609375
48813,5,61,2,-15,-10,-15,-10,176.82229614257813
48813,5,60,2,-10,-10,-10,-10,177.92230224609375
48813,5,64,2,-12.5,-7.5,-12.5,-7.5,178.52330017089844
48813,5,67,2,-15,-5,-15,-5,179.05630493164065
48813,5,63,2,-7.5,-7.5,-7.5,-7.5,179.52330017089844
48813,5,59,2,-5,-10,-5,-10,180.22329711914065
48813,5,58,2,-1.5,-10,-1.5,-10,180.72329711914065
48813,5,56,2,-7.5,-12.5,-7.5,-12.5,181.72329711914065
48813,5,54,2,-10,-15,-10,-15,182.4232940673828
48813,5,57,2,-12.5,-12.5,-12.5,-12.5,182.9232940673828
48813,5,60,2,-10,-10,-10,-10,183.72329711914065
48813,5,64,2,-12.5,-7.5,-12.5,-7.5,184.32330322265625
48813,5,66,2,-10,-5,-10,-5,184.4232940673828
48813,5,61,2,-15,-10,-15,-10,184.85629272460935
48813,5,63,2,-7.5,-7.5,-7.5,-7.5,186.1222991943359
48813,5,59,2,-5,-10,-5,-10,187.52330017089844
48813,5,65,2,-5,-5,-5,-5,187.85629272460935
48813,5,60,2,-10,-10,-10,-10,189.4232940673828
48813,5,57,2,-12.5,-12.5,-12.5,-12.5,189.9232940673828
48813,5,61,2,-15,-10,-15,-10,190.32330322265625
48813,5,64,2,-12.5,-7.5,-12.5,-7.5,190.6233062744141
48813,5,63,2,-7.5,-7.5,-7.5,-7.5,191.4232940673828
48813,5,56,2,-7.5,-12.5,-7.5,-12.5,192.02330017089844
48813,5,54,2,-10,-15,-10,-15,192.6233062744141
48813,5,52,2,-10,-18.5,-10,-18.5,193.1562957763672
48813,5,55,2,-15,-15,-15,-15,194.55630493164065
48813,5,61,2,-15,-10,-15,-10,195.35629272460935
48813,5,64,2,-12.5,-7.5,-12.5,-7.5,195.7563018798828
48813,5,66,2,-10,-5,-10,-5,196.2563018798828
48813,5,63,2,-7.5,-7.5,-7.5,-7.5,196.72329711914065
48813,5,56,2,-7.5,-12.5,-7.5,-12.5,197.456298828125
48813,5,54,2,-10,-15,-10,-15,197.85629272460935
48813,5,57,2,-12.5,-12.5,-12.5,-12.5,198.1233062744141
48813,5,60,2,-10,-10,-10,-10,198.456298828125
48813,5,59,2,-5,-10,-5,-10,199.4232940673828
48813,5,58,2,-1.5,-10,-1.5,-10,199.5572967529297
48813,5,64,2,-12.5,-7.5,-12.5,-7.5,200.82229614257813
48813,5,61,2,-15,-10,-15,-10,201.72329711914065
48813,5,55,2,-15,-15,-15,-15,202.32330322265625
48813,5,54,2,-10,-15,-10,-15,203.1233062744141
48813,5,53,2,-5,-15,-5,-15,203.82330322265625
48813,5,56,2,-7.5,-12.5,-7.5,-12.5,204.22329711914065
48813,5,57,2,-12.5,-12.5,-12.5,-12.5,204.8572998046875
48813,5,60,2,-10,-10,-10,-10,205.05630493164065
48813,5,59,2,-5,-10,-5,-10,205.4232940673828
48813,5,66,2,-10,-5,-10,-5,206.4232940673828
48813,5,68,2,-10,-1.5,-10,-1.5,206.8572998046875
48813,5,54,2,-10,-15,-10,-15,208.4232940673828
48813,5,55,2,-15,-15,-15,-15,209.25729370117188
48813,5,57,2,-12.5,-12.5,-12.5,-12.5,209.95730590820313
48813,5,60,2,-10,-10,-10,-10,210.4232940673828
48813,5,61,2,-15,-10,-15,-10,210.6573028564453
48813,5,62,2,-18.5,-10,-18.5,-10,211.1573028564453
48813,5,63,2,-7.5,-7.5,-7.5,-7.5,212.22430419921875
48813,5,66,2,-10,-5,-10,-5,212.42430114746097
48813,5,56,2,-7.5,-12.5,-7.5,-12.5,212.82330322265625
48813,5,59,2,-5,-10,-5,-10,213.1573028564453
48813,5,64,2,-12.5,-7.5,-12.5,-7.5,214.8572998046875
48813,5,57,2,-12.5,-12.5,-12.5,-12.5,215.62429809570313
48813,5,55,2,-10,-15,-15,-15,216.3242950439453
48813,5,54,2,-10,-15,-10,-15,216.3572998046875
48813,5,53,2,-5,-15,-5,-15,217.0572967529297
48813,5,56,2,-7.5,-12.5,-7.5,-12.5,217.8572998046875
48813,5,61,2,-15,-10,-15,-10,218.6573028564453
48813,5,66,2,-10,-5,-10,-5,219.42430114746097
48813,5,63,2,-7.5,-7.5,-7.5,-7.5,219.6573028564453
48813,5,60,2,-10,-10,-10,-10,219.95730590820313
48813,5,57,2,-12.5,-12.5,-12.5,-12.5,220.6573028564453
48813,5,64,2,-12.5,-7.5,-12.5,-7.5,221.0572967529297
48813,5,55,2,-15,-15,-15,-15,223.12429809570313
48813,5,56,2,-7.5,-12.5,-7.5,-12.5,223.62429809570313
48813,5,59,2,-5,-10,-5,-10,224.0572967529297
48813,5,63,2,-7.5,-7.5,-7.5,-7.5,224.6903076171875
48813,5,66,2,-10,-5,-10,-5,224.8242950439453
48813,5,61,2,-15,-10,-15,-10,225.6582946777344
48813,5,60,2,-10,-10,-10,-10,225.8242950439453
48813,5,64,2,-12.5,-7.5,-12.5,-7.5,226.09129333496097
48813,5,67,2,-15,-5,-15,-5,226.52430725097656
48813,5,57,2,-12.5,-12.5,-12.5,-12.5,229.22430419921875
48813,5,54,2,-10,-15,-10,-15,229.8242950439453
48813,5,53,2,-5,-15,-5,-15,230.52430725097656
48813,5,59,2,-5,-10,-5,-10,231.3242950439453
48813,5,65,2,-5,-5,-5,-5,232.02430725097656
48813,5,66,2,-10,-5,-10,-5,232.42430114746097
48813,5,64,2,-12.5,-7.5,-12.5,-7.5,232.75830078125
48813,5,60,2,-10,-10,-10,-10,232.92430114746097
48813,5,55,2,-15,-15,-15,-15,233.9582977294922
48813,5,57,2,-12.5,-12.5,-12.5,-12.5,234.25830078125
48813,5,61,2,-15,-10,-15,-10,234.32530212402344
48813,5,56,2,-7.5,-12.5,-7.5,-12.5,235.42529296875
48813,5,54,2,-10,-15,-10,-15,236.02529907226565
48813,5,52,2,-10,-18.5,-10,-18.5,236.32530212402344
48813,5,20,2,10,-20,10,-20,239.3242950439453
48813,5,19,2,15,-20,15,-20,240.02529907226565
48813,5,23,2,17.5,-17.5,17.5,-17.5,240.35830688476565
48813,5,26,2,15,-15,15,-15,240.5583038330078
48813,5,32,2,15,-10,15,-10,241.25830078125
48813,5,29,2,12.5,-12.5,12.5,-12.5,241.4582977294922
48813,5,31,2,10,-10,10,-10,241.75830078125
48813,5,25,2,10,-15,10,-15,242.22430419921875
48813,5,18,2,15,-23.5,15,-23.5,243.62530517578125
48813,5,21,2,20,-20,20,-20,244.42430114746097
48813,5,27,2,20,-15,20,-15,245.0572967529297
48813,5,30,2,17.5,-12.5,17.5,-12.5,245.62530517578125
48813,5,26,2,15,-15,15,-15,246.32530212402344
48813,5,29,2,12.5,-12.5,12.5,-12.5,246.49229431152344
48813,5,22,2,12.5,-17.5,12.5,-17.5,246.75830078125
48813,5,19,2,15,-20,15,-20,247.35830688476565
48813,5,23,2,17.5,-17.5,17.5,-17.5,247.82530212402344
48813,5,25,2,10,-15,10,-15,249.62530517578125
48813,5,24,2,6.5,-15,6.5,-15,250.12530517578125
48813,5,20,2,10,-20,10,-20,251.02430725097656
48813,5,22,2,12.5,-17.5,12.5,-17.5,251.79229736328125
48813,5,21,2,20,-20,20,-20,252.35830688476565
48813,5,23,2,17.5,-17.5,17.5,-17.5,255.02529907226565
48813,5,26,2,15,-15,15,-15,255.4593048095703
48813,5,30,2,17.5,-12.5,17.5,-12.5,255.82530212402344
48813,5,29,2,12.5,-12.5,12.5,-12.5,256.0592956542969
48813,5,25,2,10,-15,10,-15,256.5252990722656
48813,5,22,2,12.5,-17.5,12.5,-17.5,256.92529296875
48813,5,27,2,23.5,-15,20,-15,258.42529296875
48813,5,28,2,23.5,-15,23.5,-15,258.45928955078125
48813,5,33,2,20,-10,20,-10,259.1582946777344
48813,5,32,2,15,-10,15,-10,259.8252868652344
48813,5,31,2,10,-10,10,-10,260.5592956542969
48813,5,25,2,10,-15,10,-15,261.59228515625
48813,5,19,2,12.5,-17.5,15,-20,261.9263000488281
48813,5,22,2,12.5,-17.5,12.5,-17.5,261.95831298828125
48813,5,21,2,20,-20,20,-20,262.6263122558594
48813,5,23,2,17.5,-17.5,17.5,-17.5,262.85931396484375
48813,5,26,2,15,-15,15,-15,263.2262878417969
48813,5,29,2,12.5,-12.5,12.5,-12.5,263.7262878417969
48813,5,27,2,20,-15,20,-15,265.62530517578125
48813,5,30,2,17.5,-12.5,17.5,-12.5,266.0592956542969
48813,5,32,2,15,-10,15,-10,266.5592956542969
48813,5,25,2,10,-15,10,-15,267.4263000488281
48813,5,22,2,12.5,-17.5,12.5,-17.5,267.9263000488281
48813,5,26,2,15,-15,15,-15,268.2593078613281
48813,5,23,2,17.5,-17.5,17.5,-17.5,269.1263122558594
48813,5,19,2,15,-20,15,-20,269.52630615234375
48813,5,29,2,12.5,-12.5,12.5,-12.5,270.6263122558594
48813,5,34,2,15,-6.5,15,-6.5,271.52630615234375
48813,5,17,2,10,1.5,10,1.5,273.1593017578125
48813,5,15,2,10,5,10,5,273.3262939453125
48813,5,13,2,12.5,7.5,12.5,7.5,273.7593078613281
48813,5,9,2,10,10,10,10,274.45928955078125
48813,5,6,2,12.5,12.5,12.5,12.5,274.5592956542969
48813,5,5,2,7.5,12.5,7.5,12.5,275.1263122558594
48813,5,3,2,10,15,10,15,275.42529296875
48813,5,2,2,5,15,5,15,276.1263122558594
48813,5,41,2,-6.5,15,-6.5,15,277.6593017578125
48813,5,46,2,-12.5,12.5,-12.5,12.5,278.6593017578125
48813,5,43,2,-15,15,-15,15,279.02630615234375
48813,5,39,2,-12.5,17.5,-12.5,17.5,279.2593078613281
48813,5,40,2,-17.5,17.5,-17.5,17.5,279.9263000488281
48813,5,45,2,-23.5,15,-23.5,15,281.2262878417969
48813,5,44,2,-20,15,-20,15,281.86029052734375
48813,5,47,2,-17.5,12.5,-17.5,12.5,283.7933044433594
48813,5,50,2,-20,10,-20,10,284.6603088378906
48813,5,40,2,-17.5,17.5,-17.5,17.5,285.76031494140625
48813,5,43,2,-15,15,-15,15,286.560302734375
48813,5,49,2,-15,10,-15,10,287.0932922363281
48813,5,46,2,-12.5,12.5,-12.5,12.5,287.4602966308594
48813,5,39,2,-12.5,17.5,-12.5,17.5,288.1603088378906
48813,5,44,2,-20,15,-20,15,289.4932861328125
48813,5,50,2,-20,10,-20,10,290.060302734375
48813,5,47,2,-17.5,12.5,-17.5,12.5,290.1603088378906
48813,5,40,2,-17.5,17.5,-17.5,17.5,291.19329833984375
48813,5,36,2,-15,20,-15,20,291.3923034667969
48813,5,46,2,-12.5,12.5,-12.5,12.5,292.6922912597656
48813,5,49,2,-15,10,-15,10,293.2593078613281
48813,5,51,2,-15,6.5,-15,6.5,293.86029052734375
48813,5,43,2,-15,15,-15,15,296.060302734375
48813,5,39,2,-12.5,17.5,-12.5,17.5,296.393310546875
48813,5,36,2,-15,20,-15,20,296.76031494140625
48813,5,40,2,-17.5,17.5,-17.5,17.5,297.2262878417969
48813,5,44,2,-20,15,-20,15,297.6603088378906
48813,5,47,2,-17.5,12.5,-17.5,12.5,298.1593017578125
48813,5,46,2,-12.5,12.5,-12.5,12.5,298.86029052734375
48813,5,42,2,-10,15,-10,15,299.26031494140625
48813,5,41,2,-6.5,15,-6.5,15,299.76031494140625
48813,5,43,2,-15,15,-15,15,302.6603088378906
48813,5,40,2,-17.5,17.5,-17.5,17.5,303.060302734375
48813,5,44,2,-20,15,-20,15,303.6603088378906
48813,5,50,2,-20,10,-20,10,304.26031494140625
48813,5,49,2,-15,10,-15,10,304.7943115234375
48813,5,46,2,-12.5,12.5,-12.5,12.5,305.36029052734375
48813,5,42,2,-10,15,-10,15,305.9602966308594
48813,5,48,2,-10,10,-10,10,306.36029052734375
48813,5,39,2,-12.5,17.5,-12.5,17.5,306.9942932128906
48813,5,43,2,-15,15,-15,15,307.6943054199219
48813,5,40,2,-17.5,17.5,-17.5,17.5,308.09429931640625
48813,5,47,2,-17.5,12.5,-17.5,12.5,309.09429931640625
48813,5,38,2,-20,20,-20,20,310.560302734375
48813,5,45,2,-23.5,15,-23.5,15,311.26031494140625
48813,5,44,2,-20,15,-20,15,311.8612976074219
48813,5,43,2,-15,15,-15,15,312.86029052734375
48813,5,39,2,-12.5,17.5,-12.5,17.5,313.060302734375
48813,6,31,5,10,-10,10,-10,1493.7349853515625
48813,6,25,5,10,-15,10,-15,1494.10205078125
48813,6,24,5,6.5,-15,6.5,-15,1494.5009765625
48813,6,29,4,12.5,-12.5,12.5,-12.5,1495.7020263671875
48813,6,32,5,15,-10,15,-10,1496.135009765625
48813,6,30,4,17.5,-12.5,17.5,-12.5,1496.501953125
48813,6,34,5,15,-6.5,15,-6.5,1496.802001953125
48813,6,20,4,10,-20,10,-20,1499.43505859375
48813,6,22,4,12.5,-17.5,12.5,-17.5,1500.001953125
48813,6,29,4,12.5,-12.5,12.5,-12.5,1500.7349853515625
48813,6,26,2,15,-15,15,-15,1500.802001953125
48813,6,33,4,17.5,-12.5,20,-10,1501.501953125
48813,6,30,4,17.5,-12.5,17.5,-12.5,1501.5350341796875
48813,6,34,5,15,-6.5,15,-6.5,1501.9010009765625
48813,6,31,5,10,-10,10,-10,1502.43505859375
48813,6,25,5,10,-15,10,-15,1503.001953125
48813,6,24,5,6.5,-15,6.5,-15,1503.2020263671875
48813,6,20,4,10,-20,10,-20,1504.468994140625
48813,6,19,2,15,-20,15,-20,1504.9019775390625
48813,6,22,4,12.5,-17.5,12.5,-17.5,1505.0350341796875
48813,6,23,2,17.5,-17.5,17.5,-17.5,1505.302001953125
48813,6,27,2,20,-15,20,-15,1505.9019775390625
48813,6,28,1,23.5,-15,23.5,-15,1506.302001953125
48813,6,33,4,20,-10,20,-10,1507.43505859375
48813,6,32,5,15,-10,15,-10,1508.10205078125
48813,6,34,5,15,-6.5,15,-6.5,1508.43603515625
48813,6,31,5,10,-10,10,-10,1508.9019775390625
48813,6,29,4,12.5,-12.5,12.5,-12.5,1509.2020263671875
48813,6,25,5,10,-15,10,-15,1509.635986328125
48813,6,24,5,6.5,-15,6.5,-15,1510.2020263671875
48813,6,22,4,12.5,-17.5,12.5,-17.5,1511.302001953125
48813,6,26,2,15,-15,15,-15,1511.7020263671875
48813,6,30,4,17.5,-12.5,17.5,-12.5,1512.10205078125
48813,6,27,2,20,-15,20,-15,1512.501953125
48813,6,23,2,17.5,-17.5,17.5,-17.5,1512.635986328125
48813,6,19,2,15,-20,15,-20,1513.135986328125
48813,6,20,4,10,-20,10,-20,1513.8360595703125
48813,6,24,5,6.5,-15,6.5,-15,1515.2359619140625
48813,6,25,5,10,-15,10,-15,1515.60302734375
48813,6,29,4,12.5,-12.5,12.5,-12.5,1516.001953125
48813,6,31,5,10,-10,10,-10,1516.2359619140625
48813,6,32,5,15,-10,15,-10,1516.93603515625
48813,6,34,5,15,-6.5,15,-6.5,1517.4029541015625
48813,6,20,4,10,-20,10,-20,1520.001953125
48813,6,22,4,12.5,-17.5,12.5,-17.5,1520.2030029296875
48813,6,26,2,15,-15,15,-15,1520.60302734375
48813,6,30,4,17.5,-12.5,17.5,-12.5,1521.0360107421875
48813,6,27,2,20,-15,20,-15,1521.501953125
48813,6,33,4,20,-10,20,-10,1521.9029541015625
48813,6,32,5,15,-10,15,-10,1522.60302734375
48813,6,29,4,12.5,-12.5,12.5,-12.5,1522.93603515625
48813,6,31,5,10,-10,10,-10,1523.2349853515625
48813,6,25,5,10,-15,10,-15,1523.802978515625
48813,6,26,2,15,-15,15,-15,1525.7030029296875
48813,6,24,5,6.5,-15,6.5,-15,1526.10302734375
48813,6,20,4,10,-20,10,-20,1526.635986328125
48813,6,22,4,12.5,-17.5,12.5,-17.5,1526.9029541015625
48813,6,23,2,17.5,-17.5,17.5,-17.5,1527.60302734375
48813,6,30,4,17.5,-12.5,17.5,-12.5,1528.0030517578125
48813,6,32,5,15,-10,15,-10,1528.7030029296875
48813,6,34,5,15,-6.5,15,-6.5,1528.9029541015625
48813,6,31,5,10,-10,10,-10,1529.4029541015625
48813,6,29,4,12.5,-12.5,12.5,-12.5,1529.5360107421875
48813,6,25,5,10,-15,10,-15,1529.9029541015625
48813,6,26,2,15,-15,15,-15,1530.7359619140625
48813,6,33,4,20,-10,20,-10,1532.0030517578125
48813,6,30,4,17.5,-12.5,17.5,-12.5,1533.0699462890625
48813,6,22,4,12.5,-17.5,12.5,-17.5,1534.302978515625
48813,6,20,4,10,-20,10,-20,1534.635986328125
48813,6,24,5,6.5,-15,6.5,-15,1535.302978515625
48813,6,25,5,10,-15,10,-15,1535.43603515625
48813,6,31,5,10,-10,10,-10,1536.802978515625
48813,6,29,4,12.5,-12.5,12.5,-12.5,1537.0369873046875
48813,6,32,5,15,-10,15,-10,1537.4029541015625
48813,6,34,5,15,-6.5,15,-6.5,1537.7359619140625
48813,6,33,4,20,-10,20,-10,1538.43701171875
48813,6,28,1,23.5,-15,23.5,-15,1539.9029541015625
48813,6,23,2,17.5,-17.5,17.5,-17.5,1541.2030029296875
48813,6,19,2,15,-20,15,-20,1541.5030517578125
48813,6,22,4,12.5,-17.5,12.5,-17.5,1541.802978515625
48813,6,20,4,10,-20,10,-20,1542.2030029296875
48813,6,25,5,10,-15,10,-15,1542.302978515625
48813,6,29,4,12.5,-12.5,12.5,-12.5,1542.7030029296875
48813,6,24,5,6.5,-15,6.5,-15,1543.136962890625
48813,6,31,5,10,-10,10,-10,1543.93701171875
48813,6,32,5,15,-10,15,-10,1544.60400390625
48813,6,34,5,15,-6.5,15,-6.5,1544.93701171875
48813,6,33,4,20,-10,20,-10,1546.2039794921875
48813,6,27,2,20,-15,20,-15,1546.9029541015625
48813,6,30,4,17.5,-12.5,17.5,-12.5,1547.0040283203125
48813,6,23,2,17.5,-17.5,17.5,-17.5,1547.303955078125
48813,6,19,2,15,-20,15,-20,1547.8360595703125
48813,6,22,4,12.5,-17.5,12.5,-17.5,1548.5040283203125
48813,6,20,4,10,-20,10,-20,1548.60400390625
48813,6,24,5,10,-15,6.5,-15,1549.2039794921875
48813,6,25,5,10,-15,10,-15,1549.237060546875
48813,6,26,2,15,-15,15,-15,1549.904052734375
48813,6,29,4,12.5,-12.5,12.5,-12.5,1550.237060546875
48813,6,32,5,15,-10,15,-10,1551.803955078125
48813,6,30,4,17.5,-12.5,17.5,-12.5,1552.0369873046875
48813,6,34,5,15,-6.5,15,-6.5,1552.2039794921875
48813,6,31,5,10,-10,10,-10,1552.8370361328125
48813,6,27,2,20,-15,20,-15,1554.636962890625
48813,6,33,4,20,-10,20,-10,1555.136962890625
48813,6,26,2,15,-15,15,-15,1556.60400390625
48813,6,22,4,12.5,-17.5,12.5,-17.5,1556.93701171875
48813,6,29,4,12.5,-12.5,12.5,-12.5,1557.0369873046875
48813,6,32,5,15,-10,15,-10,1557.5040283203125
48813,6,25,5,10,-15,10,-15,1558.303955078125
48813,6,24,5,6.5,-15,6.5,-15,1558.803955078125
48813,6,31,5,10,-10,10,-10,1559.5369873046875
48813,6,33,4,20,-10,20,-10,1561.93701171875
48813,6,34,5,15,-6.5,15,-6.5,1562.737060546875
48813,6,29,4,12.5,-12.5,12.5,-12.5,1563.904052734375
48813,6,32,5,15,-10,15,-10,1564.0040283203125
48813,6,25,5,10,-15,10,-15,1564.43798828125
48813,6,31,5,10,-10,10,-10,1564.803955078125
48813,6,24,5,6.5,-15,6.5,-15,1567.803955078125
48813,6,20,4,10,-20,10,-20,1568.7039794921875
48813,6,22,4,12.5,-17.5,12.5,-17.5,1569.10400390625
48813,6,25,5,10,-15,10,-15,1569.470947265625
48813,6,29,4,12.5,-12.5,12.5,-12.5,1569.7039794921875
48813,6,31,5,10,-10,10,-10,1570.0040283203125
48813,6,32,5,15,-10,15,-10,1570.2039794921875
48813,6,34,5,15,-6.5,15,-6.5,1570.5379638671875
48813,6,30,4,17.5,-12.5,17.5,-12.5,1571.5040283203125
48813,6,26,2,15,-15,15,-15,1571.803955078125
48813,6,20,4,10,-20,10,-20,1573.738037109375
48813,6,22,4,12.5,-17.5,12.5,-17.5,1574.238037109375
48813,6,25,5,10,-15,10,-15,1574.60498046875
48813,6,24,5,6.5,-15,6.5,-15,1575.405029296875
48813,6,29,4,12.5,-12.5,12.5,-12.5,1576.7039794921875
48813,6,32,5,15,-10,15,-10,1577.2049560546875
48813,6,34,5,15,-6.5,15,-6.5,1577.637939453125
48813,6,33,4,20,-10,20,-10,1578.60498046875
48813,6,30,4,17.5,-12.5,17.5,-12.5,1578.905029296875
48813,6,26,2,15,-15,15,-15,1579.405029296875
48813,6,25,5,10,-15,10,-15,1579.93701171875
48813,6,22,4,12.5,-17.5,12.5,-17.5,1580.238037109375
48813,6,19,2,15,-20,15,-20,1580.7049560546875
48813,6,20,4,10,-20,10,-20,1581.2049560546875
48813,6,24,5,6.5,-15,6.5,-15,1581.905029296875
48813,6,29,4,12.5,-12.5,12.5,-12.5,1582.60498046875
48813,6,33,4,17.5,-12.5,20,-10,1583.905029296875
48813,6,30,4,17.5,-12.5,17.5,-12.5,1583.93798828125
48813,6,31,5,10,-10,10,-10,1584.5050048828125
48813,6,33,4,20,-10,20,-10,1585.8050537109375
48813,6,34,5,15,-6.5,15,-6.5,1586.137939453125
48813,6,22,4,12.5,-17.5,12.5,-17.5,1587.637939453125
48813,6,20,4,10,-20,10,-20,1588.0379638671875
48813,6,24,5,6.5,-15,6.5,-15,1588.5050048828125
48813,6,25,5,10,-15,10,-15,1588.7049560546875
48813,6,26,2,15,-15,15,-15,1589.7049560546875
48813,6,30,4,17.5,-12.5,17.5,-12.5,1590.0040283203125
48813,6,32,5,15,-10,15,-10,1590.3380126953125
48813,6,31,5,10,-10,10,-10,1591.2049560546875
48813,6,29,4,12.5,-12.5,12.5,-12.5,1592.6719970703125
48813,6,33,4,20,-10,20,-10,1593.3380126953125
48813,6,34,5,15,-6.5,15,-6.5,1593.738037109375
48813,6,25,5,10,-15,10,-15,1594.905029296875
48813,6,22,4,12.5,-17.5,12.5,-17.5,1595.238037109375
48813,6,24,5,6.5,-15,6.5,-15,1595.60498046875
48813,6,26,2,15,-15,15,-15,1596.60498046875
48813,6,32,5,15,-10,15,-10,1596.905029296875
48813,6,31,5,10,-10,10,-10,1597.239013671875
48813,6,20,4,10,-20,10,-20,1598.8050537109375
48813,6,19,2,15,-20,15,-20,1600.0389404296875
48813,6,22,4,12.5,-17.5,12.5,-17.5,1600.27197265625
48813,6,25,5,10,-15,10,-15,1600.405029296875
48813,6,24,5,6.5,-15,6.5,-15,1601.93896484375
48813,6,29,4,12.5,-12.5,12.5,-12.5,1602.905029296875
48813,6,26,2,15,-15,15,-15,1603.0050048828125
48813,6,32,5,15,-10,15,-10,1603.3050537109375
48813,6,31,5,10,-10,10,-10,1603.7060546875
48813,6,33,4,20,-10,20,-10,1606.0050048828125
48813,6,30,4,17.5,-12.5,17.5,-12.5,1606.3389892578125
48813,6,27,2,20,-15,20,-15,1606.7060546875
48813,6,23,2,17.5,-17.5,17.5,-17.5,1607.10498046875
48813,6,26,2,15,-15,15,-15,1610.239013671875
48813,6,29,4,12.5,-12.5,12.5,-12.5,1610.5389404296875
48813,6,32,5,15,-10,15,-10,1610.739013671875
48813,6,31,5,10,-10,10,-10,1610.906005859375
48813,6,30,4,17.5,-12.5,17.5,-12.5,1611.43896484375
48813,6,34,5,15,-6.5,15,-6.5,1611.7060546875
48813,6,25,5,10,-15,10,-15,1613.10595703125
48813,6,22,4,12.5,-17.5,12.5,-17.5,1613.5059814453125
48813,6,24,5,6.5,-15,6.5,-15,1613.8389892578125
48813,6,20,4,10,-20,10,-20,1615.5059814453125
48813,6,19,2,15,-20,15,-20,1615.8060302734375
48813,6,23,2,17.5,-17.5,17.5,-17.5,1616.739013671875
48813,6,26,2,15,-15,15,-15,1617.406005859375
48813,6,30,4,17.5,-12.5,17.5,-12.5,1617.739013671875
48813,6,33,4,20,-10,20,-10,1618.239013671875
48813,6,32,5,15,-10,15,-10,1619.0059814453125
48813,6,34,5,15,-6.5,15,-6.5,1619.3060302734375
48813,6,31,5,10,-10,10,-10,1620.0389404296875
48813,6,29,4,12.5,-12.5,12.5,-12.5,1620.406005859375
48813,6,25,5,10,-15,10,-15,1620.7060546875
48813,6,22,4,12.5,-17.5,12.5,-17.5,1621.10595703125
48813,6,20,4,10,-20,10,-20,1621.406005859375
48813,6,24,5,6.5,-15,6.5,-15,1621.8399658203125
48813,6,58,5,-1.5,-10,-1.5,-10,1623.43896484375
48813,6,59,5,-5,-10,-5,-10,1623.5389404296875
48813,6,63,4,-7.5,-7.5,-7.5,-7.5,1624.072998046875
48813,6,65,5,-5,-5,-5,-5,1624.60595703125
48813,6,66,5,-10,-5,-10,-5,1625.1400146484375
48813,6,68,5,-10,-1.5,-10,-1.5,1626.0389404296875
48813,6,34,5,15,-6.5,15,-6.5,1631.1400146484375
48813,6,31,5,10,-10,10,-10,1632.2060546875
48813,6,29,4,12.5,-12.5,12.5,-12.5,1632.6400146484375
48813,6,32,5,15,-10,15,-10,1635.0400390625
48813,6,30,4,17.5,-12.5,17.5,-12.5,1635.739990234375
48813,6,25,5,10,-15,10,-15,1636.739990234375
48813,6,24,5,6.5,-15,6.5,-15,1637.373046875
48813,6,29,4,12.5,-12.5,12.5,-12.5,1638.239990234375
48813,6,26,2,15,-15,15,-15,1638.6400146484375
48813,6,32,5,15,-6.5,15,-10,1639.6400146484375
48813,6,34,5,15,-6.5,15,-6.5,1639.6729736328125
48813,6,32,5,15,-10,15,-10,1640.072998046875
48813,6,31,5,10,-10,10,-10,1641.1729736328125
48813,6,25,5,10,-15,10,-15,1641.77294921875
48813,6,22,4,12.5,-17.5,12.5,-17.5,1642.072998046875
48813,6,20,4,10,-20,10,-20,1643.0400390625
48813,6,18,1,15,-23.5,15,-23.5,1643.1729736328125
48813,6,19,2,15,-20,15,-20,1643.27294921875
48813,6,23,2,17.5,-17.5,17.5,-17.5,1643.739990234375
48813,6,27,2,20,-15,20,-15,1644.239990234375
48813,6,30,4,17.5,-12.5,17.5,-12.5,1644.6400146484375
48813,6,26,2,15,-15,15,-15,1644.8399658203125
48813,6,29,4,12.5,-12.5,12.5,-12.5,1645.5400390625
48813,6,33,4,20,-10,20,-10,1647.073974609375
48813,6,32,5,15,-10,15,-10,1647.6400146484375
48813,6,34,5,15,-6.5,15,-6.5,1648.1400146484375
48813,6,31,5,10,-10,10,-10,1648.8389892578125
48813,6,25,5,10,-15,10,-15,1649.5400390625
48813,6,24,5,6.5,-15,6.5,-15,1649.7740478515625
48813,6,20,4,10,-20,10,-20,1650.3399658203125
48813,6,22,4,12.5,-17.5,12.5,-17.5,1650.93994140625
48813,6,29,4,12.5,-12.5,12.5,-12.5,1651.93896484375
48813,6,30,4,17.5,-12.5,17.5,-12.5,1652.3399658203125
48813,6,32,5,15,-10,15,-10,1652.6739501953125
48813,6,27,2,20,-15,20,-15,1652.8740234375
48813,6,33,4,20,-10,20,-10,1653.541015625
48813,7,24,1,6.5,-15,6.5,-15,1936.6920166015625
48813,7,25,1,10,-15,10,-15,1937.2559814453125
48813,7,22,2,12.5,-17.5,12.5,-17.5,1937.5570068359375
48813,7,19,4,15,-20,15,-20,1937.9560546875
48813,7,18,5,15,-23.5,15,-23.5,1938.258056640625
48813,7,21,5,20,-20,20,-20,1938.7559814453125
48813,7,21,5,20,-20,20,-20,1943.791015625
48813,7,21,5,20,-20,20,-20,1948.8580322265625
48813,7,21,5,20,-20,20,-20,1953.8909912109375
48813,7,23,4,17.5,-17.5,17.5,-17.5,1957.157958984375
48813,7,18,5,15,-23.5,15,-23.5,1957.3900146484375
48813,7,20,2,10,-20,10,-20,1958.2569580078125
48813,7,25,1,10,-15,10,-15,1958.991943359375
48813,7,26,4,15,-15,15,-15,1959.3590087890625
48813,7,27,4,20,-15,20,-15,1960.0589599609375
48813,7,28,5,23.5,-15,23.5,-15,1960.489990234375
48813,7,21,5,20,-20,20,-20,1960.887939453125
48813,7,19,4,15,-20,15,-20,1962.220947265625
48813,7,22,2,12.5,-17.5,12.5,-17.5,1962.6910400390625
48813,7,23,4,17.5,-17.5,17.5,-17.5,1963.2900390625
48813,7,18,5,15,-23.5,15,-23.5,1964.458984375
48813,7,22,2,12.5,-17.5,12.5,-17.5,1967.7249755859375
48813,7,22,2,12.5,-17.5,12.5,-17.5,1972.758056640625
48813,7,22,2,12.5,-17.5,12.5,-17.5,1977.7919921875
48813,7,22,2,12.5,-17.5,12.5,-17.5,1982.824951171875
48813,7,22,2,12.5,-17.5,12.5,-17.5,1987.8580322265625
48813,7,22,2,12.5,-17.5,12.5,-17.5,1992.8919677734375
48813,7,23,4,17.5,-17.5,17.5,-17.5,1994.0579833984375
48813,7,27,4,20,-15,20,-15,1994.8580322265625
48813,7,21,5,20,-20,20,-20,1994.9580078125
48813,7,28,5,23.5,-15,23.5,-15,1996.0589599609375
48813,7,18,5,15,-23.5,15,-23.5,2005.6600341796875
48813,7,19,4,15,-20,15,-20,2006.1590576171875
48813,7,21,5,20,-20,20,-20,2006.6590576171875
48813,7,23,4,17.5,-17.5,17.5,-17.5,2006.9610595703125
48813,7,27,4,20,-15,20,-15,2007.3580322265625
48813,7,28,5,23.5,-15,23.5,-15,2007.7919921875
48813,7,26,4,15,-15,15,-15,2008.1600341796875
48813,7,20,2,10,-20,10,-20,2009.157958984375
48813,7,22,2,12.5,-17.5,12.5,-17.5,2009.18505859375
48813,7,18,5,15,-23.5,15,-23.5,2010.6920166015625
48813,7,21,5,20,-20,20,-20,2011.6939697265625
48813,7,19,4,15,-20,15,-20,2011.9580078125
48813,7,27,4,20,-15,20,-15,2013.9930419921875
48813,7,23,4,17.5,-17.5,17.5,-17.5,2014.259033203125
48813,7,28,5,23.5,-15,23.5,-15,2014.458984375
48813,7,26,4,15,-15,15,-15,2015.6590576171875
48813,7,25,1,10,-15,10,-15,2016.39404296875
48813,7,24,1,6.5,-15,6.5,-15,2016.8919677734375
48813,7,20,2,10,-20,10,-20,2017.56103515625
48813,7,22,2,12.5,-17.5,12.5,-17.5,2017.8599853515625
48813,7,19,4,15,-20,15,-20,2018.0909423828125
48813,7,18,5,15,-23.5,15,-23.5,2018.656982421875
48813,7,21,5,20,-20,20,-20,2019.657958984375
48813,7,23,4,17.5,-17.5,17.5,-17.5,2020.3260498046875
48813,7,27,4,20,-15,20,-15,2020.4239501953125
48813,7,26,4,15,-15,15,-15,2020.6929931640625
48813,7,30,2,17.5,-12.5,17.5,-12.5,2020.8590087890625
48813,7,28,5,23.5,-15,23.5,-15,2021.259033203125
48813,7,19,4,15,-20,15,-20,2023.126953125
48813,7,18,5,15,-23.5,15,-23.5,2023.6939697265625
48813,7,20,2,10,-20,10,-20,2023.79296875
48813,7,22,2,12.5,-17.5,12.5,-17.5,2024.18896484375
48813,7,21,5,20,-20,20,-20,2025.092041015625
48813,7,23,4,17.5,-17.5,17.5,-17.5,2025.3590087890625
48813,7,27,4,20,-15,20,-15,2026.092041015625
48813,7,33,2,20,-10,20,-10,2026.927001953125
48813,7,28,5,23.5,-15,23.5,-15,2027.9940185546875
48813,7,26,4,15,-15,15,-15,2029.3929443359375
48813,7,22,2,12.5,-17.5,12.5,-17.5,2029.791015625
48813,7,18,5,15,-23.5,15,-23.5,2030.6929931640625
48813,7,19,4,15,-20,15,-20,2031.2259521484375
48813,7,23,4,17.5,-17.5,17.5,-17.5,2031.592041015625
48813,7,21,5,20,-20,20,-20,2031.8260498046875
48813,7,27,4,20,-15,20,-15,2033.1939697265625
48813,7,28,5,23.5,-15,23.5,-15,2034.29296875
48813,7,30,2,17.5,-12.5,17.5,-12.5,2034.9930419921875
48813,7,33,2,20,-10,20,-10,2035.2919921875
48813,7,26,4,15,-15,15,-15,2036.126953125
48813,7,22,2,12.5,-17.5,12.5,-17.5,2036.593994140625
48813,7,19,4,15,-20,15,-20,2036.89404296875
48813,7,18,5,15,-23.5,15,-23.5,2037.3929443359375
48813,7,23,4,17.5,-17.5,17.5,-17.5,2038.3929443359375
48813,7,21,5,20,-20,20,-20,2038.6920166015625
48813,7,27,4,20,-15,20,-15,2039.1920166015625
48813,7,28,5,23.5,-15,23.5,-15,2039.7939453125
48813,7,30,2,17.5,-12.5,17.5,-12.5,2041.22705078125
48813,7,29,2,12.5,-12.5,12.5,-12.5,2041.89404296875
48813,7,22,2,12.5,-17.5,12.5,-17.5,2042.7259521484375
48813,7,19,4,15,-20,15,-20,2043.2259521484375
48813,7,18,5,15,-23.5,15,-23.5,2043.594970703125
48813,7,21,5,20,-20,20,-20,2044.79296875
48813,7,23,4,17.5,-17.5,17.5,-17.5,2045.427001953125
48813,7,27,4,20,-15,20,-15,2045.926025390625
48813,7,28,5,23.5,-15,23.5,-15,2046.3929443359375
48813,7,26,4,15,-15,15,-15,2047.6939697265625
48813,7,29,2,12.5,-12.5,12.5,-12.5,2048.193115234375
48813,7,30,2,17.5,-12.5,17.5,-12.5,2048.260009765625
48813,7,25,1,10,-15,10,-15,2049.12890625
48813,7,22,2,12.5,-17.5,12.5,-17.5,2049.2919921875
48813,7,20,2,10,-20,10,-20,2049.9951171875
48813,7,19,4,15,-20,15,-20,2050.02294921875
48813,7,18,5,15,-23.5,15,-23.5,2050.090087890625
48813,7,23,4,17.5,-17.5,17.5,-17.5,2050.993896484375
48813,7,21,5,20,-20,20,-20,2051.22607421875
48813,7,28,5,23.5,-15,23.5,-15,2051.824951171875
48813,7,27,4,20,-15,20,-15,2052.193115234375
48813,7,30,2,17.5,-12.5,17.5,-12.5,2053.2939453125
48813,7,26,4,15,-15,15,-15,2053.39306640625
48813,7,29,2,12.5,-12.5,12.5,-12.5,2053.79296875
48813,7,22,2,12.5,-17.5,12.5,-17.5,2054.327880859375
48813,7,19,4,15,-20,15,-20,2055.06103515625
48813,7,18,5,15,-23.5,15,-23.5,2055.22705078125
48813,7,21,5,20,-20,20,-20,2056.89404296875
48813,7,23,4,17.5,-17.5,17.5,-17.5,2057.2939453125
48813,7,27,4,20,-15,20,-15,2057.693115234375
48813,7,28,5,23.5,-15,23.5,-15,2058.095947265625
48813,7,26,4,15,-15,15,-15,2059.693115234375
48813,7,29,2,12.5,-12.5,12.5,-12.5,2060.194091796875
48813,7,22,2,12.5,-17.5,12.5,-17.5,2060.493896484375
48813,7,19,4,15,-20,15,-20,2060.79296875
48813,7,18,5,15,-23.5,15,-23.5,2061.22802734375
48813,7,23,4,17.5,-17.5,17.5,-17.5,2062.327880859375
48813,7,27,4,20,-15,20,-15,2062.72802734375
48813,7,21,5,20,-20,20,-20,2062.993896484375
48813,7,28,5,23.5,-15,23.5,-15,2065.326904296875
48813,7,28,5,23.5,-15,23.5,-15,2070.362060546875
48813,7,27,4,20,-15,20,-15,2070.493896484375
48813,7,23,4,17.5,-17.5,17.5,-17.5,2070.993896484375
48813,7,21,5,20,-20,20,-20,2071.326904296875
48813,7,18,5,15,-23.5,15,-23.5,2072.028076171875
48813,7,19,4,15,-20,15,-20,2072.39404296875
48813,7,23,4,17.5,-17.5,17.5,-17.5,2076.028076171875
48813,7,21,5,20,-20,20,-20,2076.362060546875
48813,7,23,4,17.5,-17.5,17.5,-17.5,2081.06201171875
48813,7,21,5,20,-20,20,-20,2081.39404296875
48813,7,19,4,15,-20,15,-20,2084.594970703125
48813,7,18,5,15,-23.5,15,-23.5,2084.993896484375
48813,7,21,5,20,-20,20,-20,2086.427978515625
48813,7,27,4,20,-15,20,-15,2086.6279296875
48813,7,28,5,23.5,-15,23.5,-15,2086.9951171875
48813,7,23,4,17.5,-17.5,17.5,-17.5,2087.89501953125
48813,7,22,2,12.5,-17.5,12.5,-17.5,2089.39599609375
48813,7,19,4,15,-20,15,-20,2089.6279296875
48813,7,25,1,10,-15,10,-15,2089.826904296875
48813,7,24,1,6.5,-15,6.5,-15,2090.22998046875
48813,7,26,4,15,-15,15,-15,2090.830078125
48813,7,18,5,15,-23.5,15,-23.5,2092.49609375
48813,7,21,5,20,-20,20,-20,2096.89599609375
48813,7,27,4,20,-15,20,-15,2097.594970703125
48813,7,30,2,17.5,-12.5,17.5,-12.5,2098.1279296875
48813,7,28,5,23.5,-15,23.5,-15,2098.428955078125
48813,7,23,4,17.5,-17.5,17.5,-17.5,2099.095947265625
48813,7,21,5,20,-20,20,-20,2110.89501953125
48813,7,21,5,20,-20,20,-20,2115.927978515625
48813,7,18,5,15,-23.5,15,-23.5,2124.031005859375
48813,7,19,4,15,-20,15,-20,2124.430908203125
48813,7,21,5,20,-20,20,-20,2125.030029296875
48813,7,23,4,17.5,-17.5,17.5,-17.5,2125.2958984375
48813,7,27,4,20,-15,20,-15,2125.6298828125
48813,7,28,5,23.5,-15,23.5,-15,2125.9951171875
48813,7,26,4,15,-15,15,-15,2128.131103515625
48813,7,22,2,12.5,-17.5,12.5,-17.5,2128.193115234375
48813,7,25,1,10,-15,10,-15,2128.626953125
48813,7,21,5,20,-20,20,-20,2130.39697265625
48813,7,18,5,15,-23.5,15,-23.5,2131.22900390625
48813,7,19,4,15,-20,15,-20,2131.27490234375
48813,7,23,4,17.5,-17.5,17.5,-17.5,2131.7958984375
48813,7,28,5,23.5,-15,23.5,-15,2132.798095703125
48813,7,27,4,20,-15,20,-15,2135.39794921875
48813,7,21,5,20,-20,20,-20,2136.12890625
48813,7,19,4,15,-20,15,-20,2137.197021484375
48813,7,23,4,17.5,-17.5,17.5,-17.5,2137.7958984375
48813,7,26,4,15,-15,15,-15,2139.22998046875
48813,7,22,2,12.5,-17.5,12.5,-17.5,2139.493896484375
48813,7,18,5,15,-23.5,15,-23.5,2139.830078125
48813,7,21,5,20,-20,20,-20,2141.298095703125
48813,7,28,5,23.5,-15,23.5,-15,2141.797119140625
48813,7,27,4,20,-15,20,-15,2141.85693359375
48813,7,30,2,17.5,-12.5,17.5,-12.5,2142.298095703125
48813,7,23,4,17.5,-17.5,17.5,-17.5,2142.830078125
48813,7,19,4,15,-20,15,-20,2143.095947265625
48813,7,33,2,20,-10,20,-10,2145.096923828125
48813,7,32,1,15,-10,15,-10,2145.696044921875
48813,7,26,4,15,-15,15,-15,2146.198974609375
48813,7,18,5,15,-23.5,15,-23.5,2147.297119140625
48813,7,21,5,20,-20,20,-20,2147.596923828125
48813,7,28,5,23.5,-15,23.5,-15,2148.429931640625
48813,7,27,4,20,-15,20,-15,2148.47412109375
48813,7,23,4,17.5,-17.5,17.5,-17.5,2149.197021484375
48813,7,19,4,15,-20,15,-20,2149.89794921875
48813,7,20,2,10,-20,10,-20,2151.297119140625
48813,7,22,2,12.5,-17.5,12.5,-17.5,2151.39599609375
48813,7,26,4,15,-15,15,-15,2151.797119140625
48813,7,28,5,23.5,-15,23.5,-15,2154.096923828125
48813,7,21,5,20,-20,20,-20,2154.9970703125
48813,7,23,4,17.5,-17.5,17.5,-17.5,2155.297119140625
48813,7,19,4,15,-20,15,-20,2155.631103515625
48813,7,22,2,12.5,-17.5,12.5,-17.5,2156.429931640625
48813,7,18,5,15,-23.5,15,-23.5,2156.596923828125
48813,7,27,4,20,-15,20,-15,2157.89794921875
48813,7,30,2,17.5,-12.5,17.5,-12.5,2158.297119140625
48813,7,26,4,15,-15,15,-15,2158.325927734375
48813,7,20,2,10,-20,10,-20,2159.633056640625
48813,7,21,5,20,-20,20,-20,2160.6298828125
48813,7,19,4,15,-20,15,-20,2160.69091796875
48813,7,23,4,17.5,-17.5,17.5,-17.5,2160.799072265625
48813,7,28,5,23.5,-15,23.5,-15,2161.798095703125
48813,7,33,2,20,-10,20,-10,2162.197021484375
48813,7,27,4,20,-15,20,-15,2162.930908203125
48813,7,18,5,15,-23.5,15,-23.5,2163.498046875
48813,7,26,4,15,-15,15,-15,2165.198974609375
48813,7,22,2,12.5,-17.5,12.5,-17.5,2165.297119140625
48813,7,20,2,10,-20,10,-20,2165.72998046875
48813,7,19,4,15,-20,15,-20,2166.89697265625
48813,7,21,5,20,-20,20,-20,2167.131103515625
48813,7,23,4,17.5,-17.5,17.5,-17.5,2168.428955078125
48813,7,28,5,23.5,-15,23.5,-15,2169.031005859375
48813,7,27,4,20,-15,20,-15,2169.49609375
48813,7,18,5,15,-23.5,15,-23.5,2170.797119140625
48813,7,21,5,20,-20,20,-20,2172.298095703125
48813,7,19,4,15,-20,15,-20,2172.597900390625
48813,7,20,2,10,-20,10,-20,2173.300048828125
48813,7,22,2,12.5,-17.5,12.5,-17.5,2173.498046875
48813,7,23,4,17.5,-17.5,17.5,-17.5,2173.9970703125
48813,7,26,4,15,-15,15,-15,2174.39892578125
48813,7,27,4,20,-15,20,-15,2175.132080078125
48813,7,28,5,23.5,-15,23.5,-15,2175.698974609375
48813,7,33,2,20,-10,20,-10,2176.097900390625
48813,7,30,2,17.5,-12.5,17.5,-12.5,2176.1640625
48813,7,19,4,15,-20,15,-20,2177.697998046875
48813,7,18,5,15,-23.5,15,-23.5,2178.097900390625
48813,7,21,5,20,-20,20,-20,2178.4970703125
48813,7,23,4,17.5,-17.5,17.5,-17.5,2179.031982421875
48813,7,22,2,12.5,-17.5,12.5,-17.5,2179.597900390625
48813,7,27,4,20,-15,20,-15,2181.89794921875
48813,7,28,5,23.5,-15,23.5,-15,2182.597900390625
48813,7,30,2,17.5,-12.5,17.5,-12.5,2183.798095703125
48813,7,26,4,15,-15,15,-15,2183.89697265625
48813,7,32,1,15,-10,15,-10,2184.23193359375
48813,7,29,2,12.5,-12.5,12.5,-12.5,2184.43310546875
48813,7,25,1,10,-15,10,-15,2184.931884765625
48813,7,22,2,12.5,-17.5,12.5,-17.5,2185.199951171875
48813,7,19,4,15,-20,15,-20,2185.73193359375
48813,7,18,5,15,-23.5,15,-23.5,2185.930908203125
48813,7,23,4,17.5,-17.5,17.5,-17.5,2187.097900390625
48813,7,21,5,20,-20,20,-20,2187.157958984375
48813,7,28,5,23.5,-15,23.5,-15,2188.131103515625
48813,7,27,4,20,-15,20,-15,2188.73193359375
48813,7,30,2,17.5,-12.5,17.5,-12.5,2189.298095703125
48813,7,32,1,15,-10,15,-10,2189.799072265625
48813,7,29,2,12.5,-12.5,12.5,-12.5,2189.9970703125
48813,7,26,4,15,-15,15,-15,2190.2958984375
48813,7,22,2,12.5,-17.5,12.5,-17.5,2190.9970703125
48813,7,23,4,17.5,-17.5,17.5,-17.5,2192.131103515625
48813,7,18,5,15,-23.5,15,-23.5,2192.300048828125
48813,7,20,2,10,-20,10,-20,2193.23095703125
48813,7,21,5,20,-20,20,-20,2194.429931640625
48813,7,28,5,23.5,-15,23.5,-15,2195.3330078125
48813,7,27,4,20,-15,20,-15,2195.3779296875
48813,7,33,2,20,-10,20,-10,2196.10009765625
48813,7,32,1,15,-10,15,-10,2196.89990234375
48813,7,29,2,12.5,-12.5,12.5,-12.5,2197.199951171875
48813,7,26,4,15,-15,15,-15,2197.300048828125
48813,7,23,4,17.5,-17.5,17.5,-17.5,2197.800048828125
48813,7,30,2,17.5,-12.5,17.5,-12.5,2199.89990234375
48813,7,22,2,12.5,-17.5,12.5,-17.5,2200.9990234375
48813,8,36,5,5,-5,5,-5,916.082275390625
48813,8,42,5,5,-10,5,-10,916.7822875976564
48813,8,41,5,1.5,-10,1.5,-10,916.88232421875
48813,8,39,4,7.5,-7.5,7.5,-7.5,917.7822875976564
48813,8,37,5,10,-5,10,-5,918.482421875
48813,8,40,4,12.5,-7.5,12.5,-7.5,918.88232421875
48813,8,35,5,10,-1.5,10,-1.5,919.2822875976564
48813,8,46,4,7.5,-12.5,7.5,-12.5,920.915283203125
48813,8,48,4,5,-15,5,-15,921.36541748046875
48813,8,42,5,5,-10,5,-10,921.8162841796876
48813,8,36,5,5,-5,5,-5,922.2822875976564
48813,8,39,4,7.5,-7.5,7.5,-7.5,922.84930419921875
48813,8,17,5,15,6.5,15,6.5,924.7822875976564
48813,8,15,5,15,10,15,10,925.2822875976564
48813,8,13,4,17.5,12.5,17.5,12.5,925.8162841796876
48813,8,9,2,15,15,15,15,926.582275390625
48813,8,4,1,20,20,20,20,927.01641845703125
48813,8,3,2,15,20,15,20,927.71630859375
48813,8,5,4,12.5,17.5,12.5,17.5,928.2822875976564
48813,8,2,4,10,20,10,20,928.38232421875
48813,8,8,5,10,15,10,15,928.68231201171875
48813,8,12,4,12.5,12.5,12.5,12.5,929.2822875976564
48813,8,14,5,10,10,10,10,929.38232421875
48813,8,7,5,6.5,15,6.5,15,930.2833251953124
48813,8,28,5,0,15,0,15,931.18328857421875
48813,8,27,5,-5,15,-5,15,931.8162841796876
48813,8,30,4,-10,10,-10,10,932.7833251953124
48813,8,32,5,-15,5,-15,5,933.71630859375
48813,8,34,5,-15,0,-15,0,934.08331298828125
48813,8,52,5,-20,-5,-20,-5,935.08331298828125
48813,8,54,5,-20,-10,-20,-10,936.01641845703125
48813,8,55,5,-10,-10,-10,-10,937.3834228515624
48813,8,41,5,1.5,-10,1.5,-10,938.9832763671876
48813,8,42,5,5,-10,5,-10,939.4832763671876
48813,8,41,5,5,-5,1.5,-10,939.8834228515624
48813,8,36,5,5,-5,5,-5,939.91632080078125
48813,8,37,5,10,-5,10,-5,940.3162841796876
48813,8,35,5,10,-1.5,10,-1.5,940.6162719726564
48813,8,17,5,15,10,15,6.5,942.8834228515624
48813,8,15,5,15,10,15,10,942.91632080078125
48813,8,12,4,12.5,12.5,12.5,12.5,943.4832763671876
48813,8,8,5,10,15,10,15,943.91632080078125
48813,8,7,5,6.5,15,6.5,15,944.41632080078125
48813,8,34,5,-15,0,-15,0,948.18328857421875
48813,8,52,5,-20,-5,-20,-5,949.18328857421875
48813,8,54,5,-20,-10,-20,-10,949.7833251953124
48813,8,57,4,-15,-15,-15,-15,950.58331298828125
48813,8,60,5,-10,-20,-10,-20,951.8173217773436
48813,8,61,5,-5,-20,-5,-20,952.6173095703124
48813,8,48,4,5,-15,5,-15,954.3173217773436
48813,8,46,4,7.5,-12.5,7.5,-12.5,954.8173217773436
48813,8,42,5,5,-10,5,-10,955.18328857421875
48813,8,41,5,1.5,-10,1.5,-10,955.68328857421875
48813,8,39,4,7.5,-7.5,7.5,-7.5,956.2833251953124
48813,8,43,2,10,-10,10,-10,956.6173095703124
48813,8,37,5,10,-5,10,-5,956.8173217773436
48813,8,36,5,5,-5,5,-5,956.9832763671876
48813,8,40,4,12.5,-7.5,12.5,-7.5,957.8173217773436
48813,8,35,5,10,-1.5,10,-1.5,958.21728515625
48813,8,38,4,15,-5,15,-5,959.08331298828125
48813,8,17,5,15,6.5,15,6.5,960.38427734375
48813,8,15,5,15,10,15,10,960.8834228515624
48813,8,14,5,10,10,10,10,961.18328857421875
48813,8,12,4,12.5,12.5,12.5,12.5,961.38427734375
48813,8,8,5,10,15,10,15,961.7833251953124
48813,8,7,5,6.5,15,6.5,15,962.08441162109375
48813,8,28,5,0,15,0,15,963.01727294921875
48813,8,27,5,-5,15,-5,15,963.684326171875
48813,8,30,4,-10,10,-10,10,964.58441162109375
48813,8,32,5,-15,5,-15,5,965.4843139648436
48813,8,34,5,-15,0,-15,0,966.51727294921875
48813,8,52,5,-20,-5,-20,-5,967.21630859375
48813,8,54,5,-20,-10,-20,-10,968.08441162109375
48813,8,55,5,-10,-10,-10,-10,969.1173095703124
48813,8,41,5,1.5,-10,1.5,-10,970.8173217773436
48813,8,42,5,5,-10,5,-10,971.284423828125
48813,8,39,4,7.5,-7.5,7.5,-7.5,971.7833251953124
48813,8,37,5,10,-5,10,-5,972.184326171875
48813,8,40,4,12.5,-7.5,12.5,-7.5,972.58441162109375
48813,8,35,5,10,-1.5,10,-1.5,973.01727294921875
48813,8,36,5,5,-5,5,-5,973.68328857421875
48813,8,17,5,15,6.5,15,6.5,976.08441162109375
48813,8,15,5,15,10,15,10,976.58441162109375
48813,8,14,5,10,10,10,10,976.88427734375
48813,8,5,4,12.5,12.5,12.5,17.5,977.684326171875
48813,8,12,4,12.5,12.5,12.5,12.5,977.71728515625
48813,8,7,5,6.5,15,6.5,15,978.38427734375
48813,8,28,5,0,15,0,15,979.284423828125
48813,8,27,5,-5,15,-5,15,979.9843139648436
48813,8,33,5,-5,5,-5,5,981.018310546875
48813,8,32,5,-15,5,-15,5,982.6182861328124
48813,8,34,5,-15,0,-15,0,983.08441162109375
48813,8,52,5,-20,-5,-20,-5,984.58441162109375
48813,8,54,5,-20,-10,-20,-10,985.184326171875
48813,8,60,5,-10,-20,-10,-20,987.6182861328124
48813,8,61,5,-5,-20,-5,-20,988.3173217773436
48813,8,41,5,1.5,-10,1.5,-10,990.38427734375
48813,8,42,5,5,-10,5,-10,990.6854248046876
48813,8,39,4,7.5,-7.5,7.5,-7.5,991.1854248046876
48813,8,43,2,10,-10,10,-10,991.58441162109375
48813,8,46,4,7.5,-12.5,7.5,-12.5,991.6854248046876
48813,8,36,5,5,-5,5,-5,992.71832275390625
48813,8,37,5,10,-5,10,-5,993.41827392578125
48813,8,35,5,10,-1.5,10,-1.5,993.91827392578125
48813,8,17,5,15,6.5,15,6.5,995.518310546875
48813,8,15,5,15,10,15,10,995.8184204101564
48813,8,14,5,10,10,10,10,995.9854125976564
48813,8,12,4,12.5,12.5,12.5,12.5,996.6182861328124
48813,8,8,5,10,15,10,15,996.9843139648436
48813,8,7,5,6.5,15,6.5,15,997.4854125976564
48813,8,28,5,0,15,0,15,998.4854125976564
48813,8,33,5,-5,5,-5,5,1000.1849975585938
48813,8,32,5,-15,5,-15,5,1001.7849731445313
48813,8,34,5,-15,0,-15,0,1002.4849853515624
48813,8,52,5,-20,-5,-20,-5,1003.1849975585938
48813,8,54,5,-20,-10,-20,-10,1003.718017578125
48813,8,57,4,-15,-15,-15,-15,1004.5850219726564
48813,8,60,5,-10,-20,-10,-20,1005.5180053710938
48813,8,61,5,-5,-20,-5,-20,1005.885009765625
48813,8,48,4,5,-15,5,-15,1007.6190185546876
48813,8,46,4,7.5,-12.5,7.5,-12.5,1007.9849853515624
48813,8,42,5,5,-10,5,-10,1008.0850219726564
48813,8,41,5,1.5,-10,1.5,-10,1008.385009765625
48813,8,36,5,5,-5,5,-5,1008.9180297851564
48813,8,39,4,7.5,-7.5,7.5,-7.5,1009.2849731445313
48813,8,49,2,10,-15,10,-15,1010.6190185546876
48813,8,47,2,12.5,-12.5,12.5,-12.5,1011.0189819335938
48813,8,44,2,15,-10,15,-10,1011.5850219726564
48813,8,43,2,10,-10,10,-10,1011.885009765625
48813,8,40,4,12.5,-7.5,12.5,-7.5,1012.0850219726564
48813,8,38,4,15,-5,15,-5,1012.5850219726564
48813,8,37,5,10,-5,10,-5,1013.218994140625
48813,8,35,5,10,-1.5,10,-1.5,1013.6849975585938
48813,8,17,5,15,6.5,15,6.5,1014.9860229492188
48813,8,14,5,10,10,10,10,1015.8189697265624
48813,8,15,5,15,10,15,10,1015.9849853515624
48813,8,12,4,12.5,12.5,12.5,12.5,1016.7849731445313
48813,8,8,5,10,15,10,15,1017.385986328125
48813,8,7,5,6.5,15,6.5,15,1017.6190185546876
48813,8,33,5,-5,5,-5,5,1019.7860107421876
48813,8,34,5,-15,0,-15,0,1021.4860229492188
48813,8,52,5,-20,-5,-20,-5,1022.4849853515624
48813,8,54,5,-20,-10,-20,-10,1022.7860107421876
48813,8,57,4,-15,-15,-15,-15,1023.6859741210938
48813,8,55,5,-10,-10,-10,-10,1024.385986328125
48813,8,41,5,1.5,-10,1.5,-10,1026.5860595703125
48813,8,42,5,5,-10,5,-10,1027.0860595703125
48813,8,36,5,5,-5,5,-5,1027.885986328125
48813,8,39,4,7.5,-7.5,7.5,-7.5,1028.4189453125
48813,8,37,5,10,-5,10,-5,1029.68603515625
48813,8,35,5,10,-1.5,10,-1.5,1029.7860107421875
48813,8,17,5,15,6.5,15,6.5,1032.9859619140625
48813,8,15,5,15,10,15,10,1033.4859619140625
48813,8,12,4,12.5,12.5,12.5,12.5,1033.885986328125
48813,8,14,5,10,10,10,10,1034.01904296875
48813,8,8,5,10,15,10,15,1034.385986328125
48813,8,7,5,6.5,15,6.5,15,1034.68603515625
48813,8,28,5,0,15,0,15,1035.68603515625
48813,8,27,5,-5,15,-5,15,1036.35302734375
48813,8,30,4,-10,10,-10,10,1037.2530517578125
48813,8,32,5,-15,5,-15,5,1038.219970703125
48813,8,34,5,-15,0,-15,0,1038.719970703125
48813,8,55,5,-10,-10,-10,-10,1041.02001953125
48813,8,41,5,1.5,-10,1.5,-10,1042.6199951171875
48813,8,42,5,5,-10,5,-10,1043.1199951171875
48813,8,46,4,7.5,-7.5,7.5,-12.5,1043.52001953125
48813,8,39,4,7.5,-7.5,7.5,-7.5,1043.552978515625
48813,8,37,5,10,-5,10,-5,1043.9530029296875
48813,8,33,5,-5,5,-5,5,1046.8199462890625
48813,8,34,5,-15,0,-15,0,1048.52001953125
48813,8,55,5,-10,-10,-10,-10,1050.52001953125
48813,8,41,5,1.5,-10,1.5,-10,1052.219970703125
48813,8,42,5,5,-10,5,-10,1052.719970703125
48813,8,39,4,7.5,-7.5,7.5,-7.5,1053.2860107421875
48813,8,37,5,10,-5,10,-5,1053.7530517578125
48813,8,36,5,5,-5,5,-5,1054.219970703125
48813,8,35,5,10,-1.5,10,-1.5,1054.719970703125
48813,8,17,5,15,6.5,15,6.5,1056.1529541015625
48813,8,15,5,15,10,15,10,1056.6199951171875
48813,8,14,5,10,10,10,10,1057.02001953125
48813,8,8,5,10,15,10,15,1057.4200439453125
48813,8,7,5,6.5,15,6.5,15,1057.9189453125
48813,8,28,5,0,15,0,15,1058.85400390625
48813,8,27,5,-5,15,-5,15,1059.553955078125
48813,8,34,5,-15,0,-15,0,1063.02001953125
48813,8,52,5,-20,-5,-20,-5,1064.4200439453125
48813,8,54,5,-20,-10,-20,-10,1064.9539794921875
48813,8,57,4,-15,-15,-15,-15,1066.3199462890625
48813,8,55,5,-10,-10,-10,-10,1067.35400390625
48813,8,60,5,-10,-20,-10,-20,1069.1209716796875
48813,8,61,5,-5,-20,-5,-20,1069.85400390625
48813,8,42,5,5,-10,5,-10,1071.9210205078125
48813,8,39,4,7.5,-7.5,7.5,-7.5,1072.4210205078125
48813,8,37,5,10,-5,10,-5,1072.9210205078125
48813,8,35,5,10,-1.5,10,-1.5,1073.720947265625
48813,8,36,5,5,-5,5,-5,1074.4539794921875
48813,8,41,5,1.5,-10,1.5,-10,1075.720947265625
48813,8,37,5,10,-5,10,-5,1077.9539794921875
48813,8,35,5,10,-1.5,10,-1.5,1078.7540283203125
48813,8,17,5,15,6.5,15,6.5,1080.2540283203125
48813,8,15,5,15,10,15,10,1080.85400390625
48813,8,12,4,12.5,12.5,12.5,12.5,1081.2540283203125
48813,8,14,5,10,10,10,10,1081.821044921875
48813,8,7,5,6.5,15,6.5,15,1082.8199462890625
48813,8,8,5,10,15,10,15,1083.321044921875
48813,8,28,5,0,15,0,15,1084.6199951171875
48813,8,27,5,-5,15,-5,15,1085.321044921875
48813,8,33,5,-5,5,-5,5,1086.4210205078125
48813,8,54,5,-20,-10,-20,-10,1089.321044921875
48813,8,57,4,-15,-15,-15,-15,1090.220947265625
48813,8,60,5,-10,-20,-10,-20,1091.1209716796875
48813,8,61,5,-5,-20,-5,-20,1092.821044921875
48813,8,48,4,5,-15,5,-15,1094.7550048828125
48813,9,36,1,5,-5,5,-5,483.2002868652344
48813,9,37,1,10,-5,10,-5,483.9002990722656
48813,9,39,2,7.5,-7.5,7.5,-7.5,485.0003051757813
48813,9,40,2,12.5,-7.5,12.5,-7.5,485.7002868652344
48813,9,38,2,15,-5,15,-5,486.1003112792969
48813,9,44,4,15,-10,15,-10,486.4002990722656
48813,9,45,5,18.5,-10,18.5,-10,486.5343017578125
48813,9,47,4,12.5,-12.5,12.5,-12.5,487.3342895507813
48813,9,43,4,10,-10,10,-10,487.7002868652344
48813,9,49,4,10,-15,10,-15,487.9002990722656
48813,9,51,5,10,-18.5,10,-18.5,488.4002990722656
48813,9,50,5,15,-15,15,-15,489.30029296875
48813,9,48,2,5,-15,5,-15,491.5332946777344
48813,9,46,2,7.5,-12.5,7.5,-12.5,491.9002990722656
48813,9,47,4,12.5,-12.5,12.5,-12.5,492.4002990722656
48813,9,44,4,15,-10,15,-10,492.9002990722656
48813,9,45,5,18.5,-10,18.5,-10,493.30029296875
48813,9,43,4,10,-10,10,-10,494.4002990722656
48813,9,49,4,10,-15,10,-15,494.7012939453125
48813,9,51,5,10,-18.5,10,-18.5,495.2002868652344
48813,9,50,5,15,-15,15,-15,496.2012939453125
48813,9,47,4,12.5,-12.5,12.5,-12.5,497.4342956542969
48813,9,46,2,7.5,-12.5,7.5,-12.5,497.73431396484375
48813,9,48,2,5,-15,5,-15,498.2012939453125
48813,9,45,5,18.5,-10,18.5,-10,500.2012939453125
48813,9,44,4,15,-10,15,-10,500.40130615234375
48813,9,43,4,10,-10,10,-10,501.1012878417969
48813,9,49,4,10,-15,10,-15,501.8342895507813
48813,9,51,5,10,-18.5,10,-18.5,502.30029296875
48813,9,50,5,15,-15,15,-15,503.30029296875
48813,9,47,4,12.5,-12.5,12.5,-12.5,503.7012939453125
48813,9,46,2,7.5,-12.5,7.5,-12.5,504.3342895507813
48813,9,45,5,18.5,-10,18.5,-10,506.1012878417969
48813,9,44,4,15,-10,15,-10,506.40130615234375
48813,9,43,4,10,-10,10,-10,507.1012878417969
48813,9,49,4,10,-15,10,-15,507.73431396484375
48813,9,51,5,10,-18.5,10,-18.5,508.2012939453125
48813,9,47,4,12.5,-12.5,12.5,-12.5,509.2012939453125
48813,9,50,5,15,-15,15,-15,510.1012878417969
48813,9,45,5,18.5,-10,18.5,-10,511.1343078613281
48813,9,44,4,15,-10,15,-10,511.8342895507813
48813,9,49,4,10,-15,10,-15,513.101318359375
48813,9,46,2,7.5,-12.5,7.5,-12.5,513.601318359375
48813,9,43,4,10,-10,10,-10,513.90130615234375
48813,9,47,4,12.5,-12.5,12.5,-12.5,514.23541259765625
48813,9,51,5,10,-18.5,10,-18.5,515.0352783203125
48813,9,50,5,15,-15,15,-15,516.201416015625
48813,9,44,4,15,-10,15,-10,517.00128173828125
48813,9,45,5,18.5,-10,18.5,-10,517.23431396484375
48813,9,43,4,10,-10,10,-10,518.9354248046875
48813,9,49,4,10,-15,10,-15,519.13531494140625
48813,9,47,4,12.5,-12.5,12.5,-12.5,519.268310546875
48813,9,51,5,10,-18.5,10,-18.5,520.06842041015625
48813,9,44,4,15,-10,15,-10,523.0352783203125
48813,9,45,5,18.5,-10,18.5,-10,523.1024169921875
48813,9,47,4,12.5,-12.5,12.5,-12.5,524.30230712890625
48813,9,50,5,15,-15,15,-15,524.5023193359375
48813,9,40,2,12.5,-7.5,12.5,-7.5,525.5352783203125
48813,9,43,4,10,-10,10,-10,525.701416015625
48813,9,49,4,10,-15,10,-15,526.2022705078125
48813,9,51,5,10,-18.5,10,-18.5,526.6024169921875
48813,9,44,4,15,-10,15,-10,528.1024169921875
48813,9,50,5,15,-15,15,-15,529.5352783203125
48813,9,45,5,18.5,-10,18.5,-10,529.90228271484375
48813,9,47,4,12.5,-12.5,12.5,-12.5,530.63531494140625
48813,9,49,4,10,-15,10,-15,531.23541259765625
48813,9,47,4,15,-10,12.5,-12.5,534.56927490234375
48813,9,44,4,15,-10,15,-10,534.6024169921875
48813,9,43,4,10,-10,10,-10,534.80230712890625
48813,9,51,5,10,-18.5,10,-18.5,535.40228271484375
48813,9,44,4,15,-10,15,-10,539.63641357421875
48813,9,43,4,10,-10,10,-10,539.8353271484375
48813,9,46,2,7.5,-12.5,7.5,-12.5,541.6024169921875
48813,9,49,4,10,-15,10,-15,542.13531494140625
48813,9,51,5,10,-18.5,10,-18.5,542.30230712890625
48813,9,50,5,15,-15,15,-15,542.8363037109375
48813,9,47,4,12.5,-12.5,12.5,-12.5,543.1024169921875
48813,9,49,4,10,-15,10,-15,547.1693115234375
48813,9,51,5,10,-18.5,10,-18.5,547.3363037109375
48813,9,50,5,15,-15,15,-15,548.0023193359375
48813,9,47,4,12.5,-12.5,12.5,-12.5,548.13641357421875
48813,9,44,4,15,-10,15,-10,548.936279296875
48813,9,45,5,18.5,-10,18.5,-10,549.00341796875
48813,9,43,4,10,-10,10,-10,551.0023193359375
48813,9,39,2,7.5,-7.5,7.5,-7.5,551.6024169921875
48813,9,37,1,10,-5,10,-5,551.90228271484375
48813,9,40,2,12.5,-7.5,12.5,-7.5,552.30328369140625
48813,9,38,2,15,-5,15,-5,552.603271484375
48813,9,46,2,7.5,-12.5,7.5,-12.5,553.80230712890625
48813,9,49,4,10,-15,10,-15,554.50341796875
48813,9,51,5,10,-18.5,10,-18.5,554.603271484375
48813,9,50,5,15,-15,15,-15,555.40228271484375
48813,9,47,4,12.5,-12.5,12.5,-12.5,555.5352783203125
48813,9,44,4,15,-10,15,-10,556.103271484375
48813,9,45,5,18.5,-10,18.5,-10,556.53631591796875
48813,9,43,4,10,-10,10,-10,557.4033203125
48813,9,49,4,10,-15,10,-15,559.53631591796875
48813,9,40,2,12.5,-7.5,12.5,-7.5,560.236328125
48813,9,39,2,7.5,-7.5,7.5,-7.5,560.70330810546875
48813,9,46,2,7.5,-12.5,7.5,-12.5,560.936279296875
48813,9,51,5,10,-18.5,10,-18.5,561.8372802734375
48813,9,50,5,15,-15,15,-15,562.3363037109375
48813,9,47,4,12.5,-12.5,12.5,-12.5,562.50341796875
48813,9,44,4,15,-10,15,-10,562.936279296875
48813,9,45,5,18.5,-10,18.5,-10,564.736328125
48813,9,43,4,10,-10,10,-10,566.03631591796875
48813,9,49,4,10,-15,10,-15,566.40228271484375
48813,9,51,5,10,-18.5,10,-18.5,566.87042236328125
48813,9,50,5,15,-15,15,-15,567.37042236328125
48813,9,47,4,12.5,-12.5,12.5,-12.5,568.13641357421875
48813,9,44,4,15,-10,15,-10,569.03741455078125
48813,9,40,2,12.5,-7.5,12.5,-7.5,569.736328125
48813,9,49,4,10,-15,10,-15,571.436279296875
48813,9,50,5,15,-15,15,-15,572.4033203125
48813,9,45,5,18.5,-10,18.5,-10,573.30328369140625
48813,9,44,4,15,-10,15,-10,574.0703125
48813,9,43,4,10,-10,10,-10,574.436279296875
48813,9,47,4,12.5,-12.5,12.5,-12.5,574.50341796875
48813,9,51,5,10,-18.5,10,-18.5,575.30328369140625
48813,9,50,5,15,-15,15,-15,578.70428466796875
48813,9,45,5,18.5,-10,18.5,-10,582.0042724609375
48813,9,44,4,15,-10,15,-10,582.603271484375
48813,9,47,4,12.5,-12.5,12.5,-12.5,583.0042724609375
48813,9,49,4,10,-15,10,-15,583.5042724609375
48813,9,51,5,10,-18.5,10,-18.5,583.6373291015625
48813,9,50,5,15,-15,15,-15,584.53741455078125
48813,9,40,2,12.5,-7.5,12.5,-7.5,585.8372802734375
48813,9,38,2,15,-5,15,-5,587.9044189453125
48813,9,43,4,10,-10,10,-10,588.8043212890625
48813,9,46,2,7.5,-12.5,7.5,-12.5,589.3372802734375
48813,9,49,4,10,-15,10,-15,589.5042724609375
48813,9,51,5,10,-18.5,10,-18.5,590.0042724609375
48813,9,50,5,15,-15,15,-15,590.60430908203125
48813,9,47,4,12.5,-12.5,12.5,-12.5,590.9033203125
48813,9,44,4,15,-10,15,-10,591.3043212890625
48813,9,45,5,18.5,-10,18.5,-10,591.70428466796875
48813,9,40,2,12.5,-7.5,12.5,-7.5,592.60430908203125
48813,9,43,4,10,-10,10,-10,593.8372802734375
48813,9,48,2,5,-15,5,-15,594.03741455078125
48813,9,49,4,10,-15,10,-15,594.53741455078125
48813,9,50,5,15,-15,15,-15,595.8372802734375
48813,9,47,4,12.5,-12.5,12.5,-12.5,596.5042724609375
48813,9,44,4,15,-10,15,-10,597.43841552734375
48813,9,40,2,12.5,-7.5,12.5,-7.5,597.6373291015625
48813,9,51,5,10,-18.5,10,-18.5,598.8043212890625
48813,9,49,4,10,-15,10,-15,599.5714111328125
48813,9,45,5,18.5,-10,18.5,-10,600.43731689453125
48813,9,50,5,15,-15,15,-15,601.1383056640625
48813,9,47,4,12.5,-12.5,12.5,-12.5,603.10430908203125
48813,9,44,4,15,-10,15,-10,604.3043212890625
48813,9,43,4,10,-10,10,-10,604.93841552734375
48813,9,46,2,7.5,-12.5,7.5,-12.5,605.4044189453125
48813,9,49,4,10,-15,10,-15,605.705322265625
48813,9,51,5,10,-18.5,10,-18.5,606.20428466796875
48813,9,50,5,15,-15,15,-15,606.805419921875
48813,9,45,5,18.5,-10,18.5,-10,608.038330078125
48813,9,47,4,15,-10,12.5,-12.5,609.305419921875
48813,9,44,4,15,-10,15,-10,609.3372802734375
48813,9,48,2,5,-15,5,-15,610.6383056640625
48813,9,46,2,7.5,-12.5,7.5,-12.5,611.205322265625
48813,9,49,4,10,-15,10,-15,611.73828125
48813,9,51,5,10,-18.5,10,-18.5,612.205322265625
48813,9,50,5,15,-15,15,-15,613.538330078125
48813,9,45,5,18.5,-10,18.5,-10,614.50531005859375
48813,9,44,4,15,-10,15,-10,614.705322265625
48813,9,47,4,12.5,-12.5,12.5,-12.5,615.6383056640625
48813,9,48,2,7.5,-12.5,5,-15,616.77227783203125
48813,9,46,2,7.5,-12.5,7.5,-12.5,616.805419921875
48813,9,43,4,10,-10,10,-10,617.0042724609375
48813,9,51,5,10,-18.5,10,-18.5,618.60528564453125
48813,9,44,4,15,-10,15,-10,620.10528564453125
48813,9,45,5,18.5,-10,18.5,-10,620.60528564453125
48813,9,40,2,12.5,-7.5,12.5,-7.5,621.50531005859375
48813,9,47,4,12.5,-12.5,12.5,-12.5,621.83831787109375
48813,9,49,4,10,-15,10,-15,622.305419921875
48813,9,46,2,7.5,-12.5,7.5,-12.5,622.705322265625
48813,9,43,4,10,-10,10,-10,623.10528564453125
48813,9,38,2,15,-5,15,-5,624.00531005859375
48813,9,37,1,10,-5,10,-5,624.23931884765625
48813,9,51,5,10,-18.5,10,-18.5,625.8043212890625
48813,9,50,5,15,-15,15,-15,626.83831787109375
48813,9,44,4,15,-10,15,-10,627.705322265625
48813,9,47,4,12.5,-12.5,12.5,-12.5,627.805419921875
48813,9,45,5,18.5,-10,18.5,-10,627.9052734375
48813,9,49,4,10,-15,10,-15,629.305419921875
48813,9,48,2,5,-15,5,-15,632.00531005859375
48813,9,51,5,10,-18.5,10,-18.5,632.73931884765625
48813,9,50,5,15,-15,15,-15,633.50531005859375
48813,9,47,4,12.5,-12.5,12.5,-12.5,633.73828125
48813,9,44,4,15,-10,15,-10,634.1392822265625
48813,9,45,5,18.5,-10,18.5,-10,634.50531005859375
48813,9,49,4,10,-15,10,-15,636.305419921875
48813,9,46,2,7.5,-12.5,7.5,-12.5,636.50531005859375
48813,9,43,4,10,-10,10,-10,638.2064208984375
48813,9,51,5,10,-18.5,10,-18.5,639.33941650390625
48813,9,50,5,15,-15,15,-15,640.40631103515625
48813,9,47,4,12.5,-12.5,12.5,-12.5,640.8062744140625
48813,9,44,4,15,-10,15,-10,641.3062744140625
48813,9,45,5,18.5,-10,18.5,-10,641.6063232421875
48813,9,40,2,12.5,-7.5,12.5,-7.5,642.43927001953125
48813,9,43,4,10,-10,10,-10,643.23931884765625
48813,9,46,2,7.5,-12.5,7.5,-12.5,643.3062744140625
48813,9,49,4,10,-15,10,-15,643.8062744140625
48813,9,51,5,10,-18.5,10,-18.5,645.1392822265625
48813,9,47,4,12.5,-12.5,12.5,-12.5,646.73931884765625
48813,9,44,4,15,-10,15,-10,647.1063232421875
48813,9,50,5,15,-15,15,-15,647.2064208984375
48813,9,45,5,18.5,-10,18.5,-10,648.60528564453125
48813,9,49,4,10,-15,10,-15,650.33941650390625
48813,9,46,2,7.5,-12.5,7.5,-12.5,650.73931884765625
48813,9,42,1,5,-10,5,-10,651.3062744140625
48813,9,39,2,7.5,-7.5,7.5,-7.5,651.6392822265625
48813,9,43,4,10,-10,10,-10,651.8062744140625
48813,9,51,5,10,-18.5,10,-18.5,652.90631103515625
48813,9,50,5,15,-15,15,-15,653.40631103515625
48813,9,47,4,12.5,-12.5,12.5,-12.5,653.8062744140625
48813,9,45,5,18.5,-10,18.5,-10,654.8062744140625
48813,9,44,4,15,-10,15,-10,654.9403076171875
48813,9,40,2,12.5,-7.5,12.5,-7.5,655.83941650390625
48813,9,38,2,15,-5,15,-5,656.23931884765625
48813,9,37,1,10,-5,10,-5,656.539306640625
48813,9,35,1,10,-1.5,10,-1.5,656.7733154296875
48813,9,36,1,5,-5,5,-5,657.4403076171875
48813,9,39,2,7.5,-7.5,7.5,-7.5,658.040283203125
48813,9,43,4,10,-10,10,-10,658.64031982421875
48813,9,46,2,7.5,-12.5,7.5,-12.5,659.040283203125
48813,9,49,4,10,-15,10,-15,659.34027099609375
48813,9,51,5,10,-18.5,10,-18.5,659.73931884765625
48813,9,50,5,15,-15,15,-15,660.47332763671875
48813,9,47,4,12.5,-12.5,12.5,-12.5,660.93927001953125
48813,9,44,4,15,-10,15,-10,661.24041748046875
48813,9,45,5,18.5,-10,18.5,-10,662.34027099609375
48813,9,40,2,12.5,-7.5,12.5,-7.5,663.4403076171875
48813,9,43,4,10,-10,10,-10,663.74041748046875
48813,9,46,2,7.5,-12.5,7.5,-12.5,664.24041748046875
48813,9,48,2,5,-15,5,-15,664.74041748046875
48813,9,49,4,10,-15,10,-15,664.9403076171875
48813,9,50,5,15,-15,15,-15,665.540283203125
48813,9,47,4,12.5,-12.5,12.5,-12.5,665.97332763671875
48813,9,44,4,15,-10,15,-10,666.2733154296875
48813,9,51,5,10,-18.5,10,-18.5,667.73931884765625
48813,9,45,5,18.5,-10,18.5,-10,669.67327880859375
48813,9,43,4,10,-10,10,-10,670.4403076171875
48813,9,46,2,7.5,-12.5,7.5,-12.5,670.9403076171875
48813,9,49,4,10,-15,10,-15,671.24041748046875
48813,9,47,4,12.5,-12.5,12.5,-12.5,671.540283203125
48813,9,50,5,15,-15,15,-15,671.84027099609375
48813,9,44,4,15,-10,15,-10,672.7733154296875
48813,9,51,5,10,-18.5,10,-18.5,675.040283203125
48813,9,47,4,12.5,-12.5,12.5,-12.5,676.74041748046875
48813,9,50,5,15,-15,15,-15,676.87432861328125
48813,9,45,5,18.5,-10,18.5,-10,677.24041748046875
48813,9,44,4,15,-10,15,-10,677.80731201171875
48813,10,41,2,1.5,-10,1.5,-10,683.7733154296875
48813,10,42,2,5,-10,5,-10,683.97430419921875
48813,10,46,2,7.5,-12.5,7.5,-12.5,684.47332763671875
48813,10,49,2,10,-15,10,-15,685.17431640625
48813,10,48,2,5,-15,5,-15,685.74041748046875
48813,10,50,2,15,-15,15,-15,686.64031982421875
48813,10,47,2,12.5,-12.5,12.5,-12.5,686.74127197265625
48813,10,43,2,10,-10,10,-10,687.04132080078125
48813,10,40,2,12.5,-7.5,12.5,-7.5,687.4412841796875
48813,10,37,2,10,-5,10,-5,687.84130859375
48813,10,39,2,7.5,-7.5,7.5,-7.5,687.9403076171875
48813,10,46,2,7.5,-12.5,7.5,-12.5,691.24127197265625
48813,10,48,2,5,-15,5,-15,692.04132080078125
48813,10,42,2,5,-10,5,-10,693.9403076171875
48813,10,39,2,7.5,-7.5,7.5,-7.5,694.2744140625
48813,10,49,2,10,-15,10,-15,695.34130859375
48813,10,47,2,12.5,-12.5,12.5,-12.5,695.64141845703125
48813,10,43,2,10,-10,10,-10,696.540283203125
48813,10,40,2,12.5,-7.5,12.5,-7.5,696.74127197265625
48813,10,37,2,10,-5,10,-5,697.37432861328125
48813,10,48,2,5,-15,5,-15,699.24127197265625
48813,10,46,2,7.5,-12.5,7.5,-12.5,699.34130859375
48813,10,42,2,5,-10,5,-10,699.64141845703125
48813,10,44,2,15,-10,15,-10,700.57427978515625
48813,10,47,2,12.5,-12.5,12.5,-12.5,700.67431640625
48813,10,39,2,7.5,-7.5,7.5,-7.5,701.87432861328125
48813,10,43,2,10,-10,10,-10,702.24127197265625
48813,10,49,2,10,-15,10,-15,703.04132080078125
48813,10,40,2,12.5,-7.5,12.5,-7.5,703.64141845703125
48813,10,37,2,10,-5,10,-5,704.0753173828125
48813,10,36,2,5,-5,5,-5,704.74127197265625
48813,10,42,2,5,-10,5,-10,705.0753173828125
48813,10,46,2,7.5,-12.5,7.5,-12.5,705.4412841796875
48813,10,47,2,12.5,-12.5,12.5,-12.5,706.24127197265625
48813,10,44,2,15,-10,15,-10,706.74127197265625
48813,10,39,2,7.5,-7.5,7.5,-7.5,708.14141845703125
48813,10,43,2,10,-10,10,-10,708.4412841796875
48813,10,50,2,15,-15,15,-15,709.37530517578125
48813,10,45,2,18.5,-10,18.5,-10,710.1754150390625
48813,10,46,2,7.5,-12.5,7.5,-12.5,711.4412841796875
48813,10,49,2,10,-15,10,-15,711.6754150390625
48813,10,51,2,10,-18.5,10,-18.5,712.1754150390625
48813,10,50,2,15,-15,15,-15,715.6754150390625
48813,10,44,2,15,-10,15,-10,716.37530517578125
48813,10,40,2,12.5,-7.5,12.5,-7.5,716.84228515625
48813,10,43,2,10,-10,10,-10,717.1754150390625
48813,10,39,2,7.5,-7.5,7.5,-7.5,717.54241943359375
48813,10,42,2,5,-10,5,-10,717.84228515625
48813,10,46,2,7.5,-12.5,7.5,-12.5,718.24127197265625
48813,10,49,2,10,-15,10,-15,718.84228515625
48813,10,51,2,10,-18.5,10,-18.5,719.37530517578125
48813,10,48,2,5,-15,5,-15,719.94232177734375
48813,10,39,2,7.5,-7.5,7.5,-7.5,722.5753173828125
48813,10,37,2,10,-5,10,-5,722.84130859375
48813,10,17,2,15,6.5,15,6.5,724.84228515625
48813,10,15,2,15,10,15,10,725.34228515625
48813,10,9,2,15,15,15,15,726.04241943359375
48813,10,6,2,17.5,17.5,17.5,17.5,726.7423095703125
48813,10,2,2,10,20,10,20,727.54241943359375
48813,10,8,2,10,15,10,15,728.2423095703125
48813,10,12,2,12.5,12.5,12.5,12.5,728.5753173828125
48813,10,5,2,12.5,17.5,12.5,17.5,729.54241943359375
48813,10,13,2,17.5,12.5,17.5,12.5,730.04241943359375
48813,10,16,2,20,10,20,10,730.54241943359375
48813,10,10,2,20,15,20,15,730.84228515625
48813,10,4,2,20,20,20,20,731.64227294921875
48813,10,3,2,15,20,15,20,732.2423095703125
48813,10,9,2,15,15,15,15,732.9423217773436
48813,10,5,2,12.5,17.5,12.5,17.5,735.17626953125
48813,10,12,2,12.5,12.5,12.5,12.5,735.64227294921875
48813,10,15,2,15,10,15,10,736.04241943359375
48813,10,13,2,17.5,12.5,17.5,12.5,736.2763061523436
48813,10,10,2,20,15,20,15,736.7412719726564
48813,10,8,2,10,15,10,15,737.7423095703125
48813,10,3,2,15,20,15,20,740.04327392578125
48813,10,5,2,12.5,17.5,12.5,17.5,740.34228515625
48813,10,12,2,12.5,12.5,12.5,12.5,741.076416015625
48813,10,9,2,15,15,15,15,741.14227294921875
48813,10,13,2,17.5,12.5,17.5,12.5,741.54327392578125
48813,10,15,2,15,10,15,10,742.143310546875
48813,10,17,2,15,6.5,15,6.5,742.576416015625
48813,10,6,2,17.5,17.5,17.5,17.5,743.84332275390625
48813,10,1,2,15,23.5,15,23.5,744.7432861328125
48813,10,2,2,10,20,10,20,745.67626953125
48813,10,5,2,12.5,17.5,12.5,17.5,746.2423095703125
48813,10,8,2,10,15,10,15,746.4434204101564
48813,10,12,2,12.5,12.5,12.5,12.5,747.04327392578125
48813,10,15,2,15,10,15,10,747.54327392578125
48813,10,9,2,15,15,15,15,748.54327392578125
48813,10,13,2,20,15,17.5,12.5,749.14227294921875
48813,10,10,2,20,15,20,15,749.17626953125
48813,10,6,2,17.5,17.5,17.5,17.5,750.7432861328125
48813,10,1,2,15,23.5,15,23.5,751.84332275390625
48813,10,3,2,10,20,15,20,752.2423095703125
48813,10,2,2,10,20,10,20,752.2763061523436
48813,10,8,2,10,15,10,15,752.7432861328125
48813,10,12,2,12.5,12.5,12.5,12.5,753.143310546875
48813,10,14,2,10,10,10,10,753.476318359375
48813,10,17,2,15,6.5,15,6.5,754.476318359375
48813,10,15,2,15,10,15,10,754.7432861328125
48813,10,12,2,17.5,12.5,12.5,12.5,755.54327392578125
48813,10,13,2,17.5,12.5,17.5,12.5,755.5772705078125
48813,10,10,2,20,15,20,15,755.976318359375
48813,10,11,2,23.5,15,23.5,15,756.4434204101564
48813,10,6,2,17.5,17.5,17.5,17.5,757.143310546875
48813,10,3,2,15,20,15,20,757.67626953125
48813,10,8,2,10,15,10,15,759.0772705078125
48813,10,7,2,6.5,15,6.5,15,759.576416015625
48813,10,12,2,12.5,12.5,12.5,12.5,760.54327392578125
48813,10,9,2,15,15,15,15,760.6104125976564
48813,10,14,2,10,10,10,10,761.54327392578125
48813,10,17,2,15,6.5,15,6.5,762.2432861328125
48813,10,15,2,15,10,15,10,762.84332275390625
48813,10,13,2,17.5,12.5,17.5,12.5,763.143310546875
48813,10,8,2,10,15,10,15,764.2772827148436
48813,10,6,2,17.5,17.5,17.5,17.5,765.04327392578125
48813,10,5,2,12.5,17.5,12.5,17.5,765.8773193359375
48813,10,3,2,15,20,15,20,765.9774169921875
48813,10,4,2,20,20,20,20,766.4434204101564
48813,10,1,2,15,23.5,15,23.5,766.9774169921875
48813,10,3,2,15,20,15,20,771.84442138671875
48813,10,9,2,15,15,15,15,772.4442749023436
48813,10,15,2,15,10,15,10,773.144287109375
48813,10,17,2,15,6.5,15,6.5,773.5772705078125
48813,10,1,2,15,23.5,15,23.5,776.0443115234375
48813,10,3,2,15,20,15,20,776.8773193359375
48813,10,9,2,15,15,15,15,777.4774169921875
48813,10,12,2,12.5,12.5,12.5,12.5,777.74432373046875
48813,10,8,2,10,15,10,15,778.0443115234375
48813,10,7,2,6.5,15,6.5,15,778.5443115234375
48813,10,13,2,17.5,12.5,17.5,12.5,779.4442749023436
48813,10,15,2,15,10,15,10,779.54327392578125
48813,10,17,2,15,6.5,15,6.5,780.2432861328125
48813,10,9,2,20,15,15,15,781.4442749023436
48813,10,10,2,20,15,20,15,781.4774169921875
48813,10,11,2,23.5,15,23.5,15,781.9774169921875
48813,10,9,2,15,15,15,15,783.34332275390625
48813,10,14,2,10,10,10,10,784.5772705078125
48813,10,12,2,12.5,12.5,12.5,12.5,784.9442749023436
48813,10,8,2,10,15,10,15,785.24432373046875
48813,10,5,2,12.5,17.5,12.5,17.5,786.14532470703125
48813,10,3,2,15,20,15,20,786.74432373046875
48813,10,6,2,17.5,17.5,17.5,17.5,787.34332275390625
48813,10,4,2,20,20,20,20,788.4442749023436
48813,10,9,2,15,15,15,15,789.144287109375
48813,10,13,2,17.5,12.5,17.5,12.5,789.478271484375
48813,10,10,2,20,15,20,15,790.144287109375
48813,10,12,2,12.5,12.5,12.5,12.5,791.34442138671875
48813,10,8,2,10,15,10,15,791.5443115234375
48813,10,14,2,10,10,10,10,791.7783203125
48813,10,17,2,15,6.5,15,6.5,792.7432861328125
48813,10,16,2,20,10,20,10,793.5443115234375
48813,10,6,2,17.5,17.5,17.5,17.5,794.4442749023436
48813,10,3,2,15,20,15,20,794.978271484375
48813,10,5,2,12.5,17.5,12.5,17.5,795.4442749023436
48813,10,9,2,15,15,15,15,796.2783203125
48813,10,12,2,12.5,12.5,12.5,12.5,796.3773193359375
48813,10,15,2,15,10,15,10,797.7783203125
48813,10,13,2,17.5,12.5,17.5,12.5,798.4453125
48813,10,10,2,20,15,20,15,798.7783203125
48813,10,6,2,17.5,17.5,17.5,17.5,800.14532470703125
48813,10,3,2,15,20,15,20,800.4453125
48813,10,5,2,12.5,17.5,12.5,17.5,800.9453125
48813,10,8,2,10,15,10,15,801.478271484375
48813,10,12,2,12.5,12.5,12.5,12.5,801.84527587890625
48813,10,10,2,20,15,20,15,803.8104248046875
48813,10,9,2,15,15,15,15,803.9453125
48813,10,15,2,15,10,15,10,804.84442138671875
48813,10,16,2,20,10,20,10,805.74542236328125
48813,10,13,2,17.5,12.5,17.5,12.5,806.07830810546875
48813,10,11,2,23.5,15,23.5,15,806.74542236328125
48813,10,6,2,17.5,17.5,17.5,17.5,807.57830810546875
48813,10,4,2,20,20,20,20,807.9453125
48813,10,3,2,15,20,15,20,808.5443115234375
48813,10,1,2,15,23.5,15,23.5,808.978271484375
48813,10,2,2,10,20,10,20,809.84527587890625
48813,10,5,2,12.5,17.5,12.5,17.5,810.07830810546875
48813,10,8,2,10,15,10,15,810.4453125
48813,10,7,2,6.5,15,6.5,15,811.24542236328125
48813,10,14,2,10,10,10,10,812.07830810546875
48813,10,12,2,12.5,12.5,12.5,12.5,812.64532470703125
48813,10,15,2,15,10,15,10,812.9442749023436
48813,10,17,2,15,6.5,15,6.5,813.37841796875
48813,10,9,2,15,15,15,15,814.84527587890625
48813,10,10,2,20,15,20,15,815.24542236328125
48813,10,4,2,20,20,20,20,815.7783203125
48813,10,16,2,20,10,20,10,817.24542236328125
48813,10,11,2,23.5,15,23.5,15,817.9453125
48813,10,12,2,12.5,12.5,12.5,12.5,819.3792724609375
48813,10,8,2,10,15,10,15,820.14532470703125
48813,10,13,2,17.5,12.5,17.5,12.5,820.84527587890625
48813,10,9,2,15,15,15,15,820.9453125
48813,10,6,2,17.5,17.5,17.5,17.5,821.24542236328125
48813,10,10,2,20,15,20,15,821.57928466796875
48813,10,4,2,20,20,20,20,821.6793212890625
48813,10,3,2,15,20,15,20,822.8792724609375
48813,10,5,2,12.5,17.5,12.5,17.5,823.24542236328125
48813,10,12,2,12.5,12.5,12.5,12.5,824.41241455078125
48813,10,15,2,15,10,15,10,824.6464233398436
48813,10,16,2,20,10,20,10,825.34527587890625
48813,10,13,2,17.5,12.5,17.5,12.5,826.4453125
48813,10,10,2,20,15,20,15,826.6123046875
48813,10,9,2,15,15,15,15,826.74432373046875
48813,10,8,2,10,15,10,15,827.4464111328125
48813,10,7,2,6.5,15,6.5,15,827.9453125
48813,10,6,2,17.5,17.5,17.5,17.5,828.9453125
48813,10,4,2,20,20,20,20,829.4464111328125
48813,10,15,2,15,10,15,10,830.8792724609375
48813,10,12,2,12.5,12.5,12.5,12.5,831.5452880859375
48813,10,9,2,15,15,15,15,831.8792724609375
48813,10,5,2,12.5,17.5,12.5,17.5,832.24627685546875
48813,10,3,2,15,20,15,20,832.57928466796875
48813,10,6,2,17.5,17.5,17.5,17.5,833.97930908203125
48813,10,9,2,17.5,12.5,15,15,834.04632568359375
48813,10,13,2,17.5,12.5,17.5,12.5,834.07830810546875
48813,10,16,2,20,10,20,10,834.54632568359375
48813,10,17,2,15,6.5,15,6.5,835.1793212890625
48813,10,14,2,10,10,10,10,835.9464111328125
48813,10,8,2,10,15,10,15,836.74627685546875
48813,10,5,2,12.5,17.5,12.5,17.5,837.2794189453125
48813,10,2,2,10,20,10,20,837.47930908203125
48813,10,3,2,15,20,15,20,838.07928466796875
48813,10,6,2,17.5,17.5,17.5,17.5,839.0133056640625
48813,10,10,2,20,15,20,15,839.3463134765625
48813,10,11,2,23.5,15,23.5,15,839.84527587890625
48813,10,13,2,17.5,12.5,17.5,12.5,840.4464111328125
48813,10,17,2,15,6.5,15,6.5,841.3792724609375
48813,10,15,2,15,10,15,10,841.54632568359375
48813,10,9,2,15,15,15,15,842.24627685546875
48813,10,4,2,20,20,20,20,843.3792724609375
48813,10,3,2,15,20,15,20,844.04632568359375
48813,10,5,2,12.5,17.5,12.5,17.5,844.4464111328125
48813,10,8,2,10,15,10,15,845.24627685546875
48813,10,2,2,10,20,10,20,845.680419921875
48813,10,6,2,17.5,17.5,17.5,17.5,846.2794189453125
48813,10,11,2,23.5,15,23.5,15,847.4464111328125
48813,10,16,2,20,10,20,10,848.98028564453125
48813,10,13,2,17.5,12.5,17.5,12.5,849.3463134765625
48813,10,10,2,20,15,20,15,849.580322265625
48813,10,9,2,15,15,15,15,850.080322265625
48813,10,12,2,12.5,12.5,12.5,12.5,850.48028564453125
48813,10,15,2,15,10,15,10,850.680419921875
48813,10,14,2,10,10,10,10,852.04632568359375
48813,10,8,2,10,15,10,15,852.38031005859375
48813,10,6,2,17.5,17.5,17.5,17.5,853.21331787109375
48813,10,3,2,15,20,15,20,853.48028564453125
48813,10,1,2,15,23.5,15,23.5,853.91241455078125
48813,10,4,2,20,20,20,20,854.61328125
48813,10,9,2,15,15,15,15,855.14727783203125
48813,10,13,2,17.5,12.5,17.5,12.5,855.5133056640625
48813,10,10,2,20,15,20,15,855.680419921875
48813,10,16,2,20,10,20,10,856.48028564453125
48813,10,15,2,15,10,15,10,857.080322265625
48813,10,12,2,12.5,12.5,12.5,12.5,857.413330078125
48813,10,5,2,12.5,17.5,12.5,17.5,858.38031005859375
48813,10,8,2,10,15,10,15,858.7802734375
48813,10,7,2,6.5,15,6.5,15,859.2802734375
48813,10,14,2,10,10,10,10,859.97930908203125
48813,10,17,2,15,6.5,15,6.5,860.8134155273436
48813,10,15,2,15,10,15,10,862.11328125
48813,10,13,2,17.5,12.5,17.5,12.5,862.180419921875
48813,10,10,2,20,15,20,15,862.5133056640625
48813,10,6,2,17.5,17.5,17.5,17.5,863.080322265625
48813,10,3,2,15,20,15,20,863.580322265625
48813,10,5,2,12.5,17.5,12.5,17.5,863.97930908203125
48813,10,9,2,15,15,15,15,864.21441650390625
48813,10,12,2,12.5,12.5,12.5,12.5,864.580322265625
48813,10,17,2,15,6.5,15,6.5,865.847412109375
48813,10,35,2,10,-1.5,10,-1.5,866.7802734375
48813,10,37,2,10,-5,10,-5,867.21441650390625
48813,10,40,2,12.5,-7.5,12.5,-7.5,867.580322265625
48813,10,43,2,10,-10,10,-10,867.914306640625
48813,10,44,2,15,-10,15,-10,868.88031005859375
48813,10,39,2,7.5,-7.5,7.5,-7.5,869.98028564453125
48813,10,42,2,5,-10,5,-10,870.48028564453125
48813,10,46,2,7.5,-12.5,7.5,-12.5,870.98028564453125
48813,10,47,2,12.5,-12.5,12.5,-12.5,871.680419921875
48813,10,49,2,10,-15,10,-15,871.81427001953125
48813,10,50,2,15,-15,15,-15,872.38031005859375
48813,10,40,2,12.5,-7.5,12.5,-7.5,873.680419921875
48813,10,44,2,15,-10,15,-10,873.914306640625
48813,10,37,2,10,-5,10,-5,874.180419921875
48813,10,36,2,5,-5,5,-5,874.88031005859375
48813,10,39,2,7.5,-7.5,7.5,-7.5,875.0142822265625
48813,10,41,2,1.5,-10,1.5,-10,875.5142822265625
48813,10,48,2,5,-15,5,-15,876.2813110351564
48813,10,46,2,7.5,-12.5,7.5,-12.5,876.5814208984375
48813,10,43,2,10,-10,10,-10,877.080322265625
48813,10,49,2,10,-15,10,-15,877.9813232421875
48813,10,51,2,10,-18.5,10,-18.5,878.4813232421875
48813,10,50,2,15,-15,15,-15,879.914306640625
48813,10,47,2,12.5,-12.5,12.5,-12.5,880.9813232421875
48813,10,44,2,15,-10,15,-10,881.4813232421875
48813,10,45,2,18.5,-10,18.5,-10,881.88128662109375
48813,10,40,2,12.5,-7.5,12.5,-7.5,882.5814208984375
48813,10,43,2,10,-10,10,-10,882.88128662109375
48813,10,39,2,7.5,-7.5,7.5,-7.5,883.5142822265625
48813,10,37,2,10,-5,10,-5,883.88128662109375
48813,10,36,2,5,-5,5,-5,884.9813232421875
48813,10,42,2,5,-10,5,-10,885.7813110351564
48813,10,46,2,7.5,-12.5,7.5,-12.5,886.21441650390625
48813,10,49,2,10,-15,10,-15,886.71441650390625
48813,10,47,2,12.5,-12.5,12.5,-12.5,887.0814208984375
48813,10,44,2,15,-10,15,-10,887.6143188476564
48813,10,45,2,18.5,-10,18.5,-10,887.9813232421875
48813,10,40,2,12.5,-7.5,12.5,-7.5,889.71441650390625
48813,10,43,2,10,-10,10,-10,890.18231201171875
48813,10,39,2,7.5,-7.5,7.5,-7.5,890.7813110351564
48813,10,38,2,15,-5,15,-5,891.88128662109375
48813,10,37,2,10,-5,10,-5,892.414306640625
48813,10,36,2,5,-5,5,-5,893.11541748046875
48813,10,42,2,5,-10,5,-10,893.61541748046875
48813,10,46,2,7.5,-12.5,7.5,-12.5,894.0142822265625
48813,10,51,2,10,-18.5,10,-18.5,894.9813232421875
48813,10,49,2,10,-15,10,-15,895.21527099609375
48813,10,47,2,12.5,-12.5,12.5,-12.5,895.7802734375
48813,10,43,2,10,-10,10,-10,895.88128662109375
48813,10,50,2,15,-15,15,-15,896.31427001953125
48813,10,40,2,12.5,-7.5,12.5,-7.5,897.0814208984375
48813,10,44,2,15,-10,15,-10,897.38128662109375
48813,10,45,2,18.5,-10,18.5,-10,897.88128662109375
48813,10,38,2,15,-5,15,-5,898.71527099609375
48813,10,37,2,10,-5,10,-5,899.415283203125
48813,10,35,2,10,-1.5,10,-1.5,900.38128662109375
48813,10,36,2,5,-5,5,-5,901.1812744140624
48813,10,39,2,7.5,-7.5,7.5,-7.5,901.38128662109375
48813,10,46,2,7.5,-12.5,7.5,-12.5,902.0814208984376
48813,10,42,2,5,-10,5,-10,902.1812744140624
48813,10,49,2,10,-15,10,-15,902.5814208984376
48813,10,43,2,10,-10,10,-10,904.082275390625
48813,10,47,2,12.5,-12.5,12.5,-12.5,904.482421875
48813,10,44,2,15,-10,15,-10,904.7813110351564
48813,10,45,2,18.5,-10,18.5,-10,905.2822875976564
48813,10,40,2,12.5,-7.5,12.5,-7.5,905.68231201171875
48813,10,46,2,7.5,-12.5,7.5,-12.5,907.18231201171875
48813,10,42,2,5,-10,5,-10,907.4813232421876
48813,10,36,2,5,-5,5,-5,908.082275390625
48813,10,39,2,7.5,-7.5,7.5,-7.5,908.2813110351564
48813,10,37,2,10,-5,10,-5,908.51531982421875
48813,10,38,2,15,-5,15,-5,909.21527099609375
48813,10,43,2,10,-10,10,-10,910.31427001953125
48813,10,44,2,15,-10,15,-10,910.582275390625
