subject,level,obj_ID,point_value,x,y,new_x,new_y,time
48820,1,32,2,15,-10,15,-10,1235.8299560546875
48820,1,29,2,12.5,-12.5,12.5,-12.5,1236.113037109375
48820,1,31,2,10,-10,10,-10,1236.2449951171875
48820,1,24,2,6.5,-15,6.5,-15,1236.72998046875
48820,1,25,2,10,-15,10,-15,1236.8299560546875
48820,1,22,2,12.5,-17.5,12.5,-17.5,1237.0799560546875
48820,1,19,2,15,-20,15,-20,1237.3790283203125
48820,1,18,2,15,-23.5,15,-23.5,1237.64599609375
48820,1,20,2,10,-20,10,-20,1238.3289794921875
48820,1,26,2,15,-15,15,-15,1238.8800048828125
48820,1,30,2,17.5,-12.5,17.5,-12.5,1239.178955078125
48820,1,33,2,20,-10,20,-10,1239.47900390625
48820,1,28,2,23.5,-15,23.5,-15,1239.8800048828125
48820,1,27,2,20,-15,20,-15,1240.1629638671875
48820,1,23,2,17.5,-17.5,17.5,-17.5,1240.3800048828125
48820,1,24,2,6.5,-15,6.5,-15,1241.762939453125
48820,1,58,2,-6.5,-15,-6.5,-15,1242.530029296875
48820,1,65,2,-10,-10,-10,-10,1242.9129638671875
48820,1,68,2,-15,-6.5,-15,-6.5,1243.6629638671875
48820,1,66,2,-15,-10,-15,-10,1244.030029296875
48820,1,64,2,-17.5,-12.5,-17.5,-12.5,1244.22900390625
48820,1,61,2,-20,-15,-20,-15,1244.529052734375
48820,1,67,2,-20,-10,-20,-10,1244.863037109375
48820,1,63,2,-12.5,-12.5,-12.5,-12.5,1245.946044921875
48820,1,59,2,-10,-15,-10,-15,1246.2459716796875
48820,1,56,2,-12.5,-17.5,-12.5,-17.5,1246.4449462890625
48820,1,60,2,-15,-15,-15,-15,1246.6300048828125
48820,1,57,2,-17.5,-17.5,-17.5,-17.5,1246.7459716796875
48820,1,55,2,-20,-20,-20,-20,1247.9129638671875
48820,1,53,2,-15,-20,-15,-20,1248.3289794921875
48820,1,54,2,-10,-20,-10,-20,1248.7459716796875
48820,1,58,2,-6.5,-15,-6.5,-15,1249.1629638671875
48820,1,65,2,-10,-10,-10,-10,1249.5799560546875
48820,1,68,2,-15,-6.5,-15,-6.5,1250.06298828125
48820,1,67,2,-20,-10,-20,-10,1251.011962890625
48820,1,62,2,-23.5,-15,-23.5,-15,1251.47900390625
48820,1,61,2,-20,-15,-20,-15,1251.529052734375
48820,1,64,2,-15,-15,-17.5,-12.5,1251.946044921875
48820,1,60,2,-15,-15,-15,-15,1251.9630126953125
48820,1,66,2,-15,-10,-15,-10,1252.22900390625
48820,1,63,2,-12.5,-12.5,-12.5,-12.5,1252.6629638671875
48820,1,57,2,-17.5,-17.5,-17.5,-17.5,1253.178955078125
48820,1,55,2,-20,-20,-20,-20,1253.4620361328125
48820,1,52,2,-15,-23.5,-15,-23.5,1254.22900390625
48820,1,54,2,-10,-20,-10,-20,1254.6619873046875
48820,1,56,2,-12.5,-17.5,-12.5,-17.5,1254.845947265625
48820,1,59,2,-10,-15,-10,-15,1255.029052734375
48820,1,65,2,-10,-10,-10,-10,1255.446044921875
48820,1,24,2,6.5,-15,6.5,-15,1257.1290283203125
48820,1,20,2,10,-20,10,-20,1257.6290283203125
48820,1,18,2,15,-23.5,15,-23.5,1258.1290283203125
48820,1,21,2,15,-20,20,-20,1258.928955078125
48820,1,19,2,15,-20,15,-20,1258.946044921875
48820,1,22,2,12.5,-17.5,12.5,-17.5,1259.22900390625
48820,1,29,2,12.5,-12.5,12.5,-12.5,1259.529052734375
48820,1,31,2,10,-10,10,-10,1259.8289794921875
48820,1,32,2,15,-10,15,-10,1260.6619873046875
48820,1,34,2,15,-6.5,15,-6.5,1260.7120361328125
48820,1,33,2,20,-10,20,-10,1260.8790283203125
48820,1,28,2,23.5,-15,23.5,-15,1261.362060546875
48820,1,21,2,20,-20,20,-20,1261.862060546875
48820,1,30,2,17.5,-12.5,17.5,-12.5,1262.529052734375
48820,1,27,2,20,-15,20,-15,1263.029052734375
48820,1,24,2,6.5,-15,6.5,-15,1264.0789794921875
48820,1,58,2,-6.5,-15,-6.5,-15,1265.1619873046875
48820,1,54,2,-10,-20,-10,-20,1265.612060546875
48820,1,52,2,-15,-23.5,-15,-23.5,1266.112060546875
48820,1,65,2,-10,-10,-10,-10,1267.862060546875
48820,1,68,2,-15,-6.5,-15,-6.5,1268.362060546875
48820,1,67,2,-20,-10,-20,-10,1268.9119873046875
48820,1,62,2,-23.5,-15,-23.5,-15,1269.4119873046875
48820,1,57,2,-17.5,-17.5,-17.5,-17.5,1270.261962890625
48820,1,56,2,-12.5,-17.5,-12.5,-17.5,1270.6619873046875
48820,1,59,2,-10,-15,-10,-15,1270.928955078125
48820,1,63,2,-12.5,-12.5,-12.5,-12.5,1271.22900390625
48820,1,66,2,-15,-10,-15,-10,1271.511962890625
48820,1,64,2,-17.5,-12.5,-17.5,-12.5,1271.761962890625
48820,1,61,2,-20,-15,-20,-15,1272.06103515625
48820,1,55,2,-20,-20,-20,-20,1272.56201171875
48820,1,53,2,-15,-20,-15,-20,1272.946044921875
48820,1,54,2,-10,-20,-10,-20,1273.345947265625
48820,1,60,2,-15,-15,-15,-15,1273.779052734375
48820,1,67,2,-20,-10,-20,-10,1274.362060546875
48820,1,68,2,-15,-6.5,-15,-6.5,1274.677978515625
48820,1,65,2,-10,-10,-10,-10,1275.279052734375
48820,1,59,2,-10,-15,-10,-15,1275.9449462890625
48820,1,56,2,-12.5,-17.5,-12.5,-17.5,1276.1290283203125
48820,1,61,2,-20,-15,-20,-15,1277.446044921875
48820,1,64,2,-17.5,-12.5,-17.5,-12.5,1277.844970703125
48820,1,63,2,-12.5,-12.5,-12.5,-12.5,1278.279052734375
48820,1,58,2,-6.5,-15,-6.5,-15,1278.8289794921875
48820,1,54,2,-10,-20,-10,-20,1279.22900390625
48820,1,53,2,-15,-20,-15,-20,1279.6290283203125
48820,1,55,2,-20,-20,-20,-20,1280.029052734375
48820,1,66,2,-15,-10,-15,-10,1281.06201171875
48820,1,65,2,-10,-10,-10,-10,1281.5789794921875
48820,1,25,2,10,-15,10,-15,1283.6290283203125
48820,1,22,2,12.5,-17.5,12.5,-17.5,1283.9119873046875
48820,1,19,2,15,-20,15,-20,1284.2120361328125
48820,1,21,2,20,-20,20,-20,1284.7120361328125
48820,1,23,2,17.5,-17.5,17.5,-17.5,1284.9620361328125
48820,1,26,2,15,-15,15,-15,1285.260986328125
48820,1,29,2,12.5,-12.5,12.5,-12.5,1285.56201171875
48820,1,31,2,10,-10,10,-10,1285.862060546875
48820,1,34,2,15,-6.5,15,-6.5,1286.2120361328125
48820,1,32,2,15,-10,15,-10,1286.279052734375
48820,1,33,2,20,-10,20,-10,1286.612060546875
48820,1,28,2,23.5,-15,23.5,-15,1287.0789794921875
48820,1,27,2,20,-15,20,-15,1287.178955078125
48820,1,30,2,17.5,-12.5,17.5,-12.5,1287.9620361328125
48820,1,22,2,12.5,-17.5,12.5,-17.5,1288.927978515625
48820,1,20,2,10,-20,10,-20,1289.0780029296875
48820,1,18,2,15,-23.5,15,-23.5,1289.427978515625
48820,1,19,2,15,-20,15,-20,1289.844970703125
48820,1,25,2,10,-15,10,-15,1290.428955078125
48820,1,24,2,6.5,-15,6.5,-15,1290.72802734375
48820,1,58,2,-6.5,-15,-6.5,-15,1291.844970703125
48820,1,59,2,-10,-15,-10,-15,1292.1280517578125
48820,1,56,2,-12.5,-17.5,-12.5,-17.5,1292.4110107421875
48820,1,53,2,-15,-20,-15,-20,1292.7120361328125
48820,1,52,2,-15,-23.5,-15,-23.5,1292.8790283203125
48820,1,54,2,-10,-20,-10,-20,1293.4449462890625
48820,1,60,2,-15,-15,-15,-15,1293.8790283203125
48820,1,64,2,-17.5,-12.5,-17.5,-12.5,1294.178955078125
48820,1,61,2,-20,-15,-20,-15,1294.362060546875
48820,1,57,2,-17.5,-17.5,-17.5,-17.5,1294.4620361328125
48820,1,55,2,-20,-20,-20,-20,1294.678955078125
48820,1,63,2,-12.5,-12.5,-12.5,-12.5,1295.64501953125
48820,1,66,2,-15,-10,-15,-10,1296.0780029296875
48820,1,67,2,-20,-10,-20,-10,1296.56201171875
48820,1,59,2,-10,-15,-10,-15,1298.177978515625
48820,1,58,2,-6.5,-15,-6.5,-15,1298.362060546875
48820,1,56,2,-12.5,-17.5,-12.5,-17.5,1298.7120361328125
48820,1,53,2,-15,-20,-15,-20,1299.2120361328125
48820,1,24,2,6.5,-15,6.5,-15,1301.31201171875
48820,1,25,2,10,-15,10,-15,1301.6109619140625
48820,1,26,2,15,-15,15,-15,1302.0279541015625
48820,1,27,2,20,-15,20,-15,1302.4449462890625
48820,1,28,2,23.5,-15,23.5,-15,1302.7120361328125
48820,1,33,2,20,-10,20,-10,1302.862060546875
48820,1,30,2,17.5,-12.5,17.5,-12.5,1303.0450439453125
48820,1,32,2,15,-10,15,-10,1303.2120361328125
48820,1,29,2,12.5,-12.5,12.5,-12.5,1303.427001953125
48820,1,31,2,10,-10,10,-10,1303.6280517578125
48820,1,34,2,15,-6.5,15,-6.5,1303.927978515625
48820,1,17,2,15,6.5,15,6.5,1305.0780029296875
48820,1,15,2,15,10,15,10,1305.4110107421875
48820,1,13,2,17.5,12.5,17.5,12.5,1305.612060546875
48820,1,10,2,20,15,20,15,1305.9110107421875
48820,1,11,2,23.5,15,23.5,15,1306.1280517578125
48820,1,4,2,20,20,20,20,1306.4119873046875
48820,1,1,2,15,23.5,15,23.5,1306.8609619140625
48820,1,5,2,12.5,17.5,12.5,17.5,1307.177978515625
48820,1,8,2,10,15,10,15,1307.4620361328125
48820,1,7,2,6.5,15,6.5,15,1307.677978515625
48820,1,14,2,10,10,10,10,1308.0279541015625
48820,1,12,2,12.5,12.5,12.5,12.5,1308.14501953125
48820,1,9,2,15,15,15,15,1308.47802734375
48820,1,6,2,17.5,17.5,17.5,17.5,1308.760986328125
48820,1,37,2,-10,20,-10,20,1310.9610595703125
48820,1,36,2,-15,20,-15,20,1311.3780517578125
48820,1,38,2,-20,20,-20,20,1311.81103515625
48820,1,44,2,-20,15,-20,15,1312.260986328125
48820,1,45,2,-23.5,15,-23.5,15,1312.626953125
48820,1,50,2,-20,10,-20,10,1312.72802734375
48820,1,49,2,-15,10,-15,10,1313.14501953125
48820,1,48,2,-10,10,-10,10,1313.56103515625
48820,1,42,2,-10,15,-10,15,1313.927001953125
48820,1,39,2,-12.5,17.5,-12.5,17.5,1314.177978515625
48820,1,43,2,-15,15,-15,15,1314.2110595703125
48820,1,40,2,-17.5,17.5,-17.5,17.5,1314.4610595703125
48820,1,47,2,-17.5,12.5,-17.5,12.5,1314.7779541015625
48820,1,51,2,-15,6.5,-15,6.5,1315.3609619140625
48820,1,37,2,-10,20,-10,20,1317.260009765625
48820,1,35,2,-15,23.5,-15,23.5,1317.72802734375
48820,1,36,2,-15,20,-15,20,1317.760986328125
48820,1,1,2,15,23.5,15,23.5,1320.5780029296875
48820,1,4,2,20,20,20,20,1321.06103515625
48820,1,10,2,20,15,20,15,1321.56103515625
48820,1,9,2,15,15,15,15,1322.0279541015625
48820,1,5,2,12.5,17.5,12.5,17.5,1322.260986328125
48820,1,2,2,15,20,15,20,1322.427978515625
48820,1,11,2,23.5,15,23.5,15,1323.3609619140625
48820,1,13,2,17.5,12.5,17.5,12.5,1324.22802734375
48820,1,15,2,15,10,15,10,1324.47802734375
48820,1,34,2,15,-6.5,15,-6.5,1326.4439697265625
48820,1,33,2,20,-10,20,-10,1326.927978515625
48820,1,28,2,23.5,-15,23.5,-15,1327.427978515625
48820,1,27,2,20,-15,20,-15,1327.4610595703125
48820,1,23,2,17.5,-17.5,17.5,-17.5,1327.760986328125
48820,1,26,2,15,-15,15,-15,1327.97705078125
48820,1,30,2,17.5,-12.5,17.5,-12.5,1328.22705078125
48820,1,32,2,15,-10,15,-10,1328.343994140625
48820,1,31,2,10,-10,10,-10,1328.97802734375
48820,1,24,2,6.5,-15,6.5,-15,1329.510009765625
48820,1,25,2,10,-15,10,-15,1329.7110595703125
48820,1,19,2,15,-20,15,-20,1331.22802734375
48820,1,18,2,15,-23.5,15,-23.5,1331.4439697265625
48820,1,20,2,10,-20,10,-20,1331.81103515625
48820,1,58,2,-6.5,-15,-6.5,-15,1333.6280517578125
48820,1,59,2,-10,-15,-10,-15,1333.927978515625
48820,1,56,2,-12.5,-17.5,-12.5,-17.5,1334.2110595703125
48820,1,52,2,-15,-23.5,-15,-23.5,1334.97705078125
48820,1,55,2,-20,-20,-20,-20,1335.47705078125
48820,1,57,2,-17.5,-17.5,-17.5,-17.5,1335.6600341796875
48820,1,60,2,-15,-15,-15,-15,1335.927001953125
48820,1,63,2,-12.5,-12.5,-12.5,-12.5,1336.22705078125
48820,1,65,2,-10,-10,-10,-10,1336.5269775390625
48820,1,66,2,-15,-6.5,-15,-10,1336.8609619140625
48820,1,68,2,-15,-6.5,-15,-6.5,1336.8780517578125
48820,1,67,2,-20,-10,-20,-10,1337.2440185546875
48820,1,62,2,-23.5,-15,-23.5,-15,1337.72802734375
48820,1,61,2,-20,-15,-20,-15,1337.927001953125
48820,1,20,2,10,-20,10,-20,1340.510986328125
48820,1,18,2,15,-23.5,15,-23.5,1341.010009765625
48820,1,21,2,20,-20,20,-20,1341.5279541015625
48820,1,28,2,23.5,-15,23.5,-15,1342.0279541015625
48820,1,33,2,20,-10,20,-10,1342.54296875
48820,1,34,2,15,-6.5,15,-6.5,1343.04296875
48820,1,32,2,15,-10,15,-10,1343.260986328125
48820,1,31,2,10,-10,10,-10,1343.4439697265625
48820,1,29,2,10,-15,12.5,-12.5,1343.9110107421875
48820,1,25,2,10,-15,10,-15,1343.927001953125
48820,1,22,2,12.5,-17.5,12.5,-17.5,1344.1610107421875
48820,1,26,2,15,-15,15,-15,1344.343994140625
48820,1,23,2,17.5,-17.5,17.5,-17.5,1344.54296875
48820,1,27,2,20,-15,20,-15,1344.760009765625
48820,1,30,2,17.5,-12.5,17.5,-12.5,1344.9610595703125
48820,1,29,2,12.5,-12.5,12.5,-12.5,1345.3599853515625
48820,1,19,2,15,-20,15,-20,1345.927001953125
48820,1,18,2,15,-23.5,15,-23.5,1346.2440185546875
48820,1,20,2,10,-20,10,-20,1346.5439453125
48820,1,58,2,-6.5,-15,-6.5,-15,1348.06103515625
48820,1,59,2,-10,-15,-10,-15,1348.3609619140625
48820,1,65,2,-10,-10,-10,-10,1348.6280517578125
48820,1,63,2,-12.5,-12.5,-12.5,-12.5,1348.6600341796875
48820,1,66,2,-15,-10,-15,-10,1348.9439697265625
48820,1,68,2,-15,-6.5,-15,-6.5,1349.0770263671875
48820,1,67,2,-20,-10,-20,-10,1349.9610595703125
48820,1,64,2,-17.5,-12.5,-17.5,-12.5,1350.260009765625
48820,1,60,2,-15,-15,-15,-15,1350.5439453125
48820,1,56,2,-12.5,-17.5,-12.5,-17.5,1350.843017578125
48820,1,54,2,-10,-20,-10,-20,1351.14404296875
48820,1,52,2,-15,-23.5,-15,-23.5,1351.6429443359375
48820,1,55,2,-20,-20,-20,-20,1352.1259765625
48820,1,62,2,-23.5,-15,-23.5,-15,1352.626953125
48820,1,61,2,-20,-15,-20,-15,1353.06005859375
48820,1,57,2,-17.5,-17.5,-17.5,-17.5,1353.343994140625
48820,1,53,2,-15,-20,-15,-20,1353.64404296875
48820,1,58,2,-10,-15,-6.5,-15,1354.4940185546875
48820,1,59,2,-10,-15,-10,-15,1354.510986328125
48820,1,63,2,-12.5,-12.5,-12.5,-12.5,1354.760009765625
48820,1,66,2,-15,-10,-15,-10,1355.06103515625
48820,1,68,2,-15,-6.5,-15,-6.5,1355.343994140625
48820,1,34,2,15,-6.5,15,-6.5,1358.093994140625
48820,1,33,2,20,-10,20,-10,1358.56005859375
48820,1,28,2,23.5,-15,23.5,-15,1359.06005859375
48820,1,27,2,20,-15,20,-15,1359.458984375
48820,1,30,2,17.5,-12.5,17.5,-12.5,1359.7430419921875
48820,1,32,2,15,-10,15,-10,1360.04296875
48820,1,31,2,10,-10,10,-10,1360.7099609375
48820,1,29,2,12.5,-12.5,12.5,-12.5,1361.1280517578125
48820,1,26,2,15,-15,15,-15,1361.426025390625
48820,1,23,2,17.5,-17.5,17.5,-17.5,1361.7099609375
48820,1,21,2,20,-20,20,-20,1362.010009765625
48820,1,18,2,15,-23.5,15,-23.5,1362.5269775390625
48820,1,19,2,15,-20,15,-20,1362.64404296875
48820,1,22,2,12.5,-17.5,12.5,-17.5,1362.927001953125
48820,1,25,2,10,-15,10,-15,1363.22705078125
48820,1,24,2,6.5,-15,6.5,-15,1363.4940185546875
48820,1,20,2,10,-20,10,-20,1363.8260498046875
48820,1,58,2,-6.5,-15,-6.5,-15,1365.927001953125
48820,1,59,2,-10,-15,-10,-15,1366.04296875
48820,1,63,2,-12.5,-12.5,-12.5,-12.5,1366.343994140625
48820,1,66,2,-15,-10,-15,-10,1366.6259765625
48820,1,68,2,-15,-6.5,-15,-6.5,1366.926025390625
48820,1,65,2,-10,-10,-10,-10,1367.5770263671875
48820,1,54,2,-10,-20,-10,-20,1368.677001953125
48820,1,53,2,-15,-20,-15,-20,1369.1600341796875
48820,1,56,2,-12.5,-17.5,-12.5,-17.5,1369.260009765625
48820,1,60,2,-15,-15,-15,-15,1369.458984375
48820,1,67,2,-20,-10,-20,-10,1370.3929443359375
48820,1,62,2,-23.5,-15,-23.5,-15,1370.927001953125
48820,1,61,2,-20,-15,-20,-15,1370.9599609375
48820,1,57,2,-17.5,-17.5,-17.5,-17.5,1371.2760009765625
48820,1,55,2,-20,-20,-20,-20,1372.14404296875
48820,1,64,2,-17.5,-12.5,-17.5,-12.5,1372.876953125
48820,1,66,2,-15,-10,-15,-10,1373.14404296875
48820,1,68,2,-15,-6.5,-15,-6.5,1373.4090576171875
48820,1,65,2,-10,-10,-10,-10,1373.72705078125
48820,1,58,2,-6.5,-15,-6.5,-15,1374.29296875
48820,1,59,2,-10,-15,-10,-15,1374.4100341796875
48820,1,63,2,-12.5,-12.5,-12.5,-12.5,1374.760009765625
48820,1,60,2,-15,-15,-15,-15,1374.9759521484375
48820,1,53,2,-15,-20,-15,-20,1375.7430419921875
48820,1,54,2,-10,-20,-10,-20,1376.177001953125
48820,1,52,2,-15,-23.5,-15,-23.5,1376.9429931640625
48820,1,57,2,-17.5,-17.5,-17.5,-17.5,1377.6099853515625
48820,1,61,2,-20,-15,-20,-15,1377.9429931640625
48820,1,62,2,-23.5,-15,-23.5,-15,1378.260009765625
48820,1,55,2,-20,-20,-20,-20,1378.8590087890625
48820,1,56,2,-12.5,-17.5,-12.5,-17.5,1379.760009765625
48820,1,60,2,-15,-15,-15,-15,1380.04296875
48820,1,64,2,-17.5,-12.5,-17.5,-12.5,1380.3590087890625
48820,1,67,2,-20,-10,-20,-10,1380.6429443359375
48820,1,68,2,-15,-6.5,-15,-6.5,1381.06005859375
48820,1,66,2,-15,-10,-15,-10,1381.491943359375
48820,1,63,2,-12.5,-12.5,-12.5,-12.5,1381.5260009765625
48820,1,59,2,-10,-15,-10,-15,1382.1429443359375
48820,1,58,2,-6.5,-15,-6.5,-15,1382.427001953125
48820,1,65,2,-10,-10,-10,-10,1382.7099609375
48820,1,57,2,-17.5,-17.5,-17.5,-17.5,1383.4610595703125
48820,1,61,2,-20,-15,-20,-15,1383.6929931640625
48820,1,62,2,-23.5,-15,-23.5,-15,1384.3599853515625
48820,1,55,2,-20,-20,-20,-20,1384.79296875
48820,1,52,2,-15,-23.5,-15,-23.5,1385.4429931640625
48820,1,53,2,-15,-20,-15,-20,1385.927001953125
48820,1,64,2,-17.5,-12.5,-17.5,-12.5,1386.593017578125
48820,1,67,2,-20,-10,-20,-10,1386.876953125
48820,1,68,2,-15,-6.5,-15,-6.5,1387.3270263671875
48820,1,65,2,-10,-10,-10,-10,1387.741943359375
48820,1,63,2,-12.5,-12.5,-12.5,-12.5,1387.842041015625
48820,1,60,2,-15,-15,-15,-15,1388.2259521484375
48820,1,56,2,-12.5,-17.5,-12.5,-17.5,1388.56005859375
48820,1,59,2,-10,-15,-10,-15,1388.7099609375
48820,1,58,2,-6.5,-15,-6.5,-15,1389.010009765625
48820,1,24,2,6.5,-15,6.5,-15,1390.093017578125
48820,1,25,2,10,-15,10,-15,1390.3590087890625
48820,1,24,2,12.5,-12.5,6.5,-15,1390.6259765625
48820,1,29,2,12.5,-12.5,12.5,-12.5,1390.6429443359375
48820,1,32,2,15,-10,15,-10,1390.926025390625
48820,1,34,2,15,-6.5,15,-6.5,1391.06005859375
48820,1,33,2,20,-10,20,-10,1391.6429443359375
48820,1,27,2,20,-15,20,-15,1392.1920166015625
48820,1,23,2,17.5,-17.5,17.5,-17.5,1392.4930419921875
48820,1,19,2,15,-20,15,-20,1392.79296875
48820,1,18,2,15,-23.5,15,-23.5,1393.126953125
48820,1,21,2,20,-20,20,-20,1393.6090087890625
48820,1,28,2,23.5,-15,23.5,-15,1394.1929931640625
48820,1,26,2,15,-15,15,-15,1395.208984375
48820,1,25,2,10,-15,10,-15,1395.6429443359375
48820,1,20,2,10,-20,10,-20,1396.1099853515625
48820,1,22,2,12.5,-17.5,12.5,-17.5,1396.6419677734375
48820,1,32,2,15,-10,15,-10,1397.2430419921875
48820,1,33,2,20,-10,20,-10,1398.009033203125
48820,1,30,2,17.5,-12.5,17.5,-12.5,1398.208984375
48820,1,33,2,20,-10,20,-10,1403.0250244140625
48820,2,24,5,6.5,-15,6.5,-15,880.5869140625
48820,2,20,4,10,-20,10,-20,881.02032470703125
48820,2,18,1,15,-23.5,15,-23.5,881.62042236328125
48820,2,21,1,20,-20,20,-20,882.0869750976564
48820,2,28,1,23.5,-15,23.5,-15,882.56951904296875
48820,2,33,4,20,-10,20,-10,882.93597412109375
48820,2,34,5,15,-6.5,15,-6.5,883.402587890625
48820,2,31,5,10,-10,10,-10,883.98712158203125
48820,2,29,4,12.5,-12.5,12.5,-12.5,884.23687744140625
48820,2,32,5,15,-10,15,-10,884.45281982421875
48820,2,26,2,15,-15,15,-15,884.53631591796875
48820,2,23,2,17.5,-17.5,17.5,-17.5,884.8203125
48820,2,19,2,15,-20,15,-20,885.269775390625
48820,2,22,4,12.5,-17.5,12.5,-17.5,885.68701171875
48820,2,25,5,10,-15,10,-15,885.92022705078125
48820,2,30,4,17.5,-12.5,17.5,-12.5,886.4193115234375
48820,2,27,2,20,-15,20,-15,886.8035888671875
48820,2,20,4,10,-20,10,-20,887.6201782226564
48820,2,24,5,6.5,-15,6.5,-15,887.9365234375
48820,2,58,5,-6.5,-15,-6.5,-15,889.3192749023436
48820,2,59,5,-10,-15,-10,-15,889.6358032226564
48820,2,56,4,-12.5,-17.5,-12.5,-17.5,889.98602294921875
48820,2,53,2,-15,-20,-15,-20,890.30230712890625
48820,2,55,1,-20,-20,-20,-20,890.7362060546875
48820,2,61,2,-20,-15,-20,-15,891.202880859375
48820,2,64,4,-17.5,-12.5,-17.5,-12.5,891.4365844726564
48820,2,66,5,-15,-10,-15,-10,891.7031860351564
48820,2,65,5,-10,-10,-10,-10,892.28662109375
48820,2,63,4,-12.5,-12.5,-12.5,-12.5,892.652587890625
48820,2,60,2,-15,-15,-15,-15,892.97021484375
48820,2,57,2,-17.5,-17.5,-17.5,-17.5,893.27001953125
48820,2,52,1,-15,-23.5,-15,-23.5,893.836669921875
48820,2,54,4,-10,-20,-10,-20,894.1859130859375
48820,2,59,5,-10,-15,-10,-15,894.669921875
48820,2,67,4,-20,-10,-20,-10,895.27032470703125
48820,2,58,5,-6.5,-15,-6.5,-15,896.73681640625
48820,2,56,4,-12.5,-17.5,-12.5,-17.5,897.1201171875
48820,2,53,2,-15,-20,-15,-20,897.4697265625
48820,2,55,1,-20,-20,-20,-20,897.969970703125
48820,2,62,1,-23.5,-15,-23.5,-15,898.42010498046875
48820,2,61,2,-20,-15,-20,-15,898.46942138671875
48820,2,64,4,-17.5,-12.5,-17.5,-12.5,898.7030029296875
48820,2,66,5,-15,-10,-15,-10,898.9697265625
48820,2,68,5,-15,-6.5,-15,-6.5,899.1690063476564
48820,2,65,5,-10,-10,-10,-10,899.50311279296875
48820,2,63,4,-12.5,-12.5,-12.5,-12.5,899.77001953125
48820,2,59,5,-10,-15,-10,-15,899.88671875
48820,2,60,2,-15,-15,-15,-15,900.07000732421875
48820,2,57,2,-17.5,-17.5,-17.5,-17.5,900.6201171875
48820,2,52,1,-15,-23.5,-15,-23.5,902.1865844726564
48820,2,56,4,-12.5,-17.5,-12.5,-17.5,902.50311279296875
48820,2,58,5,-6.5,-15,-6.5,-15,903.05322265625
48820,2,66,5,-15,-6.5,-15,-10,904.169921875
48820,2,68,5,-15,-6.5,-15,-6.5,904.18597412109375
48820,2,64,4,-17.5,-12.5,-17.5,-12.5,904.46990966796875
48820,2,67,4,-20,-10,-20,-10,904.5189208984376
48820,2,61,2,-20,-15,-20,-15,904.8026733398436
48820,2,62,1,-23.5,-15,-23.5,-15,904.98577880859375
48820,2,55,1,-20,-20,-20,-20,905.386474609375
48820,2,54,4,-10,-20,-10,-20,906.4525146484376
48820,2,59,5,-10,-15,-10,-15,906.919921875
48820,2,63,4,-12.5,-12.5,-12.5,-12.5,907.2031860351564
48820,2,65,5,-10,-10,-10,-10,907.38623046875
48820,2,57,2,-17.5,-17.5,-17.5,-17.5,908.769775390625
48820,2,53,2,-15,-20,-15,-20,909.02001953125
48820,2,56,4,-12.5,-17.5,-12.5,-17.5,909.08648681640625
48820,2,52,1,-15,-23.5,-15,-23.5,909.403076171875
48820,2,62,1,-23.5,-15,-23.5,-15,911.01971435546875
48820,2,67,4,-20,-10,-20,-10,911.4520874023436
48820,2,68,5,-15,-6.5,-15,-6.5,911.91961669921875
48820,2,65,5,-15,-10,-10,-10,912.5023193359376
48820,2,66,5,-15,-10,-15,-10,912.51910400390625
48820,2,63,4,-12.5,-12.5,-12.5,-12.5,912.68621826171875
48820,2,64,4,-17.5,-12.5,-17.5,-12.5,912.81951904296875
48820,2,61,2,-20,-15,-20,-15,913.16961669921875
48820,2,55,1,-20,-20,-20,-20,913.6522827148436
48820,2,53,2,-15,-20,-15,-20,914.08642578125
48820,2,56,4,-12.5,-17.5,-12.5,-17.5,914.30322265625
48820,2,59,5,-10,-15,-10,-15,914.569580078125
48820,2,58,5,-6.5,-15,-6.5,-15,915.619384765625
48820,2,54,4,-10,-20,-10,-20,916.119384765625
48820,2,52,1,-15,-23.5,-15,-23.5,916.70281982421875
48820,2,57,2,-17.5,-17.5,-17.5,-17.5,917.9024047851564
48820,2,60,2,-15,-15,-15,-15,918.2022705078124
48820,2,63,4,-12.5,-12.5,-12.5,-12.5,918.4522705078124
48820,2,65,5,-10,-10,-10,-10,918.7196044921876
48820,2,68,5,-15,-6.5,-15,-6.5,919.586181640625
48820,2,66,5,-15,-10,-15,-10,919.6195068359376
48820,2,64,4,-17.5,-12.5,-17.5,-12.5,919.9525146484376
48820,2,61,2,-20,-15,-20,-15,920.2694702148436
48820,2,62,1,-23.5,-15,-23.5,-15,921.0526733398436
48820,2,67,4,-20,-10,-20,-10,921.48602294921875
48820,2,60,2,-15,-15,-15,-15,923.45172119140625
48820,2,63,4,-12.5,-12.5,-12.5,-12.5,923.48602294921875
48820,2,57,2,-17.5,-17.5,-17.5,-17.5,923.719482421875
48820,2,55,1,-20,-20,-20,-20,924.0518798828124
48820,2,53,2,-15,-20,-15,-20,924.9525146484376
48820,2,56,4,-12.5,-17.5,-12.5,-17.5,925.18511962890625
48820,2,59,5,-10,-15,-10,-15,925.4683837890624
48820,2,65,5,-10,-10,-10,-10,925.9024047851564
48820,2,58,5,-6.5,-15,-6.5,-15,926.91937255859375
48820,2,54,4,-10,-20,-10,-20,927.501708984375
48820,2,52,1,-15,-23.5,-15,-23.5,928.0015869140624
48820,2,62,1,-23.5,-15,-23.5,-15,929.3192749023436
48820,2,61,2,-20,-15,-20,-15,929.4691162109376
48820,2,64,4,-17.5,-12.5,-17.5,-12.5,929.70281982421875
48820,2,66,5,-15,-10,-15,-10,929.96942138671875
48820,2,68,5,-15,-6.5,-15,-6.5,930.21942138671875
48820,2,65,5,-10,-10,-10,-10,931.0692749023436
48820,2,63,4,-12.5,-12.5,-12.5,-12.5,931.3516845703124
48820,2,60,2,-15,-15,-15,-15,931.6859130859376
48820,2,57,2,-17.5,-17.5,-17.5,-17.5,931.98602294921875
48820,2,55,1,-20,-20,-20,-20,932.3018798828124
48820,2,53,2,-15,-20,-15,-20,932.96942138671875
48820,2,56,4,-12.5,-17.5,-12.5,-17.5,933.21807861328125
48820,2,59,5,-10,-15,-10,-15,933.4849853515624
48820,2,58,5,-6.5,-15,-6.5,-15,933.8516845703124
48820,2,54,4,-10,-20,-10,-20,934.78582763671875
48820,2,52,1,-15,-23.5,-15,-23.5,935.3521728515624
48820,2,62,1,-23.5,-15,-23.5,-15,936.6859130859376
48820,2,61,2,-20,-15,-20,-15,936.902587890625
48820,2,67,4,-20,-10,-20,-10,937.1693115234376
48820,2,66,5,-15,-10,-15,-10,937.4193115234376
48820,2,68,5,-15,-6.5,-15,-6.5,937.56817626953125
48820,2,65,5,-10,-10,-10,-10,938.7025146484376
48820,2,63,4,-12.5,-12.5,-12.5,-12.5,939.01800537109375
48820,2,60,2,-15,-15,-15,-15,939.3690795898436
48820,2,57,2,-17.5,-17.5,-17.5,-17.5,939.65167236328125
48820,2,55,1,-20,-20,-20,-20,939.96807861328125
48820,2,58,5,-6.5,-15,-6.5,-15,943.1024169921876
48820,2,59,5,-10,-15,-10,-15,943.18572998046875
48820,2,56,4,-12.5,-17.5,-12.5,-17.5,943.50238037109375
48820,2,53,2,-15,-20,-15,-20,943.818115234375
48820,2,52,1,-15,-23.5,-15,-23.5,945.08551025390625
48820,2,54,4,-10,-20,-10,-20,945.551513671875
48820,2,65,5,-10,-10,-10,-10,947.2022705078124
48820,2,63,4,-12.5,-12.5,-12.5,-12.5,947.5521240234376
48820,2,60,2,-15,-15,-15,-15,947.867919921875
48820,2,57,2,-17.5,-17.5,-17.5,-17.5,948.1690063476564
48820,2,55,1,-20,-20,-20,-20,948.4854125976564
48820,2,62,1,-23.5,-15,-23.5,-15,949.2183837890624
48820,2,61,2,-20,-15,-20,-15,949.4688110351564
48820,2,67,4,-17.5,-12.5,-20,-10,949.7020263671876
48820,2,64,4,-17.5,-12.5,-17.5,-12.5,949.7188110351564
48820,2,66,5,-15,-10,-15,-10,949.9857177734376
48820,2,68,5,-15,-6.5,-15,-6.5,950.1019287109376
48820,2,58,5,-6.5,-15,-6.5,-15,951.55218505859375
48820,2,59,5,-10,-15,-10,-15,951.6688232421876
48820,2,56,4,-12.5,-17.5,-12.5,-17.5,952.001220703125
48820,2,53,2,-15,-20,-15,-20,952.31890869140625
48820,2,52,1,-15,-23.5,-15,-23.5,952.61871337890625
48820,2,54,4,-10,-20,-10,-20,953.918212890625
48820,2,65,5,-10,-10,-10,-10,955.6854248046876
48820,2,63,4,-12.5,-12.5,-12.5,-12.5,955.9688110351564
48820,2,60,2,-15,-15,-15,-15,956.2852783203124
48820,2,57,2,-17.5,-17.5,-17.5,-17.5,956.5855712890624
48820,2,55,1,-20,-20,-20,-20,956.90087890625
48820,2,62,1,-23.5,-15,-23.5,-15,958.2186279296876
48820,2,61,2,-20,-15,-20,-15,958.4520874023436
48820,2,64,4,-17.5,-12.5,-17.5,-12.5,958.7020874023436
48820,2,67,4,-20,-10,-20,-10,958.7520141601564
48820,2,66,5,-15,-10,-15,-10,958.9688110351564
48820,2,68,5,-15,-6.5,-15,-6.5,959.11871337890625
48820,2,58,5,-6.5,-15,-6.5,-15,960.2852172851564
48820,2,59,5,-10,-15,-10,-15,960.5186157226564
48820,2,54,4,-10,-20,-10,-20,960.8184814453124
48820,2,56,4,-12.5,-17.5,-12.5,-17.5,960.851806640625
48820,2,53,2,-15,-20,-15,-20,961.1688232421876
48820,2,52,1,-15,-23.5,-15,-23.5,961.31878662109375
48820,2,55,1,-20,-20,-20,-20,962.4517822265624
48820,2,57,2,-17.5,-17.5,-17.5,-17.5,962.7188110351564
48820,2,60,2,-15,-15,-15,-15,963.0020141601564
48820,2,63,4,-12.5,-12.5,-12.5,-12.5,963.26837158203125
48820,2,65,5,-10,-10,-10,-10,963.51800537109375
48820,2,24,5,6.5,-15,6.5,-15,965.0850219726564
48820,2,20,4,10,-20,10,-20,965.5521240234376
48820,2,18,1,15,-23.5,15,-23.5,966.1685791015624
48820,2,19,2,15,-20,15,-20,966.7186279296876
48820,2,22,4,12.5,-17.5,12.5,-17.5,966.951171875
48820,2,25,5,10,-15,10,-15,967.2186279296876
48820,2,31,5,10,-10,10,-10,968.7186279296876
48820,2,29,4,12.5,-12.5,12.5,-12.5,969.0518188476564
48820,2,26,2,15,-15,15,-15,969.36871337890625
48820,2,23,2,17.5,-17.5,17.5,-17.5,969.66827392578125
48820,2,21,1,20,-20,20,-20,969.984619140625
48820,2,27,2,20,-15,20,-15,970.651611328125
48820,2,30,4,17.5,-12.5,17.5,-12.5,970.88531494140625
48820,2,32,5,15,-10,15,-10,971.15191650390625
48820,2,34,5,15,-6.5,15,-6.5,972.08477783203125
48820,2,33,4,20,-10,20,-10,972.6182861328124
48820,2,28,1,23.5,-15,23.5,-15,973.168212890625
48820,2,18,1,15,-23.5,15,-23.5,974.5181884765624
48820,2,19,2,15,-20,15,-20,974.75152587890625
48820,2,22,4,12.5,-17.5,12.5,-17.5,974.985107421875
48820,2,20,4,10,-20,10,-20,975.018310546875
48820,2,25,5,10,-15,10,-15,975.2509765625
48820,2,24,5,6.5,-15,6.5,-15,975.40081787109375
48820,2,58,5,-6.5,-15,-6.5,-15,977.0015869140624
48820,2,59,5,-10,-15,-10,-15,977.2841186523436
48820,2,56,4,-10,-20,-12.5,-17.5,977.60137939453125
48820,2,54,4,-10,-20,-10,-20,977.6182250976564
48820,2,53,2,-15,-20,-15,-20,977.91748046875
48820,2,52,1,-15,-23.5,-15,-23.5,978.10137939453125
48820,2,55,1,-20,-20,-20,-20,978.5684204101564
48820,2,57,2,-17.5,-17.5,-17.5,-17.5,978.751708984375
48820,2,60,2,-15,-15,-15,-15,979.0009765625
48820,2,63,4,-12.5,-12.5,-12.5,-12.5,979.26812744140625
48820,2,65,5,-10,-10,-10,-10,979.51837158203125
48820,2,68,5,-15,-6.5,-15,-6.5,980.38421630859375
48820,2,66,5,-15,-10,-15,-10,980.46832275390625
48820,2,64,4,-17.5,-12.5,-17.5,-12.5,980.78497314453125
48820,2,61,2,-20,-15,-20,-15,981.1016235351564
48820,2,62,1,-23.5,-15,-23.5,-15,981.40057373046875
48820,2,67,4,-20,-10,-20,-10,982.001708984375
48820,2,59,5,-10,-15,-10,-15,983.2841186523436
48820,2,58,5,-6.5,-15,-6.5,-15,983.41741943359375
48820,2,54,4,-10,-20,-10,-20,983.8007202148436
48820,2,56,4,-12.5,-17.5,-12.5,-17.5,983.8682861328124
48820,2,53,2,-15,-20,-15,-20,984.184814453125
48820,2,52,1,-15,-23.5,-15,-23.5,984.318115234375
48820,2,55,1,-20,-20,-20,-20,984.71728515625
48820,2,57,2,-17.5,-17.5,-17.5,-17.5,984.85040283203125
48820,2,60,2,-15,-15,-15,-15,985.151611328125
48820,2,63,4,-12.5,-12.5,-12.5,-12.5,985.3848876953124
48820,2,65,5,-10,-10,-10,-10,985.6679077148436
48820,2,24,5,6.5,-15,6.5,-15,987.45147705078125
48820,2,20,4,10,-20,10,-20,987.9014282226564
48820,2,18,1,15,-23.5,15,-23.5,988.5673217773436
48820,2,21,1,20,-20,20,-20,989.0175170898436
48820,2,23,2,17.5,-17.5,17.5,-17.5,989.151123046875
48820,2,26,2,15,-15,15,-15,989.3847045898436
48820,2,29,4,12.5,-12.5,12.5,-12.5,989.6505126953124
48820,2,31,5,10,-10,10,-10,989.9014282226564
48820,2,34,5,15,-6.5,15,-6.5,990.36798095703125
48820,2,33,4,20,-10,20,-10,991.00030517578125
48820,2,28,1,23.5,-15,23.5,-15,991.6173095703124
48820,2,27,2,20,-15,20,-15,992.0670166015624
48820,2,30,4,17.5,-12.5,17.5,-12.5,992.30120849609375
48820,2,32,5,15,-10,15,-10,992.568115234375
48820,2,24,5,6.5,-15,6.5,-15,993.884521484375
48820,2,25,5,10,-15,10,-15,994.21807861328125
48820,2,20,4,10,-20,10,-20,994.4180297851564
48820,2,18,1,15,-23.5,15,-23.5,994.9669189453124
48820,2,19,2,15,-20,15,-20,995.451171875
48820,2,22,4,12.5,-17.5,12.5,-17.5,995.7003173828124
48820,2,31,5,10,-10,10,-10,996.484619140625
48820,2,34,5,15,-6.5,15,-6.5,997.00128173828125
48820,2,33,4,20,-10,20,-10,997.601318359375
48820,2,28,1,23.5,-15,23.5,-15,998.1680297851564
48820,2,27,2,20,-15,20,-15,998.251220703125
48820,2,23,2,17.5,-17.5,17.5,-17.5,998.51800537109375
48820,2,26,2,15,-15,15,-15,998.78460693359375
48820,2,30,4,17.5,-12.5,17.5,-12.5,998.984619140625
48820,2,19,2,15,-20,15,-20,1001.2509765625
48820,2,22,4,12.5,-17.5,12.5,-17.5,1001.5009765625
48820,2,25,5,10,-15,10,-15,1001.7670288085938
48820,2,24,5,6.5,-15,6.5,-15,1002.1010131835938
48820,2,58,5,-6.5,-15,-6.5,-15,1003.4840087890624
48820,2,59,5,-10,-15,-10,-15,1003.801025390625
48820,2,54,4,-10,-20,-10,-20,1004.0009765625
48820,2,52,1,-15,-23.5,-15,-23.5,1004.5679931640624
48820,2,53,2,-15,-20,-15,-20,1005.1010131835938
48820,2,57,2,-17.5,-17.5,-17.5,-17.5,1005.1680297851564
48820,2,56,4,-12.5,-17.5,-12.5,-17.5,1005.3679809570313
48820,2,63,4,-12.5,-12.5,-12.5,-12.5,1005.7009887695313
48820,2,65,5,-10,-10,-10,-10,1005.9840087890624
48820,2,66,5,-15,-10,-15,-10,1006.8510131835938
48820,2,64,4,-17.5,-12.5,-17.5,-12.5,1007.1680297851564
48820,2,61,2,-20,-15,-20,-15,1007.5009765625
48820,2,62,1,-23.5,-15,-23.5,-15,1008.1179809570313
48820,2,67,4,-20,-10,-20,-10,1008.5170288085938
48820,2,68,5,-15,-6.5,-15,-6.5,1008.9180297851564
48820,2,31,5,10,-10,10,-10,1011.551025390625
48820,2,34,5,15,-6.5,15,-6.5,1012.083984375
48820,2,32,5,15,-10,15,-10,1012.1170043945313
48820,2,30,4,17.5,-12.5,17.5,-12.5,1012.4669799804688
48820,2,27,2,20,-15,20,-15,1012.801025390625
48820,2,23,2,17.5,-17.5,17.5,-17.5,1013.1840209960938
48820,2,19,2,15,-20,15,-20,1013.468017578125
48820,2,18,1,15,-23.5,15,-23.5,1013.6840209960938
48820,2,20,4,10,-20,10,-20,1013.9180297851564
48820,2,22,4,12.5,-17.5,12.5,-17.5,1013.968017578125
48820,2,25,5,10,-15,10,-15,1014.218017578125
48820,2,24,5,6.5,-15,6.5,-15,1014.3510131835938
48820,2,21,1,20,-20,20,-20,1015.6510009765624
48820,2,28,1,23.5,-15,23.5,-15,1016.1829833984376
48820,2,33,4,20,-10,20,-10,1016.801025390625
48820,2,26,2,15,-15,15,-15,1017.301025390625
48820,2,29,4,12.5,-12.5,12.5,-12.5,1017.551025390625
48820,2,31,5,10,-10,10,-10,1017.8179931640624
48820,2,34,5,15,-10,15,-6.5,1018.2680053710938
48820,2,32,5,15,-10,15,-10,1018.2839965820313
48820,2,30,4,17.5,-12.5,17.5,-12.5,1018.583984375
48820,2,27,2,20,-15,20,-15,1018.9010009765624
48820,2,23,2,17.5,-17.5,17.5,-17.5,1019.3679809570313
48820,2,22,4,12.5,-17.5,12.5,-17.5,1019.7670288085938
48820,3,51,1,15,-6.5,15,-6.5,387.2637939453125
48820,3,50,2,20,-10,20,-10,387.83099365234375
48820,3,45,5,23.5,-15,23.5,-15,388.3298034667969
48820,3,44,4,20,-15,20,-15,388.46380615234375
48820,3,40,4,17.5,-17.5,17.5,-17.5,388.74700927734375
48820,3,38,5,20,-20,20,-20,388.8297119140625
48820,3,36,4,15,-20,15,-20,389.0470886230469
48820,3,35,5,15,-23.5,15,-23.5,389.2471008300781
48820,3,37,2,10,-20,10,-20,389.8793029785156
48820,3,39,2,12.5,-17.5,12.5,-17.5,390.0971984863281
48820,3,43,4,15,-15,15,-15,390.3472900390625
48820,3,47,2,17.5,-12.5,17.5,-12.5,390.68060302734375
48820,3,49,1,15,-10,15,-10,391.0304870605469
48820,3,46,2,12.5,-12.5,12.5,-12.5,391.1965026855469
48820,3,42,1,10,-15,10,-15,391.4966125488281
48820,3,54,2,-10,-20,-10,-20,393.5798950195313
48820,3,52,5,-15,-23.5,-15,-23.5,394.0470886230469
48820,3,53,4,-15,-20,-15,-20,394.23040771484375
48820,3,56,2,-12.5,-17.5,-12.5,-17.5,394.5964050292969
48820,3,59,1,-10,-15,-10,-15,394.9302978515625
48820,3,65,1,-10,-10,-10,-10,395.3302001953125
48820,3,66,1,-15,-10,-15,-10,395.64691162109375
48820,3,64,2,-17.5,-12.5,-17.5,-12.5,395.8464965820313
48820,3,60,4,-15,-15,-15,-15,395.9295959472656
48820,3,61,4,-20,-15,-20,-15,396.0968017578125
48820,3,57,4,-17.5,-17.5,-17.5,-17.5,396.1965026855469
48820,3,55,5,-20,-20,-20,-20,396.48040771484375
48820,3,63,2,-12.5,-12.5,-12.5,-12.5,397.3970031738281
48820,3,67,2,-20,-10,-20,-10,398.2803039550781
48820,3,62,5,-23.5,-15,-23.5,-15,398.6470031738281
48820,3,68,1,-15,-6.5,-15,-6.5,399.7301940917969
48820,3,34,1,-15,6.5,-15,6.5,401.0303955078125
48820,3,32,1,-15,10,-15,10,401.2135925292969
48820,3,30,2,-17.5,12.5,-17.5,12.5,401.48040771484375
48820,3,27,4,-20,15,-20,15,401.7461853027344
48820,3,28,5,-23.5,15,-23.5,15,402.0802917480469
48820,3,21,5,-20,20,-20,20,402.2466125488281
48820,3,18,5,-15,23.5,-15,23.5,402.7623901367187
48820,3,19,4,-15,20,-15,20,403.0628051757813
48820,3,23,4,-17.5,17.5,-17.5,17.5,403.3469848632813
48820,3,26,4,-15,15,-15,15,403.7800903320313
48820,3,22,2,-12.5,17.5,-12.5,17.5,404.0635986328125
48820,3,20,2,-10,20,-10,20,404.3634948730469
48820,3,24,1,-6.5,15,-6.5,15,404.8635864257813
48820,3,25,1,-10,15,-10,15,404.9635925292969
48820,3,29,2,-12.5,12.5,-12.5,12.5,405.2301940917969
48820,3,31,1,-10,10,-10,10,405.4635925292969
48820,3,7,1,6.5,15,6.5,15,407.0635986328125
48820,3,3,2,10,20,10,20,407.53021240234375
48820,3,1,5,15,23.5,15,23.5,407.9635009765625
48820,3,4,5,20,20,20,20,408.5466003417969
48820,3,6,4,17.5,17.5,17.5,17.5,408.8468933105469
48820,3,9,4,15,15,15,15,409.1290893554687
48820,3,12,2,12.5,12.5,12.5,12.5,409.4461059570313
48820,3,14,1,10,10,10,10,409.7630004882813
48820,3,15,1,15,10,15,10,410.1968078613281
48820,3,13,2,17.5,12.5,17.5,12.5,410.4801940917969
48820,3,10,4,20,15,20,15,410.7467041015625
48820,3,11,5,23.5,15,23.5,15,410.9800109863281
48820,3,16,2,20,10,20,10,411.64691162109375
48820,3,49,1,15,-10,15,-10,414.1290893554687
48820,3,46,2,12.5,-12.5,12.5,-12.5,414.41351318359375
48820,3,42,1,10,-15,10,-15,414.7300109863281
48820,3,44,4,20,-15,20,-15,416.9634094238281
48820,3,43,4,17.5,-17.5,15,-15,417.2294921875
48820,3,40,4,17.5,-17.5,17.5,-17.5,417.2467041015625
48820,3,35,5,15,-23.5,15,-23.5,417.6463928222656
48820,3,52,5,-15,-23.5,-15,-23.5,420.2301940917969
48820,3,53,4,-15,-20,-15,-20,420.3800048828125
48820,3,57,4,-17.5,-17.5,-17.5,-17.5,420.6798095703125
48820,3,55,5,-20,-20,-20,-20,420.8133850097656
48820,3,61,4,-20,-15,-20,-15,420.97900390625
48820,3,62,5,-23.5,-15,-23.5,-15,421.2297973632813
48820,3,67,2,-20,-10,-20,-10,422.2131958007813
48820,3,64,2,-17.5,-12.5,-17.5,-12.5,422.4789123535156
48820,3,60,4,-15,-15,-15,-15,422.7463073730469
48820,3,56,2,-12.5,-17.5,-12.5,-17.5,423.07958984375
48820,3,54,2,-10,-20,-10,-20,423.3800048828125
48820,3,59,1,-10,-15,-10,-15,423.7632141113281
48820,3,63,2,-12.5,-12.5,-12.5,-12.5,424.0129089355469
48820,3,66,1,-15,-10,-15,-10,424.3298034667969
48820,3,68,1,-15,-6.5,-15,-6.5,424.7124938964844
48820,3,65,1,-10,-10,-10,-10,425.2799072265625
48820,3,41,1,6.5,-15,6.5,-15,426.9794921875
48820,3,42,1,10,-15,10,-15,427.4130859375
48820,3,46,2,12.5,-12.5,12.5,-12.5,427.5631103515625
48820,3,49,1,15,-10,15,-10,427.9132080078125
48820,3,50,2,20,-10,20,-10,428.7289123535156
48820,3,47,2,17.5,-12.5,17.5,-12.5,428.9465026855469
48820,3,43,4,15,-15,15,-15,429.2293090820313
48820,3,39,2,12.5,-17.5,12.5,-17.5,429.54638671875
48820,3,37,2,10,-20,10,-20,429.8453063964844
48820,3,35,5,15,-23.5,15,-23.5,430.5123901367187
48820,3,36,4,15,-20,15,-20,430.7630004882813
48820,3,38,5,20,-20,20,-20,431.0291137695313
48820,3,40,4,17.5,-17.5,17.5,-17.5,431.0631103515625
48820,3,44,4,20,-15,20,-15,431.3464050292969
48820,3,45,5,23.5,-15,23.5,-15,431.4627075195313
48820,3,51,1,15,-6.5,15,-6.5,432.4796142578125
48820,3,48,1,10,-10,10,-10,432.9796142578125
48820,3,41,1,6.5,-15,6.5,-15,433.4631042480469
48820,3,52,5,-15,-23.5,-15,-23.5,435.7463073730469
48820,3,53,4,-15,-20,-15,-20,435.84619140625
48820,3,55,5,-20,-20,-20,-20,436.2463073730469
48820,3,62,5,-23.5,-15,-23.5,-15,436.82958984375
48820,3,61,4,-20,-15,-20,-15,438.162109375
48820,3,57,4,-17.5,-17.5,-17.5,-17.5,438.4627990722656
48820,3,56,2,-12.5,-17.5,-12.5,-17.5,438.9791870117187
48820,3,59,1,-10,-15,-10,-15,439.2785034179687
48820,3,63,2,-12.5,-12.5,-12.5,-12.5,439.4627990722656
48820,3,60,4,-15,-15,-15,-15,439.57861328125
48820,3,66,1,-15,-10,-15,-10,439.7627868652344
48820,3,68,1,-15,-6.5,-15,-6.5,441.0627136230469
48820,3,54,2,-10,-20,-10,-20,442.2626953125
48820,3,52,5,-15,-23.5,-15,-23.5,442.6626892089844
48820,3,55,5,-20,-20,-20,-20,443.2294006347656
48820,3,62,5,-23.5,-15,-23.5,-15,443.7789916992187
48820,3,61,4,-20,-15,-20,-15,444.5458984375
48820,3,57,4,-17.5,-17.5,-17.5,-17.5,444.8627014160156
48820,3,53,4,-15,-20,-15,-20,445.1453857421875
48820,3,56,2,-12.5,-17.5,-12.5,-17.5,445.3622131347656
48820,3,59,1,-10,-15,-10,-15,445.66259765625
48820,3,58,1,-6.5,-15,-6.5,-15,446.0451965332031
48820,3,41,1,6.5,-15,6.5,-15,447.2785034179687
48820,3,39,2,12.5,-17.5,12.5,-17.5,447.8294067382813
48820,3,43,4,15,-15,15,-15,448.0461120605469
48820,3,44,4,20,-15,20,-15,448.5292053222656
48820,3,45,5,23.5,-15,23.5,-15,448.8293151855469
48820,3,38,5,20,-20,20,-20,449.0625
48820,3,35,5,15,-23.5,15,-23.5,449.62939453125
48820,3,37,2,10,-20,10,-20,450.2119140625
48820,3,42,1,10,-15,10,-15,450.67919921875
48820,3,47,2,17.5,-12.5,17.5,-12.5,451.3127136230469
48820,3,49,1,15,-10,15,-10,451.5289916992187
48820,3,48,1,10,-10,10,-10,452.0459899902344
48820,3,41,1,6.5,-15,6.5,-15,452.5793151855469
48820,3,68,1,-15,-6.5,-15,-6.5,454.7116088867187
48820,3,67,2,-20,-10,-20,-10,455.2124938964844
48820,3,61,4,-20,-15,-20,-15,455.5285034179687
48820,3,62,5,-23.5,-15,-23.5,-15,455.6123962402344
48820,3,55,5,-20,-20,-20,-20,456.1789855957031
48820,3,57,4,-17.5,-17.5,-17.5,-17.5,456.4125061035156
48820,3,64,2,-17.5,-12.5,-17.5,-12.5,456.6123046875
48820,3,66,1,-15,-10,-15,-10,456.9283142089844
48820,3,65,1,-10,-10,-10,-10,457.7455139160156
48820,3,63,2,-12.5,-12.5,-12.5,-12.5,457.9623107910156
48820,3,60,4,-15,-15,-15,-15,458.2290954589844
48820,3,53,4,-15,-20,-15,-20,459.5458068847656
48820,3,56,2,-12.5,-17.5,-12.5,-17.5,459.8623046875
48820,3,59,1,-10,-15,-10,-15,460.1789855957031
48820,3,58,1,-6.5,-15,-6.5,-15,461.3125
48820,3,52,5,-15,-23.5,-15,-23.5,462.2279052734375
48820,3,55,5,-20,-20,-20,-20,462.5286865234375
48820,3,61,4,-20,-15,-20,-15,463.0458068847656
48820,3,64,2,-17.5,-12.5,-17.5,-12.5,463.3453063964844
48820,3,66,1,-15,-10,-15,-10,463.6784973144531
48820,3,65,1,-10,-10,-10,-10,464.6615905761719
48820,3,63,2,-12.5,-12.5,-12.5,-12.5,464.9280090332031
48820,3,60,4,-15,-15,-15,-15,465.1789855957031
48820,3,57,4,-17.5,-17.5,-17.5,-17.5,465.4786987304687
48820,3,53,4,-15,-20,-15,-20,466.2622985839844
48820,3,56,2,-12.5,-17.5,-12.5,-17.5,466.5614929199219
48820,3,59,1,-10,-15,-10,-15,466.87890625
48820,3,37,2,10,-20,10,-20,469.12799072265625
48820,3,35,5,15,-23.5,15,-23.5,469.6453857421875
48820,3,38,5,20,-20,20,-20,470.3283081054687
48820,3,40,4,17.5,-17.5,17.5,-17.5,470.5788879394531
48820,3,36,4,15,-20,15,-20,470.6455078125
48820,3,43,4,15,-15,15,-15,470.8619995117187
48820,3,46,2,12.5,-12.5,12.5,-12.5,471.2121887207031
48820,3,48,1,10,-10,10,-10,471.5285949707031
48820,3,49,1,15,-10,15,-10,472.34521484375
48820,3,47,2,17.5,-12.5,17.5,-12.5,472.6282958984375
48820,3,44,4,20,-15,20,-15,472.8778991699219
48820,3,45,5,23.5,-15,23.5,-15,473.1453857421875
48820,3,50,2,20,-10,20,-10,473.67779541015625
48820,3,51,1,15,-6.5,15,-6.5,474.2120971679687
48820,3,17,1,15,6.5,15,6.5,475.5451049804687
48820,3,14,1,10,10,10,10,476.0455017089844
48820,3,7,1,10,15,6.5,15,476.54541015625
48820,3,8,1,10,15,10,15,476.5617980957031
48820,3,5,2,12.5,17.5,12.5,17.5,476.8454895019531
48820,3,2,4,15,20,15,20,477.1119995117187
48820,3,1,5,15,23.5,15,23.5,477.2785949707031
48820,3,4,5,20,20,20,20,477.84521484375
48820,3,11,5,23.5,15,23.5,15,478.4115905761719
48820,3,10,4,20,15,20,15,478.6288146972656
48820,3,13,2,17.5,12.5,17.5,12.5,478.9446105957031
48820,3,17,1,15,10,15,6.5,479.2287902832031
48820,3,15,1,15,10,15,10,479.24468994140625
48820,3,12,2,12.5,12.5,12.5,12.5,479.4776916503906
48820,3,9,4,15,15,15,15,479.6283874511719
48820,3,6,4,17.5,17.5,17.5,17.5,479.8619995117187
48820,3,18,5,-15,23.5,-15,23.5,482.9112854003906
48820,3,19,4,-15,20,-15,20,483.144287109375
48820,3,18,5,-20,20,-15,23.5,483.4284973144531
48820,3,21,5,-20,20,-20,20,483.4453125
48820,3,27,4,-20,15,-20,15,483.7611083984375
48820,3,28,5,-23.5,15,-23.5,15,483.8609924316406
48820,3,33,2,-20,10,-20,10,485.16119384765625
48820,3,30,2,-17.5,12.5,-17.5,12.5,485.5285949707031
48820,3,26,4,-15,15,-15,15,485.7616882324219
48820,3,29,2,-12.5,12.5,-12.5,12.5,485.9284973144531
48820,3,25,1,-10,15,-10,15,486.1449890136719
48820,3,24,1,-6.5,15,-6.5,15,486.4277038574219
48820,3,1,5,15,23.5,15,23.5,488.4617004394531
48820,3,4,5,20,20,20,20,489.0285949707031
48820,3,11,5,23.5,15,23.5,15,489.57861328125
48820,3,10,4,20,15,20,15,489.8786010742187
48820,3,13,2,17.5,12.5,17.5,12.5,490.1617126464844
48820,3,9,4,15,15,15,15,490.34521484375
48820,3,6,4,17.5,17.5,17.5,17.5,490.4114074707031
48820,3,9,4,15,20,15,15,490.6618041992187
48820,3,2,4,15,20,15,20,490.6781921386719
48820,3,3,2,10,20,10,20,490.9617919921875
48820,3,7,1,6.5,15,6.5,15,491.6117858886719
48820,3,14,1,10,10,10,10,492.16119384765625
48820,3,15,1,15,10,15,10,492.6116943359375
48820,3,16,2,20,10,20,10,493.07861328125
48820,3,51,1,15,-6.5,15,-6.5,495.0779113769531
48820,3,49,1,15,-10,15,-10,495.2616882324219
48820,3,46,2,12.5,-12.5,12.5,-12.5,495.5451049804687
48820,3,42,1,10,-15,10,-15,495.8446044921875
48820,3,41,1,6.5,-15,6.5,-15,496.0780944824219
48820,3,37,2,10,-20,10,-20,496.9610900878906
48820,3,36,4,15,-20,15,-20,497.2116088867187
48820,3,39,2,12.5,-17.5,12.5,-17.5,497.2616882324219
48820,3,40,4,17.5,-17.5,17.5,-17.5,497.5115966796875
48820,3,44,4,20,-15,20,-15,497.777587890625
48820,3,47,2,17.5,-12.5,17.5,-12.5,497.8450927734375
48820,3,50,2,20,-10,20,-10,498.1451110839844
48820,3,45,5,23.5,-15,23.5,-15,498.4284057617187
48820,3,38,5,20,-20,20,-20,498.9444885253906
48820,3,35,5,15,-23.5,15,-23.5,499.44488525390625
48820,3,58,1,-6.5,-15,-6.5,-15,501.82818603515625
48820,3,59,1,-10,-15,-10,-15,502.0614929199219
48820,3,63,2,-12.5,-12.5,-12.5,-12.5,502.3450012207031
48820,3,66,1,-15,-10,-15,-10,502.660888671875
48820,3,68,1,-15,-6.5,-15,-6.5,502.8283081054687
48820,3,57,4,-17.5,-17.5,-17.5,-17.5,504.9281005859375
48820,3,62,5,-23.5,-15,-23.5,-15,506.9782104492187
48820,3,68,1,-15,-6.5,-15,-6.5,508.0281982421875
48820,3,66,1,-15,-10,-15,-10,508.1281127929687
48820,3,63,2,-12.5,-12.5,-12.5,-12.5,508.37799072265625
48820,3,59,1,-10,-15,-10,-15,508.7112121582031
48820,3,58,1,-6.5,-15,-6.5,-15,508.9114074707031
48820,3,37,2,10,-20,10,-20,510.4775085449219
48820,3,36,4,15,-20,15,-20,510.8781127929687
48820,3,38,5,20,-20,20,-20,511.2615051269531
48820,3,40,4,17.5,-17.5,17.5,-17.5,511.41119384765625
48820,3,44,4,20,-15,20,-15,511.6112976074219
48820,3,47,2,17.5,-12.5,17.5,-12.5,511.8445129394531
48820,3,50,2,20,-10,20,-10,512.044677734375
48820,3,51,1,15,-6.5,15,-6.5,512.74481201171875
48820,3,49,1,15,-10,15,-10,512.96142578125
48820,3,46,2,12.5,-12.5,12.5,-12.5,513.22808837890625
48820,3,42,1,10,-15,10,-15,513.544677734375
48820,3,41,1,6.5,-15,6.5,-15,513.67791748046875
48820,3,39,2,12.5,-17.5,12.5,-17.5,513.977783203125
48820,3,43,4,15,-15,15,-15,514.177978515625
48820,3,35,5,15,-23.5,15,-23.5,514.91107177734375
48820,3,52,5,-15,-23.5,-15,-23.5,517.56121826171875
48820,3,53,4,-15,-20,-15,-20,517.711181640625
48820,3,55,5,-20,-20,-20,-20,518.04461669921875
48820,3,57,4,-17.5,-17.5,-17.5,-17.5,518.21112060546875
48820,3,61,4,-20,-15,-20,-15,518.4442138671875
48820,3,62,5,-23.5,-15,-23.5,-15,518.5111083984375
48820,3,67,2,-20,-10,-20,-10,519.27777099609375
48820,3,64,2,-17.5,-12.5,-17.5,-12.5,519.6776123046875
48820,3,60,4,-15,-15,-15,-15,519.92767333984375
48820,3,63,2,-12.5,-12.5,-12.5,-12.5,519.9779052734375
48820,3,56,2,-12.5,-17.5,-12.5,-17.5,520.24432373046875
48820,3,58,1,-6.5,-15,-6.5,-15,520.711181640625
48820,3,65,1,-10,-10,-10,-10,521.2113037109375
48820,3,68,1,-15,-6.5,-15,-6.5,521.711181640625
48820,3,53,4,-15,-20,-15,-20,523.5435791015625
48820,3,52,5,-15,-23.5,-15,-23.5,523.66107177734375
48820,3,55,5,-20,-20,-20,-20,524.36102294921875
48820,3,57,4,-17.5,-17.5,-17.5,-17.5,524.611083984375
48820,3,61,4,-20,-15,-20,-15,524.94427490234375
48820,3,67,2,-20,-10,-20,-10,525.611083984375
48820,3,34,1,-15,6.5,-15,6.5,527.12762451171875
48820,3,33,2,-20,10,-20,10,527.47772216796875
48820,3,28,5,-23.5,15,-23.5,15,527.9608154296875
48820,3,27,4,-20,15,-20,15,528.2274169921875
48820,3,21,5,-20,20,-20,20,528.46112060546875
48820,3,23,4,-17.5,17.5,-17.5,17.5,528.51092529296875
48820,3,19,4,-15,20,-15,20,528.81097412109375
48820,3,18,5,-15,23.5,-15,23.5,528.91107177734375
48820,3,20,2,-10,20,-10,20,530.0111083984375
48820,3,22,2,-12.5,17.5,-12.5,17.5,530.2777099609375
48820,3,25,1,-10,15,-10,15,530.31121826171875
48820,3,22,2,-12.5,12.5,-12.5,17.5,530.5443115234375
48820,3,29,2,-12.5,12.5,-12.5,12.5,530.56097412109375
48820,3,25,1,-15,10,-10,15,530.86102294921875
48820,3,32,1,-15,10,-15,10,530.8778076171875
48820,3,31,1,-10,10,-10,10,531.57781982421875
48820,3,24,1,-6.5,15,-6.5,15,532.06097412109375
48820,3,7,1,6.5,15,6.5,15,533.1610107421875
48820,3,14,1,10,10,10,10,533.61102294921875
48820,3,12,2,12.5,12.5,12.5,12.5,533.777587890625
48820,3,15,1,15,10,15,10,534.01092529296875
48820,3,16,2,20,10,20,10,534.6104736328125
48820,3,13,2,17.5,12.5,17.5,12.5,534.97772216796875
48820,3,10,4,20,15,20,15,535.0443115234375
48820,3,9,4,15,15,15,15,535.22772216796875
48820,3,6,4,17.5,17.5,17.5,17.5,535.34442138671875
48820,3,5,2,12.5,17.5,12.5,17.5,535.56060791015625
48820,3,2,4,15,20,15,20,535.62762451171875
48820,3,3,2,10,20,10,20,535.86077880859375
48820,3,1,5,15,23.5,15,23.5,536.4442138671875
48820,3,4,5,20,20,20,20,536.96087646484375
48820,3,11,5,23.5,15,23.5,15,537.56060791015625
48820,3,17,1,15,6.5,15,6.5,538.62762451171875
48820,3,51,1,15,-6.5,15,-6.5,539.861083984375
48820,3,49,1,15,-10,15,-10,540.21087646484375
48820,3,46,2,12.5,-12.5,12.5,-12.5,540.4442138671875
48820,3,42,1,10,-15,10,-15,540.7606201171875
48820,3,41,1,6.5,-15,6.5,-15,541.04400634765625
48820,3,37,2,10,-20,10,-20,541.66021728515625
48820,3,36,4,15,-20,15,-20,542.02740478515625
48820,3,39,2,12.5,-17.5,12.5,-17.5,542.14398193359375
48820,3,40,4,17.5,-17.5,17.5,-17.5,542.32757568359375
48820,3,43,4,15,-15,15,-15,542.3607177734375
48820,3,44,4,20,-15,20,-15,542.62762451171875
48820,3,47,2,17.5,-12.5,17.5,-12.5,542.67742919921875
48820,3,50,2,20,-10,20,-10,542.9774169921875
48820,3,45,5,23.5,-15,23.5,-15,543.526611328125
48820,3,38,5,20,-20,20,-20,543.9608154296875
48820,3,35,5,15,-23.5,15,-23.5,544.4774169921875
48820,3,52,5,-15,-23.5,-15,-23.5,547.1107177734375
48820,4,7,1,6.5,15,6.5,15,1410.3260498046875
48820,4,2,2,10,20,10,20,1410.8929443359375
48820,4,1,5,15,23.5,15,23.5,1411.3590087890625
48820,4,4,5,20,20,20,20,1411.8929443359375
48820,4,11,5,23.5,15,23.5,15,1412.3919677734375
48820,4,10,4,20,15,20,15,1412.79296875
48820,4,6,4,17.5,17.5,17.5,17.5,1413.1259765625
48820,4,9,4,15,15,15,15,1413.208984375
48820,4,3,4,15,20,15,20,1413.4090576171875
48820,4,5,2,12.5,17.5,12.5,17.5,1413.843017578125
48820,4,8,1,10,15,10,15,1414.1259765625
48820,4,12,2,12.5,12.5,12.5,12.5,1414.3580322265625
48820,4,13,2,17.5,12.5,17.5,12.5,1414.759033203125
48820,4,14,1,10,10,10,10,1415.8260498046875
48820,4,17,1,15,6.5,15,6.5,1416.259033203125
48820,4,33,5,20,-5,20,-5,1417.6590576171875
48820,4,36,5,10,-10,10,-10,1418.6929931640625
48820,4,42,5,5,-20,5,-20,1419.426025390625
48820,4,41,4,10,-20,10,-20,1419.741943359375
48820,4,38,4,15,-15,15,-15,1420.4420166015625
48820,4,35,4,20,-10,20,-10,1421.3089599609375
48820,4,34,2,30,-10,30,-10,1422.1929931640625
48820,4,47,2,10,-30,10,-30,1424.8260498046875
48820,4,44,2,15,-25,15,-25,1425.593017578125
48820,4,41,4,10,-20,10,-20,1426.1259765625
48820,4,42,5,5,-20,5,-20,1426.592041015625
48820,4,50,2,-10,-20,-10,-20,1427.8909912109375
48820,4,48,5,-15,-23.5,-15,-23.5,1428.3260498046875
48820,4,51,5,-20,-20,-20,-20,1428.8260498046875
48820,4,58,5,-23.5,-15,-23.5,-15,1429.3079833984375
48820,4,57,4,-20,-15,-20,-15,1429.5419921875
48820,4,60,2,-17.5,-12.5,-17.5,-12.5,1429.8089599609375
48820,4,56,4,-15,-15,-15,-15,1429.991943359375
48820,4,62,1,-15,-10,-15,-10,1430.241943359375
48820,4,64,1,-15,-6.5,-15,-6.5,1430.541015625
48820,4,63,2,-20,-10,-20,-10,1430.9090576171875
48820,4,59,2,-12.5,-12.5,-12.5,-12.5,1431.5260009765625
48820,4,61,1,-10,-10,-10,-10,1431.759033203125
48820,4,54,1,-6.5,-15,-6.5,-15,1432.157958984375
48820,4,52,2,-12.5,-17.5,-12.5,-17.5,1432.6090087890625
48820,4,53,4,-17.5,-17.5,-17.5,-17.5,1433.009033203125
48820,4,49,4,-15,-20,-15,-20,1433.241943359375
48820,4,50,2,-10,-20,-10,-20,1433.6920166015625
48820,4,42,5,5,-20,5,-20,1434.9090576171875
48820,4,41,4,10,-20,10,-20,1435.342041015625
48820,4,38,4,15,-15,15,-15,1435.824951171875
48820,4,36,5,10,-10,10,-10,1436.3919677734375
48820,4,33,5,20,-5,20,-5,1437.2919921875
48820,4,35,4,20,-10,20,-10,1437.958984375
48820,4,34,2,30,-10,30,-10,1439.1590576171875
48820,4,37,2,25,-15,25,-15,1439.6409912109375
48820,4,40,4,20,-20,20,-20,1440.1920166015625
48820,4,44,2,15,-25,15,-25,1440.8089599609375
48820,4,47,2,10,-30,10,-30,1441.407958984375
48820,4,46,1,20,-30,20,-30,1442.2919921875
48820,4,45,1,30,-30,30,-30,1443.1090087890625
48820,4,43,2,25,-25,25,-25,1443.6419677734375
48820,4,38,4,15,-15,15,-15,1444.759033203125
48820,4,41,4,10,-20,10,-20,1445.3089599609375
48820,4,42,5,5,-20,5,-20,1445.6090087890625
48820,4,36,5,10,-10,10,-10,1446.5589599609375
48820,4,33,5,20,-5,20,-5,1447.324951171875
48820,4,40,4,20,-20,20,-20,1448.8079833984375
48820,4,44,2,15,-25,15,-25,1449.407958984375
48820,4,47,2,10,-30,10,-30,1450.009033203125
48820,4,48,5,-15,-23.5,-15,-23.5,1453.824951171875
48820,4,51,5,-20,-20,-20,-20,1454.3919677734375
48820,4,58,5,-23.5,-15,-23.5,-15,1454.9420166015625
48820,4,57,4,-20,-15,-20,-15,1455.0419921875
48820,4,60,2,-17.5,-12.5,-17.5,-12.5,1455.3909912109375
48820,4,62,1,-15,-10,-15,-10,1455.7080078125
48820,4,64,1,-15,-6.5,-15,-6.5,1456.1409912109375
48820,4,61,1,-10,-10,-10,-10,1456.842041015625
48820,4,59,2,-12.5,-12.5,-12.5,-12.5,1457.0419921875
48820,4,55,1,-10,-15,-10,-15,1457.258056640625
48820,4,56,4,-15,-15,-15,-15,1457.4420166015625
48820,4,53,4,-17.5,-17.5,-17.5,-17.5,1457.7919921875
48820,4,50,2,-10,-20,-10,-20,1458.425048828125
48820,4,49,4,-15,-20,-15,-20,1458.907958984375
48820,4,52,2,-12.5,-17.5,-12.5,-17.5,1459.125
48820,4,42,5,5,-20,5,-20,1460.6409912109375
48820,4,41,4,10,-20,10,-20,1461.1419677734375
48820,4,38,4,15,-15,15,-15,1461.657958984375
48820,4,36,5,10,-10,10,-10,1462.0250244140625
48820,4,33,5,20,-5,20,-5,1462.9410400390625
48820,4,35,4,20,-10,20,-10,1463.3079833984375
48820,4,37,2,25,-15,25,-15,1464.0250244140625
48820,4,34,2,30,-10,30,-10,1464.6080322265625
48820,4,17,1,15,6.5,15,6.5,1466.491943359375
48820,4,14,1,10,10,10,10,1466.925048828125
48820,4,7,1,6.5,15,6.5,15,1467.491943359375
48820,4,2,2,10,20,10,20,1467.95703125
48820,4,1,5,15,23.5,15,23.5,1468.407958984375
48820,4,4,5,20,20,20,20,1468.925048828125
48820,4,11,5,23.5,15,23.5,15,1469.508056640625
48820,4,10,4,20,15,20,15,1469.842041015625
48820,4,13,2,17.5,12.5,17.5,12.5,1470.1070556640625
48820,4,9,4,15,15,15,15,1470.291015625
48820,4,12,2,12.5,12.5,12.5,12.5,1470.5069580078125
48820,4,8,1,10,15,10,15,1470.7239990234375
48820,4,5,2,12.5,17.5,12.5,17.5,1470.8079833984375
48820,4,3,4,15,20,15,20,1471.0250244140625
48820,4,6,4,17.5,17.5,17.5,17.5,1471.3070068359375
48820,4,16,2,20,10,20,10,1472.041015625
48820,4,15,1,15,10,15,10,1472.4239501953125
48820,4,14,1,10,10,10,10,1472.8079833984375
48820,4,7,1,6.5,15,6.5,15,1473.4239501953125
48820,4,27,5,-5,20,-5,20,1474.5909423828125
48820,4,26,4,-10,20,-10,20,1475.008056640625
48820,4,29,2,-15,25,-15,25,1475.6080322265625
48820,4,32,2,-10,30,-10,30,1475.990966796875
48820,4,31,1,-20,30,-20,30,1477.02294921875
48820,4,30,1,-30,30,-30,30,1477.8409423828125
48820,4,25,4,-20,20,-20,20,1479.0909423828125
48820,4,23,4,-15,15,-15,15,1479.6910400390625
48820,4,21,5,-10,10,-10,10,1480.2239990234375
48820,4,26,4,-10,20,-10,20,1481.6080322265625
48820,4,24,1,-30,20,-30,20,1483.324951171875
48820,4,22,2,-25,15,-25,15,1483.990966796875
48820,4,20,4,-20,10,-20,10,1484.8079833984375
48820,4,18,5,-20,5,-20,5,1485.2080078125
48820,4,21,5,-10,10,-10,10,1486.3909912109375
48820,4,27,5,-5,20,-5,20,1487.3570556640625
48820,4,1,5,15,23.5,15,23.5,1489.1409912109375
48820,4,4,5,20,20,20,20,1489.7080078125
48820,4,11,5,23.5,15,23.5,15,1490.291015625
48820,4,10,4,20,15,20,15,1490.758056640625
48820,4,6,4,17.5,17.5,17.5,17.5,1491.0240478515625
48820,4,3,4,15,20,15,20,1491.323974609375
48820,4,2,2,10,20,10,20,1491.823974609375
48820,4,5,2,12.5,17.5,12.5,17.5,1492.1070556640625
48820,4,9,4,15,15,15,15,1492.3580322265625
48820,4,13,2,17.5,12.5,17.5,12.5,1492.7080078125
48820,4,16,2,20,10,20,10,1493.008056640625
48820,4,17,1,15,6.5,15,6.5,1493.3900146484375
48820,4,15,1,15,10,15,10,1493.508056640625
48820,4,12,2,12.5,12.5,12.5,12.5,1493.739990234375
48820,4,8,1,10,15,10,15,1494.0579833984375
48820,4,7,1,6.5,15,6.5,15,1494.240966796875
48820,4,33,5,20,-5,20,-5,1496.490966796875
48820,4,35,4,20,-10,20,-10,1496.8909912109375
48820,4,36,5,10,-10,10,-10,1497.6910400390625
48820,4,54,1,-6.5,-15,-6.5,-15,1499.1910400390625
48820,4,50,2,-10,-20,-10,-20,1499.6409912109375
48820,4,48,5,-15,-23.5,-15,-23.5,1500.0909423828125
48820,4,61,1,-10,-10,-10,-10,1502.041015625
48820,4,59,2,-12.5,-12.5,-12.5,-12.5,1502.1910400390625
48820,4,56,4,-15,-15,-15,-15,1502.4410400390625
48820,4,53,4,-17.5,-17.5,-17.5,-17.5,1502.740966796875
48820,4,51,5,-20,-20,-20,-20,1503.0069580078125
48820,4,49,4,-15,-20,-15,-20,1503.4580078125
48820,4,52,2,-12.5,-17.5,-12.5,-17.5,1503.7569580078125
48820,4,55,1,-10,-15,-10,-15,1504.0899658203125
48820,4,62,1,-15,-10,-15,-10,1505.240966796875
48820,4,60,2,-17.5,-12.5,-17.5,-12.5,1505.5059814453125
48820,4,57,4,-20,-15,-20,-15,1505.7569580078125
48820,4,58,5,-23.5,-15,-23.5,-15,1505.9560546875
48820,4,63,2,-20,-10,-20,-10,1506.323974609375
48820,4,64,1,-15,-6.5,-15,-6.5,1506.823974609375
48820,4,7,1,6.5,15,6.5,15,1509.3740234375
48820,4,2,2,10,20,10,20,1509.8409423828125
48820,4,1,5,15,23.5,15,23.5,1510.2900390625
48820,4,4,5,20,20,20,20,1510.7569580078125
48820,4,11,5,23.5,15,23.5,15,1511.2569580078125
48820,4,10,4,20,15,20,15,1511.68994140625
48820,4,16,2,20,10,20,10,1511.791015625
48820,4,17,1,15,6.5,15,6.5,1512.3070068359375
48820,4,6,4,17.5,17.5,17.5,17.5,1513.490966796875
48820,4,3,4,15,20,15,20,1513.7569580078125
48820,4,5,2,12.5,17.5,12.5,17.5,1514.0069580078125
48820,4,8,1,10,15,10,15,1514.323974609375
48820,4,14,1,10,10,10,10,1514.8909912109375
48820,4,12,2,12.5,12.5,12.5,12.5,1515.041015625
48820,4,9,4,15,15,15,15,1515.323974609375
48820,4,13,2,17.5,12.5,17.5,12.5,1515.6240234375
48820,4,33,5,20,-5,20,-5,1517.406982421875
48820,4,36,5,10,-10,10,-10,1518.43994140625
48820,4,42,5,5,-20,5,-20,1519.5899658203125
48820,4,41,4,10,-20,10,-20,1519.9239501953125
48820,4,38,4,15,-15,15,-15,1520.3900146484375
48820,4,35,4,20,-10,20,-10,1520.989990234375
48820,4,34,2,30,-10,30,-10,1521.85595703125
48820,4,37,2,25,-15,25,-15,1522.20703125
48820,4,40,4,20,-20,20,-20,1522.7569580078125
48820,4,44,2,15,-25,15,-25,1523.3900146484375
48820,4,47,2,10,-30,10,-30,1523.95703125
48820,4,46,1,20,-30,20,-30,1524.7569580078125
48820,4,43,2,25,-25,25,-25,1525.4239501953125
48820,4,33,5,20,-5,20,-5,1527.18994140625
48820,4,42,5,5,-20,5,-20,1528.7569580078125
48820,4,48,5,-15,-23.5,-15,-23.5,1530.5400390625
48820,4,49,4,-15,-20,-15,-20,1530.656982421875
48820,4,53,4,-17.5,-17.5,-17.5,-17.5,1530.93994140625
48820,4,51,5,-20,-20,-20,-20,1531.0400390625
48820,4,57,4,-20,-15,-20,-15,1531.2230224609375
48820,4,58,5,-23.5,-15,-23.5,-15,1531.45703125
48820,4,63,2,-20,-10,-20,-10,1532.20703125
48820,4,62,1,-15,-10,-15,-10,1532.656005859375
48820,4,59,2,-12.5,-12.5,-12.5,-12.5,1532.9229736328125
48820,4,55,1,-10,-15,-10,-15,1533.239990234375
48820,4,54,1,-6.5,-15,-6.5,-15,1533.7239990234375
48820,4,61,1,-10,-10,-10,-10,1534.20703125
48820,4,64,1,-15,-6.5,-15,-6.5,1534.70703125
48820,4,53,4,-17.5,-17.5,-17.5,-17.5,1535.989013671875
48820,4,49,4,-15,-20,-15,-20,1536.18994140625
48820,4,50,2,-10,-20,-10,-20,1536.7900390625
48820,4,36,5,10,-10,10,-10,1538.5899658203125
48820,4,33,5,20,-5,20,-5,1539.656982421875
48820,4,35,4,20,-10,20,-10,1540.1400146484375
48820,4,38,4,15,-15,15,-15,1540.70703125
48820,4,41,4,10,-20,10,-20,1541.3070068359375
48820,4,42,5,5,-20,5,-20,1541.52294921875
48820,4,48,5,-15,-23.5,-15,-23.5,1543.3399658203125
48820,4,51,5,-20,-20,-20,-20,1543.822998046875
48820,4,58,5,-23.5,-15,-23.5,-15,1544.322998046875
48820,4,63,2,-20,-10,-20,-10,1545.0069580078125
48820,4,60,2,-17.5,-12.5,-17.5,-12.5,1545.239990234375
48820,4,56,4,-15,-15,-15,-15,1545.5069580078125
48820,4,52,2,-12.5,-17.5,-12.5,-17.5,1545.822998046875
48820,4,50,2,-10,-20,-10,-20,1546.123046875
48820,4,54,1,-6.5,-15,-6.5,-15,1546.5069580078125
48820,4,61,1,-10,-10,-10,-10,1546.9730224609375
48820,4,64,1,-15,-6.5,-15,-6.5,1547.43994140625
48820,4,55,1,-10,-15,-10,-15,1548.8050537109375
48820,4,36,5,10,-10,10,-10,1550.5059814453125
48820,4,11,5,23.5,15,23.5,15,1553.43994140625
48820,4,4,5,20,20,20,20,1553.93994140625
48820,4,1,5,15,23.5,15,23.5,1554.43994140625
48820,4,3,4,15,20,15,20,1554.8900146484375
48820,4,7,1,6.5,15,6.5,15,1555.489013671875
48820,4,12,2,12.5,12.5,12.5,12.5,1556.123046875
48820,4,13,2,17.5,12.5,17.5,12.5,1556.5400390625
48820,4,10,4,20,15,20,15,1556.8389892578125
48820,4,6,4,17.5,17.5,17.5,17.5,1557.0389404296875
48820,4,13,2,12.5,17.5,17.5,12.5,1557.4229736328125
48820,4,5,2,12.5,17.5,12.5,17.5,1557.43798828125
48820,4,8,1,10,15,10,15,1557.7230224609375
48820,4,14,1,10,10,10,10,1558.02294921875
48820,4,17,1,15,6.5,15,6.5,1558.4219970703125
48820,4,16,2,20,10,20,10,1558.8060302734375
48820,4,2,2,10,20,10,20,1559.989013671875
48820,4,1,5,15,23.5,15,23.5,1560.4229736328125
48820,4,3,4,15,20,15,20,1560.77294921875
48820,4,4,5,20,20,20,20,1560.9219970703125
48820,4,11,5,23.5,15,23.5,15,1561.3900146484375
48820,4,13,2,17.5,12.5,17.5,12.5,1561.6400146484375
48820,4,15,1,15,10,15,10,1561.9720458984375
48820,4,33,5,20,-5,20,-5,1563.4730224609375
48820,4,35,4,20,-10,20,-10,1564.072998046875
48820,4,38,4,15,-15,15,-15,1564.6719970703125
48820,4,41,4,10,-20,10,-20,1565.238037109375
48820,4,42,5,5,-20,5,-20,1565.6729736328125
48820,4,50,2,-10,-20,-10,-20,1566.9730224609375
48820,4,48,5,-15,-23.5,-15,-23.5,1567.3890380859375
48820,4,51,5,-20,-20,-20,-20,1567.9229736328125
48820,4,58,5,-23.5,-15,-23.5,-15,1568.4229736328125
48820,4,63,2,-20,-10,-20,-10,1569.4229736328125
48820,4,60,2,-17.5,-12.5,-17.5,-12.5,1569.7060546875
48820,4,56,4,-15,-15,-15,-15,1569.9730224609375
48820,4,52,2,-12.5,-17.5,-12.5,-17.5,1570.3060302734375
48820,4,49,4,-15,-20,-15,-20,1570.43896484375
48820,4,53,4,-17.5,-17.5,-17.5,-17.5,1570.60595703125
48820,4,57,4,-20,-15,-20,-15,1570.8890380859375
48820,4,64,1,-15,-6.5,-15,-6.5,1571.988037109375
48820,4,60,2,-12.5,-12.5,-17.5,-12.5,1572.489013671875
48820,4,59,2,-12.5,-12.5,-12.5,-12.5,1572.5050048828125
48820,4,54,1,-6.5,-15,-6.5,-15,1572.9229736328125
48820,4,50,2,-10,-20,-10,-20,1573.322998046875
48820,4,48,5,-15,-23.5,-15,-23.5,1573.739013671875
48820,4,51,5,-20,-20,-20,-20,1574.2049560546875
48820,4,58,5,-23.5,-15,-23.5,-15,1574.6390380859375
48820,4,60,2,-17.5,-12.5,-17.5,-12.5,1574.9229736328125
48820,4,62,1,-15,-10,-15,-10,1575.27294921875
48820,4,56,4,-15,-15,-15,-15,1575.637939453125
48820,4,53,4,-17.5,-17.5,-17.5,-17.5,1575.906005859375
48820,4,57,4,-20,-15,-20,-15,1575.989013671875
48820,4,49,4,-15,-20,-15,-20,1576.238037109375
48820,4,52,2,-12.5,-17.5,-12.5,-17.5,1576.623046875
48820,4,55,1,-10,-15,-10,-15,1576.9229736328125
48820,4,42,5,5,-20,5,-20,1578.3389892578125
48820,4,41,4,10,-20,10,-20,1578.8060302734375
48820,4,38,4,15,-15,15,-15,1579.2889404296875
48820,4,36,5,10,-10,10,-10,1579.6390380859375
48820,4,33,5,20,-5,20,-5,1580.6390380859375
48820,4,35,4,20,-10,20,-10,1580.989013671875
48820,4,43,2,25,-25,25,-25,1582.52099609375
48820,4,48,5,-15,-23.5,-15,-23.5,1585.8719482421875
48820,4,51,5,-20,-20,-20,-20,1586.322021484375
48820,4,58,5,-23.5,-15,-23.5,-15,1586.8719482421875
48820,4,57,4,-20,-15,-20,-15,1588.072021484375
48820,4,53,4,-17.5,-17.5,-17.5,-17.5,1588.3719482421875
48820,4,49,4,-15,-20,-15,-20,1588.6390380859375
48820,4,50,2,-10,-20,-10,-20,1589.2060546875
48820,4,52,2,-12.5,-17.5,-12.5,-17.5,1589.406005859375
48820,4,56,4,-15,-15,-15,-15,1589.6390380859375
48820,4,60,2,-17.5,-12.5,-17.5,-12.5,1589.9720458984375
48820,4,63,2,-20,-10,-20,-10,1590.27197265625
48820,4,62,1,-15,-10,-15,-10,1590.8389892578125
48820,4,59,2,-12.5,-12.5,-12.5,-12.5,1591.1209716796875
48820,4,55,1,-10,-15,-10,-15,1591.43896484375
48820,4,54,1,-6.5,-15,-6.5,-15,1591.7049560546875
48820,4,61,1,-10,-10,-10,-10,1592.1219482421875
48820,4,64,1,-15,-6.5,-15,-6.5,1592.6219482421875
48820,4,20,4,-20,10,-20,10,1594.18896484375
48820,4,22,2,-25,15,-25,15,1594.8060302734375
48820,4,24,1,-30,20,-30,20,1595.4210205078125
48820,4,28,2,-25,25,-25,25,1595.8389892578125
48820,4,31,1,-20,30,-20,30,1596.4720458984375
48820,4,32,2,-10,30,-10,30,1597.4219970703125
48820,4,19,2,-30,10,-30,10,1600.02197265625
48820,4,22,2,-25,15,-25,15,1600.68896484375
48820,4,25,4,-20,20,-20,20,1601.239013671875
48820,4,29,2,-15,25,-15,25,1601.8719482421875
48820,4,26,4,-10,20,-10,20,1602.4720458984375
48820,4,23,4,-15,15,-15,15,1603.10498046875
48820,4,20,4,-20,10,-20,10,1603.7049560546875
48820,4,18,5,-20,5,-20,5,1604.18896484375
48820,4,21,5,-10,10,-10,10,1605.10400390625
48820,4,27,5,-5,20,-5,20,1606.1719970703125
48820,5,24,2,6.5,-15,6.5,-15,209.65069580078125
48820,5,25,2,10,-15,10,-15,209.9001007080078
48820,5,22,2,12.5,-17.5,12.5,-17.5,210.2003936767578
48820,5,19,2,15,-20,15,-20,210.48330688476565
48820,5,18,2,15,-23.5,15,-23.5,210.61749267578125
48820,5,21,2,20,-20,20,-20,211.14990234375
48820,5,23,2,17.5,-17.5,17.5,-17.5,211.40089416503903
48820,5,26,2,15,-15,15,-15,211.70069885253903
48820,5,29,2,12.5,-12.5,12.5,-12.5,211.9842987060547
48820,5,34,2,15,-6.5,15,-6.5,212.5507049560547
48820,5,33,2,20,-10,20,-10,213.0998992919922
48820,5,30,2,17.5,-12.5,17.5,-12.5,213.2843017578125
48820,5,27,2,20,-15,20,-15,213.50079345703125
48820,5,20,2,10,-20,10,-20,215.2501983642578
48820,5,52,2,-10,-18.5,-10,-18.5,216.9001007080078
48820,5,54,2,-10,-15,-10,-15,217.0666961669922
48820,5,55,2,-15,-15,-15,-15,217.4001007080078
48820,5,62,2,-18.5,-10,-18.5,-10,218.2675018310547
48820,5,61,2,-15,-10,-15,-10,218.6501007080078
48820,5,64,2,-12.5,-7.5,-12.5,-7.5,218.8509063720703
48820,5,60,2,-10,-10,-10,-10,219.0509033203125
48820,5,56,2,-7.5,-12.5,-7.5,-12.5,219.35060119628903
48820,5,53,2,-5,-15,-5,-15,219.61749267578125
48820,5,58,2,-1.5,-10,-1.5,-10,220.06739807128903
48820,5,59,2,-5,-10,-5,-10,220.1508026123047
48820,5,63,2,-7.5,-7.5,-7.5,-7.5,220.41729736328125
48820,5,66,2,-10,-5,-10,-5,220.7165069580078
48820,5,68,2,-10,-1.5,-10,-1.5,220.9503936767578
48820,5,49,2,-15,10,-15,10,222.11729431152344
48820,5,47,2,-17.5,12.5,-17.5,12.5,222.4340057373047
48820,5,44,2,-20,15,-20,15,222.73399353027344
48820,5,38,2,-20,20,-20,20,223.18370056152344
48820,5,40,2,-17.5,17.5,-17.5,17.5,223.25070190429688
48820,5,36,2,-15,20,-15,20,223.44970703125
48820,5,39,2,-12.5,17.5,-12.5,17.5,223.66720581054688
48820,5,42,2,-10,15,-10,15,223.9835968017578
48820,5,41,2,-6.5,15,-6.5,15,224.26649475097656
48820,5,5,2,7.5,12.5,7.5,12.5,225.4998016357422
48820,5,6,2,12.5,12.5,12.5,12.5,225.91720581054688
48820,5,11,2,18.5,10,18.5,10,226.7498016357422
48820,5,10,2,15,10,15,10,227.10060119628903
48820,5,13,2,12.5,7.5,12.5,7.5,227.26730346679688
48820,5,9,2,10,10,10,10,227.4830017089844
48820,5,12,2,7.5,7.5,7.5,7.5,227.68380737304688
48820,5,8,2,5,10,5,10,227.88319396972656
48820,5,7,2,1.5,10,1.5,10,228.18389892578125
48820,5,17,2,10,1.5,10,1.5,229.36599731445313
48820,5,34,2,15,-6.5,15,-6.5,230.73379516601565
48820,5,31,2,10,-10,10,-10,231.31689453125
48820,5,24,2,6.5,-15,6.5,-15,232.0498962402344
48820,5,20,2,10,-20,10,-20,232.50030517578125
48820,5,22,2,12.5,-17.5,12.5,-17.5,232.6661071777344
48820,5,26,2,15,-15,15,-15,232.91720581054688
48820,5,30,2,17.5,-12.5,17.5,-12.5,233.1997985839844
48820,5,33,2,20,-10,20,-10,233.4996032714844
48820,5,28,2,23.5,-15,23.5,-15,234.26710510253903
48820,5,21,2,20,-20,20,-20,234.76710510253903
48820,5,18,2,15,-23.5,15,-23.5,235.25039672851565
48820,5,52,2,-10,-18.5,-10,-18.5,237.9669952392578
48820,5,54,2,-10,-15,-10,-15,238.1658935546875
48820,5,56,2,-7.5,-12.5,-7.5,-12.5,238.4669952392578
48820,5,59,2,-5,-10,-5,-10,238.76699829101565
48820,5,58,2,-1.5,-10,-1.5,-10,238.96690368652344
48820,5,65,2,-5,-5,-5,-5,239.31700134277344
48820,5,63,2,-7.5,-7.5,-7.5,-7.5,239.6999969482422
48820,5,66,2,-10,-5,-10,-5,239.75010681152344
48820,5,60,2,-10,-10,-10,-10,239.98370361328125
48820,5,64,2,-12.5,-7.5,-12.5,-7.5,240.03359985351565
48820,5,57,2,-12.5,-12.5,-12.5,-12.5,240.28370666503903
48820,5,61,2,-15,-10,-15,-10,240.31700134277344
48820,5,55,2,-15,-15,-15,-15,240.58340454101565
48820,5,62,2,-18.5,-10,-18.5,-10,241.0836944580078
48820,5,67,2,-15,-5,-15,-5,241.55020141601565
48820,5,68,2,-10,-1.5,-10,-1.5,242.0493927001953
48820,5,7,2,1.5,10,1.5,10,243.38360595703125
48820,5,2,2,5,15,5,15,243.88279724121097
48820,5,1,2,10,18.5,10,18.5,244.40029907226565
48820,5,4,2,15,15,15,15,245.56689453125
48820,5,6,2,10,15,12.5,12.5,245.86669921875
48820,5,3,2,10,15,10,15,245.88360595703125
48820,5,9,2,10,10,10,10,246.15029907226565
48820,5,5,2,7.5,12.5,7.5,12.5,246.18359375
48820,5,9,2,5,10,10,10,246.4501953125
48820,5,8,2,5,10,5,10,246.46670532226565
48820,5,14,2,5,5,5,5,246.75030517578125
48820,5,15,2,10,5,10,5,247.66700744628903
48820,5,13,2,12.5,7.5,12.5,7.5,247.966796875
48820,5,10,2,15,10,15,10,248.2667999267578
48820,5,11,2,18.5,10,18.5,10,249.18299865722656
48820,5,16,2,15,5,15,5,249.6999053955078
48820,5,17,2,10,1.5,10,1.5,250.1999053955078
48820,5,58,2,-1.5,-10,-1.5,-10,251.5666046142578
48820,5,53,2,-5,-15,-5,-15,252.0666961669922
48820,5,52,2,-10,-18.5,-10,-18.5,252.5666046142578
48820,5,55,2,-10,-15,-15,-15,253.3000030517578
48820,5,54,2,-10,-15,-10,-15,253.31610107421875
48820,5,56,2,-7.5,-12.5,-7.5,-12.5,253.59939575195313
48820,5,60,2,-7.5,-7.5,-10,-10,253.88270568847656
48820,5,63,2,-7.5,-7.5,-7.5,-7.5,253.9001007080078
48820,5,65,2,-5,-5,-5,-5,254.1999969482422
48820,5,68,2,-10,-1.5,-10,-1.5,254.89990234375
48820,5,66,2,-10,-5,-10,-5,255.0666046142578
48820,5,64,2,-12.5,-7.5,-12.5,-7.5,255.34939575195313
48820,5,61,2,-15,-10,-15,-10,255.6497039794922
48820,5,62,2,-18.5,-10,-18.5,-10,255.8489990234375
48820,5,19,2,15,-20,15,-20,259.43359375
48820,5,23,2,17.5,-17.5,17.5,-17.5,259.69970703125
48820,5,27,2,20,-15,20,-15,259.9997863769531
48820,5,28,2,23.5,-15,23.5,-15,260.2998046875
48820,5,21,2,20,-20,20,-20,260.9831848144531
48820,5,20,2,10,-20,10,-20,261.8664855957031
48820,5,22,2,12.5,-17.5,12.5,-17.5,262.2330017089844
48820,5,25,2,10,-15,10,-15,262.26611328125
48820,5,26,2,15,-15,15,-15,262.4997863769531
48820,5,30,2,17.5,-12.5,17.5,-12.5,262.7832946777344
48820,5,33,2,20,-10,20,-10,263.0828857421875
48820,5,34,2,15,-6.5,15,-6.5,263.3497009277344
48820,5,31,2,10,-10,10,-10,263.7998962402344
48820,5,24,2,6.5,-15,6.5,-15,264.2665100097656
48820,5,52,2,-10,-18.5,-10,-18.5,265.7665100097656
48820,5,54,2,-10,-15,-10,-15,265.94989013671875
48820,5,57,2,-12.5,-12.5,-12.5,-12.5,266.23309326171875
48820,5,61,2,-15,-10,-15,-10,266.5329895019531
48820,5,62,2,-18.5,-10,-18.5,-10,266.6993103027344
48820,5,64,2,-12.5,-7.5,-12.5,-7.5,267.0329895019531
48820,5,63,2,-7.5,-7.5,-7.5,-7.5,267.46630859375
48820,5,58,2,-1.5,-10,-1.5,-10,268.03289794921875
48820,5,56,2,-7.5,-12.5,-7.5,-12.5,268.49969482421875
48820,5,60,2,-10,-10,-10,-10,268.8492126464844
48820,5,65,2,-5,-5,-5,-5,269.3998107910156
48820,5,14,2,5,5,5,5,270.5827941894531
48820,5,12,2,7.5,7.5,7.5,7.5,270.8662109375
48820,5,9,2,10,10,10,10,271.1654968261719
48820,5,6,2,12.5,12.5,12.5,12.5,271.46630859375
48820,5,4,2,15,15,15,15,271.7659912109375
48820,5,11,2,18.5,10,18.5,10,272.38299560546875
48820,5,10,2,15,10,15,10,272.5329895019531
48820,5,13,2,12.5,7.5,12.5,7.5,272.7997131347656
48820,5,15,2,10,5,10,5,273.09979248046875
48820,5,17,2,10,1.5,10,1.5,273.34979248046875
48820,5,31,2,10,-10,10,-10,274.5329895019531
48820,5,25,2,10,-15,10,-15,275.04949951171875
48820,5,22,2,12.5,-17.5,12.5,-17.5,275.3327941894531
48820,5,26,2,15,-15,15,-15,275.5494079589844
48820,5,30,2,17.5,-12.5,17.5,-12.5,275.8327941894531
48820,5,33,2,20,-10,20,-10,276.1328125
48820,5,34,2,15,-6.5,15,-6.5,276.6328125
48820,5,32,2,15,-10,15,-10,276.69940185546875
48820,5,29,2,12.5,-12.5,12.5,-12.5,276.99951171875
48820,5,24,2,6.5,-15,6.5,-15,277.48291015625
48820,5,20,2,10,-20,10,-20,277.8988952636719
48820,5,18,2,15,-23.5,15,-23.5,278.4495849609375
48820,5,21,2,20,-20,20,-20,278.9495849609375
48820,5,28,2,23.5,-15,23.5,-15,279.3994140625
48820,5,27,2,20,-15,20,-15,279.49951171875
48820,5,53,2,-5,-15,-5,-15,282.8327941894531
48820,5,59,2,-5,-10,-5,-10,283.26611328125
48820,5,63,2,-7.5,-7.5,-7.5,-7.5,283.5325927734375
48820,5,60,2,-10,-10,-10,-10,283.7489013671875
48820,5,57,2,-12.5,-12.5,-12.5,-12.5,283.9988098144531
48820,5,55,2,-15,-15,-15,-15,284.2825012207031
48820,5,62,2,-18.5,-10,-18.5,-10,284.6991882324219
48820,5,61,2,-15,-10,-15,-10,284.8489990234375
48820,5,64,2,-12.5,-7.5,-12.5,-7.5,285.1325988769531
48820,5,66,2,-10,-5,-10,-5,285.4325866699219
48820,5,68,2,-10,-1.5,-10,-1.5,285.6496887207031
48820,5,7,2,1.5,10,1.5,10,286.9825134277344
48820,5,8,2,5,10,5,10,287.1825866699219
48820,5,5,2,7.5,12.5,7.5,12.5,287.4826965332031
48820,5,3,2,10,15,10,15,287.7825012207031
48820,5,1,2,10,18.5,10,18.5,287.9822998046875
48820,5,4,2,15,15,15,15,289.18231201171875
48820,5,6,2,12.5,12.5,12.5,12.5,289.48260498046875
48820,5,9,2,10,10,10,10,289.7825927734375
48820,5,12,2,7.5,7.5,7.5,7.5,290.0658874511719
48820,5,14,2,5,5,5,5,290.36529541015625
48820,5,17,2,10,1.5,10,1.5,291.1820983886719
48820,5,15,2,10,5,10,5,291.2825927734375
48820,5,13,2,12.5,7.5,12.5,7.5,291.5820007324219
48820,5,10,2,15,10,15,10,291.88250732421875
48820,5,11,2,18.5,10,18.5,10,292.1658935546875
48820,5,16,2,15,5,15,5,293.1993103027344
48820,5,58,2,-1.5,-10,-1.5,-10,295.0824890136719
48820,5,53,2,-5,-15,-5,-15,295.56561279296875
48820,5,52,2,-10,-18.5,-10,-18.5,296.081787109375
48820,5,24,2,6.5,-15,6.5,-15,297.8655090332031
48820,5,31,2,10,-10,10,-10,298.2991943359375
48820,5,34,2,15,-6.5,15,-6.5,298.8658142089844
48820,5,33,2,20,-10,20,-10,300.3988037109375
48820,5,30,2,17.5,-12.5,17.5,-12.5,300.6990966796875
48820,5,26,2,15,-15,15,-15,300.9986877441406
48820,5,22,2,12.5,-17.5,12.5,-17.5,301.2815856933594
48820,5,20,2,10,-20,10,-20,301.58209228515625
48820,5,19,2,15,-20,15,-20,303.0491027832031
48820,5,23,2,17.5,-17.5,17.5,-17.5,303.3490905761719
48820,5,27,2,20,-15,20,-15,303.64910888671875
48820,5,28,2,23.5,-15,23.5,-15,305.84869384765625
48820,5,21,2,20,-20,20,-20,306.3822021484375
48820,5,18,2,15,-23.5,15,-23.5,306.8489990234375
48820,5,20,2,10,-20,10,-20,308.1982116699219
48820,5,22,2,12.5,-17.5,12.5,-17.5,308.4986877441406
48820,5,26,2,15,-15,15,-15,308.7821044921875
48820,5,30,2,17.5,-12.5,17.5,-12.5,309.08221435546875
48820,5,33,2,20,-10,20,-10,309.3822021484375
48820,5,32,2,15,-10,15,-10,311.0315856933594
48820,5,29,2,12.5,-12.5,12.5,-12.5,311.33221435546875
48820,5,25,2,10,-15,10,-15,311.6322021484375
48820,5,24,2,6.5,-15,6.5,-15,312.7821044921875
48820,5,34,2,15,-6.5,15,-6.5,313.9320983886719
48820,5,31,2,10,-10,10,-10,314.3811950683594
48820,5,53,2,-5,-15,-5,-15,315.88128662109375
48820,5,52,2,-10,-18.5,-10,-18.5,316.3320007324219
48820,5,54,2,-10,-15,-10,-15,316.5985107421875
48820,5,56,2,-7.5,-12.5,-7.5,-12.5,316.83209228515625
48820,5,59,2,-5,-10,-5,-10,317.131103515625
48820,5,58,2,-1.5,-10,-1.5,-10,317.33099365234375
48820,5,17,2,10,1.5,10,1.5,318.681884765625
48820,5,15,2,10,5,10,5,318.89849853515625
48820,5,13,2,12.5,7.5,12.5,7.5,319.1980895996094
48820,5,10,2,15,10,15,10,319.4818115234375
48820,5,11,2,18.5,10,18.5,10,319.68170166015625
48820,5,4,2,15,15,15,15,320.9986877441406
48820,5,6,2,12.5,12.5,12.5,12.5,321.2815856933594
48820,5,9,2,10,10,10,10,321.5820007324219
48820,5,12,2,7.5,7.5,7.5,7.5,321.8819885253906
48820,5,14,2,5,5,5,5,322.1817932128906
48820,5,65,2,-5,-5,-5,-5,323.364990234375
48820,5,63,2,-7.5,-7.5,-7.5,-7.5,323.6485900878906
48820,5,59,2,-5,-10,-5,-10,323.6809997558594
48820,5,60,2,-10,-10,-10,-10,323.9486083984375
48820,5,56,2,-7.5,-12.5,-7.5,-12.5,323.98199462890625
48820,5,60,2,-10,-15,-10,-10,324.2485046386719
48820,5,54,2,-10,-15,-10,-15,324.2641906738281
48820,5,55,2,-15,-15,-15,-15,324.5320129394531
48820,5,62,2,-18.5,-10,-18.5,-10,325.4652099609375
48820,5,61,2,-15,-10,-15,-10,325.564208984375
48820,5,64,2,-12.5,-7.5,-12.5,-7.5,325.8648986816406
48820,5,66,2,-10,-5,-10,-5,326.1650085449219
48820,5,68,2,-10,-1.5,-10,-1.5,326.46490478515625
48820,5,7,2,1.5,10,1.5,10,327.7974853515625
48820,5,8,2,5,10,5,10,327.931884765625
48820,5,5,2,7.5,12.5,7.5,12.5,328.2318115234375
48820,5,3,2,10,15,10,15,328.53179931640625
48820,5,1,2,10,18.5,10,18.5,328.7981872558594
48820,5,4,2,15,15,15,15,329.9819030761719
48820,5,6,2,12.5,12.5,12.5,12.5,330.28179931640625
48820,5,9,2,10,10,10,10,330.5820007324219
48820,5,12,2,7.5,7.5,7.5,7.5,330.881591796875
48820,5,14,2,5,5,5,5,331.18170166015625
48820,5,65,2,-5,-5,-5,-5,332.3481140136719
48820,5,63,2,-7.5,-7.5,-7.5,-7.5,332.6474914550781
48820,5,60,2,-10,-10,-10,-10,332.9480895996094
48820,5,57,2,-12.5,-12.5,-12.5,-12.5,333.2484130859375
48820,5,55,2,-15,-15,-15,-15,333.5317077636719
48820,5,54,2,-10,-15,-10,-15,334.1482849121094
48820,5,56,2,-7.5,-12.5,-7.5,-12.5,334.43170166015625
48820,5,59,2,-5,-10,-5,-10,334.7311096191406
48820,5,15,2,10,5,10,5,336.481689453125
48820,5,13,2,12.5,7.5,12.5,7.5,336.7815856933594
48820,5,10,2,15,10,15,10,337.08160400390625
48820,5,11,2,18.5,10,18.5,10,338.1983947753906
48820,5,16,2,15,5,15,5,338.6969909667969
48820,5,17,2,10,1.5,10,1.5,339.1982116699219
48820,5,58,2,-1.5,-10,-1.5,-10,340.5646057128906
48820,5,53,2,-5,-15,-5,-15,341.0649108886719
48820,5,52,2,-10,-18.5,-10,-18.5,341.5647888183594
48820,5,54,2,-10,-15,-10,-15,342.3970947265625
48820,5,57,2,-12.5,-12.5,-12.5,-12.5,342.4305114746094
48820,5,56,2,-7.5,-12.5,-7.5,-12.5,342.6814880371094
48820,5,60,2,-10,-10,-10,-10,342.7304992675781
48820,5,59,2,-5,-10,-5,-10,342.9815979003906
48820,5,63,2,-7.5,-7.5,-7.5,-7.5,343.0314025878906
48820,5,65,2,-5,-5,-5,-5,343.298095703125
48820,5,14,2,5,5,5,5,344.48150634765625
48820,5,15,2,10,5,10,5,344.74810791015625
48820,5,12,2,7.5,7.5,7.5,7.5,344.7815856933594
48820,5,13,2,12.5,7.5,12.5,7.5,345.0481872558594
48820,5,9,2,10,10,10,10,345.0813903808594
48820,5,10,2,15,10,15,10,345.33099365234375
48820,5,6,2,12.5,12.5,12.5,12.5,345.36480712890625
48820,5,4,2,15,15,15,15,345.6639099121094
48820,5,3,2,10,15,10,15,346.4648132324219
48820,5,5,2,7.5,12.5,7.5,12.5,346.74810791015625
48820,5,8,2,5,10,5,10,347.0470886230469
48820,5,66,2,-10,-5,-10,-5,348.7980041503906
48820,5,64,2,-12.5,-7.5,-12.5,-7.5,349.0971984863281
48820,5,61,2,-15,-10,-15,-10,349.3981018066406
48820,5,52,2,-10,-18.5,-10,-18.5,351.0303039550781
48820,5,57,2,-12.5,-12.5,-12.5,-12.5,351.3645935058594
48820,5,60,2,-10,-10,-10,-10,351.6806945800781
48820,5,63,2,-7.5,-7.5,-7.5,-7.5,351.9643859863281
48820,5,65,2,-5,-5,-5,-5,352.26458740234375
48820,5,14,2,5,5,5,5,353.447998046875
48820,5,12,2,7.5,7.5,7.5,7.5,353.74700927734375
48820,5,9,2,10,10,10,10,354.0473937988281
48820,5,6,2,12.5,12.5,12.5,12.5,354.3304138183594
48820,5,4,2,15,15,15,15,354.6311950683594
48820,5,11,2,18.5,10,18.5,10,356.06451416015625
48820,5,16,2,15,5,15,5,356.581298828125
48820,5,17,2,10,1.5,10,1.5,357.081298828125
48820,5,58,2,-1.5,-10,-1.5,-10,358.43121337890625
48820,5,53,2,-5,-15,-5,-15,358.93121337890625
48820,5,52,2,-10,-18.5,-10,-18.5,359.43121337890625
48820,5,54,2,-10,-15,-10,-15,360.297607421875
48820,5,56,2,-7.5,-12.5,-7.5,-12.5,360.630615234375
48820,5,59,2,-5,-10,-5,-10,360.89788818359375
48820,5,15,2,10,5,10,5,362.6806945800781
48820,5,13,2,12.5,7.5,12.5,7.5,362.9642028808594
48820,5,10,2,15,10,15,10,363.2644958496094
48820,5,4,2,15,15,15,15,364.531005859375
48820,5,6,2,12.5,12.5,12.5,12.5,364.79779052734375
48820,5,9,2,10,10,10,10,365.09710693359375
48820,5,12,2,7.5,7.5,7.5,7.5,365.397705078125
48820,5,14,2,5,5,5,5,365.69769287109375
48820,5,65,2,-5,-5,-5,-5,366.881103515625
48820,5,63,2,-7.5,-7.5,-7.5,-7.5,367.1643981933594
48820,5,60,2,-10,-10,-10,-10,367.4642028808594
48820,5,57,2,-12.5,-12.5,-12.5,-12.5,367.7641906738281
48820,5,55,2,-15,-15,-15,-15,368.0466003417969
48820,5,62,2,-18.5,-10,-18.5,-10,368.7810974121094
48820,5,61,2,-15,-10,-15,-10,368.94781494140625
48820,5,64,2,-12.5,-7.5,-12.5,-7.5,369.23089599609375
48820,5,66,2,-10,-5,-10,-5,369.5307922363281
48820,5,68,2,-10,-1.5,-10,-1.5,369.7475891113281
48820,5,7,2,1.5,10,1.5,10,371.09759521484375
48820,5,8,2,5,10,5,10,371.2973937988281
48820,5,5,2,7.5,12.5,7.5,12.5,371.58099365234375
48820,5,3,2,10,15,10,15,371.8807067871094
48820,5,1,2,10,18.5,10,18.5,372.097412109375
48820,5,10,2,15,10,15,10,373.8804016113281
48820,5,13,2,12.5,7.5,12.5,7.5,374.1803894042969
48820,5,15,2,10,5,10,5,374.48089599609375
48820,5,59,2,-5,-10,-5,-10,376.2474060058594
48820,5,56,2,-7.5,-12.5,-7.5,-12.5,376.5474853515625
48820,5,54,2,-10,-15,-10,-15,376.8475036621094
48820,5,55,2,-15,-15,-15,-15,377.230712890625
48820,5,57,2,-12.5,-12.5,-12.5,-12.5,377.2807922363281
48820,5,60,2,-10,-10,-10,-10,377.564208984375
48820,5,63,2,-7.5,-7.5,-7.5,-7.5,377.8634948730469
48820,5,65,2,-5,-5,-5,-5,378.1465148925781
48820,5,14,2,5,5,5,5,379.3306884765625
48820,5,12,2,7.5,7.5,7.5,7.5,379.6307067871094
48820,5,9,2,10,10,10,10,379.9307861328125
48820,5,6,2,12.5,12.5,12.5,12.5,380.1969909667969
48820,5,4,2,15,15,15,15,380.49749755859375
48820,6,68,5,-10,-1.5,-10,-1.5,552.6107177734375
48820,6,66,5,-10,-5,-10,-5,552.96002197265625
48820,6,67,4,-15,-5,-15,-5,553.1439208984375
48820,6,62,1,-18.5,-10,-18.5,-10,553.71038818359375
48820,6,57,2,-12.5,-12.5,-12.5,-12.5,554.36041259765625
48820,6,56,4,-7.5,-12.5,-7.5,-12.5,554.75958251953125
48820,6,59,5,-5,-10,-5,-10,555.1439208984375
48820,6,58,5,-1.5,-10,-1.5,-10,555.26068115234375
48820,6,65,5,-5,-5,-5,-5,555.64361572265625
48820,6,63,4,-7.5,-7.5,-7.5,-7.5,555.6768798828125
48820,6,64,4,-12.5,-7.5,-12.5,-7.5,556.17681884765625
48820,6,61,2,-15,-10,-15,-10,556.5106201171875
48820,6,55,1,-15,-15,-15,-15,556.9271240234375
48820,6,54,2,-10,-15,-10,-15,557.1605224609375
48820,6,53,4,-5,-15,-5,-15,557.56048583984375
48820,6,60,2,-10,-10,-10,-10,558.0601806640625
48820,6,66,5,-10,-5,-10,-5,558.2769775390625
48820,6,56,4,-7.5,-12.5,-7.5,-12.5,560.02667236328125
48820,6,67,4,-15,-5,-15,-5,560.8436279296875
48820,6,68,5,-10,-1.5,-10,-1.5,561.32672119140625
48820,6,63,4,-7.5,-7.5,-7.5,-7.5,561.62701416015625
48820,6,59,5,-5,-10,-5,-10,561.91021728515625
48820,6,58,5,-1.5,-10,-1.5,-10,562.1605224609375
48820,6,65,5,-5,-5,-5,-5,562.51031494140625
48820,6,60,2,-10,-10,-10,-10,563.176513671875
48820,6,61,2,-15,-10,-15,-10,563.5767822265625
48820,6,62,1,-18.5,-10,-18.5,-10,563.91021728515625
48820,6,55,1,-15,-15,-15,-15,564.3602294921875
48820,6,52,1,-10,-18.5,-10,-18.5,564.9271240234375
48820,6,53,4,-5,-15,-5,-15,565.42620849609375
48820,6,56,4,-7.5,-12.5,-7.5,-12.5,565.67681884765625
48820,6,57,2,-12.5,-12.5,-12.5,-12.5,566.242919921875
48820,6,54,2,-10,-15,-10,-15,566.77691650390625
48820,6,64,4,-12.5,-7.5,-12.5,-7.5,567.4769287109375
48820,6,67,4,-15,-5,-15,-5,567.76007080078125
48820,6,68,5,-10,-1.5,-10,-1.5,568.14337158203125
48820,6,66,5,-10,-5,-10,-5,568.1768798828125
48820,6,63,4,-7.5,-7.5,-7.5,-7.5,568.47662353515625
48820,6,65,5,-5,-5,-5,-5,568.67620849609375
48820,6,59,5,-5,-10,-5,-10,568.74371337890625
48820,6,58,5,-1.5,-10,-1.5,-10,569.143310546875
48820,6,60,2,-10,-10,-10,-10,570.02667236328125
48820,6,61,2,-15,-10,-15,-10,570.42681884765625
48820,6,53,4,-5,-15,-5,-15,572.2432861328125
48820,6,57,2,-10,-15,-12.5,-12.5,572.6090087890625
48820,6,54,2,-10,-15,-10,-15,572.62677001953125
48820,6,57,2,-12.5,-12.5,-12.5,-12.5,572.92681884765625
48820,6,64,4,-12.5,-7.5,-12.5,-7.5,573.21002197265625
48820,6,67,4,-15,-5,-15,-5,573.49322509765625
48820,6,68,5,-10,-1.5,-10,-1.5,574.1099853515625
48820,6,66,5,-5,-5,-10,-5,574.52642822265625
48820,6,65,5,-5,-5,-5,-5,574.54290771484375
48820,6,59,5,-5,-10,-5,-10,574.9425048828125
48820,6,55,1,-15,-15,-15,-15,576.50897216796875
48820,6,62,1,-18.5,-10,-18.5,-10,576.96002197265625
48820,6,61,2,-15,-10,-15,-10,577.3599853515625
48820,6,54,2,-12.5,-12.5,-10,-15,577.92620849609375
48820,6,57,2,-12.5,-12.5,-12.5,-12.5,577.943115234375
48820,6,53,4,-5,-15,-5,-15,578.409912109375
48820,6,56,4,-7.5,-12.5,-7.5,-12.5,578.5098876953125
48820,6,60,2,-10,-10,-10,-10,578.81011962890625
48820,6,64,4,-12.5,-7.5,-12.5,-7.5,579.04248046875
48820,6,67,4,-15,-5,-15,-5,579.34271240234375
48820,6,59,5,-5,-10,-5,-10,581.22552490234375
48820,6,58,5,-1.5,-10,-1.5,-10,581.40997314453125
48820,6,63,4,-7.5,-7.5,-7.5,-7.5,581.543212890625
48820,6,66,5,-10,-5,-10,-5,581.826416015625
48820,6,68,5,-10,-1.5,-10,-1.5,582.1265869140625
48820,6,65,5,-5,-5,-5,-5,582.693115234375
48820,6,57,2,-12.5,-12.5,-12.5,-12.5,583.5255126953125
48820,6,55,1,-15,-15,-15,-15,583.84332275390625
48820,6,54,2,-10,-15,-10,-15,584.25982666015625
48820,6,53,4,-5,-15,-5,-15,584.6431884765625
48820,6,56,4,-7.5,-12.5,-7.5,-12.5,584.84332275390625
48820,6,60,2,-10,-10,-10,-10,585.159423828125
48820,6,64,4,-12.5,-7.5,-12.5,-7.5,585.409912109375
48820,6,67,4,-15,-5,-15,-5,585.70977783203125
48820,6,62,1,-18.5,-10,-18.5,-10,586.309814453125
48820,6,61,2,-15,-10,-15,-10,586.409912109375
48820,6,52,1,-10,-18.5,-10,-18.5,587.22637939453125
48820,6,58,5,-1.5,-10,-1.5,-10,588.15972900390625
48820,6,59,5,-5,-10,-5,-10,588.35992431640625
48820,6,63,4,-7.5,-7.5,-7.5,-7.5,588.659912109375
48820,6,66,5,-10,-5,-10,-5,588.942626953125
48820,6,68,5,-10,-1.5,-10,-1.5,589.09332275390625
48820,6,57,2,-12.5,-12.5,-12.5,-12.5,590.293212890625
48820,6,56,4,-7.5,-12.5,-7.5,-12.5,590.70977783203125
48820,6,53,4,-5,-15,-5,-15,591.00970458984375
48820,6,54,2,-10,-15,-10,-15,591.72552490234375
48820,6,61,2,-15,-10,-15,-10,592.309814453125
48820,6,62,1,-18.5,-10,-18.5,-10,592.45947265625
48820,6,67,4,-15,-5,-15,-5,593.4420166015625
48820,6,64,4,-12.5,-7.5,-12.5,-7.5,593.726318359375
48820,6,60,2,-10,-10,-10,-10,594.043212890625
48820,6,52,1,-10,-18.5,-10,-18.5,594.79302978515625
48820,6,66,5,-10,-5,-10,-5,596.359619140625
48820,6,65,5,-5,-5,-5,-5,596.92626953125
48820,6,63,4,-7.5,-7.5,-7.5,-7.5,597.20947265625
48820,6,59,5,-5,-10,-5,-10,597.34222412109375
48820,6,57,2,-12.5,-12.5,-12.5,-12.5,597.82598876953125
48820,6,55,1,-15,-15,-15,-15,598.14202880859375
48820,6,61,2,-15,-10,-15,-10,598.62567138671875
48820,6,64,4,-12.5,-7.5,-12.5,-7.5,598.859619140625
48820,6,68,5,-10,-1.5,-10,-1.5,599.50958251953125
48820,6,67,4,-15,-5,-15,-5,599.826171875
48820,6,62,1,-18.5,-10,-18.5,-10,600.3095703125
48820,6,64,4,-7.5,-12.5,-12.5,-7.5,601.392822265625
48820,6,56,4,-7.5,-12.5,-7.5,-12.5,601.40960693359375
48820,6,58,5,-1.5,-10,-1.5,-10,602.009521484375
48820,6,53,4,-5,-15,-5,-15,602.55902099609375
48820,6,52,1,-10,-18.5,-10,-18.5,603.126220703125
48820,6,54,2,-10,-15,-10,-15,603.32598876953125
48820,6,57,2,-12.5,-12.5,-12.5,-12.5,603.592529296875
48820,6,61,2,-15,-10,-15,-10,603.859619140625
48820,6,64,4,-12.5,-7.5,-12.5,-7.5,604.309814453125
48820,6,63,4,-7.5,-7.5,-7.5,-7.5,604.74261474609375
48820,6,65,5,-5,-5,-5,-5,604.9583740234375
48820,6,66,5,-10,-5,-10,-5,605.0927734375
48820,6,68,5,-10,-1.5,-10,-1.5,605.22607421875
48820,6,67,4,-15,-5,-15,-5,605.69268798828125
48820,6,62,1,-18.5,-10,-18.5,-10,606.30902099609375
48820,6,56,4,-7.5,-12.5,-7.5,-12.5,607.55908203125
48820,6,59,5,-5,-10,-5,-10,608.00921630859375
48820,6,58,5,-1.5,-10,-1.5,-10,608.0421142578125
48820,6,60,2,-10,-10,-10,-10,609.109619140625
48820,6,53,4,-5,-15,-5,-15,609.659423828125
48820,6,54,2,-10,-15,-10,-15,609.80902099609375
48820,6,55,1,-15,-15,-15,-15,610.24261474609375
48820,6,67,4,-15,-5,-15,-5,611.20941162109375
48820,6,66,5,-10,-5,-10,-5,611.62591552734375
48820,6,68,5,-10,-1.5,-10,-1.5,611.6591796875
48820,6,65,5,-5,-5,-5,-5,612.1591796875
48820,6,63,4,-7.5,-7.5,-7.5,-7.5,612.55902099609375
48820,6,64,4,-12.5,-7.5,-12.5,-7.5,613.026123046875
48820,6,61,2,-15,-10,-15,-10,613.25921630859375
48820,6,62,1,-18.5,-10,-18.5,-10,613.5592041015625
48820,6,59,5,-5,-10,-5,-10,615.10821533203125
48820,6,58,5,-1.5,-10,-1.5,-10,615.225830078125
48820,6,53,4,-5,-15,-5,-15,615.74237060546875
48820,6,56,4,-7.5,-12.5,-7.5,-12.5,615.9423828125
48820,6,54,2,-10,-15,-10,-15,616.15887451171875
48820,6,57,2,-12.5,-12.5,-12.5,-12.5,616.39227294921875
48820,6,55,1,-15,-15,-15,-15,616.60931396484375
48820,6,66,5,-10,-5,-10,-5,617.3082275390625
48820,6,63,4,-7.5,-7.5,-7.5,-7.5,617.62591552734375
48820,6,68,5,-10,-1.5,-10,-1.5,617.6925048828125
48820,6,67,4,-15,-5,-15,-5,617.942626953125
48820,6,61,2,-15,-10,-15,-10,618.3590087890625
48820,6,64,4,-12.5,-7.5,-12.5,-7.5,618.40911865234375
48820,6,60,2,-10,-10,-10,-10,618.64141845703125
48820,6,31,5,10,-10,10,-10,620.24151611328125
48820,6,32,5,15,-10,15,-10,620.65911865234375
48820,6,33,4,20,-10,20,-10,621.1085205078125
48820,6,26,2,20,-15,15,-15,621.60931396484375
48820,6,27,2,20,-15,20,-15,621.62567138671875
48820,6,26,2,15,-15,15,-15,621.89227294921875
48820,6,29,4,12.5,-12.5,12.5,-12.5,622.09228515625
48820,6,25,5,10,-15,10,-15,622.54241943359375
48820,6,24,5,6.5,-15,6.5,-15,622.64117431640625
48820,6,22,4,12.5,-17.5,12.5,-17.5,623.32562255859375
48820,6,23,2,17.5,-17.5,17.5,-17.5,623.74237060546875
48820,6,19,2,15,-20,15,-20,623.8424072265625
48820,6,18,1,15,-23.5,15,-23.5,624.15911865234375
48820,6,20,4,10,-20,10,-20,624.52581787109375
48820,6,21,1,20,-20,20,-20,625.4412841796875
48820,6,28,1,23.5,-15,23.5,-15,626.00811767578125
48820,6,33,4,20,-10,20,-10,626.39141845703125
48820,6,30,4,17.5,-12.5,17.5,-12.5,626.6256103515625
48820,6,32,5,15,-10,15,-10,626.9412841796875
48820,6,31,5,10,-10,10,-10,627.1256103515625
48820,6,17,5,10,1.5,10,1.5,628.42547607421875
48820,6,15,5,10,5,10,5,628.6422119140625
48820,6,12,4,7.5,7.5,7.5,7.5,628.95892333984375
48820,6,14,5,5,5,5,5,629.00897216796875
48820,6,8,5,5,10,5,10,629.22552490234375
48820,6,7,5,1.5,10,1.5,10,629.42572021484375
48820,6,2,4,5,15,5,15,629.75897216796875
48820,6,5,4,7.5,12.5,7.5,12.5,629.9088134765625
48820,6,1,1,10,18.5,10,18.5,630.30902099609375
48820,6,4,1,15,15,15,15,630.708984375
48820,6,11,1,18.5,10,18.5,10,631.19207763671875
48820,6,10,2,15,10,15,10,631.4088134765625
48820,6,13,4,12.5,7.5,12.5,7.5,631.5421142578125
48820,6,9,2,10,10,10,10,631.82562255859375
48820,6,6,2,10,15,12.5,12.5,632.30877685546875
48820,6,3,2,10,15,10,15,632.3253173828125
48820,6,35,1,-15,23.5,-15,23.5,635.12518310546875
48820,6,36,2,-15,20,-15,20,635.29168701171875
48820,6,40,2,-17.5,17.5,-17.5,17.5,635.59228515625
48820,6,44,2,-20,15,-20,15,635.89202880859375
48820,6,45,1,-23.5,15,-23.5,15,636.12530517578125
48820,6,50,4,-20,10,-20,10,637.30902099609375
48820,6,47,4,-17.5,12.5,-17.5,12.5,637.60882568359375
48820,6,49,5,-15,10,-15,10,637.6588134765625
48820,6,47,4,-12.5,12.5,-17.5,12.5,637.94207763671875
48820,6,46,4,-12.5,12.5,-12.5,12.5,637.95867919921875
48820,6,42,5,-10,15,-10,15,638.19207763671875
48820,6,41,5,-6.5,15,-6.5,15,638.49200439453125
48820,6,48,5,-10,10,-10,10,639.75848388671875
48820,6,51,5,-15,6.5,-15,6.5,640.25860595703125
48820,6,68,5,-10,-1.5,-10,-1.5,641.10791015625
48820,6,65,5,-5,-5,-5,-5,641.5244140625
48820,6,58,5,-5,-10,-1.5,-10,642.09197998046875
48820,6,59,5,-5,-10,-5,-10,642.1085205078125
48820,6,56,4,-7.5,-12.5,-7.5,-12.5,642.45867919921875
48820,6,54,2,-10,-15,-10,-15,642.791015625
48820,6,55,1,-15,-15,-15,-15,643.34161376953125
48820,6,62,1,-18.5,-10,-18.5,-10,643.8585205078125
48820,6,61,2,-15,-10,-15,-10,644.02508544921875
48820,6,64,4,-15,-5,-12.5,-7.5,644.2918701171875
48820,6,67,4,-15,-5,-15,-5,644.30841064453125
48820,6,66,5,-10,-5,-10,-5,644.54180908203125
48820,6,63,4,-7.5,-7.5,-7.5,-7.5,644.8087158203125
48820,6,60,2,-10,-10,-10,-10,644.9420166015625
48820,6,57,2,-12.5,-12.5,-12.5,-12.5,645.2412109375
48820,6,52,1,-10,-18.5,-10,-18.5,646.0078125
48820,6,53,4,-5,-15,-5,-15,646.4910888671875
48820,6,58,5,-1.5,-10,-1.5,-10,647.1085205078125
48820,6,24,5,6.5,-15,6.5,-15,647.65850830078125
48820,6,25,5,10,-15,10,-15,647.9915771484375
48820,6,29,4,12.5,-12.5,12.5,-12.5,648.3084716796875
48820,6,31,5,10,-10,10,-10,648.3585205078125
48820,6,34,5,15,-6.5,15,-6.5,648.75860595703125
48820,6,33,4,20,-10,20,-10,649.39111328125
48820,6,27,2,20,-15,20,-15,650.00750732421875
48820,6,23,2,17.5,-17.5,17.5,-17.5,650.32501220703125
48820,6,19,2,15,-20,15,-20,650.60748291015625
48820,6,18,1,15,-23.5,15,-23.5,651.39178466796875
48820,6,21,1,20,-20,20,-20,651.8250732421875
48820,6,28,1,23.5,-15,23.5,-15,652.3585205078125
48820,6,26,2,15,-15,15,-15,653.54180908203125
48820,6,29,4,12.5,-12.5,12.5,-12.5,653.8250732421875
48820,6,25,5,10,-15,10,-15,653.9586181640625
48820,6,20,4,10,-20,10,-20,654.72491455078125
48820,6,22,4,12.5,-17.5,12.5,-17.5,655.0250244140625
48820,6,30,4,17.5,-12.5,17.5,-12.5,655.60821533203125
48820,6,33,4,20,-10,20,-10,655.9080810546875
48820,6,32,5,15,-6.5,15,-10,656.4415283203125
48820,6,34,5,15,-6.5,15,-6.5,656.45751953125
48820,6,31,5,10,-10,10,-10,656.89141845703125
48820,6,24,5,6.5,-15,6.5,-15,657.30841064453125
48820,6,53,4,-5,-15,-5,-15,658.34088134765625
48820,6,54,2,-10,-15,-10,-15,658.807373046875
48820,6,55,1,-15,-15,-15,-15,659.22491455078125
48820,6,62,1,-18.5,-10,-18.5,-10,659.7083740234375
48820,6,68,5,-10,-1.5,-10,-1.5,660.9912109375
48820,6,66,5,-10,-5,-10,-5,661.1915283203125
48820,6,65,5,-5,-5,-5,-5,661.5084228515625
48820,6,59,5,-5,-10,-5,-10,661.7581787109375
48820,6,58,5,-1.5,-10,-1.5,-10,661.92401123046875
48820,6,56,4,-7.5,-12.5,-7.5,-12.5,662.42401123046875
48820,6,54,2,-12.5,-12.5,-10,-15,662.907470703125
48820,6,57,2,-12.5,-12.5,-12.5,-12.5,662.9249267578125
48820,6,64,4,-12.5,-7.5,-12.5,-7.5,663.1417236328125
48820,6,61,2,-15,-10,-15,-10,663.22491455078125
48820,6,67,4,-15,-5,-15,-5,663.4415283203125
48820,6,54,2,-10,-15,-10,-15,665.1405029296875
48820,6,52,1,-10,-18.5,-10,-18.5,665.49151611328125
48820,6,25,5,10,-15,10,-15,667.4415283203125
48820,6,24,5,6.5,-15,6.5,-15,667.74151611328125
48820,6,31,5,10,-10,10,-10,667.90802001953125
48820,6,32,5,15,-10,15,-10,668.3245849609375
48820,6,34,5,15,-6.5,15,-6.5,668.35821533203125
48820,6,33,4,20,-10,20,-10,669.1414794921875
48820,6,30,4,17.5,-12.5,17.5,-12.5,669.35821533203125
48820,6,29,4,12.5,-12.5,12.5,-12.5,669.6580810546875
48820,6,26,2,15,-15,15,-15,669.7080078125
48820,6,22,4,12.5,-17.5,12.5,-17.5,669.9569091796875
48820,6,20,4,10,-20,10,-20,670.2412109375
48820,6,18,1,15,-23.5,15,-23.5,671.09130859375
48820,6,19,2,15,-20,15,-20,671.24151611328125
48820,6,23,2,17.5,-17.5,17.5,-17.5,671.52447509765625
48820,6,27,2,20,-15,20,-15,671.8248291015625
48820,6,31,5,10,-10,10,-10,673.1912841796875
48820,6,58,5,-1.5,-10,-1.5,-10,674.224609375
48820,6,53,4,-5,-15,-5,-15,674.60791015625
48820,6,52,1,-10,-18.5,-10,-18.5,675.1912841796875
48820,6,54,2,-10,-15,-10,-15,675.5078125
48820,6,55,1,-15,-15,-15,-15,675.7080078125
48820,6,61,2,-15,-10,-15,-10,676.0078125
48820,6,62,1,-18.5,-10,-18.5,-10,676.14117431640625
48820,6,67,4,-15,-5,-15,-5,676.82373046875
48820,6,64,4,-12.5,-7.5,-12.5,-7.5,677.24127197265625
48820,7,17,1,10,1.5,10,1.5,1613.822021484375
48820,7,16,2,15,5,15,5,1614.3890380859375
48820,7,13,2,12.5,7.5,12.5,7.5,1614.60498046875
48820,7,10,4,15,10,15,10,1614.77197265625
48820,7,11,5,18.5,10,18.5,10,1614.905029296875
48820,7,4,5,15,15,15,15,1615.821044921875
48820,7,1,5,10,18.5,10,18.5,1616.137939453125
48820,7,2,2,5,15,5,15,1616.8050537109375
48820,7,5,2,7.5,12.5,7.5,12.5,1617.322021484375
48820,7,3,4,10,15,10,15,1617.5050048828125
48820,7,9,4,10,10,10,10,1618.6719970703125
48820,7,6,4,12.5,12.5,12.5,12.5,1618.987060546875
48820,7,37,2,-10,20,-10,20,1621.02197265625
48820,7,36,4,-15,20,-15,20,1621.4210205078125
48820,7,38,5,-20,20,-20,20,1621.822021484375
48820,7,45,5,-23.5,15,-23.5,15,1622.43798828125
48820,7,44,4,-20,15,-20,15,1622.60400390625
48820,7,40,4,-17.5,17.5,-17.5,17.5,1622.9219970703125
48820,7,43,4,-15,15,-15,15,1623.02099609375
48820,7,35,5,-15,23.5,-15,23.5,1623.5379638671875
48820,7,42,1,-10,15,-10,15,1624.77099609375
48820,7,2,2,5,15,5,15,1626.136962890625
48820,7,1,5,10,18.5,10,18.5,1626.572021484375
48820,7,3,4,10,15,10,15,1626.886962890625
48820,7,4,5,15,15,15,15,1626.988037109375
48820,7,11,5,18.5,10,18.5,10,1627.470947265625
48820,7,10,4,15,10,15,10,1627.7220458984375
48820,7,13,2,12.5,7.5,12.5,7.5,1627.9720458984375
48820,7,10,4,10,10,15,10,1628.1219482421875
48820,7,9,4,10,10,10,10,1628.137939453125
48820,7,5,2,7.5,12.5,7.5,12.5,1628.470947265625
48820,7,35,5,-15,23.5,-15,23.5,1630.637939453125
48820,7,36,4,-15,20,-15,20,1630.988037109375
48820,7,38,5,-20,20,-20,20,1631.10498046875
48820,7,40,4,-17.5,17.5,-17.5,17.5,1631.220947265625
48820,7,44,4,-20,15,-20,15,1631.5050048828125
48820,7,45,5,-23.5,15,-23.5,15,1631.571044921875
48820,7,43,4,-15,15,-15,15,1632.10400390625
48820,7,37,2,-10,20,-10,20,1632.7039794921875
48820,7,1,5,10,18.5,10,18.5,1634.3370361328125
48820,7,4,5,15,15,15,15,1634.8380126953125
48820,7,11,5,18.5,10,18.5,10,1635.3380126953125
48820,7,10,4,15,10,15,10,1635.68798828125
48820,7,6,4,12.5,12.5,12.5,12.5,1635.9210205078125
48820,7,3,4,10,15,10,15,1636.219970703125
48820,7,35,5,-15,23.5,-15,23.5,1638.5870361328125
48820,7,36,4,-15,20,-15,20,1638.887939453125
48820,7,38,5,-20,20,-20,20,1639.071044921875
48820,7,40,4,-17.5,17.5,-17.5,17.5,1639.1710205078125
48820,7,44,4,-20,15,-20,15,1639.470947265625
48820,7,45,5,-23.5,15,-23.5,15,1639.52099609375
48820,7,47,2,-17.5,12.5,-17.5,12.5,1639.821044921875
48820,7,43,4,-15,15,-15,15,1640.0050048828125
48820,7,39,2,-12.5,17.5,-12.5,17.5,1640.3370361328125
48820,7,37,2,-10,20,-10,20,1640.6199951171875
48820,7,1,5,10,18.5,10,18.5,1642.27099609375
48820,7,3,4,10,15,10,15,1642.52099609375
48820,7,4,5,15,15,15,15,1642.8199462890625
48820,7,10,4,15,10,15,10,1643.1199951171875
48820,7,11,5,18.5,10,18.5,10,1643.238037109375
48820,7,13,2,12.5,7.5,12.5,7.5,1643.5050048828125
48820,7,9,4,10,10,10,10,1643.6710205078125
48820,7,5,2,7.5,12.5,7.5,12.5,1643.988037109375
48820,7,2,2,5,15,5,15,1644.2869873046875
48820,7,35,5,-15,23.5,-15,23.5,1646.1710205078125
48820,7,36,4,-15,20,-15,20,1646.2889404296875
48820,7,40,4,-17.5,17.5,-17.5,17.5,1646.571044921875
48820,7,38,5,-20,20,-20,20,1646.6710205078125
48820,7,44,4,-20,15,-20,15,1646.8709716796875
48820,7,45,5,-23.5,15,-23.5,15,1647.071044921875
48820,7,47,2,-17.5,12.5,-17.5,12.5,1647.571044921875
48820,7,46,2,-12.5,12.5,-12.5,12.5,1648.0050048828125
48820,7,42,1,-10,15,-10,15,1648.27099609375
48820,7,1,5,10,18.5,10,18.5,1649.988037109375
48820,7,3,4,10,15,10,15,1650.2039794921875
48820,7,9,4,12.5,12.5,10,10,1650.470947265625
48820,7,6,4,12.5,12.5,12.5,12.5,1650.488037109375
48820,7,10,4,15,10,15,10,1650.7869873046875
48820,7,11,5,18.5,10,18.5,10,1650.887939453125
48820,7,13,2,12.5,7.5,12.5,7.5,1651.303955078125
48820,7,9,4,10,10,10,10,1651.52099609375
48820,7,5,2,7.5,12.5,7.5,12.5,1651.886962890625
48820,7,2,2,5,15,5,15,1652.18701171875
48820,7,37,2,-10,20,-10,20,1653.52001953125
48820,7,35,5,-15,23.5,-15,23.5,1654.0050048828125
48820,7,36,4,-15,20,-15,20,1654.136962890625
48820,7,40,4,-17.5,17.5,-17.5,17.5,1654.4210205078125
48820,7,44,4,-20,15,-20,15,1654.7039794921875
48820,7,45,5,-23.5,15,-23.5,15,1654.9210205078125
48820,7,47,2,-17.5,12.5,-17.5,12.5,1655.303955078125
48820,7,43,4,-15,15,-15,15,1655.5040283203125
48820,7,38,5,-20,20,-20,20,1655.887939453125
48820,7,1,5,10,18.5,10,18.5,1658.6700439453125
48820,7,3,4,10,15,10,15,1658.987060546875
48820,7,4,5,15,15,15,15,1659.18798828125
48820,7,6,4,12.5,12.5,12.5,12.5,1659.2869873046875
48820,7,10,4,15,10,15,10,1659.5870361328125
48820,7,11,5,18.5,10,18.5,10,1659.637939453125
48820,7,16,2,15,5,15,5,1660.137939453125
48820,7,13,2,12.5,7.5,12.5,7.5,1660.2540283203125
48820,7,9,4,10,10,10,10,1660.5870361328125
48820,7,12,2,7.5,7.5,7.5,7.5,1660.68701171875
48820,7,5,2,7.5,12.5,7.5,12.5,1660.904052734375
48820,7,2,2,5,15,5,15,1661.2039794921875
48820,7,35,5,-15,23.5,-15,23.5,1663.1710205078125
48820,7,36,4,-15,20,-15,20,1663.3709716796875
48820,7,40,4,-17.5,17.5,-17.5,17.5,1663.636962890625
48820,7,38,5,-20,20,-20,20,1663.737060546875
48820,7,44,4,-20,15,-20,15,1663.93603515625
48820,7,45,5,-23.5,15,-23.5,15,1664.1710205078125
48820,7,50,2,-20,10,-20,10,1664.5699462890625
48820,7,47,2,-17.5,12.5,-17.5,12.5,1664.720947265625
48820,7,43,4,-15,15,-15,15,1665.10400390625
48820,7,46,2,-12.5,12.5,-12.5,12.5,1665.136962890625
48820,7,39,2,-12.5,17.5,-12.5,17.5,1665.4200439453125
48820,7,37,2,-10,20,-10,20,1665.720947265625
48820,7,2,2,5,15,5,15,1666.93701171875
48820,7,5,2,7.5,12.5,7.5,12.5,1667.237060546875
48820,7,9,4,10,10,10,10,1667.5040283203125
48820,7,13,2,12.5,7.5,12.5,7.5,1667.8199462890625
48820,7,16,2,15,5,15,5,1668.1209716796875
48820,7,11,5,18.5,10,18.5,10,1668.6209716796875
48820,7,10,4,15,10,15,10,1668.821044921875
48820,7,11,5,15,15,18.5,10,1669.10400390625
48820,7,4,5,15,15,15,15,1669.1199951171875
48820,7,3,4,10,15,10,15,1669.404052734375
48820,7,1,5,10,18.5,10,18.5,1669.52001953125
48820,7,35,5,-15,23.5,-15,23.5,1671.821044921875
48820,7,36,4,-15,20,-15,20,1672.071044921875
48820,7,40,4,-17.5,17.5,-17.5,17.5,1672.3709716796875
48820,7,38,5,-20,20,-20,20,1672.4029541015625
48820,7,44,4,-20,15,-20,15,1672.6710205078125
48820,7,45,5,-23.5,15,-23.5,15,1672.8199462890625
48820,7,50,2,-20,10,-20,10,1673.4210205078125
48820,7,47,2,-17.5,12.5,-17.5,12.5,1673.802978515625
48820,7,43,4,-15,15,-15,15,1674.0369873046875
48820,7,46,2,-12.5,12.5,-12.5,12.5,1674.1199951171875
48820,7,39,2,-12.5,17.5,-12.5,17.5,1674.385986328125
48820,7,37,2,-10,20,-10,20,1674.68701171875
48820,7,7,1,1.5,10,1.5,10,1675.885986328125
48820,7,8,1,5,10,5,10,1676.10400390625
48820,7,12,2,7.5,7.5,7.5,7.5,1676.3699951171875
48820,7,15,1,10,5,10,5,1676.68701171875
48820,7,17,1,10,1.5,10,1.5,1676.886962890625
48820,7,16,2,15,5,15,5,1677.220947265625
48820,7,13,2,12.5,7.5,12.5,7.5,1677.4859619140625
48820,7,9,4,10,10,10,10,1677.7540283203125
48820,7,5,2,7.5,12.5,7.5,12.5,1678.0870361328125
48820,7,3,4,10,15,10,15,1678.487060546875
48820,7,1,5,10,18.5,10,18.5,1678.571044921875
48820,7,4,5,15,15,15,15,1678.9029541015625
48820,7,11,5,18.5,10,18.5,10,1679.3699951171875
48820,7,10,4,15,10,15,10,1679.68603515625
48820,7,6,4,12.5,12.5,12.5,12.5,1679.9539794921875
48820,7,2,2,5,15,5,15,1680.7039794921875
48820,7,35,5,-15,23.5,-15,23.5,1682.76904296875
48820,7,38,5,-20,20,-20,20,1683.2869873046875
48820,7,45,5,-23.5,15,-23.5,15,1683.7869873046875
48820,7,44,4,-20,15,-20,15,1684.18701171875
48820,7,47,2,-17.5,12.5,-17.5,12.5,1684.385986328125
48820,7,43,4,-15,15,-15,15,1684.5689697265625
48820,7,40,4,-17.5,17.5,-17.5,17.5,1684.6700439453125
48820,7,39,2,-12.5,17.5,-12.5,17.5,1684.904052734375
48820,7,36,4,-15,20,-15,20,1684.93701171875
48820,7,37,2,-10,20,-10,20,1685.2039794921875
48820,7,41,1,-6.5,15,-6.5,15,1686.0870361328125
48820,7,48,1,-10,10,-10,10,1686.60302734375
48820,7,51,1,-15,6.5,-15,6.5,1687.0699462890625
48820,7,50,2,-20,10,-20,10,1687.8370361328125
48820,7,46,2,-12.5,12.5,-12.5,12.5,1688.5369873046875
48820,7,1,5,10,18.5,10,18.5,1690.7869873046875
48820,7,3,4,10,15,10,15,1690.9200439453125
48820,7,4,5,15,15,15,15,1691.2860107421875
48820,7,11,5,18.5,10,18.5,10,1691.886962890625
48820,7,10,4,15,10,15,10,1692.1689453125
48820,7,6,4,12.5,12.5,12.5,12.5,1692.487060546875
48820,7,2,2,5,15,5,15,1693.1700439453125
48820,7,8,1,5,10,5,10,1693.5360107421875
48820,7,12,2,7.5,7.5,7.5,7.5,1693.802001953125
48820,7,15,1,10,5,10,5,1694.10400390625
48820,7,17,1,10,1.5,10,1.5,1694.68603515625
48820,7,14,1,5,5,5,5,1695.2530517578125
48820,7,7,1,1.5,10,1.5,10,1695.802978515625
48820,7,5,2,7.5,12.5,7.5,12.5,1696.302978515625
48820,7,9,4,10,10,10,10,1696.5699462890625
48820,7,13,2,12.5,7.5,12.5,7.5,1696.9029541015625
48820,7,16,2,15,5,15,5,1697.18701171875
48820,7,11,5,18.5,10,18.5,10,1697.4029541015625
48820,7,10,4,15,10,15,10,1697.5689697265625
48820,7,6,4,12.5,12.5,12.5,12.5,1697.8370361328125
48820,7,4,5,15,15,15,15,1697.886962890625
48820,7,3,4,10,15,10,15,1698.1199951171875
48820,7,1,5,10,18.5,10,18.5,1698.2860107421875
48820,7,35,5,-15,23.5,-15,23.5,1700.469970703125
48820,7,36,4,-15,20,-15,20,1700.60302734375
48820,7,40,4,-17.5,17.5,-17.5,17.5,1700.886962890625
48820,7,38,5,-20,20,-20,20,1700.969970703125
48820,7,45,5,-23.5,15,-23.5,15,1701.4029541015625
48820,7,44,4,-20,15,-20,15,1701.7860107421875
48820,7,47,2,-17.5,12.5,-17.5,12.5,1702.0030517578125
48820,7,50,2,-12.5,12.5,-20,10,1702.4029541015625
48820,7,46,2,-12.5,12.5,-12.5,12.5,1702.4200439453125
48820,7,42,1,-10,15,-10,15,1702.7020263671875
48820,7,1,5,10,18.5,10,18.5,1704.68603515625
48820,7,3,4,10,15,10,15,1704.9859619140625
48820,7,4,5,15,15,15,15,1705.219970703125
48820,7,6,4,12.5,12.5,12.5,12.5,1705.2860107421875
48820,7,10,4,15,10,15,10,1705.5870361328125
48820,7,11,5,18.5,10,18.5,10,1705.6700439453125
48820,7,16,2,15,5,15,5,1706.218994140625
48820,7,13,2,12.5,7.5,12.5,7.5,1706.4200439453125
48820,7,9,4,10,10,10,10,1706.68701171875
48820,7,5,2,7.5,12.5,7.5,12.5,1707.02001953125
48820,7,2,2,5,15,5,15,1707.3199462890625
48820,7,7,1,1.5,10,1.5,10,1707.8690185546875
48820,7,14,1,5,5,5,5,1708.35302734375
48820,7,17,1,10,1.5,10,1.5,1708.802978515625
48820,7,33,2,20,-10,20,-10,1710.0849609375
48820,7,28,5,23.5,-15,23.5,-15,1710.6199951171875
48820,7,23,4,17.5,-17.5,17.5,-17.5,1711.552978515625
48820,7,22,2,12.5,-17.5,12.5,-17.5,1711.9859619140625
48820,7,20,2,10,-20,10,-20,1712.27001953125
48820,7,18,5,15,-23.5,15,-23.5,1713.0030517578125
48820,7,21,5,20,-20,20,-20,1713.4530029296875
48820,7,27,4,20,-15,20,-15,1713.9029541015625
48820,7,26,4,15,-15,15,-15,1714.1700439453125
48820,7,30,2,17.5,-12.5,17.5,-12.5,1714.2030029296875
48820,7,32,1,15,-10,15,-10,1714.5030517578125
48820,7,34,1,15,-6.5,15,-6.5,1714.9029541015625
48820,7,31,1,10,-10,10,-10,1715.385986328125
48820,7,25,1,10,-15,10,-15,1715.885986328125
48820,7,28,5,23.5,-15,23.5,-15,1716.9530029296875
48820,7,23,4,17.5,-17.5,17.5,-17.5,1717.2530517578125
48820,7,19,4,15,-20,15,-20,1717.4189453125
48820,7,20,2,10,-20,10,-20,1717.885986328125
48820,7,52,5,-10,-18.5,-10,-18.5,1719.51904296875
48820,7,54,4,-10,-15,-10,-15,1719.802978515625
48820,7,55,5,-15,-15,-15,-15,1720.02001953125
48820,7,57,4,-12.5,-12.5,-12.5,-12.5,1720.10302734375
48820,7,61,4,-15,-10,-15,-10,1720.385986328125
48820,7,62,5,-18.5,-10,-18.5,-10,1720.4859619140625
48820,7,67,2,-15,-5,-15,-5,1720.9530029296875
48820,7,68,1,-10,-1.5,-10,-1.5,1721.4189453125
48820,7,7,1,1.5,10,1.5,10,1722.7860107421875
48820,7,2,2,5,15,5,15,1723.302978515625
48820,7,3,4,10,15,10,15,1723.6199951171875
48820,7,1,5,10,18.5,10,18.5,1723.68603515625
48820,7,4,5,15,15,15,15,1724.1190185546875
48820,7,11,5,18.5,10,18.5,10,1724.6199951171875
48820,7,10,4,15,10,15,10,1724.85302734375
48820,7,6,4,12.5,12.5,12.5,12.5,1725.1689453125
48820,8,35,5,10,-1.5,10,-1.5,59.72072982788086
48820,8,44,2,15,-10,15,-10,64.63744354248047
48820,8,47,2,12.5,-12.5,12.5,-12.5,64.93733215332031
48820,8,49,2,10,-15,10,-15,65.23713684082031
48820,8,46,4,7.5,-12.5,7.5,-12.5,65.4039306640625
48820,8,48,4,5,-15,5,-15,65.58722686767578
48820,8,42,5,5,-10,5,-10,65.736236572265625
48820,8,39,4,7.5,-7.5,7.5,-7.5,65.987030029296875
48820,8,37,5,10,-5,10,-5,66.22054290771484
48820,8,35,5,10,-1.5,10,-1.5,66.60294342041016
48820,8,36,5,5,-5,5,-5,67.1539306640625
48820,8,41,5,1.5,-10,1.5,-10,67.8695297241211
48820,8,61,5,-5,-20,-5,-20,68.70393371582031
48820,8,56,4,-25,-15,-25,-15,71.51953125
48820,8,54,5,-20,-10,-20,-10,72.0372314453125
48820,8,52,5,-20,-5,-20,-5,72.43683624267578
48820,8,34,5,-15,0,-15,0,73.06993103027344
48820,8,32,5,-15,5,-15,5,73.453826904296875
48820,8,30,4,-10,10,-10,10,74.00373077392578
48820,8,27,5,-5,15,-5,15,74.6037368774414
48820,8,28,5,0,15,0,15,75.10302734375
48820,8,7,5,6.5,15,6.5,15,75.6704330444336
48820,8,8,5,10,15,10,15,75.9371337890625
48820,8,5,4,12.5,17.5,12.5,17.5,76.186126708984375
48820,8,9,2,15,15,15,15,76.4038314819336
48820,8,6,2,17.5,17.5,17.5,17.5,76.62042999267578
48820,8,10,2,20,15,20,15,76.82042694091797
48820,8,3,2,15,20,15,20,77.28643035888672
48820,8,1,1,15,23.5,15,23.5,77.46964263916016
48820,8,2,4,10,20,10,20,78.20343017578125
48820,8,12,4,12.5,12.5,12.5,12.5,78.9204330444336
48820,8,13,4,17.5,12.5,17.5,12.5,79.10343170166016
48820,8,15,5,15,10,15,10,79.18702697753906
48820,8,16,4,20,10,20,10,79.4703369140625
48820,8,17,5,15,6.5,15,6.5,79.58592987060547
48820,8,35,5,10,-1.5,10,-1.5,80.56934356689453
48820,8,37,5,10,-5,10,-5,80.87023162841797
48820,8,40,4,12.5,-7.5,12.5,-7.5,81.18702697753906
48820,8,38,4,15,-5,15,-5,81.253631591796875
48820,8,44,2,15,-10,15,-10,81.50373077392578
48820,8,47,2,12.5,-12.5,12.5,-12.5,81.90363311767578
48820,8,50,1,15,-15,15,-15,81.93683624267578
48820,8,49,2,10,-15,10,-15,82.18663024902344
48820,8,51,1,10,-18.5,10,-18.5,82.35363006591797
48820,8,48,4,5,-15,5,-15,82.65363311767578
48820,8,46,4,7.5,-12.5,7.5,-12.5,82.72013092041016
48820,8,43,2,10,-10,10,-10,83.06993103027344
48820,8,39,4,7.5,-7.5,7.5,-7.5,83.16943359375
48820,8,36,5,5,-5,5,-5,83.5367431640625
48820,8,42,5,1.5,-10,5,-10,84.07023620605469
48820,8,41,5,1.5,-10,1.5,-10,84.08683013916016
48820,8,61,5,-5,-20,-5,-20,85.43702697753906
48820,8,60,5,-10,-20,-10,-20,85.87023162841797
48820,8,66,4,-10,-30,-10,-30,86.60353088378906
48820,8,63,4,-15,-25,-15,-25,87.0194320678711
48820,8,59,2,-20,-20,-20,-20,87.68633270263672
48820,8,57,4,-15,-15,-15,-15,87.93653106689453
48820,8,55,5,-10,-10,-10,-10,88.52012634277344
48820,8,34,5,-15,0,-15,0,89.4201431274414
48820,8,27,5,-5,15,-5,15,91.0367431640625
48820,8,28,5,0,15,0,15,91.53553009033205
48820,8,7,5,6.5,15,6.5,15,92.08683013916016
48820,8,8,5,10,15,10,15,92.38683319091795
48820,8,2,4,12.5,17.5,10,20,92.58673095703124
48820,8,5,4,12.5,17.5,12.5,17.5,92.6031265258789
48820,8,3,2,15,20,15,20,92.90252685546876
48820,8,1,1,15,23.5,15,23.5,93.07003021240234
48820,8,4,1,20,20,20,20,93.47013092041016
48820,8,10,2,20,15,20,15,93.90352630615234
48820,8,13,4,17.5,12.5,17.5,12.5,94.185943603515625
48820,8,15,5,15,10,15,10,94.43563079833984
48820,8,17,5,15,6.5,15,6.5,94.68653106689452
48820,8,37,5,10,-5,10,-5,95.93653106689452
48820,8,40,4,12.5,-7.5,12.5,-7.5,96.053436279296875
48820,8,47,2,12.5,-12.5,12.5,-12.5,96.51983642578124
48820,8,49,2,10,-15,10,-15,96.753326416015625
48820,8,48,4,5,-15,5,-15,97.1031265258789
48820,8,42,5,5,-10,5,-10,97.5022430419922
48820,8,39,4,7.5,-7.5,7.5,-7.5,97.78563690185548
48820,8,35,5,10,-1.5,10,-1.5,98.4529266357422
48820,8,36,5,5,-5,5,-5,98.98673248291016
48820,8,41,5,1.5,-10,1.5,-10,99.48634338378906
48820,8,61,5,-5,-20,-5,-20,100.6532974243164
48820,8,60,5,-10,-20,-10,-20,101.11930084228516
48820,8,57,4,-15,-15,-15,-15,101.76950073242188
48820,8,54,5,-20,-10,-20,-10,102.5531997680664
48820,8,34,5,-15,0,-15,0,103.80280303955078
48820,8,32,5,-15,5,-15,5,104.25270080566406
48820,8,30,4,-10,10,-10,10,104.81890106201172
48820,8,28,5,0,15,0,15,105.7697982788086
48820,8,7,5,6.5,15,6.5,15,106.4197006225586
48820,8,8,5,10,15,10,15,106.7031021118164
48820,8,5,4,12.5,17.5,12.5,17.5,106.95320129394533
48820,8,3,2,17.5,17.5,15,20,107.36959838867188
48820,8,6,2,17.5,17.5,17.5,17.5,107.3865966796875
48820,8,2,4,10,20,10,20,107.86969757080078
48820,8,12,4,12.5,12.5,12.5,12.5,108.6698989868164
48820,8,9,2,15,15,15,15,108.7863998413086
48820,8,13,4,17.5,12.5,17.5,12.5,108.96959686279295
48820,8,10,2,20,15,20,15,109.2030029296875
48820,8,11,1,23.5,15,23.5,15,109.51969909667967
48820,8,16,4,20,10,20,10,109.62010192871094
48820,8,15,5,15,10,15,10,110.00299835205078
48820,8,17,5,15,6.5,15,6.5,110.0697021484375
48820,8,14,5,10,10,10,10,110.4697036743164
48820,8,32,5,-15,5,-15,5,114.68620300292967
48820,8,30,4,-10,10,-10,10,115.36859893798828
48820,8,33,5,-5,5,-5,5,116.11859893798828
48820,8,35,5,10,-1.5,10,-1.5,117.68599700927734
48820,8,38,4,15,-5,15,-5,118.20189666748048
48820,8,44,2,15,-10,15,-10,118.71959686279295
48820,8,40,4,12.5,-7.5,12.5,-7.5,118.75189971923828
48820,8,39,4,7.5,-7.5,7.5,-7.5,119.18620300292967
48820,8,43,2,10,-10,10,-10,119.2519989013672
48820,8,36,5,5,-5,5,-5,119.4022979736328
48820,8,37,5,10,-5,10,-5,119.7029037475586
48820,8,45,1,18.5,-10,18.5,-10,121.00270080566406
48820,8,47,2,12.5,-12.5,12.5,-12.5,121.65270233154295
48820,8,46,4,7.5,-12.5,7.5,-12.5,122.01909637451172
48820,8,42,5,5,-10,5,-10,122.46859741210938
48820,8,41,5,1.5,-10,1.5,-10,122.55290222167967
48820,8,55,5,-10,-10,-10,-10,124.18599700927734
48820,8,60,5,-10,-20,-10,-20,125.26930236816406
48820,8,61,5,-5,-20,-5,-20,126.36849975585938
48820,8,63,4,-15,-25,-15,-25,127.91829681396484
48820,8,62,2,-25,-25,-25,-25,128.8524932861328
48820,8,59,2,-20,-20,-20,-20,129.35260009765625
48820,8,57,4,-15,-15,-15,-15,130.01930236816406
48820,8,55,5,-10,-10,-10,-10,130.68600463867188
48820,8,36,5,5,-5,5,-5,132.08560180664065
48820,8,39,4,7.5,-7.5,7.5,-7.5,132.31919860839844
48820,8,37,5,10,-5,10,-5,132.50259399414065
48820,8,40,4,12.5,-7.5,12.5,-7.5,132.75250244140625
48820,8,38,4,15,-5,15,-5,132.95249938964844
48820,8,45,1,18.5,-10,18.5,-10,134.3188934326172
48820,8,44,2,15,-10,15,-10,134.51809692382813
48820,8,47,2,12.5,-12.5,12.5,-12.5,134.7191925048828
48820,8,43,2,10,-10,10,-10,134.91909790039065
48820,8,46,4,7.5,-12.5,7.5,-12.5,135.11920166015625
48820,8,42,5,5,-10,5,-10,135.30239868164065
48820,8,41,5,1.5,-10,1.5,-10,135.6020050048828
48820,8,55,5,-10,-10,-10,-10,136.5688934326172
48820,8,54,5,-20,-10,-20,-10,137.38580322265625
48820,8,53,4,-30,-10,-30,-10,138.2523956298828
48820,8,52,5,-20,-5,-20,-5,139.86900329589844
48820,8,36,5,5,-5,5,-5,141.95199584960938
48820,8,35,5,10,-1.5,10,-1.5,142.368896484375
48820,8,38,4,15,-5,15,-5,142.80239868164065
48820,8,45,1,18.5,-10,18.5,-10,144.268798828125
48820,8,44,2,15,-10,15,-10,144.56900024414065
48820,8,43,2,10,-10,10,-10,144.98500061035156
48820,8,42,5,5,-10,5,-10,145.35130310058594
48820,8,41,5,1.5,-10,1.5,-10,145.65199279785156
48820,8,55,5,-10,-10,-10,-10,146.6020965576172
48820,8,54,5,-20,-10,-20,-10,147.41900634765625
48820,8,53,4,-30,-10,-30,-10,148.28550720214844
48820,8,45,1,18.5,-10,18.5,-10,153.95159912109375
48820,8,44,2,15,-10,15,-10,154.20120239257813
48820,8,47,2,12.5,-12.5,12.5,-12.5,154.4178009033203
48820,8,43,2,10,-10,10,-10,154.6186981201172
48820,8,46,4,7.5,-12.5,7.5,-12.5,154.80209350585938
48820,8,42,5,5,-10,5,-10,155.00210571289065
48820,8,41,5,1.5,-10,1.5,-10,155.30209350585938
48820,8,39,4,7.5,-7.5,7.5,-7.5,156.0019989013672
48820,8,40,4,12.5,-7.5,12.5,-7.5,156.40170288085938
48820,8,50,1,15,-15,15,-15,157.40109252929688
48820,8,49,2,10,-15,10,-15,157.8520965576172
48820,8,48,4,5,-15,5,-15,158.21800231933594
48820,8,61,5,-5,-20,-5,-20,159.18429565429688
48820,8,60,5,-10,-20,-10,-20,159.61810302734375
48820,8,57,4,-15,-15,-15,-15,160.31849670410156
48820,8,55,5,-10,-10,-10,-10,161.4178009033203
48820,8,54,5,-20,-10,-20,-10,162.21839904785156
48820,8,52,5,-20,-5,-20,-5,162.78529357910156
48820,8,34,5,-15,0,-15,0,163.3852996826172
48820,8,32,5,-15,5,-15,5,163.80189514160156
48820,8,30,4,-10,10,-10,10,164.3520050048828
48820,8,27,5,-5,15,-5,15,164.9019012451172
48820,8,28,5,0,15,0,15,165.28460693359375
48820,8,7,5,6.5,15,6.5,15,165.88519287109375
48820,8,8,5,10,15,10,15,166.16819763183594
48820,8,5,4,12.5,17.5,12.5,17.5,166.4019012451172
48820,8,9,2,15,15,15,15,166.61770629882813
48820,8,6,2,17.5,17.5,17.5,17.5,166.85189819335938
48820,8,10,2,20,15,20,15,167.05189514160156
48820,8,11,1,23.5,15,23.5,15,167.36740112304688
48820,8,16,4,20,10,20,10,167.66859436035156
48820,8,13,4,17.5,12.5,17.5,12.5,167.7183074951172
48820,8,15,5,15,10,15,10,167.9185028076172
48820,8,12,4,12.5,12.5,12.5,12.5,168.16839599609375
48820,8,14,5,10,10,10,10,168.3675994873047
48820,8,17,5,15,6.5,15,6.5,169.0684051513672
48820,8,35,5,10,-1.5,10,-1.5,170.7008056640625
48820,8,37,5,10,-5,10,-5,170.86839294433594
48820,8,35,5,5,-5,10,-1.5,171.18499755859375
48820,8,36,5,5,-5,5,-5,171.2017059326172
48820,8,42,5,5,-10,5,-10,171.45179748535156
48820,8,41,5,1.5,-10,1.5,-10,171.60159301757813
48820,8,48,4,5,-15,5,-15,172.25140380859375
48820,8,49,2,10,-15,10,-15,172.76730346679688
48820,8,47,2,12.5,-12.5,12.5,-12.5,173.05160522460938
48820,8,44,2,15,-10,15,-10,173.351806640625
48820,8,38,4,15,-5,15,-5,173.96800231933594
48820,8,50,1,15,-15,15,-15,174.95150756835938
48820,8,61,5,-5,-20,-5,-20,176.80140686035156
48820,8,60,5,-10,-20,-10,-20,177.21820068359375
48820,8,59,2,-20,-20,-20,-20,178.10060119628906
48820,8,58,2,-30,-20,-30,-20,178.91819763183594
48820,8,56,4,-25,-15,-25,-15,179.48489379882813
48820,8,57,4,-15,-15,-15,-15,180.4010009765625
48820,8,48,4,5,-15,5,-15,182.0843963623047
48820,8,46,4,7.5,-12.5,7.5,-12.5,182.28480529785156
48820,8,49,2,10,-15,10,-15,182.5177001953125
48820,8,47,2,12.5,-12.5,12.5,-12.5,182.7180938720703
48820,8,45,1,18.5,-10,18.5,-10,183.60049438476565
48820,8,40,4,12.5,-7.5,12.5,-7.5,184.11819458007813
48820,8,39,4,7.5,-7.5,7.5,-7.5,184.5182952880859
48820,8,42,5,5,-10,5,-10,184.7180938720703
48820,8,41,5,1.5,-10,1.5,-10,185.0178985595703
48820,8,55,5,-10,-10,-10,-10,185.98390197753903
48820,8,54,5,-20,-10,-20,-10,186.8179931640625
48820,8,53,4,-30,-10,-30,-10,187.6678924560547
48820,8,52,5,-20,-5,-20,-5,188.58389282226565
48820,8,36,5,5,-5,5,-5,190.6678924560547
48820,8,37,5,10,-5,10,-5,191.0847015380859
48820,8,38,4,15,-5,15,-5,191.51699829101565
48820,8,45,1,18.5,-10,18.5,-10,192.16799926757813
48820,8,44,2,15,-10,15,-10,192.28460693359375
48820,8,43,2,10,-10,10,-10,192.7178955078125
48820,8,42,5,5,-10,5,-10,193.1011962890625
48820,8,41,5,1.5,-10,1.5,-10,193.3845977783203
48820,8,55,5,-10,-10,-10,-10,194.35110473632813
48820,8,54,5,-20,-10,-20,-10,195.18460083007813
48820,8,52,5,-20,-5,-20,-5,195.55029296875
48820,8,30,4,-10,10,-10,10,197.2012939453125
48820,8,27,5,-5,15,-5,15,197.7834930419922
48820,8,28,5,0,15,0,15,198.1002960205078
48820,8,7,5,6.5,15,6.5,15,198.6678924560547
48820,8,8,5,10,15,10,15,198.9678955078125
48820,8,9,2,15,15,15,15,199.4178924560547
48820,8,10,2,20,15,20,15,199.85110473632813
48820,8,16,4,20,10,20,10,200.20120239257813
48820,8,13,4,17.5,12.5,17.5,12.5,200.2678985595703
48820,8,15,5,15,10,15,10,200.46780395507813
48820,8,12,4,12.5,12.5,12.5,12.5,200.7010955810547
48820,8,14,5,10,10,10,10,200.8842010498047
48820,8,17,5,15,6.5,15,6.5,201.5177001953125
48820,8,35,5,10,-1.5,10,-1.5,203.0511932373047
48820,8,37,5,10,-5,10,-5,203.26759338378903
48820,8,40,4,7.5,-7.5,12.5,-7.5,203.7509002685547
48820,9,41,1,1.5,-10,1.5,-10,683.041015625
48820,9,48,2,5,-15,5,-15,683.5404052734375
48820,9,49,4,10,-15,10,-15,683.89111328125
48820,9,51,5,10,-18.5,10,-18.5,683.94012451171875
48820,9,50,5,15,-15,15,-15,684.39093017578125
48820,9,47,4,12.5,-12.5,12.5,-12.5,684.54107666015625
48820,9,43,4,10,-10,10,-10,684.75732421875
48820,9,39,2,7.5,-7.5,7.5,-7.5,685.12408447265625
48820,9,36,1,5,-5,5,-5,685.42431640625
48820,9,37,1,10,-5,10,-5,685.95758056640625
48820,9,40,2,12.5,-7.5,12.5,-7.5,686.2235107421875
48820,9,44,4,15,-10,15,-10,686.4910888671875
48820,9,45,5,18.5,-10,18.5,-10,686.79107666015625
48820,9,38,2,15,-5,15,-5,687.35748291015625
48820,9,35,1,10,-1.5,10,-1.5,687.8076171875
48820,9,16,2,20,10,20,10,689.0244140625
48820,9,11,5,23.5,15,23.5,15,689.54107666015625
48820,9,10,4,20,15,20,15,689.75762939453125
48820,9,6,4,17.5,17.5,17.5,17.5,690.04107666015625
48820,9,3,4,15,20,15,20,690.32427978515625
48820,9,1,5,15,23.5,15,23.5,690.45758056640625
48820,9,2,2,10,20,10,20,690.85772705078125
48820,9,5,2,12.5,17.5,12.5,17.5,690.94122314453125
48820,9,7,1,6.5,15,6.5,15,691.34088134765625
48820,9,8,1,10,15,10,15,691.42352294921875
48820,9,12,2,12.5,12.5,12.5,12.5,691.69091796875
48820,9,9,4,15,15,15,15,691.90771484375
48820,9,13,2,17.5,12.5,17.5,12.5,692.39111328125
48820,9,15,1,15,10,15,10,692.85748291015625
48820,9,14,1,10,10,10,10,693.2904052734375
48820,9,28,1,0,15,0,15,694.3076171875
48820,9,18,5,-15,30,-15,30,696.556884765625
48820,9,20,4,-15,25,-15,25,696.85760498046875
48820,9,19,5,-25,25,-25,25,697.557373046875
48820,9,25,4,-25,15,-25,15,698.95751953125
48820,9,24,5,-30,15,-30,15,699.04058837890625
48820,9,31,2,-25,5,-25,5,700.14068603515625
48820,9,34,1,-15,0,-15,0,701.1400146484375
48820,9,52,1,-20,-5,-20,-5,701.69091796875
48820,9,58,4,-30,-20,-30,-20,703.557373046875
48820,9,62,4,-25,-25,-25,-25,704.3408203125
48820,9,64,5,-30,-30,-30,-30,704.8905029296875
48820,9,65,4,-20,-30,-20,-30,705.7904052734375
48820,9,66,2,-10,-30,-10,-30,706.6240234375
48820,9,63,2,-15,-25,-15,-25,706.957275390625
48820,9,59,4,-20,-20,-20,-20,707.50640869140625
48820,9,56,2,-25,-15,-25,-15,708.140625
48820,9,53,2,-30,-10,-30,-10,708.72381591796875
48820,9,54,1,-20,-10,-20,-10,709.72381591796875
48820,9,55,1,-10,-10,-10,-10,710.590576171875
48820,9,41,1,1.5,-10,1.5,-10,711.54058837890625
48820,9,42,1,5,-10,5,-10,711.8231201171875
48820,9,43,4,10,-10,10,-10,712.2064208984375
48820,9,44,4,15,-10,15,-10,712.62298583984375
48820,9,45,5,18.5,-10,18.5,-10,712.89031982421875
48820,9,50,5,15,-15,15,-15,713.223876953125
48820,9,51,5,10,-18.5,10,-18.5,713.74041748046875
48820,9,49,4,10,-15,10,-15,714.0736083984375
48820,9,47,4,12.5,-12.5,12.5,-12.5,714.4896240234375
48820,9,38,2,15,-5,15,-5,715.19061279296875
48820,9,37,1,10,-5,10,-5,715.54052734375
48820,9,40,2,12.5,-7.5,12.5,-7.5,715.60711669921875
48820,9,39,2,7.5,-7.5,7.5,-7.5,715.75701904296875
48820,9,41,1,1.5,-10,1.5,-10,716.70721435546875
48820,9,36,1,5,-5,5,-5,717.1571044921875
48820,9,35,1,10,-1.5,10,-1.5,717.65692138671875
48820,9,16,2,20,10,20,10,718.9072265625
48820,9,11,5,23.5,15,23.5,15,719.423583984375
48820,9,4,5,20,20,20,20,720.639404296875
48820,9,10,4,20,15,20,15,720.8231201171875
48820,9,13,2,17.5,12.5,17.5,12.5,721.14031982421875
48820,9,15,1,15,10,15,10,721.4569702148436
48820,9,14,1,10,10,10,10,721.83941650390625
48820,9,12,2,12.5,12.5,12.5,12.5,721.873779296875
48820,9,8,1,10,15,10,15,722.1068115234375
48820,9,3,4,15,15,15,20,722.30712890625
48820,9,9,4,15,15,15,15,722.3236083984375
48820,9,3,4,15,20,15,20,722.556884765625
48820,9,6,4,17.5,17.5,17.5,17.5,722.62371826171875
48820,9,1,5,15,23.5,15,23.5,723.007080078125
48820,9,7,1,6.5,15,6.5,15,723.97381591796875
48820,9,28,1,0,15,0,15,724.556884765625
48820,9,27,1,-5,15,-5,15,724.99041748046875
48820,9,23,2,-10,20,-10,20,725.5570068359375
48820,9,20,4,-15,25,-15,25,726.12371826171875
48820,9,18,5,-15,30,-15,30,726.79022216796875
48820,9,21,2,-5,25,-5,25,728.0560302734375
48820,9,19,5,-25,25,-25,25,729.7396240234375
48820,9,24,5,-30,15,-30,15,730.6895141601564
48820,9,25,4,-25,15,-25,15,730.89031982421875
48820,9,22,4,-20,20,-20,20,731.54022216796875
48820,9,20,4,-15,25,-15,25,732.223388671875
48820,9,18,5,-15,30,-15,30,732.456787109375
48820,9,23,2,-10,20,-10,20,733.723388671875
48820,9,55,1,-10,-10,-10,-10,736.97247314453125
48820,9,51,5,10,-18.5,10,-18.5,738.98992919921875
48820,9,49,4,10,-15,10,-15,739.0562744140625
48820,9,50,5,15,-15,15,-15,739.4901123046875
48820,9,45,5,18.5,-10,18.5,-10,740.05682373046875
48820,9,38,2,15,-5,15,-5,740.7227172851564
48820,9,35,1,10,-1.5,10,-1.5,741.25640869140625
48820,9,36,1,10,-5,5,-5,741.72308349609375
48820,9,37,1,10,-5,10,-5,741.7393188476564
48820,9,43,4,10,-10,10,-10,741.9229736328125
48820,9,40,2,12.5,-7.5,12.5,-7.5,741.98968505859375
48820,9,43,4,15,-10,10,-10,742.22320556640625
48820,9,44,4,15,-10,15,-10,742.23980712890625
48820,9,46,2,5,-15,7.5,-12.5,743.1234130859375
48820,9,48,2,5,-15,5,-15,743.13922119140625
48820,9,42,1,5,-10,5,-10,743.4232177734375
48820,9,41,1,1.5,-10,1.5,-10,743.6063232421875
48820,9,36,1,5,-5,5,-5,743.9232177734375
48820,9,16,2,20,10,20,10,745.6732177734375
48820,9,11,5,23.5,15,23.5,15,746.18988037109375
48820,9,4,5,20,20,20,20,747.52288818359375
48820,9,10,4,20,15,20,15,747.68988037109375
48820,9,13,2,17.5,12.5,17.5,12.5,748.0233154296875
48820,9,15,1,15,10,15,10,748.3388061523436
48820,9,14,1,10,10,10,10,748.8057250976564
48820,9,12,2,12.5,12.5,12.5,12.5,749.1063842773436
48820,9,9,4,15,15,15,15,749.3731079101564
48820,9,6,4,17.5,17.5,17.5,17.5,749.6732177734375
48820,9,1,5,15,23.5,15,23.5,750.54022216796875
48820,9,3,4,15,20,15,20,750.73980712890625
48820,9,5,2,12.5,17.5,12.5,17.5,751.0731201171875
48820,9,8,1,10,15,10,15,751.3897705078125
48820,9,7,1,6.5,15,6.5,15,751.5731811523436
48820,9,33,1,-5,5,-5,5,752.8731079101564
48820,9,30,2,-10,10,-10,10,753.3731079101564
48820,9,26,4,-15,15,-15,15,753.9229736328125
48820,9,22,4,-20,20,-20,20,754.50628662109375
48820,9,19,5,-25,25,-25,25,755.0731201171875
48820,9,18,5,-15,30,-15,30,756.3397216796875
48820,9,20,4,-15,25,-15,25,756.788818359375
48820,9,21,2,-5,25,-5,25,758.10601806640625
48820,9,1,5,15,23.5,15,23.5,759.7230224609375
48820,9,4,5,20,20,20,20,761.83917236328125
48820,9,6,4,17.5,17.5,17.5,17.5,762.055908203125
48820,9,3,4,15,20,15,20,762.28961181640625
48820,9,2,2,10,20,10,20,762.721923828125
48820,9,23,2,-10,20,-10,20,764.3895263671875
48820,9,22,4,-20,20,-20,20,765.205322265625
48820,9,24,5,-30,15,-30,15,766.8397216796875
48820,9,25,4,-25,15,-25,15,769.68927001953125
48820,9,29,2,-20,10,-20,10,770.338623046875
48820,9,23,2,-10,20,-10,20,771.589111328125
48820,9,2,2,10,20,10,20,773.2393188476564
48820,9,5,2,12.5,17.5,12.5,17.5,773.4727783203125
48820,9,3,4,15,20,15,20,773.6392822265625
48820,9,6,4,17.5,17.5,17.5,17.5,773.83941650390625
48820,9,4,5,20,20,20,20,774.02227783203125
48820,9,11,5,23.5,15,23.5,15,775.00531005859375
48820,9,13,2,17.5,12.5,17.5,12.5,775.6724853515625
48820,9,9,4,15,15,15,15,775.8720092773436
48820,9,8,1,10,15,10,15,776.339111328125
48820,9,28,1,0,15,0,15,777.2227172851564
48820,9,27,1,-5,15,-5,15,777.6724853515625
48820,9,26,4,-15,15,-15,15,778.4727172851564
48820,9,25,4,-25,15,-25,15,779.2891235351564
48820,9,24,5,-30,15,-30,15,779.6890869140625
48820,9,19,5,-25,25,-25,25,780.5391845703125
48820,9,18,5,-15,30,-15,30,781.9390869140625
48820,9,20,4,-15,25,-15,25,782.7227172851564
48820,9,22,4,-20,20,-20,20,783.3720092773436
48820,9,23,2,-10,20,-10,20,784.239013671875
48820,9,1,5,15,23.5,15,23.5,786.8223876953125
48820,9,4,5,20,20,20,20,787.322021484375
48820,9,11,5,23.5,15,23.5,15,787.82208251953125
48820,9,10,4,20,15,20,15,788.42242431640625
48820,9,6,4,17.5,17.5,17.5,17.5,788.7056884765625
48820,9,3,4,15,20,15,20,789.00567626953125
48820,9,2,2,10,20,10,20,789.8057250976564
48820,9,8,1,10,15,10,15,790.3222045898436
48820,9,12,2,12.5,12.5,12.5,12.5,790.5888061523436
48820,9,15,1,15,10,15,10,790.90582275390625
48820,9,16,2,20,10,20,10,792.00531005859375
48820,9,13,2,17.5,12.5,17.5,12.5,792.3057250976564
48820,9,9,4,15,15,15,15,792.5380859375
48820,9,5,2,12.5,17.5,12.5,17.5,792.888916015625
48820,9,1,5,15,23.5,15,23.5,793.705322265625
48820,9,4,5,20,20,20,20,794.338623046875
48820,9,11,5,23.5,15,23.5,15,794.90557861328125
48820,9,10,4,20,15,20,15,795.0889282226564
48820,9,6,4,17.5,17.5,17.5,17.5,795.3222045898436
48820,9,3,4,15,20,15,20,795.605224609375
48820,9,2,2,10,20,10,20,796.138916015625
48820,9,21,2,-5,25,-5,25,797.538818359375
48820,9,18,5,-15,30,-15,30,798.588623046875
48820,9,19,5,-25,25,-25,25,799.6046142578125
48820,9,24,5,-30,15,-30,15,800.73870849609375
48820,9,25,4,-25,15,-25,15,800.97210693359375
48820,9,22,4,-20,20,-20,20,802.3712158203125
48820,9,20,4,-15,25,-15,25,802.922119140625
48820,9,23,2,-10,20,-10,20,803.6209716796875
48820,9,27,1,-5,15,-5,15,804.238525390625
48820,9,26,4,-15,15,-15,15,804.97198486328125
48820,9,29,2,-20,10,-20,10,805.5045166015625
48820,9,31,2,-25,5,-25,5,806.10528564453125
48820,9,52,1,-20,-5,-20,-5,807.62188720703125
48820,9,54,1,-20,-10,-20,-10,808.02117919921875
48820,9,56,2,-25,-15,-25,-15,808.572021484375
48820,9,58,4,-30,-20,-30,-20,809.1209716796875
48820,9,62,4,-25,-25,-25,-25,809.688720703125
48820,9,65,4,-20,-30,-20,-30,810.27191162109375
48820,9,64,5,-30,-30,-30,-30,811.32171630859375
48820,9,59,4,-20,-20,-20,-20,812.688720703125
48820,9,63,2,-15,-25,-15,-25,813.221923828125
48820,9,51,5,10,-18.5,10,-18.5,815.80511474609375
48820,9,50,5,15,-15,15,-15,816.32171630859375
48820,9,45,5,18.5,-10,18.5,-10,816.83807373046875
48820,9,38,2,15,-5,15,-5,817.4882202148436
48820,9,35,1,10,-1.5,10,-1.5,818.0048217773436
48820,9,36,1,5,-5,5,-5,818.50518798828125
48820,9,41,1,1.5,-10,1.5,-10,818.97052001953125
48820,9,48,2,5,-15,5,-15,819.33831787109375
48820,9,49,4,10,-15,10,-15,819.7384033203125
48820,9,47,4,12.5,-12.5,12.5,-12.5,820.0206298828125
48820,9,44,4,15,-10,15,-10,820.3212280273436
48820,9,40,2,12.5,-7.5,12.5,-7.5,820.5706787109375
48820,9,39,2,7.5,-7.5,7.5,-7.5,820.9716186523436
48820,9,42,1,5,-10,5,-10,821.2373046875
48820,9,46,2,7.5,-12.5,7.5,-12.5,821.42120361328125
48820,9,51,5,10,-18.5,10,-18.5,821.9882202148436
48820,9,50,5,15,-15,15,-15,822.50457763671875
48820,9,43,4,10,-10,10,-10,823.0048828125
48820,9,38,2,15,-5,15,-5,823.6383056640625
48820,9,45,5,18.5,-10,18.5,-10,824.4882202148436
48820,9,37,1,10,-5,10,-5,825.4215087890625
48820,9,35,1,10,-1.5,10,-1.5,825.68817138671875
48820,9,17,1,15,6.5,15,6.5,826.68798828125
48820,9,16,2,17.5,12.5,20,10,827.22052001953125
48820,9,13,2,17.5,12.5,17.5,12.5,827.2382202148436
48820,9,10,4,20,15,20,15,827.48797607421875
48820,9,11,5,23.5,15,23.5,15,827.58831787109375
48820,9,6,4,17.5,17.5,17.5,17.5,827.9882202148436
48820,9,3,4,15,20,15,20,828.271484375
48820,9,1,5,15,23.5,15,23.5,828.5211181640625
48820,9,4,5,20,20,20,20,829.2871704101564
48820,9,2,2,10,20,10,20,830.28680419921875
48820,9,8,1,10,15,10,15,830.62152099609375
48820,9,12,2,12.5,12.5,12.5,12.5,830.83807373046875
48820,9,9,4,15,15,15,15,830.90472412109375
48820,9,5,2,12.5,17.5,12.5,17.5,831.2880249023436
48820,9,14,1,10,10,10,10,831.7706298828125
48820,9,35,1,10,-1.5,10,-1.5,833.12152099609375
48820,9,36,1,5,-5,5,-5,833.67041015625
48820,9,41,1,1.5,-10,1.5,-10,834.1204833984375
48820,9,48,2,5,-15,5,-15,834.5214233398436
48820,9,51,5,10,-18.5,10,-18.5,834.93798828125
48820,9,50,5,15,-15,15,-15,835.40411376953125
48820,9,45,5,18.5,-10,18.5,-10,835.9044189453125
48820,9,44,4,15,-10,15,-10,836.3380126953125
48820,9,40,2,12.5,-7.5,12.5,-7.5,836.50347900390625
48820,9,43,4,10,-10,10,-10,836.7047119140625
48820,9,39,2,7.5,-7.5,7.5,-7.5,836.9202880859375
48820,9,42,1,5,-10,5,-10,837.18792724609375
48820,9,46,2,7.5,-12.5,7.5,-12.5,837.3046875
48820,9,47,4,12.5,-12.5,12.5,-12.5,837.6699829101564
48820,9,38,2,15,-5,15,-5,838.43682861328125
48820,9,37,1,10,-5,10,-5,838.78790283203125
48820,9,35,1,10,-1.5,10,-1.5,839.1046142578125
48820,9,17,1,15,6.5,15,6.5,840.00372314453125
48820,9,14,1,10,10,10,10,840.52001953125
48820,9,8,1,10,15,10,15,840.90386962890625
48820,9,5,2,12.5,17.5,12.5,17.5,841.17120361328125
48820,9,3,4,15,20,15,20,841.42022705078125
48820,9,1,5,15,23.5,15,23.5,841.73748779296875
48820,9,4,5,20,20,20,20,842.18780517578125
48820,9,11,5,23.5,15,23.5,15,842.7213134765625
48820,9,10,4,20,15,20,15,842.92120361328125
48820,9,6,4,17.5,17.5,17.5,17.5,843.3712158203125
48820,9,9,4,15,15,15,15,843.4044189453125
48820,9,12,2,12.5,12.5,12.5,12.5,846.03680419921875
48820,9,14,1,10,10,10,10,846.3709716796875
48820,9,33,1,-5,5,-5,5,847.7874755859375
48820,9,30,2,-10,10,-10,10,848.2877197265625
48820,9,26,4,-15,15,-15,15,848.82098388671875
48820,9,22,4,-20,20,-20,20,849.4210205078125
48820,9,19,5,-25,25,-25,25,849.98651123046875
48820,9,18,5,-15,30,-15,30,850.9199829101564
48820,9,20,4,-15,25,-15,25,851.1865844726564
48820,9,12,2,12.5,12.5,12.5,12.5,854.27032470703125
48820,9,9,4,15,15,15,15,854.469970703125
48820,9,13,2,17.5,12.5,17.5,12.5,854.6876220703125
48820,9,10,4,20,15,20,15,854.8709716796875
48820,9,11,5,23.5,15,23.5,15,855.1378173828125
48820,9,4,5,20,20,20,20,855.5875244140625
48820,9,6,4,17.5,17.5,17.5,17.5,855.63671875
48820,9,3,4,15,20,15,20,855.95391845703125
48820,9,1,5,15,23.5,15,23.5,856.02032470703125
48820,9,2,2,10,20,10,20,856.63787841796875
48820,9,8,1,10,15,10,15,857.17022705078125
48820,9,5,2,12.5,17.5,12.5,17.5,857.28741455078125
48820,9,15,1,15,10,15,10,857.73651123046875
48820,9,17,1,15,6.5,15,6.5,858.12060546875
48820,9,35,1,10,-1.5,10,-1.5,859.019775390625
48820,9,38,2,15,-5,15,-5,859.48748779296875
48820,9,45,5,18.5,-10,18.5,-10,859.9041748046875
48820,9,44,4,15,-10,15,-10,860.1876220703125
48820,9,50,5,15,-15,15,-15,860.35400390625
48820,9,47,4,12.5,-12.5,12.5,-12.5,860.4708251953125
48820,9,49,4,10,-15,10,-15,860.7374267578125
48820,9,51,5,10,-18.5,10,-18.5,860.81982421875
48820,9,48,2,5,-15,5,-15,861.36981201171875
48820,9,46,2,7.5,-12.5,7.5,-12.5,861.5875244140625
48820,9,43,4,10,-10,10,-10,861.8043212890625
48820,9,40,2,12.5,-7.5,12.5,-7.5,862.136474609375
48820,9,37,1,10,-5,10,-5,862.3873291015625
48820,9,39,2,7.5,-7.5,7.5,-7.5,862.52081298828125
48820,9,42,1,5,-10,5,-10,862.81982421875
48820,9,61,1,-5,-20,-5,-20,864.003173828125
48820,9,65,4,-20,-30,-20,-30,865.6204833984375
48820,9,62,4,-25,-25,-25,-25,866.12060546875
48820,9,64,5,-30,-30,-30,-30,866.53741455078125
48820,9,58,4,-30,-20,-30,-20,867.7030029296875
48820,9,56,2,-25,-15,-25,-15,868.18731689453125
48820,9,59,4,-20,-20,-20,-20,868.92071533203125
48820,9,63,2,-15,-25,-15,-25,869.53662109375
48820,9,51,5,10,-18.5,10,-18.5,871.88720703125
48820,9,49,4,10,-15,10,-15,872.13671875
48820,9,43,4,12.5,-12.5,10,-10,872.42071533203125
48820,9,47,4,12.5,-12.5,12.5,-12.5,872.4365234375
48820,9,44,4,15,-10,15,-10,872.7371826171875
48820,9,45,5,18.5,-10,18.5,-10,872.87060546875
48820,9,38,2,15,-5,15,-5,873.3861083984375
48820,9,37,1,10,-5,10,-5,873.90277099609375
48820,9,39,2,7.5,-7.5,7.5,-7.5,874.13720703125
48820,10,34,2,-15,0,-15,0,1025.5999755859375
48820,10,64,2,-30,-30,-30,-30,1032.5670166015625
48820,10,65,2,-20,-30,-20,-30,1033.583984375
48820,10,66,2,-10,-30,-10,-30,1034.4339599609375
48820,10,51,2,10,-18.5,10,-18.5,1037.9830322265625
48820,10,49,2,10,-15,10,-15,1038.0999755859375
48820,10,47,2,12.5,-12.5,12.5,-12.5,1038.4010009765625
48820,10,44,2,15,-10,15,-10,1038.699951171875
48820,10,40,2,12.5,-7.5,12.5,-7.5,1039.1839599609375
48820,10,35,2,10,-1.5,10,-1.5,1039.615966796875
48820,10,36,2,5,-5,5,-5,1040.0670166015625
48820,10,41,2,1.5,-10,1.5,-10,1040.550048828125
48820,10,42,2,5,-10,5,-10,1040.9000244140625
48820,10,46,2,7.5,-12.5,7.5,-12.5,1041.050048828125
48820,10,43,2,10,-10,10,-10,1041.2669677734375
48820,10,37,2,10,-5,10,-5,1041.6839599609375
48820,10,17,2,15,6.5,15,6.5,1042.7840576171875
48820,10,16,2,20,10,20,10,1043.3170166015625
48820,10,11,2,23.5,15,23.5,15,1043.782958984375
48820,10,4,2,20,20,20,20,1044.217041015625
48820,10,3,2,15,20,15,20,1044.6669921875
48820,10,5,2,12.5,17.5,12.5,17.5,1044.9169921875
48820,10,9,2,15,15,15,15,1045.0670166015625
48820,10,12,2,12.5,12.5,12.5,12.5,1048.0670166015625
48820,10,8,2,10,15,10,15,1048.199951171875
48820,10,7,2,6.5,15,6.5,15,1048.5
48820,10,9,2,15,15,15,15,1050.449951171875
48820,10,6,2,17.5,17.5,17.5,17.5,1051.800048828125
48820,10,3,2,15,20,15,20,1052
48820,10,1,2,15,23.5,15,23.5,1052.2840576171875
48820,10,5,2,12.5,17.5,12.5,17.5,1052.967041015625
48820,10,12,2,12.5,12.5,12.5,12.5,1053.3819580078125
48820,10,15,2,15,10,15,10,1053.5999755859375
48820,10,17,2,15,6.5,15,6.5,1053.883056640625
48820,10,8,2,10,15,10,15,1054.550048828125
48820,10,7,2,6.5,15,6.5,15,1054.8160400390625
48820,10,28,2,0,15,0,15,1055.4000244140625
48820,10,27,2,-5,15,-5,15,1055.8170166015625
48820,10,26,2,-15,15,-15,15,1056.6829833984375
48820,10,25,2,-25,15,-25,15,1057.5
48820,10,24,2,-30,15,-30,15,1057.9329833984375
48820,10,29,2,-20,10,-20,10,1058.75
48820,10,32,2,-15,5,-15,5,1059.3170166015625
48820,10,34,2,-15,0,-15,0,1059.8160400390625
48820,10,52,2,-20,-5,-20,-5,1060.4169921875
48820,10,39,2,7.5,-7.5,7.5,-7.5,1062.866943359375
48820,10,35,2,10,-1.5,10,-1.5,1063.532958984375
48820,10,37,2,10,-5,10,-5,1063.865966796875
48820,10,40,2,12.5,-7.5,12.5,-7.5,1064.0670166015625
48820,10,43,2,10,-10,10,-10,1064.2669677734375
48820,10,44,2,15,-10,15,-10,1064.449951171875
48820,10,38,2,15,-5,15,-5,1064.75
48820,10,42,2,5,-10,5,-10,1065.7669677734375
48820,10,41,2,1.5,-10,1.5,-10,1066.08203125
48820,10,48,2,5,-15,5,-15,1066.3330078125
48820,10,49,2,10,-15,10,-15,1066.633056640625
48820,10,47,2,12.5,-12.5,12.5,-12.5,1066.883056640625
48820,10,45,2,18.5,-10,18.5,-10,1067.8499755859375
48820,10,50,2,15,-15,15,-15,1068.1500244140625
48820,10,51,2,10,-18.5,10,-18.5,1068.666015625
48820,10,60,2,-10,-20,-10,-20,1070.366943359375
48820,10,61,2,-5,-20,-5,-20,1071.7989501953125
48820,10,41,2,1.5,-10,1.5,-10,1072.6829833984375
48820,10,36,2,5,-5,5,-5,1073.197998046875
48820,10,35,2,10,-1.5,10,-1.5,1073.7659912109375
48820,10,38,2,15,-5,15,-5,1074.3330078125
48820,10,45,2,18.5,-10,18.5,-10,1074.8489990234375
48820,10,50,2,15,-15,15,-15,1075.3489990234375
48820,10,51,2,10,-18.5,10,-18.5,1075.8330078125
48820,10,48,2,5,-15,5,-15,1076.300048828125
48820,10,42,2,5,-10,5,-10,1076.7490234375
48820,10,39,2,7.5,-7.5,7.5,-7.5,1076.9990234375
48820,10,37,2,10,-5,10,-5,1077.282958984375
48820,10,44,2,15,-10,15,-10,1078.0660400390625
48820,10,47,2,12.5,-12.5,12.5,-12.5,1078.365966796875
48820,10,43,2,10,-10,10,-10,1078.531982421875
48820,10,46,2,7.5,-12.5,7.5,-12.5,1078.75
48820,10,17,2,15,6.5,15,6.5,1080.9659423828125
48820,10,15,2,15,10,15,10,1081.166015625
48820,10,13,2,17.5,12.5,17.5,12.5,1081.448974609375
48820,10,10,2,20,15,20,15,1081.75
48820,10,11,2,23.5,15,23.5,15,1081.9649658203125
48820,10,4,2,20,20,20,20,1082.865966796875
48820,10,6,2,17.5,17.5,17.5,17.5,1083.1650390625
48820,10,9,2,15,15,15,15,1083.448974609375
48820,10,12,2,12.5,12.5,12.5,12.5,1083.75
48820,10,14,2,10,10,10,10,1084.0479736328125
48820,10,8,2,10,15,10,15,1084.89794921875
48820,10,5,2,12.5,17.5,12.5,17.5,1085.198974609375
48820,10,3,2,15,20,15,20,1085.5
48820,10,1,2,15,23.5,15,23.5,1085.9659423828125
48820,10,2,2,10,20,10,20,1086.4320068359375
48820,10,7,2,6.5,15,6.5,15,1086.9329833984375
48820,10,33,2,-5,5,-5,5,1088.1829833984375
48820,10,54,2,-20,-10,-20,-10,1089.948974609375
48820,10,56,2,-25,-15,-25,-15,1090.5489501953125
48820,10,58,2,-30,-20,-30,-20,1091.1319580078125
48820,10,62,2,-25,-25,-25,-25,1092.2989501953125
48820,10,59,2,-20,-20,-20,-20,1092.9329833984375
48820,10,57,2,-15,-15,-15,-15,1093.4990234375
48820,10,55,2,-10,-10,-10,-10,1094.0989990234375
48820,10,60,2,-10,-20,-10,-20,1095.4990234375
48820,10,63,2,-15,-25,-15,-25,1096.0830078125
48820,10,65,2,-20,-30,-20,-30,1096.666015625
48820,10,66,2,-10,-30,-10,-30,1097.4990234375
48820,10,61,2,-5,-20,-5,-20,1098.531005859375
48820,10,41,2,1.5,-10,1.5,-10,1099.6820068359375
48820,10,36,2,5,-5,5,-5,1100.1490478515625
48820,10,35,2,10,-1.5,10,-1.5,1100.6820068359375
48820,10,38,2,15,-5,15,-5,1101.448974609375
48820,10,50,2,15,-15,15,-15,1102.7659912109375
48820,10,37,2,10,-5,10,-5,1104.666015625
48820,10,46,2,7.5,-12.5,7.5,-12.5,1106.3330078125
48820,10,17,2,15,6.5,15,6.5,1113.5980224609375
48820,10,7,2,6.5,15,6.5,15,1118.14794921875
48820,10,8,2,10,15,10,15,1118.4320068359375
48820,10,5,2,12.5,17.5,12.5,17.5,1118.698974609375
48820,10,3,2,15,20,15,20,1118.998046875
48820,10,50,2,15,-15,15,-15,1127.89794921875
48820,10,51,2,10,-18.5,10,-18.5,1128.4320068359375
48820,10,48,2,5,-15,5,-15,1128.998046875
48820,10,42,2,5,-10,5,-10,1129.4310302734375
48820,10,39,2,7.5,-7.5,7.5,-7.5,1129.5810546875
48820,10,36,2,5,-5,5,-5,1129.781982421875
48820,10,17,2,15,6.5,15,6.5,1130.998046875
48820,10,11,2,23.5,15,23.5,15,1131.9990234375
48820,10,10,2,20,15,20,15,1132.7650146484375
48820,10,15,2,15,10,15,10,1133.6650390625
48820,10,1,2,15,23.5,15,23.5,1136.2640380859375
48820,10,2,2,10,20,10,20,1136.7650146484375
48820,10,7,2,6.5,15,6.5,15,1137.281982421875
48820,10,8,2,10,15,10,15,1137.531005859375
48820,10,5,2,12.5,17.5,12.5,17.5,1137.781982421875
48820,10,3,2,15,20,15,20,1138.08203125
48820,10,10,2,20,15,20,15,1139.23095703125
48820,10,13,2,17.5,12.5,17.5,12.5,1139.530029296875
48820,10,15,2,15,10,15,10,1139.7979736328125
48820,10,17,2,15,6.5,15,6.5,1140.5970458984375
48820,10,16,2,20,10,20,10,1141.08203125
48820,10,11,2,23.5,15,23.5,15,1141.58203125
48820,10,4,2,20,20,20,20,1142.3310546875
48820,10,6,2,17.5,17.5,17.5,17.5,1142.64794921875
48820,10,9,2,15,15,15,15,1142.9649658203125
48820,10,12,2,12.5,12.5,12.5,12.5,1143.248046875
48820,10,14,2,10,10,10,10,1143.5479736328125
48820,10,37,2,10,-5,10,-5,1145.364013671875
48820,10,40,2,12.5,-7.5,12.5,-7.5,1145.6639404296875
48820,10,44,2,15,-10,15,-10,1145.947998046875
48820,10,45,2,18.5,-10,18.5,-10,1146.3480224609375
48820,10,38,2,15,-5,15,-5,1146.8480224609375
48820,10,35,2,10,-1.5,10,-1.5,1147.3480224609375
48820,10,36,2,5,-5,5,-5,1148.248046875
48820,10,39,2,7.5,-7.5,7.5,-7.5,1148.498046875
48820,10,43,2,10,-10,10,-10,1148.7979736328125
48820,10,47,2,12.5,-12.5,12.5,-12.5,1149.0970458984375
48820,10,50,2,15,-15,15,-15,1149.39794921875
48820,10,51,2,10,-18.5,10,-18.5,1149.8480224609375
48820,10,49,2,10,-15,10,-15,1149.8819580078125
48820,10,46,2,7.5,-12.5,7.5,-12.5,1150.197021484375
48820,10,42,2,5,-10,5,-10,1150.498046875
48820,10,41,2,1.5,-10,1.5,-10,1150.781005859375
48820,10,48,2,5,-15,5,-15,1151.531005859375
48820,10,61,2,-5,-20,-5,-20,1152.748046875
48820,10,63,2,-15,-25,-15,-25,1153.697998046875
48820,10,65,2,-20,-30,-20,-30,1154.2979736328125
48820,10,62,2,-25,-25,-25,-25,1155.23095703125
48820,10,59,2,-20,-20,-20,-20,1155.7979736328125
48820,10,57,2,-15,-15,-15,-15,1156.3809814453125
48820,10,55,2,-10,-10,-10,-10,1156.98095703125
48820,10,41,2,1.5,-10,1.5,-10,1158.23095703125
48820,10,42,2,5,-10,5,-10,1158.4969482421875
48820,10,46,2,5,-15,7.5,-12.5,1158.780029296875
48820,10,48,2,5,-15,5,-15,1158.7979736328125
48820,10,49,2,10,-15,10,-15,1159.0810546875
48820,10,51,2,10,-18.5,10,-18.5,1159.23095703125
48820,10,50,2,15,-15,15,-15,1159.5980224609375
48820,10,47,2,12.5,-12.5,12.5,-12.5,1159.7650146484375
48820,10,43,2,10,-10,10,-10,1160.06396484375
48820,10,39,2,7.5,-7.5,7.5,-7.5,1160.364990234375
48820,10,36,2,5,-5,5,-5,1160.6650390625
48820,10,35,2,10,-1.5,10,-1.5,1161.031005859375
48820,10,38,2,15,-5,15,-5,1161.64794921875
48820,10,45,2,18.5,-10,18.5,-10,1162.197021484375
48820,10,44,2,15,-10,15,-10,1162.498046875
48820,10,40,2,12.5,-7.5,12.5,-7.5,1162.7650146484375
48820,10,37,2,10,-5,10,-5,1163.0479736328125
48820,10,17,2,15,6.5,15,6.5,1164.39794921875
48820,10,15,2,15,10,15,10,1164.5799560546875
48820,10,13,2,17.5,12.5,17.5,12.5,1164.8809814453125
48820,10,10,2,20,15,20,15,1165.1810302734375
48820,10,11,2,23.5,15,23.5,15,1165.39794921875
48820,10,4,2,20,20,20,20,1166.06396484375
48820,10,6,2,17.5,17.5,17.5,17.5,1166.3480224609375
48820,10,9,2,15,15,15,15,1166.64697265625
48820,10,12,2,12.5,12.5,12.5,12.5,1166.947998046875
48820,10,14,2,10,10,10,10,1167.248046875
48820,10,1,2,15,23.5,15,23.5,1169.0479736328125
48820,10,2,2,10,20,10,20,1169.5479736328125
48820,10,7,2,6.5,15,6.5,15,1170.031005859375
48820,10,35,2,10,-1.5,10,-1.5,1171.780029296875
48820,10,37,2,10,-5,10,-5,1172.06396484375
48820,10,40,2,12.5,-7.5,12.5,-7.5,1172.3470458984375
48820,10,38,2,15,-5,15,-5,1172.3809814453125
48820,10,44,2,15,-10,15,-10,1172.64794921875
48820,10,45,2,18.5,-10,18.5,-10,1172.7969970703125
48820,10,50,2,15,-15,15,-15,1173.1639404296875
48820,10,51,2,10,-18.5,10,-18.5,1173.64697265625
48820,10,48,2,5,-15,5,-15,1174.030029296875
48820,10,41,2,1.5,-10,1.5,-10,1174.4969482421875
48820,10,36,2,5,-5,5,-5,1175.0469970703125
48820,10,39,2,7.5,-7.5,7.5,-7.5,1175.31396484375
48820,10,43,2,10,-10,10,-10,1175.5980224609375
48820,10,47,2,12.5,-12.5,12.5,-12.5,1175.8800048828125
48820,10,46,2,7.5,-12.5,7.5,-12.5,1176.0479736328125
48820,10,42,2,5,-10,5,-10,1176.8470458984375
48820,10,17,2,15,6.5,15,6.5,1178.5799560546875
48820,10,15,2,15,10,15,10,1178.8470458984375
48820,10,16,2,20,10,20,10,1179.14697265625
48820,10,10,2,20,15,20,15,1179.4310302734375
48820,10,11,2,23.5,15,23.5,15,1179.5810546875
48820,10,4,2,20,20,20,20,1180.7469482421875
48820,10,6,2,17.5,17.5,17.5,17.5,1181.031005859375
48820,10,9,2,15,15,15,15,1181.3310546875
48820,10,12,2,12.5,12.5,12.5,12.5,1181.613037109375
48820,10,14,2,10,10,10,10,1181.89697265625
48820,10,1,2,15,23.5,15,23.5,1184.2979736328125
48820,10,2,2,10,20,10,20,1184.7969970703125
48820,10,7,2,6.5,15,6.5,15,1185.281005859375
48820,10,35,2,10,-1.5,10,-1.5,1186.89599609375
48820,10,37,2,10,-5,10,-5,1187.197021484375
48820,10,40,2,12.5,-7.5,12.5,-7.5,1187.4969482421875
48820,10,38,2,15,-5,15,-5,1187.530029296875
48820,10,44,2,15,-10,15,-10,1187.781005859375
48820,10,45,2,18.5,-10,18.5,-10,1187.947021484375
48820,10,50,2,15,-15,15,-15,1188.39599609375
48820,10,49,2,10,-15,10,-15,1188.864013671875
48820,10,46,2,7.5,-12.5,7.5,-12.5,1189.1309814453125
48820,10,42,2,5,-10,5,-10,1189.4300537109375
48820,10,41,2,1.5,-10,1.5,-10,1189.72998046875
48820,10,36,2,5,-5,5,-5,1190.2469482421875
48820,10,39,2,7.5,-7.5,7.5,-7.5,1190.5140380859375
48820,10,43,2,10,-10,10,-10,1190.81396484375
48820,10,47,2,12.5,-12.5,12.5,-12.5,1191.095947265625
48820,10,51,2,10,-18.5,10,-18.5,1191.9310302734375
48820,10,48,2,5,-15,5,-15,1192.364013671875
48820,10,61,2,-5,-20,-5,-20,1193.3809814453125
48820,10,60,2,-10,-20,-10,-20,1193.8299560546875
48820,10,59,2,-20,-20,-20,-20,1194.6639404296875
48820,10,58,2,-30,-20,-30,-20,1195.5140380859375
48820,10,64,2,-30,-30,-30,-30,1196.5799560546875
48820,10,65,2,-20,-30,-20,-30,1197.8470458984375
48820,10,66,2,-10,-30,-10,-30,1198.6810302734375
48820,10,63,2,-15,-25,-15,-25,1199.2139892578125
48820,10,60,2,-10,-20,-10,-20,1199.530029296875
48820,10,36,2,5,-5,5,-5,1201.2640380859375
48820,10,17,2,15,6.5,15,6.5,1202.530029296875
48820,10,16,2,20,10,20,10,1203.0469970703125
48820,10,11,2,23.5,15,23.5,15,1203.530029296875
48820,10,4,2,20,20,20,20,1204.4139404296875
48820,10,6,2,17.5,17.5,17.5,17.5,1204.64697265625
48820,10,9,2,15,15,15,15,1204.946044921875
48820,10,12,2,12.5,12.5,12.5,12.5,1205.2459716796875
48820,10,14,2,10,10,10,10,1205.5460205078125
48820,10,15,2,15,10,15,10,1205.9959716796875
48820,10,13,2,17.5,12.5,17.5,12.5,1206.31298828125
48820,10,10,2,20,15,20,15,1206.5799560546875
48820,10,1,2,15,23.5,15,23.5,1207.6800537109375
48820,10,8,2,10,15,10,15,1208.64697265625
48820,10,7,2,6.5,15,6.5,15,1209.22998046875
48820,10,2,2,10,20,10,20,1209.4300537109375
48820,10,4,2,20,20,20,20,1210.5799560546875
48820,10,6,2,17.5,17.5,17.5,17.5,1211.1800537109375
48820,10,9,2,15,15,15,15,1211.364013671875
48820,10,14,2,10,10,10,10,1212.14599609375
48820,10,12,2,12.5,12.5,12.5,12.5,1212.364013671875
48820,10,15,2,15,10,15,10,1212.4300537109375
48820,10,13,2,17.5,12.5,17.5,12.5,1212.6639404296875
48820,10,10,2,20,15,20,15,1212.9639892578125
48820,10,11,2,23.5,15,23.5,15,1213.446044921875
48820,10,16,2,20,10,20,10,1213.9300537109375
48820,10,17,2,15,6.5,15,6.5,1214.363037109375
48820,10,7,2,6.5,15,6.5,15,1215.345947265625
48820,10,8,2,10,15,10,15,1215.446044921875
48820,10,5,2,12.5,17.5,12.5,17.5,1215.7459716796875
48820,10,3,2,15,20,15,20,1216.030029296875
48820,10,1,2,15,23.5,15,23.5,1216.2459716796875
48820,10,2,2,10,20,10,20,1216.780029296875
48820,10,6,2,17.5,17.5,17.5,17.5,1217.72998046875
48820,10,4,2,20,20,20,20,1218.0469970703125
48820,10,14,2,10,10,10,10,1219.530029296875
48820,10,15,2,15,10,15,10,1219.9300537109375
48820,10,13,2,17.5,12.5,17.5,12.5,1220.14599609375
48820,10,10,2,20,15,20,15,1220.447021484375
48820,10,11,2,23.5,15,23.5,15,1220.8800048828125
48820,10,16,2,20,10,20,10,1221.3470458984375
48820,10,17,2,15,6.5,15,6.5,1221.81298828125
48820,10,12,2,12.5,12.5,12.5,12.5,1222.362060546875
48820,10,9,2,15,15,15,15,1222.6800537109375
48820,10,3,2,15,20,15,20,1223.0469970703125
