subject,level,obj_ID,point_value,x,y,new_x,new_y,time
48934,1,34,2,15,-6.5,15,-6.5,655.2122802734375
48934,1,32,2,15,-10,15,-10,655.3792724609375
48934,1,29,2,12.5,-12.5,12.5,-12.5,655.601318359375
48934,1,26,2,15,-15,15,-15,655.8013916015625
48934,1,22,2,12.5,-17.5,12.5,-17.5,656.001220703125
48934,1,24,2,6.5,-15,6.5,-15,656.4019775390625
48934,1,31,2,10,-10,10,-10,656.85687255859375
48934,1,23,2,17.5,-17.5,17.5,-17.5,657.5347900390625
48934,1,21,2,20,-20,20,-20,657.81231689453125
48934,1,19,2,15,-20,15,-20,658.41229248046875
48934,1,30,2,17.5,-12.5,17.5,-12.5,658.9794921875
48934,1,33,2,20,-10,20,-10,659.30108642578125
48934,1,28,2,23.5,-15,23.5,-15,659.4345703125
48934,1,20,2,10,-20,10,-20,660.657470703125
48934,1,18,2,15,-23.5,15,-23.5,661.1790771484375
48934,1,26,2,15,-15,15,-15,662.1121826171875
48934,1,29,2,12.5,-12.5,12.5,-12.5,662.41229248046875
48934,1,31,2,10,-10,10,-10,662.71221923828125
48934,1,24,2,6.5,-15,6.5,-15,663.0120849609375
48934,1,58,2,-6.5,-15,-6.5,-15,664.056884765625
48934,1,59,2,-10,-15,-10,-15,664.35687255859375
48934,1,56,2,-12.5,-17.5,-12.5,-17.5,664.55657958984375
48934,1,60,2,-15,-15,-15,-15,664.77911376953125
48934,1,64,2,-17.5,-12.5,-17.5,-12.5,665.07952880859375
48934,1,61,2,-20,-15,-20,-15,665.2344970703125
48934,1,63,2,-12.5,-12.5,-12.5,-12.5,665.67889404296875
48934,1,65,2,-10,-10,-10,-10,666.15667724609375
48934,1,66,2,-15,-10,-15,-10,666.3787841796875
48934,1,68,2,-15,-6.5,-15,-6.5,666.5123291015625
48934,1,67,2,-20,-10,-20,-10,666.93438720703125
48934,1,62,2,-23.5,-15,-23.5,-15,667.65667724609375
48934,1,55,2,-20,-20,-20,-20,668.2349853515625
48934,1,52,2,-15,-23.5,-15,-23.5,668.7786865234375
48934,1,53,2,-15,-20,-15,-20,668.95672607421875
48934,1,57,2,-17.5,-17.5,-17.5,-17.5,669.234375
48934,1,56,2,-12.5,-17.5,-12.5,-17.5,669.734375
48934,1,63,2,-12.5,-12.5,-12.5,-12.5,670.83441162109375
48934,1,59,2,-15,-15,-10,-15,671.20098876953125
48934,1,60,2,-15,-15,-15,-15,671.2125244140625
48934,1,66,2,-15,-10,-15,-10,672.434326171875
48934,1,68,2,-15,-6.5,-15,-6.5,672.6563720703125
48934,1,51,2,-15,6.5,-15,6.5,673.90087890625
48934,1,49,2,-15,10,-15,10,674.21258544921875
48934,1,46,2,-12.5,12.5,-12.5,12.5,674.43487548828125
48934,1,43,2,-15,15,-15,15,674.63427734375
48934,1,47,2,-17.5,12.5,-17.5,12.5,674.7786865234375
48934,1,40,2,-17.5,17.5,-17.5,17.5,674.93438720703125
48934,1,44,2,-20,15,-20,15,674.97857666015625
48934,1,36,2,-15,20,-15,20,675.3787841796875
48934,1,35,2,-15,23.5,-15,23.5,675.53448486328125
48934,1,37,2,-10,20,-10,20,675.9119873046875
48934,1,39,2,-12.5,17.5,-12.5,17.5,676.31201171875
48934,1,42,2,-10,15,-10,15,676.356689453125
48934,1,48,2,-10,10,-10,10,676.93408203125
48934,1,41,2,-6.5,15,-6.5,15,677.23419189453125
48934,1,14,2,10,10,10,10,678.956787109375
48934,1,15,2,15,10,15,10,680.13421630859375
48934,1,12,2,12.5,12.5,12.5,12.5,680.43408203125
48934,1,9,2,15,15,15,15,680.834228515625
48934,1,5,2,12.5,17.5,12.5,17.5,680.85662841796875
48934,1,6,2,17.5,17.5,17.5,17.5,681.11248779296875
48934,1,2,2,15,20,15,20,681.1348876953125
48934,1,1,2,15,23.5,15,23.5,681.47857666015625
48934,1,3,2,10,20,10,20,681.8568115234375
48934,1,8,2,10,15,10,15,682.30078125
48934,1,13,2,17.5,12.5,17.5,12.5,683.35638427734375
48934,1,11,2,23.5,15,23.5,15,683.91241455078125
48934,1,16,2,20,10,20,10,685.333984375
48934,1,17,2,15,6.5,15,6.5,686.0792236328125
48934,1,14,2,10,10,10,10,686.57867431640625
48934,1,12,2,12.5,12.5,12.5,12.5,686.70098876953125
48934,1,9,2,15,15,15,15,686.934326171875
48934,1,5,2,15,20,12.5,17.5,687.40087890625
48934,1,2,2,15,20,15,20,687.41229248046875
48934,1,3,2,10,20,10,20,687.67828369140625
48934,1,7,2,6.5,15,6.5,15,688.51177978515625
48934,1,8,2,10,15,10,15,688.600830078125
48934,1,31,2,10,-10,10,-10,691.21197509765625
48934,1,29,2,15,-10,12.5,-12.5,691.50079345703125
48934,1,32,2,15,-10,15,-10,691.51177978515625
48934,1,26,2,15,-15,15,-15,691.77838134765625
48934,1,19,2,15,-20,15,-20,692.23388671875
48934,1,18,2,15,-23.5,15,-23.5,692.556396484375
48934,1,20,2,10,-20,10,-20,692.97857666015625
48934,1,25,2,10,-15,10,-15,693.3563232421875
48934,1,24,2,6.5,-15,6.5,-15,693.51177978515625
48934,1,58,2,-6.5,-15,-6.5,-15,694.63397216796875
48934,1,59,2,-10,-15,-10,-15,694.93377685546875
48934,1,60,2,-15,-15,-15,-15,695.35662841796875
48934,1,61,2,-20,-15,-20,-15,695.75628662109375
48934,1,57,2,-17.5,-17.5,-17.5,-17.5,696.80047607421875
48934,1,53,2,-15,-20,-15,-20,696.87841796875
48934,1,52,2,-15,-23.5,-15,-23.5,698.00067138671875
48934,1,56,2,-12.5,-17.5,-12.5,-17.5,698.53411865234375
48934,1,54,2,-10,-20,-10,-20,698.80047607421875
48934,1,63,2,-12.5,-12.5,-12.5,-12.5,699.6337890625
48934,1,66,2,-15,-10,-15,-10,699.93408203125
48934,1,64,2,-17.5,-12.5,-17.5,-12.5,700.17852783203125
48934,1,67,2,-20,-10,-20,-10,700.53387451171875
48934,1,68,2,-15,-6.5,-15,-6.5,701.13397216796875
48934,1,65,2,-10,-10,-10,-10,701.5560302734375
48934,1,59,2,-10,-15,-10,-15,702.10028076171875
48934,1,60,2,-15,-15,-15,-15,702.50048828125
48934,1,57,2,-17.5,-17.5,-17.5,-17.5,702.71148681640625
48934,1,61,2,-20,-15,-20,-15,702.93377685546875
48934,1,62,2,-23.5,-15,-23.5,-15,703.211669921875
48934,1,55,2,-20,-20,-20,-20,703.80047607421875
48934,1,52,2,-15,-23.5,-15,-23.5,704.33447265625
48934,1,53,2,-15,-20,-15,-20,704.47808837890625
48934,1,56,2,-12.5,-17.5,-12.5,-17.5,704.7564697265625
48934,1,54,2,-10,-20,-10,-20,705.20062255859375
48934,1,25,2,10,-15,10,-15,707.03399658203125
48934,1,29,2,12.5,-12.5,12.5,-12.5,707.33367919921875
48934,1,32,2,15,-10,15,-10,707.6121826171875
48934,1,34,2,15,-6.5,15,-6.5,707.93377685546875
48934,1,26,2,15,-15,15,-15,708.71148681640625
48934,1,22,2,12.5,-17.5,12.5,-17.5,708.756591796875
48934,1,23,2,17.5,-17.5,17.5,-17.5,709.00042724609375
48934,1,19,2,15,-20,15,-20,709.03369140625
48934,1,18,2,15,-23.5,15,-23.5,709.3560791015625
48934,1,20,2,10,-20,10,-20,709.61151123046875
48934,1,27,2,20,-15,20,-15,710.55621337890625
48934,1,28,2,23.5,-15,23.5,-15,710.677978515625
48934,1,30,2,17.5,-12.5,17.5,-12.5,710.95599365234375
48934,1,17,2,15,6.5,15,6.5,712.61151123046875
48934,1,15,2,15,10,15,10,712.911376953125
48934,1,9,2,15,15,15,15,713.33367919921875
48934,1,2,2,15,20,15,20,713.73388671875
48934,1,1,2,15,23.5,15,23.5,714.03387451171875
48934,1,3,2,10,20,10,20,714.51177978515625
48934,1,8,2,10,15,10,15,715.0557861328125
48934,1,12,2,12.5,12.5,12.5,12.5,715.333984375
48934,1,14,2,10,10,10,10,715.60107421875
48934,1,7,2,6.5,15,6.5,15,716.00018310546875
48934,1,41,2,-6.5,15,-6.5,15,717.03363037109375
48934,1,42,2,-10,15,-10,15,717.33349609375
48934,1,39,2,-12.5,17.5,-12.5,17.5,717.534423828125
48934,1,36,2,-15,20,-15,20,717.83349609375
48934,1,37,2,-10,20,-10,20,718.0341796875
48934,1,35,2,-15,23.5,-15,23.5,718.21142578125
48934,1,38,2,-20,20,-20,20,718.67791748046875
48934,1,45,2,-23.5,15,-23.5,15,719.1558837890625
48934,1,44,2,-20,15,-20,15,719.311279296875
48934,1,47,2,-17.5,12.5,-17.5,12.5,719.53369140625
48934,1,50,2,-20,10,-20,10,719.85577392578125
48934,1,49,2,-15,10,-15,10,720.43402099609375
48934,1,48,2,-10,10,-10,10,720.8563232421875
48934,1,46,2,-12.5,12.5,-12.5,12.5,721.100830078125
48934,1,43,2,-15,15,-15,15,721.4005126953125
48934,1,40,2,-17.5,17.5,-17.5,17.5,721.67791748046875
48934,1,37,2,-10,20,-10,20,723.0557861328125
48934,1,39,2,-12.5,17.5,-12.5,17.5,723.1339111328125
48934,1,42,2,-10,15,-10,15,723.20068359375
48934,1,41,2,-6.5,15,-6.5,15,723.8563232421875
48934,1,36,2,-15,20,-15,20,724.8001708984375
48934,1,35,2,-15,23.5,-15,23.5,725.10028076171875
48934,1,38,2,-20,20,-20,20,725.6005859375
48934,1,44,2,-20,15,-20,15,726.0557861328125
48934,1,47,2,-17.5,12.5,-17.5,12.5,726.40008544921875
48934,1,46,2,-12.5,12.5,-12.5,12.5,726.833984375
48934,1,48,2,-10,10,-10,10,727.07843017578125
48934,1,51,2,-15,6.5,-15,6.5,727.3560791015625
48934,1,50,2,-20,10,-20,10,727.8223266601564
48934,1,45,2,-23.5,15,-23.5,15,728.32281494140625
48934,1,43,2,-15,15,-15,15,729.01171875
48934,1,42,2,-10,15,-10,15,729.43402099609375
48934,1,39,2,-12.5,17.5,-12.5,17.5,729.45538330078125
48934,1,36,2,-15,20,-15,20,729.81109619140625
48934,1,35,2,-15,23.5,-15,23.5,730.13348388671875
48934,1,40,2,-17.5,17.5,-17.5,17.5,730.400390625
48934,1,49,2,-15,10,-15,10,731.12261962890625
48934,1,48,2,-10,10,-10,10,732.0999755859375
48934,1,7,2,6.5,15,6.5,15,733.55548095703125
48934,1,8,2,10,15,10,15,733.73382568359375
48934,1,5,2,12.5,17.5,12.5,17.5,734.0338134765625
48934,1,2,2,15,20,15,20,734.311279296875
48934,1,4,2,17.5,17.5,20,20,734.8004150390625
48934,1,6,2,17.5,17.5,17.5,17.5,734.8115844726564
48934,1,9,2,15,15,15,15,735.22222900390625
48934,1,12,2,12.5,12.5,12.5,12.5,735.5001220703125
48934,1,15,2,15,10,15,10,735.77777099609375
48934,1,13,2,17.5,12.5,17.5,12.5,735.877685546875
48934,1,16,2,20,10,20,10,736.10028076171875
48934,1,11,2,23.5,15,23.5,15,736.477783203125
48934,1,10,2,20,15,20,15,737.055419921875
48934,1,17,2,15,6.5,15,6.5,737.9783935546875
48934,1,14,2,10,10,10,10,738.910888671875
48934,1,8,2,10,15,10,15,739.33319091796875
48934,1,7,2,6.5,15,6.5,15,739.4998779296875
48934,1,3,2,10,20,10,20,739.83367919921875
48934,1,5,2,12.5,17.5,12.5,17.5,739.93328857421875
48934,1,2,2,15,20,15,20,740.17791748046875
48934,1,4,2,20,20,20,20,740.87762451171875
48934,1,6,2,17.5,17.5,17.5,17.5,741.05548095703125
48934,1,9,2,15,15,15,15,741.3336181640625
48934,1,12,2,12.5,12.5,12.5,12.5,741.6331787109375
48934,1,15,2,15,10,15,10,741.93328857421875
48934,1,13,2,17.5,12.5,17.5,12.5,742.2001953125
48934,1,10,2,20,15,20,15,742.4998779296875
48934,1,11,2,23.5,15,23.5,15,742.6998291015625
48934,1,16,2,20,10,20,10,743.2332763671875
48934,1,17,2,15,6.5,15,6.5,743.822021484375
48934,1,34,2,15,-6.5,15,-6.5,745.1331787109375
48934,1,31,2,10,-10,10,-10,745.6220703125
48934,1,25,2,10,-15,10,-15,746.1002197265625
48934,1,29,2,12.5,-12.5,12.5,-12.5,746.1777954101564
48934,1,30,2,17.5,-12.5,17.5,-12.5,746.59979248046875
48934,1,33,2,20,-10,20,-10,746.8555297851564
48934,1,32,2,15,-10,15,-10,747.13299560546875
48934,1,22,2,12.5,-17.5,12.5,-17.5,747.8779296875
48934,1,26,2,15,-15,15,-15,748.221923828125
48934,1,27,2,20,-15,20,-15,748.63299560546875
48934,1,28,2,23.5,-15,23.5,-15,748.9332275390625
48934,1,23,2,17.5,-17.5,17.5,-17.5,749.377685546875
48934,1,19,2,15,-20,15,-20,749.6552734375
48934,1,18,2,15,-23.5,15,-23.5,749.921875
48934,1,56,2,-12.5,-17.5,-12.5,-17.5,752.70001220703125
48934,1,53,2,-15,-20,-15,-20,753.03302001953125
48934,1,52,2,-15,-23.5,-15,-23.5,753.322021484375
48934,1,54,2,-10,-20,-10,-20,753.8328857421875
48934,1,60,2,-15,-15,-15,-15,754.32177734375
48934,1,57,2,-17.5,-17.5,-17.5,-17.5,754.39959716796875
48934,1,62,2,-23.5,-15,-23.5,-15,755.2216796875
48934,1,61,2,-20,-15,-20,-15,755.25518798828125
48934,1,64,2,-17.5,-12.5,-17.5,-12.5,755.55517578125
48934,1,66,2,-15,-10,-15,-10,755.855224609375
48934,1,68,2,-15,-6.5,-15,-6.5,756.1334228515625
48934,1,63,2,-12.5,-12.5,-12.5,-12.5,756.49981689453125
48934,1,59,2,-10,-15,-10,-15,756.977294921875
48934,1,58,2,-6.5,-15,-6.5,-15,757.2996826171875
48934,1,24,2,6.5,-15,6.5,-15,758.3773193359375
48934,1,25,2,10,-15,10,-15,758.65509033203125
48934,1,29,2,12.5,-12.5,12.5,-12.5,758.92169189453125
48934,1,32,2,15,-10,15,-10,759.22198486328125
48934,1,30,2,17.5,-12.5,17.5,-12.5,759.5557250976564
48934,1,26,2,15,-15,15,-15,759.7327880859375
48934,1,23,2,17.5,-17.5,17.5,-17.5,759.95538330078125
48934,1,19,2,15,-20,15,-20,760.155029296875
48934,1,22,2,12.5,-17.5,12.5,-17.5,760.39971923828125
48934,1,20,2,10,-20,10,-20,760.477294921875
48934,1,27,2,20,-15,20,-15,761.455322265625
48934,1,21,2,20,-20,20,-20,761.8997802734375
48934,1,18,2,15,-23.5,15,-23.5,762.35498046875
48934,1,17,2,15,6.5,15,6.5,764.8770751953125
48934,1,15,2,15,10,15,10,765.2332763671875
48934,1,12,2,12.5,12.5,12.5,12.5,765.521484375
48934,1,7,2,6.5,15,6.5,15,766.29937744140625
48934,1,9,2,15,15,15,15,766.82159423828125
48934,1,5,2,12.5,17.5,12.5,17.5,767.09918212890625
48934,1,3,2,10,20,10,20,767.3994140625
48934,1,14,2,10,10,10,10,768.155029296875
48934,1,16,2,20,10,20,10,769.27752685546875
48934,1,13,2,17.5,12.5,17.5,12.5,769.67742919921875
48934,1,6,2,17.5,17.5,17.5,17.5,770.2772827148436
48934,1,4,2,20,20,20,20,770.5770874023436
48934,1,1,2,15,23.5,15,23.5,770.877197265625
48934,1,2,2,15,20,15,20,771.05487060546875
48934,1,12,2,12.5,12.5,12.5,12.5,771.6992797851564
48934,1,9,2,15,15,15,15,771.85498046875
48934,1,5,2,12.5,17.5,12.5,17.5,772.2769775390625
48934,1,10,2,20,15,20,15,772.521484375
48934,1,11,2,23.5,15,23.5,15,772.8101806640625
48934,1,8,2,10,15,10,15,774.29937744140625
48934,1,7,2,6.5,15,6.5,15,774.5994873046875
48934,1,15,2,15,10,15,10,775.33258056640625
48934,1,17,2,15,6.5,15,6.5,775.6768798828125
48934,1,14,2,10,10,10,10,776.021484375
48934,1,13,2,17.5,12.5,17.5,12.5,776.65472412109375
48934,1,6,2,17.5,17.5,17.5,17.5,777.4326782226564
48934,1,4,2,20,20,20,20,777.47698974609375
48934,1,2,2,15,20,15,20,777.69921875
48934,1,5,2,12.5,17.5,12.5,17.5,777.8992919921875
48934,1,3,2,10,20,10,20,778.12152099609375
48934,1,12,2,12.5,12.5,12.5,12.5,778.7324829101564
48934,1,9,2,15,15,15,15,778.7772216796875
48934,1,11,2,23.5,15,23.5,15,779.5770874023436
48934,1,16,2,20,10,20,10,780.62127685546875
48934,1,10,2,20,15,20,15,780.932373046875
48934,1,15,2,15,10,15,10,781.5546875
48934,1,17,2,15,6.5,15,6.5,781.99932861328125
48934,1,14,2,10,10,10,10,782.7548828125
48934,1,8,2,10,15,10,15,783.15472412109375
48934,1,7,2,6.5,15,6.5,15,783.32147216796875
48934,1,41,2,-6.5,15,-6.5,15,784.6771240234375
48934,1,37,2,-10,20,-10,20,785.1776733398436
48934,1,42,2,-10,15,-10,15,785.299072265625
48934,1,39,2,-12.5,17.5,-12.5,17.5,785.3214111328125
48934,1,48,2,-10,10,-10,10,785.7324829101564
48934,1,49,2,-15,10,-15,10,786.098876953125
48934,1,47,2,-17.5,12.5,-17.5,12.5,786.39971923828125
48934,1,43,2,-15,15,-15,15,786.65472412109375
48934,1,36,2,-15,20,-15,20,787.09918212890625
48934,1,35,2,-15,23.5,-15,23.5,787.42108154296875
48934,1,38,2,-20,20,-20,20,787.9324951171875
48934,1,44,2,-20,15,-20,15,788.3544921875
48934,1,40,2,-17.5,17.5,-17.5,17.5,788.47698974609375
48934,1,45,2,-23.5,15,-23.5,15,788.85479736328125
48934,1,51,2,-15,6.5,-15,6.5,789.8768920898436
48934,1,48,2,-10,10,-10,10,791.02117919921875
48934,1,46,2,-12.5,12.5,-12.5,12.5,791.2213134765625
48934,1,42,2,-10,15,-10,15,791.432373046875
48934,1,39,2,-12.5,17.5,-12.5,17.5,791.63238525390625
48934,1,41,2,-6.5,15,-6.5,15,792.0770263671875
48934,1,47,2,-17.5,12.5,-17.5,12.5,793.13232421875
48934,1,50,2,-20,10,-20,10,793.52117919921875
48934,1,49,2,-15,10,-15,10,794.03271484375
48934,1,44,2,-20,15,-20,15,794.65472412109375
48934,1,40,2,-17.5,17.5,-17.5,17.5,794.93218994140625
48934,1,38,2,-20,20,-20,20,795.0214233398436
48934,1,35,2,-15,23.5,-15,23.5,795.43292236328125
48934,1,36,2,-15,20,-15,20,795.93218994140625
48934,1,43,2,-15,15,-15,15,796.732177734375
48934,1,46,2,-12.5,12.5,-12.5,12.5,796.8773193359375
48934,1,42,2,-10,15,-10,15,797.15447998046875
48934,1,39,2,-12.5,17.5,-12.5,17.5,797.377197265625
48934,1,37,2,-10,20,-10,20,797.8212890625
48934,1,41,2,-6.5,15,-6.5,15,798.25457763671875
48934,1,48,2,-10,10,-10,10,798.6544189453125
48934,1,51,2,-15,6.5,-15,6.5,799.13238525390625
48934,1,49,2,-15,10,-15,10,799.398681640625
48934,1,47,2,-17.5,12.5,-17.5,12.5,799.5770874023436
48934,1,44,2,-20,15,-20,15,799.9766235351564
48934,1,50,2,-20,10,-20,10,800.132080078125
48934,1,38,2,-20,20,-20,20,801.22137451171875
48934,1,36,2,-15,20,-15,20,801.6768188476564
48934,1,39,2,-12.5,17.5,-12.5,17.5,802.39898681640625
48934,1,40,2,-17.5,17.5,-17.5,17.5,802.52099609375
48934,1,46,2,-12.5,12.5,-12.5,12.5,803.6209716796875
48934,1,42,2,-10,15,-10,15,803.89892578125
48934,1,5,2,12.5,17.5,12.5,17.5,806.298828125
48934,1,8,2,10,15,10,15,806.4766845703125
48934,1,14,2,10,10,10,10,806.85418701171875
48934,1,12,2,12.5,12.5,12.5,12.5,807.45452880859375
48934,1,9,2,15,15,15,15,807.7545166015625
48934,1,6,2,17.5,17.5,17.5,17.5,808.0546264648436
48934,1,4,2,20,20,20,20,808.3319702148436
48934,1,11,2,23.5,15,23.5,15,808.6763916015625
48934,1,16,2,20,10,20,10,809.276611328125
48934,1,15,2,15,10,15,10,809.73199462890625
48934,1,17,2,15,6.5,15,6.5,810.0208740234375
48934,1,34,2,15,-6.5,15,-6.5,811.7208251953125
48934,1,33,2,20,-10,20,-10,812.1541748046875
48934,1,30,2,17.5,-12.5,17.5,-12.5,812.39862060546875
48934,1,33,2,20,-10,20,-10,817.176513671875
48934,2,31,5,10,-10,10,-10,534.69317626953125
48934,2,29,4,12.5,-12.5,12.5,-12.5,535.01531982421875
48934,2,25,5,10,-15,10,-15,535.09307861328125
48934,2,26,2,15,-15,15,-15,535.359619140625
48934,2,22,4,12.5,-17.5,12.5,-17.5,535.41522216796875
48934,2,20,4,10,-20,10,-20,535.75958251953125
48934,2,24,5,6.5,-15,6.5,-15,536.13739013671875
48934,2,32,5,15,-10,15,-10,536.859619140625
48934,2,30,4,17.5,-12.5,17.5,-12.5,537.13739013671875
48934,2,27,2,20,-15,20,-15,537.4595947265625
48934,2,23,2,17.5,-17.5,17.5,-17.5,537.78192138671875
48934,2,19,2,15,-20,15,-20,538.0595703125
48934,2,18,1,15,-23.5,15,-23.5,538.315185546875
48934,2,28,1,23.5,-15,23.5,-15,539.79302978515625
48934,2,29,4,12.5,-12.5,12.5,-12.5,540.69268798828125
48934,2,25,5,10,-15,10,-15,540.98187255859375
48934,2,22,4,12.5,-17.5,12.5,-17.5,541.15972900390625
48934,2,20,4,10,-20,10,-20,541.89288330078125
48934,2,24,5,6.5,-15,6.5,-15,542.3594970703125
48934,2,58,5,-6.5,-15,-6.5,-15,543.81512451171875
48934,2,59,5,-10,-15,-10,-15,543.859619140625
48934,2,63,4,-12.5,-12.5,-12.5,-12.5,544.18157958984375
48934,2,66,5,-15,-10,-15,-10,544.43719482421875
48934,2,65,5,-10,-10,-10,-10,544.78167724609375
48934,2,51,5,-15,6.5,-15,6.5,546.5150146484375
48934,2,49,5,-15,10,-15,10,546.659423828125
48934,2,46,4,-12.5,12.5,-12.5,12.5,546.95947265625
48934,2,42,5,-10,15,-10,15,547.19268798828125
48934,2,12,4,12.5,12.5,12.5,12.5,549.0595703125
48934,2,8,5,10,15,10,15,549.18157958984375
48934,2,15,5,15,10,15,10,549.25958251953125
48934,2,17,5,15,6.5,15,6.5,549.58172607421875
48934,2,14,5,10,10,10,10,550.03729248046875
48934,2,9,2,15,15,15,15,550.7371826171875
48934,2,6,2,17.5,17.5,17.5,17.5,551.014892578125
48934,2,2,2,15,20,15,20,551.11492919921875
48934,2,3,4,10,20,10,20,551.31488037109375
48934,2,7,5,6.5,15,6.5,15,551.5927734375
48934,2,46,4,-12.5,12.5,-12.5,12.5,553.359619140625
48934,2,49,5,-15,10,-15,10,553.55938720703125
48934,2,47,4,-17.5,12.5,-17.5,12.5,553.78167724609375
48934,2,50,4,-20,10,-20,10,553.99267578125
48934,2,51,5,-15,6.5,-15,6.5,554.41497802734375
48934,2,68,5,-15,-6.5,-15,-6.5,555.79248046875
48934,2,66,5,-15,-10,-15,-10,555.99267578125
48934,2,63,4,-12.5,-12.5,-12.5,-12.5,556.3148193359375
48934,2,65,5,-10,-10,-10,-10,556.3814697265625
48934,2,59,5,-10,-15,-10,-15,556.58148193359375
48934,2,58,5,-6.5,-15,-6.5,-15,556.79248046875
48934,2,54,4,-10,-20,-10,-20,557.11468505859375
48934,2,56,4,-12.5,-17.5,-12.5,-17.5,557.1370849609375
48934,2,53,2,-15,-20,-15,-20,557.414794921875
48934,2,57,2,-17.5,-17.5,-17.5,-17.5,557.61468505859375
48934,2,61,2,-20,-15,-20,-15,557.93701171875
48934,2,64,4,-17.5,-12.5,-17.5,-12.5,557.98138427734375
48934,2,62,1,-23.5,-15,-23.5,-15,558.692626953125
48934,2,55,1,-20,-20,-20,-20,559.1591796875
48934,2,52,1,-15,-23.5,-15,-23.5,559.6591796875
48934,2,20,4,10,-20,10,-20,561.85919189453125
48934,2,22,4,12.5,-17.5,12.5,-17.5,562.11468505859375
48934,2,25,5,10,-15,10,-15,562.181396484375
48934,2,26,2,15,-15,15,-15,562.4368896484375
48934,2,29,4,12.5,-12.5,12.5,-12.5,562.49249267578125
48934,2,31,5,10,-10,10,-10,562.6923828125
48934,2,32,5,15,-10,15,-10,563.0814208984375
48934,2,34,5,15,-6.5,15,-6.5,563.11468505859375
48934,2,33,4,20,-10,20,-10,563.53692626953125
48934,2,27,2,20,-15,20,-15,564.01458740234375
48934,2,23,2,17.5,-17.5,17.5,-17.5,564.2813720703125
48934,2,19,2,15,-20,15,-20,564.5814208984375
48934,2,18,1,15,-23.5,15,-23.5,565.0369873046875
48934,2,28,1,23.5,-15,23.5,-15,566.43682861328125
48934,2,30,4,17.5,-12.5,17.5,-12.5,566.89251708984375
48934,2,26,2,15,-15,15,-15,567.458984375
48934,2,25,5,10,-15,10,-15,567.49249267578125
48934,2,29,4,12.5,-12.5,12.5,-12.5,567.51458740234375
48934,2,24,5,6.5,-15,6.5,-15,567.79241943359375
48934,2,22,4,12.5,-17.5,12.5,-17.5,567.9368896484375
48934,2,20,4,10,-20,10,-20,568.03668212890625
48934,2,32,5,15,-10,15,-10,569.35906982421875
48934,2,31,5,10,-10,10,-10,569.59228515625
48934,2,34,5,15,-6.5,15,-6.5,569.88128662109375
48934,2,33,4,20,-10,20,-10,570.35906982421875
48934,2,19,2,15,-20,15,-20,571.25897216796875
48934,2,23,2,17.5,-17.5,17.5,-17.5,571.292724609375
48934,2,18,1,15,-23.5,15,-23.5,571.75897216796875
48934,2,58,5,-6.5,-15,-6.5,-15,573.79248046875
48934,2,59,5,-10,-15,-10,-15,573.93682861328125
48934,2,63,4,-12.5,-12.5,-12.5,-12.5,574.25909423828125
48934,2,65,5,-10,-10,-10,-10,574.3812255859375
48934,2,66,5,-15,-10,-15,-10,574.53692626953125
48934,2,68,5,-15,-6.5,-15,-6.5,574.79241943359375
48934,2,67,4,-20,-10,-20,-10,575.05902099609375
48934,2,64,4,-17.5,-12.5,-17.5,-12.5,575.15899658203125
48934,2,61,2,-20,-15,-20,-15,575.5147705078125
48934,2,57,2,-17.5,-17.5,-17.5,-17.5,575.7589111328125
48934,2,53,2,-15,-20,-15,-20,576.05908203125
48934,2,56,4,-12.5,-17.5,-12.5,-17.5,576.2813720703125
48934,2,48,5,-10,10,-10,10,578.89239501953125
48934,2,46,4,-12.5,12.5,-12.5,12.5,579.13671875
48934,2,42,5,-10,15,-10,15,579.314697265625
48934,2,39,4,-12.5,17.5,-12.5,17.5,579.55877685546875
48934,2,37,4,-10,20,-10,20,579.7811279296875
48934,2,41,5,-6.5,15,-6.5,15,580.09222412109375
48934,2,51,5,-15,6.5,-15,6.5,581.09197998046875
48934,2,17,5,15,6.5,15,6.5,583.81451416015625
48934,2,15,5,15,10,15,10,583.8809814453125
48934,2,34,5,15,-6.5,15,-6.5,585.05877685546875
48934,2,32,5,15,-10,15,-10,585.3809814453125
48934,2,29,4,12.5,-12.5,12.5,-12.5,585.6365966796875
48934,2,31,5,10,-10,10,-10,585.736572265625
48934,2,25,5,10,-15,10,-15,585.89208984375
48934,2,24,5,6.5,-15,6.5,-15,586.15887451171875
48934,2,22,4,12.5,-17.5,12.5,-17.5,586.2808837890625
48934,2,19,2,15,-20,15,-20,586.59197998046875
48934,2,20,4,10,-20,10,-20,586.89208984375
48934,2,58,5,-6.5,-15,-6.5,-15,588.9141845703125
48934,2,59,5,-10,-15,-10,-15,589.21417236328125
48934,2,63,4,-12.5,-12.5,-12.5,-12.5,589.5142822265625
48934,2,66,5,-15,-10,-15,-10,589.7808837890625
48934,2,68,5,-15,-6.5,-15,-6.5,590.05859375
48934,2,67,4,-20,-10,-20,-10,590.5587158203125
48934,2,64,4,-17.5,-12.5,-17.5,-12.5,590.736572265625
48934,2,60,2,-15,-15,-15,-15,591.05877685546875
48934,2,56,4,-12.5,-17.5,-12.5,-17.5,591.31451416015625
48934,2,53,2,-15,-20,-15,-20,591.73638916015625
48934,2,52,1,-15,-23.5,-15,-23.5,591.99188232421875
48934,2,54,4,-10,-20,-10,-20,592.6807861328125
48934,2,24,5,6.5,-15,6.5,-15,594.05859375
48934,2,25,5,10,-15,10,-15,594.35858154296875
48934,2,31,5,10,-10,10,-10,594.63641357421875
48934,2,29,4,12.5,-12.5,12.5,-12.5,594.6807861328125
48934,2,32,5,15,-10,15,-10,594.936279296875
48934,2,34,5,15,-6.5,15,-6.5,595.05902099609375
48934,2,33,4,20,-10,20,-10,595.4365234375
48934,2,30,4,17.5,-12.5,17.5,-12.5,595.48077392578125
48934,2,26,2,15,-15,15,-15,595.7919921875
48934,2,22,4,12.5,-17.5,12.5,-17.5,596.0587158203125
48934,2,20,4,10,-20,10,-20,596.33648681640625
48934,2,18,1,15,-23.5,15,-23.5,596.89178466796875
48934,2,21,1,20,-20,20,-20,597.38067626953125
48934,2,28,1,23.5,-15,23.5,-15,597.8585205078125
48934,2,27,2,20,-15,20,-15,597.89178466796875
48934,2,23,2,17.5,-17.5,17.5,-17.5,598.28082275390625
48934,2,19,2,15,-20,15,-20,599.28057861328125
48934,2,25,5,10,-15,10,-15,599.78082275390625
48934,2,24,5,6.5,-15,6.5,-15,599.99188232421875
48934,2,31,5,10,-10,10,-10,600.336181640625
48934,2,33,4,20,-10,20,-10,601.0919189453125
48934,2,32,5,15,-10,15,-10,615.31402587890625
48934,2,30,4,17.5,-12.5,17.5,-12.5,615.3582763671875
48934,2,34,5,15,-6.5,15,-6.5,615.7139892578125
48934,2,31,5,10,-10,10,-10,616.2581787109375
48934,2,24,5,6.5,-15,6.5,-15,616.836181640625
48934,2,27,2,20,-15,20,-15,617.93597412109375
48934,2,19,2,15,-20,15,-20,619.63592529296875
48934,2,23,2,17.5,-17.5,17.5,-17.5,619.7803955078125
48934,2,30,4,17.5,-12.5,17.5,-12.5,620.38037109375
48934,2,32,5,15,-10,15,-10,620.55828857421875
48934,2,29,4,12.5,-12.5,12.5,-12.5,620.7913818359375
48934,2,25,5,10,-15,10,-15,621.080322265625
48934,2,26,2,15,-15,15,-15,621.180419921875
48934,2,22,4,12.5,-17.5,12.5,-17.5,621.2581787109375
48934,2,20,4,10,-20,10,-20,621.75811767578125
48934,2,24,5,6.5,-15,6.5,-15,622.15838623046875
48934,2,31,5,10,-10,10,-10,622.88018798828125
48934,2,33,4,20,-10,20,-10,623.780517578125
48934,2,28,1,23.5,-15,23.5,-15,624.3134765625
48934,2,17,5,15,6.5,15,6.5,627.6912841796875
48934,2,15,5,15,10,15,10,627.7916259765625
48934,2,12,4,12.5,12.5,12.5,12.5,628.11358642578125
48934,2,8,5,10,15,10,15,628.38018798828125
48934,2,14,5,10,10,10,10,628.48028564453125
48934,2,34,5,15,-6.5,15,-6.5,630.88018798828125
48934,2,32,5,15,-10,15,-10,631.15802001953125
48934,2,29,4,12.5,-12.5,12.5,-12.5,631.49127197265625
48934,2,25,5,10,-15,10,-15,631.7803955078125
48934,2,22,4,12.5,-17.5,12.5,-17.5,632.080322265625
48934,2,26,2,15,-15,15,-15,632.23577880859375
48934,2,30,4,17.5,-12.5,17.5,-12.5,632.4578857421875
48934,2,31,5,10,-10,10,-10,632.8134765625
48934,2,24,5,6.5,-15,6.5,-15,633.2357177734375
48934,2,20,4,10,-20,10,-20,633.83587646484375
48934,2,58,5,-6.5,-15,-6.5,-15,635.480224609375
48934,2,59,5,-10,-15,-10,-15,635.6580810546875
48934,2,56,4,-12.5,-17.5,-12.5,-17.5,635.88018798828125
48934,2,63,4,-12.5,-12.5,-12.5,-12.5,636.09136962890625
48934,2,65,5,-10,-10,-10,-10,636.29132080078125
48934,2,66,5,-15,-10,-15,-10,636.89129638671875
48934,2,64,4,-17.5,-12.5,-17.5,-12.5,637.19122314453125
48934,2,61,2,-20,-15,-20,-15,637.51348876953125
48934,2,67,4,-20,-10,-20,-10,638.39117431640625
48934,2,68,5,-15,-6.5,-15,-6.5,639.18011474609375
48934,2,53,2,-15,-20,-15,-20,640.6912841796875
48934,2,59,5,-10,-15,-10,-15,641.780029296875
48934,2,58,5,-6.5,-15,-6.5,-15,641.88018798828125
48934,2,63,4,-12.5,-12.5,-12.5,-12.5,642.235595703125
48934,2,65,5,-10,-10,-10,-10,642.28009033203125
48934,2,24,5,6.5,-15,6.5,-15,643.90228271484375
48934,2,25,5,10,-15,10,-15,644.15777587890625
48934,2,31,5,10,-10,10,-10,644.3577880859375
48934,2,29,4,12.5,-12.5,12.5,-12.5,644.39117431640625
48934,2,32,5,15,-10,15,-10,644.63568115234375
48934,2,34,5,15,-6.5,15,-6.5,644.780029296875
48934,2,33,4,20,-10,20,-10,645.235595703125
48934,2,30,4,17.5,-12.5,17.5,-12.5,645.47998046875
48934,2,26,2,15,-15,15,-15,645.81341552734375
48934,2,22,4,12.5,-17.5,12.5,-17.5,646.080078125
48934,3,51,1,15,-6.5,15,-6.5,1462.0989990234375
48934,3,49,1,15,-10,15,-10,1462.376953125
48934,3,47,2,17.5,-12.5,17.5,-12.5,1462.6209716796875
48934,3,44,4,20,-15,20,-15,1462.876953125
48934,3,40,4,17.5,-17.5,17.5,-17.5,1463.053955078125
48934,3,38,5,20,-20,20,-20,1463.321044921875
48934,3,36,4,15,-20,15,-20,1464.031982421875
48934,3,37,2,10,-20,10,-20,1464.7989501953125
48934,3,41,1,6.5,-15,6.5,-15,1465.2540283203125
48934,3,58,1,-6.5,-15,-6.5,-15,1466.4210205078125
48934,3,52,5,-15,-23.5,-15,-23.5,1467.4759521484375
48934,3,53,4,-15,-20,-15,-20,1467.52099609375
48934,3,57,4,-17.5,-17.5,-17.5,-17.5,1467.821044921875
48934,3,61,4,-20,-15,-20,-15,1468.1209716796875
48934,3,62,5,-23.5,-15,-23.5,-15,1468.376953125
48934,3,60,4,-15,-15,-15,-15,1469.52099609375
48934,3,64,2,-17.5,-12.5,-17.5,-12.5,1469.553955078125
48934,3,55,5,-20,-20,-20,-20,1470.1319580078125
48934,3,67,2,-20,-10,-20,-10,1472.0989990234375
48934,3,30,2,-17.5,12.5,-17.5,12.5,1474.053955078125
48934,3,26,4,-15,15,-15,15,1474.321044921875
48934,3,23,4,-17.5,17.5,-17.5,17.5,1474.4539794921875
48934,3,22,2,-12.5,17.5,-12.5,17.5,1474.654052734375
48934,3,19,4,-15,20,-15,20,1474.7320556640625
48934,3,18,5,-15,23.5,-15,23.5,1475.031982421875
48934,3,21,5,-20,20,-20,20,1475.654052734375
48934,3,28,5,-23.5,15,-23.5,15,1476.2320556640625
48934,3,27,4,-20,15,-20,15,1476.821044921875
48934,3,20,2,-10,20,-10,20,1478.177001953125
48934,3,4,5,20,20,20,20,1482.654052734375
48934,3,11,5,23.5,15,23.5,15,1484.35400390625
48934,3,6,4,17.5,17.5,17.5,17.5,1484.821044921875
48934,3,2,4,15,20,15,20,1485.1199951171875
48934,3,1,5,15,23.5,15,23.5,1485.7540283203125
48934,3,7,1,6.5,15,6.5,15,1486.7979736328125
48934,3,8,1,10,15,10,15,1487.1199951171875
48934,3,9,4,15,15,15,15,1487.52099609375
48934,3,12,2,12.5,12.5,12.5,12.5,1487.654052734375
48934,3,18,5,-15,23.5,-15,23.5,1490.0980224609375
48934,3,19,4,-15,20,-15,20,1490.2760009765625
48934,3,23,4,-17.5,17.5,-17.5,17.5,1490.5760498046875
48934,3,21,5,-20,20,-20,20,1490.697998046875
48934,3,27,4,-20,15,-20,15,1490.85400390625
48934,3,28,5,-23.5,15,-23.5,15,1491.0989990234375
48934,3,33,2,-20,10,-20,10,1491.9200439453125
48934,3,32,1,-15,10,-15,10,1492.35400390625
48934,3,31,1,-10,10,-10,10,1492.7760009765625
48934,3,25,1,-10,15,-10,15,1493.23095703125
48934,3,20,2,-10,20,-10,20,1493.6309814453125
48934,3,1,5,15,23.5,15,23.5,1495.8199462890625
48934,3,2,4,15,20,15,20,1495.998046875
48934,3,6,4,17.5,17.5,17.5,17.5,1496.2979736328125
48934,3,4,5,20,20,20,20,1496.3759765625
48934,3,10,4,20,15,20,15,1496.5760498046875
48934,3,11,5,23.5,15,23.5,15,1496.7979736328125
48934,3,16,2,20,10,20,10,1497.697998046875
48934,3,15,1,15,10,15,10,1498.1199951171875
48934,3,17,1,15,6.5,15,6.5,1498.2540283203125
48934,3,51,1,15,-6.5,15,-6.5,1499.9310302734375
48934,3,49,1,15,-10,15,-10,1500.0980224609375
48934,3,47,2,17.5,-12.5,17.5,-12.5,1500.3759765625
48934,3,44,4,20,-15,20,-15,1500.6199951171875
48934,3,45,5,23.5,-15,23.5,-15,1500.85400390625
48934,3,38,5,20,-20,20,-20,1501.154052734375
48934,3,35,5,15,-23.5,15,-23.5,1501.7530517578125
48934,3,37,2,10,-20,10,-20,1503.498046875
48934,3,36,4,15,-20,15,-20,1503.8759765625
48934,3,40,4,17.5,-17.5,17.5,-17.5,1504.5980224609375
48934,3,43,4,15,-15,15,-15,1504.8199462890625
48934,3,46,2,12.5,-12.5,12.5,-12.5,1505.1529541015625
48934,3,48,1,10,-10,10,-10,1505.4759521484375
48934,3,68,1,-15,-6.5,-15,-6.5,1507.9530029296875
48934,3,67,2,-20,-10,-20,-10,1508.4310302734375
48934,3,64,2,-17.5,-12.5,-17.5,-12.5,1508.6199951171875
48934,3,63,2,-12.5,-12.5,-12.5,-12.5,1509.031005859375
48934,3,56,2,-12.5,-17.5,-12.5,-17.5,1509.3759765625
48934,3,60,4,-15,-15,-15,-15,1509.4759521484375
48934,3,62,5,-23.5,-15,-23.5,-15,1510.498046875
48934,3,66,1,-15,-10,-15,-10,1511.5760498046875
48934,3,52,5,-15,-23.5,-15,-23.5,1512.3310546875
48934,3,36,4,15,-20,15,-20,1515.3759765625
48934,3,40,4,17.5,-17.5,17.5,-17.5,1515.676025390625
48934,3,38,5,20,-20,20,-20,1515.9749755859375
48934,3,39,2,12.5,-17.5,12.5,-17.5,1516.8199462890625
48934,3,37,2,10,-20,10,-20,1517.1199951171875
48934,3,35,5,15,-23.5,15,-23.5,1517.9420166015625
48934,3,45,5,23.5,-15,23.5,-15,1519.7760009765625
48934,3,44,4,20,-15,20,-15,1520.0980224609375
48934,3,40,4,17.5,-17.5,17.5,-17.5,1520.697998046875
48934,3,46,2,12.5,-12.5,12.5,-12.5,1521.3759765625
48934,3,51,1,15,-6.5,15,-6.5,1521.9200439453125
48934,3,11,5,23.5,15,23.5,15,1524.1529541015625
48934,3,4,5,20,20,20,20,1524.5980224609375
48934,3,1,5,15,23.5,15,23.5,1525.0980224609375
48934,3,18,5,-15,23.5,-15,23.5,1527.7530517578125
48934,3,19,4,-15,20,-15,20,1528.074951171875
48934,3,21,5,-20,20,-20,20,1528.2979736328125
48934,3,23,4,-17.5,17.5,-17.5,17.5,1528.3759765625
48934,3,27,4,-20,15,-20,15,1528.676025390625
48934,3,28,5,-23.5,15,-23.5,15,1528.7530517578125
48934,3,62,5,-23.5,-15,-23.5,-15,1532.3759765625
48934,3,61,4,-20,-15,-20,-15,1532.719970703125
48934,3,57,4,-17.5,-17.5,-17.5,-17.5,1532.9200439453125
48934,3,60,4,-15,-15,-15,-15,1533.1419677734375
48934,3,59,1,-10,-15,-10,-15,1533.574951171875
48934,3,58,1,-6.5,-15,-6.5,-15,1533.875
48934,3,55,5,-20,-20,-20,-20,1535.01904296875
48934,3,52,5,-15,-23.5,-15,-23.5,1535.89697265625
48934,3,35,5,15,-23.5,15,-23.5,1539.0760498046875
48934,3,36,4,15,-20,15,-20,1539.241943359375
48934,3,40,4,17.5,-17.5,17.5,-17.5,1539.5419921875
48934,3,38,5,20,-20,20,-20,1539.6419677734375
48934,3,44,4,20,-15,20,-15,1539.8199462890625
48934,3,45,5,23.5,-15,23.5,-15,1540.052978515625
48934,3,50,2,20,-10,20,-10,1541.0419921875
48934,3,16,2,20,10,20,10,1542.7750244140625
48934,3,10,4,20,15,20,15,1543.1529541015625
48934,3,13,2,17.5,12.5,17.5,12.5,1543.241943359375
48934,3,11,5,23.5,15,23.5,15,1543.4420166015625
48934,3,4,5,20,20,20,20,1543.574951171875
48934,3,1,5,15,23.5,15,23.5,1545.3189697265625
48934,3,2,4,15,20,15,20,1545.375
48934,3,6,4,17.5,17.5,17.5,17.5,1545.675048828125
48934,3,9,4,15,15,15,15,1545.89794921875
48934,3,12,2,12.5,12.5,12.5,12.5,1546.3189697265625
48934,3,25,1,-10,15,-10,15,1549.35302734375
48934,3,22,2,-12.5,17.5,-12.5,17.5,1549.6409912109375
48934,3,19,4,-15,20,-15,20,1549.875
48934,3,21,5,-20,20,-20,20,1550.2750244140625
48934,3,18,5,-15,23.5,-15,23.5,1551.1190185546875
48934,3,20,2,-10,20,-10,20,1551.5970458984375
48934,3,28,5,-23.5,15,-23.5,15,1552.552978515625
48934,3,68,1,-15,-6.5,-15,-6.5,1556.39697265625
48934,3,63,2,-12.5,-12.5,-12.5,-12.5,1556.842041015625
48934,3,60,4,-15,-15,-15,-15,1557.0419921875
48934,3,57,4,-17.5,-17.5,-17.5,-17.5,1557.375
48934,3,53,4,-15,-20,-15,-20,1557.4969482421875
48934,3,52,5,-15,-23.5,-15,-23.5,1557.7969970703125
48934,3,35,5,15,-23.5,15,-23.5,1560.85302734375
48934,3,38,5,20,-20,20,-20,1561.39697265625
48934,3,45,5,23.5,-15,23.5,-15,1561.9749755859375
48934,3,50,2,20,-10,20,-10,1562.9420166015625
48934,3,47,2,17.5,-12.5,17.5,-12.5,1563.1529541015625
48934,3,49,1,15,-10,15,-10,1563.375
48934,3,51,1,15,-6.5,15,-6.5,1563.5419921875
48934,3,24,1,-6.5,15,-6.5,15,1566.074951171875
48934,3,20,2,-10,20,-10,20,1566.574951171875
48934,3,19,4,-15,20,-15,20,1567.718994140625
48934,3,23,4,-17.5,17.5,-17.5,17.5,1567.9969482421875
48934,3,26,4,-15,15,-15,15,1568.074951171875
48934,3,18,5,-15,23.5,-15,23.5,1568.541015625
48934,3,21,5,-20,20,-20,20,1570.240966796875
48934,3,19,4,-15,20,-15,20,1572.740966796875
48934,3,28,5,-23.5,15,-23.5,15,1573.9410400390625
48934,3,27,4,-20,15,-20,15,1574.251953125
48934,3,23,4,-17.5,17.5,-17.5,17.5,1574.51904296875
48934,3,18,5,-15,23.5,-15,23.5,1575.9969482421875
48934,3,26,4,-15,15,-15,15,1576.7969970703125
48934,3,25,1,-10,15,-10,15,1577.218994140625
48934,3,24,1,-6.5,15,-6.5,15,1577.4969482421875
48934,3,1,5,15,23.5,15,23.5,1579.4410400390625
48934,3,2,4,15,20,15,20,1579.6409912109375
48934,3,6,4,17.5,17.5,17.5,17.5,1579.9189453125
48934,3,4,5,20,20,20,20,1579.9749755859375
48934,3,10,4,20,15,20,15,1580.218994140625
48934,3,11,5,23.5,15,23.5,15,1580.39697265625
48934,3,16,2,20,10,20,10,1581.197021484375
48934,3,15,1,15,10,15,10,1581.6519775390625
48934,3,12,2,12.5,12.5,12.5,12.5,1581.9189453125
48934,3,8,1,10,15,10,15,1582.240966796875
48934,3,18,5,-15,23.5,-15,23.5,1584.4969482421875
48934,3,19,4,-15,20,-15,20,1584.6519775390625
48934,3,23,4,-17.5,17.5,-17.5,17.5,1584.9410400390625
48934,3,21,5,-20,20,-20,20,1585.01904296875
48934,3,27,4,-20,15,-20,15,1585.240966796875
48934,3,28,5,-23.5,15,-23.5,15,1585.4410400390625
48934,3,67,2,-20,-10,-20,-10,1588.2750244140625
48934,3,64,2,-17.5,-12.5,-17.5,-12.5,1588.4969482421875
48934,3,61,4,-20,-15,-20,-15,1588.6739501953125
48934,3,57,4,-17.5,-17.5,-17.5,-17.5,1588.8740234375
48934,3,55,5,-20,-20,-20,-20,1589.052001953125
48934,3,55,5,-20,-20,-20,-20,1596.4410400390625
48934,3,62,5,-23.5,-15,-23.5,-15,1599.197021484375
48934,3,61,4,-20,-15,-20,-15,1599.7740478515625
48934,3,64,2,-17.5,-12.5,-17.5,-12.5,1599.89599609375
48934,3,57,4,-17.5,-17.5,-17.5,-17.5,1600.052001953125
48934,3,52,5,-15,-23.5,-15,-23.5,1600.6409912109375
48934,3,53,4,-15,-20,-15,-20,1600.718994140625
48934,3,35,5,15,-23.5,15,-23.5,1603.1190185546875
48934,3,36,4,15,-20,15,-20,1603.1409912109375
48934,3,38,5,20,-20,20,-20,1603.541015625
48934,3,45,5,23.5,-15,23.5,-15,1604.0179443359375
48934,3,50,2,20,-10,20,-10,1604.7740478515625
48934,3,16,2,20,10,20,10,1606.51904296875
48934,3,10,4,20,15,20,15,1606.89697265625
48934,3,11,5,23.5,15,23.5,15,1606.91796875
48934,3,4,5,20,20,20,20,1607.35205078125
48934,3,1,5,15,23.5,15,23.5,1607.8409423828125
48934,3,18,5,-15,23.5,-15,23.5,1610.4749755859375
48934,3,19,4,-15,20,-15,20,1610.7740478515625
48934,3,21,5,-20,20,-20,20,1610.9969482421875
48934,3,23,4,-17.5,17.5,-17.5,17.5,1611.073974609375
48934,3,27,4,-20,15,-20,15,1611.3740234375
48934,3,28,5,-23.5,15,-23.5,15,1611.4520263671875
48934,3,67,2,-20,-10,-20,-10,1613.751953125
48934,3,61,4,-20,-15,-20,-15,1614.1190185546875
48934,3,55,5,-20,-20,-20,-20,1614.5179443359375
48934,3,35,5,15,-23.5,15,-23.5,1617.7960205078125
48934,3,36,4,15,-20,15,-20,1618.1180419921875
48934,3,38,5,20,-20,20,-20,1618.35205078125
48934,3,40,4,17.5,-17.5,17.5,-17.5,1618.39599609375
48934,3,44,4,20,-15,20,-15,1618.696044921875
48934,3,45,5,23.5,-15,23.5,-15,1618.7960205078125
48934,3,11,5,23.5,15,23.5,15,1622.41796875
48934,3,4,5,20,20,20,20,1622.91796875
48934,3,1,5,15,23.5,15,23.5,1623.41796875
48934,3,2,4,15,20,15,20,1624.7740478515625
48934,3,3,2,10,20,10,20,1625.073974609375
48934,3,18,5,-15,23.5,-15,23.5,1627.218017578125
48934,3,21,5,-20,20,-20,20,1627.718017578125
48934,3,28,5,-23.5,15,-23.5,15,1628.218017578125
48934,3,62,5,-23.5,-15,-23.5,-15,1630.8740234375
48934,3,61,4,-20,-15,-20,-15,1631.218017578125
48934,3,55,5,-20,-20,-20,-20,1631.39599609375
48934,3,57,4,-17.5,-17.5,-17.5,-17.5,1631.5179443359375
48934,3,53,4,-15,-20,-15,-20,1631.8179931640625
48934,3,52,5,-15,-23.5,-15,-23.5,1631.8740234375
48934,3,35,5,15,-23.5,15,-23.5,1634.39599609375
48934,3,36,4,15,-20,15,-20,1634.5400390625
48934,3,40,4,17.5,-17.5,17.5,-17.5,1634.8399658203125
48934,3,38,5,20,-20,20,-20,1634.93994140625
48934,3,44,4,20,-15,20,-15,1635.1180419921875
48934,3,45,5,23.5,-15,23.5,-15,1635.3399658203125
48934,3,11,5,23.5,15,23.5,15,1637.8740234375
48934,3,10,4,20,15,20,15,1638.0179443359375
48934,3,6,4,17.5,17.5,17.5,17.5,1638.3179931640625
48934,3,2,4,15,20,15,20,1638.6180419921875
48934,3,1,5,15,23.5,15,23.5,1638.8740234375
48934,3,4,5,20,20,20,20,1639.6510009765625
48934,3,9,4,15,15,15,15,1640.35205078125
48934,3,5,2,12.5,17.5,12.5,17.5,1640.595947265625
48934,3,18,5,-15,23.5,-15,23.5,1643.051025390625
48934,3,21,5,-20,20,-20,20,1643.6180419921875
48934,3,28,5,-23.5,15,-23.5,15,1644.1729736328125
48934,3,62,5,-23.5,-15,-23.5,-15,1646.93994140625
48934,3,61,4,-20,-15,-20,-15,1647.2960205078125
48934,3,55,5,-20,-20,-20,-20,1647.4730224609375
48934,3,57,4,-17.5,-17.5,-17.5,-17.5,1647.595947265625
48934,3,53,4,-15,-20,-15,-20,1647.89599609375
48934,3,52,5,-15,-23.5,-15,-23.5,1647.93994140625
48934,3,35,5,15,-23.5,15,-23.5,1650.6400146484375
48934,3,38,5,20,-20,20,-20,1651.1619873046875
48934,3,45,5,23.5,-15,23.5,-15,1651.6510009765625
48934,3,11,5,23.5,15,23.5,15,1654.239990234375
48934,3,4,5,20,20,20,20,1654.7509765625
48934,3,1,5,15,23.5,15,23.5,1655.261962890625
48934,3,18,5,-15,23.5,-15,23.5,1658.1619873046875
48934,3,19,4,-15,20,-15,20,1658.27294921875
48934,3,23,4,-17.5,17.5,-17.5,17.5,1658.572998046875
48934,4,36,5,10,-10,10,-10,233.47610473632813
48934,4,38,4,15,-15,15,-15,234.02029418945313
48934,4,41,4,10,-20,10,-20,234.77589416503903
48934,4,42,5,5,-20,5,-20,235.1759033203125
48934,4,47,2,10,-30,10,-30,236.02049255371097
48934,4,40,4,20,-20,20,-20,237.29820251464844
48934,4,35,4,20,-10,20,-10,238.2760009765625
48934,4,33,5,20,-5,20,-5,238.77589416503903
48934,4,36,5,10,-10,10,-10,239.67579650878903
48934,4,38,4,15,-15,15,-15,240.1313018798828
48934,4,42,5,5,-20,5,-20,241.1313018798828
48934,4,41,4,10,-20,10,-20,241.43150329589844
48934,4,49,4,-15,-20,-15,-20,243.35350036621097
48934,4,48,5,-15,-23.5,-15,-23.5,243.39810180664065
48934,4,51,5,-20,-20,-20,-20,243.92030334472656
48934,4,53,4,-17.5,-17.5,-17.5,-17.5,244.15359497070313
48934,4,57,4,-20,-15,-20,-15,244.35350036621097
48934,4,58,5,-23.5,-15,-23.5,-15,244.55349731445313
48934,4,60,2,-17.5,-12.5,-17.5,-12.5,245.1201934814453
48934,4,62,1,-15,-10,-15,-10,245.431396484375
48934,4,64,1,-15,-6.5,-15,-6.5,245.6313934326172
48934,4,61,1,-10,-10,-10,-10,245.9311981201172
48934,4,59,2,-12.5,-12.5,-12.5,-12.5,245.95359802246097
48934,4,56,4,-15,-15,-15,-15,246.37570190429688
48934,4,52,2,-12.5,-17.5,-12.5,-17.5,246.3979949951172
48934,4,55,1,-10,-15,-10,-15,247.79800415039065
48934,4,42,5,5,-20,5,-20,249.37559509277344
48934,4,41,4,10,-20,10,-20,249.87559509277344
48934,4,38,4,15,-15,15,-15,250.47560119628903
48934,4,36,5,10,-10,10,-10,250.931396484375
48934,4,33,5,20,-5,20,-5,251.77569580078125
48934,4,35,4,20,-10,20,-10,252.09779357910156
48934,4,40,4,20,-20,20,-20,252.94219970703125
48934,4,44,2,15,-25,15,-25,253.54220581054688
48934,4,46,1,20,-30,20,-30,254.02020263671875
48934,4,43,2,25,-25,25,-25,254.6757049560547
48934,4,41,4,10,-20,10,-20,256.5198974609375
48934,4,42,5,5,-20,5,-20,256.9201965332031
48934,4,38,4,15,-15,15,-15,257.6756896972656
48934,4,36,5,10,-10,10,-10,258.0533142089844
48934,4,33,5,20,-5,20,-5,259.1199951171875
48934,4,35,4,20,-10,20,-10,259.3977966308594
48934,4,40,4,20,-20,20,-20,260.4754943847656
48934,4,47,2,10,-30,10,-30,262.0754089355469
48934,4,48,5,-15,-23.5,-15,-23.5,264.4197998046875
48934,4,51,5,-20,-20,-20,-20,264.9200134277344
48934,4,58,5,-23.5,-15,-23.5,-15,265.4197998046875
48934,4,57,4,-20,-15,-20,-15,265.61981201171875
48934,4,53,4,-17.5,-17.5,-17.5,-17.5,265.7755126953125
48934,4,49,4,-15,-20,-15,-20,266.0976867675781
48934,4,50,2,-10,-20,-10,-20,266.5531005859375
48934,4,52,2,-12.5,-17.5,-12.5,-17.5,266.81988525390625
48934,4,60,2,-17.5,-12.5,-17.5,-12.5,267.67529296875
48934,4,62,1,-15,-10,-15,-10,267.95318603515625
48934,4,63,2,-20,-10,-20,-10,268.2532043457031
48934,4,18,5,-20,5,-20,5,269.31988525390625
48934,4,20,4,-20,10,-20,10,269.75311279296875
48934,4,23,4,-15,15,-15,15,270.4197082519531
48934,4,21,5,-10,10,-10,10,270.94189453125
48934,4,7,1,6.5,15,6.5,15,272.5976867675781
48934,4,8,1,10,15,10,15,272.8197021484375
48934,4,5,2,12.5,17.5,12.5,17.5,273.0754089355469
48934,4,3,4,15,20,15,20,273.3420104980469
48934,4,1,5,15,23.5,15,23.5,273.4975891113281
48934,4,4,5,20,20,20,20,273.8196105957031
48934,4,6,4,17.5,17.5,17.5,17.5,273.9530029296875
48934,4,10,4,20,15,20,15,274.2196960449219
48934,4,11,5,23.5,15,23.5,15,274.7532043457031
48934,4,13,2,17.5,12.5,17.5,12.5,275.4753112792969
48934,4,15,1,15,10,15,10,275.7973937988281
48934,4,16,2,20,10,20,10,275.9530029296875
48934,4,9,4,15,15,15,15,276.89739990234375
48934,4,7,1,6.5,15,6.5,15,277.7528991699219
48934,4,8,1,10,15,10,15,277.8418884277344
48934,4,12,2,12.5,12.5,12.5,12.5,277.997314453125
48934,4,21,5,-10,10,-10,10,280.01971435546875
48934,4,26,4,-10,20,-10,20,281.47509765625
48934,4,27,5,-5,20,-5,20,282.1528015136719
48934,4,23,4,-15,15,-15,15,283.2528076171875
48934,4,18,5,-20,5,-20,5,284.2528076171875
48934,4,22,2,-25,15,-25,15,285.24169921875
48934,4,19,2,-30,10,-30,10,286.0195007324219
48934,4,20,4,-20,10,-20,10,286.9194030761719
48934,4,21,5,-10,10,-10,10,287.7196044921875
48934,4,27,5,-5,20,-5,20,288.81939697265625
48934,4,1,5,15,23.5,15,23.5,290.9971923828125
48934,4,4,5,20,20,20,20,291.4526062011719
48934,4,11,5,23.5,15,23.5,15,291.95269775390625
48934,4,10,4,20,15,20,15,292.1416931152344
48934,4,6,4,17.5,17.5,17.5,17.5,292.4526062011719
48934,4,9,4,15,15,15,15,292.57489013671875
48934,4,3,4,15,20,15,20,292.7416076660156
48934,4,5,2,12.5,17.5,12.5,17.5,293.04168701171875
48934,4,8,1,10,15,10,15,293.3194885253906
48934,4,12,2,12.5,12.5,12.5,12.5,293.54150390625
48934,4,14,1,10,10,10,10,293.7525939941406
48934,4,17,1,15,6.5,15,6.5,294.1192932128906
48934,4,16,2,20,10,20,10,294.45269775390625
48934,4,13,2,17.5,12.5,17.5,12.5,294.652587890625
48934,4,15,1,15,10,15,10,295.1415100097656
48934,4,33,5,20,-5,20,-5,296.4414978027344
48934,4,35,4,20,-10,20,-10,296.8971862792969
48934,4,38,4,15,-15,15,-15,297.4193115234375
48934,4,36,5,10,-10,10,-10,297.9750061035156
48934,4,42,5,5,-20,5,-20,298.97479248046875
48934,4,41,4,10,-20,10,-20,299.4526062011719
48934,4,48,5,-15,-23.5,-15,-23.5,303.2525939941406
48934,4,51,5,-20,-20,-20,-20,303.6969909667969
48934,4,58,5,-23.5,-15,-23.5,-15,304.27490234375
48934,4,57,4,-20,-15,-20,-15,304.452392578125
48934,4,53,4,-17.5,-17.5,-17.5,-17.5,304.6748046875
48934,4,49,4,-15,-20,-15,-20,304.99700927734375
48934,4,50,2,-10,-20,-10,-20,305.452392578125
48934,4,52,2,-12.5,-17.5,-12.5,-17.5,305.6747131347656
48934,4,56,4,-15,-15,-15,-15,306.0745849609375
48934,4,62,1,-15,-10,-15,-10,306.57470703125
48934,4,63,2,-20,-10,-20,-10,306.87469482421875
48934,4,60,2,-17.5,-12.5,-17.5,-12.5,307.8747863769531
48934,4,59,2,-12.5,-12.5,-12.5,-12.5,308.2412109375
48934,4,55,1,-10,-15,-10,-15,308.452392578125
48934,4,61,1,-10,-10,-10,-10,309.0191955566406
48934,4,49,4,-15,-20,-15,-20,310.0744934082031
48934,4,53,4,-17.5,-17.5,-17.5,-17.5,310.2414855957031
48934,4,51,5,-20,-20,-20,-20,310.3746032714844
48934,4,58,5,-23.5,-15,-23.5,-15,310.7969970703125
48934,4,57,4,-20,-15,-20,-15,310.87451171875
48934,4,56,4,-15,-15,-15,-15,311.4189147949219
48934,4,52,2,-12.5,-17.5,-12.5,-17.5,311.7524108886719
48934,4,48,5,-15,-23.5,-15,-23.5,312.04119873046875
48934,4,50,2,-10,-20,-10,-20,313.0968933105469
48934,4,60,2,-17.5,-12.5,-17.5,-12.5,313.89691162109375
48934,4,63,2,-20,-10,-20,-10,314.1971130371094
48934,4,64,1,-15,-6.5,-15,-6.5,314.59698486328125
48934,4,18,5,-20,5,-20,5,315.5744934082031
48934,4,20,4,-20,10,-20,10,316.0190124511719
48934,4,23,4,-15,15,-15,15,316.5190124511719
48934,4,26,4,-10,20,-10,20,317.118896484375
48934,4,27,5,-5,20,-5,20,317.6412048339844
48934,4,21,5,-10,10,-10,10,318.6747131347656
48934,4,25,4,-20,20,-20,20,319.752197265625
48934,4,28,2,-25,25,-25,25,320.3966979980469
48934,4,24,1,-30,20,-30,20,321.7966003417969
48934,4,22,2,-25,15,-25,15,322.5412902832031
48934,4,20,4,-20,10,-20,10,323.0965881347656
48934,4,18,5,-20,5,-20,5,323.4523010253906
48934,4,64,1,-15,-6.5,-15,-6.5,324.7409973144531
48934,4,62,1,-15,-10,-15,-10,325.218994140625
48934,4,60,2,-17.5,-12.5,-17.5,-12.5,325.4964904785156
48934,4,57,4,-20,-15,-20,-15,325.7412109375
48934,4,53,4,-17.5,-17.5,-17.5,-17.5,325.9411926269531
48934,4,49,4,-15,-20,-15,-20,326.19659423828125
48934,4,48,5,-15,-23.5,-15,-23.5,326.4964904785156
48934,4,51,5,-20,-20,-20,-20,326.84100341796875
48934,4,58,5,-23.5,-15,-23.5,-15,327.3743896484375
48934,4,56,4,-15,-15,-15,-15,328.4966125488281
48934,4,52,2,-12.5,-17.5,-12.5,-17.5,328.8410949707031
48934,4,50,2,-10,-20,-10,-20,329.1188049316406
48934,4,55,1,-10,-15,-10,-15,329.918701171875
48934,4,59,2,-12.5,-12.5,-12.5,-12.5,330.1742858886719
48934,4,62,1,-15,-10,-15,-10,330.4964904785156
48934,4,64,1,-15,-6.5,-15,-6.5,330.74090576171875
48934,4,18,5,-20,5,-20,5,331.7521057128906
48934,4,23,4,-15,15,-15,15,332.6742858886719
48934,4,26,4,-10,20,-10,20,333.3518981933594
48934,4,27,5,-5,20,-5,20,333.818603515625
48934,4,5,2,12.5,17.5,12.5,17.5,335.4410095214844
48934,4,3,4,15,20,15,20,335.6409912109375
48934,4,1,5,15,23.5,15,23.5,335.918701171875
48934,4,4,5,20,20,20,20,336.0964050292969
48934,4,11,5,23.5,15,23.5,15,336.5964050292969
48934,4,10,4,20,15,20,15,336.99639892578125
48934,4,6,4,17.5,17.5,17.5,17.5,337.27410888671875
48934,4,2,2,10,20,10,20,337.951904296875
48934,4,9,4,15,15,15,15,338.3966064453125
48934,4,13,2,17.5,12.5,17.5,12.5,338.6964111328125
48934,4,16,2,20,10,20,10,338.97430419921875
48934,4,17,1,15,6.5,15,6.5,339.5519104003906
48934,4,14,1,10,10,10,10,340.0519104003906
48934,4,7,1,6.5,15,6.5,15,340.51849365234375
48934,4,27,5,-5,20,-5,20,341.54071044921875
48934,4,26,4,-10,20,-10,20,341.9961853027344
48934,4,23,4,-15,15,-15,15,342.5519104003906
48934,4,21,5,-10,10,-10,10,342.8406982421875
48934,4,18,5,-20,5,-20,5,343.9964904785156
48934,4,19,2,-30,10,-30,10,346.27398681640625
48934,4,58,5,-23.5,-15,-23.5,-15,348.6405944824219
48934,4,51,5,-20,-20,-20,-20,349.14068603515625
48934,4,48,5,-15,-23.5,-15,-23.5,349.6518859863281
48934,4,49,4,-15,-20,-15,-20,350.31829833984375
48934,4,53,4,-17.5,-17.5,-17.5,-17.5,350.54058837890625
48934,4,56,4,-15,-15,-15,-15,350.7406005859375
48934,4,57,4,-20,-15,-20,-15,350.8963928222656
48934,4,63,2,-20,-10,-20,-10,351.318603515625
48934,4,62,1,-15,-10,-15,-10,351.77398681640625
48934,4,59,2,-12.5,-12.5,-12.5,-12.5,352.04058837890625
48934,4,52,2,-12.5,-17.5,-12.5,-17.5,352.9183044433594
48934,4,50,2,-10,-20,-10,-20,353.2406005859375
48934,4,42,5,5,-20,5,-20,354.5404968261719
48934,4,41,4,10,-20,10,-20,355.0404968261719
48934,4,38,4,15,-15,15,-15,355.94049072265625
48934,4,36,5,10,-10,10,-10,356.4403991699219
48934,4,48,5,-15,-23.5,-15,-23.5,359.0404052734375
48934,4,49,4,-15,-20,-15,-20,359.2738952636719
48934,4,53,4,-17.5,-17.5,-17.5,-17.5,359.57391357421875
48934,4,51,5,-20,-20,-20,-20,359.6182861328125
48934,4,57,4,-20,-15,-20,-15,359.8736877441406
48934,4,58,5,-23.5,-15,-23.5,-15,360.0181884765625
48934,4,60,2,-17.5,-12.5,-17.5,-12.5,360.4403991699219
48934,4,59,2,-12.5,-12.5,-12.5,-12.5,360.8738098144531
48934,4,61,1,-10,-10,-10,-10,361.1404113769531
48934,4,54,1,-6.5,-15,-6.5,-15,362.0513916015625
48934,4,50,2,-10,-20,-10,-20,362.4515075683594
48934,4,52,2,-12.5,-17.5,-12.5,-17.5,362.84039306640625
48934,4,56,4,-15,-15,-15,-15,363.0736999511719
48934,4,62,1,-15,-10,-15,-10,363.89898681640625
48934,4,63,2,-20,-10,-20,-10,365.318115234375
48934,4,58,5,-23.5,-15,-23.5,-15,365.7958068847656
48934,4,57,4,-20,-15,-20,-15,365.8738098144531
48934,4,53,4,-17.5,-17.5,-17.5,-17.5,366.1736145019531
48934,4,49,4,-15,-20,-15,-20,366.4736022949219
48934,4,48,5,-15,-23.5,-15,-23.5,366.75140380859375
48934,4,51,5,-20,-20,-20,-20,367.2735900878906
48934,4,60,2,-17.5,-12.5,-17.5,-12.5,368.01800537109375
48934,4,59,2,-12.5,-12.5,-12.5,-12.5,368.440185546875
48934,4,56,4,-15,-15,-15,-15,368.75140380859375
48934,4,52,2,-12.5,-17.5,-12.5,-17.5,368.8182067871094
48934,4,50,2,-10,-20,-10,-20,369.6180114746094
48934,4,42,5,5,-20,5,-20,370.8179931640625
48934,4,41,4,10,-20,10,-20,371.25140380859375
48934,4,40,4,20,-20,20,-20,372.073486328125
48934,4,47,2,10,-30,10,-30,373.440185546875
48934,4,48,5,-15,-23.5,-15,-23.5,375.6736145019531
48934,4,49,4,-15,-20,-15,-20,375.9400939941406
48934,4,51,5,-20,-20,-20,-20,376.2402038574219
48934,4,57,4,-20,-15,-20,-15,376.5401916503906
48934,4,58,5,-23.5,-15,-23.5,-15,376.6512145996094
48934,4,63,2,-20,-10,-20,-10,377.14019775390625
48934,4,60,2,-17.5,-12.5,-17.5,-12.5,377.25140380859375
48934,4,56,4,-15,-15,-15,-15,377.4956970214844
48934,4,52,2,-12.5,-17.5,-12.5,-17.5,377.8403015136719
48934,4,50,2,-10,-20,-10,-20,378.1402893066406
48934,4,54,1,-6.5,-15,-6.5,-15,378.41790771484375
48934,4,61,1,-10,-10,-10,-10,379.01800537109375
48934,4,59,2,-12.5,-12.5,-12.5,-12.5,379.17340087890625
48934,4,55,1,-10,-15,-10,-15,379.4956970214844
48934,4,64,1,-15,-6.5,-15,-6.5,380.7956848144531
48934,4,49,4,-15,-20,-15,-20,382.0956115722656
48934,4,53,4,-17.5,-17.5,-17.5,-17.5,382.1177978515625
48934,4,51,5,-20,-20,-20,-20,382.3399963378906
48934,4,48,5,-15,-23.5,-15,-23.5,382.51800537109375
48934,4,50,2,-10,-20,-10,-20,383.17340087890625
48934,4,52,2,-12.5,-17.5,-12.5,-17.5,383.3622131347656
48934,4,56,4,-15,-15,-15,-15,383.6177978515625
48934,4,57,4,-20,-15,-20,-15,383.8955993652344
48934,4,58,5,-23.5,-15,-23.5,-15,384.1955871582031
48934,4,60,2,-17.5,-12.5,-17.5,-12.5,384.9177856445313
48934,4,62,1,-15,-10,-15,-10,385.239990234375
48934,4,59,2,-12.5,-12.5,-12.5,-12.5,385.26220703125
48934,4,63,2,-20,-10,-20,-10,385.57330322265625
48934,4,54,1,-6.5,-15,-6.5,-15,386.6177978515625
48934,4,42,5,5,-20,5,-20,387.5621948242187
48934,4,41,4,10,-20,10,-20,388.0177001953125
48934,4,44,2,15,-25,15,-25,388.6177978515625
48934,4,47,2,10,-30,10,-30,389.3176879882813
48934,4,48,5,-15,-23.5,-15,-23.5,391.5509948730469
48934,4,49,4,-15,-20,-15,-20,391.5953979492187
48934,4,51,5,-20,-20,-20,-20,392.1954040527344
48934,4,58,5,-23.5,-15,-23.5,-15,392.71820068359375
48934,4,57,4,-20,-15,-20,-15,392.7619934082031
48934,4,53,4,-17.5,-17.5,-17.5,-17.5,392.8731994628906
48934,4,52,2,-12.5,-17.5,-12.5,-17.5,393.3179016113281
48934,4,50,2,-10,-20,-10,-20,393.5401916503906
48934,4,55,1,-10,-15,-10,-15,393.79541015625
48934,4,59,2,-12.5,-12.5,-12.5,-12.5,394.0176086425781
48934,4,62,1,-15,-10,-15,-10,394.3398132324219
48934,4,60,2,-17.5,-12.5,-17.5,-12.5,394.4620971679687
48934,4,56,4,-15,-15,-15,-15,395.0732116699219
48934,4,54,1,-6.5,-15,-6.5,-15,395.8398132324219
48934,4,42,5,5,-20,5,-20,396.8620910644531
48934,4,41,4,10,-20,10,-20,397.2731018066406
48934,4,50,2,-10,-20,-10,-20,398.73968505859375
48934,4,48,5,-15,-23.5,-15,-23.5,399.1953125
48934,4,51,5,-20,-20,-20,-20,400.63970947265625
48934,4,53,4,-17.5,-17.5,-17.5,-17.5,400.87310791015625
48934,4,57,4,-20,-15,-20,-15,401.2174987792969
48934,4,58,5,-23.5,-15,-23.5,-15,401.73968505859375
48934,4,56,4,-15,-15,-15,-15,402.9175109863281
48934,4,59,2,-12.5,-12.5,-12.5,-12.5,403.2395935058594
48934,4,61,1,-10,-10,-10,-10,403.5618896484375
48934,4,54,1,-6.5,-15,-6.5,-15,404.13970947265625
48934,4,50,2,-10,-20,-10,-20,404.63970947265625
48934,4,52,2,-12.5,-17.5,-12.5,-17.5,404.77288818359375
48934,4,49,4,-15,-20,-15,-20,404.9729919433594
48934,4,48,5,-15,-23.5,-15,-23.5,405.2395935058594
48934,4,51,5,-20,-20,-20,-20,406.87298583984375
48934,4,58,5,-23.5,-15,-23.5,-15,407.3175048828125
48934,4,57,4,-20,-15,-20,-15,407.77288818359375
48934,5,7,2,1.5,10,1.5,10,58.721038818359375
48934,5,8,2,5,10,5,10,58.83203887939453
48934,5,5,2,7.5,12.5,7.5,12.5,59.13203048706055
48934,5,3,2,10,15,10,15,59.432029724121094
48934,5,6,2,12.5,12.5,12.5,12.5,59.62092971801758
48934,5,10,2,15,10,15,10,59.87643051147461
48934,5,13,2,12.5,7.5,12.5,7.5,60.020938873291016
48934,5,34,2,15,-6.5,15,-6.5,61.35422897338867
48934,5,32,2,15,-10,15,-10,61.65462875366211
48934,5,29,2,12.5,-12.5,12.5,-12.5,61.89862823486328
48934,5,25,2,10,-15,10,-15,62.221038818359375
48934,5,22,2,12.5,-17.5,12.5,-17.5,62.33203887939453
48934,5,19,2,15,-20,15,-20,62.63212966918945
48934,5,21,2,20,-20,20,-20,63.098628997802734
48934,5,27,2,20,-15,20,-15,63.4764289855957
48934,5,30,2,17.5,-12.5,17.5,-12.5,63.85422897338867
48934,5,33,2,20,-10,20,-10,63.87643051147461
48934,5,17,2,10,1.5,10,1.5,65.23213195800781
48934,5,15,2,10,5,10,5,65.37642669677734
48934,5,13,2,12.5,7.5,12.5,7.5,65.57653045654297
48934,5,9,2,10,10,10,10,65.776336669921875
48934,5,6,2,12.5,12.5,12.5,12.5,65.998626708984375
48934,5,3,2,10,15,10,15,66.1988296508789
48934,5,5,2,7.5,12.5,7.5,12.5,66.63194274902344
48934,5,8,2,5,10,5,10,66.8985366821289
48934,5,12,2,7.5,7.5,7.5,7.5,67.0986328125
48934,5,7,2,1.5,10,1.5,10,67.820831298828125
48934,5,48,2,-10,10,-10,10,68.79853057861328
48934,5,46,2,-12.5,12.5,-12.5,12.5,68.99854278564453
48934,5,43,2,-15,15,-15,15,69.3319320678711
48934,5,36,2,-15,20,-15,20,69.77622985839844
48934,5,35,2,-15,23.5,-15,23.5,70.07643127441406
48934,5,39,2,-12.5,17.5,-12.5,17.5,72.32073211669922
48934,5,42,2,-10,15,-10,15,72.5987319946289
48934,5,7,2,1.5,10,1.5,10,73.776336669921875
48934,5,8,2,5,10,5,10,74.07633209228516
48934,5,9,2,10,10,10,10,74.498626708984375
48934,5,13,2,12.5,7.5,12.5,7.5,74.75404357910156
48934,5,16,2,15,5,15,5,75.054229736328125
48934,5,34,2,15,-6.5,15,-6.5,76.07633209228516
48934,5,32,2,15,-10,15,-10,76.3762435913086
48934,5,30,2,17.5,-12.5,17.5,-12.5,76.57623291015625
48934,5,26,2,15,-15,15,-15,76.798431396484375
48934,5,22,2,12.5,-17.5,12.5,-17.5,77.07643127441406
48934,5,20,2,10,-20,10,-20,77.3763427734375
48934,5,25,2,10,-15,10,-15,77.62064361572266
48934,5,29,2,12.5,-12.5,12.5,-12.5,77.82073211669922
48934,5,31,2,10,-10,10,-10,78.031829833984375
48934,5,56,2,-7.5,-12.5,-7.5,-12.5,79.5985336303711
48934,5,60,2,-10,-10,-10,-10,79.83183288574219
48934,5,63,2,-7.5,-7.5,-7.5,-7.5,79.976226806640625
48934,5,65,2,-5,-5,-5,-5,80.32063293457031
48934,5,68,2,-10,-1.5,-10,-1.5,80.57623291015625
48934,5,46,2,-12.5,12.5,-12.5,12.5,81.8319320678711
48934,5,39,2,-12.5,17.5,-12.5,17.5,82.25414276123047
48934,5,36,2,-15,20,-15,20,82.49833679199219
48934,5,38,2,-20,20,-20,20,83.198333740234375
48934,5,44,2,-20,15,-20,15,83.6317367553711
48934,5,50,2,-20,10,-20,10,84.05403137207031
48934,5,51,2,-15,6.5,-15,6.5,84.5205307006836
48934,5,67,2,-15,-5,-15,-5,85.49833679199219
48934,5,64,2,-12.5,-7.5,-12.5,-7.5,85.72054290771484
48934,5,60,2,-10,-10,-10,-10,86.03153228759766
48934,5,56,2,-7.5,-12.5,-7.5,-12.5,86.33162689208984
48934,5,53,2,-5,-15,-5,-15,86.62053680419922
48934,5,24,2,6.5,-15,6.5,-15,87.89823150634766
48934,5,25,2,10,-15,10,-15,88.07613372802734
48934,5,22,2,12.5,-17.5,12.5,-17.5,88.3537368774414
48934,5,19,2,15,-20,15,-20,88.6538314819336
48934,5,21,2,20,-20,20,-20,89.17603302001953
48934,5,27,2,20,-15,20,-15,89.62053680419922
48934,5,30,2,17.5,-12.5,17.5,-12.5,89.89823150634766
48934,5,32,2,15,-10,15,-10,90.17613220214844
48934,5,29,2,12.5,-12.5,12.5,-12.5,90.43153381347656
48934,5,31,2,10,-10,10,-10,90.52043151855467
48934,5,26,2,15,-15,15,-15,90.89813232421876
48934,5,23,2,17.5,-17.5,17.5,-17.5,91.17603302001952
48934,5,28,2,23.5,-15,23.5,-15,91.99822998046876
48934,5,33,2,20,-10,20,-10,92.49813079833984
48934,5,13,2,12.5,7.5,12.5,7.5,94.3537368774414
48934,5,6,2,12.5,12.5,12.5,12.5,94.776031494140625
48934,5,3,2,10,15,10,15,95.02033233642578
48934,5,1,2,10,18.5,10,18.5,95.320343017578125
48934,5,2,2,5,15,5,15,96.02033233642578
48934,5,5,2,7.5,12.5,7.5,12.5,96.35363006591795
48934,5,9,2,10,10,10,10,96.63143157958984
48934,5,16,2,15,5,15,5,97.298126220703125
48934,5,17,2,10,1.5,10,1.5,97.57594299316406
48934,5,12,2,7.5,7.5,7.5,7.5,98.27593231201172
48934,5,8,2,5,10,5,10,98.520233154296875
48934,5,7,2,1.5,10,1.5,10,98.85384368896484
48934,5,41,2,-6.5,15,-6.5,15,99.82023620605467
48934,5,37,2,-10,20,-10,20,100.47579956054688
48934,5,36,2,-15,20,-15,20,100.92030334472656
48934,5,40,2,-17.5,17.5,-17.5,17.5,101.25350189208984
48934,5,44,2,-20,15,-20,15,101.53130340576172
48934,5,47,2,-17.5,12.5,-17.5,12.5,101.95359802246094
48934,5,50,2,-20,10,-20,10,101.9980010986328
48934,5,49,2,-15,10,-15,10,102.2313003540039
48934,5,51,2,-15,6.5,-15,6.5,102.39800262451172
48934,5,46,2,-12.5,12.5,-12.5,12.5,102.8313980102539
48934,5,43,2,-15,15,-15,15,103.03130340576172
48934,5,39,2,-12.5,17.5,-12.5,17.5,103.2313003540039
48934,5,42,2,-10,15,-10,15,103.35369873046876
48934,5,68,2,-10,-1.5,-10,-1.5,105.39800262451172
48934,5,66,2,-10,-5,-10,-5,105.67559814453124
48934,5,67,2,-15,-5,-15,-5,105.9311981201172
48934,5,64,2,-12.5,-7.5,-12.5,-7.5,105.97579956054688
48934,5,61,2,-15,-10,-15,-10,106.27570343017578
48934,5,62,2,-18.5,-10,-18.5,-10,106.3979034423828
48934,5,57,2,-12.5,-12.5,-12.5,-12.5,106.67569732666016
48934,5,54,2,-10,-15,-10,-15,106.95369720458984
48934,5,56,2,-7.5,-12.5,-7.5,-12.5,107.25340270996094
48934,5,59,2,-5,-10,-5,-10,107.57559967041016
48934,5,63,2,-7.5,-7.5,-7.5,-7.5,107.79779815673828
48934,5,51,2,-15,6.5,-15,6.5,109.25340270996094
48934,5,49,2,-15,10,-15,10,109.45349884033205
48934,5,43,2,-15,15,-15,15,109.87560272216795
48934,5,36,2,-15,20,-15,20,110.29779815673828
48934,5,35,2,-15,23.5,-15,23.5,110.57579803466795
48934,5,37,2,-10,20,-10,20,111.0978012084961
48934,5,42,2,-10,15,-10,15,111.53109741210938
48934,5,46,2,-12.5,12.5,-12.5,12.5,111.8311996459961
48934,5,48,2,-10,10,-10,10,112.0978012084961
48934,5,7,2,1.5,10,1.5,10,113.45339965820313
48934,5,5,2,7.5,12.5,7.5,12.5,114.0978012084961
48934,5,6,2,12.5,12.5,12.5,12.5,114.52010345458984
48934,5,3,2,10,15,10,15,114.81999969482422
48934,5,1,2,10,18.5,10,18.5,114.95330047607422
48934,5,2,2,5,15,5,15,115.29779815673828
48934,5,42,2,-10,15,-10,15,116.74220275878906
48934,5,46,2,-12.5,12.5,-12.5,12.5,117.05349731445313
48934,5,49,2,-15,10,-15,10,117.35330200195313
48934,5,51,2,-15,6.5,-15,6.5,117.6978988647461
48934,5,67,2,-15,-5,-15,-5,118.87539672851564
48934,5,61,2,-15,-10,-15,-10,119.31990051269533
48934,5,64,2,-12.5,-7.5,-12.5,-7.5,119.34210205078124
48934,5,60,2,-10,-10,-10,-10,119.57559967041016
48934,5,59,2,-5,-10,-5,-10,120.0198974609375
48934,5,58,2,-1.5,-10,-1.5,-10,120.31999969482422
48934,5,24,2,6.5,-15,6.5,-15,121.19760131835938
48934,5,25,2,10,-15,10,-15,121.35320281982422
48934,5,22,2,12.5,-17.5,12.5,-17.5,121.63099670410156
48934,5,19,2,15,-20,15,-20,121.94200134277344
48934,5,18,2,15,-23.5,15,-23.5,122.1978988647461
48934,5,21,2,20,-20,20,-20,122.45320129394533
48934,5,23,2,17.5,-17.5,17.5,-17.5,122.63089752197266
48934,5,26,2,15,-15,15,-15,122.89769744873048
48934,5,29,2,12.5,-12.5,12.5,-12.5,123.19760131835938
48934,5,32,2,15,-10,15,-10,123.5978012084961
48934,5,34,2,15,-6.5,15,-6.5,123.72000122070313
48934,5,33,2,20,-10,20,-10,124.32019805908205
48934,5,28,2,23.5,-15,23.5,-15,124.92009735107422
48934,5,27,2,20,-15,20,-15,125.21980285644533
48934,5,30,2,17.5,-12.5,17.5,-12.5,125.54219818115234
48934,5,17,2,10,1.5,10,1.5,127.0531005859375
48934,5,15,2,10,5,10,5,127.25299835205078
48934,5,12,2,7.5,7.5,7.5,7.5,127.55329895019533
48934,5,9,2,10,10,10,10,127.79769897460938
48934,5,6,2,10,15,12.5,12.5,128.24200439453125
48934,5,3,2,10,15,10,15,128.2530975341797
48934,5,2,2,5,15,5,15,128.4976043701172
48934,5,41,2,-6.5,15,-6.5,15,129.49749755859375
48934,5,42,2,-10,15,-10,15,129.797607421875
48934,5,43,2,-15,15,-15,15,130.2198028564453
48934,5,44,2,-20,15,-20,15,130.6197967529297
48934,5,45,2,-23.5,15,-23.5,15,130.91969299316406
48934,5,50,2,-20,10,-20,10,131.39739990234375
48934,5,62,2,-18.5,-10,-18.5,-10,135.1533966064453
48934,5,55,2,-15,-15,-15,-15,135.57530212402344
48934,5,52,2,-10,-18.5,-10,-18.5,136.15310668945313
48934,5,20,2,10,-20,10,-20,139.2196044921875
48934,5,22,2,12.5,-17.5,12.5,-17.5,139.5196075439453
48934,5,26,2,15,-15,15,-15,139.79739379882813
48934,5,29,2,12.5,-12.5,12.5,-12.5,140.1529998779297
48934,5,31,2,10,-10,10,-10,140.4532928466797
48934,5,17,2,10,1.5,10,1.5,141.57510375976565
48934,5,15,2,10,5,10,5,141.89739990234375
48934,5,13,2,12.5,7.5,12.5,7.5,142.23069763183594
48934,5,6,2,12.5,12.5,12.5,12.5,142.6195068359375
48934,5,3,2,10,15,10,15,142.8529052734375
48934,5,2,2,5,15,5,15,143.2751007080078
48934,5,8,2,5,10,5,10,143.7196044921875
48934,5,12,2,7.5,7.5,7.5,7.5,143.97509765625
48934,5,16,2,15,5,15,5,144.61990356445313
48934,5,11,2,18.5,10,18.5,10,145.0529022216797
48934,5,10,2,15,10,15,10,145.2971954345703
48934,5,9,2,10,10,10,10,145.91990661621094
48934,5,4,2,15,15,15,15,146.1195068359375
48934,5,1,2,10,18.5,10,18.5,146.84210205078125
48934,5,5,2,7.5,12.5,7.5,12.5,147.85279846191406
48934,5,15,2,10,5,10,5,148.2751007080078
48934,5,34,2,15,-6.5,15,-6.5,149.79769897460938
48934,5,32,2,15,-10,15,-10,149.95309448242188
48934,5,29,2,12.5,-12.5,12.5,-12.5,150.29750061035156
48934,5,31,2,10,-10,10,-10,150.5198974609375
48934,5,22,2,12.5,-17.5,12.5,-17.5,151.24200439453125
48934,5,18,2,15,-23.5,15,-23.5,151.7971954345703
48934,5,19,2,15,-20,15,-20,151.9416046142578
48934,5,23,2,17.5,-17.5,17.5,-17.5,152.2198028564453
48934,5,21,2,20,-20,20,-20,152.4748992919922
48934,5,27,2,20,-15,20,-15,152.4976043701172
48934,5,30,2,17.5,-12.5,17.5,-12.5,152.7198028564453
48934,5,26,2,15,-15,15,-15,152.87539672851565
48934,5,25,2,10,-15,10,-15,153.2530975341797
48934,5,25,2,10,-15,10,-15,159.08639526367188
48934,5,29,2,12.5,-12.5,12.5,-12.5,163.02099609375
48934,5,26,2,15,-15,15,-15,163.1988067626953
48934,5,30,2,17.5,-12.5,17.5,-12.5,163.39889526367188
48934,5,33,2,20,-10,20,-10,163.87660217285156
48934,5,27,2,20,-15,20,-15,164.3209991455078
48934,5,21,2,20,-20,20,-20,164.7209930419922
48934,5,19,2,15,-20,15,-20,165.17669677734375
48934,5,22,2,12.5,-17.5,12.5,-17.5,165.43209838867188
48934,5,20,2,10,-20,10,-20,165.6988983154297
48934,5,25,2,10,-15,10,-15,166.0767059326172
48934,5,31,2,10,-10,10,-10,166.8321075439453
48934,5,17,2,10,1.5,10,1.5,167.85440063476565
48934,5,15,2,10,5,10,5,168.12100219726565
48934,5,16,2,15,5,15,5,168.3542022705078
48934,5,13,2,12.5,7.5,12.5,7.5,168.37649536132813
48934,5,9,2,10,10,10,10,168.6988983154297
48934,5,5,2,7.5,12.5,7.5,12.5,168.9987030029297
48934,5,8,2,5,10,5,10,169.23199462890625
48934,5,12,2,7.5,7.5,7.5,7.5,169.57659912109375
48934,5,14,2,5,5,5,5,169.9208984375
48934,5,68,2,-10,-1.5,-10,-1.5,171.3986053466797
48934,5,66,2,-10,-5,-10,-5,171.87649536132813
48934,5,63,2,-7.5,-7.5,-7.5,-7.5,172.17649841308594
48934,5,65,2,-5,-5,-5,-5,172.3988037109375
48934,5,58,2,-1.5,-10,-1.5,-10,172.75430297851565
48934,5,53,2,-5,-15,-5,-15,173.154296875
48934,5,56,2,-7.5,-12.5,-7.5,-12.5,173.23199462890625
48934,5,57,2,-12.5,-12.5,-12.5,-12.5,173.654296875
48934,5,60,2,-10,-10,-10,-10,173.67640686035156
48934,5,61,2,-15,-10,-15,-10,173.95440673828125
48934,5,67,2,-15,-5,-15,-5,174.2541046142578
48934,5,62,2,-18.5,-10,-18.5,-10,174.79859924316406
48934,5,55,2,-15,-15,-15,-15,175.32080078125
48934,5,54,2,-10,-15,-10,-15,175.63189697265625
48934,5,59,2,-5,-10,-5,-10,176.2541961669922
48934,5,66,2,-10,-5,-10,-5,176.89869689941406
48934,5,68,2,-10,-1.5,-10,-1.5,177.0543975830078
48934,5,51,2,-15,6.5,-15,6.5,177.92080688476565
48934,5,48,2,-10,10,-10,10,178.2209014892578
48934,5,46,2,-12.5,12.5,-12.5,12.5,178.39869689941406
48934,5,43,2,-15,15,-15,15,178.6540985107422
48934,5,47,2,-17.5,12.5,-17.5,12.5,178.92080688476565
48934,5,50,2,-20,10,-20,10,179.17630004882813
48934,5,44,2,-20,15,-20,15,179.6208953857422
48934,5,40,2,-17.5,17.5,-17.5,17.5,179.89869689941406
48934,5,36,2,-15,20,-15,20,180.17640686035156
48934,5,45,2,-23.5,15,-23.5,15,181.2987060546875
48934,5,49,2,-15,10,-15,10,182.0984039306641
48934,5,42,2,-10,15,-10,15,182.82069396972656
48934,5,39,2,-12.5,17.5,-12.5,17.5,183.1208953857422
48934,5,35,2,-15,23.5,-15,23.5,183.7541046142578
48934,5,38,2,-20,20,-20,20,184.23179626464844
48934,5,43,2,-15,15,-15,15,184.7541961669922
48934,5,46,2,-12.5,12.5,-12.5,12.5,185.0540008544922
48934,5,48,2,-10,10,-10,10,185.4207000732422
48934,5,67,2,-15,-5,-15,-5,186.72059631347656
48934,5,66,2,-10,-5,-10,-5,186.9761962890625
48934,5,63,2,-7.5,-7.5,-7.5,-7.5,187.2761993408203
48934,5,59,2,-5,-10,-5,-10,187.55389404296875
48934,5,53,2,-5,-15,-5,-15,187.83169555664065
48934,5,52,2,-10,-18.5,-10,-18.5,188.2539978027344
48934,5,54,2,-10,-15,-10,-15,188.4983062744141
48934,5,55,2,-15,-15,-15,-15,188.63169860839844
48934,5,62,2,-18.5,-10,-18.5,-10,189.12060546875
48934,5,57,2,-12.5,-12.5,-12.5,-12.5,190.12049865722656
48934,5,61,2,-15,-10,-15,-10,190.4761962890625
48934,5,7,2,1.5,10,1.5,10,192.85400390625
48934,5,8,2,5,10,5,10,193.1316070556641
48934,5,5,2,7.5,12.5,7.5,12.5,193.43170166015625
48934,5,3,2,10,15,10,15,193.73159790039065
48934,5,1,2,10,18.5,10,18.5,193.87600708007813
48934,5,4,2,15,15,15,15,194.35389709472656
48934,5,6,2,12.5,12.5,12.5,12.5,194.79840087890625
48934,5,10,2,15,10,15,10,194.8318023681641
48934,5,9,2,10,10,10,10,195.0760040283203
48934,5,12,2,7.5,7.5,7.5,7.5,195.35400390625
48934,5,14,2,5,5,5,5,195.6539001464844
48934,5,17,2,10,1.5,10,1.5,196.09829711914065
48934,5,16,2,15,5,15,5,196.63150024414065
48934,5,13,2,12.5,7.5,12.5,7.5,196.83160400390625
48934,5,11,2,18.5,10,18.5,10,197.52049255371097
48934,5,15,2,10,5,10,5,198.42059326171875
48934,5,5,2,7.5,12.5,7.5,12.5,199.25369262695313
48934,5,2,2,5,15,5,15,199.47610473632813
48934,5,12,2,7.5,7.5,7.5,7.5,201.12030029296875
48934,5,9,2,10,10,10,10,201.798095703125
48934,5,13,2,12.5,7.5,12.5,7.5,201.8538055419922
48934,5,41,2,-6.5,15,-6.5,15,203.3979949951172
48934,5,48,2,-10,10,-10,10,203.83140563964844
48934,5,46,2,-12.5,12.5,-12.5,12.5,204.02029418945313
48934,5,42,2,-10,15,-10,15,204.07589721679688
48934,5,43,2,-15,15,-15,15,204.298095703125
48934,5,39,2,-12.5,17.5,-12.5,17.5,204.32029724121097
48934,5,37,2,-10,20,-10,20,204.62030029296875
48934,5,35,2,-15,23.5,-15,23.5,204.9980010986328
48934,5,38,2,-20,20,-20,20,205.47579956054688
48934,5,45,2,-23.5,15,-23.5,15,205.95359802246097
48934,5,44,2,-20,15,-20,15,206.12030029296875
48934,5,47,2,-17.5,12.5,-17.5,12.5,206.3538055419922
48934,5,49,2,-15,10,-15,10,206.75360107421875
48934,5,51,2,-15,6.5,-15,6.5,207.09820556640625
48934,5,68,2,-10,-1.5,-10,-1.5,208.02020263671875
48934,5,66,2,-10,-5,-10,-5,208.2758026123047
48934,5,64,2,-12.5,-7.5,-12.5,-7.5,208.4980926513672
48934,5,61,2,-15,-10,-15,-10,208.79800415039065
48934,5,62,2,-18.5,-10,-18.5,-10,209.02020263671875
48934,5,55,2,-15,-15,-15,-15,209.52020263671875
48934,5,54,2,-10,-15,-10,-15,209.93150329589844
48934,5,56,2,-7.5,-12.5,-7.5,-12.5,210.1759033203125
48934,5,59,2,-5,-10,-5,-10,210.47579956054688
48934,5,31,2,10,-10,10,-10,211.9980010986328
48934,5,29,2,12.5,-12.5,12.5,-12.5,212.2978973388672
48934,5,26,2,15,-15,15,-15,212.57569885253903
48934,5,22,2,12.5,-17.5,12.5,-17.5,212.79800415039065
48934,5,25,2,10,-15,10,-15,212.87570190429688
48934,5,20,2,10,-20,10,-20,213.097900390625
48934,5,19,2,15,-20,15,-20,213.3979034423828
48934,5,23,2,17.5,-17.5,17.5,-17.5,213.6757049560547
48934,5,27,2,20,-15,20,-15,213.99789428710935
48934,5,28,2,23.5,-15,23.5,-15,214.3979034423828
48934,5,30,2,17.5,-12.5,17.5,-12.5,214.87570190429688
48934,5,32,2,15,-10,15,-10,215.1759033203125
48934,5,34,2,15,-6.5,15,-6.5,215.49789428710935
48934,5,17,2,10,1.5,10,1.5,216.27569580078125
48934,5,15,2,10,5,10,5,216.77560424804688
48934,5,13,2,12.5,7.5,12.5,7.5,217.0312957763672
48934,5,9,2,10,10,10,10,217.33120727539065
48934,5,6,2,12.5,12.5,12.5,12.5,217.39779663085935
48934,5,5,2,7.5,12.5,7.5,12.5,217.597900390625
48934,5,8,2,5,10,5,10,217.7978973388672
48934,5,7,2,1.5,10,1.5,10,218.0980987548828
48934,5,12,2,7.5,7.5,7.5,7.5,218.37559509277344
48934,5,14,2,5,5,5,5,218.84230041503903
48934,5,68,2,-10,-1.5,-10,-1.5,220.22019958496097
48934,5,66,2,-10,-5,-10,-5,220.52000427246097
48934,5,63,2,-7.5,-7.5,-7.5,-7.5,220.73129272460935
48934,5,59,2,-5,-10,-5,-10,221.03140258789065
48934,6,31,5,10,-10,10,-10,1665.0179443359375
48934,6,25,5,10,-15,10,-15,1665.2509765625
48934,6,24,5,6.5,-15,6.5,-15,1665.3179931640625
48934,6,20,4,10,-20,10,-20,1665.6949462890625
48934,6,19,2,15,-20,15,-20,1666.1400146484375
48934,6,23,2,17.5,-17.5,17.5,-17.5,1666.4620361328125
48934,6,30,4,17.5,-12.5,17.5,-12.5,1666.873046875
48934,6,32,5,15,-10,15,-10,1667.3399658203125
48934,6,34,5,15,-6.5,15,-6.5,1667.39599609375
48934,6,16,4,15,5,15,5,1668.373046875
48934,6,10,2,15,10,15,10,1668.8179931640625
48934,6,4,1,15,15,15,15,1669.239990234375
48934,6,1,1,10,18.5,10,18.5,1669.717041015625
48934,6,41,5,-6.5,15,-6.5,15,1670.9949951171875
48934,6,48,5,-10,10,-10,10,1671.4730224609375
48934,6,51,5,-15,6.5,-15,6.5,1671.9730224609375
48934,6,65,5,-5,-5,-5,-5,1673.6619873046875
48934,6,63,4,-7.5,-7.5,-7.5,-7.5,1673.89501953125
48934,6,59,5,-5,-10,-5,-10,1674.06201171875
48934,6,60,2,-10,-10,-10,-10,1674.239990234375
48934,6,56,4,-7.5,-12.5,-7.5,-12.5,1674.4730224609375
48934,6,54,2,-10,-15,-10,-15,1674.6400146484375
48934,6,24,5,6.5,-15,6.5,-15,1677.239990234375
48934,6,31,5,10,-10,10,-10,1677.6729736328125
48934,6,34,5,15,-6.5,15,-6.5,1678.218017578125
48934,6,17,5,10,1.5,10,1.5,1679.0169677734375
48934,6,14,5,5,5,5,5,1679.56201171875
48934,6,7,5,1.5,10,1.5,10,1680.1400146484375
48934,6,41,5,-6.5,15,-6.5,15,1680.7950439453125
48934,6,48,5,-10,10,-10,10,1681.094970703125
48934,6,51,5,-15,6.5,-15,6.5,1681.6400146484375
48934,6,67,4,-15,-5,-15,-5,1682.739013671875
48934,6,64,4,-12.5,-7.5,-12.5,-7.5,1683.0169677734375
48934,6,60,2,-10,-10,-10,-10,1683.3609619140625
48934,6,63,4,-7.5,-7.5,-7.5,-7.5,1683.6400146484375
48934,6,66,5,-10,-5,-10,-5,1683.862060546875
48934,6,68,5,-10,-1.5,-10,-1.5,1684.1390380859375
48934,6,59,5,-5,-10,-5,-10,1685.362060546875
48934,6,24,5,6.5,-15,6.5,-15,1687.0179443359375
48934,6,31,5,10,-10,10,-10,1687.8389892578125
48934,6,32,5,15,-10,15,-10,1688.27294921875
48934,6,17,5,10,1.5,10,1.5,1689.4169921875
48934,6,15,5,10,5,10,5,1689.5389404296875
48934,6,12,4,7.5,7.5,7.5,7.5,1689.8609619140625
48934,6,8,5,5,10,5,10,1690.1400146484375
48934,6,7,5,1.5,10,1.5,10,1690.43896484375
48934,6,41,5,-6.5,15,-6.5,15,1691.6610107421875
48934,6,42,5,-10,15,-10,15,1691.739013671875
48934,6,48,5,-10,10,-10,10,1692.116943359375
48934,6,51,5,-15,6.5,-15,6.5,1692.6729736328125
48934,6,67,4,-15,-5,-15,-5,1693.6619873046875
48934,6,64,4,-12.5,-7.5,-12.5,-7.5,1693.9169921875
48934,6,61,2,-15,-10,-15,-10,1694.1619873046875
48934,6,57,2,-12.5,-12.5,-12.5,-12.5,1694.373046875
48934,6,56,4,-7.5,-12.5,-7.5,-12.5,1694.739990234375
48934,6,60,2,-10,-10,-10,-10,1694.8389892578125
48934,6,59,5,-5,-10,-5,-10,1694.9169921875
48934,6,63,4,-7.5,-7.5,-7.5,-7.5,1695.0400390625
48934,6,65,5,-5,-5,-5,-5,1695.260986328125
48934,6,66,5,-10,-5,-10,-5,1695.4949951171875
48934,6,68,5,-10,-1.5,-10,-1.5,1695.594970703125
48934,6,58,5,-1.5,-10,-1.5,-10,1697.116943359375
48934,6,24,5,6.5,-15,6.5,-15,1697.8609619140625
48934,6,20,4,10,-20,10,-20,1698.39501953125
48934,6,18,1,15,-23.5,15,-23.5,1701.217041015625
48934,6,19,2,15,-20,15,-20,1701.4169921875
48934,6,22,4,12.5,-17.5,12.5,-17.5,1701.594970703125
48934,6,26,2,15,-15,15,-15,1701.8389892578125
48934,6,29,4,12.5,-12.5,12.5,-12.5,1702.0169677734375
48934,6,31,5,10,-10,10,-10,1702.260986328125
48934,6,34,5,15,-6.5,15,-6.5,1702.739013671875
48934,6,15,5,10,5,10,5,1703.8389892578125
48934,6,12,4,7.5,7.5,7.5,7.5,1704.1610107421875
48934,6,8,5,5,10,5,10,1704.43896484375
48934,6,68,5,-10,-1.5,-10,-1.5,1706.9610595703125
48934,6,65,5,-5,-5,-5,-5,1707.4169921875
48934,6,63,4,-7.5,-7.5,-7.5,-7.5,1707.77197265625
48934,6,59,5,-5,-10,-5,-10,1707.8389892578125
48934,6,60,2,-10,-10,-10,-10,1708.072021484375
48934,6,56,4,-7.5,-12.5,-7.5,-12.5,1708.1390380859375
48934,6,54,2,-10,-15,-10,-15,1708.39404296875
48934,6,53,4,-5,-15,-5,-15,1708.739013671875
48934,6,24,5,6.5,-15,6.5,-15,1710.6610107421875
48934,6,31,5,10,-10,10,-10,1711.072998046875
48934,6,34,5,15,-6.5,15,-6.5,1711.6610107421875
48934,6,17,5,10,1.5,10,1.5,1712.2950439453125
48934,6,15,5,10,5,10,5,1712.572021484375
48934,6,14,5,5,5,5,5,1712.8609619140625
48934,6,12,4,7.5,7.5,7.5,7.5,1712.89404296875
48934,6,8,5,5,10,5,10,1713.1719970703125
48934,6,7,5,1.5,10,1.5,10,1713.2950439453125
48934,6,41,5,-6.5,15,-6.5,15,1714.2159423828125
48934,6,37,4,-10,20,-10,20,1714.6390380859375
48934,6,42,5,-10,15,-10,15,1717.239013671875
48934,6,48,5,-10,10,-10,10,1717.6390380859375
48934,6,68,5,-10,-1.5,-10,-1.5,1718.9720458984375
48934,6,66,5,-10,-5,-10,-5,1719.06103515625
48934,6,63,4,-7.5,-7.5,-7.5,-7.5,1719.3719482421875
48934,6,59,5,-5,-10,-5,-10,1719.6390380859375
48934,6,56,4,-7.5,-12.5,-7.5,-12.5,1719.8170166015625
48934,6,53,4,-5,-15,-5,-15,1720.06103515625
48934,6,58,5,-1.5,-10,-1.5,-10,1722.6390380859375
48934,6,24,5,6.5,-15,6.5,-15,1723.7159423828125
48934,6,25,5,10,-15,10,-15,1724.06103515625
48934,6,31,5,10,-10,10,-10,1724.27197265625
48934,6,29,4,12.5,-12.5,12.5,-12.5,1724.3719482421875
48934,6,32,5,15,-10,15,-10,1724.6390380859375
48934,6,34,5,15,-6.5,15,-6.5,1724.739013671875
48934,6,53,4,-5,-15,-5,-15,1728.9620361328125
48934,6,56,4,-7.5,-12.5,-7.5,-12.5,1729.3389892578125
48934,6,59,5,-5,-10,-5,-10,1729.615966796875
48934,6,63,4,-7.5,-7.5,-7.5,-7.5,1729.77197265625
48934,6,65,5,-5,-5,-5,-5,1730.0389404296875
48934,6,66,5,-10,-5,-10,-5,1730.3719482421875
48934,6,68,5,-10,-1.5,-10,-1.5,1730.4610595703125
48934,6,24,5,6.5,-15,6.5,-15,1733.2159423828125
48934,6,20,4,10,-20,10,-20,1734.8160400390625
48934,6,19,2,15,-20,15,-20,1735.260986328125
48934,6,29,4,12.5,-12.5,12.5,-12.5,1738.738037109375
48934,6,32,5,15,-10,15,-10,1739.0159912109375
48934,6,8,5,5,10,5,10,1743.1610107421875
48934,6,12,4,7.5,7.5,7.5,7.5,1743.3719482421875
48934,6,14,5,5,5,5,5,1743.4940185546875
48934,6,51,5,-15,6.5,-15,6.5,1746.27197265625
48934,6,68,5,-10,-1.5,-10,-1.5,1747.0389404296875
48934,6,66,5,-10,-5,-10,-5,1747.27197265625
48934,6,65,5,-5,-5,-5,-5,1747.615966796875
48934,6,59,5,-5,-10,-5,-10,1747.8719482421875
48934,6,58,5,-1.5,-10,-1.5,-10,1748.0379638671875
48934,6,24,5,6.5,-15,6.5,-15,1748.93798828125
48934,6,31,5,10,-10,10,-10,1749.3380126953125
48934,6,34,5,15,-6.5,15,-6.5,1749.89404296875
48934,6,17,5,10,1.5,10,1.5,1750.637939453125
48934,6,15,5,10,5,10,5,1750.9599609375
48934,6,14,5,5,5,5,5,1751.1610107421875
48934,6,12,4,7.5,7.5,7.5,7.5,1751.27099609375
48934,6,8,5,5,10,5,10,1751.5379638671875
48934,6,7,5,1.5,10,1.5,10,1751.637939453125
48934,6,41,5,-6.5,15,-6.5,15,1752.4940185546875
48934,6,42,5,-10,15,-10,15,1752.8160400390625
48934,6,58,5,-1.5,-10,-1.5,-10,1756.615966796875
48934,6,24,5,6.5,-15,6.5,-15,1757.43798828125
48934,6,25,5,10,-15,10,-15,1757.77197265625
48934,6,29,4,12.5,-12.5,12.5,-12.5,1758.093994140625
48934,6,32,5,15,-10,15,-10,1758.3599853515625
48934,6,34,5,15,-6.5,15,-6.5,1758.4720458984375
48934,6,17,5,10,1.5,10,1.5,1760.7939453125
48934,6,15,5,10,5,10,5,1761.072021484375
48934,6,14,5,5,5,5,5,1761.3599853515625
48934,6,12,4,7.5,7.5,7.5,7.5,1761.39404296875
48934,6,8,5,5,10,5,10,1761.6719970703125
48934,6,7,5,1.5,10,1.5,10,1761.7939453125
48934,6,41,5,-6.5,15,-6.5,15,1762.6710205078125
48934,6,68,5,-10,-1.5,-10,-1.5,1763.970947265625
48934,6,51,5,-15,6.5,-15,6.5,1764.416015625
48934,6,48,5,-10,10,-10,10,1764.8380126953125
48934,6,65,5,-5,-5,-5,-5,1766.6939697265625
48934,6,59,5,-5,-10,-5,-10,1767.093994140625
48934,6,58,5,-1.5,-10,-1.5,-10,1767.137939453125
48934,6,24,5,6.5,-15,6.5,-15,1768.470947265625
48934,6,25,5,10,-15,10,-15,1768.8709716796875
48934,6,31,5,10,-10,10,-10,1769.2159423828125
48934,6,34,5,15,-6.5,15,-6.5,1770.4599609375
48934,6,32,5,15,-10,15,-10,1770.760009765625
48934,6,30,4,17.5,-12.5,17.5,-12.5,1770.970947265625
48934,6,29,4,12.5,-12.5,12.5,-12.5,1771.115966796875
48934,6,17,5,10,1.5,10,1.5,1772.56005859375
48934,6,31,5,10,-10,10,-10,1774.416015625
48934,6,58,5,-1.5,-10,-1.5,-10,1775.93798828125
48934,6,32,5,15,-10,15,-10,1777.0159912109375
48934,6,34,5,15,-6.5,15,-6.5,1779.8599853515625
48934,6,17,5,10,1.5,10,1.5,1780.7159423828125
48934,6,14,5,5,5,5,5,1781.29296875
48934,6,7,5,1.5,10,1.5,10,1781.8819580078125
48934,6,41,5,-6.5,15,-6.5,15,1782.5150146484375
48934,6,42,5,-10,15,-10,15,1782.79296875
48934,6,46,4,-12.5,12.5,-12.5,12.5,1783.0379638671875
48934,6,43,2,-15,15,-15,15,1783.3929443359375
48934,6,47,4,-17.5,12.5,-17.5,12.5,1783.571044921875
48934,6,48,5,-10,10,-10,10,1784.79296875
48934,6,68,5,-10,-1.5,-10,-1.5,1785.9599609375
48934,6,65,5,-5,-5,-5,-5,1786.8819580078125
48934,6,59,5,-5,-10,-5,-10,1787.29296875
48934,6,53,4,-5,-15,-5,-15,1787.9599609375
48934,6,54,2,-10,-15,-10,-15,1788.416015625
48934,6,56,4,-7.5,-12.5,-7.5,-12.5,1788.56005859375
48934,6,57,2,-12.5,-12.5,-12.5,-12.5,1788.6929931640625
48934,6,60,2,-10,-10,-10,-10,1788.77099609375
48934,6,64,4,-12.5,-7.5,-12.5,-7.5,1788.9820556640625
48934,6,63,4,-7.5,-7.5,-7.5,-7.5,1789.137939453125
48934,6,66,5,-10,-5,-10,-5,1789.1820068359375
48934,6,24,5,6.5,-15,6.5,-15,1790.760009765625
48934,6,25,5,10,-15,10,-15,1791.0379638671875
48934,6,31,5,10,-10,10,-10,1791.1820068359375
48934,6,29,4,12.5,-12.5,12.5,-12.5,1791.27099609375
48934,6,32,5,15,-10,15,-10,1791.5369873046875
48934,6,34,5,15,-6.5,15,-6.5,1791.637939453125
48934,6,33,4,20,-10,20,-10,1792.260009765625
48934,6,30,4,17.5,-12.5,17.5,-12.5,1792.4820556640625
48934,6,27,2,20,-15,20,-15,1792.6929931640625
48934,6,26,2,15,-15,15,-15,1792.916015625
48934,6,22,4,12.5,-17.5,12.5,-17.5,1795.3819580078125
48934,6,20,4,10,-20,10,-20,1795.6610107421875
48934,6,19,2,15,-20,15,-20,1796.593017578125
48934,6,21,1,20,-20,20,-20,1796.81494140625
48934,6,28,1,23.5,-15,23.5,-15,1797.29296875
48934,7,17,1,10,1.5,10,1.5,1249.47998046875
48934,7,16,2,15,5,15,5,1250.012939453125
48934,7,13,2,12.5,7.5,12.5,7.5,1250.280029296875
48934,7,10,4,15,10,15,10,1250.3909912109375
48934,7,6,4,12.5,12.5,12.5,12.5,1250.60205078125
48934,7,4,5,15,15,15,15,1250.780029296875
48934,7,3,4,10,15,10,15,1250.97998046875
48934,7,1,5,10,18.5,10,18.5,1251.135986328125
48934,7,2,2,5,15,5,15,1251.6800537109375
48934,7,8,1,5,10,5,10,1252.135986328125
48934,7,14,1,5,5,5,5,1252.5579833984375
48934,7,11,5,18.5,10,18.5,10,1254.47998046875
48934,7,28,5,23.5,-15,23.5,-15,1257.31298828125
48934,7,27,4,20,-15,20,-15,1257.5360107421875
48934,7,21,5,20,-20,20,-20,1257.7349853515625
48934,7,23,4,17.5,-17.5,17.5,-17.5,1257.81396484375
48934,7,19,4,15,-20,15,-20,1258.0799560546875
48934,7,18,5,15,-23.5,15,-23.5,1258.3800048828125
48934,7,20,2,10,-20,10,-20,1260.280029296875
48934,7,22,2,12.5,-17.5,12.5,-17.5,1260.5579833984375
48934,7,26,4,15,-15,15,-15,1260.81298828125
48934,7,30,2,17.5,-12.5,17.5,-12.5,1261.135009765625
48934,7,33,2,20,-10,20,-10,1261.43505859375
48934,7,34,1,15,-6.5,15,-6.5,1262.4129638671875
48934,7,11,5,18.5,10,18.5,10,1264.280029296875
48934,7,4,5,15,15,15,15,1264.657958984375
48934,7,1,5,10,18.5,10,18.5,1265.258056640625
48934,7,3,4,10,15,10,15,1266.157958984375
48934,7,6,4,12.5,12.5,12.5,12.5,1266.43505859375
48934,7,13,2,12.5,7.5,12.5,7.5,1266.7359619140625
48934,7,16,2,15,5,15,5,1267.001953125
48934,7,14,1,5,5,5,5,1267.60205078125
48934,7,53,2,-5,-15,-5,-15,1269.5579833984375
48934,7,52,5,-10,-18.5,-10,-18.5,1270.012939453125
48934,7,54,4,-10,-15,-10,-15,1270.2349853515625
48934,7,55,5,-15,-15,-15,-15,1270.47998046875
48934,7,57,4,-12.5,-12.5,-12.5,-12.5,1270.512939453125
48934,7,61,4,-15,-10,-15,-10,1270.81298828125
48934,7,62,5,-18.5,-10,-18.5,-10,1270.9129638671875
48934,7,67,2,-15,-5,-15,-5,1271.4129638671875
48934,7,64,2,-12.5,-7.5,-12.5,-7.5,1271.5570068359375
48934,7,60,4,-10,-10,-10,-10,1271.9019775390625
48934,7,56,2,-7.5,-12.5,-7.5,-12.5,1272.1800537109375
48934,7,18,5,15,-23.5,15,-23.5,1274.5570068359375
48934,7,19,4,15,-20,15,-20,1274.780029296875
48934,7,23,4,17.5,-17.5,17.5,-17.5,1275.0799560546875
48934,7,28,5,23.5,-15,23.5,-15,1275.5350341796875
48934,7,30,2,17.5,-12.5,17.5,-12.5,1276.4019775390625
48934,7,29,2,12.5,-12.5,12.5,-12.5,1276.81298828125
48934,7,52,5,-10,-18.5,-10,-18.5,1280.47998046875
48934,7,55,5,-15,-15,-15,-15,1282.0799560546875
48934,7,62,5,-18.5,-10,-18.5,-10,1282.656982421875
48934,7,38,5,-20,20,-20,20,1286.802001953125
48934,7,35,5,-15,23.5,-15,23.5,1287.3800048828125
48934,7,36,4,-15,20,-15,20,1287.9019775390625
48934,7,40,4,-17.5,17.5,-17.5,17.5,1288.10205078125
48934,7,44,4,-20,15,-20,15,1288.4129638671875
48934,7,45,5,-23.5,15,-23.5,15,1288.7020263671875
48934,7,43,4,-15,15,-15,15,1289.45703125
48934,7,39,2,-12.5,17.5,-12.5,17.5,1289.7020263671875
48934,7,42,1,-10,15,-10,15,1289.9129638671875
48934,7,41,1,-6.5,15,-6.5,15,1290.2020263671875
48934,7,2,2,5,15,5,15,1291.135009765625
48934,7,1,5,10,18.5,10,18.5,1291.512939453125
48934,7,3,4,10,15,10,15,1291.5350341796875
48934,7,4,5,15,15,15,15,1291.93505859375
48934,7,11,5,18.5,10,18.5,10,1292.635009765625
48934,7,10,4,15,10,15,10,1293.2130126953125
48934,7,6,4,12.5,12.5,12.5,12.5,1293.4129638671875
48934,7,9,4,10,10,10,10,1293.635009765625
48934,7,5,2,7.5,12.5,7.5,12.5,1293.8570556640625
48934,7,8,1,5,10,5,10,1294.1009521484375
48934,7,14,1,5,5,5,5,1294.5789794921875
48934,7,66,1,-10,-5,-10,-5,1296.2130126953125
48934,7,64,2,-12.5,-7.5,-12.5,-7.5,1296.501953125
48934,7,61,4,-15,-10,-15,-10,1296.7569580078125
48934,7,55,5,-15,-15,-15,-15,1297.2130126953125
48934,7,57,4,-12.5,-12.5,-12.5,-12.5,1297.43505859375
48934,7,54,4,-10,-15,-10,-15,1297.5789794921875
48934,7,52,5,-10,-18.5,-10,-18.5,1299.81298828125
48934,7,62,5,-18.5,-10,-18.5,-10,1301.678955078125
48934,7,67,2,-15,-5,-15,-5,1302.93505859375
48934,7,66,1,-10,-5,-10,-5,1303.3570556640625
48934,7,68,1,-10,-1.5,-10,-1.5,1303.7569580078125
48934,7,64,2,-12.5,-7.5,-12.5,-7.5,1304.8570556640625
48934,7,61,4,-15,-10,-15,-10,1305.0350341796875
48934,7,57,4,-12.5,-12.5,-12.5,-12.5,1305.2349853515625
48934,7,55,5,-15,-15,-15,-15,1305.43505859375
48934,7,52,5,-10,-18.5,-10,-18.5,1305.8349609375
48934,7,58,1,-1.5,-10,-1.5,-10,1307.2349853515625
48934,7,4,5,15,15,15,15,1313.81201171875
48934,7,10,4,15,10,15,10,1313.95703125
48934,7,6,4,12.5,12.5,12.5,12.5,1315.4010009765625
48934,7,3,4,10,15,10,15,1315.7130126953125
48934,7,1,5,10,18.5,10,18.5,1316.0009765625
48934,7,4,5,15,15,15,15,1320.2010498046875
48934,7,6,4,12.5,12.5,12.5,12.5,1320.4119873046875
48934,7,10,4,15,10,15,10,1320.612060546875
48934,7,11,5,18.5,10,18.5,10,1320.656982421875
48934,7,21,5,20,-20,20,-20,1330.5340576171875
48934,7,23,4,17.5,-17.5,17.5,-17.5,1330.779052734375
48934,7,27,4,20,-15,20,-15,1330.9010009765625
48934,7,28,5,23.5,-15,23.5,-15,1331.2130126953125
48934,7,30,2,17.5,-12.5,17.5,-12.5,1332.1009521484375
48934,7,29,2,12.5,-12.5,12.5,-12.5,1332.511962890625
48934,7,25,1,10,-15,10,-15,1332.801025390625
48934,7,22,2,12.5,-17.5,12.5,-17.5,1333.0570068359375
48934,7,20,2,10,-20,10,-20,1333.178955078125
48934,7,18,5,15,-23.5,15,-23.5,1333.7559814453125
48934,7,52,5,-10,-18.5,-10,-18.5,1345.011962890625
48934,7,55,5,-15,-15,-15,-15,1345.4119873046875
48934,7,62,5,-18.5,-10,-18.5,-10,1346.0009765625
48934,7,45,5,-23.5,15,-23.5,15,1349.47900390625
48934,7,38,5,-20,20,-20,20,1349.9560546875
48934,7,35,5,-15,23.5,-15,23.5,1350.47900390625
48934,7,4,5,15,15,15,15,1357
48934,7,11,5,18.5,10,18.5,10,1358.85595703125
48934,7,10,4,15,10,15,10,1359.156005859375
48934,7,6,4,12.5,12.5,12.5,12.5,1359.4119873046875
48934,7,3,4,10,15,10,15,1359.7010498046875
48934,7,1,5,10,18.5,10,18.5,1359.9560546875
48934,7,37,2,-10,20,-10,20,1361.634033203125
48934,7,39,4,-15,20,-12.5,17.5,1362
48934,7,36,4,-15,20,-15,20,1362.010986328125
48934,7,38,5,-20,20,-20,20,1362.4119873046875
48934,7,45,5,-23.5,15,-23.5,15,1363.2779541015625
48934,7,50,2,-20,10,-20,10,1363.85595703125
48934,7,51,1,-15,6.5,-15,6.5,1364.4339599609375
48934,7,66,1,-10,-5,-10,-5,1367.800048828125
48934,7,64,2,-12.5,-7.5,-12.5,-7.5,1368.0789794921875
48934,7,60,4,-10,-10,-10,-10,1368.31103515625
48934,7,57,4,-12.5,-12.5,-12.5,-12.5,1368.4560546875
48934,7,54,4,-10,-15,-10,-15,1368.656005859375
48934,7,52,5,-10,-18.5,-10,-18.5,1368.9119873046875
48934,7,18,5,15,-23.5,15,-23.5,1371.2559814453125
48934,7,19,4,15,-20,15,-20,1371.47802734375
48934,7,21,5,20,-20,20,-20,1371.7559814453125
48934,7,27,4,20,-15,20,-15,1372.0560302734375
48934,7,28,5,23.5,-15,23.5,-15,1372.177978515625
48934,7,33,2,20,-10,20,-10,1372.7559814453125
48934,7,30,2,17.5,-12.5,17.5,-12.5,1372.9560546875
48934,7,32,1,15,-10,15,-10,1373.177978515625
48934,7,29,2,12.5,-12.5,12.5,-12.5,1373.3780517578125
48934,7,31,1,10,-10,10,-10,1373.6009521484375
48934,7,11,5,18.5,10,18.5,10,1376.2340087890625
48934,7,4,5,15,15,15,15,1376.7340087890625
48934,7,1,5,10,18.5,10,18.5,1377.2340087890625
48934,7,37,2,-10,20,-10,20,1379.0780029296875
48934,7,36,4,-15,20,-15,20,1379.47802734375
48934,7,38,5,-20,20,-20,20,1379.8780517578125
48934,7,35,5,-15,23.5,-15,23.5,1382.677978515625
48934,7,43,4,-15,15,-15,15,1383.4119873046875
48934,7,47,2,-17.5,12.5,-17.5,12.5,1383.699951171875
48934,7,50,2,-20,10,-20,10,1384
48934,7,45,5,-23.5,15,-23.5,15,1385.133056640625
48934,7,44,4,-20,15,-20,15,1389.02197265625
48934,7,40,4,-17.5,17.5,-17.5,17.5,1389.2559814453125
48934,7,36,4,-15,20,-15,20,1389.532958984375
48934,7,35,5,-15,23.5,-15,23.5,1389.7779541015625
48934,7,38,5,-20,20,-20,20,1392.300048828125
48934,7,45,5,-23.5,15,-23.5,15,1392.85498046875
48934,7,47,2,-17.5,12.5,-17.5,12.5,1393.97802734375
48934,7,46,2,-12.5,12.5,-12.5,12.5,1394.3780517578125
48934,7,2,2,5,15,5,15,1395.8780517578125
48934,7,5,2,7.5,12.5,7.5,12.5,1396.0780029296875
48934,7,3,4,10,15,10,15,1396.2779541015625
48934,7,1,5,10,18.5,10,18.5,1396.52197265625
48934,7,4,5,15,15,15,15,1396.85498046875
48934,7,10,4,15,10,15,10,1397.3330078125
48934,7,16,2,15,5,15,5,1397.7779541015625
48934,7,17,1,10,1.5,10,1.5,1398.35498046875
48934,7,59,1,-5,-10,-5,-10,1400.032958984375
48934,7,60,4,-10,-10,-10,-10,1400.300048828125
48934,7,57,4,-12.5,-12.5,-12.5,-12.5,1400.6219482421875
48934,7,61,4,-15,-10,-15,-10,1400.7340087890625
48934,7,55,5,-15,-15,-15,-15,1400.8780517578125
48934,7,62,5,-18.5,-10,-18.5,-10,1402.4549560546875
48934,7,67,2,-15,-5,-15,-5,1403.032958984375
48934,7,64,2,-12.5,-7.5,-12.5,-7.5,1403.2330322265625
48934,7,66,1,-10,-5,-10,-5,1403.47705078125
48934,7,53,2,-5,-15,-5,-15,1404.322021484375
48934,7,52,5,-10,-18.5,-10,-18.5,1405.0550537109375
48934,7,60,4,-10,-10,-10,-10,1406.5999755859375
48934,7,59,1,-5,-10,-5,-10,1407.0999755859375
48934,7,58,1,-1.5,-10,-1.5,-10,1407.376953125
48934,7,31,1,10,-10,10,-10,1408.3330078125
48934,7,32,1,15,-10,15,-10,1408.7550048828125
48934,7,30,2,17.5,-12.5,17.5,-12.5,1409.032958984375
48934,7,26,4,15,-15,15,-15,1409.2220458984375
48934,7,23,4,17.5,-17.5,17.5,-17.5,1409.4329833984375
48934,7,21,5,20,-20,20,-20,1409.698974609375
48934,7,28,5,23.5,-15,23.5,-15,1410.7550048828125
48934,7,33,2,20,-10,20,-10,1411.4549560546875
48934,7,19,4,15,-20,15,-20,1412.376953125
48934,7,18,5,15,-23.5,15,-23.5,1412.633056640625
48934,7,53,2,-5,-15,-5,-15,1415.4000244140625
48934,7,56,2,-7.5,-12.5,-7.5,-12.5,1415.6219482421875
48934,7,54,4,-10,-15,-10,-15,1415.7989501953125
48934,7,57,4,-12.5,-12.5,-12.5,-12.5,1416
48934,7,55,5,-15,-15,-15,-15,1416.198974609375
48934,7,62,5,-18.5,-10,-18.5,-10,1416.876953125
48934,7,52,5,-10,-18.5,-10,-18.5,1417.9219970703125
48934,7,51,1,-15,6.5,-15,6.5,1421.376953125
48934,7,49,1,-15,10,-15,10,1421.677001953125
48934,7,43,4,-15,15,-15,15,1422.032958984375
48934,7,36,4,-15,20,-15,20,1422.4549560546875
48934,7,35,5,-15,23.5,-15,23.5,1422.7330322265625
48934,7,45,5,-23.5,15,-23.5,15,1424.9329833984375
48934,7,44,4,-20,15,-20,15,1425.2550048828125
48934,7,40,4,-17.5,17.5,-17.5,17.5,1425.532958984375
48934,7,38,5,-20,20,-20,20,1427.5780029296875
48934,7,35,5,-15,23.5,-15,23.5,1428.655029296875
48934,7,36,4,-15,20,-15,20,1429
48934,7,39,2,-12.5,17.5,-12.5,17.5,1429.2220458984375
48934,7,43,4,-15,15,-15,15,1429.3990478515625
48934,7,49,1,-15,10,-15,10,1429.85498046875
48934,7,51,1,-15,6.5,-15,6.5,1430.199951171875
48934,7,68,1,-10,-1.5,-10,-1.5,1430.97705078125
48934,7,63,2,-7.5,-7.5,-7.5,-7.5,1431.5550537109375
48934,7,60,4,-10,-10,-10,-10,1431.7330322265625
48934,7,64,2,-12.5,-7.5,-12.5,-7.5,1431.9000244140625
48934,7,61,4,-15,-10,-15,-10,1432.0989990234375
48934,7,57,4,-12.5,-12.5,-12.5,-12.5,1432.2769775390625
48934,7,55,5,-15,-15,-15,-15,1432.4219970703125
48934,7,52,5,-10,-18.5,-10,-18.5,1432.9329833984375
48934,7,62,5,-18.5,-10,-18.5,-10,1434.5550537109375
48934,7,67,2,-15,-5,-15,-5,1435.02197265625
48934,7,51,1,-15,6.5,-15,6.5,1435.9990234375
48934,7,49,1,-15,10,-15,10,1436.300048828125
48934,7,47,2,-17.5,12.5,-17.5,12.5,1436.47705078125
48934,7,43,4,-15,15,-15,15,1436.655029296875
48934,7,40,4,-17.5,17.5,-17.5,17.5,1436.876953125
48934,7,36,4,-15,20,-15,20,1437.0770263671875
48934,7,35,5,-15,23.5,-15,23.5,1437.35498046875
48934,7,1,5,10,18.5,10,18.5,1439.876953125
48934,7,4,5,15,15,15,15,1440.2989501953125
48934,7,11,5,18.5,10,18.5,10,1440.876953125
48934,7,34,1,15,-6.5,15,-6.5,1442.4990234375
48934,7,32,1,15,-10,15,-10,1442.7769775390625
48934,7,30,2,17.5,-12.5,17.5,-12.5,1443.02099609375
48934,7,26,4,15,-15,15,-15,1443.177001953125
48934,7,23,4,17.5,-17.5,17.5,-17.5,1443.3990478515625
48934,7,28,5,23.5,-15,23.5,-15,1444.2769775390625
48934,7,19,4,15,-20,15,-20,1444.8990478515625
48934,7,18,5,15,-23.5,15,-23.5,1445.177001953125
48934,7,21,5,20,-20,20,-20,1446.2989501953125
48934,7,27,4,20,-15,20,-15,1446.7330322265625
48934,7,33,2,20,-10,20,-10,1447.177001953125
48934,7,32,1,15,-10,15,-10,1447.7989501953125
48934,7,31,1,10,-10,10,-10,1448.031982421875
48934,7,53,2,-5,-15,-5,-15,1450.2550048828125
48934,7,56,2,-7.5,-12.5,-7.5,-12.5,1450.5770263671875
48934,7,54,4,-10,-15,-10,-15,1450.821044921875
48934,7,52,5,-10,-18.5,-10,-18.5,1451.0989990234375
48934,7,54,4,-10,-15,-10,-15,1455.85400390625
48934,8,36,5,5,-5,5,-5,413.739501953125
48934,8,42,5,5,-10,5,-10,413.9728088378906
48934,8,39,4,7.5,-7.5,7.5,-7.5,414.0617065429687
48934,8,41,5,1.5,-10,1.5,-10,414.23968505859375
48934,8,48,4,5,-15,5,-15,414.7950134277344
48934,8,49,2,10,-15,10,-15,415.2616882324219
48934,8,47,2,12.5,-12.5,12.5,-12.5,415.5173034667969
48934,8,44,2,15,-10,15,-10,415.8395080566406
48934,8,40,4,12.5,-7.5,12.5,-7.5,416.0172119140625
48934,8,43,2,10,-10,10,-10,416.2171936035156
48934,8,37,5,10,-5,10,-5,416.4616088867187
48934,8,38,4,15,-5,15,-5,416.739501953125
48934,8,35,5,10,-1.5,10,-1.5,417.0393981933594
48934,8,17,5,15,6.5,15,6.5,417.6174926757813
48934,8,15,5,15,10,15,10,417.9616088867187
48934,8,14,5,10,10,10,10,418.07281494140625
48934,8,12,4,12.5,12.5,12.5,12.5,418.4617004394531
48934,8,8,5,10,15,10,15,418.4949035644531
48934,8,9,2,15,15,15,15,418.7394104003906
48934,8,13,4,17.5,12.5,17.5,12.5,418.8949890136719
48934,8,16,4,20,10,20,10,419.1950073242187
48934,8,11,1,23.5,15,23.5,15,419.7171936035156
48934,8,10,2,20,15,20,15,420.1726989746094
48934,8,4,1,20,20,20,20,421.2616882324219
48934,8,6,2,17.5,17.5,17.5,17.5,421.4949035644531
48934,8,5,4,12.5,17.5,12.5,17.5,421.9616088867187
48934,8,3,2,15,20,15,20,422.1170959472656
48934,8,1,1,15,23.5,15,23.5,422.51708984375
48934,8,2,4,10,20,10,20,422.8948974609375
48934,8,7,5,6.5,15,6.5,15,423.3616027832031
48934,8,8,5,10,15,10,15,423.5169982910156
48934,8,14,5,10,10,10,10,423.7726135253906
48934,8,12,4,12.5,12.5,12.5,12.5,423.9169921875
48934,8,15,5,15,10,15,10,424.172607421875
48934,8,17,5,15,6.5,15,6.5,424.2615051269531
48934,8,16,4,20,10,20,10,424.7727966308594
48934,8,13,4,17.5,12.5,17.5,12.5,425.0617065429687
48934,8,10,2,20,15,20,15,426.4393005371094
48934,8,6,2,17.5,17.5,17.5,17.5,426.7726135253906
48934,8,3,2,15,20,15,20,427.1393127441406
48934,8,5,4,12.5,17.5,12.5,17.5,427.1947937011719
48934,8,9,2,15,15,15,15,427.7170104980469
48934,8,38,4,15,-5,15,-5,429.51708984375
48934,8,37,5,10,-5,10,-5,429.69488525390625
48934,8,40,4,12.5,-7.5,12.5,-7.5,429.8169860839844
48934,8,39,4,7.5,-7.5,7.5,-7.5,430.0169982910156
48934,8,42,5,5,-10,5,-10,430.2947998046875
48934,8,46,4,7.5,-12.5,7.5,-12.5,430.3948059082031
48934,8,41,5,1.5,-10,1.5,-10,430.6614074707031
48934,8,35,5,10,-1.5,10,-1.5,431.4613952636719
48934,8,36,5,5,-5,5,-5,431.6614074707031
48934,8,43,2,10,-10,10,-10,432.3171997070313
48934,8,47,2,12.5,-12.5,12.5,-12.5,432.6170043945313
48934,8,49,2,10,-15,10,-15,432.9169006347656
48934,8,48,4,5,-15,5,-15,433.3724060058594
48934,8,61,5,-5,-20,-5,-20,434.4726867675781
48934,8,60,5,-10,-20,-10,-20,434.7724914550781
48934,8,63,4,-15,-25,-15,-25,435.3725891113281
48934,8,66,4,-10,-30,-10,-30,435.81689453125
48934,8,57,4,-15,-15,-15,-15,437.3169860839844
48934,8,52,5,-20,-5,-20,-5,438.4948120117187
48934,8,54,5,-20,-10,-20,-10,438.73919677734375
48934,8,55,5,-10,-10,-10,-10,439.49468994140625
48934,8,41,5,1.5,-10,1.5,-10,440.4612121582031
48934,8,42,5,5,-10,5,-10,440.76129150390625
48934,8,39,4,7.5,-7.5,7.5,-7.5,441.03900146484375
48934,8,36,5,5,-5,5,-5,441.16119384765625
48934,8,37,5,10,-5,10,-5,441.2945861816406
48934,8,35,5,10,-1.5,10,-1.5,441.5722961425781
48934,8,38,4,15,-5,15,-5,441.8947143554687
48934,8,44,2,15,-10,15,-10,442.4171142578125
48934,8,47,2,12.5,-12.5,12.5,-12.5,442.67230224609375
48934,8,49,2,10,-15,10,-15,442.9612121582031
48934,8,61,5,-5,-20,-5,-20,444.3612060546875
48934,8,60,5,-10,-20,-10,-20,444.7723083496094
48934,8,57,4,-15,-15,-15,-15,445.4166870117187
48934,8,54,5,-20,-10,-20,-10,445.972412109375
48934,8,52,5,-20,-5,-20,-5,447.0611877441406
48934,8,55,5,-10,-10,-10,-10,448.06109619140625
48934,8,41,5,1.5,-10,1.5,-10,449.0166931152344
48934,8,42,5,5,-10,5,-10,449.2944030761719
48934,8,39,4,7.5,-7.5,7.5,-7.5,449.57220458984375
48934,8,36,5,5,-5,5,-5,449.5943908691406
48934,8,37,5,10,-5,10,-5,449.83880615234375
48934,8,35,5,10,-1.5,10,-1.5,449.9945983886719
48934,8,40,4,12.5,-7.5,12.5,-7.5,450.3168029785156
48934,8,38,4,15,-5,15,-5,450.3611145019531
48934,8,44,2,15,-10,15,-10,450.6166076660156
48934,8,47,2,12.5,-12.5,12.5,-12.5,450.81689453125
48934,8,43,2,10,-10,10,-10,450.8721923828125
48934,8,46,4,7.5,-12.5,7.5,-12.5,451.0943908691406
48934,8,49,2,10,-15,10,-15,451.1166076660156
48934,8,48,4,5,-15,5,-15,451.3945007324219
48934,8,61,5,-5,-20,-5,-20,452.3944091796875
48934,8,63,4,-15,-25,-15,-25,453.96099853515625
48934,8,66,4,-10,-30,-10,-30,455.19439697265625
48934,8,60,5,-10,-20,-10,-20,455.96099853515625
48934,8,41,5,1.5,-10,1.5,-10,457.1387939453125
48934,8,42,5,5,-10,5,-10,457.2943115234375
48934,8,39,4,7.5,-7.5,7.5,-7.5,457.6164855957031
48934,8,36,5,5,-5,5,-5,457.7388916015625
48934,8,37,5,10,-5,10,-5,457.87200927734375
48934,8,35,5,10,-1.5,10,-1.5,458.1387939453125
48934,8,38,4,15,-5,15,-5,458.7167053222656
48934,8,44,2,15,-10,15,-10,459.260986328125
48934,8,47,2,12.5,-12.5,12.5,-12.5,459.5386962890625
48934,8,49,2,10,-15,10,-15,459.83880615234375
48934,8,48,4,5,-15,5,-15,460.57220458984375
48934,8,46,4,7.5,-12.5,7.5,-12.5,460.794189453125
48934,8,43,2,10,-10,10,-10,461.1163940429687
48934,8,40,4,12.5,-7.5,12.5,-7.5,461.3385925292969
48934,8,41,5,1.5,-10,1.5,-10,462.2720031738281
48934,8,42,5,5,-10,5,-10,462.3164978027344
48934,8,61,5,-5,-20,-5,-20,463.1720886230469
48934,8,60,5,-10,-20,-10,-20,463.6163940429687
48934,8,57,4,-15,-15,-15,-15,464.1942138671875
48934,8,54,5,-20,-10,-20,-10,464.760986328125
48934,8,34,5,-15,0,-15,0,465.7388000488281
48934,8,32,5,-15,5,-15,5,466.2164001464844
48934,8,30,4,-10,10,-10,10,466.81640625
48934,8,35,5,10,-1.5,10,-1.5,468.8164978027344
48934,8,37,5,10,-5,10,-5,468.8608093261719
48934,8,39,4,7.5,-7.5,7.5,-7.5,469.0606994628906
48934,8,42,5,5,-10,5,-10,469.2940979003906
48934,8,41,5,1.5,-10,1.5,-10,469.53851318359375
48934,8,36,5,5,-5,5,-5,470.5719909667969
48934,8,46,4,7.5,-12.5,7.5,-12.5,471.4719848632813
48934,8,48,4,5,-15,5,-15,471.7717895507813
48934,8,61,5,-5,-20,-5,-20,472.960693359375
48934,8,60,5,-10,-20,-10,-20,473.3717956542969
48934,8,66,4,-10,-30,-10,-30,474.39410400390625
48934,8,63,4,-15,-25,-15,-25,474.9939880371094
48934,8,59,2,-20,-20,-20,-20,475.6383972167969
48934,8,56,4,-25,-15,-25,-15,476.1719055175781
48934,8,53,4,-30,-10,-30,-10,476.7717895507813
48934,8,54,5,-20,-10,-20,-10,477.3717041015625
48934,8,34,5,-15,0,-15,0,478.26080322265625
48934,8,32,5,-15,5,-15,5,478.7717895507813
48934,8,30,4,-10,10,-10,10,479.3938903808594
48934,8,17,5,15,6.5,15,6.5,482.0606994628906
48934,8,35,5,10,-1.5,10,-1.5,482.9161987304687
48934,8,36,5,5,-5,5,-5,483.36041259765625
48934,8,37,5,10,-5,10,-5,483.4159851074219
48934,8,39,4,7.5,-7.5,7.5,-7.5,483.5716857910156
48934,8,40,4,12.5,-7.5,12.5,-7.5,483.760498046875
48934,8,43,2,10,-10,10,-10,483.96051025390625
48934,8,46,4,7.5,-12.5,7.5,-12.5,484.2161865234375
48934,8,48,4,5,-15,5,-15,484.5159912109375
48934,8,42,5,5,-10,5,-10,484.6604919433594
48934,8,41,5,1.5,-10,1.5,-10,484.7716064453125
48934,8,61,5,-5,-20,-5,-20,486.3161926269531
48934,8,60,5,-10,-20,-10,-20,486.99371337890625
48934,8,63,4,-15,-25,-15,-25,487.660400390625
48934,8,66,4,-10,-30,-10,-30,488.260498046875
48934,8,57,4,-15,-15,-15,-15,489.760498046875
48934,8,52,5,-20,-5,-20,-5,490.7160034179687
48934,8,54,5,-20,-10,-20,-10,491.1383056640625
48934,8,55,5,-10,-10,-10,-10,492.0715026855469
48934,8,61,5,-5,-20,-5,-20,492.86029052734375
48934,8,60,5,-10,-20,-10,-20,493.09381103515625
48934,8,63,4,-15,-25,-15,-25,493.6936950683594
48934,8,66,4,-10,-30,-10,-30,494.2383117675781
48934,8,48,4,5,-15,5,-15,495.9938049316406
48934,8,46,4,7.5,-12.5,7.5,-12.5,496.293701171875
48934,8,49,2,10,-15,10,-15,496.3157958984375
48934,8,44,2,15,-10,15,-10,496.9161987304687
48934,8,37,5,10,-5,10,-5,497.1382141113281
48934,8,36,5,5,-5,5,-5,498.337890625
48934,8,35,5,10,-1.5,10,-1.5,498.8160095214844
48934,8,17,5,15,6.5,15,6.5,500.0602111816406
48934,8,15,5,15,10,15,10,500.46038818359375
48934,8,13,4,17.5,12.5,17.5,12.5,500.76019287109375
48934,8,9,2,15,15,15,15,500.9714050292969
48934,8,5,4,12.5,17.5,12.5,17.5,501.1936950683594
48934,8,8,5,10,15,10,15,501.3157958984375
48934,8,7,5,6.5,15,6.5,15,501.6601867675781
48934,8,12,4,12.5,12.5,12.5,12.5,501.8713073730469
48934,8,14,5,10,10,10,10,501.93798828125
48934,8,6,2,17.5,17.5,17.5,17.5,503.9713134765625
48934,8,1,1,15,23.5,15,23.5,504.5712890625
48934,8,2,4,10,20,10,20,505.6159057617187
48934,8,9,2,15,15,15,15,506.2159118652344
48934,8,13,4,17.5,12.5,17.5,12.5,506.47119140625
48934,8,16,4,20,10,20,10,506.7712097167969
48934,8,17,5,15,6.5,15,6.5,507.6712036132813
48934,8,15,5,15,10,15,10,508.0600891113281
48934,8,14,5,10,10,10,10,508.1156921386719
48934,8,12,4,12.5,12.5,12.5,12.5,508.2713012695313
48934,8,8,5,10,15,10,15,508.49359130859375
48934,8,7,5,6.5,15,6.5,15,508.6156005859375
48934,8,35,5,10,-1.5,10,-1.5,510.9710998535156
48934,8,37,5,10,-5,10,-5,511.05999755859375
48934,8,39,4,7.5,-7.5,7.5,-7.5,511.3380126953125
48934,8,42,5,5,-10,5,-10,511.5932922363281
48934,8,41,5,1.5,-10,1.5,-10,511.8822021484375
48934,8,36,5,5,-5,5,-5,512.57098388671875
48934,8,43,2,10,-10,10,-10,513.19342041015625
48934,8,46,4,7.5,-12.5,7.5,-12.5,513.3712158203125
48934,8,48,4,5,-15,5,-15,513.66009521484375
48934,8,51,1,10,-18.5,10,-18.5,514.015625
48934,8,50,1,15,-15,15,-15,514.517578125
48934,8,45,1,18.5,-10,18.5,-10,515.015380859375
48934,8,44,2,15,-10,15,-10,515.215576171875
48934,8,40,4,12.5,-7.5,12.5,-7.5,515.39337158203125
48934,8,38,4,15,-5,15,-5,515.66009521484375
48934,8,49,2,10,-15,10,-15,517.3931884765625
48934,8,42,5,5,-10,5,-10,517.91558837890625
48934,8,39,4,7.5,-7.5,7.5,-7.5,518.19317626953125
48934,8,37,5,10,-5,10,-5,518.4600830078125
48934,8,35,5,10,-1.5,10,-1.5,518.91558837890625
48934,8,17,5,15,6.5,15,6.5,519.7376708984375
48934,8,15,5,15,10,15,10,520.015380859375
48934,8,12,4,12.5,12.5,12.5,12.5,520.337890625
48934,8,14,5,10,10,10,10,520.6376953125
48934,8,13,4,17.5,12.5,17.5,12.5,521.43792724609375
48934,8,9,2,15,15,15,15,521.8154296875
48934,8,6,2,17.5,17.5,17.5,17.5,521.83782958984375
48934,8,5,4,12.5,17.5,12.5,17.5,522.015380859375
48934,8,8,5,10,15,10,15,522.23779296875
48934,8,7,5,6.5,15,6.5,15,522.538818359375
48934,8,28,5,0,15,0,15,523.08197021484375
48934,8,27,5,-5,15,-5,15,523.49322509765625
48934,8,30,4,-10,10,-10,10,524.193115234375
48934,8,33,5,-5,5,-5,5,524.73748779296875
48934,8,36,5,5,-5,5,-5,525.915283203125
48934,8,39,4,7.5,-7.5,7.5,-7.5,526.23779296875
48934,8,42,5,5,-10,5,-10,526.58197021484375
48934,8,46,4,7.5,-12.5,7.5,-12.5,526.69317626953125
48934,8,48,4,5,-15,5,-15,526.95977783203125
48934,8,49,2,10,-15,10,-15,527.23748779296875
48934,8,47,2,12.5,-12.5,12.5,-12.5,527.48211669921875
48934,8,44,2,15,-10,15,-10,527.781982421875
48934,8,38,4,15,-5,15,-5,528.21527099609375
48934,8,40,4,12.5,-7.5,12.5,-7.5,528.3154296875
48934,9,36,1,5,-5,5,-5,822.15399169921875
48934,9,43,4,10,-10,10,-10,822.69879150390625
48934,9,47,4,12.5,-12.5,12.5,-12.5,822.97637939453125
48934,9,49,4,10,-15,10,-15,823.03167724609375
48934,9,50,5,15,-15,15,-15,823.231689453125
48934,9,51,5,10,-18.5,10,-18.5,823.42071533203125
48934,9,48,2,5,-15,5,-15,823.931884765625
48934,9,46,2,7.5,-12.5,7.5,-12.5,824.098388671875
48934,9,40,2,12.5,-7.5,12.5,-7.5,824.72088623046875
48934,9,44,4,15,-10,15,-10,824.99859619140625
48934,9,45,5,18.5,-10,18.5,-10,825.92059326171875
48934,9,38,2,15,-5,15,-5,826.5206298828125
48934,9,17,1,15,6.5,15,6.5,827.7205810546875
48934,9,16,2,20,10,20,10,828.2318115234375
48934,9,10,4,20,15,20,15,828.55389404296875
48934,9,11,5,23.5,15,23.5,15,828.6317749023436
48934,9,4,5,20,20,20,20,828.97607421875
48934,9,6,4,17.5,17.5,17.5,17.5,829.098388671875
48934,9,3,4,15,20,15,20,829.35418701171875
48934,9,1,5,15,23.5,15,23.5,829.43182373046875
48934,9,5,2,12.5,17.5,12.5,17.5,830.4315795898436
48934,9,9,4,15,15,15,15,830.65399169921875
48934,9,13,2,17.5,12.5,17.5,12.5,830.976318359375
48934,9,12,2,12.5,12.5,12.5,12.5,831.331787109375
48934,9,14,1,10,10,10,10,831.7318115234375
48934,9,37,1,10,-5,10,-5,833.29827880859375
48934,9,40,2,12.5,-7.5,12.5,-7.5,833.57598876953125
48934,9,44,4,15,-10,15,-10,833.9315795898436
48934,9,45,5,18.5,-10,18.5,-10,834.3319702148436
48934,9,50,5,15,-15,15,-15,835.43182373046875
48934,9,49,4,10,-15,10,-15,835.85382080078125
48934,9,51,5,10,-18.5,10,-18.5,835.8759765625
48934,9,43,4,10,-10,10,-10,836.95379638671875
48934,9,46,2,7.5,-12.5,7.5,-12.5,836.97601318359375
48934,9,42,1,5,-10,5,-10,837.29827880859375
48934,9,48,2,5,-15,5,-15,837.498291015625
48934,9,36,1,5,-5,5,-5,838.27587890625
48934,9,37,1,10,-5,10,-5,838.6981811523436
48934,9,40,2,12.5,-7.5,12.5,-7.5,838.95367431640625
48934,9,38,2,15,-5,15,-5,839.1201782226564
48934,9,45,5,18.5,-10,18.5,-10,839.82049560546875
48934,9,44,4,15,-10,15,-10,840.3759765625
48934,9,47,4,12.5,-12.5,12.5,-12.5,840.45367431640625
48934,9,50,5,15,-15,15,-15,841.1981201171875
48934,9,51,5,10,-18.5,10,-18.5,841.73162841796875
48934,9,49,4,10,-15,10,-15,842.131591796875
48934,9,48,2,5,-15,5,-15,842.52032470703125
48934,9,46,2,7.5,-12.5,7.5,-12.5,842.6536865234375
48934,9,43,4,10,-10,10,-10,843.031494140625
48934,9,42,1,5,-10,5,-10,843.45367431640625
48934,9,61,1,-5,-20,-5,-20,844.57568359375
48934,9,66,2,-10,-30,-10,-30,845.6201782226564
48934,9,62,4,-25,-25,-25,-25,847.42022705078125
48934,9,58,4,-30,-20,-30,-20,848.39788818359375
48934,9,64,5,-30,-30,-30,-30,849.353515625
48934,9,66,2,-10,-30,-10,-30,851.45361328125
48934,9,61,1,-5,-20,-5,-20,852.32049560546875
48934,9,48,2,5,-15,5,-15,853.1757202148436
48934,9,51,5,10,-18.5,10,-18.5,853.57568359375
48934,9,50,5,15,-15,15,-15,854.098388671875
48934,9,45,5,18.5,-10,18.5,-10,854.59808349609375
48934,9,44,4,15,-10,15,-10,854.6201782226564
48934,9,47,4,12.5,-12.5,12.5,-12.5,854.776123046875
48934,9,49,4,10,-15,10,-15,855.0535888671875
48934,9,43,4,10,-10,10,-10,856.0977783203125
48934,9,40,2,12.5,-7.5,12.5,-7.5,856.4202880859375
48934,9,38,2,15,-5,15,-5,856.6978759765625
48934,9,17,1,15,6.5,15,6.5,857.6533813476564
48934,9,15,1,15,10,15,10,857.95343017578125
48934,9,13,2,17.5,12.5,17.5,12.5,858.17547607421875
48934,9,10,4,20,15,20,15,858.43121337890625
48934,9,11,5,23.5,15,23.5,15,858.67547607421875
48934,9,4,5,20,20,20,20,858.89788818359375
48934,9,6,4,17.5,17.5,17.5,17.5,858.9755859375
48934,9,3,4,15,20,15,20,859.25341796875
48934,9,1,5,15,23.5,15,23.5,859.3311767578125
48934,9,2,2,10,20,10,20,859.9315185546875
48934,9,5,2,12.5,17.5,12.5,17.5,860.1757202148436
48934,9,9,4,15,15,15,15,860.42071533203125
48934,9,16,2,20,10,20,10,861.0311889648436
48934,9,14,1,10,10,10,10,861.7310791015625
48934,9,7,1,6.5,15,6.5,15,862.17547607421875
48934,9,21,2,-5,25,-5,25,863.44207763671875
48934,9,20,4,-15,25,-15,25,864.2421264648436
48934,9,19,5,-25,25,-25,25,865.2197875976564
48934,9,22,4,-20,20,-20,20,865.6533813476564
48934,9,26,4,-15,15,-15,15,866.2310791015625
48934,9,30,2,-10,10,-10,10,866.87542724609375
48934,9,23,2,-10,20,-10,20,868.0198974609375
48934,9,18,5,-15,30,-15,30,869.0421142578125
48934,9,20,4,-15,25,-15,25,869.72052001953125
48934,9,24,5,-30,15,-30,15,871.77581787109375
48934,9,25,4,-25,15,-25,15,872.05328369140625
48934,9,22,4,-20,20,-20,20,872.6309814453125
48934,9,19,5,-25,25,-25,25,872.85308837890625
48934,9,26,4,-15,15,-15,15,874.11981201171875
48934,9,30,2,-10,10,-10,10,874.9310302734375
48934,9,8,1,10,15,10,15,876.775390625
48934,9,5,2,12.5,17.5,12.5,17.5,877.0418701171875
48934,9,9,4,15,15,15,15,877.153076171875
48934,9,13,2,17.5,12.5,17.5,12.5,877.419677734375
48934,9,16,2,20,10,20,10,877.7197875976564
48934,9,10,4,20,15,20,15,877.9976806640625
48934,9,4,5,20,20,20,20,878.3975830078125
48934,9,6,4,17.5,17.5,17.5,17.5,878.452880859375
48934,9,3,4,15,20,15,20,878.7421264648436
48934,9,1,5,15,23.5,15,23.5,878.819580078125
48934,9,11,5,23.5,15,23.5,15,880.04241943359375
48934,9,17,1,15,6.5,15,6.5,881.0975952148436
48934,9,12,2,12.5,12.5,12.5,12.5,881.9752197265625
48934,9,5,2,12.5,17.5,12.5,17.5,882.3980712890625
48934,9,2,2,10,20,10,20,883.3419189453125
48934,9,10,4,20,15,20,15,884.352783203125
48934,9,4,5,20,20,20,20,884.54168701171875
48934,9,16,2,20,10,20,10,887.052978515625
48934,9,17,1,15,6.5,15,6.5,887.57537841796875
48934,9,38,2,15,-5,15,-5,888.44171142578125
48934,9,44,4,15,-10,15,-10,888.84228515625
48934,9,50,5,15,-15,15,-15,889.2415771484375
48934,9,49,4,10,-15,10,-15,889.65289306640625
48934,9,47,4,12.5,-12.5,12.5,-12.5,889.852783203125
48934,9,46,2,7.5,-12.5,7.5,-12.5,889.95281982421875
48934,9,43,4,10,-10,10,-10,890.0418701171875
48934,9,42,1,5,-10,5,-10,890.27508544921875
48934,9,48,2,5,-15,5,-15,890.7532958984375
48934,9,51,5,10,-18.5,10,-18.5,891.1973266601564
48934,9,45,5,18.5,-10,18.5,-10,892.21942138671875
48934,9,17,1,15,6.5,15,6.5,893.85308837890625
48934,9,16,2,20,10,20,10,894.27557373046875
48934,9,10,4,20,15,20,15,894.65277099609375
48934,9,13,2,17.5,12.5,17.5,12.5,894.6973876953125
48934,9,6,4,17.5,17.5,17.5,17.5,894.85302734375
48934,9,9,4,15,15,15,15,894.952880859375
48934,9,3,4,15,20,15,20,895.1417236328125
48934,9,4,5,20,20,20,20,895.3416748046875
48934,9,1,5,15,23.5,15,23.5,895.45281982421875
48934,9,2,2,10,20,10,20,896.2418212890625
48934,9,5,2,12.5,17.5,12.5,17.5,896.55291748046875
48934,9,11,5,23.5,15,23.5,15,897.552978515625
48934,9,15,1,15,10,15,10,898.3751220703125
48934,9,12,2,12.5,12.5,12.5,12.5,898.5750732421875
48934,9,8,1,10,15,10,15,899.0194702148436
48934,9,7,1,6.5,15,6.5,15,899.1533203125
48934,9,21,2,-5,25,-5,25,901.3192749023436
48934,9,18,5,-15,30,-15,30,902.07489013671875
48934,9,20,4,-15,25,-15,25,902.3524780273436
48934,9,22,4,-20,20,-20,20,903.1414794921876
48934,9,19,5,-25,25,-25,25,903.5972900390624
48934,9,25,4,-25,15,-25,15,904.4193115234376
48934,9,24,5,-30,15,-30,15,904.95281982421875
48934,9,31,2,-25,5,-25,5,906.24139404296875
48934,9,34,1,-15,0,-15,0,907.3524780273436
48934,9,36,1,5,-5,5,-5,909.91949462890625
48934,9,42,1,5,-10,5,-10,910.27459716796875
48934,9,48,2,5,-15,5,-15,910.65252685546875
48934,9,49,4,10,-15,10,-15,911.01922607421875
48934,9,51,5,10,-18.5,10,-18.5,911.0526123046876
48934,9,50,5,15,-15,15,-15,911.652587890625
48934,9,47,4,12.5,-12.5,12.5,-12.5,911.85308837890625
48934,9,40,2,12.5,-7.5,12.5,-7.5,912.3189697265624
48934,9,45,5,18.5,-10,18.5,-10,912.54168701171875
48934,9,43,4,10,-10,10,-10,913.39691162109375
48934,9,37,1,10,-5,10,-5,913.652587890625
48934,9,11,5,23.5,15,23.5,15,915.7191162109376
48934,9,10,4,20,15,20,15,915.7969970703124
48934,9,6,4,17.5,17.5,17.5,17.5,916.0966796875
48934,9,3,4,15,20,15,20,916.3748779296876
48934,9,1,5,15,23.5,15,23.5,916.65277099609375
48934,9,4,5,20,20,20,20,917.69708251953125
48934,9,5,2,12.5,17.5,12.5,17.5,918.49688720703125
48934,9,9,4,15,15,15,15,918.7191162109376
48934,9,13,2,17.5,12.5,17.5,12.5,918.97479248046875
48934,9,16,2,20,10,20,10,919.2744750976564
48934,9,17,1,15,6.5,15,6.5,919.71917724609375
48934,9,14,1,10,10,10,10,920.197021484375
48934,9,8,1,10,15,10,15,920.59698486328125
48934,9,21,2,-5,25,-5,25,922.097412109375
48934,9,20,4,-15,25,-15,25,922.89727783203125
48934,9,19,5,-25,25,-25,25,923.99688720703125
48934,9,24,5,-30,15,-30,15,924.9744873046876
48934,9,18,5,-15,30,-15,30,927.41949462890625
48934,9,26,4,-15,15,-15,15,928.75262451171875
48934,9,31,2,-25,5,-25,5,930.17498779296875
48934,9,56,2,-25,-15,-25,-15,931.84136962890625
48934,9,59,4,-20,-20,-20,-20,932.496826171875
48934,9,65,4,-20,-30,-20,-30,933.5966186523436
48934,9,66,2,-10,-30,-10,-30,935.396484375
48934,9,49,4,10,-15,10,-15,937.49658203125
48934,9,47,4,12.5,-12.5,12.5,-12.5,937.7744750976564
48934,9,50,5,15,-15,15,-15,937.9520263671876
48934,9,61,1,-5,-20,-5,-20,939.9520874023436
48934,9,60,1,-10,-20,-10,-20,940.37451171875
48934,9,59,4,-20,-20,-20,-20,941.15191650390625
48934,9,56,2,-25,-15,-25,-15,941.7744140625
48934,9,58,4,-30,-20,-30,-20,942.3184814453124
48934,9,62,4,-25,-25,-25,-25,942.7742919921876
48934,9,65,4,-20,-30,-20,-30,943.3740844726564
48934,9,61,1,-5,-20,-5,-20,945.2523193359376
48934,9,51,5,10,-18.5,10,-18.5,946.55242919921875
48934,9,49,4,10,-15,10,-15,946.7518920898436
48934,9,47,4,12.5,-12.5,12.5,-12.5,947.0518798828124
48934,9,50,5,15,-15,15,-15,947.14093017578125
48934,9,45,5,18.5,-10,18.5,-10,948.1519775390624
48934,9,38,2,15,-5,15,-5,948.7186889648436
48934,9,40,2,12.5,-7.5,12.5,-7.5,948.9517822265624
48934,9,46,2,7.5,-12.5,7.5,-12.5,949.97412109375
48934,9,42,1,5,-10,5,-10,950.3184814453124
48934,9,36,1,5,-5,5,-5,950.7523193359376
48934,9,37,1,10,-5,10,-5,951.1962280273436
48934,9,16,2,20,10,20,10,952.7968139648436
48934,9,11,5,23.5,15,23.5,15,953.15179443359375
48934,9,10,4,20,15,20,15,953.17437744140625
48934,9,6,4,17.5,17.5,17.5,17.5,953.54058837890625
48934,9,4,5,20,20,20,20,953.59619140625
48934,9,3,4,15,20,15,20,953.8184814453124
48934,9,1,5,15,23.5,15,23.5,954.0186157226564
48934,9,2,2,10,20,10,20,954.4517822265624
48934,9,5,2,12.5,17.5,12.5,17.5,954.79638671875
48934,9,9,4,15,15,15,15,955.0518188476564
48934,9,13,2,17.5,12.5,17.5,12.5,955.3740844726564
48934,9,15,1,15,10,15,10,955.49627685546875
48934,9,38,2,15,-5,15,-5,956.8740844726564
48934,9,40,2,12.5,-7.5,12.5,-7.5,957.096923828125
48934,9,44,4,15,-10,15,-10,957.27459716796875
48934,9,50,5,15,-15,15,-15,957.6962890625
48934,9,51,5,10,-18.5,10,-18.5,958.2515869140624
48934,9,49,4,10,-15,10,-15,958.4962158203124
48934,9,46,2,7.5,-12.5,7.5,-12.5,958.77398681640625
48934,9,43,4,10,-10,10,-10,958.9520874023436
48934,9,45,5,18.5,-10,18.5,-10,959.61859130859375
48934,9,47,4,12.5,-12.5,12.5,-12.5,960.073974609375
48934,9,39,2,7.5,-7.5,7.5,-7.5,960.69671630859375
48934,9,36,1,5,-5,5,-5,961.0186767578124
48934,9,41,1,1.5,-10,1.5,-10,961.41827392578125
48934,9,48,2,5,-15,5,-15,961.89617919921875
48934,9,40,2,12.5,-7.5,12.5,-7.5,962.69647216796875
48934,9,38,2,15,-5,15,-5,962.9962158203124
48934,9,44,4,15,-10,15,-10,963.25152587890625
48934,9,50,5,15,-15,15,-15,963.69598388671875
48934,9,51,5,10,-18.5,10,-18.5,964.27392578125
48934,9,49,4,10,-15,10,-15,964.69598388671875
48934,9,46,2,7.5,-12.5,7.5,-12.5,964.95147705078125
48934,9,43,4,10,-10,10,-10,965.1187744140624
48934,9,37,1,10,-5,10,-5,965.57379150390625
48934,9,47,4,12.5,-12.5,12.5,-12.5,966.151611328125
48934,9,45,5,18.5,-10,18.5,-10,967.01837158203125
48934,9,16,2,20,10,20,10,968.71807861328125
48934,9,10,4,20,15,20,15,969.1182861328124
48934,9,6,4,17.5,17.5,17.5,17.5,969.45147705078125
48934,9,4,5,20,20,20,20,969.49578857421875
48934,9,3,4,15,20,15,20,969.7410888671876
48934,9,1,5,15,23.5,15,23.5,969.9185791015624
48934,9,9,4,15,15,15,15,970.7957763671876
48934,9,12,2,12.5,12.5,12.5,12.5,971.09588623046875
48934,9,15,1,15,10,15,10,971.274169921875
48934,9,13,2,17.5,12.5,17.5,12.5,971.4407958984376
48934,9,11,5,23.5,15,23.5,15,971.8964233398436
48934,9,8,1,10,15,10,15,973.151611328125
48934,9,5,2,12.5,17.5,12.5,17.5,973.2960205078124
48934,9,2,2,10,20,10,20,973.5186157226564
48934,9,22,4,-20,20,-20,20,976.67352294921875
48934,9,18,5,-15,30,-15,30,978.0963134765624
48934,9,20,4,-15,25,-15,25,978.4180908203124
48934,9,25,4,-25,15,-25,15,980.07342529296875
48934,9,24,5,-30,15,-30,15,980.473388671875
48934,9,19,5,-25,25,-25,25,981.340087890625
48934,9,33,1,-5,5,-5,5,983.751220703125
48934,9,35,1,10,-1.5,10,-1.5,985.273681640625
48934,9,37,1,10,-5,10,-5,985.61767578125
48934,9,43,4,10,-10,10,-10,985.9957275390624
48934,9,47,4,12.5,-12.5,12.5,-12.5,986.21807861328125
48934,9,49,4,10,-15,10,-15,986.4180908203124
48934,9,51,5,10,-18.5,10,-18.5,986.673583984375
48934,9,50,5,15,-15,15,-15,987.2957763671876
48934,9,44,4,15,-10,15,-10,987.7515869140624
48934,9,45,5,18.5,-10,18.5,-10,988.01788330078125
48934,9,40,2,12.5,-7.5,12.5,-7.5,988.93988037109375
48934,9,38,2,15,-5,15,-5,988.973388671875
48934,9,16,2,20,10,20,10,990.55108642578125
48934,9,10,4,20,15,20,15,990.9512939453124
48934,9,6,4,17.5,17.5,17.5,17.5,991.36212158203125
48934,9,3,4,15,20,15,20,991.65167236328125
48934,9,1,5,15,23.5,15,23.5,991.74041748046875
48934,9,2,2,10,20,10,20,992.43988037109375
48934,9,5,2,12.5,17.5,12.5,17.5,992.84002685546875
48934,9,8,1,10,15,10,15,992.87371826171875
48934,9,28,1,0,15,0,15,995.652587890625
48934,9,27,1,-5,15,-5,15,996.07342529296875
48934,10,51,2,10,-18.5,10,-18.5,1010.1950073242188
48934,10,45,2,18.5,-10,18.5,-10,1034.239990234375
48934,10,44,2,15,-10,15,-10,1034.43896484375
48934,10,38,2,15,-5,15,-5,1034.739990234375
48934,10,35,2,10,-1.5,10,-1.5,1035.1949462890625
48934,10,33,2,-5,5,-5,5,1039.9169921875
48934,10,27,2,-5,15,-5,15,1040.6729736328125
48934,10,2,2,10,20,10,20,1042.116943359375
48934,10,3,2,15,20,15,20,1042.5389404296875
48934,10,9,2,15,15,15,15,1042.8609619140625
48934,10,15,2,15,10,15,10,1043.2950439453125
48934,10,17,2,15,6.5,15,6.5,1043.594970703125
48934,10,38,2,15,-5,15,-5,1044.56103515625
48934,10,44,2,15,-10,15,-10,1044.9720458984375
48934,10,47,2,12.5,-12.5,12.5,-12.5,1045.1949462890625
48934,10,46,2,7.5,-12.5,7.5,-12.5,1045.616943359375
48934,10,48,2,5,-15,5,-15,1045.89501953125
48934,10,66,2,-10,-30,-10,-30,1049.3389892578125
48934,10,59,2,-20,-20,-20,-20,1050.572021484375
48934,10,57,2,-15,-15,-15,-15,1051.072998046875
48934,10,34,2,-15,0,-15,0,1052.593994140625
48934,10,32,2,-15,5,-15,5,1052.9949951171875
48934,10,26,2,-15,15,-15,15,1053.8719482421875
48934,10,20,2,-15,25,-15,25,1054.6949462890625
48934,10,18,2,-15,30,-15,30,1055.094970703125
48934,10,21,2,-5,25,-5,25,1056.3170166015625
48934,10,7,2,6.5,15,6.5,15,1057.6610107421875
48934,10,14,2,10,10,10,10,1058.3609619140625
48934,10,12,2,12.5,12.5,12.5,12.5,1058.572021484375
48934,10,15,2,15,10,15,10,1058.77197265625
48934,10,17,2,15,6.5,15,6.5,1059.0169677734375
48934,10,11,2,23.5,15,23.5,15,1060.760986328125
48934,10,4,2,20,20,20,20,1061.239013671875
48934,10,1,2,15,23.5,15,23.5,1062.4949951171875
48934,10,3,2,15,20,15,20,1062.7950439453125
48934,10,5,2,12.5,17.5,12.5,17.5,1063.0169677734375
48934,10,9,2,15,15,15,15,1063.217041015625
48934,10,12,2,12.5,12.5,12.5,12.5,1063.593994140625
48934,10,14,2,10,10,10,10,1063.739013671875
48934,10,27,2,-5,15,-5,15,1065.260986328125
48934,10,21,2,-5,25,-5,25,1066.1390380859375
48934,10,20,2,-15,25,-15,25,1066.717041015625
48934,10,25,2,-25,15,-25,15,1068.0169677734375
48934,10,24,2,-30,15,-30,15,1068.4169921875
48934,10,19,2,-25,25,-25,25,1069.1719970703125
48934,10,20,2,-15,25,-15,25,1074.4169921875
48934,10,21,2,-5,25,-5,25,1075.239013671875
48934,10,28,2,0,15,0,15,1077.3719482421875
48934,10,17,2,15,6.5,15,6.5,1078.8719482421875
48934,10,39,2,7.5,-7.5,7.5,-7.5,1081.8609619140625
48934,10,43,2,10,-10,10,-10,1082.093994140625
48934,10,47,2,12.5,-12.5,12.5,-12.5,1082.416015625
48934,10,44,2,15,-10,15,-10,1082.4720458984375
48934,10,45,2,18.5,-10,18.5,-10,1082.77197265625
48934,10,50,2,15,-15,15,-15,1083.137939453125
48934,10,49,2,10,-15,10,-15,1084.7939453125
48934,10,37,2,10,-5,10,-5,1085.594970703125
48934,10,35,2,10,-1.5,10,-1.5,1085.8719482421875
48934,10,12,2,12.5,12.5,12.5,12.5,1087.115966796875
48934,10,14,2,10,10,10,10,1087.1719970703125
48934,10,9,2,15,15,15,15,1087.39404296875
48934,10,28,2,0,15,0,15,1089.572021484375
48934,10,35,2,10,-1.5,10,-1.5,1092.8609619140625
48934,10,37,2,10,-5,10,-5,1092.93798828125
48934,10,38,2,15,-5,15,-5,1093.3160400390625
48934,10,39,2,7.5,-7.5,7.5,-7.5,1094.6719970703125
48934,10,43,2,10,-10,10,-10,1094.8160400390625
48934,10,46,2,7.5,-12.5,7.5,-12.5,1095.06103515625
48934,10,49,2,10,-15,10,-15,1095.260009765625
48934,10,51,2,10,-18.5,10,-18.5,1095.56005859375
48934,10,41,2,1.5,-10,1.5,-10,1097.1719970703125
48934,10,36,2,5,-5,5,-5,1097.6719970703125
48934,10,35,2,10,-1.5,10,-1.5,1098.1719970703125
48934,10,15,2,15,10,15,10,1099.3719482421875
48934,10,12,2,12.5,12.5,12.5,12.5,1099.39404296875
48934,10,13,2,17.5,12.5,17.5,12.5,1099.6610107421875
48934,10,9,2,15,15,15,15,1099.6939697265625
48934,10,10,2,20,15,20,15,1099.9599609375
48934,10,4,2,20,20,20,20,1100.2939453125
48934,10,3,2,15,20,15,20,1100.8719482421875
48934,10,2,2,10,20,10,20,1101.3160400390625
48934,10,5,2,12.5,17.5,12.5,17.5,1101.3380126953125
48934,10,14,2,10,10,10,10,1101.970947265625
48934,10,17,2,15,6.5,15,6.5,1102.4169921875
48934,10,46,2,7.5,-12.5,7.5,-12.5,1105.6600341796875
48934,10,17,2,15,6.5,15,6.5,1107.43798828125
48934,10,16,2,20,10,20,10,1107.8160400390625
48934,10,11,2,23.5,15,23.5,15,1108.3160400390625
48934,10,6,2,17.5,17.5,17.5,17.5,1108.8160400390625
48934,10,5,2,12.5,17.5,12.5,17.5,1109.238037109375
48934,10,8,2,10,15,10,15,1109.77099609375
48934,10,4,2,20,20,20,20,1110.615966796875
48934,10,2,2,10,20,10,20,1112.470947265625
48934,10,14,2,10,10,10,10,1113.29296875
48934,10,16,2,20,10,20,10,1114.071044921875
48934,10,13,2,17.5,12.5,17.5,12.5,1114.1710205078125
48934,10,10,2,20,15,20,15,1114.3929443359375
48934,10,6,2,17.5,17.5,17.5,17.5,1114.615966796875
48934,10,5,2,12.5,17.5,12.5,17.5,1114.9599609375
48934,10,8,2,10,15,10,15,1115.2159423828125
48934,10,12,2,12.5,12.5,12.5,12.5,1115.615966796875
48934,10,11,2,23.5,15,23.5,15,1116.760009765625
48934,10,4,2,20,20,20,20,1117.260009765625
48934,10,6,2,17.5,17.5,17.5,17.5,1120.1600341796875
48934,10,9,2,15,15,15,15,1120.4599609375
48934,10,12,2,12.5,12.5,12.5,12.5,1120.738037109375
48934,10,13,2,17.5,12.5,17.5,12.5,1120.79296875
48934,10,15,2,15,10,15,10,1120.81494140625
48934,10,14,2,10,10,10,10,1123.5379638671875
48934,10,8,2,10,15,10,15,1123.9599609375
48934,10,2,2,10,20,10,20,1124.4720458984375
48934,10,4,2,20,20,20,20,1126.29296875
48934,10,10,2,20,15,20,15,1126.7149658203125
48934,10,13,2,17.5,12.5,17.5,12.5,1126.9599609375
48934,10,15,2,15,10,15,10,1127.260009765625
48934,10,17,2,15,6.5,15,6.5,1127.5159912109375
48934,10,38,2,15,-5,15,-5,1128.5150146484375
48934,10,40,2,12.5,-7.5,12.5,-7.5,1128.738037109375
48934,10,43,2,10,-10,10,-10,1129.0150146484375
48934,10,47,2,12.5,-12.5,12.5,-12.5,1129.1820068359375
48934,10,49,2,10,-15,10,-15,1129.5159912109375
48934,10,51,2,10,-18.5,10,-18.5,1129.6939697265625
48934,10,59,2,-20,-20,-20,-20,1132.416015625
48934,10,26,2,-15,15,-15,15,1137.3709716796875
48934,10,23,2,-10,20,-10,20,1137.9150390625
48934,10,2,2,10,20,10,20,1139.58203125
48934,10,5,2,12.5,17.5,12.5,17.5,1139.79296875
48934,10,12,2,12.5,12.5,12.5,12.5,1140.1929931640625
48934,10,17,2,15,6.5,15,6.5,1140.760009765625
48934,10,16,2,20,10,20,10,1141.81494140625
48934,10,10,2,20,15,20,15,1142.238037109375
48934,10,6,2,17.5,17.5,17.5,17.5,1142.636962890625
48934,10,4,2,20,20,20,20,1142.6600341796875
48934,10,3,2,15,20,15,20,1142.93701171875
48934,10,8,2,10,15,10,15,1143.9930419921875
48934,10,33,2,-5,5,-5,5,1145.8929443359375
48934,10,14,2,10,10,10,10,1147.137939453125
48934,10,13,2,17.5,12.5,17.5,12.5,1149.4820556640625
48934,10,9,2,15,15,15,15,1149.7149658203125
48934,10,5,2,12.5,17.5,12.5,17.5,1150.0379638671875
48934,10,3,2,15,20,15,20,1150.3590087890625
48934,10,6,2,17.5,17.5,17.5,17.5,1150.5150146484375
48934,10,4,2,20,20,20,20,1150.7149658203125
48934,10,10,2,20,15,20,15,1151.0369873046875
48934,10,11,2,23.5,15,23.5,15,1151.08203125
48934,10,16,2,20,10,20,10,1151.6939697265625
48934,10,17,2,15,6.5,15,6.5,1152.1929931640625
48934,10,14,2,10,10,10,10,1152.81494140625
48934,10,8,2,10,15,10,15,1153.281982421875
48934,10,2,2,10,20,10,20,1153.6929931640625
48934,10,13,2,17.5,12.5,17.5,12.5,1154.8160400390625
48934,10,7,2,6.5,15,6.5,15,1156.5589599609375
48934,10,5,2,12.5,17.5,12.5,17.5,1156.9150390625
48934,10,3,2,15,20,15,20,1157.1929931640625
48934,10,9,2,15,15,15,15,1157.737060546875
48934,10,15,2,15,10,15,10,1158.136962890625
48934,10,17,2,15,6.5,15,6.5,1158.43701171875
48934,10,40,2,12.5,-7.5,12.5,-7.5,1159.636962890625
48934,10,47,2,12.5,-12.5,12.5,-12.5,1160.0589599609375
48934,10,49,2,10,-15,10,-15,1160.3819580078125
48934,10,51,2,10,-18.5,10,-18.5,1160.593017578125
48934,10,48,2,5,-15,5,-15,1163.259033203125
48934,10,46,2,7.5,-12.5,7.5,-12.5,1163.4820556640625
48934,10,42,2,5,-10,5,-10,1163.6820068359375
48934,10,39,2,7.5,-7.5,7.5,-7.5,1163.8929443359375
48934,10,36,2,5,-5,5,-5,1164.093017578125
48934,10,40,2,12.5,-7.5,12.5,-7.5,1164.6590576171875
48934,10,38,2,15,-5,15,-5,1164.737060546875
48934,10,37,2,10,-5,10,-5,1167.781982421875
48934,10,35,2,10,-1.5,10,-1.5,1167.9930419921875
48934,10,43,2,10,-10,10,-10,1169.093017578125
48934,10,49,2,10,-15,10,-15,1169.5150146484375
48934,10,51,2,10,-18.5,10,-18.5,1169.79296875
48934,10,50,2,15,-15,15,-15,1170.29296875
48934,10,45,2,18.5,-10,18.5,-10,1170.6590576171875
48934,10,38,2,15,-5,15,-5,1171.093017578125
48934,10,40,2,12.5,-7.5,12.5,-7.5,1171.1929931640625
48934,10,39,2,7.5,-7.5,7.5,-7.5,1171.636962890625
48934,10,47,2,12.5,-12.5,12.5,-12.5,1174.93701171875
48934,10,41,2,1.5,-10,1.5,-10,1176.237060546875
48934,10,51,2,10,-18.5,10,-18.5,1177.592041015625
48934,10,40,2,12.5,-7.5,12.5,-7.5,1178.636962890625
48934,10,37,2,10,-5,10,-5,1178.9139404296875
48934,10,39,2,7.5,-7.5,7.5,-7.5,1179.2919921875
48934,10,36,2,5,-5,5,-5,1179.3590087890625
48934,10,42,2,5,-10,5,-10,1179.56005859375
48934,10,46,2,7.5,-12.5,7.5,-12.5,1179.759033203125
48934,10,48,2,5,-15,5,-15,1179.958984375
48934,10,49,2,10,-15,10,-15,1180.1810302734375
48934,10,47,2,12.5,-12.5,12.5,-12.5,1180.614990234375
48934,10,50,2,15,-15,15,-15,1180.636962890625
48934,10,43,2,10,-10,10,-10,1180.991943359375
48934,10,51,2,10,-18.5,10,-18.5,1183.0150146484375
48934,10,40,2,12.5,-7.5,12.5,-7.5,1185.48095703125
48934,10,37,2,10,-5,10,-5,1185.7149658203125
48934,10,39,2,7.5,-7.5,7.5,-7.5,1185.98095703125
48934,10,36,2,5,-5,5,-5,1186.114990234375
48934,10,12,2,12.5,12.5,12.5,12.5,1188.3809814453125
48934,10,9,2,15,15,15,15,1188.6929931640625
48934,10,6,2,17.5,17.5,17.5,17.5,1188.98095703125
48934,10,4,2,20,20,20,20,1189.260009765625
48934,10,3,2,15,20,15,20,1189.5810546875
48934,10,2,2,10,20,10,20,1190.0150146484375
48934,10,8,2,10,15,10,15,1190.31494140625
48934,10,14,2,10,10,10,10,1190.759033203125
48934,10,17,2,15,6.5,15,6.5,1191.1820068359375
48934,10,16,2,20,10,20,10,1191.6810302734375
48934,10,10,2,20,15,20,15,1192.0810546875
48934,10,5,2,12.5,17.5,12.5,17.5,1192.6590576171875
48934,10,15,2,15,10,15,10,1193.6929931640625
48934,10,35,2,10,-1.5,10,-1.5,1194.7919921875
48934,10,37,2,10,-5,10,-5,1195.092041015625
48934,10,39,2,7.5,-7.5,7.5,-7.5,1195.3809814453125
48934,10,42,2,5,-10,5,-10,1195.6590576171875
48934,10,41,2,1.5,-10,1.5,-10,1195.98095703125
48934,10,46,2,7.5,-12.5,7.5,-12.5,1196.43701171875
48934,10,43,2,10,-10,10,-10,1196.636962890625
48934,10,47,2,12.5,-12.5,12.5,-12.5,1196.8590087890625
48934,10,44,2,15,-10,15,-10,1197.0589599609375
48934,10,45,2,18.5,-10,18.5,-10,1197.3590087890625
48934,10,38,2,15,-5,15,-5,1198.0150146484375
48934,10,36,2,5,-5,5,-5,1199.491943359375
48934,10,48,2,5,-15,5,-15,1200.3360595703125
48934,10,47,2,12.5,-12.5,12.5,-12.5,1202.31494140625
48934,10,40,2,12.5,-7.5,12.5,-7.5,1202.737060546875
48934,10,35,2,10,-1.5,10,-1.5,1203.3370361328125
48934,10,39,2,7.5,-7.5,7.5,-7.5,1204.259033203125
48934,10,43,2,10,-10,10,-10,1204.5150146484375
48934,10,46,2,7.5,-12.5,7.5,-12.5,1204.737060546875
48934,10,49,2,10,-15,10,-15,1204.9139404296875
48934,10,51,2,10,-18.5,10,-18.5,1205.1920166015625
48934,10,37,2,10,-5,10,-5,1206.991943359375
48934,10,45,2,18.5,-10,18.5,-10,1208.8919677734375
48934,10,49,2,10,-15,10,-15,1211.5579833984375
48934,10,43,2,10,-10,10,-10,1211.98095703125
48934,10,37,2,10,-5,10,-5,1212.3919677734375
48934,10,35,2,10,-1.5,10,-1.5,1212.6810302734375
48934,10,39,2,7.5,-7.5,7.5,-7.5,1213.259033203125
48934,10,36,2,5,-5,5,-5,1213.458984375
48934,10,41,2,1.5,-10,1.5,-10,1213.81396484375
48934,10,42,2,5,-10,5,-10,1213.8590087890625
48934,10,48,2,5,-15,5,-15,1214.1920166015625
48934,10,51,2,10,-18.5,10,-18.5,1214.759033203125
48934,10,50,2,15,-15,15,-15,1215.2139892578125
48934,10,47,2,12.5,-12.5,12.5,-12.5,1215.3919677734375
48934,10,44,2,15,-10,15,-10,1215.592041015625
48934,10,40,2,12.5,-7.5,12.5,-7.5,1215.81396484375
48934,10,38,2,15,-5,15,-5,1216.0140380859375
48934,10,15,2,15,10,15,10,1217.8370361328125
48934,10,12,2,12.5,12.5,12.5,12.5,1218.135986328125
48934,10,5,2,12.5,17.5,12.5,17.5,1218.5810546875
48934,10,6,2,17.5,17.5,17.5,17.5,1218.9139404296875
48934,10,10,2,20,15,20,15,1219.3919677734375
48934,10,11,2,23.5,15,23.5,15,1219.4580078125
48934,10,16,2,20,10,20,10,1219.7919921875
48934,10,45,2,18.5,-10,18.5,-10,1221.48095703125
48934,10,44,2,15,-10,15,-10,1221.6800537109375
48934,10,47,2,12.5,-12.5,12.5,-12.5,1221.97998046875
48934,10,49,2,10,-15,10,-15,1222.258056640625
48934,10,51,2,10,-18.5,10,-18.5,1222.47998046875
48934,10,48,2,5,-15,5,-15,1223.0140380859375
48934,10,42,2,5,-10,5,-10,1223.43603515625
48934,10,39,2,7.5,-7.5,7.5,-7.5,1223.6920166015625
48934,10,37,2,10,-5,10,-5,1223.97998046875
48934,10,38,2,15,-5,15,-5,1224.592041015625
48934,10,50,2,15,-15,15,-15,1225.490966796875
48934,10,61,2,-5,-20,-5,-20,1227.259033203125
48934,10,63,2,-15,-25,-15,-25,1228.8809814453125
48934,10,39,2,7.5,-7.5,7.5,-7.5,1233.780029296875
48934,10,40,2,12.5,-7.5,12.5,-7.5,1234.1800537109375
48934,10,47,2,12.5,-12.5,12.5,-12.5,1234.6910400390625
48934,10,50,2,15,-15,15,-15,1234.8360595703125
48934,10,51,2,10,-18.5,10,-18.5,1235.3580322265625
48934,10,48,2,5,-15,5,-15,1236.780029296875
48934,10,42,2,5,-10,5,-10,1237.1910400390625
48934,10,4,2,20,20,20,20,1241.791015625
48934,10,10,2,20,10,20,15,1242.6800537109375
48934,10,16,2,20,10,20,10,1242.6910400390625
48934,10,15,2,15,10,15,10,1242.93603515625
